num_acc;an;mois;jour;hrmn;lum;agg;int;atm;col;com;adr;gps;lat;long;dep
201500000666;15;12;28;1745;5;2;1;1;6;312;Rue Charles De Gaulle;M;4948176;172432;760
201500000667;15;12;5;1815;3;2;1;1;6;621;27 Rue de Saint Saлns;M;4964324;129759;760
201500000668;15;2;4;1415;1;1;4;8;3;1;;M;4961392;66544;760
201500000669;15;8;7;1630;1;1;1;1;7;729;;M;4965467;78050;760
201500000670;15;9;11;1400;1;1;3;1;1;718;;M;4961530;69057;760
201500000671;15;10;6;1515;1;1;1;8;6;444;;M;4958814;79956;760
201500000672;15;7;31;2345;3;2;1;1;6;99;RTE DU MANOIR;M;4954725;85398;760
201500000673;15;7;31;1600;1;1;1;1;1;385;;M;4962582;91902;760
201500000674;15;9;13;1100;1;2;1;3;1;57;AV BOIELDIEU;M;4954666;94958;760
201500000675;15;10;28;1715;1;1;1;1;5;495;;M;4956922;96147;760
201500000676;15;11;13;1730;4;2;1;2;6;57;168, AV ANDRE MAUROIS;M;4955736;95288;760
201500000677;15;4;26;1515;1;1;2;1;5;480;;M;4979480;66293;760
201500000678;15;8;19;2000;1;2;1;2;1;655;Boulevard Carnot;M;4986041;71756;760
201500000679;15;8;20;1330;1;1;2;1;3;172;;M;4986033;84325;760
201500000680;15;8;30;1715;1;1;3;1;3;735;;M;4986272;79030;760
201500000681;15;11;12;1800;3;1;1;1;3;493;;M;4984984;61336;760
201500000682;15;12;2;1500;1;1;2;1;3;569;;M;4980797;75319;760
201500000683;15;12;13;1245;1;1;2;1;3;375;;M;4984631;68135;760
201500000684;15;4;8;1200;1;2;1;1;7;670;rue du chemin Moulinier;M;4977097;41540;760
201500000685;15;7;13;2200;2;1;1;1;2;755;;M;4969841;52516;760
201500000686;15;7;23;930;1;2;3;1;3;670;R DE LA BRIQUETERIE;M;4977085;41228;760
201500000687;15;10;9;1730;1;1;1;1;3;13;;M;4977801;50406;760
201500000688;15;10;22;1245;1;1;1;2;1;183;;M;4975453;46289;760
201500000689;15;12;22;1800;3;1;1;2;7;685;;M;4975068;51603;760
201500000690;15;1;4;2300;3;1;1;1;6;219;;M;4973522;77616;760
201500000691;15;3;13;915;1;2;1;1;2;752;rue jacques ferny;M;4966857;89794;760
201500000692;15;6;3;1645;1;1;2;1;1;129;;M;4972123;88539;760
201500000693;15;6;11;700;1;2;3;1;1;611;Rue Abbй Pierre Deleau;M;4964853;89460;760
201500000694;15;11;4;845;1;2;2;2;3;752;R JULES GUEVILLE;M;4966953;89247;760
201500000695;15;1;31;830;1;1;1;4;6;684;;M;4901214;119079;270
201500000696;15;5;4;2000;1;1;1;8;3;234;;M;4901903;119126;270
201500000697;15;8;22;1700;1;1;1;1;6;229;;M;4903565;118614;270
201500000698;15;1;26;830;1;2;1;1;3;602;;M;4900888;109247;270
201500000699;15;3;8;1745;1;2;4;1;6;189;rue des bois des maisons;M;4898393;97416;270
201500000700;15;3;24;1330;1;1;1;1;3;287;;M;4898985;102608;270
201500000701;15;3;31;700;2;1;1;6;2;165;;M;4895744;95730;270
201500000702;15;4;14;1915;1;1;1;1;7;618;;M;4897152;81038;270
201500000703;15;5;6;1945;1;1;1;1;6;157;;M;4890192;93463;270
201500000704;15;7;4;1030;1;2;1;1;6;165;Avenue pierre beregovoy;M;4895635;93075;270
201500000705;15;8;8;1600;1;1;1;1;1;568;;M;4894234;87420;270
201500000706;15;8;7;2130;2;1;6;1;6;82;;M;4899552;102852;270
201500000707;15;8;14;1645;1;1;2;1;1;161;;M;4903697;104103;270
201500000708;15;9;1;900;1;2;1;1;1;374;rue Benard;M;4898753;90588;270
201500000709;15;9;19;1530;1;1;1;1;7;374;;M;4899852;91436;270
201500000710;15;10;13;915;1;1;1;1;6;161;;M;4904579;100581;270
201500000711;15;10;16;2000;2;1;1;1;2;568;;M;4893888;86268;270
201500000712;15;10;30;1600;1;1;2;1;3;242;;M;4893865;83246;270
201500000713;15;1;15;1430;1;2;1;8;6;368;route de st laurent;M;4884827;126883;270
201500000714;15;3;22;1630;1;2;3;1;3;230;rue pasteur;M;4886481;142451;270
201500000715;15;4;14;1915;1;1;1;1;1;555;;M;4885989;131250;270
201500000716;15;5;21;1215;1;2;3;1;3;183;;M;4889631;140435;270
201500000717;15;5;31;500;2;1;8;1;6;301;;M;4894838;120284;270
201500000718;15;6;23;315;3;1;1;1;6;183;;M;4890230;139411;270
201500000719;15;7;3;1345;1;2;6;7;6;507;RUE JEAN JAURES;M;4890633;127374;270
201500000720;15;9;1;1715;1;1;1;1;1;183;;M;4889441;139111;270
201500000721;15;10;23;800;1;1;1;1;6;634;;M;4889654;117061;270
201500000722;15;12;21;1700;2;1;1;8;6;297;;M;4881167;108391;270
201500000723;15;1;10;1800;5;2;3;1;6;448;rue dulong;M;4901858;138112;270
201500000724;15;2;5;930;1;2;1;1;3;448;151 route de paris;M;4900994;139922;270
201500000725;15;5;5;1815;1;1;1;1;1;510;;M;4901140;133336;270
201500000726;15;6;4;1615;1;2;6;1;3;448;rue isambard;M;4901415;138559;270
201500000727;15;7;22;2115;2;1;2;1;3;465;;M;4899087;134219;270
201500000728;15;9;17;1015;1;1;1;1;7;510;;M;4901278;135154;270
201500000729;15;10;31;1430;1;1;1;1;5;410;;M;4901399;124061;270
201500000730;15;4;30;1400;1;1;1;2;6;96;;M;4887118;68036;270
201500000731;15;6;29;800;1;2;4;1;6;159;;M;4879572;89246;270
201500000732;15;8;23;500;3;1;1;1;6;532;;M;4887071;92660;270
201500000733;15;10;6;845;1;1;2;1;2;195;;M;4880140;99589;270
201500000734;15;10;30;1845;2;1;1;1;6;679;;M;4874931;91020;270
201500000735;15;2;25;1600;1;1;1;1;7;97;route de Clery;M;4922523;140563;270
201500000736;15;6;7;1300;1;2;3;1;3;16;avenue foch;M;4924970;143738;270
201500000737;15;6;12;215;5;2;1;2;7;16;RD 313;M;4925287;138062;270
201500000738;15;9;18;1700;1;2;3;1;3;16;impasse de la barre;M;4924558;143079;270
201500000739;15;9;22;1630;1;2;1;8;6;16;61 avenue de la rйpubliq;M;4924339;140293;270
201500000740;15;11;4;1330;1;2;1;1;1;495;;M;4925179;135426;270
201500000741;15;12;21;1415;1;1;2;1;3;270;;M;4929305;139809;270
201500000742;15;3;8;1800;1;1;1;1;6;331;;M;4913218;154813;270
201500000743;15;5;8;1;3;1;1;1;6;122;;M;4920345;159963;270
201500000744;15;8;5;1915;1;1;1;1;1;72;;M;4910847;153729;270
201500000745;15;1;18;1000;1;2;1;5;6;377;;M;4940100;148213;270
201500000746;15;2;12;1645;1;1;2;7;3;407;;M;4930903;146729;270
201500000747;15;3;21;1000;1;1;1;1;3;670;;M;4937254;133449;270
201500000748;15;5;10;1815;1;1;1;1;2;453;;M;4942386;137231;270
201500000749;15;8;21;1615;1;2;1;1;3;151;Hameaux Les Transiиres;M;4939104;137439;270
201500000750;15;10;3;2045;3;1;1;1;6;672;;M;4944726;135598;270
201500000751;15;10;4;1300;1;1;1;1;1;672;;M;4944941;137778;270
201500000752;15;10;30;930;1;2;1;1;6;246;80 rue pouyer quertier;M;4936235;135546;270
201500000753;15;3;25;1745;1;1;3;1;3;226;;M;4930097;164726;270
201500000754;15;5;16;1830;1;1;9;1;7;284;;M;4925958;178710;270
201500000755;15;5;20;1745;1;1;1;1;1;372;;M;4935637;161633;270
201500000756;15;6;28;1030;1;1;1;1;3;490;;M;4924684;128385;270
201500000757;15;8;30;2130;3;1;1;1;1;533;;M;4930813;173383;270
201500000758;15;10;18;1900;2;2;1;1;6;226;;M;4930560;161599;270
201500000759;15;12;15;130;3;1;1;1;2;226;;M;4930585;159618;270
201500000760;15;2;17;2100;5;2;2;1;3;56;rue aristide briand;M;4908101;59005;270
201500000761;15;3;1;2215;3;1;1;2;2;289;;M;4894547;45551;270
201500000762;15;4;3;1315;1;1;1;1;6;251;;M;4909531;69685;270
201500000763;15;8;2;1615;1;1;1;1;7;148;;M;4898103;44541;270
201500000764;15;8;13;1745;1;1;1;1;1;600;;M;4905350;56854;270
201500000765;15;3;18;915;1;2;1;1;1;41;Rue principale - CD 40;M;4894524;66666;270
201500000766;15;5;7;1630;1;1;2;1;3;37;;M;4910587;82983;270
201500000767;15;5;7;1730;1;1;2;1;3;622;;M;4911636;68735;270
201500000768;15;8;29;2315;3;1;1;1;6;425;;M;4913481;73771;270
201500000769;15;10;3;1415;1;2;3;1;1;116;rue des martyrs;M;4920082;71537;270
201500000770;15;2;24;2200;3;1;1;1;6;335;;M;4912092;117641;270
201500000771;15;3;23;730;1;1;1;1;2;3;;M;4916918;117187;270
201500000772;15;3;22;1400;1;2;2;1;3;14;RUE DE LA MOISSON;M;4916095;113492;270
201500000773;15;7;15;1630;1;1;1;1;4;330;;M;4924428;126542;270
201500000774;15;7;18;615;2;1;1;1;7;55;;M;4911442;107420;270
201500000775;15;8;6;1545;1;1;2;1;3;14;;M;4916820;113037;270
201500000776;15;9;26;1700;1;1;1;1;6;99;;M;4906503;119818;270
201500000777;15;10;3;1030;1;2;1;1;6;330;CD 11 - PK 1 + 800;M;4923916;125547;270
201500000778;15;11;25;745;2;1;2;2;3;335;;M;4914124;120100;270
201500000779;15;12;9;2015;5;2;1;1;6;3;CD82;M;4917125;117356;270
201500000780;15;12;12;30;5;2;6;1;6;3;D71;M;4917922;117258;270
201500000781;15;2;25;1700;1;1;1;2;5;687;;M;4916857;129576;270
201500000782;15;4;15;1715;1;1;2;1;3;99;;M;4906805;121210;270
201500000783;15;6;5;2115;2;2;3;1;3;599;RDD 6015;M;4914345;141088;270
201500000784;15;6;9;845;1;1;2;8;3;676;;M;4920595;130830;270
201500000785;15;7;24;1500;1;1;1;1;3;249;;M;4918269;125726;270
201500000786;15;8;21;1130;1;1;1;1;3;336;;M;4906563;142301;270
201500000787;15;10;27;1700;1;1;1;1;7;489;;M;4907644;124129;270
201500000788;15;11;10;1300;1;2;1;1;1;517;Rйs logis d'angrevillle;M;4915080;135184;270
201500000789;15;11;28;1130;1;1;1;1;3;22;;M;4919361;133205;270
201500000790;15;12;26;1900;5;2;1;1;6;250;21 rue de pacy;M;4912757;121475;270
201500000791;15;1;4;1800;3;1;1;1;5;701;;M;4930532;121293;270
201500000792;15;1;13;1830;3;1;6;1;6;196;;M;4929711;117490;270
201500000793;15;3;5;1715;1;1;1;1;2;365;;M;4928945;120008;270
201500000794;15;5;17;1015;1;1;1;1;6;648;;M;4925923;111334;270
201500000795;15;5;27;500;2;2;1;1;6;458;9 rue du general gaulle;M;4931767;122106;270
201500000796;15;7;23;1400;1;1;2;1;3;493;rue de la pointe haute;M;4932907;123460;270
201500000797;15;8;28;1830;1;1;1;1;3;386;;M;4931685;119393;270
201500000798;15;9;2;1900;2;1;6;7;3;196;;M;4929714;117494;270
201500000799;15;4;8;1815;1;1;2;7;3;192;;M;4913284;93887;270
201500000800;15;5;16;300;5;1;6;1;6;524;;M;4910810;91366;270
201500000801;15;10;11;1130;1;1;1;1;1;187;;M;4921145;100424;270
201500000802;15;10;27;1245;1;2;2;1;3;428;rue des Martyrs;M;4915925;90740;270
201500000803;15;12;18;730;1;1;1;1;6;486;;M;4909721;102179;270
201500000804;15;3;19;1630;1;1;1;2;7;65;;M;4934993;35032;270
201500000805;15;3;22;130;3;1;1;2;6;126;;M;4932011;53754;270
201500000806;15;3;26;1915;1;2;1;1;6;126;chemin de la MOTTE;M;4931535;54793;270
201500000807;15;4;30;1745;1;1;1;2;5;174;;M;4934434;59063;270
201500000808;15;5;1;1030;1;1;6;1;6;467;;M;4935025;52047;270
201500000809;15;6;7;2030;1;1;2;1;1;174;rue des Bruyeres;M;4934671;57255;270
201500000810;15;6;30;1245;1;1;1;1;3;467;;M;4936612;40402;270
201500000811;15;8;11;1730;1;2;3;1;3;174;rue de la cadourie;M;4933319;60347;270
201500000812;15;9;21;830;1;2;2;1;6;467;rue de l'йtang;M;4924339;140293;270
201500000813;15;10;2;730;1;2;1;1;6;467;route de saint paul;M;4934998;52940;270
201500000814;15;11;5;815;1;2;1;2;3;467;rue des dйportйs;M;4935321;52154;270
201500000815;15;11;21;1915;3;2;3;1;6;467;48 rue Jean Jaurиs;M;4935362;51684;270
201500000816;15;11;22;1315;1;1;3;1;3;65;;M;4935339;38065;270
201500000817;15;11;22;1730;3;1;1;9;7;174;;M;4933080;59923;270
201500000818;15;12;4;1230;1;2;8;1;6;467;Rue Jules Ferry;M;4935306;51215;270
201500000819;15;9;6;615;3;2;1;1;6;89;rue de touville;M;4929558;76686;270
201500000820;15;9;26;2315;3;1;2;1;3;90;;M;4929630;93562;270
201500000821;15;11;28;1245;1;1;2;1;3;62;;M;4929300;82100;270
201500000822;15;7;27;1830;1;1;1;1;6;288;;M;4926962;68562;270
201500000823;15;11;26;445;2;2;1;2;6;367;D810;M;4923653;50176;270
201500000824;15;6;19;1045;1;2;6;1;3;47;giratoire de la bobinais;M;4802569;-173454;350
201500000825;15;2;24;1815;1;2;1;1;6;195;47 Avenue Alexis REY;M;4830563;-167516;350
201500000826;15;5;2;1245;1;1;1;2;3;355;Brais;M;4835668;-148217;350
201500000827;15;6;2;1615;1;1;1;1;3;128;Le Chenay Piguelais;M;4828319;-172789;350
201500000828;15;6;11;1330;1;1;1;1;7;130;;M;4825978;-177695;350
201500000829;15;8;21;2045;1;1;1;1;7;94;;M;4835587;-172538;350
201500000830;15;9;18;745;2;1;2;8;1;356;;M;4827575;-177452;350
201500000831;15;12;24;1615;2;1;1;8;1;251;Les Maraigers;M;4826964;-162113;350
201500000832;15;1;7;1700;1;1;1;1;1;101;;M;0;0;350
201500000833;15;2;21;1930;3;1;1;4;5;152;;M;4818314;-151533;350
201500000834;15;4;8;1245;1;1;1;1;3;1;;M;4813862;-151621;350
201500000835;15;7;31;945;1;1;2;7;1;67;;M;4821665;-159149;350
201500000836;15;10;25;1830;2;1;1;1;3;154;;M;4822913;-135371;350
201500000837;15;1;11;830;1;1;1;1;6;184;;M;4818843;-201271;350
201500000838;15;9;13;1430;1;2;1;8;3;234;;M;4825007;-214267;350
201500000839;15;9;10;1600;1;1;1;1;3;171;;M;4825784;-206047;350
201500000840;15;10;31;1815;5;2;1;1;3;245;RUE DE GALERNE;M;4821857;-189307;350
201500000841;15;10;8;800;1;2;1;1;1;297;rue de gael;M;4818354;-219787;350
201500000842;15;1;14;745;3;1;1;9;1;331;;M;4808241;-190732;350
201500000843;15;4;16;1900;1;2;6;1;6;188;boulevard Carnot;M;4813659;-195027;350
201500000844;15;7;16;1730;1;1;1;1;5;23;;M;4818580;-198963;350
201500000845;15;7;19;1345;1;1;1;1;6;340;;M;4803419;-198311;350
201500000846;15;9;25;2015;3;1;1;1;6;133;;M;4815039;-198870;350
201500000847;15;10;29;900;1;1;1;1;5;133;La Croix;M;4810850;-203600;350
201500000848;15;1;25;1545;1;1;1;1;7;196;;M;4811090;-184964;350
201500000849;15;3;15;1700;1;1;1;1;7;240;;M;4808731;-177385;350
201500000850;15;3;24;1900;2;1;1;1;6;240;;M;4808808;-175730;350
201500000851;15;4;24;1600;1;1;1;1;6;37;;M;0;0;350
201500000852;15;7;30;1045;1;1;9;1;2;240;;M;4809676;-175946;350
201500000853;15;7;30;1600;1;2;6;7;3;37;rond-point de Chauny;M;4804564;-187283;350
201500000854;15;8;9;1700;1;1;1;1;4;37;;M;4805436;-191023;350
201500000855;15;8;21;745;1;1;1;1;7;37;;M;4802893;-187269;350
201500000856;15;8;22;1245;1;2;7;1;6;196;2 Place des muletiers;M;4807204;-185177;350
201500000857;15;11;1;1230;1;2;2;1;3;196;Crfour Pompidou fontenel;M;4807840;-184384;350
201500000858;15;11;19;900;1;1;1;8;2;240;;M;0;0;350
201500000859;15;12;25;1345;1;1;1;1;6;37;;M;4803554;-183197;350
201500000860;15;3;13;1030;1;1;1;2;1;25;;M;4830322;-123252;350
201500000861;15;4;28;1745;1;2;1;1;3;86;rue de la messayais;M;4827000;-124600;350
201500000862;15;6;26;1315;1;1;9;1;1;162;;M;4848015;-107599;350
201500000863;15;6;26;1900;1;1;1;1;3;137;;M;4832897;-118700;350
201500000864;15;7;1;1415;1;1;1;7;3;310;La Binclinais;M;4832989;-131235;350
201500000865;15;8;18;1045;1;1;1;1;1;243;;M;4834869;-126208;350
201500000866;15;11;10;2000;5;2;1;1;3;100;avenue de Bretagne;M;4826636;-114181;350
201500000867;15;11;23;1245;1;1;1;7;1;215;;M;4842516;-122802;350
201500000868;15;12;2;2115;3;1;1;1;7;142;;M;4839285;-118873;350
201500000869;15;12;5;1645;1;1;3;8;3;137;;M;4831411;-118138;350
201500000870;15;12;6;1830;2;2;1;2;6;21;7 RUE DE BRETAGNE;M;4833863;-115756;350
201500000871;15;9;3;1800;1;1;1;1;3;253;;M;4827350;-144491;350
201500000872;15;9;19;1615;1;1;1;1;7;253;;M;4825818;-136051;350
201500000873;15;11;5;1700;1;2;1;2;3;121;RUE DU RELAIS;M;4824599;-146147;350
201500000874;15;12;1;815;1;1;1;1;1;269;;M;4827707;-132492;350
201500000875;15;12;6;1545;1;1;1;2;1;118;;M;4830143;-155130;350
201500000876;15;2;11;1030;1;2;2;1;6;257;rue de Fougeres;M;4841053;-136593;350
201500000877;15;3;18;1400;1;1;1;1;7;253;;M;4823469;-142375;350
201500000878;15;3;25;1245;1;1;2;1;5;113;;M;4845844;-149431;350
201500000879;15;4;9;1915;1;1;1;1;6;178;;M;4830367;-146510;350
201500000880;15;5;14;1445;1;1;1;1;3;341;Les Hautes Rottes;M;4840023;-142030;350
201500000881;15;5;21;1715;1;1;1;1;3;293;;M;4831444;-136584;350
201500000882;15;7;23;615;2;1;1;1;3;121;;M;4824655;-144585;350
201500000883;15;8;12;930;1;1;1;1;6;293;;M;4829691;-136271;350
201500000884;15;9;28;900;1;1;1;1;1;71;;M;4844702;-124921;350
201500000885;15;10;2;1430;1;1;2;1;1;341;;M;4842234;-147380;350
201500000886;15;11;5;2315;3;1;1;2;6;341;;M;4842116;-140754;350
201500000887;15;11;25;1730;3;1;1;2;7;280;;M;4834329;-136379;350
201500000888;15;12;21;1445;1;1;1;2;7;280;;M;4833845;-134313;350
201500000889;15;3;3;915;1;1;2;1;2;237;Le Pont de Saint Julien;M;4771446;-198183;350
201500000890;15;4;9;1845;1;2;1;1;3;64;chemin de la guerinais;M;0;0;350
201500000891;15;6;18;1115;1;1;1;1;1;294;;M;4769677;-203817;350
201500000892;15;6;22;730;1;1;1;7;6;13;;M;4768648;-207064;350
201500000893;15;8;16;1530;1;1;1;1;1;294;;M;4771162;-198725;350
201500000894;15;10;25;445;3;1;1;1;6;294;;M;4771125;-198819;350
201500000895;15;11;3;1915;5;2;1;2;4;236;RUE JB LELIEVRE;M;4767195;-206755;350
201500000896;15;4;5;745;2;1;1;1;6;124;;M;0;0;350
201500000897;15;5;23;200;3;1;1;1;7;106;;M;4782071;-159489;350
201500000898;15;7;22;1715;1;1;1;1;7;89;;M;4789559;-150179;350
201500000899;15;9;8;1700;1;1;2;7;3;89;;M;4789321;-150316;350
201500000900;15;10;21;1345;1;1;1;8;1;124;18 La Pointais;M;4772609;-181629;350
201500000901;15;11;3;1415;1;2;1;1;1;12;rue du chкne vert;M;4784429;-168843;350
201500000902;15;12;26;1330;1;2;1;1;7;12;AVENE DU BOIS GREFFIER;M;4784710;-169377;350
201500000903;15;1;7;1900;3;1;1;1;6;127;;M;4794264;-183509;350
201500000904;15;1;13;1330;1;2;1;1;6;126;rue Jacques BLOUET;M;4796841;-179699;350
201500000905;15;3;14;1615;1;1;1;1;3;312;;M;4791807;-179858;350
201500000906;15;4;12;1600;1;1;4;1;3;127;;M;4795371;-189622;350
201500000907;15;4;23;400;3;1;1;1;7;126;;M;4794733;-177355;350
201500000908;15;4;24;2115;3;1;1;2;1;33;;M;4792139;-174271;350
201500000909;15;5;14;445;3;1;1;1;1;127;;M;4791731;-185707;350
201500000910;15;7;23;2130;1;1;1;1;6;312;;M;4793668;-179596;350
201500000911;15;9;10;530;3;1;1;1;6;123;;M;4802607;-177142;350
201500000912;15;9;30;1530;1;1;4;1;3;126;;M;4798496;-183191;350
201500000913;15;10;23;730;3;1;1;2;1;139;Les Clotures;M;4795733;-172800;350
201500000914;15;5;6;1745;1;2;1;1;5;45;la boulaye;M;4779923;-198063;350
201500000915;15;10;16;2300;3;1;1;1;7;168;;M;4790695;-202632;350
201500000916;15;1;31;1545;2;2;1;1;3;179;Rue de la Lib?ration;M;4851376;-189922;350
201500000917;15;5;29;1915;1;2;1;1;6;116;33 rue de dol;M;4858187;-182559;350
201500000918;15;8;19;1515;1;1;3;1;3;299;;M;4863034;-190288;350
201500000919;15;8;22;1130;1;1;1;1;2;179;;M;4854396;-190207;350
201500000920;15;10;3;615;3;1;1;1;6;70;;M;4855679;-192883;350
201500000921;15;10;9;1100;1;1;1;1;1;224;;M;4859075;-195832;350
201500000922;15;12;12;100;3;1;1;1;7;306;;M;4858553;-195262;350
201500000923;15;1;3;1445;1;1;1;2;7;222;;M;4855302;-156546;350
201500000924;15;4;18;530;4;1;1;1;1;95;;M;0;0;350
201500000925;15;5;28;1915;1;1;1;1;3;186;;M;4856894;-177454;350
201500000926;15;6;5;1800;1;1;1;1;2;222;;M;4856304;-162179;350
201500000927;15;6;14;1715;1;1;1;1;3;246;Le Bois au Coq;M;4853455;-178874;350
201500000928;15;9;24;2200;3;1;1;1;3;78;;M;4860349;-171689;350
201500000929;15;3;21;2130;1;1;1;1;7;228;;M;4859370;-210051;350
201500000930;15;4;19;1215;1;1;1;1;3;228;;M;4859922;-207058;350
201500000931;15;5;28;1730;1;1;1;1;2;256;La Ville Brunet;M;4861570;-211971;350
201500000932;15;7;2;1200;1;1;1;1;1;228;La Piliais;M;4858035;-203245;350
201500000933;15;8;20;1100;1;2;2;1;6;256;PLACE DU CENTRE;M;4861929;-213266;350
201500000934;15;8;25;1515;1;2;1;1;6;228;rue de la perriиre;M;4857873;-205744;350
201500000935;15;1;29;1930;2;1;1;2;5;360;;M;4809130;-120488;350
201500000936;15;3;27;1630;1;1;1;2;2;6;;M;4802884;-119819;350
201500000937;15;4;5;1045;1;2;1;1;6;347;;M;4817674;-130216;350
201500000938;15;5;11;1745;1;1;1;1;2;360;;M;4810534;-120733;350
201500000939;15;6;6;1545;1;2;1;1;3;52;Rue de la Foret;M;4814756;-131162;350
201500000940;15;6;7;1415;1;1;1;1;3;194;;M;4815601;-122078;350
201500000941;15;7;29;1400;1;1;1;1;1;109;;M;4808369;-124591;350
201500000942;15;8;2;1030;1;2;1;1;1;347;la croix carre - D794;M;4818768;-132166;350
201500000943;15;9;23;1815;1;2;1;1;6;360;RUE BERTRAND D ARGENTRE;M;4812333;-120664;350
201500000944;15;9;28;1745;1;1;3;1;3;6;;M;4806486;-116712;350
201500000945;15;10;6;830;1;1;1;3;5;15;;M;4814965;-119806;350
201500000946;15;10;20;1945;3;1;1;1;6;338;;M;4806611;-129400;350
201500000947;15;10;24;1915;2;1;1;8;1;72;La Brehardiиre;M;4821111;-118266;350
201500000948;15;11;27;1915;3;1;1;2;1;97;;M;4800023;-120119;350
201500000949;15;12;2;1830;1;1;1;1;5;360;;M;4810654;-122024;350
201500000950;15;1;1;830;2;1;1;1;7;327;;M;4810395;-146751;350
201500000951;15;1;26;1500;1;1;2;1;3;204;;M;4804372;-154411;350
201500000952;15;1;27;1530;1;2;1;8;3;68;Rue de vitrй;M;4811160;-138699;350
201500000953;15;4;5;1100;1;1;1;1;7;209;;M;0;0;350
201500000954;15;4;8;1215;1;2;1;1;3;68;39 rue de vitrй;M;4811244;-138033;350
201500000955;15;6;1;1700;1;1;1;1;1;99;;M;0;0;350
201500000956;15;6;18;1000;1;2;7;1;6;96;Caron de la carriere;M;4807061;-139324;350
201500000957;15;6;23;1745;1;1;1;1;3;161;La Gidonnais;M;4804622;-131769;350
201500000958;15;7;4;945;1;1;1;1;7;207;;M;4808536;-148281;350
201500000959;15;9;4;1115;1;1;1;1;6;39;La Turbaniиre;M;4810930;-150545;350
201500000960;15;9;8;1030;1;1;3;1;1;161;;M;4804303;-131782;350
201500000961;15;11;22;1530;1;1;2;1;3;204;;M;4804368;-154405;350
201500000962;15;11;20;1900;5;2;1;2;5;68;;M;4810732;-140526;350
201500000963;15;5;4;1745;1;1;1;1;1;8;;M;4795995;-121224;350
201500000964;15;6;30;1830;1;1;1;1;2;359;;M;4794659;-127531;350
201500000965;15;7;17;1;5;1;6;1;6;167;;M;4782040;-132226;350
201500000966;15;9;3;1715;1;2;1;1;1;125;64 AL DES TROIS PRAIRIES;M;4793890;-122795;350
201500000967;15;10;19;1500;1;1;1;1;7;359;;M;4794705;-130401;350
201500000968;15;11;9;2100;3;2;1;1;6;235;la croix de la barre;M;4792941;-123621;350
201500000969;15;2;26;1530;1;1;2;3;3;2;;M;4799638;-151527;350
201500000970;15;8;7;1215;1;2;1;1;3;136;44 rue jean marie lacire;M;4796298;-149371;350
201500000971;15;9;18;1600;1;1;1;1;1;108;;M;4793495;-145388;350
201500000972;15;12;1;1100;1;1;9;1;6;220;;M;4801235;-143604;350
201500000973;15;12;4;1845;3;1;2;1;3;136;;M;4791929;-153404;350
201500000974;15;12;5;1845;3;1;1;1;3;108;La rue Hamon;M;4794890;-147646;350
201500000975;15;12;18;1600;1;1;1;1;6;333;;M;4791758;-140917;350
201500000976;15;12;20;1400;1;1;1;8;7;136;La Renaudais;M;4792360;-152484;350
201500000977;15;2;12;1200;1;1;2;1;2;93;;M;4847230;-253339;220
201500000978;15;3;7;2145;5;2;1;1;7;93;rue de Beausoleil;M;4846173;-253650;220
201500000979;15;4;24;1100;1;1;1;1;1;93;;M;4841718;-249771;220
201500000980;15;4;26;1600;1;1;2;3;3;93;;M;4849935;-246839;220
201500000981;15;6;7;1745;1;1;1;1;1;151;;M;4843636;-259403;220
201500000982;15;6;26;1615;1;2;6;1;3;93;rond-point marйchal foch;M;4846798;-250691;220