num_acc;an;mois;jour;hrmn;lum;agg;int;atm;col;com;adr;gps;lat;long;dep
201500000983;15;7;9;1630;1;2;6;1;6;93;rue docteur lavergne;M;4846720;-252026;220
201500000984;15;9;18;1800;1;2;1;1;6;93;rue mouexignй;M;4845894;-251411;220
201500000985;15;10;30;445;3;2;1;1;3;93;Rue de la Jeannaie;M;4846549;-253807;220
201500000986;15;10;31;2245;3;1;1;1;2;93;;M;4847067;-253944;220
201500000987;15;11;1;1115;1;1;3;1;7;93;;M;4849492;-247531;220
201500000988;15;11;20;1215;1;2;3;2;3;93;RUE DE LA DEHANNE;M;4847448;-255619;220
201500000989;15;12;9;345;3;1;1;1;6;93;;M;4844349;-251085;220
201500000990;15;12;30;830;2;2;1;1;6;93;rue aristide briand;M;4846077;-251093;220
201500000991;15;7;8;1615;1;2;2;1;3;136;Carrefour des Trois Croi;M;4818276;-275957;220
201500000992;15;9;4;1815;1;2;2;8;3;136;boulevard des peupliers;M;4816734;-275019;220
201500000993;15;10;20;1245;1;1;4;1;2;136;le larhon;M;4815580;-271820;220
201500000994;15;12;4;745;2;1;2;1;5;300;le tourlanquin;M;4826815;-279079;220
201500000995;15;12;22;630;3;2;1;2;3;155;RD 768 8 rue croix jarte;M;4822723;-273327;220
201500000996;15;2;8;1230;1;2;1;1;6;162;Rue du Gйnйral LECLERC;M;4877865;-304484;220
201500000997;15;4;30;1530;1;1;1;8;1;162;;M;4875794;-301389;220
201500000998;15;6;15;830;1;1;2;1;3;210;;M;4880561;-305905;220
201500000999;15;12;22;1530;1;1;1;1;2;390;le dannot;M;4871506;-302373;220
201500001000;15;4;9;1215;1;2;2;7;3;54;;M;4862884;-246426;220
201500001001;15;5;12;1145;1;1;1;1;6;242;les aulnes;M;4862553;-241111;220
201500001002;15;6;3;2345;3;2;1;1;6;186;;M;4858613;-254239;220
201500001003;15;7;15;1045;1;1;2;1;3;242;la ruйe;M;4862089;-240489;220
201500001004;15;8;17;330;3;1;1;1;7;54;;M;4860036;-246158;220
201500001005;15;10;19;30;3;1;1;1;6;81;;M;4850775;-266895;220
201500001006;15;12;18;900;3;1;1;2;1;273;la ville marquй;M;4853962;-253679;220
201500001007;15;12;27;1345;1;1;1;8;1;173;;M;4851332;-256589;220
201500001008;15;12;28;1800;2;1;2;1;3;81;saint laurent;M;4850432;-261758;220
201500001009;15;12;28;1400;1;1;2;1;3;242;le clos;M;4862134;-240125;220
201500001010;15;2;4;1700;1;1;1;1;5;277;;M;4840404;-287943;220
201500001011;15;2;23;1715;1;1;1;4;7;171;;M;4843411;-281742;220
201500001012;15;3;10;200;3;2;1;1;6;176;rue des lilas;M;4845083;-275215;220
201500001013;15;4;9;1500;1;1;2;1;3;171;Ravilly;M;4838521;-282788;220
201500001014;15;7;21;1700;1;2;1;7;6;171;RUE SEBASTOPOL;M;4840785;-281734;220
201500001015;15;7;23;1215;1;1;1;1;1;176;Bel-Air;M;4845081;-270140;220
201500001016;15;8;6;2030;2;2;3;1;3;287;RUE SAINT YVES;M;4846970;-288259;220
201500001017;15;8;18;1130;1;1;2;1;3;176;;M;4845853;-275574;220
201500001018;15;9;28;1345;1;1;1;1;6;45;;M;4846617;-294835;220
201500001019;15;11;1;2030;3;1;1;1;5;171;les pres guyomard;M;4842010;-282282;220
201500001020;15;11;18;1900;3;1;1;1;1;277;LANVIA;M;4838562;-283668;220
201500001021;15;12;16;2000;5;1;3;1;3;277;carestiamble;M;4838368;-291936;220
201500001022;15;12;18;1815;5;2;1;1;6;262;rue des douves;M;4840403;-290790;220
201500001023;15;10;2;1115;1;2;1;1;6;56;;M;4838006;-197968;220
201500001024;15;10;7;1800;1;2;3;1;3;118;D2;M;4844482;-220204;220
201500001025;15;10;21;2100;5;1;6;2;7;364;;M;4842851;-208887;220
201500001026;15;12;4;845;1;2;1;1;2;213;RD 12 - Pont Mйvault;M;4852273;-200028;220
201500001027;15;12;3;745;2;1;1;1;1;26;la giraudais;M;4839636;-202700;220
201500001028;15;12;4;1400;1;2;1;7;6;197;rue de la mairie;M;4851059;-195257;220
201500001029;15;1;3;1730;2;1;1;2;1;174;crissouet;M;4861456;-233343;220
201500001030;15;2;16;930;1;1;4;3;3;179;l'йpine briens;M;4862497;-235696;220
201500001031;15;2;23;715;2;1;1;1;6;76;;M;4852170;-235438;220
201500001032;15;6;11;2030;1;1;1;8;7;179;;M;4865251;-237334;220
201500001033;15;6;18;1215;1;2;2;1;1;143;chemin vert;M;4859291;-227551;220
201500001034;15;6;21;645;2;1;1;1;6;76;;M;4853835;-240269;220
201500001035;15;7;1;15;5;2;1;1;6;282;boulevard de la mer;M;4863460;-225617;220
201500001036;15;7;14;1230;1;1;1;1;6;179;ste aide;M;4861936;-234699;220
201500001037;15;7;21;1830;1;2;1;7;6;282;rue jacques cartier;M;4863209;-225811;220
201500001038;15;7;23;1400;1;1;1;1;3;179;rue des carquois;M;4864544;-238476;220
201500001039;15;10;30;1815;3;1;1;8;6;174;le grand chemin;M;4857593;-235229;220
201500001040;15;11;4;915;1;1;1;1;6;268;;M;4855505;-234949;220
201500001041;15;11;8;1630;1;1;3;1;5;179;;M;4862161;-234697;220
201500001042;15;12;30;1800;2;2;1;2;1;143;1 rue Saint jean;M;4859619;-229116;220
201500001043;15;1;16;1530;1;2;1;1;6;223;le tirien;M;4857989;-318768;220
201500001044;15;3;18;1430;1;2;9;1;3;223;rue de l'йglise;M;4857705;-318811;220
201500001045;15;8;8;1315;1;2;4;1;2;70;rue rustang;M;4855899;-315019;220
201500001046;15;8;20;1600;1;1;2;1;3;272;;M;4857244;-313525;220
201500001047;15;8;5;1645;1;2;1;1;6;13;;M;4847187;-318022;220
201500001048;15;4;29;1945;1;2;1;1;5;168;bld aristide briand;M;4881348;-345004;220
201500001049;15;7;22;2215;5;2;1;1;6;168;rue frиres le montrйer;M;4881342;-344807;220
201500001050;15;10;18;1245;1;1;1;1;6;134;;M;4879694;-344097;220
201500001051;15;3;20;1515;1;1;1;1;3;28;Kroaz Kerogot;M;4805946;-466106;290
201500001052;15;4;28;1430;1;1;1;1;1;225;kersaudy;M;4796658;-435839;290
201500001053;15;5;7;815;1;2;1;7;6;216;Rte de Pouldreuzic;M;4798024;-417897;290
201500001054;15;5;16;130;3;1;6;2;6;173;Keradennec;M;4801433;-421008;290
201500001055;15;5;23;1145;1;1;1;1;3;218;Toulbroen;M;4804211;-452278;290
201500001056;15;7;17;1145;1;2;1;1;1;3;43 rue emile combes;M;4802461;-454731;290
201500001057;15;9;6;645;2;2;1;1;1;215;rue d'Audierne;M;4799323;-443650;290
201500001058;15;11;1;815;1;1;1;1;1;216;Dour Groas;M;4794933;-419676;290
201500001059;15;11;29;1315;1;1;1;1;1;225;Le Meot;M;4796060;-434433;290
201500001060;15;2;22;1700;1;2;1;2;1;46;Chemin Pen Ar Creach;M;4808166;-433096;290
201500001061;15;6;14;1345;1;2;1;1;6;224;route de DOUARNENEZ - D1;M;4809224;-429580;290
201500001062;15;7;15;1045;1;2;9;2;6;46;rue Alain Gerbault;M;4809435;-434733;290
201500001063;15;7;29;930;1;1;1;7;2;226;rue Luc ROBERT;M;4808430;-440212;290
201500001064;15;8;13;1345;1;1;1;1;1;46;La Forge Kerdaec;M;4807010;-430069;290
201500001065;15;8;14;1430;1;2;2;1;3;46;Cdt Fernand /Reuniat;M;4809153;-433928;290
201500001066;15;9;30;1700;1;2;3;1;3;46;Route de Quimper;M;4807896;-432230;290
201500001067;15;10;31;2230;3;1;1;1;6;218;Lespoul;M;4803992;-452638;290
201500001068;15;12;17;1715;1;2;1;8;6;46;20 rue Laennec;M;4808908;-432506;290
201500001069;15;2;16;1800;2;2;6;7;3;6;rond poind de Ty Pin;M;4787762;-408791;290
201500001070;15;2;25;745;2;1;1;2;6;60;Route de Quimper;M;4792108;-410592;290
201500001071;15;3;7;1515;1;1;1;1;6;32;Le Dennec;M;4790948;-407302;290
201500001072;15;5;3;1600;1;1;1;3;6;6;Chapelle du Perguet;M;4787728;-404745;290
201500001073;15;5;11;1045;1;2;1;1;6;58;24 rue de cornouaille;M;4789340;-401168;290
201500001074;15;5;18;1000;1;2;1;1;3;6;36 avenue de la mer;M;4787712;-410661;290
201500001075;15;8;1;345;3;1;1;1;7;161;Moulin du Pont;M;4792964;-407036;290
201500001076;15;8;21;1630;1;1;1;7;1;58;Hent Kerbader;M;4786017;-402206;290
201500001077;15;9;12;1415;1;1;1;1;7;32;Menez St Jean;M;4789322;-409261;290
201500001078;15;10;2;2315;3;1;1;1;3;58;Route de Beg Meil;M;4788659;-400901;290
201500001079;15;11;2;1345;1;1;1;1;1;247;L'arbre du Chapon;M;4795183;-403722;290
201500001080;15;11;10;2015;3;1;1;1;5;247;;M;4797270;-398838;290
201500001081;15;11;14;2345;3;1;1;5;6;58;route de St Evarzec;M;4791557;-401442;290
201500001082;15;4;26;1100;1;2;1;2;6;216;rue de pouldreuzic;M;4797788;-416819;290
201500001083;15;3;5;1945;3;1;1;1;2;158;route de Gouesnac'h;M;4781854;-431299;290
201500001084;15;3;22;1100;1;2;1;1;3;171;Route de Penmarch;M;4784579;-427464;290
201500001085;15;4;26;615;2;1;1;2;6;171;Lieu dit le Peuliou;M;4784604;-427359;290
201500001086;15;6;7;1545;1;1;1;1;2;171;;M;4784085;-428358;290
201500001087;15;6;23;915;1;1;1;1;7;220;;M;4788476;-420118;290
201500001088;15;8;10;1915;1;2;6;1;6;220;place de pont guern;M;4786541;-422662;290
201500001089;15;2;14;1700;1;1;1;8;5;56;Kerlaran;M;4844548;-429236;290
201500001090;15;8;21;845;1;1;1;1;3;75;Kergleuz;M;4841243;-436288;290
201500001091;15;9;18;300;3;1;1;2;6;235;Kergleuz Rocade 265;M;4839888;-440944;290
201500001092;15;12;20;1645;1;2;1;2;3;245;22 rue des alouettes;M;4845013;-433164;290
201500001093;15;2;19;1015;1;1;2;2;3;181;Leavan;M;4851484;-421203;290
201500001094;15;6;22;1745;1;1;1;2;3;181;;M;4848461;-424583;290
201500001095;15;7;5;1230;1;1;1;1;6;180;Boscornou;M;4844662;-409054;290
201500001096;15;8;4;1430;1;2;9;1;3;181;Rue du Stade;M;4851362;-421615;290
201500001097;15;10;9;1845;1;1;1;1;1;156;Coat Gueguen;M;4845956;-422590;290
201500001098;15;12;4;530;3;1;1;2;7;181;RN;M;4848902;-425199;290
201500001099;15;1;19;1215;1;1;9;1;6;179;Auberge Neuve;M;4850200;-430500;290
201500001100;15;8;14;630;3;1;1;3;6;94;;M;4857719;-433596;290
201500001101;15;10;17;1145;1;1;1;1;6;94;Kernevez;M;4860500;-435400;290
201500001102;15;10;24;745;1;1;1;1;6;179;Kerouant;M;4854135;-432468;290
201500001103;15;12;5;1545;1;1;1;1;1;94;Rte de Kergoff;M;4858283;-434208;290
201500001104;15;12;11;2145;3;1;6;1;6;203; roudouan;M;4863737;-432847;290
201500001105;15;1;16;830;4;2;1;3;6;117;Rue de la liberation;M;4857305;-451815;290
201500001106;15;3;15;1800;1;2;1;1;3;117;Kerveur;M;4856156;-451305;290
201500001107;15;3;31;1715;1;2;1;1;3;117;Rue de Treglonou;M;4856597;-452460;290
201500001108;15;7;22;1530;1;1;1;1;3;195;;M;4859881;-450585;290
201500001109;15;7;31;2245;3;1;1;1;1;209;;M;4853132;-450206;290
201500001110;15;8;11;1245;1;1;1;2;3;47;Route de Lesneven;M;4853803;-437104;290
201500001111;15;9;27;1600;1;1;1;1;5;15;Petite Ile;M;4848633;-450019;290
201500001112;15;10;2;900;1;2;9;7;6;117;rue de la libйration;M;4857285;-451758;290
201500001113;15;10;3;515;3;1;1;1;7;117;Saint Julien;M;4856937;-452151;290
201500001114;15;10;5;1045;1;1;1;2;3;209;Corn Ar Quйfellec;M;4852983;-445232;290
201500001115;15;12;21;1800;5;2;1;3;6;195;Rue Bel Air;M;4860592;-450384;290
201500001116;15;1;2;1745;2;1;1;1;3;221;Kervezennoc;M;4849017;-476745;290
201500001117;15;4;14;1815;1;1;1;1;3;149;Keramoal;M;4846024;-451230;290
201500001118;15;5;14;1045;1;1;1;1;1;196;Landre ;M;4850597;-458269;290
201500001119;15;5;17;1700;1;1;1;1;1;149;Trйbaol;M;4845200;-459533;290
201500001120;15;6;1;1730;1;2;1;1;6;260;lieu dit Pontavennec;M;4842645;-460541;290
201500001121;15;6;12;1715;1;2;1;1;3;109;Rue Poullaouec;M;4853300;-472671;290
201500001122;15;6;20;1545;1;1;1;1;3;149;;M;4846688;-456667;290
201500001123;15;8;4;1245;1;1;1;1;6;99;Croas An Aber;M;4855036;-464543;290
201500001124;15;9;24;1215;1;2;1;1;6;196;rue suzanne de parceveau;M;4852694;-459834;290
201500001125;15;11;3;1630;1;2;3;1;3;17;Carrefour d268/28;M;4847687;-471600;290
201500001126;15;11;6;815;2;2;1;2;6;178;rue du Lйon;M;4854056;-464866;290
201500001127;15;11;9;1615;1;1;1;1;1;149;Kerviniou;M;4844931;-454494;290
201500001128;15;11;29;230;3;1;1;6;3;109;Kervйlйoc;M;4851676;-473536;290
201500001129;15;2;15;100;3;1;1;1;6;53;Rummengol;M;4830209;-415200;290
201500001130;15;3;1;945;1;2;1;1;6;176;9 Allee des Genets;M;4812748;-421911;290
201500001131;15;4;5;500;3;1;1;1;6;172;lieu dit Menez Kaol;M;4817716;-428965;290
201500001132;15;5;17;1530;1;1;1;1;1;240;Coativoric;M;4829131;-419801;290
201500001133;15;5;20;830;1;2;1;8;6;302;rue de brest;M;4825774;-408194;290
201500001134;15;6;28;300;3;1;1;1;6;302;Coatiskoul D21;M;4828118;-412985;290
201500001135;15;7;26;700;1;1;1;3;1;240;Kervezennec;M;4828240;-425285;290
201500001136;15;10;1;1200;1;2;1;1;1;26;63 RUE GRAVERAN;M;4819639;-409999;290
201500001137;15;10;14;845;1;1;1;1;6;176;Lanzent ;M;4814156;-423083;290
201500001138;15;1;9;800;5;2;1;3;6;24;Boulervard Jean Moulin;M;4827772;-355309;290
201500001139;15;1;17;1445;1;2;6;2;3;24;boulevard Jean Moulin;M;4827487;-355844;290
201500001140;15;5;6;1630;1;2;6;2;3;24;Rond point de Kerhenor;M;4827140;-358548;290
201500001141;15;5;15;1800;1;1;2;1;1;54;RD 764 / RD 42;M;4838928;-385800;290
201500001142;15;7;10;1900;1;2;1;1;6;81;39 route de berrien;M;4836778;-374818;290
201500001143;15;10;2;1830;1;1;1;1;3;24;Kervoasdouй;M;4828578;-354041;290
201500001144;15;10;4;500;5;2;6;1;6;24;17 ave Victor hugo;M;4827558;-357418;290
201500001145;15;10;7;2015;3;1;1;1;6;205;Kergroas Huella;M;4828786;-358314;290
201500001146;15;10;18;1400;1;1;1;1;6;54;;M;4838563;-385010;290
201500001147;15;12;6;130;3;1;1;2;1;278;;M;4818094;-374705;290
201500001148;15;12;29;1545;1;2;1;1;1;24;kervasdouй;M;4829294;-355543;290
201500001149;15;4;8;1730;1;1;1;1;3;249;Hir Gars;M;4817034;-381130;290
201500001150;15;4;16;1945;1;2;1;1;7;27;RUE DES FONTAINES;M;4818870;-381471;290
201500001151;15;9;10;1830;1;1;1;1;6;249;Croas Janus;M;4813782;-379747;290
201500001152;15;9;12;1200;1;1;1;1;6;110;Coat Goлn;M;4808225;-390533;290
201500001153;15;2;27;1600;1;1;1;1;1;280;;M;4821934;-432628;290
201500001154;15;3;30;1315;1;1;1;1;6;42;Kerdanvez;M;4824773;-443121;290
201500001155;15;6;13;2245;3;1;1;1;6;120;40 rue pen ar ero;M;4828099;-450254;290
201500001156;15;7;22;1545;1;1;1;1;3;42;Kersiguenou;M;4825712;-453816;290
201500001157;15;7;23;1830;1;1;1;1;7;120;La Maison Blanche;M;4826764;-444275;290
201500001158;15;8;1;1700;1;1;1;7;2;280;Kerjean;M;4825706;-436709;290
201500001159;15;8;7;1430;1;1;1;1;1;42;Saint Jean Leydez;M;4826633;-449896;290
201500001160;15;10;9;1230;1;1;1;1;1;42;An Drustel;M;4823288;-454016;290
201500001161;15;10;12;715;5;2;6;1;3;120; Rp du Douarou;M;4824842;-441844;290
201500001162;15;11;1;1000;1;2;1;1;6;42;rue lesquiffinec;M;4823689;-449399;290
201500001163;15;12;24;1800;2;1;1;1;6;238;Route de Quйlern;M;4830435;-455586;290
201500001164;15;4;5;45;3;1;1;1;7;211;Ty Ar Hoen;M;4833495;-378077;290
201500001165;15;1;22;1615;1;2;6;1;6;191;Sur Giratoire D9;M;4852183;-371811;290
201500001166;15;1;31;1615;1;1;1;4;7;113;Rte Plougasnou;M;4865596;-372661;290
201500001167;15;2;3;645;3;1;1;4;7;59;;M;4862572;-376854;290
201500001168;15;5;6;1315;1;1;1;1;1;207;Lieu dit Moulin du Clos;M;4853481;-379048;290
201500001169;15;5;12;1800;1;1;1;1;1;34;Penmergues;M;4845243;-378375;290
201500001170;15;5;23;330;3;1;1;5;6;207;Croas Collorec;M;4852781;-377797;290
201500001171;15;7;5;900;1;1;1;1;7;186;;M;4862623;-384693;290
201500001172;15;7;27;1245;1;1;1;2;4;59;Toulon;M;4861008;-378359;290
201500001173;15;9;24;1900;1;1;1;1;7;186;;M;4862701;-384561;290
201500001174;15;2;22;1015;1;1;1;2;3;204;Run Poulzic;M;4849917;-417386;290
201500001175;15;10;29;1745;1;1;2;1;3;266;;M;4853484;-394851;290
201500001176;15;1;21;1700;1;1;2;2;3;68;Le Rest;M;4853411;-389835;290
201500001177;15;3;17;1300;1;2;1;1;3;259;rue du budou;M;4790056;-383257;290
201500001178;15;5;10;1245;1;1;1;1;1;206;Kernic;M;4864790;-421995;290
201500001179;15;5;11;1400;1;1;2;1;3;239;Pen Ar Creac'h;M;4871897;-397247;290
201500001180;15;6;14;1845;1;1;1;1;7;287;;M;4862271;-426109;290
201500001181;15;6;16;2000;1;2;1;7;6;30;rue de Plouescat;M;4866312;-410795;290
201500001182;15;6;29;1745;1;2;6;1;2;23;Rue Albert Louppe;M;4866572;-391282;290
201500001183;15;7;30;1500;1;2;1;1;1;279;rue de mescurunec;M;4859771;-393397;290
201500001184;15;8;7;300;3;2;1;2;6;187;rue de croas hir;M;4856141;-413998;290
201500001185;15;8;28;1315;1;2;1;1;1;259;de la tour d'auvergne;M;4867880;-399047;290
201500001186;15;10;3;815;3;1;1;5;6;271;Le Roz;M;4859754;-412461;290
201500001187;15;10;17;1515;1;1;1;1;6;68;Kermat;M;4852037;-400690;290
201500001188;15;10;22;1630;1;1;1;1;4;192;Rйdйonnec ;M;4863238;-405480;290
201500001189;15;10;31;1700;1;2;1;1;1;276;La Croix;M;4866609;-406760;290
201500001190;15;11;27;2030;3;1;1;2;6;259;Keragon;M;4868782;-400881;290
201500001191;15;12;17;730;2;1;1;1;1;148;Sainte Catherine;M;4861275;-405378;290
201500001192;15;3;5;1215;1;2;1;1;1;164;rue Edgard TOUFFREAU;M;4766089;-280632;560
201500001193;15;5;7;1715;1;2;1;1;2;164;20 rue Edgar Touffreau;M;4766164;-280159;560
201500001194;15;6;20;230;4;1;1;1;6;120;;M;0;0;560
201500001195;15;6;26;1630;1;1;1;1;4;67;;M;0;0;560
201500001196;15;7;13;1145;1;1;1;1;1;8;;M;0;0;560
201500001197;15;9;13;1915;2;1;1;3;7;157;;M;0;0;560
201500001198;15;10;13;1645;1;2;1;1;5;158;42 ROUTE DE PLOEREN;M;4769356;-280784;560
201500001199;15;2;21;2030;3;1;1;2;6;194;;M;0;0;560
201500001200;15;4;9;1730;1;2;1;1;1;194;RUE DE LA BUTTE;M;4763459;-210396;560
201500001201;15;4;21;1215;1;1;1;1;3;194;;M;4759284;-210980;560
201500001202;15;6;5;1830;1;2;1;1;3;183;RUE DU HOUX;M;0;0;560
201500001203;15;8;26;1715;1;2;3;2;3;33;rue du Gйnйral de Gaulle;M;0;0;560
201500001204;15;9;26;130;3;1;1;1;1;239;;M;0;0;560
201500001205;15;11;24;1015;1;1;1;2;1;11;;M;0;0;560
201500001206;15;12;12;1700;1;2;1;9;6;61;rue de MONTAUBAN;M;4776430;-213095;560
201500001207;15;12;18;1830;3;1;1;8;1;44;;M;0;0;560
201500001208;15;9;27;1600;1;1;1;1;3;126;;M;4755954;-239514;560
201500001209;15;12;11;1030;1;1;3;1;3;58;;M;4749729;-232200;560
201500001210;15;3;14;2130;3;1;1;1;6;135;;M;0;0;560
201500001211;15;4;4;2200;3;1;1;1;7;28;;M;0;0;560
201500001212;15;4;11;1800;1;1;6;1;3;184;;M;0;0;560
201500001213;15;5;1;1500;1;1;1;9;6;254;;M;0;0;560
201500001214;15;6;3;1945;1;1;1;1;1;53;;M;4773359;-257970;560
201500001215;15;6;10;515;2;1;1;1;3;261;;M;0;0;560
201500001216;15;9;8;1845;1;1;1;1;7;123;;M;4769196;-233589;560
201500001217;15;10;18;1145;1;2;1;1;1;184;Rue du reliquaire;M;4766171;-245365;560
201500001218;15;11;3;1415;1;1;1;8;1;231;;M;0;0;560
201500001219;15;11;8;15;3;1;1;5;6;254;;M;0;0;560
201500001220;15;11;13;715;3;1;1;2;1;261;;M;0;0;560
201500001221;15;11;13;1130;1;2;7;1;6;171;rue du calvaire;M;4769632;-236405;560
201500001222;15;11;20;1930;3;1;1;8;6;53;;M;4769150;-257653;560
201500001223;15;1;4;1245;1;1;1;1;7;176;;M;0;0;560
201500001224;15;1;20;830;2;2;1;2;6;176;RUE CADOUDAL;M;4767171;-296156;560
201500001225;15;2;9;1815;1;1;6;1;3;46;;M;0;0;560
201500001226;15;4;19;1815;1;1;1;1;2;167;;M;0;0;560
201500001227;15;5;20;1245;1;1;1;1;1;46;;M;0;0;560
201500001228;15;6;3;745;1;1;1;1;1;23;;M;4768923;-302628;560
201500001229;15;6;16;1445;1;2;1;1;6;7;RUE ABBE PHILIPPE LE GAL;M;4767056;-299140;560
201500001230;15;8;6;1000;1;1;6;1;3;176;;M;0;0;560
201500001231;15;8;25;1130;1;1;1;3;7;167;;M;0;0;560
201500001232;15;10;2;2215;3;2;1;1;6;46;KERHARNO;M;0;0;560
201500001233;15;10;7;1015;1;1;1;1;3;46;;M;0;0;560
201500001234;15;10;20;2030;3;2;1;1;1;23;rue du loch;M;0;0;560
201500001235;15;11;10;830;1;1;1;1;2;7;;M;0;0;560
201500001236;15;12;18;1915;3;1;1;8;2;176;;M;4767692;-294384;560
201500001237;15;12;29;1330;1;2;1;7;3;263;RUE General DE GAULLE;M;4770387;-295489;560
201500001238;15;5;17;1715;1;2;1;1;6;152;9 Le Grande Prairie;M;4733815;-315681;560
201500001239;15;6;6;30;3;1;1;1;7;152;;M;4733668;-315776;560
201500001240;15;12;21;200;3;1;1;3;6;152;;M;0;0;560
201500001241;15;8;15;15;3;2;1;1;3;234;PLACE DE LA MARNE;M;4752121;-313134;560
201500001242;15;5;14;1130;1;2;1;1;3;130;Rue d'Hennebont;M;4773929;-323765;560
201500001243;15;5;25;800;1;1;1;1;6;130;;M;0;0;560
201500001244;15;6;17;1730;1;2;1;1;1;169;24 rue du driasker;M;0;0;560
201500001245;15;9;7;2230;5;2;6;1;6;193;Kerbernne;M;4771133;-329964;560
201500001246;15;1;29;815;2;1;6;2;2;127;;M;4807258;-228046;560
201500001247;15;3;29;500;3;2;1;1;6;80;Rue de la mairie;M;0;0;560
201500001248;15;4;27;815;1;2;6;1;1;127;rond point du stade;M;4807760;-229033;560
201500001249;15;5;7;1330;1;1;1;1;6;138;;M;0;0;560
201500001250;15;5;20;330;3;1;1;9;6;202;;M;0;0;560
201500001251;15;6;23;1515;1;1;1;1;7;139;;M;0;0;560
201500001252;15;7;7;1030;1;1;6;2;3;127;;M;0;0;560
201500001253;15;8;7;1330;1;1;1;1;2;165;;M;0;0;560
201500001254;15;8;14;900;1;2;1;8;6;165;;M;4793596;-239852;560
201500001255;15;8;29;1545;1;1;1;1;1;249;;M;0;0;560
201500001256;15;9;6;1400;1;1;9;1;2;165;;M;4792503;-234728;560
201500001257;15;10;17;1915;3;1;1;1;1;122;;M;0;0;560
201500001258;15;10;30;800;1;1;1;1;7;138;;M;4789784;-236837;560
201500001259;15;12;29;1915;3;1;1;2;6;138;;M;4789638;-236741;560
201500001260;15;5;7;2230;3;1;1;7;6;230;;M;0;0;560
201500001261;15;6;22;845;1;1;2;1;1;20;;M;0;0;560
201500001262;15;6;27;1100;1;1;1;7;6;244;;M;4780839;-250389;560
201500001263;15;12;10;800;3;1;1;1;2;180;;M;0;0;560
201500001264;15;2;15;900;1;2;1;1;3;190;belle aurore;M;0;0;560
201500001265;15;6;25;1500;1;2;1;1;6;198;route du pont d'oust;M;0;0;560
201500001266;15;9;18;1745;1;1;2;1;1;222;;M;0;0;560
201500001267;15;9;26;1730;1;1;1;1;1;17;;M;0;0;560
201500001268;15;11;3;1830;3;1;1;3;1;68;;M;4800556;-248801;560
201500001269;15;11;22;200;3;1;1;2;6;27;;M;4792260;-267641;560
201500001270;15;12;19;1500;1;1;1;1;6;172;;M;0;0;560
201500001271;15;1;11;1815;3;1;1;8;3;125;;M;4808058;-309317;560
201500001272;15;3;19;1145;1;2;1;7;7;178;LA LANDE DU MOULIN;M;0;0;560
201500001273;15;5;9;1715;1;1;3;1;3;151;;M;4802315;-291217;560
201500001274;15;5;23;1415;1;1;1;1;7;215;;M;0;0;560
201500001275;15;6;4;1730;1;1;1;1;7;245;;M;0;0;560
201500001276;15;6;5;1130;1;2;1;1;6;178;rue nationale;M;4806541;-296595;560
201500001277;15;6;17;1715;1;1;1;1;7;242;;M;0;0;560
201500001278;15;6;25;1800;1;1;1;1;1;125;;M;0;0;560
201500001279;15;7;12;500;3;1;9;1;7;41;;M;4797071;-328722;560
201500001280;15;7;15;1000;1;1;1;1;1;41;;M;0;0;560
201500001281;15;8;21;2015;2;1;1;7;7;163;;M;4807713;-333138;560
201500001282;15;8;21;2100;2;1;1;1;7;264;;M;0;0;560
201500001283;15;8;30;645;3;1;1;5;1;215;;M;0;0;560
201500001284;15;9;26;1100;1;2;1;7;6;178;RUE DU TRIBUNAL;M;4806580;-296760;560
201500001285;15;12;8;2015;3;1;1;1;3;41;;M;4809816;-307771;560
201500001286;15;12;16;2045;3;1;1;1;6;41;;M;4809427;-302093;560
201500001287;15;1;28;815;2;2;1;2;6;117;Boulevard Duguesclin;M;4788675;-283104;560