num_acc;an;mois;jour;hrmn;lum;agg;int;atm;col;com;adr;gps;lat;long;dep
201500001288;15;2;17;845;1;1;1;1;1;141;;M;0;0;560
201500001289;15;3;1;115;3;1;1;2;1;173;;M;0;0;560
201500001290;15;4;3;400;3;1;1;1;7;140;;M;0;0;560
201500001291;15;5;19;1615;1;1;1;2;7;173;;M;0;0;560
201500001292;15;5;31;730;1;1;2;2;3;173;;M;0;0;560
201500001293;15;6;10;1045;1;2;3;1;3;117;Rue Jacques Cartier;M;4788925;-283812;560
201500001294;15;6;11;830;1;1;1;1;7;174;;M;0;0;560
201500001295;15;6;29;1630;1;1;1;1;3;173;;M;4797085;-300602;560
201500001296;15;7;21;1115;1;1;1;2;6;141;;M;4782513;-287900;560
201500001297;15;8;3;2000;1;1;1;1;6;10;;M;0;0;560
201500001298;15;8;21;2215;1;2;1;1;6;74;2 RUE DU MENHIR;M;4790612;-298034;560
201500001299;15;8;27;1430;1;1;1;2;1;140;;M;0;0;560
201500001300;15;10;24;100;3;1;1;1;1;174;;M;0;0;560
201500001301;15;1;24;1000;1;1;1;1;2;14;;M;0;0;560
201500001302;15;2;21;1315;1;1;1;4;3;66;;M;0;0;560
201500001303;15;7;26;230;3;1;1;2;7;81;;M;4802588;-363673;560
201500001304;15;10;5;845;1;1;1;3;7;66;;M;0;0;560
201500001305;15;12;5;1915;3;1;2;2;1;131;;M;4799403;-344555;560
201500001306;15;12;6;500;3;1;1;1;6;60;;M;4924320;-29048;140
201500001307;15;2;28;2050;3;1;1;2;6;362;;M;4906960;12324;140
201500001308;15;3;19;1007;1;1;1;8;3;81;;M;4901970;5716;140
201500001309;15;8;1;2215;3;1;1;1;6;478;;M;4903120;38229;140
201500001310;15;1;5;1545;1;2;1;1;6;14;08 RUE BOUT MACON;M;4926620;-40294;140
201500001311;15;1;15;2145;3;2;1;1;6;66;;M;4933120;-43175;140
201500001312;15;2;19;1015;1;1;1;1;3;228;;M;4927620;-37922;140
201500001313;15;5;28;1300;1;1;2;1;3;44;;M;4928780;-41460;140
201500001314;15;6;1;1645;1;2;3;1;3;384;;M;4931490;-35538;140
201500001315;15;7;6;1845;1;1;1;7;3;228;;M;4930260;-39156;140
201500001316;15;7;18;1945;1;2;2;1;6;228;;M;4929350;-38562;140
201500001317;15;8;15;1800;1;1;1;1;7;384;;M;4930270;-36402;140
201500001318;15;9;19;645;2;2;1;5;6;228;ROUTE DE BASLY;;;;140
201500001319;15;10;19;1445;1;2;1;1;6;66;RUE DE VERDUN;M;4933430;-41152;140
201500001320;15;1;8;1845;3;1;1;6;1;257;;M;4910950;-48840;140
201500001321;15;1;12;1745;3;1;1;2;1;311;;M;4912660;-52166;140
201500001322;15;4;17;1430;1;1;1;1;6;542;;M;4922400;-44852;140
201500001323;15;4;24;745;1;1;1;1;6;747;;M;4911480;-45119;140
201500001324;15;6;6;1530;1;2;1;1;3;738;29 RUE DE L'ЙGLISE;M;4915310;-45129;140
201500001325;15;6;19;1545;1;2;2;1;1;738;RUE GЙNЙRAL LECLERC;M;4915360;-45781;140
201500001326;15;6;20;1745;1;2;1;1;7;592;CHAMP RUFFIER;M;4907280;-48989;140
201500001327;15;8;25;1445;1;1;2;8;3;747;;M;4910890;-45302;140
201500001328;15;9;29;1915;2;1;1;1;6;543;;M;4919730;-45112;140
201500001329;15;10;1;830;1;1;1;1;1;274;;;;;140
201500001330;15;10;18;1200;1;2;2;1;6;98;;;;;140
201500001331;15;7;22;900;1;1;2;7;3;675;;M;4913530;-30906;140
201500001332;15;8;18;1645;1;1;1;1;6;119;;M;4913850;-25228;140
201500001333;15;10;24;1015;1;1;1;1;7;5;;M;4907910;-14312;140
201500001334;15;12;5;1715;2;2;3;1;6;589;AVENUE DES FONTAINE;M;4899350;-30357;140
201500001335;15;12;10;1900;5;2;1;1;6;456;RD613 PK49+500;M;4911840;-17692;140
201500001336;15;6;7;1135;1;2;2;1;3;166;;M;4929120;-28261;140
201500001337;15;11;1;1745;1;1;1;1;1;530;;;;;140
201500001338;15;5;29;845;1;2;3;1;3;752;RUE DES MOUETTES;M;4908090;-64621;140
201500001339;15;8;21;1415;1;2;2;1;3;449;D217;M;4911520;-60219;140
201500001340;15;9;25;1715;1;1;1;1;6;37;;M;4907140;-55740;140
201500001341;15;12;27;1545;1;1;1;1;1;353;;M;4907960;-55631;140
201500001342;15;4;17;2115;3;1;1;1;2;328;;M;4921930;-23983;140
201500001343;15;5;1;1645;1;1;1;1;6;698;;M;4920460;-21756;140
201500001344;15;6;22;2015;1;1;1;7;1;530;;M;4923400;-26862;140
201500001345;15;8;16;1745;1;1;1;1;6;698;;M;4919830;-20778;140
201500001346;15;9;1;1015;1;1;4;1;2;640;;M;4916100;-17395;140
201500001347;15;10;20;1530;1;1;1;1;3;46;;M;4923080;-21643;140
201500001348;15;11;6;2330;3;1;1;1;2;666;;M;4917400;-25295;140
201500001349;15;12;15;1730;5;2;1;2;6;712;RUE DE ROUEN, LA POSTE;M;4918220;-18235;140
201500001350;15;2;16;1415;1;2;1;2;3;47;RTE DE VAUX SUR AURE;M;4928590;-70389;140
201500001351;15;4;25;1130;1;2;1;1;6;47;59 AVENUE GEORGES CLЙMEN;M;4927620;-69436;140
201500001352;15;5;17;1800;1;1;1;1;6;322;;M;4925350;-70985;140
201500001353;15;5;31;1045;1;1;2;1;3;680;;M;4929910;-73166;140
201500001354;15;6;29;1045;1;1;1;1;6;732;;;;;140
201500001355;15;6;26;1400;1;1;1;1;6;680;;M;4930600;-73853;140
201500001356;15;7;17;1545;1;1;1;3;3;47;;;;;140
201500001357;15;8;3;1515;1;2;1;1;6;47;BOULEVARD EINDHOVEN;;;;140
201500001358;15;9;22;1200;1;1;1;1;1;322;;M;4924610;-70775;140
201500001359;15;10;10;100;3;1;1;1;6;700;;;;;140
201500001360;15;12;15;1730;5;2;1;2;6;47;RUE MONTFIQUET;;;;140
201500001361;15;12;17;945;1;2;7;1;6;47;PLACE QUEBEC;;;;140
201500001362;15;2;27;1945;3;1;1;8;3;439;;M;4931680;-102001;140
201500001363;15;3;6;1745;1;2;1;1;6;342;RUE DU DOCTEUR BOUTROIS;M;4932010;-109884;140
201500001364;15;3;28;1600;1;1;2;2;3;551;;M;4932610;-82401;140
201500001365;15;5;3;2130;3;1;1;1;6;136;;M;4934650;-107665;140
201500001366;15;6;30;2200;2;1;1;1;6;705;;M;4923250;-93503;140
201500001367;15;7;29;2045;1;2;3;1;1;103;D5 - RUE DE BAYEUX;M;4924530;-86312;140
201500001368;15;8;5;1745;1;1;2;1;3;551;;M;4932610;-82401;140
201500001369;15;12;1;1330;1;1;1;1;6;551;;M;4932860;-82410;140
201500001370;15;12;12;2315;5;2;1;2;6;312;RD 113;M;4937770;-104762;140
201500001371;15;2;6;815;1;2;2;1;3;88;CD 658;M;4895850;-23009;140
201500001372;15;4;1;1445;1;1;1;1;7;53;;M;4888780;-7996;140
201500001373;15;6;26;1930;1;1;1;1;7;498;;M;4888300;-9284;140
201500001374;15;10;16;1715;1;1;1;8;3;753;;M;4894420;-26503;140
201500001375;15;10;30;1745;2;2;9;1;5;258;RUE TRINITЙ;;;;140
201500001376;15;10;13;1700;1;2;1;1;6;258;RUE SAINT JEAN;;;;140
201500001377;15;12;6;2000;3;1;1;1;6;501;;M;4888510;-40671;140
201500001378;15;2;21;1815;1;1;1;1;5;689;;M;4897650;-47467;140
201500001379;15;12;11;645;2;2;1;1;6;703;;M;4896050;-31033;140
201500001380;15;1;5;730;2;2;1;1;6;201;CD 613 - ROUTE DE PARIS;M;4911840;1650;140
201500001381;15;1;18;345;3;1;1;1;6;82;;M;4913340;12114;140
201500001382;15;1;28;800;5;2;1;1;6;431;AVENUE JEAN JAUR?S;M;4907290;-7597;140
201500001383;15;2;21;2000;5;2;2;4;3;431;RUE JULES GUESDE;M;4907860;-6142;140
201500001384;15;3;12;1845;2;2;1;1;1;81;ROUTE DEPARTEMENTALE 154;M;4902210;5164;140
201500001385;15;4;18;1630;1;1;1;1;6;362;;M;4906580;14219;140
201500001386;15;5;15;2130;2;1;1;1;7;697;;M;4899440;-1972;140
201500001387;15;6;7;1900;1;1;1;1;6;337;;M;4912480;10135;140
201500001388;15;8;13;1500;1;1;1;3;6;431;;M;4908290;-8640;140
201500001389;15;8;13;1750;1;1;3;1;3;654;ROUTE DE CAEN;M;4902510;-4538;140
201500001390;15;9;9;2130;3;1;1;1;7;208;;M;4911120;-10889;140
201500001391;15;9;11;2215;3;1;1;1;6;697;;M;4896920;6778;140
201500001392;15;12;24;630;3;1;1;1;7;345;;;;;140
201500001393;15;11;24;1030;1;1;9;2;3;403;;;;;140
201500001394;15;12;10;920;1;1;2;8;6;478;;M;4901230;40933;140
201500001395;15;3;18;1630;1;1;1;1;1;41;;M;4939380;19039;140
201500001396;15;3;25;700;2;1;1;4;1;32;;M;4928600;29865;140
201500001397;15;4;10;1930;1;2;1;1;3;102;;M;4922970;21748;140
201500001398;15;5;30;2000;1;1;1;1;6;534;;M;4926410;14221;140
201500001399;15;7;4;1445;1;2;2;1;3;528;;M;4932700;29610;140
201500001400;15;7;17;30;3;1;1;1;6;644;;M;4919060;30112;140
201500001401;15;7;26;300;3;1;1;1;1;86;;M;4933930;12506;140
201500001402;15;7;26;1545;1;1;1;1;1;399;;M;4926540;21096;140
201500001403;15;8;6;1130;1;2;1;1;1;131;;M;4931790;13407;140
201500001404;15;12;3;2145;3;1;3;8;1;514;;M;4927230;16757;140
201500001405;15;6;24;1930;1;2;8;1;6;660;CHEMIN DE L'ЙGLISE;M;4929120;-184;140
201500001406;15;7;4;1930;1;2;1;1;1;93;CD45 BRANVILLE;M;4927390;2193;140
201500001407;15;7;16;1215;1;1;2;1;1;316;;M;4926390;-4287;140
201500001408;15;7;29;1300;1;1;3;1;3;494;;M;4927170;-10376;140
201500001409;15;8;23;1700;1;1;2;1;3;126;;M;4914120;6170;140
201500001410;15;9;12;830;2;2;1;2;3;335;CD78;M;4916950;-5328;140
201500001411;15;9;30;700;2;1;1;1;1;473;;M;4911620;2989;140
201500001412;15;10;6;1715;1;1;3;8;3;645;;M;4929810;2319;140
201500001413;15;10;30;2130;5;2;9;1;3;229;ROUTE DU MESNIL DA;;;;140
201500001414;15;11;13;900;1;1;1;1;5;305;;M;4927530;-5960;140
201500001415;15;5;22;1310;1;1;1;1;1;618;;M;4890090;-89708;140
201500001416;15;2;5;815;1;1;1;9;6;54;;M;4889890;-95493;140
201500001417;15;3;12;245;3;1;1;5;6;513;;M;4895790;-104895;140
201500001418;15;4;14;1915;1;1;1;7;3;584;;;;;140
201500001419;15;6;24;1800;1;1;1;1;6;187;;M;4885970;-90647;140
201500001420;15;8;26;1830;1;2;1;2;1;658;;M;4884440;-105585;140
201500001421;15;9;5;30;3;1;1;1;6;717;;M;4880050;-81006;140
201500001422;15;11;25;1900;5;2;2;2;3;762;RUE DE CAEN;;;;140
201500001423;15;12;11;730;3;1;1;1;6;762;;M;4886260;-88664;140
201500001424;15;4;23;1645;1;1;3;1;2;27;;M;4900590;-61383;140
201500001425;15;5;9;1530;1;1;2;1;3;129;;M;4894510;-93065;140
201500001426;15;5;10;1100;1;1;1;1;3;443;;M;4894350;-75151;140
201500001427;15;7;10;1700;1;1;1;1;3;618;;M;4891330;-90732;140
201500001428;15;8;31;1245;1;1;1;2;3;27;;;;;140
201500001429;15;9;21;1845;1;1;1;8;5;129;;;;;140
201500001430;15;5;27;1900;1;1;3;1;3;629;;M;4900720;-88903;140
201500001431;15;3;5;1130;1;2;3;7;6;174;;M;4885060;-55045;140
201500001432;15;9;7;700;2;1;1;1;4;572;;;;;140
201500001433;15;10;13;1800;1;2;9;1;6;174;ROND POINT DE LA VICTOIR;;;;140
201500001434;15;6;27;1515;1;1;1;1;3;658;;;;;140
201500001435;15;7;27;2330;3;1;1;1;6;458;LES PONTS D'OUVE;M;4932090;-126493;500
201500001436;15;10;3;1400;1;1;2;1;3;99;ROUTE AMERICAINE;M;4931040;-126232;500
201500001437;15;11;1;1430;1;1;1;1;3;23;ROUTE DE BAUPTE;M;4930210;-133909;500
201500001438;15;12;28;1500;1;2;1;1;6;468;PLACE DE LA VAUTERIE;M;4922010;-110227;500
201500001439;15;6;17;745;1;1;1;1;3;110;COTE DES ROCS;M;4918540;-96036;500
201500001440;15;8;18;1245;1;1;1;1;6;455;RUE DU PONT DE LA PIERRE;M;4919730;-102797;500
201500001441;15;11;25;1845;3;1;2;3;3;446;HOTEL GODARD;M;4913010;-102644;500
201500001442;15;1;11;1015;1;2;1;8;6;159;RUE DES TISSERANDS;M;4904550;-122147;500
201500001443;15;2;4;2315;3;1;1;1;6;180;LE GRAND CHEMIN;M;4899830;-108845;500
201500001444;15;4;4;1815;3;2;3;5;6;313;LA CROIX А LA MAIN;M;4902820;-114439;500
201500001445;15;4;13;1630;1;2;1;1;6;637;ROUTE D'HAMBYE;M;4896020;-116767;500
201500001446;15;5;23;1645;1;1;2;1;2;295;;M;4895680;-120077;500
201500001447;15;6;9;1030;1;1;1;1;3;637;LA TOURNERIE;M;4895470;-116857;500
201500001448;15;7;3;1130;1;1;1;1;1;637;LA BRETONNIERE;M;4895910;-118682;500
201500001449;15;8;18;1930;1;2;9;1;3;592;R ST PIERRE ET MIQUELON;M;4897240;-105953;500
201500001450;15;5;18;720;1;1;1;1;4;54;R DE BARCELONE;M;4873110;237036;940
201500001451;15;6;25;1200;1;2;1;1;2;54;AV DE L'UNION;M;4872920;236738;940
201500001452;15;7;1;1630;1;2;1;1;4;54;R DE SEVILLE;M;4873020;237125;940
201500001453;15;7;3;750;1;2;1;1;4;54;AV DE L'UNION;M;4873500;236649;940
201500001454;15;7;6;700;1;1;1;1;6;54;AV DE L'OUEST;M;4872940;235963;940
201500001455;15;2;16;1000;1;1;2;1;3;444;LES CHAMPS;M;4904680;-96303;500
201500001456;15;7;9;1010;1;2;1;1;2;54;PARKING P1;M;4872850;236703;940
201500001457;15;7;11;2045;4;2;1;1;2;54;R DU MUSЙE;M;4873100;236967;940
201500001458;15;7;19;2300;5;1;1;1;2;54;A106;M;4873540;236586;940
201500001459;15;7;31;1530;1;2;1;1;6;54;AV DU SUD;M;4872820;236551;940
201500001460;15;8;27;2025;5;1;1;3;7;54;AV DE PARIS;M;4873970;236432;940
201500001461;15;8;29;1300;1;1;1;1;3;54;AV DE L'UNION;M;4873270;236197;940
201500001462;15;9;12;900;1;1;1;2;5;54;AV DU SUD;M;4873000;236616;940
201500001463;15;9;15;1825;1;1;1;1;4;54;AV DE L'AEROPORT;M;4873500;236556;940
201500001464;15;9;17;840;1;2;2;1;1;54;DEVAUX/AMSERTAM;M;4873910;236966;940
201500001465;15;10;22;1200;1;2;1;2;3;54;2  AV DU MARECHAL DEVAUX;M;4874280;236942;940
201500001466;15;4;10;730;2;1;1;7;6;32;LA HOUESLIERE;M;4909700;-102674;500
201500001467;15;6;24;815;1;2;1;1;1;601;ROUTE DE ST LO;M;4904180;-98642;500
201500001468;15;9;28;1845;1;1;2;1;3;224;LES HAIES;M;4899850;-93327;500
201500001469;15;11;5;2140;5;2;1;8;4;54;AV DE L'OUEST;M;4872870;236563;940
201500001470;15;12;26;548;2;2;1;1;6;54;R MARCEL ALBERT;M;4873870;236512;940
201500001471;15;12;14;2000;5;2;1;1;6;54;R DES TRANSPORTEURS;M;4872850;235994;940
201500001472;15;9;11;1800;1;2;3;1;3;616;R DES MARES/BD PASTEUR;M;4867790;-136126;500
201500001473;15;10;9;1100;1;1;1;1;6;406;LA LANSONNIERE;M;4871860;-132560;500
201500001474;15;10;29;1945;3;1;1;2;6;612;LA VAQUERIE;M;4867180;-141252;500
201500001475;15;11;17;1745;3;2;1;1;6;516;BOULEVARD DES VANIERS;M;4867490;-135456;500
201500001476;15;11;19;1815;1;2;1;1;7;25;RUE DU GENERAL DE GAULLE;M;4868760;-136516;500
201500001477;15;12;18;730;3;1;1;8;6;288;L'ENCLOS;M;4868030;-139477;500
201500001478;15;1;17;1530;1;1;9;1;6;281;RUE SAINT JACQUES;M;4879370;-139908;500
201500001479;15;3;6;1115;1;1;3;1;2;276;LA VALLEE;M;4871750;-140708;500
201500001480;15;4;5;645;2;1;6;1;6;565;;M;4875060;-147089;500
201500001481;15;4;21;2100;1;1;1;1;6;541;LES PAS;M;4883670;-147501;500
201500001482;15;5;3;1930;1;1;1;8;3;247;VILLAGE LE MESLIER;M;4880700;-140156;500
201500001483;15;6;27;1815;1;1;6;1;3;38;LE SCION;M;4883360;-138020;500
201500001484;15;7;10;1145;1;1;1;1;1;66;ROUTE DU BOISLEREY;M;4877560;-154683;500
201500001485;15;8;4;1745;1;2;1;1;6;167;RUE DES FORGES;M;4871150;-149693;500
201500001486;15;8;27;1815;1;1;1;2;1;38;LE PONT NEUF;M;4883640;-135431;500
201500001487;15;9;2;2100;2;1;1;1;3;447;LA HUBERDIERE;M;4879850;-152158;500
201500001488;15;9;12;215;3;1;1;1;6;276;LE HAUT PONT FOULT;M;4874510;-141325;500
201500001489;15;9;20;345;3;1;1;1;7;406;LE PARC;M;4875830;-129045;500
201500001490;15;11;10;745;2;1;1;8;5;361;LES GOSNEELS;M;4876730;-136396;500
201500001491;15;11;28;1400;1;1;2;1;3;276;LA CROIX DU GROS CHENE;M;4874850;-140631;500
201500001492;15;2;28;1900;3;1;1;3;6;168;LE CLOS LEGER;M;4861660;-126685;500
201500001493;15;3;19;900;1;1;1;1;1;410;ROUTE DU MT SAINT MICHEL;M;4860530;-151122;500
201500001494;15;5;29;1645;1;1;2;1;6;630;LA CROIX AUX PRETRES;M;4852940;-139480;500
201500001495;15;8;12;2145;5;2;1;8;2;146;LE BOURG;M;4862810;-140926;500
201500001496;15;1;23;1215;1;1;1;1;1;158;LA PONTERIE;M;4872210;-111501;500
201500001497;15;4;10;2045;2;1;1;2;1;74;LE PONT DE PIERRE;M;4871460;-117902;500
201500001498;15;6;10;1800;1;1;3;1;2;74;LE PONT ROULLAND;M;4872210;-115071;500
201500001499;15;8;1;1115;1;1;3;1;3;453;LE GUERIANT;M;4883200;-120275;500
201500001500;15;8;15;1715;1;2;1;1;6;118;;M;4883370;-131946;500
201500001501;15;8;25;900;1;1;1;2;1;525;L'AUBRIERE;M;4876440;-100625;500
201500001502;15;9;28;1745;1;1;2;7;3;453;AV EMILE LECHARPENTIER;M;4883180;-117251;500
201500001503;15;12;24;1230;1;2;2;3;3;453;;M;4884830;-120893;500
201500001504;15;1;11;1030;1;1;1;7;5;41;LE CHATEAU;M;4967090;-185410;500
201500001505;15;5;5;645;1;1;2;2;3;1;ROUTE DES PELLES;M;4960100;-174500;500
201500001506;15;6;30;1315;1;2;1;1;1;643;ROUTE DE LES PIEUX;M;4956550;-173259;500
201500001507;15;2;11;1415;1;2;1;1;3;369;LE BOURG;M;4948990;-154781;500
201500001508;15;7;20;2045;1;1;1;2;3;418;;M;4949510;-167094;500
201500001509;15;7;24;1500;1;2;1;3;6;402;ROND POINT DE LA MAIRIE;M;4951330;-180833;500
201500001510;15;8;4;1115;1;2;1;1;6;31;PLACE DE LA MAIRIE;M;4938210;-175576;500
201500001511;15;10;25;1300;1;2;3;1;1;184;ROUTE DU CHATEAU;M;4952820;-187362;500
201500001512;15;11;30;1200;1;2;1;6;6;82;ROUTE DE BARNEVILLE;M;4946650;-163739;500
201500001513;15;5;18;1900;1;2;7;1;6;400;PLACE DU GENERAL DE GAUL;M;4937910;-142185;500
201500001514;15;6;29;2230;1;1;1;1;6;509;LA VIENVILLE;M;4939980;-120041;500
201500001515;15;1;14;915;1;1;1;8;6;595;ROUTE DE SAINT PIERRE;M;4960330;-147076;500
201500001516;15;2;28;515;3;1;1;8;7;150;LE LASNIER;M;4955030;-131855;500
201500001517;15;5;20;2015;1;1;1;1;3;615;LE GENESTEL;M;4949720;-146004;500
201500001518;15;6;2;800;1;2;1;2;6;615;BOULEVARD FELIX BUHOT;M;4951010;-147457;500
201500001519;15;9;17;1900;1;1;1;1;5;87;HAMEAU AUX PETITS;M;4955890;-163001;500
201500001520;15;11;10;1315;1;1;1;1;6;196;;M;4968480;-128207;500
201500001521;15;12;12;1215;1;1;1;1;1;588;LE MONT VALOGNES;M;4954640;-149017;500
201500001522;15;12;22;1930;3;1;1;6;2;395;;M;4961020;-129270;500
201500001523;15;1;30;945;1;1;1;4;6;345;ROUTE DE PERIERS;M;4909880;-141725;500
201500001524;15;2;1;1145;1;1;1;2;6;44;;M;4906580;-134308;500
201500001525;15;6;20;1;3;1;1;1;7;58;RUE DU SENEQUET;M;4908000;-158704;500
201500001526;15;8;7;300;3;1;1;1;7;111;;M;4903120;-128056;500
201500001527;15;11;8;615;3;1;1;1;6;58;LA CLERQUERIE;M;4908280;-153844;500
201500001528;15;11;12;1915;5;2;3;1;1;111;LE BOURG;M;4902600;-128354;500
201500001529;15;12;13;1900;3;2;4;1;6;389;LES FORGES DURAND;M;4901790;-139205;500
201500001530;15;2;3;1330;1;1;2;1;3;266;HOTEL AU GENDRE;M;4892400;-141587;500
201500001531;15;5;9;1600;1;1;1;1;3;8;ROUTE DES DEUX PONTS;M;4884950;-151897;500
201500001532;15;5;13;1215;1;1;3;1;3;255;;M;4899420;-146388;500
201500001533;15;5;16;1715;1;2;1;1;1;76;RUE BRISELANCE;M;4889960;-150928;500
201500001534;15;7;16;2330;3;1;1;1;6;252;LE BULOT;M;4886950;-144117;500
201500001535;15;8;6;900;1;1;1;2;6;252;LE CASTILLON;M;4888530;-147385;500
201500001536;15;9;1;1845;1;1;1;7;6;388;RUE DES FORGES;M;4899860;-145979;500
201500001537;15;9;16;1100;1;1;2;1;3;626;LA GAULERIE;M;4889640;-137868;500
201500001538;15;10;4;1615;1;1;1;1;5;197;;M;4890950;-133363;500
201500001539;15;10;16;900;1;2;2;2;3;252;RUE DE  LA LIBERATION;M;4886950;-143093;500
201500001540;15;11;22;500;3;1;1;1;6;549;ROUTE DU BOCAGE;M;4883630;-144383;500
201500001541;15;11;26;1945;5;1;1;1;6;231;;M;4897620;-156141;500
201500001542;15;12;3;1315;1;1;9;1;1;255;RUE DE LA SIENNE;M;4899110;-146739;500
201500001543;15;12;9;1045;1;1;1;1;5;109;LA PARONNE;M;4891140;-145036;500
201500001544;15;4;12;1400;1;1;2;1;3;364;;M;4912210;-148915;500
201500001545;15;1;24;445;5;2;6;3;6;267;;M;4921220;-152871;500
201500001546;15;2;27;2145;2;1;3;1;6;267;;M;4920920;-150090;500
201500001547;15;4;19;1215;1;1;1;1;7;415;;M;4931510;-147118;500
201500001548;15;4;23;1645;1;1;2;1;3;328;LA BAILHACHERIE;M;4920570;-143668;500
201500001549;15;5;9;1730;1;2;2;1;3;403;R. FERDINAND DESPLANQUES;M;4916720;-159673;500
201500001550;15;7;4;2145;1;1;1;1;6;181;L'ANTILLERE;M;4914190;-133357;500
201500001551;15;7;4;2000;1;1;1;1;6;528;LES CLOUTIERS;M;4931530;-157964;500
201500001552;15;7;10;730;2;1;1;1;6;343;LA HURIE;M;4928570;-159607;500
201500001553;15;10;14;945;2;1;1;1;6;550;LE HAUT BOURG;M;4912410;-141450;500
201500001554;15;11;20;1730;2;2;1;1;3;558;AV DES COTES DES ISLES;M;4929380;-155473;500
201500001555;15;1;26;1015;1;2;2;2;3;582;ROUTE DE CLERISSON;M;4872390;-93017;500
201500001556;15;2;6;1700;1;1;1;1;6;200;LES VIEUX GUES;M;4867090;-84493;500
201500001557;15;2;3;600;5;2;1;1;6;494;;M;4860820;-90841;500
201500001558;15;4;6;1400;1;1;1;7;6;456;LES GIGANNIERES;M;4866220;-87113;500
201500001559;15;5;18;815;1;1;1;1;6;494;LA MARETTE;M;4860170;-90303;500
201500001560;15;8;2;1500;1;1;1;1;6;88;LE GRAND MOULIN;M;4873200;-96925;500
201500001561;15;2;2;1145;1;1;1;1;4;274;;M;4856480;-109484;500
201500001562;15;2;24;2030;3;1;2;1;3;256;;M;4859430;-123061;500
201500001563;15;1;11;1908;5;2;1;1;6;53;23, CHALLES (ALLEE);M;4621083;523659;10
201500001564;15;1;14;1425;1;1;1;1;1;451;RD1083;M;4624581;527021;10
201500001565;15;3;25;1535;1;2;7;2;6;53;1, BIBLIOTHEQUE ( RUE DE;M;4620639;522690;10
201500001566;15;1;17;1455;1;2;1;1;6;53;14, CHALLES (ALLEE);M;4620616;523014;10
201500001567;15;4;4;1735;1;2;3;2;1;53;0, MOUTHIER ( RUE LOUIS);M;4618488;523802;10
201500001568;15;1;19;1640;2;2;3;2;6;53;1 ECOLE NORMALE (RUE DE);M;4619597;521665;10
201500001569;15;4;7;640;2;2;1;1;3;53;110, BROU ( BD N?68 A 18;M;4620080;523278;10
201500001570;15;1;19;1745;5;2;1;2;6;53;18, LALANDE ( RUE);M;4620372;522332;10
201500001571;15;4;9;910;1;2;2;7;6;53;HUGO ( BD VICTOR) PAIR;;;;10
201500001572;15;1;21;715;5;2;1;2;6;53;AVENUE DE LYON;M;4619296;521327;10
201500001573;15;4;10;1344;1;2;1;1;6;53;SEMARD ( AVENUE PIERRE);M;4619771;521624;10
201500001574;15;1;26;1220;1;2;1;2;6;53;8 MAI 1945 ( BD DU);M;4619516;523004;10
201500001575;15;4;10;1410;1;2;6;1;3;451;PARIS (ROUTE DE);;;;10
201500001576;15;1;31;830;1;2;6;2;3;53;TERRASSON ( RUE PIERRE);M;4619011;522960;10
201500001577;15;4;14;1455;1;2;1;1;6;289;923, LYON ( AVE DE) A PA;;;;10
201500001578;15;2;3;805;2;2;2;5;6;53;HUCHET ( BOULEVARD EMILE;M;4619541;522524;10
201500001579;15;4;15;1700;1;2;1;1;3;53;11, JOLIOT CURIE ( BOULE;;;;10
201500001580;15;2;3;655;2;1;9;8;6;53;MERCIER (AVENUE AMEDEE D;;;;10
201500001581;15;4;17;1230;1;2;1;1;6;53;05, JOLIOT CURIE ( BOULE;;;;10
201500001582;15;2;4;725;5;2;3;1;6;53;HERRIOT ( BOULEVARD EDOU;;;;10
201500001583;15;4;18;1730;1;2;1;1;7;53;1, DE GAULLE ( BD GAL) I;M;4619995;524117;10
201500001584;15;2;12;1350;1;2;1;1;1;53;Ave ARSENE D'ARSONVAL;M;4621611;522045;10
201500001585;15;4;21;1610;1;1;2;1;3;344;snr, DOMBES (AVENUE DE L;;;;10
201500001586;15;4;21;1225;1;2;6;1;3;53;SANS, POMPIDOU ( ROND PO;M;4620741;522893;10
201500001587;15;2;16;830;1;1;1;5;1;451;Route de Meillonnas;;;;10
201500001588;15;2;20;1910;5;2;9;1;6;53;18, MAGINOT ( AVENUE ) D;;;;10
201500001589;15;4;28;937;1;2;9;1;6;53;55, LOEZE ( RUE DE );M;4620198;524858;10
201500001590;15;4;28;1200;1;2;3;1;1;53;sans, HERRIOT ( BOULEVAR;;;;10
201500001591;15;2;25;1420;1;1;1;1;4;451;PARIS (ROUTE DE);M;4622629;520532;10
201500001592;15;3;2;1720;2;2;4;1;3;451;SOURCE (RUE DE LA);M;4621485;521260;10
201500001593;15;5;5;1300;1;2;2;1;3;53;SANS, LEVRIER ( BD ANDRE;M;4620969;523015;10
201500001594;15;3;3;1235;1;2;2;1;3;53;0, KENNEDY BVD J  - IMPA;;;;10