num_acc;an;mois;jour;hrmn;lum;agg;int;atm;col;com;adr;gps;lat;long;dep
201500001595;15;5;11;2315;5;2;2;1;3;53;snr, BROU ( BD N°68 A 18;M;4620206;523175;10
201500001596;15;3;9;1200;1;2;2;1;3;53;ALBERT 1ER (RUE);M;4620666;523309;10
201500001597;15;5;26;1710;1;2;2;1;6;53;12, SEMARD ( AVENUE PIER;M;4620020;521545;10
201500001598;15;3;10;805;1;2;1;1;5;344;TREVOUX (AVENUE DE);;;;10
201500001599;15;5;29;1350;1;2;2;1;3;53;2 TER, BERT (AVENUE PAUL;M;4620195;522072;10
201500001600;15;3;17;720;1;1;2;1;3;451;SANS, GREFFETS ( ROUTE D;M;4624992;520585;10
201500001601;15;6;2;810;1;2;1;1;2;53;4, LITTRE ( RUE);M;4620286;522836;10
201500001602;15;1;26;1530;1;1;1;2;1;394;;M;4829151;58735;610
201500001603;15;6;3;1315;1;2;1;1;6;344;47, MONTBELIARDE (RUE DE;M;4621459;520387;10
201500001604;15;6;8;1725;1;2;3;1;6;53;10, HUGO ( BD VICTOR) PA;M;0;0;10
201500001605;15;6;13;1945;1;2;1;1;2;344;338, CHARPINE (RUE DE LA;M;4619786;520338;10
201500001606;15;6;24;1425;1;2;2;1;3;53;KENNEDY BVD J  - IMPAIR;M;0;0;10
201500001607;15;6;26;740;1;1;1;1;5;451;STRASBOURG (ROUTE DE);;;;10
201500001608;15;6;26;1048;1;1;2;1;3;53;SEILLON ( ROUTE DE);M;4617666;523423;10
201500001609;15;7;1;1245;1;2;6;7;3;53;12, PAQUERETTES ( CHEMIN;M;4621760;522767;10
201500001610;15;7;2;1635;1;1;3;1;3;53;MONTHOLON (RUE) IMPAIR;M;4619890;521049;10
201500001611;15;7;6;1910;1;2;1;1;6;53;5, CLAVAGRY ( RUE);M;4620418;522411;10
201500001612;15;7;9;1653;1;2;1;1;1;289;2375, LYON ( AVE DE) A P;M;4617310;519831;10
201500001613;15;7;18;945;1;2;6;1;6;53;2 av du champ de foire;M;4620740;522914;10
201500001614;15;7;23;1250;1;2;2;1;3;53;sans, LEVRIER (BD ANDRE);M;0;0;10
201500001615;15;7;23;2315;5;2;2;1;3;451;436, GELIERE ( CHEMIN DE;M;4624410;521939;10
201500001616;15;8;2;1330;1;2;3;1;6;53;snr, CROIX BLANCHE ( RUE;M;4621034;525867;10
201500001617;15;8;4;1545;1;1;2;1;3;289;SANS, FORET DE SEILLON (;M;0;0;10
201500001618;15;8;28;1335;1;2;5;1;6;53;snr, KENNEDY BVD J  - IM;M;0;0;10
201500001619;15;8;29;900;1;1;3;1;2;289;snr, SAINT ROCH (CHEMIN;M;4619303;522361;10
201500001620;15;9;4;1830;1;1;2;1;3;451;STRASBOURG (ROUTE DE);M;0;0;10
201500001621;15;9;16;925;1;1;1;2;7;53;LAC ( route du );M;4619224;527112;10
201500001622;15;9;16;1245;1;2;2;1;3;53;SNR, ALSACE LORRAINE (AV;M;4620410;522417;10
201500001623;15;9;19;2055;5;2;6;2;3;53;snr, SAINT ROCH (RUE);M;4619360;522508;10
201500001624;15;9;22;735;1;1;1;1;7;53;snr, LAC ( route du );M;4619222;527100;10
201500001625;15;9;23;1122;1;2;5;8;3;53;sans, KENNEDY BVD J  - P;M;0;0;10
201500001626;15;9;28;1710;1;2;2;1;6;53;245, HUIT MAI 1945 ( BD;M;4619560;523690;10
201500001627;15;9;29;1744;1;2;1;1;3;53;18, MONTESQUIEU (RUE);M;4618933;522715;10
201500001628;15;10;1;1720;1;2;2;1;5;53;MERCIER (AVENUE AMEDEE D;;;;10
201500001629;15;10;2;800;1;2;2;1;2;53;11, MAGINOT ( AVENUE ) D;M;4620795;522759;10
201500001630;15;10;7;2220;5;2;2;2;3;53;VERNE (AVENUE JEAN MARIE;M;4619543;522519;10
201500001631;15;10;9;2135;5;2;1;1;2;53;55, JAURES (AVENUE JEAN;M;4619770;521675;10
201500001632;15;10;10;1005;1;2;3;5;6;53;TEYSSONNIERE ( RUE DU CO;M;4619690;521461;10
201500001633;15;10;15;1410;1;2;6;2;2;53;MARBOZ (route de - PAIRS;M;4622840;522936;10
201500001634;15;10;21;1409;1;1;3;1;3;344;SANS, TREVOUX (AVENUE DE;M;4619840;517531;10
201500001635;15;10;25;1425;1;2;9;1;3;53;SEMARD (AVENUE PIERRE);M;4620052;521534;10
201500001636;15;11;3;1905;5;2;3;1;3;53;47, MAGINOT AVENUE ) DE;M;4621056;522275;10
201500001637;15;11;6;1455;1;1;2;1;3;289;snr, BOULEAUX ( CHEMIN D;M;4617672;523421;10
201500001638;15;11;7;1930;5;2;5;1;2;53;SANS, JOLIOT CURIE ( BOU;M;4620799;523588;10
201500001639;15;11;22;1450;1;2;6;8;3;53;bd Paul Valery;M;4619510;522951;10
201500001640;15;11;25;1720;5;2;6;3;6;53;64, MERCIER (AVENUE AMED;M;4620274;524511;10
201500001641;15;12;11;1838;5;2;3;1;3;53;04, CHAMP DE FOIRE ( AVE;M;4620710;522983;10
201500001642;15;12;13;1835;5;2;7;1;6;53;SANS, NEUVE ( PLACE);M;4620547;522686;10
201500001643;15;12;16;1035;1;2;2;1;3;53;ROBIN (RUE CHARLES);;;;10
201500001644;15;12;22;2340;5;2;1;1;7;53;VERNE (AVENUE JEAN MARIE;M;4619714;522554;10
201500001645;15;9;28;1545;1;2;1;1;1;382;;M;4845795;-6074;610
201500001646;15;11;6;1215;1;1;1;2;1;213;;M;4847516;-11831;610
201500001647;15;1;6;1800;3;1;1;5;1;284;;M;4860119;31826;610
201500001648;15;1;13;600;3;1;1;1;1;249;;M;4865386;3949;610
201500001649;15;1;26;1445;1;1;1;1;6;294;;M;4863519;8027;610
201500001650;15;3;8;2030;3;1;1;1;1;412;;M;4847989;39225;610
201500001651;15;3;27;1730;1;2;4;1;6;156;Carrefour D42 et D326;M;4854120;24643;610
201500001652;15;5;6;830;1;2;1;2;4;464;8 rue du 8 mai 1945;M;4859552;17049;610
201500001653;15;8;1;1000;1;1;4;1;3;249;;M;4865983;2469;610
201500001654;15;8;16;1745;1;1;1;1;6;258;;M;4850689;37890;610
201500001655;15;9;20;1930;1;1;2;1;3;166;;M;4863735;41051;610
201500001656;15;11;23;1015;1;1;3;1;3;481;;M;4863296;39655;610
201500001657;15;12;14;1430;1;1;1;1;7;415;;M;4850783;32788;610
201500001658;15;1;5;1915;3;1;1;5;1;283;;M;4880027;-9908;610
201500001659;15;2;15;600;3;1;1;5;7;474;;M;4877639;7002;610
201500001660;15;3;3;1715;1;1;3;1;2;371;;M;4868024;-17210;610
201500001661;15;7;9;1645;1;1;1;1;6;344;;M;4863062;-21613;610
201500001662;15;8;13;1915;1;1;1;2;1;339;;M;4877279;-24908;610
201500001663;15;9;23;1745;1;1;2;1;3;199;;M;4878631;16158;610
201500001664;15;9;16;1330;1;1;1;1;6;83;;M;4880212;12239;610
201500001665;15;2;1;245;3;2;7;2;6;460;;M;4889442;33807;610
201500001666;15;2;7;1830;2;1;2;1;3;108;;M;4879593;35916;610
201500001667;15;2;10;1745;3;1;1;1;7;310;;M;4868603;21146;610
201500001668;15;4;26;1915;2;1;1;3;7;493;;M;4881809;36818;610
201500001669;15;5;9;845;1;1;1;1;1;103;;M;4882902;33399;610
201500001670;15;6;12;2000;1;1;1;1;1;131;;M;4876320;24505;610
201500001671;15;7;12;1200;1;1;2;1;2;385;;M;4879472;34433;610
201500001672;15;9;5;1900;1;1;1;3;6;110;;M;4872558;17404;610
201500001673;15;10;8;1200;1;2;1;1;1;508;10 Avenue des Canadiens;M;4892138;19925;610
201500001674;15;5;9;1815;1;1;1;1;7;201;;M;4861047;-63094;610
201500001675;15;6;9;645;1;1;2;1;1;421;;M;4854562;-71017;610
201500001676;15;9;22;2015;3;1;1;1;2;369;;M;4866043;-60656;610
201500001677;15;9;28;1815;1;2;1;7;6;145;Rue de la gare;M;4859058;-65817;610
201500001678;15;10;26;1800;2;1;3;1;5;75;;M;4851489;-64194;610
201500001679;15;11;6;1945;3;2;3;2;3;163;La Colliniиre;M;4866182;-5135;610
201500001680;15;12;6;1415;1;1;2;8;1;75;;M;4847465;-62542;610
201500001681;15;12;21;1345;1;1;1;1;5;369;;M;4864859;-61932;610
201500001682;15;12;26;1630;2;2;3;1;1;163;RUE DE BRIOUZE;M;4866472;-51595;610
201500001683;15;3;22;1500;1;1;1;1;6;463;;M;4862746;-42775;610
201500001684;15;4;1;1015;1;2;2;8;3;168;;M;4859030;-35938;610
201500001685;15;7;10;1315;1;2;3;1;3;63;grande rue;M;4869722;-36888;610
201500001686;15;7;20;1630;1;1;1;1;1;96;;M;4853097;-46244;610
201500001687;15;8;10;815;1;2;2;1;6;168;D 916;M;4859131;-36628;610
201500001688;15;9;25;2300;3;1;1;1;1;332;;M;4870499;-34063;610
201500001689;15;10;14;1830;2;2;1;2;6;431;16 rue de la forge;M;4858399;-41679;610
201500001690;15;11;23;845;1;1;2;1;3;463;;M;4863546;-39352;610
201500001691;15;11;24;1045;2;1;5;2;3;168;;M;4856148;-39562;610
201500001692;15;12;31;1415;1;2;1;1;3;94;28 Rue des brousses;M;4870527;-58637;610
201500001693;15;1;30;1315;1;1;1;1;7;94;;M;4869584;-60572;610
201500001694;15;3;8;30;3;1;1;1;7;513;;M;4871369;-77344;610
201500001695;15;6;5;1830;1;1;1;1;3;486;;M;4875412;-73432;610
201500001696;15;6;30;1530;1;1;1;1;6;443;;M;4873512;-63935;610
201500001697;15;9;24;1410;1;1;2;2;3;69;;M;4884470;-45030;610
201500001698;15;10;22;2015;3;1;1;1;1;486;;M;4876849;-74196;610
201500001699;15;10;31;2315;3;1;1;1;1;221;;M;4874405;-47446;610
201500001700;15;12;17;1415;1;1;1;1;6;70;;M;4881274;-60123;610
201500001701;15;12;30;1930;3;1;1;1;6;7;;M;4877383;-50960;610
201500001702;15;3;5;1700;1;2;1;1;6;414;27 RUE DE LA POUDRIERE;M;4851351;54691;610
201500001703;15;3;12;1315;1;1;1;1;1;97;;M;4847635;67031;610
201500001704;15;5;26;1200;1;2;1;1;6;293;Rue Pierre Boucher;M;4852197;54543;610
201500001705;15;6;22;1000;1;2;1;1;6;293;58 rue des dйportйs;M;4851817;54897;610
201500001706;15;7;17;1845;1;1;1;1;2;438;;M;4859060;48175;610
201500001707;15;7;28;1645;1;1;1;2;1;450;;M;4846614;41498;610
201500001708;15;10;30;140;3;1;1;1;6;475;;M;4863910;58321;610
201500001709;15;11;2;1845;5;2;1;1;3;255;rue catinat;M;4844933;62077;610
201500001710;15;12;12;1845;3;1;1;1;6;229;;M;4851286;59782;610
201500001711;15;7;12;615;2;1;1;1;6;246;;M;4826916;77149;610
201500001712;15;9;19;1500;1;1;1;1;1;5;;M;4835658;55895;610
201500001713;15;9;21;2330;3;1;1;3;6;426;;M;4835273;52247;610
201500001714;15;12;17;1815;3;1;2;1;1;337;;M;4832839;73077;610
201500001715;15;1;10;1900;5;2;6;2;6;457;RUE DE SAINT EVROULT;M;4878844;58239;610
201500001716;15;4;29;1200;1;2;1;1;7;506;;M;4885814;45767;610
201500001717;15;5;30;1200;1;1;1;1;7;208;;M;4868022;69843;610
201500001718;15;6;20;1815;1;1;1;1;7;456;;M;4877850;66269;610
201500001719;15;8;8;2200;3;1;6;1;6;432;;M;4875916;67476;610
201500001720;15;8;16;1200;1;2;6;1;3;456;Lieu-dit Anglures;M;4876105;64136;610
201500001721;15;9;18;1700;1;1;1;2;7;440;;M;4872763;62145;610
201500001722;15;10;9;1930;2;1;1;1;3;386;;M;4879234;44047;610
201500001723;15;10;28;1715;1;1;1;1;6;193;;M;4881648;50409;610
201500001724;15;4;2;1700;1;1;1;1;1;491;;M;4859781;68341;610
201500001725;15;7;9;2045;1;2;1;1;6;206;lieu-dit La Motte;M;4859673;72367;610
201500001726;15;8;7;2015;1;2;8;1;3;116;RD 10;M;4838220;84746;610
201500001727;15;8;8;330;3;1;1;1;7;230;;M;4853613;74011;610
201500001728;15;8;19;1730;1;1;1;8;7;61;;M;4844188;88141;610
201500001729;15;8;27;1645;1;1;1;3;1;343;;M;4863410;67920;610
201500001730;15;11;2;1745;2;2;1;1;6;345;RUE DE MONTHUE;M;4842891;76646;610
201500001731;15;1;15;800;3;2;1;3;6;172;RUE LOUIS ARMAND;M;4726390;-148762;440
201500001732;15;3;27;700;1;2;3;1;3;172;71 rue Louis Gaudin;M;4725870;-148749;440
201500001733;15;4;10;1;5;1;1;1;1;109;;M;4727100;-147728;440
201500001734;15;11;21;1715;1;2;1;1;6;204;rue du saule blanc;M;4726510;-144243;440
201500001735;15;9;18;1415;1;1;1;3;1;142;genicot;M;4704146;-141539;440
201500001736;15;4;9;1545;1;1;1;1;3;26;;M;4728680;-144494;440
201500001737;15;11;8;345;5;1;1;1;1;26;rue de la madeleine;M;4726700;-149500;440
201500001738;15;11;24;1215;1;2;1;2;3;26;rue de chambord;M;4727640;-148222;440
201500001739;15;1;30;2135;5;1;1;8;7;43;cours marches bretagne;M;4708331;-128484;440
201500001740;15;2;11;1600;1;2;6;1;3;43;Route de St Hilaire;M;4708700;-128700;440
201500001741;15;3;6;2100;3;1;1;1;6;127;La basse sauvagиre;M;0;0;440
201500001742;15;3;20;1545;1;1;1;2;1;142;la chalйnie;M;4702912;-140515;440
201500001743;15;4;16;1645;1;2;3;1;3;43;route de gorges;M;4709800;-128900;440
201500001744;15;5;6;2000;2;2;1;1;7;100;32 rue de la mairie;M;4712962;-135351;440
201500001745;15;6;4;745;1;1;2;1;1;64;le carteron;M;4712200;-129500;440
201500001746;15;5;16;800;3;1;1;1;6;22;;M;4704570;-112285;440
201500001747;15;7;6;745;1;1;1;7;1;22;la moussaudiиre;M;4704286;-116872;440
201500001748;15;9;19;2030;2;1;1;1;2;100;;M;4710974;-133871;440
201500001749;15;10;21;915;1;2;1;1;6;2;;M;4707669;-140052;440
201500001750;15;1;3;945;1;1;1;2;1;155;La roussiиre;M;4701582;-158875;440
201500001751;15;1;9;700;3;1;1;3;6;188;;M;4703900;-165600;440
201500001752;15;2;1;1345;1;1;1;1;2;81;la nouette;M;4691800;-154800;440
201500001753;15;2;6;1830;3;1;1;1;6;188;les grolles;M;4705900;-157400;440
201500001754;15;1;13;1015;1;2;1;2;6;206;rue du general charette;M;4690300;-167600;440
201500001755;15;3;18;1845;2;1;2;1;3;174;beausoleil;M;4704807;-172800;440
201500001756;15;6;19;2245;3;1;1;1;2;41;;M;4709731;-155431;440
201500001757;15;8;21;2015;1;1;1;1;1;188;le maupas;M;4700740;-165695;440
201500001758;15;1;5;800;1;1;2;1;1;32;Les gautronniиres;M;4716596;-134151;440
201500001759;15;5;17;900;1;1;2;1;1;212;la debaudiиre;M;4714429;-125198;440
201500001760;15;7;23;1430;1;1;1;1;6;212;;M;4715499;-125765;440
201500001761;15;7;29;630;2;1;1;1;6;169;la mouronniиre;M;4724330;-144254;440
201500001762;15;7;27;1100;1;1;1;1;1;141;l'йnaudiиre;M;4724590;-126115;440
201500001763;15;9;5;1530;1;1;1;1;3;29;le chapitre;M;4727300;-133100;440
201500001764;15;9;24;1545;1;2;1;1;6;108;route de la vendйe;M;4713819;-128236;440
201500001765;15;9;27;1300;1;1;1;1;1;212;la chevalerie;M;4717476;-127866;440
201500001766;15;7;15;1800;1;2;2;7;3;198;intersection D115 N137;M;4714039;-152112;440
201500001767;15;10;3;1700;1;1;1;1;1;198;rue de nantes;M;4715150;-153448;440
201500001768;15;10;17;1800;1;2;1;1;6;215;BOULEVARD LUC DEJOIE;M;4716900;-145780;440
201500001769;15;11;7;1045;1;1;1;1;2;215;rte de la haye fouassiиr;M;4716220;-144445;440
201500001770;15;11;20;1715;1;2;1;1;3;215;route de la gare;M;4718061;-147526;440
201500001771;15;11;23;1945;5;2;1;1;3;215;BOULEVARD DE L EUROPE;M;4716886;-146620;440
201500001772;15;12;23;1745;3;1;1;1;5;37;;M;0;0;440
201500001773;15;9;20;1830;1;1;1;1;1;77;la ribaudiиre;M;4749338;-142481;440
201500001774;15;6;8;700;2;1;1;1;1;96;le bois rution;M;4740786;-121832;440
201500001775;15;7;12;1900;1;1;1;1;1;17;la chaise;M;4751263;-120591;440
201500001776;15;9;8;1215;1;2;2;1;5;3;BD Jules Verne;M;4738279;-117919;440
201500001777;15;10;2;845;1;1;1;1;1;180;4 rue de la charlotte;M;4752528;-118028;440
201500001778;15;11;4;745;2;1;3;2;4;96;le pont esnault;M;4742108;-129567;440
201500001779;15;11;20;1830;3;1;1;2;6;213;;M;0;0;440
201500001780;15;12;31;1345;1;1;1;1;6;4;;M;0;0;440
201500001781;15;12;23;2145;3;1;1;1;1;117;;M;4713500;-132700;440
201500001782;15;4;10;1830;1;1;1;8;7;77;la malmandiиre;M;4751813;-138212;440
201500001783;15;6;1;1715;1;1;1;1;1;82;la bizetterie;M;4742484;-136476;440
201500001784;15;6;11;1500;1;1;2;1;3;28;la babonniиre;M;4733814;-134172;440
201500001785;15;8;2;1715;1;2;1;1;6;82;300 rue des Lilas;M;4741139;-137095;440
201500001786;15;10;5;1400;1;1;1;2;1;77;ste marie;M;4748130;-144817;440
201500001787;15;4;11;1000;1;1;1;1;7;107;le boulay;M;4742753;-133983;440
201500001788;15;1;6;815;3;1;3;1;7;153;;M;4771402;-148079;440
201500001789;15;1;30;815;2;1;1;9;7;78;aire du calvaire;M;4768328;-118130;440
201500001790;15;2;9;845;1;1;2;1;3;146;la plumarie;M;0;0;440
201500001791;15;2;15;1900;5;2;1;1;6;36;rue du faubourg de bйrй;M;4772344;-138467;440
201500001792;15;4;13;1345;1;2;6;1;3;36;Avenue du gйnйral Patton;M;4770608;-138416;440
201500001793;15;5;6;2330;3;2;6;1;6;199;D771;M;4773939;-129777;440
201500001794;15;6;14;1645;1;1;1;1;6;99;le pas hervй;M;4762039;-141373;440
201500001795;15;6;22;1030;1;1;1;1;3;31;;M;4762985;-120504;440
201500001796;15;9;6;530;3;1;1;1;2;54;le breil;M;4770019;-135142;440
201500001797;15;9;17;730;1;2;1;1;3;36;rue 27 otages;M;4771942;-136274;440
201500001798;15;12;22;1530;1;2;1;8;2;36;rue Alsace Lorraine;M;0;0;440
201500001799;15;1;4;1245;1;1;1;8;6;67;Callac;M;4761547;-182156;440
201500001800;15;1;22;2340;3;2;1;9;6;111;lieudit l'йpine;M;4737076;-170444;440
201500001801;15;5;17;1530;1;1;1;1;2;7;;M;4763826;-198891;440
201500001802;15;5;18;915;1;1;1;1;1;15;la roziais;M;4747106;-173776;440
201500001803;15;5;26;700;1;1;2;1;3;7;la clause;M;4764300;-197088;440
201500001804;15;6;7;930;1;2;1;1;3;56;27 rue MALAQUET;M;4741066;-179487;440
201500001805;15;6;8;1615;1;2;1;1;6;185;AVENUE JEAN BUREL;M;4764535;-207562;440
201500001806;15;6;23;2130;2;1;1;1;1;15;le port d'o;M;4746857;-183713;440
201500001807;15;7;5;1830;1;1;1;1;7;67;la fontaine;M;4769053;-183786;440
201500001808;15;7;10;1300;1;1;1;1;1;56;le retentais;M;0;0;440
201500001809;15;7;31;1215;1;1;1;1;7;62;la maillardais;M;4752615;-176771;440
201500001810;15;8;2;1615;1;1;2;1;3;23;Saint-Eloi;M;4741699;-189421;440
201500001811;15;8;23;500;1;1;1;2;6;67;le port jarnier;M;4762859;-186957;440
201500001812;15;9;5;1145;1;1;3;7;3;15;la desertais;M;4746099;-183327;440
201500001813;15;9;21;915;1;1;1;5;1;67;le pont de la rondelle;M;4762840;-185859;440
201500001814;15;10;9;1830;1;1;1;1;5;23;;M;4744857;-186413;440
201500001815;15;10;16;1115;1;1;2;1;1;44;;M;4764312;-176787;440
201500001816;15;11;10;15;5;2;1;1;6;185;rue des Chкnes;M;0;0;440
201500001817;15;11;9;1200;1;1;1;1;7;7;;M;0;0;440
201500001818;15;12;7;430;5;1;6;9;7;185;;M;0;0;440
201500001819;15;1;29;845;2;2;1;8;6;73;Rue de l'Ocean;M;4741377;-165335;440
201500001820;15;2;4;430;3;1;1;1;6;122;la rioteliиre;M;4741896;-143708;440
201500001821;15;2;14;1100;1;1;2;1;1;110;Le rondeau;M;4741826;-151967;440
201500001822;15;3;17;1830;1;2;1;1;6;110;route d'hйric;M;4743751;-150103;440
201500001823;15;3;25;1545;1;1;1;1;1;122;marchanderie boudiniиre;M;4743034;-145824;440
201500001824;15;5;12;745;1;1;3;1;1;179;la noe;M;4734947;-146491;440
201500001825;15;5;20;330;3;1;1;1;6;179;beauchene;M;4735782;-145777;440
201500001826;15;5;29;1900;1;1;1;1;1;27;la liniиre;M;4739459;-154475;440
201500001827;15;10;2;2030;5;2;6;1;3;110;Quai Saint Georges;M;4743981;-149441;440
201500001828;15;10;20;1945;3;1;1;1;2;73;l'йcobut;M;4744768;-164539;440
201500001829;15;11;1;545;3;1;1;1;7;73;la remaudais;M;4745007;-166546;440
201500001830;15;12;2;1230;1;1;2;1;3;73;;M;0;0;440
201500001831;15;12;23;1845;5;2;1;1;6;110;Boulevard Paul Doumer;M;0;0;440
201500001832;15;12;26;1930;3;1;2;1;3;73;;M;0;0;440
201500001833;15;2;17;2315;3;1;1;1;6;113;;M;4756214;-158675;440
201500001834;15;4;26;1630;1;1;1;1;6;113;Le petit perray;M;4755519;-161559;440
201500001835;15;2;5;800;5;2;1;1;6;18;rue de Pornic;M;4714391;-169352;440
201500001836;15;3;21;15;1;1;1;1;1;39;;M;4718702;-180283;440
201500001837;15;4;12;1445;1;1;1;1;7;171;la chausserie;M;4714920;-169906;440
201500001838;15;5;17;1600;1;1;1;1;2;130;la malabrit;M;4710944;-154267;440
201500001839;15;7;16;1900;1;1;1;1;3;150;rte de la groizonnerie;M;4713100;-162312;440
201500001840;15;8;11;1630;1;1;1;2;7;130;;M;4714273;-157212;440
201500001841;15;8;21;1500;1;1;6;1;3;101;;M;4717650;-167970;440
201500001842;15;9;12;1730;3;1;1;1;6;130;rue des trois moulins;M;4714953;-156133;440
201500001843;15;9;22;815;1;1;1;2;3;18;;M;4714860;-164149;440
201500001844;15;10;26;130;5;1;1;2;6;130;la bauche tue loup;M;4713876;-155202;440
201500001845;15;11;23;1730;2;2;1;1;6;130;Rue de Nantes - D65;M;0;0;440
201500001846;15;5;7;1730;1;2;1;1;7;126;23 boulevard de la prйe;M;4715047;-222393;440
201500001847;15;5;30;2230;5;2;1;1;3;40;rue de pornic;M;4711962;-192259;440
201500001848;15;6;6;2000;1;1;1;1;6;131;la gauviniиre;M;4712069;-215750;440
201500001849;15;8;20;1145;1;1;1;1;3;164;noyeux;M;4707600;-188500;440
201500001850;15;9;27;930;1;1;1;1;2;126;chantepie;M;4713315;-216434;440
201500001851;15;9;27;1800;1;1;1;1;3;131;;M;4710924;-204815;440
201500001852;15;10;5;945;1;1;1;1;1;40;;M;4712502;-192406;440
201500001853;15;10;6;1200;1;1;2;2;1;164;la carrouиre;M;4707449;-188965;440
201500001854;15;10;17;2245;3;1;1;1;1;164;;M;4708405;-185948;440
201500001855;15;12;2;815;2;1;1;1;1;131;;M;0;0;440
201500001856;15;1;12;745;5;2;1;1;3;116;Boulevard Dumesnildot;M;4728680;-202772;440
201500001857;15;4;22;1300;1;1;1;1;1;38;la lande des vents;M;4718929;-199054;440
201500001858;15;5;29;430;3;1;1;1;2;154;;M;4720007;-214774;440
201500001859;15;6;20;1215;1;1;3;1;3;192;la ville en bois;M;4727648;-201167;440
201500001860;15;6;24;2030;1;1;1;1;6;61;le grand patureau;M;4725448;-193142;440
201500001861;15;7;5;1615;1;1;1;1;5;182;;M;4717884;-214509;440
201500001862;15;8;20;1815;1;2;3;1;3;154;Avenue Raymond Poincare;M;4725670;-216026;440
201500001863;15;9;9;1000;1;1;1;1;4;46;le petit perret;M;4727663;-207953;440
201500001864;15;10;1;2100;3;1;2;1;3;61;;M;0;0;440
201500001865;15;10;4;2045;3;1;1;2;6;61;;M;4725260;-195715;440
201500001866;15;10;31;400;3;1;1;1;6;192;la grande voirie;M;4725126;-198771;440
201500001867;15;12;16;915;1;1;1;2;5;46;;M;0;0;440
201500001868;15;2;17;1645;2;1;1;1;6;87;les petites loges;M;4696747;-182471;440
201500001869;15;3;2;1215;1;2;1;1;1;186;rue de bel air;M;4710627;-181335;440
201500001870;15;4;27;1730;1;1;1;1;6;87;l'ouche tison;M;4702303;-182154;440
201500001871;15;5;2;1215;1;1;1;3;6;119;l'etoile;M;4699311;-176115;440
201500001872;15;5;8;915;1;1;1;1;6;90;;M;4699635;-169225;440
201500001873;15;6;8;1830;1;1;2;1;3;145;la chaussйe de retz;M;4719385;-185107;440
201500001874;15;6;26;215;3;2;1;1;1;178;rue de la colombe;M;4711066;-173534;440
201500001875;15;7;4;1915;1;1;2;1;3;181;l'hermitage;M;0;0;440
201500001876;15;8;30;1715;1;1;1;1;1;119;beausйjour;M;4699298;-176471;440
201500001877;15;12;18;2000;3;1;1;1;1;119;;M;0;0;440
201500001878;15;5;22;815;1;2;1;1;1;47;rue des  alouettes;M;4721323;-174526;440
201500001879;15;7;7;915;1;1;2;1;3;47;les haies;M;4725629;-172139;440
201500001880;15;8;28;1615;1;1;1;1;1;47;;M;4724590;-172881;440
201500001881;15;9;27;530;3;1;1;1;6;194;la guillocherie;M;4725645;-168912;440
201500001882;15;10;8;1130;1;2;6;1;3;47;Rue du Stade;M;4721802;-168261;440
201500001883;15;10;14;730;2;1;1;1;1;47;;M;4723280;-170481;440
201500001884;15;12;2;1530;1;2;6;1;3;47;rue Henri Gautier;M;0;0;440
201500001885;15;1;2;1530;1;2;1;1;1;183;CD 52 - face au n 6;M;4738960;-243556;440
201500001886;15;1;10;400;3;1;1;2;6;69;;M;4731495;-240839;440
201500001887;15;1;10;1830;3;1;1;2;6;183;theleac;M;4740379;-241544;440
201500001888;15;1;19;1100;1;2;1;7;6;72;Boulevard de briиre;M;4745300;-231300;440
201500001889;15;4;2;730;1;1;1;1;3;69;rte de st lyphard;M;4734216;-240542;440
201500001890;15;4;7;1615;1;2;3;1;3;183;;M;4738937;-242601;440
201500001891;15;4;8;815;1;2;6;1;3;69;rd pt de la briиre;M;4734134;-242761;440
201500001892;15;5;15;1345;1;1;1;1;7;69;rte de sandun;M;4733402;-238504;440
201500001893;15;5;27;1900;1;2;1;1;3;49;17 rue aristide briand;M;4728698;-250520;440