num_acc;an;mois;jour;hrmn;lum;agg;int;atm;col;com;adr;gps;lat;long;dep
201500001894;15;6;9;730;1;1;2;1;3;175;les quatre routes;M;4736016;-237408;440
201500001895;15;6;12;1615;1;2;6;1;3;69;rue des patis;M;4732730;-241292;440
201500001896;15;7;4;1600;1;1;1;1;1;69;clis;M;4733674;-246729;440
201500001897;15;7;21;1200;1;2;1;2;6;69;avenue de la briere;M;4733500;-242700;440
201500001898;15;7;25;2230;3;2;1;1;1;97;route de guerande;M;4737990;-245991;440
201500001899;15;7;15;1415;1;1;6;1;3;69;rd pt du parc;M;4734137;-242732;440
201500001900;15;8;5;1915;1;1;3;1;3;151;;M;4733681;-233300;440
201500001901;15;8;15;1645;1;1;1;1;6;97;;M;4739880;-248492;440
201500001902;15;9;5;1600;1;1;1;1;1;69;route des marais;M;4732600;-246614;440
201500001903;15;9;9;445;3;1;1;1;6;72;pompas;M;4740862;-235188;440
201500001904;15;9;9;1330;1;1;1;1;2;30;le haut de ranretz;M;4744654;-226458;440
201500001905;15;9;18;645;2;2;1;8;6;69;bd du gйnйral DE GAULLE;M;4733011;-243543;440
201500001906;15;9;29;900;1;2;1;7;3;125;lieu dit Kervin;M;4737221;-252693;440
201500001907;15;10;29;1645;1;1;1;8;4;72;le gassun;M;4742783;-233485;440
201500001908;15;11;23;2200;5;1;1;1;6;211;;M;0;0;440
201500001909;15;4;23;1845;1;2;1;1;6;210;route de prйzйgat;M;4729320;-221577;440
201500001910;15;4;24;415;3;1;1;1;6;52;route de crossac;M;4736881;-211862;440
201500001911;15;6;5;1245;1;1;1;1;6;103;bd henri gautier;M;4731536;-216916;440
201500001912;15;6;19;800;1;2;1;1;2;103;BD HENRI GAUTHIER;M;4731000;-215900;440
201500001913;15;9;20;1200;1;2;1;1;1;210;route des ormeaux;M;4732100;-222000;440
201500001914;15;9;29;1845;1;1;1;1;3;103;;M;4730684;-217921;440
201500001915;15;10;27;745;1;2;1;2;7;52;Rue Parscau du Plessis;M;4732255;-206143;440
201500001916;15;10;27;1700;1;1;1;1;5;168;;M;4736620;-218874;440
201500001917;15;12;25;2045;3;1;1;8;1;210;;M;0;0;440
201500001918;15;1;7;1115;1;1;1;1;2;161;;M;4752136;-202152;440
201500001919;15;7;5;1845;1;1;1;1;6;129;la lande de malabri;M;4746105;-214846;440
201500001920;15;8;10;1500;1;2;1;1;2;50;5 rue de l'ancienne gare;M;4740939;-216773;440
201500001921;15;8;18;2000;1;2;1;1;3;68;rue de la houssaie;M;4748684;-192680;440
201500001922;15;9;20;100;3;2;1;1;6;189;10 rue des sapins;M;4744681;-219093;440
201500001923;15;10;17;1500;1;1;2;7;3;68;la croix de fer;M;4751092;-195805;440
201500001924;15;12;13;1430;1;2;2;1;3;129;Carrefour M. SAMBRON;M;0;0;440
201500001925;15;4;9;1700;1;1;1;1;5;158;Le pavillon;M;4728756;-181552;440
201500001926;15;9;8;1700;1;1;3;1;3;217;la pineliиre;M;4732909;-172677;440
201500001927;15;10;22;2300;3;1;1;1;6;217;le bezier;M;4731917;-175948;440
201500001928;15;11;20;715;5;2;1;2;3;158;LA TEROUSAIS RD 381;M;0;0;440
201500001929;15;12;2;1800;2;1;1;1;1;194;;M;0;0;440
201500001930;15;12;7;815;1;1;1;1;1;217;;M;0;0;440
201500001931;15;12;12;730;3;1;1;5;5;217;;M;0;0;440
201500001932;15;1;20;715;5;2;1;1;6;139;;M;4746372;-196234;440
201500001933;15;9;3;845;1;2;1;1;6;25;place de l'йglise;M;4741272;-196909;440
201500001934;15;1;10;2045;3;1;1;2;1;55;;M;4751818;-57007;490
201500001935;15;1;13;1630;1;2;2;1;1;20;rue du landreau;M;4747217;-61980;490
201500001936;15;2;13;1730;1;1;6;7;6;20;;M;4748312;-63216;490
201500001937;15;3;4;1830;2;1;3;7;3;20;;M;4745925;-65332;490
201500001938;15;3;24;430;4;1;6;8;3;20;;M;4746649;-61991;490
201500001939;15;10;6;1600;1;1;1;2;5;35;;M;4742269;-61168;490
201500001940;15;5;28;1845;1;2;1;1;6;201;4 rue Victor lassalle;M;4740460;-26975;490
201500001941;15;6;28;430;3;1;1;1;6;106;;M;4745936;-35183;490
201500001942;15;7;15;1630;1;1;1;1;5;106;;M;4747475;-32609;490
201500001943;15;9;2;1115;1;1;1;1;1;21;;M;4744425;-24705;490
201500001944;15;3;9;15;3;1;1;1;6;50;;M;4736255;-44800;490
201500001945;15;3;22;1500;1;1;1;1;7;318;chaloche;M;4740146;-42713;490
201500001946;15;4;25;2045;2;1;1;1;1;317;;M;4738864;-32784;490
201500001947;15;8;5;730;1;1;1;1;7;66;le petit pineau;M;4727070;-58143;490
201500001948;15;8;21;1700;1;1;1;1;1;133;;M;4724262;-49184;490
201500001949;15;11;15;1715;1;1;1;1;1;308;;M;0;0;490
201500001950;15;11;27;15;3;1;1;5;1;78;;M;4733452;-42651;490
201500001951;15;10;13;800;1;1;1;1;3;247;;M;4737196;-68515;490
201500001952;15;3;21;1630;1;1;2;1;3;307;;M;4741441;-31156;490
201500001953;15;2;28;1630;1;1;1;1;1;284;Les Landes;M;4742328;-82378;490
201500001954;15;3;4;1915;1;1;1;1;6;265;La Brouarderie;M;4734714;-67743;490
201500001955;15;6;28;2000;1;2;1;1;3;244;rue des Mauges;M;4735590;-85937;490
201500001956;15;7;6;1445;1;1;1;1;7;289;Les Grиs;M;4745107;-67332;490
201500001957;15;10;13;815;1;1;1;1;5;160;;M;4741132;-92970;490
201500001958;15;10;29;1415;1;1;2;1;3;212;;M;4737290;-83686;490
201500001959;15;11;14;1630;1;1;6;1;6;295;Bellenoue;M;4731374;-81805;490
201500001960;15;11;28;1115;1;2;1;1;3;212;RUE D ANJOU;M;4739104;-86175;490
201500001961;15;12;22;1300;1;2;1;1;2;244;60 RUE DE LA LOIRE;M;4736211;-85968;490
201500001962;15;12;18;545;3;1;6;2;7;306;;M;4742719;-72203;490
201500001963;15;1;6;1545;2;2;9;1;6;127;;M;4767158;-24218;490
201500001964;15;3;17;1615;1;1;1;1;6;127;La Poterie;M;4768872;-27392;490
201500001965;15;5;11;1700;1;1;1;1;1;185;Rue de la perraudiиre;M;4752463;-27590;490
201500001966;15;8;30;1345;1;2;1;3;3;257;rue de chalou;M;4765710;-20595;490
201500001967;15;9;4;1630;1;1;1;1;1;174;La Bourdaiziиre;M;4762732;-30394;490
201500001968;15;12;14;1330;1;1;2;1;3;163;;M;4756117;-25062;490
201500001969;15;4;21;2030;1;1;1;1;3;165;;M;4716764;-87474;490
201500001970;15;6;28;2200;2;1;1;1;7;151;;M;4717561;-111993;490
201500001971;15;7;19;800;1;1;1;1;7;243;La Branlardiиre;M;4724666;-82929;490
201500001972;15;8;20;1900;1;1;1;1;1;162;;M;4720959;-86285;490
201500001973;15;8;26;1230;1;1;2;1;2;162;Le Cormier;M;4720862;-88096;490
201500001974;15;1;19;745;2;1;1;1;3;192;;M;4701230;-75001;490
201500001975;15;2;24;710;2;1;1;1;3;281;La croix aux boeufs;M;4715688;-75729;490
201500001976;15;2;27;1500;1;1;1;1;7;300;;M;4726027;-73085;490
201500001977;15;4;20;1430;1;1;1;1;3;111;;M;4717590;-66849;490
201500001978;15;5;16;1615;1;1;1;2;6;351;La Reinerie;M;4713497;-68178;490
201500001979;15;5;22;1815;1;1;2;1;3;281;La maison neuve;M;4718592;-79096;490
201500001980;15;6;8;1830;1;1;1;1;2;74;;M;4720242;-79505;490
201500001981;15;7;21;1245;1;1;1;1;1;169;;M;4728328;-70442;490
201500001982;15;12;6;830;2;1;1;8;2;92;;M;4719869;-71855;490
201500001983;15;12;20;1130;1;2;1;1;1;92;13 rue nationale;M;4722331;-72647;490
201500001984;15;4;11;1;3;1;1;1;6;299;La Poissardiиre;M;4709994;-91827;490
201500001985;15;5;22;1600;1;2;1;1;6;285;RUE D'ANJOU;M;4712051;-112266;490
201500001986;15;7;25;1745;1;1;2;1;6;350;;M;4707834;-107136;490
201500001987;15;7;25;1800;1;2;1;1;3;301;12 bd du 11 Novembre;M;4712124;-98776;490
201500001988;15;8;28;2215;3;1;1;1;7;263;;M;4709642;-105718;490
201500001989;15;9;10;815;1;1;1;1;6;27;;M;4713351;-95045;490
201500001990;15;3;30;1345;1;1;1;1;6;40;Le pressoir neuf;M;4734085;-111687;490
201500001991;15;5;29;1815;1;1;1;1;6;355;;M;4713444;-77651;490
201500001992;15;8;2;830;1;2;1;1;7;296;rue Joachim du bellay;M;4728818;-118704;490
201500001993;15;8;16;2200;5;2;1;1;6;190;Le Clos de la Boire;M;4735446;-108071;490
201500001994;15;8;18;1730;1;1;1;1;6;360;Les justices;M;4733494;-128060;490
201500001995;15;10;3;1615;1;1;1;1;6;314;La Truиre;M;4728647;-89160;490
201500001996;15;4;11;1200;1;1;1;1;6;343;;M;4699751;-85988;490
201500001997;15;8;25;1345;1;2;1;1;6;355;23  gйnйral de gaulle;M;4712310;-78820;490
201500001998;15;9;3;2100;3;1;1;1;6;355;;M;4712945;-78514;490
201500001999;15;9;24;700;2;1;1;1;6;381;;M;4700926;-69047;490
201500002000;15;11;2;930;1;1;2;1;3;192;;M;4701535;-74416;490
201500002001;15;12;18;745;3;1;2;2;5;195;;M;4705912;-80037;490
201500002002;15;5;8;1630;1;1;1;1;6;143;;M;4760827;-16811;490
201500002003;15;9;5;1115;1;1;1;1;6;213;;M;4758449;-11662;490
201500002004;15;9;5;1000;1;1;1;1;7;122;L'abbaye;M;4753473;12075;490
201500002005;15;9;6;1845;2;1;1;1;1;372;Les Frastreries;M;4751407;-14316;490
201500002006;15;3;1;115;3;1;1;2;1;211;Les bordages;M;4717529;-50989;490
201500002007;15;3;13;2300;3;1;3;1;3;373;Le coudray Montault;M;4713678;-58060;490
201500002008;15;5;28;2200;2;1;1;1;6;348;;M;4720513;-41803;490
201500002009;15;7;11;1130;1;2;1;1;1;47;rue des caves;M;4724751;-38397;490
201500002010;15;7;14;415;3;1;1;1;6;373;La petite quartraiche;M;4710043;-58709;490
201500002011;15;8;25;1130;1;1;6;2;7;373;;M;4713513;-54586;490
201500002012;15;10;23;900;1;2;1;8;6;373;RUE DU DOUET NEUF;M;4712652;-54754;490
201500002013;15;12;18;1815;5;1;1;1;3;125;rue des fontaines;M;4719560;-27602;490
201500002014;15;1;11;1915;3;1;1;1;5;261;;M;4737045;-22326;490
201500002015;15;1;14;700;2;2;1;2;3;261;rue nationale;M;4734952;-22484;490
201500002016;15;2;3;1145;1;2;1;1;3;378;53 rue nationale;M;4732624;-5623;490
201500002017;15;3;28;930;1;1;1;2;6;149;La Boussiniиre;M;4734699;-23959;490
201500002018;15;5;21;1545;1;1;1;1;5;30;;M;4735405;-8286;490
201500002019;15;6;1;1830;1;1;1;1;5;2;La ruette noire;M;4728685;1626;490
201500002020;15;6;15;1830;1;1;1;1;3;311;La Lande;M;4738939;-5766;490
201500002021;15;7;17;1800;1;1;1;7;7;261;;M;4735298;-23474;490
201500002022;15;9;27;1530;1;1;1;1;6;180;;M;4734615;-11045;490
201500002023;15;10;19;1745;1;1;1;1;6;2;Rue de l'aunay;M;4730474;-1876;490
201500002024;15;11;8;1945;1;1;1;1;1;304;Le hameau du legs;M;4731722;-15347;490
201500002025;15;11;23;1015;1;1;1;1;6;45;La tremblaye;M;4734987;8474;490
201500002026;15;12;14;1730;3;1;1;8;7;180;La varanciиre;M;4737433;-9719;490
201500002027;15;7;29;2030;1;2;2;1;3;253;Rue de la basse Paleine;M;4712745;-23793;490
201500002028;15;10;4;1915;3;1;1;3;6;341;;M;4722493;-3072;490
201500002029;15;11;22;1130;1;2;1;7;6;113;rue de la pierre couvert;M;4720147;-16538;490
201500002030;15;5;9;2200;2;1;1;1;2;248;;M;4777641;-116167;490
201500002031;15;5;15;2000;1;2;1;1;3;248;ZI de La Pidaie;M;4774713;-115873;490
201500002032;15;9;12;2245;3;1;1;1;6;64;La mйnitйe;M;4767685;-69513;490
201500002033;15;11;1;815;2;1;6;7;6;229;;M;4770846;-97539;490
201500002034;15;7;11;1915;1;1;2;1;3;330;;M;4761311;-62071;490
201500002035;15;2;13;30;3;1;1;3;6;155;;M;4756780;-72364;490
201500002036;15;3;3;1230;1;1;4;2;3;271;Serennes;M;4753786;-74917;490
201500002037;15;4;25;1830;1;1;1;1;3;26;Le petit Joncheray;M;4749337;-76421;490
201500002038;15;5;21;1730;1;1;2;1;3;176;La Moncellerie;M;4762475;-77134;490
201500002039;15;11;6;1630;3;1;1;3;5;155;;M;4759564;-69654;490
201500002040;15;11;14;1600;1;2;1;1;1;183;avenue du carillon;M;4752232;-87878;490
201500002041;15;11;20;1530;1;1;1;2;6;26;le sapin;M;4751302;-80277;490
201500002042;15;3;20;1330;1;1;1;2;7;248;Le souchais;M;4776414;-118560;490
201500002043;15;1;17;1545;1;1;2;1;3;347;Route de Popailles;M;4760117;-46453;490
201500002044;15;3;20;2330;3;1;1;1;7;339;Chem de la Fourbisserie;M;4759171;-54696;490
201500002045;15;6;5;1715;1;2;2;1;3;347;Rue d'Anjou;M;4762032;-46647;490
201500002046;15;8;14;130;3;1;1;1;7;216;Le Brossay;M;4759737;-38515;490
201500002047;15;9;30;745;1;1;2;1;3;347;Le petit Cimbrй;M;4762635;-45098;490
201500002048;15;10;4;1700;1;1;1;3;6;347;;M;4763855;-41924;490
201500002049;15;11;2;1730;2;1;1;1;5;65;La petite Bougrie;M;4764890;-56186;490
201500002050;15;11;29;615;5;2;6;2;7;347;rond point de l'Europe;M;4761469;-47321;490
201500002051;15;5;10;1;3;1;1;1;7;201;;M;4804288;-82239;530
201500002052;15;5;31;1630;1;1;1;2;6;11;;M;4797114;-84505;530
201500002053;15;6;28;1030;1;1;1;1;2;175;;M;4802197;-68423;530
201500002054;15;8;11;45;3;1;1;1;7;94;;M;4799476;-71930;530
201500002055;15;10;19;500;3;2;1;1;6;94;rue du maine;M;4799975;-72139;530
201500002056;15;2;26;2015;3;1;1;1;1;87;;M;4796200;-48045;530
201500002057;15;3;8;15;3;1;1;1;6;25;;M;4802381;-60961;530
201500002058;15;3;8;1445;1;2;1;1;6;7;ROUTE DE MONTSURS;M;4808791;-63612;530
201500002059;15;4;3;1845;1;1;1;1;6;76;;M;4796657;-35721;530
201500002060;15;8;22;1915;1;1;1;1;6;152;;M;4795335;-58916;530
201500002061;15;8;30;1830;1;1;2;1;3;264;;M;4803304;-35081;530
201500002062;15;9;30;1745;1;1;1;1;7;56;;M;0;0;530
201500002063;15;12;14;2145;3;1;1;8;6;7;;M;4810447;-61482;530
201500002064;15;3;30;815;1;1;1;8;1;105;;M;4814400;-60911;530
201500002065;15;4;9;1130;1;2;1;1;2;97;58 boulevard de la grand;M;4815884;-39421;530
201500002066;15;5;13;1115;1;1;1;1;3;65;;M;4814294;-41923;530
201500002067;15;5;20;1415;1;1;1;1;6;43;;M;4814531;-53093;530
201500002068;15;5;23;1845;1;1;1;1;6;276;;M;4813618;-32199;530
201500002069;15;7;7;1500;1;1;1;1;1;97;;M;4813390;-38346;530
201500002070;15;7;25;1600;1;1;1;1;7;218;;M;4822640;-35514;530
201500002071;15;8;18;430;3;2;1;1;7;153;;M;4819179;-43133;530
201500002072;15;10;1;830;2;1;1;7;3;105;;M;4814613;-61157;530
201500002073;15;10;31;1630;1;1;1;1;6;105;;M;4814321;-60670;530
201500002074;15;11;2;945;1;2;1;1;1;97;D7;M;4816451;-40778;530
201500002075;15;12;13;2000;3;1;1;5;6;97;;M;4812198;-37424;530
201500002076;15;1;13;2130;3;1;1;2;6;232;;M;4807467;-45240;530
201500002077;15;10;12;1715;1;1;1;1;1;50;;M;4806156;-35004;530
201500002078;15;1;2;1130;1;1;1;8;7;231;;M;4775992;-53973;530
201500002079;15;2;17;2030;3;1;1;1;7;14;;M;4781999;-66555;530
201500002080;15;2;28;645;3;1;1;2;1;36;;M;4787147;-48765;530
201500002081;15;3;25;1800;1;1;1;1;1;4;;M;4781356;-80707;530
201500002082;15;4;12;1800;1;2;4;1;3;36;9 rue Fabre d'Eglantine;M;4786364;-48162;530
201500002083;15;5;24;730;1;1;1;1;7;150;;M;4779635;-68461;530
201500002084;15;6;6;1815;1;1;1;1;1;110;;M;4786284;-52260;530
201500002085;15;7;1;1030;1;2;1;1;1;62;20 rue Gйnйral Lemonnier;M;4782750;-69713;530
201500002086;15;7;11;445;3;1;1;1;6;215;;M;4779735;-70837;530
201500002087;15;8;6;930;1;1;1;8;6;117;;M;4788613;-75012;530
201500002088;15;10;2;1230;1;1;1;1;6;210;;M;4780535;-47185;530
201500002089;15;11;8;1715;1;1;1;1;6;101;;M;4785676;-67586;530
201500002090;15;11;14;1645;1;1;1;1;6;36;;M;4786542;-47093;530
201500002091;15;11;16;745;2;2;1;1;3;210;rue de Morannes;M;4779097;-44224;530
201500002092;15;11;26;2130;3;2;1;1;6;210;ST MARTIN VILLENGLOSE;M;4778100;-46900;530
201500002093;15;11;30;1345;1;2;1;1;3;62;av.Div LECLERC;M;0;0;530
201500002094;15;5;26;1315;1;1;1;1;1;240;;M;4781795;-101540;530
201500002095;15;7;4;2330;3;1;1;1;2;77;;M;4795542;-95381;530
201500002096;15;9;11;1700;1;2;1;1;6;84;RUE ZIKISSO;M;4785120;-95602;530
201500002097;15;11;1;2145;3;1;1;1;7;214;;M;4777990;-116014;530
201500002098;15;12;13;2130;3;1;1;1;6;84;;M;4785597;-96929;530
201500002099;15;12;13;1845;2;2;1;1;1;186;3 boulevard du stade;M;4792455;-80673;530
201500002100;15;12;16;1745;2;2;1;1;6;84;43 route de Nantes;M;4784620;-96250;530
201500002101;15;12;23;800;2;2;1;1;6;84;rue de la gare;M;4784022;-94261;530
201500002102;15;1;5;1800;2;2;1;2;6;147;BOULEVARD JEAN MONNET;M;4829014;-61921;530
201500002103;15;2;7;515;3;1;1;1;6;23;;M;4818023;-58798;530
201500002104;15;3;13;2015;3;1;1;2;6;72;;M;4823636;-65242;530
201500002105;15;6;25;1730;1;1;1;1;1;200;;M;4828809;-63278;530
201500002106;15;8;12;945;1;1;4;1;1;113;;M;4825604;-43922;530
201500002107;15;10;4;630;3;1;1;5;7;146;;M;4821151;-63920;530
201500002108;15;3;9;1800;1;1;2;7;3;177;;M;4831351;-105147;530
201500002109;15;3;15;1300;1;1;3;1;3;155;;M;4826477;-91135;530
201500002110;15;3;18;930;1;2;1;1;6;96;boulevard VICTOR HUGO;M;4829865;-93328;530
201500002111;15;6;2;1700;1;1;1;1;1;155;;M;4831123;-87760;530
201500002112;15;6;6;245;3;1;1;1;6;107;;M;4842853;-80681;530
201500002113;15;6;27;945;1;1;1;1;7;155;;M;4831235;-86636;530
201500002114;15;7;30;1000;1;1;4;1;1;71;;M;4838801;-85180;530
201500002115;15;8;10;1045;1;2;1;1;6;96;38 boulevard DUVIVIER;M;4829599;-93225;530
201500002116;15;8;27;730;2;1;1;3;1;64;;M;4835681;-76651;530
201500002117;15;9;27;1145;1;1;1;1;7;126;;M;4834800;-102800;530
201500002118;15;12;27;615;3;1;1;1;7;269;;M;4828076;-81507;530
201500002119;15;8;24;1015;1;1;1;3;7;114;;M;4834382;-41469;530
201500002120;15;8;21;1515;1;1;2;1;3;51;;M;4835335;-49210;530
201500002121;15;10;7;1530;1;1;1;1;3;3;;M;4838887;-61846;530
201500002122;15;11;15;730;2;1;1;1;6;55;;M;4841277;-57754;530
201500002123;15;6;11;1045;1;2;1;1;1;121;Grande rue;M;4841802;-33613;530
201500002124;15;6;13;1515;1;1;1;1;3;13;;M;4832730;-22844;530
201500002125;15;7;4;1500;1;2;1;1;6;246;rue des moulins;M;4840117;-9454;530
201500002126;15;7;14;1515;1;1;1;1;5;164;;M;4849301;-32802;530
201500002127;15;8;7;1515;1;1;1;1;6;164;;M;4849312;-32944;530
201500002128;15;8;16;2145;3;1;1;1;6;185;;M;4846171;-25376;530
201500002129;15;10;2;1745;1;1;1;1;3;246;;M;4840996;-6126;530
201500002130;15;10;6;1415;1;2;3;1;3;185;;M;4845850;-20733;530
201500002131;15;12;15;1715;5;2;1;3;6;185;103 rue aristide Briand;M;4845936;-20114;530
201500002132;15;12;19;1900;3;1;1;1;1;271;;M;4834031;-27175;530
201500002133;15;4;11;2128;5;2;2;1;3;283;51, NICOD ( RUE DU 43/22;;;;10
201500002134;15;5;11;125;5;2;1;1;7;283;06, SACCO VANZETTI;M;4625443;565791;10
201500002135;15;9;20;1745;1;2;1;1;6;283;3, JEAN MOULIN (AVENUE);;;;10
201500002136;15;10;9;1808;1;2;2;1;3;283;ROOSEVELT (AVENUE PRESID;;;;10
201500002137;15;10;18;2155;5;2;1;1;3;283;32, FRANCE (RUE A. DU 1/;;;;10
201500002138;15;11;13;450;3;1;3;1;3;31;GROISSIAT ( ROUTE DE );M;4623760;562108;10
201500002139;15;11;15;1715;2;1;1;1;6;283;25, FORGE (ROUTE DE LA);;;;10
201500002140;15;2;7;800;1;1;1;1;1;42;;M;0;0;720
201500002141;15;4;19;415;3;2;1;1;6;64;RUE HENRI FRAIN;M;4786000;74700;720
201500002142;15;10;22;700;3;1;1;2;1;42;;M;4795900;62100;720
201500002143;15;11;7;2300;3;1;1;2;6;118;;M;0;0;720
201500002144;15;1;24;1145;1;1;1;1;1;386;;M;4801300;26300;720
201500002145;15;3;7;900;1;1;1;1;2;54;;M;4803200;36700;720
201500002146;15;3;28;1830;1;1;1;1;6;129;;M;0;0;720
201500002147;15;3;31;1700;1;2;1;1;6;300;D323 Route de Paris;M;0;0;720
201500002148;15;5;5;2030;1;1;6;1;6;54;;M;4801600;31800;720
201500002149;15;6;3;1645;1;2;1;1;1;300;d323  route du mans;M;0;0;720
201500002150;15;10;10;1200;1;1;1;1;1;358;;M;0;0;720
201500002151;15;12;1;745;2;1;1;1;1;271;;M;0;0;720
201500002152;15;12;30;315;3;1;1;1;6;300;;M;0;0;720
201500002153;15;4;13;1915;1;1;4;1;3;338;;M;0;0;720
201500002154;15;5;19;2230;3;1;1;1;6;310;;M;0;0;720
201500002155;15;5;19;2245;3;2;1;1;1;290;rue de STE JAMME SUR SAR;M;0;0;720
201500002156;15;9;12;1415;1;1;1;8;1;328;;M;0;0;720
201500002157;15;12;4;1415;1;1;1;8;1;340;;M;0;0;720
201500002158;15;1;20;1315;1;2;9;1;3;168;R2SIDENCE ROBERT SCHUMMA;M;0;0;720
201500002159;15;2;24;1515;1;1;1;1;5;230;;M;0;0;720
201500002160;15;3;27;1700;1;1;1;8;7;257;;M;4801000;15200;720
201500002161;15;5;10;1700;1;1;1;1;1;146;;M;4790000;13200;720
201500002162;15;6;8;1630;1;1;1;1;1;149;;M;0;0;720
201500002163;15;6;15;1630;1;1;1;1;1;253;;M;0;0;720
201500002164;15;6;25;1730;1;1;1;1;3;280;;M;0;0;720
201500002165;15;7;25;2215;3;1;1;1;3;131;;M;0;0;720
201500002166;15;8;22;115;3;1;1;1;6;249;;M;4803800;5700;720
201500002167;15;8;23;1615;1;1;1;1;6;219;;M;4807100;-3000;720
201500002168;15;9;2;1115;1;1;1;1;1;346;;M;0;0;720
201500002169;15;9;7;1545;1;1;1;1;6;257;;M;4799600;14600;720
201500002170;15;9;11;1445;1;1;1;1;1;70;;M;0;0;720
201500002171;15;10;15;1945;3;1;1;1;1;253;;M;0;0;720
201500002172;15;11;2;2215;3;1;1;1;1;73;;M;4802800;6400;720
201500002173;15;11;4;815;1;1;1;1;1;113;;M;4803900;7600;720
201500002174;15;3;9;2115;5;1;1;1;6;154;;M;4769400;-3700;720
201500002175;15;4;16;1815;1;1;1;1;6;185;;M;4771300;-200;720
201500002176;15;4;28;100;3;1;1;1;6;154;;M;0;0;720
201500002177;15;5;15;215;3;1;1;1;2;22;;M;4776000;-16800;720
201500002178;15;5;21;745;1;1;1;1;1;154;;M;4769200;-4400;720
201500002179;15;7;20;1345;1;1;1;1;7;84;;M;4775300;500;720
201500002180;15;10;5;1745;1;2;1;8;3;154;allйe de chenonceaux;M;4770800;-8500;720
201500002181;15;1;15;1745;3;1;1;2;1;71;;M;0;0;720
201500002182;15;5;8;600;2;2;1;1;6;71;13 avenue de Tours;M;4769500;42600;720
201500002183;15;8;26;1615;1;1;1;1;3;173;;M;4771084;40547;720
201500002184;15;11;18;1445;1;2;3;1;3;71;16 avenue jean jaurиs;M;4769800;41700;720
201500002185;15;11;24;1745;3;1;1;8;7;28;;M;4775600;36800;720
201500002186;15;2;7;545;3;1;1;1;7;228;;M;4784900;-18600;720
201500002187;15;2;15;545;4;1;1;2;6;100;;M;0;0;720
201500002188;15;4;27;700;2;1;1;1;6;22;;M;4778200;-18200;720
201500002189;15;4;27;1215;1;1;1;1;1;59;;M;4791300;-19200;720
201500002190;15;5;28;1545;1;1;1;1;6;195;;M;4782100;-3000;720
201500002191;15;10;24;515;3;2;1;1;6;100;L'ESPERANCE;M;4780100;-2900;720
201500002192;15;11;8;2200;3;1;1;1;1;9;;M;0;0;720
201500002193;15;11;11;1815;3;1;1;1;5;293;;M;4787000;100;720
201500002194;15;11;30;1245;1;1;1;2;1;223;;M;4782200;-9000;720
201500002195;15;1;15;1000;1;1;1;6;6;191;;M;0;0;720
201500002196;15;2;3;1645;1;1;1;1;6;330;;M;0;0;720
201500002197;15;3;4;845;1;1;1;1;1;191;;M;4777300;27600;720
201500002198;15;3;2;1430;1;2;6;1;3;226;RD32/RD31;M;0;0;720
201500002199;15;3;13;1515;1;1;1;2;3;13;;M;4766700;23400;720
201500002200;15;4;24;1400;1;1;1;1;6;135;;M;0;0;720
201500002201;15;5;31;2030;2;1;1;2;6;191;;M;0;0;720
201500002202;15;5;28;1845;1;2;1;1;1;191;avenue de la libertй;M;0;0;720
201500002203;15;6;6;1815;1;1;1;1;1;357;;M;0;0;720
201500002204;15;6;8;1145;1;2;1;1;3;226;3 route d'yvrй le polin;M;0;0;720
201500002205;15;6;20;600;2;1;1;1;6;117;;M;0;0;720
201500002206;15;9;24;645;3;1;1;1;6;175;;M;0;0;720
201500002207;15;9;28;1100;1;1;9;1;5;51;;M;0;0;720
201500002208;15;10;13;1715;1;1;1;1;4;51;;M;0;0;720
201500002209;15;10;21;1615;1;1;1;1;6;191;;M;0;0;720
201500002210;15;11;12;430;3;2;6;5;6;226;29 rue principale;M;0;0;720
201500002211;15;12;22;1145;1;1;4;1;1;243;;M;0;0;720
201500002212;15;7;3;1445;1;1;1;1;1;232;;M;0;0;720
201500002213;15;7;11;1515;1;2;2;1;3;336;avenue de l'europe;M;0;0;720
201500002214;15;7;20;1645;1;1;2;1;3;378;;M;0;0;720