num_acc;an;mois;jour;hrmn;lum;agg;int;atm;col;com;adr;gps;lat;long;dep
201500002215;15;11;28;1800;2;1;1;1;6;264;;M;0;0;720
201500002216;15;12;3;1730;4;2;6;1;6;264;AVENUE F  NICOLAY;M;0;0;720
201500002217;15;4;23;2245;3;1;1;1;7;112;;M;0;0;720
201500002218;15;4;27;1830;1;1;1;1;6;48;;M;0;0;720
201500002219;15;7;18;1715;1;1;1;1;1;88;;M;0;0;720
201500002220;15;7;23;730;1;2;9;1;7;180;D311-AV DE L'EUROPE;M;0;0;720
201500002221;15;8;5;1630;1;2;6;1;3;276;2 AV VERON DE FORBONAIS;M;0;0;720
201500002222;15;8;16;730;1;1;1;1;5;104;;M;0;0;720
201500002223;15;8;28;845;1;1;1;1;7;192;;M;0;0;720
201500002224;15;10;20;1000;1;1;1;1;3;316;;M;0;0;720
201500002225;15;12;11;1800;3;1;1;2;1;270;;M;0;0;720
201500002226;15;3;7;1245;1;2;1;1;1;6;CD55  face rue tisserand;M;0;0;720
201500002227;15;3;21;1030;1;2;1;1;4;215;CD 311 Rue Francis Caris;M;0;0;720
201500002228;15;4;4;1800;1;1;1;8;6;337;;M;0;0;720
201500002229;15;4;23;2100;3;1;1;1;1;273;;M;0;0;720
201500002230;15;5;7;1815;1;1;1;1;3;2;;M;0;0;720
201500002231;15;5;17;1615;1;1;1;1;7;294;;M;0;0;720
201500002232;15;5;20;1400;1;2;1;2;1;29;rue tertre de chalignй;M;0;0;720
201500002233;15;6;20;900;1;1;2;1;3;11;;M;0;0;720
201500002234;15;7;1;830;1;1;1;1;1;199;;M;0;0;720
201500002235;15;8;2;415;3;1;1;1;6;282;;M;0;0;720
201500002236;15;9;19;1045;1;2;6;3;6;6;rue d'Alenзon;M;0;0;720
201500002237;15;11;7;945;1;1;1;1;1;141;;M;0;0;720
201500002238;15;11;24;745;5;2;1;2;1;6;route du Mans;M;0;0;720
201500002239;15;12;29;1100;1;1;1;7;6;29;;M;0;0;720
201500002240;15;5;27;1000;1;1;1;1;3;127;LA RAISINIERE;M;4642402;-151610;850
201500002241;15;4;29;1815;1;1;1;1;2;23;LA CROIX GATE;M;4653982;-116864;850
201500002242;15;5;19;1745;1;1;1;1;3;135;41 RUE E. DE LA BOULAYE;M;4653301;-121621;850
201500002243;15;6;12;1130;1;1;1;2;3;213;LA MOLLERIE;M;4663281;-133261;850
201500002244;15;6;18;2315;3;1;1;1;7;93;LA BRUNIERE;M;4666411;-126882;850
201500002245;15;8;18;1615;1;1;2;1;1;61;;M;0;0;850
201500002246;15;9;24;1315;1;1;1;1;1;61;;M;4657900;-128100;850
201500002247;15;10;19;2300;3;1;1;1;6;175;;M;4660500;-118800;850
201500002248;15;11;16;1200;1;1;1;1;2;135;;M;4654355;-124116;850
201500002249;15;12;29;1215;1;1;1;7;1;36;;M;4646988;-127727;850
201500002250;15;3;4;945;1;2;1;1;5;34;RUE JEAN GROLLEAU;M;4663359;-116763;850
201500002251;15;3;9;1630;1;1;1;1;1;84;LA MAISON ROUGE;M;4677973;-121474;850
201500002252;15;6;27;1800;1;1;1;1;6;84;ROUTE DE LA MERLATIERE;M;4676975;-126544;850
201500002253;15;6;26;1730;1;1;1;1;1;142;LES REMIGERES;M;4674899;-126163;850
201500002254;15;8;4;845;1;1;1;7;3;89;;M;0;0;850
201500002255;15;8;9;1515;1;1;2;1;3;220;;M;4673900;-101899;850
201500002256;15;11;10;545;2;1;1;5;1;212;;M;4677400;-115800;850
201500002257;15;11;15;1700;1;1;1;1;1;51;;M;4668600;-106600;850
201500002258;15;11;22;600;3;2;1;2;7;34;Lieu dit l'Etang;M;4663818;-115657;850
201500002259;15;2;18;1900;5;2;1;1;1;153;RUE JEAN YOLE;M;4678489;-106580;850
201500002260;15;3;22;2145;3;1;1;1;6;64;;M;4682882;-128855;850
201500002261;15;4;11;1530;1;2;1;1;6;109;37 RUE DE BEAUREPAIRE;M;4687356;-102200;850
201500002262;15;5;19;1700;1;2;1;1;4;109;9 ROUTE DE CHOLET;M;4687786;-101272;850
201500002263;15;5;28;2215;3;1;1;1;1;82;LA JAUBRETIERE;M;4689455;-92563;850
201500002264;15;6;21;645;1;1;1;1;6;17;LE CHIRON;M;4691559;-107849;850
201500002265;15;6;27;2000;1;1;2;1;3;38;;M;4688270;-131321;850
201500002266;15;10;11;245;3;1;1;1;1;186;;M;0;0;850
201500002267;15;10;26;845;1;1;1;1;2;153;;M;4675300;-111000;850
201500002268;15;1;19;1245;1;1;1;1;7;224;LE BOIS PIN;M;4700130;-128854;850
201500002269;15;2;18;30;3;1;1;1;6;107;;M;4696488;-127742;850
201500002270;15;4;17;1845;1;2;1;1;1;224;6 RUE DE NANTES;M;4700246;-133238;850
201500002271;15;6;19;1945;1;1;1;1;6;39;;M;4701579;-117413;850
201500002272;15;9;10;2145;3;1;1;1;7;295;;M;0;0;850
201500002273;15;10;5;1330;1;1;1;3;1;217;;M;4695600;-129300;850
201500002274;15;11;5;1245;1;2;1;2;1;217;chemin de la prison;M;4695400;-129800;850
201500002275;15;11;9;2130;3;1;1;5;6;39;;M;4704276;-121719;850
201500002276;15;11;20;1645;2;1;1;3;6;295;Rue Charles De Gaulle;M;4698551;-121944;850
201500002277;15;12;11;2315;3;1;1;5;2;224;;M;4699900;-132600;850
201500002278;15;12;23;1615;1;1;3;1;1;262;;M;4700292;-147002;850
201500002279;15;1;24;2100;3;1;1;1;3;97;;M;4695300;-108453;850
201500002280;15;5;14;1500;1;1;1;1;5;97;LA PAGERIE;M;4695081;-41742;850
201500002281;15;5;19;845;1;2;6;1;6;151;GIRATOIRE SOLEIL LEVANT;M;4699633;-94549;850
201500002282;15;6;8;2115;2;1;1;7;6;302;;M;4694874;-96040;850
201500002283;15;9;18;1815;1;1;2;1;3;247;;M;0;0;850
201500002284;15;10;17;1315;1;1;2;1;5;151;;M;0;0;850
201500002285;15;10;30;1630;1;1;2;1;3;151;;M;0;0;850
201500002286;15;1;10;715;3;1;1;2;5;19;;M;4676295;-143082;850
201500002287;15;1;24;830;2;1;1;2;7;155;LE VIGNEAU;M;4668910;-146275;850
201500002288;15;4;6;2115;3;1;1;1;3;178;LA LOGE;M;4674460;-143273;850
201500002289;15;5;1;530;2;1;1;3;6;98;LA CROIX MOREAU;M;4672931;-149907;850
201500002290;15;5;4;1730;1;1;1;1;5;300;;M;4668887;-154765;850
201500002291;15;6;28;1045;1;2;9;1;4;3;LE BOIS DES CLOUZIS;M;4674026;-159270;850
201500002292;15;8;13;1245;1;2;9;1;3;3;Rue des Jardins;M;4673957;-160590;850
201500002293;15;9;8;1730;1;1;1;1;6;19;;M;0;0;850
201500002294;15;9;8;1915;1;1;1;1;1;155;;M;0;0;850
201500002295;15;9;12;1130;1;1;1;1;6;3;;M;0;0;850
201500002296;15;9;14;1845;1;1;2;2;3;15;;M;0;0;850
201500002297;15;9;16;1230;1;1;1;2;5;3;;M;0;0;850
201500002298;15;10;10;2100;3;1;1;1;3;15;;M;4681800;-148700;850
201500002299;15;11;3;830;1;2;1;1;1;155;rue de beaupuy;M;4671723;-145312;850
201500002300;15;11;3;1715;3;1;1;3;3;3;;M;4670155;-165737;850
201500002301;15;11;5;530;3;1;1;1;1;3;;M;4676294;-165247;850
201500002302;15;12;24;1000;1;1;1;1;7;3;;M;4670300;-165100;850
201500002303;15;2;9;1630;1;2;6;1;3;92;boulevard du chail;M;4646155;-80141;850
201500002304;15;6;8;845;1;2;1;1;1;92;BOULEVARD DE HOCHE;M;4645959;-79837;850
201500002305;15;7;3;1930;1;1;1;1;1;92;;M;4645600;-79000;850
201500002306;15;7;15;1600;1;1;1;1;7;91;;M;4641700;-81900;850
201500002307;15;9;26;1830;1;2;9;7;6;92;6 rue du chemin vers;M;0;0;850
201500002308;15;12;24;1330;1;2;1;1;6;92;19 bvd du chail;M;4646215;-80337;850
201500002309;15;2;20;1050;1;1;1;3;6;128;LA MAISON ROUGE;M;4648362;-118478;850
201500002310;15;5;29;1915;1;1;1;1;5;128;LE PONT DES ROYS;M;4643599;-114645;850
201500002311;15;7;5;515;3;1;1;1;6;128;;M;4647967;-118224;850
201500002312;15;7;29;1745;1;1;1;1;5;42;;M;4640727;-98183;850
201500002313;15;8;3;1800;1;2;2;1;3;216;rue de l'aumonerie;M;4648300;-111780;850
201500002314;15;9;28;2045;3;1;1;1;1;131;;M;4648200;-120800;850
201500002315;15;10;3;1900;2;1;1;1;7;111;;M;0;0;850
201500002316;15;11;11;1;4;2;1;1;6;42;48 r  principale-sableau;M;4636992;-99550;850
201500002317;15;1;6;1930;3;1;6;5;6;306;;M;4642194;-71125;850
201500002318;15;9;13;2000;2;1;1;2;1;244;;M;0;0;850
201500002319;15;9;18;1745;1;1;1;1;6;143;;M;4655000;-71900;850
201500002320;15;2;23;1545;1;1;1;2;1;182;;M;4676178;-81883;850
201500002321;15;4;16;2100;2;1;1;8;3;67;LE MOULIN BRUNET;M;4666230;-78939;850
201500002322;15;4;17;1845;1;1;1;1;6;182;LA GRANGE;M;4678563;-81061;850
201500002323;15;4;27;2030;1;1;2;1;3;140;LA LANDE;M;4674406;-87777;850
201500002324;15;5;16;1400;1;1;1;2;7;14;LE PULTEAU;M;4663720;-88462;850
201500002325;15;5;24;630;2;1;1;1;6;292;L'EPINAY;M;4658277;-82980;850
201500002326;15;6;6;1815;1;1;1;1;6;145;BEL-AIR;M;4673050;-93577;850
201500002327;15;6;12;1000;1;1;1;2;2;154;LA CROIX RENARD;M;4664251;-82426;850
201500002328;15;6;27;1745;1;1;1;1;1;254;LENARDIERE;M;4678012;-76061;850
201500002329;15;7;13;2100;1;2;1;1;3;147;rue des lauriers;M;4674339;-76141;850
201500002330;15;7;22;1315;1;1;1;1;1;154;;M;4667632;-87594;850
201500002331;15;7;29;1330;1;1;1;1;3;254;;M;4680998;-70303;850
201500002332;15;9;4;1730;1;1;1;1;1;31;;M;4680100;-94100;850
201500002333;15;11;1;2000;3;1;1;1;3;292;;M;4661295;-86610;850
201500002334;15;11;10;715;5;1;1;5;3;59;;M;4665300;-73100;850
201500002335;15;11;14;1615;1;2;1;1;3;182;4 r ue Louis Desnouches;M;4677622;-82725;850
201500002336;15;12;22;1845;3;1;1;1;1;125;;M;4659734;-66430;850
201500002337;15;4;11;1900;1;1;1;1;1;205;LA BRUYERE;M;4655192;-86910;850
201500002338;15;5;1;1345;1;1;1;3;6;174;RACAUDET;M;4649398;-91513;850
201500002339;15;7;1;1115;1;1;1;1;2;223;;M;0;0;850
201500002340;15;7;21;1230;1;1;1;1;3;181;;M;4650927;-94566;850
201500002341;15;11;24;1730;4;1;1;1;1;209;;M;4653891;-102145;850
201500002342;15;1;2;1315;1;1;2;2;3;95;LA CROIX CHARLES;M;4684840;-176344;850
201500002343;15;3;1;1945;3;1;1;1;3;130;BEL AIR;M;4678881;-170304;850
201500002344;15;3;20;1345;1;1;1;2;1;47;LES GLUMINIERES;M;4679497;-183106;850
201500002345;15;3;25;945;1;1;1;1;2;6;LA RABILLERIE;M;4678477;-173501;850
201500002346;15;5;26;1545;1;2;1;1;6;47;22 RUE DES SABLES;M;4684077;-187449;850
201500002347;15;6;2;1230;1;2;1;1;3;47;RUE DES MARZELLES;M;4684223;-187363;850
201500002348;15;7;2;1645;1;1;1;7;1;130;;M;4679600;-170600;850
201500002349;15;8;24;1800;1;2;1;1;1;280;Route de Beauvoir;M;4685700;-189400;850
201500002350;15;8;24;500;2;1;1;3;6;130;;M;0;0;850
201500002351;15;9;19;830;1;2;1;1;6;47;rd pt des bretelliиres;M;4685700;-184600;850
201500002352;15;12;5;915;1;2;1;7;6;47;25 Chemin des Taraudiиre;M;4685874;-187167;850
201500002353;15;12;30;345;3;1;1;1;6;47;;M;4684700;-185300;850
201500002354;15;1;23;515;3;1;1;1;6;250;LA CIBOULE;M;4657790;-170192;850
201500002355;15;4;21;1715;1;2;1;1;3;52;RUE DE L. DE TASSIGNY;M;4659536;-165001;850
201500002356;15;9;9;1700;1;1;1;1;7;161;;M;4656600;-153500;850
201500002357;15;11;9;2000;5;2;1;1;3;161;rue Aimй Bure;M;4657301;-150978;850
201500002358;15;6;13;1615;1;2;9;1;6;163;RUE DU ROSAIRE;M;4699964;-224600;850
201500002359;15;7;6;1645;1;1;6;1;3;11;;M;4693642;-216723;850
201500002360;15;9;11;900;1;2;1;1;6;106;face au 44 rue nationale;M;4697200;-222600;850
201500002361;15;1;8;1600;1;1;1;1;3;35;LA BASSE FONTAINE;M;4664745;-184074;850
201500002362;15;1;12;1830;3;1;1;1;6;189;CHEMIN DE L'ILE;M;4675771;-191965;850
201500002363;15;3;8;1600;1;1;1;1;5;88;CHEMIN DU CHAMP DE BUZIN;M;4670107;-187816;850
201500002364;15;3;8;1900;2;2;2;1;3;226;AVENUE DE LA FORET;M;4671958;-196260;850
201500002365;15;3;16;1715;1;1;3;1;3;226;ROUTE NOTRE DAME DE RIEZ;M;4673958;-194077;850
201500002366;15;5;19;1900;1;2;1;1;6;70;13 RUE DE L'ATLANTIQUE;M;4667915;-176455;850
201500002367;15;7;19;2330;3;1;2;1;1;70;;M;0;0;850
201500002368;15;7;26;130;5;2;1;1;1;222;rue du bac;M;4669530;-194113;850
201500002369;15;10;3;1600;1;1;3;1;3;2;;M;0;0;850
201500002370;15;12;11;1800;5;2;1;8;6;226;14, avenue de la Faye;M;4672388;-195079;850
201500002371;15;2;21;800;1;1;1;1;6;12;LES PIOTS;M;4686299;-207840;850
201500002372;15;3;23;1230;1;2;1;1;3;234;RD 38 bis, PK 37+600;M;4679707;-204700;850
201500002373;15;3;25;1600;1;2;1;1;2;234;114 ROUTE DES SABLES;M;4678988;-203839;850
201500002374;15;3;30;1515;1;1;1;1;5;234;140 ROUTE DE BEAUVOIR;M;4682068;-206310;850
201500002375;15;4;19;545;2;1;1;1;6;273;;M;4689376;-200443;850
201500002376;15;6;22;1445;1;1;1;1;1;221;3 RUE DU FOUR A CHAUX;M;4693332;-200187;850
201500002377;15;7;3;2115;1;1;1;1;1;29;7b rue du pays de retz;M;4697372;-199580;850
201500002378;15;7;13;1545;1;1;1;1;5;18;;M;4688800;-208199;850
201500002379;15;8;22;1230;1;2;1;3;1;234;47 rue du moulin cassй;M;4679965;-208255;850
201500002380;15;10;23;2330;5;2;1;1;6;234;16 avenue pays de monts;M;4679408;-208493;850
201500002381;15;11;19;1830;3;1;1;2;6;234;;M;4685800;-205900;850
201500002382;15;3;24;1315;1;1;2;1;3;127;RUE DU MENHIR;M;4641942;-150188;850
201500002383;15;3;30;230;3;1;1;2;6;288;961 RUE MOULIN DES LANDE;M;4650956;-156762;850
201500002384;15;4;30;2000;1;1;1;3;1;277;ROUTE DES AIRES;M;4649072;-133367;850
201500002385;15;5;2;1330;1;1;1;2;3;127;;M;4643112;-148263;850
201500002386;15;5;30;1030;1;1;1;1;3;278;BEAUREGARD;M;4643476;-154296;850
201500002387;15;7;25;1400;1;1;1;1;3;103;;M;4651708;-162331;850
201500002388;15;8;2;1530;1;1;1;1;1;4;;M;0;0;850
201500002389;15;8;4;1145;1;1;1;1;2;288;;M;0;0;850
201500002390;15;10;11;1530;1;1;1;1;5;288;;M;0;0;850
201500002391;15;10;25;1045;1;2;1;1;6;206;17 rue de la Tillauderie;M;4646100;-133700;850
201500002392;15;11;18;1645;2;1;1;2;6;26;route de Champs St Pиre;M;4654445;-140211;850
201500002393;15;12;17;1245;1;1;1;8;6;179;rue des Justices;M;4649327;-152514;850
201500002394;15;4;11;1445;1;1;1;1;3;42;;M;4448500;-79200;330
201500002395;15;7;8;1915;1;1;1;1;7;436;Rte de la Pierre;M;4459129;-63944;330
201500002396;15;11;7;1800;2;1;1;1;3;436;;M;4453200;-62300;330
201500002397;15;2;23;730;3;1;1;2;5;51;;M;0;0;330
201500002398;15;6;5;2200;3;1;1;1;1;284;;M;0;0;330
201500002399;15;5;31;1815;1;2;6;1;1;51;av cote d'argent;M;4464576;-95059;330
201500002400;15;7;20;1645;1;1;1;1;5;19;;M;0;0;330
201500002401;15;3;5;845;1;2;1;1;3;312;ROUTE DE PAUILLAC;M;4496420;-62684;330
201500002402;15;4;12;700;2;1;1;1;7;56;Av de Labarde;M;4492500;-56190;330
201500002403;15;7;14;2215;3;2;1;1;3;56;rd 1215;M;0;0;330
201500002404;15;9;7;825;1;2;3;1;6;312;R.DES PALUS;M;4494770;-59269;330
201500002405;15;9;21;1730;1;2;1;1;6;56;RUE  ST EXUPERY;M;4491370;-60498;330
201500002406;15;9;29;2015;5;2;1;1;3;312;19, rue maurice fillon;M;4494910;-60404;330
201500002407;15;10;7;715;2;2;2;2;3;56;D2;M;4493721;-63382;330
201500002408;15;10;19;2230;5;2;1;1;7;56;1 avenue du 11 novembre;M;4490111;-61741;330
201500002409;15;10;23;800;2;2;6;1;3;519;avenue de soulac;M;4490915;-66892;330
201500002410;15;11;6;1900;1;2;3;1;1;56;13 R de la Renney - Pisc;M;4491250;-62776;330
201500002411;15;12;21;1645;1;1;4;1;7;56;4 rue du manиge;M;4492056;-65695;330
201500002412;15;4;30;1515;1;2;2;1;3;11;AVENUE DE LA LIBERATION;M;4476287;-113244;330
201500002413;15;7;12;1130;1;1;1;1;1;236;;M;0;0;330
201500002414;15;8;26;245;5;1;1;1;7;236;;M;0;0;330
201500002415;15;9;3;1130;1;1;1;1;1;236;;M;0;0;330
201500002416;15;12;7;1745;2;2;1;1;6;236;75 route de Bordeaux;M;4472269;-120677;330
201500002417;15;5;9;1045;1;1;6;1;2;273;D213;M;4483540;-80344;330
201500002418;15;8;26;1810;1;1;3;1;3;422;D106;M;4479410;-86512;330
201500002419;15;1;24;1430;1;2;1;1;2;449;RUE JEAN DUPERRIER;M;4489300;-71914;330
201500002420;15;2;13;800;1;2;1;1;3;449;60 CHEMIN LAFON;M;4488160;-69423;330
201500002421;15;4;20;745;1;2;1;5;3;449;09 RUE DE BELFORT;M;4489350;-76905;330
201500002422;15;5;29;1800;1;2;1;1;4;449;86 Av MONTESQUIEU;M;4489548;-71824;330
201500002423;15;6;8;1245;1;2;3;1;2;449;Av.Montaigne - R.Martin;M;4489345;-71150;330
201500002424;15;7;5;2300;5;2;6;1;2;449;Chemin Lafon;M;4488130;-69705;330
201500002425;15;7;31;730;1;2;2;1;1;449;AV MONTAIGNE/RTE CORBIAC;M;4489180;-70921;330
201500002426;15;9;21;715;3;1;1;1;3;449;RD211 Av Martignas;M;4486048;-73565;330
201500002427;15;10;2;1130;1;1;1;1;6;449;;M;4490114;-79653;330
201500002428;15;2;12;1015;1;1;2;1;3;441;;M;4513450;-63806;330
201500002429;15;2;16;1715;1;1;2;1;3;458;;M;4514097;-59731;330
201500002430;15;3;11;700;2;2;1;1;7;325;route de l'estuaire;M;4510168;-64269;330
201500002431;15;6;11;730;1;1;2;1;3;458;;M;4514105;-59742;330
201500002432;15;6;14;1200;1;2;1;1;1;58;102 avenue de l'hopital;M;4513488;-65883;330
201500002433;15;9;7;1430;1;2;1;1;6;58;rue de l'hopital;M;4513195;-66192;330
201500002434;15;9;12;1900;1;1;2;1;3;101;D137 LD BEL ORMEAU;M;4519480;-59566;330
201500002435;15;10;28;715;2;1;1;1;6;101;;M;0;0;330
201500002436;15;1;16;1815;5;2;1;2;3;341;Les graviers;M;0;0;330
201500002437;15;4;10;1515;1;2;1;8;6;341;Lieu-dit Saint Urbain;M;4509512;-48130;330
201500002438;15;10;9;2230;3;1;1;1;7;228;;M;4506856;-51909;330
201500002439;15;12;3;730;2;1;1;5;3;530;;M;4509978;-53683;330
201500002440;15;3;8;1930;3;1;2;1;1;159;La Merlette;M;4520982;-56306;330
201500002441;15;4;11;1430;1;1;1;1;6;326;;M;4531659;-57645;330
201500002442;15;7;1;800;1;1;3;1;3;380;;M;0;0;330
201500002443;15;1;8;1245;1;1;1;1;1;233;LD LES ROUCHES;M;4509402;-33446;330
201500002444;15;3;7;1000;1;1;2;1;3;126;;M;4511347;-46128;330
201500002445;15;5;24;130;3;1;1;1;6;382;;M;4514742;-47947;330
201500002446;15;6;8;800;1;1;1;1;3;439;;M;4511303;-38155;330
201500002447;15;7;16;245;3;1;1;1;2;233;;M;0;0;330
201500002448;15;7;19;1000;1;1;3;1;1;233;;M;4515804;-33792;330
201500002449;15;9;6;1330;1;1;1;1;1;233;;M;4508230;-35493;330
201500002450;15;12;15;2245;3;1;1;5;7;126;;M;0;0;330
201500002451;15;12;25;430;3;2;1;5;6;382;lieu dit raclet;M;4512567;-48871;330
201500002452;15;1;2;215;5;2;1;1;7;3;AVENUE PIERRE BARRE;M;4493170;-48058;330
201500002453;15;1;7;1745;2;2;1;1;6;434;30, R Jean SABOURAIN;M;4495895;-52144;330
201500002454;15;2;7;1630;1;2;1;1;6;3;RUE DE BASSENS;M;4492490;-49952;330
201500002455;15;5;6;715;1;1;1;1;6;487;Av BEAUVAIS;M;4496664;-48125;330
201500002456;15;5;23;2045;1;2;1;1;7;3;19 rue de jourdane;M;4493443;-51032;330
201500002457;15;6;20;615;1;1;2;1;1;433;Chemin de l'Estrille;M;4490117;-43745;330
201500002458;15;2;16;1600;1;2;1;1;1;554;D115, Les tabernottes;M;0;0;330
201500002459;15;10;26;1945;3;1;1;1;2;49;;M;4487580;-39450;330
201500002460;15;12;7;645;3;1;1;1;2;49;;M;4487595;-39449;330
201500002461;15;4;6;1815;1;1;1;1;6;454;;M;4465148;-52498;330
201500002462;15;5;20;1115;1;2;2;3;3;213;69 avenue du reys;M;4468089;-50519;330
201500002463;15;7;11;1000;1;1;1;1;6;213;Piste cyclable D805;M;4466696;-53389;330
201500002464;15;7;30;1230;1;2;1;1;1;37;RD 1113;M;4470000;-45018;330
201500002465;15;8;1;345;3;1;1;1;6;37;2 route nationale 113;M;4469773;-47393;330
201500002466;15;9;2;1945;1;1;1;1;1;213;;M;4467851;-49824;330
201500002467;15;11;28;930;1;1;1;1;5;109;;M;4468690;-46306;330
201500002468;15;12;19;1345;1;2;1;1;3;109;RD 1113;M;0;0;330
201500002469;15;1;16;2000;3;1;1;2;6;93;-;M;4473974;-33731;330
201500002470;15;1;27;1315;1;1;1;1;1;363;;M;4476587;-36787;330
201500002471;15;4;17;1200;1;2;1;1;2;534;10 route de bordeaux;M;4471057;-40457;330
201500002472;15;6;25;1530;1;1;9;7;2;140;;M;0;0;330
201500002473;15;7;4;230;5;2;1;1;1;241;7 ROUTE DE BORDEAUX;M;4969568;-37866;330
201500002474;15;7;6;1430;1;1;1;1;2;263;;M;0;0;330
201500002475;15;9;20;1745;1;1;1;1;5;505;LD Caillou Blanc;M;4477177;-31725;330
201500002476;15;1;25;230;5;2;1;1;1;165;avenue de l'entre 2 mers;M;4482533;-45117;330
201500002477;15;3;14;1130;1;1;1;1;1;330;;M;4486202;-45868;330
201500002478;15;11;22;130;5;1;1;1;1;496;;M;0;0;330
201500002479;15;7;2;1430;1;1;5;1;3;80;;M;0;0;330
201500002480;15;9;24;845;1;2;1;1;6;80;3 PLACE DE L EGLISE;M;4475565;-52966;330
201500002481;15;9;25;945;1;2;1;1;3;501;65 avenue de Gaulle;M;4465348;-59653;330
201500002482;15;9;29;1000;1;2;1;7;6;238;4bis rue jules guesde;M;4473239;-59891;330
201500002483;15;10;6;1145;1;2;1;1;1;501;ZA DE MIGELANE;M;4468148;-60797;330
201500002484;15;11;4;700;2;1;1;1;6;77;;M;4458048;-57572;330
201500002485;15;4;9;1530;1;1;2;1;3;337;;M;4455065;-31690;330
201500002486;15;7;31;1000;1;2;1;2;1;40;RD13  route de cardan;M;4465282;-31851;330
201500002487;15;8;15;2145;5;1;1;1;1;81;;M;4463592;-32397;330
201500002488;15;10;17;2045;3;1;1;1;6;81;;M;0;0;330
201500002489;15;2;24;745;1;1;1;2;6;321;;M;4504130;-41256;330
201500002490;15;2;28;1915;3;1;1;2;1;495;Av.Pierre Mendes-France;M;4501471;-38989;330
201500002491;15;6;7;15;3;1;3;1;5;425;;M;4504780;-47034;330
201500002492;15;6;8;2045;2;1;1;1;3;143;R.de Lombagne;M;4497708;-43896;330
201500002493;15;8;6;1830;1;1;1;1;3;366;Ch du pas de Monac;M;4499192;-42304;330
201500002494;15;1;24;500;3;1;1;1;7;367;D228;M;4461211;-17616;330
201500002495;15;3;25;600;1;1;1;1;3;357;;M;4451090;-26908;330
201500002496;15;4;8;1115;1;2;1;1;3;227;ZI DUMES;M;4454030;-24202;330
201500002497;15;4;29;1800;1;2;1;1;1;533;RD 1113;M;4455824;-26106;330
201500002498;15;4;30;1030;1;1;1;1;4;130;;M;4452037;-19918;330
201500002499;15;9;21;1800;1;2;1;1;1;227;50, rue Abel Gourgues;M;4455282;-25438;330
201500002500;15;10;10;1730;1;1;3;1;3;435;;M;4456581;-23741;330
201500002501;15;10;22;1615;1;1;6;1;3;279;giratoire N524;M;4451578;-23945;330
201500002502;15;11;21;345;3;1;1;3;6;237;;M;4451800;-33060;330
201500002503;15;11;28;2230;3;2;9;1;3;533;RD 1113;M;4456056;-26779;330
201500002504;15;2;20;945;1;1;1;1;6;178;Lieu-dit Andrieux;M;4443691;-15578;330
201500002505;15;7;8;1230;1;2;5;1;6;36;R Paul Lamarque;M;4443210;-21640;330
201500002506;15;6;10;1245;1;1;1;2;6;316;;M;4474358;6279;330
201500002507;15;6;7;1530;1;1;1;1;7;404;;M;4461437;6604;330
201500002508;15;6;16;1700;1;1;1;1;1;400;;M;4469952;9353;330
201500002509;15;6;19;945;1;1;2;1;2;481;Lieu-diit Bardot;M;4464031;5065;330
201500002510;15;9;30;1545;1;1;1;1;6;136;;M;4465672;12633;330
201500002511;15;2;10;830;1;1;1;7;1;2;;M;4447430;-8999;330
201500002512;15;4;10;1145;1;2;1;1;7;352;RUE DES REMPARTS;M;4458316;-3396;330
201500002513;15;5;27;1030;1;1;1;1;7;216;;M;4446517;-12619;330
201500002514;15;6;20;1400;1;1;1;1;1;21;;M;0;0;330
201500002515;15;10;14;1000;1;1;1;1;1;331;;M;4453545;-7792;330
201500002516;15;11;14;1400;1;1;1;2;6;352;;M;4456911;-4893;330
201500002517;15;11;19;2245;3;1;1;2;6;21;;M;4451561;-18030;330
201500002518;15;11;25;645;3;1;2;2;3;72;;M;4452464;-13586;330
201500002519;15;7;21;1215;1;2;1;1;7;484;RD 220E2 let Caillou;M;0;0;330
201500002520;15;2;28;1645;1;1;1;2;6;215;;M;4469836;-24116;330
201500002521;15;3;7;1200;1;1;1;1;7;506;;M;4469637;-8044;330
201500002522;15;3;22;1800;1;2;3;1;3;506;12 bld du 11 novembre 18;M;4469477;-8441;330
201500002523;15;4;5;830;1;2;1;1;7;43;LE BOURG;M;0;0;330
201500002524;15;6;22;730;1;1;1;1;1;8;CHEMIN DE BENAUGE;M;4466477;-26624;330
201500002525;15;7;10;1045;1;1;1;1;5;482;;M;0;0;330
201500002526;15;8;12;2030;2;1;1;1;3;275;;M;4470360;-16666;330
201500002527;15;6;10;1600;1;1;2;1;3;681;;M;0;0;20