num_acc;an;mois;jour;hrmn;lum;agg;int;atm;col;com;adr;gps;lat;long;dep
201500002528;15;2;1;630;3;1;1;1;6;128;;M;4535292;-91698;330
201500002529;15;2;15;1745;1;2;1;1;1;240;Avenue Mendes France;M;4531297;-94132;330
201500002530;15;3;10;2015;2;1;1;1;1;38;;M;0;0;330
201500002531;15;4;23;1145;1;2;9;1;1;240;Av. de BORDEAUX;M;4529757;-93036;330
201500002532;15;7;7;1330;1;2;1;1;3;240;Ch de Fongrouse;M;4529554;-92540;330
201500002533;15;7;25;1445;1;1;1;1;3;300;Piste n°200;M;4526097;-114518;330
201500002534;15;8;25;1820;1;1;2;1;3;338;LD LA LAGUNE;M;4532110;-90152;330
201500002535;15;9;10;1330;1;1;2;7;3;412;Ld St Gaux;M;4526365;-90604;330
201500002536;15;9;25;2200;3;1;1;1;1;177;;M;0;0;330
201500002537;15;10;2;700;2;2;1;1;3;240;Rue Paul VIGNAU;M;4530151;-93570;330
201500002538;15;10;13;815;2;2;3;8;3;240;3, rue Eugиne Coiffard;M;4530169;-92373;330
201500002539;15;10;16;2100;3;1;2;1;3;55;;M;4532593;-88362;330
201500002540;15;11;24;1035;1;1;1;2;4;177;D1215 - LD GADET;M;4532880;-96966;330
201500002541;15;12;7;1445;1;1;1;1;6;240;24 Cr Jean Jaures;M;4530603;-93447;330
201500002542;15;2;10;1900;1;1;1;1;1;248;;M;4506535;-79523;330
201500002543;15;3;13;1845;2;1;1;1;2;417;D6;M;4496926;-92596;330
201500002544;15;7;10;1140;1;1;2;1;3;297;D5;M;4508690;-73998;330
201500002545;15;8;14;1815;1;1;1;1;1;494;;M;4542205;-98605;330
201500002546;15;8;28;2230;3;1;1;1;1;12;;M;4497166;-69459;330
201500002547;15;10;12;1600;1;1;1;1;4;10;;M;4506928;-72301;330
201500002548;15;11;3;1600;1;1;1;2;6;12;D1215E1;M;4498156;-73825;330
201500002549;15;1;30;1445;1;1;1;8;3;314;;M;4518162;-77021;330
201500002550;15;6;20;2315;3;1;2;1;3;395;;M;4525843;-80263;330
201500002551;15;7;6;930;1;2;1;1;3;424;R du DR Destouesse;M;4514726;-82510;330
201500002552;15;7;26;1645;1;2;6;1;7;314;RD 205;M;0;0;330
201500002553;15;9;5;2215;3;1;1;1;1;424;;M;0;0;330
201500002554;15;10;14;745;1;1;1;1;5;314;;M;4520676;-75599;330
201500002555;15;7;25;2015;1;2;1;1;3;514;11 R du Cardinal Donnet;M;4551304;-112403;330
201500002556;15;10;14;715;2;1;2;1;1;541;;M;4541552;-103519;330
201500002557;15;11;1;1815;5;1;1;1;6;208;D103;M;4542205;-98601;330
201500002558;15;5;14;1815;1;2;2;1;3;15;Port du Noyer;M;4491004;-25804;330
201500002559;15;7;12;2000;1;1;1;1;6;15;;M;0;0;330
201500002560;15;8;11;745;1;1;3;1;1;52;;M;4495949;-23994;330
201500002561;15;9;17;1830;1;1;3;1;3;15;;M;0;0;330
201500002562;15;9;19;1145;1;1;3;1;1;222;;M;4495458;-18762;330
201500002563;15;11;4;2015;5;1;3;1;1;222;;M;4494135;-20772;330
201500002564;15;11;28;2245;5;2;6;1;7;207;Av du Gйnйral De Gaulle;M;4492053;-37020;330
201500002565;15;12;13;645;3;1;1;2;2;222;;M;0;0;330
201500002566;15;12;27;1130;1;2;1;1;6;243;14 Av Gйnйral de Gaulle;M;4490713;-23136;330
201500002567;15;1;25;1;3;1;1;9;1;298;;M;4488715;-21959;330
201500002568;15;2;3;1700;1;1;1;1;3;141;;M;4483570;-34278;330
201500002569;15;4;12;1030;1;2;1;1;6;466;24 ROUTE DE GENISSAC;M;4482545;-29218;330
201500002570;15;5;10;1830;2;2;1;1;6;296;128 route de piquessegue;M;4483595;-577;330
201500002571;15;6;15;1730;1;1;1;1;6;413;;M;4484880;-34218;330
201500002572;15;6;14;1800;1;1;3;1;1;531;;M;4481780;-25372;330
201500002573;15;8;17;1445;1;1;1;1;2;421;2, R Le Plantey;M;4481286;-14169;330
201500002574;15;8;22;2230;5;2;2;1;3;466;lieu dit magrine;M;0;0;330
201500002575;15;9;12;815;1;1;1;2;1;185;;M;4486424;-25405;330
201500002576;15;9;21;1400;1;1;1;1;6;147;Pis Cycl R.LAPEBIE;M;4479012;-23332;330
201500002577;15;11;28;1045;1;1;1;1;3;71;;M;0;0;330
201500002578;15;12;14;1815;3;2;1;1;2;185;D121 ROUTE DU STADE;M;4486295;-25537;330
201500002579;15;3;10;1815;1;1;1;1;5;394;RD670E5;M;4486992;-14814;330
201500002580;15;7;19;1245;1;1;2;1;5;328;;M;0;0;330
201500002581;15;9;28;1845;2;1;1;1;1;261;;M;4498997;-9063;330
201500002582;15;10;30;1130;1;1;1;1;2;394;;M;0;0;330
201500002583;15;5;17;1015;1;1;3;1;1;154;;M;4508959;-5292;330
201500002584;15;5;15;1000;1;1;1;1;6;385;;M;4510058;-417;330
201500002585;15;8;17;245;3;1;1;1;6;154;Lieu-dit POIRASSE;M;4507821;-4121;330
201500002586;15;11;29;600;5;1;1;1;1;332;;M;4502548;32;330
201500002587;15;12;24;1630;1;1;1;1;7;166;;M;4503444;-2864;330
201500002588;15;5;20;1145;1;2;9;1;6;393;quai de l'йglise;M;4499198;-20768;330
201500002589;15;7;31;1615;1;1;1;1;1;393;;M;0;0;330
201500002590;15;8;27;2030;1;1;1;1;6;230;;M;0;0;330
201500002591;15;9;13;1500;1;1;1;8;3;218;D17;M;4508733;-16016;330
201500002592;15;10;10;2145;5;2;1;1;6;393;96 ROUTE DE PARIS;M;4498879;-20795;330
201500002593;15;11;15;1;3;1;1;5;1;393;;M;4498596;-20784;330
201500002594;15;12;17;1800;3;1;1;1;1;362;;M;0;0;330
201500002595;15;2;7;2015;3;1;1;1;6;324;;M;4483020;23465;330
201500002596;15;6;11;1200;1;1;1;1;1;186;;M;4479381;6533;330
201500002597;15;12;27;1945;3;1;1;1;6;269;;M;4476695;25023;330
201500002598;15;5;31;1845;1;1;1;1;1;259;;M;0;0;330
201500002599;15;6;29;1745;1;1;1;1;3;219;;M;0;0;330
201500002600;15;7;21;2145;3;1;1;1;7;317;;M;0;0;330
201500002601;15;10;6;1715;1;1;1;9;2;451;;M;4494550;-28720;330
201500002602;15;10;12;745;2;2;1;1;6;219;130 rte la commanderie;M;4498025;-38005;330
201500002603;15;3;5;1200;1;1;1;1;1;13;LA CHIИZE;M;4513850;75609;240
201500002604;15;7;26;15;3;1;1;1;6;571;PRAIRIE DES GUILLOUX;M;4503690;75702;240
201500002605;15;12;10;2100;3;1;1;1;7;115;LA MONNERIE;M;4526100;68297;240
201500002606;15;3;8;1830;1;1;1;1;7;42;;M;4528870;67085;240
201500002607;15;3;20;2315;3;1;1;5;7;64;;M;4537540;68641;240
201500002608;15;5;2;1845;1;2;1;2;1;64;;M;4536000;66670;240
201500002609;15;5;3;2100;1;1;1;1;6;2;FONTROUBADE;M;4530410;73698;240
201500002610;15;7;11;1430;1;1;1;1;1;579;MOULIN DU ROC;M;4542930;49429;240
201500002611;15;7;19;2000;1;1;1;1;1;79;MARGNAC;M;4542020;64853;240
201500002612;15;7;27;915;1;1;1;1;5;42;;M;4528610;67156;240
201500002613;15;1;10;1115;1;1;1;2;1;372;LA BASSE VAURE;M;4513230;51132;240
201500002614;15;3;7;1345;1;1;1;1;1;372;LA COMBETTE;M;4516150;54972;240
201500002615;15;3;10;1530;1;1;1;1;6;442;;M;4510540;49813;240
201500002616;15;4;20;1745;1;1;1;1;3;108;LES BOIGES;M;4522720;63280;240
201500002617;15;5;3;1730;1;1;1;1;6;108;FEYTAUD;M;4523590;65234;240
201500002618;15;5;13;1230;1;1;1;1;2;372;Z.A. LA SERVE;M;4514870;54098;240
201500002619;15;5;20;1900;1;1;1;1;2;372;LA VAURE;M;4513180;50905;240
201500002620;15;5;26;1215;1;2;6;1;3;10;ROND POINT RD3E6 - RD3;M;4517270;59241;240
201500002621;15;7;14;1645;1;1;1;1;5;236;SIRIEX;M;4519510;56684;240
201500002622;15;1;5;1330;1;1;1;1;6;120;LES GR?ZAUDOUX;M;4527650;111513;240
201500002623;15;5;13;1745;1;1;1;1;6;550;LA RIVIИRE;M;4512010;109538;240
201500002624;15;7;11;2130;3;1;1;1;6;308;LE VACHET;M;4532620;87175;240
201500002625;15;7;18;1345;1;1;1;1;7;417;LES VIGNES BASSES;M;4534050;100292;240
201500002626;15;8;1;2245;5;2;1;1;6;164;37 AV DU DOCTEUR RABAUD;M;4533680;104516;240
201500002627;15;8;29;1415;1;1;1;1;7;417;;M;4534310;98562;240
201500002628;15;10;30;1100;1;1;1;1;1;19;VEYRE;M;4516990;112477;240
201500002629;15;1;5;15;3;1;1;5;6;259;LES SARRAZIES;M;4490410;46467;240
201500002630;15;4;22;1430;1;1;2;1;3;487;LES FEROUX;M;4486180;32494;240
201500002631;15;5;2;1700;1;1;1;2;4;182;LE MAINE;M;4487990;23693;240
201500002632;15;5;18;715;1;1;1;1;6;499;;M;4487750;59440;240
201500002633;15;6;12;1830;1;1;3;1;2;340;LE TUQUET;M;4485080;42564;240
201500002634;15;8;12;2315;3;1;1;2;6;277;MALEVIEILLE;M;4489410;24996;240
201500002635;15;8;21;1730;1;1;1;1;3;242;LA FONT DE SOULE;M;4491380;61814;240
201500002636;15;9;2;1245;1;1;1;1;1;472;LES MARROUX;M;4480550;56474;240
201500002637;15;1;5;1045;1;1;1;1;1;68;LA GARRIGUE;M;4484410;83321;240
201500002638;15;4;16;900;1;1;1;1;1;290;LA BABЙE;M;4475350;87435;240
201500002639;15;5;10;1730;1;1;1;1;4;68;ROUTE DE BERGERAC;M;4484580;89681;240
201500002640;15;5;31;1700;1;1;1;1;7;80;;M;4468410;99004;240
201500002641;15;3;7;1800;1;1;1;1;6;23;LES FONTENILLES;M;4483630;68884;240
201500002642;15;11;3;1745;2;2;1;2;7;223;BD DE LA RЙSISTANCE;M;4483640;73613;240
201500002643;15;5;14;1115;1;2;1;1;2;194;AVENUE DE LA RЙPUBLIQUE;M;4483663;33274;240
201500002644;15;6;24;1100;1;2;1;1;1;225;RD 936;M;4484270;38018;240
201500002645;15;8;1;1430;1;1;2;1;3;274;POULVERE;M;4480480;49209;240
201500002646;15;8;19;745;1;1;1;1;6;274;LE CAILLOU;M;4480200;49200;240
201500002647;15;10;18;1430;1;1;1;2;3;282;;M;4472210;55542;240
201500002648;15;10;16;800;1;2;9;1;1;167;ROUTE DES COTES;M;4467550;39702;240
201500002649;15;12;10;1700;2;1;1;1;2;274;;M;4481110;47453;240
201500002650;15;6;22;1130;1;1;1;1;2;335;LES CФTEAUX;M;4485020;20419;240
201500002651;15;12;27;1745;2;2;1;1;1;370;RUE DU PERICOU;M;4484580;16224;240
201500002652;15;10;4;1730;1;2;3;2;1;498;LE BOURG;M;4554320;81497;240
201500002653;15;10;8;730;1;1;1;1;6;458;MERIGNAC;M;4554630;63989;240
201500002654;15;2;8;1130;1;1;1;1;6;227;LA BASSE MERLE;M;4536610;112672;240
201500002655;15;4;5;645;2;1;1;1;6;8;LA POUGE;M;4544140;114372;240
201500002656;15;7;25;2045;2;1;1;1;1;95;LE MAS;M;4551320;93402;240
201500002657;15;8;2;1130;1;1;1;1;6;218;;M;4549600;106500;240
201500002658;15;9;5;815;1;1;1;1;6;519;LA POMELIE;M;4546300;113400;240
201500002659;15;11;1;1045;1;1;1;7;1;453;;M;4546280;86880;240
201500002660;15;12;4;930;1;1;1;1;6;8;L'HEPITAL;M;4543080;114225;240
201500002661;15;7;13;2330;3;1;1;1;7;352;GAYET;M;4523330;32174;240
201500002662;15;7;26;1145;1;1;2;1;3;178;;M;4523150;26324;240
201500002663;15;10;31;1600;1;1;1;1;7;90;;M;4530410;41590;240
201500002664;15;11;3;1545;1;2;1;8;1;352;RUE DE VERDUN;M;4524500;33379;240
201500002665;15;11;8;1500;1;1;1;1;6;482;;M;4530230;27516;240
201500002666;15;11;8;2300;3;1;1;1;1;586;;M;4528150;34943;240
201500002667;15;11;29;2100;5;2;2;1;3;352;BD FRANЗOIS MITTERAND;M;4524940;33539;240
201500002668;15;3;15;2015;3;1;1;1;3;264;ROUTE DU MOULIN NEUF;M;4501380;9641;240
201500002669;15;4;11;1930;1;1;2;1;3;449;BЙNЙVENT;M;4502100;25099;240
201500002670;15;4;13;1230;1;2;1;1;6;418;RUE DU CENTRE;M;4513740;44774;240
201500002671;15;5;2;2215;5;2;1;2;6;294;RUE ANDRE MALRAUX;M;4502150;16626;240
201500002672;15;5;12;1215;1;2;1;1;1;436;;M;4504030;25763;240
201500002673;15;6;30;800;1;2;1;1;6;294;RUE THIERS;M;4500990;16022;240
201500002674;15;7;15;45;5;2;1;1;7;380;LE BOURG;M;4507760;20973;240
201500002675;15;8;2;645;1;2;1;1;7;299;ROUTE DE BOST;M;4503380;37202;240
201500002676;15;10;10;2145;5;2;2;1;3;294;RUE LABORDE/VERDUN;M;4500900;16041;240
201500002677;15;7;30;1715;1;1;1;1;1;159;LONDEIX;M;4512130;20800;240
201500002678;15;10;31;1915;3;1;1;1;6;118;LA PLANCHE;M;4521280;10400;240
201500002679;15;5;22;1415;1;1;1;1;6;577;LA PIERRE DU DIABLE;M;4485200;120452;240
201500002680;15;6;3;1715;1;1;1;1;1;255;LA RIGAUDIE;M;4495220;111203;240
201500002681;15;6;21;2215;2;1;1;1;6;50;PEYREPLATE;M;4494440;140728;240
201500002682;15;11;19;1030;1;1;1;2;6;366;;M;4490850;113997;240
201500002683;15;11;21;900;1;1;1;1;1;355;LE GAILLARDOU;M;4481670;121398;240
201500002684;15;2;17;1115;1;1;1;1;7;35;FONGALOP;M;4472634;96080;240
201500002685;15;2;22;1730;1;1;1;1;3;375;;M;4472490;126798;240
201500002686;15;4;10;1545;1;2;1;1;1;86;LA CHAPELLE PECHAUD;M;4477800;111704;240
201500002687;15;5;17;800;1;2;6;1;3;91;LE BOURG;M;4479770;120410;240
201500002688;15;5;19;1730;1;1;1;1;1;152;;M;4482180;122683;240
201500002689;15;3;23;730;1;2;1;1;6;510;LE TIRADOU;M;4483650;111369;240
201500002690;15;4;9;1845;1;1;1;1;1;142;SAINT-GEORGES;M;4487160;98793;240
201500002691;15;4;18;1700;1;1;1;1;7;67;;M;4493710;90745;240
201500002692;15;5;10;1945;1;1;1;1;2;41;;M;4484840;107966;240
201500002693;15;7;15;245;5;1;1;1;6;172;LES EYMARIES;M;4493070;99800;240
201500002694;15;7;18;945;1;1;2;1;3;67;LA CLUZE;M;4490850;94167;240
201500002695;15;7;24;1845;1;2;3;1;3;356;LA MЙNIQUE;M;4504060;98237;240
201500002696;15;1;1;515;3;1;1;1;7;326;LA ROUSSERIE;M;4498540;107784;240
201500002697;15;3;24;145;3;1;1;1;6;14;LE PIGEONNIER;M;4508140;118743;240
201500002698;15;7;25;145;3;1;1;1;7;30;ROUTE DE LAGE;M;4514830;123921;240
201500002699;15;8;2;1715;1;2;1;1;2;547;PONT DE L'EUROPE;M;4512960;131196;240
201500002700;15;12;2;800;1;1;1;1;1;273;;M;4353589;-142592;400
201500002701;15;2;13;1345;1;1;1;1;5;250;;M;4392029;-44777;400
201500002702;15;3;14;730;2;1;1;1;6;58;;M;4408832;-47124;400
201500002703;15;4;12;1830;1;1;1;1;6;169;;M;4420664;-16185;400
201500002704;15;5;12;515;3;1;1;5;7;297;;M;4416384;-53787;400
201500002705;15;8;11;1630;1;1;1;1;6;320;;M;4396392;-52988;400
201500002706;15;9;26;1130;1;2;1;1;3;56;CD 651;M;4404380;-53562;400
201500002707;15;11;15;815;2;1;1;5;1;105;;M;4407961;-67592;400
201500002708;15;12;6;1615;1;1;1;1;6;81;;M;4401513;-52697;400
201500002709;15;12;8;2045;3;1;1;2;1;234;;M;4396041;-32848;400
201500002710;15;12;10;1245;1;1;1;1;6;250;;M;4394237;-40390;400
201500002711;15;12;19;530;3;1;1;1;6;245;;M;4404550;-32161;400
201500002712;15;1;15;730;3;1;9;1;7;142;;M;4383729;-102877;400
201500002713;15;1;31;1415;1;1;1;4;7;230;;M;4376954;-95873;400
201500002714;15;2;23;1130;1;1;1;2;1;309;;M;4378826;-72207;400
201500002715;15;3;25;745;2;1;1;1;2;313;;M;4383120;-82574;400
201500002716;15;3;31;1445;1;1;1;3;7;243;;M;4395501;-98469;400
201500002717;15;5;31;130;3;1;1;1;6;230;;M;0;0;400
201500002718;15;9;7;1900;1;1;1;1;2;230;;M;4376258;-96815;400
201500002719;15;12;29;945;2;1;1;5;2;31;;M;4382658;-85284;400
201500002720;15;1;13;1830;3;1;1;1;1;123;;M;4383305;-110206;400
201500002721;15;4;19;1700;2;1;1;1;6;123;;M;4381898;-109079;400
201500002722;15;5;10;330;3;1;1;1;7;277;;M;4367309;-103437;400
201500002723;15;5;18;1830;2;2;1;1;6;202;ROUTE D'ORTHEZ;M;4369333;-101079;400
201500002724;15;10;2;2030;3;1;1;1;3;244;;M;4370487;-117339;400
201500002725;15;10;29;1815;2;1;1;1;1;202;;M;4370258;-101937;400
201500002726;15;11;6;1920;3;1;1;1;1;283;;M;4373897;-101839;400
201500002727;15;1;14;745;2;1;3;1;3;36;;M;4362415;-137978;400
201500002728;15;8;21;1400;1;2;1;1;6;65;37 Bd du Docteur Junqua;M;4364176;-142694;400
201500002729;15;8;23;330;3;2;1;2;6;296;route d'Yrache;M;4368061;-137168;400
201500002730;15;9;26;1100;1;2;1;1;7;133;RD810 - LABENNE;M;4358397;-143151;400
201500002731;15;11;10;2215;3;1;1;1;1;296;;M;4367680;-141812;400
201500002732;15;6;16;1815;1;1;2;1;3;150;;M;4386530;-132666;400
201500002733;15;8;21;1515;1;1;1;1;5;123;;M;4382608;-109651;400
201500002734;15;2;26;1445;1;1;1;2;6;201;;M;4374457;-72559;400
201500002735;15;4;17;15;3;1;1;1;7;2;;M;4360101;-76896;400
201500002736;15;4;24;1900;1;1;1;1;3;205;;M;4371845;-81646;400
201500002737;15;7;2;1945;1;1;1;1;7;194;;M;4370390;-84660;400
201500002738;15;11;27;1800;5;2;2;2;5;126;route du bastarot;M;4370529;-94094;400
201500002739;15;11;27;1945;3;1;1;2;6;228;;M;4363879;-83613;400
201500002740;15;2;5;1900;3;1;1;1;1;183;;M;4364445;-94441;400
201500002741;15;4;6;1330;1;1;1;1;6;118;;M;4356716;-93727;400
201500002742;15;4;25;530;3;1;1;2;6;132;;M;4354904;-101542;400
201500002743;15;5;2;1945;1;1;1;1;6;231;;M;4358192;-115659;400
201500002744;15;6;20;1615;1;2;1;1;1;34;511 route moulin а vent;M;4359236;-111676;400
201500002745;15;6;22;1100;1;1;1;1;6;132;;M;4354155;-101467;400
201500002746;15;7;16;1245;1;1;1;1;3;206;;M;4351899;-110667;400
201500002747;15;7;28;1030;1;1;1;1;1;120;;M;4354078;-112794;400
201500002748;15;8;24;1015;1;2;1;1;6;224;3 rue gambetta;M;4354425;-110541;400
201500002749;15;9;23;1645;1;2;1;1;3;224;D817, PK 16+800;M;4355030;-112312;400
201500002750;15;9;30;700;2;1;1;1;7;233;;M;4361688;-101693;400
201500002751;15;10;27;1845;3;1;1;2;3;77;;M;4354476;-107644;400
201500002752;15;10;31;2315;3;1;1;5;7;254;;M;4354003;-104418;400
201500002753;15;11;1;1330;1;1;1;1;2;212;RD 817;M;4355747;-114596;400
201500002754;15;11;19;2030;3;1;6;1;6;95;;M;4360736;-90941;400
201500002755;15;12;25;45;3;1;1;1;6;231;;M;4357616;-116218;400
201500002756;15;4;3;1400;1;1;1;1;7;310;;M;4376788;-130649;400
201500002757;15;6;27;1715;1;2;2;7;3;284;RD 810, 325 rte de bayon;M;4365652;-131366;400
201500002758;15;7;14;1630;1;1;1;1;3;181;;M;4382432;-137209;400
201500002759;15;7;30;1830;1;1;1;1;7;21;;M;4379916;-130870;400
201500002760;15;10;11;1945;2;2;3;1;1;284;avenue d'aspremont;M;4365885;-130030;400
201500002761;15;10;29;1945;3;1;1;1;6;261;;M;4367361;-126699;400
201500002762;15;11;2;755;1;1;1;1;1;310;;M;4373734;-129521;400
201500002763;15;5;19;2245;5;1;1;2;6;273;;M;4352424;-140891;400
201500002764;15;5;27;1630;1;2;1;1;3;312;28 allйe des йrables;M;4354631;-148868;400
201500002765;15;12;21;1330;1;2;1;1;1;312;;M;4352158;-146460;400
201500002766;15;2;28;1745;1;2;1;2;6;332;Rue Felix Arnaudin;M;4432779;-95127;400
201500002767;15;3;3;1315;1;2;1;2;1;46;RD652 route de bordeaux;M;4441430;-115389;400
201500002768;15;3;23;815;1;1;1;1;7;46;;M;4442885;-113574;400
201500002769;15;4;17;715;1;1;1;2;5;217;;M;4433894;-99680;400
201500002770;15;4;27;1945;1;1;1;1;6;287;;M;4446291;-106979;400
201500002771;15;5;21;1715;1;1;1;1;7;332;;M;4433064;-97938;400
201500002772;15;7;7;2100;3;1;1;1;7;46;;M;4446012;-109427;400
201500002773;15;10;19;730;2;1;1;1;6;332;;M;4435524;-95172;400
201500002774;15;1;20;2245;5;2;1;1;6;197;rue Nelson Gaston;M;4402784;-90972;400
201500002775;15;6;7;1500;2;1;1;1;7;6;;M;4402980;-78141;400
201500002776;15;7;7;730;2;1;1;7;7;163;;M;4420248;-94287;400
201500002777;15;8;2;730;1;2;1;1;7;197;rue lucette moreau;M;4421207;-92185;400
201500002778;15;10;21;745;4;2;1;5;6;107;336 rue du Lavoir;M;4401547;-92640;400
201500002779;15;1;7;230;3;2;1;5;6;8;RD 651, Route de Belhade;M;4437381;-64749;400
201500002780;15;1;29;100;3;2;1;2;6;200;Le Bourg;M;4436028;-76184;400
201500002781;15;2;27;1230;1;1;1;1;1;200;;M;4434788;-77027;400
201500002782;15;5;11;1845;1;1;1;1;6;246;;M;4412634;-68801;400
201500002783;15;7;21;1630;1;1;1;1;7;171;;M;4442444;-65839;400
201500002784;15;7;30;1045;1;1;1;1;7;200;;M;4435700;-79295;400
201500002785;15;8;26;1500;1;1;1;1;6;85;;M;4422805;-82806;400
201500002786;15;9;16;1200;1;1;1;6;6;85;;M;4421383;-87374;400
201500002787;15;9;30;2045;3;1;1;1;6;156;;M;4425940;-85281;400
201500002788;15;8;18;1115;1;1;1;1;6;182;;M;4407233;-115579;400
201500002789;15;10;30;2200;5;2;1;1;3;184;;M;4420451;-122431;400
201500002790;15;1;24;2345;3;1;1;1;1;119;;M;4365061;-61097;400
201500002791;15;1;28;1215;1;1;2;1;3;253;;M;4364857;-66501;400
201500002792;15;5;1;1215;1;1;1;2;6;98;;M;4370224;-53393;400
201500002793;15;5;10;1000;1;2;1;1;6;119;rue thiers;M;4365352;-59412;400
201500002794;15;5;30;1615;1;1;1;1;6;196;;M;4372684;-49208;400
201500002795;15;8;22;800;1;1;1;1;6;119;;M;4364675;-61482;400
201500002796;15;9;8;2300;3;1;1;1;6;282;;M;4374629;-54669;400
201500002797;15;9;16;845;1;1;1;8;1;191;;M;4375269;-60050;400
201500002798;15;12;13;200;3;1;1;1;6;138;;M;4361109;-59520;400
201500002799;15;12;16;1630;1;1;1;1;6;282;;M;4375516;-58382;400
201500002800;15;1;20;1745;1;1;1;1;6;146;;M;4364056;-29528;400
201500002801;15;1;27;1545;1;1;1;8;3;1;;M;4369071;-24975;400
201500002802;15;3;8;1600;1;1;2;1;1;22;;M;4366980;-33193;400
201500002803;15;4;6;1700;1;1;2;1;3;70;;M;4382513;-34024;400
201500002804;15;7;2;1500;1;2;1;1;6;1;avenue des Pyrйnйes;M;4370007;-26429;400
201500002805;15;7;23;1345;1;1;2;1;5;22;;M;4366977;-33194;400
201500002806;15;9;8;1800;1;2;1;1;3;1;52 avenue du 4 septembre;M;4370442;-25500;400
201500002807;15;8;18;945;1;1;2;1;3;22;;M;4366491;-36641;400
201500002808;15;9;26;1930;2;1;1;7;1;226;;M;4356991;-39465;400
201500002809;15;10;3;1530;1;2;1;1;1;1;rue du jardin public;M;4369976;-26200;400
201500002810;15;10;12;1715;1;1;1;2;1;270;;M;4367052;-39119;400
201500002811;15;11;6;945;1;1;1;1;3;286;;M;4365073;-52573;400
201500002812;15;12;12;1145;1;2;1;1;3;119;RUE ST GIRONS;M;4365695;-59519;400
201500002813;15;1;4;2000;5;2;1;1;7;218;carrefour CD36 et CD37;M;4394903;1053;400
201500002814;15;5;12;1745;1;1;2;1;3;331;;M;4387917;-34502;400
201500002815;15;6;10;1330;1;1;1;1;3;267;;M;4400320;-20346;400
201500002816;15;8;8;415;3;1;1;1;6;102;;M;4399428;1587;400
201500002817;15;8;10;115;3;1;1;1;6;161;;M;4409251;-2061;400
201500002818;15;8;14;830;1;2;1;8;6;331;AVENUE DE L ARMAGNAC;M;4389192;-30392;400
201500002819;15;10;6;1130;1;1;3;1;6;331;;M;4390109;-30534;400
201500002820;15;10;27;1900;3;1;1;3;5;255;;M;4388637;-33906;400
201500002821;15;12;15;845;1;1;1;1;6;331;;M;4389230;-27670;400
201500002822;15;1;7;1030;1;1;1;9;1;91;;M;4416730;58570;470
201500002823;15;1;27;1645;1;1;1;1;6;91;;M;0;0;470
201500002824;15;2;12;530;3;1;1;1;1;100;;M;4423790;61731;470
201500002825;15;2;28;1600;1;1;1;1;1;137;;M;4411240;52585;470
201500002826;15;4;28;1715;1;1;1;1;7;19;;M;4423580;69452;470
201500002827;15;6;13;1700;1;1;1;8;1;19;LDT TASTEBI;M;4424080;70358;470
201500002828;15;7;21;1915;1;1;1;1;3;300;;M;4421000;52900;470
201500002829;15;7;25;830;1;1;1;1;6;15;;M;4404980;67111;470
201500002830;15;9;12;1645;1;1;1;8;6;91;;M;4416660;58877;470
201500002831;15;9;21;1000;1;1;1;1;1;69;;M;4423350;54974;470
201500002832;15;10;5;945;1;1;3;2;1;100;;M;0;0;470
201500002833;15;10;11;1600;1;1;1;1;7;100;;M;4424900;60500;470
201500002834;15;10;17;2230;3;1;1;1;6;137;lieu-dit latoute;M;0;0;470
201500002835;15;11;13;1830;3;1;1;1;7;137;LIEU-DIT TERRADE;M;4410430;54963;470
201500002836;15;11;14;730;2;1;6;1;3;69;sortie GIRATOIRE CAMELAT;M;4421960;57935;470
201500002837;15;5;11;2245;3;1;1;1;1;196;;M;4433450;32297;470
201500002838;15;4;24;2030;3;1;1;1;6;269;;M;0;0;470
201500002839;15;8;9;715;2;1;1;2;6;171;;M;4431380;73026;470
201500002840;15;8;15;1945;1;1;1;1;6;269;;M;4417640;76204;470
201500002841;15;1;14;1230;1;2;2;1;6;157;BOULEVARD ULYSSE CASSE;M;4450380;16413;470
201500002842;15;1;28;2000;3;1;2;3;3;157;;M;4451140;20077;470
201500002843;15;4;15;2300;3;2;1;1;6;157;rue des erables;M;4449900;17300;470
201500002844;15;5;22;700;1;1;2;1;3;56;;M;4454800;14000;470
201500002845;15;7;13;845;1;1;1;1;1;157;;;;;470