num_acc;an;mois;jour;hrmn;lum;agg;int;atm;col;com;adr;gps;lat;long;dep
201500002846;15;8;17;1800;1;2;8;1;3;24;;M;4451880;12786;470
201500002847;15;8;24;745;1;1;1;1;3;157;;M;4448880;14788;470
201500002848;15;9;12;1015;1;1;2;8;3;157;D132/av Condorcet;M;4451120;20029;470
201500002849;15;9;24;1615;1;1;3;1;3;326;LA GAZELLE;M;4450540;27251;470
201500002850;15;10;1;900;1;1;1;1;6;157;;M;0;0;470
201500002851;15;11;21;1245;1;2;2;1;3;157;LIEU-DIT LA GRAVE;M;4446320;13924;470
201500002852;15;12;3;730;2;2;1;5;2;157;AVENUE JEAN JAURИS;M;4450370;15316;470
201500002853;15;1;27;1600;1;1;1;1;1;86;;M;4466910;18687;470
201500002854;15;3;15;400;3;1;1;1;6;303;;M;0;0;470
201500002855;15;5;31;745;1;1;1;1;7;226;;M;4461550;33905;470
201500002856;15;6;8;2345;3;1;1;1;2;271;;M;4465930;18980;470
201500002857;15;5;25;2030;1;1;1;1;6;108;;M;4450100;9800;470
201500002858;15;6;25;1945;1;1;3;7;3;165;;M;4449940;7471;470
201500002859;15;6;26;1015;1;1;2;1;3;165;;M;4448480;5775;470
201500002860;15;10;25;845;1;1;1;1;6;114;;M;4438900;15900;470
201500002861;15;11;22;45;5;2;1;1;6;233;44 AV. GЙNЙRAL DE GAULLE;M;4453120;9184;470
201500002862;15;12;31;1500;1;2;1;8;7;95;LIEU-DIT PETIT MAYNE;M;4442340;28797;470
201500002863;15;1;12;1645;1;2;1;1;6;310;AVENUE DE BEAUREGARD;M;4439810;30513;470
201500002864;15;2;20;1745;2;1;1;2;1;95;LE CHALET;M;4442990;29337;470
201500002865;15;7;24;1345;1;1;1;1;7;317;;M;4444140;40861;470
201500002866;15;8;4;1830;1;2;1;1;6;310;;M;0;0;470
201500002867;15;8;17;1700;1;2;2;1;6;310;;M;4439210;30580;470
201500002868;15;11;28;1500;1;2;2;1;6;310;AV DE GAULLE/RUEGAMBETTA;M;4439050;30880;470
201500002869;15;5;6;1745;1;2;2;1;3;220;LIEU DIT BEROY;M;4435200;24464;470
201500002870;15;6;4;745;1;1;2;1;3;320;RD120/VC1;M;4431840;20024;470
201500002871;15;7;19;2145;2;1;4;1;1;52;;M;4429920;9793;470
201500002872;15;9;5;1900;2;1;1;1;6;214;;M;4431150;25322;470
201500002873;15;9;26;1315;1;1;2;1;3;12;LDT CAPITAINE;M;4427920;16667;470
201500002874;15;11;9;1700;1;1;2;1;3;250;CARREFOUR D8/D642;M;4428950;32456;470
201500002875;15;4;27;645;2;1;6;3;7;228;;M;0;0;470
201500002876;15;7;16;1;3;1;1;1;7;237;;M;4435100;64172;470
201500002877;15;8;3;1030;1;1;1;1;7;146;;M;4443010;68346;470
201500002878;15;11;21;2045;3;1;1;1;6;146;LIEU-DIT BELLE VUE;M;4444360;68254;470
201500002879;15;2;2;745;3;1;1;8;6;48;;M;4456910;62506;470
201500002880;15;2;4;1115;1;1;3;1;3;324;;M;0;0;470
201500002881;15;3;18;1045;1;2;1;1;6;324;AVENUE FRANCIS BORDES;M;4463900;74195;470
201500002882;15;7;11;100;3;2;1;1;7;240;LIEU DIT JEAN DE MICHOU;M;4461370;74427;470
201500002883;15;1;15;1445;1;1;1;1;6;36;;M;4444150;97176;470
201500002884;15;1;18;515;3;1;1;1;7;70;;M;4447720;90954;470
201500002885;15;7;14;2215;2;1;2;1;3;314;Carrefour D 243 / D 246;M;4441660;89309;470
201500002886;15;12;16;1345;1;1;1;1;7;64;LIEU-DIT RIVEMPLE;M;4438500;90948;470
201500002887;15;3;22;1600;1;1;1;1;6;252;;M;4442300;61700;470
201500002888;15;7;3;145;3;2;1;1;6;309;LIEU DIT VILLENEUVE;M;4450400;45411;470
201500002889;15;10;19;1400;1;1;1;1;6;239;;M;0;0;470
201500002890;15;10;26;1700;1;1;1;1;3;309;;M;0;0;470
201500002891;15;11;15;1415;1;1;1;1;1;306;;M;4438900;48990;470
201500002892;15;12;14;1330;1;1;1;1;1;49;LIEU-DI ROQUES;M;4443250;64843;470
201500002893;15;12;26;1115;1;1;1;1;7;252;LIEU-DIT LACOMBE;M;4441340;58383;470
201500002894;15;12;26;1000;1;2;4;7;1;324;D2BDPAISANCE/PLSTMICHEL;M;4463500;74372;470
201500002895;15;3;29;1715;1;1;1;1;1;230;RD 24;M;4322842;-42102;640
201500002896;15;4;22;1515;1;2;6;1;3;67;;M;4325264;-29566;640
201500002897;15;6;17;845;1;1;1;1;3;376;;M;4326745;-30030;640
201500002898;15;7;18;1130;1;1;1;8;3;230;;M;4320329;-41478;640
201500002899;15;9;14;845;1;1;1;3;3;230;RD 934;M;4317323;-39442;640
201500002900;15;10;2;1800;1;1;1;1;5;230;ROUTE D'OLORON;M;4322215;-39666;640
201500002901;15;10;6;1815;1;2;1;3;7;67;RD 937;M;4325832;-30242;640
201500002902;15;8;11;1800;1;2;1;1;1;27;ROUTE FONTAINE DU BEDAT;M;4340174;-29286;640
201500002903;15;8;23;745;2;1;1;2;7;227;;M;4336826;-23176;640
201500002904;15;7;17;2345;5;2;1;1;1;448;RUE PRINCIPALE;M;4335249;-46964;640
201500002905;15;10;30;845;1;2;1;1;3;519;route dйpartementale 834;M;4337767;-38030;640
201500002906;15;1;10;900;1;2;6;5;2;405;RD 943 RP DROITS HOMME;M;0;0;640
201500002907;15;1;15;1445;1;1;2;2;3;210;;M;0;0;640
201500002908;15;2;16;1100;1;2;1;1;6;526;;M;4327000;-18500;640
201500002909;15;4;12;1715;1;1;1;1;6;472;;M;4338000;-31500;640
201500002910;15;5;26;1245;1;2;3;1;1;405;AVENUE DES CIMES;M;4333605;-27557;640
201500002911;15;6;24;1615;1;1;2;1;3;238;;M;4326519;-7240;640
201500002912;15;7;24;2330;3;2;1;1;7;27;Route de Morlaаs;M;4340687;-29100;640
201500002913;15;7;27;1700;1;2;2;1;3;352;ROUTE DU CLARET;M;4328933;-16005;640
201500002914;15;8;30;1445;1;2;1;1;6;337;RD 143;M;4347334;-15418;640
201500002915;15;9;3;1845;1;2;1;3;3;238;RD 64;M;4326073;-6559;640
201500002916;15;10;30;1515;1;1;1;1;1;524;RD 943;M;4343899;-17243;640
201500002917;15;12;5;730;2;1;1;5;3;238;;M;4324667;-4353;640
201500002918;15;1;5;1600;1;2;1;1;6;511;CHEMIN DU BOIS;M;4340661;-37558;640
201500002919;15;1;23;2130;3;1;1;1;1;138;RD 938;M;0;0;640
201500002920;15;4;18;1530;1;2;1;1;1;270;3 RUE DE L'ESTIBETE;M;4315931;-23528;640
201500002921;15;5;29;1715;1;2;1;1;6;339;;M;4313754;-21523;640
201500002922;15;5;30;1815;1;2;3;1;3;109;RUE DU STADE;M;4319101;-21721;640
201500002923;15;7;18;1345;1;2;1;1;7;266;;M;4322861;-16978;640
201500002924;15;7;28;800;1;2;1;1;7;191;;M;4316960;-21617;640
201500002925;15;7;30;1945;1;2;1;1;1;266;PLACE DE L'EGLISE;M;4322867;-16985;640
201500002926;15;9;10;1630;1;1;6;1;6;138;RD 938;M;4324424;-26844;640
201500002927;15;10;25;1530;1;2;1;1;3;101;RUE DES PYRENEES;M;4320422;-25714;640
201500002928;15;10;27;1800;5;2;1;2;6;417;PLACE DE LA REPUBLIQUE;M;4317993;-26161;640
201500002929;15;11;7;1800;5;1;9;1;6;292;;M;4318578;-14335;640
201500002930;15;2;14;530;5;1;1;2;7;78;;M;4345900;-32700;640
201500002931;15;6;8;1630;1;2;1;1;6;63;PLACE MARCADIEU;M;4353553;-41175;640
201500002932;15;7;25;1830;1;1;2;1;3;407;;M;4347864;-141121;640
201500002933;15;2;16;1730;1;1;1;2;6;161;;M;0;0;640
201500002934;15;3;6;1415;1;1;1;1;6;147;CHEMIN DE L'ENSEIGNE;M;4342868;-135109;640
201500002935;15;3;23;945;1;1;1;8;1;256;RD 10;M;0;0;640
201500002936;15;7;18;1115;1;1;1;3;5;94;RD 936;M;4348158;-117047;640
201500002937;15;8;9;700;2;1;1;8;7;546;;M;4348687;-131018;640
201500002938;15;11;10;2245;5;2;7;1;6;546;AVENUE DES PYRENEES;M;4349370;-129007;640
201500002939;15;11;25;715;2;1;1;2;3;123;RD 11;M;4344939;-112682;640
201500002940;15;4;12;1645;1;1;1;1;6;65;;M;4335591;-163141;640
201500002941;15;6;8;1500;1;1;1;1;3;495;;M;4334936;-152605;640
201500002942;15;6;22;1130;1;2;1;1;3;495;RD 918;M;4336105;-160569;640
201500002943;15;6;22;1915;1;2;1;1;2;65;RD 918;M;4335115;-162523;640
201500002944;15;6;26;1145;1;2;1;1;1;65;CD 918;M;4335441;-163093;640
201500002945;15;6;26;2045;1;1;3;1;1;495;;M;4331705;-153145;640
201500002946;15;7;7;945;1;1;1;1;6;65;OLHETAKO BIDEA;M;4334223;-163377;640
201500002947;15;8;5;1700;1;1;1;1;3;495;;M;4336137;-158358;640
201500002948;15;8;12;1030;1;2;6;1;3;495;RD918 QUARTIER IBARRON;M;0;0;640
201500002949;15;10;26;1100;1;2;1;1;6;65;RD 4;M;4334335;-163025;640
201500002950;15;12;9;1145;1;2;1;1;6;65;RUE ERNEST FOURNEAU;M;4334847;-162394;640
201500002951;15;12;21;545;3;1;1;1;6;495;;M;4334457;-153069;640
201500002952;15;12;29;45;3;1;1;1;6;9;RD 655;M;4341037;-157345;640
201500002953;15;12;31;1130;1;1;1;8;1;527;;M;4332123;-148426;640
201500002954;15;1;1;1700;1;2;1;1;6;213;RD 918;M;4334500;-145000;640
201500002955;15;1;21;1845;3;1;1;3;5;547;;M;0;0;640
201500002956;15;1;28;1245;1;1;1;2;1;527;;M;4332500;-148200;640
201500002957;15;2;12;845;1;1;1;8;1;527;;M;4332600;-148100;640
201500002958;15;2;27;1600;1;1;1;1;7;547;;M;0;0;640
201500002959;15;4;20;1315;1;1;1;1;6;317;;M;4337700;-146200;640
201500002960;15;8;21;1745;1;1;1;1;1;317;;M;4335396;-142554;640
201500002961;15;8;21;1000;1;1;1;1;1;100;;M;4344622;-147481;640
201500002962;15;9;6;1845;1;1;1;1;5;317;RD 932;M;4337716;-143382;640
201500002963;15;10;12;1445;1;2;1;2;3;547;RD 250;M;4339421;-145816;640
201500002964;15;10;18;1500;1;2;1;1;7;35;RUE BASSILOUR;M;4343684;-156323;640
201500002965;15;10;14;1645;1;1;1;1;3;527;;M;4332769;-147421;640
201500002966;15;10;25;1530;1;1;1;1;5;527;;M;4334400;-147600;640
201500002967;15;11;7;1330;1;1;1;1;1;160;RD 410;M;4336699;-142360;640
201500002968;15;1;20;945;1;1;1;1;1;247;;M;4318700;-90300;640
201500002969;15;1;20;1130;1;2;1;1;3;371;BOULEVARD DES PYRENEES;M;0;0;640
201500002970;15;5;12;1130;1;2;1;1;6;533;grande rue;M;4311455;-86167;640
201500002971;15;5;26;645;1;1;1;1;1;559;;M;4323939;-87893;640
201500002972;15;6;7;1115;1;1;1;1;7;188;;M;4322781;-83806;640
201500002973;15;6;30;730;1;1;1;1;3;115;;M;4318886;-90332;640
201500002974;15;8;16;1315;1;1;1;1;7;316;;M;4303981;-105731;640
201500002975;15;7;14;1730;1;1;1;1;7;379;;M;4305022;-106362;640
201500002976;15;7;29;1530;1;1;1;2;2;66;;M;4319415;-125623;640
201500002977;15;8;28;2115;2;2;1;1;3;485;PLACE DES REMPARTS;M;4316192;-124086;640
201500002978;15;9;7;930;1;1;1;1;7;92;RD 948;M;4314977;-136547;640
201500002979;15;9;30;1600;1;1;1;5;1;538;RD 918;M;4320385;-126400;640
201500002980;15;12;5;1115;1;2;1;1;3;485;PLACE JUAN DE HUARTE;M;4316262;-123965;640
201500002981;15;4;25;1415;1;1;1;1;6;425;;M;4339580;-117614;640
201500002982;15;5;8;1845;1;2;7;1;6;436;parking salle pour tous;M;4324282;-128444;640
201500002983;15;6;26;1700;1;1;1;1;7;49;;M;4331428;-91472;640
201500002984;15;7;9;915;1;1;1;1;1;36;RD 134;M;4335454;-98162;640
201500002985;15;7;23;915;1;1;1;1;3;362;;M;4336401;-107231;640
201500002986;15;8;8;1300;1;1;1;2;1;436;;M;4321159;-128167;640
201500002987;15;9;26;1600;1;1;1;1;7;45;CHEMIN COMMUNAL;M;4325147;-102803;640
201500002988;15;10;11;1800;1;1;1;2;7;259;RD 22;M;4331198;-125794;640
201500002989;15;11;11;1800;3;1;1;1;7;51;;M;4338898;-109723;640
201500002990;15;1;3;1530;1;2;1;1;1;252;RN 134;M;0;0;640
201500002991;15;2;9;1900;3;1;1;1;6;217;;M;0;0;640
201500002992;15;4;7;1900;1;2;1;1;1;422;RUE LABARRAQUE;M;4318791;-60673;640
201500002993;15;5;13;1800;1;1;3;1;3;261;RN 134;M;4317062;-53180;640
201500002994;15;6;1;1500;1;2;1;1;1;422;RUE BORDELONGUE;M;4319966;-60440;640
201500002995;15;6;3;1145;1;1;1;1;1;244;;M;4325752;-70231;640
201500002996;15;6;15;1215;1;2;1;1;3;422;RUE GEORGES MESSIER;M;4318193;-61181;640
201500002997;15;7;28;1400;1;2;6;1;6;422;AMBROISE BORDELONGUE;M;4319983;-60439;640
201500002998;15;8;11;1600;1;2;1;1;2;422;avenue Charles Moureu;M;4319600;-60900;640
201500002999;15;12;4;1800;3;1;1;1;5;421;;M;4316482;-50930;640
201500003000;15;12;11;1415;1;2;6;1;1;422;ROND POINT DE LA GARE;M;4319442;-61177;640
201500003001;15;12;12;1715;1;2;1;1;6;481;CD 59;M;0;0;640
201500003002;15;10;26;1445;1;1;1;1;2;127;RD 934;M;4307400;-42100;640
201500003003;15;6;6;1545;1;1;1;1;7;542;;M;4288988;-56330;640
201500003004;15;7;11;1845;1;1;1;1;6;29;QUARTIER ESCARY;M;4312347;-73787;640
201500003005;15;7;25;1200;1;1;1;1;6;185;;M;4293883;-59991;640
201500003006;15;9;12;1600;1;1;1;1;6;310;;M;4311700;-74400;640
201500003007;15;11;7;645;3;1;1;1;1;29;;M;4312708;-71818;640
201500003008;15;4;2;1215;1;1;1;1;1;381;;M;4332516;-75956;640
201500003009;15;6;12;1345;1;1;1;1;7;253;;M;4329661;-75513;640
201500003010;15;1;2;1200;1;1;1;1;5;430;RD 817;M;0;0;640
201500003011;15;7;6;1030;1;2;1;1;6;430;VIEILLE RT DE CASTETARBE;M;4349645;-79085;640
201500003012;15;7;11;315;3;1;1;1;6;510;;M;4352096;-67276;640
201500003013;15;7;12;1415;1;1;1;1;5;131;AV MARCEL PAUL;M;4346678;-75109;640
201500003014;15;8;21;1500;1;1;1;1;6;430;;M;4350789;-77774;640
201500003015;15;10;4;845;1;1;1;8;6;177;;M;4346545;-70629;640
201500003016;15;10;14;1645;1;1;1;1;6;177;;M;4347242;-72548;640
201500003017;15;11;10;1745;5;2;1;1;2;430;5 RUE CORPS FRANC POMMI;M;4349423;-77803;640
201500003018;15;12;27;930;1;1;1;1;6;510;;M;0;0;640
201500003019;15;4;19;1945;2;2;1;1;6;62;Face au 6, rte de Paris;M;0;0;860
201500003020;15;6;25;2200;5;2;1;1;1;62;65 route de st georges;M;0;0;860
201500003021;15;10;26;1900;5;1;6;1;7;115;;M;0;0;860
201500003022;15;12;4;2130;3;1;1;1;6;163;;M;0;0;860
201500003023;15;1;7;845;1;1;1;2;3;148;;M;0;0;860
201500003024;15;2;25;1015;1;2;1;2;3;211;Rue de la Vallйe;M;0;0;860
201500003025;15;3;13;1815;3;1;1;3;3;45;;M;0;0;860
201500003026;15;3;12;2115;3;1;1;2;6;213;;M;4641939;4923;860
201500003027;15;4;1;1600;1;2;1;1;3;139;avenue de Poitiers;M;4643662;12885;860
201500003028;15;5;21;1445;1;1;1;1;3;293;;M;0;0;860
201500003029;15;6;17;1445;1;1;1;1;6;213;;M;0;0;860
201500003030;15;6;26;1545;1;1;1;1;7;45;Lieu dit :Chainsй;M;4642774;18492;860
201500003031;15;8;28;445;3;1;1;2;6;293;Les Aulniess;M;0;0;860
201500003032;15;10;6;1630;1;1;1;1;1;147;;M;0;0;860
201500003033;15;11;23;845;1;1;1;7;6;83;;M;0;0;860
201500003034;15;11;27;800;2;1;2;5;3;113;;M;0;0;860
201500003035;15;12;4;1230;1;2;1;1;6;213;rue Mйlusine;M;0;0;860
201500003036;15;12;25;1015;1;1;2;1;3;150;;M;0;0;860
201500003037;15;3;22;2145;3;1;1;1;6;38;;M;0;0;860
201500003038;15;5;28;1200;1;2;1;1;6;178;Allйe du champ de foir;M;0;0;860
201500003039;15;7;4;545;2;1;1;1;7;178;;M;0;0;860
201500003040;15;7;8;1745;1;1;1;1;7;94;chemin de la dйchetterie;M;4644541;55260;860
201500003041;15;11;9;2100;3;1;1;5;1;178;;M;4650700;46000;860
201500003042;15;1;4;2245;3;1;1;1;1;123;;M;4656300;6800;860
201500003043;15;2;19;1730;1;1;1;1;7;294;;M;0;0;860
201500003044;15;2;21;715;3;1;1;2;6;74;;M;0;0;860
201500003045;15;3;6;1715;1;1;1;1;5;166;;M;4656700;14100;860
201500003046;15;5;12;1645;1;2;7;1;6;294;rue de la tour du poкle;M;4664600;17100;860
201500003047;15;7;31;1445;1;1;1;8;3;100;;M;4652800;26600;860
201500003048;15;3;1;530;5;2;1;1;6;19;60 avenue de paris;M;0;0;860
201500003049;15;11;25;1645;1;1;1;2;7;272;;M;0;0;860
201500003050;15;2;25;1615;1;1;3;8;3;127;;M;0;0;860
201500003051;15;4;3;1615;1;2;1;2;6;128;la grand-cour, CV 2;M;4680263;29424;860
201500003052;15;9;4;1700;1;1;1;1;4;49;;M;0;0;860
201500003053;15;10;30;2015;5;2;1;1;6;137;9b bd Jean Pascault;M;4700452;8321;860
201500003054;15;4;25;445;3;1;1;2;6;245;;M;0;0;860
201500003055;15;7;30;945;3;1;1;1;7;125;;M;0;0;860
201500003056;15;11;28;1215;1;1;2;7;3;193;;M;4677700;76100;860
201500003057;15;3;22;1500;1;1;1;1;7;161;;M;0;0;860
201500003058;15;6;16;2145;1;1;1;1;6;286;;M;4685656;15338;860
201500003059;15;8;25;645;1;2;1;1;1;167;rue champs baudiиre;M;4692700;20900;860
201500003060;15;9;8;545;2;2;1;1;6;161;RUE DUGUESCLIN;M;4688385;-824;860
201500003061;15;11;18;900;1;1;2;1;3;5;;M;4694900;8400;860
201500003062;15;10;29;1800;5;2;1;1;7;285;RD13;M;0;0;860
201500003063;15;10;31;1115;1;2;9;7;1;77;rue du Gobertй;M;4644320;66287;860
201500003064;15;11;16;1430;1;1;1;1;3;165;;M;0;0;860
201500003065;15;1;31;1930;3;1;1;2;6;124;;M;0;0;860
201500003066;15;2;23;1730;1;1;1;8;6;58;;M;0;0;860
201500003067;15;3;11;1445;1;2;1;7;6;233;rue de la dame blanche;M;0;0;860
201500003068;15;3;20;1230;1;1;1;3;5;114;;M;4656700;55900;860
201500003069;15;5;21;945;1;1;1;1;1;98;;M;0;0;860
201500003070;15;6;7;730;1;1;1;1;6;70;VC Pouzioux а Villeneuve;M;4657400;60700;860
201500003071;15;6;30;1745;1;1;1;1;1;126;;M;0;0;860
201500003072;15;7;2;930;1;1;1;1;6;70;;M;0;0;860
201500003073;15;7;15;2000;1;2;1;1;3;135;route de lavoux;M;4660741;53469;860
201500003074;15;9;9;1545;1;1;1;1;7;31;;M;0;0;860
201500003075;15;11;10;730;3;1;1;5;3;256;;M;4653400;49400;860
201500003076;15;12;1;2115;3;1;1;1;7;59;;M;0;0;860
201500003077;15;12;3;2100;2;2;1;1;5;226;ROUTE DE CHAUVIGNY;M;4656300;51300;860
201500003078;15;4;20;1500;1;1;1;1;1;29;;M;0;0;860
201500003079;15;9;4;1500;1;1;2;1;3;104;;M;0;0;860
201500003080;15;9;26;1145;1;1;9;1;3;61;;M;0;0;860
201500003081;15;2;3;1645;1;1;1;1;7;15;;M;0;0;860
201500003082;15;5;10;1830;1;1;1;1;7;289;;M;4619600;63700;860
201500003083;15;7;19;1300;1;1;1;1;6;152;;M;0;0;860
201500003084;15;8;14;1730;1;1;1;3;6;15;;M;4611400;65800;860
201500003085;15;9;8;1845;1;1;9;7;3;203;;M;0;0;860
201500003086;15;8;5;1615;1;1;1;1;3;170;;M;0;0;860
201500003087;15;1;9;800;2;2;1;8;6;273;RUE OCTAVE BERNARD;M;4646662;104139;860
201500003088;15;8;9;945;1;1;1;2;7;37;;M;0;0;860
201500003089;15;10;4;1200;1;1;1;1;6;132;;M;0;0;860
201500003090;15;10;10;1145;1;1;1;1;1;236;;M;0;0;860
201500003091;15;12;9;1715;5;2;1;1;6;273;Route de St Pierre;M;0;0;860
201500003092;15;5;29;1700;1;1;3;1;1;78;;M;4570266;17469;160
201500003093;15;9;25;2300;3;1;1;1;6;78;;M;4574347;18817;160
201500003094;15;3;22;1750;2;1;1;1;6;175;;M;4553655;-3292;160
201500003095;15;11;27;1845;3;1;1;8;5;263;Les Beaurits;M;4553722;4602;160
201500003096;15;1;3;930;1;1;1;2;1;49;La Clartie;M;4523905;16113;160
201500003097;15;1;19;1015;1;2;3;1;3;230;47 Avenue de l'angoumois;M;4540241;13418;160
201500003098;15;6;28;2200;3;1;1;1;1;328;Pont Ligonnet;M;4537802;11322;160
201500003099;15;7;17;1500;1;1;1;1;6;112;La Riberolle;M;4529915;6945;160
201500003100;15;9;7;1600;1;1;1;1;1;222;Les Bouchiers;M;4531529;8690;160
201500003101;15;12;22;615;3;1;1;1;2;167;Bois Clos;M;4567107;-16248;160
201500003102;15;4;12;125;3;1;1;1;7;169;;M;4570947;-37560;160
201500003103;15;9;8;1945;3;1;1;1;1;384;Landes de la Cossade;M;4537738;-18332;160
201500003104;15;9;13;545;3;1;1;2;6;301;Pont de la Chapelle;M;4542548;-5531;160
201500003105;15;3;18;745;2;1;1;1;3;167;Les Bosses;M;4569143;-14410;160
201500003106;15;10;20;1045;1;1;1;1;6;153;;M;4567419;-17713;160
201500003107;15;6;17;2045;2;1;1;1;7;186;;M;4557449;-1196;160
201500003108;15;7;17;2000;2;1;8;7;3;150;1 route des Grands Champ;M;4566572;27094;160
201500003109;15;8;20;1615;1;2;1;1;2;402;route de chateauneuf;M;4564084;-6076;160
201500003110;15;5;8;1100;1;1;3;1;3;132;;M;4589407;80051;160
201500003111;15;7;8;545;2;1;1;1;1;9;Le Bois du Breuil;M;4595391;57048;160
201500003112;15;7;20;1645;1;2;3;1;3;132;;M;4589531;77806;160
201500003113;15;10;3;115;3;1;1;2;6;337;les Aurillis;M;4596787;65037;160
201500003114;15;12;2;1700;2;1;1;1;2;16;Les Berties;M;4599969;19781;160
201500003115;15;1;24;515;3;1;1;9;7;85;Le Chateau;M;4582079;43683;160
201500003116;15;3;2;1400;1;2;3;1;3;192;Rue des Quatre Vents;M;4588933;58006;160
201500003117;15;3;2;445;3;1;1;3;7;282;;M;4581443;31197;160
201500003118;15;3;20;1145;1;2;3;2;6;329;Le Bourg;M;4594049;48175;160
201500003119;15;4;18;1215;1;1;2;1;3;212;les Terres de Champoutre;M;4577563;61004;160
201500003120;15;5;8;1045;1;1;1;8;1;308;;M;4588803;47344;160
201500003121;15;5;15;645;2;1;1;8;6;308;Champlaurier;M;4588679;47844;160
201500003122;15;5;22;1000;1;2;1;1;6;85;9 rue de la gare;M;4582452;45267;160
201500003123;15;6;1;300;3;1;6;2;3;85;Giratoire de Chantebuse;M;4583259;46880;160
201500003124;15;6;9;1745;1;1;2;1;1;192;;M;4592997;56729;160
201500003125;15;7;8;845;1;1;1;1;2;85;Le Vaudou;M;4579676;43374;160
201500003126;15;7;16;1115;1;1;2;1;3;308;Bellevue;M;4590716;48741;160
201500003127;15;8;23;1215;1;1;1;1;6;282;La Borderie;M;4579788;31006;160
201500003128;15;9;1;1445;1;2;3;1;1;85;;M;4582529;45104;160
201500003129;15;9;26;1530;1;1;1;7;6;336;La Pierre de Bidet;M;4586080;32875;160
201500003130;15;10;14;1245;1;2;3;1;1;245;Agglomйration Fontafie;M;4586448;53713;160
201500003131;15;11;18;1830;3;1;1;3;1;68;les Fontanelles;M;4585991;15036;160
201500003132;15;11;19;1630;1;1;1;2;1;136;Les Friquets;M;4601619;15036;160
201500003133;15;6;5;2315;3;1;1;1;6;242;Rue de la Folatiиre;M;4600388;33065;160
201500003134;15;11;11;930;1;2;3;1;3;292;Chez Ballon;M;4603269;21042;160
201500003135;15;12;11;1145;1;2;1;1;6;292;25 RUE DE L'ABREUVOIR;M;4602619;19781;160
201500003136;15;4;4;1830;1;1;1;1;6;320;Source du Tillet;M;4574710;4472;160
201500003137;15;9;18;1615;1;1;1;1;2;234;la Bascule;M;4567323;-1767;160
201500003138;15;10;1;1230;1;1;1;7;4;320;La source du Tillet;M;4574743;4373;160
201500003139;15;12;1;715;5;2;1;1;2;138;Avenue des Plantes;M;4566493;9162;160
201500003140;15;2;27;1600;1;1;1;1;6;237;;M;4587722;23581;160
201500003141;15;6;20;1600;1;2;2;1;3;393;le Portal;M;4576653;10815;160
201500003142;15;9;3;1545;1;2;3;1;1;421;route d'angoulкrme;M;4566817;45661;160
201500003143;15;9;5;1615;1;1;1;1;6;223;Le Moulin de Lavaud;M;4567726;50127;160
201500003144;15;9;5;1915;3;1;1;1;6;124;Les Giligies;M;4569083;57614;160
201500003145;15;11;6;2230;3;1;1;5;6;203;Le Rocher;M;4554700;48700;160
201500003146;15;12;1;1715;2;1;1;1;7;274;La Riviere;M;4570795;38476;160
201500003147;15;10;4;1230;1;1;1;1;7;317;Le moulin de Gouge;M;4591384;-349;160
201500003148;15;1;9;1330;1;1;1;2;6;396;;M;4623351;-88112;170
201500003149;15;2;13;2230;4;2;1;1;6;218;Rue du port Tabarit;M;4630892;-99158;170
201500003150;15;2;20;2145;5;2;1;8;6;127;RUE DU GENERAL DE GAULLE;M;0;0;170
201500003151;15;4;8;1915;1;1;1;1;3;8;;M;4624732;-101461;170
201500003152;15;4;22;600;2;1;1;1;6;41;;M;4621978;-79753;170
201500003153;15;6;29;745;1;1;1;1;5;466;;M;4621342;-99215;170
201500003154;15;6;30;1545;1;1;1;1;3;349;;M;4624930;-88142;170
201500003155;15;7;26;515;3;1;1;2;6;303;;M;4631903;-78546;170
201500003156;15;8;15;1100;1;1;1;1;1;7;;M;4617082;-89880;170
201500003157;15;9;25;1400;1;1;1;1;6;218;;M;4632333;-98919;170
201500003158;15;9;30;845;2;1;1;1;2;91;;M;4630536;-107706;170
201500003159;15;9;29;915;1;2;1;1;3;218;;M;4631270;-99133;170
201500003160;15;10;23;845;1;1;1;1;4;218;;M;4628429;-99400;170
201500003161;15;10;27;1945;3;1;1;1;7;208;;M;4621829;-96815;170
201500003162;15;11;21;1715;1;1;1;1;3;322;;M;4625517;-84202;170
201500003163;15;11;23;1700;2;1;1;1;6;439;;M;4632019;-83605;170
201500003164;15;12;15;1630;1;1;1;3;1;8;;M;4626421;-100853;170
201500003165;15;12;27;645;3;1;1;9;6;8;;M;4623598;-100620;170