num_acc;an;mois;jour;hrmn;lum;agg;int;atm;col;com;adr;gps;lat;long;dep
201500003166;15;4;29;1530;1;2;2;1;1;360;cours des йcoles;M;4615569;-133201;170
201500003167;15;4;30;1945;1;1;1;3;1;360;;M;4616686;-132452;170
201500003168;15;7;8;2115;1;1;1;1;1;360;;M;4615228;-127975;170
201500003169;15;8;22;745;1;1;1;1;6;121;;M;4620403;-146804;170
201500003170;15;10;7;1445;1;1;1;1;3;19;;M;4622003;-152809;170
201500003171;15;12;3;1630;1;1;1;1;1;121;;M;4620345;-147229;170
201500003172;15;3;6;700;2;1;1;1;6;326;;M;4550214;-25438;170
201500003173;15;4;30;1900;1;1;2;3;1;295;;M;4546639;-38869;170
201500003174;15;5;8;2000;1;1;1;1;7;270;;M;4540366;-40690;170
201500003175;15;6;1;1900;2;1;2;1;1;204;;M;4537843;-31127;170
201500003176;15;6;1;1215;1;2;1;1;3;197;rue de la frйmigиre;M;4543561;-43671;170
201500003177;15;6;9;1630;1;1;2;1;3;363;;M;4546089;-44312;170
201500003178;15;6;11;1830;1;1;1;1;7;326;;M;4548417;-27238;170
201500003179;15;7;5;2100;1;2;1;1;6;197;boulevard renй gautret;M;4544877;-43367;170
201500003180;15;7;24;600;2;1;1;1;1;403;;M;4539814;-45251;170
201500003181;15;7;25;1945;1;1;1;1;6;197;;M;4544337;-42001;170
201500003182;15;8;23;2215;3;1;9;2;6;96;;M;4535283;-35540;170
201500003183;15;8;30;1930;1;2;1;1;6;197;Bd 57iиme rйgiment;M;4543628;-45061;170
201500003184;15;5;12;2315;5;1;1;1;2;331;;M;4547633;-59164;170
201500003185;15;5;25;1715;1;2;1;1;6;331;Avenue de saintes;M;4548582;-56648;170
201500003186;15;7;8;800;1;1;1;1;7;345;;M;4541928;-48924;170
201500003187;15;8;1;645;1;1;1;1;7;250;;M;4552306;-54598;170
201500003188;15;10;31;715;2;1;1;1;7;379;;M;4550916;-62432;170
201500003189;15;11;8;330;3;1;1;5;6;345;;M;4542146;-48485;170
201500003190;15;2;1;1915;3;1;1;1;6;104;;M;0;0;170
201500003191;15;2;1;15;3;1;3;1;3;240;;M;4527328;-40386;170
201500003192;15;5;12;1515;1;2;3;1;3;240;Boulevard de saintonge;M;4528842;-40099;170
201500003193;15;6;6;2000;1;1;1;1;2;243;;M;4524424;-27677;170
201500003194;15;8;11;1445;1;2;3;1;3;269;11 route des monts;M;4523203;-23313;170
201500003195;15;9;18;1915;1;1;1;7;7;243;;M;4523611;-26116;170
201500003196;15;1;22;2200;3;1;1;1;6;110;;M;4519880;-21659;170
201500003197;15;2;10;1015;1;2;1;1;7;309;Rue Victor Hugo;M;4515801;-1086;170
201500003198;15;2;3;1530;1;1;1;1;3;351;;M;0;0;170
201500003199;15;3;30;1700;1;1;1;8;1;189;;M;4585654;-107985;170
201500003200;15;4;22;1215;1;2;1;1;1;189;rue de Quebec;M;4586661;-107035;170
201500003201;15;8;1;1130;1;1;2;1;3;219;;M;4583089;-111489;170
201500003202;15;8;10;1445;1;1;2;1;3;219;;M;4582296;-108682;170
201500003203;15;8;14;115;3;1;1;1;1;351;;M;4581039;-105440;170
201500003204;15;9;20;830;1;1;6;1;3;351;;M;4579912;-104697;170
201500003205;15;5;31;630;1;1;1;1;7;375;;M;4593137;-103065;170
201500003206;15;8;11;2145;2;1;1;1;1;308;;M;4585124;-95814;170
201500003207;15;8;16;730;1;1;2;1;3;429;;M;4591209;-98403;170
201500003208;15;8;16;615;2;1;1;1;7;184;;M;4576971;-93739;170
201500003209;15;8;21;745;1;2;2;7;1;146;route de montherault;M;4590918;-94512;170
201500003210;15;11;28;1630;1;2;1;2;6;308;Lieu-dit Les Chaumes;M;4587600;-94600;170
201500003211;15;5;15;1600;1;2;9;1;6;485;route de la giraudiиre;M;4585771;-123098;170
201500003212;15;5;18;815;1;1;2;1;1;93;;M;4588131;-122254;170
201500003213;15;6;7;2000;1;1;1;1;1;485;;M;4587069;-122820;170
201500003214;15;6;15;300;3;2;1;8;6;93;rue du verger;M;4587477;-121626;170
201500003215;15;7;27;2200;5;2;3;1;6;385;Rue du Port - La Cotiniи;M;4591567;-132845;170
201500003216;15;6;30;1745;1;1;3;1;3;140;;M;4591663;-127426;170
201500003217;15;8;9;215;5;1;1;2;2;385;;M;4592429;-132416;170
201500003218;15;8;11;1100;1;1;1;1;6;337;;M;4597789;-132429;170
201500003219;15;8;15;1845;1;2;2;1;1;337;rue du moulin;M;4596791;-129482;170
201500003220;15;10;3;2230;3;1;1;1;7;337;;M;4595929;-134045;170
201500003221;15;1;14;1115;1;1;1;2;6;151;;M;4570764;-97274;170
201500003222;15;3;2;745;1;1;1;1;6;311;;M;4569512;-110998;170
201500003223;15;4;4;1445;1;2;1;1;1;155;rue des cфteaux de la se;M;4573823;-109962;170
201500003224;15;4;15;1730;1;1;1;1;7;151;;M;4571099;-97275;170
201500003225;15;5;9;315;5;2;1;1;6;452;65 bd marechal joffre;M;4576328;-114201;170
201500003226;15;5;10;1115;1;2;1;1;3;225;44 avenue de l'ocйan;M;4568556;-117789;170
201500003227;15;6;5;1045;1;1;1;1;2;21;;M;4575014;-111414;170
201500003228;15;7;1;1615;1;1;1;1;6;225;;M;4573095;-113394;170
201500003229;15;7;2;1445;1;1;1;7;5;225;;M;4572733;-117528;170
201500003230;15;7;6;800;1;2;2;1;3;79;RUE DU CHATEAU D'EAU;M;4572495;-107582;170
201500003231;15;7;24;1630;1;2;1;2;6;247;Rue du Puit Doux;M;4570973;-102990;170
201500003232;15;8;11;600;3;1;1;1;6;225;;M;4569928;-120721;170
201500003233;15;8;20;1815;1;1;1;1;1;225;;M;4569800;-119800;170
201500003234;15;9;25;1715;1;2;3;1;2;21;Avenue de l'Etrade;M;4574375;-112852;170
201500003235;15;9;26;2100;5;2;6;1;7;21;D14;M;4575708;-114002;170
201500003236;15;10;3;1545;1;2;1;1;6;21;Rue des Justices;M;4574600;-112400;170
201500003237;15;10;29;745;2;1;1;2;2;64;;M;4569996;-104165;170
201500003238;15;11;7;1330;1;2;1;1;6;452;30 rue Marcel Gaillardon;M;4577826;-114431;170
201500003239;15;12;24;2045;3;2;1;1;6;21;villeuve;M;4573386;-111083;170
201500003240;15;1;24;815;2;1;9;4;3;75;;M;4593082;-87151;170
201500003241;15;4;18;845;1;1;5;1;5;75;;M;4593508;-86541;170
201500003242;15;4;21;1000;1;1;1;1;6;463;;M;4597312;-98877;170
201500003243;15;7;14;515;3;1;1;1;6;253;;M;4598796;-90014;170
201500003244;15;7;20;1930;1;1;1;8;1;346;;M;4591320;-90446;170
201500003245;15;7;27;2015;1;1;1;1;6;253;;M;4601233;-86009;170
201500003246;15;9;13;1645;1;1;2;8;3;216;;M;4594345;-83446;170
201500003247;15;11;15;2200;3;1;1;1;6;353;;M;4599400;-104900;170
201500003248;15;4;18;445;3;1;6;5;6;434;;M;4610131;-73630;170
201500003249;15;6;28;545;2;1;1;5;6;80;;M;4610270;-85058;170
201500003250;15;7;2;40;3;1;1;1;6;166;;M;4610122;-87109;170
201500003251;15;6;20;1545;1;2;2;1;3;434;rue robert plantiveau;M;4611367;-74907;170
201500003252;15;7;6;1645;1;2;1;1;6;3;48 route de Virson;M;4612127;-92950;170
201500003253;15;7;12;2130;1;1;1;1;7;80;;M;4611491;-82889;170
201500003254;15;8;4;1715;1;1;2;1;3;434;;M;4613838;-88073;170
201500003255;15;8;24;1200;1;1;1;6;1;447;;M;4609891;-91218;170
201500003256;15;9;22;1800;1;2;2;1;3;434;rue Robert Plantiveau;M;4611368;-74907;170
201500003257;15;11;10;1800;2;1;1;1;5;447;;M;4608000;-93800;170
201500003258;15;12;6;1800;3;1;1;1;3;434;;M;4610412;-83274;170
201500003259;15;12;27;1800;3;1;1;8;6;457;;M;4605361;-73055;170
201500003260;15;2;4;1700;1;1;1;1;5;462;;M;4578232;-54329;170
201500003261;15;4;2;2115;3;1;1;1;1;444;;M;4565748;-65422;170
201500003262;15;4;26;530;2;1;1;2;6;100;;M;4571315;-47156;170
201500003263;15;6;14;2045;1;1;2;1;3;191;;M;4564061;-57971;170
201500003264;15;6;24;2030;1;2;6;1;3;444;;M;4567101;-65234;170
201500003265;15;7;22;1215;1;1;2;1;3;143;;M;4583127;-53980;170
201500003266;15;8;8;1645;1;1;1;3;6;89;;M;4576014;-54581;170
201500003267;15;9;26;630;2;1;1;1;1;86;;M;4573519;-53817;170
201500003268;15;9;30;1145;1;1;1;1;6;100;;M;4568645;-43481;170
201500003269;15;10;31;1900;3;1;1;1;6;89;;M;4576285;-52996;170
201500003270;15;12;7;800;2;1;1;1;3;462;;M;4578700;-57000;170
201500003271;15;3;14;930;1;2;1;1;6;172;30 rue des acacias;M;4558667;-66728;170
201500003272;15;3;20;1615;1;1;1;1;6;15;;M;4554747;-86039;170
201500003273;15;3;23;1700;1;1;1;1;7;230;;M;4558274;-93129;170
201500003274;15;4;13;1700;1;1;2;1;3;172;;M;4554483;-70072;170
201500003275;15;4;28;1945;1;1;1;1;1;133;;M;4558999;-70611;170
201500003276;15;6;25;1700;1;1;9;1;3;310;;M;4556756;-73332;170
201500003277;15;9;16;945;1;2;1;2;6;131;rue des Ecoles;M;4558259;-83124;170
201500003278;15;9;28;2200;3;2;1;1;6;152;route de l'estuaire;M;4554581;-80081;170
201500003279;15;10;25;1945;3;1;1;1;7;298;;M;4563552;-70317;170
201500003280;15;11;1;1600;1;2;1;1;6;230;Boulevard du Marais;M;4556535;-96034;170
201500003281;15;12;17;1200;1;2;6;1;3;131;Bonnes Nouvelles;M;4557760;-82441;170
201500003282;15;6;9;730;1;1;1;1;7;56;;M;4559949;-50875;170
201500003283;15;9;20;1700;1;1;1;7;5;56;;M;4560723;-48983;170
201500003284;15;9;22;1530;1;1;2;2;1;27;;M;4556959;-52543;170
201500003285;15;1;1;845;1;1;1;1;7;45;;M;4585044;-82300;170
201500003286;15;3;21;1845;2;1;1;1;5;284;;M;4583052;-90132;170
201500003287;15;3;27;930;1;1;1;7;6;141;;M;4569570;-47939;170
201500003288;15;6;18;1515;1;1;1;1;5;284;;M;4582958;-89658;170
201500003289;15;6;25;1900;1;1;2;1;3;431;;M;4578743;-77958;170
201500003290;15;9;5;1945;1;1;1;1;2;284;;M;4583339;-86813;170
201500003291;15;9;18;1745;1;1;1;8;5;455;;M;4588484;-86071;170
201500003292;15;1;19;1715;1;2;3;1;3;421;43 ave Pierre de campet;M;4567503;-92572;170
201500003293;15;2;20;2100;3;1;1;2;1;228;;M;4566005;-94768;170
201500003294;15;5;27;1430;1;1;2;1;3;393;;M;4568540;-84848;170
201500003295;15;7;25;1230;1;1;1;1;2;393;;M;4567884;-88855;170
201500003296;15;9;4;1745;1;2;1;1;2;421;24 Route de La Tremblade;M;4567505;-94532;170
201500003297;15;11;10;845;1;1;1;1;3;97;;M;4564900;-88700;170
201500003298;15;12;17;1145;1;1;1;1;3;119;;M;4563427;-87900;170
201500003299;15;1;5;15;5;2;1;2;6;347;avenue de Gaulle;M;4594026;-51264;170
201500003300;15;1;18;745;5;1;1;1;6;347;;M;4593772;-52570;170
201500003301;15;2;5;1415;1;1;1;1;6;22;;M;4589745;-52554;170
201500003302;15;2;14;1715;1;1;1;3;1;459;;M;4591712;-44484;170
201500003303;15;2;17;1630;1;1;2;1;3;22;;M;4589977;-52293;170
201500003304;15;4;15;1115;1;1;2;1;3;347;;M;4594492;-52653;170
201500003305;15;5;12;2030;1;1;2;1;3;459;;M;4590889;-42494;170
201500003306;15;7;2;1615;1;2;2;1;1;440;RUE DE SAINTONGE;M;4594937;-55983;170
201500003307;15;8;16;830;1;2;1;1;6;103;;M;4605133;-70800;170
201500003308;15;9;1;1830;1;1;2;1;3;266;;M;4591514;-68938;170
201500003309;15;9;18;1630;1;1;1;2;1;397;;M;4586123;-66108;170
201500003310;15;10;4;300;3;1;1;5;6;22;;M;4589900;-52100;170
201500003311;15;11;25;1730;2;1;1;2;1;381;;M;4601500;-45000;170
201500003312;15;12;28;2300;5;2;1;2;1;344;avenue de st jean d'ange;M;4585700;-52800;170
201500003313;15;12;30;1515;1;1;1;1;1;465;;M;4597015;-60623;170
201500003314;15;2;8;415;3;1;1;1;6;271;;M;4600900;-38700;170
201500003315;15;3;21;30;3;1;1;1;1;477;;M;4597293;-14570;170
201500003316;15;5;9;1800;1;2;1;7;6;367;15 rue de la mairie;M;4594294;-36008;170
201500003317;15;5;21;1715;1;1;2;1;3;367;;M;4595023;-34150;170
201500003318;15;9;8;1815;1;2;1;1;1;474;Route dйpartementale;M;4609659;-50252;170
201500003319;15;10;9;2245;3;1;1;1;6;471;;M;4608643;-29376;170
201500003320;15;10;27;1545;1;2;1;8;1;327;RUE DU PUY DE LA VILLE;M;4608967;-59941;170
201500003321;15;3;6;2245;3;1;1;1;7;62;;M;4587533;-15616;170
201500003322;15;3;22;1445;1;1;2;1;3;147;;M;4583392;-49333;170
201500003323;15;4;2;2100;5;2;1;1;6;470;chez bruneaud;M;4580227;-44742;170
201500003324;15;4;9;1000;1;1;2;1;3;224;;M;4586600;-31100;170
201500003325;15;5;10;1100;1;1;2;1;3;71;;M;4589757;-38874;170
201500003326;15;5;23;830;1;1;2;1;3;446;;M;4582999;-32227;170
201500003327;15;7;17;1515;1;1;1;1;3;188;;M;4585252;-24454;170
201500003328;15;6;24;1515;1;1;1;1;7;86;"LD ""SENEUIL""";M;4642499;-36420;790
201500003329;15;12;11;645;2;1;1;5;6;58;;M;4617896;-31733;790
201500003330;15;11;6;730;3;1;1;2;1;48;;M;4637855;-32118;790
201500003331;15;1;28;1315;1;1;1;2;1;49;ROUTE DE DUBRIE;M;4688858;-50776;790
201500003332;15;5;22;1845;1;1;1;1;1;49;"LD ""LA MAISON ROUGE""";M;4690413;-47127;790
201500003333;15;6;12;1200;1;1;2;1;3;49;;M;4684195;-51065;790
201500003334;15;6;13;730;1;1;1;1;6;38;"LD ""VILLEBOIS""";M;4680143;-44361;790
201500003335;15;7;12;715;1;2;6;1;6;49;;M;4684722;-52654;790
201500003336;15;9;16;1015;1;2;6;6;6;49;BOULEVARD DE POITIERS;M;4683945;-48856;790
201500003337;15;11;18;1900;5;2;2;2;3;116;5 RP DU GRAL DE GAULLE;M;4683022;-35267;790
201500003338;15;12;3;745;2;1;1;1;2;49;BOULEVARD DE NANTES;M;4684504;-52794;790
201500003339;15;5;8;2030;1;1;1;1;6;318;"LD ""LA PIJOLIERE""";M;4657780;-26826;790
201500003340;15;1;8;730;2;1;1;1;1;201;;M;4586220;112661;870
201500003341;15;3;17;830;1;1;1;1;3;143;;M;4590310;116485;870
201500003342;15;4;1;1745;1;1;1;1;1;1;;M;4579050;114183;870
201500003343;15;4;8;1930;1;1;1;1;1;201;;M;4584170;111174;870
201500003344;15;4;16;1145;1;1;1;1;5;118;;M;4595820;117194;870
201500003345;15;5;22;1745;1;2;1;1;1;21;ROUTE DU BOULOUX;;;;870
201500003346;15;11;19;845;1;1;1;2;1;202;;M;4590920;111199;870
201500003347;15;11;25;1745;3;1;1;2;6;38;;M;4590700;127113;870
201500003348;15;11;27;1500;1;1;3;7;3;201;;M;4584430;117683;870
201500003349;15;12;3;1400;1;1;1;1;1;1;;M;4582500;113224;870
201500003350;15;1;2;1700;1;1;1;3;7;157;;M;4599560;145089;870
201500003351;15;2;21;1900;3;1;1;4;1;20;;M;4594950;131576;870
201500003352;15;3;18;2245;4;1;1;1;7;125;RD 97 - LA LANDE;M;4592020;135144;870
201500003353;15;5;24;1545;1;1;1;1;4;2;BOIS DE LA LIEUE;M;4594490;137399;870
201500003354;15;6;7;1045;1;2;1;1;3;2;AVENUE LIBЙRATION;;;;870
201500003355;15;7;10;1700;1;1;3;1;3;20;;M;4592870;130460;870
201500003356;15;8;13;830;1;1;1;2;7;178;;M;4587880;137050;870
201500003357;15;2;24;1245;1;1;1;2;3;64;;M;4573960;172643;870
201500003358;15;7;3;900;1;2;1;8;6;105;LIEU-DIT LA VEYTISOU;M;4573170;166781;870
201500003359;15;10;24;30;3;1;1;1;6;40;;M;4569020;162356;870
201500003360;15;6;1;1115;1;1;2;1;3;70;;M;4578110;149122;870
201500003361;15;9;6;1;3;1;1;1;1;99;;M;4587770;154946;870
201500003362;15;4;10;1530;1;1;1;1;1;127;;M;4560230;122471;870
201500003363;15;5;30;1930;1;1;1;1;7;94;;M;4570600;116442;870
201500003364;15;8;11;2345;3;1;1;1;1;106;;M;4568320;122373;870
201500003365;15;10;19;900;1;2;1;7;1;27;D901 - LES PRADELLES;M;4562850;104304;870
201500003366;15;11;17;1645;1;2;1;8;6;32;AVENUE ANDRЙ BESSE;M;4565350;97711;870
201500003367;15;12;4;300;3;2;1;1;6;106;RUE GEORGES BRASSENS;M;4569430;117208;870
201500003368;15;12;10;745;2;1;1;1;3;124;;M;4567010;113390;870
201500003369;15;3;20;1615;1;1;1;2;5;12;;M;4609300;108031;870
201500003370;15;6;30;2000;1;1;1;1;4;97;;M;4610330;87434;870
201500003371;15;7;14;1530;1;1;1;1;1;139;;M;4615400;96228;870
201500003372;15;7;27;1045;1;1;1;1;3;116;;M;4612730;100492;870
201500003373;15;9;22;915;1;1;1;2;1;11;;M;4610120;107539;870
201500003374;15;11;4;1815;3;1;1;1;6;18;;M;4603150;101877;870
201500003375;15;12;3;245;3;1;1;1;6;28;;M;4622990;89856;870
201500003376;15;3;12;1945;3;1;1;1;1;68;;M;4613710;139855;870
201500003377;15;9;7;1415;1;1;1;1;1;68;;M;4615390;142230;870
201500003378;15;10;20;1045;1;1;1;1;6;45;;M;4597430;102213;870
201500003379;15;10;23;2300;5;2;1;1;3;181;RUE DE LA GARE;;;;870
201500003380;15;3;1;1645;2;1;1;2;6;149;;;;;870
201500003381;15;3;11;830;1;1;1;1;1;41;;M;4613460;130313;870
201500003382;15;5;13;2030;1;1;1;1;1;61;;M;4618320;117874;870
201500003383;15;10;2;1230;1;1;1;1;6;61;;M;4615590;112948;870
201500003384;15;1;21;1845;3;1;6;1;3;154;;M;4590400;93450;870
201500003385;15;3;6;2230;3;1;1;1;1;30;;M;4585610;87235;870
201500003386;15;3;7;330;5;2;1;1;6;154;;M;4588660;89701;870
201500003387;15;4;24;1430;1;2;6;1;6;154;PLACE LASVERGNAS;M;4588770;89892;870
201500003388;15;5;16;1100;1;2;9;1;3;126;08 RUE GEORGES SAND;;;;870
201500003389;15;6;29;1915;1;2;1;1;6;154;AVENUE ORADOUR SUR GLANE;M;4589560;91294;870
201500003390;15;6;30;930;1;1;1;1;6;154;;M;4590570;94887;870
201500003391;15;7;2;2130;1;1;1;1;6;199;;M;4577700;84206;870
201500003392;15;7;2;1900;1;2;1;1;3;110;LIEU-DIT L'AUZE;M;4593000;103462;870
201500003393;15;7;4;1015;1;2;1;1;6;154;15 AVENUE GAY LUSSAC;M;4588820;88408;870
201500003394;15;7;6;1700;1;1;1;1;6;154;;M;4590540;94634;870
201500003395;15;12;11;1430;1;1;2;1;3;185;;M;4589600;103746;870
201500003396;15;12;16;1100;1;1;1;5;3;140;;M;4587790;97946;870
201500003397;15;3;29;1215;1;1;1;2;1;168;;M;4571000;79554;870
201500003398;15;6;16;900;1;1;1;1;1;191;;M;4575630;101970;870
201500003399;15;10;20;745;2;1;4;1;3;36;;M;4568450;96819;870
201500003400;15;12;21;1745;3;1;1;1;6;34;;M;4572320;91375;870
201500003401;15;5;24;915;1;1;1;1;5;236;LAUBAZINE;M;4528380;191636;190
201500003402;15;9;8;1915;2;1;9;1;3;207;LA VALEYRIE;M;4525570;163374;190
201500003403;15;11;2;1815;3;1;1;1;5;82;LES RIVIERES;M;4526910;166018;190
201500003404;15;11;15;1645;1;1;1;1;2;38;28 RUE DE LA TREMOUILLE;M;4526330;173152;190
201500003405;15;12;25;300;3;1;1;1;6;236;LA SYREYJADE;M;4528960;189831;190
201500003406;15;7;19;845;1;1;1;2;6;7;LA COMBE;M;4499420;185661;190
201500003407;15;7;27;1000;1;1;1;8;1;10;ЙCHAUNIE;M;4510660;191452;190
201500003408;15;7;10;400;5;2;1;1;7;73;BOULEVARD DE L'ESCOUT;M;4540820;206048;190
201500003409;15;7;16;1800;1;1;1;1;1;73;EN CHAUDIERE;M;4538300;189800;190
201500003410;15;12;14;1305;1;2;1;2;1;231;PLAZIAT;M;4526290;198870;190
201500003411;15;5;9;1830;1;1;9;1;1;75;BESSE;M;4523700;187255;190
201500003412;15;5;30;1000;1;1;1;1;1;222;LE PASPEYROUX;M;4514020;198860;190
201500003413;15;6;23;1115;1;1;1;1;7;97;;M;4527650;208016;190
201500003414;15;9;14;1300;1;1;1;1;1;231;PLAZIAT;M;4526290;198870;190
201500003415;15;6;6;1400;1;1;1;1;1;36;REMENIERAS;M;4563780;174205;190
201500003416;15;1;9;1815;5;2;1;3;5;123;AVENUE DU PROGRES;M;4516850;156871;190
201500003417;15;2;2;830;1;2;1;1;1;123;AVENUE HONORE DE BALZAC;M;4516030;157145;190
201500003418;15;2;22;1515;1;1;1;1;2;63;PONT DU CAYRE;M;4515680;160710;190
201500003419;15;5;17;1015;1;1;1;1;1;68;LA BORIE BASSE;M;4516580;159516;190
201500003420;15;7;11;1915;1;1;2;1;1;229;LA NADALIE;M;4513750;144844;190
201500003421;15;8;7;1715;1;2;1;1;7;123;PIERRE ET MARIE CURIE;M;4516930;156069;190
201500003422;15;8;9;1400;1;1;1;8;6;63;LE GOUR DU DIABLE;M;4515720;160329;190
201500003423;15;9;5;2000;1;1;1;1;5;123;CLAREDENT;M;4517230;161835;190
201500003424;15;9;7;1215;1;2;1;1;6;123;14 AV CAP TAURISSON;M;4517710;158769;190
201500003425;15;9;15;1215;1;1;1;3;1;93;RIAUME;M;4510160;156719;190
201500003426;15;10;9;1100;2;2;1;1;6;123;29 AV P.ET M. CURIE;M;4516850;155760;190
201500003427;15;2;18;1700;1;1;1;1;7;99;LE BARRAT;M;4510540;170122;190
201500003428;15;8;12;1745;1;1;4;1;3;169;LE ROUSSEL;M;4503380;177776;190
201500003429;15;8;13;1230;1;1;1;8;1;273;VENAYRE;M;4506280;156389;190
201500003430;15;1;7;2315;3;1;6;2;6;274;GIRATOIRE DES PLANTADES;M;4519550;154137;190
201500003431;15;7;11;1830;1;1;3;1;3;234;LES 4 ROUTES;M;4532110;156954;190
201500003432;15;7;21;1730;1;1;1;1;1;202;MARTIGNAC;M;4522920;159327;190
201500003433;15;10;4;1945;3;1;1;2;1;72;LA BACCALERIE;M;4522990;150604;190
201500003434;15;10;1;1300;1;1;1;1;7;72;LA BACCALERIE;M;4522990;150602;190
201500003435;15;12;1;1900;3;1;1;1;1;243;BOIS DU CROS;M;4537560;135013;190
201500003436;15;12;25;1715;2;1;1;1;1;11;LE MAS;M;4542230;134938;190
201500003437;15;1;28;945;1;2;1;8;6;253;LE BOURG;M;4527580;127722;190
201500003438;15;2;12;1800;1;1;1;1;6;288;MEILHAC;M;4530040;144654;190
201500003439;15;9;6;845;1;2;2;1;3;288;CEYRAT;M;4530290;141753;190
201500003440;15;11;8;830;1;1;1;1;1;182;LE ROC;M;4523040;138329;190
201500003441;15;6;3;900;1;2;1;1;6;80;PLACE DE L'EGLISE;M;4566120;245121;190
201500003442;15;3;17;1715;1;1;1;8;6;113;CHANTEGRIL;M;4542230;234365;190
201500003443;15;4;4;1215;1;1;1;1;6;252;MAISON NEUVE;M;4542900;245573;190
201500003444;15;4;23;45;5;2;1;1;6;28;195 RUE DES NADAUDS;M;4540580;250370;190
201500003445;15;10;22;2015;3;1;1;2;6;226;LE PONT;M;4562580;203743;190
201500003446;15;2;2;2030;3;1;1;1;6;32;;M;4635933;222717;230
201500003447;15;3;26;1400;1;1;1;8;6;25;;M;4631992;186803;230
201500003448;15;2;5;845;1;1;1;8;1;45;;M;4618800;244000;230
201500003449;15;10;22;930;1;2;1;2;6;100;42, grande rue;M;0;0;230
201500003450;15;11;30;845;1;1;1;1;3;93;;M;4619700;222700;230
201500003451;15;1;31;1915;4;2;1;1;6;176;rue maurice giboin;M;4624100;147700;230
201500003452;15;5;25;2045;1;2;1;1;7;176;AV du gйnйral LECLERC;M;4623932;149164;230
201500003453;15;7;12;1735;1;1;1;1;7;47;;M;4615705;155797;230
201500003454;15;8;9;1915;1;1;1;1;6;141;;M;4628700;167000;230
201500003455;15;2;26;2000;3;1;1;3;6;179;;M;4595652;225206;230
201500003456;15;3;29;1715;1;1;1;2;6;61;;M;4609838;217694;230
201500003457;15;10;5;1015;1;1;1;2;6;113;;M;4599100;234200;230
201500003458;15;6;7;1530;1;2;1;1;7;30;2, rue de Verdun;M;4595361;175558;230
201500003459;15;1;9;1400;1;1;1;1;2;82;;M;0;0;310
201500003460;15;2;9;915;1;2;1;1;6;44;Rue saint jean;M;0;0;310
201500003461;15;3;15;1130;1;1;3;8;3;3;route de la saunй;M;4356206;158536;310
201500003462;15;3;17;1715;1;2;1;1;6;228;430 ROUTE DES COTEAUX;M;4369295;158402;310
201500003463;15;4;4;1700;1;1;1;1;1;573;;M;0;0;310
201500003464;15;5;28;1815;1;1;1;1;6;44;;M;4360965;149422;310
201500003465;15;7;16;730;1;1;2;1;1;271;;M;4355100;168300;310
201500003466;15;7;23;800;1;2;1;1;1;573;rue du Grand Faubourg;M;4365556;166020;310
201500003467;15;8;5;1145;1;1;1;1;1;445;;M;4357454;154839;310
201500003468;15;11;3;800;1;1;1;1;6;573;;M;4366400;169443;310
201500003469;15;11;14;1500;1;1;1;1;3;163;;M;0;0;310
201500003470;15;11;18;1945;3;1;1;1;6;184;;M;0;0;310
201500003471;15;12;19;1300;1;1;1;7;1;184;;M;4358603;156627;310
201500003472;15;5;7;1845;1;1;1;1;1;25;;M;4348700;144700;310
201500003473;15;6;9;545;2;1;1;1;6;48;;M;4345152;162709;310
201500003474;15;7;23;1400;1;2;3;1;3;429;RUE JANE DIEULAFOY;M;4349024;151585;310
201500003475;15;10;28;2030;5;2;1;1;7;113;AVENUE DE TOULOUSE;M;4351621;149844;310
201500003476;15;2;28;1100;1;1;4;1;3;587;route de fronton;M;4376359;140727;310
201500003477;15;3;22;1645;1;1;3;2;3;311;D 630/D 15;M;4381856;154208;310
201500003478;15;4;11;1915;1;1;1;1;6;584;route de bondigoux;M;4385502;151396;310
201500003479;15;5;4;915;1;1;1;1;6;79;2158 route de fronton;M;4379687;140651;310
201500003480;15;7;1;1345;1;2;1;7;3;584;allйe Charles de Gaulle;M;4386293;150610;310