num_acc;an;mois;jour;hrmn;lum;agg;int;atm;col;com;adr;gps;lat;long;dep
201500003481;15;7;6;1915;1;2;1;1;6;579;203 route de bessieres;M;4375561;149213;310
201500003482;15;8;29;200;3;1;1;1;6;584;;M;0;0;310
201500003483;15;8;30;1745;1;2;1;1;3;202;675 route de fabas;M;4384488;137833;310
201500003484;15;12;17;800;2;1;6;1;6;118;;M;4378880;134475;310
201500003485;15;5;19;1630;1;2;1;1;5;356;38, route de Toulouse;M;4368917;123486;310
201500003486;15;8;28;1745;1;2;1;1;2;507;;M;4368910;123518;310
201500003487;15;9;12;1130;1;2;1;1;6;232;avenue du 8 mai 1945;M;4376382;129298;310
201500003488;15;9;28;1615;1;2;1;7;6;232;avenue du 8 mai 1945;M;4376359;129267;310
201500003489;15;9;27;1800;1;2;1;1;6;232;Cours Valmy;M;4377047;129019;310
201500003490;15;3;10;1845;1;1;1;1;7;291;;M;0;0;310
201500003491;15;3;25;2345;3;1;1;1;6;291;;M;0;0;310
201500003492;15;5;4;830;1;2;1;1;1;417;AVENUE ST EXUPERY;M;4361286;126428;310
201500003493;15;6;11;1645;1;1;1;8;5;291;;M;4358687;122337;310
201500003494;15;7;6;2115;1;1;1;1;1;417;;M;4360536;128893;310
201500003495;15;8;16;1745;1;1;1;1;4;417;;M;0;0;310
201500003496;15;9;18;815;1;2;1;1;3;417;Route de Lйvignac RD24;M;0;0;310
201500003497;15;9;26;1630;1;1;1;1;6;277;;M;4362070;118986;310
201500003498;15;11;27;1000;1;2;1;1;1;417;route de Mondonville;M;0;0;310
201500003499;15;6;25;2130;2;2;1;1;1;420;Place du Gal BERDOULAT;M;4351008;138874;310
201500003500;15;8;2;730;1;1;1;1;6;433;route de francazal;M;4353258;138823;310
201500003501;15;10;25;1845;3;1;1;1;6;433;;M;0;0;310
201500003502;15;2;26;1900;3;2;1;2;6;446;RD 813;M;4354924;147942;310
201500003503;15;3;1;1315;1;2;1;2;3;446;rond point louise weiss;M;4355436;147675;310
201500003504;15;3;10;1745;1;1;3;1;3;506;;M;0;0;310
201500003505;15;5;6;1215;1;2;6;1;6;446;1 avenue йmile zola;M;4354089;148349;310
201500003506;15;7;10;1745;1;2;6;1;7;254;rue d'occitanie;M;4352911;153093;310
201500003507;15;3;5;2330;3;1;1;1;1;490;;M;4375323;136384;310
201500003508;15;3;25;1645;2;1;1;1;6;136;route de labastide;M;4374679;143580;310
201500003509;15;7;2;1300;1;2;1;1;6;182;19 avenue des sports;M;4367926;139568;310
201500003510;15;7;11;1945;1;2;1;1;5;293;route de la plage;M;0;0;310
201500003511;15;7;29;1015;1;2;1;1;2;182;54 route de paris;M;4367327;140967;310
201500003512;15;8;16;100;1;1;2;1;1;490;;M;4372155;138382;310
201500003513;15;10;28;730;1;1;3;1;3;182;chemin du bergeron;M;4369327;140196;310
201500003514;15;11;30;1830;5;2;1;1;1;136;route de Villemur;M;4375081;143262;310
201500003515;15;12;24;930;1;2;6;1;7;293;rd63 - route de la plage;M;4371062;139049;310
201500003516;15;12;28;2215;3;1;1;1;1;490;;M;0;0;310
201500003517;15;2;8;330;3;1;1;1;6;94;route de paulhac;M;4377838;161389;310
201500003518;15;4;10;1230;1;2;1;1;1;561;51 route de BESSIERES;M;4366356;147102;310
201500003519;15;5;15;2245;3;1;1;1;6;117;;M;0;0;310
201500003520;15;8;4;1800;1;2;1;1;3;459;532 route de montpitol;M;4372740;163370;310
201500003521;15;8;17;1930;1;1;1;1;3;117;route de toulouse;M;4367699;152995;310
201500003522;15;8;23;1500;1;2;1;8;7;94;route de Paulhac;M;4377902;162429;310
201500003523;15;8;26;1830;1;2;1;1;3;561;route de Bessiиres;M;4365597;147050;310
201500003524;15;8;27;915;1;2;1;1;6;66;D630;M;4379997;160741;310
201500003525;15;9;1;1245;1;2;3;1;3;488;rue des roses/des roses;M;4366621;150502;310
201500003526;15;9;19;2045;5;2;1;1;7;273;CHEMIN DE BOUZIGUES;M;4368416;149586;310
201500003527;15;10;14;730;2;2;6;1;3;561;Rond point;M;0;0;310
201500003528;15;12;17;700;2;2;1;1;1;561;route de lavaur;M;4363375;149130;310
201500003529;15;1;17;1945;3;1;1;1;5;395;;M;4347000;126800;310
201500003530;15;7;24;1800;1;1;1;1;6;287;;M;0;0;310
201500003531;15;9;22;830;1;2;1;8;6;395;Avenue Henri Peyrusse;M;4345205;132820;310
201500003532;15;10;1;1645;1;2;1;1;3;165;885 route de muret;M;0;0;310
201500003533;15;12;16;1500;1;2;1;1;2;395;05 quater avenue d ox;M;4346220;132098;310
201500003534;15;2;6;745;2;1;1;4;6;330;la cфte blanche;M;4331896;143921;310
201500003535;15;3;13;845;1;1;1;2;1;332;;M;0;0;310
201500003536;15;4;3;2015;2;1;1;1;3;33;;M;4335862;149037;310
201500003537;15;4;5;1515;1;1;1;1;6;173;;M;0;0;310
201500003538;15;4;21;1530;1;1;1;1;3;264;;M;4333601;139819;310
201500003539;15;5;11;915;1;1;1;1;7;100;;M;0;0;310
201500003540;15;5;17;1;3;1;6;1;6;345;;M;0;0;310
201500003541;15;6;14;1930;1;2;1;1;1;574;;M;4343900;142275;310
201500003542;15;5;31;1315;1;1;1;1;2;345;;M;0;0;310
201500003543;15;6;6;1830;1;1;1;1;1;128;;M;0;0;310
201500003544;15;6;25;1900;1;1;1;1;1;206;;M;0;0;310
201500003545;15;7;17;1230;1;1;1;1;6;574;ave de lagardelle;M;4342916;142150;310
201500003546;15;7;27;1645;1;2;1;1;5;33;pont de l'ariиge;M;0;0;310
201500003547;15;8;24;1930;1;1;1;1;6;100;;M;0;0;310
201500003548;15;8;31;600;3;1;1;1;1;33;;M;0;0;310
201500003549;15;9;15;645;3;1;1;1;6;145;;M;0;0;310
201500003550;15;10;18;1830;1;1;1;1;6;33;;M;0;0;310
201500003551;15;1;4;1200;1;2;1;2;6;303;12 GRAND RUE;M;4335531;123936;310
201500003552;15;1;10;1515;1;2;1;1;3;107;route de l arize;M;4329878;121962;310
201500003553;15;2;16;1115;1;1;1;1;7;52;;M;0;0;310
201500003554;15;4;8;1930;1;1;1;1;2;517;43 rt de la mйditerranйe;M;4332870;132958;310
201500003555;15;4;24;1545;1;1;2;7;2;303;route du lanзon;M;4334983;123266;310
201500003556;15;6;9;845;1;1;1;1;6;365;;M;0;0;310
201500003557;15;7;5;845;1;1;1;1;7;517;;M;4333138;136575;310
201500003558;15;7;5;1800;1;1;2;1;3;71;RD15/RD75;M;0;0;310
201500003559;15;9;20;1830;1;1;1;7;7;365;;M;0;0;310
201500003560;15;9;24;1030;1;1;1;1;1;375;;M;4321911;127071;310
201500003561;15;10;2;1400;1;1;1;1;6;455;;M;0;0;310
201500003562;15;10;18;1800;1;1;1;1;6;375;;M;0;0;310
201500003563;15;10;17;30;3;1;1;1;7;107;;M;4331200;119800;310
201500003564;15;10;24;1145;1;1;1;7;6;334;;M;4336356;132528;310
201500003565;15;10;29;1130;1;2;1;1;3;107;AVENUE VINCENT AURIOL;M;4330457;122878;310
201500003566;15;11;6;830;1;1;2;1;3;286;;M;0;0;310
201500003567;15;12;18;1900;3;1;1;1;6;107;;M;0;0;310
201500003568;15;3;12;1745;1;1;1;1;1;349;lieudit les  baylacs;M;4322485;104758;310
201500003569;15;3;28;1500;1;1;1;1;6;229;D 626 B;M;4332253;107654;310
201500003570;15;4;12;230;3;1;1;1;6;229;;M;0;0;310
201500003571;15;5;9;1900;1;2;1;1;6;135;ch de bourdou;M;4322468;108676;310
201500003572;15;6;25;800;1;2;3;7;1;193;quartier benque;M;4327302;106906;310
201500003573;15;6;25;2145;2;1;1;1;1;425;;M;0;0;310
201500003574;15;6;30;1415;1;2;1;1;6;425;lieu dit la goutorbe;M;4316422;111913;310
201500003575;15;7;26;700;1;2;8;1;7;324;Avenue de Palaminy;M;4319722;102103;310
201500003576;15;8;10;900;1;2;1;7;6;135;PLACE DES MARTYRS DE LA;M;4320673;108630;310
201500003577;15;12;5;1800;5;2;1;1;3;135;avenue de Toulouse;M;4321941;108501;310
201500003578;15;1;12;1015;1;1;1;1;2;499;2679 rte de lamasquиre;M;4350348;120478;310
201500003579;15;1;14;945;1;1;1;1;3;187;;M;4352738;125126;310
201500003580;15;3;6;2045;3;1;1;1;1;424;;M;4353587;130484;310
201500003581;15;3;27;1945;2;2;2;1;1;187;rte de Tarbes/ave19 mars;M;4353430;122833;310
201500003582;15;3;27;1630;1;2;1;1;3;424;rue de gascogne;M;4356670;128807;310
201500003583;15;4;3;730;1;1;4;1;1;424;ch peyrette/RD 24;M;0;0;310
201500003584;15;4;20;2345;5;2;1;1;6;424;27 rue des mйsanges;M;4355585;130428;310
201500003585;15;6;7;530;2;2;1;1;6;499;2053 ROUTE DE LAMASQUERE;M;4350466;119731;310
201500003586;15;8;14;2345;4;2;1;1;6;424;30bis route de colomiers;M;4358557;127981;310
201500003587;15;9;11;1915;1;2;1;1;3;424;rue del guindouillй;M;4357017;129907;310
201500003588;15;1;12;1030;1;1;1;7;6;390;;M;0;0;310
201500003589;15;1;21;800;1;2;2;1;3;167;rue longue;M;4304907;73877;310
201500003590;15;1;21;1145;1;2;1;1;7;523;boulevard jean jaures;M;4310415;96034;310
201500003591;15;2;8;100;3;1;1;1;6;31;;M;0;0;310
201500003592;15;3;3;900;1;1;1;1;1;246;;M;0;0;310
201500003593;15;4;27;2345;3;1;1;2;6;390;;M;0;0;310
201500003594;15;11;11;1545;1;1;1;7;6;537;;M;0;0;310
201500003595;15;11;20;1300;1;1;1;1;6;238;;M;4306373;60136;310
201500003596;15;11;21;2000;3;1;1;2;6;408;;M;0;0;310
201500003597;15;12;2;330;3;1;1;1;6;390;;M;0;0;310
201500003598;15;12;30;1700;1;1;1;8;1;500;;M;4276872;61856;310
201500003599;15;1;13;1130;1;2;1;1;3;244;Route de MONTAUBAN;M;4280481;60836;310
201500003600;15;2;20;2000;3;2;1;8;6;85;d 44J LE MOURTIS;M;4291240;76924;310
201500003601;15;4;12;1730;1;2;1;1;6;394;route de luchon;M;4281539;59733;310
201500003602;15;6;1;2230;3;1;1;1;6;244;route de salles;M;4281719;60634;310
201500003603;15;7;19;1345;1;2;1;1;3;42;54 avenue Marйchal FOCH;M;4279315;59251;310
201500003604;15;8;28;215;5;2;1;1;6;471;Lande de dessous;M;4290587;69120;310
201500003605;15;11;15;1230;1;1;1;1;7;42;;M;4272690;63262;310
201500003606;15;12;30;1345;1;2;6;7;6;42;ave Rйmy COMET;M;4280519;60001;310
201500003607;15;1;18;1000;1;2;1;1;6;121;RD.03;M;0;0;310
201500003608;15;12;28;1000;1;1;1;1;6;1;;M;0;0;310
201500003609;15;2;15;1745;2;1;1;3;6;5;;M;0;0;310
201500003610;15;4;17;1800;1;2;9;1;3;251;Le village;M;4333488;93801;310
201500003611;15;5;25;1545;1;1;1;1;6;385;;M;4322625;62637;310
201500003612;15;8;29;315;5;2;9;1;6;28;Route de Boulogne;M;0;0;310
201500003613;15;9;2;945;1;1;1;1;7;80;;M;0;0;310
201500003614;15;9;13;1900;1;1;1;1;7;428;;M;0;0;310
201500003615;15;11;25;1815;3;1;1;2;6;307;;M;4334007;70418;310
201500003616;15;4;26;1800;1;1;1;3;6;237;;M;0;0;310
201500003617;15;5;2;1800;1;2;1;1;6;315;La verdure D117;M;4308899;95116;310
201500003618;15;9;9;1045;1;1;1;1;6;167;route de cabanac;M;0;0;310
201500003619;15;9;26;1115;1;1;1;1;3;314;;M;4315492;95187;310
201500003620;15;10;11;1345;1;2;1;1;6;20;RD5 PK 3.7;M;0;0;310
201500003621;15;10;31;1415;1;1;1;1;5;208;barrahite;M;4306024;85397;310
201500003622;15;5;7;1745;1;1;2;1;3;374;;M;4341702;163987;310
201500003623;15;5;30;2130;2;1;2;1;3;105;;M;0;0;310
201500003624;15;7;13;2115;2;1;1;1;6;304;;M;0;0;310
201500003625;15;8;17;1445;1;1;2;1;3;571;;M;4358142;176598;310
201500003626;15;8;18;1630;1;1;2;1;3;566;ch embechou/ch viterbe;M;4342970;176838;310
201500003627;15;8;29;345;1;1;1;1;6;582;;M;0;0;310
201500003628;15;9;15;1345;1;1;9;1;1;560;;M;4343214;173914;310
201500003629;15;11;5;1600;1;2;1;1;6;582;8 avenue de carcassonne;M;4339477;172142;310
201500003630;15;11;21;1315;1;1;1;6;6;495;;M;0;0;310
201500003631;15;12;22;1515;1;1;1;1;3;495;;M;0;0;310
201500003632;15;10;3;2015;3;1;1;1;6;249;;M;4347366;166979;310
201500003633;15;11;8;1600;1;1;1;1;7;381;;M;4343500;156800;310
201500003634;15;4;28;1715;1;2;2;1;3;384;rte lautier/donneville;M;4348845;156900;310
201500003635;15;6;20;1045;1;1;3;1;3;192;;M;4350743;160642;310
201500003636;15;7;5;2215;5;1;3;1;6;48;CH DE MONTESSERRE;M;4345189;162574;310
201500003637;15;3;18;2015;5;1;1;1;2;451;;M;0;0;310
201500003638;15;6;28;130;5;2;1;1;6;451;Route de TOULOUSE;M;0;0;310
201500003639;15;7;7;830;1;1;3;1;3;570;;M;0;0;310
201500003640;15;4;5;1800;1;1;1;1;6;82;;M;4300108;134718;90
201500003641;15;6;27;1415;1;1;1;1;1;82;;M;4299732;132932;90
201500003642;15;9;18;715;1;1;1;1;1;246;;M;4299460;129694;90
201500003643;15;11;22;1315;1;2;1;1;7;167;Avenue des pyrйnйes;M;4327519;134764;90
201500003644;15;3;1;1345;1;1;1;2;7;215;;M;4291271;178189;90
201500003645;15;3;12;1445;1;2;1;7;6;160;Avenue Jean Jaur?s;M;4292884;184293;90
201500003646;15;4;10;2045;3;2;1;1;7;281;village;M;4297617;180848;90
201500003647;15;9;6;730;1;2;1;1;6;43;d620;M;4295714;190106;90
201500003648;15;10;8;1015;2;2;1;2;3;160;19 rue Jacquard;M;4292754;184377;90
201500003649;15;10;19;1345;1;1;1;1;6;160;;M;4289200;179200;90
201500003650;15;3;10;30;3;2;1;1;7;45;chemin de pradieres;M;4287012;156736;90
201500003651;15;3;13;1845;3;1;1;2;6;15;;M;4286251;160493;90
201500003652;15;5;12;1745;1;1;1;1;7;272;;M;4291620;164863;90
201500003653;15;10;10;1530;1;1;1;1;6;143;;M;4278311;154464;90
201500003654;15;10;24;1915;5;1;1;1;1;306;;M;4285373;159855;90
201500003655;15;1;30;745;5;2;1;3;1;264;AVENUE DES ECOLIERS;M;4301490;161061;90
201500003656;15;2;13;2030;5;2;2;1;3;238;CD119/CD30;M;0;0;90
201500003657;15;6;25;815;1;1;1;7;2;60;;M;4317029;160331;90
201500003658;15;7;28;1915;1;2;1;1;6;60;11 route de toulouse;M;4316396;160037;90
201500003659;15;11;8;1100;1;1;1;1;1;238;;M;4309266;170017;90
201500003660;15;11;13;745;1;2;1;1;3;265;Avenue des PYRENEES;M;4309185;162657;90
201500003661;15;12;12;2245;5;2;1;1;1;238;D119;M;4308900;171900;90
201500003662;15;12;16;1730;2;2;1;1;1;312;;M;4310207;164284;90
201500003663;15;4;19;1645;1;2;1;8;6;167;avenue de toulouse;M;4328072;134749;90
201500003664;15;7;8;1900;1;2;1;1;7;167;rue de l'abbaye;M;4327588;134682;90
201500003665;15;7;18;1430;1;1;3;1;3;61;;M;4312410;134469;90
201500003666;15;7;19;1700;1;2;1;1;3;79;D26 lieu dit La ville;M;4315159;139113;90
201500003667;15;7;23;1000;1;1;1;1;3;79;;M;4315957;137280;90
201500003668;15;8;7;1415;1;1;1;1;7;38;;M;4317934;130054;90
201500003669;15;4;26;1515;1;1;1;3;7;224;;M;4310816;145493;90
201500003670;15;7;12;2015;1;2;1;1;7;224;D919 - PR 26+200;M;0;0;90
201500003671;15;7;18;445;3;1;1;1;6;277;;M;4323507;138485;90
201500003672;15;7;25;1630;1;1;1;1;1;167;;M;4330137;133457;90
201500003673;15;11;8;100;3;1;1;1;7;105;;M;4315657;128588;90
201500003674;15;9;21;930;1;1;1;1;1;150;;M;4305462;192797;90
201500003675;15;4;23;2045;2;2;1;1;3;185;rue des Tertiaires;M;4325027;167988;90
201500003676;15;6;6;2330;3;1;1;3;6;282;;M;4323092;156585;90
201500003677;15;9;13;1015;1;1;1;8;2;282;;M;4323939;162228;90
201500003678;15;12;18;1;3;1;6;1;6;282;;M;4320416;160892;90
201500003679;15;4;6;1145;1;2;1;1;6;261;Bd du Gal DE GAULLE;M;4298063;114964;90
201500003680;15;4;25;1800;1;1;1;1;1;289;;M;4302109;109861;90
201500003681;15;5;7;1630;1;1;9;1;3;214;;M;4295648;108399;90
201500003682;15;5;22;1830;1;2;1;1;6;268;route de toulouse;M;4300324;113027;90
201500003683;15;6;27;1130;1;1;1;8;1;209;;M;4302769;116392;90
201500003684;15;8;20;1745;1;1;1;1;1;209;;M;4299747;115995;90
201500003685;15;9;2;1345;1;1;1;1;1;214;;M;4295575;108283;90
201500003686;15;12;26;1145;1;2;9;1;6;261;avenue Franзois camel;M;4298613;114326;90
201500003687;15;1;5;1645;1;1;1;1;2;299;;M;4291326;119556;90
201500003688;15;2;18;1930;3;1;1;1;6;5;;M;4289409;124811;90
201500003689;15;7;21;1045;1;2;1;1;3;57;Route de St Girons;M;4289843;131234;90
201500003690;15;1;1;15;5;2;3;5;1;168;37, GERBROIS (RUE DE);;;;20
201500003691;15;1;15;1550;1;2;3;2;6;168;avenue de soissons;M;4905341;339681;20
201500003692;15;4;21;1502;1;2;1;1;6;168;EXPRESS (VOIE) 01;M;4903843;338029;20
201500003693;15;7;31;1945;1;1;1;1;6;168;;M;0;0;20
201500003694;15;10;29;2119;3;1;1;1;2;168;;M;0;0;20
201500003695;15;11;27;2115;5;2;6;3;6;168;;M;4906122;339477;20
201500003696;15;12;9;1345;1;2;3;1;2;168;;M;0;0;20
201500003697;15;5;4;1130;1;1;1;1;1;120;RD 28;M;4438880;282540;120
201500003698;15;10;20;1600;1;1;1;1;2;202;CARREFOUR 902 - LA VACAR;M;4407980;253642;120
201500003699;15;1;31;1800;1;1;1;4;1;56;;M;4428420;242687;120
201500003700;15;5;5;940;1;1;1;1;5;56;;M;4427380;242873;120
201500003701;15;6;7;1800;1;1;1;3;7;102;;M;4428790;262001;120
201500003702;15;6;14;1630;1;1;1;1;1;102;;;;;120
201500003703;15;7;12;1845;1;1;1;1;5;56;BARAQUE DE LAURENS;M;4427610;245757;120
201500003704;15;7;11;1945;1;1;1;1;7;262;RD 650 - ALBAGNAC;M;4423870;230473;120
201500003705;15;8;2;1815;1;1;1;1;1;1;;;;;120
201500003706;15;8;6;1845;1;1;1;1;7;283;SAINT CLAIR;M;4422940;259169;120
201500003707;15;9;16;1440;1;1;1;1;7;32;RD 546 - PR 5+600;M;4428050;238109;120
201500003708;15;6;17;815;1;1;1;1;4;157;ROUTE DE RODEZ - GAGES;M;4438860;270274;120
201500003709;15;1;24;1650;1;1;1;4;7;194;RN 88 - PR 72+500;M;4424340;241085;120
201500003710;15;1;30;2150;3;1;1;2;5;276;;M;4414800;232261;120
201500003711;15;3;16;510;3;1;1;9;7;267;;M;4405580;251946;120
201500003712;15;5;4;1740;1;2;1;1;1;169;RN88 - NAUCELLE GARE;M;4418700;236574;120
201500003713;15;5;27;1910;1;1;2;1;3;43;BELSOLEIL-VC5 ET VC55;M;4423980;252273;120
201500003714;15;10;5;1725;1;1;2;1;1;43;RD 888 - ZAC DE MONTVERT;M;4428560;251895;120
201500003715;15;10;11;1613;1;1;1;1;1;46;LA CROIX ROUGE;M;4417780;237926;120
201500003716;15;10;17;1155;1;2;1;1;3;197;AVENUE DU MARCHЙ;M;4403790;252175;120
201500003717;15;2;7;1916;3;1;1;1;7;8;RD 1 - LA BARTHE GRANDE;M;4442860;221059;120
201500003718;15;4;4;1950;2;1;1;3;6;215;RIEU NEGRE;M;4449290;238794;120
201500003719;15;6;11;1645;1;1;1;1;1;66;LA MASSEBEUVE;M;4445040;241888;120
201500003720;15;11;6;1845;2;2;1;1;6;138;QUAI DU CRUOU;;;;120
201500003721;15;11;12;1030;1;2;1;1;6;215;LA TIEYRE;M;4446660;240406;120
201500003722;15;12;18;915;1;1;1;1;3;171;;;;;120
201500003723;15;3;7;1735;1;1;1;1;1;290;CAVAGNAC;M;4443630;219561;120
201500003724;15;5;1;755;1;2;1;1;6;121;ROUTE DE BRANDONNET;M;4442360;216387;120
201500003725;15;5;13;950;1;2;1;1;7;206;LE BOURG;M;4445060;225279;120
201500003726;15;8;31;1715;1;1;1;8;3;206;RD 5 - LA REMISE;M;4445500;221774;120
201500003727;15;10;21;1640;1;1;1;1;1;101;RD 963 - PR 6+980;M;4461090;224763;120
201500003728;15;5;15;1725;1;2;1;1;1;26;AVENUE DE ROUERGUE;M;4439340;277846;120
201500003729;15;6;3;1345;1;1;1;1;1;157;RN 88 - GALTIES;M;4440080;272217;120
201500003730;15;6;2;1830;1;2;1;1;3;157;RD 59;;;;120
201500003731;15;6;15;1310;1;1;3;1;3;117;;;;;120
201500003732;15;7;30;1830;1;1;1;1;7;88;RD 15 - PR 53+0100;M;4466190;294084;120
201500003733;15;12;23;915;1;1;1;2;6;119;RD 15;M;4467810;289009;120
201500003734;15;1;17;1520;1;1;1;1;7;118;FEYT;M;4474980;263539;120
201500003735;15;5;15;1100;1;2;1;1;6;94;37 TOUR DE VILLE;M;4464590;256549;120
201500003736;15;6;15;1615;1;1;1;1;7;94;RD 920 - PR 45+300;M;4466750;254392;120
201500003737;15;7;10;1705;1;1;1;1;1;280;LAUSSAC;M;4485500;276418;120
201500003738;15;8;11;1445;1;1;1;1;1;209;;;;;120
201500003739;15;12;16;915;1;1;1;8;6;36;;;;;120
201500003740;15;7;18;1530;1;1;1;2;2;81;;M;4441100;286834;120
201500003741;15;3;7;1130;1;2;7;1;6;168;RD 999 - PLACE DU CLAUX;M;4402210;330246;120
201500003742;15;4;3;1325;1;1;2;1;3;2;LA BORIE SECHE;M;4416430;308589;120
201500003743;15;4;16;735;1;1;1;8;6;122;;M;4401510;311328;120
201500003744;15;8;29;455;5;2;1;1;6;160;SAINT PAL LA MUSE;M;4419700;321215;120
201500003745;15;8;31;1400;1;1;1;2;6;231;;;;;120
201500003746;15;9;15;1730;1;1;1;6;3;63;;M;4405820;312340;120
201500003747;15;10;17;1450;1;1;1;1;6;211;ROUTE DU RIOU SEC;M;4414660;321637;120
201500003748;15;5;17;1645;1;1;1;1;6;6;LD LA BARAQUE DE MALET;M;4411390;268807;120
201500003749;15;8;31;1150;1;2;1;2;6;6;LE JOUANESQ;M;4412320;267103;120
201500003750;15;3;28;1510;1;1;1;2;7;237;LES RIVES;M;4444420;307622;120
201500003751;15;6;6;1335;1;1;1;1;1;270;;M;4431060;310160;120
201500003752;15;7;7;1700;1;1;1;1;5;196;;M;4434760;296679;120
201500003753;15;3;9;715;1;1;1;1;7;42;;M;4395720;275578;120
201500003754;15;5;13;1145;1;2;1;1;1;286;AVENUE DE LA SALSE;M;4394960;283732;120
201500003755;15;6;6;1915;1;1;1;1;2;286;LE VERN;M;4395500;285643;120
201500003756;15;6;30;1251;1;1;1;1;6;243;;M;4402020;296496;120
201500003757;15;7;8;1700;1;2;1;1;6;208;BOULEVARD DE VERDUN;;;;120
201500003758;15;8;14;1115;1;2;1;2;5;208;BOULEVARD EMILE BOREL;M;4395720;287537;120
201500003759;15;11;15;430;3;1;1;1;7;163;;;;;120
201500003760;15;3;15;1045;1;1;1;2;6;136;RD 1 - PR 46+900;M;4440780;209683;120
201500003761;15;4;3;1845;1;2;1;1;5;300;PROMENADE DU GUIRAUDET;M;4435000;203585;120
201500003762;15;6;5;1845;1;1;1;1;1;300;RD 1;M;4437570;202013;120
201500003763;15;6;22;1850;1;1;1;1;3;136;BONHOURE;M;4440240;214106;120
201500003764;15;7;19;1030;1;2;1;1;1;300;131 AVENUE DU QUERCY;M;4435000;203585;120
201500003765;15;7;19;445;3;1;1;1;7;263;LE BOUSQUET;M;4434610;195783;120
201500003766;15;7;29;900;1;1;1;1;3;300;RD 926;M;4434700;196075;120
201500003767;15;9;5;1100;1;2;1;1;6;300;RUE DU 11 NOVEMBRE;M;4435370;203202;120
201500003768;15;9;11;1155;1;1;1;1;6;300;;M;4438520;200997;120
201500003769;15;10;1;1111;1;1;1;1;7;263;RD 911;M;4436500;197337;120
201500003770;15;10;19;715;2;1;1;1;1;136;LALO - RD 1 PR 42+130;M;4442270;213863;120
201500003771;15;12;16;1300;1;1;1;7;2;300;SALAMONIQUE;M;4431360;202674;120
201500003772;15;1;2;1450;1;2;6;7;3;52;R POINT ST JULIEN D'EMPA;M;4456180;207487;120
201500003773;15;3;25;1747;1;1;3;1;3;257;;M;4450670;202585;120
201500003774;15;4;13;610;3;1;1;1;3;272;COMBETTE;M;4454990;212276;120
201500003775;15;5;7;1905;1;2;1;1;3;52;AVENUE PASTEUR;;;;120
201500003776;15;9;30;1745;1;2;1;1;3;52;BD PAUL RAMADIER;;;;120
201500003777;15;10;18;920;1;1;1;2;1;104;RD 87 - FREJEROQUES;M;4451290;202680;120
201500003778;15;11;17;835;1;1;1;5;6;242;COTE DES TAILLADES;M;4439350;206538;120
201500003779;15;2;18;1930;3;1;1;1;1;29;;M;4420080;206529;120
201500003780;15;5;16;1010;1;1;1;1;3;278;SAINT JEAN;M;4421190;223056;120
201500003781;15;8;15;1630;1;1;1;1;7;258;LA GUIONIE;M;4426030;218295;120
201500003782;15;1;9;915;1;1;1;1;2;91;;M;4369540;52012;320
201500003783;15;1;22;930;1;1;1;1;7;29;;M;4361780;47964;320
201500003784;15;1;31;815;1;2;1;1;1;307;;M;4361500;58542;320
201500003785;15;4;9;800;1;1;1;7;6;118;;M;4352230;57341;320
201500003786;15;7;10;1600;1;1;1;1;7;29;;M;4362390;40662;320
201500003787;15;7;19;1245;1;1;1;1;6;300;;M;4355010;61026;320
201500003788;15;4;9;1800;1;2;1;1;6;249;RUE DU COUVENT;M;4372980;87668;320
201500003789;15;4;11;1500;1;1;2;1;3;406;;M;4368910;82621;320
201500003790;15;4;14;1500;1;1;3;7;3;249;;M;4373030;86141;320
201500003791;15;4;19;1030;1;1;1;2;1;147;;M;4362360;89074;320
201500003792;15;5;19;1530;1;1;1;2;6;388;;M;4367000;84723;320
201500003793;15;8;9;300;3;1;1;2;6;247;;M;4357450;92592;320
201500003794;15;9;9;1230;1;1;1;1;6;268;;M;4360870;96210;320
201500003795;15;9;13;300;3;1;1;8;6;268;;M;4360340;100181;320
201500003796;15;9;12;1700;1;1;1;1;3;237;;M;4364780;70212;320
201500003797;15;9;13;1945;2;1;1;7;5;237;;M;4364760;71042;320