num_acc;an;mois;jour;hrmn;lum;agg;int;atm;col;com;adr;gps;lat;long;dep
201500003798;15;11;21;715;3;1;1;4;7;388;;M;4368830;88249;320
201500003799;15;12;1;1615;1;1;1;7;1;269;;M;4380880;84575;320
201500003800;15;3;7;1545;1;1;1;1;3;268;;M;4359470;97364;320
201500003801;15;4;4;1615;1;1;1;1;5;148;;M;4361730;92636;320
201500003802;15;5;25;1700;1;1;4;1;3;160;;M;4360250;103939;320
201500003803;15;6;8;515;2;1;1;1;7;160;;M;4362690;106908;320
201500003804;15;6;24;1045;1;2;1;1;6;160;39 AV C DE GAULLE;M;4361340;108583;320
201500003805;15;10;24;1215;1;1;1;1;6;210;;M;4356120;112799;320
201500003806;15;12;8;1615;1;1;1;1;6;444;;M;4367810;99331;320
201500003807;15;8;5;1915;1;1;1;1;6;410;;M;4347710;94603;320
201500003808;15;3;16;815;1;1;1;8;6;301;;M;4371110;44129;320
201500003809;15;3;28;2030;3;1;1;2;6;162;;M;4376600;47073;320
201500003810;15;3;30;1700;1;1;1;2;1;301;;M;4370940;44410;320
201500003811;15;6;24;1845;1;1;1;1;3;462;;M;4379420;30511;320
201500003812;15;10;15;1630;1;1;1;1;6;462;;M;4376130;27316;320
201500003813;15;10;24;1615;1;1;1;1;1;162;;M;4377970;45800;320
201500003814;15;12;1;1615;1;1;3;1;3;301;;M;4367460;53027;320
201500003815;15;1;16;1615;1;1;1;2;1;95;;M;4394930;41741;320
201500003816;15;7;10;1830;1;1;1;1;6;79;;M;4395120;7927;320
201500003817;15;7;12;1545;1;1;2;7;3;290;;M;4394660;15285;320
201500003818;15;8;24;1145;1;1;3;1;3;133;;M;4400480;19894;320
201500003819;15;9;25;1015;1;1;1;1;6;290;;M;4393100;19226;320
201500003820;15;11;5;1815;5;2;1;2;3;149;44 AVENUE JEAN MOULIN;M;4388480;23747;320
201500003821;15;12;28;1915;5;2;3;1;1;107;22 AV DU MARECHAL JOFFRE;M;4395640;37989;320
201500003822;15;1;14;1900;5;2;1;1;3;155;ROUTE DE MONT DE MARSAN;M;4377730;-18834;320
201500003823;15;1;15;30;3;1;1;1;6;155;;M;4378000;-19671;320
201500003824;15;2;11;1400;1;2;1;8;6;119;29 PLACE DE LA LIBERTE;M;4385940;10054;320
201500003825;15;7;5;400;3;1;1;1;6;458;;M;4373650;-1317;320
201500003826;15;8;6;645;1;1;1;5;6;96;;M;4390250;-1637;320
201500003827;15;8;25;1430;1;2;1;1;3;119;RUE DE LA FONTAINE;M;4386190;10246;320
201500003828;15;9;21;1115;1;1;1;1;3;190;;M;4376660;15934;320
201500003829;15;12;31;745;2;1;1;2;6;132;;M;4384590;69247;320
201500003830;15;1;6;1915;3;1;1;5;7;311;;M;4405620;60711;320
201500003831;15;1;18;600;2;1;1;1;6;286;;M;4381090;64818;320
201500003832;15;2;6;900;1;1;1;4;1;306;;M;4389740;64184;320
201500003833;15;2;12;1100;1;1;1;1;7;385;;M;4386570;74778;320
201500003834;15;3;10;1400;1;1;2;1;3;82;;M;4396240;62917;320
201500003835;15;4;15;2045;2;2;2;1;3;132;RUE NOEL CADEOT;M;4384440;66634;320
201500003836;15;6;13;1530;1;1;1;1;1;395;;M;4398700;67747;320
201500003837;15;6;29;800;1;2;1;1;6;132;37 ALLЙES A. BRIAND;M;4384640;66541;320
201500003838;15;7;10;45;3;1;1;1;7;457;;M;4386140;69598;320
201500003839;15;7;31;1745;1;1;1;1;6;329;;M;4380730;59794;320
201500003840;15;8;16;1130;1;1;1;1;1;188;;M;4388200;57738;320
201500003841;15;8;20;1200;1;2;1;1;7;370;;M;4389110;77257;320
201500003842;15;10;10;215;3;2;1;1;6;253;RD525;M;4399120;76413;320
201500003843;15;11;21;1745;3;1;1;8;3;306;;M;4387130;65811;320
201500003844;15;11;26;1830;3;1;2;1;3;68;;M;4383120;74958;320
201500003845;15;12;12;245;3;1;1;1;6;457;;M;4386440;71165;320
201500003846;15;1;12;730;3;1;2;1;6;254;;M;4354020;45458;320
201500003847;15;3;10;830;1;2;1;1;6;256;;M;4351500;40736;320
201500003848;15;6;26;1045;1;1;1;1;3;256;;M;4352570;41672;320
201500003849;15;7;16;930;1;1;3;1;6;256;;M;4353380;42041;320
201500003850;15;8;29;2115;3;1;1;1;6;389;;M;4349910;39243;320
201500003851;15;10;16;1415;1;1;3;1;3;252;;M;4342450;31800;320
201500003852;15;11;18;445;3;1;1;1;6;20;;M;4343780;28621;320
201500003853;15;11;26;745;1;1;1;1;1;389;;M;4349510;38085;320
201500003854;15;12;4;715;1;1;2;1;3;67;;M;4335140;59633;320
201500003855;15;12;17;1130;1;2;1;1;6;426;PLACE CARNOT;M;4349200;59211;320
201500003856;15;1;17;2115;3;1;1;1;6;167;;M;4346160;32092;320
201500003857;15;1;21;1400;1;1;1;1;2;205;;M;4352890;20149;320
201500003858;15;1;25;500;3;1;1;1;7;233;;M;4352620;17487;320
201500003859;15;3;21;1645;1;1;1;2;6;252;;M;4343250;32946;320
201500003860;15;4;27;1700;1;1;1;3;1;252;;M;4342400;29584;320
201500003861;15;8;7;1030;1;1;1;1;6;285;;M;4359050;37455;320
201500003862;15;10;9;1745;1;1;4;1;6;362;;M;4357550;7486;320
201500003863;15;2;7;2230;5;2;2;1;7;319;RUE ADOUR;M;4360540;4550;320
201500003864;15;4;6;115;3;1;1;1;6;1;;M;4369620;7666;320
201500003865;15;4;24;1945;1;1;2;1;5;424;;M;4363070;-27170;320
201500003866;15;10;3;930;1;1;2;1;3;408;;M;4382660;-3673;320
201500003867;15;11;1;1930;5;2;1;1;6;344;PONT DE L'ADOUR;M;4366490;-8112;320
201500003868;15;11;3;1015;1;1;1;1;1;221;;M;4462273;202499;460
201500003869;15;1;3;1215;1;1;1;2;7;105;;M;4440458;152392;460
201500003870;15;6;4;430;3;1;1;1;2;202;;M;4428415;150492;460
201500003871;15;8;14;1130;1;1;9;3;4;138;;M;4466234;156820;460
201500003872;15;8;31;1445;1;1;1;2;6;210;;M;0;151487;460
201500003873;15;5;2;1800;1;1;1;2;6;13;;M;0;0;460
201500003874;15;8;18;1730;1;1;1;1;1;263;;M;4436261;122666;460
201500003875;15;11;4;1445;1;1;1;1;1;91;;M;4437525;161167;460
201500003876;15;11;18;1830;3;1;1;8;2;197;;M;4436317;145124;460
201500003877;15;8;15;2100;2;2;2;1;3;335;;M;4439902;129513;460
201500003878;15;8;29;930;1;1;3;1;3;88;;M;4447972;135686;460
201500003879;15;8;31;1530;1;1;1;2;1;335;;M;0;0;460
201500003880;15;1;6;1815;5;1;9;1;6;102;;M;0;0;460
201500003881;15;1;24;1645;1;2;1;4;1;102;Bd du Colonel Teuli?;M;4461012;203716;460
201500003882;15;5;7;1700;1;1;1;1;1;102;;M;4459100;200040;460
201500003883;15;6;6;1415;1;1;9;1;3;174;;M;4465183;210589;460
201500003884;15;10;1;2200;3;1;1;1;6;266;;M;4461731;212175;460
201500003885;15;6;11;1100;1;1;1;1;1;45;;M;4450107;185056;460
201500003886;15;2;16;1900;3;1;1;1;6;155;;M;4446821;178444;460
201500003887;15;3;18;730;1;2;1;1;1;132;Le buzat;M;4474276;179161;460
201500003888;15;4;2;1730;1;2;1;1;6;170;;M;4478595;190136;460
201500003889;15;4;7;930;1;1;1;1;6;90;;M;4467116;178414;460
201500003890;15;8;8;630;3;1;1;1;6;57;;M;4467502;202682;460
201500003891;15;9;8;915;1;1;1;1;6;183;;M;0;0;460
201500003892;15;10;25;845;3;1;1;1;6;279;;M;0;0;460
201500003893;15;12;5;1730;1;1;1;1;6;243;;M;4473391;184859;460
201500003894;15;3;1;1745;1;1;2;2;3;251;;M;4485807;189343;460
201500003895;15;3;30;1130;1;2;1;2;2;29;32 av de la R?publique;M;4492706;184556;460
201500003896;15;6;27;1230;1;1;1;1;1;251;;M;4485370;190591;460
201500003897;15;10;10;1815;1;1;1;1;7;177;;M;4488181;179955;460
201500003898;15;10;16;1645;1;1;3;1;3;311;;M;4487723;200419;460
201500003899;15;12;3;2200;3;1;1;1;7;122;;M;4490814;174353;460
201500003900;15;2;15;1800;2;1;1;8;6;200;;M;4460641;120205;460
201500003901;15;4;5;1030;1;1;3;1;3;66;;M;4463252;121996;460
201500003902;15;5;16;1830;1;1;1;1;1;334;PROBLME PR 75+500;M;4474598;144737;460
201500003903;15;6;25;1100;1;1;2;1;1;316;;M;0;0;460
201500003904;15;6;26;2100;2;1;1;1;1;215;;M;4478896;147155;460
201500003905;15;8;8;1315;1;1;1;3;1;209;;M;4483904;146094;460
201500003906;15;3;30;830;1;1;1;2;1;304;;M;0;0;460
201500003907;15;7;12;830;1;1;1;1;1;265;;M;0;0;460
201500003908;15;9;10;1515;1;2;3;1;3;265;le bourg;M;0;0;460
201500003909;15;10;8;630;5;2;1;1;3;83;Le Bourg;M;4502485;151953;460
201500003910;15;2;20;2045;3;1;1;1;4;19;;M;0;0;650
201500003911;15;4;19;1745;1;1;1;1;5;401;;M;4317830;10238;650
201500003912;15;5;17;1430;1;1;8;1;3;2;;M;4315640;-2005;650
201500003913;15;7;6;1515;1;1;1;1;6;366;;M;4311640;-7444;650
201500003914;15;7;27;1545;1;1;1;1;2;292;;M;4324770;-10784;650
201500003915;15;8;23;515;3;1;1;8;6;401;;M;4319500;10900;650
201500003916;15;11;1;1530;1;2;1;1;3;280;RD 940;M;4313530;-8248;650
201500003917;15;11;6;1430;1;2;1;7;3;340;route de Rabastens;M;4327100;10625;650
201500003918;15;12;29;1800;3;1;1;1;6;344;;M;4318650;-5156;650
201500003919;15;2;2;1945;3;1;1;1;1;126;;M;0;0;650
201500003920;15;4;10;1;3;1;1;1;6;274;;M;4324500;39581;650
201500003921;15;5;9;1230;1;1;1;1;6;129;;M;4328770;53798;650
201500003922;15;5;20;1645;1;1;1;3;5;187;;M;4321470;47221;650
201500003923;15;5;31;1700;1;1;1;7;7;183;;M;4322180;40875;650
201500003924;15;9;19;1145;1;1;1;1;6;184;;M;4316750;39744;650
201500003925;15;10;16;1100;1;1;2;1;3;373;;M;4329980;45372;650
201500003926;15;8;2;845;1;1;1;1;6;121;;M;4336000;6926;650
201500003927;15;8;7;1645;1;1;1;1;1;460;;M;4337870;6704;650
201500003928;15;11;12;1715;1;1;1;1;6;174;;M;4350340;3639;650
201500003929;15;12;10;1600;1;1;6;1;3;121;;M;4335901;6930;650
201500003930;15;2;10;330;3;1;1;1;6;409;;M;4338300;833300;650
201500003931;15;3;17;1430;1;1;1;1;6;337;;M;4324850;29060;650
201500003932;15;7;16;900;1;1;2;1;5;409;;M;4338610;11217;650
201500003933;15;8;7;1745;1;1;1;1;7;367;;M;4316850;21529;650
201500003934;15;9;10;1015;1;1;1;8;1;447;;M;4316920;24050;650
201500003935;15;2;8;600;5;2;1;1;6;7;01 place de la paix;M;0;0;650
201500003936;15;8;18;1545;1;1;1;1;1;330;;M;4343240;4651;650
201500003937;15;7;31;915;1;1;1;2;1;164;;M;4310110;2833;650
201500003938;15;8;8;415;3;2;1;1;6;40;Chemin de la Marcotte;M;4307530;-4742;650
201500003939;15;8;11;1145;1;1;1;1;3;32;;M;4296050;-21119;650
201500003940;15;8;30;1300;1;1;1;1;6;349;;M;4303720;-188;650
201500003941;15;12;29;1430;1;2;1;1;1;395;D 937;M;4310250;-17038;650
201500003942;15;7;16;1230;1;1;1;7;7;481;;M;4289720;10449;650
201500003943;15;8;2;1545;1;1;1;1;1;295;;M;4283340;7;650
201500003944;15;8;13;2130;3;1;1;1;1;145;;M;4292700;-4181;650
201500003945;15;9;5;1600;1;1;1;1;6;145;;M;4292880;-4279;650
201500003946;15;2;21;1745;1;1;1;4;1;123;;M;0;0;650
201500003947;15;7;1;1800;1;1;3;1;1;123;;M;4300036;19795;650
201500003948;15;7;24;1630;1;2;3;1;6;59;39 rue de la rйpublique;M;4306650;14793;650
201500003949;15;8;1;1630;1;1;1;1;7;198;;M;4305760;17975;650
201500003950;15;8;16;330;3;1;1;1;6;320;;M;4313160;10296;650
201500003951;15;8;16;1600;1;1;1;1;2;42;;M;4303730;16870;650
201500003952;15;9;3;1200;1;1;2;5;6;59;;M;4290900;15121;650
201500003953;15;10;8;2115;3;1;1;8;6;16;;M;4311750;11993;650
201500003954;15;10;10;1600;1;1;2;1;6;320;chemin de la passade;M;4311550;9401;650
201500003955;15;10;11;45;5;2;4;1;6;59;12 rue Jean Baquй;M;4307050;15341;650
201500003956;15;1;30;2030;3;1;1;3;7;96;;M;4311060;24476;650
201500003957;15;9;28;1800;1;2;1;1;6;231;RD929;M;4305660;37083;650
201500003958;15;12;27;1445;1;1;1;1;1;127;;M;4310410;33932;650
201500003959;15;6;6;1700;1;2;2;1;3;363;;M;4311839;42813;650
201500003960;15;1;15;2200;3;1;1;1;7;31;;M;4291318;35885;650
201500003961;15;12;15;1430;1;1;1;1;3;79;;M;4386000;218800;810
201500003962;15;12;1;1845;3;1;1;5;6;2;;M;4352400;230100;810
201500003963;15;7;24;1445;1;1;1;1;3;232;;M;0;0;810
201500003964;15;12;6;1530;1;2;8;1;6;156;passage а niveau n°11;M;0;0;810
201500003965;15;4;12;1815;1;1;1;1;1;97;;M;4389500;222000;810
201500003966;15;4;26;1215;1;1;1;1;1;295;;M;4385600;235400;810
201500003967;15;12;28;1730;2;1;1;6;6;96;;M;4391800;241700;810
201500003968;15;5;31;930;1;2;1;1;6;105;rue gambetta;M;0;0;810
201500003969;15;6;26;2000;2;1;1;7;1;105;;M;0;0;810
201500003970;15;8;21;30;3;1;1;1;7;105;;M;0;0;810
201500003971;15;2;12;1430;1;1;1;1;6;124;;M;4371200;269000;810
201500003972;15;6;26;830;1;1;1;1;6;31;;M;4360200;247900;810
201500003973;15;8;22;2100;2;1;1;1;7;314;;M;4373900;260300;810
201500003974;15;8;23;300;3;1;1;8;7;86;;M;4369000;252300;810
201500003975;15;11;6;1700;2;1;1;7;7;31;;M;4361600;244400;810
201500003976;15;1;17;745;2;1;6;2;7;271;;M;0;0;810
201500003977;15;2;14;1645;1;1;1;2;6;104;;M;0;0;810
201500003978;15;3;14;630;2;1;1;2;2;271;;M;0;0;810
201500003979;15;3;18;1845;2;1;1;1;1;140;;M;4371000;180600;810
201500003980;15;3;27;2015;3;2;1;1;6;271;chemin d'en brouysset;M;0;0;810
201500003981;15;6;9;730;2;1;1;1;3;104;;M;0;0;810
201500003982;15;6;24;1715;1;1;1;1;1;173;;M;0;0;810
201500003983;15;7;2;2145;2;1;1;1;7;140;;M;4367800;179100;810
201500003984;15;7;26;930;1;1;1;7;7;140;;M;0;0;810
201500003985;15;9;9;645;3;1;1;1;1;140;;M;4367700;173300;810
201500003986;15;9;19;1500;1;1;1;1;7;150;;M;0;0;810
201500003987;15;11;29;1030;1;2;1;1;3;140;allйe Jean JAURES;M;0;0;810
201500003988;15;12;19;2145;5;2;1;1;7;140;Allйes Jean Jaurиs;M;4370400;181500;810
201500003989;15;6;15;1615;1;1;1;1;2;177;;M;0;0;810
201500003990;15;8;27;1345;1;2;1;1;7;182;Avenue docteur lavergne;M;0;0;810
201500003991;15;2;10;1900;5;2;7;1;6;315;Place de l'Abbaye;M;4362600;208999;810
201500003992;15;2;14;345;3;1;1;2;7;92;;M;0;0;810
201500003993;15;4;2;1400;1;1;1;1;6;213;;M;4364000;188300;810
201500003994;15;7;17;1900;1;1;1;1;1;299;;M;0;0;810
201500003995;15;7;23;1430;1;1;1;1;6;139;;M;0;0;810
201500003996;15;11;15;1445;1;1;1;1;6;78;;M;0;0;810
201500003997;15;12;24;1115;1;2;2;1;1;258;Les Martys;M;4376500;206700;810
201500003998;15;3;26;1545;1;1;1;1;6;99;;M;4389000;186800;810
201500003999;15;4;15;1430;1;2;6;1;1;99;rond point St Jean;M;0;0;810
201500004000;15;5;23;815;1;1;1;1;6;138;;M;4384900;206599;810
201500004001;15;6;13;1430;1;1;4;1;3;41;;M;4396200;187100;810
201500004002;15;6;26;1130;1;1;1;7;1;87;;M;4395800;198200;810
201500004003;15;6;26;1230;1;1;1;7;1;38;;M;4389100;191300;810
201500004004;15;6;29;1415;1;1;2;1;5;99;;M;0;0;810
201500004005;15;7;7;1015;1;1;1;1;6;99;;M;4388900;186600;810
201500004006;15;7;29;1915;1;2;1;1;6;99;impasse des balitrands;M;0;0;810
201500004007;15;9;7;1715;1;1;1;1;1;294;;M;4383700;194500;810
201500004008;15;10;10;1900;2;1;1;1;1;112;;M;4392400;200800;810
201500004009;15;10;10;115;3;1;1;1;6;93;;M;0;0;810
201500004010;15;10;31;645;1;1;1;1;1;99;;M;4391300;184100;810
201500004011;15;12;5;1600;1;2;1;1;6;99;34 avenue saint exupйry;M;4390600;189200;810
201500004012;15;12;11;1;3;1;1;1;7;38;;M;4389900;195800;810
201500004013;15;12;22;500;3;1;1;5;6;112;;M;4392500;202700;810
201500004014;15;12;30;630;3;1;1;1;6;225;;M;4392400;198600;810
201500004015;15;2;11;1600;1;2;9;1;6;89;16 Avenue du chater;M;0;0;690
201500004016;15;7;30;1400;1;2;1;1;1;69;Rue Centrale;M;0;0;690
201500004017;15;8;1;900;1;2;1;1;3;69;1 avenue Jean bergeron;M;4574370;472731;690
201500004018;15;9;6;1230;1;1;1;1;2;205;;M;0;0;690
201500004019;15;9;25;1230;1;2;1;1;1;69;593 Av. du 11 novembre;M;0;0;690
201500004020;15;10;9;830;1;2;1;7;2;205;avenue marcel mйrieux;;;;690
201500004021;15;12;6;2030;5;2;1;1;3;69;45 Edouard Millaud;M;4574740;473468;690
201500004022;15;1;7;1800;5;2;3;8;3;408;228, HOUSSAYE (RUE ARSEN;M;4954590;363114;20
201500004023;15;1;13;740;5;2;1;1;6;408;LIBERATION (RUE DE LA);M;4956121;361040;20
201500004024;15;1;28;1640;1;1;1;3;5;408;RN2;;;;20
201500004025;15;2;3;1438;1;2;2;1;5;408;68, MENDES-FRANCE (AVENU;M;4957622;363833;20
201500004026;15;2;8;620;5;2;1;1;6;408;BASSELET (RUE VICTOR);M;4957886;361505;20
201500004027;15;4;17;1820;1;2;1;1;6;408;4, MONGE (RUE);M;4956497;364755;20
201500004028;15;4;18;1655;1;2;1;1;6;408;08, WINSTON CHURCHILL (R;M;4956920;363690;20
201500004029;15;4;18;925;1;2;1;1;6;408;54, DE GAULLE (AVENUE CH;M;4956958;364080;20
201500004030;15;8;3;1900;1;2;2;1;1;408;19, WROBEL (RUE GEORGES);M;4956522;364215;20
201500004031;15;8;19;540;5;2;2;1;3;408;11, DOUVRY (RUE);M;4957478;363324;20
201500004032;15;9;28;1230;1;1;1;1;1;408;;M;0;0;20
201500004033;15;11;20;800;2;2;2;3;3;408;;M;4957638;362995;20
201500004034;15;11;25;1620;1;2;1;2;6;408;;M;4955003;361345;20
201500004035;15;12;1;900;1;1;1;8;2;408;RN2;M;0;0;20
201500004036;15;5;21;1927;1;2;1;1;3;408;14 rue fernand christ;M;4956983;360798;20
201500004037;15;1;12;1730;2;1;2;1;3;272;;M;4392600;162100;810
201500004038;15;1;24;400;3;1;1;1;6;220;;M;4383700;174600;810
201500004039;15;3;2;1745;1;2;1;1;2;70;avenue Jean B?ringuier;M;4382400;172700;810
201500004040;15;4;29;715;1;1;2;1;1;106;;M;4383920;167561;810
201500004041;15;5;9;1645;1;1;2;7;3;145;;M;4391300;175800;810
201500004042;15;6;19;1430;1;1;1;1;7;220;;M;4383700;173000;810
201500004043;15;8;7;1900;1;2;7;1;1;145;PLACE PAUL SAISSAC;M;4385800;181100;810
201500004044;15;10;19;1000;1;2;1;1;6;220;Promenade des lices;M;0;0;810
201500004045;15;10;24;1115;1;1;1;1;7;220;;M;0;0;810
201500004046;15;10;25;1415;1;1;2;1;3;220;;M;4385800;175400;810
201500004047;15;12;16;900;3;1;1;1;7;145;;M;4388400;179400;810
201500004048;15;1;24;2345;3;1;1;9;6;195;;M;0;0;810
201500004049;15;2;19;2015;3;1;1;1;1;242;;M;4351800;211200;810
201500004050;15;9;2;1200;1;1;1;1;6;312;;M;4352200;213800;810
201500004051;15;9;21;1645;1;1;1;1;1;325;;M;4355400;220800;810
201500004052;15;10;12;1445;1;2;1;1;3;307;14avenue de CASTRES;M;4357400;229700;810
201500004053;15;12;4;1915;3;1;1;1;2;120;;M;4354700;225200;810
201500004054;15;2;13;1815;1;1;1;1;5;219;;M;4357100;203799;810
201500004055;15;8;24;645;2;1;1;8;3;251;;M;4356200;208999;810
201500004056;15;11;8;1630;1;1;1;1;6;143;;M;4353500;210000;810
201500004057;15;11;23;1345;1;1;1;1;6;179;;M;4351900;193200;810
201500004058;15;12;9;2215;3;1;1;1;1;76;;M;4357000;191900;810
201500004059;15;10;20;1715;1;1;1;1;5;89;;M;0;0;820
201500004060;15;11;6;1615;1;1;1;1;1;112;;M;0;0;820
201500004061;15;1;30;1400;1;1;1;2;1;87;;M;0;0;820
201500004062;15;4;12;1515;1;1;1;1;7;149;;M;0;0;820
201500004063;15;6;11;1230;1;2;1;1;1;149;chemin du stade;M;4412023;148417;820
201500004064;15;6;22;930;1;1;6;1;3;37;;M;4414839;152321;820
201500004065;15;6;21;1045;1;2;7;1;6;87;Square du Point de vue;M;4412752;124090;820
201500004066;15;6;27;245;3;1;1;1;6;76;;M;0;0;820
201500004067;15;7;9;545;2;1;1;1;2;126;;M;4417000;155900;820
201500004068;15;8;2;1515;1;1;1;1;7;113;Route de la Barthe;M;4419830;135428;820
201500004069;15;9;16;1500;1;1;1;1;7;92;;M;0;0;820
201500004070;15;10;4;1515;1;1;1;2;6;148;;M;0;0;820
201500004071;15;10;26;1730;1;1;1;1;1;148;;M;0;0;820
201500004072;15;11;9;1915;5;2;1;1;3;179;160 av marcel lacassagne;M;0;0;820
201500004073;15;11;20;700;3;1;1;1;6;113;;M;0;0;820
201500004074;15;12;5;730;3;1;1;5;6;39;;M;0;0;820
201500004075;15;1;14;800;3;1;1;1;3;161;;M;0;0;820
201500004076;15;1;25;645;1;1;1;1;1;134;;M;0;0;820
201500004077;15;2;14;2115;3;1;1;2;1;161;;M;0;0;820
201500004078;15;6;11;1700;1;1;1;1;6;2;;M;0;0;820
201500004079;15;7;28;1930;1;1;1;1;7;2;;M;0;0;820
201500004080;15;9;6;115;3;1;1;1;6;161;;M;0;0;820
201500004081;15;9;22;1200;1;1;1;1;6;18;747 route de la Bйnиche;M;0;0;820
201500004082;15;12;20;430;3;1;1;1;1;192;;M;0;0;820
201500004083;15;12;25;1730;2;2;1;1;3;2;av du Gйnйral de Gaule;M;0;0;820
201500004084;15;4;30;2215;1;1;1;1;6;69;;M;0;0;820
201500004085;15;6;29;45;3;1;1;1;6;155;;M;0;0;820
201500004086;15;9;23;1030;1;1;1;1;6;147;;M;0;0;820
201500004087;15;10;25;1430;1;1;1;1;6;38;;M;0;0;820
201500004088;15;1;23;945;1;1;1;8;1;180;;M;0;0;820
201500004089;15;7;9;1615;1;1;1;1;1;180;;M;4390500;103899;820
201500004090;15;8;20;1445;1;1;1;1;3;71;;M;4382420;98316;820
201500004091;15;9;22;1545;1;1;1;1;6;55;;M;0;0;820
201500004092;15;11;21;845;1;1;1;1;6;103;;M;0;0;820
201500004093;15;2;5;1745;1;2;1;1;6;48;12 route de Toulouse;M;0;0;820
201500004094;15;3;5;615;3;1;1;1;1;79;;M;4393700;136100;820
201500004095;15;4;26;1730;1;1;1;2;7;28;;M;4385270;129291;820
201500004096;15;6;4;1630;1;2;2;1;3;79;rue des prйs;M;4392200;136900;820
201500004097;15;7;19;1900;1;1;3;1;3;79;;M;4394100;135585;820
201500004098;15;8;14;1815;2;2;1;2;7;28;500 Route de Fabas;M;4385400;129900;820
201500004099;15;8;21;1945;1;1;1;7;1;135;;M;4391100;143700;820
201500004100;15;8;22;1730;1;2;1;1;6;17;501 rue des Capellas;M;0;0;820
201500004101;15;8;25;1945;1;1;1;1;1;44;;M;4396800;135900;820
201500004102;15;9;5;600;3;1;1;1;7;79;;M;0;0;820
201500004103;15;9;11;1600;1;1;1;1;5;142;;M;4382400;130900;820
201500004104;15;10;18;1830;2;1;1;2;6;150;;M;4393500;142000;820
201500004105;15;10;24;1600;1;2;1;1;2;114;chemin des tilleuls;M;0;0;820
201500004106;15;3;12;1630;1;1;3;1;5;117;;M;4433200;103200;820
201500004107;15;5;30;2215;1;1;1;1;6;116;;M;0;0;820
201500004108;15;6;29;1615;1;1;1;1;6;116;;M;0;0;820
201500004109;15;8;8;400;3;1;1;1;6;94;;M;0;0;820
201500004110;15;8;31;1700;1;1;1;1;7;42;;M;4423300;119600;820
201500004111;15;11;24;2245;3;1;1;2;6;24;;M;4422200;97200;820
201500004112;15;3;28;1030;1;1;1;2;1;108;;M;0;0;820
201500004113;15;4;8;1730;1;2;1;1;2;169;826 chemin de Douzil;M;4405635;102607;820
201500004114;15;6;3;1145;1;1;1;1;7;45;;M;0;0;820
201500004115;15;6;6;2230;5;2;1;1;1;101;40 AVENUE DE BORDEAUX;M;0;0;820
201500004116;15;8;13;2230;3;1;1;2;6;99;;M;0;0;820
201500004117;15;8;21;1700;1;1;1;1;5;112;;M;0;0;820
201500004118;15;8;25;730;2;1;1;1;3;96;;M;0;0;820
201500004119;15;9;26;1515;1;1;1;1;2;112;;M;0;0;820
201500004120;15;2;14;1745;2;1;2;2;3;178;;M;0;0;820
201500004121;15;2;28;1515;1;1;1;1;3;14;;M;4378600;112200;820
201500004122;15;4;11;230;5;2;1;1;6;62;51 route Nationale;M;4390900;122100;820
201500004123;15;5;13;2145;2;1;2;1;3;125;;M;4393230;125182;820
201500004124;15;5;24;500;3;1;1;1;6;124;;M;4402362;127604;820
201500004125;15;6;24;1915;1;1;1;1;3;190;;M;4386367;124705;820
201500004126;15;7;9;1700;1;1;1;1;6;124;;M;0;0;820
201500004127;15;8;31;1945;2;2;1;6;6;125;AV DE MONTAUBAN RD928;M;0;0;820
201500004128;15;9;19;2100;3;1;9;1;6;123;;M;0;0;820
201500004129;15;9;26;1845;1;1;1;1;3;62;403 rue du stade;M;0;0;820
201500004130;15;10;10;1600;1;1;1;1;1;105;;M;0;0;820
201500004131;15;10;30;1615;1;1;1;1;6;173;;M;0;0;820
201500004132;15;11;10;530;3;1;1;1;6;124;;M;0;0;820
201500004133;15;12;5;1900;3;2;1;1;6;171;rue de la Thoumazette;M;4400200;118500;820
201500004134;15;1;15;615;3;1;1;1;6;54;;M;0;0;820
201500004135;15;6;9;845;1;1;1;1;6;49;;M;0;0;820
201500004136;15;7;6;945;1;2;1;1;6;8;route de Castels;M;0;0;820
201500004137;15;8;28;1145;1;1;2;7;3;166;;M;0;0;820
201500004138;15;9;18;1545;1;2;1;1;3;186;place J.B CHAUMEIL;M;0;0;820
201500004139;15;10;4;1430;1;1;1;1;3;165;;M;0;0;820