num_acc;an;mois;jour;hrmn;lum;agg;int;atm;col;com;adr;gps;lat;long;dep
201500004140;15;11;16;500;3;1;1;5;6;165;;M;0;0;820
201500004141;15;12;27;1515;1;1;1;1;3;165;;M;0;0;820
201500004142;15;1;27;715;2;1;1;8;7;72;;;;;690
201500004143;15;4;25;430;3;1;1;1;7;72;;M;4582070;472812;690
201500004144;15;6;6;2100;1;2;1;1;6;76;242 route de dardilly;M;0;0;690
201500004145;15;7;24;1445;1;1;1;1;3;72;;M;0;0;690
201500004146;15;8;7;1115;1;1;1;1;3;72;;M;4582600;469700;690
201500004147;15;9;3;1730;1;1;1;1;6;72;;M;4579800;474200;690
201500004148;15;9;25;1715;1;2;1;1;6;72;14 route de la tour de s;M;0;0;690
201500004149;15;9;28;2045;3;1;1;1;1;76;;M;0;0;690
201500004150;15;10;2;715;2;2;1;1;6;127;route de sain bel;M;0;0;690
201500004151;15;1;26;1710;1;2;1;1;6;191;avenue de la rйpublique;;;;690
201500004152;15;2;11;1945;5;2;1;1;3;40;131 avenue lanessan;M;0;0;690
201500004153;15;4;6;1830;1;1;1;1;7;59;;M;4585520;471537;690
201500004154;15;5;1;300;3;1;6;2;6;55;;M;0;0;690
201500004155;15;5;18;1800;1;1;1;1;2;117;;M;0;0;690
201500004156;15;5;26;945;1;1;1;1;6;191;;M;0;0;690
201500004157;15;6;3;845;1;1;1;1;7;117;;M;0;0;690
201500004158;15;6;3;245;3;1;1;1;1;116;;M;0;0;690
201500004159;15;6;4;2115;1;1;1;1;7;55;;M;4588790;473197;690
201500004160;15;6;22;1915;1;1;1;1;1;116;;M;4585900;477500;690
201500004161;15;7;2;1600;1;1;1;1;3;55;;M;0;0;690
201500004162;15;7;12;1130;1;1;1;1;6;59;;M;4585480;471590;690
201500004163;15;7;23;800;1;1;6;1;3;55;;M;4591600;473400;690
201500004164;15;8;26;1400;1;1;1;1;6;116;;M;0;0;690
201500004165;15;9;9;1330;1;2;1;1;5;116;95 avenue Lanessan 69410;M;4579900;479100;690
201500004166;15;9;3;1745;1;2;1;1;7;116;chemin de la sabliиre;M;0;0;690
201500004167;15;9;19;1530;1;2;1;1;3;116;rue de sans souci;M;0;0;690
201500004168;15;10;18;1715;1;1;1;1;6;59;;M;0;0;690
201500004169;15;4;5;1145;1;2;1;1;1;278;RUE DE LA GRANDE VERCHER;M;0;0;690
201500004170;15;5;7;1330;1;1;1;1;6;3;;M;0;0;690
201500004171;15;5;27;1530;1;2;1;1;3;163;le grand veissieux;M;4592210;475321;690
201500004172;15;6;11;2045;1;2;1;1;6;143;;M;0;0;690
201500004173;15;6;23;2030;1;1;6;1;7;71;;M;4587890;482817;690
201500004174;15;7;21;1500;1;2;6;1;3;278;route de Neuville;M;0;0;690
201500004175;15;8;3;1345;1;2;1;1;6;143;30 route de Lyon;M;0;0;690
201500004176;15;9;11;2015;5;2;1;1;6;143;Rue Rey Loras;M;4588200;483900;690
201500004177;15;10;3;1315;1;2;1;3;1;163;route de chasselay;M;0;0;690
201500004178;15;10;9;215;5;2;1;1;3;143;rue des йcoles;M;4589900;483500;690
201500004179;15;10;8;630;5;2;1;1;1;3;quai gйnйral de gaulle;M;0;0;690
201500004180;15;10;5;1315;1;1;6;2;3;163;;M;4591740;477168;690
201500004181;15;12;3;2315;5;2;1;1;6;68;Quai Jean Moulin;M;0;0;690
201500004182;15;12;12;930;1;2;3;1;6;68;rue de la Rйpublique;M;0;0;690
201500004183;15;2;16;1600;1;2;1;1;3;288;RD 306;M;0;0;690
201500004184;15;3;25;1045;1;1;1;1;1;288;;M;4568500;506800;690
201500004185;15;4;21;815;1;1;1;1;7;289;;M;0;0;690
201500004186;15;4;21;1415;1;2;1;1;1;289;;M;0;0;690
201500004187;15;5;8;45;3;1;1;1;1;289;;M;0;0;690
201500004188;15;5;7;1615;1;2;1;1;3;298;grande rue;M;0;0;690
201500004189;15;6;6;345;4;2;1;1;6;288;RUE FERDINAND GAUTHIER;M;4568600;505400;690
201500004190;15;6;5;1745;1;2;1;1;1;288;rue victor broizat;M;4568800;504900;690
201500004191;15;7;10;700;1;2;6;1;1;288;avenue Jean Moulin;M;4568620;505250;690
201500004192;15;9;4;2300;5;1;6;1;2;287;;M;4570000;502200;690
201500004193;15;10;10;1445;1;2;1;1;6;289;route de givors;M;0;0;690
201500004194;15;10;22;1815;1;2;1;1;1;287;110 ROUTE NATIONALE 6;M;4569860;501253;690
201500004195;15;10;27;1930;3;2;1;3;3;298;route de givors;M;0;0;690
201500004196;15;11;23;1845;3;1;1;1;1;298;;M;4564960;498467;690
201500004197;15;12;2;1900;5;2;1;1;3;287;24 RN6;M;4569200;503290;690
201500004198;15;1;1;400;5;1;1;1;6;270;;M;4579910;484662;690
201500004199;15;2;17;1845;2;2;1;8;6;273;81 rue louis pradel;M;0;0;690
201500004200;15;4;8;1115;1;1;1;1;3;270;;M;4562940;492982;690
201500004201;15;4;10;1515;1;2;1;1;3;273;route de lyon;M;0;0;690
201500004202;15;8;9;130;3;2;1;2;7;270;route de mions;M;4564160;494305;690
201500004203;15;8;19;700;1;2;1;1;6;273;rue de la Vanoise;M;4567100;490300;690
201500004204;15;9;5;945;1;2;6;1;6;273;Rue Centrale;M;0;0;690
201500004205;15;10;22;1100;1;2;1;1;7;270;route de corbas;M;4563120;492956;690
201500004206;15;10;27;2000;3;1;1;2;1;270;;M;4564400;496200;690
201500004207;15;11;23;830;1;1;1;1;5;273;;M;4564400;490051;690
201500004208;15;12;11;1815;5;2;1;1;1;270;rue de la poste;M;0;0;690
201500004209;15;1;1;1145;1;1;1;1;1;171;;;;;690
201500004210;15;1;19;1045;1;1;1;1;5;32;;M;4584610;458995;690
201500004211;15;2;14;1800;1;1;1;1;6;175;;M;0;0;690
201500004212;15;2;20;1845;5;2;1;1;3;10;25 route de Paris;M;0;0;690
201500004213;15;3;5;2215;3;1;1;1;1;32;;M;4584940;458136;690
201500004214;15;4;9;1030;1;2;1;1;1;21;LA BREVENNE;M;4578020;457432;690
201500004215;15;4;30;1700;1;1;1;1;1;112;;M;0;0;690
201500004216;15;5;4;1800;1;1;1;1;5;32;;M;0;0;690
201500004217;15;5;7;1130;1;2;1;1;1;21;Rue du bois bodet;M;4578400;454700;690
201500004218;15;5;15;1700;1;1;1;2;1;32;;M;0;0;690
201500004219;15;6;22;1830;1;2;1;1;6;112;RN7;M;0;0;690
201500004220;15;6;29;1830;1;1;1;1;1;177;;M;0;0;690
201500004221;15;7;5;600;1;1;1;1;6;175;;M;0;0;690
201500004222;15;7;5;1745;1;1;9;1;7;21;;M;0;0;690
201500004223;15;9;12;1315;1;1;1;3;6;208;;M;0;0;690
201500004224;15;9;18;2200;3;1;2;1;3;112;;M;4579760;468633;690
201500004225;15;9;25;1930;1;1;1;1;3;208;;M;0;0;690
201500004226;15;10;22;900;1;2;1;2;3;21;rue du bois bodet;M;0;0;690
201500004227;15;12;1;945;1;1;9;1;6;86;;M;0;0;690
201500004228;15;12;11;1500;1;2;1;1;6;10;Le Martinet;M;0;0;690
201500004229;15;12;18;1915;2;1;1;5;1;32;;M;0;0;690
201500004230;15;12;23;430;3;1;1;1;6;21;;M;0;0;690
201500004231;15;2;25;1315;1;1;1;1;1;31;;M;0;0;690
201500004232;15;3;28;1645;1;1;1;2;1;203;;M;0;0;690
201500004233;15;6;8;800;1;1;1;1;1;220;;M;0;0;690
201500004234;15;7;24;1945;1;1;1;1;1;31;;M;0;0;690
201500004235;15;1;3;2145;5;2;1;1;6;62;BOULEVARD ANDR? MARGOT;M;4563110;445411;690
201500004236;15;1;12;1130;1;1;7;1;6;14;;M;4568130;447781;690
201500004237;15;1;16;1645;1;1;1;3;1;238;;M;4562450;444873;690
201500004238;15;1;30;1045;1;2;9;1;6;238;154 BD ANDR? MARGOT;M;4563070;445429;690
201500004239;15;2;15;1845;3;1;1;4;6;78;;M;0;0;690
201500004240;15;2;23;615;5;2;1;1;6;238;boulevard du 08 mai 1945;M;0;0;690
201500004241;15;4;10;1415;1;2;9;1;6;238;Avenue emmanuel Clйment;M;0;0;690
201500004242;15;6;4;645;1;1;1;1;1;132;;M;4566680;439344;690
201500004243;15;10;2;15;3;1;1;1;6;110;;M;0;0;690
201500004244;15;3;2;1715;1;1;2;1;1;28;;M;4571430;471424;690
201500004245;15;3;24;1730;1;1;1;1;6;94;;M;0;0;690
201500004246;15;4;6;1915;1;2;6;1;6;28;montйe ancienne gare;M;4572700;469800;690
201500004247;15;4;25;1945;1;2;1;1;1;255;D70;M;0;0;690
201500004248;15;5;16;2000;1;2;2;1;5;94;Route de Bordeaux;M;4574190;469454;690
201500004249;15;5;18;800;1;2;1;1;7;94;28, route de Bordeaux;M;4574520;469024;690
201500004250;15;5;23;1815;1;2;1;1;1;255;08 rue du Dr SERRULAZ;M;0;0;690
201500004251;15;5;30;1430;1;2;1;1;3;255;12 Route de Bordeaux;M;4573520;468040;690
201500004252;15;6;7;600;2;1;6;1;6;94;;M;0;0;690
201500004253;15;5;27;1700;1;2;1;1;6;131;35 avenue des Alpes;;;;690
201500004254;15;8;7;1130;1;1;1;1;6;190;;M;0;0;690
201500004255;15;8;9;1445;1;1;1;1;3;255;;M;4574000;469500;690
201500004256;15;10;15;645;3;2;1;2;1;249;la valotte;M;0;0;690
201500004257;15;11;17;1900;3;1;1;1;6;190;;M;0;0;690
201500004258;15;3;10;730;1;1;1;1;1;297;;M;0;0;690
201500004259;15;8;23;1145;1;1;6;2;7;272;;M;0;0;690
201500004260;15;9;27;1530;1;2;1;1;6;272;rue du chвteau d'eau;M;0;0;690
201500004261;15;11;28;1645;2;2;1;1;6;291;avenue Burago Di Molgora;M;0;0;690
201500004262;15;12;16;1630;1;1;1;1;1;297;;M;0;0;690
201500004263;15;1;5;1415;1;1;1;1;1;228;;M;4577080;478816;690
201500004264;15;1;14;1200;1;1;1;1;1;241;;M;4577080;478816;690
201500004265;15;1;28;1945;3;1;1;2;1;136;;M;4564370;474641;690
201500004266;15;1;30;2245;3;1;1;1;6;136;;M;4563700;475100;690
201500004267;15;3;16;1930;3;1;1;1;6;141;;M;0;0;690
201500004268;15;5;25;1745;1;1;1;1;7;228;;M;4554340;465223;690
201500004269;15;8;20;1845;1;1;1;1;1;170;;M;4565550;459813;690
201500004270;15;9;1;1445;1;1;1;2;3;136;;M;4565300;474700;690
201500004271;15;8;26;530;5;2;1;1;7;176;rue du stade;M;0;0;690
201500004272;15;10;26;1330;1;1;1;1;3;148;;M;0;0;690
201500004273;15;12;10;1400;1;2;1;1;3;176;route de mornant;M;0;0;690
201500004274;15;5;11;1530;1;1;1;1;6;74;;M;0;0;690
201500004275;15;8;22;1930;2;1;9;1;3;192;;M;0;0;690
201500004276;15;10;15;1630;1;1;2;1;3;215;;M;0;0;690
201500004277;15;11;8;1615;1;1;2;1;3;74;;M;0;0;690
201500004278;15;1;2;1015;1;1;1;1;6;140;;M;4590100;470069;690
201500004279;15;1;19;15;5;2;1;1;6;9;AVENUE DE LOSSBURG;M;4594040;471734;690
201500004280;15;3;2;900;1;1;1;2;7;140;;M;0;0;690
201500004281;15;5;15;1300;1;2;2;1;3;121;route de lyon;M;0;0;690
201500004282;15;5;29;1030;1;1;1;1;1;4;;M;4592060;465551;690
201500004283;15;6;19;1845;1;1;1;1;2;121;;M;0;0;690
201500004284;15;11;28;515;3;1;1;2;6;52;;M;0;0;690
201500004285;15;11;28;1545;1;2;1;1;6;9;avenue de l europe;M;0;0;690
201500004286;15;12;5;330;3;1;1;2;6;47;;M;0;0;690
201500004287;15;1;25;1930;3;1;1;1;1;206;;M;4604900;472173;690
201500004288;15;2;2;2300;3;1;1;1;1;206;;M;0;0;690
201500004289;15;3;6;1800;1;1;1;1;1;211;;M;0;0;690
201500004290;15;3;8;1100;1;1;1;1;3;19;;M;0;0;690
201500004291;15;5;22;830;1;1;1;1;1;197;;M;0;0;690
201500004292;15;5;22;1130;1;1;6;1;2;211;;M;4612220;472809;690
201500004293;15;5;30;615;1;1;1;1;6;211;;M;0;0;690
201500004294;15;6;9;1630;1;1;2;1;3;45;;M;4608500;470200;690
201500004295;15;7;8;1230;1;1;1;1;1;19;;M;0;0;690
201500004296;15;7;8;1000;1;1;6;1;3;19;;M;0;0;690
201500004297;15;7;17;1645;1;1;3;1;3;19;;M;4609590;473744;690
201500004298;15;8;6;1045;1;1;1;1;3;19;;M;0;0;690
201500004299;15;8;13;2000;1;2;6;1;2;211;rond point - CD 306;M;4612400;473800;690
201500004300;15;9;3;2045;3;1;1;1;6;206;;M;0;0;690
201500004301;15;10;25;1530;1;1;1;7;6;197;;M;0;0;690
201500004302;15;11;5;1645;1;1;2;1;3;19;;M;4610600;472000;690
201500004303;15;1;31;1745;2;1;1;8;1;50;;M;4588180;463353;690
201500004304;15;2;2;745;2;1;1;8;1;50;;M;4585380;465061;690
201500004305;15;4;9;1945;1;1;1;1;1;90;;M;0;0;690
201500004306;15;5;20;1145;1;1;1;8;3;24;;M;4591960;456808;690
201500004307;15;7;13;900;1;2;1;1;1;50;Le mapas;M;4586660;464122;690
201500004308;15;8;16;15;3;1;9;1;1;17;;M;0;0;690
201500004309;15;8;30;745;1;1;1;1;7;17;;M;4591620;461789;690
201500004310;15;9;10;1900;1;1;1;1;3;50;;M;4587830;464086;690
201500004311;15;11;25;1645;2;1;1;2;1;39;;M;0;0;690
201500004312;15;11;29;2045;3;1;1;8;3;113;;M;0;0;690
201500004313;15;12;10;745;2;1;1;8;3;222;;M;0;0;690
201500004314;15;12;15;1600;1;1;1;1;1;50;;M;4585750;465426;690
201500004315;15;1;30;445;5;2;1;2;1;243;Avenue Jean Jaur?s;M;4589800;443600;690
201500004316;15;5;25;1300;1;1;1;1;1;254;;M;0;0;690
201500004317;15;8;16;845;1;1;1;1;6;174;;M;0;0;690
201500004318;15;4;9;1600;1;1;1;1;1;107;;M;0;0;690
201500004319;15;4;21;1930;1;1;1;1;1;93;;M;4604430;446379;690
201500004320;15;6;12;2000;2;1;1;3;1;229;;M;0;0;690
201500004321;15;9;30;1515;1;2;1;1;1;107;quartier neuf;M;4606300;449000;690
201500004322;15;11;5;700;2;1;1;1;6;93;;M;4605000;444000;690
201500004323;15;2;19;815;1;1;1;1;3;214;;M;4599600;433100;690
201500004324;15;4;22;845;1;1;1;1;3;217;;M;0;0;690
201500004325;15;7;3;245;3;1;1;1;6;240;;M;4606200;439700;690
201500004326;15;8;12;1615;1;2;6;1;1;6;D38;M;0;0;690
201500004327;15;9;12;700;2;1;1;1;7;169;;M;0;0;690
201500004328;15;1;16;2245;5;2;1;1;6;65;RD 936 - Corgenon;M;4619683;516081;10
201500004329;15;5;29;1245;1;1;1;1;6;405;;M;4612424;515860;10
201500004330;15;8;13;2200;5;2;3;1;6;301;Avenue de la gare;M;0;0;10
201500004331;15;9;18;2100;5;2;2;1;7;65;intersection RD936 RD45;M;0;0;10
201500004332;15;10;13;1645;1;1;1;1;5;301;;M;0;0;10
201500004333;15;11;15;1530;1;2;1;1;7;336;chemin du suc;M;4615189;515416;10
201500004334;15;12;5;930;1;2;1;5;6;405;route de lent - rd.64;M;0;0;10
201500004335;15;1;12;1645;1;1;1;1;6;184;;M;4615423;543081;10
201500004336;15;1;23;1030;1;2;1;1;6;195;;M;4621187;532298;10
201500004337;15;3;27;1445;1;1;1;1;3;184;;M;0;0;10
201500004338;15;4;9;1845;1;1;1;1;6;321;;M;4616262;534625;10
201500004339;15;6;4;415;3;1;1;1;6;95;;M;0;0;10
201500004340;15;6;28;1930;2;2;1;1;6;95;CD 936 DHUYS;M;0;0;10
201500004341;15;3;17;930;1;1;3;1;3;402;;M;0;0;10
201500004342;15;5;14;1900;1;2;1;1;3;305;place poisiat;M;4643418;493906;10
201500004343;15;6;19;1830;1;1;1;1;2;232;;M;0;0;10
201500004344;15;7;21;730;1;2;1;7;6;266;rue de la gare;M;0;0;10
201500004345;15;7;27;1930;1;1;1;8;5;232;;M;0;0;10
201500004346;15;7;29;1415;1;1;1;8;1;232;;M;0;0;10
201500004347;15;9;5;2115;3;1;1;1;3;364;;M;0;0;10
201500004348;15;9;12;2030;3;1;1;2;1;236;;M;0;0;10
201500004349;15;9;12;1945;3;1;1;2;6;108;;M;0;0;10
201500004350;15;9;11;1100;1;2;2;1;6;305;Rue Morand;M;0;0;10
201500004351;15;9;19;1245;1;1;1;1;6;232;;M;0;0;10
201500004352;15;9;30;1400;1;1;1;1;2;337;;M;0;0;10
201500004353;15;11;3;1330;1;1;1;1;3;230;;M;0;0;10
201500004354;15;12;24;145;5;1;1;1;6;229;;M;4633600;514200;10
201500004355;15;2;23;1800;3;1;1;2;5;374;;M;4607940;532045;10
201500004356;15;3;15;700;1;1;1;1;6;374;;M;0;0;10
201500004357;15;4;24;1715;1;1;1;1;3;304;;M;4604166;533672;10
201500004358;15;5;24;1400;1;1;1;1;6;304;;M;0;0;10
201500004359;15;5;30;1845;1;1;1;1;7;363;;M;0;0;10
201500004360;15;6;13;1600;1;1;1;7;7;331;"""Chamagnat""";M;4609420;545982;10
201500004361;15;6;30;1800;1;2;1;1;3;273;rue du dr HUBERT;M;0;0;10
201500004362;15;7;20;1630;2;1;1;1;7;314;;M;0;0;10
201500004363;15;7;30;1345;1;2;9;1;3;304;rue saint exupйry;M;0;0;10
201500004364;15;8;7;515;3;1;1;1;7;363;;M;0;0;10
201500004365;15;8;21;930;1;1;6;1;3;304;;M;0;0;10
201500004366;15;8;23;1815;1;1;1;2;6;273;;M;0;0;10
201500004367;15;8;30;1045;1;1;1;7;7;68;;M;0;0;10
201500004368;15;9;6;2030;3;2;1;1;7;273;rue du revermont;M;0;0;10
201500004369;15;11;10;1630;1;1;1;1;5;304;;M;0;0;10
201500004370;15;12;16;915;1;2;1;8;3;303;"""Leymiat""";M;0;0;10
201500004371;15;1;14;1515;1;1;1;1;1;320;;M;4628873;488069;10
201500004372;15;5;5;1745;1;1;2;2;4;343;;M;4627979;494830;10
201500004373;15;6;5;330;3;1;2;1;3;144;"""La route""";M;0;0;10
201500004374;15;9;25;730;2;2;1;1;2;134;;M;0;0;10
201500004375;15;10;11;545;4;2;1;1;6;159;1235  route de Ternant;M;0;0;10
201500004376;15;10;16;1730;1;1;1;1;6;343;;M;4627186;496739;10
201500004377;15;11;1;45;3;1;1;5;6;134;;M;0;0;10
201500004378;15;11;22;845;1;1;2;1;3;203;;M;0;0;10
201500004379;15;3;30;1215;1;1;1;2;6;34;;M;0;0;10
201500004380;15;4;10;1100;1;1;1;1;3;216;;M;0;0;10
201500004381;15;4;24;1815;1;1;1;1;6;338;;M;0;0;10
201500004382;15;5;8;1515;1;2;2;2;5;58;CD19;M;0;0;10
201500004383;15;6;21;1545;1;1;1;1;3;190;;M;0;0;10
201500004384;15;7;11;730;1;1;1;1;3;338;;M;0;0;10
201500004385;15;7;25;1145;1;2;6;1;6;34;Avenue de Narvick;M;0;0;10
201500004386;15;8;12;15;5;2;1;1;3;34;Rue de la Rйpublique;M;0;0;10
201500004387;15;8;30;1815;1;2;1;7;2;34;cd992;M;0;0;10
201500004388;15;9;3;1830;1;2;2;1;2;34;;M;0;0;10
201500004389;15;9;14;1145;1;1;1;2;3;358;;M;0;0;10
201500004390;15;9;29;1415;1;2;1;1;1;403;Grande Rue;M;0;0;10
201500004391;15;11;1;1730;1;1;1;1;1;34;;M;0;0;10
201500004392;15;12;8;1900;5;2;1;1;6;34;avenue Brillat Savarin;M;0;0;10
201500004393;15;12;26;1745;5;2;1;1;1;403;31 grande rue;M;0;0;10
201500004394;15;2;11;1830;5;2;1;1;6;4;avenue g?n?ral de gaulle;M;0;0;10
201500004395;15;3;9;745;1;2;3;1;1;4;rue jean mermoz;M;0;0;10
201500004396;15;3;12;1730;1;2;1;1;7;384;CHEMIN DU CITY STADE;M;0;0;10
201500004397;15;3;19;1900;3;1;1;1;1;89;;M;0;0;10
201500004398;15;6;5;1600;1;1;1;1;6;4;;M;0;0;10
201500004399;15;6;16;2200;3;1;1;1;5;345;;M;0;0;10
201500004400;15;11;1;615;2;1;1;1;4;4;;M;0;0;10
201500004401;15;11;7;1600;1;1;1;1;1;416;;M;0;0;10
201500004402;15;12;7;845;1;1;1;1;5;4;;M;0;0;10
201500004403;15;1;1;215;5;2;1;1;6;22;Grande rue;M;0;0;10
201500004404;15;1;30;815;1;1;1;8;7;316;;M;0;0;10
201500004405;15;3;10;1730;1;1;1;1;7;118;;M;0;0;10
201500004406;15;3;20;2030;5;2;1;1;6;138;138 RUE DE L'EGLISE;M;0;0;10
201500004407;15;4;28;1530;1;1;1;1;1;316;;M;0;0;10
201500004408;15;6;18;1345;1;1;1;1;1;118;;M;0;0;10
201500004409;15;7;18;1745;1;1;1;1;3;10;;M;0;0;10
201500004410;15;8;14;1700;1;1;1;1;1;407;;M;0;0;10
201500004411;15;8;26;900;1;1;1;1;6;330;;M;0;0;10
201500004412;15;10;9;1700;1;1;1;8;6;73;;M;0;0;10
201500004413;15;11;4;630;2;1;1;1;1;138;;M;0;0;10
201500004414;15;9;22;1615;1;1;1;2;7;66;;M;0;0;10
201500004415;15;11;27;1700;2;2;1;1;6;39;place de la fontaine;M;0;0;10
201500004416;15;5;4;1345;1;2;2;1;1;119;;M;0;0;10
201500004417;15;6;13;1430;1;1;1;1;7;441;;M;0;0;10
201500004418;15;8;16;400;3;1;1;1;6;441;;M;0;0;10
201500004419;15;8;21;915;1;1;1;1;6;191;;M;0;0;10
201500004420;15;1;13;1815;3;1;1;6;5;386;;M;0;0;10
201500004421;15;3;29;2245;5;2;1;2;6;444;route de serriere;M;0;0;10
201500004422;15;4;27;115;3;1;1;3;6;431;;M;0;0;10
201500004423;15;5;18;715;1;1;1;7;1;390;;M;0;0;10
201500004424;15;7;18;2215;3;1;1;1;6;386;;M;0;0;10
201500004425;15;7;18;315;3;1;1;1;6;213;;M;0;0;10
201500004426;15;9;2;745;1;2;1;5;2;8;lieu dit le galliot;M;0;0;10
201500004427;15;8;28;1330;1;1;1;1;3;390;;M;0;0;10
201500004428;15;9;15;2030;3;1;2;1;3;390;;M;0;0;10
201500004429;15;10;6;1700;1;1;1;1;5;99;;M;0;0;10
201500004430;15;10;9;715;2;1;1;1;6;224;;M;0;0;10
201500004431;15;10;30;1545;1;1;1;1;1;390;;M;0;0;10
201500004432;15;11;2;1815;3;1;1;1;5;99;;M;0;0;10
201500004433;15;11;23;1145;1;2;1;1;3;202;route du port;M;0;0;10
201500004434;15;11;26;945;1;1;2;1;3;99;;M;4589200;529600;10
201500004435;15;12;9;1730;3;1;1;1;1;202;;M;0;0;10
201500004436;15;12;28;215;5;2;1;1;6;202;rue de montverd;M;0;0;10
201500004437;15;3;10;2015;5;2;1;1;3;148;30 rue du Col RomanPetit;M;0;0;10
201500004438;15;3;16;1300;1;2;1;1;6;265;;M;4617422;557840;10
201500004439;15;3;28;1745;1;2;1;2;6;392;D18;M;0;0;10
201500004440;15;6;14;1415;1;2;1;2;3;269;d 1084;M;0;0;10
201500004441;15;6;26;2000;1;1;1;1;3;269;;M;0;0;10
201500004442;15;9;7;1800;1;1;1;1;1;152;;M;0;0;10
201500004443;15;9;15;1345;1;1;1;1;1;152;;M;0;0;10
201500004444;15;12;18;1430;1;1;1;1;1;392;;M;0;0;10
201500004445;15;2;12;1630;1;2;2;1;6;33;RUE LAMARTINE;M;4610864;582706;10
201500004446;15;9;21;1745;1;2;1;1;3;357;lieu dit la Voute;M;0;0;10
201500004447;15;11;16;1700;2;1;1;1;7;91;;M;0;0;10
201500004448;15;5;29;1045;1;1;9;1;2;153;;M;0;0;10
201500004449;15;8;16;1930;1;1;1;8;5;103;;M;0;0;10
201500004450;15;9;11;1045;1;2;7;1;6;143;111 avenue de genиve;M;4635449;613901;10
201500004451;15;10;1;1000;1;1;1;1;2;143;;M;0;0;10
201500004452;15;11;27;1400;1;2;1;1;3;143;;M;4634931;613062;10
201500004453;15;12;5;1745;3;2;1;5;1;71;RD 1005;M;0;0;10
201500004454;15;8;12;1445;1;1;1;1;7;247;;M;0;0;10
201500004455;15;8;30;1030;1;1;1;1;7;247;;M;0;0;10
201500004456;15;1;15;345;3;1;1;1;6;313;;M;4627623;607032;10
201500004457;15;4;11;1045;1;2;1;1;6;313;;M;0;0;10
201500004458;15;4;18;1810;1;1;1;1;6;313;;M;4625390;605537;10
201500004459;15;4;28;1715;1;2;1;1;6;160;rue de Genиve;M;0;0;10
201500004460;15;5;20;1730;1;1;3;1;4;281;;M;4627949;609148;10
201500004461;15;8;3;1215;1;1;1;1;3;435;;M;0;0;10
201500004462;15;9;9;1215;1;2;1;1;6;313;80 route Bellevue;M;4625651;607701;10
201500004463;15;9;29;1430;1;2;1;1;3;313;Route du nant;M;0;0;10
201500004464;15;10;6;1645;1;2;9;2;3;160;;M;0;0;10
201500004465;15;10;27;830;1;2;1;1;3;160;D1005;M;0;0;10
201500004466;15;10;30;1830;5;2;1;1;6;281;La fruitiиre D 1005;M;0;0;10
201500004467;15;1;3;730;2;1;1;5;6;347;;M;4594838;479745;10
201500004468;15;5;4;1715;1;1;1;1;6;427;;M;0;0;10
201500004469;15;5;12;800;1;2;1;1;6;427;88 AVENUE DU FORMANS;M;4595177;475545;10
201500004470;15;6;4;845;1;2;1;7;6;194;RUE DU BEAUJOLAIS;M;0;0;10
201500004471;15;10;1;1000;1;2;9;1;6;427;parking  275 rte de lyon;M;0;0;10
201500004472;15;10;5;1515;1;1;1;1;1;285;;M;0;0;10
201500004473;15;11;5;1615;1;2;1;1;1;427;PONT CHARLES DE GAULLE;M;0;0;10
201500004474;15;11;21;1600;1;1;1;1;3;250;;M;0;0;10
201500004475;15;11;24;1200;1;2;1;1;3;250;grande rue;M;0;0;10
201500004476;15;3;15;845;1;1;1;1;6;359;;M;0;0;10
201500004477;15;4;4;1030;1;1;1;2;6;92;;M;0;0;10
201500004478;15;4;19;830;1;1;1;1;1;74;;M;0;0;10
201500004479;15;10;31;815;2;1;2;1;3;359;;M;0;0;10
201500004480;15;2;20;1445;1;2;2;1;1;328;route de Villars,;M;4612167;502469;10
201500004481;15;4;7;1515;1;1;1;1;1;93;;M;0;0;10
201500004482;15;4;14;1000;1;2;1;7;6;93;49 rue gambetta;M;0;0;10
201500004483;15;5;22;1500;1;1;1;7;1;96;;M;0;0;10
201500004484;15;5;23;1700;1;1;1;1;7;328;;M;4611889;500904;10
201500004485;15;6;11;215;3;1;1;1;6;93;;M;0;0;10
201500004486;15;6;19;1330;1;1;1;1;3;93;;M;0;0;10
201500004487;15;7;8;2000;1;2;4;1;3;246;route de l'effondras;M;0;0;10
201500004488;15;8;10;1000;1;2;1;2;6;457;141 RUE CLAUDE MOREL;M;4621956;499052;10
201500004489;15;10;10;1500;1;1;1;1;3;146;;M;0;0;10
201500004490;15;11;18;1530;1;1;1;1;7;93;"Gros Jean ""Collet""";M;4613723;495623;10
201500004491;15;12;5;1015;1;1;1;5;1;93;;M;0;0;10
201500004492;15;1;3;700;5;1;1;5;7;450;;M;0;0;10
201500004493;15;2;14;715;2;1;1;1;7;290;;M;0;0;10
201500004494;15;2;27;1015;1;2;1;2;6;244;avenue docteur berthier;M;0;0;10
201500004495;15;3;5;1830;1;1;1;1;5;290;;M;0;0;10
201500004496;15;3;25;1100;1;1;1;2;3;325;;M;0;0;10
201500004497;15;4;7;1945;1;1;1;1;2;88;;M;0;0;10
201500004498;15;6;11;1745;1;2;1;1;5;244;RN 84;M;0;0;10
201500004499;15;8;16;2030;2;1;1;1;2;290;;M;0;0;10
201500004500;15;10;1;1645;1;1;1;1;1;88;;M;0;0;10
201500004501;15;11;6;1645;1;1;1;1;1;156;;M;0;0;10
201500004502;15;11;15;2300;5;2;1;1;1;290;rue de rapan;M;0;0;10