num_acc;an;mois;jour;hrmn;lum;agg;int;atm;col;com;adr;gps;lat;long;dep
201500004503;15;1;11;2115;5;2;1;1;2;275;151 Route de Genиve;M;4581012;492496;10
201500004504;15;1;17;1815;5;2;3;1;3;43;avenue de la gare;M;4583385;500650;10
201500004505;15;2;19;1740;1;2;1;1;3;376;route geneve;M;4582817;497362;10
201500004506;15;6;3;900;1;2;1;1;1;249;Carrefour du Four а Chau;M;0;0;10
201500004507;15;6;5;500;2;2;1;1;6;275;42 grande rue;M;0;0;10
201500004508;15;8;7;2115;2;1;1;2;1;249;route de tramoyes;M;0;0;10
201500004509;15;8;20;1915;1;2;1;1;7;249;Montйe Neuve;M;0;0;10
201500004510;15;9;29;1745;1;2;1;1;6;249;898 grande rue;M;0;0;10
201500004511;15;10;17;1630;1;1;1;1;6;249;;M;0;0;10
201500004512;15;10;31;1700;1;2;3;1;3;249;Route de la Dombes;M;0;0;10
201500004513;15;4;14;1930;1;1;2;1;3;262;Carf RD2-RD4;M;0;0;10
201500004514;15;4;24;2015;5;2;1;1;5;49;2228 route de lyon rd108;M;0;0;10
201500004515;15;4;17;1330;1;1;1;1;6;333;;M;0;0;10
201500004516;15;6;29;815;1;1;1;1;3;105;;M;0;0;10
201500004517;15;7;1;1945;1;1;1;1;1;333;;M;0;0;10
201500004518;15;7;27;415;5;1;1;1;6;333;;M;0;0;10
201500004519;15;7;28;1745;1;2;1;1;2;333;D1083;M;0;0;10
201500004520;15;8;1;2315;3;1;1;1;6;198;;M;0;0;10
201500004521;15;8;30;145;3;1;1;1;6;261;;M;0;0;10
201500004522;15;9;17;1215;1;1;1;3;6;5;;M;0;0;10
201500004523;15;2;11;715;1;1;1;5;1;258;;M;4608361;479793;10
201500004524;15;2;23;2130;3;1;1;8;6;389;;M;4609054;491938;10
201500004525;15;5;16;1300;1;1;2;1;3;258;"""Les sept chemins""";M;0;0;10
201500004526;15;5;24;1515;1;1;1;1;3;252;;M;0;0;10
201500004527;15;5;30;1915;1;1;1;1;5;165;;M;0;0;10
201500004528;15;8;14;1100;1;1;1;1;7;258;;M;0;0;10
201500004529;15;8;28;1400;1;1;1;1;3;389;;M;0;0;10
201500004530;15;9;5;2015;5;2;1;1;6;351;24 route de valeins;M;0;0;10
201500004531;15;10;27;1830;5;2;1;3;3;263;2120 route de Macon;M;0;0;10
201500004532;15;11;17;2245;3;1;1;9;6;225;;M;0;0;10
201500004533;15;11;27;1315;1;1;2;1;3;167;;M;0;0;10
201500004534;15;1;26;1715;2;1;1;1;1;289;;M;0;0;70
201500004535;15;2;2;830;1;1;1;1;3;230;;M;0;0;70
201500004536;15;3;4;830;2;1;1;1;6;343;;M;0;0;70
201500004537;15;3;13;915;1;1;6;1;1;289;;M;0;0;70
201500004538;15;5;14;1030;1;1;1;1;1;139;;M;4477500;433900;70
201500004539;15;11;21;130;3;1;1;1;6;122;;M;4454200;435400;70
201500004540;15;1;9;1600;1;1;1;1;2;191;;M;0;0;70
201500004541;15;1;18;1145;1;1;9;1;5;264;;M;0;0;70
201500004542;15;4;11;1715;1;2;1;1;3;264;intersection RD86-RD201;M;0;0;70
201500004543;15;7;30;1245;1;1;1;1;3;264;;M;0;0;70
201500004544;15;8;22;1300;1;1;1;1;2;259;;M;0;0;70
201500004545;15;8;20;1715;1;1;1;1;2;264;;M;0;0;70
201500004546;15;1;4;1700;1;1;1;1;7;167;;M;0;0;70
201500004547;15;4;9;1630;1;1;1;1;1;278;;M;0;0;70
201500004548;15;5;10;1245;1;2;9;1;7;96;pont de moulinas;M;0;0;70
201500004549;15;8;28;215;3;2;1;1;7;167;chemin du CFD;M;0;0;70
201500004550;15;9;12;1030;1;2;1;2;6;295;Route du collиge;M;0;0;70
201500004551;15;8;14;1900;1;1;1;7;6;20;;M;0;0;70
201500004552;15;9;9;1415;1;1;1;1;1;319;;M;0;0;70
201500004553;15;1;2;1000;1;1;1;1;6;242;;M;0;0;70
201500004554;15;4;11;2245;3;1;1;1;1;241;;M;0;0;70
201500004555;15;12;27;1345;1;1;1;8;1;287;;M;0;0;70
201500004556;15;2;7;1900;3;1;1;1;6;237;;M;0;0;70
201500004557;15;5;27;1730;1;1;3;1;3;194;;M;0;0;70
201500004558;15;6;18;1630;1;1;1;1;1;349;;M;4480500;478600;70
201500004559;15;6;20;700;1;1;1;1;1;260;;M;0;0;70
201500004560;15;6;24;1030;1;1;1;1;5;22;;M;0;0;70
201500004561;15;8;19;1800;1;1;3;1;3;240;;M;0;0;70
201500004562;15;8;21;1415;1;1;1;1;6;22;;M;4469300;477200;70
201500004563;15;9;5;1815;1;1;1;1;6;255;;M;0;0;70
201500004564;15;9;17;1730;1;2;6;1;6;181;RUE MARCEL NICOLAS;M;0;0;70
201500004565;15;10;4;345;5;2;1;2;6;27;Les Agrions, D86E;M;0;0;70
201500004566;15;10;9;1715;2;2;1;1;6;181;avenue Marcel Nicolas;M;4476000;474700;70
201500004567;15;11;7;915;1;2;1;7;6;349;rue Albert Camus;M;0;0;70
201500004568;15;11;25;1915;3;1;1;2;3;198;;M;0;0;70
201500004569;15;12;19;1745;3;1;1;1;1;181;;M;0;0;70
201500004570;15;4;24;200;3;1;1;1;7;171;;M;0;0;70
201500004571;15;8;9;430;3;2;1;1;1;117;Notre Dame de LABLACHERE;M;0;0;70
201500004572;15;7;6;1130;1;1;9;1;3;142;;M;0;0;70
201500004573;15;11;10;1345;1;1;1;1;6;322;;M;0;0;70
201500004574;15;11;10;945;1;2;1;7;6;127;avenue de la gare;M;0;0;70
201500004575;15;11;17;1000;1;2;1;1;6;161;rue de Pourcheyrolles;M;0;0;70
201500004576;15;11;25;1545;1;1;1;2;6;322;;M;0;0;70
201500004577;15;5;24;400;3;1;1;1;6;127;;M;0;0;70
201500004578;15;1;19;530;3;1;1;8;6;61;;M;0;0;70
201500004579;15;6;16;1615;1;1;1;1;3;201;;M;0;0;70
201500004580;15;7;19;1115;1;2;1;1;1;291;;M;0;0;70
201500004581;15;8;5;945;1;1;1;1;7;330;;M;0;0;70
201500004582;15;8;11;130;3;1;1;1;6;304;;M;0;0;70
201500004583;15;5;23;1345;1;1;1;1;3;31;;M;0;0;70
201500004584;15;7;2;1415;1;1;1;1;3;28;;M;0;0;70
201500004585;15;7;9;1615;3;1;1;1;6;31;;M;0;0;70
201500004586;15;1;5;1330;1;2;1;1;2;97;LA VINSONNE;M;0;0;70
201500004587;15;1;17;1200;1;2;7;1;7;324;place rampon;M;0;0;70
201500004588;15;1;25;1915;3;1;1;1;6;152;;M;0;0;70
201500004589;15;3;8;1530;1;1;9;1;4;40;;M;0;0;70
201500004590;15;3;8;1715;1;1;1;1;7;169;;M;0;0;70
201500004591;15;10;2;1915;2;1;1;2;3;217;;M;0;0;70
201500004592;15;3;18;1500;1;1;1;1;6;56;;M;0;0;70
201500004593;15;6;27;930;1;2;1;1;4;78;route de Lyon;M;0;0;70
201500004594;15;8;22;2115;5;2;1;1;3;10;rue auguste bravais;M;0;0;70
201500004595;15;10;27;1315;1;1;1;1;6;228;;M;0;0;70
201500004596;15;12;16;1845;3;2;1;1;6;78;ROUTE DES ALPES;M;0;0;70
201500004597;15;12;27;530;3;1;1;5;6;313;;M;0;0;70
201500004598;15;3;16;1700;1;1;1;1;2;12;;M;0;0;70
201500004599;15;7;3;2030;2;2;1;1;6;1;lieu dit BROLLES;M;0;0;70
201500004600;15;7;10;1730;1;1;1;1;3;222;;M;0;0;70
201500004601;15;9;27;1145;1;1;1;1;7;215;;M;0;0;70
201500004602;15;10;6;1045;1;1;1;2;6;64;;M;0;0;70
201500004603;15;11;15;1900;5;2;1;1;6;1;Lieu-dit BROLLES;M;0;0;70
201500004604;15;12;22;1145;1;1;1;1;1;212;;M;0;0;70
201500004605;15;11;10;1800;3;2;1;1;6;338;allйe de prat;M;0;0;70
201500004606;15;1;6;1615;2;1;1;1;1;236;;M;0;0;70
201500004607;15;1;23;715;3;1;1;2;6;188;;M;0;0;70
201500004608;15;2;24;1900;5;2;1;1;6;108;AV DES TROIS BECS;M;0;0;260
201500004609;15;3;31;1415;1;2;1;1;3;35;LE VILLAGE;M;0;0;260
201500004610;15;4;9;1630;1;1;3;1;1;20;LE CHATELARD;M;0;0;260
201500004611;15;4;11;1130;1;2;7;1;6;108;GYMNASE ESPACE SOUBEYRAN;M;4472410;502380;260
201500004612;15;4;10;1715;1;2;1;1;3;108;BD CHARLES   ARMORIN;M;0;0;260
201500004613;15;5;8;2030;2;1;1;1;1;125;CALENDRE SUD;M;0;0;260
201500004614;15;5;14;2345;3;1;3;2;3;20;PANPARI;M;0;0;260
201500004615;15;8;2;1745;1;1;1;1;1;108;LES BLACHES;M;0;0;260
201500004616;15;8;24;1600;1;1;1;2;3;166;LES FIERRES;M;0;0;260
201500004617;15;8;1;1000;1;1;1;1;2;113;CHARMAGE ET ST LAURENT;M;0;0;260
201500004618;15;3;1;1345;1;1;1;2;6;290;LES BERARDS;M;0;0;260
201500004619;15;9;6;1700;1;1;1;1;6;364;COL DE PRONCEL;M;0;0;260
201500004620;15;5;14;1215;1;1;1;1;7;40;RD 93;M;0;0;260
201500004621;15;3;19;2045;3;1;1;1;6;220;ROUTE DE MONTELIMAR;M;0;0;260
201500004622;15;8;11;1715;1;1;1;1;6;220;EOUPE;M;0;0;260
201500004623;15;11;3;1755;1;2;1;1;6;691;;M;4983726;330431;20
201500004624;15;11;24;1100;1;2;1;3;2;691;;M;4984701;327051;20
201500004625;15;12;11;1845;5;2;1;2;6;691;102 av ch de gaulle;M;4984543;330040;20
201500004626;15;1;29;355;5;2;1;1;3;691;PLACE DUFOUR DENELLE;M;4984414;327778;20
201500004627;15;2;5;945;1;2;1;1;6;691;42 - 44, KENNEDY (RUE DU;M;4985302;328326;20
201500004628;15;3;22;1630;1;2;3;1;3;691;chemin de la tombelle;M;4983893;326385;20
201500004629;15;3;30;1435;1;2;2;1;6;691;32, RICHELIEU (BD);M;4985188;328451;20
201500004630;15;4;2;945;1;2;1;2;6;691;127, LECLERC (RUE DU GL);M;4983812;330270;20
201500004631;15;6;10;1435;1;2;5;1;2;691;17 bd victor hugo;M;4984343;327899;20
201500004632;15;9;20;708;2;2;1;1;6;691;;M;4984787;326649;20
201500004633;15;11;6;556;3;1;3;2;6;691;;M;4984283;333725;20
201500004634;15;11;10;1705;1;2;1;1;6;691;;M;4983544;331942;20
201500004635;15;9;18;1715;1;2;1;2;6;691;88, POMPIDOU DE 1 A 111;M;4985624;328893;20
201500004636;15;8;19;1945;1;1;1;1;3;329;LA TRAVERSE;M;0;0;260
201500004637;15;11;12;1800;3;1;1;1;3;63;PLAINE DE COST;M;0;0;260
201500004638;15;2;2;1445;1;1;1;1;6;369;BOURROUX;M;0;0;260
201500004639;15;4;6;1115;1;1;1;1;3;162;ROUTE DE HAUTERIVES;M;0;0;260
201500004640;15;1;29;600;3;2;1;8;1;311;ROUTE DE LARPS;M;0;0;260
201500004641;15;7;4;1430;1;1;1;1;6;320;CAMPAVERT;M;0;0;260
201500004642;15;11;21;1315;1;1;1;4;7;311;LES CHAUX DE CHOLET;M;0;0;260
201500004643;15;3;24;1630;1;2;1;1;7;10;RUE DU BUIS;M;4527160;489470;260
201500004644;15;12;7;1045;1;1;1;5;5;405;;M;0;0;380
201500004645;15;12;18;1645;2;1;1;1;2;381;;M;0;0;380
201500004646;15;2;8;1200;1;1;1;1;6;243;5, BRAYE (RUE DE );M;4940754;336271;20
201500004647;15;2;14;1355;1;2;3;2;3;722;PRESLES ( BOULEVARD;M;4937355;330707;20
201500004648;15;2;7;1050;1;2;2;1;3;722;19, PARADIS ( RUE DU);M;4938250;331016;20
201500004649;15;1;16;2130;5;2;1;2;5;722;17, PRESLES ( BOULEVARD;M;4937501;330854;20
201500004650;15;2;28;2221;5;2;2;1;3;722;16, COMMERCE ( RUE DU );M;4938215;332783;20
201500004651;15;3;19;1215;1;2;2;8;3;722;40, PASLY ( AVENUE DE );M;4938499;331113;20
201500004652;15;6;20;1130;1;1;1;1;5;243;ROUTE NATIONALE 2;M;0;0;20
201500004653;15;6;20;2345;5;2;1;2;6;64;77, JACQUIN ( RUE );M;4935723;332672;20
201500004654;15;7;22;944;1;2;3;1;5;722;;M;4938191;332100;20
201500004655;15;8;20;1630;1;2;9;1;1;722;2, TOUR DE VILLE (BOULEV;M;4937052;332504;20
201500004656;15;7;26;2250;1;2;1;1;6;722;19, PRESLES ( ROUTE DE );M;4936839;330482;20
201500004657;15;9;12;1600;1;1;1;3;3;243;ROUTE NATIONALE 2;M;0;0;20
201500004658;15;9;24;1005;1;2;1;7;3;722;;M;4937554;333045;20
201500004659;15;9;23;1845;1;2;3;7;6;722;;M;4938065;332711;20
201500004660;15;10;10;1538;1;2;1;1;6;722;12 rue st christophe;M;4938207;332337;20
201500004661;15;12;8;1810;4;2;1;3;6;722;pont du mail;M;4938435;332996;20
201500004662;15;12;11;1345;1;2;2;2;5;722;47, PARIS ( AVENUE DE);M;4937711;331578;20
201500004663;15;1;27;1200;1;1;1;2;1;422;;M;4516500;584900;380
201500004664;15;3;10;1500;1;2;1;1;6;547;4 avenue aristide berg?s;M;4523500;589600;380
201500004665;15;5;12;1915;1;2;1;1;3;175;;M;4527300;592000;380
201500004666;15;7;23;930;1;2;1;1;3;538;5 place de la libertй;M;0;0;380
201500004667;15;12;5;1415;1;2;1;1;3;175;;M;0;0;380
201500004668;15;12;27;600;5;2;1;1;6;271;CD 523;M;4519700;582000;380
201500004669;15;9;16;1645;1;2;1;1;7;158;rue du chateau;M;0;0;380
201500004670;15;9;21;1500;1;2;6;1;3;158;Rond-point Jean MONNET;M;0;0;380
201500004671;15;4;4;1515;1;1;1;2;3;317;;M;4512339;569437;380
201500004672;15;7;1;1915;1;2;1;1;3;317;02 avenue Victor Hugo;M;4513661;569755;380
201500004673;15;7;2;1700;1;2;1;1;6;317;Allйe Jean cocteau;M;4513318;569973;380
201500004674;15;7;19;415;5;2;1;1;6;317;58 cours Saint Andrй;M;4513063;569972;380
201500004675;15;11;13;1800;5;1;8;1;6;111;;M;0;0;380
201500004676;15;1;10;1515;1;1;1;7;6;6;;M;4539265;610238;380
201500004677;15;1;21;1345;1;2;1;1;6;314;Avenue J-F champollion;M;4542341;600456;380
201500004678;15;1;24;1530;1;1;1;4;3;439;Le Guillon;M;4535344;603264;380
201500004679;15;6;8;1215;1;1;1;1;1;27;;M;0;0;380
201500004680;15;7;17;1845;1;1;1;1;7;78;le revit;M;4543169;610328;380
201500004681;15;9;22;1745;1;1;4;1;5;314;;M;4541909;601259;380
201500004682;15;11;4;600;5;2;1;1;3;314;935, avenue Champollion;M;4542686;600470;380
201500004683;15;12;20;1300;1;2;1;1;1;6;boulevard jules ferry;M;0;0;380
201500004684;15;3;18;1230;1;2;1;1;6;382;rue des moutonnees;M;4522364;568262;380
201500004685;15;8;5;1745;1;2;1;1;6;382;PONT BARRAGE;M;0;0;380
201500004686;15;6;20;845;1;1;1;1;3;405;;M;0;0;380
201500004687;15;10;17;330;3;1;1;8;6;405;;M;4536897;568667;380
201500004688;15;2;5;1515;1;1;1;4;1;540;;M;0;0;380
201500004689;15;4;11;915;1;1;1;7;7;540;;M;4526083;562537;380
201500004690;15;4;20;815;1;1;1;1;4;540;;M;4529200;561515;380
201500004691;15;6;6;1630;1;1;9;1;6;474;;M;0;0;380
201500004692;15;7;14;1100;1;1;1;1;3;153;;M;4519330;552569;380
201500004693;15;7;15;845;1;2;1;1;2;474;avenue de Valence;M;4520711;566264;380
201500004694;15;7;30;630;1;2;1;1;3;474;5 avenue de romans;M;0;0;380
201500004695;15;8;28;1045;1;2;6;1;2;474;Place Jean Prйvost;M;4521325;566144;380
201500004696;15;9;14;930;1;1;1;1;6;281;;M;0;0;380
201500004697;15;9;10;1115;1;2;1;1;7;474;18 AVENUE DE ROMANS;M;4520111;566832;380
201500004698;15;10;1;800;1;1;1;1;3;281;;M;4524953;563176;380
201500004699;15;10;4;300;3;1;6;2;7;281;;M;4523091;564729;380
201500004700;15;11;1;1645;1;1;1;1;6;153;;M;0;0;380
201500004701;15;11;20;1700;5;2;2;2;6;474;Avenue de Valence;M;4520871;566246;380
201500004702;15;1;10;1200;1;1;1;1;3;511;;M;0;0;380
201500004703;15;6;5;430;3;1;1;1;6;2;les Chкnes;M;4527032;595194;380
201500004704;15;12;12;1445;1;1;9;1;2;511;;M;0;0;380
201500004705;15;4;18;1045;1;1;1;1;1;436;;M;0;0;380
201500004706;15;4;23;1700;1;1;1;1;6;187;;M;4499630;560140;380
201500004707;15;5;15;1445;1;1;1;3;1;545;;M;0;0;380
201500004708;15;7;27;1630;1;2;1;1;4;545;boulevard faidherbe;M;4506393;566986;380
201500004709;15;8;3;1745;1;1;1;1;4;545;;M;0;0;380
201500004710;15;8;9;1530;1;2;1;8;7;524;route des clapiers;M;0;0;380
201500004711;15;8;21;1345;1;1;1;1;3;187;rte du gerbier;M;4501137;561828;380
201500004712;15;8;22;1945;1;2;1;1;3;545;3 rue du repos;M;0;0;380
201500004713;15;11;9;830;1;2;1;1;3;524;rue industrie;M;0;0;380
201500004714;15;3;16;115;5;2;1;8;6;548;Lieu dit les geymonds;M;0;0;380
201500004715;15;4;10;1715;1;1;1;1;6;205;;M;0;0;380
201500004716;15;6;7;315;3;1;1;1;6;225;;M;0;0;380
201500004717;15;7;12;1400;1;1;1;1;1;548;;M;0;0;380
201500004718;15;8;6;1130;1;1;1;1;1;548;;M;4507325;554036;380
201500004719;15;10;25;645;3;1;1;1;7;548;;M;0;0;380
201500004720;15;3;3;1600;1;2;6;2;3;738;GRANDE ARMEE;M;4966137;328803;20
201500004721;15;3;27;1655;1;1;1;1;3;212;AULNES(RUE DES);M;4963932;327309;20
201500004722;15;4;7;1540;1;2;1;1;7;304;rue MARECHAL JUIN;M;4966376;336638;20
201500004723;15;5;2;2235;5;2;1;2;6;738;22, LOUIS ARAGON;M;4967596;329774;20
201500004724;15;4;11;1925;1;2;1;1;6;738;133, GUSTAVE GREGOIRE (B;M;4965628;330119;20
201500004725;15;5;30;1540;1;2;1;1;6;738;47, 4 FILS PAUL DOUMER;M;4965599;329131;20
201500004726;15;4;22;1317;1;2;1;1;6;738;193, GAMBETTA (BOULEVARD;M;4965132;328298;20
201500004727;15;6;13;1710;1;1;1;1;5;165;D 1044;;;;20
201500004728;15;6;25;1630;1;2;2;1;2;738;24, RAYMOND POINCARE;M;4965554;331451;20
201500004729;15;6;17;710;1;2;2;7;6;738;01, RACINE;M;4965321;328965;20
201500004730;15;7;11;740;1;1;2;7;3;738;;M;0;0;20
201500004731;15;9;10;810;1;1;1;1;4;738;;M;0;0;20
201500004732;15;9;28;1620;1;1;1;1;6;165;;;;;20
201500004733;15;10;24;1500;1;1;2;1;3;59;;;;;20
201500004734;15;12;4;1025;1;2;1;8;7;304;;M;4966131;337261;20
201500004735;15;12;18;1145;1;2;1;1;6;59;2 allee des roses;M;4965930;333194;20
201500004736;15;12;20;1528;1;2;1;1;4;738;GAMBETTA (BOULEVARD);M;4965404;329296;20
201500004737;15;2;19;1600;1;2;1;1;6;565;122 Av Andre Malraux;M;4528610;564130;380
201500004738;15;2;27;1715;5;2;2;2;1;170;rd1075;M;4524852;566637;380
201500004739;15;3;19;1200;1;1;3;1;3;565;;M;0;0;380
201500004740;15;4;24;1915;1;2;6;1;3;565;Avenue Juin 1940;M;0;0;380
201500004741;15;5;24;1800;1;1;1;1;1;61;;M;0;0;380
201500004742;15;6;2;1745;1;1;1;1;2;61;;M;4532723;561048;380
201500004743;15;7;7;1700;1;1;1;1;4;565;rte de l'isere;M;4528662;562402;380
201500004744;15;11;20;1000;1;1;1;2;7;565;berge de l'Isere;M;4528808;561893;380
201500004745;15;12;13;1630;1;1;1;1;7;312;;M;4533422;565916;380
201500004746;15;12;20;1900;1;1;1;1;6;312;;M;4533619;565956;380
201500004747;15;5;14;100;3;1;1;1;6;518;;M;0;0;380
201500004748;15;8;14;1000;1;2;4;1;2;269;Rue du Docteur TAGNARD;M;4491396;579969;380
201500004749;15;10;27;1330;1;2;1;1;3;304;la festiniиre;M;0;0;380
201500004750;15;2;18;945;1;1;1;5;1;186;;M;4490597;557011;380
201500004751;15;5;1;500;3;1;2;3;6;321;;M;4476600;566000;380
201500004752;15;6;13;1730;1;2;1;1;3;242;01 grandrue;M;0;0;380
201500004753;15;6;18;1400;1;1;1;1;3;103;;M;4476145;560122;380
201500004754;15;8;2;1400;1;1;1;1;6;419;;M;4484947;562008;380
201500004755;15;1;7;1930;3;1;9;1;1;277;;M;0;0;380
201500004756;15;3;6;1930;3;1;1;1;1;68;;M;4509135;572435;380
201500004757;15;4;30;1930;1;1;1;1;3;388;;M;0;0;380
201500004758;15;5;31;1;5;2;1;1;1;562;RD 1091;M;4505629;577267;380
201500004759;15;6;1;1245;1;1;1;1;3;200;;M;0;0;380
201500004760;15;6;24;745;1;2;1;1;6;364;lieu dit LES RUINES;M;4504494;582541;380
201500004761;15;8;1;1645;1;1;1;1;1;203;;M;0;0;380
201500004762;15;9;20;2200;1;1;1;1;6;562;;M;4504989;578458;380
201500004763;15;12;10;1145;1;2;3;1;3;200;Passage а niveau;M;4508376;574279;380
201500004764;15;5;24;1515;1;2;1;1;1;394;Int D21 - ch des Pensйes;M;0;0;380
201500004765;15;5;30;115;5;2;3;1;3;410;CROISEMENT RD1092  RD325;M;0;0;380
201500004766;15;10;12;1600;1;1;1;3;1;454;;M;0;0;380
201500004767;15;11;11;700;2;1;1;1;1;95;;M;4513709;527183;380
201500004768;15;12;28;545;3;1;1;9;1;443;;M;0;0;380
201500004769;15;3;3;1500;1;1;1;1;3;58;;M;0;0;380
201500004770;15;3;23;1515;1;2;1;1;6;387;RD 518 hameau de Cours;M;0;0;380
201500004771;15;3;24;1500;1;1;1;1;6;457;;M;0;0;380
201500004772;15;4;14;730;1;1;2;1;3;171;;M;0;0;380
201500004773;15;6;5;1;3;1;1;1;7;490;;M;0;0;380
201500004774;15;6;19;1645;1;2;1;1;1;457;396 rue du lombard;M;4533263;526382;380
201500004775;15;9;5;1845;1;2;1;1;6;56;D71H;M;0;0;380
201500004776;15;1;13;1400;1;1;1;7;1;74;;M;0;0;380
201500004777;15;5;11;1630;1;1;2;1;3;559;;M;0;0;380
201500004778;15;5;12;730;1;2;1;1;6;517;15 route de grenoble;M;4530921;549652;380
201500004779;15;5;30;1415;1;1;1;1;6;338;;M;0;0;380
201500004780;15;5;29;1845;1;1;1;1;6;523;;M;0;0;380
201500004781;15;5;31;1700;1;2;1;1;3;559;RD 1092;M;0;0;380
201500004782;15;6;16;1415;1;1;1;2;3;500;;M;0;0;380
201500004783;15;7;5;1615;1;1;1;1;6;450;;M;4524834;551530;380
201500004784;15;7;14;1815;1;1;1;1;4;338;;M;4521677;549080;380
201500004785;15;7;24;815;1;1;1;1;1;117;;M;0;0;380
201500004786;15;8;14;1600;1;1;3;1;1;559;inter av de la gare;M;4520845;541320;380
201500004787;15;10;14;1430;1;2;3;1;7;559;rue Auguste Favot;M;4521004;540181;380
201500004788;15;10;25;2215;3;1;1;1;6;450;;M;4529031;557166;380
201500004789;15;10;27;45;3;1;1;1;7;310;;M;0;0;380
201500004790;15;11;8;1715;1;2;1;1;3;390;rue de la minoiterie;M;0;0;380
201500004791;15;1;19;2045;3;1;1;3;1;348;;M;0;0;380
201500004792;15;3;7;1430;1;1;1;1;1;498;;M;0;0;380
201500004793;15;6;9;2200;3;1;1;1;7;374;;M;0;0;380
201500004794;15;7;16;1915;1;1;1;1;1;374;;M;0;0;380
201500004795;15;8;28;1430;1;1;1;1;7;348;;M;0;0;380
201500004796;15;8;30;1700;1;1;1;1;1;348;;M;0;0;380
201500004797;15;10;24;1745;2;1;1;1;1;276;;M;0;0;380
201500004798;15;11;29;430;5;2;1;2;6;276;rd1085;M;0;0;380
201500004799;15;12;13;500;5;2;1;1;6;24;393 rd 1085;M;0;0;380
201500004800;15;4;19;1400;1;2;1;2;6;488;Route des bourgs;M;4573303;531525;380
201500004801;15;9;18;1530;1;2;1;1;6;138;COURS BARON DE RAVERAT;M;0;0;380
201500004802;15;10;27;1830;5;2;6;2;3;138;D517 route de lyon;M;0;0;380
201500004803;15;11;14;300;3;2;1;1;6;138;route d'Annoisin;M;4573200;526700;380
201500004804;15;12;9;1615;1;2;9;7;6;138;Chemin de l'ancienne Gar;M;4572600;523800;380
201500004805;15;1;15;1715;2;2;1;1;3;118;1598 Route du Tram;M;0;0;380
201500004806;15;2;11;945;1;1;1;1;1;46;;M;0;0;380
201500004807;15;4;14;1600;1;2;1;1;5;305;;M;0;0;380
201500004808;15;5;14;2245;3;2;1;3;7;520;;M;0;0;380
201500004809;15;6;12;1630;1;1;1;2;5;13;le Rivier;M;4538404;549741;380
201500004810;15;6;28;1845;1;1;1;1;3;434;;M;0;0;380
201500004811;15;7;11;1845;1;1;1;1;1;257;;M;0;0;380
201500004812;15;7;12;1845;1;1;1;1;1;65;;M;0;0;380
201500004813;15;7;26;2215;3;1;1;1;6;44;;M;0;0;380
201500004814;15;10;26;1715;1;2;1;1;7;82;Route de Vers Ars;M;4543895;551488;380
201500004815;15;12;24;1345;1;1;1;1;6;13;Bonpertuis;M;4539649;553206;380
201500004816;15;4;9;1815;1;1;1;1;1;320;;M;0;0;380
201500004817;15;5;10;1815;1;1;4;1;5;54;inter D1075/D52H;M;4579490;540302;380
201500004818;15;6;5;645;1;1;2;1;3;83;;M;0;0;380
201500004819;15;6;25;1445;1;1;1;1;3;320;;M;0;0;380
201500004820;15;7;12;1345;1;1;1;1;1;26;;M;4584014;532863;380
201500004821;15;8;11;1530;1;1;1;1;1;135;;M;0;0;380
201500004822;15;12;22;1830;3;1;1;1;3;295;;M;0;0;380
201500004823;15;1;24;1730;2;1;1;4;1;1;;M;0;0;380
201500004824;15;4;5;430;3;1;1;1;6;357;;M;4554673;551534;380
201500004825;15;4;11;1530;1;1;1;1;7;228;;M;0;0;380
201500004826;15;4;11;1630;1;1;1;1;3;292;;M;0;0;380
201500004827;15;7;12;1415;1;1;1;1;6;104;;M;4558086;556958;380
201500004828;15;7;23;800;1;1;1;1;3;343;;M;0;0;380
201500004829;15;7;23;1815;1;1;1;7;3;315;;M;0;0;380
201500004830;15;8;17;2130;5;2;1;1;2;343;rte de pt de beauvoisin;M;0;0;380
201500004831;15;10;27;1930;3;1;1;1;5;386;;M;0;0;380
201500004832;15;12;18;1045;1;2;1;7;6;1;20, rue Jean Jaures;M;0;0;380
201500004833;15;12;28;1100;1;2;9;1;6;1;rue Gambetta;M;0;0;380
201500004834;15;12;23;1515;1;1;1;1;3;315;;M;0;0;380
201500004835;15;4;20;1830;1;2;3;1;1;509;RTE LAITIERE/RTE TAILLIS;M;0;0;380
201500004836;15;5;16;2045;1;1;1;1;6;509;;M;0;0;380
201500004837;15;6;6;645;2;1;1;1;4;76;;M;0;0;380
201500004838;15;7;23;1900;1;1;1;1;3;76;;M;0;0;380
201500004839;15;7;30;1500;1;1;1;1;7;76;;M;0;0;380
201500004840;15;10;31;945;5;2;1;1;6;64;13 route de lyon;M;0;0;380
201500004841;15;11;21;1130;1;2;1;2;1;64;rue de la gare;M;4556223;537727;380
201500004842;15;3;18;745;1;1;1;1;2;201;la maisonneuve;M;4733684;-153474;440
201500004843;15;3;26;930;1;1;1;2;1;201;route de casson;M;4736457;-154611;440
201500004844;15;7;18;1115;1;1;1;1;6;35;;M;4729300;-157053;440
201500004845;15;7;19;230;3;1;1;1;6;209;la bernadais;M;4731329;-164596;440