num_acc;an;mois;jour;hrmn;lum;agg;int;atm;col;com;adr;gps;lat;long;dep
201500004846;15;8;1;1915;1;1;1;1;3;66;;M;4735180;-160588;440
201500004847;15;9;22;745;2;1;1;2;3;66;;M;4735713;-160413;440
201500004848;15;9;23;900;1;1;1;1;1;209;;M;4733612;-167498;440
201500004849;15;10;31;1700;1;2;6;1;3;35;PLACE DE LA PAIX EN ALGE;M;4730060;-155242;440
201500004850;15;11;8;1030;1;1;3;1;3;209;la mйnardais;M;4730753;-161838;440
201500004851;15;10;6;1100;1;1;1;2;1;336;;M;0;0;380
201500004852;15;1;17;500;3;1;1;1;7;336;;M;0;0;380
201500004853;15;1;20;1800;3;1;2;2;3;238;inter D38;M;4550105;501126;380
201500004854;15;1;20;1330;1;1;1;2;6;336;;M;0;0;380
201500004855;15;10;7;915;1;1;1;1;1;110;;M;4555815;486898;380
201500004856;15;2;12;1915;5;2;1;1;3;336;773 RN7 Vaugris;M;4549009;482970;380
201500004857;15;3;23;1345;1;2;1;7;3;484;route du village;M;0;0;380
201500004858;15;4;7;2300;3;1;1;1;6;484;;M;0;0;380
201500004859;15;4;15;615;2;2;1;1;6;336;route nationale 7;M;0;0;380
201500004860;15;7;5;900;1;1;9;1;1;157;;M;4548901;494942;380
201500004861;15;10;11;1145;1;1;1;1;7;160;prй-civas;M;4549001;498491;380
201500004862;15;7;29;1530;1;2;1;1;3;336;ZI DU SALUAN;M;0;0;380
201500004863;15;2;14;2200;3;1;1;2;6;69;;M;4543975;529540;380
201500004864;15;2;20;1515;1;1;2;1;3;69;inter ch du contour;M;4543678;529602;380
201500004865;15;5;22;745;1;1;1;1;1;34;;M;0;0;380
201500004866;15;6;18;430;3;1;1;1;6;244;2850 rte du pilat;M;4543834;496043;380
201500004867;15;6;26;115;3;1;1;1;7;473;;M;0;0;380
201500004868;15;7;19;1830;1;1;3;1;7;324;inter ch des chenes;M;4540015;506428;380
201500004869;15;7;31;1000;1;1;1;1;1;34;;M;0;0;380
201500004870;15;8;16;1900;1;1;1;1;3;180;;M;0;0;380
201500004871;15;9;19;730;1;1;2;7;5;69;;M;0;0;380
201500004872;15;10;1;700;2;2;2;1;5;130;av de verdun/de martel;M;4539504;526853;380
201500004873;15;10;24;1730;5;2;1;1;6;69;route des alpes;M;0;0;380
201500004874;15;10;29;830;1;2;3;1;1;130;D71 / ch voie ferree;M;4535164;526499;380
201500004875;15;11;26;1745;3;1;2;1;3;198;;M;0;0;380
201500004876;15;11;30;1915;3;1;1;1;1;69;;M;0;0;380
201500004877;15;1;2;1145;1;1;1;1;5;144;;M;0;0;380
201500004878;15;1;25;400;3;1;2;1;6;152;X rte des combes;M;4549032;529560;380
201500004879;15;2;2;630;3;1;1;8;1;399;rte du pilat;M;4550890;517384;380
201500004880;15;2;28;1230;1;2;1;1;1;189;AVENUE DU GAL LECLERC;M;0;0;380
201500004881;15;3;17;1630;1;1;1;1;3;389;;M;0;0;380
201500004882;15;4;7;845;1;1;2;7;3;389;;M;4556139;509577;380
201500004883;15;4;15;830;1;1;1;1;1;184;;M;0;0;380
201500004884;15;5;6;2230;3;1;1;1;2;480;;M;0;0;380
201500004885;15;6;20;1945;1;2;1;1;2;399;ROUTE DE LYON;M;0;0;380
201500004886;15;6;21;30;3;1;1;1;6;144;;M;0;0;380
201500004887;15;6;29;15;3;1;2;1;3;476;;M;4549712;506785;380
201500004888;15;7;9;1900;1;1;1;1;6;389;;M;0;0;380
201500004889;15;7;16;1530;1;1;1;1;1;389;;M;0;0;380
201500004890;15;9;7;1730;1;2;1;1;2;346;route de lyon;M;0;0;380
201500004891;15;9;19;2045;3;1;1;1;6;81;;M;0;0;380
201500004892;15;10;5;745;1;1;1;1;1;399;;M;0;0;380
201500004893;15;11;1;2000;5;2;1;1;1;189;777 AV DU 19 Mars 1962;M;4563506;504991;380
201500004894;15;1;1;530;3;1;1;1;1;197;;M;0;0;380
201500004895;15;3;1;1900;5;2;1;2;1;97;67 route de la poste;M;0;0;380
201500004896;15;4;4;1345;1;2;1;2;3;507;D 24 ROUTE DE LYON;M;0;0;380
201500004897;15;4;4;1900;2;1;1;2;1;197;;M;0;0;380
201500004898;15;4;13;1100;1;2;1;1;3;316;rue de la rйpublique;M;0;0;380
201500004899;15;4;15;1115;1;2;3;1;1;316;r allobroges/r provinces;M;4574091;515974;380
201500004900;15;5;20;1915;1;2;1;1;1;316;89 rue aimй pinel;M;4575889;517856;380
201500004901;15;6;20;2130;2;2;1;1;1;85;rue de la plaine;M;0;0;380
201500004902;15;9;12;2230;5;2;1;2;1;85;route de vienne;M;0;0;380
201500004903;15;12;6;215;3;1;1;1;7;197;;M;0;0;380
201500004904;15;12;20;200;3;1;1;1;6;507;ch du pieurй;M;4572972;516248;380
201500004905;15;1;8;2130;5;1;2;1;3;72;inter rue du marche;M;4531476;482486;380
201500004906;15;3;3;1300;1;1;1;1;3;72;;M;0;0;380
201500004907;15;3;22;1815;1;1;1;1;1;452;;M;0;0;380
201500004908;15;3;26;1345;1;1;3;1;3;425;N7/r LOUISE MICHEL;M;4539304;480589;380
201500004909;15;4;10;1545;1;1;1;1;1;344;;M;0;0;380
201500004910;15;4;11;2245;5;2;1;1;5;72;RN7 Route de Marseille;M;0;0;380
201500004911;15;4;13;1745;1;2;1;1;3;468;rue des Fontanes;M;0;0;380
201500004912;15;4;15;1100;1;2;1;1;3;72;RN 7;M;4532270;480747;380
201500004913;15;4;25;1845;1;1;1;8;3;51;;M;0;0;380
201500004914;15;5;10;915;1;2;1;1;3;344;avenue gabriel peri;M;0;0;380
201500004915;15;5;19;1730;1;2;1;1;6;298;;M;0;0;380
201500004916;15;5;27;2215;3;1;1;1;6;9;;M;0;0;380
201500004917;15;7;25;1700;1;1;1;1;3;349;;M;0;0;380
201500004918;15;8;10;1545;1;1;1;1;6;3;;M;4534994;484621;380
201500004919;15;9;9;1245;1;2;1;1;6;349;60, Route des Alpes;M;0;0;380
201500004920;15;10;6;245;3;1;1;2;6;3;;M;4532699;487357;380
201500004921;15;10;17;1945;2;2;2;1;3;298;rue des iles/limousin;M;4536836;479328;380
201500004922;15;11;28;1900;4;2;2;8;6;344;avenue Jacques Prйvert;M;4536890;479979;380
201500004923;15;12;8;1730;3;1;1;1;6;9;;M;0;0;380
201500004924;15;12;18;1400;1;1;1;1;3;468;;M;0;0;380
201500004925;15;2;9;2230;3;1;1;9;6;231;;M;4552271;521359;380
201500004926;15;3;16;1430;1;1;1;1;7;136;;M;0;0;380
201500004927;15;3;3;715;2;1;1;2;3;537;;M;0;0;380
201500004928;15;6;1;1245;1;2;9;1;3;475;route de la bourbe;M;4566816;514293;380
201500004929;15;7;22;2115;2;1;1;2;5;449;;M;4565640;511055;380
201500004930;15;8;20;1045;1;1;1;1;2;537;;M;0;0;380
201500004931;15;8;25;1800;1;1;1;1;6;537;;M;0;0;380
201500004932;15;9;30;1500;1;2;1;1;2;449;boulevard de tharabie;M;0;0;380
201500004933;15;10;31;1200;1;2;1;1;6;449;Place de la paix;M;0;0;380
201500004934;15;12;20;2030;3;1;2;1;3;449;;M;4562563;509014;380
201500004935;15;9;9;1330;1;2;1;1;3;147;avenue Charles De Gaulle;M;4562031;406562;420
201500004936;15;10;13;1045;1;2;1;9;7;299;;M;4561376;407718;420
201500004937;15;10;31;1815;3;1;1;1;1;140;;M;4545522;406494;420
201500004938;15;12;15;1000;1;1;1;8;5;313;;M;4573068;401374;420
201500004939;15;1;14;800;1;1;1;1;1;23;;M;4529837;454091;420
201500004940;15;1;13;1715;1;1;1;8;1;172;;M;4539332;442164;420
201500004941;15;2;21;1230;1;1;1;4;1;172;;M;4536627;445348;420
201500004942;15;4;12;1000;1;2;7;1;6;23;PLACE DE LA BASCULE;M;4529611;455941;420
201500004943;15;4;12;1745;1;1;1;7;7;246;;M;4529248;462205;420
201500004944;15;5;9;1045;1;1;1;8;7;23;;M;4530296;454077;420
201500004945;15;6;6;1745;1;1;1;1;7;310;;M;4534202;455363;420
201500004946;15;6;16;2100;2;1;1;1;6;115;;M;4531721;435168;420
201500004947;15;6;25;1645;1;1;1;1;2;224;;M;4533965;437950;420
201500004948;15;6;26;1315;1;1;1;1;6;224;;M;4533506;442364;420
201500004949;15;6;28;1530;1;1;1;1;7;224;;M;4536915;442216;420
201500004950;15;7;4;1115;1;1;1;7;1;139;;M;4530690;442643;420
201500004951;15;7;3;1745;1;1;1;1;6;17;;M;4537228;450472;420
201500004952;15;7;24;900;1;1;1;9;1;224;;M;4534530;448302;420
201500004953;15;8;3;1530;1;1;2;1;1;329;;M;4532039;449883;420
201500004954;15;8;16;1400;1;1;2;1;3;280;;M;4527745;444112;420
201500004955;15;9;5;1615;1;1;1;1;1;287;;M;4526268;447867;420
201500004956;15;9;18;900;1;1;1;1;7;329;;M;4531845;450847;420
201500004957;15;9;18;1200;1;1;1;1;3;329;;M;4532149;449449;420
201500004958;15;9;24;2115;3;1;1;1;1;172;;M;4539216;442874;420
201500004959;15;10;10;1745;1;1;1;1;6;224;;M;4536770;443670;420
201500004960;15;10;31;1845;5;1;1;1;1;23;;M;4529669;456093;420
201500004961;15;5;31;1115;1;2;6;1;3;302;rd106;M;4548862;445006;420
201500004962;15;6;6;1030;1;1;6;1;7;97;;M;4552265;429376;420
201500004963;15;6;14;830;1;2;1;1;6;92;rue de verdun;M;4548582;437945;420
201500004964;15;7;11;2300;3;2;1;1;6;208;la boucharotte;M;4553655;447485;420
201500004965;15;8;7;815;1;1;1;7;2;208;;M;4552604;446250;420
201500004966;15;11;6;1645;1;1;1;1;1;208;;M;4552569;446114;420
201500004967;15;11;6;1845;3;1;1;1;1;97;;M;4549358;432190;420
201500004968;15;1;21;1645;1;1;1;2;6;179;;M;4567046;404190;420
201500004969;15;2;12;1530;1;1;6;1;3;299;;M;4560128;409302;420
201500004970;15;4;7;1245;1;2;6;1;1;147;rond point beauregard;M;4560906;405506;420
201500004971;15;4;15;1545;1;2;9;1;6;147;3 avenue de St ETIENNE;M;4560077;407129;420
201500004972;15;4;23;1830;1;1;1;7;6;285;;M;4555405;413773;420
201500004973;15;4;24;1345;1;2;1;1;3;147;AVENUE PAUL CEZANNE;M;4561192;405550;420
201500004974;15;5;21;145;4;1;1;1;7;151;;M;4565676;413356;420
201500004975;15;6;5;930;1;2;1;1;6;147;14 boulevard duguet;M;4560982;406812;420
201500004976;15;6;29;1415;1;2;1;1;2;147;57 rue de la Rйpublique;M;4560625;407472;420
201500004977;15;7;24;1115;1;2;1;1;2;147;53 rue de la rйpublique;M;4560624;407463;420
201500004978;15;9;12;945;1;1;1;1;1;87;;M;4559993;404790;420
201500004979;15;9;30;1100;1;1;1;1;6;37;;M;4568713;407083;420
201500004980;15;11;7;230;3;1;1;1;1;46;;M;4562818;406152;420
201500004981;15;11;24;845;1;1;1;1;2;285;;M;4557924;411095;420
201500004982;15;1;11;600;3;2;1;2;7;324;D54 Rte Montagne du soir;M;4556126;426479;420
201500004983;15;1;23;1545;1;2;1;2;6;22;Rue des Essarts;M;4552364;421787;420
201500004984;15;2;8;830;1;1;1;1;6;324;;M;4555835;423960;420
201500004985;15;3;28;1800;1;1;1;1;3;304;;M;4553171;419889;420
201500004986;15;4;4;1500;1;1;2;1;3;304;;M;4553592;415013;420
201500004987;15;4;18;1900;1;2;2;1;3;5;;M;4552988;425147;420
201500004988;15;5;31;1600;1;2;1;1;6;22;26 allйe des mirabelles;M;4552778;420772;420
201500004989;15;7;1;1615;1;2;1;1;3;304;rue du Verneuil;M;4553471;419047;420
201500004990;15;7;7;800;1;2;1;1;3;5;avenue Hйlиne BOUCHER;M;4554056;428550;420
201500004991;15;7;20;1915;1;2;1;1;6;5;avenue de saint etienne;M;4552567;427262;420
201500004992;15;8;12;1030;1;2;1;1;3;304;Cфte STE AGATHE;M;4553297;419665;420
201500004993;15;9;9;1830;1;1;1;7;1;324;;M;4555919;424298;420
201500004994;15;9;10;630;2;1;1;1;2;304;;M;4554900;420690;420
201500004995;15;9;21;1315;1;2;1;1;1;5;avenue jean mermoz;M;4553424;428805;420
201500004996;15;10;1;1330;1;2;1;1;7;22;avenue de St Marcellin;M;4551878;420645;420
201500004997;15;12;6;645;2;1;1;1;1;5;;M;0;0;420
201500004998;15;12;11;1830;3;1;1;1;1;75;;M;0;0;420
201500004999;15;1;6;1115;1;2;1;1;6;19;Rue de Lyon;M;4574468;400499;420
201500005000;15;1;8;700;2;1;1;1;3;291;;M;4582320;386790;420
201500005001;15;3;1;1900;3;1;1;2;7;247;;M;4574680;384706;420
201500005002;15;3;28;1530;1;2;1;1;6;221;Le Bourg;M;4576807;412936;420
201500005003;15;4;18;2045;2;1;1;1;6;159;;M;4582500;377137;420
201500005004;15;4;24;1600;1;1;1;1;1;150;;M;4571795;407374;420
201500005005;15;4;25;1845;1;1;1;1;1;119;;M;4575083;397746;420
201500005006;15;4;25;1915;1;1;1;1;1;227;;M;4570245;395623;420
201500005007;15;5;16;330;3;1;1;8;1;313;;M;4572725;402130;420
201500005008;15;5;28;1400;1;1;1;1;3;205;;M;4567574;398689;420
201500005009;15;6;10;745;1;2;1;1;5;109;Le bourg;M;4577696;393068;420
201500005010;15;6;28;245;3;1;1;1;7;227;;M;4569525;390231;420
201500005011;15;7;3;1945;1;1;1;1;6;195;;M;4574056;396669;420
201500005012;15;7;9;1445;1;1;1;1;3;313;;M;4573098;401302;420
201500005013;15;7;13;15;3;1;1;1;6;205;;M;4565852;389458;420
201500005014;15;9;6;1900;1;1;1;1;3;34;Le Pont d'Ambert;M;4585535;372873;420
201500005015;15;9;10;745;1;1;1;1;2;313;;M;4573387;400858;420
201500005016;15;9;10;1715;1;1;1;1;2;136;;M;4571357;398081;420
201500005017;15;9;14;1400;1;1;2;1;3;288;;M;4577048;400451;420
201500005018;15;9;20;1430;1;1;1;1;7;9;;M;4576753;402853;420
201500005019;15;9;27;730;1;1;1;1;6;238;;M;4578084;379711;420
201500005020;15;10;10;1600;1;1;4;1;1;205;;M;4565818;394552;420
201500005021;15;10;11;2015;3;1;3;1;3;245;;M;4581350;380725;420
201500005022;15;11;3;1530;1;2;1;1;6;19;rue de lyon;M;4574194;400659;420
201500005023;15;11;21;1645;2;1;1;5;1;245;;M;4575662;379019;420
201500005024;15;12;12;1215;1;1;1;1;6;134;;M;4568262;403678;420
201500005025;15;12;15;800;2;1;1;8;5;219;lieu dit Villedieu;M;4573796;412868;420
201500005026;15;2;7;30;3;1;1;1;1;94;;M;4574170;420024;420
201500005027;15;2;20;315;3;1;1;1;7;319;;M;4569920;430106;420
201500005028;15;2;20;1630;1;1;1;1;1;251;;M;4568356;425892;420
201500005029;15;3;25;1145;1;1;1;1;1;319;;M;4571168;429220;420
201500005030;15;4;21;815;1;2;1;1;3;94;Rue du Palatin;M;4572335;422354;420
201500005031;15;4;26;345;5;2;1;2;6;202;Lieu dit La Poste;M;4572142;434387;420
201500005032;15;5;2;1145;1;1;1;1;3;261;;M;4575020;439897;420
201500005033;15;5;6;800;1;1;1;1;5;88;;M;4579776;420822;420
201500005034;15;6;19;2030;1;2;1;1;6;94;Rue Victor Hugo;M;4574285;422505;420
201500005035;15;6;20;1400;1;2;1;1;3;94;4 route de civens;M;4575042;422603;420
201500005036;15;8;10;1;3;1;1;1;5;94;;M;4573928;425767;420
201500005037;15;8;30;1115;1;1;1;1;6;296;;M;4573975;429256;420
201500005038;15;10;3;2045;3;1;1;2;7;296;;M;4573499;427617;420
201500005039;15;10;11;1915;5;2;3;1;3;175;Rue Poliacus;M;4579833;423179;420
201500005040;15;10;16;1215;1;2;1;1;6;94;Place Carnot;M;4574353;422275;420
201500005041;15;10;27;900;1;2;1;1;6;94;rue gambetta (rd107);M;4574392;422595;420
201500005042;15;12;7;745;1;1;2;1;3;66;;M;0;0;420
201500005043;15;4;13;1700;1;1;1;1;7;6;;M;4541233;398528;420
201500005044;15;6;24;1630;1;1;1;1;7;192;;M;4537717;408857;420
201500005045;15;8;19;1415;1;1;1;1;6;6;;M;4538321;399767;420
201500005046;15;8;20;2015;1;2;1;1;6;204;Boulevard de l'industrie;M;4542689;406637;420
201500005047;15;9;30;1830;1;1;1;1;6;228;;M;4555153;409391;420
201500005048;15;10;4;1215;1;1;2;1;3;318;;M;4538740;389980;420
201500005049;15;10;23;830;1;1;1;2;7;6;;M;4538442;400014;420
201500005050;15;10;24;1700;1;2;1;1;6;204;boulevard du haut forez;M;4542197;406334;420
201500005051;15;10;25;1645;1;1;1;8;7;318;;M;4541098;397124;420
201500005052;15;2;14;1900;3;2;1;1;1;62;route de saint galmier;M;0;0;420
201500005053;15;3;17;1500;1;2;1;1;3;323;avenue irйnйe Laurent;M;4557330;430151;420
201500005054;15;5;20;845;1;1;1;1;3;135;;M;4565955;423033;420
201500005055;15;6;2;1815;1;2;1;1;3;222;Rue Anoine Ravel;M;4559141;431452;420
201500005056;15;7;8;1645;1;2;3;1;3;323;Avenue Planchet;M;4556283;428994;420
201500005057;15;7;29;1815;1;1;1;2;3;108;;M;4559467;418541;420
201500005058;15;8;21;1600;1;1;1;1;7;336;;M;4568077;433600;420
201500005059;15;8;25;2130;5;2;1;1;5;222;43 route de bellegarde;M;4560698;431271;420
201500005060;15;8;25;1745;1;1;6;7;3;20;;M;4563798;420608;420
201500005061;15;8;28;1615;1;2;1;1;3;222;route de cuzieu;M;4559754;429571;420
201500005062;15;9;1;1330;1;2;1;2;6;149;150 Avenue du Pont;M;4564386;422937;420
201500005063;15;9;13;1400;1;2;1;1;3;149;269 rue du geyser;M;4564188;423686;420
201500005064;15;9;24;900;1;2;1;1;3;13;Avenue des Farges;M;4564664;429541;420
201500005065;15;11;4;1930;3;1;1;1;6;264;;M;4559048;435121;420
201500005066;15;11;24;1030;1;2;1;1;6;149;4 Avenue des Sources;M;4564409;423139;420
201500005067;15;12;9;1800;2;2;1;1;7;149;route de saint etienne;M;0;0;420
201500005068;15;12;21;1945;5;2;1;8;6;323;D1082;M;0;0;420
201500005069;15;3;8;1030;1;1;1;1;6;132;;M;4538173;472884;420
201500005070;15;4;8;730;1;2;1;1;3;168;D19;M;4544453;468312;420
201500005071;15;4;16;2215;5;1;1;2;1;132;;M;4538902;474486;420
201500005072;15;4;23;900;1;2;9;1;3;129;Rd 503 Lieu dit Les Barg;M;4535948;467982;420
201500005073;15;4;28;1400;1;2;1;7;1;56;lieu dit les prairies;M;4541464;473608;420
201500005074;15;4;26;1045;1;1;1;1;4;168;;M;4541569;470788;420
201500005075;15;5;11;1515;1;1;1;1;3;56;;M;4541808;470845;420
201500005076;15;7;6;1630;1;2;1;1;1;265;985 rue des granges;M;4543966;473466;420
201500005077;15;7;24;1800;1;1;1;1;1;56;;M;4541216;473740;420
201500005078;15;8;30;1630;1;1;1;1;3;168;;M;4544081;465913;420
201500005079;15;9;25;645;1;2;1;1;1;56;D7 PK34+300;M;4541540;473503;420
201500005080;15;9;29;1100;1;2;1;1;6;168;ALLEE DE LA CHARTREUSE;M;4541786;468515;420
201500005081;15;11;25;1630;1;2;1;3;3;272;Rd 1086;M;4538501;474713;420
201500005082;15;12;4;1215;1;1;1;8;2;191;;M;4564400;414200;420
201500005083;15;12;17;30;5;1;1;1;7;132;;M;4500600;401199;420
201500005084;15;1;9;700;2;1;1;9;6;145;;M;4603513;420100;420
201500005085;15;1;12;1330;1;1;2;1;3;120;;M;4599226;399702;420
201500005086;15;1;30;1745;2;1;6;2;7;338;;M;4607429;409883;420
201500005087;15;3;15;1545;1;1;2;1;3;239;;M;4596249;397877;420
201500005088;15;4;1;1745;1;1;1;1;7;69;;M;4597198;404187;420
201500005089;15;4;8;800;1;2;1;7;6;332;rue bombйe;M;4599118;403653;420
201500005090;15;6;5;1900;1;1;1;1;1;166;;M;4600299;410039;420
201500005091;15;8;29;930;1;1;1;1;7;162;;M;4601534;397737;420
201500005092;15;11;27;730;2;1;1;1;1;239;;M;4599011;399408;420
201500005093;15;12;26;1645;1;1;1;1;6;338;;M;0;0;420
201500005094;15;1;10;1530;1;2;1;7;6;289;Rue des ?coles;M;4594718;420969;420
201500005095;15;2;24;1615;1;2;6;1;1;11;rue du four ? chaux;M;4581774;419555;420
201500005096;15;6;19;1545;1;1;1;1;7;334;;M;4585227;432252;420
201500005097;15;7;4;630;1;1;1;1;6;293;;M;4600660;427244;420
201500005098;15;8;8;2000;2;1;1;2;6;181;;M;4600034;423351;420
201500005099;15;11;30;815;3;1;1;1;7;277;;M;4592762;410739;420
201500005100;15;12;4;1330;1;1;1;1;6;98;;M;4557400;446400;420
201500005101;15;1;6;1800;5;2;1;2;3;26;28 avenue de verdun;M;4614977;408413;420
201500005102;15;1;8;2130;3;1;1;2;1;112;;M;4611421;426312;420
201500005103;15;2;14;1800;2;1;1;8;7;16;;M;4614616;403913;420
201500005104;15;5;12;1830;1;1;1;1;6;141;;M;4614917;425029;420
201500005105;15;5;22;1715;1;1;2;1;3;300;;M;4611101;429056;420
201500005106;15;6;9;1045;1;1;3;1;1;267;;M;4615223;415620;420
201500005107;15;6;15;830;1;1;1;1;6;52;;M;4616673;415880;420
201500005108;15;7;18;1845;1;1;1;3;6;14;;M;4617803;441457;420
201500005109;15;8;3;1815;1;2;1;1;6;26;rue de la liberation;M;4614667;408211;420
201500005110;15;10;23;1945;3;1;1;1;6;215;;M;4619271;420598;420
201500005111;15;8;30;1645;1;1;1;1;2;173;;M;4582048;406884;420
201500005112;15;4;22;1230;1;1;1;1;6;230;;M;4582370;401710;420
201500005113;15;6;27;1115;1;2;1;1;1;76;impasse du pressoir;M;4590672;392568;420
201500005114;15;1;3;515;5;1;1;5;6;239;;M;4578935;595691;730
201500005115;15;5;17;1845;1;1;1;1;6;8;;M;0;0;730
201500005116;15;7;14;1445;1;1;1;1;1;59;Route de Paris;M;4575036;588187;730
201500005117;15;7;31;2250;5;1;7;1;6;103;Place de l horloge;M;4566010;592090;730
201500005118;15;10;1;1130;1;2;1;1;2;301;route du chef lieu;M;4570784;595689;730
201500005119;15;10;16;2345;3;1;1;1;5;10;;M;4576952;593938;730
201500005120;15;8;6;1415;1;1;3;7;3;30;Rue du Champ de Mars;M;4556313;597999;730
201500005121;15;10;14;2030;3;1;1;8;6;97;;M;4557453;599984;730
201500005122;15;5;16;1830;1;1;1;1;7;234;Lieu-dit charmillon;M;4568531;605949;730
201500005123;15;6;10;1515;1;2;1;1;2;81;;M;4569000;613199;730
201500005124;15;8;16;215;3;1;1;3;7;4;;M;4561293;609321;730
201500005125;15;9;24;1715;1;2;1;1;6;5;;M;4567391;609800;730
201500005126;15;10;13;1815;2;1;1;2;6;5;;M;4563690;608293;730
201500005127;15;5;25;1830;1;1;1;1;7;42;;M;4572113;579679;730
201500005128;15;1;14;1730;2;1;3;3;5;270;;M;4555438;616219;730
201500005129;15;4;23;1915;1;1;1;1;1;159;;M;4545027;604920;730
201500005130;15;4;25;1000;1;1;3;1;3;171;;M;4550202;606796;730
201500005131;15;8;23;245;3;1;1;1;6;276;;M;4549350;611151;730
201500005132;15;10;27;2000;3;1;1;2;6;96;;M;4551253;608954;730
201500005133;15;12;10;1800;5;2;6;2;6;171;;M;4549693;605480;730
201500005134;15;12;18;1815;5;1;4;1;5;151;;M;4551140;600665;730
201500005135;15;1;22;145;5;2;1;1;6;51;CHEMIN DE LA PLAISSE;M;4563930;585897;730
201500005136;15;2;3;1800;5;2;1;1;3;179;avenue Costa de BEAUREGA;M;4559043;588155;730
201500005137;15;3;11;1145;1;2;3;1;6;179;AVENUE DE SAINT EXUPERY;M;4560010;587322;730
201500005138;15;3;30;1930;4;1;1;3;6;179;;M;4559709;587745;730
201500005139;15;6;28;1815;1;1;4;1;4;50;;M;4567000;585482;730
201500005140;15;8;21;1745;1;1;9;1;3;50;;M;4567533;585315;730
201500005141;15;8;30;1845;1;1;1;1;6;326;;M;4552449;585388;730
201500005142;15;9;20;1400;1;1;1;1;5;179;;M;4564033;586728;730
201500005143;15;9;20;1615;1;1;3;1;3;51;;M;4564790;586471;730
201500005144;15;9;24;1920;2;2;6;1;3;179;Rond point de l erier;M;4559747;588479;730
201500005145;15;10;19;715;2;1;1;1;1;51;;M;4565115;586631;730
201500005146;15;12;31;1845;3;1;1;1;1;50;;M;4568070;585107;730
201500005147;15;1;25;815;2;1;1;1;1;58;;M;4552641;573234;730
201500005148;15;3;21;1130;1;1;1;2;1;204;;M;4552838;569100;730
201500005149;15;11;29;1800;5;1;1;2;1;219;;M;4555024;577932;730
201500005150;15;3;23;1530;1;1;1;1;3;297;;M;4562988;632653;730
201500005151;15;8;16;1730;1;1;1;3;6;162;;M;4560266;627913;730
201500005152;15;10;21;1615;1;1;1;1;1;196;;M;4571592;640792;730
201500005153;15;10;24;1130;1;1;1;1;1;297;;M;4565380;632044;730
201500005154;15;10;31;1600;1;1;1;1;1;154;;M;4566775;633826;730
201500005155;15;11;29;945;1;1;1;2;6;129;;M;4559653;624229;730
201500005156;15;6;6;900;1;1;1;1;3;6;;M;0;0;730
201500005157;15;9;19;1215;1;2;1;1;7;142;station de Vallandry;M;0;0;730
201500005158;15;5;31;1730;1;1;1;1;7;34;;M;4569798;661799;730
201500005159;15;6;14;930;1;1;1;1;7;34;;M;4570830;657831;730
201500005160;15;6;27;1115;1;1;1;1;1;132;;M;4575588;659526;730
201500005161;15;12;2;1515;1;1;4;1;3;211;;M;4571747;644707;730
201500005162;15;1;2;615;3;1;1;1;7;54;Lieu-dit le Berard;M;4559289;676842;730
201500005163;15;3;1;700;2;1;1;4;1;285;;M;4561820;680747;730
201500005164;15;3;20;1800;1;2;1;8;6;285;RD1090 - Route du Col d;M;4562099;680607;730
201500005165;15;6;6;1600;1;1;1;1;7;54;;M;4566830;677428;730
201500005166;15;6;25;2245;3;1;9;1;7;77;;M;4559245;673425;730
201500005167;15;11;28;1845;3;1;1;1;1;285;;M;4562567;678195;730
201500005168;15;12;6;1130;1;1;1;1;6;285;;M;0;0;730
201500005169;15;12;24;1345;1;2;1;7;6;54;avenue du centenaire;M;4561648;676888;730