num_acc;an;mois;jour;hrmn;lum;agg;int;atm;col;com;adr;gps;lat;long;dep
201500005170;15;1;10;2045;5;2;1;1;1;15;d90a route de mussilon;M;4540005;656538;730
201500005171;15;4;10;1445;1;1;1;1;2;201;;M;4543240;669230;730
201500005172;15;5;23;1300;1;1;1;8;6;71;;M;4545890;674430;730
201500005173;15;12;27;1100;1;2;7;7;6;55;65 rue de la Poste;M;4544279;664677;730
201500005174;15;12;30;1045;1;2;1;1;6;15;route de l'altiport;M;0;0;730
201500005175;15;3;16;215;3;1;1;1;7;321;;M;4546087;654570;730
201500005176;15;5;17;1430;1;1;1;1;6;187;;M;4555197;646922;730
201500005177;15;10;17;2000;3;1;1;1;1;181;;M;4548498;654253;730
201500005178;15;12;1;1630;1;1;1;1;1;321;;M;4546313;653769;730
201500005179;15;1;10;530;3;2;1;1;7;261;Le Noiray;M;4520971;654833;730
201500005180;15;3;24;2115;5;1;1;1;6;116;;M;4521205;630679;730
201500005181;15;3;25;1830;2;1;1;4;6;242;;M;4519454;628395;730
201500005182;15;3;28;1600;1;2;6;1;3;248;Quai Jules Poncet;M;4527560;635564;730
201500005183;15;6;26;1100;1;1;1;1;1;116;;M;4523985;631561;730
201500005184;15;7;19;700;1;1;1;1;7;248;;M;4527105;633666;730
201500005185;15;8;29;1500;1;1;1;1;1;306;;M;4508378;642768;730
201500005186;15;11;30;1015;1;1;1;1;2;248;;M;0;0;730
201500005187;15;4;18;1400;1;1;1;1;1;19;;M;4549210;630620;730
201500005188;15;7;21;1215;1;2;4;1;3;235;PLACE DE LA MADELEINE;M;4541619;636245;730
201500005189;15;7;25;1100;1;2;1;1;1;278;route de la lauziиre;M;4539557;626790;730
201500005190;15;4;22;1445;1;1;1;1;1;290;;M;4527356;681319;730
201500005191;15;7;5;1045;1;1;1;1;5;143;;M;4527634;690703;730
201500005192;15;12;4;815;1;1;1;4;6;223;;M;4520066;659408;730
201500005193;15;1;16;2030;5;2;1;2;6;104;139 rte Marceau dessous;M;0;0;740
201500005194;15;4;4;330;3;1;1;3;6;234;;M;0;0;740
201500005195;15;6;2;1915;1;1;4;7;1;104;ROUTE DU PONT MONNET;M;0;0;740
201500005196;15;6;7;1000;1;1;1;1;4;275;;M;0;0;740
201500005197;15;6;21;1845;1;1;1;1;3;242;;M;0;0;740
201500005198;15;6;24;1800;1;1;2;7;2;167;;M;0;0;740
201500005199;15;6;29;1545;1;1;1;7;1;135;;M;0;0;740
201500005200;15;7;1;2010;2;1;1;1;2;275;BALMETTE;M;0;0;740
201500005201;15;7;3;1515;1;1;1;7;5;104;;M;0;0;740
201500005202;15;7;18;1530;1;1;1;1;7;148;;M;0;0;740
201500005203;15;8;8;1715;1;1;1;1;1;267;688 ROUTE DE LA PLANCHE;M;0;0;740
201500005204;15;8;29;1915;1;1;1;1;7;123;;M;0;0;740
201500005205;15;9;21;2200;5;1;1;1;7;267;ROUTE D'ALBERTVILLE;M;0;0;740
201500005206;15;10;4;530;2;2;1;8;6;234;786 RUE DU CHAMP CANON;M;0;0;740
201500005207;15;10;9;700;1;1;2;2;3;104;ROUTE DU COUARDET;M;0;0;740
201500005208;15;5;6;1940;2;1;3;1;1;225;RTE VALLIERES/SURCHERE;M;0;0;740
201500005209;15;5;5;1700;1;2;4;1;1;225;RTE HAUTEVILLE/RUE SAUGE;M;0;0;740
201500005210;15;6;19;1530;1;1;2;1;3;255;;M;0;0;740
201500005211;15;7;3;1910;1;1;1;1;6;2;;M;0;0;740
201500005212;15;7;26;145;4;2;2;1;6;141;;M;0;0;740
201500005213;15;7;30;700;1;1;1;1;2;233;;M;0;0;740
201500005214;15;8;21;2115;3;1;1;1;1;225;LIEU DIT BROISE;M;0;0;740
201500005215;15;9;11;1130;1;1;1;1;1;148;;M;0;0;740
201500005216;15;9;20;1700;1;2;1;1;1;289;;M;0;0;740
201500005217;15;10;10;500;3;2;1;1;7;233;;M;0;0;740
201500005218;15;10;16;2045;3;1;1;1;6;161;ROUTE DE RUMILLY;M;0;0;740
201500005219;15;11;10;1545;1;1;1;1;6;138;ROUTE DES BAUGES;M;0;0;740
201500005220;15;11;12;1715;2;2;2;1;3;274;ROUTE DE  MANDRIN;M;0;0;740
201500005221;15;11;28;1620;1;1;1;1;6;4;ROUTE DES BAUGES;M;0;0;740
201500005222;15;12;10;1015;1;2;7;1;6;225;4 PLACE D'ARMES;M;0;0;740
201500005223;15;1;22;1615;1;1;1;1;1;239;;M;0;0;740
201500005224;15;2;13;810;1;2;9;1;6;280;1rUE DE SAULNE;M;0;0;740
201500005225;15;3;18;830;1;1;1;1;1;80;;M;0;0;740
201500005226;15;3;31;1700;1;2;1;2;6;302;CHEF LIEU;M;0;0;740
201500005227;15;4;8;120;3;1;1;1;6;280;LIEU DIT LA VACHERIE;M;0;0;740
201500005228;15;4;11;1215;1;1;1;1;7;302;;M;0;0;740
201500005229;15;6;20;1045;1;1;4;1;5;36;;M;0;0;740
201500005230;15;8;6;2015;1;2;4;1;3;80;ROUTE DE PLATTUY;M;0;0;740
201500005231;15;8;16;1800;1;1;1;1;5;239;;M;0;0;740
201500005232;15;8;29;2230;3;1;1;1;6;239;;M;0;0;740
201500005233;15;9;12;615;2;1;1;1;6;3;;M;0;0;740
201500005234;15;9;21;1730;1;1;1;1;7;302;;M;0;0;740
201500005235;15;9;25;1410;1;1;1;1;6;102;ROUTE DU FIER;M;0;0;740
201500005236;15;12;8;1115;1;2;1;7;6;280;RUE MARGUERITE FRICHELET;M;0;0;740
201500005237;15;12;12;1600;1;2;4;1;1;280;;M;0;0;740
201500005238;15;12;28;1200;1;2;1;1;3;80;ROUTE DES CONFINS;M;0;0;740
201500005239;15;2;8;300;5;2;1;1;6;87;307 route d'annemasse;M;0;0;740
201500005240;15;3;18;945;1;1;1;1;6;250;;M;0;0;740
201500005241;15;7;12;1930;1;2;2;1;3;42;AVENUE CHARLES DE GAULLE;M;4608300;640000;740
201500005242;15;8;28;1800;1;2;1;1;6;42;AVENUE DE GENEVE;M;0;0;740
201500005243;15;9;1;2315;3;1;1;2;1;87;;M;4613600;632900;740
201500005244;15;9;5;800;2;1;1;1;1;212;;M;0;0;740
201500005245;15;9;8;1800;1;1;2;1;3;42;;M;0;0;740
201500005246;15;10;21;1500;1;2;9;1;3;42;61 RUE DES GREBES HUPPES;M;0;0;740
201500005247;15;12;1;1715;2;2;3;1;6;42;AVENUE DE PONCHY;M;0;0;740
201500005248;15;12;12;1545;1;2;6;1;6;42;RUE DU PONT;M;0;0;740
201500005249;15;4;5;2315;5;2;1;1;6;56;ROUTE DU PLAGNOLET;M;0;0;740
201500005250;15;4;30;1445;1;2;4;1;1;56;route des gaillants;M;0;0;740
201500005251;15;8;14;1000;1;2;1;1;6;56;339 ROUTE BLANCHE;M;0;0;740
201500005252;15;9;30;2100;5;2;1;1;6;143;ROUTE DE L'ECOLE;M;0;0;740
201500005253;15;10;27;1415;1;1;1;1;6;56;ROUTE DES PRAZ;M;0;0;740
201500005254;15;1;8;2145;3;1;1;9;7;236;;M;0;0;740
201500005255;15;3;3;1225;1;2;9;1;2;173;1085 EDMOND ROTHSCHILD;M;0;0;740
201500005256;15;4;2;1730;1;2;1;2;6;85;Route de saint gervais;M;0;0;740
201500005257;15;4;14;1600;1;1;1;1;2;85;;M;0;0;740
201500005258;15;4;22;915;1;2;9;1;6;173;594 rue Charles Feige;M;0;0;740
201500005259;15;8;15;1550;1;1;1;3;7;85;ROUTE DE SAINT GERVAIS;M;0;0;740
201500005260;15;8;30;1945;1;2;4;1;7;99;RD1212;M;4587200;662700;740
201500005261;15;9;26;1600;1;2;1;1;7;236;viaduc de saint gervais;M;0;0;740
201500005262;15;10;17;1915;5;2;1;1;6;83;CHEMIN DE LA PROMENADE;M;0;0;740
201500005263;15;12;25;1000;1;1;1;1;6;173;EDMOND DE ROTHSCHILD;M;4500000;600000;740
201500005264;15;1;22;845;1;2;9;1;6;224;330 AV DE LA LIBERATION;M;0;0;740
201500005265;15;7;2;2200;2;1;1;1;2;7;;M;0;0;740
201500005266;15;9;9;1300;1;2;4;1;3;224;75 RUE DU COTEAU;M;0;0;740
201500005267;15;10;24;415;5;1;6;1;7;116;;M;0;0;740
201500005268;15;7;28;1545;1;1;1;1;7;256;;M;0;0;740
201500005269;15;10;31;2000;3;1;1;1;2;208;;M;0;0;740
201500005270;15;11;13;1815;5;2;3;1;3;256;RUE PIERRE SOLLIARD;M;0;0;740
201500005271;15;2;8;830;1;1;1;1;5;276;;M;0;0;740
201500005272;15;2;23;1245;1;2;1;4;1;134;;M;0;0;740
201500005273;15;4;7;1745;1;2;1;1;3;183;275 RUE DES ECOLES;M;0;0;740
201500005274;15;5;24;400;3;2;1;1;6;183;Sommand;M;0;0;740
201500005275;15;8;3;920;1;1;1;1;6;273;SALMOIRY;M;0;0;740
201500005276;15;8;11;1045;1;1;4;1;1;276;LIEU DIT BLAVALLAZ;M;0;0;740
201500005277;15;8;18;1200;1;1;1;1;1;134;;M;0;0;740
201500005278;15;8;22;1715;1;1;1;1;5;276;;M;0;0;740
201500005279;15;8;27;845;1;2;1;7;6;190;centre ville;M;0;0;740
201500005280;15;12;6;300;5;2;1;1;6;258;Route de Taninges;M;0;0;740
201500005281;15;2;20;830;1;1;6;1;1;44;;M;0;0;740
201500005282;15;3;11;1730;1;1;1;1;3;31;;M;0;0;740
201500005283;15;6;25;1500;1;1;1;1;1;31;;M;0;0;740
201500005284;15;9;5;1515;1;2;3;1;3;216;RD18/ALLEE CHARBONNIERE;M;0;0;740
201500005285;15;10;28;730;1;1;1;1;3;201;;M;0;0;740
201500005286;15;11;8;415;3;1;1;1;3;201;;M;0;0;740
201500005287;15;1;9;15;5;1;6;1;6;262;;M;0;0;740
201500005288;15;3;12;800;1;1;1;1;6;40;ROUTE DE LOEX;M;0;0;740
201500005289;15;3;18;1315;1;1;1;1;1;158;;M;0;0;740
201500005290;15;7;13;1845;1;1;9;1;3;94;;M;0;0;740
201500005291;15;9;6;1630;1;1;1;1;2;94;;M;0;0;740
201500005292;15;10;29;1645;1;1;3;1;1;21;;M;0;0;740
201500005293;15;11;17;1745;3;1;1;1;6;229;;M;0;0;740
201500005294;15;3;3;1900;3;1;1;1;1;309;;M;0;0;740
201500005295;15;5;18;1415;1;1;1;1;1;96;;M;4500000;50000;740
201500005296;15;7;13;2315;3;2;1;1;6;309;1296 ROUTE DE LA COTE;M;0;0;740
201500005297;15;7;19;1945;1;2;3;1;3;314;ROUTE DE FARAMAZ;M;0;0;740
201500005298;15;9;20;2115;3;1;1;1;7;101;;M;0;0;740
201500005299;15;12;11;1630;1;1;1;1;1;259;;M;0;0;740
201500005300;15;3;29;1930;3;1;1;2;3;75;LIEU DIT SERASSON;M;0;0;740
201500005301;15;4;11;1730;1;1;1;1;6;184;;M;0;0;740
201500005302;15;5;9;845;1;2;1;1;1;77;RD 316;M;0;0;740
201500005303;15;5;18;1730;1;1;1;1;7;269;;M;0;0;740
201500005304;15;6;18;1615;1;1;1;1;1;184;;M;0;0;740
201500005305;15;7;15;1815;1;1;1;1;1;269;;M;0;0;740
201500005306;15;7;19;1115;1;1;1;1;1;269;;M;0;0;740
201500005307;15;7;23;1130;1;1;1;1;7;131;LIEU DIT COLLONGES BAS;M;0;0;740
201500005308;15;7;25;145;3;1;1;3;6;184;;M;0;0;740
201500005309;15;9;10;1630;1;1;1;1;2;29;;M;0;0;740
201500005310;15;10;4;2000;3;1;1;1;3;77;ROUTE DE LA CROISEE;M;0;0;740
201500005311;15;11;30;1045;1;1;1;1;1;109;;M;0;0;740
201500005312;15;1;24;1715;2;2;1;4;1;286;LE FONTABY;M;0;0;740
201500005313;15;4;11;1345;1;1;1;1;7;1;LIEU DIT MELON;M;0;0;740
201500005314;15;7;25;1730;1;1;1;1;1;308;;M;0;0;740
201500005315;15;8;29;900;1;1;1;1;1;63;;M;0;0;740
201500005316;15;11;20;1530;1;1;1;2;1;308;;M;0;0;740
201500005317;15;2;24;1830;3;1;1;1;6;37;;M;0;0;740
201500005318;15;4;19;1830;1;1;3;1;3;226;;M;0;0;740
201500005319;15;4;20;1645;1;1;1;1;7;222;;M;0;0;740
201500005320;15;5;10;45;3;2;1;1;6;155;LA SIAUX;M;0;0;740
201500005321;15;5;24;1430;1;1;1;1;6;140;LIEU DIT LE VERNAY;M;0;0;740
201500005322;15;9;5;1515;1;2;1;1;3;38;ROUTE DU GLANDON;M;0;0;740
201500005323;15;11;19;930;1;1;1;1;1;226;;M;0;0;740
201500005324;15;4;15;1030;1;2;1;1;7;206;;M;0;0;740
201500005325;15;11;28;1245;1;1;1;1;1;263;;M;0;0;740
201500005326;15;1;2;1830;3;1;1;9;1;33;;M;0;0;740
201500005327;15;10;16;1430;1;1;1;1;6;237;;M;0;0;740
201500005328;15;12;22;815;1;1;1;1;1;166;ROUTE DE THONON;M;0;0;740
201500005329;15;12;28;2000;3;1;1;5;1;200;;M;0;0;740
201500005330;15;1;18;1530;1;1;1;1;6;345;;M;0;0;630
201500005331;15;3;30;945;1;1;1;2;1;307;;M;0;0;630
201500005332;15;5;21;1745;1;1;1;1;7;263;;M;0;0;630
201500005333;15;6;6;815;1;1;1;1;5;263;;M;0;0;630
201500005334;15;8;13;2115;2;1;1;1;6;345;;M;0;0;630
201500005335;15;8;25;2115;3;1;1;1;1;345;;M;0;0;630
201500005336;15;9;8;1600;1;1;1;1;1;307;;M;0;0;630
201500005337;15;3;23;715;1;1;1;1;7;453;;M;0;0;630
201500005338;15;5;14;2315;3;1;1;9;7;229;;M;0;0;630
201500005339;15;6;14;530;2;2;1;8;2;453;avenue  Jacques Duclos;M;0;0;630
201500005340;15;8;2;2200;2;1;1;1;6;146;;M;4572100;339000;630
201500005341;15;8;7;2314;3;1;1;1;1;34;;M;0;0;630
201500005342;15;8;17;1700;1;1;1;1;2;368;;M;0;0;630
201500005343;15;8;23;1700;1;1;1;2;7;45;;M;0;0;630
201500005344;15;8;29;1300;1;1;1;1;7;146;;M;0;0;630
201500005345;15;9;2;645;2;2;1;1;6;273;avenue de l'allier;M;4572770;324270;630
201500005346;15;10;20;1730;1;1;1;1;3;368;;M;0;0;630
201500005347;15;10;27;745;1;2;1;1;7;239;Le Fournet;M;0;0;630
201500005348;15;11;3;1000;1;1;1;8;1;146;;M;0;0;630
201500005349;15;11;5;700;2;1;1;1;3;34;;M;0;0;630
201500005350;15;11;7;2215;5;2;1;1;6;453;30 avenue Jacques Duclos;M;0;0;630
201500005351;15;11;10;1815;2;1;1;1;2;297;;M;0;0;630
201500005352;15;11;21;1215;1;1;1;1;3;45;;M;0;0;630
201500005353;15;12;27;1715;3;2;1;1;3;368;lieu-dit CONTOURNAT;M;0;0;630
201500005354;15;3;31;2115;3;1;1;1;6;192;;M;4555900;267300;630
201500005355;15;5;24;1715;1;1;1;1;7;192;;M;0;0;630
201500005356;15;10;25;1215;1;1;1;1;6;397;;M;4563300;269400;630
201500005357;15;11;8;1530;1;1;1;7;2;279;;M;0;0;630
201500005358;15;5;6;745;1;1;2;1;3;417;;M;4583508;304660;630
201500005359;15;9;30;1745;1;1;1;1;1;417;;M;4583300;304800;630
201500005360;15;11;25;845;1;1;1;2;7;417;;M;0;0;630
201500005361;15;1;2;1945;5;2;2;8;3;213;route de lussat;M;4583740;326130;630
201500005362;15;1;28;1215;1;2;1;1;1;284;72 avenue besserve;M;4579515;325834;630
201500005363;15;3;4;1900;3;1;1;1;3;200;;M;0;0;630
201500005364;15;4;13;815;1;1;1;7;2;200;;M;0;0;630
201500005365;15;5;30;400;3;2;1;1;7;284;;M;4578970;322489;630
201500005366;15;8;14;1845;1;1;1;8;1;204;;M;0;0;630
201500005367;15;9;12;1245;1;1;1;3;3;200;;M;0;0;630
201500005368;15;1;17;1545;1;1;1;1;3;274;;M;0;0;630
201500005369;15;8;3;545;2;1;1;1;7;399;;M;4565900;263600;630
201500005370;15;9;25;1115;1;1;1;1;7;451;;M;4565700;285500;630
201500005371;15;10;27;2030;5;1;1;1;6;257;;M;4574100;286800;630
201500005372;15;12;25;1015;1;1;1;1;7;71;;M;4574600;295300;630
201500005373;15;2;3;1500;1;1;1;1;6;282;;M;4562500;315200;630
201500005374;15;3;13;1945;3;1;1;2;6;396;;M;0;0;630
201500005375;15;5;3;100;3;1;1;3;1;214;;M;0;0;630
201500005376;15;6;9;1000;1;1;2;1;3;214;;M;4567254;320803;630
201500005377;15;6;14;1930;1;2;2;2;1;457;;M;4566248;321145;630
201500005378;15;6;26;1230;1;2;2;1;3;457;Chemin Four de Lachaux;M;4564063;324275;630
201500005379;15;7;4;2315;3;1;1;1;3;26;;M;4568700;297000;630
201500005380;15;8;27;1400;1;1;9;1;3;280;;M;4564600;328600;630
201500005381;15;10;22;1945;4;2;1;2;6;26;D213 VERNEUGE;M;4567251;297362;630
201500005382;15;10;10;2115;3;1;1;1;6;455;;M;4567600;318300;630
201500005383;15;12;2;700;3;1;1;1;3;227;;M;4568600;321600;630
201500005384;15;12;5;615;5;2;1;1;6;227;AVENUE DE LA GARE;M;0;0;630
201500005385;15;2;22;1645;1;2;1;1;3;3;route de chadernolles;M;4554200;375000;630
201500005386;15;3;12;1700;1;1;1;1;6;3;;M;4552600;375700;630
201500005387;15;3;19;800;1;1;1;5;5;211;;M;0;0;630
201500005388;15;4;28;1715;1;1;1;1;2;3;;M;4558800;373400;630
201500005389;15;6;14;900;1;1;1;1;6;211;;M;4548000;376400;630
201500005390;15;7;23;1545;1;1;1;1;1;179;;M;4563734;372860;630
201500005391;15;10;16;1045;1;1;1;8;1;10;;M;4542860;372078;630
201500005392;15;10;3;1330;1;2;1;3;6;258;La Chapelette;M;4568000;363400;630
201500005393;15;1;31;1145;1;1;1;4;6;412;;M;0;0;630
201500005394;15;10;11;1500;1;1;1;1;7;319;;M;4557400;388500;630
201500005395;15;6;14;1545;1;1;1;3;5;314;;M;4558900;362800;630
201500005396;15;3;31;2115;1;2;2;1;3;178;Boulevard Albert Buisson;M;4554616;324895;630
201500005397;15;4;14;1500;1;1;1;1;1;261;;M;0;0;630
201500005398;15;7;20;1130;1;2;1;1;2;121;D797 - ZA Pйrache;M;4560930;322110;630
201500005399;15;10;10;1345;1;2;3;1;3;178;avenue kennedy;M;4555130;325000;630
201500005400;15;11;24;1330;1;2;1;1;7;342;;M;4555120;310880;630
201500005401;15;12;6;1345;1;2;1;1;7;178;chemin des vigeires;M;4554519;326877;630
201500005402;15;5;29;1445;1;1;1;6;7;38;;M;0;0;630
201500005403;15;7;12;1000;1;1;1;7;1;117;;M;0;0;630
201500005404;15;7;19;1730;1;1;1;1;2;77;;M;0;0;630
201500005405;15;8;26;1915;1;2;1;1;1;38;Rue de la Croix de Combe;M;4550945;293817;630
201500005406;15;9;4;1515;1;1;1;1;2;383;;M;0;0;630
201500005407;15;10;1;1600;1;1;1;1;6;77;;M;0;0;630
201500005408;15;11;18;1330;1;2;1;1;6;144;Route de St Genиs;M;0;0;630
201500005409;15;12;31;2230;3;1;1;5;6;182;;M;4543000;333500;630
201500005410;15;1;9;1115;1;1;1;8;1;423;;M;0;0;630
201500005411;15;2;15;1145;1;1;1;1;7;366;;M;0;0;630
201500005412;15;5;3;1400;1;2;1;1;6;22;25 avenue des dunes;M;4543804;330656;630
201500005413;15;6;19;1300;1;1;1;1;1;415;;M;4555400;336000;630
201500005414;15;7;4;1030;1;2;9;1;3;50;rue des Sarailleres;M;4541357;332005;630
201500005415;15;7;17;1815;1;2;6;1;3;50;Avenue de Charbonnier;M;4541466;331956;630
201500005416;15;11;7;1015;2;1;1;1;1;367;;M;0;0;630
201500005417;15;11;11;1545;1;1;3;1;1;444;;M;4552850;331110;630
201500005418;15;12;27;1900;3;1;1;1;6;29;;M;0;0;630
201500005419;15;4;15;145;3;1;1;1;6;203;;M;0;0;630
201500005420;15;10;31;1630;1;1;1;1;7;203;;M;4584510;304490;630
201500005421;15;2;19;700;2;1;1;1;3;68;;M;4595100;315900;630
201500005422;15;6;7;345;5;2;1;1;6;379;16 rue des jardins;M;4599320;313236;630
201500005423;15;6;12;45;3;1;6;1;6;116;;M;0;0;630
201500005424;15;6;20;1730;1;1;1;1;3;235;;M;0;0;630
201500005425;15;7;1;730;1;2;1;7;1;12;;M;0;0;630
201500005426;15;7;12;600;1;1;1;1;7;235;lavaur;M;0;0;630
201500005427;15;7;14;1815;1;1;1;1;5;432;;M;4596700;325900;630
201500005428;15;12;11;2300;3;1;1;1;7;13;;M;4598400;317700;630
201500005429;15;4;18;15;3;1;1;1;6;148;;M;4589200;319200;630
201500005430;15;6;24;1900;1;1;1;7;2;295;;M;4602500;336600;630
201500005431;15;8;11;1145;1;1;1;1;3;89;;M;4587700;323100;630
201500005432;15;9;20;1015;1;1;1;1;5;295;;M;4600900;335800;630
201500005433;15;11;1;230;3;1;1;1;7;443;;M;4594400;319600;630
201500005434;15;8;29;1200;1;1;1;1;7;339;;M;0;0;630
201500005435;15;12;18;2200;3;1;1;1;6;238;;M;0;0;630
201500005436;15;5;30;1845;1;2;2;1;3;338;rue du puit du manoir;M;4616498;283940;630
201500005437;15;7;20;1730;1;1;1;1;3;419;;M;0;0;630
201500005438;15;8;19;1015;1;1;1;1;1;338;RD 2144;M;0;0;630
201500005439;15;10;28;1815;5;2;1;2;6;338;88 rue des Bayons;M;4616200;284410;630
201500005440;15;2;18;300;3;1;1;1;6;151;;M;0;0;630
201500005441;15;3;14;1845;1;2;1;1;1;430;22 Avenue Ernest GRANGE;M;4586024;354083;630
201500005442;15;4;13;900;1;2;2;1;5;430;Av BERANGER/VOLTAIRE;M;4585211;354157;630
201500005443;15;4;22;230;3;1;1;1;7;430;;M;4586651;352616;630
201500005444;15;5;12;1945;2;1;1;1;3;430;;M;0;0;630
201500005445;15;5;18;1300;1;2;1;1;6;430;58 rue Zamehoff;M;4586199;354990;630
201500005446;15;6;4;815;1;1;1;1;1;267;а 30m RD 64;M;4590598;363342;630
201500005447;15;6;26;1630;1;1;1;1;1;138;;M;0;0;630
201500005448;15;7;4;300;5;2;1;1;6;393;rue Jean Jaures;M;4588458;359214;630
201500005449;15;2;14;1200;1;1;1;1;7;131;;M;0;0;630
201500005450;15;6;9;2300;3;1;1;1;3;469;;M;0;0;630
201500005451;15;6;5;1345;1;2;1;1;1;195;ave du gйnйral DE GAULLE;M;0;0;630
201500005452;15;8;17;1515;1;1;1;1;7;469;;M;4579100;360200;630
201500005453;15;9;25;1145;1;1;1;1;5;249;;M;0;0;630
201500005454;15;4;4;315;3;1;1;1;7;210;;M;0;0;630
201500005455;15;6;26;1715;1;1;1;1;2;180;;M;4586500;330900;630
201500005456;15;11;7;1345;1;1;2;1;3;210;;M;0;0;630
201500005457;15;12;28;15;3;1;1;1;6;271;;M;0;0;630
201500005458;15;1;5;930;1;2;1;1;6;290;2 place Jean Thomas;M;4663300;330700;30
201500005459;15;2;22;1700;2;1;1;4;7;15;;M;0;0;30
201500005460;15;8;24;1645;1;1;1;6;1;121;;M;4661700;336600;30
201500005461;15;9;6;1300;1;2;1;1;3;229;4 rue Jean Moulin;M;0;0;30
201500005462;15;10;7;1015;1;1;1;1;2;286;;M;0;0;30
201500005463;15;1;24;1300;1;1;1;4;6;146;;M;0;0;30
201500005464;15;2;2;1845;3;1;1;1;4;320;;M;0;0;30
201500005465;15;7;31;1700;1;1;1;1;1;155;;M;4677300;292800;30
201500005466;15;1;16;1815;3;1;1;1;2;265;;M;0;0;30
201500005467;15;2;17;1330;1;2;9;1;6;102;;M;0;0;30
201500005468;15;3;5;1200;1;2;2;1;1;102;CD480/CD779;M;0;0;30
201500005469;15;4;20;730;1;2;1;1;1;102;rue de vichy;M;0;0;30
201500005470;15;7;1;1230;1;1;1;1;6;300;;M;0;0;30
201500005471;15;7;24;630;2;1;1;1;1;265;;M;0;0;30
201500005472;15;7;25;800;1;1;1;1;6;177;;M;0;0;30
201500005473;15;9;9;2130;3;1;1;1;6;300;;M;0;0;30
201500005474;15;10;30;1130;1;1;1;1;2;102;;M;0;0;30
201500005475;15;12;14;1345;1;1;1;1;6;102;;M;0;0;30
201500005476;15;6;17;1945;1;1;1;1;3;156;;M;0;0;30
201500005477;15;8;2;1745;1;1;1;1;3;283;;M;4683300;303300;30
201500005478;15;8;28;2000;1;1;1;1;7;74;;M;0;0;30
201500005479;15;9;24;1530;1;1;1;1;3;25;;M;0;0;30
201500005480;15;11;17;1630;1;1;1;1;7;74;;M;4656900;360700;30
201500005481;15;12;7;1900;3;1;1;1;6;119;;M;0;0;30
201500005482;15;12;13;1115;1;1;1;1;1;120;;M;0;0;30
201500005483;15;12;18;1800;3;1;1;1;7;283;;M;0;0;30
201500005484;15;1;14;1745;2;1;1;1;4;254;;M;0;0;30
201500005485;15;2;3;1915;3;1;1;1;1;319;;M;0;0;30
201500005486;15;3;3;645;2;1;1;1;5;148;;M;0;0;30
201500005487;15;4;18;215;3;1;1;2;7;227;;M;0;0;30
201500005488;15;6;11;1730;1;1;1;2;5;254;;M;0;0;30
201500005489;15;7;9;1700;1;1;9;1;3;254;;M;0;0;30
201500005490;15;8;30;445;3;1;9;1;6;83;;M;0;0;30
201500005491;15;9;24;800;1;1;1;1;3;53;;M;0;0;30
201500005492;15;9;28;700;1;1;1;1;6;134;;M;0;0;30
201500005493;15;10;27;1115;1;2;1;1;1;254;RUE CHAMP FEUILLET;M;0;0;30
201500005494;15;11;29;1430;1;1;2;1;3;254;;M;0;0;30
201500005495;15;12;20;2230;3;1;1;1;6;59;;M;0;0;30
201500005496;15;1;23;1115;1;1;1;5;6;99;;M;4637500;302800;30
201500005497;15;2;14;200;3;1;1;1;6;247;;M;4659800;312600;30
201500005498;15;3;31;1330;1;1;1;6;6;275;;M;4651700;316000;30
201500005499;15;4;3;1215;1;1;1;1;6;169;;M;4640600;325100;30
201500005500;15;5;21;2300;3;1;1;1;6;69;;M;4646200;314800;30
201500005501;15;6;11;1130;1;1;1;1;1;99;;M;0;0;30
201500005502;15;5;30;1745;1;2;1;1;1;212;9 rue de la Prade;M;0;0;30
201500005503;15;8;30;1015;1;1;1;1;6;128;;M;0;0;30
201500005504;15;9;12;1500;1;1;1;2;7;279;;M;4626700;252800;30
201500005505;15;10;5;1115;1;1;1;2;7;305;;M;4638100;268100;30
201500005506;15;12;1;2345;3;1;1;1;7;55;;M;4642700;247600;30
201500005507;15;12;19;1815;3;1;1;1;6;288;;M;4636900;238700;30
201500005508;15;5;12;1030;1;1;2;1;3;244;;M;0;0;30
201500005509;15;6;20;300;3;1;1;1;7;206;;M;0;0;30
201500005510;15;8;10;1245;1;1;1;1;6;314;;M;0;0;30
201500005511;15;7;22;1700;1;1;1;1;1;106;;M;0;0;30
201500005512;15;10;7;1130;1;1;1;2;6;52;;M;0;0;30
201500005513;15;12;2;1245;1;2;1;7;3;82;intersection RD37 - RD45;M;0;0;30
201500005514;15;1;3;1815;5;2;1;2;6;27;28 route Nationale;M;0;0;30
201500005515;15;2;21;1045;1;2;1;1;1;315;01  avenue f?lix Mioche;M;0;0;30
201500005516;15;7;25;315;4;2;1;1;6;315;RUE DU 08 MAI 1945;M;0;0;30
201500005517;15;10;5;530;3;1;1;2;3;243;;M;0;0;30
201500005518;15;12;3;845;1;1;1;7;6;186;;M;0;0;30
201500005519;15;12;29;2215;3;2;1;9;6;315;rue emile guillaumin;M;0;0;30
201500005520;15;12;30;1645;1;2;1;1;1;186;32 boulevard de tourret;M;0;0;30
201500005521;15;1;7;1930;3;1;1;3;7;273;;M;0;0;30
201500005522;15;9;8;1730;1;1;1;1;7;110;;M;0;0;30
201500005523;15;3;11;1245;1;1;1;1;1;182;;M;4610100;324300;30
201500005524;15;5;11;1500;1;1;1;1;1;22;;M;0;0;30
201500005525;15;5;30;1015;1;1;1;1;2;268;;M;0;0;30
201500005526;15;8;23;1500;1;1;1;1;3;182;;M;0;0;30
201500005527;15;11;5;1000;1;2;1;7;6;107;7 rue du pont neuf;M;0;0;30