num_acc;an;mois;jour;hrmn;lum;agg;int;atm;col;com;adr;gps;lat;long;dep
201500005528;15;4;13;1645;1;2;1;1;1;28;intersection D907 D173;M;0;0;30
201500005529;15;8;30;2215;3;1;1;1;7;17;;M;0;0;30
201500005530;15;7;11;1830;1;1;1;1;6;138;;M;0;0;30
201500005531;15;7;5;1645;1;1;1;1;6;71;;M;0;0;30
201500005532;15;3;17;1530;1;1;1;1;7;8;;M;4606000;357300;30
201500005533;15;5;13;1430;1;1;1;1;3;165;;M;0;0;30
201500005534;15;5;24;1515;1;1;1;1;7;165;;M;4614500;365000;30
201500005535;15;5;25;1645;1;2;1;2;1;165;D7;M;4608100;366600;30
201500005536;15;3;12;1700;1;1;1;1;1;235;;M;0;0;30
201500005537;15;5;14;1715;1;2;1;1;1;298;94 avenue de chazeuil;M;0;0;30
201500005538;15;5;25;1;5;2;1;1;7;298;;M;4633500;338900;30
201500005539;15;7;31;915;1;2;1;1;6;298;;M;4632200;339600;30
201500005540;15;10;7;1645;1;1;2;1;3;215;;M;0;0;30
201500005541;15;2;16;1715;1;1;1;7;5;267;;M;4493700;234100;150
201500005542;15;4;5;1945;1;2;1;1;6;165;RD 7, le bourg;M;4502600;213900;150
201500005543;15;4;8;1445;1;1;1;1;1;221;;M;4489000;235100;150
201500005544;15;8;8;1900;1;1;1;2;6;221;;M;4488700;234700;150
201500005545;15;2;11;1415;1;1;1;1;3;184;;M;0;0;150
201500005546;15;7;15;1815;1;1;1;1;1;194;;M;0;0;150
201500005547;15;7;17;1515;1;1;1;1;1;194;;M;0;0;150
201500005548;15;7;25;1745;1;1;1;1;6;122;;M;0;0;150
201500005549;15;11;14;1415;1;1;1;1;1;196;;M;4486300;229300;150
201500005550;15;7;13;1230;1;2;1;1;2;260;CD141;M;4465200;239900;150
201500005551;15;5;3;1530;1;1;1;1;6;118;;M;0;0;150
201500005552;15;5;22;1545;1;2;1;1;5;258;19 Avenue Emile Duclaux;M;0;0;150
201500005553;15;7;8;1645;1;1;1;1;3;236;;M;0;0;150
201500005554;15;10;22;1945;5;2;1;8;1;255;Route du Carladиs;M;4489700;252000;150
201500005555;15;7;15;1915;1;1;1;1;6;63;;M;4515500;238900;150
201500005556;15;1;3;930;1;2;1;8;6;124;le bourg;M;4530000;258400;150
201500005557;15;7;4;1130;1;1;1;1;1;40;;M;4539100;281900;150
201500005558;15;5;24;1100;1;1;1;1;6;202;;M;4510300;240300;150
201500005559;15;6;28;1100;1;1;1;1;3;219;;M;4514800;250600;150
201500005560;15;8;17;1615;1;1;1;1;7;219;;M;0;0;150
201500005561;15;8;29;1500;1;1;1;1;3;66;;M;0;0;150
201500005562;15;4;7;1500;1;1;1;1;7;250;;M;4537600;250600;150
201500005563;15;5;24;1600;1;1;1;1;7;38;;M;4537600;258100;150
201500005564;15;6;19;1715;1;1;1;1;2;265;;M;0;0;150
201500005565;15;7;3;2145;3;1;1;1;7;38;;M;0;0;150
201500005566;15;8;8;1745;1;1;1;2;1;19;;M;4531500;240900;150
201500005567;15;10;23;2045;5;2;1;1;6;37;CD15;M;0;0;150
201500005568;15;1;8;930;1;1;1;5;6;188;;M;4501600;311900;150
201500005569;15;1;19;1815;5;2;6;2;6;187;rue marcellin boudet;M;0;0;150
201500005570;15;1;20;1545;1;1;1;1;3;195;;M;0;0;150
201500005571;15;5;6;1215;1;1;1;7;3;187;;M;0;0;150
201500005572;15;8;9;2130;2;1;1;8;1;231;;M;4512400;302800;150
201500005573;15;8;16;800;1;2;1;1;2;187;D926;M;4503600;308500;150
201500005574;15;10;17;1500;1;2;1;1;7;187;15 avenue du cdt Delorme;M;4503900;310000;150
201500005575;15;12;2;800;2;1;1;5;6;187;;M;4504500;308100;150
201500005576;15;2;4;1145;1;1;1;8;3;127;;M;4522000;310500;150
201500005577;15;7;29;1100;1;1;1;7;7;69;;M;4518100;310500;150
201500005578;15;5;13;1530;1;1;1;1;1;213;;M;0;0;150
201500005579;15;5;23;1630;1;1;1;1;7;1;;M;0;0;150
201500005580;15;6;28;1945;1;1;1;1;1;61;;M;0;0;150
201500005581;15;7;18;1615;1;1;1;1;7;25;;M;0;0;150
201500005582;15;11;26;1530;1;1;1;4;1;155;;M;0;0;150
201500005583;15;3;12;1330;1;1;1;1;1;154;COL DU RAYOL;M;4478450;388476;430
201500005584;15;5;7;1415;1;1;1;1;2;215;FONT CROZE;M;4480980;388022;430
201500005585;15;9;24;1115;1;2;1;1;6;77;RD 49;M;4489370;384819;430
201500005586;15;10;5;1045;1;2;1;1;6;77;RN88/RD49 BOURG;M;4489290;384896;430
201500005587;15;10;10;445;5;1;1;5;6;39;TRAVERSEE DE BIZAC;M;4494530;384775;430
201500005588;15;10;25;1145;1;1;1;1;7;39;"LIEU-DIT ""LE CHOMEIL""";;;;430
201500005589;15;12;20;1700;2;2;4;8;1;42;LE BOURG;M;4492150;380852;430
201500005590;15;5;11;1305;1;1;1;1;6;189;X;M;4528300;388371;430
201500005591;15;8;28;1815;1;2;3;7;1;80;RD9 RUE ST ROCH;M;4533000;384699;430
201500005592;15;7;16;1545;1;1;1;1;7;150;X;;;;430
201500005593;15;8;8;1400;1;1;1;8;6;253;X;M;4496890;430024;430
201500005594;15;8;10;1015;1;1;1;2;6;78;"LIEU-DIT ""LES BOURGERES""";M;4502850;394482;430
201500005595;15;8;13;1600;1;1;1;2;6;78;"LIEU-DIT ""LES BRUGERES""";M;4502890;394451;430
201500005596;15;8;19;1645;1;1;1;1;6;115;LES ASTIERS;M;4498310;406013;430
201500005597;15;8;21;1545;1;1;3;1;3;218;"LIEU-DIT ""SUMENE""";M;4503690;404739;430
201500005598;15;8;29;1515;1;1;1;1;6;115;"LIEU-DIT ""LES CROUZETS""";M;4496050;406609;430
201500005599;15;10;4;830;1;1;1;7;7;253;"LIEU-DIT ""LE CROSDO""";;;;430
201500005600;15;11;24;1330;1;1;1;1;6;218;LA PARAVENT;M;4503500;403239;430
201500005601;15;12;7;815;1;1;1;1;6;150;"LIEU-DIT""LES COMBES""";;;;430
201500005602;15;1;8;2015;3;1;1;8;3;152;VERS LE PANORAMA;M;4507010;384836;430
201500005603;15;1;10;1400;1;1;1;1;6;217;NOLHAC;;;;430
201500005604;15;4;6;1300;1;1;3;1;6;230;LE CROS DE LA GARE;M;4514770;392054;430
201500005605;15;5;2;930;1;1;1;1;6;61;LES ACACIAS;M;4509710;389823;430
201500005606;15;7;25;1800;1;1;1;7;1;254;ROUTE DE NINIROLLES;;;;430
201500005607;15;8;30;45;3;2;1;1;6;122;CONNAC;M;4513140;375282;430
201500005608;15;9;19;445;5;2;1;1;6;152;AVENUE DE MONDON;M;4505040;387485;430
201500005609;15;11;16;1600;1;1;1;1;6;61;VALLEE DE LA LOIRE;M;4510700;389648;430
201500005610;15;8;11;1545;1;1;1;1;1;117;PLAINE DES CHIROUZES;M;4524960;343517;430
201500005611;15;11;9;1710;2;2;3;7;3;40;RUE JULES VALLES;;;;430
201500005612;15;12;15;1400;1;2;3;1;3;40;AVENUE LEON BLUM;;;;430
201500005613;15;4;23;1345;1;1;1;1;1;132;X;M;4513230;348395;430
201500005614;15;8;15;445;3;1;1;1;7;70;X;M;4516390;344374;430
201500005615;15;12;6;1430;1;1;2;1;3;222;LA BRIZETTE;M;4519630;346076;430
201500005616;15;12;17;1220;1;1;4;1;3;234;10 RTE DE SAUGUES;M;4496610;354216;430
201500005617;15;1;15;1445;1;2;2;7;3;99;CD 5 ET CD 146;M;4538840;330438;430
201500005618;15;2;20;900;1;2;1;7;6;38;N102 ARVANT;M;4536430;330940;430
201500005619;15;5;20;1249;1;1;1;1;6;123;VERS AIRE DE LORLANGES;M;4533230;327045;430
201500005620;15;5;23;1830;1;1;1;1;3;88;;M;4530390;324940;430
201500005621;15;6;12;2115;2;1;1;1;6;16;"LIEU-DIT ""LA TAUPE""";M;4538720;334119;430
201500005622;15;8;25;1715;1;1;3;1;3;258;"LIEU DIT ""LA TAUPE""";M;4538730;334017;430
201500005623;15;9;9;1630;1;1;1;1;6;120;X;M;4538390;327877;430
201500005624;15;10;1;1845;1;2;3;1;3;185;RUE DE BELGIQUE;;;;430
201500005625;15;11;5;2245;3;1;4;1;3;16;VERS LE PONT D'AUZON;M;4538880;336318;430
201500005626;15;8;16;15;3;1;1;1;6;7;ZA LES VESTIAS;M;4508970;415941;430
201500005627;15;9;27;1600;1;1;1;1;6;162;"LIEU-DIT ""SAINT IGNAC""";M;4523120;406332;430
201500005628;15;2;20;45;3;1;1;1;1;127;X;M;4533550;414623;430
201500005629;15;3;28;1730;2;1;2;8;3;249;CROIX DE CHAZELET;M;4534060;403751;430
201500005630;15;5;7;1800;1;1;3;7;3;20;LABIEC;M;4532710;413386;430
201500005631;15;5;13;1815;1;1;1;1;6;211;X;;;;430
201500005632;15;5;24;1800;1;1;2;1;3;249;LE CHAZELET;M;4534420;403823;430
201500005633;15;6;11;800;1;1;1;1;6;20;"LIEU-DIT ""BASSET""";M;4529800;412315;430
201500005634;15;8;1;100;5;1;1;2;1;12;"LIEU-DIT ""SEMENE""";M;4538350;422698;430
201500005635;15;8;1;1800;1;1;1;8;5;137;VERS PONT DE LIGNON;M;4526130;415104;430
201500005636;15;9;14;1800;1;1;1;1;3;20;RUE DU PRIEURE;;;;430
201500005637;15;9;19;1615;1;1;1;3;1;12;RUE DE L'INDUSTRIE;;;;430
201500005638;15;11;10;1200;1;1;3;1;1;20;ACCES LE ROURE;M;4532590;412932;430
201500005639;15;3;23;830;1;1;1;1;7;130;X;M;4505130;424751;430
201500005640;15;2;1;1245;1;1;1;4;3;224;"LIEU-DIT ""BOUCHEROLLES""";M;4525740;420259;430
201500005641;15;5;30;1815;1;2;1;1;6;153;RUE DE LA MAIRIE;;;;430
201500005642;15;8;26;1800;1;1;2;1;3;213;"LIEU-DIT ""JOURDY""";M;4524180;427434;430
201500005643;15;10;28;1915;3;1;1;2;6;184;X;M;4536690;426814;430
201500005644;15;10;4;1215;1;1;1;1;3;227;"LIEU-DIT ""LE TREVE""";M;4529880;431649;430
201500005645;15;7;9;1315;1;1;1;1;1;244;"LIEU-DIT ""LES SUCS""";M;4511680;424653;430
201500005646;15;7;19;1400;1;1;1;1;7;199;"LIEU-DIT""LA JEANNE""";M;4513170;420135;430
201500005647;15;1;16;945;1;2;7;2;6;185;sans, ESCADRILLE NORMAND;;;;30
201500005648;15;11;10;500;4;2;3;1;3;101;sans, NERUDA ( RUE PABLO;;;;30
201500005649;15;1;16;1308;1;2;3;1;6;185;2, FAUBOURG SAINT - PIER;;;;30
201500005650;15;2;7;2055;5;2;2;1;3;185;sans, COURTAIS   (DE;;;;30
201500005651;15;10;29;1525;1;2;3;1;6;185;sans, PAUL ( RUE MARCE;;;;30
201500005652;15;1;16;1700;1;2;3;1;6;185;14 JUILLET 1789 ( RUE DU;;;;30
201500005653;15;11;17;1305;1;2;2;1;3;185;sans, REPUBLIQUE ( AV. D;;;;30
201500005654;15;4;1;1250;1;2;2;1;3;185;sans, NEGRE ( AVENUE JE;;;;30
201500005655;15;1;18;418;3;1;1;1;1;101;sans, CD943;;;;30
201500005656;15;11;13;850;1;2;1;1;6;185;sans, THIVRIER ( RUE CHR;;;;30
201500005657;15;4;14;1535;1;2;3;1;3;101;sans, CROIZAT ( AVENUE A;;;;30
201500005658;15;2;5;1645;1;2;1;1;2;185;167, DE GAULLE ( AVENUE;;;;30
201500005659;15;12;9;1415;1;2;7;1;6;185;6, PIQUAND ( PLACE EDOUA;;;;30
201500005660;15;6;22;830;1;2;1;1;6;185;145, REPUBLIQUE ( AV. DE;;;;30
201500005661;15;12;18;820;1;2;2;1;6;185;2, FAUBOURG SAINT - PIER;;;;30
201500005662;15;6;28;2100;1;1;1;1;1;101;sans, FONT - CLAUDE;;;;30
201500005663;15;7;2;230;5;2;1;1;6;185;144, DE GAULLE ( AVENUE;;;;30
201500005664;15;8;19;1325;1;2;4;1;6;185;16, SEMARD ( RUE PIERRE;;;;30
201500005665;15;8;30;1505;1;2;1;1;6;185;22, CALLAME ( VOIE ANDRE;;;;30
201500005666;15;7;15;1720;1;2;1;1;3;101;CHATEAUGAY;;;;30
201500005667;15;7;7;1705;1;1;2;1;3;211;sans, OUCHES (ROUTE D');;;;30
201500005668;15;7;21;1015;1;2;3;1;6;185;rue du 1er mai;;;;30
201500005669;15;11;16;1740;2;2;1;1;4;185;sans, PASQUIS ( RUE DE );;;;30
201500005670;15;10;30;1930;5;2;3;1;3;185;sans, NEGRE ( AVENUE JEA;;;;30
201500005671;15;9;27;220;5;2;1;1;6;185;sans, DUCHET ( RUE JACQU;;;;30
201500005672;15;1;16;815;2;2;1;2;6;190;01, LIBERATION (AVENUE D;;;;30
201500005673;15;12;3;1325;1;2;1;1;1;190;41, REGEMORTES (RUE);;;;30
201500005674;15;2;8;630;5;2;1;1;7;190;02, rue M de l'Hospital;;;;30
201500005675;15;5;13;1900;1;1;1;1;5;321;RN7;;;;30
201500005676;15;6;8;1805;1;2;1;1;6;321;110, LYON (ROUTE DE );;;;30
201500005677;15;6;24;835;1;2;6;1;1;190;77, DECIZE (RUE DE);;;;30
201500005678;15;9;23;1330;1;2;1;1;3;321;BRIAND (RUE ARISTIDE);;;;30
201500005679;15;10;9;850;2;2;6;7;6;190;ORVILLIERS (AVENUE D');;;;30
201500005680;15;1;6;1745;5;2;1;5;6;593;14 rue raymon mondon;M;4919891;603585;570
201500005681;15;1;29;515;3;2;1;1;7;17;14 route de lorry;M;0;0;570
201500005682;15;2;11;445;5;1;1;1;5;543;;M;0;0;570
201500005683;15;4;1;2100;5;2;1;1;6;415;ROUTE DE METZ-;M;0;0;570
201500005684;15;4;30;2330;3;1;1;3;7;415;;M;0;0;570
201500005685;15;5;16;1915;1;2;1;1;3;134;avenue de la libйration;M;0;0;570
201500005686;15;6;30;1845;1;1;1;1;1;17;;M;0;0;570
201500005687;15;7;26;945;1;1;1;1;1;543;;M;0;0;570
201500005688;15;8;18;1715;1;1;1;1;3;481;;M;0;0;570
201500005689;15;8;17;2315;5;1;1;1;2;543;;M;0;0;570
201500005690;15;8;22;1515;1;1;1;1;3;481;;M;0;0;570
201500005691;15;10;15;1930;3;1;1;1;7;634;;M;0;0;570
201500005692;15;7;13;1500;1;1;1;1;3;350;;M;0;0;570
201500005693;15;7;17;1745;1;1;1;1;2;352;;M;4909692;610049;570
201500005694;15;9;20;800;1;1;9;1;6;350;;M;0;0;570
201500005695;15;9;19;1700;1;1;1;8;3;153;GN 49.041 6.068;M;4903803;606998;570
201500005696;15;10;14;1800;1;1;3;1;3;39;;M;4903282;612863;570
201500005697;15;12;11;45;3;1;1;1;6;350;;M;4905621;607397;570
201500005698;15;1;17;1745;5;2;1;1;6;443;rue de l'Abani;M;4921678;611814;570
201500005699;15;2;3;1645;1;2;1;1;2;663;D55;M;0;0;570
201500005700;15;3;28;1515;1;2;1;2;2;433;40, Grand'rue;M;4921080;616069;570
201500005701;15;4;22;1730;1;1;9;1;1;645;;M;0;0;570
201500005702;15;5;14;1900;1;2;1;3;1;433;Route d'Hauconcourt;M;4921544;616089;570
201500005703;15;5;17;530;5;2;6;1;1;303;RD52;M;4921781;617795;570
201500005704;15;8;30;45;3;1;1;1;2;433;;M;0;0;570
201500005705;15;9;10;1015;1;2;8;1;6;433;66 grand rue;M;4921229;616009;570
201500005706;15;10;6;1830;1;2;1;8;3;433;60 route de hauconcourt;M;4921640;616669;570
201500005707;15;12;15;1700;2;2;1;1;3;511;Voie romaine;M;4917400;615100;570
201500005708;15;3;10;1630;1;1;1;1;6;572;;M;0;0;570
201500005709;15;3;16;1900;3;1;1;1;1;231;;M;0;0;570
201500005710;15;3;21;1830;2;1;1;1;6;162;;M;0;0;570
201500005711;15;3;28;1030;1;2;1;1;5;605;58 rue des deux villes;M;4893949;629943;570
201500005712;15;6;29;1200;1;1;1;1;6;139;;M;4901312;625905;570
201500005713;15;8;14;1400;1;2;2;1;1;652;Intersection RD67/RD5;M;0;0;570
201500005714;15;12;5;1915;1;2;1;1;3;708;rue nationale;M;4900304;620073;570
201500005715;15;2;20;1900;1;1;1;1;5;575;;M;0;0;570
201500005716;15;6;30;830;1;1;1;1;1;193;;M;0;0;570
201500005717;15;7;8;2200;3;1;1;1;1;43;;M;0;0;570
201500005718;15;7;25;1200;1;1;1;1;1;43;;M;0;0;570
201500005719;15;8;7;1730;1;1;1;7;1;200;;M;0;0;570
201500005720;15;8;23;1430;1;1;2;1;3;694;;M;4914826;624672;570
201500005721;15;9;21;1745;1;1;1;1;2;716;GN 49.156 6.288;M;4915356;626316;570
201500005722;15;10;10;1815;1;1;1;1;1;438;;M;4917900;623000;570
201500005723;15;10;16;915;1;1;2;1;3;482;;M;4911769;631923;570
201500005724;15;1;21;2145;3;1;1;1;5;97;GN 49.192 6.504;M;0;0;570
201500005725;15;6;14;915;1;1;1;1;7;167;;M;0;0;570
201500005726;15;7;3;100;3;1;1;1;6;235;GN 49.301 6.469;M;0;0;570
201500005727;15;7;9;915;1;1;2;1;3;610;;M;0;0;570
201500005728;15;10;2;1730;1;1;1;1;1;695;GN 49.112 6.434;M;0;0;570
201500005729;15;11;4;915;1;1;1;1;1;172;GN 49.175 6.545;M;0;0;570
201500005730;15;11;5;1515;1;1;1;1;2;97;;M;0;0;570
201500005731;15;3;7;1045;1;2;1;1;6;765;rue principale;M;0;0;570
201500005732;15;6;10;800;1;1;1;1;7;160;;M;0;0;570
201500005733;15;6;13;1945;1;2;1;1;6;550;112 rue de Saint-Avold;M;4915344;666101;570
201500005734;15;8;3;1045;1;1;1;1;6;205;;M;0;0;570
201500005735;15;8;9;2045;3;1;1;1;6;681;;M;0;0;570
201500005736;15;1;8;1045;1;2;1;1;6;209;Rue de Metz;M;0;0;570
201500005737;15;2;11;1745;1;1;1;1;1;276;;M;0;0;570
201500005738;15;3;8;1815;2;1;1;1;3;319;;M;0;0;570
201500005739;15;3;28;2245;3;1;1;8;1;190;;M;0;0;570
201500005740;15;5;21;1100;1;2;1;1;6;209;rue de metz, faulquemont;M;0;0;570
201500005741;15;8;10;1800;1;2;1;1;3;159;28 rue du siиge;M;4907659;658705;570
201500005742;15;4;4;1630;1;1;1;2;1;18;GN 48.834 6.495;M;0;0;570
201500005743;15;5;18;1615;1;1;1;1;1;712;;M;0;0;570
201500005744;15;6;27;2200;3;1;1;1;6;434;;M;0;0;570
201500005745;15;7;26;1900;1;1;1;2;7;625;;M;0;0;570
201500005746;15;8;31;1900;1;1;1;6;6;40;GN 48.87 6.319;M;0;0;570
201500005747;15;11;14;845;1;1;1;1;1;490;GN 48.81 6.549;M;0;0;570
201500005748;15;5;10;1630;1;1;1;1;7;494;;M;0;0;570
201500005749;15;5;10;645;2;1;1;1;6;270;;M;0;0;570
201500005750;15;5;19;100;3;1;1;1;6;11;;M;0;0;570
201500005751;15;6;3;945;1;1;1;1;1;71;;M;0;0;570
201500005752;15;10;2;2115;5;2;1;1;6;255;9 rue de Fйnйtrange;M;4879336;700150;570
201500005753;15;11;3;830;1;2;1;1;1;177;Avenue du Gl De Gaulle;M;4881164;671750;570
201500005754;15;11;14;1515;1;1;1;1;6;86;;M;0;0;570
201500005755;15;3;10;1830;5;1;1;2;5;596;;M;0;0;570
201500005756;15;3;24;1430;1;2;9;1;6;13;2 RUE DES DAHLIAS;M;4918474;698668;570
201500005757;15;9;26;430;3;1;1;1;7;665;;M;4912207;693016;570
201500005758;15;1;5;845;1;1;1;4;1;466;;M;0;0;570
201500005759;15;1;5;2200;5;2;1;5;1;669;19 rue de folkling;M;0;0;570
201500005760;15;1;12;1830;5;2;1;1;6;316;1 rue de la paix;M;4909654;685363;570
201500005761;15;1;12;1215;1;2;1;1;6;207;rue du stade;M;0;0;570
201500005762;15;1;23;2030;3;2;1;8;6;644;;M;0;0;570
201500005763;15;1;27;400;3;1;1;9;7;207;;M;0;0;570
201500005764;15;3;10;1130;1;2;1;1;1;207;11 grand'rue;M;4911695;686951;570
201500005765;15;4;16;1;5;1;6;1;6;669;;M;0;0;570
201500005766;15;4;15;1315;1;1;1;1;1;337;;M;0;0;570
201500005767;15;4;16;1600;1;2;3;1;3;207;38 rue de tenteling;M;4915095;692441;570
201500005768;15;5;22;1515;1;2;1;1;6;207;;M;0;0;570
201500005769;15;5;22;1945;1;2;1;1;1;144;rue nationale;M;0;0;570
201500005770;15;10;14;1400;1;1;1;8;7;466;;M;0;0;570
201500005771;15;11;24;1700;3;1;1;4;1;316;;M;0;0;570
201500005772;15;5;21;1615;1;1;1;1;3;115;;M;0;0;570
201500005773;15;6;3;1630;1;2;1;1;6;560;rue des noisetiers;M;0;0;570
201500005774;15;7;9;2230;3;1;1;1;7;409;;M;0;0;570
201500005775;15;1;5;1545;1;1;1;8;1;302;;M;0;0;570
201500005776;15;5;16;145;5;2;1;2;6;3;RUE DU GENERAL LECLERC;M;0;0;570
201500005777;15;6;4;1245;1;1;1;7;7;763;;M;0;0;570
201500005778;15;12;28;500;3;1;6;1;7;468;;M;0;0;570
201500005779;15;2;2;1830;5;2;1;1;6;589;4 rue de strasbourg;M;0;0;570
201500005780;15;5;1;1800;1;2;6;1;3;260;Avenue Marchande;M;0;0;570
201500005781;15;5;19;1045;1;1;1;1;5;408;;M;4915532;698281;570
201500005782;15;7;4;2100;1;1;1;1;2;631;;M;0;0;570
201500005783;15;9;27;145;5;1;1;1;3;633;;M;0;0;570
201500005784;15;5;31;1145;1;1;1;1;2;103;;M;0;0;570
201500005785;15;9;29;1530;1;1;1;1;3;188;GN 49.008 7.506;M;0;0;570
201500005786;15;11;17;2330;3;2;1;1;6;658;Rue de la Vallйe;M;0;0;570
201500005787;15;4;15;1100;1;2;1;1;3;206;3, Rue de la Centrale;M;0;0;570
201500005788;15;4;19;2145;5;2;1;1;3;206;Z.I de la FELTIERE;M;0;0;570
201500005789;15;8;9;1715;1;1;1;1;7;724;;M;0;0;570
201500005790;15;11;14;1700;2;1;1;1;1;206;;M;0;0;570
201500005791;15;4;18;815;1;1;1;7;7;179;GN 49.343 6.278;M;0;0;570
201500005792;15;4;29;1445;1;1;1;1;3;464;;M;0;0;570
201500005793;15;7;6;1745;1;1;1;1;1;67;GN 49.309 6.172;M;0;0;570
201500005794;15;8;20;1715;1;1;1;1;6;331;;M;0;0;570
201500005795;15;8;23;1145;1;1;1;1;7;359;;M;0;0;570
201500005796;15;9;8;1745;1;1;1;1;2;287;;M;0;0;570
201500005797;15;9;12;1015;1;2;1;1;1;179;carrefour D61 D56;M;4933484;626901;570
201500005798;15;10;5;1700;1;1;1;1;7;359;;M;0;0;570
201500005799;15;12;9;1915;5;2;1;1;1;370;16 rue de Sierck;M;4939990;628881;570
201500005800;15;4;9;930;1;2;9;7;6;474;362 rue de Metz;M;4925965;616992;570
201500005801;15;7;4;1730;1;1;4;1;3;582;;M;4929204;616756;570
201500005802;15;8;22;2145;3;1;1;1;6;582;;M;0;0;570
201500005803;15;9;8;1030;1;2;1;1;6;474;356 rue de Metz;M;4925925;616987;570
201500005804;15;10;1;830;1;2;1;7;6;474;Rue du docteur Marchal;M;0;0;570
201500005805;15;2;4;800;1;1;1;9;6;320;;M;4888206;609229;540
201500005806;15;10;11;400;5;2;1;1;7;424;1 Grande rue;M;0;0;540
201500005807;15;12;5;1230;1;1;1;1;7;276;;M;0;0;540
201500005808;15;12;18;730;2;1;1;1;1;188;;M;0;0;540
201500005809;15;1;30;1115;1;1;1;4;3;113;;M;4874128;632904;540
201500005810;15;5;8;1500;1;2;1;1;6;462;Grand Bois de Xarthe;M;4859789;635478;540
201500005811;15;7;9;1715;1;2;1;1;1;311;route d'art sur meurthe;M;4866353;630306;540
201500005812;15;7;19;1100;1;1;1;1;3;301;;M;4880275;631313;540
201500005813;15;8;17;415;3;1;1;1;6;296;;M;4872300;627500;540
201500005814;15;8;17;1900;1;1;1;1;7;89;;M;4875700;625900;540
201500005815;15;8;21;130;3;1;1;1;6;358;;M;4875700;625300;540
201500005816;15;10;23;200;3;1;1;1;6;296;;M;4873300;630500;540
201500005817;15;12;13;245;3;1;1;1;7;250;;M;4865700;635000;540
201500005818;15;12;28;800;2;2;9;5;6;462;16 rue gambetta;M;4859500;633300;540
201500005819;15;2;20;1615;1;2;1;1;3;430;rue leonard de vinci;M;4877698;613405;540
201500005820;15;7;1;2245;5;2;1;1;3;430;88 avenue  DE GAULLE;M;4877399;613037;540
201500005821;15;7;9;1445;1;1;1;1;6;150;;M;4881321;616789;540
201500005822;15;7;16;645;1;1;1;1;2;215;;M;4875675;613872;540
201500005823;15;8;14;1100;1;2;6;1;6;150;place de la libйration;M;4879005;614293;540
201500005824;15;9;3;1800;1;2;1;1;3;430;136 bd de finlande;M;4876200;616400;540
201500005825;15;10;4;1345;1;2;9;1;1;150;marechal de lattre de ta;M;0;0;540
201500005826;15;10;7;245;5;1;1;2;7;351;;M;4879300;618000;540
201500005827;15;10;14;15;5;2;1;2;3;215;rue de metz;M;0;0;540
201500005828;15;10;25;815;2;2;1;1;3;215;RUE DE METZ;M;0;0;540
201500005829;15;11;5;1945;3;1;1;1;3;115;;M;4874200;615585;540
201500005830;15;11;23;1600;1;2;1;1;6;115;1 rue de l ecole;M;4873243;616709;540
201500005831;15;3;9;1400;1;1;2;1;3;196;;M;4892400;631400;540
201500005832;15;3;22;1800;1;2;1;1;3;123;rue de nancy;M;4862790;612290;540
201500005833;15;4;6;1645;1;2;2;1;3;111;Rue Edmond PINTIER;M;4861690;609098;540
201500005834;15;5;1;1930;1;2;1;2;6;397;68 T rue Jean Jaures;M;4861978;610565;540
201500005835;15;6;20;1245;1;1;1;1;3;196;;M;4855300;618700;540
201500005836;15;8;2;1615;1;1;1;1;5;336;;M;4857779;606091;540
201500005837;15;9;18;1645;1;1;1;1;1;437;;M;4891600;621100;540
201500005838;15;9;29;800;1;2;1;1;3;366;RD115;M;4802200;620400;540
201500005839;15;11;17;1445;1;2;1;1;3;397;Rue Jean Jaures;M;4862335;611140;540
201500005840;15;11;23;645;2;1;1;9;1;142;;M;4845900;624200;540
201500005841;15;11;24;1315;1;1;1;1;1;397;;M;4862000;608700;540
201500005842;15;8;19;1115;1;1;1;1;6;275;;M;4897843;589059;540
201500005843;15;1;4;1745;3;1;3;1;3;513;;M;4847109;611465;540
201500005844;15;8;14;1500;1;1;3;1;3;434;;M;4844400;612500;540
201500005845;15;9;27;1745;1;1;1;1;3;109;;M;4852000;615700;540
201500005846;15;1;5;730;1;2;1;1;6;310;0, GARE (PLACE DE LA);;;;30
201500005847;15;3;16;1240;1;2;1;1;3;23;157, AUBERGER (AVENUE FE;;;;30
201500005848;15;1;10;1850;5;2;3;1;3;310;GRAMONT (AVENUE DE);;;;30
201500005849;15;3;27;1150;1;2;1;1;6;310;0, TASSIGNY (BOULEVARD M;;;;30
201500005850;15;3;28;1215;1;2;3;1;3;95;0, BICENTENAIRE (BOULEVA;;;;30
201500005851;15;1;16;1835;5;2;4;2;3;310;GRAMONT (AVENUE DE);;;;30
201500005852;15;1;22;1635;1;2;3;1;6;310;100, JAURES (RUE JEAN);;;;30
201500005853;15;4;8;940;1;1;2;1;3;310;0, LYON (AVENUE DE);;;;30
201500005854;15;1;22;1830;5;2;3;1;3;23;0, VICHY (AVENUE DE);;;;30
201500005855;15;4;9;750;1;2;3;1;3;310;52, BARTINS (RUE DES);;;;30