num_acc;an;mois;jour;hrmn;lum;agg;int;atm;col;com;adr;gps;lat;long;dep
201500005856;15;1;30;2200;5;1;2;8;2;95;165, CHARMEIL (ROUTE DE);;;;30
201500005857;15;4;14;1410;1;2;6;1;7;95;0, PEUPLIERS (RUE DES);;;;30
201500005858;15;2;5;423;5;2;1;1;6;23;60, DE GAULLE (AVENUE DU;;;;30
201500005859;15;4;15;600;5;1;1;1;6;23;11, CHARMEIL (ROUTE DE);;;;30
201500005860;15;2;15;500;4;1;1;8;6;23;GANNAT (ROUTE DE);;;;30
201500005861;15;4;16;1030;1;1;1;1;6;95;RD 906B;;;;30
201500005862;15;2;15;1305;1;2;6;1;6;23;0, DE GAULLE (AVENUE DU;;;;30
201500005863;15;2;21;2310;5;2;6;8;6;310;0, TASSIGNY (BOULEVARD M;;;;30
201500005864;15;5;8;1305;1;2;1;1;1;95;0, VICHY (AVENUE DE;;;;30
201500005865;15;3;6;1330;1;1;3;1;6;95;0, CHASSIGNOL (ROUTE DE);;;;30
201500005866;15;5;11;1400;1;2;7;1;6;95;, TRACY (COUR);;;;30
201500005867;15;3;11;2030;5;2;1;1;6;310;0, DOUMER (AVENUE DU PRE;;;;30
201500005868;15;5;22;1305;1;2;2;1;3;310;MUTUALITE (BOULEVARD;;;;30
201500005869;15;3;14;2330;5;2;2;1;6;310;20, GRAVES (BOULEVARD DE;;;;30
201500005870;15;5;29;815;1;1;1;1;2;95;89, PARIS (ROUTE DE);;;;30
201500005871;15;5;30;1715;1;2;3;1;6;310;0, DOUMER (AVENUE DU PRE;;;;30
201500005872;15;6;3;1757;1;2;6;1;2;310;0, SCHUMAN (ROND POINT R;;;;30
201500005873;15;6;7;1915;1;2;2;1;3;310;0, BINTOT (RUE);;;;30
201500005874;15;6;8;750;1;2;3;1;3;310;0, THERMALE PROLONGEE (A;;;;30
201500005875;15;6;17;1115;1;2;3;1;6;310;0, DOUMER (AVENUE DU PRE;;;;30
201500005876;15;6;30;1950;1;1;3;1;3;23;EUROPE (AVENUE DE L');M;4614120;340623;30
201500005877;15;6;30;2200;2;2;2;1;3;95;0, DARCIN (RUE DE);M;4613567;344623;30
201500005878;15;7;9;1920;1;2;1;1;6;310;0, LUCAS (RUE);M;4612624;342186;30
201500005879;15;7;16;1225;1;2;3;1;6;310;0, CELESTINS (AVENUE DES;M;4612458;342975;30
201500005880;15;7;29;1110;1;2;1;2;1;310;44, VICTORIA (AVENUE);M;4612808;342482;30
201500005881;15;8;10;530;5;2;1;1;6;310;97, CHARLOT (RUE);M;4613215;342338;30
201500005882;15;8;14;1045;1;2;3;1;3;310;0, TASSIGNY (BOULEVARD M;;;;30
201500005883;15;9;4;1550;1;2;2;1;3;310;0, BEL AIR (RUE DU);M;4613521;341813;30
201500005884;15;9;8;1115;1;2;1;1;1;95;0, EUROPE (AVENUE DE L');;;;30
201500005885;15;9;10;1620;1;2;3;1;3;310;0, JOFFRE (RUE DU MARECH;M;4612259;342787;30
201500005886;15;9;15;2215;5;2;2;2;6;310;0, VOLTAIRE (RUE);M;4612349;343117;30
201500005887;15;9;18;1525;1;2;1;1;3;95;6, ANJOU (RUE D');;;;30
201500005888;15;10;6;1850;1;2;3;8;3;95;CHARMEIL (ROUTE DE);M;4614097;344475;30
201500005889;15;10;9;930;1;2;3;1;6;310;PONCET (AVENUE);M;4613223;342339;30
201500005890;15;10;10;1600;1;1;2;1;7;310;0, ETATS-UNIS (BOULEVARD;M;4612343;341757;30
201500005891;15;10;15;1350;1;2;1;1;6;310;0, TASSIGNY (BOULEVARD M;;;;30
201500005892;15;10;27;1750;2;2;1;2;2;310;AILES (ALLEE DES);M;4614172;341659;30
201500005893;15;11;3;755;1;2;1;2;6;310;49, GRAMONT (AVENUE DE);M;4612984;343224;30
201500005894;15;11;8;1455;1;2;1;1;1;1;0, LIBERTE (RUE DE LA);M;4609844;344331;30
201500005895;15;11;4;1800;2;2;3;1;6;310;53, GAMBETTA (BOULEVARD);M;4612813;342774;30
201500005896;15;11;18;1600;1;2;2;1;3;310;0, BARTINS (RUE DES);M;4613649;343123;30
201500005897;15;11;28;2150;5;2;1;1;6;310;14, THIERS (RUE DE);M;4611870;343546;30
201500005898;15;12;11;1740;3;2;1;1;1;23;0, BURLOT (RUE JEAN-BAPT;M;4611639;340395;30
201500005899;15;12;4;1820;5;2;1;1;6;23;AUBERGER (AVENUE FERNAND;M;4611466;341180;30
201500005900;15;12;14;1105;1;2;3;1;6;310;0, MUTUALITE (BOULEVARD;;;;30
201500005901;15;12;24;255;5;2;1;1;6;95;13, MARCHE AU BLE (RUE D;M;4613207;345490;30
201500005902;15;12;22;1845;5;2;1;1;6;310;35, CELESTINS (AVENUE DE;M;4612230;342768;30
201500005903;15;12;26;1105;1;2;1;1;5;95;0, BICENTENAIRE (BOULEVA;M;4614134;344883;30
201500005904;15;1;22;745;2;1;1;1;7;413;;M;4922083;583264;540
201500005905;15;3;20;1700;1;1;1;1;1;249;;M;4909377;584611;540
201500005906;15;4;2;1715;1;1;1;1;6;353;;M;4910413;587709;540
201500005907;15;4;16;2300;3;1;1;1;1;82;;M;4916272;582273;540
201500005908;15;6;27;1845;1;2;1;1;7;93;2 Rue de la chapelle;M;4912400;581500;540
201500005909;15;7;4;2245;1;1;1;1;7;171;;M;4915214;594252;540
201500005910;15;7;9;1000;1;1;2;1;3;478;rd13A/Le Chateau;M;4912264;597866;540
201500005911;15;7;20;1945;1;1;1;1;3;477;;M;4902175;591232;540
201500005912;15;8;23;1445;1;1;1;2;7;171;;M;4915100;591900;540
201500005913;15;12;23;1815;3;1;1;1;6;581;;M;4911700;588300;540
201500005914;15;2;19;1345;1;1;1;1;7;96;;M;4943500;587100;540
201500005915;15;4;23;1815;1;2;1;1;3;533;43 rue marx raty;M;4932531;592584;540
201500005916;15;5;17;1845;1;1;3;1;3;598;;M;4935228;576643;540
201500005917;15;5;30;1700;1;1;1;1;1;69;;M;4937600;590700;540
201500005918;15;9;21;1030;1;2;1;1;6;425;08/05/1945;M;4952800;530600;540
201500005919;15;5;15;800;1;1;9;1;1;269;;M;4861309;637130;540
201500005920;15;6;4;1745;1;1;8;1;3;125;;M;0;0;540
201500005921;15;12;18;1215;1;1;1;1;6;83;;M;0;0;540
201500005922;15;12;24;1445;1;1;1;1;6;83;;M;0;0;540
201500005923;15;9;5;1615;1;1;1;1;7;393;;M;4849300;658600;540
201500005924;15;2;12;845;1;1;1;5;6;222;;M;4850400;650200;540
201500005925;15;3;27;2015;5;2;1;1;7;76;30 avenue pierre semard;M;4855620;639800;540
201500005926;15;5;4;1345;1;1;1;1;1;222;;M;4851915;647869;540
201500005927;15;8;20;2000;2;1;1;1;3;595;;M;4853509;646122;540
201500005928;15;9;26;30;5;2;1;1;7;152;25 Rue du Mchal Leclerc;M;4855900;638700;540
201500005929;15;11;24;1745;3;2;1;2;6;152;ROUTE DE BLAINVILLE;M;4856700;636700;540
201500005930;15;12;13;1315;1;1;1;1;7;565;;M;4855900;632400;540
201500005931;15;12;29;715;3;1;9;1;1;565;;M;4857700;635300;540
201500005932;15;4;5;1030;1;2;1;1;6;40;Rue Marechal foch;M;4849750;689692;540
201500005933;15;5;9;745;1;1;1;1;6;129;;M;4858300;698100;540
201500005934;15;9;7;1615;1;1;1;1;6;406;;M;4854300;672400;540
201500005935;15;11;5;2030;3;1;1;1;6;230;;M;4860635;685592;540
201500005936;15;11;21;115;3;1;1;8;7;39;;M;4845148;673221;540
201500005937;15;2;5;700;3;1;1;9;6;135;;M;4851100;588300;540
201500005938;15;4;3;1645;1;1;1;2;6;46;;M;4853163;586653;540
201500005939;15;6;14;2030;1;1;4;1;3;223;;M;4855429;599926;540
201500005940;15;6;30;1215;1;1;1;1;3;232;;M;4868918;599257;540
201500005941;15;6;28;45;3;1;1;1;6;414;;M;0;0;540
201500005942;15;8;2;2130;3;1;1;1;6;494;;M;4847700;593600;540
201500005943;15;8;16;2330;5;2;1;1;6;73;rue Nicolas Chenin;M;4862631;591316;540
201500005944;15;9;11;1915;1;1;1;1;6;105;;M;4855700;585100;540
201500005945;15;9;14;1315;1;1;1;3;6;80;;M;4860100;584200;540
201500005946;15;11;15;630;3;1;1;1;1;405;;M;4855900;595200;540
201500005947;15;12;12;1400;1;2;1;1;6;242;ROUTE DE L'EGLISE;M;4817600;560100;540
201500005948;15;1;20;1800;3;1;1;1;4;466;;M;4878170;586173;540
201500005949;15;2;24;1615;1;1;1;1;7;208;;M;0;0;540
201500005950;15;3;13;1800;1;1;1;1;6;584;;M;0;0;540
201500005951;15;3;22;2115;2;1;2;1;1;584;;M;4874558;594730;540
201500005952;15;3;27;730;1;1;1;1;2;490;;M;4879181;603809;540
201500005953;15;4;10;1615;1;1;1;1;3;490;;M;4880509;602918;540
201500005954;15;5;10;1245;1;2;1;1;3;225;R.petite suisse Lorraine;M;4883390;601361;540
201500005955;15;5;31;245;3;1;1;1;6;7;;M;4874227;604996;540
201500005956;15;8;7;1730;1;1;1;1;6;584;;M;4871282;596491;540
201500005957;15;8;19;1345;1;1;1;1;5;340;;M;4889180;596191;540
201500005958;15;12;15;1845;3;1;1;2;3;557;;M;4870100;605300;540
201500005959;15;2;7;1615;1;1;1;1;6;378;;M;0;0;550
201500005960;15;4;15;2000;1;1;1;1;6;178;;M;0;0;550
201500005961;15;4;16;1700;1;1;2;1;3;177;;M;0;0;550
201500005962;15;5;4;1900;1;1;1;1;7;427;;M;0;0;550
201500005963;15;7;14;1345;1;1;1;1;6;101;;M;0;0;550
201500005964;15;10;9;1545;1;1;1;1;1;366;;M;0;0;550
201500005965;15;12;21;1615;1;2;1;7;6;11;40 grande rue;M;0;0;550
201500005966;15;2;10;2200;3;1;1;1;6;326;;M;0;0;550
201500005967;15;2;1;1230;1;1;1;4;6;315;;M;0;0;550
201500005968;15;3;4;1045;1;2;3;1;1;519;rue de la gare;M;4872100;528653;550
201500005969;15;5;26;2100;2;1;1;1;7;470;;M;0;0;550
201500005970;15;7;20;1845;1;2;1;1;3;10;1 rue Paquet;M;0;0;550
201500005971;15;9;6;1800;1;1;1;1;6;296;;M;0;0;550
201500005972;15;9;18;1930;1;2;1;1;1;61;24 rue de Mйnil;M;0;0;550
201500005973;15;10;18;1815;1;1;1;1;1;335;;M;0;0;550
201500005974;15;10;21;645;3;1;1;1;7;466;;M;0;0;550
201500005975;15;11;7;1045;1;2;1;1;6;221;47/49 rue L. bompard;M;0;0;550
201500005976;15;4;5;1745;1;1;1;1;6;184;;M;0;0;550
201500005977;15;4;10;1845;1;2;6;1;7;288;rue nationale;M;0;0;550
201500005978;15;4;21;1630;1;2;1;7;6;122;PLACE CHARLES DE GAULLE;M;0;0;550
201500005979;15;12;5;2130;3;1;1;1;7;553;;M;4877100;560000;550
201500005980;15;12;9;1715;5;2;1;1;6;122;rue grosdidier;M;0;0;550
201500005981;15;12;25;1015;1;2;1;7;6;122;avenue des tilleuls;M;0;0;550
201500005982;15;6;17;545;1;1;1;1;1;312;;M;4892671;552421;550
201500005983;15;8;19;1400;1;1;1;1;6;159;;M;4894200;549300;550
201500005984;15;12;25;2315;3;1;1;1;7;463;;M;4890100;544800;550
201500005985;15;2;6;315;3;1;1;4;7;533;;M;0;0;550
201500005986;15;4;26;300;3;1;1;1;6;59;;M;0;0;550
201500005987;15;9;1;2245;1;1;1;3;1;573;;M;4868500;562400;550
201500005988;15;10;9;1415;1;1;1;1;1;472;;M;0;0;550
201500005989;15;4;27;615;2;2;1;1;1;351;RD 643 lieu dit TIVOLI;M;0;0;550
201500005990;15;9;15;1330;1;1;1;2;3;351;;M;0;0;550
201500005991;15;1;16;1745;5;2;1;2;6;347;16 rue de Verdun;M;0;0;550
201500005992;15;3;18;1815;2;1;1;1;5;73;;M;0;0;550
201500005993;15;6;23;1700;1;1;1;1;1;154;;M;4909200;542100;550
201500005994;15;6;30;1700;1;1;2;1;3;537;;M;4921300;548700;550
201500005995;15;1;7;1130;1;2;1;8;6;117;11 ROUTE DE VARENNES;M;0;0;550
201500005996;15;1;10;1845;3;2;1;2;6;346;rue d'Argonne;M;0;0;550
201500005997;15;5;12;1445;1;1;1;1;6;65;;M;0;0;550
201500005998;15;4;13;1430;1;2;1;1;6;181;Rue Nouvelle;M;4900000;500000;550
201500005999;15;4;14;1400;1;2;1;1;6;461;Rue de la chaussйe;M;0;0;550
201500006000;15;4;16;1530;1;1;1;1;6;515;;M;0;0;550
201500006001;15;5;6;1745;1;1;1;3;6;244;;M;4918109;560916;550
201500006002;15;7;19;2015;1;2;1;1;6;317;Chemin du Guй;M;4911240;559706;550
201500006003;15;9;11;645;2;2;1;1;5;2;route nationale;M;0;0;550
201500006004;15;12;28;800;2;1;1;5;6;198;;M;0;0;550
201500006005;15;1;30;1830;3;1;1;4;3;388;;M;4813135;637786;880
201500006006;15;3;25;1115;1;1;1;8;6;178;;M;4817598;640937;880
201500006007;15;5;6;815;1;1;1;1;1;134;;M;4814149;648310;880
201500006008;15;6;12;1600;1;2;1;1;6;134;475 rue de la papeterie;M;4813699;647288;880
201500006009;15;12;23;1600;2;1;1;8;5;136;;M;4822810;645426;880
201500006010;15;6;10;1000;1;2;1;1;6;78;1 rue gambetta;M;4820872;672158;880
201500006011;15;6;18;1545;1;1;1;1;6;91;;M;4817934;659294;880
201500006012;15;11;7;1400;1;1;1;7;3;78;;M;4820199;672191;880
201500006013;15;1;10;1100;1;1;3;2;3;513;;M;4835048;631824;880
201500006014;15;1;20;2115;5;1;1;1;7;513;;M;4833463;632539;880
201500006015;15;6;10;1830;1;2;3;1;3;70;Grande rue;M;4833446;623310;880
201500006016;15;9;20;1815;1;1;3;1;1;90;;M;4836809;627523;880
201500006017;15;9;26;1530;1;1;1;1;6;90;;M;4836463;629001;880
201500006018;15;9;28;1815;2;1;2;1;3;513;;M;4835051;631855;880
201500006019;15;9;29;1615;1;1;2;1;3;513;;M;4835051;631855;880
201500006020;15;11;2;1500;1;1;1;1;2;327;;M;4832254;636168;880
201500006021;15;11;12;1445;1;2;1;1;6;90;;M;4837224;629285;880
201500006022;15;4;16;1530;1;1;1;1;6;61;;M;4807961;594462;880
201500006023;15;5;2;1845;1;1;1;2;6;421;;M;4800629;530147;880
201500006024;15;7;7;1445;1;1;1;1;3;162;;M;4816322;605458;880
201500006025;15;8;28;1645;1;2;9;2;6;310;Chemin de la Courtine;M;4803070;598037;880
201500006026;15;10;17;1630;1;1;1;1;6;475;;M;4809377;574491;880
201500006027;15;11;9;545;3;1;1;1;6;124;;M;4806729;608322;880
201500006028;15;2;28;2300;3;1;1;8;6;410;;M;4838173;678538;880
201500006029;15;6;7;1830;1;1;1;1;2;77;;M;4835126;670800;880
201500006030;15;7;21;1430;1;1;1;1;1;395;;M;4835619;689308;880
201500006031;15;8;30;1815;1;1;1;1;3;251;50 Rue de la Colline des;M;4832491;672674;880
201500006032;15;10;13;1230;1;1;1;1;1;8;;M;4837583;667783;880
201500006033;15;1;13;1515;1;2;1;1;6;327;38  rue de l'Eglise;M;4830688;638354;880
201500006034;15;1;24;2245;3;1;1;1;1;454;;M;4826420;654797;880
201500006035;15;1;31;715;2;2;1;4;7;465;cd 46;M;4825736;653396;880
201500006036;15;2;14;1945;5;2;1;2;1;454;RD46;M;4825718;653392;880
201500006037;15;2;21;1915;5;2;1;8;7;94;19 avenue leon  Lejeau;M;4831995;640240;880
201500006038;15;2;28;445;3;1;1;1;6;327;;M;4829404;637707;880
201500006039;15;3;28;745;1;1;1;1;6;327;;M;4832322;636021;880
201500006040;15;4;23;2230;3;1;1;1;6;204;;M;4824257;644582;880
201500006041;15;5;1;2045;3;1;1;2;1;327;Face Z.I. Innothйra;M;4831690;636889;880
201500006042;15;5;24;1630;1;2;6;1;7;465;rue lorraine;M;4826213;640812;880
201500006043;15;7;31;1830;1;1;1;1;6;497;;M;4829569;641561;880
201500006044;15;8;2;1345;1;2;1;7;3;247;16 rue Marie Jules;M;4827384;639318;880
201500006045;15;9;7;1735;1;1;1;1;7;40;;M;4826208;647634;880
201500006046;15;10;14;2015;5;2;2;1;3;200;route de mazeley;M;4823149;633796;880
201500006047;15;11;23;130;3;1;1;1;6;379;;M;4835008;650350;880
201500006048;15;12;24;1900;1;1;1;1;1;313;;M;4833472;641966;880
201500006049;15;1;22;2000;5;2;1;2;1;225;444 routes d'arches;M;4809826;649576;880
201500006050;15;9;6;700;2;2;1;1;6;134;;M;4814232;647225;880
201500006051;15;9;6;530;2;1;1;1;6;530;;M;4804177;641286;880
201500006052;15;12;6;215;3;1;1;1;6;225;;M;4806790;648383;880
201500006053;15;12;31;500;3;1;1;8;6;530;;M;4805150;637644;880
201500006054;15;3;18;1445;1;2;7;1;6;321;PLACE ALBERT VOILQUIN;M;4835688;569210;880
201500006055;15;4;8;1815;1;2;3;7;3;460;rue du moulin;M;4840391;573335;880
201500006056;15;4;18;430;3;1;1;1;6;74;;M;4836472;548547;880
201500006057;15;8;19;2330;3;1;1;1;1;241;;M;4829698;589217;880
201500006058;15;9;9;1000;1;2;1;1;4;321;division Leclerc;M;4836322;569398;880
201500006059;15;9;21;1245;1;2;1;1;6;321;1 avenue de Herringen;M;4835863;569261;880
201500006060;15;5;11;1400;1;1;1;1;7;652;;M;4722498;462130;210
201500006061;15;1;9;1930;5;2;2;1;6;304;Rue Victor Hugo;M;4830597;613389;880
201500006062;15;3;1;2145;3;1;1;1;1;525;;M;4827466;615428;880
201500006063;15;3;29;1530;1;1;9;1;1;237;;M;4821748;628453;880
201500006064;15;4;6;1445;1;1;2;1;1;368;;M;4830796;659883;880
201500006065;15;4;9;800;1;2;1;1;3;6;428 Rue du Menil;M;4834558;613909;880
201500006066;15;6;15;945;1;1;1;2;7;508;;M;4818657;620038;880
201500006067;15;12;24;1045;1;2;2;1;6;304;rue GERMINI;M;4830707;613385;880
201500006068;15;5;6;1330;1;1;1;1;2;524;;M;4817650;571925;880
201500006069;15;5;30;1900;1;1;1;1;6;285;;M;4821725;590093;880
201500006070;15;8;26;2115;3;1;1;1;1;332;;M;4820127;593208;880
201500006071;15;12;17;1845;4;1;1;1;2;516;;M;4819162;592468;880
201500006072;15;4;25;1430;1;1;1;1;3;464;;M;4810674;669002;880
201500006073;15;6;23;1115;1;1;1;1;5;487;;M;4792181;646781;880
201500006074;15;10;18;1445;1;1;1;1;3;487;Route des Scieries;M;4796809;648754;880
201500006075;15;3;7;1615;1;1;1;1;3;447;;M;4795610;674445;880
201500006076;15;3;28;930;1;1;1;2;7;75;;M;4801302;694747;880
201500006077;15;5;30;915;1;2;1;1;6;486;Rue du Gйnйral DE GAULE;M;4800912;671653;880
201500006078;15;7;21;1745;1;1;1;1;6;116;;M;4798082;683339;880
201500006079;15;10;5;830;5;2;7;3;6;447;avenue Jules Ferry;M;4794822;677323;880
201500006080;15;12;17;1730;2;2;1;1;6;75;01 quai des iranйes;M;4800353;687477;880
201500006081;15;2;23;1015;1;1;1;4;4;426;;M;4785737;682166;880
201500006082;15;3;8;1545;1;1;1;1;3;170;;M;4791041;670206;880
201500006083;15;5;1;300;5;2;1;3;6;426;16 rue d'Alsace;M;4786378;682648;880
201500006084;15;7;6;1730;1;1;1;7;1;170;;M;4789689;673182;880
201500006085;15;8;12;1730;1;1;1;1;6;302;;M;4791359;679831;880
201500006086;15;9;1;2230;3;1;6;1;7;408;;M;4790707;669597;880
201500006087;15;3;8;1745;1;1;1;1;7;386;;M;4826051;699199;880
201500006088;15;4;6;2215;3;1;1;1;7;182;;M;4829128;705851;880
201500006089;15;11;7;300;3;1;1;3;3;445;;M;4825148;695726;880
201500006090;15;12;13;315;3;1;1;1;6;375;;M;4826425;704873;880
201500006091;15;1;6;1745;1;2;1;1;1;9;1042 rue de saint die;M;4820085;694543;880
201500006092;15;5;10;1100;1;2;1;1;3;9;Route dйpartementale 415;M;4819154;695118;880
201500006093;15;5;23;1730;1;1;1;1;7;349;;M;4812855;702882;880
201500006094;15;6;12;1000;1;1;1;1;2;9;;M;4817249;692609;880
201500006095;15;9;6;1830;1;1;1;1;3;198;;M;4810352;690613;880
201500006096;15;9;12;1000;1;2;1;1;2;181;2, rue du gйnral Ingold;M;4818381;700273;880
201500006097;15;10;9;1600;1;1;1;1;6;218;;M;4814200;682228;880
201500006098;15;12;16;2015;4;2;1;2;1;423;rue de l'йglise;M;4821539;694477;880
201500006099;15;12;22;1715;3;1;1;8;1;492;;M;4805708;701062;880
201500006100;15;4;22;2330;3;1;1;1;6;196;;M;4807332;682639;880
201500006101;15;6;10;2130;2;1;1;1;6;196;;M;4806441;686272;880
201500006102;15;7;6;1615;1;1;1;1;6;196;;M;4807206;686343;880
201500006103;15;9;20;1830;2;1;1;1;3;531;;M;4805470;700512;880
201500006104;15;1;6;1000;1;1;1;1;7;245;;M;4835015;694543;880
201500006105;15;1;29;1745;5;2;1;2;6;451;;M;4839101;698014;880
201500006106;15;3;13;700;1;1;2;1;3;328;;M;4832163;684722;880
201500006107;15;4;18;1745;1;1;1;1;7;33;Col d'Hermanpaire;M;4836126;702766;880
201500006108;15;7;14;2245;3;2;1;1;6;372;paul langevin;M;4840380;684504;880
201500006109;15;1;13;1830;1;2;3;1;3;28;Rue du Moulin;M;0;0;670
201500006110;15;5;6;1845;1;2;1;1;7;28;1 F rue du Piйmont;M;0;0;670
201500006111;15;5;24;430;5;1;1;1;6;246;PV,SENS BENFELD-SELESTAT;M;0;0;670
201500006112;15;6;20;1045;1;1;1;1;7;412;;M;0;0;670
201500006113;15;7;27;1015;1;2;1;1;3;397;intersection rue de frie;M;0;0;670
201500006114;15;8;17;1915;1;1;1;1;1;146;;M;0;0;670
201500006115;15;10;11;345;3;1;1;1;6;464;;M;0;0;670
201500006116;15;10;21;2200;5;2;1;1;3;216;7 rue du 1erdйcembre;M;0;0;670
201500006117;15;11;1;800;2;1;1;5;6;28;;M;0;0;670
201500006118;15;11;26;700;5;2;1;2;6;28;rue de Strasbourg;M;0;0;670
201500006119;15;5;19;815;1;1;1;1;1;268;;M;0;0;670
201500006120;15;9;13;515;5;2;1;2;6;131;;M;0;0;670
201500006121;15;12;4;800;1;2;1;1;3;131;14 rue Fusiliers Marins;M;0;0;670
201500006122;15;12;7;1545;1;2;1;1;6;378;RUE DU COIN DES LIEVRES;M;0;0;670
201500006123;15;1;13;1830;5;2;1;1;1;130;45 RUE DU PRINTEMPS;M;0;0;670
201500006124;15;1;21;830;1;1;1;1;1;526;;M;0;0;670
201500006125;15;1;27;645;3;1;1;1;7;130;;M;0;0;670
201500006126;15;2;13;1515;1;1;6;1;1;130;;M;0;0;670
201500006127;15;3;22;1500;1;2;9;1;3;130;25 avenue de la gare;M;0;0;670
201500006128;15;5;19;800;1;2;1;8;6;130;avenue de la gare;M;0;0;670
201500006129;15;6;7;1700;1;2;1;1;6;130;cd426 montйe pont sncf;M;0;0;670
201500006130;15;6;27;1230;1;2;3;1;1;154;;M;0;0;670
201500006131;15;7;21;1000;1;2;1;1;3;130;rue Merciиre;M;0;0;670
201500006132;15;8;16;1615;1;1;1;1;1;130;;M;0;0;670
201500006133;15;9;3;1000;1;1;9;1;6;130;;M;0;0;670
201500006134;15;9;7;745;1;2;1;1;3;130;16 RUE OBERLIN;M;0;0;670
201500006135;15;9;15;1200;1;2;1;1;3;130;39 rue du printemps;M;0;0;670
201500006136;15;10;8;1615;1;2;1;1;6;336;RUE DU RIED;M;0;0;670
201500006137;15;10;30;2230;5;2;9;1;1;526;rue du 20 novembre;M;0;0;670
201500006138;15;12;6;1845;3;1;9;1;1;130;;M;0;0;670
201500006139;15;1;2;2045;3;1;1;8;6;348;;M;0;0;670
201500006140;15;1;16;1745;5;2;1;2;6;348;rue du Gal Leclerc;M;0;0;670
201500006141;15;3;25;730;1;2;1;1;3;348;RD322;M;0;0;670
201500006142;15;5;19;915;1;1;9;1;3;248;;M;0;0;670
201500006143;15;6;6;1630;1;2;1;1;1;348;41 RUE GENERAL LECLERC;M;0;0;670
201500006144;15;6;21;1400;1;1;1;1;6;348;;M;0;0;670
201500006145;15;6;29;2200;5;2;1;1;6;286;267 rue principale;M;0;0;670
201500006146;15;9;16;1530;1;1;1;1;3;248;;M;0;0;670
201500006147;15;11;18;1415;1;1;1;1;1;348;;M;0;0;670
201500006148;15;12;8;1015;1;1;1;5;7;348;;M;0;0;670
201500006149;15;12;15;1430;1;2;1;1;2;348;2 rue des bonnes gens;M;0;0;670
201500006150;15;1;6;815;2;1;1;5;1;331;;M;0;0;670
201500006151;15;3;13;1415;1;1;1;1;7;540;;M;0;0;670
201500006152;15;6;9;1200;1;1;2;1;1;87;;M;0;0;670
201500006153;15;7;13;1745;1;1;1;1;1;203;;M;0;0;670
201500006154;15;7;17;1700;1;1;1;1;2;359;;M;0;0;670
201500006155;15;10;26;445;3;1;1;1;1;87;;M;0;0;670
201500006156;15;12;18;1315;1;2;1;1;6;458;Rue du chвteau d'eau;M;0;0;670
201500006157;15;6;9;2230;3;1;1;1;2;46;;M;0;0;670
201500006158;15;6;10;1215;1;1;6;1;7;46;;M;0;0;670
201500006159;15;10;16;1830;2;2;1;1;3;449;89 rue principale;M;0;0;670
201500006160;15;4;29;1330;1;1;1;1;6;188;;M;0;0;670
201500006161;15;6;5;1000;1;1;1;1;2;80;;M;0;0;670
201500006162;15;9;6;600;2;2;1;8;6;128;rue de la Gare;M;0;0;670
201500006163;15;9;12;145;3;1;1;8;7;168;;M;0;0;670
201500006164;15;11;3;845;1;2;9;1;6;300;Rue henri MECK;M;0;0;670
201500006165;15;11;8;1400;1;1;1;7;1;127;;M;0;0;670
201500006166;15;11;23;1630;2;2;1;1;6;101;24 faubourg des Vosges;M;0;0;670
201500006167;15;6;26;1100;1;1;1;1;6;167;;M;0;0;670
201500006168;15;8;21;1730;1;1;1;1;1;299;;M;0;0;670
201500006169;15;9;25;1700;1;1;1;1;1;411;;M;0;0;670
201500006170;15;12;9;315;3;1;1;2;6;52;;M;0;0;670
201500006171;15;1;2;945;1;1;1;1;1;59;;M;0;0;670
201500006172;15;3;24;715;1;2;1;1;3;20;de Lattre de Tassigny;M;0;0;670
201500006173;15;4;20;2130;3;1;1;1;6;420;;M;0;0;670
201500006174;15;5;7;1745;1;1;1;1;7;543;;M;0;0;670
201500006175;15;5;15;1830;1;2;1;1;6;66;;M;0;0;670
201500006176;15;5;28;1200;1;1;1;1;6;420;;M;0;0;670
201500006177;15;7;13;1100;1;1;1;1;1;165;;M;0;0;670
201500006178;15;4;13;1200;1;1;2;1;1;122;;M;0;0;670
201500006179;15;4;16;1745;1;2;2;1;1;520;rue de la vallйe;M;0;0;670
201500006180;15;5;11;1500;1;1;6;1;3;240;;M;0;0;670
201500006181;15;6;15;1630;1;2;1;1;6;30;rue des Vosges;M;0;0;670
201500006182;15;6;18;1130;1;1;1;1;1;313;;M;0;0;670
201500006183;15;6;19;1515;1;1;1;1;7;520;;M;0;0;670
201500006184;15;8;31;1700;1;2;1;1;6;525;rue du geisweg;M;0;0;670
201500006185;15;9;26;1830;1;2;1;1;7;282;rue du gйnйral de Gaulle;M;0;0;670