num_acc;an;mois;jour;hrmn;lum;agg;int;atm;col;com;adr;gps;lat;long;dep
201500006186;15;9;24;1945;5;2;1;8;2;372;RUE DE SAVERNE;M;0;0;670
201500006187;15;3;8;2100;3;1;1;1;6;191;;M;0;0;670
201500006188;15;8;10;500;5;1;6;1;6;91;;M;0;0;670
201500006189;15;9;1;1645;1;1;1;3;1;156;PV, rue du Gal de Gaulle;M;4871500;775700;670
201500006190;15;2;5;1515;1;1;1;1;6;548;;M;0;0;670
201500006191;15;3;20;1900;5;2;1;1;3;202;RUE DE BOUXWILLER;M;0;0;670
201500006192;15;4;4;1630;1;1;1;1;6;138;;M;0;0;670
201500006193;15;5;17;1500;1;1;1;1;1;109;;M;0;0;670
201500006194;15;6;12;2100;2;1;1;2;1;214;;M;0;0;670
201500006195;15;7;2;830;1;1;2;7;1;363;;M;0;0;670
201500006196;15;7;23;1800;1;1;3;1;3;548;;M;0;0;670
201500006197;15;8;1;1445;1;1;1;1;1;173;;M;0;0;670
201500006198;15;10;4;130;5;1;1;2;1;173;;M;0;0;670
201500006199;15;10;31;815;1;1;1;2;6;253;;M;0;0;670
201500006200;15;2;7;1800;5;2;9;1;6;205;119 rue de la R?publique;M;0;0;670
201500006201;15;2;10;1830;3;1;1;1;6;519;;M;0;0;670
201500006202;15;2;20;1130;1;2;1;1;6;205;rue de la ,r?publique;M;0;0;670
201500006203;15;3;15;530;3;1;1;1;6;151;;M;0;0;670
201500006204;15;4;3;1;3;1;1;1;1;529;;M;0;0;670
201500006205;15;7;31;1430;1;1;1;1;1;519;PV;M;0;0;670
201500006206;15;8;26;1530;1;1;1;1;2;237;;M;0;0;670
201500006207;15;2;21;1700;1;2;1;1;6;65;25 rue principale;M;0;0;670
201500006208;15;3;28;45;3;1;1;1;4;226;;M;0;0;670
201500006209;15;4;5;645;2;1;1;1;6;1;;M;0;0;670
201500006210;15;4;7;1630;1;1;1;1;6;1;PV,SENS HOLTZHEIM-ACHENH;M;0;0;670
201500006211;15;4;25;430;5;2;1;1;6;1;47 Rue Bourgend;M;0;0;670
201500006212;15;7;20;1530;1;1;1;1;6;551;;M;0;0;670
201500006213;15;7;31;745;1;2;1;1;6;118;avenue du Gle de gaulle;M;0;0;670
201500006214;15;8;13;1630;1;2;1;1;6;118;Rue Jean MONNET;M;0;0;670
201500006215;15;9;3;1145;1;1;1;1;1;65;PV;M;0;0;670
201500006216;15;12;4;1715;2;1;1;2;1;65;;M;0;0;670
201500006217;15;2;23;1515;1;1;1;2;1;115;;M;0;0;670
201500006218;15;4;1;1715;1;2;1;1;1;115;52 route Nationale;M;0;0;670
201500006219;15;5;4;1445;1;1;1;1;3;73;;M;0;0;670
201500006220;15;6;21;1700;1;1;1;1;6;505;;M;0;0;670
201500006221;15;8;19;1100;1;1;1;1;1;445;;M;0;0;670
201500006222;15;8;20;1000;1;2;1;1;6;317;4 rue des pins;M;0;0;670
201500006223;15;10;2;1300;1;1;1;1;1;73;;M;0;0;670
201500006224;15;11;19;1715;5;2;1;2;6;507;place Charles De Gaulle;M;0;0;670
201500006225;15;2;21;1130;1;1;1;1;1;295;;M;0;0;670
201500006226;15;5;16;1630;1;1;1;1;1;51;;M;0;0;670
201500006227;15;1;7;745;1;1;1;8;7;90;;M;0;0;670
201500006228;15;2;10;2015;3;1;1;1;6;360;;M;0;0;670
201500006229;15;2;14;1915;3;1;1;1;1;486;;M;0;0;670
201500006230;15;2;23;1630;1;1;1;2;3;277;;M;0;0;670
201500006231;15;3;9;1645;1;2;1;1;6;281;parking rue des cerisier;M;0;0;670
201500006232;15;3;18;600;2;1;1;1;3;310;;M;0;0;670
201500006233;15;3;20;1230;1;2;1;1;1;311;rue WELCHINGER;M;0;0;670
201500006234;15;4;27;1445;1;2;1;1;3;461;rue de Hessenheim;M;0;0;670
201500006235;15;6;13;1345;1;1;1;1;6;195;;M;0;0;670
201500006236;15;6;13;1800;1;1;1;1;6;281;;M;0;0;670
201500006237;15;7;2;1400;1;1;1;1;3;398;;M;0;0;670
201500006238;15;8;16;115;3;1;1;3;7;311;;M;0;0;670
201500006239;15;11;3;700;1;2;1;8;1;311;53 rue welschinger;M;0;0;670
201500006240;15;12;15;730;3;1;1;1;6;486;;M;0;0;670
201500006241;15;12;28;1545;1;2;1;1;7;461;;M;0;0;670
201500006242;15;12;4;1700;1;1;1;1;7;453;;M;0;0;670
201500006243;15;5;20;1400;1;2;1;1;6;544;route d'altenstadt;M;0;0;670
201500006244;15;6;12;1615;1;1;1;8;3;451;;M;0;0;670
201500006245;15;6;26;2145;2;2;1;1;1;351;1 rue des йglises;M;0;0;670
201500006246;15;7;1;745;1;1;1;1;1;494;;M;0;0;670
201500006247;15;9;6;1330;1;1;1;1;1;544;;M;0;0;670
201500006248;15;11;2;1715;5;2;1;1;2;544;09 rue vauban;M;0;0;670
201500006249;15;12;8;830;1;1;1;5;1;544;;M;0;0;670
201500006250;15;4;10;1545;1;2;1;1;3;463;8 av Gйnйral Schneider;M;0;0;670
201500006251;15;10;5;1645;1;1;1;1;6;25;;M;4885700;809099;670
201500006252;15;3;23;1445;1;2;3;1;3;184;Rue de la Gare;M;0;0;670
201500006253;15;3;31;1530;1;1;3;6;3;206;;M;0;0;670
201500006254;15;7;26;1145;1;1;1;1;3;474;;M;0;0;670
201500006255;15;8;9;400;3;1;1;1;6;474;;M;0;0;670
201500006256;15;9;12;1730;1;2;1;2;1;474;28 rue de SELTZ;M;0;0;670
201500006257;15;5;12;1745;1;1;1;1;7;303;;M;0;0;670
201500006258;15;6;7;1545;1;1;1;1;2;260;;M;0;0;670
201500006259;15;10;10;1730;1;1;1;1;6;550;;M;0;0;670
201500006260;15;10;25;1000;1;2;1;2;2;550;47 GRAND RUE WOERTH;M;0;0;670
201500006261;15;1;24;1645;1;1;1;4;6;9;;M;4811534;753076;680
201500006262;15;3;21;1545;1;2;1;1;1;146;RD4 III;M;0;0;680
201500006263;15;3;27;1400;1;2;3;1;3;145;place du 1er f?vrier;M;4808081;739402;680
201500006264;15;4;24;1145;1;1;6;1;3;9;;M;4811609;753568;680
201500006265;15;5;22;1700;1;1;1;1;3;295;;M;4801413;737308;680
201500006266;15;6;23;700;1;1;2;7;3;157;;M;4812290;746810;680
201500006267;15;6;24;2000;1;1;6;1;3;366;;M;4810983;743869;680
201500006268;15;9;23;945;1;1;1;1;3;295;;M;0;0;680
201500006269;15;11;13;1530;1;1;1;1;6;172;;M;4808522;753460;680
201500006270;15;1;6;945;1;2;1;1;6;175;40 rue du Gal DUFIEUX;M;4815281;716857;680
201500006271;15;2;1;345;3;1;1;4;6;249;;M;4811314;714414;680
201500006272;15;2;23;2215;3;1;1;2;6;175;;M;4814995;717419;680
201500006273;15;4;15;1330;1;1;2;1;3;175;;M;4814587;717964;680
201500006274;15;5;4;930;1;2;1;1;3;164;12 Route du Vin;M;4813711;722784;680
201500006275;15;6;3;1400;1;1;1;1;1;162;;M;4813488;726885;680
201500006276;15;6;15;745;1;1;1;2;5;310;;M;4813149;731699;680
201500006277;15;6;18;2045;1;1;1;8;3;23;;M;4816121;733733;680
201500006278;15;8;3;1600;1;1;1;7;6;249;;M;4812525;709647;680
201500006279;15;11;14;1730;3;1;3;1;3;5;;M;4812482;724870;680
201500006280;15;2;4;730;2;2;1;8;6;329;26 route de la Schlucht;M;4805137;710811;680
201500006281;15;2;10;1400;1;2;1;7;1;226;De Lattre de Tassigny;M;4803923;714351;680
201500006282;15;2;10;2330;3;2;1;1;6;226;D417;M;4804775;721084;680
201500006283;15;2;14;1115;1;2;3;1;3;226;rue Martin Hilti;M;4804293;716057;680
201500006284;15;3;1;1830;2;1;1;2;3;317;;M;4805746;710267;680
201500006285;15;5;17;1015;1;1;1;1;1;311;;M;4798729;705985;680
201500006286;15;6;11;730;1;2;3;1;7;204;Intersection CD10-CD10VI;M;4801311;707144;680
201500006287;15;6;16;1630;1;2;1;1;1;142;rue principale;M;4805388;718282;680
201500006288;15;6;28;1500;1;1;1;1;5;317;;M;4806762;705982;680
201500006289;15;6;29;1445;1;2;1;1;1;173;LA FAITE 245;M;4811116;718705;680
201500006290;15;9;19;2130;3;2;3;2;1;223;rue principale;M;4802541;705246;680
201500006291;15;12;19;2030;3;1;1;1;6;226;;M;4804548;712375;680
201500006292;15;9;28;1840;1;1;1;1;5;379;;M;4803204;750586;680
201500006293;15;10;28;830;1;2;1;1;6;352;voie romaine;M;4801645;753831;680
201500006294;15;11;5;1045;1;1;1;1;6;352;;M;4800935;754133;680
201500006295;15;4;12;1345;1;1;1;1;7;296;RD48 1;M;4825858;730076;680
201500006296;15;6;9;615;1;1;1;1;1;153;;M;4816865;746288;680
201500006297;15;6;14;1730;1;1;1;1;7;28;;M;4823792;731601;680
201500006298;15;6;30;2030;1;1;3;1;3;269;;M;4818912;735028;680
201500006299;15;7;3;2145;2;1;1;1;6;113;;M;4818701;741948;680
201500006300;15;7;28;1130;1;2;1;1;6;269;Rue de la Marne;M;4819383;731549;680
201500006301;15;10;13;745;2;1;1;1;7;269;;M;4820334;726868;680
201500006302;15;7;5;1300;1;1;1;1;3;298;;M;4822804;722634;680
201500006303;15;12;29;600;5;2;1;8;6;283;34 rue Gйnйral DE GAULLE;M;0;0;680
201500006304;15;2;3;1345;1;2;1;1;1;338;ROUTE DE INGERSHEIM;M;4808723;728787;680
201500006305;15;4;20;945;1;1;6;1;7;155;;M;4810391;730353;680
201500006306;15;7;24;930;1;2;1;1;6;374;12 rue Herzog;M;4808563;731639;680
201500006307;15;8;31;1645;1;1;4;7;1;338;;M;4805383;725844;680
201500006308;15;9;24;1830;1;1;1;1;1;134;;M;4801668;733596;680
201500006309;15;9;24;915;1;1;1;1;4;374;;M;0;0;680
201500006310;15;10;30;1845;5;2;1;8;3;338;route des trois epis;M;0;0;680
201500006311;15;11;3;1600;1;2;1;1;3;66;64 rue Robert Schumann;M;4808233;732539;680
201500006312;15;12;23;1900;5;2;1;1;6;155;route de Colmar;M;4809256;730968;680
201500006313;15;2;18;1300;1;2;1;1;3;138;18 rue de betendrof;M;4758549;752957;680
201500006314;15;6;23;1300;1;2;6;7;3;4;R hirtzbach/2 cuirassier;M;4761686;723625;680
201500006315;15;6;29;1900;1;1;1;1;1;139;;M;4759868;722999;680
201500006316;15;7;10;1815;1;1;1;1;6;4;;M;4762677;724280;680
201500006317;15;7;10;1000;1;1;1;1;6;62;;M;4762948;720081;680
201500006318;15;7;12;2215;5;2;1;1;3;108;Rue du Chemin de fer;M;4756772;729571;680
201500006319;15;7;25;830;2;1;1;1;3;4;;M;4763263;726161;680
201500006320;15;9;10;1815;1;1;1;1;3;4;;M;4757754;728422;680
201500006321;15;12;19;1915;5;2;1;1;3;108;rue du chemin de fer;M;4756772;729571;680
201500006322;15;12;21;800;1;1;1;2;1;62;;M;4760123;716130;680
201500006323;15;7;19;1915;1;1;1;1;6;2;;M;4759861;710159;680
201500006324;15;9;23;700;2;1;1;1;1;282;;M;0;0;680
201500006325;15;12;16;1845;5;2;1;2;6;68;rue du bassin;M;0;0;680
201500006326;15;4;7;1515;1;1;1;1;6;340;;M;4753889;714519;680
201500006327;15;4;19;1715;1;1;1;1;7;312;;M;4747502;734032;680
201500006328;15;5;24;315;3;1;1;1;6;305;;M;4753241;715563;680
201500006329;15;5;28;2000;1;1;1;1;3;186;;M;4747122;728910;680
201500006330;15;5;30;1730;1;1;1;1;3;176;;M;4756828;719543;680
201500006331;15;5;31;2115;3;1;1;1;6;87;;M;4753241;723839;680
201500006332;15;7;22;1645;1;1;1;1;1;380;;M;4744498;738028;680
201500006333;15;8;3;1830;1;2;1;1;1;202;rue de fulleren;M;4759200;713099;680
201500006334;15;9;6;30;5;2;3;1;6;98;55 rue principale;M;4756557;714969;680
201500006335;15;9;11;1630;1;1;1;1;1;259;;M;4746501;735502;680
201500006336;15;12;9;1600;1;2;1;1;6;87;6 rue des prиs;M;4753460;726477;680
201500006337;15;1;9;1315;1;1;1;2;6;82;;M;4786810;746850;680
201500006338;15;1;10;1845;3;1;4;2;3;258;;M;4782624;728525;680
201500006339;15;3;20;1700;1;1;3;1;3;228;;M;4792814;735827;680
201500006340;15;4;12;1330;1;2;1;7;6;91;rue du rhin;M;4791439;735827;680
201500006341;15;5;16;1600;1;2;1;1;2;258;45 rue d'Ensisheim;M;4752848;730915;680
201500006342;15;5;22;230;3;1;1;1;6;235;;M;4798211;743174;680
201500006343;15;6;14;1615;1;1;1;7;7;91;;M;4191278;757411;680
201500006344;15;6;15;645;2;1;1;2;6;82;;M;4783907;734308;680
201500006345;15;6;14;1345;1;1;1;1;6;140;;M;4790556;741309;680
201500006346;15;6;19;1730;1;2;1;1;1;82;rue de pulversheim;M;4785856;733947;680
201500006347;15;6;26;2000;2;1;2;1;3;228;;M;4792388;735745;680
201500006348;15;7;11;2030;1;1;1;1;1;235;;M;4799759;736589;680
201500006349;15;7;21;1030;1;1;1;1;1;140;;M;4792075;744794;680
201500006350;15;8;15;2215;2;2;1;1;6;228;;M;4792820;734375;680
201500006351;15;9;9;345;3;1;1;1;6;91;;M;4791402;757467;680
201500006352;15;10;21;1445;1;1;9;1;3;41;;M;4787360;751482;680
201500006353;15;10;21;2345;3;1;1;1;6;41;;M;4785914;751934;680
201500006354;15;11;5;1730;5;2;3;1;3;82;rue d'Ungersheim;M;4786749;733828;680
201500006355;15;11;18;900;1;1;1;1;7;241;;M;4794440;736303;680
201500006356;15;12;7;1545;2;1;2;7;3;234;;M;4794235;741711;680
201500006357;15;12;20;1115;1;2;1;1;3;266;cd 201;M;0;0;680
201500006358;15;12;28;1745;3;1;1;1;3;258;;M;0;0;680
201500006359;15;1;7;1730;3;1;1;1;3;318;;M;4797960;722571;680
201500006360;15;4;3;2005;3;1;1;2;7;123;RD83 PR37+000;M;4801326;730794;680
201500006361;15;4;23;1415;1;1;1;1;7;318;RD40 PR3+700;M;4795524;721053;680
201500006362;15;7;11;1330;1;2;1;1;1;251;7, rue de Soultzmatt;M;4798613;722019;680
201500006363;15;8;25;1310;1;1;1;1;2;318;;M;4796026;721422;680
201500006364;15;2;24;815;1;2;1;1;6;154;Rue pierre curie;M;4776934;736025;680
201500006365;15;3;18;1630;1;2;1;1;2;154;rue de Pfastatt;M;4778066;734218;680
201500006366;15;5;12;1145;1;2;1;1;6;154;rue de Mulhouse;M;4776978;734715;680
201500006367;15;9;10;1700;1;2;6;1;6;154;avenue des Rives de l'Il;M;4777773;735327;680
201500006368;15;9;30;930;1;2;4;1;6;154;rue de Kingersheim;M;4778246;734493;680
201500006369;15;12;10;1915;5;2;3;1;3;154;rue de Mulhouse;M;4777659;734693;680
201500006370;15;12;19;1215;1;2;1;1;6;154;rue de berne;M;0;0;680
201500006371;15;1;30;1400;1;2;1;1;6;94;rue de delle;M;4754959;743916;680
201500006372;15;2;20;1230;1;1;1;1;5;135;;M;4758120;752398;680
201500006373;15;3;12;1200;1;2;1;1;6;135;rue des peupliers;M;4756870;750988;680
201500006374;15;5;15;745;2;2;1;2;6;120;;M;4753739;749115;680
201500006375;15;5;13;1915;1;1;1;1;3;94;;M;4755455;744480;680
201500006376;15;6;6;1230;1;1;1;1;1;135;;M;4758911;754723;680
201500006377;15;6;27;1800;1;2;1;1;6;232;rue des tilleuls;M;4752485;751082;680
201500006378;15;6;30;2345;3;1;6;1;3;135;;M;4757284;750078;680
201500006379;15;7;25;1700;1;1;1;1;7;120;;M;4753357;748599;680
201500006380;15;10;22;1815;1;1;1;1;2;42;;M;4760664;750057;680
201500006381;15;12;3;900;1;2;1;1;3;149;rue du Palmrain;M;4760062;758568;680
201500006382;15;12;28;1800;5;2;1;1;1;263;62 rue de belfort;M;0;0;680
201500006383;15;1;28;745;1;1;1;9;3;163;;M;4766771;750900;680
201500006384;15;4;17;1145;1;1;1;1;6;309;;M;4763569;749310;680
201500006385;15;5;25;1100;1;1;3;1;3;21;;M;4763677;750183;680
201500006386;15;6;18;2200;5;1;1;2;1;163;;M;4767990;750020;680
201500006387;15;8;28;1345;1;1;3;1;1;301;;M;4769132;742222;680
201500006388;15;9;1;1650;1;1;2;1;1;21;RD66 A35;M;4763618;749806;680
201500006389;15;9;21;815;1;1;1;5;2;324;;M;4765793;734623;680
201500006390;15;11;8;1430;1;2;4;1;1;174;rue du pays basque;M;4768512;738831;680
201500006391;15;1;16;2230;5;2;2;2;3;348;RN 66;M;4780463;711964;680
201500006392;15;3;13;945;1;2;1;1;6;40;Rue du chemin de fer;M;4783188;707610;680
201500006393;15;5;27;1715;1;2;3;1;2;334;Avenue Pasteur;M;4779592;711247;680
201500006394;15;2;5;1815;3;2;1;6;6;63;14 faubourg de belfort;M;4776117;717289;680
201500006395;15;3;13;1615;1;2;4;1;3;342;rue du stade;M;4751383;718482;680
201500006396;15;3;21;1715;1;1;1;1;6;342;;M;0;0;680
201500006397;15;3;28;1145;1;1;1;1;3;63;;M;0;0;680
201500006398;15;4;22;1345;1;2;3;1;1;63;rue de l'Asile;M;4779807;717177;680
201500006399;15;5;4;1345;1;2;1;1;3;63;Rue du Bramont;M;4781351;718378;680
201500006400;15;5;6;1245;1;2;3;1;3;63;WITTELSHEIM ROUTE;M;4780241;715992;680
201500006401;15;5;9;1715;1;1;1;1;7;359;;M;4784019;715031;680
201500006402;15;7;25;1130;1;1;1;1;3;63;;M;4778555;714918;680
201500006403;15;8;14;830;1;2;1;1;6;63;rue des Prйs;M;4780646;717842;680
201500006404;15;9;25;845;1;1;1;1;1;63;;M;4778807;717789;680
201500006405;15;9;25;945;1;2;1;7;6;63;rue Poincarй;M;0;0;680
201500006406;15;9;18;1930;2;1;1;1;6;342;;M;4783321;715710;680
201500006407;15;10;15;1215;1;2;1;2;7;63;rue de Wattwiller;M;4781055;715154;680
201500006408;15;11;28;330;3;1;1;1;6;359;;M;0;0;680
201500006409;15;12;21;1745;3;1;1;1;6;342;;M;4782897;716236;680
201500006410;15;7;16;1400;1;2;1;7;6;217;rue charles de gaulle;M;4786339;704557;680
201500006411;15;9;26;1530;1;1;1;1;3;370;;M;4798636;696609;680
201500006412;15;11;3;1345;1;2;1;1;1;292;place foch;M;0;0;680
201500006413;15;11;3;1730;5;2;1;1;3;217;80 rue gйnйral de gaulle;M;0;0;680
201500006414;15;12;16;1715;3;2;9;2;3;292;01 rue de l'industrie;M;0;0;680
201500006415;15;4;28;2115;3;1;1;1;6;115;;M;4775061;710723;680
201500006416;15;5;24;430;5;2;3;1;7;59;CD103;M;4771404;716259;680
201500006417;15;7;5;1130;1;1;1;1;6;11;;M;4775308;715271;680
201500006418;15;7;28;2315;3;1;1;8;6;59;;M;4772710;718823;680
201500006419;15;10;18;945;1;1;2;1;3;60;;M;4773300;712600;680
201500006420;15;12;6;900;1;1;1;1;6;59;;M;4772768;718020;680
201500006421;15;1;15;745;2;1;1;8;1;18;D19;M;0;0;510
201500006422;15;4;26;2200;3;1;1;3;6;227;D2;M;4891137;436308;510
201500006423;15;5;8;500;3;2;1;1;6;303;D37;M;4901173;418658;510
201500006424;15;7;7;1330;1;1;1;1;7;617;N44/DECELERATION;M;4903411;431981;510
201500006425;15;7;25;1200;1;1;1;1;1;548;D994;M;4897517;465591;510
201500006426;15;9;18;1915;2;1;1;3;6;409;D977;M;4887110;428117;510
201500006427;15;9;28;730;1;1;1;1;1;161;D37;M;4903325;417509;510
201500006428;15;1;3;30;3;1;3;5;6;97;D79/D994;M;0;0;510
201500006429;15;1;18;300;3;1;1;9;6;559;D931;M;0;0;510
201500006430;15;3;9;2200;3;1;1;1;1;587;D994;M;4906438;440894;510
201500006431;15;4;1;1315;1;2;1;1;6;388;D21;M;4913811;436562;510
201500006432;15;4;12;145;4;2;1;8;6;544;RUE DU MONT TIERCON;M;0;0;510
201500006433;15;5;4;1800;1;2;7;1;1;559;ZAC LA LOUVIERE;M;4911780;454176;510
201500006434;15;5;10;445;2;2;1;1;6;388;D994;M;4908652;434755;510
201500006435;15;7;1;715;1;2;1;1;1;559;D977;M;4913215;453360;510
201500006436;15;7;14;30;3;1;1;1;7;97;D79;M;4909083;453611;510
201500006437;15;8;20;1215;1;1;1;1;6;203;D977;M;4903792;443797;510
201500006438;15;9;29;1800;1;1;1;9;7;559;D79;M;4910530;454083;510
201500006439;15;10;1;715;2;1;1;7;5;486;D931;M;4917754;445137;510
201500006440;15;3;1;345;5;2;1;2;6;142;C. DE LA GRANGE AUX BOIS;M;4899378;391998;510
201500006441;15;8;11;1145;1;1;2;1;3;434;D3/D337;M;4901379;407240;510
201500006442;15;8;15;615;1;1;1;1;7;281;D240;M;4896636;397293;510
201500006443;15;9;23;1200;1;2;1;1;6;612;D9;M;4890206;400418;510
201500006444;15;10;24;145;3;1;1;1;2;630;D36;M;4893047;394508;510
201500006445;15;10;26;630;2;1;1;5;7;435;D337;M;4894114;416049;510
201500006446;15;10;31;1900;3;1;1;1;1;434;D3;M;4901419;406797;510
201500006447;15;11;6;900;1;1;1;1;1;93;D951;M;4896533;386150;510
201500006448;15;12;12;1815;1;1;1;2;1;378;D40;M;4900677;394467;510
201500006449;15;12;20;600;5;2;3;1;3;469;D37/VC;M;4893387;410025;510
201500006450;15;2;9;1800;2;2;1;1;6;85;RUE DU VIEUX MOULIN;M;0;0;510
201500006451;15;5;2;1630;1;2;1;1;6;217;rue de la sablonniere;M;4908406;365260;510
201500006452;15;5;13;430;5;2;1;1;6;346;D3;M;4908134;375773;510
201500006453;15;5;16;1845;1;1;1;1;6;85;D23;M;4899218;366825;510
201500006454;15;5;19;1645;1;2;1;1;6;346;D23E3;M;0;0;510
201500006455;15;6;18;2030;2;1;1;1;6;217;D3;M;4906639;363032;510
201500006456;15;6;18;1730;1;1;1;1;6;136;D1;M;4909635;375099;510
201500006457;15;6;18;1515;1;1;1;1;6;396;D23;M;4902841;371954;510
201500006458;15;7;1;1830;1;1;1;1;7;199;D24;M;4913779;382647;510
201500006459;15;9;10;630;2;1;1;1;2;609;D1;M;4909405;369106;510
201500006460;15;10;27;1830;2;2;1;1;6;217;D3;M;4907793;364231;510
201500006461;15;10;20;930;1;1;3;5;6;425;D980/D801;M;4914420;370684;510
201500006462;15;11;7;1900;3;1;1;1;1;410;D3;M;4907965;377476;510
201500006463;15;4;26;145;3;1;1;2;6;165;VC;M;4873125;390576;510
201500006464;15;6;19;815;1;1;1;1;6;545;D977;M;4873939;420632;510
201500006465;15;3;27;1100;1;2;1;7;3;381;D951;M;4892355;380476;510
201500006466;15;7;26;1630;1;2;1;3;3;542;D951;M;4880872;373011;510
201500006467;15;8;21;1945;2;1;1;7;7;42;D951;M;4883529;375749;510
201500006468;15;9;20;2100;3;1;1;1;6;381;D951;M;4893181;382316;510
201500006469;15;11;18;1730;5;2;1;1;6;380;D933;M;4887193;354146;510
201500006470;15;12;22;715;2;1;1;1;1;235;D373;M;4877577;364824;510
201500006471;15;1;15;1315;1;2;1;2;1;343;D50;M;0;0;510
201500006472;15;4;19;545;3;1;1;1;6;56;D48;M;4862456;359816;510
201500006473;15;5;11;1845;1;1;2;1;1;402;D934/D375;M;4873082;350463;510
201500006474;15;8;4;1615;1;2;1;1;3;511;D350;M;4861366;375238;510
201500006475;15;8;27;1430;1;1;1;1;6;535;N4;M;4871892;375012;510
201500006476;15;10;3;400;5;2;1;1;6;56;D48;M;4861370;361331;510
201500006477;15;3;19;700;1;2;3;1;3;534;D386/CH. DE LA SCIERIE;M;4925123;376190;510
201500006478;15;6;6;115;5;2;6;1;6;250;D967/D29;M;4931322;367934;510
201500006479;15;5;20;1745;1;1;1;1;1;532;D951;M;4913176;399169;510
201500006480;15;6;10;730;1;1;2;1;1;118;D75/VC;M;4927363;394465;510
201500006481;15;6;16;1400;1;1;1;1;1;391;N31;M;4927315;388895;510
201500006482;15;6;19;745;1;1;6;1;3;140;D386/D980;M;4918380;385161;510
201500006483;15;8;27;15;3;1;1;2;6;391;N31;M;4927640;385213;510
201500006484;15;8;27;2000;2;1;1;2;6;72;D980;M;4920518;389883;510
201500006485;15;10;7;845;1;1;1;2;1;111;D980;M;4918706;383908;510
201500006486;15;12;15;1730;1;1;1;1;2;102;D944;M;4934734;394790;510
201500006487;15;4;18;1830;1;1;1;7;3;643;D951;M;0;0;510
201500006488;15;8;4;100;3;1;1;1;6;643;D951;M;4900875;390933;510
201500006489;15;8;9;630;2;2;1;1;1;597;D3;M;4906001;388069;510
201500006490;15;9;30;1730;1;2;9;1;3;210;D1;M;4906531;396597;510
201500006491;15;10;11;1845;3;1;1;1;6;2;D11;M;4900952;386254;510
201500006492;15;11;29;1630;1;1;1;1;1;393;D386;M;4913511;391824;510
201500006493;15;1;13;430;3;1;1;1;6;295;D14;M;0;0;510
201500006494;15;1;2;800;3;1;1;3;6;340;N4;M;0;0;510
201500006495;15;4;29;1700;1;2;3;1;6;649;38 RUE DE LA TOUR;M;4872762;458480;510
201500006496;15;5;14;1530;1;2;2;1;2;649;N44;M;4873365;458976;510
201500006497;15;5;23;700;1;1;1;1;6;557;N44;M;4878132;458368;510
201500006498;15;8;4;1200;1;2;1;1;6;649;RUE DU PONT;M;4872631;458415;510
201500006499;15;8;6;1245;1;1;3;1;3;649;D16/BRETELLE;M;4872258;462985;510
201500006500;15;8;29;2000;2;1;1;1;6;134;D2;M;4868196;454776;510
201500006501;15;8;30;615;2;1;1;1;1;65;N4;M;4873348;455958;510
201500006502;15;9;7;1715;1;2;1;1;3;649;AVE DU QUAI DES FONTAINE;M;4872972;458253;510
201500006503;15;10;8;1115;1;2;1;1;6;649;D982E1;M;4872847;458924;510
201500006504;15;10;31;1100;1;2;1;1;2;65;18 avenue de PARIS;M;4872912;457447;510
201500006505;15;11;15;1815;3;1;1;1;1;328;D2;M;4875300;454800;510
201500006506;15;11;12;1745;5;2;3;1;1;649;CHATEAU D EAU/ABBE GOUGE;M;4871552;458475;510
201500006507;15;12;6;1745;3;1;1;1;1;275;D2;M;4871437;455239;510
201500006508;15;12;24;1710;5;2;1;1;6;649;D982E1;M;4872262;459499;510
201500006509;15;1;3;630;3;1;1;2;6;270;D396;M;0;0;510
201500006510;15;2;21;2345;3;1;1;8;6;60;D259;M;4876418;477973;510
201500006511;15;6;4;730;1;1;1;1;1;358;D61;M;4873825;485691;510
201500006512;15;7;19;1800;1;2;1;1;6;349;6 RUE DE BORDET;M;4855450;452031;510
201500006513;15;8;26;1700;1;2;1;1;5;423;D995/RUE MELIN;M;4876832;483421;510
201500006514;15;10;2;715;2;1;1;1;1;40;AVENUE MICHEL;M;4879683;466171;510