num_acc;an;mois;jour;hrmn;lum;agg;int;atm;col;com;adr;gps;lat;long;dep
201500006515;15;10;7;345;3;1;1;2;6;442;D994;M;4889650;491644;510
201500006516;15;10;18;1700;1;1;1;1;6;288;N4;M;4867334;476961;510
201500006517;15;10;19;1500;1;2;1;1;1;94;D995;M;4874683;469797;510
201500006518;15;11;27;2200;3;1;1;1;6;590;D982;M;4884728;477803;510
201500006519;15;4;5;1230;1;1;2;1;3;191;D67/D982;M;4914611;481786;510
201500006520;15;6;5;1830;1;2;1;1;6;283;D67;M;4910933;474888;510
201500006521;15;11;13;1530;1;1;1;2;6;621;D38;M;4920266;497660;510
201500006522;15;6;17;615;2;1;1;7;6;199;;M;4979645;481717;80
201500006523;15;7;26;1700;1;1;1;2;7;214;;M;5000247;481588;80
201500006524;15;6;17;1500;1;2;1;1;6;488;rue Marcel CAchin;M;4973186;482748;80
201500006525;15;6;16;2200;3;2;1;1;6;445;grande rue;M;4965232;494456;80
201500006526;15;5;8;1900;1;2;1;1;7;362;rue promenade des isles;M;4951118;436133;80
201500006527;15;5;21;1900;1;1;2;7;3;313;;M;4949298;429739;80
201500006528;15;5;26;1645;1;1;1;1;6;144;;M;4950828;444138;80
201500006529;15;7;5;300;3;1;1;1;7;452;;M;4948460;440918;80
201500006530;15;9;9;1730;1;2;1;1;6;362;37 rue eugиne Thiery;M;4950732;435210;80
201500006531;15;10;9;1400;1;1;1;1;2;362;;M;4953079;437424;80
201500006532;15;8;21;1915;1;1;1;1;7;107;;M;4951910;424618;80
201500006533;15;7;15;1115;1;2;1;1;5;429;route de Paris;M;4853450;410630;100
201500006534;15;2;6;1800;1;1;1;1;3;373;;M;4820499;400468;100
201500006535;15;2;28;1630;1;1;1;1;3;371;;M;4816365;394268;100
201500006536;15;3;21;1415;1;2;1;1;1;140;20 RUE PIERRE PITHOU;M;4803828;390435;100
201500006537;15;4;3;1700;1;1;1;2;6;140;;M;4804454;390186;100
201500006538;15;4;16;1545;1;1;1;1;1;359;;M;4813752;399346;100
201500006539;15;4;30;1100;1;1;1;1;3;18;;M;4809115;392149;100
201500006540;15;5;1;2000;2;1;1;2;5;116;;M;4814631;400983;100
201500006541;15;6;2;2000;1;1;2;1;3;435;;M;4819093;406511;100
201500006542;15;6;14;1545;1;1;1;1;7;278;;M;0;0;100
201500006543;15;6;21;1015;1;1;1;1;6;80;;M;4803594;413463;100
201500006544;15;6;25;1245;1;1;1;1;7;140;;M;4806369;391818;100
201500006545;15;7;4;1945;1;2;1;1;6;140;;M;4803742;390955;100
201500006546;15;8;14;745;1;1;1;1;3;373;;M;4820632;401215;100
201500006547;15;9;6;1145;1;2;1;1;7;18;rue foret beauregard;M;4808781;389518;100
201500006548;15;9;19;1630;1;1;1;1;4;359;;M;4813982;400270;100
201500006549;15;9;30;1745;1;2;2;1;3;140;;M;4804126;390786;100
201500006550;15;11;29;1015;1;1;1;1;7;51;;M;4819412;400759;100
201500006551;15;12;12;1330;1;2;1;8;6;49;D 85;M;4819174;411957;100
201500006552;15;2;14;515;3;1;9;1;7;191;;M;4833337;409562;100
201500006553;15;3;30;1645;1;1;1;1;1;100;;M;4820276;419461;100
201500006554;15;4;4;1345;1;1;1;3;6;406;;M;4824138;417072;100
201500006555;15;6;13;600;1;2;1;1;7;100;Rue Vallйe de la Seine;M;4821040;418205;100
201500006556;15;7;28;700;2;1;1;1;7;173;;M;4821325;411810;100
201500006557;15;8;9;1000;1;1;1;1;6;30;;M;4832736;402869;100
201500006558;15;8;12;1400;1;1;1;1;1;363;;M;4822024;414105;100
201500006559;15;8;30;1100;1;2;1;1;7;352;42 grande rue;M;4832572;408374;100
201500006560;15;9;23;1815;1;1;1;1;5;30;;M;4833083;402424;100
201500006561;15;9;23;815;1;1;1;1;2;349;;M;4834376;400723;100
201500006562;15;11;6;1645;1;1;2;1;1;363;;M;4818660;416890;100
201500006563;15;11;7;15;5;1;6;1;7;340;;M;4826178;403505;100
201500006564;15;11;12;2130;3;1;9;1;1;340;;M;4823691;402004;100
201500006565;15;4;11;1545;1;2;2;1;1;3;17 rue joseph anglade;M;4822300;373800;100
201500006566;15;4;24;2230;5;2;8;1;3;142;rue jean hector;M;4827321;381400;100
201500006567;15;8;15;1030;1;1;1;2;7;263;;M;4826500;379700;100
201500006568;15;10;9;1530;1;2;1;1;6;142;Rue de la Rйpublique;M;4827300;380600;100
201500006569;15;12;14;1745;1;2;1;1;3;263;de la Fontaine Bouvotte;M;4826200;378700;100
201500006570;15;1;31;215;3;2;1;1;6;238;28 rue du 28 aout 44;M;4825300;433600;100
201500006571;15;5;17;1230;1;1;1;1;6;255;;M;4821743;426171;100
201500006572;15;6;7;1430;1;1;2;1;3;19;;M;4840300;437100;100
201500006573;15;6;14;1500;1;2;1;1;2;287;RD 11;M;4836700;436100;100
201500006574;15;8;1;2130;3;1;1;1;7;287;;M;4835800;434400;100
201500006575;15;10;5;1830;1;2;1;2;4;287;rue de la chapelle;M;4836340;432801;100
201500006576;15;1;5;2100;5;2;1;1;6;33;;M;4823597;470293;100
201500006577;15;1;18;645;5;2;1;1;7;33;RD13/rue de courcelles;M;4823188;471878;100
201500006578;15;1;25;1400;1;1;1;2;1;426;;M;0;0;100
201500006579;15;4;1;800;1;1;1;1;7;423;;M;4823581;439135;100
201500006580;15;4;7;715;2;1;1;1;6;76;;M;4809152;469919;100
201500006581;15;6;8;1700;1;2;1;1;1;50;RD 396 ( PK 31+900 );M;4827644;461403;100
201500006582;15;6;27;1915;1;1;1;1;7;11;;M;4825289;475641;100
201500006583;15;7;14;1730;1;2;9;1;2;401;;M;4823571;446887;100
201500006584;15;7;26;530;2;1;1;1;6;215;;M;4823524;451718;100
201500006585;15;8;2;245;3;1;1;1;7;384;;M;4830952;460391;100
201500006586;15;8;6;1830;1;1;1;1;7;401;;M;4822636;443847;100
201500006587;15;10;21;1900;3;1;1;1;7;440;;M;4823800;476580;100
201500006588;15;10;21;1815;3;2;1;1;3;102;RD 13;M;0;0;100
201500006589;15;10;23;1715;1;1;1;2;1;33;;M;4822400;473850;100
201500006590;15;10;27;1845;3;1;1;1;5;217;;M;4825110;456550;100
201500006591;15;12;31;1230;1;1;1;1;3;401;;M;4823830;448690;100
201500006592;15;10;22;2300;3;1;1;2;2;283;;M;4841600;438700;100
201500006593;15;11;7;1630;1;1;1;1;1;228;;M;4835600;443800;100
201500006594;15;1;5;1700;2;2;1;8;7;295;Grand'rue;M;4807600;437200;100
201500006595;15;5;1;1615;1;1;1;2;1;437;;M;4814700;428800;100
201500006596;15;5;16;1530;1;1;1;1;6;29;;M;4802366;435357;100
201500006597;15;5;25;1445;1;1;1;8;7;438;;M;4814000;459900;100
201500006598;15;6;30;915;1;1;1;1;3;55;;M;4812489;436449;100
201500006599;15;7;4;1345;1;1;1;7;1;25;;M;4800300;431000;100
201500006600;15;7;25;1745;1;2;1;1;6;437;chemin des contours;M;0;0;100
201500006601;15;8;1;1545;1;1;1;1;3;317;;M;4800615;439516;100
201500006602;15;8;30;15;5;2;1;1;6;399;11 rue du rue;M;4817642;418245;100
201500006603;15;11;18;1730;5;2;1;1;3;317;rue du gйnйral de gaulle;M;4799270;436891;100
201500006604;15;6;3;845;1;1;2;1;1;153;;M;0;0;100
201500006605;15;6;28;545;2;1;1;1;6;298;;M;4852936;359744;100
201500006606;15;7;19;1415;1;1;1;1;6;268;Champ bordant la RD 619;M;4848378;351156;100
201500006607;15;7;21;1745;1;1;1;1;1;334;;M;4849605;353340;100
201500006608;15;9;12;2045;5;1;1;1;6;339;;M;4840027;377496;100
201500006609;15;9;21;1530;1;2;1;1;6;370;;M;4841311;353887;100
201500006610;15;10;24;1500;1;2;1;1;6;420;4 route du chateau;M;4858910;355480;100
201500006611;15;11;10;1230;1;2;1;1;6;268;11 Rue Jean Jaurиs;M;4849484;50567;100
201500006612;15;12;18;1415;1;1;1;8;6;277;;M;4827352;367027;100
201500006613;15;12;28;845;1;2;1;1;7;20;1 RUE DES CLAUSEAUX;M;4843641;356459;100
201500006614;15;7;16;2130;1;2;1;1;6;323;avenue jules jacquemin;M;0;0;100
201500006615;15;10;10;845;2;2;1;5;6;157;15 RUE SAINT JACQUES;M;4844080;365140;100
201500006616;15;2;24;1130;1;1;2;1;3;274;;M;4798105;489400;520
201500006617;15;5;26;900;1;1;1;1;1;165;;M;4795930;488035;520
201500006618;15;7;6;1915;1;1;1;1;1;469;;M;4805681;505321;520
201500006619;15;7;20;1815;1;1;1;1;1;69;;M;4809290;495742;520
201500006620;15;7;31;1230;1;1;1;1;6;193;;M;4813862;506211;520
201500006621;15;9;26;2045;3;1;1;1;1;274;;M;4796397;482211;520
201500006622;15;12;8;1600;1;1;3;7;3;423;;M;4826122;532923;520
201500006623;15;2;7;215;3;1;1;4;7;287;;M;4811994;557761;520
201500006624;15;2;27;700;2;2;1;3;6;74;parking du CAT Breuvanne;M;4809693;560273;520
201500006625;15;4;30;1400;1;1;1;1;3;353;;M;4804038;537676;520
201500006626;15;5;13;1500;1;1;1;1;1;353;;M;4804768;535992;520
201500006627;15;5;17;1345;1;1;9;1;7;488;;M;4798163;526750;520
201500006628;15;6;20;1830;1;2;1;1;7;320;Le village;M;4805391;559034;520
201500006629;15;10;17;1545;1;2;1;1;1;353;Rue Ambroise Parй -;M;4803325;535006;520
201500006630;15;11;29;45;5;2;1;2;6;50;42 rue d'Ageville;M;4808833;530033;520
201500006631;15;3;6;1915;4;1;1;1;6;211;;M;4828532;513525;520
201500006632;15;4;10;1530;1;1;6;7;7;260;Mail + Tйl gend. confirm;M;4821165;512463;520
201500006633;15;5;13;1900;1;1;1;1;3;211;;M;4828825;512406;520
201500006634;15;7;16;715;1;2;1;1;1;251;1 rue des Acacias RD 109;M;4813551;508446;520
201500006635;15;1;27;1200;1;2;1;1;6;269;rue diderot/milieu;M;4786170;533381;520
201500006636;15;5;31;1515;1;1;1;1;7;541;Mail 12/09/2015;M;4797677;535453;520
201500006637;15;5;31;1800;1;1;1;1;6;307;;M;4792831;521325;520
201500006638;15;6;25;1200;1;1;1;1;5;37;Mail23/09 25+800 en +200;M;4790856;540144;520
201500006639;15;7;13;2015;1;1;1;1;7;307;;M;4791749;517864;520
201500006640;15;7;20;2200;3;1;1;1;6;307;;M;4791472;520513;520
201500006641;15;7;25;1900;1;2;1;1;3;269;avenue de la colliniиre;M;4787046;532762;520
201500006642;15;12;15;300;3;1;1;1;6;269;;M;4787073;530615;520
201500006643;15;5;23;2215;3;1;1;1;7;162;;M;4796978;561321;520
201500006644;15;6;5;930;1;1;2;1;3;332;;M;4802392;561612;520
201500006645;15;8;29;2245;3;2;1;1;6;332;Rue Hubert COLLOT;M;4800255;549876;520
201500006646;15;10;5;2015;5;2;1;2;3;60;avenue gйnйral De Gaulle;M;4795481;573395;520
201500006647;15;1;18;245;3;1;1;9;1;119;;M;4781805;548835;520
201500006648;15;5;29;1715;1;2;1;1;6;43;rue de la fontaine eau;M;4772324;554648;520
201500006649;15;6;19;1630;1;2;1;1;5;93;rue de Langres;M;4780563;542428;520
201500006650;15;11;7;1330;1;1;8;7;1;374;;M;4778006;540213;520
201500006651;15;10;14;1000;1;1;2;1;1;119;;M;4781653;549643;520
201500006652;15;5;26;900;1;1;1;1;3;405;;M;4768410;526574;520
201500006653;15;7;14;1130;1;1;1;1;6;16;;M;4785289;500934;520
201500006654;15;7;17;1745;1;2;1;1;1;145;1 RUE LHUILLIER;M;4769163;545836;520
201500006655;15;11;27;745;1;1;1;5;6;384;;M;4779439;522158;520
201500006656;15;5;31;1715;1;2;1;1;6;331;2 bis rue du Pвtis;M;4847336;477299;520
201500006657;15;7;14;1445;1;1;1;1;7;294;;M;4854155;490782;520
201500006658;15;11;21;745;2;1;3;8;3;235;;M;4864633;487339;520
201500006659;15;2;1;2000;3;1;1;3;7;212;;M;4838672;515342;520
201500006660;15;3;31;1145;1;2;1;1;6;175;3 route de Vaux sur Sain;M;4836259;515557;520
201500006661;15;4;30;1500;1;1;1;1;6;212;;M;4840116;511430;520
201500006662;15;7;4;1245;1;1;1;7;1;511;;M;4837393;520169;520
201500006663;15;7;11;1345;1;1;1;1;3;118;;M;4847464;512592;520
201500006664;15;7;14;2045;1;2;1;1;7;302;3 rue du haut prй;M;4849437;506688;520
201500006665;15;8;2;1830;1;2;3;1;3;265;carrefour CD335  CD116;M;4856129;505376;520
201500006666;15;8;12;30;3;1;1;1;1;250;;M;4843406;515330;520
201500006667;15;9;11;1745;1;1;1;1;1;250;;M;4842880;515843;520
201500006668;15;10;1;1430;1;1;1;1;1;181;;M;4846460;529854;520
201500006669;15;10;24;1900;5;2;1;9;2;265;46 rue Charles BURGEAT;M;4854337;508952;520
201500006670;15;9;11;2230;3;1;1;1;7;359;;M;4838300;481500;520
201500006671;15;12;4;730;2;1;1;2;6;149;pas de Permis pas obliga;M;4841151;494760;520
201500006672;15;7;2;1145;1;1;1;1;6;514;;M;0;0;210
201500006673;15;3;13;1615;1;1;1;1;6;555;;M;4741395;514821;210
201500006674;15;3;18;2330;3;1;1;1;7;21;;M;4735696;521055;210
201500006675;15;1;20;715;3;1;1;1;5;609;;M;4720978;527630;210
201500006676;15;3;20;1715;1;1;1;1;7;371;;M;4716452;533696;210
201500006677;15;7;16;845;1;2;2;7;3;38;Rue Claude Matrat;M;4718845;539009;210
201500006678;15;8;16;1015;1;1;1;1;6;701;;M;4716252;540333;210
201500006679;15;9;3;1515;1;2;1;1;1;28;rue de la saone;M;4723053;537239;210
201500006680;15;10;30;1815;2;2;1;1;1;38;rue rempart des soupirs;M;4719422;538362;210
201500006681;15;11;6;2215;3;1;1;1;6;38;;M;0;0;210
201500006682;15;11;14;2115;3;1;1;1;6;331;;M;4717112;538262;210
201500006683;15;6;5;1930;1;2;2;1;1;292;ROUTE DE LABERGEMENT FOI;M;4724540;522844;210
201500006684;15;6;14;515;1;2;1;1;7;352;1, rue de la premiиre ar;M;4722021;525060;210
201500006685;15;6;25;815;1;2;9;1;1;292;route de Beire le Fort;M;4723177;524168;210
201500006686;15;7;13;1845;1;2;6;1;1;126;D109;M;4728026;522279;210
201500006687;15;8;5;830;1;1;1;5;2;106;;M;4723856;510662;210
201500006688;15;11;10;1630;1;2;1;7;6;292;12 rue bernard laureau;M;4724109;521902;210
201500006689;15;11;18;2130;5;2;1;1;3;106;cd968;M;4724054;510421;210
201500006690;15;3;22;1300;1;2;1;1;1;390;41 rue des champforeys;M;4727651;500127;210
201500006691;15;3;25;545;5;2;6;2;3;390;;M;4727980;500708;210
201500006692;15;5;7;1330;1;2;6;1;6;390;bd charles de gaulle;M;4728123;501681;210
201500006693;15;7;3;2115;2;2;1;1;7;458;route de DIJON;M;4720000;508200;210
201500006694;15;7;24;1845;1;1;6;2;7;265;;M;4725726;499356;210
201500006695;15;7;24;1800;1;2;9;1;3;390;route de beaune;M;4727234;500233;210
201500006696;15;9;6;1015;1;1;1;1;2;295;;M;4722268;494976;210
201500006697;15;10;1;1100;1;1;9;1;3;586;;M;4722298;504901;210
201500006698;15;10;4;115;3;1;1;8;2;265;;M;4724975;499008;210
201500006699;15;10;19;1715;1;1;1;1;1;481;;M;4726212;502260;210
201500006700;15;10;23;1;3;1;1;2;6;625;;M;4720216;481024;210
201500006701;15;11;11;930;1;1;6;1;3;263;;M;4725882;503466;210
201500006702;15;11;15;1115;2;1;1;5;3;295;;M;4721700;507100;210
201500006703;15;11;25;1015;1;1;1;1;6;295;;M;4723300;499100;210
201500006704;15;6;12;1830;1;2;1;1;6;562;RUE DE LA LEVEE DE LOUTR;M;4757884;540753;210
201500006705;15;4;9;1715;1;2;1;1;6;599;18 rue de la Patnйe;M;4758803;518418;210
201500006706;15;7;8;1500;1;1;1;1;6;665;Voie communale;M;4764448;514796;210
201500006707;15;8;10;2030;1;1;1;2;6;361;;M;4749553;524269;210
201500006708;15;8;16;1530;1;2;1;1;1;638;Intersection D974/D120;M;4752433;518223;210
201500006709;15;8;27;1300;1;1;1;1;5;245;;M;4745890;506952;210
201500006710;15;2;3;1315;1;1;1;1;1;37;;M;4698711;474129;210
201500006711;15;2;20;1445;1;1;1;1;1;712;;M;4699194;479367;210
201500006712;15;2;24;700;2;1;1;9;7;54;;M;4705213;479056;210
201500006713;15;2;24;900;2;1;1;8;7;54;;M;4704313;480034;210
201500006714;15;3;12;1645;1;2;3;1;3;461;Rue de la Libertй;M;4695002;462877;210
201500006715;15;3;29;1600;1;2;1;2;7;712;la chapelle - RD 973;M;4700151;478772;210
201500006716;15;5;31;1600;1;1;1;1;7;527;;M;4694894;467109;210
201500006717;15;9;6;1815;1;1;1;1;1;150;;M;4692573;473939;210
201500006718;15;9;14;1700;1;1;1;3;3;492;;M;4700040;478638;210
201500006719;15;9;22;545;2;2;1;1;3;461;route d'autun;M;4695240;463298;210
201500006720;15;9;28;900;1;1;3;1;1;541;;M;4695264;471710;210
201500006721;15;10;31;1;3;1;1;5;7;411;;M;4698074;493303;210
201500006722;15;4;22;2115;3;1;1;1;1;9;;M;4718272;441070;210
201500006723;15;6;1;1500;1;1;1;1;1;360;;M;4709249;467504;210
201500006724;15;7;7;1400;1;1;1;9;7;9;;M;4717745;441803;210
201500006725;15;7;25;530;2;1;1;6;7;210;;M;4724904;456546;210
201500006726;15;8;30;1415;1;1;1;1;1;715;;M;4709033;437028;210
201500006727;15;11;1;1530;1;1;2;1;3;567;;M;4711451;450650;210
201500006728;15;11;6;1845;3;1;1;2;1;128;;M;4726771;447752;210
201500006729;15;12;6;1715;5;2;9;8;6;634;D33 hameau de Pont d'Ouc;M;4716682;470167;210
201500006730;15;4;26;1300;1;1;1;1;1;564;;M;4713199;509314;210
201500006731;15;6;30;845;1;2;1;1;6;464;rue sonoys;M;4713637;495005;210
201500006732;15;9;19;1145;1;1;2;1;3;464;;M;4712281;494609;210
201500006733;15;12;20;1630;1;1;1;1;3;22;;M;4707638;502742;210
201500006734;15;7;25;1030;1;1;1;1;6;103;Place Hotel de Villle;M;4713324;521555;210
201500006735;15;10;11;530;3;2;1;1;6;356;39 route de SEURRE;M;4708521;525224;210
201500006736;15;6;6;1730;1;1;1;1;2;435;;M;4790315;455587;210
201500006737;15;11;12;1800;2;1;1;1;1;78;;M;4785798;442944;210
201500006738;15;12;2;1800;5;2;1;1;6;201;2 Rue place de l'йglise;M;4775027;449275;210
201500006739;15;12;23;1830;3;1;1;1;6;252;;M;4769976;442602;210
201500006740;15;12;26;1430;1;1;1;1;3;700;;M;4793126;453726;210
201500006741;15;2;13;15;3;1;1;1;6;326;;M;4762066;461521;210
201500006742;15;2;13;1645;1;1;1;1;3;43;;M;4759811;466615;210
201500006743;15;8;8;230;3;1;1;2;6;250;;M;4775276;479165;210
201500006744;15;5;12;1415;1;2;3;1;3;425;RUE PIERRE MENDES FRANCE;M;0;0;210
201500006745;15;7;5;2345;3;1;1;1;6;603;;M;0;0;210
201500006746;15;7;23;1215;1;2;1;1;6;425;Allйe de corcelotte;M;4761739;433231;210
201500006747;15;7;27;1015;1;1;1;1;1;272;;M;4745511;433818;210
201500006748;15;9;27;1615;1;1;1;1;1;429;;M;4758258;433539;210
201500006749;15;10;31;815;1;1;1;7;3;26;;M;4771509;428547;210
201500006750;15;11;30;1015;1;2;1;1;6;425;Place Gambetta;M;4711445;450648;210
201500006751;15;12;9;1815;5;2;1;1;6;603;23 rue de la libertй;M;4749164;433568;210
201500006752;15;12;17;1345;1;2;1;1;6;425;20 bis Quai Bouhey;M;4761931;433815;210
201500006753;15;1;16;1215;1;1;1;5;6;395;;M;4738991;458048;210
201500006754;15;5;9;1545;1;1;1;1;3;500;;M;4751002;447388;210
201500006755;15;10;4;645;3;1;1;1;6;288;;M;4754600;463500;210
201500006756;15;10;19;1200;1;1;1;1;5;271;;M;4748961;449340;210
201500006757;15;1;4;1200;1;1;1;1;3;584;;M;4742300;426600;210
201500006758;15;1;31;1115;1;1;1;8;6;232;;M;4739589;425018;210
201500006759;15;2;21;1715;1;1;1;8;6;83;;M;4718642;426362;210
201500006760;15;5;24;1500;1;1;1;1;6;584;;M;4738100;417999;210
201500006761;15;6;13;1545;1;1;1;7;1;417;;M;4730683;436313;210
201500006762;15;7;3;1400;1;1;1;1;3;101;;M;4740200;443900;210
201500006763;15;12;13;1745;3;1;1;1;2;615;;M;4721504;434383;210
201500006764;15;12;14;1430;1;2;7;7;6;83;Rue de Chaillot;M;4719600;424300;210
201500006765;15;12;19;815;1;1;1;1;7;434;;M;4735744;428411;210
201500006766;15;1;14;1500;1;1;1;4;1;611;;M;4732034;472213;210
201500006767;15;1;17;2145;3;1;1;4;7;33;;M;4729320;466049;210
201500006768;15;2;9;1245;1;1;1;1;6;485;;M;4733724;496557;210
201500006769;15;6;15;45;5;2;1;2;6;300;rue du moulin thibel;M;0;0;210
201500006770;15;1;1;230;5;2;1;2;6;95;avenue de Verdun;M;0;0;580
201500006771;15;2;21;1145;1;2;1;1;3;95;boulevard voltaire;M;0;0;580
201500006772;15;8;27;1345;1;2;1;1;6;95;rue de vauzzlles;M;0;0;580
201500006773;15;9;16;1230;1;2;1;8;6;151;29 avenue Jean Baptiste;M;0;0;580
201500006774;15;10;13;1830;1;2;1;1;6;95;10 boulevard voltaire;M;0;0;580
201500006775;15;12;15;1800;5;2;1;2;6;151;40 av de la Rйpublique;M;0;0;580
201500006776;15;12;26;1145;1;1;1;1;6;241;;M;0;0;580
201500006777;15;1;25;2030;5;1;1;1;6;51;;M;0;0;580
201500006778;15;4;1;2330;3;1;1;1;7;51;;M;0;0;580
201500006779;15;4;19;1230;1;1;1;1;3;160;;M;0;0;580
201500006780;15;5;12;1515;1;2;1;1;6;117;rue DUFAUD;M;0;0;580
201500006781;15;5;13;1230;1;1;1;1;3;160;;M;0;0;580
201500006782;15;7;28;2145;5;2;1;1;6;117;17 Rue Gambetta;M;0;0;580
201500006783;15;10;3;1815;1;1;1;8;1;160;;M;0;0;580
201500006784;15;3;9;1645;1;1;1;1;6;112;;M;0;0;580
201500006785;15;5;7;1715;1;1;1;1;6;247;;M;0;0;580
201500006786;15;6;10;1830;1;1;1;1;6;278;;M;0;0;580
201500006787;15;7;2;1600;1;2;1;1;6;134;18 rue PVC;M;0;0;580
201500006788;15;9;8;1300;1;1;1;1;1;273;;M;0;0;580
201500006789;15;10;4;830;1;2;1;1;6;278;Autoroute A77 PK 162;M;0;0;580
201500006790;15;11;25;1845;3;1;1;2;7;238;;M;0;0;580
201500006791;15;6;7;1800;1;1;2;1;1;294;;M;0;0;580
201500006792;15;10;18;1215;1;1;1;1;1;138;;M;0;0;580
201500006793;15;2;25;745;1;1;1;5;6;267;;M;0;0;580
201500006794;15;4;9;1930;1;1;1;1;6;223;;M;0;0;580
201500006795;15;8;5;2200;3;2;1;1;1;30;fleury;M;0;0;580
201500006796;15;10;4;1630;1;2;1;1;6;65;Place Pierre Paul Saury;M;0;0;580
201500006797;15;8;15;1145;1;1;1;8;6;62;;M;0;0;580
201500006798;15;9;8;1930;3;1;1;1;7;142;;M;0;0;580
201500006799;15;3;21;1200;1;2;1;2;6;79;route armes;M;0;0;580
201500006800;15;4;15;1545;1;2;1;1;6;200;Le bourg;M;0;0;580
201500006801;15;7;11;2100;1;1;1;1;6;79;;M;4758300;308300;580
201500006802;15;11;19;445;3;2;1;2;6;79;RUE DU 08 MAI 1945 CD977;M;0;0;580
201500006803;15;5;10;1900;1;2;1;1;6;145;47 rue de la maladrerie;M;0;0;580
201500006804;15;6;13;1700;1;1;1;1;3;180;;M;0;0;580
201500006805;15;9;28;1115;1;2;1;1;6;83;278 Grande rue;M;0;0;580
201500006806;15;7;4;1515;1;1;1;8;7;304;;M;0;0;580
201500006807;15;1;13;1515;1;2;4;1;1;86;rue de donzy;M;0;0;580
201500006808;15;3;14;930;1;1;1;1;3;86;;M;0;0;580
201500006809;15;7;4;1000;1;1;1;1;6;270;;M;0;0;580
201500006810;15;8;18;1300;1;1;1;1;7;251;;M;0;0;580
201500006811;15;10;13;1;3;1;1;1;7;36;;M;0;0;580
201500006812;15;4;14;1530;1;2;1;1;3;59;rue de la promenade des;M;4700000;300000;580
201500006813;15;5;10;1515;1;2;1;1;6;279;D 977 Petit Sichamps;M;0;0;580
201500006814;15;6;30;930;1;1;1;1;6;59;;M;0;0;580
201500006815;15;8;2;1630;1;1;1;1;6;295;;M;0;0;580
201500006816;15;8;5;1545;1;1;1;1;7;122;;M;0;0;580
201500006817;15;8;21;1145;1;1;1;1;3;61;;M;0;0;580
201500006818;15;9;1;1015;1;1;3;3;3;59;;M;4718500;306500;580
201500006819;15;5;2;1500;1;1;1;2;1;27;;M;0;0;580
201500006820;15;1;14;830;1;1;2;1;3;250;;M;4637240;480588;710
201500006821;15;1;26;145;3;1;1;2;6;210;;M;4628801;475250;710
201500006822;15;3;2;140;3;1;1;3;7;574;;M;4638462;473809;710
201500006823;15;4;11;1545;1;1;1;1;3;250;;M;4637341;478813;710
201500006824;15;5;22;2045;1;1;1;1;3;360;;M;4632705;475670;710
201500006825;15;6;3;830;1;1;1;1;4;448;;M;0;0;710
201500006826;15;6;25;1400;1;1;1;1;5;250;;M;4637195;480940;710
201500006827;15;10;6;1500;1;2;1;1;3;556;;M;4627280;479878;710
201500006828;15;10;31;1215;1;2;1;1;1;526;route de la roche;M;0;0;710
201500006829;15;10;31;1400;1;2;1;1;3;250;carrefour de MORANCHIN;M;0;0;710
201500006830;15;11;16;930;1;1;1;1;2;299;;M;0;0;710
201500006831;15;11;16;1515;1;1;1;1;4;299;;M;0;0;710
201500006832;15;2;13;2000;3;1;1;1;3;372;;M;4618633;473170;710
201500006833;15;5;4;1600;1;2;1;1;1;150;RD 906;M;0;0;710
201500006834;15;5;29;900;1;2;1;1;6;481;rue des morels;M;0;0;710
201500006835;15;6;2;845;1;1;1;1;3;481;;M;4619789;476366;710
201500006836;15;7;3;2230;5;2;2;1;3;150;;M;0;0;710
201500006837;15;7;4;1600;1;2;1;1;6;372;Rue des guillattes;M;4619045;473643;710
201500006838;15;7;7;1330;1;1;2;1;3;90;;M;0;0;710