num_acc;an;mois;jour;hrmn;lum;agg;int;atm;col;com;adr;gps;lat;long;dep
201500006839;15;8;8;30;5;2;1;1;6;372;maison blanche;M;4618260;474962;710
201500006840;15;9;6;45;3;1;1;1;2;90;;M;4619890;476425;710
201500006841;15;9;9;1545;1;1;2;1;3;90;;M;0;0;710
201500006842;15;11;3;1830;3;1;1;2;6;90;;M;0;0;710
201500006843;15;5;2;1200;1;1;1;1;6;546;les angerolles;M;4632861;454299;710
201500006844;15;5;10;130;3;1;1;1;6;545;;M;0;0;710
201500006845;15;5;16;1000;1;2;1;1;3;289;Les berliиres;M;4630861;449180;710
201500006846;15;6;10;1000;1;1;1;1;7;137;;M;0;0;710
201500006847;15;6;27;800;1;1;1;1;6;30;;M;0;0;710
201500006848;15;4;1;1845;1;1;2;1;3;305;;M;4646522;488800;710
201500006849;15;4;30;2200;5;2;1;2;6;584;Rue du 8 mai 1945;M;0;0;710
201500006850;15;7;14;1845;1;2;1;1;6;543;chemin de halage;M;4657502;491209;710
201500006851;15;2;11;1545;1;1;1;1;6;313;;M;0;0;710
201500006852;15;2;17;815;1;2;1;1;6;14;avenue charles de gaulle;M;4695185;429719;710
201500006853;15;4;15;1145;1;2;9;1;3;14;Rue de Paris;M;4695795;429720;710
201500006854;15;4;21;1600;1;2;1;1;6;14;rue de l Arbalete;M;4694981;429938;710
201500006855;15;5;14;1430;1;2;9;1;6;14;avenue de la rйpublique;M;4695796;430069;710
201500006856;15;7;14;845;1;2;3;1;1;14;25 route de Beaune;M;4695634;431560;710
201500006857;15;8;4;600;2;2;1;2;6;14;;M;4697793;430909;710
201500006858;15;9;18;1700;1;1;1;1;6;438;;M;4702473;440535;710
201500006859;15;10;4;815;2;1;1;8;7;509;;M;0;0;710
201500006860;15;11;2;30;3;2;1;5;6;15;5 rue des ailleres;M;4695087;440679;710
201500006861;15;11;11;2230;3;1;1;5;6;14;;M;4692544;436706;710
201500006862;15;11;14;1800;3;1;1;1;3;14;;M;0;0;710
201500006863;15;12;3;1415;1;1;2;8;3;190;;M;4699576;450802;710
201500006864;15;1;31;1930;3;1;1;2;6;46;;M;0;0;710
201500006865;15;3;13;1030;1;2;1;1;3;192;RD 297;M;0;0;710
201500006866;15;7;20;1800;1;1;1;7;7;62;;M;4691127;421416;710
201500006867;15;2;8;30;3;1;1;1;7;378;;M;0;0;710
201500006868;15;4;30;830;1;1;1;1;1;422;;M;0;0;710
201500006869;15;6;19;1900;1;1;1;1;1;430;route de barizey;M;4680053;469399;710
201500006870;15;6;22;1630;1;1;1;1;1;225;;M;0;0;710
201500006871;15;7;28;1600;1;2;1;1;3;520;ROUTE DU VAL DE SAONE;M;4674249;484540;710
201500006872;15;9;19;1900;2;1;1;1;6;277;;M;0;0;710
201500006873;15;12;19;1015;1;2;1;8;3;404;avenue de bourgogne;M;4675324;470664;710
201500006874;15;12;21;930;1;1;1;1;6;324;;M;0;0;710
201500006875;15;3;31;900;1;1;1;1;1;117;;M;0;0;710
201500006876;15;4;15;945;1;2;9;1;3;189;RD 978 - rue Guйrin;M;4675390;489809;710
201500006877;15;6;25;1500;1;1;1;1;3;420;;M;0;0;710
201500006878;15;8;20;1200;1;1;1;1;7;4;;M;4680003;497348;710
201500006879;15;8;26;1500;1;1;1;1;2;138;;M;0;0;710
201500006880;15;9;2;1630;1;1;1;1;6;138;;M;0;0;710
201500006881;15;10;18;1430;1;1;1;1;7;117;;M;4678792;489678;710
201500006882;15;10;31;1100;1;1;1;5;1;131;;M;0;0;710
201500006883;15;11;19;1445;1;1;1;8;6;167;;M;0;0;710
201500006884;15;12;6;515;5;2;1;1;6;398;30 rue des mourillons;M;4676185;498892;710
201500006885;15;5;7;1545;1;2;2;1;3;512;rue du lieutenant bonnet;M;4664055;486625;710
201500006886;15;5;29;1130;1;2;1;1;3;52;en boirie;M;4658048;488239;710
201500006887;15;6;6;545;2;2;1;1;6;328;vincelles;M;4663020;482436;710
201500006888;15;7;20;1615;1;1;1;1;1;555;;M;4668925;487347;710
201500006889;15;8;30;1815;1;2;1;1;2;512;rue du 4 septembre;M;4664467;487131;710
201500006890;15;12;8;2115;3;1;1;2;3;555;;M;4670434;486764;710
201500006891;15;12;18;1730;3;2;1;1;6;512;place de la mairie;M;4663767;486955;710
201500006892;15;11;21;1915;3;1;1;2;5;82;;M;0;0;710
201500006893;15;11;27;1400;1;1;1;5;7;564;;M;4645775;438315;710
201500006894;15;2;13;845;1;1;1;1;1;120;;M;0;0;710
201500006895;15;7;29;1300;1;1;1;2;6;483;;M;0;0;710
201500006896;15;9;8;1645;1;1;2;1;3;110;;M;0;0;710
201500006897;15;9;14;1215;1;2;1;8;6;120;monnay;M;4619917;434066;710
201500006898;15;4;15;830;1;2;1;1;1;176;lotissement des Peuplier;M;4648370;398098;710
201500006899;15;7;4;1430;1;2;1;7;6;176;76 avenue De Gaulle;M;4648428;398739;710
201500006900;15;7;29;1130;1;1;1;1;6;325;;M;4649127;396627;710
201500006901;15;12;12;1515;1;2;1;1;6;176;Av. Europe;M;4647499;400391;710
201500006902;15;1;9;900;3;1;1;2;6;12;narbots;M;4625374;401354;710
201500006903;15;2;26;2215;3;1;1;2;6;291;;M;4621028;401588;710
201500006904;15;4;11;1330;1;2;1;1;6;291;Le bourg;M;0;0;710
201500006905;15;6;6;1715;1;2;1;1;3;275;54 Rue de Borchamp;M;4626903;404133;710
201500006906;15;6;30;1145;1;2;1;1;6;238;grande rue;M;0;0;710
201500006907;15;9;17;1515;1;1;1;1;1;11;;M;0;0;710
201500006908;15;12;6;1500;1;1;1;1;3;238;;M;4622384;406043;710
201500006909;15;2;12;1815;2;1;1;1;3;439;;M;0;0;710
201500006910;15;4;19;615;1;1;1;1;6;232;la redoute;M;0;0;710
201500006911;15;5;27;1530;1;1;1;1;6;342;;M;4646942;410744;710
201500006912;15;6;2;1545;1;1;1;1;6;588;;M;0;0;710
201500006913;15;6;6;1915;1;1;1;1;7;354;;M;4636680;416457;710
201500006914;15;10;14;1600;1;2;1;1;6;342;Rue Michel Anguier;M;4646106;411238;710
201500006915;15;12;26;1630;1;2;1;1;3;342;;M;4646518;410861;710
201500006916;15;5;15;945;1;1;1;1;1;47;;M;4662299;376909;710
201500006917;15;6;2;1145;1;1;1;1;3;346;;M;0;0;710
201500006918;15;6;3;900;1;2;1;1;1;356;Le bourg;M;0;0;710
201500006919;15;6;15;1030;1;1;1;2;3;330;;M;0;0;710
201500006920;15;6;22;2300;3;1;1;1;6;542;;M;0;0;710
201500006921;15;8;26;1645;1;1;1;1;1;340;;M;0;0;710
201500006922;15;8;26;1745;1;1;1;1;1;490;;M;4650493;412922;710
201500006923;15;10;5;515;3;1;1;5;1;340;;M;0;0;710
201500006924;15;10;30;1615;1;1;1;1;3;346;;M;0;0;710
201500006925;15;11;26;1430;1;1;1;1;3;281;;M;0;0;710
201500006926;15;11;26;1545;1;1;1;1;3;565;;M;4662538;408537;710
201500006927;15;12;19;945;3;1;1;8;5;542;;M;0;0;710
201500006928;15;3;18;1030;1;1;3;1;3;56;;M;4664560;516399;710
201500006929;15;6;4;1415;1;1;1;7;1;56;;M;0;0;710
201500006930;15;7;5;1900;1;1;1;1;5;157;;M;0;0;710
201500006931;15;7;14;515;2;1;1;1;7;209;;M;4654694;528174;710
201500006932;15;4;3;1515;1;2;1;1;3;261;rue des carles;M;4659099;499921;710
201500006933;15;11;2;1745;1;1;1;5;6;261;;M;0;0;710
201500006934;15;3;29;400;3;1;1;1;6;538;;M;0;0;710
201500006935;15;4;24;945;1;1;1;1;2;419;;M;4675903;523412;710
201500006936;15;6;25;1400;1;1;1;1;7;516;;M;4676451;522811;710
201500006937;15;7;25;1430;1;1;1;1;6;364;;M;4682803;516957;710
201500006938;15;8;12;2115;5;2;1;1;1;254;;M;4692680;524835;710
201500006939;15;1;28;1830;3;1;1;2;5;187;;M;0;0;710
201500006940;15;2;15;330;3;1;1;1;6;412;;M;0;0;710
201500006941;15;3;28;2200;3;1;1;2;6;436;;M;0;0;710
201500006942;15;4;22;1600;1;1;1;7;6;390;les goubeaux;M;4671402;431363;710
201500006943;15;8;23;1915;1;1;1;2;1;282;;M;0;0;710
201500006944;15;11;6;1745;5;2;1;1;6;310;Avenue de la Libйration;M;4674545;447097;710
201500006945;15;1;2;1330;1;1;1;5;4;341;;M;4771902;376020;890
201500006946;15;2;22;1015;1;1;1;5;2;438;;M;4780084;364500;890
201500006947;15;3;1;1030;1;1;1;2;2;53;;M;4787505;347769;890
201500006948;15;3;3;45;3;1;1;1;2;133;;M;4797910;319206;890
201500006949;15;5;22;1545;1;1;1;1;2;484;;M;4791119;332873;890
201500006950;15;6;6;1800;1;1;1;1;2;484;;M;4791025;330334;890
201500006951;15;9;19;845;1;1;1;1;7;484;;M;4791139;332179;890
201500006952;15;10;22;1;3;1;1;1;2;24;;M;4783191;362231;890
201500006953;15;10;31;1545;1;1;1;1;6;313;;M;4797384;319886;890
201500006954;15;11;2;2300;3;1;1;1;5;24;;M;4783058;362290;890
201500006955;15;1;2;1730;3;1;9;5;6;261;;M;4824682;354392;890
201500006956;15;1;30;215;3;1;1;4;6;298;;M;4805891;310858;890
201500006957;15;2;3;1230;1;1;1;1;6;136;;M;4824738;326801;890
201500006958;15;2;22;1415;1;1;1;1;1;172;;M;4823490;342438;890
201500006959;15;5;8;1300;1;1;1;1;5;350;;M;4802694;313010;890
201500006960;15;7;20;715;1;1;1;1;2;466;;M;4818786;318374;890
201500006961;15;8;29;1545;1;1;1;1;2;342;;M;4824199;326204;890
201500006962;15;10;18;215;3;1;1;8;6;80;;M;4826948;329281;890
201500006963;15;10;20;745;2;1;1;5;6;380;;M;4806478;310955;890
201500006964;15;11;9;830;1;1;1;1;2;459;;M;4812430;314256;890
201500006965;15;11;25;1715;2;1;1;3;6;380;;M;4806078;310366;890
201500006966;15;2;20;2345;3;1;1;3;6;438;;M;4781122;361150;890
201500006967;15;2;19;1600;1;2;1;7;2;295;;M;4781896;353929;890
201500006968;15;4;25;1515;1;2;1;1;1;102;;M;4775919;350503;890
201500006969;15;12;19;1715;3;1;1;1;1;13;;M;4784920;350291;890
201500006970;15;6;30;2030;1;1;4;1;3;155;;M;4772043;361171;890
201500006971;15;12;23;1145;1;1;1;8;7;256;;M;4766766;351480;890
201500006972;15;1;25;900;1;1;1;9;6;76;;M;4803835;365325;890
201500006973;15;2;2;930;1;2;1;2;3;345;rue charles de gaulle;M;4800434;372413;890
201500006974;15;2;16;1800;2;2;3;1;3;76;Rue de la Gondonnerie;M;4802287;366681;890
201500006975;15;3;14;1100;1;2;1;1;6;439;26 rue de la sauniere;M;4798428;373189;890
201500006976;15;7;24;1500;1;2;1;1;6;345;avenue du gйnйral lecler;M;4800207;372851;890
201500006977;15;9;13;1415;1;1;1;8;1;345;;M;4799974;371448;890
201500006978;15;12;11;1715;5;1;3;1;5;345;;M;4800511;367494;890
201500006979;15;12;13;515;2;2;1;2;6;69;;M;0;0;890
201500006980;15;5;15;1030;1;1;1;1;3;68;;M;4780942;383093;890
201500006981;15;5;21;945;1;1;1;1;7;34;;M;4781308;370636;890
201500006982;15;7;25;1615;1;1;1;1;2;463;;M;4785375;363751;890
201500006983;15;8;2;615;2;1;1;1;6;201;;M;4789995;365702;890
201500006984;15;9;12;45;3;1;1;1;6;77;;M;4773867;360582;890
201500006985;15;9;29;1545;1;2;1;1;1;263;rue de sommeville;M;0;0;890
201500006986;15;10;10;1;3;1;1;1;6;265;;M;4786449;364929;890
201500006987;15;10;13;1000;1;1;3;1;3;2;;M;4771747;390998;890
201500006988;15;10;19;715;5;1;1;5;3;263;;M;4782926;358279;890
201500006989;15;11;22;1315;1;1;1;1;6;198;;M;4787993;354737;890
201500006990;15;2;10;1415;1;1;1;1;6;408;;M;4775200;311647;890
201500006991;15;5;6;1715;1;1;1;1;6;73;;M;4778757;308549;890
201500006992;15;5;18;1745;1;2;1;1;5;419;AVENUE GAL DE GAULLE;M;4772405;331165;890
201500006993;15;6;18;1030;1;2;1;1;6;419;02 rue Paul DEFRANCE;M;4773492;329625;890
201500006994;15;7;5;1900;1;1;1;1;6;420;;M;4757526;317998;890
201500006995;15;7;10;1415;1;1;1;1;1;273;;M;4760512;321538;890
201500006996;15;8;12;930;1;1;1;1;2;325;;M;4766038;310481;890
201500006997;15;8;27;1800;1;2;1;1;1;419;RD 950 - Avenue du Gl De;M;4772167;331328;890
201500006998;15;9;17;800;1;1;1;1;3;46;RD22;M;4769530;293720;890
201500006999;15;10;5;1700;1;1;1;3;4;147;;M;4775097;325894;890
201500007000;15;10;22;1115;1;1;1;2;6;179;;M;4764714;329890;890
201500007001;15;10;30;930;1;1;1;1;6;419;;M;4771195;332592;890
201500007002;15;11;1;345;3;1;1;1;6;344;;M;4768738;311145;890
201500007003;15;11;10;2315;3;1;1;1;6;419;;M;4773366;331238;890
201500007004;15;11;14;1530;1;2;1;1;1;150;;M;4781400;336300;890
201500007005;15;11;27;1830;3;1;1;5;3;367;;M;4762322;324836;890
201500007006;15;11;30;1800;3;1;1;2;3;416;;M;4757097;328683;890
201500007007;15;12;12;1045;1;1;1;8;2;254;;M;4767863;313654;890
201500007008;15;12;14;1200;1;1;1;1;1;272;;M;4771342;335458;890
201500007009;15;5;2;1445;1;1;1;3;1;232;;M;4756501;388731;890
201500007010;15;7;26;1730;1;1;2;9;2;44;;M;4753788;376753;890
201500007011;15;8;8;1745;1;1;1;1;1;159;;M;4751866;390809;890
201500007012;15;8;10;915;1;1;1;1;6;349;;M;0;0;890
201500007013;15;10;23;1015;1;1;1;1;1;306;;M;4749238;387553;890
201500007014;15;11;3;1300;1;1;1;2;1;159;;M;4751321;390888;890
201500007015;15;4;30;1415;1;2;6;2;3;206;;M;4797764;338592;890
201500007016;15;5;11;745;1;2;1;1;3;206;avenue de Mayen;M;4798079;341535;890
201500007017;15;9;23;1130;1;2;1;1;4;206;RUE DES SOEURS LECOQ;M;0;0;890
201500007018;15;9;13;300;3;1;1;8;7;167;;M;0;0;890
201500007019;15;11;5;1045;1;2;1;1;6;3;Boulevard du nord;M;4787628;334991;890
201500007020;15;3;26;2015;5;2;1;2;1;257;;M;0;0;890
201500007021;15;4;4;1915;5;2;1;1;3;257;rue paul bert;M;4795918;350469;890
201500007022;15;4;23;1745;1;1;1;1;6;85;;M;4795000;350400;890
201500007023;15;6;11;1430;1;2;1;1;6;257;57 rue Ramon;M;4796586;350488;890
201500007024;15;9;12;1800;1;2;1;1;3;257;Rue de la Libertй;M;4796481;351026;890
201500007025;15;9;16;730;1;2;1;2;3;257;Avenue du Port;M;4796253;350438;890
201500007026;15;9;30;1215;1;1;1;1;1;56;;M;4799124;346113;890
201500007027;15;10;10;1945;5;2;1;1;3;257;;M;4795589;349979;890
201500007028;15;11;15;1700;1;2;1;1;6;156;;M;4799693;357718;890
201500007029;15;11;17;1045;1;1;1;1;6;156;;M;4798933;359503;890
201500007030;15;12;1;1500;1;2;6;1;3;257;Pierre et Marie CURIE;M;4796169;350424;890
201500007031;15;12;10;930;1;2;1;5;6;257;12 Avenue du Port;M;4796066;350473;890
201500007032;15;9;5;1630;1;1;1;1;1;111;;M;0;0;890
201500007033;15;9;16;1615;1;1;4;1;6;195;;M;4815544;326959;890
201500007034;15;10;10;800;1;1;1;1;6;240;;M;4820212;336790;890
201500007035;15;3;26;1745;1;1;1;2;1;189;;M;4828233;323973;890
201500007036;15;6;5;1530;1;1;1;7;1;414;;M;4829996;333863;890
201500007037;15;7;31;1715;1;2;1;1;6;124;26 GRANDE RUE;M;0;0;890
201500007038;15;8;29;1330;1;1;1;1;1;309;;M;0;0;890
201500007039;15;10;2;1515;1;1;1;1;5;414;;M;4829818;340657;890
201500007040;15;1;20;1145;1;2;1;1;1;370;rue de la republique;M;4817924;309371;890
201500007041;15;4;6;2115;3;1;1;1;7;126;;M;4811889;309413;890
201500007042;15;4;9;845;1;1;2;1;3;450;;M;4822464;315642;890
201500007043;15;7;11;2200;2;1;1;1;7;54;;M;4822771;312671;890
201500007044;15;12;31;1745;2;1;1;1;7;180;;M;0;0;890
201500007045;15;2;21;2230;3;1;1;1;6;464;;M;4809916;328985;890
201500007046;15;3;21;1615;1;1;1;1;6;60;;M;4806808;326339;890
201500007047;15;4;1;1645;1;2;1;1;1;464;Faubourg de l'espйrance;M;4807983;329919;890
201500007048;15;4;30;1415;1;1;1;2;1;388;;M;4793249;321525;890
201500007049;15;5;23;1545;1;1;1;1;3;298;;M;4805768;313120;890
201500007050;15;5;29;1100;1;1;1;1;1;51;;M;4811031;336106;890
201500007051;15;6;21;30;3;2;1;1;6;94;rue йtienne crozier;M;4808865;323124;890
201500007052;15;7;3;1645;1;1;1;1;2;464;;M;4806668;329093;890
201500007053;15;7;12;1100;1;2;1;1;6;464;faubourg saint laurent;M;4808322;328889;890
201500007054;15;7;16;1630;1;1;1;1;5;327;;M;4809631;328045;890
201500007055;15;8;29;2000;2;2;1;1;6;348;RUE DES HUGUENOTS;M;4802999;329706;890
201500007056;15;9;6;700;2;2;1;1;3;464;D272;M;4808968;328664;890
201500007057;15;9;21;2145;3;1;1;1;6;63;;M;4798386;327524;890
201500007058;15;4;19;345;3;2;1;1;6;17;37 GRANDE RUE;M;4775677;410842;890
201500007059;15;1;16;1715;3;2;1;3;6;112;voie des marni?res;M;0;0;250
201500007060;15;2;14;1145;1;2;1;1;6;56;56, rue Mirabeau;M;0;0;250
201500007061;15;3;28;215;5;2;1;1;6;417;57 grande rue;M;4721700;623900;250
201500007062;15;7;9;730;1;2;1;7;1;245;Lieu dit Les Rochets;M;4718900;605900;250
201500007063;15;8;30;2145;3;1;1;1;1;410;;M;4722800;607800;250
201500007064;15;10;24;900;1;1;1;1;6;27;;M;4718252;600555;250
201500007065;15;11;11;1715;1;1;1;1;1;78;;M;4724667;625989;250
201500007066;15;1;13;1830;5;2;1;1;3;558;ROUTE DE BESANCON;M;0;0;250
201500007067;15;5;26;1015;1;1;1;5;6;199;;M;4700200;607000;250
201500007068;15;7;31;1115;1;2;1;1;3;630;chemin des portes;M;4710100;625100;250
201500007069;15;8;7;1415;1;1;1;1;3;535;;M;0;0;250
201500007070;15;11;12;1530;1;1;1;1;1;558;;M;4717100;611200;250
201500007071;15;11;18;1745;5;2;1;1;6;15;grande rue;M;4703769;607126;250
201500007072;15;3;2;1515;1;2;1;1;3;287;route de Besan?on;M;0;0;250
201500007073;15;3;15;1200;1;1;1;1;1;154;;M;4711100;589400;250
201500007074;15;3;26;745;1;1;1;1;6;149;;M;4713800;592300;250
201500007075;15;4;3;700;2;1;1;5;5;527;;M;4719300;583300;250
201500007076;15;5;7;1530;1;1;1;1;7;287;;M;4719600;589500;250
201500007077;15;5;24;615;2;1;1;1;6;488;;M;4701600;585400;250
201500007078;15;6;13;2115;1;2;1;1;6;502;13 rue du bas des Hous;M;0;0;250
201500007079;15;7;2;2245;5;2;1;1;2;21;;M;0;0;250
201500007080;15;7;7;745;1;2;1;7;1;154;rue charles prillard;M;4711100;588900;250
201500007081;15;8;15;1145;1;1;1;2;6;527;;M;0;0;250
201500007082;15;9;11;700;2;1;1;1;6;2;;M;4712200;588100;250
201500007083;15;12;23;345;3;2;1;1;7;84;;M;4715535;590117;250
201500007084;15;2;24;1545;1;2;1;1;3;428;RD 437;M;0;0;250
201500007085;15;3;15;1900;3;1;1;1;3;207;;M;0;0;250
201500007086;15;4;2;1800;1;1;1;3;3;350;;M;4745900;668100;250
201500007087;15;4;25;1600;1;2;8;2;1;632;rue du pont;M;0;0;250
201500007088;15;5;9;1145;1;1;1;8;7;632;;M;0;0;250
201500007089;15;7;30;2130;2;1;9;1;7;608;;M;0;0;250
201500007090;15;12;2;1845;3;1;1;1;5;43;;M;4748633;677307;250
201500007091;15;12;28;1815;3;1;1;9;3;469;;M;0;0;250
201500007092;15;2;10;1315;1;2;1;1;1;228;rue oehmichem;M;4751800;687000;250
201500007093;15;4;10;1645;1;1;3;1;3;228;;M;4751200;686400;250
201500007094;15;5;24;2000;1;2;1;1;1;196;rue de dampierre;M;4748400;689500;250
201500007095;15;5;31;515;2;1;1;1;6;71;;M;4744400;684500;250
201500007096;15;9;20;1230;1;1;1;3;6;196;;M;0;0;250
201500007097;15;10;3;1400;1;1;1;1;3;196;;M;4748900;690000;250
201500007098;15;11;5;1930;5;2;1;1;3;190;;M;4751000;691400;250
201500007099;15;1;17;2045;5;1;1;9;1;193;;M;4722900;686500;250
201500007100;15;5;7;1845;1;1;1;1;6;356;;M;4726300;680300;250
201500007101;15;5;16;1415;1;1;1;1;7;588;;M;0;0;250
201500007102;15;5;24;1200;1;1;1;1;1;238;;M;0;0;250
201500007103;15;6;3;945;1;2;1;1;6;356;rue du Gйnйral de Gaulle;M;0;0;250
201500007104;15;7;6;1745;1;1;1;1;7;193;;M;4723000;686600;250
201500007105;15;8;10;1715;1;2;1;8;1;255;8 Rue Ulysse Robert;M;4716791;682782;250
201500007106;15;9;11;230;3;1;1;1;7;571;;M;0;0;250
201500007107;15;11;14;1530;1;1;1;1;3;91;;M;4727478;681551;250
201500007108;15;12;5;1045;1;2;1;1;6;356;35 rue du gal de gaulle;M;4725319;680162;250
201500007109;15;2;23;1530;1;1;1;2;1;519;;M;0;0;250
201500007110;15;3;16;700;2;1;1;1;7;370;;M;0;0;250
201500007111;15;3;19;1015;1;2;1;1;6;463;16 rue de montbeliard;M;0;0;250
201500007112;15;3;23;1500;1;1;1;1;6;519;;M;0;0;250
201500007113;15;4;4;1645;1;1;1;3;7;519;;M;0;0;250
201500007114;15;7;19;2145;1;1;1;1;5;370;;M;0;0;250
201500007115;15;7;31;1415;1;1;1;1;3;387;;M;0;0;250
201500007116;15;8;2;1730;1;1;1;1;4;463;;M;0;0;250
201500007117;15;1;14;1730;2;2;1;2;6;411;AVENUE CHARLES DE GAULLE;M;4705500;660100;250
201500007118;15;3;29;2100;3;2;1;3;3;181;RD 50;M;0;0;250
201500007119;15;4;22;1145;1;1;1;1;2;32;;M;0;0;250
201500007120;15;4;27;115;3;1;1;3;6;313;;M;0;0;250
201500007121;15;4;30;1330;1;1;1;1;3;47;;M;0;0;250
201500007122;15;5;29;1800;1;1;1;1;1;47;;M;0;0;250
201500007123;15;6;14;1815;1;1;1;1;1;574;;M;4747200;643400;250
201500007124;15;6;14;900;1;1;1;1;7;590;;M;4728900;643600;250
201500007125;15;8;8;1545;1;1;1;1;6;492;;M;0;0;250
201500007126;15;12;31;2010;3;1;1;2;7;47;;M;4734500;638000;250
201500007127;15;1;6;1815;3;1;1;1;3;372;;M;4745900;659900;250
201500007128;15;2;14;1015;1;1;1;7;1;595;;M;4734200;660100;250
201500007129;15;3;25;2130;5;2;1;2;1;315;Rue quai de la saline;M;4745300;658600;250
201500007130;15;8;14;1900;1;1;1;8;1;83;;M;4750000;649600;250
201500007131;15;9;15;1930;2;1;1;8;6;530;;M;4730300;661200;250
201500007132;15;10;4;445;3;1;1;9;6;232;;M;4748900;662000;250
201500007133;15;11;9;800;1;1;1;1;6;246;;M;4741900;647500;250
201500007134;15;11;12;2230;3;2;9;5;7;19;grande rue;M;4744900;656800;250
201500007135;15;12;11;1915;5;2;1;1;3;394;Rue de Lougres;M;4748576;666719;250
201500007136;15;7;11;1900;1;1;1;1;1;163;;M;0;0;250
201500007137;15;12;22;1815;3;1;1;9;3;508;;M;4731898;624648;250
201500007138;15;1;5;500;3;1;1;9;5;262;;M;0;0;250
201500007139;15;1;11;345;3;1;1;3;6;453;;M;0;0;250
201500007140;15;3;25;1815;3;1;1;2;3;222;;M;4714900;627000;250
201500007141;15;4;16;1330;1;2;1;1;6;578;11 grande rue;M;4714880;633527;250
201500007142;15;7;14;215;3;1;1;1;7;453;;M;0;0;250
201500007143;15;12;4;2045;3;1;1;1;1;432;;M;4713249;653730;250
201500007144;15;12;8;1545;1;1;1;1;1;262;;M;4713395;658515;250
201500007145;15;4;9;1215;1;1;1;1;5;157;;M;0;0;250
201500007146;15;4;21;1545;1;1;1;1;1;462;;M;0;0;250
201500007147;15;4;27;1315;1;1;1;2;1;334;;M;0;0;250
201500007148;15;7;11;2030;1;1;1;1;6;334;;M;0;0;250
201500007149;15;2;6;1245;1;1;1;6;2;131;;M;0;0;250
201500007150;15;2;21;1330;1;1;1;8;3;405;;M;0;0;250
201500007151;15;2;27;1;3;1;1;1;6;318;;M;0;0;250
201500007152;15;3;23;1815;1;2;2;1;1;320;14 grande rue;M;4678000;628500;250
201500007153;15;4;8;1530;1;2;1;1;6;318;30 rue jules cйsar;M;0;0;250
201500007154;15;5;10;830;1;2;1;1;1;494;rue du haut fourneau;M;4674900;629800;250
201500007155;15;7;11;1745;1;1;1;1;7;96;;M;4675600;625500;250
201500007156;15;7;17;645;1;1;1;1;1;320;;M;4680300;627400;250
201500007157;15;7;18;1530;1;2;1;1;3;362;170 rue princiaple;M;4682801;629081;250
201500007158;15;9;2;1300;1;1;1;1;3;320;;M;4679200;627900;250
201500007159;15;11;14;1645;1;2;1;1;6;380;RUE DU VILLAGE;M;4678100;637400;250
201500007160;15;3;18;1430;1;2;1;1;1;522;rue principale;M;4721700;671700;250
201500007161;15;4;21;615;1;1;9;1;3;321;;M;0;0;250
201500007162;15;6;6;1430;1;2;1;1;1;160;LIEUX DIT REMONOT CD 437;M;0;0;250
201500007163;15;6;27;1800;1;2;1;1;3;411;;M;0;0;250
201500007164;15;6;30;1630;1;2;1;1;7;403;rue de Chinard;M;0;0;250
201500007165;15;7;17;1745;1;1;1;1;3;160;;M;4703400;654300;250
201500007166;15;8;10;845;1;1;1;2;1;411;;M;0;0;250
201500007167;15;8;23;515;1;1;1;1;6;389;;M;0;0;250
201500007168;15;9;16;1815;1;2;1;1;3;248;Rue des fruitiиres;M;0;0;250
201500007169;15;10;8;1945;3;1;1;1;1;271;;M;0;0;250
201500007170;15;10;24;2315;5;2;1;1;3;512;4 et 7 rue clemenceau;M;4715700;672600;250
201500007171;15;12;27;530;3;1;1;1;7;62;;M;0;0;250
201500007172;15;2;11;1140;1;2;1;1;6;70;19, ST J CHRYSOSTOME (BD;M;4409658;623980;40
201500007173;15;3;6;650;2;2;1;1;6;70;8, EVECHE (PL. DE);M;4409277;623793;40
201500007174;15;2;21;710;5;2;1;2;6;70;4, TAMPINET (RUE DU );M;4409120;623140;40
201500007175;15;5;15;1840;1;2;3;1;6;70;, FRERES MAHOUDEAUX;M;4410730;623036;40