num_acc;an;mois;jour;hrmn;lum;agg;int;atm;col;com;adr;gps;lat;long;dep
201500007176;15;6;2;1020;1;2;1;1;6;70;8, RUE DU SOUVENIR FRANC;M;4409724;624324;40
201500007177;15;7;7;1905;1;2;1;1;3;70;7, MARCHE (PL. DU);M;4409228;623657;40
201500007178;15;8;9;1100;1;2;1;1;1;70;Route de Nice;M;4407703;620967;40
201500007179;15;9;23;1310;1;2;3;1;2;70;21, HUGO (BD..V);M;4409500;623546;40
201500007180;15;9;30;940;1;2;1;1;6;70;GAMBETTA (BD);M;4409070;623088;40
201500007181;15;11;16;1750;5;2;1;1;6;70;DEMONTZEY (AV.);M;4409564;623026;40
201500007182;15;11;16;1818;5;2;1;1;6;70;MUTUALITE (rue de la);M;4409490;623950;40
201500007183;15;11;28;1300;1;1;1;1;2;70;, BARLES (ROUTE DE);M;4412096;623400;40
201500007184;15;12;15;1705;2;2;1;1;6;70;DEMONTZEY (AV.);M;4409191;623102;40
201500007185;15;12;24;1205;1;2;1;1;6;70;32, GASSENDI (BD);M;4409205;623366;40
201500007186;15;3;4;1645;1;2;1;1;5;306;Rue du Jura;M;0;0;390
201500007187;15;3;7;715;2;1;1;1;7;171;;M;0;0;390
201500007188;15;8;26;900;1;1;1;1;3;61;;M;0;0;390
201500007189;15;9;18;845;1;1;1;8;6;61;;M;0;0;390
201500007190;15;10;13;1700;1;2;1;1;6;164;16 rue neuve;M;0;0;390
201500007191;15;3;22;1815;1;2;1;1;6;397;Route des lacs;M;0;0;390
201500007192;15;4;21;700;1;1;1;1;6;253;;M;0;0;390
201500007193;15;6;3;1815;1;1;4;7;1;45;;M;0;0;390
201500007194;15;10;24;1045;1;2;7;1;6;397;5 B pl. colonel Varrroz;M;0;0;390
201500007195;15;3;3;815;1;1;1;1;6;199;;M;0;0;390
201500007196;15;5;10;430;5;2;1;1;6;456;15 grande rue;M;0;0;390
201500007197;15;5;11;1015;1;1;1;1;3;279;;M;0;0;390
201500007198;15;5;27;2045;2;1;3;1;3;104;;M;0;0;390
201500007199;15;6;3;715;1;1;1;1;1;229;Rue du Champ du Prince;M;0;0;390
201500007200;15;6;20;1715;1;1;1;1;6;482;;M;0;0;390
201500007201;15;7;4;930;1;1;3;1;3;489;;M;0;0;390
201500007202;15;7;23;1915;1;2;4;1;1;574;351 Grande rue;M;0;0;390
201500007203;15;9;2;2130;3;1;1;2;2;489;;M;0;0;390
201500007204;15;10;7;930;1;1;1;1;2;379;;M;0;0;390
201500007205;15;10;9;2005;3;1;1;1;1;191;;M;0;0;390
201500007206;15;11;14;1600;1;1;1;1;6;310;;M;0;0;390
201500007207;15;12;14;1015;1;1;1;1;7;482;;M;0;0;390
201500007208;15;6;6;1730;1;1;1;1;7;35;Chemin de Bel Air;M;0;0;390
201500007209;15;7;20;1745;1;1;9;1;1;395;;M;0;0;390
201500007210;15;7;31;1830;1;1;1;1;7;389;;M;0;0;390
201500007211;15;10;5;1530;1;2;1;8;1;437;rue du vieux pont;M;0;0;390
201500007212;15;5;17;1530;1;1;1;1;6;227;;M;0;0;390
201500007213;15;9;19;1015;1;1;1;2;1;129;;M;0;0;390
201500007214;15;11;10;1045;1;1;1;1;1;129;;M;0;0;390
201500007215;15;1;18;215;5;2;1;1;6;434;5 rue travot;M;4683700;571000;390
201500007216;15;9;19;1015;1;1;1;1;7;13;;M;4690100;573700;390
201500007217;15;10;8;1945;5;2;1;1;6;434;10 AVENUE DE LA GARE;M;4685100;570100;390
201500007218;15;10;9;1730;1;2;1;1;3;434;rue Roger Thyrode;M;4685000;569600;390
201500007219;15;12;2;1800;5;2;1;1;1;434;rue roger thirode;M;4684600;569500;390
201500007220;15;12;15;1000;1;1;1;1;7;355;;M;4695100;577600;390
201500007221;15;1;29;1400;1;2;3;2;3;206;route du Val d Amour;M;0;0;390
201500007222;15;2;22;530;3;1;1;2;6;176;;M;0;0;390
201500007223;15;4;8;1545;1;1;1;1;5;315;;M;0;0;390
201500007224;15;8;8;1115;1;2;1;3;1;500;rue Prйval;M;0;0;390
201500007225;15;10;2;1630;1;1;1;1;1;403;;M;0;0;390
201500007226;15;10;14;1945;5;2;1;2;6;500;29 rue de la Rйpublique;M;0;0;390
201500007227;15;10;25;2300;3;1;1;1;7;133;;M;0;0;390
201500007228;15;12;2;1715;5;2;2;1;3;370;;M;0;0;390
201500007229;15;1;16;1430;1;1;1;3;5;526;;M;4706100;569100;390
201500007230;15;6;3;1730;1;2;1;1;6;526;59 avenue de la paix;M;0;0;390
201500007231;15;6;5;615;1;1;1;1;1;526;;M;0;0;390
201500007232;15;7;7;15;3;1;2;1;1;99;;M;0;0;390
201500007233;15;10;16;1645;2;1;1;8;3;30;;M;0;0;390
201500007234;15;2;26;1915;5;2;1;1;1;211;18 route des hays;M;0;0;390
201500007235;15;4;1;1815;1;2;1;1;2;448;18 RUE DE LA CHAPELLE;M;0;0;390
201500007236;15;11;27;1815;3;1;2;1;3;546;;M;0;0;390
201500007237;15;4;18;1430;1;1;1;1;7;335;;M;0;0;390
201500007238;15;6;29;50;3;1;6;1;7;451;;M;0;0;390
201500007239;15;3;7;1930;3;1;1;1;1;286;;M;4663500;532600;390
201500007240;15;3;27;1045;1;1;1;8;2;286;;M;0;0;390
201500007241;15;4;19;1445;1;1;1;1;6;478;;M;0;0;390
201500007242;15;5;23;1545;1;1;1;1;1;579;;M;0;0;390
201500007243;15;7;1;715;1;2;1;1;1;478;place de l'abbaye;M;0;0;390
201500007244;15;8;1;630;3;1;1;3;6;68;;M;0;0;390
201500007245;15;9;7;1015;1;1;1;1;1;106;;M;0;0;390
201500007246;15;10;3;1345;1;1;1;8;7;184;;M;0;0;390
201500007247;15;11;1;530;3;1;1;5;6;269;;M;0;0;390
201500007248;15;11;23;1400;1;2;1;1;6;478;09 avenue de BELFORT;M;0;0;390
201500007249;15;12;24;1015;1;1;1;1;6;478;Chemin de Cutturra;M;0;0;390
201500007250;15;4;25;345;3;1;1;2;7;470;;M;0;0;390
201500007251;15;6;10;1600;1;1;1;1;3;470;;M;4648800;605300;390
201500007252;15;6;20;1800;1;1;1;1;6;368;;M;0;0;390
201500007253;15;7;18;1915;1;1;1;1;3;63;;M;0;0;390
201500007254;15;7;25;1545;1;1;3;1;3;494;;M;0;0;390
201500007255;15;8;2;1045;1;1;1;1;4;258;;M;4654200;592200;390
201500007256;15;8;2;1115;1;1;1;1;5;487;;M;0;0;390
201500007257;15;8;11;1645;1;1;9;1;1;470;;M;4648600;604600;390
201500007258;15;2;28;1005;1;2;1;1;6;112;Chemin de Robert;M;4382031;578774;40
201500007259;15;4;23;1210;1;2;1;1;1;112;chemin de Seigneres;M;4380662;581412;40
201500007260;15;9;5;1725;1;2;1;1;6;112;avenue des Savels;M;4382390;578098;40
201500007261;15;9;10;2225;3;1;1;1;1;112;D907;;;;40
201500007262;15;10;8;1800;1;2;2;1;3;112;RUE LEON MURE;M;4383250;577998;40
201500007263;15;10;14;1700;1;2;1;1;3;112;;;;;40
201500007264;15;12;27;35;5;2;1;1;6;112;40, ROUGIER (BD.);M;4383100;579175;40
201500007265;15;1;9;1815;5;2;6;1;3;112;1, SAINT MAURICE(AVENUE);M;4379152;581068;40
201500007266;15;2;17;1720;1;2;2;1;3;112;avenue Renй Cassin;M;4382201;578977;40
201500007267;15;3;25;1230;1;2;1;1;6;112;Allйe Canto Grilhet;M;4383601;577937;40
201500007268;15;3;4;1015;1;1;1;1;3;19;;M;4759300;610100;700
201500007269;15;6;8;830;1;1;1;1;7;367;;M;4762500;605800;700
201500007270;15;6;9;1700;1;1;1;1;7;163;;M;4766300;621300;700
201500007271;15;7;1;445;2;1;1;1;1;20;;M;4758700;611700;700
201500007272;15;7;2;2015;1;1;1;1;1;162;;M;4761700;623300;700
201500007273;15;8;1;30;3;1;1;1;7;199;;M;0;0;700
201500007274;15;8;22;1845;1;1;1;1;1;367;;M;4762500;605800;700
201500007275;15;8;23;1645;1;1;1;2;3;163;;M;0;0;700
201500007276;15;9;2;315;3;1;1;1;7;111;;M;4764252;626433;700
201500007277;15;10;25;2045;3;1;1;1;6;390;;M;4760853;631943;700
201500007278;15;3;1;730;2;1;1;2;6;404;;M;0;0;700
201500007279;15;6;3;1015;1;2;1;7;3;228;Place Gйnйral DE GAULLE;M;0;0;700
201500007280;15;7;10;145;3;1;1;1;6;170;;M;0;0;700
201500007281;15;7;11;1145;1;2;1;7;6;177;8 rue Jean Monasson;M;0;0;700
201500007282;15;3;19;1445;1;1;1;1;7;165;;M;0;0;700
201500007283;15;3;26;2100;3;1;1;1;6;324;;M;0;0;700
201500007284;15;4;6;45;5;2;1;1;6;504;grande rue;M;0;0;700
201500007285;15;5;25;1730;1;1;9;1;3;386;;M;0;0;700
201500007286;15;6;16;815;1;2;1;1;6;386;rue de la vaivre;M;0;0;700
201500007287;15;8;24;2215;3;1;1;8;6;421;;M;0;0;700
201500007288;15;9;11;1845;1;2;1;1;6;421;7 rue Gilberte Lavaire;M;4768929;604213;700
201500007289;15;10;26;1815;3;1;1;1;1;133;;M;4773276;600951;700
201500007290;15;11;13;900;1;2;1;1;7;275;CD 33;M;4750657;599734;700
201500007291;15;6;5;1830;1;1;1;1;1;449;;M;4748700;621400;700
201500007292;15;7;2;730;1;1;1;1;1;85;;M;4739000;600900;700
201500007293;15;7;17;930;1;1;1;1;6;326;;M;0;0;700
201500007294;15;10;16;845;1;1;1;8;5;208;;M;4752817;612992;700
201500007295;15;4;9;2045;5;2;1;1;6;310;11 BOULEVARD BROSSET;M;0;0;700
201500007296;15;4;17;330;5;2;1;1;6;310;97 av. de la republique;M;0;0;700
201500007297;15;5;10;1800;1;1;1;1;7;310;;M;4767700;650100;700
201500007298;15;6;12;1345;1;2;1;1;6;310;30 avenue Carnot;M;4768600;649900;700
201500007299;15;6;13;1845;1;1;1;1;7;464;;M;4773800;651800;700
201500007300;15;6;25;330;3;1;1;1;6;464;;M;0;0;700
201500007301;15;6;25;445;3;1;9;1;1;81;;M;0;0;700
201500007302;15;7;4;900;1;1;1;1;3;81;;M;4769000;645600;700
201500007303;15;7;14;915;1;2;1;1;6;310;50 rue de la Rйpublique;M;4769100;649600;700
201500007304;15;7;26;2100;2;2;2;8;3;310;rue des jardins;M;0;0;700
201500007305;15;8;8;2330;3;1;1;1;2;464;;M;0;0;700
201500007306;15;8;24;1630;1;1;1;1;1;310;;M;4768600;650300;700
201500007307;15;9;1;830;1;1;1;1;3;455;;M;4766363;654789;700
201500007308;15;12;24;1815;5;2;1;1;6;310;53 avenue carnot;M;4767965;650148;700
201500007309;15;2;6;1915;3;1;1;4;1;248;;M;0;0;700
201500007310;15;4;15;1500;1;2;1;1;1;318;rue du puits;M;4769900;663200;700
201500007311;15;4;16;1400;1;1;1;1;2;339;;M;4776000;659900;700
201500007312;15;6;15;1100;1;1;1;2;6;120;;M;4769100;668400;700
201500007313;15;8;22;1845;1;1;1;1;3;283;;M;0;0;700
201500007314;15;9;6;1345;1;1;1;1;7;413;;M;4770750;672484;700
201500007315;15;10;25;1430;1;1;1;1;2;498;;M;4780300;665800;700
201500007316;15;11;28;1900;3;1;1;1;1;283;;M;4783054;670765;700
201500007317;15;2;9;815;1;1;1;1;4;317;;M;0;0;700
201500007318;15;3;1;1300;1;1;1;2;7;307;;M;4758900;643100;700
201500007319;15;4;18;1515;1;1;1;1;2;64;;M;4762800;666700;700
201500007320;15;5;30;1400;1;1;1;1;3;5;;M;0;0;700
201500007321;15;9;9;1745;1;2;1;1;2;117;route nationale;M;4764604;677924;700
201500007322;15;9;16;2115;2;1;1;1;7;317;;M;4753435;641611;700
201500007323;15;12;8;1715;5;1;1;1;1;117;;M;4764660;677757;700
201500007324;15;5;13;1900;1;1;1;1;2;263;;M;4774000;631600;700
201500007325;15;6;2;1812;1;1;1;1;1;478;;M;0;0;700
201500007326;15;6;4;315;3;1;1;1;1;537;;M;0;0;700
201500007327;15;6;5;745;1;1;1;1;3;435;;M;4784100;643700;700
201500007328;15;6;11;1500;1;2;1;1;6;16;;M;0;0;700
201500007329;15;6;20;1800;1;1;1;1;6;380;;M;4775200;619900;700
201500007330;15;8;15;1500;1;1;1;1;6;473;;M;0;0;700
201500007331;15;1;8;930;1;1;1;8;1;168;;M;0;0;700
201500007332;15;1;11;430;3;1;1;2;7;338;;M;0;0;700
201500007333;15;2;17;1330;1;1;1;1;3;467;;M;0;0;700
201500007334;15;2;24;1845;2;1;1;1;3;6;;M;0;0;700
201500007335;15;3;20;1930;3;1;1;1;1;249;;M;0;0;700
201500007336;15;3;24;2000;5;2;1;1;5;245;;M;0;0;700
201500007337;15;7;14;1915;1;2;1;1;7;467;21 rue d'Avignon;M;0;0;700
201500007338;15;8;9;1530;1;1;1;1;1;245;;M;0;0;700
201500007339;15;8;10;1630;1;1;1;1;1;6;;M;0;0;700
201500007340;15;9;14;1730;1;1;1;7;3;245;;M;4788349;640993;700
201500007341;15;10;1;1130;1;1;1;1;3;245;;M;4790085;640436;700
201500007342;15;1;19;1545;1;1;1;8;1;185;;M;0;0;700
201500007343;15;2;22;1845;3;1;1;1;7;132;;M;0;0;700
201500007344;15;3;4;1630;1;2;1;1;6;26;Avenue Charles Couyba;M;0;0;700
201500007345;15;5;10;1345;1;2;1;1;1;279;77 grande rue;M;0;0;700
201500007346;15;6;7;1900;1;2;1;1;6;371;2 rue de la Charme aux l;M;0;0;700
201500007347;15;7;10;1915;1;2;1;1;3;26;37 rue de Verdun;M;0;0;700
201500007348;15;8;17;2115;5;2;1;1;3;402;59 Grande rue;M;0;0;700
201500007349;15;8;28;1300;1;2;1;1;1;371;38 grande rue;M;0;0;700
201500007350;15;10;8;1545;1;1;1;1;3;376;;M;4755536;554674;700
201500007351;15;11;3;1845;3;1;1;5;7;132;;M;4748348;556817;700
201500007352;15;12;10;1845;3;2;1;1;4;371;RD 70;M;4750026;563900;700
201500007353;15;5;28;930;1;1;1;1;6;247;;M;4764800;567800;700
201500007354;15;7;31;1730;1;1;1;1;1;491;;M;4753800;577000;700
201500007355;15;11;10;1145;1;1;1;1;7;247;;M;4767306;566095;700
201500007356;15;12;10;1742;3;1;1;5;7;299;;M;4762313;577826;700
201500007357;15;6;11;1630;1;1;1;1;3;130;;M;4736800;574200;700
201500007358;15;11;7;2345;3;1;1;1;7;60;;M;4730684;583436;700
201500007359;15;11;22;1715;2;1;1;1;1;282;;M;4741866;581954;700
201500007360;15;3;19;545;2;2;7;1;6;87;30 av. du gl de Gaulle;M;;;900
201500007361;15;5;10;1830;1;2;1;1;1;22;rue du general de gaulle;M;;;900
201500007362;15;6;4;2030;2;2;6;1;3;93;;M;0;0;900
201500007363;15;4;5;1300;1;1;1;1;6;43;;M;0;0;900
201500007364;15;4;23;2045;3;1;1;1;6;45;;M;4751000;695000;900
201500007365;15;4;29;630;3;1;1;1;1;33;;M;4750000;701700;900
201500007366;15;5;4;2030;2;2;1;1;3;9;rue de la maison blanche;M;;;900
201500007367;15;7;15;2015;1;2;1;1;1;9;Rue du parc Gaston Japy;M;;;900
201500007368;15;1;7;1745;3;1;6;2;6;91;;M;0;0;900
201500007369;15;2;22;115;3;1;6;1;6;91;;M;;;900
201500007370;15;4;15;1500;1;2;1;1;3;65;;M;0;0;900
201500007371;15;5;1;1845;2;2;1;3;2;23;85 c grande rue;M;0;0;900
201500007372;15;5;24;815;1;2;1;1;3;65;route du ballon;M;;;900
201500007373;15;6;24;1830;1;1;1;1;7;65;;M;;;900
201500007374;15;7;25;1000;1;2;1;7;1;58;Rue du Gйnйral de Gaulle;M;;;900
201500007375;15;8;17;1645;1;1;1;1;6;3;;M;0;0;900
201500007376;15;9;9;1745;1;2;1;1;1;23;grande rue;M;0;0;900
201500007377;15;10;15;1400;1;1;1;8;6;5;;M;0;0;900
201500007378;15;10;31;1630;1;1;1;1;6;65;;M;0;0;900
201500007379;15;11;1;1715;1;1;1;1;6;5;;M;0;0;900
201500007380;15;11;11;2030;5;2;1;1;1;52;72 faubourg de Belfort;M;0;0;900
201500007381;15;11;25;2130;3;1;1;8;3;58;;M;0;0;900
201500007382;15;12;29;1500;1;1;1;1;1;100;;M;0;0;900
201500007383;15;2;15;400;5;2;1;2;7;53;24 rue du G?n?ral Lecler;M;0;0;900
201500007384;15;3;30;1145;1;1;1;1;1;18;;M;0;0;900
201500007385;15;6;21;1330;1;2;6;8;6;101;1 rue des Moulins;M;0;0;900
201500007386;15;6;23;1445;1;2;1;1;6;53;24 rue de delle;M;;;900
201500007387;15;9;4;1630;1;2;1;1;6;53;rue du Gйnйral Leclerc;M;0;0;900
201500007388;15;9;13;115;5;2;1;1;6;71;44 rue georges helminger;M;4760700;698900;900
201500007389;15;9;27;830;1;1;1;1;7;18;;M;0;0;900
201500007390;15;2;2;1315;1;1;1;1;7;35;;M;0;0;380
201500007391;15;2;21;2015;3;1;1;8;5;72;;M;0;0;380
201500007392;15;2;28;1915;5;1;1;1;6;336;;M;0;0;380
201500007393;15;3;13;1800;2;1;1;1;6;19;;M;0;0;380
201500007394;15;4;26;1545;1;1;1;1;6;2;AIRE REPOS ST RAMBERT;M;0;0;260
201500007395;15;5;1;1915;2;1;1;2;6;19;;M;0;0;380
201500007396;15;5;15;1;3;1;1;8;1;19;;M;0;0;380
201500007397;15;6;26;1530;1;1;1;1;5;72;;M;0;0;380
201500007398;15;6;26;1830;1;1;1;1;7;2;A7 ALBON;M;0;0;260
201500007399;15;8;20;2145;5;1;1;1;6;468;;M;4534916;480649;380
201500007400;15;9;1;245;3;1;1;1;2;332;BERTEUX;M;0;0;260
201500007401;15;9;14;930;1;1;1;1;6;332;BOIS ROUSSET;M;0;0;260
201500007402;15;10;10;845;1;1;1;1;3;2;BLANCHE RONDE;M;0;0;260
201500007403;15;11;6;215;3;1;1;1;5;344;;M;4539499;480828;380
201500007404;15;1;31;1015;1;1;2;1;3;197;LES CLOS;M;4494350;497330;260
201500007405;15;2;3;2100;3;1;1;2;6;362;LES COULEURES;M;4495510;493090;260
201500007406;15;2;10;730;2;1;1;1;2;156;LES CHAUX;M;0;0;260
201500007407;15;2;19;2015;5;1;1;1;1;358;LES CHANETONS;M;0;0;260
201500007408;15;2;23;1330;1;1;1;1;2;124;RIVECOURT SUD;M;0;0;260
201500007409;15;3;6;1945;3;1;9;1;3;144;LA GARENNE;M;0;0;260
201500007410;15;3;11;1600;1;1;3;1;3;124;LES ILES;M;0;0;260
201500007411;15;3;14;1015;1;1;1;1;6;165;RTE DU VAL DE DROME;M;0;0;260
201500007412;15;3;15;1515;1;1;1;1;3;156;LES COULAIRES;M;0;0;260
201500007413;15;3;28;1915;3;1;1;1;6;100;LES ETROITS;M;0;0;260
201500007414;15;4;18;400;3;1;1;2;6;208;RD 111;M;0;0;260
201500007415;15;4;23;1945;1;1;1;1;3;206;FRANCONNET;M;0;0;260
201500007416;15;4;25;715;1;1;1;2;2;295;FARCONNET;M;0;0;260
201500007417;15;5;10;1715;1;1;1;1;2;165;A7;M;0;0;260
201500007418;15;5;13;1530;1;1;1;1;2;362;;M;0;0;260
201500007419;15;5;18;1915;1;1;1;1;1;124;LA PALLAISSE;M;0;0;260
201500007420;15;5;17;1915;1;1;2;1;3;365;BAYANE;M;0;0;260
201500007421;15;5;22;715;1;1;1;1;1;84;SAUT DES CHEVRES BAS;M;0;0;260
201500007422;15;5;25;1615;1;1;1;1;6;179;BRETELLE ECHANGEUR 13;M;0;0;260
201500007423;15;5;29;1200;1;1;1;1;6;362;EPERVIERE;M;0;0;260
201500007424;15;5;30;1230;1;1;1;1;6;365;LES GONDIANS;M;0;0;260
201500007425;15;6;14;500;3;1;1;3;6;252;A7;M;0;0;260
201500007426;15;6;23;1745;1;1;1;1;4;72;CROIX DES MORTS;M;0;0;260
201500007427;15;6;24;1845;1;1;1;1;6;362;A7 VALENCE;M;0;0;260
201500007428;15;7;6;1630;1;1;1;1;7;37;ZONE ACTIVITE LES SIRIUS;M;4487260;494310;260
201500007429;15;7;8;730;1;1;1;1;2;179;LES CHASSIS SUD;M;0;0;260
201500007430;15;7;9;1015;1;1;3;1;3;206;NOYERE;M;0;0;260
201500007431;15;7;6;645;1;1;1;1;3;166;AV DE LA REPUBLIQUE;M;0;0;260
201500007432;15;7;19;600;3;1;1;1;6;208;POUYET;M;0;0;260
201500007433;15;7;20;2130;2;1;1;1;7;197;BOURBOUREE;M;0;0;260
201500007434;15;7;23;930;1;1;1;1;7;208;CHEMIN DES REYNAUDS;M;4479920;493500;260
201500007435;15;7;28;1730;1;1;4;1;2;64;CHOSSON;M;0;0;260
201500007436;15;8;5;1415;1;1;2;1;3;165;AV ALBERT MAZADE;M;0;0;260
201500007437;15;8;8;945;1;2;2;1;3;6;RUE DES RAMIERES;M;0;0;260
201500007438;15;8;11;1945;1;1;1;1;3;37;LES TROIS BUCHES;M;0;0;260
201500007439;15;8;11;1330;1;1;1;1;3;250;AIRE DE LATITUDE 45;M;0;0;260
201500007440;15;9;11;2345;3;1;1;1;1;124;LA PAUZE ET LE TRUC;M;0;0;260
201500007441;15;10;5;1900;2;1;1;1;6;124;ILES DU CHEZ;M;0;0;260
201500007442;15;10;9;1900;3;1;1;1;1;144;GUERBY;M;0;0;260
201500007443;15;11;30;345;5;2;1;1;6;6;RTE DE CREST;M;0;0;260
201500007444;15;12;2;1800;3;1;1;1;1;124;QUEYRAS;M;0;0;260
201500007445;15;12;8;1945;3;1;1;1;7;64;LA DIGEONNE;M;0;0;260
201500007446;15;12;9;845;3;1;1;1;2;179;;M;0;0;260
201500007447;15;12;11;845;2;1;2;8;3;64;LES GOUVERNAUX;M;0;0;260
201500007448;15;12;11;1900;3;1;1;1;1;64;LES PETITES FORETS;M;0;0;260
201500007449;15;12;17;1830;5;1;2;1;6;124;VERCORS EST;M;0;0;260
201500007450;15;12;21;1030;1;1;1;1;5;165;A7;M;0;0;260
201500007451;15;12;15;1600;1;1;3;1;3;197;CHIRETTE;M;0;0;260
201500007452;15;3;24;845;1;1;2;1;5;87;;M;4348927;562983;130
201500007453;15;4;5;1800;1;1;1;1;6;87;;M;0;0;130
201500007454;15;4;10;1545;1;1;1;1;1;87;;M;0;0;130
201500007455;15;4;22;430;3;1;1;1;2;107;;M;0;0;130
201500007456;15;5;30;1945;1;1;1;1;6;80;;M;4365343;547596;130
201500007457;15;7;6;1645;1;1;6;1;6;60;;M;4346872;549731;130
201500007458;15;2;9;1600;1;2;1;1;6;51;7 Avenue Mal Leclerc;M;4359509;513016;130
201500007459;15;2;27;1615;1;1;1;1;1;51;;M;0;0;130
201500007460;15;3;2;700;2;1;1;8;6;114;**;M;0;0;130
201500007461;15;4;2;515;4;1;9;1;6;76;**;M;0;0;130
201500007462;15;6;4;1745;1;1;4;1;3;37;;M;4353563;519246;130
201500007463;15;6;25;2145;3;1;2;1;3;34;;M;0;0;130
201500007464;15;7;7;1945;1;1;1;1;7;44;;M;0;0;130
201500007465;15;9;27;145;4;1;1;1;6;51;**;M;0;0;130
201500007466;15;10;3;800;1;1;1;1;1;89;**;M;0;0;130
201500007467;15;10;9;815;1;1;1;1;6;112;**;M;0;0;130
201500007468;15;11;29;1645;1;1;1;1;6;105;;M;0;0;130
201500007469;15;12;26;2215;3;1;1;1;6;51;;M;0;0;130
201500007470;15;10;14;1215;1;1;1;1;3;109;**;M;0;0;130
201500007471;15;2;13;1215;1;1;1;8;1;41;;M;0;0;130
201500007472;15;4;26;1530;1;2;1;1;1;41;chemin des molx;M;0;0;130
201500007473;15;6;15;1000;1;1;1;1;6;60;;M;0;0;130
201500007474;15;7;5;830;1;1;1;1;1;41;;M;0;0;130
201500007475;15;7;26;500;5;1;1;1;3;60;%%%;M;0;0;130
201500007476;15;7;29;1415;1;1;6;1;2;60;;M;0;0;130
201500007477;15;9;17;1015;1;1;1;3;5;41;0;M;0;0;130
201500007478;15;9;17;1730;1;2;6;1;3;41;rue d'armйnie;M;0;0;130
201500007479;15;10;20;1900;5;2;1;1;6;41;Boulevard Victor Hugo;M;0;0;130
201500007480;15;11;2;1200;1;2;1;1;5;107;2282B Route de Gardanne;M;4344948;544889;130
201500007481;15;11;11;1600;1;1;1;1;1;41;;M;0;0;130
201500007482;15;12;5;1345;1;2;1;2;1;41;CD 46A;M;0;0;130
201500007483;15;2;7;1900;5;1;1;1;1;59;;M;0;0;130
201500007484;15;5;27;1745;1;1;1;1;3;99;***;M;0;0;130
201500007485;15;6;25;245;5;2;1;1;2;48;boulevard du defend;M;0;0;130
201500007486;15;9;9;1800;1;1;1;1;1;74;;M;4365014;560567;130
201500007487;15;9;23;815;1;1;1;1;5;59;**;M;0;0;130
201500007488;15;10;12;1200;1;1;1;2;3;99;;M;0;0;130
201500007489;15;10;28;645;2;1;1;1;1;59;***;M;4365109;552200;130
201500007490;15;1;5;1545;1;2;1;1;6;107;route de mimet - D8;M;0;0;130
201500007491;15;1;21;1915;3;2;6;3;6;15;rd8N bouc bel air;M;0;0;130
201500007492;15;5;21;930;1;2;1;1;6;15;CD8  avenue des chabauds;M;0;0;130
201500007493;15;5;17;1700;1;2;1;1;1;15;rue des roseaux;M;0;0;130
201500007494;15;6;23;1730;1;2;2;1;1;15;D6- route de RANS;M;0;0;130
201500007495;15;9;4;1545;1;2;1;1;1;15;Route departementale D8N;M;0;0;130
201500007496;15;10;25;1730;2;2;1;1;1;15;699 avenue du 8 mai 1945;M;4345068;542023;130
201500007497;15;2;7;1715;1;1;1;1;3;72;;M;0;0;130
201500007498;15;3;16;1330;1;1;3;2;4;110;???;M;0;0;130
201500007499;15;7;7;1715;1;1;6;1;4;72;;M;4345003;563828;130
201500007500;15;7;25;845;1;1;1;1;3;79;;M;0;0;130
201500007501;15;12;30;1615;1;1;1;1;3;110;;M;0;0;130
201500007502;15;5;6;1600;1;1;1;1;6;4;***;M;0;0;130
201500007503;15;5;9;1800;1;1;1;1;7;4;***;M;0;0;130
201500007504;15;6;9;1245;1;1;1;7;6;4;;M;4364729;468970;130
201500007505;15;6;18;800;1;1;1;1;3;4;;M;0;0;130
201500007506;15;6;28;530;2;1;1;1;6;4;***;M;0;0;130
201500007507;15;6;29;1500;1;1;1;1;5;4;;M;0;0;130
201500007508;15;7;14;1545;1;1;1;1;2;4;***;M;0;0;130
201500007509;15;7;19;2345;3;1;1;1;6;4;***;M;0;0;130
201500007510;15;8;23;1815;2;1;1;3;1;4;***;M;0;0;130
201500007511;15;8;29;115;3;1;1;1;7;4;;M;0;0;130
201500007512;15;9;1;1830;1;1;1;1;3;4;*;M;0;0;130
201500007513;15;11;24;2245;3;1;1;1;6;4;;M;0;0;130
201500007514;15;12;12;900;1;1;1;1;7;4;;M;0;0;130
201500007515;15;12;30;745;2;1;1;1;6;4;;M;0;0;130
201500007516;15;4;21;1045;1;1;9;1;3;27;;M;0;0;130
201500007517;15;6;16;930;1;1;2;1;3;27;;M;0;0;130
201500007518;15;10;4;1145;1;2;1;3;3;27;18-20 Lotissement le Sam;M;4388410;486181;130
201500007519;15;11;29;2000;3;2;1;1;1;27;;M;0;0;130
201500007520;15;11;30;715;2;2;1;1;6;66;BD DE LA REPUBLIQUE;M;4387659;490248;130
201500007521;15;12;20;1745;3;1;1;9;3;66;;M;0;0;130
201500007522;15;4;18;115;3;1;1;1;7;96;***;M;0;0;130
201500007523;15;7;21;1530;1;2;2;1;3;96;route de cacharel;M;0;0;130
201500007524;15;8;10;145;5;2;1;1;1;96;15 av Riquette Aubanel;M;4344988;441732;130
201500007525;15;8;25;1130;1;1;9;1;1;96;***;M;0;0;130
201500007526;15;9;28;200;3;1;1;1;6;96;D38;M;4348607;438617;130
201500007527;15;2;1;1730;2;1;1;1;6;97;;M;0;0;130
201500007528;15;2;12;545;3;1;1;1;6;97;;M;0;0;130
201500007529;15;3;6;1445;1;1;1;1;7;97;N568;M;0;0;130