num_acc;an;mois;jour;hrmn;lum;agg;int;atm;col;com;adr;gps;lat;long;dep
201500007530;15;3;16;1730;1;1;1;2;1;97;PR ....;M;0;0;130
201500007531;15;3;31;1415;1;1;1;1;7;4;;M;0;0;130
201500007532;15;4;11;1830;1;2;2;1;3;97;rue du mas de roche;M;0;0;130
201500007533;15;6;29;1830;1;2;1;7;3;97;avenue de la rйpublique;M;0;0;130
201500007534;15;7;14;1300;1;1;1;1;7;97;;M;0;0;130
201500007535;15;8;8;1745;1;1;1;1;6;4;***;M;0;0;130
201500007536;15;9;4;900;1;1;1;1;2;97;*;M;0;0;130
201500007537;15;9;23;1530;1;1;1;1;3;97;;M;0;0;130
201500007538;15;10;12;1615;1;1;1;1;6;97;**;M;0;0;130
201500007539;15;12;12;715;2;1;1;5;3;97;;M;0;0;130
201500007540;15;12;17;1200;1;1;1;1;1;97;;M;0;0;130
201500007541;15;1;16;915;3;1;1;1;6;100;;M;0;0;130
201500007542;15;1;20;1915;3;1;1;3;1;100;;M;0;0;130
201500007543;15;3;15;2045;3;1;1;2;1;100;;M;0;0;130
201500007544;15;3;21;2030;3;1;1;2;7;100;;M;0;0;130
201500007545;15;3;24;1215;1;1;1;1;7;94;;M;0;0;130
201500007546;15;4;7;730;1;1;2;1;3;94;;M;0;0;130
201500007547;15;7;18;1100;1;2;1;1;3;100;bd goislard de monsabert;M;0;0;130
201500007548;15;10;29;845;1;1;1;1;2;100;;M;0;0;130
201500007549;15;11;4;730;1;1;1;1;2;100;**;M;0;0;130
201500007550;15;11;5;600;2;1;1;1;1;94;**;M;0;0;130
201500007551;15;12;11;1900;3;1;1;1;6;94;;M;0;0;130
201500007552;15;3;7;1030;1;1;1;1;1;42;D2;M;0;0;130
201500007553;15;5;3;1800;1;1;1;1;1;30;;M;0;0;130
201500007554;15;5;17;1415;1;1;1;1;1;42;***;M;0;0;130
201500007555;15;6;20;1545;1;1;1;1;6;30;***;M;0;0;130
201500007556;15;6;24;1500;1;1;1;1;7;30;***;M;0;0;130
201500007557;15;7;4;1545;1;1;1;1;3;30;***;M;0;0;130
201500007558;15;7;12;1800;1;1;1;1;6;30;**;M;0;0;130
201500007559;15;7;15;730;1;1;1;1;3;30;**;M;0;0;130
201500007560;15;7;21;1615;1;2;1;1;2;30;D8N***;M;0;0;130
201500007561;15;8;1;1615;1;1;1;1;6;30;***;M;0;0;130
201500007562;15;8;2;1030;1;1;1;1;5;30;;M;0;0;130
201500007563;15;9;6;1730;1;1;1;1;3;42;**;M;0;0;130
201500007564;15;9;4;1730;1;1;1;1;3;42;**;M;0;0;130
201500007565;15;9;12;1700;1;1;1;1;1;30;*;M;0;0;130
201500007566;15;9;19;845;1;1;1;1;1;30;**;M;0;0;130
201500007567;15;10;19;845;1;1;1;8;5;42;***;M;0;0;130
201500007568;15;11;16;900;1;1;1;1;6;30;;M;0;0;130
201500007569;15;12;4;2100;5;1;9;1;3;42;;M;0;0;130
201500007570;15;12;18;1700;5;1;1;1;7;42;**;M;0;0;130
201500007571;15;5;15;1615;1;2;1;1;1;22;RD559*;M;0;0;130
201500007572;15;8;9;1800;1;1;1;1;1;22;**;M;0;0;130
201500007573;15;8;15;815;1;2;1;1;6;22;Rue de l 'arene;M;0;0;130
201500007574;15;8;22;1245;1;1;1;1;6;22;;M;0;0;130
201500007575;15;10;29;1545;1;1;1;1;1;22;;M;0;0;130
201500007576;15;11;1;2000;5;2;1;1;2;22;av du 11 novembre 1918;M;0;0;130
201500007577;15;1;5;1715;2;1;1;1;6;85;;M;0;0;130
201500007578;15;3;29;715;1;1;1;1;1;85;;M;0;0;130
201500007579;15;4;11;1815;1;2;1;1;1;119;Avenue du verdon;M;0;0;130
201500007580;15;7;18;30;3;1;1;1;6;85;***;M;0;0;130
201500007581;15;1;30;1515;1;2;1;1;6;46;Bd Salvator Alliende;M;0;0;130
201500007582;15;2;28;1445;1;1;3;1;3;73;;M;0;0;130
201500007583;15;4;19;1830;1;1;1;1;7;13;***;M;0;0;130
201500007584;15;9;12;2230;3;1;1;1;1;20;**;M;0;0;130
201500007585;15;2;2;1545;1;1;1;1;1;86;216-288 Chemin Dйparteme;M;4332772;560054;130
201500007586;15;3;22;1415;1;1;1;2;1;7;;M;0;0;130
201500007587;15;4;7;1515;1;1;1;1;7;86;;M;0;0;130
201500007588;15;4;17;1600;1;2;1;1;3;86;quartier le repos RD96;M;4335200;561900;130
201500007589;15;5;21;1715;1;2;1;1;6;16;RD45E;M;0;0;130
201500007590;15;6;6;1115;1;2;1;1;4;16;35 rue madame boyer;M;0;0;130
201500007591;15;10;7;1845;1;2;1;1;3;86;d96*;M;0;0;130
201500007592;15;11;21;1415;1;1;1;1;3;86;;M;0;0;130
201500007593;15;12;12;1145;1;2;9;1;3;86;avenue des alliйs;M;0;0;130
201500007594;15;8;28;1700;1;1;1;1;7;49;;M;0;0;130
201500007595;15;10;27;730;2;1;1;1;4;49;**;M;0;0;130
201500007596;15;1;5;1215;1;2;1;1;3;53;avenue de craponne;M;0;0;130
201500007597;15;4;14;1645;1;1;1;1;4;105;;M;0;0;130
201500007598;15;4;28;915;1;1;1;1;5;105;;M;0;0;130
201500007599;15;6;6;1645;1;1;1;1;1;105;;M;0;0;130
201500007600;15;7;11;430;3;1;1;1;6;35;;M;0;0;130
201500007601;15;9;12;1700;1;1;1;1;6;53;;M;0;0;130
201500007602;15;12;22;530;5;2;1;1;1;105;D7N;M;0;0;130
201500007603;15;1;18;1515;1;2;1;1;3;67;RD 7 N;M;0;0;130
201500007604;15;3;8;845;1;1;1;1;6;34;;M;0;0;130
201500007605;15;4;2;1945;2;1;1;6;3;89;;M;0;0;130
201500007606;15;7;24;1745;1;1;1;1;5;89;;M;0;0;130
201500007607;15;10;2;2030;3;1;1;1;3;67;;M;0;0;130
201500007608;15;10;22;715;2;2;1;1;3;76;cd99;M;0;0;130
201500007609;15;11;26;745;1;1;1;1;5;67;;M;0;0;130
201500007610;15;3;27;1630;1;2;1;1;6;81;rue du 4 septembre;M;0;0;130
201500007611;15;4;30;1845;1;1;1;1;3;81;;M;0;0;130
201500007612;15;5;4;1730;1;2;1;1;1;81;Boulevard F. MISTRAL;M;0;0;130
201500007613;15;11;14;1400;1;2;6;1;3;81;RD 20;M;0;0;130
201500007614;15;11;11;1830;3;1;3;1;3;81;;M;0;0;130
201500007615;15;11;19;1715;1;1;1;1;1;81;;M;0;0;130
201500007616;15;12;18;1815;5;2;1;1;3;81;vallat de la chapelle;M;0;0;130
201500007617;15;6;10;1700;1;1;9;9;1;82;***;M;0;0;130
201500007618;15;5;2;1815;1;1;1;1;6;46;;M;0;0;40
201500007619;15;5;10;1800;1;1;1;1;6;167;;M;0;0;40
201500007620;15;5;28;1800;1;1;1;1;6;1;voie du Monegros;M;4406683;611797;40
201500007621;15;5;30;1215;1;1;1;1;5;1;;M;0;0;40
201500007622;15;6;13;1100;1;1;1;1;3;113;;M;0;0;40
201500007623;15;7;30;1945;1;1;1;1;3;46;;M;0;0;40
201500007624;15;8;1;1430;1;1;1;1;5;1;;M;0;0;40
201500007625;15;8;3;1215;1;1;1;1;6;1;;M;0;0;40
201500007626;15;8;14;2145;3;1;1;2;1;110;;M;0;0;40
201500007627;15;8;30;615;2;1;1;1;6;97;;M;0;0;40
201500007628;15;8;30;1830;1;1;1;1;1;24;;M;0;0;40
201500007629;15;10;20;1915;3;1;1;1;5;1;;M;0;0;40
201500007630;15;12;25;2030;3;1;1;1;7;113;;M;0;0;40
201500007631;15;1;20;1330;1;1;1;1;3;230;;M;0;0;40
201500007632;15;1;21;1730;3;1;1;2;6;94;;M;4379700;584200;40
201500007633;15;3;24;1630;1;1;1;1;5;189;;M;4377100;593900;40
201500007634;15;4;26;1300;1;1;1;1;1;94;;M;0;0;40
201500007635;15;5;2;1230;1;1;1;1;3;230;;M;4383600;586500;40
201500007636;15;5;12;2030;1;1;1;1;3;230;;M;4384000;596400;40
201500007637;15;6;15;1645;1;1;1;1;5;230;"""La Campagne Neuve""";M;0;0;40
201500007638;15;6;27;1830;1;1;1;1;1;230;;M;4381440;590639;40
201500007639;15;7;12;1530;1;1;1;1;1;189;;M;4378100;597700;40
201500007640;15;8;4;2130;5;2;1;1;1;94;;M;4376200;589300;40
201500007641;15;9;15;1600;1;1;1;1;5;94;;M;4378200;587500;40
201500007642;15;10;31;1200;1;1;1;1;5;189;;M;0;0;40
201500007643;15;11;26;1430;1;1;1;1;1;94;;M;4377500;587900;40
201500007644;15;5;10;515;2;1;1;1;6;108;;M;0;0;40
201500007645;15;6;20;915;1;2;1;1;1;116;Aire des pйnitents;M;0;0;40
201500007646;15;6;21;600;1;1;1;1;6;116;;M;0;0;40
201500007647;15;6;26;2045;1;2;1;1;6;143;Chemin Saint Sauveur;M;0;0;40
201500007648;15;7;2;1600;1;1;1;1;1;108;;M;0;0;40
201500007649;15;7;25;1900;1;1;1;1;7;106;;M;0;0;40
201500007650;15;8;14;1430;1;1;1;1;1;108;;M;0;0;40
201500007651;15;12;31;1030;1;2;1;1;6;143;RUE PAUL JEAN;M;4391740;591797;40
201500007652;15;1;26;730;2;1;1;2;1;55;;M;0;0;40
201500007653;15;4;11;1330;1;1;1;1;6;204;;M;0;0;40
201500007654;15;6;3;1100;1;1;1;7;7;55;;M;0;0;40
201500007655;15;7;3;1800;1;1;1;1;6;121;;M;0;0;40
201500007656;15;7;19;1845;1;1;1;1;6;84;;M;0;0;40
201500007657;15;9;18;1700;1;1;1;1;7;204;;M;0;0;40
201500007658;15;7;6;1430;1;2;1;1;2;116;route dйpartementale 4;M;0;0;40
201500007659;15;6;24;1015;1;1;1;1;3;193;;M;0;0;40
201500007660;15;7;23;1215;1;1;1;1;2;100;;M;0;0;40
201500007661;15;7;24;830;1;1;1;1;7;62;;M;0;0;40
201500007662;15;8;27;1315;1;1;1;1;6;120;;M;0;0;40
201500007663;15;4;12;1545;1;1;1;1;6;126;;M;0;0;40
201500007664;15;5;30;1730;1;1;1;1;6;102;Le bois du Tour;M;4441900;641800;40
201500007665;15;9;18;1815;2;1;1;1;7;102;;M;0;0;40
201500007666;15;1;17;1100;1;1;1;1;7;33;;M;0;0;40
201500007667;15;7;1;1130;1;1;1;1;7;237;;M;0;0;40
201500007668;15;7;31;900;1;1;1;1;7;33;;M;0;0;40
201500007669;15;8;16;115;3;1;1;1;7;203;;M;0;0;40
201500007670;15;8;18;1145;1;1;1;1;3;102;;M;0;0;40
201500007671;15;6;29;845;1;1;1;1;7;39;;M;0;0;40
201500007672;15;8;11;1630;1;1;1;1;7;92;;M;0;0;40
201500007673;15;9;10;1445;1;1;1;1;6;39;;M;0;0;40
201500007674;15;9;12;1230;1;2;1;1;2;39;RD 4085 - PK 100;M;0;0;40
201500007675;15;5;1;1345;1;1;1;2;7;236;;M;0;0;40
201500007676;15;6;6;1600;1;1;1;1;7;174;;M;0;0;40
201500007677;15;6;12;1230;1;1;1;1;6;8;;M;0;0;40
201500007678;15;6;12;1145;1;1;1;1;1;8;;M;0;0;40
201500007679;15;6;24;2215;3;1;1;1;6;8;;M;0;0;40
201500007680;15;8;7;1445;1;1;1;1;6;76;;M;4395500;687700;40
201500007681;15;3;15;430;3;1;1;4;7;5;;M;0;0;40
201500007682;15;7;25;1830;1;1;1;1;2;7;;M;4394100;653200;40
201500007683;15;2;11;1930;3;1;1;1;1;157;;M;4389616;612889;40
201500007684;15;5;12;1645;1;1;1;1;7;81;;M;0;0;40
201500007685;15;6;14;1530;1;1;1;1;1;158;;M;4371400;604500;40
201500007686;15;6;28;1445;1;1;1;1;6;166;;M;0;0;40
201500007687;15;7;1;200;3;1;1;1;6;186;;M;0;0;40
201500007688;15;7;2;1200;1;1;1;1;2;157;;M;0;0;40
201500007689;15;7;17;1400;1;1;1;1;1;166;;M;4381100;611500;40
201500007690;15;8;3;1445;1;1;1;1;2;172;;M;0;0;40
201500007691;15;8;28;1330;1;1;1;1;7;135;;M;0;0;40
201500007692;15;9;18;1200;1;1;2;1;3;124;;M;4377000;609700;40
201500007693;15;9;23;1145;1;1;1;1;7;135;;M;4380690;625445;40
201500007694;15;11;26;1600;1;1;1;7;6;158;;M;0;0;40
201500007695;15;1;13;1745;2;1;1;1;5;241;;M;0;0;40
201500007696;15;1;15;1915;3;1;1;1;2;160;;M;0;0;40
201500007697;15;3;4;1600;1;1;1;1;6;160;;M;0;0;40
201500007698;15;5;15;500;2;1;1;1;6;242;;M;0;0;40
201500007699;15;7;13;1500;1;1;1;1;6;45;;M;0;0;40
201500007700;15;8;5;1830;1;1;1;1;5;188;;M;0;0;40
201500007701;15;8;20;1030;1;1;1;1;6;111;;M;0;0;40
201500007702;15;10;1;1000;1;1;1;1;3;242;;M;0;0;40
201500007703;15;5;31;1215;1;1;1;1;3;208;;M;4398265;555950;40
201500007704;15;8;9;1200;1;1;1;1;7;141;;M;4401600;570000;40
201500007705;15;9;11;1245;1;1;1;1;6;208;;M;4401400;553700;40
201500007706;15;9;27;1530;1;1;1;1;3;109;;M;4407000;587400;40
201500007707;15;6;19;745;1;1;1;1;1;197;"lieu dit ""Regain""";M;0;0;40
201500007708;15;1;7;1845;3;1;1;1;1;145;;M;4414500;597200;40
201500007709;15;1;11;1530;1;2;1;7;6;49;RD 4085;M;4409200;601000;40
201500007710;15;2;25;2305;4;2;1;1;6;49;Avenue Jean Moulin;M;0;0;40
201500007711;15;4;6;1815;1;2;1;1;6;209;route motte du caire;M;4421700;594100;40
201500007712;15;4;16;900;1;1;6;8;3;209;;M;4422900;591500;40
201500007713;15;7;24;1245;1;1;1;1;4;123;;M;4426600;586300;40
201500007714;15;8;6;2145;5;2;1;1;3;49;48 Av Gйnйral de Gaulle;M;4409634;601050;40
201500007715;15;12;2;1045;1;1;1;1;1;123;;M;4425600;588100;40
201500007716;15;12;16;900;1;2;1;1;6;49;route de manosque;M;4408300;599700;40
201500007717;15;2;6;2345;3;1;1;1;6;137;;M;0;0;40
201500007718;15;7;18;1815;1;2;1;1;7;234;La Combe;M;0;0;40
201500007719;15;1;14;745;2;1;1;8;1;70;;M;4431315;584200;50
201500007720;15;4;8;1900;2;1;3;1;1;78;;M;4438804;593850;50
201500007721;15;5;7;2145;3;1;3;1;1;34;;M;4426866;581972;50
201500007722;15;5;11;1830;1;1;1;1;3;34;;M;4427711;581684;50
201500007723;15;6;16;845;1;2;1;1;6;70;07 place de la Fontaine;M;4431402;582200;50
201500007724;15;11;10;1515;1;2;1;1;6;70;16 Rue de la concorde;M;4431557;582481;50
201500007725;15;3;29;1615;1;1;1;1;6;39;;M;4474758;601650;50
201500007726;15;5;28;1615;1;1;1;1;6;9;;M;4480554;595609;50
201500007727;15;6;29;1400;1;2;3;1;3;132;avenue de la libйration;M;4468160;607362;50
201500007728;15;8;9;645;2;1;1;1;6;29;;M;4464300;616937;50
201500007729;15;8;10;1115;1;2;1;1;6;132;rue des droits de lhomme;M;4468420;607635;50
201500007730;15;10;8;1715;1;1;1;1;7;104;;M;4469212;604384;50
201500007731;15;10;11;1930;3;1;1;1;6;96;;M;4468322;628662;50
201500007732;15;10;31;1915;3;1;9;1;3;148;;M;4463144;612553;50
201500007733;15;12;24;1515;1;2;1;8;6;4;;M;4463279;620467;50
201500007734;15;6;27;1915;1;1;3;1;2;68;;M;4447861;609734;50
201500007735;15;8;16;1700;1;1;4;1;3;59;;M;4454409;600704;50
201500007736;15;11;21;1515;1;1;1;1;1;166;;M;4441748;572145;50
201500007737;15;6;3;2145;2;1;1;1;6;179;;M;4456320;585721;50
201500007738;15;9;10;1915;1;1;1;1;7;87;;M;4455107;586280;50
201500007739;15;9;21;2230;3;1;1;1;7;19;;M;4454875;564720;50
201500007740;15;10;23;1700;1;1;3;1;3;179;;M;4454101;584175;50
201500007741;15;10;27;1400;1;2;1;2;1;10;route de grenoble;M;4452244;575445;50
201500007742;15;11;28;1915;3;1;1;1;6;179;;M;4456074;588696;50
201500007743;15;12;18;1545;1;1;1;1;5;123;;M;4455359;596171;50
201500007744;15;2;21;1700;2;1;1;4;3;175;;M;4483243;650856;50
201500007745;15;5;30;1815;1;2;3;1;3;175;intersection d994e cd4;M;4483981;649524;50
201500007746;15;5;29;1545;1;1;1;1;1;151;;M;4481553;657703;50
201500007747;15;7;18;315;5;2;1;1;1;6;Route Nationale 94;M;4479884;656533;50
201500007748;15;8;13;1730;1;1;1;1;1;122;;M;4472687;658659;50
201500007749;15;9;10;1930;2;1;1;1;3;107;;M;4486519;659943;50
201500007750;15;12;6;115;3;1;1;1;6;58;;M;4475182;654091;50
201500007751;15;10;4;1430;1;1;1;1;1;63;;M;4504028;635763;50
201500007752;15;1;26;230;3;1;1;1;6;183;;M;4486401;661054;50
201500007753;15;6;29;1215;1;1;3;1;2;161;;M;4495314;655149;50
201500007754;15;8;5;1500;1;1;1;1;1;79;;M;4499565;647959;50
201500007755;15;8;7;1015;1;1;1;1;2;107;;M;4486490;659908;50
201500007756;15;8;16;1700;1;1;1;1;7;183;;M;4485163;665215;50
201500007757;15;9;27;1700;1;1;1;1;2;79;;M;4499334;648127;50
201500007758;15;11;22;30;3;1;1;4;7;27;;M;4487816;675296;50
201500007759;15;2;8;1430;1;1;1;1;7;128;;M;4456537;652275;50
201500007760;15;2;25;1645;1;1;1;8;7;46;;M;4457871;651078;50
201500007761;15;9;21;1145;1;1;1;1;1;45;;M;4452140;647150;50
201500007762;15;10;6;1845;2;2;1;2;6;164;avenue d ela combre d'or;M;4452615;640226;50
201500007763;15;10;28;1200;1;2;1;1;6;46;avenue justin gras;M;4456254;649126;50
201500007764;15;6;11;1630;1;1;1;1;1;7;;M;4475077;676455;50
201500007765;15;7;5;1500;1;2;1;1;6;38;chateau queyras;M;4475804;679414;50
201500007766;15;7;21;1500;1;1;1;8;7;106;;M;4455308;633267;50
201500007767;15;7;29;615;1;1;1;1;7;40;;M;4450901;629853;50
201500007768;15;8;2;1945;1;1;1;1;1;40;;M;4455120;625859;50
201500007769;15;8;21;2145;3;1;1;1;7;106;;M;4453047;633160;50
201500007770;15;5;30;1315;1;1;1;1;7;134;;M;4463804;656669;50
201500007771;15;6;2;1715;1;1;1;1;7;65;;M;4464314;666141;50
201500007772;15;6;23;1045;1;1;1;1;3;65;;M;4464273;666190;50
201500007773;15;6;28;1045;1;1;3;1;3;52;;M;4468392;661449;50
201500007774;15;7;9;1615;1;1;1;1;7;65;;M;4465967;663068;50
201500007775;15;8;17;1030;1;1;1;1;6;65;;M;4463472;667426;50
201500007776;15;12;8;1530;1;1;1;1;1;65;;M;4466068;660484;50
201500007777;15;4;12;1300;1;1;1;1;1;39;;M;0;0;60
201500007778;15;7;5;1130;1;1;1;1;5;48;;M;0;0;60
201500007779;15;7;26;1915;1;2;1;1;2;48;1259 Ave raiberti;M;0;0;60
201500007780;15;9;5;1930;1;2;1;1;1;48;565 avenue bourriglione;M;0;0;60
201500007781;15;9;11;2345;3;1;1;1;6;48;;M;0;0;60
201500007782;15;1;8;2015;3;1;1;1;6;48;;M;4378940;734851;60
201500007783;15;3;9;1930;3;1;1;1;6;48;;M;0;0;60
201500007784;15;3;27;1800;1;1;1;1;3;77;;M;0;0;60
201500007785;15;3;28;1500;1;1;1;1;1;48;;M;0;0;60
201500007786;15;3;29;1900;1;1;1;1;6;91;;M;0;0;60
201500007787;15;7;25;845;1;1;1;2;6;92;;M;0;0;60
201500007788;15;6;12;645;1;1;1;9;7;147;;M;0;0;60
201500007789;15;7;23;1430;1;2;1;8;1;75;Parc Laval;M;4382800;726300;60
201500007790;15;10;16;1000;1;1;1;1;6;147;;M;4376000;728000;60
201500007791;15;1;25;1545;1;1;1;1;1;127;;M;4404929;727513;60
201500007792;15;1;31;1345;1;1;1;1;1;151;;M;4387446;719304;60
201500007793;15;2;27;1345;1;1;1;1;1;127;;M;4388244;724300;60
201500007794;15;3;13;1945;3;1;1;1;1;151;;M;4387400;718800;60
201500007795;15;7;9;700;1;1;1;1;1;20;;M;0;0;60
201500007796;15;12;18;1545;1;1;1;1;4;127;;M;0;0;60
201500007797;15;1;30;1245;1;2;1;1;3;149;154, boulevard roma;M;0;0;60
201500007798;15;4;1;1045;1;1;1;1;3;149;;M;0;0;60
201500007799;15;4;28;1145;1;1;1;1;7;60;;M;0;0;60
201500007800;15;6;9;2100;1;1;1;1;6;149;;M;0;0;60
201500007801;15;8;14;2115;3;1;1;1;1;149;;M;0;0;60
201500007802;15;8;28;945;1;2;1;1;1;149;Rond point de l'oli;M;0;0;60
201500007803;15;2;7;2215;5;2;1;1;7;11;14 bd mar?chal joffre;M;4370607;732771;60
201500007804;15;3;27;715;1;2;1;1;1;11;2 avenue Fernand Dunan;M;0;0;60
201500007805;15;9;6;845;1;2;1;1;7;11;20 avenue FERNAND DUNAN;M;0;0;60
201500007806;15;1;21;1130;1;2;1;3;3;90;route de grasse;M;4361059;691653;60
201500007807;15;1;25;1445;1;2;1;1;1;138;43 rte de la corniche or;M;0;0;60
201500007808;15;2;19;1615;1;2;1;1;1;79;830 AVENUE ST EXUPERY;M;4355938;695130;60
201500007809;15;2;28;1215;1;1;1;1;3;138;;M;0;0;60
201500007810;15;4;1;1530;1;2;1;1;6;79;;M;0;0;60
201500007811;15;4;8;1445;1;2;1;1;3;90;;M;0;0;60
201500007812;15;4;22;945;1;1;1;2;3;138;;M;0;0;60
201500007813;15;4;29;1900;1;1;1;7;1;108;;M;4358755;693508;60
201500007814;15;5;20;745;1;2;6;1;3;90;RD 9;M;0;0;60
201500007815;15;5;19;1630;1;1;1;1;1;90;;M;0;0;60
201500007816;15;6;8;1415;1;2;1;1;3;79;Avenue de CANNES;M;0;0;60
201500007817;15;7;17;330;5;2;1;1;6;79;boulevard Emile Carbon;M;0;0;60
201500007818;15;6;26;1645;1;1;1;1;1;79;;M;0;0;60
201500007819;15;6;27;115;5;1;1;1;6;79;;M;0;0;60
201500007820;15;7;24;1845;1;1;1;1;6;138;;M;0;0;60
201500007821;15;9;18;1815;1;1;3;1;1;79;;M;0;0;60
201500007822;15;9;19;1645;1;2;1;1;6;79;avenue paul ricard;M;0;0;60
201500007823;15;9;21;1615;1;1;1;1;2;108;;M;0;0;60
201500007824;15;10;6;1630;1;2;9;1;6;79;avenue marйchal juin;M;0;0;60
201500007825;15;11;1;730;2;2;1;1;6;90;830 avenue de grasse;M;0;0;60
201500007826;15;12;8;1815;5;2;1;1;4;108;;M;0;0;60
201500007827;15;1;10;1415;1;1;1;1;7;87;;M;4388294;683227;60
201500007828;15;4;13;1200;1;1;1;1;1;134;;M;0;0;60
201500007829;15;5;9;1445;1;1;1;1;1;3;;M;0;0;60
201500007830;15;5;30;330;5;2;1;1;6;58;7 route de la fontaine;M;0;0;60
201500007831;15;7;23;1500;1;1;1;2;6;134;;M;0;0;60
201500007832;15;7;25;1;3;1;1;1;3;3;;M;0;0;60
201500007833;15;8;16;100;3;1;1;1;7;134;;M;0;0;60
201500007834;15;10;10;2200;3;1;1;1;6;3;;M;0;0;60
201500007835;15;10;15;1400;1;2;1;1;1;58;RD 6085 Pk 19+350;M;0;0;60
201500007836;15;10;30;845;5;1;1;1;7;58;;M;0;0;60
201500007837;15;4;15;1200;1;2;1;1;6;157;996 Av Rhin et Danube;M;4372534;709476;60
201500007838;15;4;28;1515;1;2;1;1;3;157;1119, route de La Colle;M;0;0;60
201500007839;15;9;6;45;5;2;1;1;1;65;Route de St Laurent;M;0;0;60
201500007840;15;11;7;915;3;1;1;1;1;157;;M;0;0;60
201500007841;15;11;5;1730;5;2;1;1;3;157;avenue Emile Hugues;M;0;0;60
201500007842;15;11;30;1830;4;2;1;1;1;122;2020 rte de St jeannet;M;0;0;60
201500007843;15;2;12;1615;1;2;1;1;3;6;D414;M;4378251;724513;60
201500007844;15;3;4;2000;5;1;6;2;6;34;;M;0;0;60
201500007845;15;3;11;845;1;1;1;1;1;33;;M;0;0;60
201500007846;15;3;27;1300;1;2;1;1;1;33;zac de la grave;M;0;0;60
201500007847;15;12;11;1545;1;1;1;1;1;126;;M;0;0;60
201500007848;15;5;7;1600;1;1;1;1;6;23;;M;0;0;60
201500007849;15;6;20;1600;1;1;1;1;7;163;;M;4410500;758700;60
201500007850;15;4;28;1000;1;2;1;1;1;59;;M;0;0;60
201500007851;15;5;16;1515;1;1;1;1;2;59;;M;0;0;60
201500007852;15;8;2;2015;1;1;1;1;1;59;;M;4372700;736800;60
201500007853;15;8;4;1845;1;2;1;1;6;59;avenue de Verdun;M;0;0;60
201500007854;15;8;9;1715;1;1;1;1;3;150;;M;4375000;740000;60
201500007855;15;9;3;1430;1;2;1;1;1;150;Chemin des Rйvoires;M;0;0;60
201500007856;15;10;8;330;5;1;1;1;6;59;;M;0;0;60
201500007857;15;10;30;1230;1;2;1;1;5;83;RD2566;M;0;0;60
201500007858;15;9;6;1615;1;1;1;1;1;146;;M;0;0;60
201500007859;15;3;9;1315;1;1;1;1;7;101;;M;4403900;697800;60
201500007860;15;5;8;1100;1;1;1;1;6;71;;M;0;0;60
201500007861;15;5;8;1630;1;1;1;1;1;56;;M;0;0;60
201500007862;15;7;26;1815;1;1;1;1;7;160;;M;0;0;60
201500007863;15;9;8;1215;1;1;1;1;7;56;;M;4423300;675100;60
201500007864;15;3;3;1245;1;1;1;1;6;66;;M;4383700;718800;60
201500007865;15;5;27;1145;1;1;1;1;1;47;;M;0;0;60
201500007866;15;1;27;815;1;1;1;1;6;120;;M;4424639;693362;60
201500007867;15;3;18;730;1;1;1;1;1;102;;M;0;0;60
201500007868;15;4;12;1400;1;1;1;1;1;4;;M;0;0;830
201500007869;15;6;30;1530;1;1;1;1;3;4;;M;0;0;830
201500007870;15;11;12;1230;1;1;1;1;5;4;;M;0;0;830
201500007871;15;11;13;1045;1;2;1;1;6;4;35 avenue gambetta;M;4346288;647802;830
201500007872;15;11;15;1615;1;1;1;1;1;86;;M;0;0;830
201500007873;15;12;19;1130;1;1;1;1;6;86;;M;0;0;830
201500007874;15;1;3;715;2;1;1;1;6;28;;M;0;0;830
201500007875;15;4;11;1000;1;2;1;1;1;28;route de bargemon;M;0;0;830
201500007876;15;4;22;1730;1;1;1;1;3;38;;M;0;0;830
201500007877;15;5;28;1745;1;1;1;1;1;41;;M;0;0;830
201500007878;15;6;7;1;5;1;1;1;6;56;;M;0;0;830
201500007879;15;6;6;1430;1;1;1;1;6;56;;M;0;0;830
201500007880;15;6;7;1315;1;1;1;1;7;40;;M;4380390;659710;830
201500007881;15;9;10;1815;1;1;1;1;1;38;;M;0;0;830
201500007882;15;11;4;900;1;1;1;1;6;82;;M;0;0;830
201500007883;15;1;18;1830;3;1;1;1;6;138;;M;0;0;830
201500007884;15;1;19;900;1;1;1;1;1;133;;M;0;0;830
201500007885;15;2;15;1330;1;1;1;2;6;138;;M;0;0;830
201500007886;15;3;6;1730;1;1;1;1;3;81;;M;0;0;830
201500007887;15;4;26;1615;1;1;1;1;6;81;;M;0;0;830
201500007888;15;5;1;915;1;1;1;1;3;138;;M;0;0;830
201500007889;15;5;8;2300;5;1;1;1;1;29;;M;0;0;830
201500007890;15;6;11;815;1;1;1;1;6;81;;M;0;0;830
201500007891;15;7;8;1245;1;1;1;1;1;80;;M;4367972;669639;830
201500007892;15;8;15;915;1;1;1;1;2;81;;M;0;0;830
201500007893;15;8;28;1800;1;1;1;1;3;133;;M;0;0;830
201500007894;15;9;16;2030;3;1;1;1;1;138;;M;0;0;830
201500007895;15;9;23;115;3;1;1;1;6;81;;M;0;0;830
201500007896;15;11;16;1445;1;1;1;1;1;55;;M;0;0;830
201500007897;15;12;2;900;1;1;1;1;2;55;;M;4360774;668065;830
201500007898;15;6;25;1745;1;1;1;1;3;81;;M;0;0;830
201500007899;15;4;11;2315;3;1;1;1;6;3;;M;0;0;830
201500007900;15;10;5;1345;1;1;1;1;6;58;;M;4353822;639299;830
201500007901;15;1;14;1630;1;1;1;1;2;73;;M;0;0;830
201500007902;15;1;30;900;2;1;1;8;1;92;;M;0;0;830
201500007903;15;1;30;2030;5;2;1;1;6;92;Avenue st roch;M;4349800;636900;830