num_acc;an;mois;jour;hrmn;lum;agg;int;atm;col;com;adr;gps;lat;long;dep
201500007904;15;2;11;1130;1;1;1;1;1;92;;M;0;0;830
201500007905;15;2;16;1715;1;1;1;1;7;92;;M;0;0;830
201500007906;15;2;16;1600;1;1;1;1;7;73;;M;0;0;830
201500007907;15;3;2;900;3;1;1;1;3;73;;M;0;0;830
201500007908;15;3;15;1915;5;1;1;3;3;57;;M;0;0;830
201500007909;15;3;15;1815;2;1;1;2;3;73;;M;4365700;632200;830
201500007910;15;6;7;1645;1;1;1;1;3;57;;M;0;0;830
201500007911;15;6;14;1745;1;1;1;1;7;73;;M;0;0;830
201500007912;15;6;20;1200;1;1;1;1;3;31;;M;0;0;830
201500007913;15;9;5;115;5;2;1;1;7;18;Face Collиge de BESSE;M;4334807;617052;830
201500007914;15;11;9;730;2;1;1;1;4;18;;M;0;0;830
201500007915;15;11;15;1115;1;1;1;1;6;73;;M;4338900;631900;830
201500007916;15;11;26;2030;3;1;1;1;6;67;;M;0;0;830
201500007917;15;1;20;900;1;1;1;1;7;128;;M;0;0;830
201500007918;15;5;27;945;1;1;1;1;1;139;;M;4359200;628700;830
201500007919;15;5;28;1530;1;2;9;1;3;14;Grand Rue;M;0;0;830
201500007920;15;8;19;2345;3;2;1;1;6;121;649 RTE d'entrecasteaux;M;0;0;830
201500007921;15;10;26;1030;1;1;1;1;1;7;;M;0;0;830
201500007922;15;2;4;1830;5;2;1;2;6;23;Route de Nice;M;4367600;613300;830
201500007923;15;2;17;815;1;2;1;2;2;23;56 rue Barbaroux;M;4340847;606412;830
201500007924;15;5;19;1000;1;2;1;1;3;23;Chemin du Luc;M;0;0;830
201500007925;15;6;2;1800;1;1;1;1;6;37;;M;0;0;830
201500007926;15;6;4;1445;1;1;1;1;1;23;;M;0;0;830
201500007927;15;6;30;2345;3;1;1;1;1;23;;M;0;0;830
201500007928;15;7;15;900;1;1;1;1;3;23;;M;0;0;830
201500007929;15;7;27;1030;1;1;1;1;3;23;;M;0;0;830
201500007930;15;8;14;1630;1;1;1;1;1;23;;M;4339536;614632;830
201500007931;15;8;14;1545;1;1;3;1;1;23;;M;4337756;608491;830
201500007932;15;8;15;945;1;2;1;1;6;23;ROUTE PRE DE PAQUES;M;4340820;605691;830
201500007933;15;12;4;945;1;2;2;1;3;23;Route Dufort - Rue Dufor;M;4341211;606205;830
201500007934;15;3;7;1545;1;1;1;1;2;25;;M;0;0;830
201500007935;15;4;1;2215;1;1;1;1;2;32;;M;0;0;830
201500007936;15;5;22;930;1;1;1;1;1;145;;M;0;0;830
201500007937;15;7;7;1230;1;1;1;1;3;51;;M;4348422;625709;830
201500007938;15;7;29;2215;3;1;1;1;7;12;;M;4353380;601034;830
201500007939;15;9;12;730;1;1;1;1;1;135;;M;0;0;830
201500007940;15;9;27;30;5;1;1;1;7;145;8, pl de la libйration;M;4359765;596042;830
201500007941;15;9;27;1030;1;1;1;1;7;95;;M;0;0;830
201500007942;15;11;28;1445;1;1;1;1;3;46;;M;0;0;830
201500007943;15;1;11;1115;1;1;1;1;7;104;;M;0;0;830
201500007944;15;3;1;1645;1;1;1;1;3;6;;M;0;0;830
201500007945;15;5;2;430;3;1;1;1;6;66;;M;0;0;830
201500007946;15;5;24;2030;3;1;1;1;6;6;;M;0;0;830
201500007947;15;6;8;1115;1;2;1;1;6;150;chemin de  clappe;M;4373485;579845;830
201500007948;15;6;9;1445;1;1;1;1;1;113;;M;0;0;830
201500007949;15;7;14;1730;1;1;1;1;5;104;;M;4363754;579817;830
201500007950;15;7;19;1915;1;1;1;1;6;146;;M;4366755;599367;830
201500007951;15;7;21;1415;1;1;1;1;7;104;;M;0;0;830
201500007952;15;9;7;1915;1;1;1;1;6;66;;M;0;0;830
201500007953;15;1;11;30;3;1;1;1;6;108;;M;0;0;830
201500007954;15;2;15;1730;1;1;2;3;3;88;;M;0;0;830
201500007955;15;2;17;800;1;1;1;1;1;59;;M;0;0;830
201500007956;15;3;26;1700;1;1;1;1;2;59;;M;0;0;830
201500007957;15;5;26;1030;1;1;1;1;5;88;;M;0;0;830
201500007958;15;6;7;230;3;1;1;1;6;106;;M;0;0;830
201500007959;15;6;21;1615;1;1;1;1;5;64;;M;0;0;830
201500007960;15;8;8;2340;5;2;1;1;6;64;;M;4333022;604487;830
201500007961;15;8;12;1715;1;1;1;1;1;59;;M;0;0;830
201500007962;15;9;5;1545;1;2;1;1;7;77;Route de TOULON;M;0;0;830
201500007963;15;10;1;1145;1;2;7;1;6;108;place des marronniers;M;4334027;597578;830
201500007964;15;10;4;1545;1;1;1;1;1;59;;M;0;0;830
201500007965;15;10;7;1745;3;1;1;1;6;64;;M;0;0;830
201500007966;15;11;11;1230;1;1;1;1;1;77;;M;0;0;830
201500007967;15;12;17;1900;3;1;1;1;3;64;;M;0;0;830
201500007968;15;2;3;1615;1;2;1;4;6;93;avenue de la liberation;M;0;0;830
201500007969;15;2;24;730;1;1;1;1;1;97;;M;0;0;830
201500007970;15;6;19;1830;1;1;1;1;2;89;;M;4349738;580857;830
201500007971;15;7;28;1000;1;1;1;1;6;120;;M;4338234;573840;830
201500007972;15;8;11;1830;1;1;1;1;6;140;;M;0;0;830
201500007973;15;8;22;1015;1;1;1;1;1;120;;M;0;0;830
201500007974;15;10;8;1300;1;1;1;1;1;116;;M;0;0;830
201500007975;15;10;10;1745;1;1;1;1;1;116;;M;0;0;830
201500007976;15;11;7;2130;5;2;1;1;6;116;13 rue gambetta;M;4345177;586238;830
201500007977;15;11;21;1200;1;1;1;1;6;125;;M;0;0;830
201500007978;15;11;29;1800;3;1;1;1;6;87;;M;0;0;830
201500007979;15;12;5;1445;1;1;1;2;5;140;;M;0;0;830
201500007980;15;12;16;2130;3;1;1;1;1;116;;M;0;0;830
201500007981;15;12;18;1715;1;1;9;1;6;116;;M;0;0;830
201500007982;15;12;19;1445;1;1;1;1;1;87;;M;0;0;830
201500007983;15;1;25;230;3;1;1;1;7;107;;M;4347579;663719;830
201500007984;15;2;1;1130;1;1;1;1;3;107;;M;0;0;830
201500007985;15;3;31;1030;1;2;1;1;6;107;2 AVENUE GABRIEL PERI;M;0;0;830
201500007986;15;6;11;130;3;1;1;1;1;99;;M;0;0;830
201500007987;15;6;14;1800;1;2;1;1;5;107;D7;M;0;0;830
201500007988;15;6;16;900;1;1;1;1;1;107;;M;4345200;663300;830
201500007989;15;7;6;800;1;2;1;1;1;99;RN7;M;0;0;830
201500007990;15;7;19;100;3;1;1;1;7;107;;M;4346866;665952;830
201500007991;15;8;10;715;1;1;1;1;6;107;;M;0;0;830
201500007992;15;8;11;1745;1;2;1;1;7;99;ch enghien du loup;M;4346475;669575;830
201500007993;15;8;15;1945;1;2;1;1;5;107;RN 7;M;0;0;830
201500007994;15;8;28;1130;1;1;1;1;4;99;;M;0;0;830
201500007995;15;11;26;1745;5;2;1;1;6;107;34 rue Gйnйral DE GAULLE;M;4344583;663644;830
201500007996;15;1;6;945;1;2;1;1;6;42;44 rue marceau;M;4324837;653303;830
201500007997;15;1;30;1515;1;1;1;1;3;42;;M;4323149;651997;830
201500007998;15;1;30;1800;2;2;1;1;6;42;bld de Lattre de Tassign;M;4325000;653400;830
201500007999;15;2;24;830;1;1;1;1;1;42;;M;0;0;830
201500008000;15;2;27;1645;1;1;1;1;1;42;;M;4323565;652452;830
201500008001;15;3;24;2015;5;2;6;2;6;68;route nationale;M;0;0;830
201500008002;15;5;9;1215;1;1;1;1;3;63;;M;4332000;647200;830
201500008003;15;5;10;1400;1;2;1;1;1;63;avenue de l esplanade;M;4331500;647090;830
201500008004;15;5;22;1830;1;1;1;1;3;68;;M;0;0;830
201500008005;15;6;5;1015;1;1;1;1;1;42;;M;4323950;656493;830
201500008006;15;6;28;2245;5;1;1;1;6;68;;M;0;0;830
201500008007;15;8;4;1515;1;2;1;1;6;42;avenue sigismond coulet;M;4324982;653582;830
201500008008;15;8;5;2330;5;1;1;1;1;68;;M;0;0;830
201500008009;15;8;6;930;1;1;6;1;1;68;;M;4327500;657600;830
201500008010;15;9;3;1600;1;1;1;1;3;68;;M;0;0;830
201500008011;15;10;24;1530;1;1;1;1;1;63;;M;4630100;648700;830
201500008012;15;11;20;1130;1;1;1;1;5;68;;M;4325400;655700;830
201500008013;15;1;21;1715;5;2;1;3;6;115;17 avenue du 08 mai 1945;M;4331200;663200;830
201500008014;15;1;22;1715;3;1;1;1;3;115;;M;0;0;830
201500008015;15;1;27;1145;1;2;1;1;2;107;cd559;M;4333800;668500;830
201500008016;15;4;1;1515;1;1;1;6;1;107;;M;0;0;830
201500008017;15;4;18;1845;1;2;1;1;7;115;17 BOULEVARD JEAN MOULIN;M;0;0;830
201500008018;15;5;6;1600;1;2;1;1;6;115;;M;4351700;605900;830
201500008019;15;5;11;1445;1;2;6;1;3;115;rond point des virgiles;M;0;0;830
201500008020;15;5;13;1445;1;1;1;1;6;115;;M;4351400;606000;830
201500008021;15;6;20;1930;1;2;1;1;3;107;RD559;M;4334722;671489;830
201500008022;15;6;20;2100;3;2;9;1;6;107;pointe de l'Arpillon;M;4334849;671521;830
201500008023;15;6;25;800;1;2;1;1;6;115;Rd point de l'Europe;M;0;0;830
201500008024;15;7;20;815;1;1;1;1;1;115;;M;4333500;667100;830
201500008025;15;7;23;1845;1;1;1;1;1;115;;M;4333095;696800;830
201500008026;15;8;27;1815;1;2;1;1;3;115;BD JEAN MOULIN;M;0;0;830
201500008027;15;9;19;1800;1;1;1;1;3;115;;M;4332300;660800;830
201500008028;15;10;8;900;1;1;9;1;1;115;;M;4331700;658300;830
201500008029;15;10;19;1445;1;1;1;1;6;115;;M;4332900;665900;830
201500008030;15;12;22;1645;1;2;1;1;6;115;14 AV DE TASSIGNY;M;0;0;830
201500008031;15;3;8;700;2;1;1;1;1;65;;M;4325700;660100;830
201500008032;15;3;9;1845;2;1;1;1;7;119;;M;4323600;656900;830
201500008033;15;3;16;1000;1;1;1;1;6;119;;M;4526810;664072;830
201500008034;15;4;13;945;1;1;1;1;2;65;;M;0;0;830
201500008035;15;5;7;2145;3;1;1;1;1;101;;M;0;0;830
201500008036;15;5;8;2030;2;2;1;1;1;119;RD 93;M;0;0;830
201500008037;15;5;22;215;3;1;1;8;7;65;;M;4321900;656900;830
201500008038;15;6;1;1830;1;1;1;1;3;65;;M;4325700;659100;830
201500008039;15;6;12;700;2;2;1;1;6;119;76 avenue du 15 aoыt 194;M;0;0;830
201500008040;15;6;22;1900;1;2;1;1;6;119;65 AVENUE CHARLES DE GAU;M;0;0;830
201500008041;15;6;26;1245;1;2;1;1;6;119;avenue gйnйral leclerc;M;4326768;663177;830
201500008042;15;6;26;1300;1;1;1;1;3;65;;M;4325987;659046;830
201500008043;15;7;8;2115;1;1;1;1;7;65;;M;0;0;830
201500008044;15;7;14;1715;1;1;1;1;1;101;;M;4323731;664953;830
201500008045;15;8;9;1630;1;2;1;1;3;119;15 AOUT 1944;M;4326656;662716;830
201500008046;15;8;11;1200;1;1;1;1;2;65;;M;4326106;659556;830
201500008047;15;8;12;2015;2;2;1;1;6;119;45 bd louis blanc;M;4326953;663647;830
201500008048;15;8;29;1900;1;1;3;1;3;101;;M;4325500;659000;830
201500008049;15;9;7;1715;1;1;1;1;3;65;;M;4323900;660300;830
201500008050;15;1;26;2200;3;1;1;1;6;35;;M;0;0;830
201500008051;15;2;27;1045;1;2;1;2;1;16;339 Allee des primeveres;M;4320300;580100;830
201500008052;15;3;8;1615;1;1;1;1;7;35;;M;0;0;830
201500008053;15;3;21;1615;1;1;1;2;1;127;;M;0;0;830
201500008054;15;5;9;1500;1;1;1;1;3;16;;M;0;0;830
201500008055;15;6;18;1745;1;1;1;1;2;35;;M;4319994;576305;830
201500008056;15;6;22;1630;1;2;1;1;3;16;Route de Bandol;M;0;0;830
201500008057;15;7;10;1030;1;2;1;1;3;16;boulevard du 8 mai 1945;M;4319603;579900;830
201500008058;15;7;12;1700;1;1;1;1;1;16;;M;4322671;581000;830
201500008059;15;7;17;1930;1;1;1;1;1;127;;M;4328300;582400;830
201500008060;15;8;16;1730;1;2;1;1;5;16;route de Marseille, DN8;M;0;0;830
201500008061;15;9;7;1730;1;1;1;1;1;16;;M;0;0;830
201500008062;15;9;8;2000;2;1;1;1;6;16;;M;0;0;830
201500008063;15;9;19;930;1;1;1;1;6;16;;M;0;0;830
201500008064;15;11;1;1145;1;1;1;1;3;16;;M;0;0;830
201500008065;15;11;19;1615;1;1;9;1;3;35;;M;0;0;830
201500008066;15;6;13;430;5;1;1;1;6;47;;M;0;0;830
201500008067;15;6;20;1900;1;2;6;1;2;47;avenue de la gare;M;4314586;606736;830
201500008068;15;7;19;1430;1;2;1;1;1;47;931 voie VILLENEUVE;M;4315494;607945;830
201500008069;15;10;23;745;3;1;1;1;6;47;Chemin long;M;0;0;830
201500008070;15;10;26;1745;5;2;1;3;6;47;D 554;M;0;0;830
201500008071;15;11;13;1500;1;1;1;1;2;47;;M;0;0;830
201500008072;15;8;6;1530;1;1;1;1;1;71;;M;0;0;830
201500008073;15;10;12;1530;1;1;1;3;1;71;;M;4313409;623608;830
201500008074;15;10;31;1015;1;1;1;1;6;71;;M;0;0;830
201500008075;15;1;2;900;1;2;6;1;2;112;rond point aqualand;M;0;0;830
201500008076;15;1;29;1900;3;2;1;1;6;112;13 avenue du port;M;4318015;568714;830
201500008077;15;2;9;1430;1;2;1;1;1;112;avenue des lecques;M;0;0;830
201500008078;15;4;29;1500;1;2;1;1;6;112;1 avenue aristide briand;M;0;0;830
201500008079;15;6;1;1700;1;1;1;1;3;112;;M;0;0;830
201500008080;15;8;2;1830;1;2;1;1;3;112;D559 ROUTE DE LA CIOTAT;M;0;0;830
201500008081;15;11;16;1645;2;2;1;7;6;112;rue alexandre Dumas pиre;M;4318401;569636;830
201500008082;15;12;13;445;3;1;1;1;1;27;;M;0;0;830
201500008083;15;4;4;1045;1;1;1;1;2;141;;M;4396774;492164;840
201500008084;15;5;13;1130;1;1;1;1;3;81;;M;0;0;840
201500008085;15;5;28;1845;1;1;1;1;3;132;;M;4396526;496352;840
201500008086;15;7;4;1100;1;1;1;1;1;36;;M;4393168;492446;840
201500008087;15;8;3;1300;1;1;1;1;4;119;;M;4388873;492569;840
201500008088;15;8;8;1130;1;1;1;1;4;34;;M;4388312;496585;840
201500008089;15;9;2;745;1;2;1;1;1;81;av. du gйnйral Leclerc;M;4393411;490164;840
201500008090;15;9;13;1915;1;2;1;1;3;141;Allйe Victor MITAN;M;4395767;489709;840
201500008091;15;9;16;2100;3;1;1;1;6;119;;M;4396503;496236;840
201500008092;15;12;2;1530;1;1;6;1;3;141;;M;4398260;488665;840
201500008093;15;1;15;1345;1;1;2;1;3;132;ch Gaffe de Ragachon;M;4393997;498365;840
201500008094;15;1;16;830;1;1;1;1;1;132;;M;4392743;500755;840
201500008095;15;3;31;930;1;2;2;1;7;132;place du marchй;M;4392857;499535;840
201500008096;15;4;23;1000;1;1;1;1;3;54;Les Jonquiers;M;4388566;504114;840
201500008097;15;5;5;615;1;1;1;1;6;54;;M;4387350;506692;840
201500008098;15;6;8;1715;1;1;1;1;3;132;;M;4393646;500749;840
201500008099;15;6;10;2215;3;1;1;1;3;124;;M;4391912;509707;840
201500008100;15;6;10;1745;1;2;1;1;3;54;avenue victo hugo;M;4392048;504777;840
201500008101;15;6;20;115;3;2;1;1;7;54;;M;4392216;504307;840
201500008102;15;6;26;945;1;1;4;1;2;132;;M;4392356;496924;840
201500008103;15;7;23;1915;1;1;1;1;7;54;;M;4390199;508276;840
201500008104;15;9;7;1730;1;1;3;1;3;54;;M;4392885;503070;840
201500008105;15;9;12;1245;1;1;1;1;1;54;;M;4391916;502922;840
201500008106;15;9;25;2300;5;2;1;1;7;54;esplanade robert vasse;M;4391782;505250;840
201500008107;15;9;29;2345;3;1;1;1;6;132;;M;0;0;840
201500008108;15;10;5;2030;3;1;2;1;2;132;;M;4390292;501079;840
201500008109;15;10;23;855;1;2;1;7;7;54;chemin des nйvons;M;4391744;505451;840
201500008110;15;11;11;1930;3;1;1;1;3;54;;M;4390319;501249;840
201500008111;15;11;28;1830;5;2;9;1;6;54;228 AVENUE DE L'EGALITE;M;4391616;504793;840
201500008112;15;12;13;1530;1;2;1;1;1;54;2000 chemin des Gypiиres;M;4395393;507136;840
201500008113;15;3;18;2100;5;1;1;1;7;92;En face premiere classe;M;4397550;487216;840
201500008114;15;5;16;1200;1;2;6;1;2;92;cd907;M;4397634;485802;840
201500008115;15;10;9;15;5;1;1;1;3;92;;M;4397632;485803;840
201500008116;15;10;28;1215;1;2;1;1;3;92;AVENUE THEOPHILE DELORME;M;4395000;485000;840
201500008117;15;4;1;1430;1;2;6;1;7;129;rd point de la fontaine;M;4400790;487438;840
201500008118;15;5;19;1500;1;2;3;1;7;129;boulevard allende;M;4400370;488417;840
201500008119;15;12;10;1615;1;2;6;1;3;129;avenue d'orange;M;4401007;487118;840
201500008120;15;2;14;245;5;2;1;1;6;3;604 av de la libйration;M;4387607;540514;840
201500008121;15;2;28;530;5;2;1;1;1;3;Avenue de Lancon;M;4388420;537881;840
201500008122;15;3;13;2245;3;1;1;1;6;47;Les Berques, rt croagnes;M;4390753;534606;840
201500008123;15;4;13;2130;2;2;1;1;6;3;D900  PK 38+400;M;4388440;535955;840
201500008124;15;4;21;815;1;2;6;7;6;3;Rue du paou;M;4388209;538438;840
201500008125;15;4;26;430;3;1;1;1;6;105;LA REYBAUDE;M;4387830;542618;840
201500008126;15;5;29;2130;5;2;2;1;3;3;QUAI GENERAL LECLERC;M;4387729;539657;840
201500008127;15;8;3;1130;1;1;1;1;5;3;;M;4386344;536375;840
201500008128;15;8;15;1045;1;1;1;1;1;103;;M;4392635;550310;840
201500008129;15;8;30;1800;1;2;1;1;2;3;12 avenue victor hugo;M;4387694;539252;840
201500008130;15;9;25;1045;1;1;1;1;3;3;;M;4386132;536220;840
201500008131;15;12;25;1745;3;2;1;1;3;3;RD 943;M;4389458;538274;840
201500008132;15;5;6;1215;1;1;2;1;5;74;;M;4374729;518066;840
201500008133;15;5;10;1830;1;1;1;1;2;74;;M;4375530;516494;840
201500008134;15;5;26;2015;1;2;1;1;6;65;rue philippe de girard;M;4374661;531383;840
201500008135;15;9;1;1230;1;2;3;1;3;147;1264 route d'ANSOUIS;M;4372204;543612;840
201500008136;15;9;20;1815;1;1;9;1;1;95;;M;4373978;534242;840
201500008137;15;11;6;1245;1;1;1;1;2;93;;M;0;0;840
201500008138;15;11;22;2300;3;1;1;1;7;147;;M;0;0;840
201500008139;15;12;10;1230;1;1;1;1;7;42;DFCI vallon dela Fayette;M;4379935;544804;840
201500008140;15;12;13;1130;1;1;1;8;1;26;;M;4374657;536312;840
201500008141;15;4;15;2145;3;1;1;1;1;73;;M;4385780;520509;840
201500008142;15;5;23;1545;1;1;1;1;3;86;;M;4386364;517104;840
201500008143;15;6;19;600;2;1;9;1;4;20;;M;4386142;527509;840
201500008144;15;8;15;1345;1;1;1;1;7;85;;M;0;0;840
201500008145;15;1;10;1415;1;1;1;1;6;14;;M;4370870;571466;840
201500008146;15;3;30;1130;1;2;9;1;2;89;696, rte de la Bonde;M;4370674;550542;840
201500008147;15;4;2;1045;1;1;1;1;1;76;;M;0;0;840
201500008148;15;4;17;2015;2;2;1;8;3;89;rue saint roch;M;4368825;550549;840
201500008149;15;5;3;1645;1;1;1;1;4;14;;M;4372740;573234;840
201500008150;15;5;26;1145;1;2;9;1;1;89;rue croze;M;4369248;549790;840
201500008151;15;7;5;1300;1;1;1;1;3;2;;M;0;0;840
201500008152;15;8;8;1545;1;1;2;1;3;89;;M;4372733;550872;840
201500008153;15;8;12;2130;2;1;1;1;6;14;;M;4373800;568600;840
201500008154;15;8;25;945;1;2;1;1;6;89;boulevard Victor HUGO;M;0;0;840
201500008155;15;9;21;1045;1;2;4;1;3;89;avenue Jean Moulin;M;4370106;550572;840
201500008156;15;11;24;1845;5;2;1;1;6;89;chemin de malespine;M;4368646;549870;840
201500008157;15;6;5;1315;1;1;1;1;1;69;;M;4416510;514512;840
201500008158;15;6;11;1615;1;1;1;1;1;69;;M;4415374;513002;840
201500008159;15;9;10;1830;1;1;1;1;3;69;;M;0;0;840
201500008160;15;3;28;1800;1;1;1;1;6;142;;M;4393733;506201;840
201500008161;15;7;12;45;3;1;1;1;7;43;;M;4399721;493972;840
201500008162;15;8;15;1800;1;2;1;1;1;88;chemin de fontblanque;M;4398520;506837;840
201500008163;15;11;24;1845;3;1;2;1;5;88;;M;4401240;507292;840
201500008164;15;1;18;1445;1;2;1;1;6;106;RD 976 route de tulette;M;4424833;488743;840
201500008165;15;7;21;1200;1;1;1;1;6;29;;M;0;0;840
201500008166;15;10;25;1200;1;1;1;1;6;106;;M;0;0;840
201500008167;15;10;26;600;3;1;1;1;6;61;;M;4423277;485195;840
201500008168;15;3;23;1745;2;2;1;7;1;4;319, voie marcel pagnol;M;4408950;503619;840
201500008169;15;4;25;945;3;1;1;1;6;130;quartier Serre de Supion;M;4416007;506915;840
201500008170;15;5;15;1515;1;1;1;1;1;122;;M;4412435;497925;840
201500008171;15;6;5;1300;1;1;1;1;6;122;;M;4409584;499331;840
201500008172;15;7;20;2245;5;2;1;1;6;4;avenue frйdйric mistral;M;4409918;502563;840
201500008173;15;7;26;1815;1;1;1;1;6;67;;M;4407630;499569;840
201500008174;15;8;7;1700;1;2;1;1;3;4;avenue frйdйric mistral;M;4410102;502475;840
201500008175;15;10;30;1100;1;1;1;1;1;67;;M;4407165;500776;840
201500008176;15;1;6;1700;2;1;1;1;3;78;;M;4425539;468137;840
201500008177;15;5;21;1430;1;1;1;6;6;63;;M;4426437;467513;840
201500008178;15;6;1;800;2;1;1;1;3;19;;M;4432269;473410;840
201500008179;15;6;30;1900;1;2;1;1;3;19;Rue Paul VALERY;M;4428658;475117;840
201500008180;15;7;15;1130;1;2;1;1;4;78;N7;M;4423376;471168;840
201500008181;15;12;5;1045;1;2;1;1;6;19;15 avenue PASTEUR;M;4428161;474707;840
201500008182;15;11;27;1630;1;2;1;1;1;19;Zone du sactar;M;4430962;473509;840
201500008183;15;3;8;1530;1;1;1;1;7;21;;M;0;0;840
201500008184;15;6;12;1530;1;1;1;1;7;8;;M;4414268;510490;840
201500008185;15;6;22;1445;1;1;1;1;5;45;;M;4425560;515459;840
201500008186;15;9;12;1445;1;1;1;1;3;98;;M;0;0;840
201500008187;15;9;20;1445;1;1;1;1;6;22;;M;0;0;840
201500008188;15;10;9;1615;1;1;1;1;3;126;;M;4420509;500068;840
201500008189;15;1;27;1500;2;2;1;3;3;138;Ancienne route de Grillo;M;0;0;840
201500008190;15;2;28;1345;1;2;3;1;3;138;rue tourville interHugo;M;4438507;498797;840
201500008191;15;12;11;2100;5;2;1;1;6;97;421 avenue de la rabasse;M;4436086;491143;840
201500008192;15;3;20;2015;5;2;1;1;1;57;Avenue de la Justice;M;4362880;389468;340
201500008193;15;5;22;1500;1;2;1;1;3;57;avenue de la galine;M;4363085;390262;340
201500008194;15;1;15;945;1;1;1;1;1;327;;M;4365893;398107;340
201500008195;15;2;15;1630;1;1;6;2;1;58;;M;4366866;397463;340
201500008196;15;1;27;1830;3;1;1;1;1;58;;M;4369468;401210;340
201500008197;15;2;18;900;1;1;1;1;6;227;;M;4371162;402841;340
201500008198;15;3;27;2230;3;1;1;1;6;227;;M;4372870;404296;340
201500008199;15;3;31;1700;1;1;1;1;5;249;;M;4369669;401468;340
201500008200;15;4;9;845;1;1;1;1;4;227;;M;4371608;403165;340
201500008201;15;6;11;1415;1;2;1;1;6;22;Rue de colombiers;M;4365762;401093;340
201500008202;15;7;17;645;2;2;1;1;1;22;RN113    PR12800;M;4366002;402123;340
201500008203;15;8;25;1930;1;1;1;1;3;327;;M;4366712;396415;340
201500008204;15;8;30;630;2;2;1;1;6;327;RD613;M;4365385;396842;340
201500008205;15;9;13;600;2;1;1;2;7;249;;M;4373782;397850;340
201500008206;15;9;13;1345;1;2;2;1;1;58;Avenue du Moulin а Vent;M;4367630;398275;340
201500008207;15;9;20;45;5;2;2;1;3;58;rue des Faпsses;M;4367991;398571;340
201500008208;15;9;22;830;1;2;1;1;3;58;route de Mauguio, D 26;M;4369712;396097;340
201500008209;15;9;22;1830;1;2;3;1;3;327;D 613;M;4365359;397024;340
201500008210;15;10;10;1015;1;1;1;1;6;227;;M;4373372;404859;340
201500008211;15;11;8;1530;1;2;1;1;3;244;route de Nоmes,;M;4366350;403219;340
201500008212;15;11;17;1515;1;2;1;1;3;22;RN113;M;4365947;401778;340
201500008213;15;11;19;1800;5;1;9;1;3;22;;M;4365511;400176;340
201500008214;15;11;25;1945;5;2;1;1;3;22;;M;4365688;400819;340
201500008215;15;12;16;1215;1;1;3;1;3;327;;M;4364397;395013;340
201500008216;15;3;11;1615;1;2;1;1;1;344;RUE DE L INDUSTRIE;M;4356046;407657;340
201500008217;15;7;16;2100;1;1;1;1;6;344;;M;4356130;406339;340
201500008218;15;8;6;1000;1;2;1;1;6;344;AVENUE DE MELGUEIL;M;4356192;408725;340
201500008219;15;11;1;1515;1;2;9;1;6;344;avenue gйnйral Leclerc;M;4356339;409217;340
201500008220;15;3;29;1745;1;1;1;1;1;145;;M;4366889;414339;340
201500008221;15;4;12;2245;3;1;1;1;1;145;;M;4368185;415038;340
201500008222;15;4;28;1545;1;1;1;1;3;145;;M;4365197;413898;340
201500008223;15;5;15;1045;1;2;1;1;6;151;1-3 bd Louis Uni;M;4366340;418043;340
201500008224;15;5;23;1125;1;2;1;1;6;145;125 de lattre tassigny);M;4367552;413014;340
201500008225;15;6;2;730;1;2;6;7;1;145;;M;4366643;412277;340
201500008226;15;6;17;1745;1;1;6;1;7;294;;M;4370392;412167;340
201500008227;15;6;25;1730;1;1;1;1;5;151;;M;4362263;412197;340
201500008228;15;7;8;700;1;1;1;1;7;294;;M;4372453;412718;340
201500008229;15;7;12;1300;1;2;1;1;3;288;avenue de la mer;M;4372890;410716;340
201500008230;15;7;28;1445;1;2;1;1;1;145;RD 61;M;4365598;413828;340
201500008231;15;8;15;1230;1;2;1;1;1;151;boulevard victor hugo;M;4366299;418031;340
201500008232;15;9;4;1030;1;2;1;1;3;145;RN 113;M;4367891;414327;340
201500008233;15;9;23;930;1;2;1;1;3;145;Bd de la Rйpublique;M;0;0;340
201500008234;15;10;6;700;2;1;9;2;6;296;;M;4376000;405600;340
201500008235;15;11;18;1730;2;1;1;1;3;151;;M;4361328;411136;340
201500008236;15;11;30;1800;4;2;1;1;6;145;route de la mer;M;4368222;415196;340