num_acc;an;mois;jour;hrmn;lum;agg;int;atm;col;com;adr;gps;lat;long;dep
201500008237;15;12;18;1;3;2;1;1;6;33;d610;M;4375583;407608;340
201500008238;15;12;31;15;3;1;1;1;1;151;;M;4358602;410429;340
201500008239;15;2;7;1445;1;2;1;1;1;154;route de lunel - CD 24;M;4362647;403078;340
201500008240;15;2;14;730;2;1;1;2;6;176;;M;4363571;405574;340
201500008241;15;4;15;1915;1;1;1;1;3;154;;M;4305000;365000;340
201500008242;15;4;20;2030;3;1;1;1;2;240;;M;4364373;398877;340
201500008243;15;4;25;445;3;1;1;2;6;154;;M;4364300;408600;340
201500008244;15;5;6;1515;1;1;1;1;3;240;RD 112;M;4363771;399421;340
201500008245;15;7;13;1345;1;1;4;1;3;154;;M;4359284;393882;340
201500008246;15;8;23;2130;5;1;1;2;2;154;;M;4359308;394020;340
201500008247;15;9;22;30;3;1;1;1;7;154;;M;4359591;395248;340
201500008248;15;9;25;1145;1;1;1;1;3;154;;M;4361754;398284;340
201500008249;15;11;23;1600;1;2;1;1;6;154;route des cabanes;M;4359913;401274;340
201500008250;15;1;13;2310;3;1;1;1;6;276;;M;4377674;387059;340
201500008251;15;2;28;1600;1;1;1;1;1;276;;M;4379249;387540;340
201500008252;15;9;21;1200;1;1;1;1;6;297;;M;4385148;391160;340
201500008253;15;10;3;1645;1;1;1;2;1;48;;M;4378043;404664;340
201500008254;15;11;21;545;3;1;1;1;6;131;;M;4383465;389516;340
201500008255;15;12;16;715;2;1;1;5;1;297;;M;4385432;392871;340
201500008256;15;12;20;230;3;1;1;1;6;66;;M;4376281;377919;340
201500008257;15;1;6;1000;1;2;1;1;6;28;avenue jean jaures;M;4361273;315250;340
201500008258;15;3;14;1;3;1;1;1;6;119;;M;4357985;314058;340
201500008259;15;5;17;1545;1;1;1;1;1;55;;M;4367876;297400;340
201500008260;15;5;19;1045;1;1;1;1;6;200;;M;4360734;327297;340
201500008261;15;9;4;1600;1;2;1;1;6;126;15 avenue marйchal Foch;M;4358887;308316;340
201500008262;15;5;20;1330;1;2;1;1;6;52;route de maureilhan;M;4333078;304924;340
201500008263;15;6;19;1400;1;2;1;1;1;81;chemin de rouyre;M;4331093;314216;340
201500008264;15;6;26;830;1;1;1;1;3;161;;M;4332889;311125;340
201500008265;15;8;5;845;1;1;1;1;6;161;;M;4332627;310094;340
201500008266;15;9;2;900;1;2;1;1;7;161;avenue des citйs;M;4333338;312687;340
201500008267;15;9;20;1930;1;1;1;1;2;183;;M;4327653;308712;340
201500008268;15;10;3;1845;1;2;1;1;7;161;rue de lezigno;M;4333561;313381;340
201500008269;15;10;1;1430;1;1;1;1;7;225;;M;4336497;308608;340
201500008270;15;1;12;1330;1;2;1;1;2;74;Boulevard de l'orb;M;4345122;305061;340
201500008271;15;2;2;1300;1;1;1;1;7;178;;M;4345681;311845;340
201500008272;15;2;5;1315;1;2;1;6;6;74;rue raoul bayou;M;4344949;304405;340
201500008273;15;3;14;1700;1;2;1;1;6;140;rue Paul Riquet;M;4338143;317079;340
201500008274;15;3;15;1000;1;1;1;2;6;92;;M;4334236;294671;340
201500008275;15;3;22;1200;1;1;1;1;1;69;;M;4340311;309251;340
201500008276;15;5;25;1515;1;1;1;1;6;74;;M;4343642;308644;340
201500008277;15;6;27;1745;1;1;1;1;7;223;;M;4345075;319097;340
201500008278;15;7;18;1915;1;1;1;1;1;69;;M;4340328;309251;340
201500008279;15;7;18;2245;3;1;1;1;6;258;;M;4344268;318660;340
201500008280;15;7;26;815;1;1;1;1;1;100;;M;4345553;289593;340
201500008281;15;8;2;130;3;1;1;1;6;74;;M;4343794;308417;340
201500008282;15;8;8;1915;1;1;1;2;5;70;;M;4341522;297419;340
201500008283;15;9;1;1630;1;1;1;1;1;100;;M;4345574;289601;340
201500008284;15;11;14;1400;1;1;3;1;5;147;;M;4349089;319055;340
201500008285;15;7;3;1615;1;1;1;1;1;190;;M;4327455;277805;340
201500008286;15;1;27;1730;2;1;1;1;6;162;;M;4348681;347055;340
201500008287;15;2;22;1515;1;1;1;1;6;162;;M;4347888;346416;340
201500008288;15;3;20;2145;5;2;1;1;1;166;avenue de beziers;M;4339586;336725;340
201500008289;15;4;14;1030;1;1;1;1;6;9;;M;4348950;334972;340
201500008290;15;4;25;1500;1;1;1;2;5;162;;M;0;0;340
201500008291;15;6;10;1000;1;2;9;1;6;199;19 aveniue de verdun;M;4345572;342339;340
201500008292;15;8;20;1645;1;2;2;1;3;166;d18 avenue de beziers;M;4339739;336164;340
201500008293;15;9;22;1400;1;1;1;1;6;63;;M;4349816;337926;340
201500008294;15;11;13;915;1;1;1;1;3;162;;M;4348055;347204;340
201500008295;15;12;11;2000;5;2;1;1;1;199;route de tourbes;M;4345188;340661;340
201500008296;15;12;22;1045;1;2;1;1;6;199;avenue de Verdun;M;4345454;342180;340
201500008297;15;1;27;1015;1;1;1;5;1;293;;M;4356609;272115;340
201500008298;15;4;12;1045;1;1;1;1;6;86;;M;4347876;266833;340
201500008299;15;4;18;1545;1;1;1;1;6;284;D;M;4348112;276770;340
201500008300;15;8;8;1500;1;1;1;2;5;293;;M;4359892;271510;340
201500008301;15;11;30;1015;1;2;1;1;6;284;26 grand rue;M;4348867;275948;340
201500008302;15;2;15;1315;1;1;1;2;6;109;;M;4352453;324908;340
201500008303;15;3;28;1845;1;1;2;1;3;214;;M;4348236;328943;340
201500008304;15;5;27;1545;1;1;1;1;1;147;;M;4345306;320827;340
201500008305;15;6;20;1400;1;1;1;1;6;214;;M;4346159;326911;340
201500008306;15;7;28;330;5;1;1;1;6;300;;M;4343608;329898;340
201500008307;15;8;22;215;3;1;1;1;6;214;;M;4346431;326833;340
201500008308;15;9;4;1700;1;1;1;1;3;25;(;M;4341008;323907;340
201500008309;15;10;15;1200;1;1;1;1;6;300;;M;4343114;331439;340
201500008310;15;10;16;1730;1;2;1;1;1;1;RUE RONSARD;M;4344565;329593;340
201500008311;15;12;18;1315;1;1;1;1;1;139;;M;4342621;324816;340
201500008312;15;1;4;1830;3;1;1;1;7;209;;M;4331350;334003;340
201500008313;15;1;15;730;3;1;1;8;7;209;;M;4331311;333050;340
201500008314;15;2;4;1330;1;2;1;8;3;298;chemin de la gouronne;M;4329620;325091;340
201500008315;15;2;8;630;3;1;1;1;6;209;;M;4331312;333039;340
201500008316;15;2;25;1930;3;1;1;1;3;209;;M;4352200;356300;340
201500008317;15;3;29;1215;1;1;1;1;1;135;;M;4328164;316254;340
201500008318;15;4;18;2115;3;1;1;1;1;135;;M;4325827;315988;340
201500008319;15;4;24;1730;1;1;1;1;6;299;;M;4329526;329147;340
201500008320;15;5;3;530;3;1;1;1;6;299;;M;4349600;348700;340
201500008321;15;7;28;1445;1;1;1;1;2;209;,;M;4331325;333402;340
201500008322;15;8;13;930;1;2;1;2;1;329;Avenue de VALRAS;M;4326926;322038;340
201500008323;15;9;4;915;1;1;1;1;1;299;;M;0;0;340
201500008324;15;9;18;700;3;1;1;1;7;209;;M;4331342;333978;340
201500008325;15;4;2;900;1;2;1;1;6;142;Parking allйe mitterand;M;4372485;332176;340
201500008326;15;6;5;1830;1;2;1;1;3;268;Route du Viala;M;4371350;342183;340
201500008327;15;8;17;1245;1;1;1;1;3;186;;M;4365094;331500;340
201500008328;15;9;7;1800;1;1;1;1;6;267;;M;4370592;355699;340
201500008329;15;9;20;1000;1;2;1;1;1;114;63 avenue Pierre MENDES;M;4365041;354580;340
201500008330;15;1;28;645;3;1;1;1;1;31;;M;4333805;344777;340
201500008331;15;3;3;1530;1;2;1;1;6;150;route de Bessan;M;4335552;352050;340
201500008332;15;3;12;345;3;1;1;1;6;332;;M;4330805;342750;340
201500008333;15;3;20;1700;1;2;1;1;6;31;22 AVENUE DU 08 MAI 1945;M;4336218;342440;340
201500008334;15;3;20;1715;1;1;1;1;6;31;;M;4330016;343479;340
201500008335;15;3;29;1815;1;2;6;1;3;150;avenue de l'industrie;M;4335721;352235;340
201500008336;15;4;24;930;1;1;1;1;3;332;;M;4331430;336446;340
201500008337;15;7;14;1645;1;2;9;1;1;150;AVENUE DE LA GARE;M;4331806;353571;340
201500008338;15;8;13;1915;1;1;6;1;3;101;;M;4337110;349693;340
201500008339;15;8;15;1345;1;2;1;1;1;150;Avenue du Soleil;M;4332125;353753;340
201500008340;15;8;16;1430;1;1;1;1;3;31;;M;4336874;341436;340
201500008341;15;9;11;2145;3;1;1;1;7;150;;M;4335642;385171;340
201500008342;15;9;29;1315;1;1;1;2;6;166;;M;4335193;335438;340
201500008343;15;11;20;1215;1;1;1;1;7;101;;M;4341228;344540;340
201500008344;15;1;15;1730;1;1;1;1;5;165;;M;4351333;367777;340
201500008345;15;12;3;1645;1;1;1;1;1;113;;M;4351264;372545;340
201500008346;15;12;26;2130;5;2;1;1;1;23;avenue de la gare;M;4344123;368367;340
201500008347;15;1;4;1815;3;1;1;1;6;157;;M;4342259;354965;340
201500008348;15;1;15;2100;3;1;6;2;7;157;;M;4343972;357690;340
201500008349;15;4;21;1630;1;1;9;1;6;213;;M;4347366;368747;340
201500008350;15;6;9;1730;1;1;2;1;3;143;;M;4344365;363206;340
201500008351;15;8;12;1100;1;2;6;1;6;157;1 route de PEZENAS;M;4342755;360494;340
201500008352;15;8;26;1145;1;2;1;1;3;157;1 route de Montpellier;M;4340275;360967;340
201500008353;15;9;19;1800;1;2;1;7;3;157;route carrefour market);M;4343053;360803;340
201500008354;15;10;9;830;1;2;1;1;1;157;chemin des costes;M;4343895;358713;340
201500008355;15;11;5;800;1;1;3;1;3;213;;M;4347442;367844;340
201500008356;15;12;5;700;2;1;1;1;7;213;;M;4347957;369532;340
201500008357;15;3;6;1745;1;1;1;1;6;410;;M;4326426;242276;110
201500008358;15;4;6;1630;1;1;1;1;1;367;;M;4339306;211904;110
201500008359;15;4;12;1830;1;2;1;1;6;89;Lotissement la promenade;M;4332716;212135;110
201500008360;15;4;26;1200;1;1;1;1;7;99;;M;4328789;240429;110
201500008361;15;6;23;1415;1;1;1;1;1;221;;M;4341859;230626;110
201500008362;15;7;11;1915;1;2;1;1;6;410;rue des camйlias;M;4325934;241778;110
201500008363;15;7;15;1730;1;1;1;1;7;205;;M;4330965;239260;110
201500008364;15;7;20;615;1;2;1;1;6;115;allйe des platanes;M;4336670;226966;110
201500008365;15;7;25;1900;1;1;1;1;1;367;;M;4337888;214393;110
201500008366;15;8;21;1600;1;1;1;1;1;279;11610;M;4324441;229826;110
201500008367;15;9;13;1800;1;2;1;1;6;280;BD DU MINERVOIS;M;4329733;268088;110
201500008368;15;10;19;615;3;1;1;8;7;429;;M;4324667;239305;110
201500008369;15;11;4;1830;3;1;1;1;6;413;;M;4332940;230603;110
201500008370;15;12;23;1330;1;1;1;1;1;99;;M;4325826;239508;110
201500008371;15;6;5;1800;1;1;1;1;7;271;;M;4295900;263400;110
201500008372;15;6;21;1900;1;1;1;1;6;378;;M;4309255;250739;110
201500008373;15;8;2;1245;1;1;1;1;7;185;;M;4308379;261589;110
201500008374;15;5;24;1545;1;2;1;1;7;260;dйpartementale 613;M;4295923;252729;110
201500008375;15;4;11;1700;1;2;1;1;1;286;D35;M;4329800;256900;110
201500008376;15;11;13;100;3;1;1;1;7;81;;M;4330539;252372;110
201500008377;15;1;25;1230;1;1;1;6;6;76;;M;4333300;195200;110
201500008378;15;4;9;1645;1;1;1;1;3;313;;M;4333729;188761;110
201500008379;15;6;6;1215;1;1;1;1;6;76;;M;4329900;196300;110
201500008380;15;10;8;1045;1;2;1;1;6;76;Cours de la Rйpublique;M;4331718;195244;110
201500008381;15;12;4;1815;5;2;1;1;1;76;;M;4331238;195538;110
201500008382;15;1;15;2300;3;1;1;1;6;49;;M;4324148;213178;110
201500008383;15;2;8;345;3;1;1;1;6;254;;M;4322200;215800;110
201500008384;15;2;15;1515;1;1;1;2;7;434;;M;4327899;209342;110
201500008385;15;4;17;1700;1;1;1;1;3;84;;M;4321219;225110;110
201500008386;15;6;7;230;3;1;1;1;7;18;;M;4321210;223525;110
201500008387;15;6;9;1115;1;1;1;1;5;84;;M;4323600;227200;110
201500008388;15;6;23;1830;1;1;1;1;1;199;;M;4321200;226900;110
201500008389;15;8;1;630;1;1;1;1;6;72;;M;4320600;202500;110
201500008390;15;9;30;2030;5;2;1;1;6;288;av du general de gaulle;M;4325700;226900;110
201500008391;15;10;18;1630;1;2;1;1;3;49;;M;4324357;211701;110
201500008392;15;10;25;1500;1;1;1;1;1;84;;M;4321235;224269;110
201500008393;15;11;4;630;5;2;1;1;6;153;"lieu dit ""donamestre""";M;4319700;209300;110
201500008394;15;10;31;1700;1;1;1;1;2;254;;M;4319417;212347;110
201500008395;15;1;15;2030;3;1;1;1;6;236;;M;4324769;170556;110
201500008396;15;5;29;1645;1;1;1;1;6;226;;M;4323700;183150;110
201500008397;15;7;27;1730;1;2;1;8;6;33;CD102 ROUTE DE MARTY;M;0;0;110
201500008398;15;8;29;1530;1;1;1;1;7;26;;M;4333431;180974;110
201500008399;15;8;29;2030;2;1;1;1;6;33;;M;4320008;173397;110
201500008400;15;1;21;930;1;2;1;1;6;344;Route de Ladern;M;4309517;231056;110
201500008401;15;2;23;1845;2;1;1;2;1;293;;M;4311400;228100;110
201500008402;15;3;5;1700;1;1;1;1;5;197;;M;4309178;218163;110
201500008403;15;4;16;2045;3;1;1;2;3;58;;M;4314143;212055;110
201500008404;15;5;12;1800;1;2;1;1;1;206;avenue Fabre d'Eglantine;M;4305400;222100;110
201500008405;15;6;26;1500;1;2;1;1;3;206;CD121;M;4303300;220300;110
201500008406;15;7;7;145;3;2;1;1;6;197;;M;4310200;217300;110
201500008407;15;8;29;1445;1;2;1;1;6;206;promenade du Tivoli;M;4305700;221600;110
201500008408;15;9;15;1945;2;2;1;1;6;206;chemin de Tibur;M;4305300;221000;110
201500008409;15;9;19;1345;1;1;4;1;3;408;;M;4312400;231300;110
201500008410;15;10;10;1645;1;1;1;1;7;394;;M;4302759;216431;110
201500008411;15;11;23;2230;3;1;1;1;6;206;;M;4312420;212736;110
201500008412;15;12;4;2115;3;1;1;1;6;293;;M;4310800;229900;110
201500008413;15;1;6;1130;1;1;1;1;6;316;;M;0;0;110
201500008414;15;2;4;930;1;2;1;4;1;91;pont de l'hers;M;4298209;200267;110
201500008415;15;12;25;1700;1;1;1;1;6;336;;M;4295295;195564;110
201500008416;15;1;31;1500;1;1;1;2;3;129;;M;4293551;223498;110
201500008417;15;8;5;145;3;1;1;1;6;377;;M;4295028;233555;110
201500008418;15;9;18;900;1;1;1;1;1;63;;M;4291312;219912;110
201500008419;15;10;12;1400;1;1;1;1;6;63;;M;4289764;218586;110
201500008420;15;11;28;845;1;2;1;2;6;304;31 bd charles de gaulle;M;4287453;218253;110
201500008421;15;1;17;1100;1;2;1;1;6;106;Rue Hoche;M;4323277;305803;110
201500008422;15;2;14;1500;1;1;1;2;6;40;;M;4313529;287638;110
201500008423;15;2;19;1945;5;2;1;1;1;116;chemin des garrigots;M;4326016;301323;110
201500008424;15;3;7;1000;1;1;1;1;6;255;;M;4318635;291720;110
201500008425;15;3;6;1045;1;1;1;1;1;262;;M;4316017;305631;110
201500008426;15;3;11;1745;1;1;1;1;1;269;;M;4328147;296037;110
201500008427;15;4;15;900;1;1;1;1;3;262;;M;4316210;316823;110
201500008428;15;7;4;445;3;1;1;1;6;116;;M;4323831;300016;110
201500008429;15;7;10;400;3;1;1;1;7;145;;M;4322439;321296;110
201500008430;15;7;16;1500;1;1;1;1;3;262;;M;4315035;305204;110
201500008431;15;8;2;2145;3;1;1;1;6;258;11;M;4321095;294334;110
201500008432;15;7;26;2200;3;1;1;1;7;145;;M;4323441;318820;110
201500008433;15;8;7;1345;1;1;1;1;5;145;11560;M;4321432;313406;110
201500008434;15;8;13;1945;2;1;1;8;5;106;;M;4322489;307736;110
201500008435;15;8;25;1515;1;2;1;1;6;24;Hameau de Prat de Cest;M;4311402;295066;110
201500008436;15;8;30;145;3;1;1;1;1;170;;M;4311742;308763;110
201500008437;15;9;26;400;3;1;1;1;6;106;;M;4322036;304078;110
201500008438;15;10;7;1215;1;1;1;1;7;255;;M;4321317;284913;110
201500008439;15;10;10;600;3;1;1;1;6;106;;M;4322548;304690;110
201500008440;15;11;16;1645;1;1;1;1;5;24;;M;4311891;295304;110
201500008441;15;11;27;1600;1;1;1;1;3;106;;M;4324902;306782;110
201500008442;15;12;13;830;1;1;1;1;3;262;;M;4322431;304546;110
201500008443;15;12;25;1830;3;1;1;1;3;24;;M;4313019;296232;110
201500008444;15;12;24;1730;2;1;1;1;1;255;;M;4316914;291467;110
201500008445;15;7;16;345;3;1;1;1;6;431;;M;4295000;276000;110
201500008446;15;8;13;1545;1;1;1;8;6;152;;M;4305447;281622;110
201500008447;15;10;4;1430;1;1;1;1;6;401;;M;4290970;270583;110
201500008448;15;5;1;1330;1;1;1;1;6;132;;M;4310000;272000;110
201500008449;15;5;8;1645;1;1;1;1;1;212;;M;4331957;283604;110
201500008450;15;5;24;345;3;1;1;1;6;267;;M;4319000;283500;110
201500008451;15;6;30;1130;1;1;1;1;7;203;;M;4323908;285422;110
201500008452;15;7;3;1445;1;1;2;1;3;12;;M;4331200;292900;110
201500008453;15;7;12;1630;1;2;1;1;6;172;;M;4326666;272601;110
201500008454;15;7;21;1215;1;2;1;1;2;360;avenue des ecoles;M;4324487;290325;110
201500008455;15;8;8;630;2;1;9;1;6;353;;M;4324800;291400;110
201500008456;15;10;31;930;1;1;1;1;3;360;;M;4326686;289854;110
201500008457;15;11;6;1915;3;1;1;1;1;203;;M;4322774;279425;110
201500008458;15;7;26;1715;1;1;1;1;2;188;;M;4299100;297700;110
201500008459;15;7;28;1315;1;2;2;1;3;379;30 rue l'ancienne Gendar;M;4302864;297523;110
201500008460;15;8;8;315;3;1;1;1;1;379;;M;4307287;294352;110
201500008461;15;12;27;2315;5;1;6;1;6;266;;M;4301903;304644;110
201500008462;15;3;16;30;3;1;6;2;7;3;;M;4356003;415315;300
201500008463;15;5;12;2300;3;1;6;1;6;133;;M;4355078;413982;300
201500008464;15;5;21;1730;1;2;1;6;6;133;avenue du centurion;M;4352043;413112;300
201500008465;15;5;23;1515;1;1;6;1;3;3;;M;4357234;417453;300
201500008466;15;7;11;345;3;1;1;1;7;276;;M;4358731;422266;300
201500008467;15;7;28;300;2;1;1;1;7;133;;M;4354533;415531;300
201500008468;15;8;7;1545;1;2;1;1;1;133;route des marines;M;4351763;414117;300
201500008469;15;8;10;2345;3;1;6;1;6;3;;M;4357847;418684;300
201500008470;15;8;11;1730;1;2;1;1;3;133;rue des moussaillons;M;0;0;300
201500008471;15;8;15;1445;1;1;1;1;3;276;;M;4358327;423893;300
201500008472;15;10;31;1715;1;2;1;1;7;3;RD 979 - PK 89+700;M;4356834;418889;300
201500008473;15;12;5;2100;3;1;1;2;3;276;;M;4358113;426039;300
201500008474;15;12;8;1015;1;2;1;8;6;133;RUE VINCENT;M;0;0;300
201500008475;15;1;14;945;1;1;1;1;1;138;;M;4381561;424012;300
201500008476;15;2;14;1100;1;1;1;2;3;114;;M;4381450;409549;300
201500008477;15;5;17;1745;1;1;9;7;7;249;;M;4381131;421722;300
201500008478;15;6;27;800;1;1;1;1;6;306;;M;4382718;404699;300
201500008479;15;8;4;1800;1;1;1;1;6;306;;M;4382517;405063;300
201500008480;15;12;26;1900;3;1;1;1;1;352;;M;4380508;409752;300
201500008481;15;1;17;815;2;1;1;1;6;156;;M;4388088;443893;300
201500008482;15;2;17;2000;3;1;1;8;6;155;;M;4382287;446840;300
201500008483;15;4;13;1045;1;1;1;1;6;156;;M;4386409;442771;300
201500008484;15;4;21;1015;1;1;1;1;1;156;;M;4386373;443444;300
201500008485;15;5;23;930;1;1;1;1;6;156;;M;4387002;443917;300
201500008486;15;7;26;1645;1;2;1;1;1;258;route d'arles;M;0;0;300
201500008487;15;8;23;2015;1;1;1;3;4;258;;M;4366680;437598;300
201500008488;15;9;11;1445;1;1;1;1;1;258;;M;4369909;442464;300
201500008489;15;9;18;1900;1;2;1;1;2;258;D6572;M;4366903;444591;300
201500008490;15;11;4;1330;1;1;1;2;1;258;;M;4367184;440990;300
201500008491;15;1;17;845;1;1;1;1;1;4;;M;4371916;420506;300
201500008492;15;1;23;745;2;1;1;1;1;347;;M;4372457;427021;300
201500008493;15;2;28;1830;1;1;1;1;1;347;;M;4373606;427979;300
201500008494;15;4;14;1730;1;2;1;7;6;4;chemin de la vaunage;M;4374240;418810;300
201500008495;15;4;20;700;2;1;1;2;1;341;;M;4354739;434864;300
201500008496;15;4;25;1800;1;1;1;1;1;59;;M;4368886;424023;300
201500008497;15;5;25;845;1;1;1;1;6;341;;M;0;0;300
201500008498;15;5;30;445;3;1;1;1;1;59;;M;4368879;424261;300
201500008499;15;5;20;700;1;2;1;1;1;123;rue folco de baroncelli;M;0;0;300
201500008500;15;6;2;345;3;1;1;1;7;6;;M;4370737;421236;300
201500008501;15;6;4;1830;1;2;1;7;1;341;CD 6572-CD779, gallician;M;4365403;429563;300
201500008502;15;6;5;1645;1;1;1;1;1;83;;M;4371344;421869;300
201500008503;15;6;21;600;1;1;1;1;3;6;;M;4368700;419943;300
201500008504;15;6;29;900;1;1;1;1;1;6;;M;4368117;419355;300
201500008505;15;7;1;2100;1;2;1;1;6;6;av du gйnйral de gaulle;M;0;0;300
201500008506;15;7;21;1800;1;1;1;1;7;341;;M;4371586;428017;300
201500008507;15;8;1;300;3;1;1;1;6;4;;M;4371742;422128;300
201500008508;15;10;7;900;1;2;1;7;6;6;rue de l'Abrivado;M;4368791;421367;300
201500008509;15;11;16;600;3;1;2;1;3;33;;M;4365482;434368;300
201500008510;15;12;9;1100;1;1;1;1;6;4;;M;4372134;420898;300
201500008511;15;12;24;1600;1;1;1;8;6;123;;M;4371738;418001;300
201500008512;15;1;23;2000;5;2;6;1;3;27;Rond-point centre ville;M;4407254;405213;300
201500008513;15;2;23;1030;1;1;1;1;6;329;;M;4406184;391849;300
201500008514;15;3;18;1545;1;1;1;1;1;329;;M;4407357;393822;300
201500008515;15;8;23;630;2;1;1;2;6;329;;M;4407611;392897;300
201500008516;15;2;2;1715;1;2;1;1;3;307;rue d'Alger;M;4419632;404527;300
201500008517;15;2;27;145;3;1;1;2;7;132;;M;4422304;404444;300
201500008518;15;5;25;1445;1;2;1;1;1;307;2 place de l'йglise;M;4420684;403538;300
201500008519;15;6;16;1330;1;2;1;2;6;132;18 rue marcel feydedie;M;4422041;401790;300
201500008520;15;12;4;1330;1;2;1;1;3;307;RN106 les beaumes;M;4420049;403651;300
201500008521;15;1;7;1130;1;1;1;9;7;55;;M;4412485;423071;300
201500008522;15;1;10;2115;3;1;1;1;5;275;;M;4411596;424811;300
201500008523;15;3;28;430;5;1;1;1;7;223;;M;4418409;413798;300
201500008524;15;4;3;1930;2;1;1;1;1;270;;M;4410844;402946;300
201500008525;15;4;11;1515;1;1;1;1;1;294;;M;4416096;411988;300
201500008526;15;4;30;1615;1;2;1;8;1;284;rue du 19 mars 1962;M;4416227;407998;300
201500008527;15;5;6;1330;1;1;1;1;3;223;;M;4417810;417497;300
201500008528;15;6;3;1145;1;1;1;1;3;305;;M;4417321;414581;300
201500008529;15;6;29;1745;1;1;1;1;3;305;;M;4418419;418616;300
201500008530;15;7;4;1900;1;1;1;1;5;294;;M;4416370;412467;300
201500008531;15;12;28;1515;1;2;1;1;1;305;D16;M;4417724;416667;300
201500008532;15;1;25;555;5;2;1;1;6;348;Route de Nimes;M;4405010;413938;300
201500008533;15;2;11;2215;3;1;1;1;6;2;;M;4396264;409825;300
201500008534;15;2;22;1445;1;1;1;1;7;101;;M;4408621;414845;300
201500008535;15;4;19;2215;3;1;1;1;7;264;;M;4404548;423228;300
201500008536;15;5;17;1330;1;1;1;1;6;2;;M;4395880;410917;300
201500008537;15;5;22;745;1;1;2;1;3;267;;M;4400058;407928;300
201500008538;15;5;26;845;1;1;2;1;3;2;;M;4395703;409924;300
201500008539;15;7;10;1530;1;2;1;1;3;259;CD 981 - PK 2 + 600;M;4410388;412789;300
201500008540;15;7;12;1545;1;1;1;1;1;104;;M;4396956;416159;300
201500008541;15;7;17;1700;1;1;1;1;2;259;;M;4410573;410005;300
201500008542;15;9;8;1030;1;1;1;1;7;147;;M;4401964;405455;300
201500008543;15;9;19;1700;1;1;1;1;7;46;;M;4399988;418022;300
201500008544;15;10;29;1545;1;1;1;1;1;109;;M;4406517;425000;300
201500008545;15;12;31;1145;1;2;1;2;1;259;route de Nimes;M;4407382;411738;300
201500008546;15;4;4;915;1;1;1;1;6;316;;M;4432569;401030;300
201500008547;15;4;6;1200;1;1;1;1;1;201;;M;4442153;398191;300
201500008548;15;4;28;1700;1;1;1;1;3;80;;M;4430496;398740;300
201500008549;15;6;20;1515;1;1;1;1;3;153;;M;4442743;403106;300
201500008550;15;8;8;900;1;1;1;1;6;130;;M;4436171;394137;300
201500008551;15;9;25;930;1;1;1;1;1;153;;M;4442519;398074;300
201500008552;15;10;5;1745;1;1;1;1;6;80;;M;4429453;398108;300
201500008553;15;10;10;1700;1;2;1;1;6;345;Rue du Petit Nice;M;4428770;400741;300
201500008554;15;1;25;730;2;1;1;1;6;266;;M;4424691;428619;300
201500008555;15;1;24;1615;1;1;1;1;7;293;;M;4428135;435035;300
201500008556;15;2;2;830;1;1;1;1;1;237;;M;4429316;418262;300
201500008557;15;2;19;1700;1;2;1;7;6;227;boulevard du paradis;M;4426623;419839;300
201500008558;15;3;4;1145;1;2;1;1;6;227;BOULEVARD DU PORTALET;M;0;0;300
201500008559;15;3;10;900;1;2;1;1;6;227;762 route d'Uz?s;M;4425205;420077;300