num_acc;an;mois;jour;hrmn;lum;agg;int;atm;col;com;adr;gps;lat;long;dep
201500008560;15;4;24;2230;3;1;1;1;6;8;;M;4420307;424155;300
201500008561;15;5;3;1000;1;1;1;1;1;48;;M;4412940;431180;300
201500008562;15;5;17;1430;1;2;1;1;6;29;place du 08 mai 1945;M;4430729;434805;300
201500008563;15;5;22;1015;1;2;1;7;3;29;RD 901;M;4430524;435560;300
201500008564;15;5;24;100;3;1;1;1;7;167;;M;4427296;415279;300
201500008565;15;6;10;915;1;1;1;1;7;227;;M;4424024;418858;300
201500008566;15;6;14;1745;1;1;1;1;2;152;;M;4424173;417593;300
201500008567;15;7;21;1300;1;2;1;1;3;37;REVETY;M;4427696;413410;300
201500008568;15;8;9;300;3;1;1;2;6;227;;M;4424977;418130;300
201500008569;15;9;23;1800;1;1;1;1;7;227;;M;0;0;300
201500008570;15;10;5;2015;5;2;1;1;1;29;;M;4430674;434319;300
201500008571;15;11;8;1645;1;1;1;1;6;218;;M;4423683;426660;300
201500008572;15;11;14;1830;3;1;1;1;3;8;;M;4418828;420601;300
201500008573;15;11;23;1500;1;2;1;1;1;268;Les mines;M;4423547;413754;300
201500008574;15;12;21;800;2;1;1;2;3;268;;M;4423804;412361;300
201500008575;15;1;4;1900;3;1;1;1;6;262;;M;4403019;447600;300
201500008576;15;2;6;1145;1;1;1;1;6;334;;M;4401338;441439;300
201500008577;15;1;29;1715;2;2;1;1;6;334;avenue pompidou;M;0;0;300
201500008578;15;2;28;315;3;1;1;1;7;334;;M;4401744;442878;300
201500008579;15;3;3;1615;1;1;4;1;3;299;;M;4402655;447006;300
201500008580;15;4;17;1900;1;2;1;1;7;174;route d'uzes;M;0;0;300
201500008581;15;5;18;1715;1;1;1;1;2;109;;M;4406516;424995;300
201500008582;15;6;1;1815;1;1;1;1;3;30;;M;4405459;428512;300
201500008583;15;6;9;1500;1;1;1;1;3;337;;M;4405693;447447;300
201500008584;15;6;18;1230;1;2;1;1;6;334;avenue de la gare;M;0;0;300
201500008585;15;6;28;515;2;1;1;1;6;334;;M;4402041;443342;300
201500008586;15;7;4;1030;1;2;1;1;3;334;Avenue Georges Pompidou;M;4401132;441521;300
201500008587;15;7;14;1515;1;1;1;1;6;111;;M;4404666;429475;300
201500008588;15;7;15;1715;1;1;1;1;1;343;;M;4419060;448211;300
201500008589;15;7;22;900;1;1;1;1;1;334;;M;4400209;443147;300
201500008590;15;8;21;530;2;1;1;1;7;14;;M;4399355;434788;300
201500008591;15;9;20;1400;1;1;1;1;4;286;;M;0;0;300
201500008592;15;9;30;1715;1;1;1;1;2;151;;M;4415838;435904;300
201500008593;15;10;7;1715;1;2;1;1;3;334;Avenue Louis Altйrac;M;4402116;441484;300
201500008594;15;10;22;1200;1;1;2;1;1;295;;M;4404089;445450;300
201500008595;15;12;13;1145;1;1;1;2;6;282;;M;4413750;447486;300
201500008596;15;2;2;1045;1;1;1;1;2;202;;M;4425088;462218;300
201500008597;15;2;25;1230;1;1;1;6;6;230;;M;4423335;445252;300
201500008598;15;3;12;2300;3;1;1;1;7;290;;M;4427453;460292;300
201500008599;15;3;16;1330;1;1;1;1;7;131;;M;4419590;447773;300
201500008600;15;4;13;1500;1;1;1;1;2;277;;M;4421158;451816;300
201500008601;15;5;18;2015;1;1;9;1;3;202;;M;4427563;462537;300
201500008602;15;5;27;2145;5;2;1;1;3;202;Avenue Gaston Doumergue;M;0;0;300
201500008603;15;6;24;1000;1;2;1;1;7;202;Route de Lyon;M;4426746;463573;300
201500008604;15;7;27;545;2;1;1;1;1;273;;M;4428187;458795;300
201500008605;15;8;28;930;1;1;1;1;1;226;;M;4422011;463361;300
201500008606;15;9;1;915;1;2;9;1;7;202;Allйe Jean Jaures;M;4425450;464928;300
201500008607;15;11;6;1630;1;2;1;7;6;202;zone commerciale pte sud;M;4424074;463996;300
201500008608;15;11;8;600;3;1;1;5;3;226;;M;4421901;463370;300
201500008609;15;11;9;2115;5;2;1;1;6;202;avenue KENNEDY;M;4426361;464132;300
201500008610;15;11;13;1115;1;2;1;1;6;202;ALLEES FREDERIC MISTRAL;M;0;0;300
201500008611;15;1;8;1745;5;1;1;1;1;12;;M;0;0;300
201500008612;15;1;9;2330;3;1;1;1;7;336;;M;4383208;464031;300
201500008613;15;1;30;615;3;1;1;6;7;116;;M;4391501;460997;300
201500008614;15;3;7;1015;1;2;1;1;7;179;RD500;M;4387186;458989;300
201500008615;15;3;28;100;3;1;1;1;6;346;;M;4395651;453085;300
201500008616;15;4;5;900;1;1;1;1;1;346;;M;4395825;452117;300
201500008617;15;4;13;2215;5;2;6;1;3;12;Avenue Charle de Gaulle;M;4389610;469041;300
201500008618;15;4;18;2015;2;2;1;1;7;107;Chemin du vieux moulin;M;4393706;463724;300
201500008619;15;5;16;2145;3;1;1;1;6;336;;M;4384280;462156;300
201500008620;15;6;12;1930;1;1;1;8;1;89;;M;4384486;457211;300
201500008621;15;6;12;1615;1;1;1;3;1;179;;M;4387518;460726;300
201500008622;15;6;19;1145;1;1;1;1;1;166;;M;4389140;457413;300
201500008623;15;6;21;1830;1;1;1;1;6;12;;M;4389458;469119;300
201500008624;15;7;1;1515;1;2;1;1;5;340;RD 6086;M;4400253;457853;300
201500008625;15;7;5;1600;1;1;1;1;6;346;;M;4395971;451883;300
201500008626;15;7;14;1230;1;2;2;1;3;73;CD 228 chemin neuf;M;4396990;455445;300
201500008627;15;7;25;2215;3;1;1;1;6;340;;M;4402095;458180;300
201500008628;15;8;4;745;1;1;1;2;7;116;;M;4394131;461623;300
201500008629;15;8;13;830;1;1;1;1;3;336;;M;4387996;462844;300
201500008630;15;9;17;545;3;1;1;2;5;116;;M;4394033;461005;300
201500008631;15;9;21;945;1;2;1;1;3;179;D986L;M;4387042;458423;300
201500008632;15;10;4;1745;1;1;1;1;6;346;;M;4395614;453195;300
201500008633;15;12;6;2100;3;1;1;1;6;346;;M;4395922;451961;300
201500008634;15;2;21;1700;1;2;1;2;1;312;bd frederic mistral;M;4401063;480522;300
201500008635;15;3;12;1920;3;1;1;1;1;254;;M;4406188;473195;300
201500008636;15;3;16;1645;1;1;1;1;4;326;;M;4401143;469030;300
201500008637;15;4;6;400;5;2;1;1;6;209;53 route de sauveterre;M;4401095;480091;300
201500008638;15;7;10;830;1;1;1;1;2;278;;M;4406179;470866;300
201500008639;15;7;13;2200;3;1;1;1;7;149;;M;4403289;469346;300
201500008640;15;8;28;1715;1;1;1;1;2;221;;M;4402377;474662;300
201500008641;15;10;19;215;3;1;1;2;6;221;;M;4401990;474267;300
201500008642;15;10;25;1830;2;2;1;1;2;217;1687, Route d'Avignon;M;4396531;470629;300
201500008643;15;11;10;2230;3;1;1;1;7;326;;M;4400808;473166;300
201500008644;15;11;14;1830;5;1;1;1;1;326;;M;4400764;473494;300
201500008645;15;3;3;1900;3;1;1;1;5;233;;M;4392368;417833;300
201500008646;15;3;4;1030;1;1;1;8;3;193;;M;4387017;421308;300
201500008647;15;3;30;1615;1;1;1;1;6;189;;M;4391905;438913;300
201500008648;15;4;3;1530;1;1;1;1;1;126;;M;4399003;429183;300
201500008649;15;4;7;1715;1;1;1;1;5;241;;M;4395646;427042;300
201500008650;15;6;17;1700;1;1;1;1;2;46;;M;4397250;420827;300
201500008651;15;6;19;1545;1;2;1;1;1;21;rue de l'йglise;M;0;0;300
201500008652;15;6;30;1945;1;1;1;1;3;313;;M;4395769;424048;300
201500008653;15;7;15;1445;1;2;1;1;3;184;avenue de la rйpublique;M;4398138;422959;300
201500008654;15;7;23;1930;1;1;1;7;1;126;;M;4399219;432531;300
201500008655;15;8;2;1430;1;1;1;1;6;102;;M;4391833;428487;300
201500008656;15;8;5;1930;1;1;1;1;1;189;;M;4391841;438848;300
201500008657;15;8;11;1345;1;1;3;1;3;281;;M;4388311;419399;300
201500008658;15;8;12;1315;1;2;1;1;1;228;route d'aubarne;M;4394349;435893;300
201500008659;15;10;10;1000;1;1;1;1;4;281;;M;4388398;419455;300
201500008660;15;11;13;1630;1;1;1;7;3;228;;M;4394128;431312;300
201500008661;15;1;18;145;3;1;1;1;6;272;;M;4397644;368617;300
201500008662;15;6;3;730;1;2;9;1;5;229;LE REY;M;4400101;366069;300
201500008663;15;9;19;1200;1;1;1;1;3;9;;M;4396819;344307;300
201500008664;15;5;28;1415;1;2;1;1;6;140;Rue de la Croisette;M;0;0;300
201500008665;15;7;11;1130;1;2;1;1;3;140;Carrefour D153-rue liron;M;4404622;385597;300
201500008666;15;8;17;945;1;1;1;1;7;195;;M;4410914;381996;300
201500008667;15;2;19;2145;5;2;6;1;7;210;AVENUE DE L'AIGUAL;M;4391702;399358;300
201500008668;15;3;15;1800;2;1;1;2;6;314;;M;4396224;406899;300
201500008669;15;6;4;1645;1;1;1;1;1;54;;M;4385791;397011;300
201500008670;15;7;1;1400;1;1;1;1;5;93;;M;4396048;390025;300
201500008671;15;10;17;1115;1;1;1;1;1;148;;M;4389494;400912;300
201500008672;15;12;4;1615;1;2;1;1;1;263;d999;M;4396142;385718;300
201500008673;15;5;12;1400;1;1;1;1;1;111;;M;0;0;480
201500008674;15;3;17;1715;1;2;1;2;6;80;BD CHARLES DE GAULLES;M;0;0;480
201500008675;15;4;30;1430;1;1;1;1;7;70;;M;0;0;480
201500008676;15;6;25;945;1;2;1;1;3;80;avenue Joffre;M;0;0;480
201500008677;15;8;15;2015;1;1;2;1;3;43;;M;0;0;480
201500008678;15;8;25;1230;1;2;1;1;6;10;le bourg;M;4475315;372811;480
201500008679;15;4;11;1700;1;1;1;1;1;135;;M;4441700;393600;480
201500008680;15;4;11;1945;1;1;1;1;1;135;;M;4440800;393300;480
201500008681;15;11;17;1300;1;1;1;1;6;198;;M;4445500;393300;480
201500008682;15;8;8;1300;1;2;3;1;3;61;RN 106, quartier du Pont;M;0;0;480
201500008683;15;8;20;1645;1;1;1;1;6;162;;M;0;0;480
201500008684;15;11;5;1315;1;1;1;1;6;116;;M;0;0;480
201500008685;15;11;8;1600;1;1;1;1;6;162;;M;0;0;480
201500008686;15;11;29;1100;1;2;4;1;3;61;Quartier de la Bйcиde;M;4433010;359079;480
201500008687;15;5;2;1430;1;1;1;1;7;67;;M;4417850;371000;480
201500008688;15;5;9;1645;1;1;1;1;7;115;;M;0;0;480
201500008689;15;5;12;2200;3;1;1;1;6;148;;M;0;0;480
201500008690;15;7;2;1100;1;1;1;1;6;148;;M;4419180;384122;480
201500008691;15;7;5;1715;1;1;1;1;6;36;;M;0;0;480
201500008692;15;8;14;1530;1;1;1;1;7;178;;M;0;0;480
201500008693;15;8;18;1915;2;1;1;1;3;97;;M;0;0;480
201500008694;15;5;23;1015;1;1;1;1;6;146;;M;0;0;480
201500008695;15;6;19;1115;1;1;1;1;6;176;;M;0;0;480
201500008696;15;10;9;1600;1;1;1;1;3;94;;M;0;0;480
201500008697;15;11;4;745;1;1;1;8;7;74;;M;0;0;480
201500008698;15;1;17;830;1;1;1;1;1;49;;M;0;0;480
201500008699;15;6;4;1200;1;1;1;7;6;187;;M;0;0;480
201500008700;15;6;19;1415;1;1;1;1;6;63;;M;4472000;337300;480
201500008701;15;8;8;1445;1;1;1;3;6;91;;M;0;0;480
201500008702;15;8;23;1600;1;1;1;2;7;1;;M;0;0;480
201500008703;15;12;6;300;3;1;1;9;7;104;;M;0;0;480
201500008704;15;4;20;1715;1;1;1;1;6;121;;M;4482805;333110;480
201500008705;15;4;26;330;3;1;1;1;6;2;;M;4487800;325700;480
201500008706;15;8;19;1800;1;1;1;1;3;177;;M;4483300;330900;480
201500008707;15;10;19;1300;1;1;1;1;3;128;;M;4478600;328800;480
201500008708;15;12;9;1430;1;1;1;1;2;177;;M;4484500;331900;480
201500008709;15;1;2;1630;1;1;9;1;1;37;;M;0;0;660
201500008710;15;1;25;1420;1;2;1;1;7;37;Parking zone technique;M;4270395;303767;660
201500008711;15;2;13;2145;5;2;1;1;6;37;CD617;M;0;0;660
201500008712;15;3;19;1130;1;2;1;1;1;37;AVENUE DU ROUSSILLON;M;4269774;303238;660
201500008713;15;5;4;400;1;1;1;1;1;37;;M;4268738;303465;660
201500008714;15;6;7;1115;1;2;1;1;3;37;voie des flamants roses;M;0;0;660
201500008715;15;6;12;1545;1;2;1;1;3;37;RD 617;M;0;0;660
201500008716;15;7;25;1745;1;2;1;1;2;182;aveue du stade;M;4272875;302384;660
201500008717;15;8;29;630;2;1;1;1;5;37;;M;0;0;660
201500008718;15;2;27;1600;1;2;1;1;6;65;rue Joan amade;M;4259890;297695;660
201500008719;15;7;1;1630;1;1;1;1;5;26;;M;0;0;660
201500008720;15;5;9;1945;2;1;1;7;6;107;;M;0;0;660
201500008721;15;5;12;1915;1;1;1;1;6;107;;M;0;0;660
201500008722;15;5;18;1130;1;1;1;1;1;107;;M;0;0;660
201500008723;15;7;1;430;3;1;1;1;6;71;;M;0;0;660
201500008724;15;7;21;1730;1;1;1;1;5;187;;M;0;0;660
201500008725;15;8;24;1615;1;1;1;1;7;46;;M;0;0;660
201500008726;15;3;27;2000;3;1;1;1;3;108;;M;0;0;660
201500008727;15;9;12;1700;1;1;1;1;6;108;;M;0;0;660
201500008728;15;4;15;1030;1;1;1;1;1;190;;M;0;0;660
201500008729;15;5;2;1530;1;1;1;1;4;164;;M;0;0;660
201500008730;15;8;14;1630;1;1;1;1;3;190;;M;0;0;660
201500008731;15;9;26;1115;1;1;1;1;6;190;;M;4283527;290954;660
201500008732;15;10;24;2045;3;1;1;1;2;164;;M;0;0;660
201500008733;15;10;31;900;1;1;1;1;1;231;;M;0;0;660
201500008734;15;12;14;700;2;1;1;1;7;69;;M;0;0;660
201500008735;15;5;23;1030;1;2;1;1;6;171;Boulevard Desnoyer;M;4262927;303214;660
201500008736;15;6;21;345;1;2;1;1;7;171;boulevard maillol - D81A;M;0;0;660
201500008737;15;12;28;1615;1;2;6;7;1;2;RP mйdaille militaire;M;4263966;297330;660
201500008738;15;2;10;1045;1;2;1;1;6;212;Avenue Marechal Joffre;M;4275792;299166;660
201500008739;15;3;5;1530;1;2;1;1;3;180;rue lavoisier;M;4277410;299003;660
201500008740;15;4;15;715;1;1;1;1;2;180;;M;0;0;660
201500008741;15;6;20;130;3;1;1;1;1;212;;M;0;0;660
201500008742;15;7;14;730;1;1;1;1;7;212;;M;0;0;660
201500008743;15;7;21;1200;1;2;1;1;1;17;Rue du Mas de Grкle;M;4282437;303515;660
201500008744;15;8;14;515;3;1;1;1;6;212;;M;0;0;660
201500008745;15;12;21;1245;1;2;1;1;6;17;boulevard du 14 juillet;M;4278733;303486;660
201500008746;15;2;13;1915;4;2;1;1;6;226;Avenue de Perpignan;M;0;0;660
201500008747;15;3;7;1715;1;1;1;1;2;144;;M;0;0;660
201500008748;15;3;14;1845;1;2;1;6;6;101;7 Av. Leon Jean Gregory;M;4262013;277192;660
201500008749;15;4;26;1915;1;1;1;1;1;217;;M;0;0;660
201500008750;15;4;30;745;1;1;1;1;3;210;;M;0;0;660
201500008751;15;5;4;745;2;1;1;1;7;177;;M;0;0;660
201500008752;15;5;8;1745;1;1;1;1;7;84;;M;0;0;660
201500008753;15;7;2;600;2;1;1;1;7;101;;M;0;0;660
201500008754;15;7;4;1130;1;1;1;1;1;217;;M;4261240;280450;660
201500008755;15;7;23;1000;1;1;1;1;3;210;;M;4262967;274226;660
201500008756;15;10;24;2300;5;2;1;1;1;134;avenue Louis TORCATIS;M;0;0;660
201500008757;15;11;10;915;1;2;1;7;6;226;27 avenue des pyrйnйes;M;4258931;283772;660
201500008758;15;2;11;1400;1;1;1;1;6;9;;M;0;0;660
201500008759;15;8;1;1845;1;1;1;1;7;9;;M;0;0;660
201500008760;15;11;23;1415;1;2;1;1;6;9;Lieu dit La Balane;M;0;0;660
201500008761;15;1;2;1100;1;2;1;1;6;8;Avenue de Hurth;M;4254926;301905;660
201500008762;15;6;7;1645;1;1;1;1;5;8;;M;0;0;660
201500008763;15;7;12;2315;3;2;1;1;6;8;chemin de Taxo d'Amont;M;0;0;660
201500008764;15;7;31;2245;5;2;1;3;1;168;Rue Frйdйric Barcelo;M;4254962;297643;660
201500008765;15;12;16;1615;1;2;6;7;6;8;;M;4255134;300956;660
201500008766;15;4;20;2145;3;1;1;1;6;196;;M;4253623;298619;660
201500008767;15;6;4;2200;3;1;1;1;1;225;;M;0;0;660
201500008768;15;8;10;700;1;1;1;1;6;175;;M;4254289;291222;660
201500008769;15;9;7;2200;3;1;1;1;6;115;;M;0;0;660
201500008770;15;10;2;530;3;1;1;1;5;175;;M;0;0;660
201500008771;15;11;10;2215;3;1;1;1;7;133;;M;0;0;660
201500008772;15;4;18;845;2;1;1;1;3;106;;M;0;0;660
201500008773;15;5;10;1900;1;1;1;1;2;137;;M;0;0;660
201500008774;15;6;2;1330;1;2;1;1;6;137;;M;0;0;660
201500008775;15;7;5;2300;3;1;1;1;7;106;;M;0;0;660
201500008776;15;7;16;800;1;1;1;1;1;106;;M;0;0;660
201500008777;15;7;24;800;1;1;1;1;1;106;;M;0;0;660
201500008778;15;7;24;2015;2;1;1;8;3;106;;M;0;0;660
201500008779;15;8;26;1700;1;2;1;1;3;24;route de perpignan;M;0;0;660
201500008780;15;12;19;1600;1;2;1;1;6;137;Avenue de France;M;4246393;286318;660
201500008781;15;3;2;1200;1;1;1;7;7;48;;M;0;0;660
201500008782;15;6;11;1745;1;1;1;1;1;53;;M;0;0;660
201500008783;15;8;11;200;3;1;1;1;6;16;;M;4247761;313926;660
201500008784;15;11;20;1030;1;1;1;1;2;148;;M;0;0;660
201500008785;15;6;19;2100;2;1;1;1;3;90;;M;0;0;660
201500008786;15;1;22;1030;1;2;2;1;6;124;61 avenue Emmanuel Brous;M;0;0;660
201500008787;15;3;1;1745;2;1;1;8;1;105;;M;0;0;660
201500008788;15;5;24;2000;1;1;1;1;6;82;;M;0;0;660
201500008789;15;8;18;1000;1;1;1;2;1;192;;M;0;0;660
201500008790;15;5;23;1015;1;1;1;1;3;27;;M;0;0;660
201500008791;15;6;2;2030;1;2;1;1;6;23;cami real;M;0;0;660
201500008792;15;7;3;1345;1;2;1;1;6;88;Avenue Pasteur;M;0;0;660
201500008793;15;11;30;945;1;1;2;1;1;165;;M;0;0;660
201500008794;15;1;24;1045;1;1;1;1;3;228;;M;4183486;877880;201
201500008795;15;3;16;1830;3;2;1;2;7;130;RD55 bld bozzi porticcio;M;4190469;881435;201
201500008796;15;11;30;1100;1;2;1;1;6;228;boulevard bozzi;M;4189996;881056;201
201500008797;15;5;13;745;1;1;1;1;3;209;;M;0;0;201
201500008798;15;6;19;1300;1;1;3;1;3;271;;M;4195842;880337;201
201500008799;15;6;21;1800;1;1;1;3;1;40;;M;4210700;910500;201
201500008800;15;7;6;930;1;1;1;1;2;271;;M;4195269;880332;201
201500008801;15;7;24;1815;1;1;1;1;6;271;;M;4198346;884061;201
201500008802;15;8;3;1030;1;1;9;7;3;271;;M;4195677;879952;201
201500008803;15;9;28;400;3;1;1;1;7;17;;M;4201452;873357;201
201500008804;15;10;3;1045;1;1;1;1;1;271;pratu tondu;M;4198759;884294;201
201500008805;15;11;7;1215;1;1;1;1;1;323;;M;4201317;888400;201
201500008806;15;11;11;1645;1;1;1;1;1;6;;M;4197170;877927;201
201500008807;15;11;23;1030;1;2;1;1;5;209;RT 20;M;4201800;887200;201
201500008808;15;12;26;1400;1;1;1;1;1;62;;M;4202800;891700;201
201500008809;15;6;22;1900;1;1;1;1;6;212;;M;4222225;863720;201
201500008810;15;9;22;1000;1;1;1;1;1;212;;M;4225882;867681;201
201500008811;15;5;12;1915;1;2;1;1;7;215;RT40, route de Sartиne,;M;0;0;201
201500008812;15;8;29;300;3;1;1;1;7;163;;M;4150790;902284;201
201500008813;15;9;10;930;1;2;1;1;6;41;rue Paul Sauveur Etienne;M;4138803;915904;201
201500008814;15;10;9;1900;3;1;1;3;7;163;;M;0;0;201
201500008815;15;10;10;1445;1;1;1;2;1;114;;M;4149295;908011;201
201500008816;15;12;22;1430;1;2;1;1;6;247;RUE DU MARECHAL LECLERC;M;0;0;201
201500008817;15;1;11;600;3;1;1;1;2;247;;M;0;0;201
201500008818;15;1;23;2100;1;1;1;1;2;247;;M;4160246;926818;201
201500008819;15;2;12;1900;1;1;1;1;1;247;;M;4159761;932322;201
201500008820;15;2;19;830;1;1;1;1;6;247;;M;4159987;920655;201
201500008821;15;3;29;1430;1;2;2;1;1;247;porto vecchio;M;4160211;927874;201
201500008822;15;5;1;2145;5;2;1;1;6;247;Rue Renй Biancarelli;M;4160344;927528;201
201500008823;15;5;11;1730;1;1;1;1;1;247;;M;4157986;925152;201
201500008824;15;6;30;430;3;1;1;1;2;247;;M;4152083;925949;201
201500008825;15;7;18;1030;1;1;1;1;3;288;;M;4155132;921272;201
201500008826;15;7;28;1545;1;1;1;1;3;247;;M;0;0;201
201500008827;15;8;25;315;3;1;1;1;7;247;;M;4162778;930483;201
201500008828;15;8;30;2345;3;2;1;1;7;247;;M;4159232;928052;201
201500008829;15;9;27;245;5;2;4;1;1;247;rue du Marйchal Juin;M;4158039;927542;201
201500008830;15;10;1;1515;1;1;1;1;1;247;;M;4159374;926277;201
201500008831;15;10;8;1915;5;2;1;1;1;247;rue Henri Freynet;M;4159886;927787;201
201500008832;15;10;25;1515;1;1;1;1;1;247;;M;4157162;927770;201
201500008833;15;12;9;615;3;1;1;1;6;247;;M;4154600;926900;201
201500008834;15;6;29;1815;1;1;1;7;1;272;;M;0;0;201
201500008835;15;7;21;1215;1;1;1;1;2;272;;M;0;0;201
201500008836;15;9;17;1830;1;1;1;1;3;35;;M;0;0;201
201500008837;15;6;6;1300;1;1;1;1;1;24;;M;4176833;905431;201
201500008838;15;4;21;1400;1;1;1;1;7;132;;M;4182500;893633;201
201500008839;15;1;23;1700;1;1;1;1;1;189;;M;4170610;883216;201
201500008840;15;2;13;1530;1;2;1;1;2;249;d19a;M;4167775;891278;201
201500008841;15;11;27;730;1;2;1;1;6;272;avenue Jean Jaures;M;4162213;897136;201
201500008842;15;11;27;1730;3;1;1;1;6;189;;M;4168987;891890;201
201500008843;15;3;8;1145;1;1;1;1;1;148;;M;0;0;202
201500008844;15;4;9;1215;1;2;1;1;1;42;D107 CORDON LAGUNAIRE;M;0;0;202
201500008845;15;5;5;1445;1;1;1;1;2;148;;M;0;0;202
201500008846;15;5;18;700;2;1;1;1;1;355;;M;0;0;202
201500008847;15;5;29;15;3;1;3;1;3;42;;M;0;0;202
201500008848;15;8;5;1900;1;1;1;1;6;148;;M;0;0;202
201500008849;15;8;21;1030;1;1;1;1;3;148;;M;0;0;202
201500008850;15;9;27;1345;1;2;1;1;1;350;Funtanone;M;0;0;202
201500008851;15;10;1;700;2;1;1;2;1;355;;M;0;0;202
201500008852;15;10;3;1015;1;1;1;1;6;355;;M;0;0;202
201500008853;15;10;22;1100;1;1;1;1;6;42;;M;0;0;202
201500008854;15;10;24;1345;1;2;1;1;3;148;600 RN 193;M;0;0;202
201500008855;15;11;1;1300;1;1;1;1;1;148;;M;0;0;202
201500008856;15;11;24;1100;1;1;1;1;3;350;;M;0;0;202
201500008857;15;11;28;1845;5;2;1;1;1;148;ROUTE DE L'AйROPORT;M;0;0;202
201500008858;15;10;28;2330;5;2;1;8;1;305;pietranera;M;0;0;202
201500008859;15;11;4;1730;5;2;1;8;6;305;Route du Cap-PIETRANERA;M;0;0;202
201500008860;15;2;16;1200;1;2;1;3;6;109;LD SAN DANIELLO;M;0;0;202
201500008861;15;5;21;1145;1;1;1;1;7;185;;M;4262400;934700;202
201500008862;15;8;24;1045;1;2;1;1;7;298;D81, Citadelle;M;0;0;202
201500008863;15;8;31;1630;1;2;1;1;3;298;route de calvi;M;0;0;202
201500008864;15;9;11;2300;3;1;1;1;6;298;;M;0;0;202
201500008865;15;12;14;1300;1;1;1;1;7;183;;M;0;0;202
201500008866;15;12;24;1645;1;1;1;1;1;29;;M;0;0;202
201500008867;15;4;14;1545;1;1;1;1;3;121;;M;4268600;812900;202
201500008868;15;7;22;2100;2;2;1;1;6;50;pйnйtrante du port;M;4293800;826099;202
201500008869;15;7;26;800;1;2;1;1;6;150;RT30;M;4295000;838299;202
201500008870;15;8;9;1130;1;2;1;1;3;50;avenue Christophe Colomb;M;0;0;202
201500008871;15;5;11;1715;1;1;1;7;2;93;;M;0;0;202
201500008872;15;6;19;930;1;1;1;1;1;93;;M;0;0;202
201500008873;15;6;25;1215;1;1;1;1;5;93;;M;0;0;202
201500008874;15;8;9;700;2;2;1;1;7;20;RT30 PK 15+830;M;0;0;202
201500008875;15;12;4;1815;3;1;1;1;5;10;;M;4201100;844100;202
201500008876;15;1;14;1300;1;1;1;1;6;201;;M;0;0;202
201500008877;15;3;10;800;1;2;1;1;3;74;;M;0;0;202
201500008878;15;3;13;1600;1;1;1;1;1;96;;M;0;0;202
201500008879;15;3;25;645;1;1;1;2;6;201;;M;0;0;202
201500008880;15;4;13;2045;3;1;1;1;1;96;;M;0;0;202
201500008881;15;5;5;1830;1;2;1;1;6;96;Quartier Chabriиres;M;0;0;202
201500008882;15;5;11;1415;1;2;9;1;2;96;;M;0;0;202
201500008883;15;5;11;2315;3;1;1;1;7;96;;M;0;0;202
201500008884;15;6;16;800;1;2;1;1;6;96;RT 20 Route d'Alйria;M;0;0;202
201500008885;15;7;11;1630;1;1;1;1;6;341;;M;0;0;202
201500008886;15;8;3;1515;1;1;1;1;6;126;;M;0;0;202
201500008887;15;8;6;645;1;2;1;1;7;96;RT50 - route ALERIA;M;0;0;202
201500008888;15;9;13;1000;1;1;1;8;5;126;;M;0;0;202
201500008889;15;9;15;1145;1;1;1;1;1;341;;M;0;0;202
201500008890;15;9;19;1030;1;1;1;1;4;354;;M;0;0;202
201500008891;15;9;29;1200;1;1;1;1;1;354;;M;4212000;913100;202
201500008892;15;12;21;145;3;1;1;1;7;201;;M;0;0;202
201500008893;15;6;3;1645;1;1;1;1;7;7;;M;0;0;202
201500008894;15;8;14;1545;1;1;1;1;3;47;;M;0;0;202
201500008895;15;12;14;1945;3;1;1;1;6;73;;M;0;0;202
201500008896;15;2;6;600;3;1;1;3;7;220;;M;0;0;202
201500008897;15;2;16;1200;1;1;1;3;7;136;;M;0;0;202
201500008898;15;3;14;1745;2;1;1;3;5;169;;M;0;0;202
201500008899;15;3;18;600;2;1;1;2;1;79;;M;0;0;202
201500008900;15;5;21;1400;1;1;1;1;3;193;;M;4235400;916800;202
201500008901;15;5;25;1700;1;1;1;1;7;169;;M;4276000;935900;202
201500008902;15;5;26;1500;1;1;1;1;1;59;;M;0;0;202
201500008903;15;6;19;800;1;1;1;1;5;289;;M;0;0;202
201500008904;15;7;21;2000;1;1;1;1;7;332;;M;0;0;202
201500008905;15;8;17;1315;1;1;1;1;6;193;;M;0;0;202
201500008906;15;8;28;45;3;1;1;1;7;332;;M;0;0;202
201500008907;15;9;29;1130;1;1;1;1;5;220;;M;0;0;202