num_acc;an;mois;jour;hrmn;lum;agg;int;atm;col;com;adr;gps;lat;long;dep
201500008908;15;11;1;445;3;1;1;1;7;169;;M;0;0;202
201500008909;15;1;6;1315;1;1;1;1;1;135;;M;0;0;202
201500008910;15;1;25;1715;1;2;1;1;2;251;Lieu dit Casamozza;M;0;0;202
201500008911;15;1;25;2115;3;1;1;1;6;342;;M;0;0;202
201500008912;15;3;10;1200;1;2;1;1;2;123;avenue du 9 septembre;M;0;0;202
201500008913;15;4;8;1715;1;2;1;1;5;342;Travo;M;0;0;202
201500008914;15;8;2;15;5;2;9;1;1;251;Morta;M;0;0;202
201500008915;15;8;31;815;1;1;1;1;1;342;;M;0;0;202
201500008916;15;9;3;1430;1;1;1;1;7;123;;M;0;0;202
201500008917;15;6;29;1345;1;1;1;1;1;87;;M;0;0;202
201500008918;15;7;17;315;5;2;1;1;3;307;PUNTICCHIU;M;0;0;202
201500008919;15;8;8;830;1;1;1;1;7;303;;M;0;0;202
201500008920;15;10;20;1215;1;1;1;1;7;87;;M;0;0;202
201500008921;15;11;10;1300;1;1;1;1;6;347;;M;0;0;202
201500008922;15;3;4;1915;2;1;6;2;6;242;;M;0;0;202
201500008923;15;6;18;1845;1;2;9;1;6;207;parking Hyper U;M;0;0;202
201500008924;15;6;25;1845;1;2;6;1;6;207;rue des muriers;M;0;0;202
201500008925;15;8;15;1100;1;1;1;1;3;318;;M;0;0;202
201500008926;15;10;8;1430;1;2;1;1;6;319;Lieu dit Valle Longhe;M;0;0;202
201500008927;15;10;22;1645;1;1;1;1;1;343;;M;0;0;202
201500008928;15;12;16;1030;1;1;1;1;1;318;;M;0;0;202
201500008929;15;3;16;1900;2;1;1;1;7;23;;M;4490976;666503;50
201500008930;15;1;20;215;5;2;1;4;6;23;21, GRENOBLE (ROUTE DE);M;4490545;663555;50
201500008931;15;1;30;727;2;1;1;4;1;23;GAP (ROUTE DE   RN94;M;4489246;662940;50
201500008932;15;5;24;1225;1;2;4;1;3;23;PUY ST PIERRE (ROUTE DE);M;4489281;662867;50
201500008933;15;3;5;855;1;2;1;1;5;23;DAUPHINE (AVENUE DU);M;4490500;662814;50
201500008934;15;6;17;1550;1;2;3;1;3;23;MOULIN (RUE JEAN);M;4489108;662901;50
201500008935;15;7;5;900;1;2;6;1;6;23;4, REPUBLIQUE (AVENUE DE;M;4489665;663479;50
201500008936;15;7;8;1447;1;2;9;1;2;23;SAVOIE (AVENUE DE);M;4490365;662851;50
201500008937;15;7;8;1010;1;1;3;1;6;23;FONTENIL (ROUTE DU);M;4490176;664609;50
201500008938;15;9;28;1315;1;2;3;1;3;23;44, LIBERATION (AVENUE D;M;4490060;664066;50
201500008939;15;11;1;1630;1;2;4;1;3;23;GRENOBLE (ROUTE DE);M;4491655;662239;50
201500008940;15;10;30;1150;1;2;1;1;6;23;DE GAULLE (AVENUE DU GEN;M;4489566;663299;50
201500008941;15;12;14;1400;1;2;6;1;6;23;PASTEUR (RUE);M;4489490;663666;50
201500008942;15;12;29;1725;2;2;1;1;3;23;SAVOIE (AVENUE DE);M;4490843;662705;50
201500008943;15;3;15;1445;1;2;1;1;2;61;EMILE DIDIER ( AV );M;4456484;609082;50
201500008944;15;3;19;1150;1;1;2;1;3;61;MARSEILLE ( ROUTE );M;4450376;604382;50
201500008945;15;4;3;1700;1;2;4;1;3;61;GEORGES POMPIDOU ( BD);M;4455488;607554;50
201500008946;15;4;28;1730;1;2;1;1;6;61;PARKING POSTE AL DAUDET;M;4454890;606511;50
201500008947;15;5;11;1235;1;1;1;1;1;61;RN 94;M;4457479;611089;50
201500008948;15;5;11;1715;1;2;1;1;3;61;BURE (AVENUE DE );M;4456946;608657;50
201500008949;15;5;13;1110;1;2;1;1;2;61;CHARLES AUROUZE ( RUE );M;4456471;607902;50
201500008950;15;5;20;1105;1;2;1;1;6;61;JEAN JAURES ( AVENUE );M;4455626;607631;50
201500008951;15;6;4;1300;1;2;2;1;3;61;GEORGES POMPIDOU ( BD);M;4455999;608441;50
201500008952;15;6;22;25;3;1;1;1;7;61;Route de Colombis;M;4452643;608993;50
201500008953;15;6;27;1129;1;2;3;1;3;61;RUE ALPHONSE DAUDET;M;4454975;606517;50
201500008954;15;7;10;1300;1;2;1;1;6;61;GARE ( AVENUE DE LA );M;4456311;608618;50
201500008955;15;8;5;1600;1;1;1;1;3;61;RN 85;M;4459491;608064;50
201500008956;15;9;11;1710;1;2;1;1;6;61;COMMANDANT DUMONT ( AVEN;M;4456270;608392;50
201500008957;15;9;18;1425;1;2;1;1;1;61;EYSSAGNIERES ( ROUTE DES;M;4454485;605333;50
201500008958;15;9;18;1735;1;2;2;1;3;61;GEORGES POMPIDOU ( BD);M;4455982;608435;50
201500008959;15;9;2;1525;1;2;1;1;6;61;FAUVINS ( ROUTE  DES );M;4456352;609149;50
201500008960;15;10;1;2010;5;2;3;1;3;61;EMBRUN ( AVENUE D');M;4456856;609992;50
201500008961;15;10;10;1640;1;2;6;1;3;61;EYSSAGNIERES ( ROUTE DES;M;4454524;605344;50
201500008962;15;11;10;1822;2;2;4;1;6;61;VALSERRES ( RUE DE );M;4454432;608818;50
201500008963;15;11;6;1610;1;2;1;1;3;61;DESCENTE ( ROUTE DE LA );M;4457615;608257;50
201500008964;15;11;18;756;2;2;3;1;3;61;COMMANDANT DUMONT ( AVEN;M;4456874;608328;50
201500008965;15;11;26;1717;2;2;3;1;6;61;MARECHAL FOCH ( AVENUE D;M;4456289;608610;50
201500008966;15;12;4;1820;2;2;3;1;3;61;EYSSAGNIERES ( ROUTE DES;M;4454827;605458;50
201500008967;15;12;24;119;5;2;6;1;5;61;RN 85;M;4456205;608391;50
201500008968;15;12;28;1737;3;1;1;1;5;61;RN 85;M;4451765;605175;50
201500008969;15;1;7;2010;5;2;1;1;6;61;EMILE DIDIER ( AV );M;4456416;608919;50
201500008970;15;2;7;1618;1;2;1;1;6;61;SILOS ( RUE DES );M;4456679;608951;50
201500008971;15;3;5;1630;1;2;1;1;4;61;JEAN JAURES ( AVENUE );M;4454960;606818;50
201500008972;15;3;9;1700;1;2;6;1;3;61;FRANCOIS MITTERAND (AVEN;M;4454565;606315;50
201500008973;15;3;11;1703;1;2;1;1;6;61;GUILLAUME FAREL ( AVENUE;M;4455991;607539;50
201500008974;15;12;15;1845;3;1;1;3;7;291;;M;0;0;780
201500008975;15;4;12;1830;1;2;1;1;6;255;rue du dauphinй;M;0;0;780
201500008976;15;4;20;2015;1;1;1;1;3;147;;M;4903600;183200;780
201500008977;15;7;19;700;2;2;1;1;6;255;Rue des Coutumes;M;0;0;780
201500008978;15;8;21;1745;1;2;1;1;3;89;Rue Edgar Degas;M;0;0;780
201500008979;15;9;26;830;1;2;1;1;6;89;Rue Valиre Haegeman;M;0;0;780
201500008980;15;10;12;1530;1;1;1;1;6;147;;M;0;0;780
201500008981;15;12;24;1145;1;2;1;8;7;89;Rue Pasteur;M;0;0;780
201500008982;15;1;2;1745;3;1;1;1;1;107;;M;0;0;780
201500008983;15;4;5;1545;1;1;1;1;2;324;;M;0;0;780
201500008984;15;7;3;1100;1;1;2;1;3;444;;M;4893900;155800;780
201500008985;15;12;6;30;5;2;1;1;6;413;7 route nationale;M;4890700;155100;780
201500008986;15;1;13;700;3;1;1;1;3;202;;M;4905100;175500;780
201500008987;15;4;12;915;1;2;1;1;3;113;rue du vexin;M;4903500;182000;780
201500008988;15;8;7;2315;3;1;1;1;6;202;;M;0;0;780
201500008989;15;10;16;830;1;1;1;1;5;246;;M;0;0;780
201500008990;15;3;25;1600;1;1;1;1;2;90;;M;0;0;780
201500008991;15;5;25;1715;1;2;1;1;6;90;Rue Saulnier;M;0;0;780
201500008992;15;6;4;1815;1;1;3;1;1;90;;M;0;0;780
201500008993;15;6;15;800;1;1;3;1;3;206;;M;0;0;780
201500008994;15;9;10;1245;1;2;1;1;1;140;route de verneuil;M;0;0;780
201500008995;15;10;10;2000;5;2;2;1;3;206;rue de la rйpublique;M;0;0;780
201500008996;15;1;9;1500;1;2;1;7;3;263;Avenue de Neuville;M;4877700;167900;780
201500008997;15;3;2;1815;1;1;1;1;3;263;;M;0;0;780
201500008998;15;3;27;615;2;1;1;1;1;520;;M;0;0;780
201500008999;15;4;28;1130;1;2;1;1;6;310;64 rue de paris;M;0;0;780
201500009000;15;5;16;1745;1;1;1;1;6;263;;M;0;0;780
201500009001;15;7;1;1300;1;2;1;1;2;310;06 ROUTE DE BU;M;0;0;780
201500009002;15;7;15;2215;3;1;1;1;6;381;;M;0;0;780
201500009003;15;8;4;1915;1;1;1;7;7;310;;M;0;0;780
201500009004;15;9;16;1915;1;2;6;1;3;381;rue de la rйpublique;M;0;0;780
201500009005;15;12;17;1200;1;1;1;1;2;381;;M;0;0;780
201500009006;15;1;25;1100;1;2;1;1;3;380;chaussee saint vincent;M;0;0;780
201500009007;15;8;26;2030;2;1;1;2;7;305;;M;0;0;780
201500009008;15;9;30;1300;1;1;1;1;5;368;;M;0;0;780
201500009009;15;10;3;1100;1;2;1;7;6;380;Chaussee saint vincent;M;0;0;780
201500009010;15;12;8;1830;5;2;1;2;1;451;68 rue Saint-Blaise;M;0;0;780
201500009011;15;1;5;145;4;2;1;5;6;557;RD 906;M;0;0;780
201500009012;15;10;9;1800;1;1;1;1;6;307;;M;0;0;780
201500009013;15;8;3;830;1;1;1;1;6;3;;M;4851100;182600;780
201500009014;15;12;7;1200;1;1;1;1;1;506;;M;4851500;179600;780
201500009015;15;7;21;1915;1;2;1;1;2;575;av Guy de Coubertin;M;0;0;780
201500009016;15;10;28;1345;1;2;1;1;2;575;route de versaill;M;4870800;207700;780
201500009017;15;10;31;1315;1;1;1;1;1;548;;M;0;0;780
201500009018;15;11;15;1530;1;1;1;1;5;548;;M;0;0;780
201500009019;15;11;28;1130;1;2;1;1;3;575;RUE VICTOR HUGO;M;0;0;780
201500009020;15;1;4;515;5;2;1;1;6;389;48 rue L?on cr?t?;M;4879700;181300;780
201500009021;15;5;25;1745;1;1;9;1;2;443;;M;4881100;186700;780
201500009022;15;9;19;2030;3;1;1;1;1;289;;M;0;0;780
201500009023;15;10;6;1530;1;1;1;1;1;389;;M;4880500;184100;780
201500009024;15;10;9;715;5;2;1;1;1;389;30 avenue Lйon Cretй;M;4879100;181300;780
201500009025;15;11;4;1430;1;1;1;1;1;443;;M;4881400;187800;780
201500009026;15;11;2;715;2;1;1;5;4;389;;M;4880600;181600;780
201500009027;15;12;23;1100;1;2;1;1;6;653;CD76;M;4882300;181800;780
201500009028;15;12;22;1000;1;1;1;1;1;576;;M;4876000;188200;780
201500009029;15;9;2;1515;1;2;1;1;2;62;cote de Neauphle;M;0;0;780
201500009030;15;11;4;1815;3;1;1;1;3;321;;M;0;0;780
201500009031;15;11;15;1645;1;1;1;1;6;62;;M;4885400;185000;780
201500009032;15;12;10;1230;1;2;1;8;6;683;route de saint germain;M;0;0;780
201500009033;15;4;4;1000;1;1;1;1;1;349;;M;4855700;198500;780
201500009034;15;4;18;1200;1;1;1;1;7;537;;M;0;0;780
201500009035;15;7;5;800;1;1;1;1;1;601;;M;0;0;780
201500009036;15;7;7;1830;1;1;1;1;1;120;;M;0;0;780
201500009037;15;7;20;2100;1;1;1;1;7;601;;M;0;0;780
201500009038;15;8;14;2330;3;1;1;2;1;537;;M;0;0;780
201500009039;15;8;31;1745;1;1;1;1;7;120;;M;0;0;780
201500009040;15;11;18;1500;1;1;1;8;2;601;;M;0;0;780
201500009041;15;12;4;1315;1;1;1;1;1;87;;M;0;0;780
201500009042;15;7;23;1315;1;2;6;1;3;235;RD 445;M;0;0;910
201500009043;15;1;1;100;5;2;1;1;6;659;route de Villoison;M;0;0;910
201500009044;15;5;16;1130;1;1;1;8;2;179;RN 7;M;4857600;248000;910
201500009045;15;10;15;1130;1;2;1;2;6;659;rue des 44 arpents;M;0;0;910
201500009046;15;3;6;1845;1;1;9;1;5;359;RD 837;M;0;0;910
201500009047;15;4;5;1130;1;1;1;1;5;359;RD 837;M;0;0;910
201500009048;15;3;25;745;1;2;6;1;2;200;RD116 - RD5;M;4852800;200300;910
201500009049;15;11;9;815;1;2;1;1;5;200;avenue du 14 juillet 178;M;0;0;910
201500009050;15;12;21;1700;3;1;6;2;6;200;RD836;M;0;0;910
201500009051;15;7;28;2045;1;2;1;1;3;226;rue du moulin Г  vent;M;0;0;910
201500009052;15;8;13;115;5;2;1;1;6;330;route de torfou;M;4853200;226600;910
201500009053;15;8;28;530;2;2;1;1;3;226;31 bis avenue d'orleans;M;0;0;910
201500009054;15;9;30;1715;1;1;1;7;6;226;RD146;M;0;0;910
201500009055;15;6;6;1630;1;1;1;1;6;99;RD205;M;4842800;238400;910
201500009056;15;6;17;1900;1;2;1;1;3;315;151 route de saint vrain;M;4853400;234100;910
201500009057;15;8;2;145;3;1;1;1;3;80;RD 191;M;4847800;230200;910
201500009058;15;8;10;900;1;1;1;1;1;129;RD 191;M;0;0;910
201500009059;15;9;29;1600;1;1;1;1;7;47;RD191;M;4850300;237000;910
201500009060;15;7;15;2200;2;1;1;1;2;16;RN20;M;0;0;910
201500009061;15;7;28;2115;3;1;1;2;6;16;RD838;M;0;0;910
201500009062;15;8;4;1630;1;1;1;1;1;511;10, rue Etienne Laurent;M;0;0;910
201500009063;15;9;25;2030;2;1;1;1;6;414;RD 18;M;0;0;910
201500009064;15;3;18;745;1;2;2;1;5;546;rue de dourdan;M;0;0;910
201500009065;15;1;13;1815;5;2;1;2;3;461;route de limours;M;0;0;910
201500009066;15;4;7;900;1;1;1;1;2;156;RD 449;M;0;0;910
201500009067;15;4;26;1745;1;1;1;2;3;41;RD 19;M;4857700;223600;910
201500009068;15;6;4;1900;1;1;1;7;2;41;RD19;M;0;0;910
201500009069;15;6;12;745;1;1;1;1;3;156;RD 449;M;0;0;910
201500009070;15;12;21;915;1;2;1;1;6;207;24 avenue d'Arpajon;M;0;0;910
201500009071;15;1;12;2045;5;2;1;1;6;376;05 chemin de la Poste;M;0;0;910
201500009072;15;6;22;1800;1;2;6;2;3;332;RD 117;M;0;0;910
201500009073;15;7;25;1745;1;1;6;1;3;494;RD19;M;0;0;910
201500009074;15;11;26;1845;5;2;1;8;6;376;01 RUE DE LA GARE;M;0;0;910
201500009075;15;1;27;1600;1;1;3;1;1;249;RD838;M;0;0;910
201500009076;15;1;29;745;2;1;1;2;1;249;RD988;M;4863400;204700;910
201500009077;15;3;3;715;1;1;2;1;1;249;RD838;M;0;0;910
201500009078;15;2;22;430;3;1;1;9;7;249;RD838;M;0;0;910
201500009079;15;3;5;1930;3;1;1;1;1;243;RD 97;M;4867700;208999;910
201500009080;15;3;16;630;2;1;1;1;6;249;RD838;M;0;0;910
201500009081;15;5;2;1815;1;1;1;3;3;338;RD988;M;4863600;205500;910
201500009082;15;5;22;1315;1;1;1;1;6;186;RD 152;M;0;0;910
201500009083;15;6;4;2015;1;1;1;1;1;186;R des йtangs de Cocagne;M;0;0;910
201500009084;15;6;11;1;3;1;1;1;3;249;A10;M;0;0;910
201500009085;15;6;19;900;1;1;1;1;2;249;RD 152;M;4864100;210400;910
201500009086;15;6;25;800;2;2;1;1;3;338;rue du vieux pavй;M;0;0;910
201500009087;15;6;26;545;2;1;1;1;3;243;RD3;M;4862900;217300;910
201500009088;15;6;28;530;2;2;6;1;6;338;PLACE ARISTIDE BRIAND;M;0;0;910
201500009089;15;7;8;1730;1;1;1;8;1;482;;M;0;0;910
201500009090;15;7;18;1800;1;1;1;1;3;411;RD988;M;0;0;910
201500009091;15;8;22;1030;1;2;6;1;2;111;intersection D97 / D131;M;0;0;910
201500009092;15;8;27;845;1;1;1;3;6;338;RD 988;M;4863500;205500;910
201500009093;15;9;11;1515;1;1;1;1;3;338;RD838;M;4863300;208100;910
201500009094;15;9;21;1730;1;1;1;1;2;338;RD 988;M;4866000;207900;910
201500009095;15;9;26;1245;1;1;1;1;7;482;Voie communale n°3;M;4864290;202962;910
201500009096;15;10;3;1200;1;1;1;1;1;338;RD988;M;4863300;204599;910
201500009097;15;10;9;1215;1;1;1;1;3;249;Rue de la Rombarde;M;0;0;910
201500009098;15;10;11;2045;3;1;1;2;7;243;Rue du Rouget;M;0;0;910
201500009099;15;10;22;1345;1;1;3;2;3;338;RD988;M;0;0;910
201500009100;15;11;7;1515;1;1;1;1;2;249;RD838;M;0;0;910
201500009101;15;11;12;845;1;2;1;5;2;319;5 rue des genevriers;M;0;0;910
201500009102;15;11;30;1800;1;1;6;1;2;338;RD988;M;4865600;207399;910
201500009103;15;12;18;1730;5;2;1;2;6;243;3 allйe des marroniers;M;0;0;910
201500009104;15;4;30;1800;1;2;9;2;3;44;RTE GRANGE AUX CERCLES;M;0;0;910
201500009105;15;5;12;2245;3;1;1;1;3;44;RD 186 - au-dessus N20;M;0;0;910
201500009106;15;10;25;115;5;2;1;2;6;587;53 rue div leclerc;M;0;0;910
201500009107;15;1;21;145;4;1;6;1;6;534;RD306;M;4872400;215100;910
201500009108;15;4;16;930;1;1;1;1;2;534;RD 446;M;0;0;910
201500009109;15;4;17;1230;1;2;1;1;3;534;RD 36;M;0;0;910
201500009110;15;6;11;1500;1;1;1;1;2;477;RD 36;M;0;0;910
201500009111;15;7;12;1130;1;1;3;1;3;534;RD446 / R CURIE;M;4876100;217300;910
201500009112;15;1;3;1800;2;2;1;2;5;272;route de belle image;M;4871400;212700;910
201500009113;15;2;7;2300;5;2;6;1;6;272;allйe ferme d'Armenon;M;0;0;910
201500009114;15;4;21;1700;1;1;3;1;3;274;RD 40;M;4867800;209800;910
201500009115;15;5;6;1245;1;1;1;1;6;274;entrйe tunnel nord;M;4868000;212800;910
201500009116;15;5;9;1600;1;1;9;1;3;560;parking CC les Ulis 2;M;0;0;910
201500009117;15;6;11;1315;1;2;1;1;6;275;RD 988;M;0;0;910
201500009118;15;6;22;1730;1;1;1;3;4;679;RD 36;M;4873400;212300;910
201500009119;15;9;12;1830;1;1;6;3;6;560;RD 35;M;4867900;216800;910
201500009120;15;9;27;945;1;2;1;1;3;272;route de la Vacheresse;M;0;0;910
201500009121;15;10;9;930;1;2;1;7;1;272;2 route de la Noue;M;4870600;210200;910
201500009122;15;12;21;700;3;2;1;1;6;538;route de l'orme des meri;M;0;0;910
201500009123;15;12;24;1930;3;1;1;2;6;538;RD306;M;0;0;910
201500009124;15;7;10;1230;1;1;1;1;6;141;RD 14;M;4914270;180870;950
201500009125;15;8;31;1215;1;1;1;1;7;523;RTE DES CRETES;M;4908630;164110;950
201500009126;15;10;21;2130;3;1;1;2;6;676;RTE DE DROCOURT;M;4908150;173650;950
201500009127;15;12;18;1945;3;1;1;2;6;150;RTE DE VILLERS;M;4913250;167850;950
201500009128;15;12;27;600;5;2;1;1;1;355;R DE CROSNE;M;4915080;178770;950
201500009129;15;2;18;1415;2;1;1;5;6;370;RD 28;M;4915570;197630;950
201500009130;15;3;29;800;2;1;1;2;6;177;RD 190;M;4912230;202020;950
201500009131;15;6;17;1215;1;1;2;1;3;102;RD 22;M;4915880;204710;950
201500009132;15;1;3;1900;3;1;1;1;1;78;RD 22;M;4908250;204240;950
201500009133;15;8;27;745;2;1;1;3;1;271;RD 22;M;4908450;205260;950
201500009134;15;9;20;1415;1;1;1;1;3;177;RD 190;M;4911020;200030;950
201500009135;15;10;16;500;3;1;1;2;6;213;RD 22;M;4911120;205530;950
201500009136;15;12;11;2345;3;1;1;1;1;54;RD 43;M;4914760;188610;950
201500009137;15;3;10;1615;1;2;1;1;6;39;R RAJON;M;4907390;218510;950
201500009138;15;4;18;1945;1;2;1;1;3;628;R GEORGES DUHAMEL;M;4910220;218210;950
201500009139;15;4;26;2000;1;2;1;2;6;39;R ROGER;M;4907090;216390;950
201500009140;15;5;16;1930;2;1;1;1;6;39;CHE DE L'ISLE;M;4909610;215870;950
201500009141;15;7;6;2115;2;1;1;1;1;627;RD 927;M;4913250;211390;950
201500009142;15;11;1;1430;1;1;2;1;5;211;RD 27;M;4908530;210270;950
201500009143;15;1;11;1745;2;2;1;1;6;2;R LOUIS PASTEUR;M;4909350;197750;950
201500009144;15;1;22;2245;3;2;1;1;6;592;R DES VALLEES;M;4903480;186490;950
201500009145;15;2;15;130;5;2;1;1;6;625;R ADRIEN FETU;M;4909920;196450;950
201500009146;15;2;21;515;3;1;1;5;1;2;RD 28;M;4907280;196730;950
201500009147;15;4;26;2030;1;1;1;2;6;610;RD 14;M;4908750;191650;950
201500009148;15;4;27;1645;1;1;1;1;4;658;RD 14;M;4907970;193880;950
201500009149;15;5;26;730;1;1;1;1;1;253;RD 43;M;4906040;187530;950
201500009150;15;5;28;1700;1;1;1;1;7;2;R HENRI GUILLAUMET;M;4909230;198480;950
201500009151;15;7;8;1800;1;1;1;1;7;535;RD 14;M;4906550;197640;950
201500009152;15;12;17;745;2;1;1;1;5;170;RTE DE MEULAN;M;4904130;194550;950
201500009153;15;5;24;1200;1;2;1;1;6;199;R DE SAVOIE;M;4903080;232510;950
201500009154;15;6;4;1900;1;2;1;1;1;199;R DU CHEMIN VERT;M;4902710;233050;950
201500009155;15;6;16;915;1;1;1;1;1;91;RUE LEON GIRAUDEAU;M;4904490;228750;950
201500009156;15;7;23;1545;1;1;1;1;2;199;RD 11B1;M;4904260;233810;950
201500009157;15;7;22;830;1;2;1;1;2;91;R FERDINAND DE LESSEPS;M;4904440;231970;950
201500009158;15;11;7;1015;1;2;1;7;6;199;AV JEAN ROSTAND;M;4903910;233990;950
201500009159;15;4;17;2115;3;1;1;1;4;492;RD 10;M;4903390;242720;950
201500009160;15;5;2;1600;1;1;1;1;4;205;RD 316;M;4903530;239250;950
201500009161;15;12;19;1145;1;2;1;1;2;205;RD316;M;4902520;238690;950
201500009162;15;2;2;830;2;1;6;2;6;351;RD 317;M;4903010;249960;950
201500009163;15;4;25;1630;1;2;1;1;3;351;AV DE LA VIEILLE FRANCE;M;4903960;250070;950
201500009164;15;2;11;130;3;1;1;1;1;252;D619;M;4863240;269363;770
201500009165;15;4;11;745;1;2;1;2;6;217;1,RUE DU MARECHAL JOFFRE;M;4868427;266649;770
201500009166;15;4;18;1715;1;1;1;1;7;217;ROUTE DU MESNIL;M;4868783;265432;770
201500009167;15;4;27;1815;1;1;3;1;3;455;D130;M;4860417;270038;770
201500009168;15;5;4;1700;1;1;1;3;5;455;D471;M;4864205;268755;770
201500009169;15;7;2;900;1;1;4;1;5;217;D471 X D96;M;4868708;269485;770
201500009170;15;7;7;1130;1;1;1;1;1;127;D471;M;4868001;268875;770
201500009171;15;9;15;815;1;1;2;3;3;175;D305 X D48 X VC;M;4865727;261549;770
201500009172;15;9;13;2100;3;1;1;2;6;179;D227;M;4844794;279779;770
201500009173;15;9;18;1800;1;1;1;1;3;354;;M;0;0;770
201500009174;15;10;2;1745;1;1;1;1;1;354;;M;0;0;770
201500009175;15;10;22;415;3;1;1;2;6;453;D605;M;4853045;274299;770
201500009176;15;10;26;2345;3;1;1;5;6;103;;M;0;0;770
201500009177;15;1;29;1730;1;1;1;2;3;145;N36;M;0;0;770
201500009178;15;3;21;1430;1;1;2;1;3;534;D319XVC;M;4864730;277488;770
201500009179;15;4;18;1830;1;2;1;7;3;493;rue de la gare;M;0;0;770
201500009180;15;4;30;1845;1;1;1;3;6;7;D32;M;4865341;285089;770
201500009181;15;8;22;1315;1;1;1;7;3;4;D619;M;4862217;283110;770
201500009182;15;9;18;815;1;1;1;1;1;222;;M;0;0;770
201500009183;15;11;10;815;1;2;1;1;6;493;rue  jules guesde;M;4864530;283043;770
201500009184;15;11;20;2030;3;2;1;2;6;107;Av  du Gйnйral Leclerc;M;4867136;284629;770
201500009185;15;12;12;1345;1;1;1;1;7;493;;M;4862190;283730;770
201500009186;15;12;17;1815;3;1;1;1;1;107;;M;0;0;770
201500009187;15;5;7;1845;1;2;1;1;1;317;rue de Bombon;M;4893700;246200;770
201500009188;15;6;4;1400;1;1;1;1;7;211;D56;M;4857445;301202;770
201500009189;15;8;5;1415;1;1;1;1;1;191;;M;4855610;292829;770
201500009190;15;9;14;545;3;1;1;1;6;317;;M;0;0;770
201500009191;15;11;30;2030;3;1;1;1;6;211;;M;0;0;770
201500009192;15;4;24;2230;3;1;1;1;5;177;D21;M;4879723;272752;770
201500009193;15;5;31;500;5;1;1;1;6;104;4 route de liverdy;M;4871054;280322;770
201500009194;15;9;21;1845;1;1;1;1;1;470;;M;0;0;770
201500009195;15;1;2;1930;5;1;3;1;1;128;D436 X D934;M;4888408;285540;770
201500009196;15;7;31;530;2;1;1;1;1;141;;M;0;0;770
201500009197;15;8;19;715;1;1;1;1;7;142;;M;4884570;294637;770
201500009198;15;8;27;2230;3;1;1;3;6;142;;M;0;0;770
201500009199;15;12;6;1800;5;1;1;1;7;49;;M;0;0;770
201500009200;15;12;14;1730;5;2;9;1;6;443;rue de Meaux;M;0;0;770
201500009201;15;3;8;1215;1;1;3;1;3;398;D222 X D6;M;4885970;328701;770
201500009202;15;6;5;1715;1;1;1;1;2;385;D222;M;4885584;326939;770
201500009203;15;7;10;1945;2;2;1;1;3;182;avenue des Etats-Unis;M;4878091;329918;770
201500009204;15;7;16;1100;1;1;3;1;1;182;D215 X AERODROME;M;4876610;327887;770
201500009205;15;8;31;1545;1;1;1;1;7;30;;M;4886100;331200;770
201500009206;15;10;25;15;3;1;1;1;7;398;D31;M;4886783;330045;770
201500009207;15;11;16;115;5;1;1;1;6;406;;M;0;0;770
201500009208;15;4;9;2200;5;1;1;1;3;448;RD 603;M;0;0;770
201500009209;15;5;23;1215;1;2;1;1;3;183;Avenue Marcel PERRIN;M;4856900;321700;770
201500009210;15;5;24;400;3;1;1;1;6;300;D19;M;4893665;298761;770
201500009211;15;5;30;2145;2;1;1;1;6;265;;M;0;0;770
201500009212;15;6;1;1715;1;1;1;1;6;78;D603;M;4899602;315378;770
201500009213;15;6;1;2000;1;2;1;1;1;440;rue de metz;M;4857900;313800;770
201500009214;15;7;11;800;1;1;1;1;1;401;D603;M;4901002;316496;770
201500009215;15;8;26;1230;1;1;1;1;5;265;;M;0;0;770
201500009216;15;10;10;1;5;2;1;1;6;183;boulevard Clemenceau;M;4894533;312603;770
201500009217;15;10;22;2045;3;1;1;2;6;238;D19;M;4889148;306576;770
201500009218;15;11;2;1515;1;2;1;1;6;448;rue de la haute borne;M;4894460;311277;770
201500009219;15;12;30;1815;3;1;1;1;3;219;;M;4883700;296842;770
201500009220;15;4;19;1845;1;1;1;1;5;277;D143;M;4873052;289573;770
201500009221;15;5;11;800;1;2;1;1;3;176;D216 RUE DES ORMES;M;4880015;299247;770
201500009222;15;7;21;1800;1;1;1;1;5;508;;M;0;0;770
201500009223;15;8;28;2330;3;1;2;1;3;144;;M;4876700;290000;770
201500009224;15;8;29;1530;1;1;1;1;7;508;ROUTE DE PARIS;M;4881734;282048;770
201500009225;15;9;8;2100;3;1;1;1;7;508;D231;M;4881980;284192;770
201500009226;15;9;29;2130;3;1;3;1;3;318;D216 (SUD) X D231;M;4877622;289851;770
201500009227;15;10;31;2000;3;1;1;1;3;318;;M;4877810;286572;770
201500009228;15;12;26;330;3;1;1;1;2;144;D231;M;4877151;290761;770