num_acc;an;mois;jour;hrmn;lum;agg;int;atm;col;com;adr;gps;lat;long;dep
201500009229;15;3;28;1215;1;1;1;2;7;402;;M;0;0;770
201500009230;15;9;16;1445;1;1;1;3;1;472;;M;0;0;770
201500009231;15;10;6;730;3;1;1;3;7;402;;M;0;0;770
201500009232;15;11;3;1600;1;2;2;1;3;411;rue des йpochettes;M;4884657;315138;770
201500009233;15;1;8;1700;2;1;1;2;6;31;RUE DE BERNAY-VILBERT;M;4868100;292926;770
201500009234;15;1;26;1430;1;1;2;2;3;264;;M;4871380;296028;770
201500009235;15;1;27;1045;1;1;1;2;2;192;;M;0;0;770
201500009236;15;3;3;1000;1;1;2;1;1;192;D144 X D144A;M;4867904;283509;770
201500009237;15;4;1;830;1;1;1;1;4;192;N36;M;4870989;283957;770
201500009238;15;4;27;900;1;1;1;2;1;360;D402;M;4874677;300276;770
201500009239;15;7;12;200;5;2;1;1;6;393;square de la cite;M;4867934;296785;770
201500009240;15;8;2;845;1;1;1;1;3;192;;M;0;0;770
201500009241;15;9;19;330;3;1;1;2;2;486;;M;0;0;770
201500009242;15;9;22;1945;2;2;1;2;7;486;Hameau le jariel;M;0;0;770
201500009243;15;12;14;1715;3;1;1;1;7;393;N4;M;0;0;770
201500009244;15;5;14;1930;1;2;2;1;1;178;D118A X RUE DE L'EGLISE;M;4823190;268456;770
201500009245;15;3;21;1000;1;1;1;1;3;56;D4;M;4823127;252229;770
201500009246;15;4;26;1645;1;1;1;1;1;328;D152;M;4830724;244218;770
201500009247;15;4;27;930;1;1;1;8;1;3;D36;M;4827113;252391;770
201500009248;15;5;28;945;1;2;1;1;3;328;D63A1;M;4831081;241969;770
201500009249;15;6;4;915;1;1;1;1;7;471;D410;M;4832841;244875;770
201500009250;15;6;21;2130;1;1;1;1;2;60;;M;0;0;770
201500009251;15;6;24;815;1;2;2;1;2;477;D152 X D63;M;4834304;260155;770
201500009252;15;8;4;1830;1;1;1;1;4;477;;M;4833280;259127;770
201500009253;15;1;17;1645;1;1;1;1;2;27;D403;M;4814410;248122;770
201500009254;15;1;29;1930;3;1;1;2;7;340;;M;4829910;277013;770
201500009255;15;1;15;900;1;1;1;1;6;35;D28;M;4822052;298910;770
201500009256;15;4;4;815;1;1;1;8;6;370;D225;M;4824727;277464;770
201500009257;15;4;18;1530;1;1;3;1;1;168;D58 X D30;M;4818099;285363;770
201500009258;15;5;17;1515;1;1;1;1;7;161;;M;0;0;770
201500009259;15;7;4;945;1;1;2;1;3;465;D92 X D123;M;4827404;293228;770
201500009260;15;7;24;1930;1;1;1;1;2;261;;M;0;0;770
201500009261;15;8;21;1615;1;2;1;1;6;184;2 rue tripier;M;4831243;291897;770
201500009262;15;9;5;1245;1;1;1;1;6;50;;M;0;0;770
201500009263;15;10;4;715;3;1;1;1;5;115;;M;0;0;770
201500009264;15;10;27;1530;1;1;1;1;6;489;;M;4821300;296500;770
201500009265;15;1;18;2145;3;1;1;1;1;153;D41B;M;4904608;268830;770
201500009266;15;6;1;1400;1;1;1;1;1;153;;M;0;0;770
201500009267;15;6;15;1015;1;1;9;1;2;392;N2 FIN VOIE ACCELERATION;M;4907697;272400;770
201500009268;15;6;27;1400;1;2;7;1;6;153;PLACE DES PRIEURS;M;4905449;267711;770
201500009269;15;7;21;1630;1;2;1;1;3;153;d404;M;0;0;770
201500009270;15;8;10;1015;1;2;1;1;3;322;Avenue des 22 arpents;M;0;0;770
201500009271;15;9;18;1630;1;2;1;2;6;323;D26 route de Paris;M;0;0;770
201500009272;15;1;25;1900;3;1;2;1;3;94;RN 3  X RD 27(E/O);M;4895760;280186;770
201500009273;15;2;14;1345;1;1;1;8;6;196;RN3;M;0;0;770
201500009274;15;4;22;1445;1;1;1;1;5;171;;M;4888700;280400;770
201500009275;15;4;27;1730;1;2;1;1;7;315;36 rue des Champs forts;M;4889017;282041;770
201500009276;15;8;18;915;1;1;1;1;1;196;;M;0;0;770
201500009277;15;10;9;2015;5;2;1;1;1;5;rue cecilia kellermann;M;4893020;271954;770
201500009278;15;11;3;1630;1;1;1;1;1;5;D404;M;4891722;269780;770
201500009279;15;12;2;1715;3;1;1;1;5;5;;M;0;0;770
201500009280;15;12;23;1430;1;1;1;1;2;196;N3;M;0;0;770
201500009281;15;12;31;700;2;1;1;1;1;382;;M;4889768;289070;770
201500009282;15;2;5;1730;3;1;1;9;1;460;D3;M;4899549;306337;770
201500009283;15;2;16;700;2;1;1;5;3;343;D17;M;4903728;306822;770
201500009284;15;6;28;1100;1;1;1;1;1;476;;M;0;0;770
201500009285;15;7;10;2100;1;1;1;1;6;235;D3;M;4898300;307216;770
201500009286;15;8;25;1745;1;1;1;2;1;283;D405;M;4908012;303071;770
201500009287;15;9;20;600;2;1;1;1;6;483;;M;0;0;770
201500009288;15;10;12;2115;5;2;3;1;1;257;avenue de la Gare;M;4902439;302793;770
201500009289;15;12;17;1730;3;1;2;2;3;476;D146A3;M;4905897;296265;770
201500009290;15;4;16;1600;1;1;1;1;1;430;D9E1;M;4908171;277201;770
201500009291;15;5;1;2330;3;1;1;1;1;173;D401 LIEU-DIT BRUNOY;M;4903578;291934;770
201500009292;15;6;20;1600;1;1;2;1;5;274;D38 X D401 BORNE BLANCHE;M;4903309;289668;770
201500009293;15;6;30;1930;1;1;1;7;1;273;;M;0;0;770
201500009294;15;7;16;1500;1;2;1;1;6;430;13 rue du tillet;M;4907334;279615;770
201500009295;15;8;7;1415;1;1;1;1;1;437;;M;0;0;770
201500009296;15;8;22;1845;1;1;1;1;7;193;;M;0;0;770
201500009297;15;8;25;745;1;1;1;1;1;344;;M;0;0;770
201500009298;15;9;12;1715;1;1;1;2;1;273;;M;0;0;770
201500009299;15;10;13;715;2;1;3;1;3;77;;M;0;0;770
201500009300;15;10;15;1545;1;1;1;1;7;233;;M;0;0;770
201500009301;15;10;20;1800;1;1;1;1;7;308;;M;0;0;770
201500009302;15;11;1;1700;1;1;1;1;7;77;;M;0;0;770
201500009303;15;12;27;2030;3;1;1;1;1;77;;M;0;0;770
201500009304;15;1;13;1045;1;1;1;1;1;444;N 4;M;4869222;339154;770
201500009305;15;2;19;745;2;1;4;9;5;197;N4 X RUE DE LA FONTAINE;M;4869253;321511;770
201500009306;15;3;31;1900;1;1;1;1;6;530;D403;M;4859366;336007;770
201500009307;15;4;2;1700;1;2;1;2;1;32;;M;0;0;770
201500009308;15;6;16;2315;3;1;1;1;1;416;D209;M;4862002;310265;770
201500009309;15;6;27;1630;1;1;1;1;1;109;D231 MAIS. FOREST.FAYS;M;4862786;318825;770
201500009310;15;7;1;830;1;1;1;1;6;137;D204;M;4872131;329392;770
201500009311;15;7;11;2015;2;1;1;1;1;36;N4;M;4868253;321847;770
201500009312;15;8;4;800;1;1;1;2;7;239;;M;0;0;770
201500009313;15;9;4;1500;1;1;1;1;7;357;;M;0;0;770
201500009314;15;10;1;1745;1;1;1;1;6;26;D403;M;4860629;337799;770
201500009315;15;10;28;1900;1;2;1;1;7;275;rue saint hubert;M;4867046;331398;770
201500009316;15;12;15;1;3;1;1;1;1;239;N4;M;0;0;770
201500009317;15;3;3;1830;2;1;1;2;6;174;ROUTE DE LONGUEVILLE;M;4847229;325345;770
201500009318;15;4;4;1045;1;1;1;2;1;341;D411;M;4844364;335160;770
201500009319;15;9;4;1945;1;1;1;1;5;25;D411;M;4839440;317513;770
201500009320;15;10;10;2230;3;1;1;1;6;218;;M;4843432;332694;770
201500009321;15;11;2;1930;3;1;1;1;6;242;D209;M;4849315;320872;770
201500009322;15;4;21;845;1;2;8;1;3;327;PN41  GARE DE NANGIS;M;4856099;301333;770
201500009323;15;4;25;1945;1;1;1;1;6;383;;M;4855700;304400;770
201500009324;15;8;30;1400;1;1;1;1;6;481;;M;4855900;311200;770
201500009325;15;12;5;1845;3;1;1;1;2;327;;M;4854995;299998;770
201500009326;15;1;28;1230;1;2;2;2;6;248;BD BLAVETIN/15 AOUT 44;M;4804529;169712;450
201500009327;15;1;30;815;2;2;1;8;1;248;13 FG BLAVETIN;M;4804455;169802;450
201500009328;15;4;5;900;1;1;1;1;1;262;;M;4805397;172132;450
201500009329;15;5;17;2100;1;1;1;1;7;8;;M;4808370;187303;450
201500009330;15;7;8;1730;1;2;1;1;6;93;R PARIS;M;4802667;187438;450
201500009331;15;10;1;2040;4;1;1;1;5;59;;M;4792626;172272;450
201500009332;15;10;20;1230;1;2;2;1;3;248;D 935/BD 2 DECEMBRE 1870;M;4805013;169344;450
201500009333;15;11;20;900;1;2;1;3;6;248;PL HALLE // PHARMACIE;M;4804766;169555;450
201500009334;15;12;6;1600;1;1;1;1;1;46;LE CLOS AUBRY;M;4797682;174268;450
201500009335;15;3;29;500;3;1;1;8;6;81;;M;4793242;159474;450
201500009336;15;2;26;445;5;1;1;2;6;82;BRETELLE DEPUIS D 2060;M;4788163;223602;450
201500009337;15;4;14;1815;1;2;3;1;1;290;GRANDE RUE/PL VIEUX PUIT;M;4785709;226717;450
201500009338;15;5;17;315;3;1;1;1;6;101;;M;4796429;230402;450
201500009339;15;6;12;1415;1;1;1;1;5;316;;M;4792521;232925;450
201500009340;15;9;20;1530;1;1;3;1;2;82;D 11/RTE VIEILLE FERME;M;4789885;218394;450
201500009341;15;11;29;1715;1;1;1;1;6;82;LA CHARBONNIERE;M;4789469;227415;450
201500009342;15;12;11;2300;5;2;3;1;3;290;56 GRANDE RUE/CHARMILLE;M;4785804;226431;450
201500009343;15;10;1;1615;1;2;3;1;6;194;D 960/RTE DONNERY;M;4789179;205338;450
201500009344;15;11;8;1715;1;1;1;1;7;72;;M;4797846;198378;450
201500009345;15;6;9;2045;1;1;1;1;6;200;;M;4772646;198416;450
201500009346;15;6;29;1845;1;2;1;1;7;146;RTE DES AISSES;M;4770735;194874;450
201500009347;15;8;28;2245;3;1;1;1;6;98;LES PLACES;M;4779285;176943;450
201500009348;15;9;29;1345;1;1;1;1;2;146;;M;4773727;188271;450
201500009349;15;10;28;1545;1;1;3;1;3;146;;M;4768466;191703;450
201500009350;15;11;5;1630;1;1;1;1;5;98;;M;4782679;174252;450
201500009351;15;1;4;930;3;1;1;2;1;335;;M;4779994;215866;450
201500009352;15;2;6;2030;5;1;1;1;6;324;;M;4779463;220948;450
201500009353;15;4;4;1045;1;2;2;2;6;123;D 951/R CHAUDY;M;4785725;209896;450
201500009354;15;6;30;2015;1;1;1;7;1;300;;M;4785657;199368;450
201500009355;15;6;29;1700;1;1;1;1;7;173;;M;4781300;209300;450
201500009356;15;11;3;2030;5;2;3;1;1;273;AV STADE/AV BONE;M;4786891;213871;450
201500009357;15;11;28;1615;1;1;1;1;1;300;2048 RTE DE JARGEAU;M;4785049;206096;450
201500009358;15;12;4;1030;1;1;1;1;2;273;D 960 // ROCHE AU MOINES;M;4786321;215568;450
201500009359;15;3;7;300;3;1;1;1;7;167;;M;4788729;170384;450
201500009360;15;5;22;1445;1;2;3;1;1;28;D 2152/IMP MONNAIE;M;4777669;162614;450
201500009361;15;6;12;2315;3;2;9;1;6;203;chemin de pantin;M;0;0;450
201500009362;15;6;15;2145;2;1;1;1;1;264;CARNAVAL;M;4792942;169512;450
201500009363;15;8;16;15;3;2;1;1;6;203;15 RTE DE LA NIVELLE;M;0;0;450
201500009364;15;11;18;530;3;1;1;1;6;203;D 3;M;0;0;450
201500009365;15;1;14;1830;5;2;3;2;3;155;Q LENOIR/R PARMENTIER;M;4768445;262916;450
201500009366;15;2;6;1900;5;2;3;1;3;155;AV MONTOIRES/R JACQUES B;M;4770612;262695;450
201500009367;15;3;20;1715;1;1;1;1;1;155;D 122 // ACCES DECHETERI;M;4769738;273425;450
201500009368;15;7;17;2330;5;2;3;1;3;155;RTE ORLEANS/R RIAUDINE;M;4769502;261318;450
201500009369;15;10;20;2015;3;1;1;1;1;254;;M;4766902;262287;450
201500009370;15;12;26;2245;3;1;2;1;6;96;D 56/D 44;M;4777179;260711;450
201500009371;15;4;4;845;1;1;1;2;1;40;;M;4757641;282418;450
201500009372;15;4;25;1230;1;2;4;8;3;87;R MARNE/PL CHAMPS FOIRE;M;4759101;274766;450
201500009373;15;5;22;200;3;2;1;1;6;53;R GRANDES ALLEES;M;4763698;273181;450
201500009374;15;6;3;1830;1;1;1;1;6;16;;M;4762658;259215;450
201500009375;15;11;14;1945;3;1;1;1;6;53;;M;4763249;275745;450
201500009376;15;5;15;2000;1;1;1;1;6;315;;M;4775866;240818;450
201500009377;15;7;24;1900;1;2;1;1;3;270;RUE ORLEANAISE;M;4781503;230067;450
201500009378;15;7;29;1345;1;1;1;1;6;39;;M;4779643;237492;450
201500009379;15;8;24;1715;1;1;3;6;2;244;;M;4776919;244409;450
201500009380;15;9;20;200;3;1;1;1;6;164;;M;4779677;228055;450
201500009381;15;9;22;1515;1;1;1;8;6;340;LE BOULOY;M;4767854;236321;450
201500009382;15;10;11;1730;1;1;1;1;2;122;;M;4774351;255799;450
201500009383;15;1;30;745;2;1;1;8;1;321;;M;4792476;259030;450
201500009384;15;3;21;1000;1;1;3;1;3;345;D 42/RTE LOMBREUIL;M;4793497;267099;450
201500009385;15;4;12;1945;1;1;1;1;6;112;LA CATONNERIE;M;4789577;257754;450
201500009386;15;4;20;1245;1;2;6;1;3;187;RTE ST LAZARE/R FORET;M;4788234;251825;450
201500009387;15;5;11;1745;1;1;1;1;2;243;;M;4799421;245854;450
201500009388;15;9;25;1845;2;1;2;1;1;339;VC 2/VC 7;M;4798845;255788;450
201500009389;15;10;4;1500;1;2;1;1;6;187;13 R DE LA PAIX;M;0;0;450
201500009390;15;10;25;515;3;1;1;1;6;259;;M;4800573;243845;450
201500009391;15;2;15;1945;3;1;2;2;3;307;D 32/GONOIS;M;4806441;290539;450
201500009392;15;2;26;2015;5;1;1;3;6;26;;M;4811645;300593;450
201500009393;15;6;19;1730;1;2;3;1;3;83;R GL DE GAULLE/RTE ST FI;M;4793239;291694;450
201500009394;15;7;14;430;1;1;1;1;6;329;LES ETOITS;M;4792896;300028;450
201500009395;15;9;15;1700;1;1;1;1;1;83;;M;4793248;291206;450
201500009396;15;10;25;600;3;1;1;1;6;279;;M;4795555;282128;450
201500009397;15;11;14;1145;1;1;2;1;3;199;D 150/VC 3;M;4788539;292197;450
201500009398;15;1;20;715;3;1;1;5;2;278;BRIQUEMAULT;M;4780064;283657;450
201500009399;15;7;12;115;3;1;1;1;6;210;;M;4786276;281117;450
201500009400;15;7;17;1315;1;1;1;1;3;85;;M;4784107;283976;450
201500009401;15;7;17;1545;1;1;1;1;7;85;;M;0;0;450
201500009402;15;8;30;330;3;1;1;1;6;77;;M;4787189;287017;450
201500009403;15;11;1;1700;1;1;1;1;1;257;;M;0;0;450
201500009404;15;1;9;1445;1;1;1;8;6;156;;M;4806179;269515;450
201500009405;15;1;11;1915;3;1;1;1;6;103;;M;4808349;253677;450
201500009406;15;4;15;1315;1;2;1;1;6;161;2 R DE LA PAILLARDERIE;M;4807962;282951;450
201500009407;15;5;30;1900;1;1;1;1;7;127;BOIS DE THURELLES;M;4812108;276529;450
201500009408;15;6;30;1715;1;2;1;1;1;161;67 RTE BOIS LE ROI;M;4806021;283239;450
201500009409;15;8;27;2000;1;1;1;3;6;255;;M;4809065;269529;450
201500009410;15;9;30;1100;1;2;2;1;3;127;RTE DE PARIS/R CESAR;M;4814725;276388;450
201500009411;15;10;27;1900;5;1;6;1;6;148;;M;4806474;276519;450
201500009412;15;1;15;1830;3;1;2;2;3;230;VIEILLE RTE NOYERS/ST GE;M;4791498;252053;450
201500009413;15;1;3;1300;1;2;1;2;6;252;59 RUE DE LA GARE;M;4817245;223881;450
201500009414;15;3;6;1630;1;2;1;1;5;252;AV 11 NOVEMBRE;M;4818394;225070;450
201500009415;15;3;30;1815;1;2;1;8;6;252;FG ORLEANS;M;0;0;450
201500009416;15;4;10;800;1;2;3;1;6;252;R GABRIEL LELONG/BD PAST;M;4816822;224666;450
201500009417;15;5;1;1300;1;1;1;3;6;253;D 928;M;4817184;222872;450
201500009418;15;7;2;2045;1;1;1;1;3;119;D 2152 // PISTE CYCLABLE;M;4815512;225773;450
201500009419;15;7;24;1415;1;1;1;1;6;253;;M;4817239;222915;450
201500009420;15;9;7;1700;1;2;1;1;6;252;6 MAIL OUEST;M;4817432;225329;450
201500009421;15;11;11;1915;5;2;1;1;6;253;RUE DE LA MAIRIE;M;4816414;220395;450
201500009422;15;11;15;45;3;1;2;1;3;348;;M;4813119;233096;450
201500009423;15;12;1;1830;5;2;4;1;3;252;RTE PUISEAUX/R MEUNIERS;M;4817731;226057;450
201500009424;15;12;31;845;1;1;1;5;6;233;CH COTE DES PRES;M;0;0;450
201500009425;15;5;8;1600;1;2;1;1;6;131;8 RUE SOURDE;M;4816375;244339;450
201500009426;15;5;23;1545;1;2;1;1;6;54;RUE GRANDE ROUTE;M;4822585;242898;450
201500009427;15;5;31;815;1;1;1;1;1;30;ROMAINVILLE;M;4808533;241889;450
201500009428;15;7;4;145;3;1;1;1;6;228;;M;4800859;229455;450
201500009429;15;11;9;1830;3;1;1;1;1;151;EAU DE LIMON;M;4812109;244288;450
201500009430;15;1;21;1830;5;2;1;2;6;191;3 RUE DE LA GARE;M;4829341;240183;450
201500009431;15;2;5;2100;3;1;1;1;1;310;;M;4830126;220059;450
201500009432;15;4;26;600;2;2;6;1;6;191;RDPT ANDRE GIDE;M;4828682;239919;450
201500009433;15;8;11;1245;1;1;1;1;7;191;;M;4826668;241446;450
201500009434;15;8;29;1400;1;2;1;1;1;310;8 R PRIEURE;M;4829783;220299;450
201500009435;15;9;10;700;1;2;6;1;3;191;AV GL LECLERC/R GRANGETT;M;4829404;240475;450
201500009436;15;3;9;1745;1;1;1;1;6;241;;M;4733491;282598;180
201500009437;15;8;22;500;3;1;1;1;6;20;;M;4739803;289087;180
201500009438;15;9;30;1645;1;1;1;1;6;98;;M;0;0;180
201500009439;15;10;30;1500;1;1;1;1;6;241;;M;0;0;180
201500009440;15;12;13;1430;1;1;1;5;6;241;;M;0;0;180
201500009441;15;8;18;1645;1;2;1;1;6;197;;M;4671813;252116;180
201500009442;15;10;9;1600;1;1;2;1;6;197;;M;0;0;180
201500009443;15;9;17;1645;1;1;1;8;1;216;;M;4671076;213087;180
201500009444;15;10;22;1445;1;1;1;2;6;152;;M;0;0;180
201500009445;15;12;14;945;1;2;1;1;6;59;place du marchй;M;4664225;228192;180
201500009446;15;3;8;1400;1;2;1;1;6;248;3 rue de la mairie;M;4695143;243651;180
201500009447;15;9;17;1130;1;1;1;1;6;180;;M;0;0;180
201500009448;15;9;12;1430;1;1;1;2;1;108;;M;0;0;180
201500009449;15;5;9;315;3;1;1;2;6;185;;M;0;0;180
201500009450;15;5;11;1430;1;1;2;1;3;149;;M;0;0;180
201500009451;15;12;8;730;2;2;1;1;3;140;route de vatan;M;0;0;180
201500009452;15;4;15;730;2;2;6;7;3;28;route dйpertementale 60;M;0;0;180
201500009453;15;9;2;730;1;2;8;1;3;96;rue gabriel VERNET;M;4717924;215678;180
201500009454;15;12;22;1215;1;1;3;1;2;281;;M;0;0;180
201500009455;15;12;29;1315;1;1;2;7;3;5;;M;0;0;180
201500009456;15;4;25;1930;1;1;1;1;7;55;;M;4700326;215487;180
201500009457;15;5;14;730;1;2;7;8;6;157;Route de la Chapelle;M;4703673;227829;180
201500009458;15;5;23;1630;1;2;1;1;6;207;AVENUE GABRIEL DORDAIN;M;4699305;224658;180
201500009459;15;7;20;1545;1;2;1;1;2;55;Avenue du 8 mai 1945;M;0;0;180
201500009460;15;10;11;230;3;2;1;1;6;133;Rue du 19 mars 1962;M;4696256;225075;180
201500009461;15;10;25;1930;3;1;2;1;3;285;;M;4702560;221023;180
201500009462;15;12;6;715;2;1;1;1;6;133;;M;4694100;226300;180
201500009463;15;12;18;1115;1;1;1;1;6;133;;M;0;0;180
201500009464;15;4;4;1900;1;1;1;2;6;145;;M;0;0;180
201500009465;15;5;23;1200;1;1;1;1;6;162;;M;0;0;180
201500009466;15;6;17;1400;1;2;5;7;3;109;rue des dauphines;M;0;0;180
201500009467;15;7;23;2345;3;1;1;1;2;166;;M;0;0;180
201500009468;15;3;4;800;1;1;1;1;5;388;;M;4840253;145711;280
201500009469;15;3;12;1345;1;1;1;1;1;6;;M;4845190;141736;280
201500009470;15;4;8;1830;1;1;1;7;6;337;;M;4841742;134590;280
201500009471;15;4;23;730;1;1;1;7;2;48;;M;4830139;142331;280
201500009472;15;5;8;2045;2;1;1;1;6;358;;M;4849540;149665;280
201500009473;15;5;30;1130;1;1;1;1;1;388;;M;4836659;144532;280
201500009474;15;6;1;730;1;1;1;1;1;201;;M;0;0;280
201500009475;15;6;4;545;1;1;1;1;1;6;;M;4843675;142414;280
201500009476;15;7;6;1600;1;1;1;1;3;162;;M;4830520;148408;280
201500009477;15;7;15;945;1;2;6;1;3;24;rue des orvilles;M;4841100;146265;280
201500009478;15;7;21;345;3;1;1;1;6;173;;M;0;0;280
201500009479;15;8;20;1215;1;1;1;1;2;301;;M;0;0;280
201500009480;15;9;4;1830;1;1;2;1;1;6;;M;0;0;280
201500009481;15;9;9;2245;3;1;1;1;7;358;;M;4850109;150375;280
201500009482;15;9;21;1445;1;1;1;1;3;388;;M;4839291;145209;280
201500009483;15;9;23;1800;1;1;3;1;1;388;;M;4839382;145255;280
201500009484;15;10;29;2030;5;1;1;1;7;380;;M;4841514;157963;280
201500009485;15;10;30;2200;5;2;1;1;6;48;RUE DE TOURS - LE TEMPLE;M;4832673;143218;280
201500009486;15;12;21;1630;1;1;1;1;2;173;;M;4846766;156946;280
201500009487;15;5;18;445;3;1;1;1;7;154;;M;4848353;129212;280
201500009488;15;6;17;815;1;1;2;1;3;324;;M;4850512;124033;280
201500009489;15;8;30;1230;1;2;2;1;3;89;BD KENNEDY/POINT DU JOUR;M;0;0;280
201500009490;15;8;14;1415;1;1;1;1;3;290;;M;4840700;128800;280
201500009491;15;10;23;45;3;1;1;8;6;360;;M;4861218;128612;280
201500009492;15;5;23;715;1;1;1;1;1;84;;M;4855500;155200;280
201500009493;15;6;6;1615;1;1;2;1;3;196;;M;4830800;118900;280
201500009494;15;3;17;1745;1;2;1;1;6;140;;M;4860235;168193;280
201500009495;15;3;20;730;1;2;4;1;1;207;;M;4836616;186743;280
201500009496;15;3;30;830;1;1;2;1;3;363;;M;4840095;191646;280
201500009497;15;5;19;30;3;1;1;8;6;227;;M;4859585;159697;280
201500009498;15;6;7;330;5;2;1;1;6;52;16 RUE DE MAINTENON;M;4856367;151267;280
201500009499;15;6;27;1900;1;1;1;1;3;227;;M;0;0;280
201500009500;15;6;30;2130;2;1;1;7;6;379;;M;4852100;158000;280
201500009501;15;7;19;1715;1;2;1;1;6;191;17 ruisseau de la Vienne;M;4860758;164251;280
201500009502;15;7;19;1645;1;1;1;1;1;73;;M;4847727;164356;280
201500009503;15;7;22;1230;1;1;2;1;3;74;;M;4842000;179900;280
201500009504;15;7;27;1730;1;1;1;1;3;227;;M;4859900;159400;280
201500009505;15;8;15;30;5;2;1;2;7;168;rue de germonval;M;4853800;170700;280
201500009506;15;9;4;1130;1;1;1;1;6;15;;M;4847179;177241;280
201500009507;15;10;9;1215;1;2;1;1;2;140;route de gallardon;M;4859736;167739;280
201500009508;15;12;15;1615;2;2;1;3;6;168;place du jeu de paume;M;4852483;169084;280
201500009509;15;12;31;1215;1;1;1;1;1;135;;M;4859318;170360;280
201500009510;15;3;11;2030;5;2;1;1;1;199;Rue de la MADELEINE;M;4820256;187679;280
201500009511;15;3;19;730;2;1;1;1;1;319;;M;4827222;197491;280
201500009512;15;5;10;1915;1;1;1;1;7;406;;M;4823725;168075;280
201500009513;15;5;26;1915;1;1;2;1;3;32;;M;4831408;163255;280
201500009514;15;5;29;1715;1;2;1;1;3;391;rue nationale;M;0;0;280
201500009515;15;6;7;1915;1;2;1;1;6;391;09 rue de la Fontaine;M;4819984;193535;280
201500009516;15;6;28;1900;1;1;1;7;7;47;;M;4831406;167915;280
201500009517;15;6;28;1730;1;1;1;1;6;391;;M;0;0;280
201500009518;15;7;14;2045;1;1;1;1;6;320;;M;4825076;158438;280
201500009519;15;7;25;1015;1;1;1;8;1;319;;M;4828675;198064;280
201500009520;15;9;1;1145;1;2;1;2;6;311;RUE DE LA MOTTE;M;4821026;186322;280
201500009521;15;9;13;1030;1;1;1;3;6;391;;M;4818854;191966;280
201500009522;15;9;14;1500;1;1;1;6;4;391;;M;4818855;191969;280
201500009523;15;9;21;1415;1;1;1;1;6;411;;M;4822120;156026;280
201500009524;15;10;16;1630;1;2;1;1;6;199;rue de la madeleine;M;4820173;187935;280
201500009525;15;2;9;1300;1;1;1;1;5;103;;M;4798971;125348;280
201500009526;15;2;21;600;2;1;1;8;7;88;;M;4809886;129845;280
201500009527;15;2;24;830;1;1;1;2;3;356;;M;4807745;117013;280
201500009528;15;2;25;1315;1;2;1;1;6;83;18 rue nationale;M;4797138;132593;280
201500009529;15;3;20;615;2;1;1;1;6;340;;M;4802966;126239;280
201500009530;15;4;20;1830;1;1;1;1;2;12;;M;4815209;108261;280
201500009531;15;4;26;1000;1;2;1;8;3;88;rue des champdй;M;4806762;133502;280
201500009532;15;6;9;1045;1;2;1;1;2;88;49 rue de la rйpublique;M;4807080;133365;280
201500009533;15;6;9;1830;1;1;1;1;1;224;;M;4805490;140834;280
201500009534;15;6;13;2045;2;1;1;1;7;204;;M;0;0;280
201500009535;15;6;19;2030;1;2;3;1;3;88;Rue Albert Einsrein;M;4808044;134619;280
201500009536;15;9;16;1730;1;1;1;3;1;75;;M;4805131;129263;280
201500009537;15;9;17;1515;1;1;2;2;3;204;;M;4805589;117490;280
201500009538;15;9;24;1730;1;2;1;1;3;106;route du vieu moulin;M;4811532;144020;280
201500009539;15;10;27;715;2;1;1;1;1;132;;M;4809656;136877;280
201500009540;15;11;30;730;2;1;1;1;7;389;;M;4805824;134918;280
201500009541;15;12;13;1615;5;2;1;1;6;88;Place du 18 octobre;M;0;0;280
201500009542;15;12;23;1745;1;1;1;1;2;205;;M;0;0;280
201500009543;15;4;8;1630;1;1;1;1;6;287;;M;4814349;166452;280
201500009544;15;4;15;1700;1;1;1;1;7;306;;M;4821900;147000;280
201500009545;15;5;10;2000;1;1;1;1;7;382;;M;4807900;175200;280
201500009546;15;5;22;1700;1;1;1;1;6;51;;M;4814900;148200;280
201500009547;15;6;21;2030;1;1;2;1;1;283;;M;0;0;280
201500009548;15;7;16;330;3;1;1;1;6;121;;M;4811694;185931;280
201500009549;15;10;5;1345;1;1;1;3;1;176;;M;4823645;148986;280