num_acc;an;mois;jour;hrmn;lum;agg;int;atm;col;com;adr;gps;lat;long;dep
201500009550;15;10;22;730;2;2;1;2;3;51;boulevard des Flandres;M;4818043;139857;280
201500009551;15;12;14;1800;3;1;1;1;1;176;;M;4826570;148560;280
201500009552;15;4;11;1115;1;2;1;1;6;424;RUE EMILE DELAVALLEE;M;4820867;118615;280
201500009553;15;4;21;1015;1;1;1;1;6;41;;M;4833115;128754;280
201500009554;15;7;16;1045;1;1;1;1;2;182;;M;4816642;123774;280
201500009555;15;10;9;915;1;1;1;1;6;66;;M;4823642;123367;280
201500009556;15;10;16;1230;1;1;1;2;1;225;;M;4834326;129508;280
201500009557;15;12;6;1845;5;2;2;1;3;61;;M;4820889;117414;280
201500009558;15;4;1;1445;1;1;1;1;6;170;;M;4871204;126979;280
201500009559;15;6;25;1445;1;2;1;7;1;136;rue Jean MOULIN;M;4801200;102400;280
201500009560;15;7;6;1230;1;1;1;1;7;170;;M;0;0;280
201500009561;15;7;21;830;1;2;1;1;1;348;rue des ajoncs;M;4875959;119325;280
201500009562;15;8;8;1600;1;1;1;1;6;239;;M;0;0;280
201500009563;15;8;14;2330;3;2;8;3;6;359;Rue de la gare PN 35;M;4801300;-104099;280
201500009564;15;8;28;1245;1;1;2;1;3;143;;M;0;0;280
201500009565;15;9;5;1415;1;1;2;1;3;405;;M;4874350;129140;280
201500009566;15;9;12;2000;2;1;1;1;6;170;;M;4801200;100600;280
201500009567;15;9;16;1330;1;1;1;1;6;124;;M;0;0;280
201500009568;15;11;9;1845;5;2;1;1;6;369;rte de DREUX morvilette;M;4864145;127954;280
201500009569;15;6;10;1945;2;2;1;1;6;371;RUE DE SOREL;M;4885556;140691;280
201500009570;15;6;29;1600;1;1;1;1;1;347;;M;4882231;156166;280
201500009571;15;7;2;1415;1;1;1;1;7;187;;M;0;0;280
201500009572;15;8;24;1830;1;1;1;2;6;1;;M;4877706;146229;280
201500009573;15;11;14;900;1;1;1;1;5;347;;M;4882741;156492;280
201500009574;15;11;15;2000;3;1;1;1;7;1;;M;4877677;140122;280
201500009575;15;1;16;2030;3;1;1;1;3;151;;M;4869723;104451;280
201500009576;15;2;26;1715;1;1;1;3;6;322;;M;4872112;95717;280
201500009577;15;4;5;1015;1;1;1;1;3;46;;M;4866001;91160;280
201500009578;15;5;10;1815;1;1;1;1;2;59;;M;0;0;280
201500009579;15;5;30;1815;1;1;1;1;1;310;;M;4859683;95153;280
201500009580;15;9;2;1800;1;2;2;1;3;226;rue Hubert Latham;M;4863423;114672;280
201500009581;15;2;19;715;2;2;1;5;1;415;GRANDE RUE;M;4867356;146147;280
201500009582;15;2;28;1745;1;1;1;1;7;279;;M;4867700;154600;280
201500009583;15;7;5;1915;1;1;1;1;7;417;;M;0;0;280
201500009584;15;1;12;1315;1;1;1;1;1;342;;M;4829108;84183;280
201500009585;15;3;14;415;4;2;2;1;3;27;6, Route d'Authon;M;4813827;97912;280
201500009586;15;3;11;1100;1;2;1;1;7;31;Rue Emmeline;M;4825679;95963;280
201500009587;15;9;7;1030;1;2;1;1;6;280;rue villette gatй;M;4832191;82193;280
201500009588;15;9;9;1245;1;2;1;1;6;280;15, Rue Saint lazare;M;4831271;81518;280
201500009589;15;10;19;1545;1;2;1;1;6;280;rue vilette gatй;M;4832209;82198;280
201500009590;15;11;10;2045;3;1;1;1;6;378;;M;4828291;79915;280
201500009591;15;11;13;800;2;1;1;2;5;342;;M;4829089;84213;280
201500009592;15;11;22;2215;3;1;1;8;6;280;;M;4831022;80449;280
201500009593;15;12;30;45;3;1;1;1;6;236;;M;4834288;84245;280
201500009594;15;4;25;545;2;2;1;2;6;214;Dйpartementale D25;M;4848181;101725;280
201500009595;15;5;31;2130;2;1;1;2;6;166;;M;4842184;112022;280
201500009596;15;8;6;1800;1;1;1;1;7;33;;M;4849552;104289;280
201500009597;15;8;8;745;1;1;1;1;6;362;;M;4864000;54800;280
201500009598;15;10;4;2200;5;1;3;2;3;387;;M;4831033;99608;280
201500009599;15;11;13;1600;1;1;1;1;1;105;;M;4835950;106656;280
201500009600;15;12;29;2130;3;1;1;1;6;385;;M;4841737;116055;280
201500009601;15;4;7;1945;1;1;1;1;6;177;;M;4647020;133861;360
201500009602;15;7;8;2005;1;1;2;1;3;47;;M;4641030;139476;360
201500009603;15;8;9;1015;1;2;3;8;1;35;;M;4643230;129773;360
201500009604;15;8;23;615;2;1;1;8;6;70;;M;4645930;155207;360
201500009605;15;8;31;1445;1;1;1;1;7;160;;M;4653230;165173;360
201500009606;15;10;4;845;1;1;1;7;2;182;;M;4651800;146634;360
201500009607;15;10;27;1515;1;1;1;2;6;231;;M;4669550;165120;360
201500009608;15;2;2;1500;1;1;1;1;1;203;;M;4700230;126864;360
201500009609;15;2;4;1245;1;2;1;1;6;31;17 RUE DES PONTS;M;4688750;141813;360
201500009610;15;5;25;1415;1;1;1;1;6;194;;M;4691150;133302;360
201500009611;15;6;19;1600;1;1;2;1;3;142;;M;4679260;155377;360
201500009612;15;6;23;2345;3;2;1;1;2;55;RUE DE LA RЙPUBLIQUE;M;4694030;123702;360
201500009613;15;7;9;1600;1;1;1;1;3;139;LD LE CHATELIER;M;4679280;146258;360
201500009614;15;7;20;2030;1;1;1;1;7;31;;M;4689660;144565;360
201500009615;15;8;29;1515;1;1;1;1;1;149;;M;4692180;129859;360
201500009616;15;9;20;1615;1;1;1;1;6;198;;M;4689180;147592;360
201500009617;15;10;8;2215;3;2;1;1;6;232;21 RTE DE CHATELLERAULT;M;4679900;143717;360
201500009618;15;1;20;1545;1;1;1;1;7;23;;M;4704300;168875;360
201500009619;15;1;25;1215;1;1;1;1;6;228;;M;4715430;152320;360
201500009620;15;4;14;2045;1;1;1;1;7;24;;M;4698400;168448;360
201500009621;15;4;16;1730;1;1;1;1;7;237;;M;4712210;157961;360
201500009622;15;5;9;1730;1;1;1;1;5;228;LD LES TAUPONNIERES;M;4715270;155191;360
201500009623;15;5;10;1200;1;1;1;1;6;230;;M;4706220;180433;360
201500009624;15;7;12;1645;1;1;1;1;3;103;;M;4711740;143443;360
201500009625;15;9;11;1700;1;1;3;1;3;162;;M;4715730;167132;360
201500009626;15;10;3;2000;5;2;1;2;6;233;;M;4724620;154276;360
201500009627;15;10;26;1845;3;2;1;1;7;92;;M;4707590;151164;360
201500009628;15;11;19;2145;3;1;1;6;7;229;;M;4719700;161967;360
201500009629;15;12;9;945;1;1;1;5;7;228;;M;4714340;155062;360
201500009630;15;12;11;1800;5;2;1;1;5;191;RUE BOIS ROSIER;;;;360
201500009631;15;12;13;1130;1;1;1;1;2;228;;M;4717350;155267;360
201500009632;15;5;20;630;1;1;1;1;6;224;;M;4673700;100571;360
201500009633;15;6;18;1915;1;1;1;1;7;137;;;;;360
201500009634;15;8;29;1430;1;1;1;1;7;192;;M;4665600;143149;360
201500009635;15;11;30;1700;4;1;1;2;1;197;;M;4656160;107989;360
201500009636;15;2;14;815;1;1;1;1;7;25;LD LE GRAND CHAUM0IS;M;4657310;202131;360
201500009637;15;3;29;1030;1;1;1;3;6;126;;M;4645960;176749;360
201500009638;15;6;26;2100;1;1;1;1;2;164;;M;4651210;199387;360
201500009639;15;7;29;1315;1;1;1;1;3;163;;M;4649050;199878;360
201500009640;15;9;12;1;3;2;1;1;7;126;LE BOURG;;;;360
201500009641;15;4;14;1715;1;1;1;1;1;112;;M;4680470;187579;360
201500009642;15;8;12;1915;1;1;1;1;6;180;ROUTE DE BOMMIERS;M;4673680;196986;360
201500009643;15;9;8;300;3;1;1;1;7;84;;M;4659830;173302;360
201500009644;15;12;19;1115;1;2;3;1;6;180;RTE DE LIGNIERES;M;4673030;196579;360
201500009645;15;9;10;1030;1;2;1;1;1;88;68 ROUTE DE REUILLY;M;4696210;198984;360
201500009646;15;9;12;615;3;1;1;3;6;248;;M;4682400;190372;360
201500009647;15;9;18;1015;1;2;2;1;3;128;RN 151/RD80;M;4686000;178246;360
201500009648;15;12;22;915;1;2;1;1;6;88;AVENUE CHARLES DE GAULLE;M;4694220;200121;360
201500009649;15;2;21;530;5;2;1;1;6;3;29 AVENUE DE CHANTELOUP;M;0;0;370
201500009650;15;4;7;1415;1;1;1;1;6;3;;M;0;0;370
201500009651;15;6;14;1015;1;2;2;8;1;3;VILLA  BELLAGIO;M;0;0;370
201500009652;15;6;11;1545;1;2;1;1;2;163;RUE DE POCE/MAZERE;M;0;0;370
201500009653;15;6;24;2130;2;1;1;1;6;171;;M;0;0;370
201500009654;15;8;7;15;5;2;1;1;6;3;8 AVENUE  DE TOURS;M;0;0;370
201500009655;15;9;2;2130;3;1;3;1;1;230;;M;0;0;370
201500009656;15;9;12;2045;3;1;1;1;1;171;LE  GROS ORMEAU;M;0;0;370
201500009657;15;10;10;1;5;1;1;1;3;161;LA CALONNIEREE;M;0;0;370
201500009658;15;11;17;1715;2;2;1;2;6;3;4 QUAI DU GL DE GAULLE;M;0;0;370
201500009659;15;12;30;1445;1;1;1;1;5;43;;M;0;0;370
201500009660;15;6;17;1515;1;1;1;1;6;63;;M;0;0;370
201500009661;15;8;3;930;1;1;1;1;7;50;LA  FONTAINE;M;0;0;370
201500009662;15;1;17;1;3;1;1;1;6;146;;M;0;0;370
201500009663;15;1;26;1845;3;1;1;2;1;13;AVRILLE;M;0;0;370
201500009664;15;4;7;700;2;1;1;1;1;62;;M;0;0;370
201500009665;15;5;13;645;1;1;1;1;3;109;;M;0;0;370
201500009666;15;9;7;1245;1;1;1;1;1;2;;M;0;0;370
201500009667;15;9;21;800;1;1;1;1;1;109;;M;0;0;370
201500009668;15;10;31;1445;1;2;1;1;2;62;38 AV DU GAL DE GAULLE;M;0;0;370
201500009669;15;11;17;1230;1;1;1;1;1;139;;M;0;0;370
201500009670;15;11;20;1600;1;1;2;8;3;86;LA ROBINIERE;M;0;0;370
201500009671;15;12;28;1015;1;1;1;1;3;109;;M;0;0;370
201500009672;15;3;8;1530;1;2;2;1;1;167;AVENUE DE LA LIBERATION;M;0;0;370
201500009673;15;4;26;1615;1;1;1;1;1;170;;M;0;0;370
201500009674;15;5;5;1715;1;1;1;1;6;152;;M;0;0;370
201500009675;15;4;30;2230;4;1;1;3;6;249;LES BUTTES;M;0;0;370
201500009676;15;5;25;245;3;2;1;1;6;47;axe C 3;M;0;0;370
201500009677;15;6;7;630;2;1;1;1;6;204;LIEUDIT FONTAINE;M;0;0;370
201500009678;15;7;17;2215;3;1;1;1;7;204;;M;0;0;370
201500009679;15;8;22;1545;1;1;1;1;7;167;LUENNE;M;0;0;370
201500009680;15;10;9;1930;2;1;2;1;3;245;;M;0;0;370
201500009681;15;10;22;730;3;1;2;2;3;135;LA  RESTAURERIE;M;0;0;370
201500009682;15;10;28;1500;1;1;1;8;1;245;LE PILORY;M;0;0;370
201500009683;15;11;2;1030;1;1;1;1;1;167;;M;0;0;370
201500009684;15;11;8;1700;1;1;1;1;7;206;LA PREVENDERIE;M;0;0;370
201500009685;15;11;27;745;2;1;1;5;7;152;LES PETITES BROSSES;M;0;0;370
201500009686;15;12;12;1215;1;1;3;1;1;21;LA HALLANDIERE;M;0;0;370
201500009687;15;1;17;1000;1;1;1;5;1;10;;M;0;0;370
201500009688;15;1;19;1230;1;1;1;1;1;179;LE PETIT- MESLAY;M;0;0;370
201500009689;15;2;25;1930;3;1;3;1;3;270;;M;0;0;370
201500009690;15;2;28;1800;2;1;1;2;7;10;;M;0;0;370
201500009691;15;2;27;1045;1;1;1;1;2;281;;M;0;0;370
201500009692;15;4;3;2000;2;1;1;2;6;281;;M;0;0;370
201500009693;15;4;19;1700;1;1;9;1;3;270;LA FRILLIERE;M;0;0;370
201500009694;15;5;6;1145;1;1;1;3;1;63;;M;0;0;370
201500009695;15;5;10;1700;1;1;1;1;6;95;;M;0;0;370
201500009696;15;5;17;2215;3;1;1;1;6;276;LA LOUZERIE;M;0;0;370
201500009697;15;6;8;1500;1;1;1;1;1;169;;M;0;0;370
201500009698;15;7;16;1545;1;1;1;1;6;276;LA BORDE;M;0;0;370
201500009699;15;8;1;600;2;1;1;1;7;224;;M;0;0;370
201500009700;15;10;2;2330;3;1;1;8;3;153;;M;0;0;370
201500009701;15;11;27;1815;3;1;1;1;1;9;Entrйe pйage autoroute;M;0;0;370
201500009702;15;1;13;1230;1;2;1;3;7;11;36 RUE DU VAL DE L'INDRE;M;0;0;370
201500009703;15;3;5;715;1;1;6;1;2;11;RUE LAVOISIER/DENIS PAPI;M;0;0;370
201500009704;15;3;21;1600;1;2;1;1;3;72;RUE PAUL HUET;M;0;0;370
201500009705;15;4;20;2300;3;1;1;1;7;22;;M;0;0;370
201500009706;15;4;21;1430;1;2;3;1;3;193;route de Bourgueil;M;0;0;370
201500009707;15;6;2;1900;1;1;1;1;3;228;LA GARDIERE;M;0;0;370
201500009708;15;6;11;100;3;1;1;1;6;118;;M;0;0;370
201500009709;15;6;27;1715;1;1;1;1;5;72;;M;0;0;370
201500009710;15;7;10;1100;1;2;2;1;5;72;LES FAUCHERIES/LOGES;M;0;0;370
201500009711;15;7;9;1745;1;2;1;7;3;22;RUE D'ISORE;M;0;0;370
201500009712;15;8;4;1400;1;1;1;1;7;242;;M;0;0;370
201500009713;15;8;10;1745;1;1;1;1;2;22;;M;0;0;370
201500009714;15;9;15;1415;1;1;1;8;1;74;CARREFOUR PORT BOULET;M;0;0;370
201500009715;15;11;6;1130;1;1;1;2;6;82;;M;0;0;370
201500009716;15;11;23;1730;2;1;1;1;1;74;RUE  DE ST NICOLAS;M;0;0;370
201500009717;15;12;2;1245;1;1;1;1;3;72;LES PETITES  CROIX;M;0;0;370
201500009718;15;1;5;2230;5;2;1;1;7;123;PLACE SAINT JEAN;M;0;0;370
201500009719;15;1;12;815;2;1;1;8;1;271;CROIX DUVEAU;M;0;0;370
201500009720;15;3;4;1115;1;2;7;1;3;67;Rue de CHINON;M;0;0;370
201500009721;15;4;5;1045;1;1;1;1;1;200;;M;0;0;370
201500009722;15;8;14;15;3;1;1;2;6;227;;M;0;0;370
201500009723;15;10;21;800;2;1;1;8;1;14;;M;0;0;370
201500009724;15;12;18;1130;1;1;1;1;7;227;;M;0;0;370
201500009725;15;4;10;100;3;1;1;1;6;51;;M;0;0;370
201500009726;15;5;10;1245;1;1;1;1;3;268;;M;0;0;370
201500009727;15;5;13;1800;1;1;2;1;3;12;;M;0;0;370
201500009728;15;5;29;2345;3;1;1;1;3;278;;M;0;0;370
201500009729;15;7;8;1830;1;1;1;1;1;89;LIEUDIT BATISSE;M;0;0;370
201500009730;15;7;13;1615;1;1;1;1;1;216;;M;0;0;370
201500009731;15;7;16;1745;1;1;1;1;1;178;LA TUILERIE;M;0;0;370
201500009732;15;10;1;700;2;2;1;1;3;196;AVENUE DU  QUEBEC/FARRY;M;0;0;370
201500009733;15;2;19;1245;1;2;1;1;2;183;AVENUE DE LA PIERRUCHE;M;0;0;370
201500009734;15;4;21;1900;2;1;2;1;3;16;;M;0;0;370
201500009735;15;8;22;2030;2;1;1;1;6;238;;M;0;0;370
201500009736;15;9;14;1200;1;1;1;1;6;49;lieudit CORNILLE;M;0;0;370
201500009737;15;4;11;145;3;1;1;8;7;159;RUE DE LA PICHAUDERIE;M;0;0;370
201500009738;15;10;17;1530;1;1;1;1;6;181;LES LODINS;M;0;0;370
201500009739;15;3;23;1500;1;1;1;1;1;1;;M;0;0;370
201500009740;15;4;9;745;1;2;1;1;6;115;144 avenue F.Mitterrand;M;0;0;370
201500009741;15;4;17;1645;1;2;1;1;6;145;RUE DES QUATRE PONTS;M;0;0;370
201500009742;15;5;22;1730;1;1;1;1;6;29;SOUDOR;M;0;0;370
201500009743;15;5;29;1415;1;1;1;1;1;115;;M;0;0;370
201500009744;15;7;8;1545;1;1;2;1;3;98;ROUTE DE SEPMES;M;0;0;370
201500009745;15;11;1;1100;1;1;1;1;6;98;;M;0;0;370
201500009746;15;11;14;1745;3;1;2;1;3;130;;M;0;0;370
201500009747;15;12;29;1630;1;1;1;1;3;143;;M;4715700;82300;370
201500009748;15;6;19;1415;1;2;1;1;1;6;6  RUE DES GRANDS CLOS;M;0;0;370
201500009749;15;7;29;645;1;1;1;1;1;211;;M;0;0;370
201500009750;15;10;31;1015;1;2;1;1;6;266;12 RUE PRINCIPALE;M;0;0;370
201500009751;15;10;29;1845;5;2;1;1;3;266;les Guйs;M;0;0;370
201500009752;15;11;29;1600;1;1;1;1;6;85;;M;0;0;370
201500009753;15;11;30;845;1;2;1;8;6;266;12 AVENUE DE COUZIERE;M;0;0;370
201500009754;15;12;24;1815;5;2;1;1;3;154;68 RUE DE MONTS;M;4728700;71300;370
201500009755;15;2;3;1215;1;2;1;4;7;220;rue des champs de la cro;M;4772200;162900;410
201500009756;15;3;6;1945;3;1;1;1;6;220;;M;4774100;165400;410
201500009757;15;3;23;645;1;1;1;1;1;136;;M;4769400;151500;410
201500009758;15;6;9;1330;1;1;4;1;3;206;;M;4764370;137020;410
201500009759;15;7;10;530;3;1;1;1;1;252;;M;4768591;148778;410
201500009760;15;7;18;1800;1;1;1;1;3;69;;M;4765677;143135;410
201500009761;15;12;20;1915;3;1;1;1;3;206;;M;4763304;139265;410
201500009762;15;6;3;1315;1;1;1;1;6;256;;M;4732900;200900;410
201500009763;15;2;27;1015;1;2;1;7;6;214;27, R MARECHAL LECLERC;M;4497692;-107554;330
201500009764;15;3;6;1730;1;1;6;1;7;203;;M;4520750;-107710;330
201500009765;15;6;7;1900;1;1;3;1;1;214;;M;0;0;330
201500009766;15;8;3;1730;1;1;2;8;3;97;Inter C215 Pis Cyc 807;M;4509358;-105036;330
201500009767;15;8;5;1645;1;1;1;1;7;214;;M;4506060;-117545;330
201500009768;15;11;5;1730;2;1;2;1;3;97;Chm des Bйcasses;M;4510452;-100113;330
201500009769;15;12;2;715;5;2;1;1;6;214;Av. Libйration;M;4497745;-107427;330
201500009770;15;3;28;1830;1;2;1;1;2;233;2 rue du faouet;M;4787705;-354423;290
201500009771;15;4;18;1730;1;2;1;1;7;233;rue du bourgneuf;M;4786963;-354298;290
201500009772;15;4;30;1515;1;2;1;2;7;233;boulevard de la gare;M;4786569;-354513;290
201500009773;15;5;5;1715;1;2;3;1;6;233;Rue Langor/ le Genot;M;4787185;-354969;290
201500009774;15;5;9;1130;1;1;1;1;1;297;Lieu dit  Kerlescouarn;M;4789345;-354137;290
201500009775;15;7;29;1945;1;2;1;1;5;233;Rue de la Gare;M;4786738;-354899;290
201500009776;15;9;19;1600;1;1;1;1;2;234;Langadoue;M;4786116;-349990;290
201500009777;15;11;10;1945;3;1;1;1;1;2;Kerbazen;M;4790579;-342076;290
201500009778;15;12;11;800;1;1;1;1;6;2;La Villeneuve;M;4792301;-343499;290
201500009779;15;12;14;1545;1;2;1;2;1;233;boulevard de la gare;M;4786731;-354887;290
201500009780;15;6;24;1830;1;1;1;1;1;236;;M;4784329;-369363;290
201500009781;15;7;3;1645;1;2;1;1;6;217;62 rue Louis Lomenech;M;4785225;-373792;290
201500009782;15;8;18;1815;1;1;1;1;6;293;Kersalaun;M;4783570;-381405;290
201500009783;15;8;29;800;1;1;1;1;2;150;Lan Kervignac;M;4780880;-365024;290
201500009784;15;10;30;2130;3;1;1;1;6;236; Beg Kerliskidig ;M;4784554;-371020;290
201500009785;15;1;1;615;3;2;1;1;6;241;27 Rue  de ruveil;M;4795603;-383248;290
201500009786;15;1;8;1930;5;2;1;8;3;241;Rue Nationale - D765;M;4795952;-383285;290
201500009787;15;1;19;830;2;1;1;1;2;4;;M;4793248;-369575;290
201500009788;15;2;19;1530;1;1;1;3;7;281;Prat Ar Venec;M;4801663;-383597;290
201500009789;15;3;8;1945;3;1;2;1;3;274;Ty Dren;M;4801577;-373661;290
201500009790;15;3;16;1045;1;1;1;1;2;272;RN165 - Pk35;M;4793239;-390585;290
201500009791;15;2;22;1124;1;1;1;8;6;49;Kerisolй;M;4796777;-387559;290
201500009792;15;4;19;1545;1;1;1;1;1;4;Kernabat;M;4790803;-362813;290
201500009793;15;5;26;530;3;1;1;1;6;241;Proche Kerlue Bras;M;4797154;-384841;290
201500009794;15;6;4;1015;1;1;1;1;2;146;Kerampaou йchangeur born;M;4790645;-383476;290
201500009795;15;6;14;445;3;1;1;1;6;281;;M;4802527;-382547;290
201500009796;15;6;15;900;1;1;1;1;6;146;;M;4790645;-383476;290
201500009797;15;6;22;2345;3;1;1;1;6;241;;M;4799167;-388315;290
201500009798;15;7;14;1930;1;1;1;1;7;146;Croas Kerdraпc;M;4790540;-385084;290
201500009799;15;8;12;945;1;1;1;1;3;274;Parkou Royal;M;4802164;-367989;290
201500009800;15;9;15;1530;1;1;1;2;1;146;Kerlean;M;4791298;-383128;290
201500009801;15;10;6;1815;1;1;1;2;1;241;Coat Canton;M;4794930;-383715;290
201500009802;15;11;1;2100;5;2;1;1;6;272;30 rue jean jaurиs;M;4796765;-393685;290
201500009803;15;1;7;800;2;1;3;1;3;33;;M;4337241;518498;130
201500009804;15;12;13;1500;1;1;1;1;3;88;;M;0;0;130
201500009805;15;5;21;800;1;1;1;1;5;20;;M;4716557;-162418;440
201500009806;15;12;3;745;2;2;1;8;6;20;;M;0;0;440
201500009807;15;1;19;1330;1;2;1;2;1;199;10 RUE PIERRE DANAY;M;0;0;330
201500009808;15;1;6;1815;3;1;1;2;6;174;;M;4573480;146331;870
201500009809;15;3;29;1515;1;1;1;2;1;148;;M;4574360;133392;870
201500009810;15;4;2;2200;3;1;1;1;6;205;;;;;870
201500009811;15;7;22;1845;1;1;1;1;6;148;;M;4571130;139712;870
201500009812;15;8;11;2015;1;1;1;1;5;63;;M;4579750;140312;870
201500009813;15;12;6;1200;1;1;3;1;5;205;;M;4578630;128949;870
201500009814;15;1;1;635;5;2;1;1;1;155;48, LIBERTE AV.DE LA;M;4356614;707062;60
201500009815;15;4;16;1235;1;2;1;1;3;4;R.N.98 BORD DE MER SIEST;M;4359333;712531;60
201500009816;15;1;3;1855;5;2;4;1;3;155;97, PICASSO AV.ET SQUARE;M;4357470;705510;60
201500009817;15;4;24;1330;1;2;1;1;6;4;1, VANDENBERG AV.DU GENE;M;4357961;712441;60
201500009818;15;5;5;1020;1;1;1;1;1;155;01, POURTALET AV.HENRI;M;4358045;705533;60
201500009819;15;1;17;1620;2;2;1;7;6;155;35, LIBERTE AV.DE LA;M;4356550;706950;60
201500009820;15;1;30;1100;1;2;1;1;6;4;3, FOCH BD MARECHAL;M;4357927;711934;60
201500009821;15;5;6;1125;1;2;1;1;2;4;40, ONZE NOVEMBRE AV.DU;M;4358981;712425;60
201500009822;15;2;6;1600;1;2;1;2;6;4;13, POINCARE BD RAYMOND;;;;60
201500009823;15;5;6;1535;1;1;1;1;6;4;664, GARDIOLE BACON BD;M;4334110;708217;60
201500009824;15;2;6;1830;5;2;2;2;3;4;12, CHATAIGNIERS AV.DU;;;;60
201500009825;15;5;7;1614;1;1;1;1;6;4;BORD DE MER RN.98 LA SIE;M;4336285;707325;60
201500009826;15;2;7;1228;1;2;1;1;6;4;8, LECLERC BD MARECHAL;;;;60
201500009827;15;5;9;1750;1;2;1;1;6;4;35, CANNES(RN.7) AV.DE;;;;60
201500009828;15;2;9;1900;5;2;3;1;3;155;218, LIBERTE AV.DE LA;;;;60
201500009829;15;5;9;2135;5;2;1;1;6;4;81, NICE(RN.7) AV.ET RTE;;;;60
201500009830;15;2;10;1540;1;2;1;1;3;4;91, ROCHAT AV.PHILIPPE;;;;60
201500009831;15;5;10;1530;1;2;1;1;2;4;343, NICE(RN.7) AV.ET RT;M;4336256;707263;60
201500009832;15;2;20;1530;1;2;1;1;3;155;MASSIER AV.ET IMP.CLEMEN;;;;60
201500009833;15;5;11;1830;1;2;1;1;7;4;24, NICE(RN.7) AV.ET RTE;M;4335332;707157;60
201500009834;15;2;23;946;1;2;1;1;4;4;2355, SAINT CLAUDE CH.DE;;;;60
201500009835;15;5;12;1610;1;2;6;1;6;4;AUTRICHIENS CH.DES;M;4334410;706194;60
201500009836;15;2;23;1450;1;2;1;1;3;4;1, SAINT CLAUDE CH.DE;;;;60
201500009837;15;5;13;820;1;2;3;1;6;4;809, GREC AV.JULES;M;4335413;706539;60
201500009838;15;2;26;1150;1;2;1;1;6;4;6, WILSON BD;;;;60
201500009839;15;5;13;845;1;2;1;1;3;4;97, ROCHAT AV.PHILIPPE;M;4335257;706237;60
201500009840;15;2;28;1320;1;2;1;1;5;155;1490, LIBERTE AV.DE LA;;;;60
201500009841;15;5;13;1845;1;2;2;1;1;155;JUIN AV.MARECHAL;;;;60
201500009842;15;2;28;2200;5;2;1;1;3;4;324, GRASSE RTE DE;;;;60
201500009843;15;5;15;1025;1;2;1;1;6;155;83, PICASSO AV.ET SQUARE;;;;60
201500009844;15;3;6;1355;1;2;2;7;3;4;780, GAROUPE BD DE LA;;;;60
201500009845;15;5;11;1200;1;2;7;1;6;4;ALBERT 1ER BD ET SQUARE;;;;60
201500009846;15;3;8;2140;5;2;1;1;6;4;33, BAUDOIN BD EDOUARD;;;;60
201500009847;15;5;19;1045;1;2;1;1;6;155;13, MASSIER AV.ET IMP.CL;M;4356801;707167;60
201500009848;15;3;9;1150;1;2;1;1;6;155;ROUSTAN AV.ET BD DES FRE;;;;60
201500009849;15;5;19;1705;1;2;1;1;6;155;74, LIBERTE AV.DE LA;M;4356775;707205;60
201500009850;15;3;19;1030;1;2;6;1;3;4;0, CAP BD DU;;;;60
201500009851;15;5;20;1950;1;2;1;1;1;4;475, SUQUETTE CH.DE LA;M;;;60
201500009852;15;3;25;1555;1;2;2;2;3;4;0.0, POINCARE BD RAYMOND;;;;60
201500009853;15;5;26;2210;5;1;1;1;1;155;1294, RD6098;M;;;60
201500009854;15;3;28;228;5;1;1;1;6;4;1, NICE(RN.7) AV.ET RTE;;;;60
201500009855;15;5;28;1200;1;2;3;1;2;4;83, CANNES(RN.7) AV.DE;M;4334246;705145;60
201500009856;15;3;31;2035;5;2;1;1;6;4;88, WILSON BD;;;;60
201500009857;15;5;18;1145;1;2;3;1;3;4;35, SABLES CH.ET ALLEE;M;4334063;707034;60
201500009858;15;4;4;1854;1;2;2;1;3;4;NICE(RN.7) AV.ET RTE DE;M;4361098;712594;60
201500009859;15;5;31;1243;1;2;3;1;3;155;15, ROUSTAN AV.ET BD DES;M;4333594;438200;60
201500009860;15;4;8;815;1;2;1;1;6;4;1, ROCHAT AV.PHILIPPE;M;4358494;711777;60
201500009861;15;6;2;1216;1;2;1;1;6;4;21, MAUPASSANT-JUAN AV.G;M;4334076;706378;60
201500009862;15;4;8;915;1;2;6;1;6;4;GREC AV.JULES;M;4359687;711410;60
201500009863;15;6;15;1500;1;2;2;1;6;4;47, POINCARE BD RAYMOND;M;4334184;706241;60
201500009864;15;6;15;2025;5;2;1;1;5;155;1158, GRASSE AV.ET ROUTE;M;4334532;702305;60
201500009865;15;6;22;2146;5;2;1;1;7;4;GRASSE RTE DE;M;4336063;704282;60
201500009866;15;6;23;1500;1;2;1;1;6;4;598, TROIS MOULINS RUE D;M;4360314;707442;60
201500009867;15;6;24;1638;1;1;1;1;1;4;RD6098;M;4359479;712531;60
201500009868;15;6;22;1110;1;2;1;1;6;4;24, WILSON BD;M;4357849;711939;60
201500009869;15;6;29;1200;1;2;1;1;6;4;91, KENNEDY BD J.F.;M;4355192;712880;60
201500009870;15;6;26;1100;1;2;1;1;3;4;RD6098;M;4357188;710717;60
201500009871;15;7;3;1448;1;2;3;1;2;155;LIBERTE AV.DE LA;M;4357321;708649;60
201500009872;15;7;4;1640;1;1;1;1;2;4;GRASSE RTE DE;M;4336116;704126;60
201500009873;15;7;4;100;5;1;1;1;6;4;RD6007;M;4334438;705296;60