num_acc;an;mois;jour;hrmn;lum;agg;int;atm;col;com;adr;gps;lat;long;dep
201500010462;15;12;16;1515;1;2;1;1;4;69;150, DRAGUIGNAN (ROUTE D;M;4364513;690124;60
201500010463;15;12;17;1820;5;2;1;1;2;69;52, SIDI BRAHIM (AVENUE);;;;60
201500010464;15;12;19;1910;5;2;6;1;6;69;X, MARIGARDE (ROUTE DE L;M;4365499;639653;60
201500010465;15;12;21;2040;5;2;1;1;6;69;103, LIBERATION (AVENUE;M;4364202;691147;60
201500010466;15;12;22;2149;5;2;1;1;7;69;15, LIBERATION (AVENUE D;M;4364788;691661;60
201500010467;15;12;24;1250;1;1;1;1;4;69;CANNES (ROUTE DE)  -RD 6;M;4363177;695669;60
201500010468;15;12;25;2145;5;2;1;1;2;69;3, PLAN (ROUTE DU) -D304;M;4365313;694566;60
201500010469;15;12;26;1450;1;2;6;1;7;69;JEU DE BALLON (BOULEVARD;M;4366018;692249;60
201500010470;15;12;28;730;2;2;1;1;7;69;18, DE GAULLE (AVENUE DU;M;4365533;691729;60
201500010471;15;12;30;1315;1;2;1;1;4;69;132, ROUQUIER (BOULEVARD;M;4363429;693941;60
201500010472;15;6;17;725;1;2;3;1;6;83;2, BOSANO (RUE LIEUTENAN;M;4346000;730000;60
201500010473;15;6;24;1439;1;2;1;1;1;104;112, AZUR (AVENUE DE LA;M;4376310;745470;60
201500010474;15;7;5;250;5;2;1;1;6;83;53, BONAPARTE (QUAI);M;4377840;750720;60
201500010475;15;12;30;805;2;2;1;1;6;83;12, IBANEZ (AVENUE BLASC;M;4378560;750770;60
201500010476;15;7;7;2255;5;2;6;1;3;83;73, CERNUSCHI (AVENUE);M;4377550;748120;60
201500010477;15;7;3;1900;1;1;1;1;6;104;AZUR (AVENUE DE LA COTE;M;4376253;745519;60
201500010478;15;7;9;2130;2;2;3;1;3;83;29, CERNUSCHI (AVENUE);M;4377100;749200;60
201500010479;15;12;13;1450;1;2;1;1;2;104;JAURES (AVENUE JEAN);M;4375770;744310;60
201500010480;15;12;31;1;5;2;6;1;3;104;8, MONLEON (AVENUE SYLVI;;;;60
201500010481;15;7;10;1525;1;2;2;1;3;83;01, MADONE (AVENUE DE LA;M;4376967;749247;60
201500010482;15;7;19;1745;1;2;2;1;3;83;7, MADONE (AVENUE DE LA);M;4376885;749115;60
201500010483;15;7;16;1035;1;2;1;1;6;83;1684, SOLEIL (PROMENADE;M;4377440;750600;60
201500010484;15;7;24;110;5;2;3;1;7;104;1, FRANCE (AVENUE DE);;;;60
201500010485;15;8;1;1715;1;1;1;1;3;104;1, MONLEON (AVENUE SYLVI;;;;60
201500010486;15;8;25;1345;1;2;1;1;1;104;79, AZUR (AVENUE DE LA C;M;4376323;744793;60
201500010487;15;8;31;830;1;2;3;1;6;83;01, CARNOT (AVENUE);M;4377100;749440;60
201500010488;15;9;10;2330;5;2;1;1;1;12;88, GUYNEMER (BOULEVARD);M;4375200;742680;60
201500010489;15;9;12;120;5;2;6;1;6;104;01, CHEMINS (CARREFOUR D;M;4376020;745220;60
201500010490;15;9;13;120;5;2;1;1;7;104;188, VERDUN (AVENUE DE,;M;4376130;747440;60
201500010491;15;8;21;640;1;2;1;1;2;104;200, VERDUN (AVENUE DE,;M;4376037;747959;60
201500010492;15;8;13;1912;1;2;1;1;1;83;23, GARAVAN (BOULEVARD,;;;;60
201500010493;15;9;28;1740;1;2;1;1;1;104;850, AGERBOL (AVENUE D');;;;60
201500010494;15;10;2;2110;5;2;1;2;7;83;CAREI (VAL DU);;;;60
201500010495;15;9;28;844;1;2;1;1;3;83;22, ACACIAS (AVENUE DES);M;4377930;747980;60
201500010496;15;10;5;1320;1;2;1;1;5;104;166, CURIE (AVENUE PIERR;M;4374770;743650;60
201500010497;15;9;24;2105;5;2;2;1;6;83;32, REPUBLIQUE (RUE DE L;M;4377510;749350;60
201500010498;15;9;22;1200;1;2;1;1;6;83;54, CAREI (VAL DU);M;4378620;748770;60
201500010499;15;10;9;2137;5;2;1;1;3;83;58, ACACIAS (AVENUE DES);M;4378250;748000;60
201500010500;15;10;12;800;1;2;1;1;3;83;01, RIVIERA (AVENUE);M;4377640;748620;60
201500010501;15;10;17;1755;1;2;3;1;3;12;01, PRINCE RAINIER III (;M;4377650;747950;60
201500010502;15;10;20;216;5;2;1;1;5;83;1573, SOLEIL (PROMENADE;M;4377430;750330;60
201500010503;15;10;27;1310;1;2;1;1;1;104;1, VARAVILLA (AVENUE);M;4375250;743220;60
201500010504;15;10;23;1937;5;2;3;1;3;12;18, DOUMER PROLONGEE (AV;M;4344220;724530;60
201500010505;15;11;9;820;1;2;1;1;6;83;46, GORBIO (ROUTE DE);M;4377490;746800;60
201500010506;15;10;22;1133;1;2;1;1;1;104;22, DOUMER (AVENUE PAUL);M;4375820;746650;60
201500010507;15;11;23;1925;5;2;1;1;6;104;25 BIS, VOYAGE (AVENUE N;;;;60
201500010508;15;11;29;140;5;2;1;1;2;83;01, DE GAULLE (AVENUE GE;M;4377080;749430;60
201500010509;15;11;30;1720;2;2;1;1;5;104;33, JAURES (AVENUE JEAN);M;4375820;746450;60
201500010510;15;12;3;1655;1;2;1;1;7;83;1, ASTRID (PROMENADE REI;M;4378494;752299;60
201500010511;15;11;28;1105;1;2;6;1;3;83;COTY (COURS RENE, SENS M;;;;60
201500010512;15;11;26;1410;1;2;3;1;3;83;01, SOLEIL (PROMENADE DU;M;4377170;749680;60
201500010513;15;12;5;825;1;2;1;1;3;83;19, FRANCE (AVENUE PORTE;M;4378480;751500;60
201500010514;15;12;6;40;5;2;9;2;4;83;GREVILLE (RUE HENRI);M;4377630;749730;60
201500010515;15;12;13;1438;1;2;1;1;2;104;53, JAURES (AVENUE JEAN);;;;60
201500010516;15;12;22;2240;5;1;2;1;3;104;133, VERDUN (AVENUE DE,;M;4376100;746810;60
201500010517;15;12;23;940;1;2;9;1;3;83;21, ASTRID (PROMENADE RE;;;;60
201500010518;15;11;18;1200;1;1;2;1;3;12;1, PRINCE RAINIER III (A;;;;60
201500010519;15;12;24;1910;3;2;1;1;6;104;123, VERDUN (AVENUE DE,;;;;60
201500010520;15;1;3;2145;5;2;1;1;3;83;2, CARNOT (AVENUE);M;4377105;749488;60
201500010521;15;1;3;1145;1;2;3;1;6;104;47 BIS, SCHUMANN (PROMEN;M;4376212;748472;60
201500010522;15;1;6;2225;5;2;1;1;5;104;AZUR (AVENUE DE LA COTE;M;4376270;745397;60
201500010523;15;1;6;1200;1;2;1;1;3;104;99, CURIE (AVENUE PIERRE;M;4376176;746311;60
201500010524;15;1;12;1300;1;2;4;1;2;12;CORNICHE (MOYENNE, N? 1;;;;60
201500010525;15;1;21;1620;1;2;2;2;3;83;63, CERNUSCHI (AVENUE);M;4377420;748942;60
201500010526;15;1;25;1115;1;2;1;7;6;12;CORNICHE (MOYENNE, N? 1;;;;60
201500010527;15;1;22;1930;5;2;1;1;6;83;DELATTRE DE TASSIGNY (AL;;;;60
201500010528;15;1;28;2250;5;2;1;1;6;83;14, GORBIO (ROUTE DE);M;4376767;748433;60
201500010529;15;1;31;1115;1;2;1;1;3;104;21, FRANCE (AVENUE DE);M;4375334;744351;60
201500010530;15;2;12;1330;1;2;1;1;2;83;COTY (COURS RENE, SENS M;;;;60
201500010531;15;2;27;1233;1;2;3;1;2;83;1, PASTEUR (RUE);;;;60
201500010532;15;3;7;1050;1;2;1;1;7;104;39, DOUMER (AVENUE PAUL);;;;60
201500010533;15;2;12;1410;1;2;2;1;3;83;8, DE GAULLE (AVENUE GEN;;;;60
201500010534;15;3;7;2020;3;1;1;1;6;83;CABROLLES (ROUTE DES);;;;60
201500010535;15;3;11;1920;5;2;1;1;1;83;SOLEIL (PROMENADE DU, N?;;;;60
201500010536;15;3;17;525;5;2;1;2;6;83;DELATTRE DE TASSIGNY (AL;;;;60
201500010537;15;2;11;1130;1;2;3;1;3;83;SOLEIL (PROMENADE DU, N?;;;;60
201500010538;15;3;28;1520;1;2;1;1;3;83;39, ACACIAS (AVENUE DES);;;;60
201500010539;15;3;29;1848;1;2;9;1;3;83;21, ASTRID (PROMENADE RE;;;;60
201500010540;15;4;5;130;5;2;1;3;1;12;CORNICHE (MOYENNE, N° 1;;;;60
201500010541;15;3;24;925;1;2;4;1;3;104;1, VOYAGE (AVENUE NOTRE;;;;60
201500010542;15;4;19;2135;5;2;2;1;3;83;DELATTRE DE TASSIGNY AL;;;;60
201500010543;15;4;17;10;5;2;1;2;7;104;217-219, BRIAND (AVENUE;M;4376492;748291;60
201500010544;15;5;2;1505;1;2;1;1;1;83;20, BRIAND (AVENUE ARSIT;;;;60
201500010545;15;4;7;720;1;2;1;1;6;83;SAINT ROMAN (AVENUE);M;4380449;748746;60
201500010546;15;5;5;2342;5;2;1;1;2;83;POMPIDOU (ESPLANADE GEOR;;;;60
201500010547;15;5;8;15;3;1;1;1;1;83;SOSPEL (ROUTE DE );;;;60
201500010548;15;5;2;1010;1;2;1;1;3;12;14, CURIE (RUE PIERRE);;;;60
201500010549;15;5;20;920;1;2;3;1;3;104;FRANCE (AVENUE DE);;;;60
201500010550;15;5;3;1150;1;2;1;1;6;83;25, VERDUN (AVENUE DE);;;;60
201500010551;15;6;2;2105;2;2;2;1;6;83;DE GAULLE (AVENUE GENERA;;;;60
201500010552;15;6;10;1623;1;2;1;1;3;83;1, MADONE (AVENUE DE LA);;;;60
201500010553;15;6;5;825;1;2;1;1;3;83;COTY (COURS RENE, SENS M;;;;60
201500010554;15;3;3;1345;1;2;1;1;7;12;62, FOCH (AVENUE MARECHA;;;;60
201500010555;15;6;3;2125;5;2;1;1;7;104;JAURES (AVENUE JEAN);;;;60
201500010556;15;1;2;2110;5;2;1;1;2;88;0, BELLET (AV. DE);M;4369173;724457;60
201500010557;15;1;3;2030;5;2;1;1;1;88;08, CIMIEZ (BD) JUSQU'AU;M;4370680;726980;60
201500010558;15;1;4;1110;1;2;1;1;6;88;TURIN (RTE DE);;;;60
201500010559;15;1;5;745;1;2;3;1;3;88;CARABACEL (BD);M;4370427;727364;60
201500010560;15;3;16;1645;1;2;1;2;6;88;0, TUNNEL DU PAILLON;;;;60
201500010561;15;1;5;955;1;2;1;1;3;88;MARNE (AV. DE LA);M;4372490;727092;60
201500010562;15;3;17;1450;1;2;1;2;6;88;101, LYAUTEY (AV. DU MAL;;;;60
201500010563;15;1;5;1730;5;2;6;1;3;88;0, ROBINI (AV. DR VICTOR;M;4368314;720286;60
201500010564;15;3;17;1550;1;2;1;1;4;88;59, QUAI DES ETATS UNIS;;;;60
201500010565;15;1;5;1830;5;2;2;1;3;88;0, VILLERMONT (AV.);M;4370821;726497;60
201500010566;15;1;6;1300;1;2;1;1;6;88;127, LYAUTEY (AV. DU MAL;M;4371913;728310;60
201500010567;15;3;17;1620;1;2;1;1;6;88;140, BELLET (RTE DE);;;;60
201500010568;15;3;17;1706;1;2;1;1;6;88;41, NAPOLEON III (BD);M;4341141;713375;60
201500010569;15;1;8;1000;1;2;1;1;5;88;89, ANGLAIS PROMENADE;M;4369190;724889;60
201500010570;15;1;9;1300;1;2;4;1;3;88;0, SAQUI (AV. JOSEPH);;;;60
201500010571;15;3;18;1235;1;2;1;1;3;88;19 BIS, RAYBAUD JOSEPH;;;;60
201500010572;15;1;9;1300;1;2;1;1;2;88;75, HOPITAL DE CIMIEZ;;;;60
201500010573;15;3;17;1730;1;2;1;1;6;159;0, CORNE D OR (BOULEVARD;;;;60
201500010574;15;1;10;500;5;2;2;1;3;88;0, MEDECIN (AV. JEAN);;;;60
201500010575;15;3;19;755;1;2;2;1;3;88;64, ARSON (RUE);;;;60
201500010576;15;3;19;1154;1;2;1;1;6;88;10 bis, MATISSE (AV. HEN;M;4340298;713014;60
201500010577;15;1;10;1215;1;2;1;1;2;88;417, PESSICART (A PARTIR;M;4372870;723759;60
201500010578;15;3;20;720;1;2;3;1;3;88;63, CESSOLE (BD DE) (JUS;M;4343010;715107;60
201500010579;15;1;10;2000;5;2;1;1;6;88;57, MATISSE (AV. HENRI);M;4367500;721093;60
201500010580;15;1;12;715;1;2;2;1;3;88;28, SOLA (BD PIERRE);;;;60
201500010581;15;3;21;930;1;2;1;1;4;88;85, GROSSO (A PARTIR DU;;;;60
201500010582;15;1;13;1400;1;2;1;1;5;159;0, NAPOLEON III (BOULEVA;;;;60
201500010583;15;3;22;855;1;2;2;2;3;88;HUGO (BD VICTOR);;;;60
201500010584;15;1;13;1505;1;2;1;1;1;88;0, CIMIEZ (BD) A PARTIR;;;;60
201500010585;15;3;23;1615;1;2;1;1;3;88;187, CALIFORNIE (AV.) (D;;;;60
201500010586;15;3;23;1730;1;2;1;1;1;88;175, SAINT-PIERRE DE FER;;;;60
201500010587;15;1;14;1330;1;2;1;1;2;88;328, MERCANTOUR BD M6202;M;4369290;719437;60
201500010588;15;3;24;1430;1;2;1;8;2;88;0, LYAUTEY (AV. DU MAL);;;;60
201500010589;15;1;15;1455;1;2;1;1;6;88;89, ANGLAIS PROMENADE;M;4369190;724894;60
201500010590;15;3;24;1850;5;2;1;3;3;88;187, CALIFORNIE (AV.) (D;M;4340555;713555;60
201500010591;15;1;16;1200;1;2;1;8;3;88;43, ANGLAIS (DU N? 1 AU;M;4369390;725661;60
201500010592;15;3;25;2009;5;2;1;1;7;88;63, ANGLAIS (DU N° 45 AU;;;;60
201500010593;15;1;16;1845;5;2;1;8;6;88;16, DELFINO (BD GENERAL);M;4370540;728452;60
201500010594;15;1;18;1745;5;2;1;1;1;88;ARENE (AV. PAUL);;;;60
201500010595;15;3;25;2235;5;2;1;1;3;88;39, MADELEINE (BD DE LA);M;4341468;714296;60
201500010596;15;3;26;1205;1;2;1;1;6;88;6, LEONARD (R. EMILE);;;;60
201500010597;15;1;19;842;1;2;1;2;6;88;47, MONZIE (R. ANATOLE D;M;4373730;730155;60
201500010598;15;3;25;1935;5;2;1;1;6;88;80, GAMBETTA (A PARTIR D;M;4342120;715220;60
201500010599;15;1;19;900;1;2;1;3;4;88;344, ANGLAIS (DU N? 265;M;4367020;722276;60
201500010600;15;3;26;2005;5;2;1;1;6;88;81, GAMBETTA (A PARTIR D;;;;60
201500010601;15;1;19;1050;1;2;2;2;6;88;43, DIABLES BLEUS (AV. D;M;4370830;729223;60
201500010602;15;3;28;1545;1;2;1;1;6;88;30, SAINT-JEAN BAPTISTE;;;;60
201500010603;15;1;19;1900;5;2;1;1;6;88;285, ANGLAIS (DU N? 265;M;4368040;723094;60
201500010604;15;1;20;2225;4;2;1;1;6;88;0, REINE-JEANNE (R.);;;;60
201500010605;15;3;29;1300;1;2;1;1;3;159;1, LIBERATION (CARREFOUR;;;;60
201500010606;15;1;21;1000;1;2;1;2;3;88;CIMIEZ (BD) A PARTIR DU;;;;60
201500010607;15;3;27;1700;1;2;1;1;6;88;0, SAETONE (PL.);M;4342145;715524;60
201500010608;15;3;30;1005;1;2;2;1;3;88;ARSON (RUE);;;;60
201500010609;15;1;22;1620;1;2;1;1;3;88;8, MACCARANI (R.);M;4369830;726459;60
201500010610;15;3;30;1140;1;2;2;1;7;88;33, HOTEL DES POSTES (R.;M;4341593;716188;60
201500010611;15;1;22;1720;5;2;1;1;6;88;30, BORNALA (AV. DE LA);M;4369480;723744;60
201500010612;15;1;24;510;5;2;1;1;3;88;0, GAMBETTA (A PARTIR DU;;;;60
201500010613;15;3;30;1602;1;2;1;1;2;88;0, CORNIGLION MOLINIER (;;;;60
201500010614;15;1;24;1420;1;2;1;1;2;88;0, POMPIDOU (BD GEORGES);;;;60
201500010615;15;3;30;1721;1;2;1;1;6;88;5, DEVOLUY (RUE PIERRE);;;;60
201500010616;15;3;31;2100;5;2;1;1;2;88;289, PESSICART (DU 272/2;;;;60
201500010617;15;1;24;1845;5;2;1;1;3;88;57, BISCHOFFSHEIM (BD);M;4371020;729466;60
201500010618;15;3;31;2035;5;2;3;1;3;88;ALBERTI (RUE);;;;60
201500010619;15;1;24;1910;5;2;1;1;1;88;107, ANGLAIS (DU N? 45 A;M;4369114;724669;60
201500010620;15;1;25;1530;1;2;1;1;3;88;0, DUFY (RUE RAOUL);;;;60
201500010621;15;4;1;1410;1;2;1;1;4;88;58, GRENOBLE (ROUTE DE);M;4367095;720879;60
201500010622;15;4;2;840;1;2;1;1;3;88;114, LANTERNE (AV. DE LA;M;4368366;722190;60
201500010623;15;1;26;1700;1;2;9;1;6;88;22, GORBELLA (BD);M;4371990;725669;60
201500010624;15;4;2;1615;1;2;1;1;6;159;CORNE D OR (BOULEVARD DE;M;4370771;730744;60
201500010625;15;1;28;930;1;2;1;1;6;88;75, CANTA GALET (RTE DE);M;4369830;722914;60
201500010626;15;1;28;2140;5;2;2;1;3;88;0, ALBERTI (RUE);;;;60
201500010627;15;4;3;301;5;2;9;1;3;88;MASSENA (PLACE);M;4300000;700000;60
201500010628;15;1;29;2058;5;2;1;2;3;88;213, ANGLAIS (DU N? 114;M;4368605;723703;60
201500010629;15;4;4;1315;1;2;2;1;3;88;1, BORRIGLIONE (JUSQU'AU;M;4371309;726175;60
201500010630;15;1;30;1600;1;2;1;1;2;88;0, GRENOBLE (ROUTE DE);;;;60
201500010631;15;4;7;1700;1;2;1;1;6;88;203, MADELEINE (BD DE LA;;;;60
201500010632;15;4;7;1805;1;2;1;1;3;88;169, MADELEINE (AV. DE L;;;;60
201500010633;15;1;30;2300;5;2;1;1;1;159;25, CORNE D OR BD (M6007;M;4370710;730411;60
201500010634;15;1;31;250;5;2;2;1;3;88;33, LEPANTE (R. DE);M;4370636;726860;60
201500010635;15;4;8;1655;1;2;2;1;3;88;41, TURIN (RTE DE);M;4371171;728492;60
201500010636;15;2;1;1155;1;2;2;1;3;88;14, PRINCE-DE-GALLES (BD;;;;60
201500010637;15;4;8;1800;1;2;2;1;3;88;0, TURIN (RTE DE);;;;60
201500010638;15;2;2;2006;5;2;1;1;3;88;122, CARNOT (BD);;;;60
201500010639;15;2;2;2025;5;2;1;1;3;88;0, GORBELLA (BD DE);;;;60
201500010640;15;4;10;1;5;2;3;1;3;88;REPUBLIQUE (AV. DE LA);M;4370590;728303;60
201500010641;15;2;3;130;5;2;1;1;6;88;58, GORBELLA (BD DE);;;;60
201500010642;15;4;10;1710;1;2;1;1;3;88;15, SEMARD (BD PIERRE);M;4372031;729172;60
201500010643;15;2;4;1000;1;2;2;2;3;88;32, BORRIGLIONE (JUSQU'A;;;;60
201500010644;15;4;10;1738;1;2;1;1;2;88;vpm2950, VOIE RAPIDE;;;;60
201500010645;15;2;4;1810;5;2;1;2;6;88;38, RAY (AV. DU);;;;60
201500010646;15;4;12;1515;1;2;1;1;3;88;0, MADELEINE (BD DE LA);;;;60
201500010647;15;2;4;1915;5;2;2;3;3;88;FLANDRES-DUNKERQUE (TRAV;;;;60
201500010648;15;4;12;1700;1;2;1;1;2;88;37, ANGLAIS (DU N° 1 AU;M;4341381;715233;60
201500010649;15;2;4;2315;5;2;2;1;3;88;19, ASSALIT (RUE);;;;60
201500010650;15;4;12;1730;1;2;1;1;6;88;VOIE RAPIDE;;;;60
201500010651;15;2;4;2352;5;2;2;1;3;88;0, LEPANTE (R. DE);;;;60
201500010652;15;4;12;248;5;2;3;1;3;159;1150, NAPOLEON III (Bld);M;4370403;732212;60
201500010653;15;2;5;1120;1;2;1;2;2;88;ANGLAIS (DU N? 265 AU N?;;;;60
201500010654;15;4;10;1745;1;1;2;1;6;88;50, SMOLETT (R.);M;4342079;717194;60
201500010655;15;2;5;1855;5;2;1;2;3;88;290, FABRON (AV. DE) (A;;;;60
201500010656;15;4;15;845;1;2;1;1;3;88;46, CALIFORNIE (AV.) (DU;M;4368994;724163;60
201500010657;15;2;6;1225;1;2;3;1;5;88;0, CLUVIER (RUE);;;;60
201500010658;15;4;15;1910;1;1;1;1;1;88;CAL DE SPAGNOL SOUBRAN (;M;4369613;720422;60
201500010659;15;2;6;1650;2;2;1;2;4;88;29, MADELEINE (AV. DE LA;;;;60
201500010660;15;4;16;1420;1;2;1;1;3;88;0, JOFFRE (R. MARECHAL);;;;60
201500010661;15;2;6;1705;2;2;1;2;6;88;1, VIRENQUE (MONTEE CLAI;;;;60
201500010662;15;4;14;1750;1;2;1;1;3;88;DUBOUCHAGE (BD);;;;60
201500010663;15;2;6;1810;5;2;1;1;2;88;0, VOIE RAPIDE;;;;60
201500010664;15;4;17;1400;1;2;1;1;6;88;20, ARSON (RUE);M;4342010;717121;60
201500010665;15;2;7;2050;5;2;3;1;3;88;119, BISCHOFFSHEIM (BD);;;;60
201500010666;15;4;17;1650;1;2;1;1;6;88;ANGLAIS (DU N° 45 AU N°;;;;60
201500010667;15;2;8;104;5;2;1;1;2;88;49, DELFINO (BD GENERAL);;;;60
201500010668;15;4;17;1850;1;2;3;1;3;88;52 BIS, BRANCOLAR (AV.);M;4371938;726561;60
201500010669;15;2;8;1930;5;2;2;1;3;88;0, DESAMBROIS (AV.);;;;60
201500010670;15;4;18;1253;1;2;1;1;3;88;ABBAYE (MONTEE DE L');M;4372560;728476;60
201500010671;15;2;9;1635;1;2;3;1;6;88;34, RAIMBALDI (BD);;;;60
201500010672;15;4;18;1429;1;2;4;8;3;88;0, RAYBAUD JOSEPH;;;;60
201500010673;15;2;9;1745;1;2;1;1;3;88;59, VINAIGRIER (CH. DU);;;;60
201500010674;15;4;20;545;5;2;1;1;5;88;1, RICOLFI (R. HUMBERT);;;;60
201500010675;15;2;11;930;1;2;1;1;6;88;48, GARNIER (BD JOSEPH);;;;60
201500010676;15;4;20;552;5;2;1;1;3;88;124, CALIFORNIE (AV.) (D;M;4368621;723621;60
201500010677;15;2;11;1030;1;2;2;1;3;88;0, PERTINAX (R.);;;;60
201500010678;15;4;20;1545;1;2;1;1;2;88;123, ANGLAIS (DU N° 114;M;4341252;714397;60
201500010679;15;2;12;740;1;2;1;1;2;88;8, EUGENIE (BD IMPERATRI;;;;60
201500010680;15;4;21;1715;1;2;3;1;6;88;40, STE-MARGUERITE (AV.);M;4367830;721999;60
201500010681;15;2;12;745;1;2;1;1;6;88;48, SAINTE-ROSALIE (CORN;;;;60
201500010682;15;4;23;130;5;2;1;1;6;88;123, OLIVIERS (CORNICHE;;;;60
201500010683;15;2;13;1430;1;2;3;1;3;88;2, CIAUDO (RUE DU DOCTEU;;;;60
201500010684;15;4;23;1015;1;2;1;1;6;88;04, FAURE (AV. FELIX);M;4369862;727489;60
201500010685;15;2;13;1630;1;2;1;3;6;88;0, ANGLAIS (A PARTIR DU;;;;60
201500010686;15;4;23;1430;1;2;1;1;3;88;2, JOLY (CORNICHE ANDRE;M;4370049;728919;60
201500010687;15;2;13;1955;5;2;2;3;5;88;0, DIGUE DES FRANCAIS (T;;;;60
201500010688;15;4;24;730;1;2;1;1;1;88;11, PEGURIER (R. AUGUSTE;M;4367413;722451;60
201500010689;15;2;13;2220;5;2;1;3;3;88;2, GRENOBLE (ROUTE DE);;;;60
201500010690;15;4;24;125;5;2;1;1;7;88;THIERS (AV.);M;4370467;726314;60
201500010691;15;2;13;1535;1;2;1;2;6;88;47, CALIFORNIE (AV.) (A;;;;60
201500010692;15;4;24;1245;1;2;1;1;3;88;EIFFEL (AV. GUSTAVE);;;;60
201500010693;15;2;13;2250;5;2;1;2;5;88;15, CESSOLE (BD DE) (A P;;;;60
201500010694;15;4;24;2205;5;2;1;1;6;88;99, ARIANE (BD DE L');M;4373530;730195;60
201500010695;15;2;14;2020;5;2;2;2;3;88;0, LYAUTEY (AV. DU MAL);;;;60
201500010696;15;4;25;645;1;2;1;1;2;88;1, VOIE RAPIDE;M;4367339;722166;60
201500010697;15;2;15;1820;4;2;1;3;6;88;107, GROSSO (A PARTIR DU;;;;60
201500010698;15;4;25;950;1;2;1;2;3;88;1, DIGUE DES FRANCAIS (T;;;;60
201500010699;15;2;16;1135;1;2;1;1;4;88;42, TRACHEL (RUE);;;;60
201500010700;15;4;27;1750;1;2;1;1;6;88;20, BAUDELAIRE (RUE CHAR;M;4343404;715293;60
201500010701;15;2;18;1400;1;2;1;1;3;88;RAYBAUD JOSEPH;;;;60
201500010702;15;4;28;900;1;2;1;1;1;88;162, BESSET (AV.) (A PAR;M;4372483;724744;60
201500010703;15;2;18;1650;1;2;6;1;3;88;GRENOBLE (ROUTE DE);;;;60
201500010704;15;4;28;855;1;2;3;1;3;88;0, MATISSE (AV. HENRI);;;;60
201500010705;15;2;18;1850;5;2;3;1;3;88;82, CESSOLE (BD DE) (JUS;;;;60
201500010706;15;4;28;1205;1;2;1;1;2;88;566, GRENOBLE (ROUTE DE);;;;60
201500010707;15;2;19;1900;5;2;1;1;3;88;63, ARIANE (BD DE L');;;;60
201500010708;15;4;28;2157;5;2;1;1;3;88;, DIABLES BLEUS (AV. DES;;;;60
201500010709;15;4;30;1340;1;2;1;1;2;88;199, ANGLAIS (DU N° 114;M;4368643;723784;60
201500010710;15;2;20;1508;1;2;2;1;6;88;52, RAY (AV. DU);M;4372562;725557;60
201500010711;15;2;21;140;5;2;1;1;6;88;0, RD 6202;;;;60
201500010712;15;5;2;1726;1;2;1;1;5;88;, EL-NOUZAH (RUE);;;;60
201500010713;15;2;21;1000;1;1;1;3;1;159;73, BELLAVISTA (AVENUE);;;;60
201500010714;15;5;3;1110;1;2;1;1;6;88;110, OLIVIERS (CORNICHE;;;;60
201500010715;15;2;21;1130;1;2;1;1;6;88;0, RAIBERTI (R.);;;;60
201500010716;15;5;3;300;5;2;1;1;6;88;NAPOLEON III (PONT);;;;60
201500010717;15;2;21;1330;1;2;1;2;6;88;0, BLANQUI (PL. AUGUSTE);;;;60
201500010718;15;5;3;1215;1;2;1;1;2;88;62, DUNANT (AV. HENRI);;;;60
201500010719;15;2;21;1655;1;2;3;3;3;88;34, SEMARD (BD PIERRE);;;;60
201500010720;15;5;4;845;1;2;1;1;1;88;80, MATISSE (AV. HENRI);;;;60
201500010721;15;2;21;1920;5;2;3;2;6;88;CARABACEL (BD);;;;60
201500010722;15;5;4;1120;1;2;3;1;1;88;11, RAY (AV. DU);;;;60
201500010723;15;2;22;1145;1;2;1;1;3;88;ANGLAIS (DU N? 265 AU N?;;;;60
201500010724;15;5;2;2310;5;2;1;1;3;88;59, GAMBETTA (JUSQU'AU N;;;;60
201500010725;15;2;23;850;1;2;1;1;3;88;2, TZAREWITCH (BD DU);;;;60
201500010726;15;5;4;1734;1;2;1;1;5;88;borne 118, VOIE RAPIDE;;;;60
201500010727;15;2;24;1;5;2;2;1;3;88;0, MEDECIN (AV. JEAN);;;;60
201500010728;15;5;5;1710;1;2;1;1;7;88;64, MATISSE (AV. HENRI);;;;60
201500010729;15;2;24;1030;1;2;1;8;2;88;43, ANGLAIS (DU N? 1 AU;;;;60
201500010730;15;5;7;920;1;2;1;1;6;88;4, TOUR (R. ET PL. DE LA;;;;60
201500010731;15;2;24;1800;1;2;1;1;3;159;BELLAVISTA (AVENUE);;;;60
201500010732;15;5;7;1145;1;2;1;1;3;88;62, CASSIN (BD RENE);;;;60
201500010733;15;2;24;1820;3;2;2;1;3;88;0, DUBOUCHAGE (BD);;;;60
201500010734;15;5;7;2152;5;2;1;1;3;88;29/30, ANGLAIS (DU N° 1;M;4341420;715521;60
201500010735;15;2;25;1035;1;2;2;1;3;88;2, MALAUSSENA (AV.);;;;60
201500010736;15;5;8;850;1;2;1;1;3;159;9, CORNE D OR (BOULEVARD;;;;60
201500010737;15;2;25;1100;1;2;1;1;3;88;8, PHOCEENS (AV. DES);;;;60
201500010738;15;5;8;1430;1;2;1;1;3;88;70, ANGLAIS (DU N° 45 AU;;;;60
201500010739;15;2;26;130;4;2;1;1;1;88;77, CARNOT (BD);;;;60
201500010740;15;5;9;941;1;2;1;1;6;88;0, MICHEL ANGE (AV.) (JU;;;;60
201500010741;15;2;27;1115;1;2;3;1;5;88;78, CORNICHE FLEURIE (AV;;;;60
201500010742;15;5;9;1050;1;2;8;1;6;88;06, VERANY (BD J.B.);;;;60
201500010743;15;2;27;1700;1;2;1;1;6;88;90, ROQUEBILLIERE (R. DE;;;;60
201500010744;15;5;9;1800;1;2;1;1;6;88;34, BORNALA (AV. DE LA);;;;60
201500010745;15;2;27;1715;1;2;1;1;6;88;10, FLIREY (AV. DE);;;;60
201500010746;15;5;10;420;5;2;1;1;3;88;203, STE MARGUERITE (AV.;;;;60
201500010747;15;2;27;2334;5;2;1;1;6;88;139, ST LAMBERT A PARTIR;;;;60
201500010748;15;5;10;1834;1;2;1;1;2;88;VOIE RAPIDE;M;4340212;713145;60
201500010749;15;2;28;100;5;2;1;1;6;88;77, ANGLAIS (DU N? 45 AU;;;;60