num_acc;an;mois;jour;hrmn;lum;agg;int;atm;col;com;adr;gps;lat;long;dep
201500010750;15;5;11;1505;1;2;1;1;3;88;132, LANTERNE (AV. DE LA;M;4341040;713096;60
201500010751;15;3;2;1030;1;2;1;1;3;88;TURIN (RTE DE);;;;60
201500010752;15;5;12;755;1;2;1;1;6;88;66, BRAILLE (BD LOUIS);;;;60
201500010753;15;3;2;1735;1;2;5;1;3;88;192, CALIFORNIE (AV.) (D;;;;60
201500010754;15;5;12;1350;1;2;1;1;1;88;69, DAUPHINE (AV.);;;;60
201500010755;15;3;3;1245;1;2;1;1;3;88;85, CESSOLE (BD DE) (JUS;;;;60
201500010756;15;5;12;1430;1;2;1;1;6;88;37, CARABACEL (BD);;;;60
201500010757;15;3;4;1140;1;2;3;1;1;88;27, CESSOLE (BD DE) (JUS;;;;60
201500010758;15;5;13;110;5;2;1;1;2;88;ANGLAIS (DU N° 45 AU N°;;;;60
201500010759;15;3;4;1815;3;2;1;1;6;88;43, PAPE JEAN XXIII (BD);;;;60
201500010760;15;5;13;850;1;2;1;1;6;88;3, SAPPIA (AV. HENRI);;;;60
201500010761;15;3;5;1710;1;2;1;1;3;88;8, FAURE (AV. FELIX);;;;60
201500010762;15;5;13;1345;1;2;1;1;4;88;1, VOIE RAPIDE;;;;60
201500010763;15;3;5;1915;5;2;1;1;4;88;0, MATISSE (AV. HENRI);;;;60
201500010764;15;3;6;115;5;2;3;1;6;88;37, CARLONE (BD);;;;60
201500010765;15;5;14;220;5;2;1;1;7;88;274, CALIFORNIE (AV.) (A;;;;60
201500010766;15;3;6;800;1;2;2;1;3;88;0, ALBERTI (RUE);;;;60
201500010767;15;5;14;1545;1;2;1;1;6;88;13, FALICON (BD COMTE DE;M;4372867;725547;60
201500010768;15;3;6;1525;1;2;1;1;2;88;MALRAUX (VOIE ET TUNNEL);;;;60
201500010769;15;5;15;1205;1;2;1;1;1;88;6, STE-MARGUERITE (AV.);;;;60
201500010770;15;3;7;2038;5;2;1;1;3;88;108, GAMBETTA (A PARTIR;;;;60
201500010771;15;5;15;1750;1;2;1;1;6;88;13, CITE DE L'EAU FRAICH;;;;60
201500010772;15;3;7;2130;5;2;1;1;3;88;0, GUYNEMER (PL.);;;;60
201500010773;15;5;15;1830;1;2;1;1;1;88;VERNIER (R.);;;;60
201500010774;15;3;8;740;1;2;1;1;5;88;40, EUGENIE (BD IMPERATR;;;;60
201500010775;15;5;16;1645;1;1;1;1;6;88;0, THIERS (AV.);;;;60
201500010776;15;3;8;1640;1;2;1;1;6;88;153, CESSOLE (BD DE) (A;;;;60
201500010777;15;5;16;1650;1;2;2;1;6;88;12, FAURE (AV. FELIX);;;;60
201500010778;15;3;9;815;1;2;1;1;4;88;263, ANGLAIS (DU N° 114;;;;60
201500010779;15;3;9;900;1;2;1;1;3;88;63, ANGLAIS (DU N° 45 AU;;;;60
201500010780;15;3;10;800;1;2;1;1;4;88;PENETRANTE DU PAILLON;;;;60
201500010781;15;5;17;1330;1;2;1;1;3;88;5, ILE-DE-BEAUTE (PL. DE;M;4369859;728559;60
201500010782;15;3;10;2210;5;2;3;1;3;88;97, PASTEUR (BD);;;;60
201500010783;15;5;17;1700;1;2;9;1;3;88;181, GRENOBLE (ROUTE DE);;;;60
201500010784;15;3;11;755;1;2;1;1;2;88;35, THIERS (AV.);;;;60
201500010785;15;5;17;1920;1;2;1;1;6;88;12, SAINT-JEAN D'ANGELY;;;;60
201500010786;15;3;11;1015;1;2;4;1;3;88;COMBOUL (AV. RAYMOND);;;;60
201500010787;15;5;18;830;1;2;1;1;3;88;5, ROBINI (AV. DR VICTOR;;;;60
201500010788;15;3;11;1900;5;2;1;1;6;88;301, TERRON (CH. DE);;;;60
201500010789;15;5;18;1110;1;2;1;1;6;88;2, ALLEGRE (AV. JEAN);;;;60
201500010790;15;3;12;1215;1;2;1;1;3;88;0, ANGLAIS (DU N° 114 AU;;;;60
201500010791;15;5;18;1630;1;2;2;1;3;88;GRENOBLE (ROUTE DE);;;;60
201500010792;15;3;12;1710;1;2;1;1;3;159;0, BELLAVISTA (AVENUE);;;;60
201500010793;15;5;18;1920;1;2;8;1;6;88;205, MADELEINE (BD DE LA;;;;60
201500010794;15;3;12;1855;5;2;1;1;3;88;0, POMPIDOU (BD GEORGES);;;;60
201500010795;15;5;19;820;1;2;4;1;1;88;282, SAINT-ANTOINE (RTE;;;;60
201500010796;15;3;13;1910;5;2;1;1;5;88;247, ANGLAIS (DU N° 114;;;;60
201500010797;15;5;19;1210;1;2;2;1;3;88;26, VERANY (BD J.B.);;;;60
201500010798;15;3;13;2115;5;2;1;1;2;88;34, ANGLAIS (DU N° 1 AU;;;;60
201500010799;15;5;19;1805;1;2;1;1;6;88;2, PLATANES (AV. DES);;;;60
201500010800;15;3;14;1000;1;2;1;1;6;88;47, RAYNAUD (BD AUGUSTE);;;;60
201500010801;15;5;20;845;1;2;1;1;3;88;0, GRINDA (AV. EDOUARD);;;;60
201500010802;15;3;14;2130;5;2;1;1;2;88;101, GAMBETTA (A PARTIR;;;;60
201500010803;15;5;20;2005;1;2;7;1;3;88;0, ARIANE (BD DE L');;;;60
201500010804;15;3;15;915;1;2;2;1;3;88;00, GOUNOD (RUE);;;;60
201500010805;15;5;20;2015;1;2;9;1;3;88;VOIE RAPIDE;;;;60
201500010806;15;5;20;2020;2;2;1;1;1;88;0, ANGLAIS PLAGE (DU 265;;;;60
201500010807;15;5;21;1200;1;2;1;1;6;159;503, BELLAVISTA (AVENUE);;;;60
201500010808;15;5;20;2020;2;2;1;1;3;159;56, PRINCESSE GRACE DE M;;;;60
201500010809;15;5;21;2100;2;2;2;1;1;88;0, GASSIN (R. COLONEL);;;;60
201500010810;15;5;22;220;5;2;1;1;1;88;RD 6202;;;;60
201500010811;15;5;22;1410;1;2;1;1;2;88;218, ANGLAIS (DU N° 114;;;;60
201500010812;15;5;23;645;1;2;1;1;6;159;BASSE CORNICHE;;;;60
201500010813;15;5;23;1000;1;2;1;1;6;88;LYAUTEY (AV. DU MAL);;;;60
201500010814;15;5;23;1815;1;2;1;1;6;88;25, CANAVESE (RUE JEAN);;;;60
201500010815;15;5;25;1030;1;2;1;1;6;88;36, DELFINO (BD GENERAL);;;;60
201500010816;15;5;25;1745;1;2;1;1;1;88;0, ROBINI (AV. DR VICTOR;;;;60
201500010817;15;5;26;750;1;2;1;1;2;88;RIMIEZ (AV. DE);;;;60
201500010818;15;5;27;639;1;2;1;1;3;88;0, COTY (PONT RENE);;;;60
201500010819;15;5;27;1240;1;2;1;1;6;88;0, DEFLY (RUE);;;;60
201500010820;15;5;27;1355;1;2;1;1;3;88;0, JOFFRE (R. MARECHAL);;;;60
201500010821;15;5;27;1540;1;2;1;1;4;88;1, GOUNOD (RUE);;;;60
201500010822;15;5;28;59;5;2;1;1;3;88;JAURES (BD JEAN);;;;60
201500010823;15;5;28;940;1;2;1;1;6;88;GORBELLA (BD DE);;;;60
201500010824;15;5;28;1200;1;2;1;1;3;88;VOIE RAPIDE;;;;60
201500010825;15;5;28;1310;1;2;3;1;6;88;75, BESSET (AV.) (A PART;;;;60
201500010826;15;5;28;1605;1;2;2;1;6;88;0, ROQUEBILLIERE (R. DE);;;;60
201500010827;15;5;28;1645;1;2;1;1;2;88;49, CALIFORNIE (AV.) (DU;;;;60
201500010828;15;5;30;140;5;2;1;1;6;88;0, VOIE RAPIDE;;;;60
201500010829;15;5;30;800;1;2;1;1;1;88;34, VERNIER (R.);;;;60
201500010830;15;5;30;945;1;2;1;1;2;88;63, GRENOBLE (ROUTE DE);;;;60
201500010831;15;5;31;20;5;2;1;1;6;88;39, GAMBETTA (JUSQU'AU N;;;;60
201500010832;15;5;31;1435;1;2;2;1;3;88;LEPANTE (R. DE);;;;60
201500010833;15;5;31;2038;2;2;2;1;3;88;NORMANDIE (AV. DE);;;;60
201500010834;15;6;1;1345;1;1;1;1;6;88;742, GRENOBLE (ROUTE DE);;;;60
201500010835;15;6;2;915;1;2;1;1;5;88;VERANY (BD J.B.);;;;60
201500010836;15;6;2;910;1;2;1;1;3;88;53, CAP DE CROIX (AV. ET;;;;60
201500010837;15;6;2;1145;1;2;3;1;3;88;47, ANGLAIS (DU N° 45 AU;;;;60
201500010838;15;6;2;1445;1;2;1;1;1;88;281, CALIFORNIE (AV.) (A;;;;60
201500010839;15;6;2;1810;1;2;2;1;1;88;05, MARSHALL (PL. GENERA;;;;60
201500010840;15;6;2;1900;1;2;3;1;3;88;CHURCHILL (BD WINSTON);;;;60
201500010841;15;6;2;2309;5;2;1;1;6;88;60, ESTIENNE -D'ORVES (A;;;;60
201500010842;15;6;3;2310;5;2;2;1;1;88;76, JOLY (CORNICHE ANDRE;;;;60
201500010843;15;6;4;725;1;2;1;1;3;88;81, RAYBAUD JOSEPH;;;;60
201500010844;15;6;4;1200;1;2;1;1;1;88;0, SAINT-PHILIPPE (PL.);;;;60
201500010845;15;6;4;1300;1;2;1;1;4;88;211, ANGLAIS (DU N° 114;;;;60
201500010846;15;6;4;1510;1;2;1;1;2;88;10, COMBATTANTS D'AFN (R;;;;60
201500010847;15;6;4;1900;1;2;1;1;3;88;8, CARLONE (BD);;;;60
201500010848;15;6;4;2010;1;2;2;1;3;88;0, BORRIGLIONE (A PARTIR;;;;60
201500010849;15;6;5;845;1;2;1;1;3;88;13, GAMBETTA (JUSQU'AU N;;;;60
201500010850;15;6;5;1435;1;2;2;1;7;88;FLEURS (AV. DES);;;;60
201500010851;15;6;5;1715;1;2;1;1;3;88;0, VOIE RAPIDE;;;;60
201500010852;15;6;5;1705;1;2;1;1;2;88;127, ANGLAIS (DU N° 114;;;;60
201500010853;15;6;7;210;5;2;1;1;6;88;0, TUNNEL DU PAILLON;;;;60
201500010854;15;6;6;1845;1;2;1;1;5;88;179, ANGLAIS (DU N° 114;;;;60
201500010855;15;6;8;845;1;2;1;1;2;88;0, DELFINO (BD GENERAL);M;4370407;728856;60
201500010856;15;6;7;615;2;1;1;1;6;88;0, NAPOLEON III (PONT);M;4339542;712112;60
201500010857;15;6;9;1550;1;2;1;1;3;88;0, ROSSINI (R.);M;4370015;726241;60
201500010858;15;6;9;1715;1;2;2;1;6;88;37, ANGLAIS (DU N° 1 AU;M;4369421;725708;60
201500010859;15;6;9;1745;1;2;1;1;4;88;1, VOIE RAPIDE;;;;60
201500010860;15;6;10;955;1;2;1;1;1;88;150, CORNICHE FLEURIE (A;M;4369542;729244;60
201500010861;15;6;10;1250;1;2;1;1;1;88;32, CIMIEZ (BD) A PARTIR;;;;60
201500010862;15;6;10;1345;1;2;1;1;6;88;6, CARABACEL (BD);M;4370318;727698;60
201500010863;15;6;10;1415;1;2;2;1;3;88;RIPERT (EMILE);;;;60
201500010864;15;6;10;1900;1;2;1;1;2;88;11, MATISSE (AV. HENRI);;;;60
201500010865;15;6;9;2347;5;2;1;1;6;88;00, DANTE (RUE);;;;60
201500010866;15;6;12;35;5;2;2;1;3;88;0, RIQUIER (BD DE);M;4370119;728806;60
201500010867;15;6;12;1500;1;2;1;1;3;88;MONTREAL (BD DE);;;;60
201500010868;15;6;12;1845;1;2;3;1;3;88;308, STE MARGUERITE (AV.;M;4369448;719990;60
201500010869;15;6;13;700;1;2;3;1;3;88;1, BOTTERO (RUE);;;;60
201500010870;15;6;13;1750;1;2;1;1;3;88;COMBOUL (AV. RAYMOND);M;4370942;726565;60
201500010871;15;6;13;2240;4;2;1;1;4;88;38, ANGLAIS (DU N° 1 AU;;;;60
201500010872;15;6;15;940;1;2;2;1;6;88;8, VOIE ROMAINE (AV. DE;M;4372333;728588;60
201500010873;15;6;15;1215;1;2;1;1;6;88;61, QUAI DES ETATS UNIS;;;;60
201500010874;15;6;16;1400;1;2;1;1;6;88;3 bis, SEYTOUR (R. MARTI;M;4369996;728221;60
201500010875;15;6;17;940;1;2;1;1;7;88;247, ANGLAIS (DU N° 114;;;;60
201500010876;15;6;17;1035;1;2;1;1;3;88;6, DANTE (RUE);M;4369595;725512;60
201500010877;15;6;17;1315;1;2;1;1;6;88;81, BAREL (BD VIRGILE);;;;60
201500010878;15;6;21;1220;1;2;1;1;6;88;ANGLAIS (DU N° 1 AU N° 4;;;;60
201500010879;15;6;21;1300;1;2;1;1;3;88;0, RAYNAUD (BD AUGUSTE);M;4371463;725856;60
201500010880;15;6;21;1810;1;2;1;1;3;88;139, LANTERNE (AV. DE LA;;;;60
201500010881;15;6;22;1445;1;2;1;1;1;88;VERNIER (R.);;;;60
201500010882;15;6;22;1600;1;2;1;1;1;88;49, OBSERVATOIRE (R. PRI;;;;60
201500010883;15;6;23;1445;1;2;1;1;1;88;24, CESSOLE (BD DE) (JUS;M;4371213;725543;60
201500010884;15;6;23;1550;1;2;1;1;3;88;VOIE RAPIDE;M;4370564;726275;60
201500010885;15;6;24;828;1;2;1;1;6;88;40 bis, GORBELLA (BD DE);;;;60
201500010886;15;6;24;1030;1;2;1;1;4;88;96, CASSIN (BD RENE);M;4366984;721772;60
201500010887;15;6;25;1650;1;2;2;1;3;88;BERLIOZ (RUE);;;;60
201500010888;15;6;26;530;2;2;1;1;6;88;39, CALIFORNIE (AV.) (DU;M;4369011;724213;60
201500010889;15;6;26;910;1;2;1;1;2;88;CORNIGLION MOLINIER (BD);;;;60
201500010890;15;6;26;1110;1;2;1;1;7;88;116-130, PASTEUR (BD);M;4371366;727966;60
201500010891;15;6;26;1500;1;2;2;1;6;88;7, PASTORELLI (R.);;;;60
201500010892;15;6;26;2257;5;2;1;1;6;88;93, VALROSE (AV. );;;;60
201500010893;15;6;27;750;1;2;1;1;1;88;35, EGLISE ST PANCRACE (;;;;60
201500010894;15;6;28;2230;5;2;2;1;3;88;0, HUGO (BD VICTOR);M;;;60
201500010895;15;6;29;1115;1;2;1;1;3;88;64, BESSET (AV.) (A PART;;;;60
201500010896;15;6;29;2305;5;2;2;1;1;88;FABRON (AV. DE) (JUSQU'A;;;;60
201500010897;15;6;30;835;1;2;2;1;5;88;33, ARSON (RUE);;;;60
201500010898;15;6;30;1045;1;2;1;1;6;88;28, LANTERNE (AV. DE LA);;;;60
201500010899;15;6;30;1130;1;2;1;1;6;88;0, GUTENBERG (R.);M;4370950;725850;60
201500010900;15;7;1;2130;2;2;2;1;3;88;HUGO (BD VICTOR);;;;60
201500010901;15;7;2;625;1;2;1;1;3;88;PASSY (R. FREDERIC);;;;60
201500010902;15;7;2;1145;1;2;1;1;6;88;245, ANGLAIS (DU N° 114;;;;60
201500010903;15;7;2;1445;1;2;6;1;6;88;320, TURIN (RTE DE);M;4373144;728930;60
201500010904;15;7;3;807;1;2;1;1;1;88;19, VALOMBROSE (AV. DE);;;;60
201500010905;15;7;3;755;1;2;3;1;6;88;1, GRENOBLE (ROUTE DE);M;4368397;719847;60
201500010906;15;7;3;1600;1;2;1;1;3;88;5, PELLOS (R. FRANCOIS);M;4371053;726479;60
201500010907;15;7;4;10;5;2;2;1;3;88;0, SMOLETT (R.);;;;60
201500010908;15;7;4;1600;1;2;1;1;2;88;107, ANGLAIS (DU N° 114;M;4369092;724663;60
201500010909;15;7;5;940;1;2;1;1;6;88;37, MATISSE (AV. HENRI);;;;60
201500010910;15;7;5;2302;5;1;1;1;3;88;57, MATISSE (AV. HENRI);;;;60
201500010911;15;7;6;1040;1;2;2;1;3;88;0, ARMEE DES ALPES (BD D;M;4370829;729280;60
201500010912;15;7;6;2036;2;2;1;1;1;88;59, ETATS UNIS (QUAI DES;;;;60
201500010913;15;7;6;1900;1;2;1;1;2;88;3, MADELEINE (BD DE LA);;;;60
201500010914;15;7;7;1250;1;2;1;1;3;88;63, MADELEINE (BD DE LA);M;4369826;724028;60
201500010915;15;3;29;25;5;1;1;1;3;88;0, ROQUEBILLIERE (R. DE);;;;60
201500010916;15;7;7;1800;1;2;1;1;6;88;CASSIN (BD RENE);M;4367009;722112;60
201500010917;15;7;8;1935;1;2;1;1;6;88;0, VALOMBROSE (AV. DE);M;4372552;727930;60
201500010918;15;7;8;2000;2;2;1;1;6;88;GILLY (R. JULES);;;;60
201500010919;15;7;9;1300;1;2;1;1;6;88;102, SAINT-PIERRE DE FER;M;4370715;0;60
201500010920;15;7;9;2100;2;2;1;1;1;159;23, CORNE D OR (BOULEVAR;M;4370704;730401;60
201500010921;15;7;10;140;5;2;1;1;3;88;198, ANGLAIS (DU N° 114;M;4368652;723793;60
201500010922;15;7;10;830;1;2;2;1;3;88;45bis, GAMBETTA (JUSQU'A;M;4369909;725609;60
201500010923;15;7;10;1100;1;2;2;1;2;88;TURIN (RTE DE);;;;60
201500010924;15;7;10;2045;1;2;1;1;3;88;0, CORNICHE FLEURIE (AV.;M;4369535;729220;60
201500010925;15;7;11;26;5;2;1;1;3;88;0, CASSIN (BD RENE);M;4367184;722356;60
201500010926;15;7;11;700;1;2;3;1;3;88;0, CARABACEL (BD);M;4370393;727467;60
201500010927;15;7;9;2030;1;2;2;1;1;88;MICHEL (R. JULES);;;;60
201500010928;15;7;11;1000;1;2;1;1;3;88;148, CALIFORNIE (AV.) (D;;;;60
201500010929;15;7;11;2350;5;2;1;1;2;88;189, MADELEINE (BD DE LA;M;4370633;723229;60
201500010930;15;7;12;2052;5;2;1;1;6;88;272, CALIFORNIE (AV.) (A;;;;60
201500010931;15;7;14;1615;1;2;2;1;3;88;0, PARIS (R. DE);M;4370476;726735;60
201500010932;15;7;15;1615;1;2;1;1;2;88;22, QUAI LUNEL;;;;60
201500010933;15;7;15;1720;1;2;1;1;2;88;71, ROQUEBILLIERE (R. DE;M;4371390;728910;60
201500010934;15;7;16;1430;1;2;7;1;3;88;SAINT-PHILIPPE (PL.);;;;60
201500010935;15;7;16;1440;1;2;1;1;2;88;16, JOLY (CORNICHE ANDRE;M;4369947;729386;60
201500010936;15;7;17;110;5;2;1;1;6;88;120, SAINT-PIERRE DE FER;M;4371523;723856;60
201500010937;15;7;17;1120;1;2;6;1;3;88;0, GRENOBLE (ROUTE DE);M;4374765;718880;60
201500010938;15;7;17;2020;1;1;1;1;3;88;199, ANGLAIS (DU N° 114;M;4368856;724092;60
201500010939;15;7;18;1235;1;1;4;1;1;88;0, LAUVETTE (CITE DE LA);M;4374267;730836;60
201500010940;15;7;18;1450;1;2;1;1;2;88;0, ANGLAIS (DU N° 1 AU N;;;;60
201500010941;15;7;18;1815;1;2;1;1;2;159;1125, NAPOLEON III (BOUL;M;4370353;732309;60
201500010942;15;7;19;1040;1;2;1;1;6;88;RAY (AV. DU);M;4372439;725780;60
201500010943;15;7;19;1230;1;2;1;1;1;88;183, PESSICART (JUSQU'AU;M;4371458;725082;60
201500010944;15;7;21;135;5;2;3;1;3;88;0, SAINT-AUGUSTIN (AV. D;M;4367526;722721;60
201500010945;15;7;21;1155;1;2;1;1;6;88;0, TUNNEL ET VOIE MALRAU;M;4370724;727615;60
201500010946;15;7;21;1800;1;2;9;1;3;88;0, VOIE RAPIDE;M;4369812;724814;60
201500010947;15;7;21;2351;5;2;1;1;7;88;11, GAMBETTA (JUSQU'AU N;M;4369490;725618;60
201500010948;15;7;22;745;1;2;1;1;6;159;57, GENERAL LECLER (AVEN;M;4370436;730305;60
201500010949;15;7;23;915;1;2;1;1;1;88;4, QUAI PAPACINO;M;4369807;728355;60
201500010950;15;7;25;254;5;2;2;1;3;88;35, BARLA (RUE);M;4370077;728677;60
201500010951;15;7;25;1500;1;2;2;1;3;88;30, ALBERTI (RUE);M;4370093;727107;60
201500010952;15;7;25;1740;1;2;1;1;6;88;122, CARNOT (BD);M;4369193;729389;60
201500010953;15;7;26;240;5;2;1;1;2;88;115, ANGLAIS (N° 113);M;4369063;724501;60
201500010954;15;7;27;1340;1;2;1;1;3;88;119, PASTEUR (BD);M;4371306;727917;60
201500010955;15;7;27;1740;1;2;1;1;2;88;155, ANGLAIS (DU N° 114;M;4368883;724108;60
201500010956;15;7;28;750;1;2;2;1;6;88;0, BLANCON (RUE PIERRE);M;4370569;728815;60
201500010957;15;7;28;1115;1;2;2;1;3;88;18, MIRON (R.);M;4370617;726686;60
201500010958;15;7;28;1320;1;2;1;1;3;88;109, SAINT-AUGUSTIN (AV.;M;4367034;721689;60
201500010959;15;7;28;1945;1;1;1;1;3;88;183, RIMIEZ (AV. DE);;;;60
201500010960;15;7;29;945;1;2;1;1;7;88;232, RD 6202;M;4368085;720028;60
201500010961;15;7;29;1140;1;2;1;1;6;88;69, GORBELLA (BD DE);M;4371940;725661;60
201500010962;15;7;28;1740;1;2;1;1;3;88;0, ARIANE (BD DE L');M;4373896;730791;60
201500010963;15;7;29;2010;1;2;1;1;6;88;0, GARIBALDI (PL.);M;4370052;728029;60
201500010964;15;7;29;2005;1;2;1;1;3;159;11, ALBERT 1ER (AVENUE);M;4370398;731093;60
201500010965;15;7;30;1540;1;2;2;1;3;88;1, JOFFRE (R. MARECHAL);M;4369861;726395;60
201500010966;15;7;31;1445;1;2;1;1;2;88;273, GRENOBLE (ROUTE DE);;;;60
201500010967;15;8;1;1908;1;2;1;1;6;88;6, BARLA (RUE);M;4370241;728107;60
201500010968;15;8;2;1215;1;2;1;1;1;88;65, CREMAT (CH. DE);M;4371453;719579;60
201500010969;15;8;4;245;5;2;2;1;3;88;0, KARR (R. ALPHONSE);M;4342022;715507;60
201500010970;15;8;4;1920;1;2;1;1;3;88;0, RAYNAUD (BD AUGUSTE);M;4371689;725699;60
201500010971;15;8;5;850;1;2;1;1;3;159;1723, MOYENNE CORNICHE;M;4371644;733288;60
201500010972;15;8;5;1850;1;2;1;1;6;88;QUAI DES ETATS UNIS;M;4369511;727148;60
201500010973;15;8;5;155;5;2;1;1;6;88;0, ANGLAIS (A PARTIR DU;M;4339530;712120;60
201500010974;15;8;6;2235;5;2;2;1;3;88;4, AUNE (RUE FRANCOIS);M;4369881;725538;60
201500010975;15;8;7;1220;1;2;1;1;3;159;1005, NAPOLEON III (BOUL;M;4370359;732278;60
201500010976;15;8;7;1500;1;2;9;1;3;88;81, RAYBAUD JOSEPH;;;;60
201500010977;15;8;8;2330;5;2;2;1;3;88;9, PARIS (R. DE);M;4370622;726856;60
201500010978;15;8;9;1029;1;2;1;1;6;88;8, GLORIA (AV.);;;;60
201500010979;15;8;9;1645;1;2;1;1;3;88;1, NAPOLEON III (PONT);M;4366411;719962;60
201500010980;15;8;10;40;5;2;1;1;1;88;0, GAMBETTA (JUSQU'AU N°;;;;60
201500010981;15;8;10;130;5;2;1;1;6;88;75, JOLY (CORNICHE ANDRE;;;;60
201500010982;15;8;10;2155;5;1;1;1;3;88;ANGLAIS (A PARTIR DU N°;;;;60
201500010983;15;8;12;250;5;2;1;1;6;88;ANGLAIS (DU N° 1 AU N° 4;M;4369539;726539;60
201500010984;15;8;12;420;5;2;1;1;6;88;1, CHATEAUNEUF (RUE);;;;60
201500010985;15;8;12;1150;1;2;1;1;3;88;11, RAY (AV. DU);M;4372118;726076;60
201500010986;15;8;12;1530;1;2;1;1;3;88;37, ANGLAIS (DU N° 1 AU;;;;60
201500010987;15;8;12;2350;5;2;3;1;7;88;GARIGLIANO (PONTS);;;;60
201500010988;15;8;13;925;1;2;2;1;3;88;FIGHIERA (R. DU DOCTEUR);M;4371070;728938;60
201500010989;15;8;13;920;1;2;2;1;3;88;VERANY (BD J.B.);;;;60
201500010990;15;8;13;2210;5;2;2;1;3;88;DIABLES BLEUS (AV. DES);;;;60
201500010991;15;8;15;815;1;2;1;1;1;88;51, MATISSE (AV. HENRI);;;;60
201500010992;15;8;16;2210;5;2;1;1;6;88;ANGLAIS (N° 113);;;;60
201500010993;15;8;17;720;1;1;1;1;2;159;25, PRINCESSE GRACE DE M;;;;60
201500010994;15;8;17;250;5;2;1;1;2;88;25, ANGLAIS PLAGE (N°1 A;;;;60
201500010995;15;8;18;1615;1;1;1;1;3;88;222, TURIN (RTE DE);;;;60
201500010996;15;8;19;1700;1;2;2;1;3;88;BEAUMONT (RUE);;;;60
201500010997;15;8;19;1845;1;2;1;1;6;88;211, CALIFORNIE (AV.) (A;M;;;60
201500010998;15;8;20;1315;1;2;1;1;1;88;155, SAINT-LAMBERT (AV.);;;;60
201500010999;15;8;20;1830;1;2;1;1;2;88;267, ANGLAIS (DU N° 265;;;;60
201500011000;15;8;20;2050;2;2;1;1;6;159;14, FRANCOIS FERRY (CHEM;;;;60
201500011001;15;8;21;535;5;2;1;1;6;88;GOUNOD (RUE);;;;60
201500011002;15;8;23;2214;5;1;1;2;6;88;24, MEYERBEER (RUE ET PA;;;;60
201500011003;15;8;24;1550;1;2;2;1;3;88;FRANKLIN (PL.);;;;60
201500011004;15;8;24;1700;1;2;1;2;6;88;590, GRENOBLE (ROUTE DE);;;;60
201500011005;15;8;24;1720;1;2;1;2;1;88;590, RD 6202;M;4372743;718566;60
201500011006;15;8;25;815;1;2;1;1;2;88;000, NAPOLEON III (BD);;;;60
201500011007;15;8;25;1400;1;2;2;1;3;88;04, FALICON (BD COMTE DE;;;;60
201500011008;15;8;25;1815;1;2;1;1;3;88;SAINT-LAMBERT (AV.) (A P;;;;60
201500011009;15;8;26;1615;1;2;1;1;1;88;219, ANGLAIS (DU N° 114;;;;60
201500011010;15;8;26;2130;5;2;2;1;1;88;LAUVETTE (CITE DE LA);;;;60
201500011011;15;8;27;1;5;2;2;1;3;88;MARSHALL (PL. GENERAL);;;;60
201500011012;15;8;27;1000;1;2;1;1;6;88;31, MARNE (AV. DE LA);;;;60
201500011013;15;8;28;1050;1;2;1;1;6;88;BARLA (RUE);M;4370102;728558;60
201500011014;15;8;28;1840;1;1;1;1;4;88;0, VOIE RAPIDE;;;;60
201500011015;15;8;28;1210;1;2;1;1;3;88;VOIE RAPIDE;;;;60
201500011016;15;8;30;245;5;2;2;1;3;88;CARABACEL (BD);;;;60
201500011017;15;8;31;415;5;1;1;1;6;88;133, GRENOBLE (ROUTE DE);M;4340143;712358;60
201500011018;15;8;31;1300;1;2;1;1;6;88;88, BESSET (AV.) (A PART;M;4371921;725243;60
201500011019;15;8;31;1430;1;2;1;1;3;88;89, GAMBETTA (A PARTIR D;M;4369526;725630;60
201500011020;15;9;1;915;1;2;2;1;3;88;47, SMOLETT (R.);;;;60
201500011021;15;9;2;115;5;2;1;1;2;88;0, ANGLAIS (DU N° 265 AU;;;;60
201500011022;15;9;2;805;1;1;1;1;2;88;VOIE RAPIDE;M;4369514;724602;60
201500011023;15;9;2;1540;1;2;1;1;3;88;2, FRANKLIN (PL.);M;4341585;715225;60
201500011024;15;9;2;1945;2;2;3;1;3;88;130, OLIVIERS (CORNICHE;M;4373912;723414;60
201500011025;15;9;3;1119;1;2;1;1;3;88;0, VOIE ROMAINE (AV. DE;;;;60
201500011026;15;9;3;2210;5;2;9;1;3;88;25-27, GRACE DE MONACO (;;;;60
201500011027;15;9;4;830;1;2;1;1;3;88;1, MONTREAL (BD DE);;;;60
201500011028;15;9;4;1610;1;2;1;1;2;88;ANGLAIS (DU N° 265 AU N°;M;4341180;714276;60
201500011029;15;9;6;40;5;2;1;1;3;88;0, ARMEE DES ALPES (BD D;M;4370726;729247;60
201500011030;15;9;6;207;5;2;2;1;6;88;37, GOUNOD (RUE);M;4341596;715380;60
201500011031;15;9;6;530;5;2;2;1;3;88;0, ANGLAIS (DU N° 265 AU;M;4367528;722726;60
201500011032;15;9;6;1815;1;2;1;1;6;88;59/61, JOLY (CORNICHE AN;M;4370026;729605;60
201500011033;15;9;7;745;2;2;1;1;3;159;CORNE D OR (BOULEVARD DE;M;4342354;718409;60
201500011034;15;9;7;1130;1;2;6;1;3;88;1, VEROLA (AV. AUGUSTE);M;4371085;719457;60
201500011035;15;9;7;1945;2;2;1;1;2;88;CORNIGLION MOLINIER (BD);M;4341180;714273;60
201500011036;15;9;8;1520;1;2;1;1;6;88;30, MEDECIN (AV. JEAN);M;4370167;726723;60
201500011037;15;9;8;1735;1;2;2;1;6;88;BARLA (RUE);M;4342068;716584;60
201500011038;15;9;9;800;1;2;1;1;3;88;13, DURANDY (AV. JOSEPH);M;4342550;713040;60
201500011039;15;9;9;835;1;2;1;1;2;88;1, VOIE RAPIDE;M;4370562;726250;60
201500011040;15;9;10;1320;1;2;1;1;2;88;57, OBSERVATOIRE (R. PRI;M;4372484;729567;60
201500011041;15;9;10;1715;1;2;1;1;3;88;289, PESSICART (DU 272/2;M;4343117;714473;60
201500011042;15;9;11;2108;4;2;1;1;2;88;270, TURIN (RTE DE);;;;60
201500011043;15;9;12;1730;1;2;2;1;3;88;0, DESAMBROIS (AV.);M;4370444;727351;60
201500011044;15;9;14;1300;1;2;3;1;3;88;177, LYAUTEY (AV. DU MAL;M;4372224;728691;60
201500011045;15;9;14;1935;2;2;3;1;6;88;0, PACHO (R.);;;;60
201500011046;15;9;15;1310;1;2;1;1;2;88;0, EUGENIE (BD IMPERATRI;;;;60
201500011047;15;9;15;1805;1;2;1;1;2;88;0, MONET (TRAV. JEAN);M;4370734;728242;60