num_acc;an;mois;jour;hrmn;lum;agg;int;atm;col;com;adr;gps;lat;long;dep
201500011048;15;9;16;840;1;1;1;1;3;88;2, SAPPIA (AV. HENRI);;;;60
201500011049;15;9;16;1303;1;2;1;1;6;88;16, GAIRAUT (AV. DE);M;4373474;726730;60
201500011050;15;9;16;1940;5;2;1;1;1;88;BELLET (RTE DE);;;;60
201500011051;15;9;18;740;1;2;1;1;6;88;GRENOBLE (ROUTE DE);;;;60
201500011052;15;9;18;1210;1;1;2;1;3;88;PENCHIENATI (R.);;;;60
201500011053;15;9;18;2305;5;2;7;1;1;88;0, SAINT-PHILIPPE (PL.);;;;60
201500011054;15;9;19;425;5;2;1;1;3;88;0, ANGLAIS (DU N° 45 AU;;;;60
201500011055;15;9;18;1931;2;2;1;1;2;88;18, ARMEE DES ALPES (BD;M;4370771;729260;60
201500011056;15;9;19;720;1;2;1;1;6;88;115, ANGLAIS PLAGE (DU 1;;;;60
201500011057;15;9;20;1725;1;2;3;1;6;88;8, FAURE (AV. FELIX);;;;60
201500011058;15;9;20;1820;1;2;1;1;2;88;63, GRENOBLE (ROUTE DE);M;4367094;720995;60
201500011059;15;9;21;815;1;1;1;1;3;88;63, ARIANE (BD DE L');;;;60
201500011060;15;9;21;840;1;2;3;1;3;88;41, THIERS (AV.);;;;60
201500011061;15;9;21;1350;1;2;3;1;1;88;43, THIERS (AV.);M;4370203;725709;60
201500011062;15;9;21;1830;1;1;1;1;6;88;31, ROASSAL (R. CLEMENT);;;;60
201500011063;15;9;23;829;1;2;1;1;1;88;0, SAINT-PHILIPPE (PL.);;;;60
201500011064;15;9;23;2114;5;2;1;1;1;88;13, TZAREWITCH (BD DU);;;;60
201500011065;15;9;23;2235;5;2;2;1;3;88;0, VERNIER (R.);;;;60
201500011066;15;9;24;1945;5;2;1;1;2;88;55, ANGLAIS (DU N° 45 AU;M;4369341;725380;60
201500011067;15;9;25;1345;1;2;1;1;3;88;15, CERNUSCHI (AV.);;;;60
201500011068;15;9;26;110;5;2;1;1;6;88;111, JOLY (CORNICHE ANDR;M;4370456;729952;60
201500011069;15;9;26;1530;1;2;9;1;3;88;ARMEE DES ALPES (BD DE L;;;;60
201500011070;15;9;26;1755;1;2;1;1;3;88;105, QUAI DES ETATS UNIS;;;;60
201500011071;15;9;28;930;1;2;1;1;3;88;93, PASTEUR (BD);;;;60
201500011072;15;9;28;1050;1;2;1;1;3;88;0, BARLA (RUE);;;;60
201500011073;15;9;28;2140;5;2;1;1;3;88;0, CORNIGLION MOLINIER (;M;4366542;721044;60
201500011074;15;9;30;1600;1;1;1;1;3;88;11 BIS, GUBERNATIS (R.);M;4370034;727251;60
201500011075;15;9;30;1445;1;2;1;1;6;88;14, MEDECIN (AV. JEAN);;;;60
201500011076;15;9;30;1630;1;2;1;1;3;88;1, CESSOLE (BD DE) (JUSQ;M;4370673;726958;60
201500011077;15;10;1;1015;1;2;1;1;6;88;28, MALAUSSENA (AV.);M;4370898;726282;60
201500011078;15;10;2;415;5;2;1;3;6;88;87, ANGLAIS (DU N° 45 AU;;;;60
201500011079;15;10;2;1250;1;2;1;3;1;88;Route de la Sonexa;M;4366564;719939;60
201500011080;15;10;3;1930;5;2;1;3;4;88;0, GRENOBLE (ROUTE DE);;;;60
201500011081;15;10;5;1830;1;2;1;1;6;88;197, ANGLAIS (DU N° 114;;;;60
201500011082;15;10;6;1530;1;2;2;1;3;88;0, QUINZIEME CORPS (AV.;;;;60
201500011083;15;10;6;1840;1;2;1;1;4;159;9, CORNE D OR (BOULEVARD;;;;60
201500011084;15;10;7;1500;1;2;2;1;7;88;0, GIOFFREDO (R.);M;4369896;727235;60
201500011085;15;10;7;1500;1;2;1;1;6;88;4, FALICON (BD COMTE DE);;;;60
201500011086;15;10;7;2110;5;2;2;1;3;88;24, VERDI (R.);M;4369959;725924;60
201500011087;15;10;9;515;5;2;1;1;1;88;NAPOLEON III (PONT);;;;60
201500011088;15;10;9;1035;1;2;1;1;6;88;0, VOIE ROMAINE (AV. DE;M;4372294;728843;60
201500011089;15;10;10;115;5;2;1;1;2;88;87, SAINT-AUGUSTIN (AV.;M;4367294;722137;60
201500011090;15;10;10;1645;1;2;1;1;2;88;PENETRANTE DU PAILLON;M;4371161;728418;60
201500011091;15;10;11;250;5;2;1;1;6;88;POMPIDOU (BD GEORGES);M;4366918;720281;60
201500011092;15;10;11;1355;1;2;1;1;5;88;11, GAMBETTA (JUSQU'AU N;M;4369496;725628;60
201500011093;15;10;12;1000;1;2;1;1;4;88;3, GRAVIER (AV.);M;4372701;726033;60
201500011094;15;10;12;2250;5;2;4;2;1;88;0, ALICANTE (RUE D');M;4369628;726615;60
201500011095;15;10;13;735;2;2;3;1;6;88;5 - 7, GARNERAY (R. LOUI;;;;60
201500011096;15;10;13;1215;1;2;1;1;6;88;0, DELVALLE (RUE PROF.);;;;60
201500011097;15;10;14;1220;1;2;7;1;3;88;0, VERANY (BD J.B.);M;4371165;728421;60
201500011098;15;10;14;1815;2;2;1;1;3;88;0, VOIE RAPIDE;M;4340300;713205;60
201500011099;15;10;15;845;1;2;1;1;3;88;6, GRINDA (AV. EDOUARD);M;4340172;713022;60
201500011100;15;10;16;930;1;2;1;1;3;88;SEMARD (BD PIERRE);;;;60
201500011101;15;10;16;1135;1;2;1;1;6;88;444, GRENOBLE (ROUTE DE);;;;60
201500011102;15;10;19;730;2;2;2;1;3;88;NAPOLEON III (BD);;;;60
201500011103;15;10;20;1035;1;2;2;1;3;88;NAPOLEON III (BD);;;;60
201500011104;15;10;20;1800;2;2;1;1;6;88;17, DELFINO (BD GENERAL);;;;60
201500011105;15;10;21;253;5;2;2;1;3;88;LYAUTEY (AV. DU MAL);;;;60
201500011106;15;10;22;1930;5;2;1;1;3;88;1, ANGLAIS (DU N° 1 AU N;;;;60
201500011107;15;10;23;1135;1;2;1;1;2;88;0, GRENOBLE (ROUTE DE);M;4367087;721004;60
201500011108;15;10;23;1800;1;2;2;1;3;88;PASTORELLI (R.);;;;60
201500011109;15;10;23;1930;3;2;1;1;2;88;192, GRENOBLE (ROUTE DE);M;4367087;721004;60
201500011110;15;10;26;1630;1;2;1;1;4;88;VOIE RAPIDE;;;;60
201500011111;15;10;27;123;5;1;6;1;1;88;0, TURIN (RTE DE);M;4373107;728841;60
201500011112;15;10;27;1100;1;2;1;8;6;88;1, GARNIER (BD JOSEPH);M;4371010;726129;60
201500011113;15;10;27;1430;1;2;1;1;6;88;285, ANGLAIS (DU N° 265;M;4368061;723084;60
201500011114;15;10;30;825;1;2;1;1;3;88;18, REINE-VICTORIA (AV.);;;;60
201500011115;15;10;30;1145;1;2;1;1;3;88;19, BARLA (RUE);;;;60
201500011116;15;10;31;323;5;2;3;1;1;88;10, CARABACEL (BD);M;4370316;727716;60
201500011117;15;10;31;400;5;2;1;1;6;88;192, SAINT-ANTOINE (RTE;M;4370498;721862;60
201500011118;15;10;31;1655;2;2;1;1;4;88;179, CASSIN (BD RENE);M;4366762;720881;60
201500011119;15;10;31;2215;5;2;2;1;6;88;0, COMBATTANTS D'AFN (RU;M;4370695;725967;60
201500011120;15;11;1;445;5;2;1;1;6;88;25 BIS, CARNOT (BD);;;;60
201500011121;15;11;1;1305;1;2;6;1;3;88;0, DIABLES BLEUS (AV. DE;;;;60
201500011122;15;11;1;1330;1;2;1;1;6;88;55, GAMBETTA (JUSQU'AU N;;;;60
201500011123;15;11;1;1630;1;2;3;1;6;88;0, TURIN (RTE DE);M;4371620;728469;60
201500011124;15;11;1;1800;5;2;1;1;7;88;5, TRACHEL (RUE);;;;60
201500011125;15;11;1;1800;5;2;1;1;2;88;223, ANGLAIS (DU N° 114;M;4368431;723460;60
201500011126;15;11;2;900;1;2;1;1;6;88;16, SEMERIA (AV. DENIS);M;4371492;728642;60
201500011127;15;11;2;1210;1;2;2;1;3;88;0, BORRIGLIONE (JUSQU'AU;;;;60
201500011128;15;11;2;1600;1;2;2;1;6;88;0, CAPPATTI (AV. LOUIS);M;4372140;725997;60
201500011129;15;11;3;1840;5;2;1;2;3;88;71, BORRIGLIONE (A PARTI;;;;60
201500011130;15;11;4;1250;1;2;1;1;6;88;47, CESSOLE (BD DE) (JUS;M;4371544;725366;60
201500011131;15;11;4;1715;1;2;1;1;7;88;44, JOFFRE (R. MARECHAL);M;4369779;726048;60
201500011132;15;11;5;2115;5;2;2;1;3;88;15, CASSINI (RUE);M;4369928;728316;60
201500011133;15;11;6;745;2;1;1;1;1;159;MOYENNE CORNICHE;;;;60
201500011134;15;11;6;1940;5;2;1;1;3;88;84, SAPPIA (AV. HENRI);;;;60
201500011135;15;11;7;515;5;2;1;1;3;88;131, ANGLAIS (DU N° 114;M;4368984;724332;60
201500011136;15;11;7;1520;1;2;1;1;4;88;0, VOIE RAPIDE;M;4370556;726258;60
201500011137;15;11;9;945;1;2;1;1;3;88;0, PASTORELLI (R.);M;4370081;727107;60
201500011138;15;11;9;1815;5;2;1;1;2;159;11, ALBERT 1ER (AVENUE);;;;60
201500011139;15;11;10;835;1;2;1;1;2;88;0, PENETRANTE DU PAILLON;M;4372086;728732;60
201500011140;15;11;10;1045;1;2;1;1;6;88;0, MICHEL ANGE (AV.) (A;;;;60
201500011141;15;11;10;1345;1;2;1;1;4;88;19-21, CESSOLE (BD DE) (;M;4371200;725549;60
201500011142;15;11;10;1815;1;2;2;1;6;88;0, FRANCE (R. DE) DU N°;M;4369196;724681;60
201500011143;15;11;11;155;5;2;2;1;3;88;271, ANGLAIS (DU N° 114;M;4368124;723170;60
201500011144;15;11;10;1930;5;2;2;1;5;88;0, GOIRAN (PL. GAL);;;;60
201500011145;15;11;11;1500;1;2;2;1;3;88;0, VAUBAN (R. MARECHAL);;;;60
201500011146;15;11;12;1805;5;2;1;1;5;88;38, MADELEINE (BD DE LA);;;;60
201500011147;15;11;12;1910;5;2;3;1;5;88;0, MONTREAL (BD DE);M;4368784;721723;60
201500011148;15;11;12;2140;5;2;1;1;6;88;261, ANGLAIS (DU N° 114;;;;60
201500011149;15;11;13;1250;1;2;1;1;2;88;PENETRANTE DU PAILLON;;;;60
201500011150;15;11;13;1600;1;2;1;1;2;88;0, VOIE RAPIDE;;;;60
201500011151;15;11;15;1730;5;2;1;1;6;88;30, MADELEINE (AV. DE LA;M;4369523;724308;60
201500011152;15;11;18;130;5;2;1;1;6;88;59, BEAUMONT (RUE);M;4370291;728843;60
201500011153;15;11;18;1800;2;2;1;1;2;88;8, MADELEINE (BD DE LA);;;;60
201500011154;15;11;19;1412;1;2;1;1;6;88;115, CANTA GALET (RTE DE;;;;60
201500011155;15;11;19;1735;5;2;1;1;2;88;41-43, MATISSE (AV. HENR;;;;60
201500011156;15;11;20;840;1;2;1;1;4;88;VOIE RAPIDE;;;;60
201500011157;15;11;20;1525;1;2;7;1;3;88;FRANKLIN (PL.);;;;60
201500011158;15;11;21;1505;1;2;1;1;1;88;30, VALLIERE (AV. DE L.;;;;60
201500011159;15;11;22;2220;5;2;2;1;3;88;21, MARCEAU (R.);M;4370755;726588;60
201500011160;15;11;23;1835;1;2;2;1;3;88;0, BERI (RUE EDOUARD);;;;60
201500011161;15;11;24;820;1;2;2;1;3;88;16, GIOFFREDO (R.);M;4342057;716341;60
201500011162;15;11;24;1843;5;2;1;1;3;88;43, GRACE DE MONACO (BD;M;4341289;718249;60
201500011163;15;11;25;1350;1;2;1;1;6;88;1, BLANQUI (PL. AUGUSTE);M;4342805;717234;60
201500011164;15;11;25;1420;1;2;2;8;6;88;51, GARNIER (BD JOSEPH);;;;60
201500011165;15;11;26;1115;1;2;1;1;3;88;37, SERRES DE SAQUIER (C;;;;60
201500011166;15;11;27;1355;1;2;1;1;2;88;CASSIN (BD RENE);;;;60
201500011167;15;11;27;1520;1;2;2;1;3;88;0, DURANTE (AV.);M;4370227;726252;60
201500011168;15;11;27;1905;5;1;1;1;1;88;367, ANGLAIS (A PARTIR D;M;4367090;722375;60
201500011169;15;11;28;1200;1;2;1;1;2;88;20, THIERS (AV.);M;4370317;725979;60
201500011170;15;11;28;1700;1;2;2;1;1;88;13, GAMBETTA (JUSQU'AU N;M;4370912;725593;60
201500011171;15;11;28;2250;5;2;1;1;1;88;7, GAIRAUT (AV. DE);M;4343297;715279;60
201500011172;15;11;20;2130;5;2;1;1;3;88;ANGLAIS (DU N° 1 AU N° 4;;;;60
201500011173;15;11;30;1910;5;2;1;1;3;88;31, EUGENIE (BD IMPERATR;M;4369331;723055;60
201500011174;15;12;1;1737;5;2;3;1;3;88;1, BESSY (RUE JULES);;;;60
201500011175;15;12;2;755;1;2;7;1;2;88;2, RAIBERTI (R.);;;;60
201500011176;15;12;2;920;1;2;1;1;6;88;314, BELLET (RTE DE);M;4371376;722043;60
201500011177;15;12;3;730;1;2;1;1;3;88;104, MADELEINE (BD DE LA;;;;60
201500011178;15;12;3;1845;5;2;1;1;2;88;0, POMPIDOU (BD GEORGES);M;4367084;720221;60
201500011179;15;12;4;1445;1;2;1;1;4;88;73TER, GAMBETTA (A PARTI;;;;60
201500011180;15;12;4;1810;2;2;1;1;6;88;8, THIERS (AV.);;;;60
201500011181;15;12;4;2137;5;2;1;1;7;88;TUNNEL DU PAILLON;;;;60
201500011182;15;12;5;330;5;2;1;1;6;88;61, CESSOLE (BD DE) (JUS;M;4371689;725298;60
201500011183;15;12;5;1410;1;2;1;2;6;88;236, CALIFORNIE (AV.) (A;M;4340483;713479;60
201500011184;15;12;5;1900;5;2;2;2;6;88;20, ARMEE DES ALPES (BD;M;4342296;717340;60
201500011185;15;12;6;1350;1;2;1;1;3;88;2, MAHONIAS (R. DES);;;;60
201500011186;15;12;7;900;1;2;1;1;3;88;87, RAYBAUD JOSEPH;;;;60
201500011187;15;12;7;1720;2;2;1;2;3;88;39 ter, CIMIEZ (BD) A PA;M;4371341;727161;60
201500011188;15;12;7;1730;5;2;3;2;6;88;0, FLANDRES-DUNKERQUE (T;M;4369804;727419;60
201500011189;15;12;7;2330;5;2;1;2;3;88;0, BAREL (PLACE MAX);;;;60
201500011190;15;12;8;1800;5;2;1;1;6;88;29, SEMERIA (AV. DENIS);;;;60
201500011191;15;12;8;2000;5;2;1;1;6;88;0, CALIFORNIE (AV.) (DU;M;4368925;724073;60
201500011192;15;12;9;930;1;2;1;1;6;88;68, BRANCOLAR (AV.) (A P;;;;60
201500011193;15;12;9;1150;1;2;3;1;1;88;53, GAMBETTA (JUSQU'AU N;;;;60
201500011194;15;12;9;2116;5;2;1;1;5;88;95, CALIFORNIE (AV.) (DU;;;;60
201500011195;15;12;11;759;1;2;2;1;1;88;9, FIGHIERA PASQUIER (AV;M;4372443;725369;60
201500011196;15;12;11;845;1;1;2;1;3;88;x, SOLA (BD PIERRE);;;;60
201500011197;15;12;11;1250;1;2;2;1;3;88;CESSOLE (BD DE) (JUSQU'A;;;;60
201500011198;15;12;11;1535;1;2;2;1;3;88;0, REPUBLIQUE (AV. DE LA;;;;60
201500011199;15;12;12;2340;5;2;1;1;2;88;0, VERNIER (R.);M;4370719;726095;60
201500011200;15;12;14;1250;1;2;1;1;3;88;25, SOLA (BD PIERRE);;;;60
201500011201;15;12;14;1320;1;2;1;1;5;88;333, STE-MARGUERITE (AV.;M;4341442;711592;60
201500011202;15;12;15;650;5;2;1;1;1;88;111, GAMBETTA (A PARTIR;;;;60
201500011203;15;12;15;945;1;2;1;1;3;88;0, TUNNEL ET VOIE MALRAU;;;;60
201500011204;15;12;15;1120;1;2;1;1;2;88;PENETRANTE DU PAILLON;;;;60
201500011205;15;12;15;1730;5;2;1;1;4;88;0, VOIE RAPIDE;M;4340365;713257;60
201500011206;15;12;16;1645;2;2;1;1;2;88;ANGLAIS (A PARTIR DU Nш;;;;60
201500011207;15;12;17;1245;1;2;1;1;1;88;GINESTIERE (CH. DE LA);;;;60
201500011208;15;12;18;1750;5;2;1;1;2;88;5, BARLA (RUE);;;;60
201500011209;15;12;18;2240;5;2;1;1;6;88;VERDUN (AV. DE);;;;60
201500011210;15;12;19;610;5;2;1;1;6;88;POMPIDOU (BD GEORGES);;;;60
201500011211;15;12;19;1715;5;2;1;1;3;88;8, CARABACEL (BD);M;4370343;727648;60
201500011212;15;12;19;1918;5;2;1;1;1;88;60, PASTEUR (BD);M;4371771;728103;60
201500011213;15;12;20;645;3;2;1;1;6;88;6, ITALIE (R. D');;;;60
201500011214;15;12;20;1755;5;2;2;1;3;88;DUNANT (AV. HENRI);;;;60
201500011215;15;12;21;1200;1;2;1;1;2;88;9, LEPANTE (R. DE);M;4370358;727025;60
201500011216;15;12;21;1430;1;2;1;1;3;88;17, ASSALIT (RUE);;;;60
201500011217;15;12;21;2107;5;2;3;1;3;88;13, RAY (AV. DU);;;;60
201500011218;15;12;23;350;5;2;2;1;3;88;0, BARBERIS (RUE);M;4370380;728989;60
201500011219;15;12;24;1730;2;2;1;1;3;88;33, TRACHEL (RUE);;;;60
201500011220;15;12;26;2240;5;2;2;1;3;88;RAIMBALDI (BD);;;;60
201500011221;15;12;27;1510;1;1;1;1;2;88;305, ANGLAIS (DU Nш 265;;;;60
201500011222;15;12;28;110;5;2;2;1;3;88;36, PARIS (R. DE);;;;60
201500011223;15;12;29;1400;1;1;1;1;3;88;314, MADELEINE (BD DE LA;;;;60
201500011224;15;12;30;50;5;2;1;1;5;88;CESSOLE (BD DE) (A PARTI;;;;60
201500011225;15;12;30;1550;1;2;1;1;2;88;560, GRENOBLE (ROUTE DE);M;4340149;712358;60
201500011226;15;3;15;649;2;2;1;1;2;88;M2204b;M;4373144;728653;60
201500011227;15;1;8;745;2;2;1;1;6;85;5 PLACE DE VERDUN;M;4476510;-48827;330
201500011228;15;1;16;1345;1;1;3;2;3;85;;M;4476926;-44294;330
201500011229;15;3;9;515;3;1;1;1;6;234;;M;4478290;-50366;330
201500011230;15;3;17;615;2;1;3;1;1;85;;M;4477173;-49286;330
201500011231;15;9;14;1130;1;1;1;1;1;99;D10 E4;M;4480150;-45991;330
201500011232;15;3;9;1045;1;1;1;1;7;88;;M;0;0;580
201500011233;15;3;10;1030;1;1;1;1;6;212;;M;0;0;580
201500011234;15;4;20;715;1;1;1;1;3;300;;M;0;0;580
201500011235;15;8;30;1745;1;2;1;1;3;303;chemin des tambours;M;0;0;580
201500011236;15;9;14;1115;1;2;1;2;6;303;RUE BENOПT FRACHON;M;0;0;580
201500011237;15;10;6;1415;1;1;1;8;4;212;;M;0;0;580
201500011238;15;11;1;45;5;2;1;1;6;131;rue vauban;M;0;0;580
201500011239;15;5;23;600;2;2;1;1;6;515;avenue de l'universitй;M;4731255;510530;210
201500011240;15;8;12;1100;1;1;1;1;1;209;;M;4477000;302800;150
201500011241;15;9;17;1400;1;1;1;8;1;45;;M;4482500;297700;150
201500011242;15;12;20;645;3;1;1;1;7;152;;M;4491300;281500;150
201500011243;15;5;13;1800;1;1;1;1;5;40;***;M;0;0;130
201500011244;15;6;17;1115;1;2;1;1;1;40;ancien CD6 - LA BARQUE;M;0;0;130
201500011245;15;6;26;1845;1;1;1;1;1;40;;M;0;0;130
201500011246;15;6;27;930;1;1;1;1;6;87;;M;0;0;130
201500011247;15;2;1;630;3;1;1;2;1;221;;M;4405410;23579;470
201500011248;15;3;16;2015;2;1;1;1;1;195;;M;4407840;36674;470
201500011249;15;4;2;1700;1;2;1;1;6;195;100 Av G. Clemenceau;M;4413700;34700;470
201500011250;15;5;20;1245;1;1;1;2;1;134;;M;4401120;30774;470
201500011251;15;6;10;1600;1;1;1;1;3;180;LIEU-DIT PEYRECAVE;M;4414150;45822;470
201500011252;15;8;28;745;1;1;2;1;3;41;;M;4420680;41034;470
201500011253;15;9;1;530;3;1;1;1;2;195;;M;4412670;30950;470
201500011254;15;10;18;2145;3;1;1;1;6;97;;M;4424400;37500;470
201500011255;15;12;23;1745;5;2;1;1;6;195;ALLЙE D'ALBRET;M;4413670;33640;470
201500011256;15;12;27;2245;3;1;1;1;6;41;LIEU-DIT RIGAS;M;4422620;40353;470
201500011257;15;5;7;2030;1;1;1;1;3;325;84, RD 578 BIS;;;;70
201500011258;15;12;15;1800;5;1;1;1;1;19;Z.I PONSON MOULON;M;4461740;440242;70
201500011259;15;6;15;1510;1;2;9;1;7;19;32, CHATAIGNES (RUE DES);;;;70
201500011260;15;6;15;1720;1;2;1;1;7;19;37, MONTELIMAR ( ROUTE D;;;;70
201500011261;15;6;26;1505;1;1;1;1;1;19;RN 102;M;;;70
201500011262;15;6;26;2235;5;2;1;1;3;19;70, ROQUA(AVE DE);;;;70
201500011263;15;7;7;930;1;2;1;1;6;19;30, RESERVOIRS (RUE DES);M;4462220;438431;70
201500011264;15;8;2;2245;5;2;1;1;6;331;01, PAUL RIBEYRE (AVENUE;M;4465870;436792;70
201500011265;15;9;6;1700;1;2;4;1;3;116;52, NATIONALE (ROUTE);M;4464850;436711;70
201500011266;15;9;30;1430;1;2;9;1;1;19;35, GEORGES COUDERC (RUE;M;;;70
201500011267;15;9;4;1630;1;2;1;1;3;19;BOISVIGNAL (AVENUE);M;4461550;439336;70
201500011268;15;10;13;1903;2;2;1;1;2;116;236, NATIONALE (ROUTE);M;4463830;437283;70
201500011269;15;10;2;2015;3;1;1;2;1;19;COTE DE VILLE RN 102;M;4460100;442181;70
201500011270;15;10;7;1245;1;1;1;1;7;331;ARLIX (ROUTE D');M;4465780;434889;70
201500011271;15;11;13;1620;1;1;9;1;3;331;144, ANTRAIGUES (FAUBOUR;M;4467770;436619;70
201500011272;15;11;19;1215;1;2;1;1;2;19;8, BELLANDE (AVENUE DE );M;4461442;440014;70
201500011273;15;11;22;1930;3;1;1;1;3;19;RN 102;M;4459328;442386;70
201500011274;15;11;15;550;5;2;6;1;7;19;D 104 (DEVIATION ST PRIV;M;4461330;440825;70
201500011275;15;11;30;1015;1;1;1;1;6;19;44, MONTELIMAR ( ROUTE D;M;4461502;440512;70
201500011276;15;12;9;1600;1;1;1;1;6;19;RN 102;;;;70
201500011277;15;12;15;1745;5;2;1;1;6;19;PAIX (PLACE DE LA);;;;70
201500011278;15;2;9;1620;1;1;1;7;3;19;51, LAZUEL ( ROUTE DE );;;;70
201500011279;15;2;20;2345;3;1;1;3;1;116;RN 102;;;;70
201500011280;15;2;22;200;5;2;3;1;6;19;2, LYAUTEY ( RUE DU MARE;;;;70
201500011281;15;10;1;800;1;1;1;1;7;143;;M;0;0;540
201500011282;15;4;2;1800;1;2;3;1;3;102;329, RHONE (QUAI DU);;;;70
201500011283;15;4;27;1130;1;2;1;8;6;102;1450, SADI-CARNOT (AVEN.;;;;70
201500011284;15;5;2;1450;1;1;1;1;7;281;C.D. 533 (VERS LE PUY);;;;70
201500011285;15;5;3;1125;1;2;1;1;6;281;HUIT MAI (AVENUE DU);;;;70
201500011286;15;6;2;855;1;2;1;1;5;102;MISTRAL (PONT FREDERIC);;;;70
201500011287;15;6;15;1635;1;1;1;1;3;102;LYON (AVENUE DE);;;;70
201500011288;15;6;14;500;5;2;1;3;6;102;1229, REPUBLIQUE (AV. DE;;;;70
201500011289;15;7;8;900;1;2;2;1;6;102;TAMARIS (RUE DES);;;;70
201500011290;15;7;14;1945;1;2;4;1;3;281;TASSIGNY (RUE DE LATTRE;;;;70
201500011291;15;6;24;1030;1;2;7;1;6;281;22, MALET (RUE FERNINAND;;;;70
201500011292;15;9;15;1045;1;2;3;1;3;102;291, MONTGOLFIER (RUE);;;;70
201500011293;15;9;27;957;1;1;1;1;7;281;C.D. 533 (VERS LE PUY);M;4493340;481961;70
201500011294;15;10;4;610;5;2;6;2;7;102;REPUBLIQUE (AV. DE LA) [;;;;70
201500011295;15;10;24;1655;1;1;1;1;7;281;C.D. 533 (VERS LE PUY);M;4455404;0;70
201500011296;15;11;4;1600;1;2;1;2;2;102;857, REPUBLIQUE (AV.DE L;;;;70
201500011297;15;11;30;1840;5;2;1;1;3;281;1, GROSS-UMSTADT (AVENUE;M;4494540;485406;70
201500011298;15;12;8;1344;1;2;1;1;6;102;627, REPUBLIQUE (AV. DE;M;4493627;487319;70
201500011299;15;12;12;1730;2;2;6;1;2;102;0, MISTRAL (PONT FREDERI;M;4493269;488008;70
201500011300;15;12;15;955;1;2;1;1;1;281;GROSS-UMSTADT (AVENUE DE;M;4494100;486264;70
201500011301;15;5;25;1415;1;1;1;6;6;144;;M;4292403;299487;110
201500011302;15;8;15;745;1;1;1;1;1;144;;M;4286775;298561;110
201500011303;15;8;20;1545;1;1;1;1;1;202;11270;M;4292259;301765;110
201500011304;15;11;11;1830;5;2;9;1;1;202;AVENUE DE LA RUINO;M;4290376;304865;110
201500011305;15;5;8;1415;1;1;1;1;3;41;;M;0;0;570
201500011306;15;5;9;600;1;1;1;1;6;41;;M;0;0;570
201500011307;15;6;11;1645;1;2;1;1;3;38;GN 49.486 5.965;M;0;0;570
201500011308;15;6;16;2000;1;1;3;1;3;41;;M;0;0;570
201500011309;15;7;4;1145;1;1;1;1;3;498;;M;0;0;570
201500011310;15;8;6;1830;1;1;1;1;7;22;;M;4938426;603839;570
201500011311;15;8;13;645;1;1;1;1;5;41;;M;0;0;570
201500011312;15;11;30;1315;1;1;1;1;6;38;;M;0;0;570
201500011313;15;12;3;1315;1;2;1;7;7;38;06 rue Gйnйral LECLERC;M;0;0;570
201500011314;15;4;10;1710;1;1;1;1;7;146;MOULIN A VENT (AVENUE DU;M;4473993;459932;70
201500011315;15;12;9;1045;1;2;1;1;6;186;17, BACCONNIER (RUE LUDO;;;;70
201500011316;15;5;7;1020;1;1;1;1;7;72;LE TREPOT;M;4474162;460322;70
201500011317;15;5;24;15;3;1;1;1;6;72;LA GRANGEASSE;;;;70
201500011318;15;5;18;1805;1;2;1;1;2;186;CHOMERAC (ROUTE DE);M;4471869;460502;70
201500011319;15;6;5;1500;1;2;1;1;3;186;GARE (AVENUE DE LA);M;4473170;459472;70
201500011320;15;5;31;1840;1;1;1;1;5;72;RD 104;M;4473594;463418;70
201500011321;15;6;29;1810;1;2;1;1;3;186;PALAIS (COURS DU);M;4473474;460037;70
201500011322;15;8;21;1850;1;2;1;1;7;186;1, DUPIN (AVENUE JACQUES;M;4472199;461046;70
201500011323;15;9;7;2045;3;1;3;1;3;8;D2 ( ROUTE DEPARTEMENTAL;;;;70
201500011324;15;9;10;730;1;1;1;1;1;8;D2 ( ROUTE DEPARTEMENTAL;M;;;70
201500011325;15;9;22;1200;1;2;1;1;2;186;2, CHOMERAC (AVENUE DE);;;;70
201500011326;15;11;12;1810;5;2;1;1;6;340;108, RUISSOL (LE);M;4472940;457494;70
201500011327;15;11;7;1550;1;2;1;1;6;186;1, PASTE (BLD. DE);M;4472740;459744;70
201500011328;15;12;2;1625;1;1;1;1;6;8;D2 ( ROUTE DEPARTEMENTAL;;;;70
201500011329;15;10;23;1210;1;1;1;1;6;186;1, ESPLANADE (COURS DE L;;;;70
201500011330;15;12;21;745;2;2;1;2;6;186;1, ESPLANADE (COURS DE L;M;4473447;459894;70
201500011331;15;1;18;602;2;2;1;1;6;186;727, GROSJEANNE (AVENUE;;;;70
201500011332;15;1;21;2100;5;2;4;4;6;186;1, PETIT TOURNON (AVENUE;;;;70
201500011333;15;1;30;1530;1;2;1;1;5;146;1, PONT DE BOURDELY;;;;70
201500011334;15;1;26;1830;2;2;1;1;6;186;1, PETIT TOURNON (AVENUE;;;;70
201500011335;15;2;9;1105;1;2;1;1;6;186;4, COUX (AVENUE DE) PAIR;;;;70
201500011336;15;3;5;730;2;1;1;1;7;146;LA BEAUME;;;;70
201500011337;15;4;10;1710;1;1;1;1;7;146;MOULIN A VENT (AVENUE DU;;;;70
201500011338;15;1;16;1745;3;2;1;2;6;259;11  allee de l europe;M;4301700;335000;340
201500011339;15;2;13;1445;1;1;1;1;3;123;;M;4361462;381538;340
201500011340;15;3;5;1800;1;2;1;1;3;259;rue du merlot;M;4360419;378344;340
201500011341;15;4;14;1045;1;1;1;1;7;259;;M;4360869;379605;340
201500011342;15;6;1;845;1;1;1;1;1;134;;M;4358913;380741;340
201500011343;15;7;3;1400;1;1;1;1;3;202;;M;4357408;374514;340
201500011344;15;9;29;1830;1;2;1;1;3;163;106 avenue d'argelliers;M;4365072;369746;340
201500011345;15;12;24;1430;1;1;1;1;3;259;;M;4362448;376986;340