num_acc;an;mois;jour;hrmn;lum;agg;int;atm;col;com;adr;gps;lat;long;dep
201500011346;15;4;24;845;1;1;1;1;7;397;;M;4320700;247300;110
201500011347;15;6;29;2115;1;1;6;1;7;27;;M;4318800;250600;110
201500011348;15;8;15;900;1;1;1;1;6;261;;M;4317978;266933;110
201500011349;15;8;18;2200;3;2;1;1;2;397;;M;4320493;241639;110
201500011350;15;10;4;2015;5;2;1;1;5;397;Av du Gйnйral de Gaulle;M;4320973;244612;110
201500011351;15;8;14;1315;1;1;1;2;6;140;;M;4592972;217949;230
201500011352;15;1;1;830;2;2;1;1;7;420;intersection D172  D138;M;0;0;780
201500011353;15;1;6;1945;5;2;1;1;6;537;36 rue de la fontaine;M;4857500;194300;780
201500011354;15;1;10;15;3;1;1;1;6;616;;M;0;0;780
201500011355;15;1;8;1130;1;1;1;3;7;615;;M;0;0;780
201500011356;15;2;25;1000;1;1;1;8;3;356;;M;0;0;780
201500011357;15;3;5;715;1;1;1;1;6;92;;M;4836832;188326;280
201500011358;15;3;12;1615;1;1;1;1;7;356;;M;0;0;780
201500011359;15;3;17;715;1;1;1;1;6;111;A10;M;0;0;910
201500011360;15;4;6;1415;1;1;1;1;6;92;;M;4837172;188510;280
201500011361;15;4;14;1630;1;2;6;1;6;575;Chemin de Coubertin;M;0;0;780
201500011362;15;4;19;1630;1;1;1;1;3;615;;M;0;0;780
201500011363;15;4;20;1215;1;1;1;1;6;389;;M;0;0;780
201500011364;15;4;30;1800;1;1;1;3;1;356;;M;0;0;780
201500011365;15;5;1;1330;1;1;1;2;6;3;;M;4852400;183200;780
201500011366;15;5;29;315;3;1;1;1;6;601;;M;0;0;780
201500011367;15;5;29;630;2;1;1;1;5;169;;M;4843863;190684;280
201500011368;15;5;28;630;1;1;1;1;3;319;A10 - Aire repos PR 5+10;M;0;0;910
201500011369;15;6;4;1030;1;1;1;1;5;356;;M;0;0;780
201500011370;15;6;8;1515;1;1;1;1;6;623;;M;0;0;780
201500011371;15;6;9;1415;1;1;1;1;1;92;;M;4837000;188200;280
201500011372;15;6;10;1515;1;1;1;1;5;634;A10;M;0;0;910
201500011373;15;6;21;1825;1;2;1;1;3;655;intersection D73;M;0;0;780
201500011374;15;6;26;545;1;1;1;1;7;537;;M;4856900;197600;780
201500011375;15;6;27;1615;1;1;1;1;6;506;;M;4852100;178400;780
201500011376;15;7;14;2300;3;1;1;1;2;9;;M;4846500;191200;780
201500011377;15;7;20;415;3;1;1;1;6;276;;M;4830892;186224;280
201500011378;15;7;19;1430;1;1;1;1;6;3;;M;0;0;780
201500011379;15;8;8;1000;1;1;1;1;7;92;;M;4837756;188748;280
201500011380;15;9;5;2000;2;1;1;1;7;9;;M;0;0;780
201500011381;15;9;10;1845;1;1;9;1;7;601;;M;0;0;780
201500011382;15;9;19;330;3;1;1;8;6;3;;M;4852200;183000;780
201500011383;15;9;25;1630;1;1;2;1;3;522;;M;4859900;199300;780
201500011384;15;9;26;1745;1;1;1;1;5;92;;M;4834244;186892;280
201500011385;15;10;16;1445;1;1;1;2;7;349;;M;0;0;780
201500011386;15;10;23;2130;3;1;1;1;6;169;;M;4844271;190832;280
201500011387;15;11;7;930;1;1;1;5;2;26;;M;4831623;186280;280
201500011388;15;11;9;815;1;1;1;1;1;478;;M;4847000;187700;780
201500011389;15;11;25;1315;1;1;1;2;6;3;;M;4853200;183500;780
201500011390;15;12;8;745;2;1;1;1;7;319;A10;M;4864300;215000;910
201500011391;15;12;16;2100;3;1;1;1;4;92;;M;4836794;188315;280
201500011392;15;12;22;215;3;1;1;1;6;9;;M;0;0;780
201500011393;15;3;19;645;2;1;3;1;1;299;D20;M;4935225;420316;510
201500011394;15;7;31;2200;3;1;1;1;6;232;D980;M;4928884;426157;510
201500011395;15;11;20;15;3;1;1;3;6;662;A34;M;4929177;412816;510
201500011396;15;3;13;1600;1;1;1;1;6;189;;M;0;0;690
201500011397;15;3;22;1600;1;1;1;1;6;7;;M;0;0;690
201500011398;15;4;9;1200;1;2;1;1;1;119;La balasserie;;;;690
201500011399;15;8;7;1900;1;1;1;1;7;118;;M;4556500;480300;690
201500011400;15;8;23;800;1;2;1;1;6;7;48 boulevard des allйes;M;0;0;690
201500011401;15;8;26;1215;1;1;1;1;5;7;;M;0;0;690
201500011402;15;10;5;1450;1;1;1;3;6;253;;;;;690
201500011403;15;11;5;1815;3;1;1;1;1;80;;M;0;0;690
201500011404;15;11;21;1715;2;1;1;1;1;97;;M;0;0;690
201500011405;15;1;29;815;2;2;7;2;6;50;RUE DE LA MAIRIE;M;0;0;370
201500011406;15;3;16;1815;1;2;2;1;3;50;RUE DES PETITES MAISONS;M;0;0;370
201500011407;15;3;28;1145;1;2;1;1;2;50;129 AVENUE GRAND SUD;M;0;0;370
201500011408;15;4;9;1830;1;1;1;1;2;50;;M;0;0;370
201500011409;15;5;28;1900;1;2;7;9;6;243;RUE PRINCIPALE;M;0;0;370
201500011410;15;6;26;1615;1;2;1;1;4;50;RUE PHILIPPE MAUPAS;M;0;0;370
201500011411;15;11;30;1945;5;2;6;8;3;50;RUE PHILIPPE MAUPAS;M;0;0;370
201500011412;15;12;3;900;1;1;1;1;2;18;;M;0;0;370
201500011413;15;3;14;1400;1;1;1;1;5;45;Pen Ar Creach;M;4843951;-426678;290
201500011414;15;3;30;1745;1;2;2;8;1;5;Bd de la Rйpublique;M;4474461;-110271;330
201500011415;15;5;13;2315;5;2;9;1;3;5;1,Bd Marйchal Juin;M;4473307;-107894;330
201500011416;15;5;22;1045;1;2;9;1;6;5;2, R Bertin Intermarchй;M;4477490;-109315;330
201500011417;15;6;2;2245;5;2;2;1;3;5;20 avenue Thiers;M;4474106;-109550;330
201500011418;15;7;13;1100;1;2;6;1;3;5;153, Av de Bordeaux;M;4475293;-107823;330
201500011419;15;8;2;100;3;1;1;1;6;11;;M;4479510;-105769;330
201500011420;15;8;2;1945;1;1;1;1;1;229;;M;0;0;330
201500011421;15;7;31;2015;1;2;1;1;3;5;63, Av des Colonies;M;4474486;-108487;330
201500011422;15;10;10;2045;5;2;1;1;2;5;15 Bd de la Rйpublique;M;4473260;-108021;330
201500011423;15;12;5;2030;3;1;1;5;6;5;;M;0;0;330
201500011424;15;12;30;1100;1;2;1;1;6;5;Place du 14 Juillet;M;4474242;-109727;330
201500011425;15;6;20;1000;1;2;1;1;2;432;RUE GERARD DE NERVAL.;M;4910949;260040;600
201500011426;15;8;4;545;2;1;1;2;6;494;;M;4910409;256801;600
201500011427;15;10;15;1730;2;2;1;1;1;172;72 grande rue;M;4914317;246513;600
201500011428;15;11;20;415;3;1;1;2;6;505;;M;4915920;255215;600
201500011429;15;12;28;730;3;1;1;1;6;494;;M;4910415;256921;600
201500011430;15;6;24;1700;1;1;1;1;7;257;;M;4529965;656910;730
201500011431;15;10;10;1130;1;1;1;1;7;257;;M;0;0;730
201500011432;15;12;12;2330;5;2;1;1;6;257;RD 117 LES MENUIRES;M;4531699;653723;730
201500011433;15;2;27;1215;1;1;1;1;2;99;A26;M;4882713;428900;510
201500011434;15;3;13;1715;1;1;1;1;2;205;A4;M;4903411;440535;510
201500011435;15;5;2;1645;1;1;1;1;7;634;A26;M;4895703;428838;510
201500011436;15;7;6;330;3;1;1;1;2;205;A4;M;4903407;438975;510
201500011437;15;9;7;800;1;1;1;1;6;147;A4;M;4903167;447081;510
201500011438;15;1;14;2100;3;1;1;1;7;339;D410;M;4836288;246706;770
201500011439;15;1;27;630;5;2;1;9;7;340;PLACE DE LA MAIRIE;M;4828633;278742;770
201500011440;15;1;29;2330;3;1;9;6;6;333;;M;4828010;270414;770
201500011441;15;2;6;2145;1;1;1;1;6;359;AUTOROUTE A6;M;4847200;251000;770
201500011442;15;2;20;815;1;1;1;1;1;370;A6;M;0;0;770
201500011443;15;3;22;1700;1;1;1;1;6;216;A6 (Paris - Province);M;0;0;770
201500011444;15;7;3;2100;1;1;1;7;3;431;A6;M;0;0;770
201500011445;15;7;6;600;1;1;1;1;2;339;A6;M;0;0;770
201500011446;15;7;10;630;2;1;1;1;5;339;A6;M;4860800;295000;770
201500011447;15;7;16;430;3;1;1;1;2;339;A6;M;4838400;255800;770
201500011448;15;8;4;245;3;1;1;2;7;168;;M;4816510;287116;770
201500011449;15;8;27;1515;1;1;1;3;1;65;;M;0;0;770
201500011450;15;8;28;700;2;1;1;2;6;441;A6;M;4884100;285400;910
201500011451;15;9;11;1915;2;1;1;1;7;412;;M;4847420;251774;770
201500011452;15;10;25;1815;2;1;1;1;5;520;;M;0;0;770
201500011453;15;11;1;1730;1;1;1;1;6;168;;M;0;0;770
201500011454;15;11;10;1830;3;1;1;1;7;333;;M;0;0;770
201500011455;15;11;12;1845;3;1;1;1;4;407;;M;0;0;770
201500011456;15;12;18;2200;3;1;1;1;6;441;A6;M;4851500;250700;910
201500011457;15;12;29;200;3;1;6;1;7;22;;M;4845153;262387;770
201500011458;15;5;10;1115;1;1;1;1;2;427;;M;0;0;620
201500011459;15;5;25;1315;1;1;1;1;2;718;;M;0;0;620
201500011460;15;6;5;2015;2;1;1;1;6;121;;M;0;0;620
201500011461;15;6;7;845;1;1;1;1;7;829;;M;0;0;620
201500011462;15;7;7;45;3;1;1;1;6;829;;M;5005248;287494;620
201500011463;15;7;12;600;1;2;6;1;6;73;;M;5033926;285120;620
201500011464;15;9;19;1530;1;1;1;1;2;829;;M;0;0;620
201500011465;15;9;21;745;1;1;1;1;3;405;;M;0;0;620
201500011466;15;10;22;2300;3;1;1;1;5;718;;M;5029938;288744;620
201500011467;15;11;21;1830;3;1;1;3;6;873;;M;5026156;286356;620
201500011468;15;1;14;1430;1;1;1;1;5;33;;M;0;0;800
201500011469;15;1;31;630;3;1;1;1;2;2;;M;0;0;800
201500011470;15;2;9;1145;1;1;1;1;2;33;;M;0;0;800
201500011471;15;4;14;1015;1;1;1;1;6;781;;M;0;0;800
201500011472;15;5;5;45;3;1;1;2;1;33;;M;0;0;800
201500011473;15;8;8;2330;3;1;1;1;5;417;;M;0;0;800
201500011474;15;8;18;15;3;1;1;1;6;383;;M;0;0;800
201500011475;15;8;27;2100;3;1;1;2;6;421;;M;0;0;800
201500011476;15;8;29;615;2;1;1;1;5;288;;M;0;0;800
201500011477;15;8;30;1345;1;1;1;7;6;101;;M;0;0;800
201500011478;15;10;21;1145;1;1;1;1;5;359;;M;0;0;800
201500011479;15;11;6;215;3;1;1;1;5;685;;M;0;0;800
201500011480;15;11;23;415;3;1;1;8;6;267;;M;0;0;800
201500011481;15;12;19;1745;3;1;1;1;7;685;;M;0;0;800
201500011482;15;12;22;1030;1;1;1;1;6;186;;M;0;0;800
201500011483;15;12;29;300;3;1;1;8;5;2;;M;0;0;800
201500011484;15;1;6;1545;1;1;1;1;2;103;autoroute;M;0;0;130
201500011485;15;2;8;2030;3;1;1;1;3;112;A7;M;0;0;130
201500011486;15;3;2;1145;1;1;1;1;2;32;;M;0;0;130
201500011487;15;3;2;1045;1;1;1;1;2;67;A7;M;0;0;130
201500011488;15;3;4;1015;1;1;1;1;3;112;;M;0;0;130
201500011489;15;3;31;815;1;1;1;1;5;67;;M;0;0;130
201500011490;15;4;19;1745;1;1;1;2;6;97;***;M;0;0;130
201500011491;15;4;19;2215;3;1;1;1;6;51;***;M;0;0;130
201500011492;15;5;27;1330;1;1;1;1;6;51;***;M;0;0;130
201500011493;15;6;6;1630;1;1;1;1;6;18;***;M;0;0;130
201500011494;15;6;12;1730;1;1;9;3;4;51;;M;0;0;130
201500011495;15;7;11;1500;1;1;1;1;7;49;**;M;0;0;130
201500011496;15;7;17;1600;1;1;1;1;5;51;***;M;0;0;130
201500011497;15;7;20;1245;1;1;1;1;5;103;***;M;0;0;130
201500011498;15;8;13;1145;1;1;1;1;2;51;*/*;M;0;0;130
201500011499;15;8;21;1015;1;1;1;1;4;118;;M;0;0;130
201500011500;15;8;22;315;3;1;1;1;6;103;;M;4358800;512300;130
201500011501;15;9;12;245;3;1;1;1;2;67;**;M;0;0;130
201500011502;15;10;3;1845;2;1;1;3;2;1;**;M;0;0;130
201500011503;15;10;27;730;1;1;1;1;2;1;;M;4351900;540900;130
201500011504;15;4;11;1015;1;1;1;1;6;87;;M;4414240;477764;840
201500011505;15;4;26;1600;1;1;1;2;6;83;;M;0;0;840
201500011506;15;8;9;2215;3;1;1;1;6;39;;M;4409579;487132;840
201500011507;15;12;17;445;3;1;1;1;2;78;;M;0;0;840
201500011508;15;12;24;145;3;1;1;1;6;19;;M;0;0;840
201500011509;15;1;3;1715;5;2;1;3;2;74;Grande Rue;M;4921986;235997;600
201500011510;15;5;15;1;5;1;1;1;1;513;;M;4919322;236484;600
201500011511;15;7;16;2030;1;2;1;1;7;44;Rue Desnosses Mathieu;M;4930052;234274;600
201500011512;15;12;23;1900;3;2;1;1;6;584;route de Creil;M;4924023;243911;600
201500011513;15;12;23;1830;5;2;1;1;6;584;rue Victor hugo ST LEU D;M;4922034;242712;600
201500011514;15;2;19;745;1;2;1;1;6;67;RUE MONT TILLEUL;M;4962730;517855;80
201500011515;15;3;26;930;1;1;1;1;6;527;;M;0;0;250
201500011516;15;6;16;1045;1;1;1;9;6;56;;M;0;0;250
201500011517;15;7;5;945;1;1;1;1;3;56;;M;0;0;250
201500011518;15;8;3;715;1;1;1;1;3;527;;M;0;0;250
201500011519;15;10;30;1430;1;1;1;1;2;215;;M;4734900;624900;250
201500011520;15;12;16;815;2;1;1;1;1;328;;M;4718526;596374;250
201500011521;15;3;18;1130;1;1;1;1;6;580;;M;4934359;92276;270
201500011522;15;4;19;615;2;1;1;1;2;484;;M;4934300;106084;760
201500011523;15;5;14;1315;1;1;1;3;6;646;;M;4933342;38866;270
201500011524;15;7;2;1315;1;1;1;8;2;484;;M;4933647;107454;760
201500011525;15;7;8;1630;1;1;1;8;2;662;;M;4934721;42644;270
201500011526;15;7;22;1330;1;1;1;1;6;227;;M;4937201;66904;270
201500011527;15;8;3;200;3;1;1;1;3;340;;M;4936538;80954;270
201500011528;15;8;21;1215;1;1;1;1;6;340;;M;0;0;270
201500011529;15;10;14;1530;1;1;1;1;2;65;;M;4931407;30620;270
201500011530;15;12;3;645;2;1;1;1;2;484;;M;4934360;105690;760
201500011531;15;11;11;1000;1;1;1;1;7;319;;M;4933793;99779;760
201500011532;15;11;16;745;2;1;4;1;6;484;;M;4933930;107013;760
201500011533;15;11;18;815;1;1;1;1;2;484;;M;4935522;103337;760
201500011534;15;12;10;1;5;1;1;1;1;484;;M;4933751;107281;760
201500011535;15;12;20;1730;3;1;1;1;7;497;;M;4937038;72006;270
201500011536;15;12;27;415;4;1;1;1;6;484;;M;4933531;107696;760
201500011537;15;12;28;1415;1;2;1;1;6;103;176 grande rue;M;4935486;81630;270
201500011538;15;1;16;1445;1;1;1;1;7;89;;M;0;0;780
201500011539;15;3;1;800;1;1;1;1;2;89;;M;0;0;780
201500011540;15;3;11;2045;3;1;1;1;7;150;;M;4908509;137773;270
201500011541;15;3;13;1245;1;1;1;1;1;517;;M;4913974;130738;270
201500011542;15;3;13;1530;1;1;1;1;2;612;;M;4907160;140602;270
201500011543;15;5;10;1545;1;1;1;1;6;612;;M;4907097;140740;270
201500011544;15;10;26;2345;3;1;1;1;6;99;;M;4907793;118744;270
201500011545;15;10;30;100;3;1;1;1;1;332;;M;4918522;123670;270
201500011546;15;11;20;445;3;1;1;1;2;701;;M;4922577;120921;270
201500011547;15;2;2;1530;1;1;1;1;4;369;;M;4934514;269852;600
201500011548;15;2;13;1930;3;1;1;1;4;541;;M;4929307;269071;600
201500011549;15;2;15;145;5;1;1;1;6;533;;M;4953472;272504;600
201500011550;15;2;24;415;3;1;1;1;2;369;;M;4935821;270285;600
201500011551;15;5;14;1;3;1;1;1;2;71;;M;4957220;274089;600
201500011552;15;5;21;600;1;1;1;1;1;281;;M;4948936;271426;600
201500011553;15;5;31;945;1;1;1;1;6;369;;M;4934048;269619;600
201500011554;15;6;2;2000;1;1;1;1;6;612;;M;4921587;262758;600
201500011555;15;6;20;1745;1;1;1;1;2;138;;M;4922117;263865;600
201500011556;15;7;12;2030;2;1;1;1;2;138;;M;4921927;263400;600
201500011557;15;7;18;845;1;1;1;1;6;533;;M;4952431;272175;600
201500011558;15;8;7;100;3;1;1;1;6;541;;M;4930287;268700;600
201500011559;15;9;19;730;1;1;1;1;6;541;;M;4930418;268595;600
201500011560;15;10;15;530;3;1;1;2;5;100;;M;4925620;268396;600
201500011561;15;11;14;1845;3;1;1;1;6;125;;M;4939643;269757;600
201500011562;15;11;15;915;1;1;1;1;6;100;;M;4925192;268146;600
201500011563;15;12;7;1300;1;1;1;1;6;138;;M;4921134;261794;600
201500011564;15;12;9;1000;1;1;1;1;5;533;;M;4953472;272504;600
201500011565;15;12;9;1145;1;1;1;7;2;71;;M;4958021;274484;600
201500011566;15;12;9;1330;1;1;1;1;3;558;;M;4959562;275125;600
201500011567;15;3;20;800;1;1;1;1;2;27;;M;4741235;504636;210
201500011568;15;12;15;1545;1;1;1;2;7;255;;M;0;0;210
201500011569;15;1;7;145;3;1;1;1;2;108;;M;4616800;477035;690
201500011570;15;2;21;415;3;1;1;1;2;13;;M;0;0;690
201500011571;15;2;23;1345;1;1;1;1;6;264;;M;0;0;690
201500011572;15;4;10;645;1;1;1;1;2;13;;M;0;0;690
201500011573;15;6;9;515;2;1;1;1;6;13;;M;0;0;690
201500011574;15;8;17;1715;1;1;1;1;6;77;;M;0;0;690
201500011575;15;2;10;500;3;1;1;8;6;597;;M;0;0;590
201500011576;15;2;15;2115;3;1;1;1;5;47;;M;0;0;590
201500011577;15;3;18;1400;1;1;1;1;6;167;Autoroute;M;5021973;324690;590
201500011578;15;4;9;1400;1;1;1;1;7;715;;M;0;0;620
201500011579;15;6;21;615;1;1;1;1;6;597;;M;0;0;590
201500011580;15;7;19;615;2;1;1;1;2;377;;M;0;0;590
201500011581;15;8;10;800;1;1;1;1;6;125;;M;0;0;590
201500011582;15;8;25;1700;1;1;1;2;2;421;;M;0;0;620
201500011583;15;10;24;745;2;1;1;1;6;623;;M;0;0;590
201500011584;15;11;1;815;2;1;1;1;6;244;;M;0;0;590
201500011585;15;11;22;1800;5;1;6;1;7;448;RD 817;M;4334658;-167326;640
201500011586;15;4;13;730;1;2;1;1;6;496;;M;4348200;-145300;640
201500011587;15;6;18;1830;1;1;9;1;3;527;;M;4334048;-152221;640
201500011588;15;6;24;1430;1;2;1;1;1;553;Bd de Villefontaine;M;0;0;380
201500011589;15;8;5;1600;1;1;1;1;6;53;;M;0;0;380
201500011590;15;8;7;1445;1;1;1;1;6;348;;M;0;0;380
201500011591;15;9;23;2215;3;1;1;1;6;193;;M;0;0;380
201500011592;15;9;26;30;3;1;1;1;7;537;;M;4564046;514804;380
201500011593;15;12;7;1730;3;1;1;1;6;193;;M;0;0;380
201500011594;15;11;5;1145;1;2;1;1;6;278;5 rue d'habsheim;M;0;0;680
201500011595;15;1;9;800;2;1;1;9;3;169;;M;4812469;-94749;530
201500011596;15;4;10;1830;1;1;1;1;2;137;;M;4806710;-93279;530
201500011597;15;5;13;1700;1;1;6;1;3;108;;M;4807313;-101163;530
201500011598;15;6;6;1715;1;1;3;1;3;48;;M;4824830;-90290;530
201500011599;15;7;10;1630;1;1;1;1;1;243;;M;4812652;-87940;530
201500011600;15;7;20;845;1;1;1;1;1;39;;M;4814987;-95237;530
201500011601;15;7;29;1445;1;1;1;1;7;229;;M;4815588;-75109;530
201500011602;15;8;13;1830;1;1;1;1;6;45;;M;4810357;-96180;530
201500011603;15;1;1;515;3;1;1;5;6;371;RD 317;M;4907590;252890;950
201500011604;15;2;12;1730;1;2;1;1;6;250;AV HENRI BARBUSSE;M;4909890;252210;950
201500011605;15;5;3;45;3;1;1;2;6;371;RD 317;M;4907790;252910;950
201500011606;15;6;16;1400;1;1;1;1;3;371;CHEMIN DES PEUPLIERS;M;4907630;250390;950
201500011607;15;7;18;1115;1;2;1;7;3;580;R DE LA FERME ST LADRE;M;4909530;252830;950
201500011608;15;12;22;2200;3;1;1;1;1;580;RD 16;M;4908530;254470;950
201500011609;15;7;12;1245;1;1;1;1;6;517;;M;4951732;119540;760
201500011610;15;9;27;1845;1;1;1;1;6;503;;M;4953136;101474;760
201500011611;15;2;25;1015;1;1;1;2;1;91;;M;4628617;-108097;170
201500011612;15;3;20;1300;1;1;9;2;5;222;;M;4622017;-113072;170
201500011613;15;3;30;815;2;1;3;2;3;396;;M;4622517;-87904;170
201500011614;15;4;24;1445;1;1;2;1;3;218;;M;4632347;-99371;170
201500011615;15;6;23;845;1;2;3;1;3;51;RUE CHARLES DE GAULLE;M;4618475;-139203;170
201500011616;15;7;31;1715;1;1;1;1;5;51;;M;4616525;-135465;170
201500011617;15;8;6;1830;1;1;6;1;3;121;;M;4619607;-143168;170
201500011618;15;12;9;1100;1;2;1;1;6;121;rue du corps de garde;M;4619375;-142844;170
201500011619;15;1;9;800;2;1;9;2;2;289;;M;4565470;-63439;170
201500011620;15;1;19;900;1;1;1;2;1;86;;M;4574490;-57657;170
201500011621;15;4;7;1800;1;1;1;1;4;299;;M;4596220;-95931;170
201500011622;15;6;6;1615;1;1;1;1;2;444;;M;4568635;-64584;170
201500011623;15;6;25;1430;1;1;1;7;1;147;;M;4581186;-51348;170
201500011624;15;8;7;915;1;1;1;1;6;438;;M;4555095;-60396;170
201500011625;15;8;10;1845;1;1;1;1;6;157;;M;4589697;-59787;170
201500011626;15;10;13;1530;1;1;2;1;3;367;;M;4592731;-34089;170
201500011627;15;11;2;830;1;1;1;1;1;421;;M;4567559;-95570;170
201500011628;15;11;24;730;1;1;1;5;6;280;;M;4585830;-72920;170
201500011629;15;12;30;2145;3;1;1;2;6;415;;M;0;0;170
201500011630;15;5;23;2145;3;1;1;1;7;131;;M;0;0;250
201500011631;15;6;11;1645;1;1;1;1;3;222;;M;0;0;250
201500011632;15;1;9;1930;5;2;3;1;1;22;chemin mйric / av parc;M;4367614;143458;310
201500011633;15;4;20;1000;1;2;2;1;3;186;cd 59/ave des chalets;M;4368298;144806;310
201500011634;15;10;3;800;1;2;1;1;1;282;route de BESSIERES;M;4366900;144400;310
201500011635;15;1;12;1500;1;1;1;1;6;116;;M;0;0;830
201500011636;15;2;20;100;3;1;1;1;4;110;A8;M;0;0;130
201500011637;15;3;7;2045;3;1;1;1;4;87;A8;M;0;0;130
201500011638;15;3;21;1730;1;1;1;2;2;116;;M;0;0;830
201500011639;15;4;4;330;3;1;1;1;3;110;;M;0;0;130
201500011640;15;4;17;1015;1;1;1;8;2;25;***;M;0;0;130
201500011641;15;4;18;1615;1;1;1;1;2;96;;M;0;0;830
201500011642;15;5;7;1700;1;1;1;1;2;23;;M;0;0;830
201500011643;15;6;27;700;2;1;1;1;6;116;;M;0;0;830
201500011644;15;8;19;1815;1;1;1;1;3;23;;M;0;0;830
201500011645;15;8;22;1330;1;1;1;1;6;116;;M;0;0;830
201500011646;15;10;7;2130;3;1;1;1;6;116;;M;0;0;830
201500011647;15;10;17;915;1;1;1;1;6;116;;M;0;0;830
201500011648;15;1;17;800;1;1;9;2;6;81;;M;0;0;740
201500011649;15;1;24;1030;1;1;1;1;2;42;;M;0;0;740
201500011650;15;2;22;1915;3;1;1;1;6;262;;M;0;0;740
201500011651;15;6;12;600;1;1;1;1;6;18;;M;0;0;740
201500011652;15;10;19;2030;3;1;1;1;2;42;;M;0;0;740
201500011653;15;11;17;445;3;1;1;1;2;118;;M;0;0;740
201500011654;15;12;26;815;1;1;1;1;6;312;;M;0;0;740
201500011655;15;1;5;915;1;1;1;1;4;347;;M;4374843;424661;300
201500011656;15;1;10;1415;1;1;1;1;6;317;;M;4390625;455809;300
201500011657;15;3;2;900;1;1;1;1;4;22;;M;4365215;398919;340
201500011658;15;3;23;1;3;1;1;1;6;156;;M;4387473;444959;300
201500011659;15;3;22;1930;3;1;1;1;4;156;;M;4387629;445329;300
201500011660;15;4;5;645;2;1;1;1;4;169;;M;4379020;430117;300
201500011661;15;4;11;815;1;1;1;1;2;189;;M;4381041;434664;300
201500011662;15;6;10;1230;1;1;1;1;6;22;;M;4365304;399070;340
201500011663;15;6;16;1015;1;1;1;1;6;340;;M;4371715;413808;340
201500011664;15;8;7;1400;1;1;1;1;5;340;;M;4372002;414292;340
201500011665;15;8;9;130;3;1;1;1;2;240;;M;4366536;399114;340
201500011666;15;8;17;1300;1;1;1;1;1;347;;M;4374837;424593;300
201500011667;15;8;23;330;3;1;1;1;6;347;;M;4374849;424711;300
201500011668;15;8;27;1830;1;1;9;1;2;123;;M;4372475;417051;300
201500011669;15;9;3;1415;1;1;1;1;2;60;;M;4378320;440750;300
201500011670;15;9;10;1415;1;1;1;1;2;294;;M;4370281;411660;340
201500011671;15;10;10;645;2;1;1;1;4;34;;M;4372815;449972;300
201500011672;15;11;2;1015;1;1;1;1;6;123;;M;4372604;417868;300
201500011673;15;11;30;2100;3;1;1;1;1;294;;M;4370117;411512;340
201500011674;15;12;5;730;3;1;1;1;2;344;;M;4374953;423345;300
201500011675;15;2;18;1500;1;1;1;1;2;262;;M;4317619;303377;110
201500011676;15;5;22;1930;1;1;1;1;6;262;;M;4315915;293449;110
201500011677;15;7;18;315;3;1;1;1;1;379;;M;4306125;293712;110
201500011678;15;7;25;2000;1;1;1;1;2;188;;M;4294953;297090;110
201500011679;15;9;18;1345;1;1;1;1;6;262;;M;4291344;220314;110
201500011680;15;12;4;1800;3;1;1;1;4;14;;M;4317963;304131;110
201500011681;15;12;14;1915;3;1;1;8;1;40;;M;4315460;288641;110
201500011682;15;1;14;1030;1;1;1;3;3;156;ROUTE DE CONNEUIL;M;0;0;370
201500011683;15;1;19;1245;1;1;1;2;5;273;;M;0;0;370
201500011684;15;7;3;515;3;1;1;1;6;75;;M;0;0;370
201500011685;15;7;4;200;3;1;1;1;6;141;;M;0;0;370
201500011686;15;7;6;2315;5;2;1;1;3;15;GRANDE RUE;M;0;0;370
201500011687;15;7;12;200;3;1;1;1;1;75;LA FOSSE ROUGE;M;0;0;370
201500011688;15;7;15;2315;5;2;1;1;6;156;QUAI ALBERT BAILLET;M;0;0;370
201500011689;15;8;2;1045;1;1;1;1;1;8;;M;0;0;370
201500011690;15;9;3;830;1;1;1;1;1;96;;M;0;0;370
201500011691;15;9;29;1745;1;1;1;1;6;141;;M;0;0;370
201500011692;15;11;12;730;2;1;1;8;2;225;;M;0;0;370
201500011693;15;11;22;1915;3;1;1;1;6;253;;M;0;0;370
201500011694;15;12;4;1745;1;1;1;1;1;15;LA RIGAUDIERE;M;0;0;370
201500011695;15;12;28;1700;1;2;1;1;3;273;rue bernadette delprat;M;0;0;370
201500011696;15;2;15;430;3;1;1;2;6;93;;M;4801564;187789;450
201500011697;15;3;13;1545;1;1;1;8;6;203;;M;4784262;167687;450
201500011698;15;4;5;1145;1;1;1;1;3;317;;M;4778058;159201;450
201500011699;15;4;27;2145;3;1;1;1;6;302;;M;4796614;185618;450
201500011700;15;5;2;715;2;1;1;1;6;276;;M;4829106;186062;280
201500011701;15;5;30;1800;1;1;1;1;6;175;;M;4775698;185569;450