num_acc;an;mois;jour;hrmn;lum;agg;int;atm;col;com;adr;gps;lat;long;dep
201500011702;15;6;5;530;1;1;1;1;6;167;;M;4786972;172443;450
201500011703;15;6;12;1000;1;1;1;1;6;93;;M;4801419;187811;450
201500011704;15;7;10;45;3;1;1;1;2;202;A10 // BT INSERTION;M;4781769;163669;450
201500011705;15;7;12;530;2;1;1;1;3;302;;M;4794594;184851;450
201500011706;15;8;4;545;2;1;1;8;6;24;;M;4782555;165214;450
201500011707;15;8;21;1445;1;1;1;1;3;311;;M;0;0;280
201500011708;15;8;27;715;2;1;1;3;3;203;;M;4785034;168813;450
201500011709;15;9;5;1545;1;1;7;1;6;164;;M;4827040;185548;280
201500011710;15;10;4;300;3;1;1;1;6;93;;M;4802076;184202;450
201500011711;15;10;13;1015;1;1;1;1;2;8;;M;4806796;184754;450
201500011712;15;10;17;1345;1;1;1;1;6;67;;M;4789811;179341;450
201500011713;15;11;22;1815;4;1;1;1;5;169;;M;4791036;184932;450
201500011714;15;12;16;815;2;1;1;8;6;75;;M;4789948;183667;450
201500011715;15;12;22;1230;1;1;1;1;6;392;;M;4823396;184948;280
201500011716;15;8;22;1530;1;1;1;1;4;296;;M;4548428;692697;730
201500011717;15;5;8;1100;1;1;1;1;3;114;;M;0;0;130
201500011718;15;5;24;1745;1;1;1;1;1;32;;M;0;0;130
201500011719;15;6;5;1830;1;2;1;1;3;114;;M;0;0;130
201500011720;15;6;30;1545;1;1;1;1;1;32;***;M;0;0;130
201500011721;15;10;3;530;3;1;1;1;5;37;;M;0;0;130
201500011722;15;10;2;1645;1;1;3;8;3;114;;M;0;0;130
201500011723;15;7;7;1345;1;1;1;1;1;405;;M;0;0;670
201500011724;15;7;26;2330;5;2;1;1;1;472;ROUTE DE ROUNTZENHEIM;M;0;0;670
201500011725;15;9;21;830;1;2;1;7;1;222;route de KERFROLO;M;4784352;-273780;560
201500011726;15;5;10;1545;1;1;1;1;7;436;;M;4703491;506744;210
201500011727;15;7;4;730;1;1;1;1;2;506;;M;4710055;494916;210
201500011728;15;8;13;1445;1;1;1;1;6;606;;M;4705665;492832;210
201500011729;15;8;23;400;3;1;1;1;2;606;;M;4707431;492414;210
201500011730;15;9;20;2130;3;1;1;1;4;42;;M;4704214;504923;210
201500011731;15;12;18;1215;1;1;1;1;2;606;;M;4706360;491466;210
201500011732;15;1;16;700;3;1;1;2;7;239;;M;0;0;730
201500011733;15;5;15;1130;1;1;1;1;2;184;;M;4557735;579898;730
201500011734;15;6;2;615;2;1;1;2;6;329;;M;0;0;730
201500011735;15;10;3;2030;3;1;1;3;7;25;;M;0;0;730
201500011736;15;11;27;1745;5;1;1;1;6;179;;M;0;0;730
201500011737;15;11;30;730;1;1;1;1;2;104;;M;0;0;730
201500011738;15;4;5;645;3;1;1;1;6;2;;M;0;0;740
201500011739;15;9;20;2245;3;1;1;1;7;2;;M;0;0;740
201500011740;15;11;18;1815;5;1;1;1;2;245;;M;0;0;740
201500011741;15;1;15;1045;1;1;1;1;2;118;;M;0;0;380
201500011742;15;3;25;2145;3;1;1;2;6;565;;M;4525985;563756;380
201500011743;15;6;27;1900;1;1;1;1;6;565;;M;0;0;380
201500011744;15;7;10;1600;1;1;1;1;5;257;;M;0;0;380
201500011745;15;7;16;830;1;1;1;1;6;565;;M;0;0;380
201500011746;15;7;19;915;1;1;1;1;7;508;;M;0;0;380
201500011747;15;8;8;715;1;1;1;1;7;118;;M;4538392;547570;380
201500011748;15;8;9;1045;1;1;1;2;7;481;;M;0;0;380
201500011749;15;9;22;700;1;1;1;1;5;65;;M;0;0;380
201500011750;15;9;24;1600;1;1;9;1;6;565;;M;4526831;562820;380
201500011751;15;10;23;1615;1;1;1;1;6;481;;M;0;0;380
201500011752;15;11;12;1345;1;1;1;1;6;481;;M;4555557;535620;380
201500011753;15;8;17;1415;1;1;1;1;2;166;;M;4901800;558500;550
201500011754;15;3;12;1550;1;2;9;1;4;346;WARNECOURT ROUTE;M;4975000;469262;80
201500011755;15;9;10;1205;1;2;1;1;6;105;1, JAUBERT;M;4976060;471945;80
201500011756;15;3;26;1320;1;2;1;1;3;105;COMTES DE RETHEL (RUE DE;M;4976022;471726;80
201500011757;15;10;3;1400;1;2;9;1;6;105;1, GAILLY G. AVENUE;M;4977610;471567;80
201500011758;15;4;24;1640;1;2;1;1;3;180;104, MARNE AVENUE;M;4973310;471900;80
201500011759;15;11;17;1800;5;2;3;3;6;105;, WARCQ;M;4976416;469747;80
201500011760;15;6;6;2305;5;1;1;1;4;105;DE GAULLE AVENUE;M;4976800;471549;80
201500011761;15;11;20;1730;5;2;2;1;6;105;HOTEL DE VILLE PLACE;M;4975975;471909;80
201500011762;15;11;28;1925;5;2;2;1;3;105;SANS, BOIS FORTANT (RUE;M;4975200;471560;80
201500011763;15;6;11;1930;1;2;3;1;2;105;2, LAFRANCHEVILLE ROUT;M;4974026;472509;80
201500011764;15;7;1;1120;1;2;1;1;6;105;NIVELET E.;M;4977717;470494;80
201500011765;15;9;24;1845;1;1;1;1;6;105;KROMPRINZ CHEMIN;M;4979430;471756;80
201500011766;15;8;19;1255;1;2;1;1;6;105;SANS, PAQUIS RUE;M;4978249;472366;80
201500011767;15;12;14;1255;1;2;1;1;1;105;39, DE GAULLE AVENUE;M;4976760;471618;80
201500011768;15;7;31;1454;1;2;1;1;6;105;ANDRE LEBON (RUE);M;4974790;472416;80
201500011769;15;11;4;1805;2;2;1;1;6;105;2, GONZAGUE;M;4977457;471683;80
201500011770;15;1;4;1830;5;2;2;1;6;105;2, RUE DE HARAR;;;;80
201500011771;15;1;6;1830;5;2;1;1;7;105;58, ROUSSEAU J.J.;;;;80
201500011772;15;6;28;930;1;2;3;1;1;354;D674/AVENUE DU PЙRIGORD;M;4515460;978;240
201500011773;15;1;16;1630;1;1;1;2;6;523;LES PLAGUETTES;M;4481240;31883;240
201500011774;15;1;26;830;1;1;1;2;6;555;;M;4930550;29517;140
201500011775;15;2;21;1245;1;1;1;4;2;555;;M;4931060;30211;140
201500011776;15;4;15;1715;1;1;1;1;2;514;;M;4929390;20569;140
201500011777;15;7;9;450;3;1;1;1;6;555;;M;4930510;29433;140
201500011778;15;7;17;1850;1;1;1;2;2;301;;M;4916720;-28284;140
201500011779;15;8;1;955;1;1;1;1;5;301;;M;4916700;-28621;140
201500011780;15;8;5;1500;1;1;1;1;4;301;;;;;140
201500011781;15;8;21;1230;1;1;1;1;4;185;;M;4930500;17680;140
201500011782;15;9;26;1800;1;1;1;1;2;55;;M;4925990;11188;140
201500011783;15;11;18;1715;2;1;1;1;2;555;;;;;140
201500011784;15;12;9;2130;3;1;1;1;2;12;;;;;140
201500011785;15;1;19;2015;5;2;1;2;3;58;102Avenue Vall?e desBaux;M;4372037;480736;130
201500011786;15;6;15;1530;1;1;3;1;3;65;;M;4368105;489144;130
201500011787;15;8;28;100;3;1;1;1;7;38;***;M;0;0;130
201500011788;15;9;7;2100;5;2;1;1;3;38;Avenue de Tarascon;M;0;0;130
201500011789;15;2;17;1030;1;1;1;1;3;45;la basse moisonnais;M;4731608;-181365;440
201500011790;15;7;7;1045;1;2;1;1;3;26;marquis de maubreuil;M;4729745;-148781;440
201500011791;15;11;7;45;5;2;1;1;4;172;D723;M;4726580;-148780;440
201500011792;15;8;26;1615;1;1;1;2;7;297;;M;4881662;104498;270
201500011793;15;11;6;400;3;1;1;1;2;378;;M;4878888;119524;270
201500011794;15;2;1;1530;1;2;1;1;1;27;rue louis vernay;M;0;0;690
201500011795;15;2;5;1015;1;2;9;1;6;43;parking maison de retrai;M;0;0;690
201500011796;15;3;30;1415;1;1;4;1;5;27;;M;4566500;475300;690
201500011797;15;7;5;1345;1;1;1;1;1;43;;M;0;0;690
201500011798;15;10;21;1000;1;2;1;1;6;27;12 rue Diot;M;0;0;690
201500011799;15;3;29;1530;1;1;1;2;3;50;;M;0;0;690
201500011800;15;6;2;1445;1;2;1;1;3;9;RD306 PK 28+800;M;0;0;690
201500011801;15;1;28;1845;2;2;1;1;1;212;rue des cloitres;M;4838155;-461401;290
201500011802;15;2;10;1500;1;2;1;1;1;130;route de Kerfily;M;4836980;-465720;290
201500011803;15;3;22;430;4;2;1;1;6;69;Rue de Milizac;M;4842700;-455982;290
201500011804;15;4;15;815;1;1;1;1;7;69;Route de la Trinitй;M;4840705;-456420;290
201500011805;15;6;2;1345;1;1;1;1;3;130;route de kerfily;M;4837015;-465080;290
201500011806;15;6;6;2015;1;1;1;1;6;282;;M;4837050;-473546;290
201500011807;15;7;10;1915;1;1;1;1;7;69;;M;4841927;-455111;290
201500011808;15;7;12;2015;1;1;1;1;1;190;Kerzadou;M;4836311;-468942;290
201500011809;15;11;10;2330;5;2;6;1;3;69;RUE DES ECOLES;M;4842359;-456293;290
201500011810;15;11;15;1930;3;1;1;1;6;190;;M;4833705;-475181;290
201500011811;15;3;16;930;1;1;1;1;1;178;;M;0;0;860
201500011812;15;5;4;1630;1;1;1;1;7;237;;M;0;0;860
201500011813;15;6;11;730;1;2;1;1;6;78;avenue Henri Roucher;M;4614999;29560;860
201500011814;15;9;6;1915;1;1;1;1;4;271;;M;0;0;860
201500011815;15;10;21;1715;1;1;1;1;4;89;;M;0;0;860
201500011816;15;11;5;1730;1;1;1;1;7;276;;M;0;0;860
201500011817;15;1;5;1130;1;1;1;1;7;254;;M;0;0;860
201500011818;15;3;19;1645;1;1;1;8;6;107;;M;4637000;68900;860
201500011819;15;4;16;1830;1;1;1;7;3;118;Carrefour D33/D727;M;4644722;98522;860
201500011820;15;7;6;1445;1;2;1;1;1;153;RN 147;M;4641700;68800;860
201500011821;15;9;30;1745;1;1;1;1;1;170;;M;0;0;860
201500011822;15;10;22;1615;1;1;1;8;1;118;;M;0;0;860
201500011823;15;1;13;1245;1;1;1;1;4;336;;M;4331765;326146;340
201500011824;15;1;18;1500;1;1;1;1;6;157;;M;4343988;357019;340
201500011825;15;2;27;1815;2;1;1;1;1;95;;M;4355072;380831;340
201500011826;15;4;2;515;3;1;1;1;3;336;A 9;M;4333622;328854;340
201500011827;15;4;4;1715;1;1;9;1;2;172;;M;4360560;393139;340
201500011828;15;4;11;2130;3;1;1;1;5;95;;M;4355028;380377;340
201500011829;15;5;10;1815;1;1;1;1;4;95;;M;4354979;380155;340
201500011830;15;5;15;1230;1;1;1;1;5;32;;M;4334195;330746;340
201500011831;15;5;21;945;1;1;1;1;1;157;;M;4342229;354119;340
201500011832;15;5;26;1030;1;1;9;1;3;270;;M;4356133;382845;340
201500011833;15;5;29;800;1;1;1;1;7;270;;M;4355724;382465;340
201500011834;15;6;4;115;3;1;1;1;6;143;,;M;4346961;364049;340
201500011835;15;6;5;315;3;1;1;1;3;32;;M;4330097;321101;340
201500011836;15;7;4;315;3;1;1;1;1;166;;M;4335786;334099;340
201500011837;15;7;28;1700;1;1;1;1;6;203;;M;4340766;349283;340
201500011838;15;8;26;1645;1;1;1;1;4;172;AUTO A9 LA LANGUEDOCIENN;M;4358420;388949;340
201500011839;15;9;21;2030;3;1;1;1;1;101;;M;4337801;344079;340
201500011840;15;12;9;1600;1;1;1;1;1;32;;M;4330539;323607;340
201500011841;15;12;22;1545;1;1;1;1;2;336;;M;4333889;329546;340
201500011842;15;12;28;1845;3;1;1;1;3;143;;M;4346995;364055;340
201500011843;15;1;1;1545;1;1;1;1;6;130;;M;4448439;-20792;330
201500011844;15;2;28;215;3;1;9;1;6;21;;M;4453008;-19551;330
201500011845;15;6;17;1600;1;1;1;1;2;270;;M;4441316;-25000;330
201500011846;15;7;17;2045;1;1;1;1;6;46;;M;4439503;-24187;330
201500011847;15;8;5;2330;3;1;1;1;6;452;;M;4464623;-43612;330
201500011848;15;8;10;1145;1;1;1;1;2;30;;M;4457628;-32215;330
201500011849;15;8;22;345;3;1;1;1;6;465;;M;0;0;330
201500011850;15;9;12;1630;1;1;1;1;7;2;;M;0;0;330
201500011851;15;10;30;800;1;1;1;1;2;343;;M;4458543;-34606;330
201500011852;15;12;23;245;3;1;1;1;3;452;;M;4464257;-43080;330
201500011853;15;12;28;845;1;1;1;1;6;36;;M;4445332;-23051;330
201500011854;15;3;20;2030;3;2;1;1;6;446;AVENUE TOLOSANE;M;0;0;310
201500011855;15;4;9;845;1;2;1;1;3;506;49 ave de la Marqueille;M;4356012;153285;310
201500011856;15;4;16;1530;1;1;1;2;3;254;;M;4353210;151603;310
201500011857;15;6;2;845;1;1;1;1;2;446;;M;4352600;145900;310
201500011858;15;6;8;1500;1;2;1;1;6;506;route  de revel;M;4354836;153670;310
201500011859;15;7;3;715;1;1;1;1;1;254;;M;0;0;310
201500011860;15;11;27;1245;1;2;6;1;3;254;l'occitane;M;4354543;150612;310
201500011861;15;1;16;700;3;1;2;1;1;4;LES REYBIAS;M;4498660;504470;260
201500011862;15;1;18;1030;1;2;3;1;6;49;LE VILLAGE;M;0;0;260
201500011863;15;1;25;645;3;1;3;1;3;301;CHALON OUEST;M;0;0;260
201500011864;15;2;11;1500;1;1;1;1;1;271;LES HAUTS SAVIAUX;M;0;0;260
201500011865;15;2;13;1715;1;1;1;2;3;179;LA CROIX;M;0;0;260
201500011866;15;3;8;2100;3;1;1;1;6;325;RN 7;M;0;0;260
201500011867;15;3;24;1630;1;1;1;8;3;88;LES OMIS;M;0;0;260
201500011868;15;4;1;1630;1;2;3;1;3;347;AV PREDIDENT ROOSEVELT;M;0;0;260
201500011869;15;4;17;100;3;1;1;2;7;84;SAUT DES CHEVRES HAUT;M;0;0;260
201500011870;15;4;18;1430;1;2;3;1;5;301;AV GENERAL DE GAULLE;M;0;0;260
201500011871;15;4;25;1915;1;2;1;1;1;347;RUE ERNEST BOUCHET;M;4506880;485180;260
201500011872;15;4;29;1645;1;2;1;1;3;9;LE CREUX DE THINE;M;0;0;260
201500011873;15;5;3;2230;5;2;1;1;3;160;AVENUE CROIX DES MAILLES;M;0;0;260
201500011874;15;5;3;745;1;2;2;1;3;301;AV COMMANDANT CORLU;M;0;0;260
201500011875;15;5;4;1245;1;1;2;1;5;271;LES PIALOUX;M;0;0;260
201500011876;15;5;16;1915;1;1;3;1;3;96;LES BLACHES;M;0;0;260
201500011877;15;6;2;845;1;1;1;1;2;4;CHAUX OUEST;M;0;0;260
201500011878;15;6;6;1700;1;1;1;1;3;184;MICHONIERES;M;0;0;260
201500011879;15;6;25;1645;1;1;1;1;1;301;LEOBERT;M;0;0;260
201500011880;15;6;28;1200;1;1;1;1;6;88;LES PETITS ALLIERS LUCIA;M;4501720;508650;260
201500011881;15;6;27;2130;5;2;1;1;4;325;RUE DE MARSEILLE;M;0;0;260
201500011882;15;6;30;1630;1;2;9;1;6;88;RUE ZENON RIVOIRE;M;4500290;508900;260
201500011883;15;7;13;2215;3;2;3;1;3;174;ROUTE DES CHARMES;M;0;0;260
201500011884;15;7;19;1900;1;1;1;1;7;49;LES TAUREAUX NORD;M;0;0;260
201500011885;15;7;6;1000;1;1;1;1;1;71;RIVOIRES;M;0;0;260
201500011886;15;7;23;1915;1;1;1;1;1;57;RTE OLIVIER DE SERRES;M;4500890;506900;260
201500011887;15;8;9;730;2;1;1;1;6;2;LES PRES NOUVEAUX;M;0;0;260
201500011888;15;8;8;2145;2;2;1;2;6;333;QUAI BIZARELLI;M;0;0;260
201500011889;15;8;27;745;3;1;1;1;7;92;CONRING;M;0;0;260
201500011890;15;8;29;515;3;1;1;1;1;96;LES BLACHES;M;0;0;260
201500011891;15;8;29;800;1;1;1;1;1;139;RTE DES CHAMBARANDS;M;0;0;260
201500011892;15;9;8;1400;1;1;1;1;6;119;RN 7;M;0;0;260
201500011893;15;9;10;2045;3;1;1;1;6;295;CREUX DE LAYE;M;4516420;486110;260
201500011894;15;9;22;745;1;1;3;1;3;333;LA BRASSIERE;M;0;0;260
201500011895;15;9;25;1500;2;1;1;1;2;250;LES PIALOUX;M;0;0;260
201500011896;15;10;2;2230;3;1;1;2;1;38;RD 67;M;0;0;260
201500011897;15;10;3;1500;1;1;1;3;3;231;LE BOIS DU CHEVAL;M;0;0;260
201500011898;15;10;10;1430;1;1;1;1;5;84;RN 7;M;0;0;260
201500011899;15;11;3;1700;1;1;1;1;6;271;;M;0;0;260
201500011900;15;11;7;1800;2;1;1;1;7;39;GAZONNE;M;0;0;260
201500011901;15;11;11;1115;1;2;1;1;6;347;AVENUE ROOSEVELT;M;0;0;260
201500011902;15;11;13;1645;2;1;1;1;5;34;GERVANS;M;0;0;260
201500011903;15;12;18;1430;1;1;1;1;5;301;CHAUCHERE;M;0;0;260
201500011904;15;12;18;1730;3;1;2;1;5;139;LES ORRES;M;0;0;260
201500011905;15;12;17;1845;5;2;1;1;6;301;AV DU GENERAL DE GAULLE;M;0;0;260
201500011906;15;12;24;845;5;2;1;1;6;160;AV DE LA CROIX DE MAILLE;M;0;0;260
201500011907;15;2;17;800;2;1;1;8;7;113;;M;4578460;319610;630
201500011908;15;2;21;445;3;1;1;2;7;272;;M;0;0;630
201500011909;15;10;17;400;3;1;1;1;6;21;;M;4507700;330100;630
201500011910;15;11;1;1800;2;1;1;1;2;413;;M;0;0;630
201500011911;15;12;20;1815;3;1;1;1;1;193;;M;4578450;320325;630
201500011912;15;12;26;100;3;1;1;1;6;14;;M;0;0;630
201500011913;15;7;1;1630;1;1;1;1;3;502;A 64 GARE DE PEAGE;M;4352978;-118628;640
201500011914;15;8;3;1415;1;1;1;1;6;102;A63;M;4347489;-145495;640
201500011915;15;11;5;1845;3;1;1;1;2;102;;M;4347590;-145158;640
201500011916;15;12;13;1715;2;1;1;7;7;125;A 63;M;4342443;-159504;640
201500011917;15;2;26;857;1;2;2;1;3;409;THIERS (RUE);M;4970174;493857;80
201500011918;15;5;14;335;5;2;2;1;3;409;THIERS (RUE);M;4970210;494092;80
201500011919;15;9;28;1850;1;2;1;7;6;409;8, FOND DE GIVONNE (FAUB;M;4970040;495696;80
201500011920;15;12;9;1832;5;2;6;2;6;409;2, COMEDIE (RUE DE LA);M;4970217;494411;80
201500011921;15;12;14;1820;5;2;1;2;6;409;NASSAU (PLACE);M;4969898;495199;80
201500011922;15;1;14;1850;5;2;1;2;6;409;PASTEUR (AVENUE);M;4969715;492918;80
201500011923;15;2;16;2200;3;1;1;1;2;61;A4;M;4910934;425328;510
201500011924;15;3;31;1500;1;1;1;6;5;171;A26;M;4938808;394357;510
201500011925;15;4;10;615;3;1;1;1;2;577;A4;M;4921719;380592;510
201500011926;15;7;3;100;3;1;1;1;6;364;A4;M;4923392;385855;510
201500011927;15;7;7;845;1;1;1;1;2;562;A344(PEAGE);M;4921148;407836;510
201500011928;15;7;22;115;3;1;1;1;2;437;A4;M;4922776;382605;510
201500011929;15;9;16;1400;1;1;1;3;4;657;A4;M;0;0;510
201500011930;15;10;3;1115;1;1;1;1;1;305;A4;M;4923745;387246;510
201500011931;15;10;26;1200;1;1;1;1;5;562;A4;M;4920517;408857;510
201500011932;15;11;5;845;1;1;1;1;3;599;A4;M;4910126;425530;510
201500011933;15;1;5;245;3;1;1;1;6;4;******;M;0;0;130
201500011934;15;5;5;45;3;1;1;1;6;27;***;M;0;0;130
201500011935;15;6;1;1630;1;2;1;1;6;61;;M;0;0;130
201500011936;15;7;8;400;3;2;1;1;6;66;Chemin du Grиs;M;0;0;130
201500011937;15;7;12;1115;1;1;1;1;1;38;**;M;0;0;130
201500011938;15;7;25;1145;1;2;1;1;6;78;AVENUE DU PORT;M;0;0;130
201500011939;15;10;18;545;3;1;1;2;1;10;;M;0;0;130
201500011940;15;11;29;1115;1;1;1;1;6;97;sens Fos/Martigues;M;0;0;130
201500011941;15;1;26;1915;5;2;1;8;6;105;route de boissy;M;4856900;217300;910
201500011942;15;2;15;730;1;1;1;1;2;85;RN20;M;4854300;221000;910
201500011943;15;4;21;2300;5;2;1;1;6;105;40 route de Dourdan;M;0;0;910
201500011944;15;4;2;1630;1;2;2;8;3;486;1 rue de la libertй;M;4517158;569686;380
201500011945;15;5;7;2030;1;2;1;1;3;486;4, Rue de la Chaumiиre;M;0;0;380
201500011946;15;6;5;1500;1;2;6;1;3;485;avenue du vercors;M;4517631;568693;380
201500011947;15;8;23;1115;1;2;2;1;1;486;Av de Claix/r de la lune;M;4514733;567770;380
201500011948;15;9;20;1830;1;1;4;1;1;433;inter voie du tram;M;4516839;563922;380
201500011949;15;9;21;1530;1;1;1;1;3;433;;M;4516839;563922;380
201500011950;15;10;6;830;1;2;4;8;2;485;avenue de Belledonne;M;4516824;567870;380
201500011951;15;2;8;1415;1;1;1;1;5;173;;M;4504263;612821;380
201500011952;15;3;31;1615;1;1;1;1;6;289;;M;0;0;380
201500011953;15;6;28;1400;1;1;1;1;1;285;;M;0;0;380
201500011954;15;7;18;1300;1;1;1;1;6;375;;M;4495290;618322;380
201500011955;15;8;26;1200;1;1;1;1;6;285;;M;0;0;380
201500011956;15;9;15;2015;3;1;1;1;1;285;;M;0;0;380
201500011957;15;10;1;45;3;1;1;1;6;212;;M;4508250;589702;380
201500011958;15;10;25;130;3;1;1;1;6;212;;M;4510073;591775;380
201500011959;15;10;31;745;1;1;1;1;6;191;;M;0;0;380
201500011960;15;12;3;1045;1;1;1;1;7;52;;M;0;0;380
201500011961;15;4;19;730;1;1;1;1;6;572;A4;M;4904653;465651;510
201500011962;15;4;22;1530;1;1;1;1;4;762;;M;0;0;570
201500011963;15;5;10;1800;1;1;9;1;6;606;;M;0;0;570
201500011964;15;7;8;1715;1;1;1;1;4;204;;M;0;0;570
201500011965;15;10;12;900;1;1;1;1;2;484;;M;0;0;570
201500011966;15;11;7;15;3;1;1;2;5;332;;M;0;0;570
201500011967;15;12;27;1515;1;1;1;1;6;695;;M;0;0;570
201500011968;15;2;17;1615;1;1;1;1;6;66;;M;0;0;860
201500011969;15;4;10;545;5;1;6;1;7;92;;M;0;0;860
201500011970;15;4;12;1600;1;1;1;1;2;280;;M;0;0;860
201500011971;15;6;4;1245;1;1;1;1;6;158;;M;0;0;860
201500011972;15;6;4;1815;1;1;1;1;6;174;;M;0;0;860
201500011973;15;6;7;1645;1;1;1;1;6;146;;M;0;0;860
201500011974;15;7;18;1615;1;1;1;1;6;7;;M;0;0;860
201500011975;15;10;5;930;1;1;1;3;6;7;;M;4688200;51700;860
201500011976;15;11;20;1915;3;1;1;2;6;66;;M;0;0;860
201500011977;15;12;14;1215;1;2;2;1;5;315;D 948/R SECHOY/EPINETTES;M;4776042;237411;450
201500011978;15;1;29;730;3;1;1;3;6;331;;M;4547684;-58662;170
201500011979;15;10;21;1630;1;1;1;1;3;241;;M;4520981;-15557;170
201500011980;15;10;30;1430;1;1;1;1;6;113;;M;4510162;-15735;170
201500011981;15;11;26;1900;5;1;1;1;5;328;;M;4548000;-71500;170
201500011982;15;12;9;1215;1;1;1;1;2;322;;M;4661710;-28291;790
201500011983;15;9;24;1815;1;1;1;1;1;83;;M;4797594;132697;280
201500011984;15;1;24;815;1;1;1;9;6;97;;M;4702270;178679;360
201500011985;15;2;22;1715;1;1;1;1;4;202;;M;4682630;163923;360
201500011986;15;5;23;230;3;1;1;1;1;63;;M;4684790;169464;360
201500011987;15;7;11;945;1;1;1;1;7;63;;M;4684550;168831;360
201500011988;15;9;6;945;1;1;1;1;5;230;;M;4703310;179144;360
201500011989;15;10;13;430;3;1;1;1;1;151;;M;0;0;370
201500011990;15;2;1;1430;1;1;1;4;7;298;;M;4744289;-74191;490
201500011991;15;2;6;1200;1;1;1;1;3;222;;M;4733763;-54799;490
201500011992;15;3;10;45;3;1;1;1;6;68;;M;4743535;-85857;490
201500011993;15;3;31;1525;1;1;1;1;6;266;;M;4743820;-76666;490
201500011994;15;6;19;1945;1;1;1;1;6;129;;M;4750013;-51346;490
201500011995;15;7;12;830;1;1;1;1;6;294;;M;4747966;-66890;490
201500011996;15;7;18;1430;2;1;1;1;7;321;;M;4742441;-93935;490
201500011997;15;8;8;1915;1;1;1;1;2;7;;M;4749081;-54016;490
201500011998;15;9;7;1400;1;1;1;1;2;129;;M;4749841;-51793;490
201500011999;15;9;18;845;1;1;1;1;3;306;;M;4742717;-69084;490
201500012000;15;8;2;1245;1;1;1;1;6;227;;M;0;0;20
201500012001;15;7;10;1345;1;1;1;1;7;55;;M;4285605;109203;90
201500012002;15;8;20;1400;1;2;3;1;6;219;route d'Augstrou;M;4293586;94237;90
201500012003;15;8;25;2130;5;2;1;1;6;25;rte de LUCHON;M;4293618;97186;90
201500012004;15;1;9;1145;1;1;1;1;2;150;;M;4374631;737998;60
201500012005;15;1;12;930;1;1;1;1;2;123;;M;4366820;719717;60
201500012006;15;10;1;1830;2;1;1;2;4;83;;M;0;0;60
201500012007;15;2;18;715;1;1;1;1;2;67;;M;4378233;745062;60
201500012008;15;3;1;1115;1;1;1;1;2;113;;M;0;0;60
201500012009;15;3;5;30;3;1;9;1;1;83;;M;0;0;60
201500012010;15;3;17;715;1;1;1;2;2;59;;M;0;0;60
201500012011;15;3;31;1645;1;1;1;1;3;88;;M;0;0;60
201500012012;15;4;16;615;5;1;1;1;7;88;;M;0;0;60
201500012013;15;4;27;1015;1;1;1;5;1;150;;M;0;0;60
201500012014;15;5;19;1645;1;1;1;1;2;88;;M;0;0;60
201500012015;15;7;13;630;1;1;1;1;2;67;;M;0;0;60
201500012016;15;8;1;1000;1;1;1;1;3;88;;M;0;0;60
201500012017;15;8;4;1845;1;1;1;1;2;88;;M;0;0;60
201500012018;15;9;2;2130;5;1;1;1;7;88;;M;0;0;60
201500012019;15;9;13;1845;1;1;1;1;6;83;;M;0;0;60
201500012020;15;9;17;1330;1;1;1;1;5;150;;M;0;0;60
201500012021;15;10;26;1500;1;1;1;1;3;88;;M;0;0;60
201500012022;15;10;29;1700;1;1;1;1;5;88;;M;0;0;60
201500012023;15;11;23;930;1;1;1;1;2;88;;M;0;0;60
201500012024;15;12;1;745;1;1;1;1;1;150;;M;0;0;60
201500012025;15;12;11;30;3;1;1;1;2;149;;M;0;0;60
201500012026;15;12;12;45;3;1;1;1;6;149;;M;0;0;60
201500012027;15;12;15;2100;5;1;9;1;2;88;;M;0;0;60
201500012028;15;3;22;15;3;1;1;1;6;747;;M;0;0;570
201500012029;15;4;27;945;1;1;1;2;7;80;;M;0;0;570
201500012030;15;5;12;230;3;1;1;1;6;761;;M;0;0;570
201500012031;15;5;27;1530;1;1;1;1;4;201;;M;0;0;670
201500012032;15;9;3;2045;2;1;1;1;2;70;;M;0;0;670
201500012033;15;11;14;700;2;1;1;1;6;80;;M;0;0;570
201500012034;15;11;28;2030;3;1;1;1;6;201;;M;0;0;670
201500012035;15;1;16;30;3;1;1;1;5;11;;M;0;0;900
201500012036;15;2;1;1430;1;1;1;1;6;67;;M;0;0;900
201500012037;15;2;21;2300;3;1;1;1;3;218;;M;0;0;680
201500012038;15;7;27;1945;1;1;1;1;3;59;;M;0;0;680
201500012039;15;10;22;900;1;1;1;1;2;85;;M;0;0;680
201500012040;15;1;10;1945;3;1;1;2;1;117;PV, SENS STRASBG/PARIS;M;0;0;670
201500012041;15;3;6;1330;1;1;1;1;7;460;;M;0;0;670
201500012042;15;3;15;1;3;1;1;1;5;67;;M;0;0;670
201500012043;15;6;27;2030;1;1;1;1;6;67;;M;0;0;670
201500012044;15;7;16;1330;1;1;1;1;2;460;;M;0;0;670
201500012045;15;7;17;1600;1;1;1;1;6;33;PV,SENS HAGUENAU-STRASBG;M;0;0;670
201500012046;15;1;17;1945;3;1;1;1;2;286;;M;0;0;620
201500012047;15;11;18;1745;3;1;1;1;2;73;;M;0;0;620