num_acc;an;mois;jour;hrmn;lum;agg;int;atm;col;com;adr;gps;lat;long;dep
201500012048;15;4;3;1400;1;1;3;3;5;578;;M;4933600;22795;140
201500012049;15;6;18;1745;1;1;1;1;2;578;;M;4937810;12953;140
201500012050;15;3;26;715;2;1;1;2;5;52;;M;4733700;-201900;440
201500012051;15;8;28;1045;1;1;2;1;3;69;;M;4734833;-244290;440
201500012052;15;1;1;930;1;1;1;1;3;64;;M;4769550;-70919;490
201500012053;15;5;18;815;1;2;1;7;6;367;rue du commerce;M;4759964;-83837;490
201500012054;15;6;8;1630;1;1;1;1;1;204;;M;4847293;-26066;530
201500012055;15;7;9;1045;1;1;1;1;3;177;;M;4832766;-104526;530
201500012056;15;10;27;1815;3;1;1;2;1;164;;M;4849183;-31284;530
201500012057;15;11;3;1715;1;1;1;1;3;121;;M;4840921;-36137;530
201500012058;15;12;7;715;2;1;1;1;1;269;;M;4830864;-79207;530
201500012059;15;12;15;1600;1;1;1;3;1;202;;M;4840360;-96533;530
201500012060;15;1;25;1915;3;1;1;1;5;282;;M;5038827;218180;620
201500012061;15;8;29;200;3;1;1;1;1;621;;M;5086925;201397;620
201500012062;15;10;23;1700;1;1;1;1;3;107;;M;4937400;62000;270
201500012063;15;11;5;830;1;2;2;1;3;467;Rue Rйpublique;M;4935719;51606;270
201500012064;15;11;6;1600;1;2;1;2;6;470;D 321 rue Grande;M;4933210;128776;270
201500012065;15;12;1;1600;1;1;1;1;5;320;;M;4924224;87593;270
201500012066;15;5;29;915;1;2;1;1;3;140;D.734 -Rte Treuil;M;4591007;-126453;170
201500012067;15;12;7;1630;1;1;1;1;5;184;;M;4577432;-93624;170
201500012068;15;10;26;1445;1;1;1;1;7;32;;M;4269225;182671;90
201500012069;15;5;7;1200;1;1;1;1;2;245;;M;0;0;180
201500012070;15;5;28;145;3;1;1;1;6;91;;M;0;0;180
201500012071;15;7;10;1800;1;1;1;1;7;129;;M;0;0;180
201500012072;15;7;22;915;1;1;1;1;7;33;;M;0;0;180
201500012073;15;5;21;1630;1;1;2;1;3;147;;M;4853343;124073;280
201500012074;15;12;22;1430;1;1;1;1;2;3;;M;;;420
201500012075;15;2;13;2245;5;2;1;5;6;101;PV, RUE SAINT-JEAN;M;0;0;670
201500012076;15;7;2;1800;1;1;1;1;3;35;;M;4821217;0;100
201500012077;15;4;15;1200;1;1;2;1;3;22;;M;4707639;502746;210
201500012078;15;12;18;930;1;1;1;8;1;113;;M;0;0;390
201500012079;15;5;20;1945;1;1;1;7;6;88;;M;0;0;130
201500012080;15;9;7;2030;2;2;1;1;2;88;RN 568;M;0;0;130
201500012081;15;3;6;430;5;1;1;1;6;73;;M;0;0;130
201500012082;15;6;21;1715;1;1;1;1;1;86;;M;0;0;130
201500012083;15;7;2;1130;1;1;1;1;2;30;***;M;0;0;130
201500012084;15;2;18;1630;1;1;1;9;1;2;;M;4525910;599057;380
201500012085;15;3;30;630;2;1;1;3;6;397;;M;0;0;380
201500012086;15;9;22;400;3;1;1;1;2;503;;M;4532115;594716;380
201500012087;15;11;8;800;1;1;1;1;6;249;;M;0;0;380
201500012088;15;1;19;845;1;1;1;2;3;40;;M;0;0;130
201500012089;15;2;5;1000;1;1;1;8;2;13;A52;M;0;0;130
201500012090;15;4;4;1400;1;1;1;1;7;1;;M;0;0;130
201500012091;15;7;7;930;1;1;1;1;2;1;***;M;0;0;130
201500012092;15;7;14;1715;1;1;1;1;2;25;;M;0;0;130
201500012093;15;8;20;900;1;1;1;1;3;25;**;M;0;0;130
201500012094;15;9;4;1745;1;1;1;1;2;31;*;M;0;0;130
201500012095;15;9;14;1715;1;1;1;1;3;5;**;M;0;0;130
201500012096;15;9;22;2115;3;1;1;1;2;86;***;M;0;0;130
201500012097;15;10;1;1715;1;1;1;1;4;7;;M;0;0;130
201500012098;15;10;24;2030;3;1;1;1;6;1;**;M;0;0;130
201500012099;15;11;4;645;2;1;9;1;3;7;***;M;0;0;130
201500012100;15;11;19;2115;3;1;1;1;6;1;;M;0;0;130
201500012101;15;12;21;1630;1;1;1;2;6;25;;M;0;0;130
201500012102;15;12;21;1645;3;1;1;1;6;31;***;M;0;0;130
201500012103;15;12;17;1545;1;1;1;8;7;60;;M;0;0;130
201500012104;15;12;31;1715;2;1;1;1;3;31;A52;M;0;0;130
201500012105;15;1;4;115;3;1;1;1;2;61;;M;0;0;830
201500012106;15;1;18;845;1;1;1;1;2;4;;M;0;0;60
201500012107;15;2;14;1700;1;1;1;2;3;85;;M;4358613;700248;60
201500012108;15;2;19;845;1;1;1;1;7;27;;M;4366066;715797;60
201500012109;15;5;5;1700;1;1;1;1;5;4;;M;0;0;60
201500012110;15;6;17;915;1;1;1;1;3;161;;M;0;0;60
201500012111;15;5;22;730;1;1;1;1;7;161;;M;0;0;60
201500012112;15;6;5;1630;1;1;1;1;2;4;;M;0;0;60
201500012113;15;6;7;715;2;1;1;1;6;1;;M;0;0;830
201500012114;15;5;17;345;3;1;1;1;6;27;;M;0;0;60
201500012115;15;7;7;1430;1;1;1;1;3;4;;M;0;0;60
201500012116;15;8;9;945;1;1;1;1;6;85;;M;0;0;60
201500012117;15;8;13;600;2;1;1;1;6;4;;M;0;0;60
201500012118;15;9;8;930;1;1;1;1;3;79;;M;0;0;60
201500012119;15;9;16;900;1;1;1;1;5;27;;M;0;0;60
201500012120;15;9;17;130;3;1;1;8;7;4;;M;0;0;60
201500012121;15;9;22;1230;1;1;1;1;6;27;;M;0;0;60
201500012122;15;10;3;545;3;1;1;2;6;79;;M;0;0;60
201500012123;15;10;11;2015;3;1;1;1;7;27;;M;0;0;60
201500012124;15;10;18;545;4;1;1;2;7;155;;M;0;0;60
201500012125;15;11;20;1630;1;1;1;1;7;30;;M;0;0;60
201500012126;15;11;24;1300;1;1;1;1;5;79;;M;0;0;60
201500012127;15;4;13;845;1;1;9;1;2;141;;M;4354400;-29500;640
201500012128;15;11;10;1015;1;1;1;1;6;343;;M;4327764;-19988;640
201500012129;15;10;11;1730;1;2;1;1;1;172;avenue des Olympiades;M;4270833;285050;660
201500012130;15;2;22;2030;3;1;1;1;6;430;;M;0;0;630
201500012131;15;2;7;645;3;1;1;1;1;244;;M;4542629;648654;730
201500012132;15;1;18;1345;1;2;1;1;2;81;ROUTE DE CHAMONIX;M;0;0;740
201500012133;15;2;19;1715;1;2;1;1;6;81;Rue Pierre Trappier;M;0;0;740
201500012134;15;3;4;615;3;2;1;3;6;81;Avenue Charles Poncet;M;0;0;740
201500012135;15;3;13;1530;1;1;1;1;5;159;;M;0;0;740
201500012136;15;3;15;1930;2;2;4;1;6;81;AV DES GLIERES/ PONTHIOR;M;0;0;740
201500012137;15;4;22;1915;1;1;1;1;1;264;104 AV DE LA COLOMBIERE;M;0;0;740
201500012138;15;5;10;1700;1;2;1;1;6;81;AVENUE DES GLIERES;M;0;0;740
201500012139;15;5;27;1730;1;2;1;1;3;264;RUE DE LA CROIX;M;0;0;740
201500012140;15;5;31;1730;1;1;1;1;6;221;;M;0;0;740
201500012141;15;6;20;1900;1;1;1;1;6;196;;M;0;0;740
201500012142;15;7;12;930;1;2;2;1;6;264;RUE DE LA LIBERATION;M;0;0;740
201500012143;15;7;27;1215;1;1;1;1;1;81;114 AVENUE DU MONT-BLANC;M;0;0;740
201500012144;15;8;6;1730;1;1;1;1;7;64;735 ROUTE DE MARIGNIER;M;0;0;740
201500012145;15;8;29;1145;1;1;1;1;3;159;;M;0;0;740
201500012146;15;8;31;900;1;2;1;1;6;264;11 AVENUE DU MONT-BLANC;M;0;0;740
201500012147;15;9;6;1045;1;1;1;1;1;81;;M;0;0;740
201500012148;15;9;9;1715;1;2;1;1;1;159;La Tour Noire;M;0;0;740
201500012149;15;10;26;1200;1;2;1;1;6;159;;M;0;0;740
201500012150;15;11;17;1815;5;2;1;1;3;81;67 RUE DU JACQUES ARNAUD;M;0;0;740
201500012151;15;12;11;1930;5;1;4;1;3;64;;M;0;0;740
201500012152;15;12;18;1845;5;2;3;8;1;81;avenue des gliиres;M;0;0;740
201500012153;15;12;21;1800;5;2;1;1;6;81;8 AVENUE PIERRE TRAPPIER;M;0;0;740
201500012154;15;2;9;1130;1;1;1;8;6;132;Hameau de Boistrancourt;M;5014940;334506;590
201500012155;15;10;20;2115;5;2;1;1;3;485;rue jean jaures;M;0;0;590
201500012156;15;12;9;1815;5;2;1;1;6;141;rue de la paix;M;0;0;590
201500012157;15;2;14;1315;1;1;1;1;7;353;;M;0;0;720
201500012158;15;2;18;1000;1;1;1;1;6;80;;M;0;0;720
201500012159;15;5;5;700;1;1;1;1;3;204;;M;0;0;720
201500012160;15;7;3;645;1;1;1;1;7;64;;M;0;0;720
201500012161;15;7;5;830;1;1;1;1;7;80;;M;0;0;720
201500012162;15;7;7;1815;1;1;1;1;1;122;;M;0;0;720
201500012163;15;8;21;1415;1;1;1;1;5;42;;M;0;0;720
201500012164;15;9;15;1;3;1;1;1;2;353;;M;0;0;720
201500012165;15;9;2;1130;1;1;1;1;5;330;;M;4770126;380752;890
201500012166;15;4;25;2215;5;2;1;1;3;226;;M;4674573;-195400;850
201500012167;15;5;6;1445;1;1;1;1;1;3;;M;4676466;-165575;850
201500012168;15;8;26;1600;1;2;1;2;3;47;34C RUE BONNE FONTAINE;M;4684713;-187652;850
201500012169;15;12;18;900;1;2;1;8;6;222;41 rue de la Cornue;M;4669034;-192090;850
201500012170;15;2;27;1350;1;1;1;1;2;122;RD 919;M;4298764;161571;90
201500012171;15;12;15;1730;2;1;1;1;5;122;20 (R.N.) COTE SUD DU TU;M;4295569;162371;90
201500012172;15;5;10;148;3;2;1;1;7;207;RD 117;M;4292554;163570;90
201500012173;15;12;25;1456;1;2;1;1;1;122;10, BARCELONE (AVENUE DE;M;4296110;161438;90
201500012174;15;6;21;1925;1;1;1;1;5;122;RD 919;M;4298028;161068;90
201500012175;15;7;8;1605;1;2;1;1;7;122;23, FAURE (COURS GABRIEL;M;4296398;160743;90
201500012176;15;9;10;1220;1;1;1;1;3;122;RD 117;M;4295922;157928;90
201500012177;15;10;1;1540;1;1;1;1;1;122;RD 117;M;4295867;159019;90
201500012178;15;1;22;1600;1;2;1;1;6;600;rue de l'ermitage;M;4864000;247700;910
201500012179;15;2;20;1745;2;1;1;3;2;617;RN 6;M;0;0;910
201500012180;15;3;4;800;1;2;1;1;3;225;RN6;M;4866600;251800;910
201500012181;15;4;7;1215;1;1;1;1;6;573;RD 446;M;0;0;910
201500012182;15;5;23;1215;1;1;1;1;1;253;;M;0;0;380
201500012183;15;7;17;1715;1;2;1;1;1;253;Avenue de la Muzelle;M;0;0;380
201500012184;15;12;9;1210;1;1;2;1;3;225;BELPECH ROUTE DE;M;4312725;165050;90
201500012185;15;5;22;1435;1;2;1;1;1;225;1, BUGATTI ALLEE;M;4310840;163057;90
201500012186;15;7;25;1645;1;2;1;1;6;225;14, VERNIOLLE ROUTE DE;M;4310175;162529;90
201500012187;15;11;21;1220;1;1;4;3;3;225;ROUTE NATIONALE 20 (VOIE;M;4311690;163033;90
201500012188;15;1;22;1500;1;1;1;1;5;37;;M;0;0;310
201500012189;15;2;9;1515;1;1;1;1;5;254;;M;0;0;310
201500012190;15;5;27;1000;1;1;1;1;6;113;;M;0;0;310
201500012191;15;5;29;1200;1;1;1;1;3;225;;M;4331536;188326;110
201500012192;15;6;6;2000;1;1;1;1;7;381;;M;0;0;310
201500012193;15;6;8;2230;3;1;1;3;6;161;;M;4349582;153991;310
201500012194;15;9;1;315;3;1;9;9;6;450;;M;0;0;310
201500012195;15;10;3;715;3;1;1;8;3;37;;M;4336686;176372;310
201500012196;15;10;4;2030;3;1;1;8;2;185;;M;0;0;90
201500012197;15;10;30;615;3;1;1;1;5;210;;M;4339913;168714;310
201500012198;15;7;17;1330;1;1;1;3;2;61;;M;4894110;-79960;140
201500012199;15;9;4;1901;1;1;1;1;1;559;;M;4882400;-113714;140
201500012200;15;3;30;1030;1;1;1;3;4;498;;M;0;0;330
201500012201;15;4;1;600;3;1;1;8;6;284;;M;0;0;330
201500012202;15;5;29;830;1;1;1;1;4;199;;M;0;0;330
201500012203;15;6;27;1145;1;1;1;1;3;199;;M;0;0;330
201500012204;15;8;3;1215;1;1;1;1;2;284;;M;0;0;330
201500012205;15;8;20;830;1;1;6;1;3;199;;M;4461452;-107326;330
201500012206;15;9;18;2215;3;1;1;2;7;42;;M;4443467;-81424;330
201500012207;15;9;21;2045;3;1;1;1;7;284;;M;0;0;330
201500012208;15;9;28;1830;1;1;1;7;5;284;;M;0;0;330
201500012209;15;10;3;2000;3;1;1;1;2;284;;M;0;0;330
201500012210;15;10;11;745;2;1;1;1;6;527;;M;0;0;330
201500012211;15;1;18;545;3;1;1;9;7;143;;M;0;0;740
201500012212;15;7;5;500;3;1;9;1;6;56;;M;0;0;740
201500012213;15;7;7;1400;1;1;1;1;6;208;;M;0;0;740
201500012214;15;7;11;1645;1;1;1;1;6;264;;M;0;0;740
201500012215;15;8;31;1730;1;1;1;1;2;56;;M;0;0;740
201500012216;15;2;13;2315;3;1;1;2;7;328;;M;4437498;173906;460
201500012217;15;3;9;1530;1;1;1;1;1;303;;M;4457017;167557;460
201500012218;15;4;4;1030;1;2;1;8;7;276;Le bourg;M;4446922;174797;460
201500012219;15;8;3;1515;1;1;9;1;1;212;;M;4456864;166996;460
201500012220;15;8;5;1615;1;1;1;1;6;331;;M;4447999;156620;460
201500012221;15;10;27;1200;1;1;1;1;7;77;;M;4452394;155516;460
201500012222;15;11;7;815;1;1;1;1;6;275;;M;4456546;155519;460
201500012223;15;12;13;815;1;1;1;1;6;92;;M;4444478;158881;460
201500012224;15;2;11;2045;3;1;1;1;6;86;;M;0;0;690
201500012225;15;5;15;1700;1;1;1;3;1;17;;M;0;0;690
201500012226;15;7;3;1930;1;1;9;1;3;86;;M;0;0;690
201500012227;15;7;10;1115;1;1;1;1;6;157;;M;4587900;449500;690
201500012228;15;7;26;1530;1;1;1;1;6;200;;M;4588400;447100;690
201500012229;15;9;1;1615;1;1;1;1;6;86;;M;4585200;465300;690
201500012230;15;10;5;15;3;1;1;1;6;32;;M;0;0;690
201500012231;15;10;23;745;3;1;1;1;7;208;;M;0;0;690
201500012232;15;2;21;1445;1;1;1;4;1;65;;M;0;0;720
201500012233;15;3;4;1515;1;1;1;1;3;70;;M;4801700;-13700;720
201500012234;15;3;19;1945;3;1;1;1;5;278;;M;0;0;720
201500012235;15;3;30;1130;1;1;1;1;6;70;;M;0;0;720
201500012236;15;5;7;900;1;1;1;7;5;73;;M;0;0;720
201500012237;15;5;18;1;3;1;1;1;6;237;;M;0;0;720
201500012238;15;5;29;715;1;1;1;1;1;346;;M;0;0;720
201500012239;15;6;10;1330;1;1;1;9;5;364;;M;0;0;720
201500012240;15;8;5;2130;2;1;1;1;5;336;;M;0;0;720
201500012241;15;8;10;945;1;1;1;1;6;61;;M;0;0;720
201500012242;15;12;21;1815;3;1;1;2;3;253;;M;0;0;720
201500012243;15;6;10;1600;1;1;1;1;7;278;;M;4777725;740670;680
201500012244;15;7;15;2000;1;1;1;1;3;42;;M;4762905;750528;680
201500012245;15;8;2;930;1;1;1;1;2;278;;M;4777166;741135;680
201500012246;15;9;13;430;3;1;1;1;2;309;;M;4765953;748473;680
201500012247;15;12;16;1015;1;1;1;2;2;297;;M;4760019;753712;680
201500012248;15;1;9;1545;1;1;1;1;7;218;;M;4822267;-36629;530
201500012249;15;1;16;1845;3;1;1;1;2;7;;M;4807531;-61577;530
201500012250;15;5;12;545;2;1;1;1;7;262;;M;4806531;-53897;530
201500012251;15;5;14;500;3;1;1;1;6;267;;M;4805254;-46874;530
201500012252;15;6;5;30;3;1;1;1;7;34;;M;4809580;-69338;530
201500012253;15;6;13;1845;1;1;1;1;7;262;;M;4806447;-53516;530
201500012254;15;8;17;2315;3;1;1;1;2;264;;M;4802555;-33661;530
201500012255;15;11;5;1730;1;1;1;2;3;267;;M;4804153;-48437;530
201500012256;15;1;23;745;3;1;1;1;7;35;;M;4727520;-154090;440
201500012257;15;7;6;930;1;1;1;1;5;179;;M;4732714;-147714;440
201500012258;15;7;31;1400;1;1;2;1;3;93;;M;4748591;-114729;440
201500012259;15;8;26;830;1;1;1;1;3;82;;M;4739461;-138144;440
201500012260;15;10;19;1400;1;1;1;1;6;163;;M;4742017;-110860;440
201500012261;15;6;30;1915;1;1;1;1;2;186;;M;4421700;43500;470
201500012262;15;10;3;700;2;1;1;2;6;186;A62;M;0;0;470
201500012263;15;12;7;830;3;1;1;1;2;267;A62;M;4427200;27550;470
201500012264;15;3;7;1815;1;1;1;1;2;27;;M;4389570;131675;820
201500012265;15;3;21;45;3;1;9;9;7;123;;M;4392860;130806;820
201500012266;15;5;21;115;3;1;1;1;5;25;;M;0;0;820
201500012267;15;7;2;2130;2;1;1;1;5;121;;M;0;0;820
201500012268;15;8;13;1800;1;1;1;3;6;2;;M;0;0;820
201500012269;15;8;5;845;1;1;1;1;2;348;;M;4215149;875506;201
201500012270;15;11;7;815;1;1;1;1;7;48;;M;0;0;201
201500012271;15;12;15;800;2;1;1;8;6;348;;M;0;0;201
201500012272;15;3;31;1145;1;1;9;2;3;233;;M;0;0;390
201500012273;15;6;5;1415;1;1;1;1;3;405;;M;0;0;390
201500012274;15;6;8;1030;1;1;6;1;2;188;;M;0;0;390
201500012275;15;11;27;1400;1;2;1;1;1;387;03 route nationale;M;4719100;593800;390
201500012276;15;1;27;1015;1;2;1;2;6;397;10 aveneu de l'?glise;M;4524600;583045;380
201500012277;15;3;13;1630;1;2;1;1;2;229;avenue de Verdun;M;4521211;577490;380
201500012278;15;5;27;1945;1;1;3;1;1;126;Int ch des batteries;M;4523320;575110;380
201500012279;15;6;27;2130;2;1;1;1;7;471;les jonquilles;M;4526608;577283;380
201500012280;15;7;10;1315;1;1;1;1;1;249;;M;4522992;582352;380
201500012281;15;7;15;2000;1;2;1;1;6;229;2-4 boulevard des Alpes;M;0;0;380
201500012282;15;7;19;1215;1;2;6;1;6;229;rond point Grйsivaudan;M;0;0;380
201500012283;15;7;23;1830;1;2;1;1;6;140;270 rue Lйo Ferrй;M;0;0;380
201500012284;15;9;21;1700;1;2;1;7;6;229;D521A;M;0;0;380
201500012285;15;10;14;730;1;1;1;1;1;249;;M;0;0;380
201500012286;15;11;11;1615;1;2;1;1;3;397;route de Chambйry;M;0;0;380
201500012287;15;12;8;845;1;2;1;1;3;229;02 chemin du vieux chкne;M;0;0;380
201500012288;15;2;7;815;1;2;1;1;1;85;avenue notre dame de vie;M;4360307;700290;60
201500012289;15;3;3;1015;1;1;6;1;7;85;;M;0;0;60
201500012290;15;3;16;1415;1;2;6;9;3;85;AVENUE DES JUYETTES;M;0;0;60
201500012291;15;4;29;2145;3;1;1;1;6;85;;M;0;0;60
201500012292;15;5;9;1545;1;2;2;1;1;85;Blanchisserie;M;0;0;60
201500012293;15;5;20;2000;1;2;1;1;1;85;725 avenue tournamy;M;0;0;60
201500012294;15;5;29;1330;1;2;8;1;6;85;667 avenue saint martin;M;0;0;60
201500012295;15;6;5;930;1;1;1;1;7;85;;M;0;0;60
201500012296;15;6;1;1745;1;2;6;1;3;85;rd point de la victoire;M;0;0;60
201500012297;15;7;7;1800;1;1;1;1;2;85;;M;0;0;60
201500012298;15;8;2;915;1;2;1;1;3;85;avenue du golf;M;0;0;60
201500012299;15;8;8;1530;1;2;1;1;6;85;avenue marйchal juin;M;0;0;60
201500012300;15;12;16;2100;5;2;1;1;3;85;2292 av Marйchal JUIN;M;0;0;60
201500012301;15;1;6;1630;1;1;1;8;1;189;;M;0;0;780
201500012302;15;1;16;2330;3;1;1;2;1;466;;M;4892900;199200;780
201500012303;15;4;18;1300;1;2;1;1;2;466;RD153;M;0;0;780
201500012304;15;7;1;1400;1;2;1;1;3;466;route de vernouillet;M;0;0;780
201500012305;15;7;3;1645;1;1;1;1;3;466;;M;0;0;780
201500012306;15;1;14;1300;1;1;1;1;1;122;;M;4469990;-70311;330
201500012307;15;3;4;1845;2;2;9;7;6;122;7 chemin bellemer;M;4477230;-69733;330
201500012308;15;4;8;1600;1;1;3;1;3;90;RD14 E3;M;4476525;-66850;330
201500012309;15;4;11;315;3;1;9;1;6;122;;M;4467451;-72900;330
201500012310;15;6;11;1300;1;1;1;1;6;122;;M;4474594;-76608;330
201500012311;15;6;24;330;3;2;1;1;2;122;Avenue du Baron Hausmann;M;4474308;-65785;330
201500012312;15;12;7;1530;1;2;1;9;3;122;avenue de Guitayne;M;4476500;-67600;330
201500012313;15;11;1;1730;1;2;3;1;3;38;avenue des templiers;M;4265520;283925;660
201500012314;15;1;25;1400;1;1;1;1;6;112;;M;0;0;670
201500012315;15;3;2;200;3;1;1;2;2;462;;M;0;0;670
201500012316;15;4;28;1145;1;1;1;1;1;239;;M;0;0;670
201500012317;15;5;6;945;1;1;1;1;6;115;;M;0;0;670
201500012318;15;5;27;1345;1;1;1;1;4;481;;M;0;0;670
201500012319;15;6;4;1040;1;1;1;1;6;73;;M;0;0;670
201500012320;15;7;22;1445;1;1;1;1;2;101;PV,SENS MOLSHEIM/STRASBG;M;0;0;670
201500012321;15;8;11;1300;1;1;9;1;2;462;;M;0;0;670
201500012322;15;11;4;1800;3;1;1;1;5;73;;M;0;0;670
201500012323;15;11;21;1230;1;2;1;1;6;10;rue du Marйchal Joffre;M;0;0;670
201500012324;15;12;8;1145;1;1;1;1;1;239;;M;0;0;670
201500012325;15;4;13;1430;1;1;1;1;6;231;;M;4636976;-21921;790
201500012326;15;6;28;1630;1;1;1;1;2;189;;M;4640434;-15305;790
201500012327;15;10;5;900;1;1;1;3;2;276;;M;4638864;-20034;790
201500012328;15;10;21;1615;1;1;1;1;2;283;;M;4636392;-25980;790
201500012329;15;11;27;2200;3;1;1;2;2;316;;M;4641671;-11159;790
201500012330;15;1;18;1715;1;1;1;1;6;50;;M;4547894;-61936;170
201500012331;15;3;7;530;2;1;1;1;2;321;;M;0;0;330
201500012332;15;8;7;1700;1;1;1;1;7;50;;M;4545667;-61661;170
201500012333;15;8;14;2000;1;1;1;1;6;351;;M;4521250;-50517;330
201500012334;15;10;7;745;2;1;1;1;6;236;;M;0;0;170
201500012335;15;6;10;1300;1;1;6;1;3;139;;M;4163825;933585;201
201500012336;15;7;14;645;1;2;1;1;3;269;rt 10;M;0;0;201
201500012337;15;8;16;1600;1;1;1;1;5;269;;M;4180673;939831;201
201500012338;15;9;13;1830;1;2;1;1;3;139;route de Pinarello;M;4168695;936556;201
201500012339;15;1;10;1030;1;1;1;1;7;67;456 ROUTE DU CREVON;M;0;0;740
201500012340;15;2;9;1745;1;1;1;7;6;186;;M;0;0;740
201500012341;15;3;12;1345;1;1;3;1;1;268;ROUTE QUITAL/GRAND CHENE;M;0;0;740
201500012342;15;6;27;1030;1;1;3;1;3;268;CHEMIN DU CHAMP DE L'ALE;M;0;0;740
201500012343;15;7;12;1415;1;2;1;1;3;268;140 AV D'AIX LES BAINS;M;0;0;740
201500012344;15;8;22;2345;3;1;6;1;7;67;;M;0;0;740
201500012345;15;11;10;900;1;2;6;1;6;268;Rue du Val Vert;M;0;0;740
201500012346;15;12;1;1430;1;2;6;1;6;268;GIRATOIRE AV DES REGAINS;M;0;0;740
201500012347;15;12;8;530;3;2;1;5;2;268;LE TREIGE;M;0;0;740
201500012348;15;4;11;445;3;1;1;1;1;288;;M;0;0;690
201500012349;15;7;10;1445;1;1;1;1;2;142;;M;0;0;10
201500012350;15;10;9;745;2;1;1;1;3;89;;M;0;0;10
201500012351;15;10;12;945;1;1;1;1;2;280;;M;0;0;690
201500012352;15;12;4;2215;3;1;1;5;5;557;;M;0;0;380
201500012353;15;12;24;530;3;1;1;1;5;32;;M;0;0;10
201500012354;15;3;20;715;2;1;1;1;2;194;;M;0;0;370
201500012355;15;11;27;1800;3;1;1;2;1;27;LES VALLEES;M;0;0;370
201500012356;15;1;9;1630;1;1;1;1;3;279;;M;4547158;427070;420
201500012357;15;1;18;1700;4;2;1;1;6;279;route de st-c?me;M;4550956;423840;420
201500012358;15;2;11;800;1;1;1;1;1;256;;M;4548645;414893;420
201500012359;15;4;10;1830;1;2;2;1;3;279;58 route de bonson;M;4550397;424985;420
201500012360;15;5;10;400;3;1;1;1;6;256;;M;4548287;415103;420
201500012361;15;7;6;1715;1;2;1;1;6;279;avenue mellet mandard;M;4550199;425468;420
201500012362;15;9;27;2215;3;1;1;1;3;256;;M;4549227;415954;420
201500012363;15;10;28;1730;3;2;1;1;3;279;;M;4548717;424318;420
201500012364;15;11;6;1345;1;1;1;1;3;169;;M;4544507;411301;420
201500012365;15;11;16;1630;1;2;1;1;6;279;;M;4549987;424285;420
201500012366;15;11;26;800;1;1;1;8;3;42;;M;4547786;424200;420
201500012367;15;12;19;1545;1;2;1;1;3;279;route de BONSON;M;0;0;420
201500012368;15;9;7;1530;1;2;3;1;7;276;R DE NEUFCHATEL;M;4961834;153838;760
201500012369;15;2;18;2030;5;1;1;1;6;135;D153;M;0;0;910
201500012370;15;3;20;1700;1;1;1;7;3;244;RD 191;M;0;0;910
201500012371;15;4;4;900;1;1;1;1;1;45;RD 191;M;0;0;910
201500012372;15;6;7;1130;1;1;1;1;5;649;RD 26;M;4855000;235600;910
201500012373;15;6;16;1730;1;1;1;1;1;244;RD 191;M;0;0;910
201500012374;15;6;26;100;3;1;1;1;6;135;Route de Chevanne;M;4852600;244000;910
201500012375;15;9;4;1730;1;1;1;8;7;37;RD 74;M;0;0;910
201500012376;15;9;29;1745;1;2;6;1;3;159;RUE ST MARTIN;M;0;0;910
201500012377;15;11;25;1045;1;1;1;2;7;45;RD191;M;0;0;910
201500012378;15;5;9;1815;1;1;1;1;7;333;D9;M;4914593;409583;510
201500012379;15;6;28;1515;1;1;1;1;1;571;D944;M;4914429;421949;510
201500012380;15;7;16;1730;1;1;3;1;3;115;D951/VC;M;4919464;401302;510
201500012381;15;7;19;1000;1;1;1;1;1;428;D944;M;4912467;424217;510
201500012382;15;8;3;245;3;1;1;1;6;333;D9;M;4916481;408796;510
201500012383;15;9;26;2330;3;1;1;1;7;447;D37;M;4918412;428731;510
201500012384;15;8;2;1245;1;2;1;1;1;157;rue de la vieille йglise;M;4353341;134388;310
201500012385;15;11;20;915;1;2;1;1;6;157;97 rte de Tournefeuille;M;4355832;133466;310
201500012386;15;12;30;1030;1;2;1;7;6;157;Place de l'Eglise;M;0;0;310
201500012387;15;1;4;845;1;1;1;8;7;152;;M;0;0;60
201500012388;15;12;29;915;1;1;1;8;6;152;;M;0;0;60
201500012389;15;2;7;1030;1;1;1;1;7;152;;M;4360640;705411;60
201500012390;15;2;2;1145;1;2;1;7;1;152;290 rue F. DOSTOIEVSKI;M;4361423;705851;60
201500012391;15;2;11;845;1;2;1;7;1;18;Route de la Mer;M;4362447;710354;60
201500012392;15;3;23;1715;1;1;1;1;3;152;;M;0;0;60
201500012393;15;3;28;815;1;1;1;1;6;152;;M;0;0;60
201500012394;15;3;26;1015;1;2;1;1;3;152;route des dolines;M;0;0;60
201500012395;15;4;10;930;1;2;1;1;7;152;11 boulevard CARNOT;M;4364245;700848;60
201500012396;15;4;26;615;2;1;1;1;6;152;;M;0;0;60
201500012397;15;5;8;2130;3;2;1;1;6;18;Route des Chappes;M;0;0;60
201500012398;15;5;27;1415;1;1;1;1;1;152;;M;0;0;60
201500012399;15;6;19;545;2;1;1;1;6;152;;M;0;0;60
201500012400;15;7;31;2100;1;1;1;1;1;152;;M;0;0;60
201500012401;15;8;20;1230;1;1;1;1;1;152;;M;0;0;60