num_acc;an;mois;jour;hrmn;lum;agg;int;atm;col;com;adr;gps;lat;long;dep
201500012402;15;8;21;1715;1;2;1;1;1;18;;M;0;0;60
201500012403;15;10;12;715;3;2;1;1;6;152;route des Dolines;M;0;0;60
201500012404;15;10;25;130;3;2;1;1;6;152;avenue Maurice Donat;M;0;0;60
201500012405;15;10;23;1500;1;2;1;7;3;18;14 Chemin Neuf - RD 4;M;0;0;60
201500012406;15;4;20;845;1;1;1;1;1;33;;M;4586860;488203;690
201500012407;15;5;7;1900;1;2;1;1;6;88;Quai Jean Baptiste;M;4582890;485360;690
201500012408;15;2;8;1515;1;2;1;1;3;244;Route de Paris;M;4576800;476900;690
201500012409;15;2;9;1715;1;2;1;1;2;244;150, Rue Joliot Curie;M;0;0;690
201500012410;15;2;12;745;1;2;1;1;6;244;175 ROUTE DE SAINT BEL;M;0;0;690
201500012411;15;3;10;2015;5;2;1;1;5;244;Rue F?lix Finat Duclos;M;4576200;475800;690
201500012412;15;3;19;1045;1;2;1;1;2;244;13 CONSTELLATION;M;4575300;480500;690
201500012413;15;4;13;815;1;2;1;1;3;244;rue joliot curie;M;0;0;690
201500012414;15;4;18;2315;5;1;1;1;3;244;;M;0;0;690
201500012415;15;4;23;1800;1;2;1;1;3;244;17 avenue victor hugo;M;4577400;478900;690
201500012416;15;5;21;900;1;2;1;1;3;244;Chemin Finat Duclos;M;0;0;690
201500012417;15;8;31;1930;1;2;1;1;3;244;Route de Brignais;M;0;0;690
201500012418;15;10;23;830;1;2;1;1;3;244;46 avenue victor hugo;M;4577000;478500;690
201500012419;15;11;14;2230;5;2;2;1;3;244;rue joliot curie;M;4575260;477065;690
201500012420;15;11;30;645;5;2;1;1;1;244;Avenue Victor HUGO;M;0;0;690
201500012421;15;12;16;1815;5;2;1;5;3;44;Avenue Lamartine;M;0;0;690
201500012422;15;1;22;730;5;1;1;2;6;378;;M;0;0;380
201500012423;15;2;17;1800;2;1;1;1;3;378;;M;0;0;380
201500012424;15;2;21;1415;1;1;1;1;2;19;;M;0;0;380
201500012425;15;4;24;1845;1;2;1;1;1;378;route de glay;M;0;0;380
201500012426;15;6;3;1130;1;2;2;1;3;114;Route d'Auberives;M;0;0;380
201500012427;15;7;12;800;1;2;1;1;1;448;rue du village CD 37;M;0;0;380
201500012428;15;10;6;1;3;1;1;8;6;378;;M;0;0;380
201500012429;15;1;17;1615;1;1;1;4;6;282;;M;0;0;740
201500012430;15;5;29;2145;5;2;3;3;6;11;AVENUE DU PETIT PORT;M;0;0;740
201500012431;15;7;21;1930;1;2;1;1;2;299;ROUTE D'ANNECY;M;0;0;740
201500012432;15;9;2;1930;1;1;1;1;7;11;;M;0;0;740
201500012433;15;12;1;1915;5;2;1;1;6;11;ROUTE DU PETIT PORT;M;0;0;740
201500012434;15;12;27;1745;3;1;6;1;2;116;;M;4363576;375875;340
201500012435;15;1;27;815;1;1;1;1;1;320;;M;4364114;372576;340
201500012436;15;2;20;2045;3;1;1;8;6;153;;M;4373876;378597;340
201500012437;15;7;9;2030;1;1;1;1;7;82;;M;4366250;377015;340
201500012438;15;9;21;1330;1;1;1;1;6;82;;M;4366399;379619;340
201500012439;15;10;20;1730;2;1;1;1;2;153;;M;4373290;382144;340
201500012440;15;11;30;1815;3;1;1;1;1;255;;M;4367752;382095;340
201500012441;15;12;28;1745;5;2;1;1;1;116;403 rue de la valsiere;M;4364961;383312;340
201500012442;15;3;7;500;3;1;1;1;7;29;;M;0;0;10
201500012443;15;3;7;1630;1;1;1;1;2;304;;M;0;0;10
201500012444;15;4;6;615;3;1;1;1;6;151;;M;0;0;10
201500012445;15;4;6;1715;1;1;1;1;3;115;;M;4625673;505062;10
201500012446;15;5;7;845;1;1;1;1;7;451;;M;4625344;525328;10
201500012447;15;6;29;1430;1;1;1;1;5;422;;M;0;0;10
201500012448;15;7;6;715;1;1;1;1;2;69;;M;0;0;10
201500012449;15;7;11;1030;1;1;1;1;6;232;;M;0;0;10
201500012450;15;8;3;1745;1;1;1;1;2;29;;M;0;0;10
201500012451;15;9;6;800;1;1;1;1;6;304;;M;0;0;10
201500012452;15;9;12;1215;1;1;2;8;3;115;;M;0;0;10
201500012453;15;10;3;1515;1;1;1;2;7;38;;M;0;0;10
201500012454;15;11;20;1830;3;1;1;3;3;24;;M;0;0;10
201500012455;15;12;22;630;3;1;1;1;4;151;;M;0;0;10
201500012456;15;3;30;1930;1;1;1;1;4;233;;M;0;0;780
201500012457;15;6;1;1630;1;2;1;1;1;152;10 Allйe de la Fontaine;M;0;0;780
201500012458;15;6;6;1730;1;1;1;1;1;571;;M;0;0;780
201500012459;15;7;3;1815;1;2;1;1;6;233;RD307;M;0;0;780
201500012460;15;9;5;1230;1;1;1;1;1;233;;M;0;0;780
201500012461;15;9;19;1400;1;1;1;7;6;233;;M;0;0;780
201500012462;15;10;22;1700;1;1;1;2;7;518;;M;0;0;780
201500012463;15;3;22;715;1;1;1;2;5;118;;M;0;0;130
201500012464;15;6;25;1800;1;2;1;1;6;37;avenue marйchal foch;M;0;0;130
201500012465;15;10;29;1115;1;2;9;1;6;118;avenue de la republique;M;0;0;130
201500012466;15;12;7;745;1;2;6;1;6;112;CD 20;M;0;0;130
201500012467;15;12;17;845;1;2;9;1;3;37;dйpartementale 113;M;0;0;130
201500012468;15;1;31;1830;3;1;1;2;2;353;RN1;M;4908560;231250;950
201500012469;15;5;27;1530;1;2;1;1;3;353;RN1;M;0;0;950
201500012470;15;7;10;2330;3;1;1;1;5;61;RD 44;M;4905980;225710;950
201500012471;15;9;17;1630;1;1;1;2;7;678;R DE FREPILLON;M;4906130;221870;950
201500012472;15;7;27;1600;1;1;1;1;1;159;;M;4277052;173272;90
201500012473;15;11;19;1415;1;1;1;1;3;139;;M;4260633;181544;90
201500012474;15;2;19;1415;1;2;1;1;5;210;avenue pinault;M;4814770;-177949;350
201500012475;15;5;3;1100;1;1;1;2;7;189;;M;4814565;-169900;350
201500012476;15;6;19;1130;1;2;1;1;6;5;rue des embruns;M;4754833;-290818;560
201500012477;15;6;24;1700;1;2;1;1;6;240;Rue du Motenno;M;4754949;-272079;560
201500012478;15;7;25;200;3;1;1;8;7;251;;M;0;0;560
201500012479;15;8;1;1215;1;2;1;1;6;214;AVENUE RAYMOND MARCELLIN;M;4750987;-283821;560
201500012480;15;12;22;1045;1;1;1;3;1;248;;M;4759398;-262309;560
201500012481;15;12;26;1915;3;1;1;1;1;214;;M;4750517;-281944;560
201500012482;15;2;23;2345;3;1;1;1;7;20;;M;4561760;420421;420
201500012483;15;6;16;830;1;1;1;2;3;38;;M;4563896;418982;420
201500012484;15;6;21;2345;3;1;1;1;2;130;;M;4566729;416721;420
201500012485;15;7;13;1400;1;1;1;1;6;155;;M;4581662;411401;420
201500012486;15;11;16;2300;3;1;1;5;4;38;;M;4564890;418037;420
201500012487;15;2;21;1545;1;1;1;1;7;4;;M;4585835;403578;420
201500012488;15;12;31;300;3;1;1;1;6;255;;M;4587597;386262;420
201500012489;15;4;14;900;1;1;1;1;2;300;;M;0;0;780
201500012490;15;6;27;915;1;1;1;1;2;597;;M;0;0;780
201500012491;15;7;3;2030;1;1;1;1;7;439;;M;0;0;780
201500012492;15;12;30;1415;1;1;1;1;6;505;;M;0;0;780
201500012493;15;2;15;1530;1;1;1;1;6;440;;M;4826673;586330;880
201500012494;15;10;19;1230;1;1;1;1;2;123;;M;4810147;564590;880
201500012495;15;11;20;2345;3;1;1;2;2;390;;M;4813998;568166;880
201500012496;15;6;3;1445;1;2;1;1;3;553;Bd de VILLEFONTAINE;M;0;0;380
201500012497;15;10;7;1315;1;2;1;1;6;553;impasse du Ru;M;0;0;380
201500012498;15;10;17;1545;1;2;1;1;6;553;26 chaussйe du parc;M;0;0;380
201500012499;15;5;10;1100;1;1;1;1;2;59;***;M;0;0;130
201500012500;15;6;15;800;1;1;1;1;4;1;***;M;0;0;130
201500012501;15;6;13;1730;1;1;1;3;6;113;***;M;0;0;130
201500012502;15;10;14;1700;1;1;1;1;1;113;**;M;0;0;130
201500012503;15;11;15;500;3;1;1;1;6;113;;M;0;0;130
201500012504;15;12;10;1715;1;1;1;8;5;1;;M;0;0;130
201500012505;15;12;20;715;3;1;1;1;6;113;;M;0;0;130
201500012506;15;5;28;600;2;1;1;1;6;140;;M;0;0;180
201500012507;15;7;8;645;1;1;1;1;6;96;;M;0;0;180
201500012508;15;7;22;715;1;1;1;1;2;279;;M;0;0;180
201500012509;15;8;19;630;2;1;1;1;6;140;;M;0;0;180
201500012510;15;10;25;45;3;1;1;1;2;96;;M;0;0;180
201500012511;15;12;28;1030;1;1;1;1;6;141;;M;0;0;180
201500012512;15;1;6;745;2;1;1;1;5;333;;M;4348310;377276;340
201500012513;15;1;9;1830;3;1;1;1;4;333;;M;4348889;377268;340
201500012514;15;10;5;1115;1;1;1;1;1;333;RD 612;M;4348424;377261;340
201500012515;15;4;15;1545;1;1;1;1;1;337;;M;0;0;340
201500012516;15;6;6;1500;1;1;1;1;3;333;;M;4349877;379545;340
201500012517;15;8;20;200;3;1;1;1;1;333;;M;4346451;381771;340
201500012518;15;8;30;1345;1;1;9;1;2;333;;M;4349130;374220;340
201500012519;15;8;31;1930;1;1;1;1;3;337;;M;4381900;329000;340
201500012520;15;9;23;1115;1;1;1;1;3;333;;M;4347766;377166;340
201500012521;15;11;1;330;3;1;2;1;3;159;;M;4351799;380870;340
201500012522;15;11;3;830;2;1;1;3;1;337;;M;4353897;387738;340
201500012523;15;1;5;1730;1;1;1;1;6;181;;M;0;0;10
201500012524;15;2;4;1815;3;1;1;1;6;14;;M;0;0;10
201500012525;15;2;10;715;2;1;1;1;2;303;;M;0;0;10
201500012526;15;3;26;1530;1;1;1;1;7;274;;M;0;0;10
201500012527;15;3;30;1;3;1;1;2;6;274;;M;0;0;10
201500012528;15;5;29;1800;1;1;9;1;2;67;;M;0;0;10
201500012529;15;5;29;1915;1;1;1;1;2;273;;M;0;0;10
201500012530;15;6;2;1415;1;1;1;1;6;181;;M;0;0;10
201500012531;15;7;15;1630;1;1;1;1;3;269;;M;0;0;10
201500012532;15;10;30;700;1;1;1;1;7;67;;M;0;0;10
201500012533;15;11;20;1115;1;1;1;2;6;373;;M;0;0;10
201500012534;15;11;21;1630;1;1;1;4;2;63;;M;0;0;10
201500012535;15;12;26;1530;1;1;1;1;2;228;;M;0;0;10
201500012536;15;5;5;805;1;1;1;3;1;685;;M;4924700;-46740;140
201500012537;15;1;20;1330;1;1;1;2;5;51;;M;0;0;130
201500012538;15;3;25;1945;5;1;6;1;6;29;;M;0;0;130
201500012539;15;4;21;1715;1;1;1;1;3;51;;M;0;0;130
201500012540;15;6;7;2215;3;1;1;1;7;44;***;M;0;0;130
201500012541;15;7;29;1545;1;1;6;1;3;51;;M;0;0;130
201500012542;15;8;2;1000;1;2;1;7;1;8;RD 68;M;0;0;130
201500012543;15;8;22;1930;1;1;1;1;3;44;*/*;M;0;0;130
201500012544;15;9;2;1930;1;1;2;1;3;69;;M;4363027;514937;130
201500012545;15;10;1;1515;1;1;1;1;3;44;;M;0;0;130
201500012546;15;10;4;400;3;1;1;5;7;69;;M;0;0;130
201500012547;15;10;4;1745;1;1;1;1;1;51;;M;0;0;130
201500012548;15;10;11;1630;1;1;1;1;7;69;;M;0;0;130
201500012549;15;10;13;1945;3;2;1;1;6;51;chemin de la cadeniere;M;0;0;130
201500012550;15;10;14;1245;1;1;1;1;1;29;**;M;0;0;130
201500012551;15;11;28;1715;2;1;1;1;5;44;;M;0;0;130
201500012552;15;12;12;315;3;1;1;5;7;51;;M;0;0;130
201500012553;15;1;7;745;2;1;1;2;2;21;;M;0;0;30
201500012554;15;3;13;1100;1;1;1;8;2;21;;M;4612500;312100;30
201500012555;15;4;26;1600;1;1;1;3;6;186;;M;0;0;30
201500012556;15;5;9;2300;3;1;1;1;7;277;;M;0;0;30
201500012557;15;6;11;2045;1;1;1;1;2;270;;M;0;0;30
201500012558;15;6;26;645;2;1;1;1;6;277;;M;4629400;304300;30
201500012559;15;8;17;1700;1;1;1;1;7;243;;M;4631900;299500;30
201500012560;15;10;11;1515;1;1;1;1;7;186;;M;0;0;30
201500012561;15;10;28;1245;1;1;1;1;7;118;;M;4608300;312400;30
201500012562;15;12;1;1330;1;1;1;1;2;277;;M;4628400;304900;30
201500012563;15;2;15;1400;1;1;1;4;7;35;;M;4596300;310400;630
201500012564;15;4;18;2015;2;1;1;1;2;300;;M;4589200;315200;630
201500012565;15;4;26;1800;1;1;1;1;3;82;Aire des volcan / A71;M;4605900;311256;630
201500012566;15;6;3;1930;1;1;1;1;6;113;;M;0;0;630
201500012567;15;7;17;1200;1;1;1;1;6;113;;M;4581000;314700;630
201500012568;15;10;12;1530;1;1;1;1;2;327;;M;4593600;313500;630
201500012569;15;11;6;2245;3;1;1;1;6;135;;M;0;0;630
201500012570;15;11;22;2045;3;1;1;1;3;116;;M;0;0;630
201500012571;15;11;26;2200;3;1;1;2;3;300;;M;0;0;630
201500012572;15;12;15;1530;1;1;1;8;2;327;;M;0;0;630
201500012573;15;5;24;1745;1;1;1;1;1;84;;M;0;0;60
201500012574;15;12;6;1130;1;1;1;1;6;84;;M;0;0;60
201500012575;15;3;2;630;3;1;1;1;5;188;;M;4759497;-31599;490
201500012576;15;7;9;2230;3;1;1;1;6;127;;M;4766528;-26656;490
201500012577;15;7;12;1345;1;1;1;1;7;127;;M;4766673;-26519;490
201500012578;15;11;23;1015;1;1;1;8;7;18;Le lion blanc - montpoll;M;4758449;-11658;490
201500012579;15;11;24;1000;1;1;1;2;6;377;;M;4752166;-42766;490
201500012580;15;12;29;1100;1;1;1;1;4;110;;M;4754001;-34157;490
201500012581;15;2;1;1000;1;1;1;4;6;168;;M;4374951;-122409;400
201500012582;15;2;9;1930;3;1;1;1;6;36;;M;4362346;-140126;400
201500012583;15;5;20;1245;1;1;1;1;6;168;;M;4380169;-120297;400
201500012584;15;2;23;1515;1;1;1;1;7;197;;M;4406355;-89185;400
201500012585;15;1;8;930;1;2;1;1;6;4;Avenue de la gare;M;0;0;630
201500012586;15;8;20;900;1;2;1;1;6;4;La Croix mallet;M;4593000;281900;630
201500012587;15;12;14;845;2;1;9;9;7;4;;M;0;0;630
201500012588;15;5;13;1345;1;2;7;1;6;387;MAROTS (RUE DES);M;4830744;404411;100
201500012589;15;11;24;1230;1;2;2;1;3;387;JARDINS (RUE DES);M;4829760;405867;100
201500012590;15;12;8;2325;5;2;3;1;3;387;JEAN XXIII (RUE);M;4830380;406149;100
201500012591;15;12;21;2230;5;2;1;1;6;387;56, CHARMILLES (MAIL DES;M;4830036;408744;100
201500012592;15;12;21;858;1;1;1;1;1;362;RD 660;M;4829036;399350;100
201500012593;15;5;30;1834;1;2;1;1;2;387;13, GEORGES POMPIDOU (RU;M;4828718;407928;100
201500012594;15;5;27;1148;1;2;1;1;6;387;15, PASTEUR (RUE);M;4829930;406580;100
201500012595;15;10;12;725;1;2;6;1;3;343;rue de la Coopйrative;M;4816190;452823;100
201500012596;15;6;1;914;1;2;1;1;2;333;27, ECHENILLY (RUE);M;4828030;404530;100
201500012597;15;12;23;1730;3;2;1;1;6;297;DANTON (RUE);M;4832450;410525;100
201500012598;15;6;7;615;1;2;1;1;6;362;SAVIPOL (ZI);M;4829250;401742;100
201500012599;15;6;17;2214;5;2;1;1;6;387;PALAIS DE JUSTICE (RUE D;M;4829656;407064;100
201500012600;15;7;3;2115;1;1;1;1;3;333;AUXERRE (ROUTE);;;;100
201500012601;15;7;17;807;1;2;6;1;3;387;VOULDY (CHAUSSEE DU);M;4828900;409000;100
201500012602;15;8;5;1119;1;2;1;1;6;325;GABRIEL DEHEURLES (RUE);M;4826340;404880;100
201500012603;15;8;7;1715;1;1;1;1;3;81;ROCADE OUEST (RD 610);M;4832020;402288;100
201500012604;15;8;27;2202;3;2;1;8;1;387;04, LIEUTENANT PIERRE MU;M;4830360;406069;100
201500012605;15;9;8;1637;1;2;1;1;2;387;WOOD ET WEST (RUE);M;4829490;408169;100
201500012606;15;9;9;1821;1;2;1;1;2;357;GENERAL DE GAULLE (RUE D;M;4830260;410163;100
201500012607;15;12;25;839;1;2;3;1;3;333;ADOLPHE THIERS (RUE);M;4817056;400000;100
201500012608;15;9;11;1541;1;1;1;1;2;357;ROCADE SUD;M;4828561;413738;100
201500012609;15;9;15;2035;1;2;1;1;6;387;FRANCOIS SERQUEIL (RUE);;;;100
201500012610;15;9;19;1821;1;2;3;1;2;387;THENARD (RUE);M;4827369;408416;100
201500012611;15;10;9;1242;1;2;1;1;3;343;MAILLE (RUE);M;4827411;408652;100
201500012612;15;9;8;1653;1;2;1;1;6;387;DAMPIERRE (QUAI);M;4829890;407761;100
201500012613;15;11;5;1504;1;2;1;1;6;357;8, EMILE ZOLA (RUE);M;4830000;410555;100
201500012614;15;8;29;1800;1;2;1;1;3;387;ROBERT SCHUMANN (RUE);M;4830710;409544;100
201500012615;15;11;10;1727;2;2;3;1;3;297;GEORGES CLEMENCEAU (RUE);M;4831786;409285;100
201500012616;15;11;14;1915;2;2;1;1;1;387;BLANQUI (RUE);M;4830580;405377;100
201500012617;15;11;12;1145;1;2;6;1;3;387;THENARD (RUE);M;4826850;408610;100
201500012618;15;1;27;755;2;1;1;1;1;321;PIERRE GIRY (RUE);;;;100
201500012619;15;1;19;1217;1;2;1;9;6;265;LAMARTINE (RUE);M;4830086;403969;100
201500012620;15;1;20;1940;5;2;1;1;2;387;CHARMILLES (MAIL DES);;;;100
201500012621;15;2;11;1150;1;2;1;1;6;297;3 rue Pierre Curie;M;4831827;409326;100
201500012622;15;2;14;1756;1;2;1;1;2;387;ROBERT SCHUMANN (RUE);;;;100
201500012623;15;2;20;1720;1;1;1;2;2;357;ROCADE EST (RD 610);;;;100
201500012624;15;2;20;1808;5;2;2;2;3;387;LOMBARDS (AVENUE);;;;100
201500012625;15;1;16;1907;5;2;3;1;3;387;, EDOUARD HERRIOT (RUE);;;;100
201500012626;15;1;28;1140;1;2;9;1;6;387;JULES GUESDE (RUE);;;;100
201500012627;15;2;27;916;1;2;1;1;2;387;GEORGES POMPIDOU (RUE);;;;100
201500012628;15;3;7;1926;5;2;9;1;1;343;PROVIDENCE (RUE DE LA);M;4828349;409238;100
201500012629;15;3;15;2000;5;2;6;1;3;343;SAPINS (AVENUE);M;4827391;409284;100
201500012630;15;3;9;2028;2;2;1;1;3;325;2 Route d'Auxerre;M;4826277;403704;100
201500012631;15;3;6;548;2;2;1;1;6;321;50, JEAN JAURES (RUE);M;4828722;402897;100
201500012632;15;4;6;1547;1;2;1;1;2;265;MONT SAINT LOUP (RUE);M;4830317;403367;100
201500012633;15;4;7;1723;1;2;2;1;3;387;QUINZE VINGT (RUE);M;4829691;407141;100
201500012634;15;4;8;908;1;2;2;1;6;387;REPUBLIQUE (RUE DE LA );M;4829879;407342;100
201500012635;15;4;13;1714;1;2;1;1;6;357;63, GENERAL DE GAULLE (R;M;4829812;411961;100
201500012636;15;3;24;927;1;2;6;2;3;387;CARNOT (RUE);M;4829503;406737;100
201500012637;15;3;4;1150;1;2;1;1;6;387;127bis, PREIZE (RUE DE);M;4830767;406851;100
201500012638;15;5;17;223;3;1;1;1;6;333;ROCADE OUEST (RD 610);M;4828790;403974;100
201500012639;15;4;27;1437;1;2;3;2;3;343;Bd de Dijon;M;4826519;409052;100
201500012640;15;4;8;1930;1;2;9;1;6;387;GENERAL CHARLES DELESTRA;;;;100
201500012641;15;4;25;2127;5;2;1;1;6;387;30, Bd Jules Guesde;M;4829086;408249;100
201500012642;15;6;10;939;1;2;1;1;3;362;131 TER, GENERAL GALLIEN;M;4829237;404225;100
201500012643;15;11;12;1900;3;1;1;1;2;152;;M;0;0;670
201500012644;15;1;6;700;3;1;1;9;1;361;;M;0;0;670
201500012645;15;2;2;1200;1;1;1;8;1;343;;M;0;0;670
201500012646;15;7;6;800;1;2;1;1;1;471;7 rue du Chemin de Fer;M;0;0;670
201500012647;15;7;24;1830;1;1;1;1;1;389;;M;0;0;670
201500012648;15;8;29;115;5;2;9;1;1;471;ROUTE DE BISCHWILLER;M;0;0;670
201500012649;15;9;1;1700;1;2;1;2;6;309;24 rue du gal leclerc;M;0;0;670
201500012650;15;10;15;1315;1;2;1;1;3;471;;M;0;0;670
201500012651;15;10;13;1445;1;2;9;1;1;309;rte de brumath;M;0;0;670
201500012652;15;11;14;1230;1;1;1;1;3;389;;M;0;0;670
201500012653;15;12;15;1145;1;1;6;8;7;679;RD36;M;4873400;212700;910
201500012654;15;1;25;1130;1;1;1;1;1;105;;M;0;0;60
201500012655;15;5;28;1530;1;1;1;1;1;38;;M;4365400;697400;60
201500012656;15;6;4;1015;1;1;3;1;3;148;;M;0;0;60
201500012657;15;12;28;400;3;1;1;1;7;148;;M;0;0;60
201500012658;15;5;18;845;1;1;1;1;1;429;;M;4349060;1154;650
201500012659;15;2;25;1330;1;1;1;1;6;697;;M;0;0;20
201500012660;15;5;26;1515;1;1;1;1;7;559;;M;0;0;20
201500012661;15;6;14;1545;1;1;1;1;6;638;;M;0;0;20
201500012662;15;1;30;815;1;2;1;2;3;530;rue blaize pascal;M;0;0;380
201500012663;15;3;16;745;1;1;1;1;1;530;;M;0;0;380
201500012664;15;5;7;830;1;2;1;1;3;193;RUE PASTEUR;M;0;0;380
201500012665;15;5;20;1815;1;1;1;1;5;530;;M;0;0;380
201500012666;15;5;24;1715;1;2;3;1;2;193;rue A Rimbaud/Verlaine;M;4561768;523661;380
201500012667;15;6;27;1145;1;2;1;1;1;193;VOIE GALLO ROMAINE;M;4559638;521367;380
201500012668;15;6;30;845;1;2;1;1;6;193;rue du cardo;M;0;0;380
201500012669;15;11;5;1345;1;1;1;1;2;158;;M;4649500;266200;30
201500012670;15;12;26;1130;1;1;1;1;6;27;;M;4635200;284900;30
201500012671;15;3;7;1445;1;1;1;1;6;638;;M;4753418;519906;210
201500012672;15;1;12;500;3;1;1;1;6;112;;M;0;0;40
201500012673;15;1;18;1900;3;1;1;1;1;106;;M;0;0;40
201500012674;15;2;9;630;3;1;1;1;7;91;;M;0;0;40
201500012675;15;4;21;1015;1;1;1;1;2;149;;M;0;0;40
201500012676;15;6;18;930;1;2;1;1;3;113;Avenue des Logissons;M;0;0;130
201500012677;15;6;21;930;1;1;1;1;3;113;;M;0;0;130
201500012678;15;6;22;2000;1;2;1;1;3;113;avenue des galavards;M;0;0;130
201500012679;15;6;25;1730;1;1;1;1;1;80;;M;0;0;130
201500012680;15;8;14;1100;1;2;1;1;1;80;22 DES ANCIENS COMBATTAN;M;4366356;543852;130
201500012681;15;9;16;1600;1;1;1;1;3;80;;M;0;0;130
201500012682;15;10;17;600;3;1;1;1;6;113;;M;0;0;130
201500012683;15;11;1;745;1;1;1;7;3;80;;M;0;0;130
201500012684;15;1;4;845;1;1;1;2;7;82;;M;0;0;730
201500012685;15;1;17;830;1;1;1;4;1;220;;M;0;0;730
201500012686;15;2;28;1645;1;1;1;8;7;241;;M;0;0;730
201500012687;15;8;15;630;2;1;1;8;6;82;;M;0;0;730
201500012688;15;12;23;1500;1;1;1;1;7;118;;M;0;0;730
201500012689;15;3;14;700;1;1;1;2;6;57;CHAMBOIS;M;0;0;260
201500012690;15;5;13;1145;1;1;1;1;6;34;;M;0;0;260
201500012691;15;8;26;2130;5;1;1;1;1;57;BEAUREGARD;M;0;0;260
201500012692;15;9;22;1145;1;1;9;3;6;416;;M;0;0;380
201500012693;15;11;7;1830;3;1;1;1;6;394;;M;4510112;523634;380
201500012694;15;11;21;1245;1;1;1;4;6;33;;M;0;0;380
201500012695;15;2;18;745;2;1;1;9;1;352;;M;4807158;-160412;350
201500012696;15;4;10;815;1;1;1;7;1;352;;M;0;0;350
201500012697;15;4;19;1315;1;2;6;1;3;32;Rond point RD 82 / RD 39;M;4799651;-161612;350
201500012698;15;6;23;1900;1;1;1;1;3;206;;M;4804500;-165592;350
201500012699;15;6;27;2330;4;2;1;1;6;352;;M;4806768;-162131;350
201500012700;15;9;5;930;1;2;6;1;1;352;avenue de la chalotais;M;4804492;-160470;350
201500012701;15;2;14;330;3;1;1;5;6;463;PV,SENS LAUTERBG/STRASBG;M;0;0;670
201500012702;15;3;24;2045;3;1;1;1;3;237;;M;0;0;670
201500012703;15;6;4;2130;2;1;9;1;2;205;;M;0;0;670
201500012704;15;11;8;1200;1;1;1;1;6;205;;M;0;0;670
201500012705;15;7;20;1800;1;1;2;1;3;203;;M;5084625;190318;620
201500012706;15;10;23;2045;5;2;1;1;6;432;90 rue du Coq;M;5076932;191057;620
201500012707;15;2;1;629;3;2;1;1;2;69;MAGINOT ANDRE -AVENUE-;M;4321525;237439;110
201500012708;15;2;9;1634;1;1;1;1;5;69;ROCADE OUEST;M;4322265;232528;110
201500012709;15;2;20;1008;1;2;1;1;5;69;BUNAU VARILLA -AV-;M;4321134;234197;110
201500012710;15;2;21;1935;5;2;1;1;6;69;GOUT HENRI -AVENUE N? PA;M;4321100;233789;110
201500012711;15;3;27;59;3;2;2;1;3;69;ALBERT TOMEY;M;4321344;235041;110
201500012712;15;3;3;2110;3;2;1;1;6;69;BRINGER JEAN -ET IMPASSE;M;4321532;235312;110
201500012713;15;3;7;654;2;1;1;1;1;69;COLOMB CHRISTOPHE -PONT;M;4323353;236235;110
201500012714;15;3;20;1409;1;1;1;1;7;69;R D 113, SENS TOULOUSE/;M;4321377;238572;110
201500012715;15;3;7;140;3;2;1;1;6;69;2, MUSSET ALFRED-DE -ET;M;4322119;234450;110
201500012716;15;3;7;2056;2;2;2;1;3;69;JEAN BRINGER;M;4321189;235344;110
201500012717;15;3;10;1220;1;1;1;1;3;69;COLLINES -BD-;M;4320411;238639;110
201500012718;15;4;13;2021;2;1;1;1;7;69;ROCADE SUD RD 342;M;4320602;238914;110
201500012719;15;4;5;1908;2;2;6;1;1;69;BLUM APRES LE 1429;M;4322522;234497;110
201500012720;15;4;18;2300;3;1;1;1;7;69;BERRIAC -ROUTE DE-;M;4321053;238911;110
201500012721;15;4;20;2020;2;2;1;1;7;69;SARRAUT OMER BD -IMPAIRS;M;4321029;235655;110
201500012722;15;4;23;1645;1;1;1;1;2;69;R N 113, SENS TOULOUSE/;M;4322772;232924;110
201500012723;15;4;30;1845;1;2;1;1;1;69;JOLIOT CURIE -CITE-;M;4321619;236275;110
201500012724;15;4;30;1425;1;2;1;1;2;69;IENA -ALLEE D'- N° PAIRS;M;4321474;234513;110
201500012725;15;5;26;840;1;2;1;1;7;69;REILLE -CHEMIN DE LA - I;M;4322756;234478;110
201500012726;15;5;11;1810;1;2;1;1;6;69;HUGO VICTOR;M;4321343;234903;110
201500012727;15;5;2;737;1;2;1;1;6;69;CHARTRAN;M;4321260;235129;110
201500012728;15;5;28;1445;1;2;1;1;1;69;CHARCOT JEAN BAPTISTE;M;4321220;232922;110
201500012729;15;5;27;1500;1;2;1;1;6;69;GOUT HENRI -AVENUE N° PA;M;4321086;234116;110
201500012730;15;6;24;736;1;1;6;1;3;69;MADELEINE -CHEMIN DE LA;M;4322231;239143;110
201500012731;15;6;16;1408;1;2;1;1;7;69;VARSOVIE -BD-;M;4321526;234774;110
201500012732;15;6;29;2203;2;2;3;1;3;69;DUPLEIX JOSEPH FRANCOIS;M;4321129;232632;110
201500012733;15;6;24;1951;1;1;1;1;3;69;MONTREAL -ROUTE DE -;M;4321346;228520;110
201500012734;15;6;3;1628;1;2;1;1;6;69;BOUFFET HENRY;M;4321026;230482;110