num_acc;an;mois;jour;hrmn;lum;agg;int;atm;col;com;adr;gps;lat;long;dep
201500012735;15;6;11;1239;1;1;1;1;4;69;BRAM -ROUTE DE-;M;4322926;228057;110
201500012736;15;6;30;1608;1;2;1;1;3;69;BLUM APRES LE 2050;M;4322368;234589;110
201500012737;15;6;16;502;1;1;1;1;7;69;ROCADE OUEST;M;4320902;231145;110
201500012738;15;7;20;1631;1;1;1;1;7;69;LAVALETTE -ROUTE DE-;M;4318842;228990;110
201500012739;15;6;17;2130;2;1;1;1;3;69;BERRIAC -ROUTE DE-;M;4320940;238286;110
201500012740;15;6;19;1824;1;1;1;1;3;69;CROUZAT PHILIPPINE -AV E;M;4318866;230934;110
201500012741;15;6;23;1657;1;1;1;1;3;69;MONTREAL -ROUTE DE -;M;4321265;226654;110
201500012742;15;6;26;1841;1;2;1;1;7;69;LECLERC AV. DU GENERAL I;M;4320919;236826;110
201500012743;15;6;26;1540;1;1;1;1;2;69;ROCADE SUD RD 342;M;4322875;233890;110
201500012744;15;6;28;1320;1;1;1;1;3;69;ROCADE SUD RD 342;M;4319238;233634;110
201500012745;15;7;4;448;2;1;1;1;1;69;COLOMB CHRISTOPHE -PONT;M;4322200;233794;110
201500012746;15;8;16;615;5;1;1;1;6;69;ROCADE OUEST;M;4320678;231178;110
201500012747;15;7;21;1348;1;2;1;1;6;69;LAURIERS -DES-;M;4322188;235906;110
201500012748;15;7;22;1025;1;2;1;1;1;69;JUIN MARECHAL;M;4321176;237448;110
201500012749;15;7;30;1202;1;1;1;1;3;69;BOUFFET HENRY;M;4321064;230369;110
201500012750;15;7;27;1822;1;2;1;1;6;69;GAMBETTA SQUARE -PAIR-;M;4321186;235544;110
201500012751;15;8;12;824;1;2;3;1;3;69;DUPLEIX JOSEPH FRANCOIS;M;4321143;232650;110
201500012752;15;8;21;1525;1;2;2;1;3;69;7, SAUZEDE JULES;M;4321112;234958;110
201500012753;15;8;10;531;3;1;1;1;7;69;ROCADE OUEST;M;4322514;232944;110
201500012754;15;8;4;1820;1;1;1;1;6;69;CAVAYERE -ROUTE DE LA -;M;4318636;240958;110
201500012755;15;8;3;1618;1;1;1;1;3;69;ROCADE SUD RD 342;M;4320552;238872;110
201500012756;15;9;16;2300;3;1;1;1;5;69;ROCADE OUEST;M;4321525;232276;110
201500012757;15;8;26;1555;1;1;1;1;2;69;RD 6161;M;4320320;237375;110
201500012758;15;9;5;1252;1;1;2;1;3;69;COLLINES -BD-;M;4319803;239586;110
201500012759;15;9;8;1935;2;1;1;1;6;69;R N 113 sens NARBONNE/TO;M;4323273;232112;110
201500012760;15;10;5;1613;1;1;1;1;1;69;ROCADE OUEST;M;4320598;238917;110
201500012761;15;10;9;1325;1;2;1;1;6;69;MINERVOISE -ROUTE-;M;4321857;235400;110
201500012762;15;10;11;435;1;1;1;1;7;69;ROCADE SUD RD 342;M;4320040;239289;110
201500012763;15;9;26;1043;1;1;1;1;6;69;BOUFFET HENRY;M;4320886;230864;110
201500012764;15;9;27;1830;1;2;1;1;7;69;FERNANDEL;M;4322673;235981;110
201500012765;15;10;6;1645;1;2;1;1;3;69;RIVOLI  -BD ET IMPASSE-;M;4322577;234881;110
201500012766;15;11;3;1355;1;2;1;1;6;69;3VERDUN;M;4321267;235470;110
201500012767;15;10;20;1758;1;2;2;1;3;69;36, MARTY ANTOINE;M;4321629;235693;110
201500012768;15;10;23;1930;2;1;1;1;1;69;BRAM -ROUTE DE-;M;4322336;229550;110
201500012769;15;10;30;743;1;2;1;1;3;69;BUNAU VARILLA -AV-;M;4321005;233983;110
201500012770;15;11;2;1904;2;1;1;6;1;69;ROCADE NORD RD 6113;M;4322536;237832;110
201500012771;15;11;4;1420;1;2;1;1;3;69;BUFFON RUE A PARTIR DU 5;M;4322265;235446;110
201500012772;15;11;19;404;5;2;1;1;1;69;BARBES BD IMPAIR;M;4321032;234820;110
201500012773;15;11;24;1716;2;2;1;1;6;69;VERGES MICHEL;M;4321485;236750;110
201500012774;15;1;2;1930;3;1;1;1;6;69;CHARLEMAGNE -ROND POINT;M;4319434;236196;110
201500012775;15;2;4;748;2;2;1;1;1;69;ROCADE SUD RD 342;M;4320428;238295;110
201500012776;15;1;10;1820;3;1;1;1;6;69;ROCADE OUEST;M;4322801;233557;110
201500012777;15;11;14;1025;1;2;3;1;5;69;GOUT HENRI -AV. Nш IMPAI;M;4321075;234319;110
201500012778;15;1;19;1338;1;2;1;1;3;69;MAGINOT ANDRE -AVENUE-;M;4321525;237442;110
201500012779;15;12;18;1750;5;2;1;1;1;69;46, MARTY ANTOINE;M;4321632;235615;110
201500012780;15;12;23;1445;1;2;1;1;5;69;MOULIN JEAN -AVENUE-;M;4320890;237601;110
201500012781;15;1;30;1520;1;1;1;1;2;69;MONTREAL -ROUTE DE -;M;4321356;228100;110
201500012782;15;10;14;1824;1;1;2;1;3;69;MONTREAL -ROUTE DE -;M;4321249;226572;110
201500012783;15;12;11;2350;3;1;1;1;5;69;ROCADE RD 6161;M;4319420;234805;110
201500012784;15;12;9;1850;2;2;1;1;1;69;LANGEVIN PAUL - PAIRS AP;M;4322453;233660;110
201500012785;15;4;13;15;3;1;1;1;5;516;;M;0;0;310
201500012786;15;7;19;1600;1;1;1;1;3;91;;M;0;0;310
201500012787;15;9;20;1630;1;1;1;1;2;117;;M;4366469;155320;310
201500012788;15;10;1;700;3;1;1;1;5;341;route des platanes;M;0;0;310
201500012789;15;10;2;545;3;1;1;1;2;516;;M;0;0;310
201500012790;15;4;28;315;3;1;1;1;7;101;;M;4262375;278636;660
201500012791;15;4;22;815;1;1;1;1;7;480;A5;M;0;0;770
201500012792;15;5;12;445;3;1;1;1;2;295;A5;M;0;0;770
201500012793;15;6;20;615;2;1;1;1;7;453;A5;M;0;0;770
201500012794;15;8;21;1300;1;1;1;1;7;453;;M;0;0;770
201500012795;15;3;16;1715;1;2;1;1;6;262;BERRE (RUE DE LA);M;4318704;298525;110
201500012796;15;3;20;400;5;2;4;1;6;262;NAUTIQUE (CHEMIN DE LA);M;4314381;300352;110
201500012797;15;3;24;1135;1;2;6;8;6;262;RD 6009 NARBONNE - PERPI;M;4319378;298296;110
201500012798;15;3;24;1150;1;2;3;8;3;262;64, ARMISSAN ROUTE D');M;4318734;301723;110
201500012799;15;3;25;800;1;2;6;1;6;262;PYRENEES (PLACE ET AVENU;M;4318300;299835;110
201500012800;15;3;26;850;1;2;1;1;6;262;7, ROUZAUD (RUE HENRI);M;4318207;301215;110
201500012801;15;3;16;220;5;2;1;8;1;262;36, VALLIERE (QUAI);M;4318014;300925;110
201500012802;15;4;3;1435;1;2;1;1;1;262;0, MISTRAL (BOULEVARD FR;M;4318825;300419;110
201500012803;15;4;11;515;5;1;1;1;6;262;RD 6009 NARBONNE - BEZIE;M;4317710;297165;110
201500012804;15;4;12;2025;2;2;1;1;6;262;12, VALMY (RUE DE);M;4318561;301172;110
201500012805;15;4;12;835;1;2;3;1;2;262;LECLERC (AVENUE DU GENER;M;4317576;299356;110
201500012806;15;4;15;1125;1;2;2;1;3;262;ALGER (RUE D');M;4318573;301005;110
201500012807;15;4;15;1820;1;2;1;1;6;262;21, MIRABEAU (COURS);M;4318247;300393;110
201500012808;15;4;21;1405;1;2;1;1;7;262;RD 6009 NARBONNE - BEZIE;M;4319435;299406;110
201500012809;15;4;23;1710;1;2;1;1;3;262;40, 1848 (BOULEVARD);M;4319158;301524;110
201500012810;15;4;20;1903;1;2;1;1;1;262;70, BORDEAUX (AVENUE DE);M;4318181;298497;110
201500012811;15;4;24;15;5;1;6;1;3;262;RD 6009 NARBONNE - BEZIE;M;4314540;297575;110
201500012812;15;4;27;1400;1;2;1;1;6;262;VALLIERE (QUAI);M;4318067;300760;110
201500012813;15;5;15;1039;1;2;3;1;1;262;0, 1848 (BOULEVARD);M;4319171;301492;110
201500012814;15;5;21;1450;1;2;1;1;2;262;0, LECLERC (AVENUE DU GE;M;4317565;299345;110
201500012815;15;5;14;2000;1;2;1;1;6;262;0, SALVAYRE (RUE DE);M;4318560;298623;110
201500012816;15;5;20;1045;1;2;1;6;1;262;RD 6009 NARBONNE - BEZIE;M;4318027;296748;110
201500012817;15;5;24;1120;1;2;3;1;3;262;BOURGET (RUE DU);M;4318023;299939;110
201500012818;15;5;29;1505;1;2;1;1;1;262;0, BOURGET (RUE DU);M;4318021;300078;110
201500012819;15;5;26;1615;1;1;6;1;6;262;BLUM (SQUARE THERESE LEO;M;4318751;300756;110
201500012820;15;6;11;1355;1;2;1;1;6;262;5, MIRABEAU (COURS);M;4318750;300756;110
201500012821;15;6;17;1150;1;2;3;1;3;262;26, 1848 (BOULEVARD);M;4319265;301231;110
201500012822;15;6;21;2320;5;2;1;1;2;262;FERROUL (BOULEVARD DU DO;M;4318081;300506;110
201500012823;15;6;24;1215;1;2;1;1;7;262;CUXAC (ROUTE DE);M;4319179;300373;110
201500012824;15;6;29;1848;1;2;1;1;1;262;RD 032 NARBONNE / GRUISS;M;4317640;302473;110
201500012825;15;7;6;1420;1;2;1;1;6;262;23, SEMBAT (BOULEVARD MA;M;4318793;300541;110
201500012826;15;7;9;655;1;2;1;1;6;262;SERMET (AVENUE ELIE);M;4318668;301257;110
201500012827;15;7;7;1705;1;2;1;1;1;262;RD 6009 NARBONNE - BEZIE;M;4318265;296790;110
201500012828;15;7;13;1410;1;2;1;1;2;262;RD 6009 NARBONNE - PERPI;M;4319384;298440;110
201500012829;15;7;10;1800;1;2;1;1;2;262;RD 6113 NARBONNE - CARCA;M;4318108;295577;110
201500012830;15;7;19;1500;1;1;1;1;1;262;RD 6009 NARBONNE - PERPI;M;4320097;301777;110
201500012831;15;7;22;1150;1;1;1;1;2;262;RD 6009 NARBONNE - PERPI;M;4314995;297851;110
201500012832;15;7;22;1525;1;2;1;1;2;262;KENNEDY (AVENUE DU PRESI;M;4318541;300991;110
201500012833;15;8;4;1501;1;2;1;1;6;262;0, JONQUIERES (RUE ET CH;M;4316412;298009;110
201500012834;15;8;4;1320;1;2;1;1;3;262;0, MARCORIGNAN (ROUTE DE;M;4318994;298551;110
201500012835;15;8;4;545;2;2;1;1;7;262;0, LECLERC (AVENUE DU GE;M;4317491;299279;110
201500012836;15;8;22;2319;5;2;3;1;3;262;LECLERC (AVENUE DU GENER;M;4318051;299671;110
201500012837;15;8;20;1930;1;2;6;1;6;262;HUBERT MOULY (AVENUE);M;4317990;301883;110
201500012838;15;8;17;100;5;2;3;1;3;262;VIEU (RUE PAUL);M;4318267;299180;110
201500012839;15;8;4;1320;1;2;1;1;5;262;0, CARNOT (AVENUE);M;4319550;301143;110
201500012840;15;8;20;1230;1;1;1;1;7;262;18, LACROIX (BOULEVARD D;M;4318019;300190;110
201500012841;15;8;17;1155;1;2;2;1;3;262;BARBES (RUE);M;4318513;299524;110
201500012842;15;8;11;1535;1;2;1;1;2;262;18, LACROIX (BOULEVARD D;M;4318021;300181;110
201500012843;15;8;10;1030;1;2;2;1;3;262;CREISSEL (BOULEVARD DE);M;4317563;302861;110
201500012844;15;9;3;750;1;2;1;1;7;262;JONQUIERES (RUE ET CHEMI;M;4316301;297890;110
201500012845;15;9;3;1200;1;2;1;1;6;262;18, POMPIDOR (AVENUE);M;4318310;297917;110
201500012846;15;8;19;2330;5;2;2;1;1;262;KENNEDY (AVENUE DU PRESI;M;4318423;301249;110
201500012847;15;9;17;842;1;2;3;1;3;262;0, CROIX SUD (AVENUE DE);M;4315714;298359;110
201500012848;15;9;21;1852;1;2;1;1;6;262;0, ELYSIQUES (VOIES DES);M;4318486;297862;110
201500012849;15;9;14;2345;3;2;1;1;6;262;ETANGS  (AVENUE DES);M;4315521;299659;110
201500012850;15;9;27;1045;1;2;6;1;6;262;BALISTE (BOULEVARD DE);M;4319190;302819;110
201500012851;15;9;25;830;1;2;1;1;6;262;0, BOURGET (RUE DU);M;4318037;299792;110
201500012852;15;9;28;1150;1;2;6;1;2;262;CARNOT (AVENUE);M;4320051;301906;110
201500012853;15;9;29;1213;2;2;3;2;3;262;26, CARNOT (AVENUE);M;4319221;300811;110
201500012854;15;10;1;835;1;2;1;1;1;262;RD 6009 NARBONNE - BEZIE;M;4319737;300088;110
201500012855;15;10;6;1525;1;2;1;1;2;262;RD 6009 NARBONNE - PERPI;M;4315643;298144;110
201500012856;15;10;7;900;1;2;3;1;6;262;ESCOUTE (QUAI DE L');M;4318504;299948;110
201500012857;15;10;11;1620;1;2;1;1;6;262;8, PYRENEES (PLACE ET AV;M;4318352;299776;110
201500012858;15;11;30;1335;1;2;1;1;6;262;VIEU (RUE PAUL);M;4318372;299637;110
201500012859;15;10;14;1750;1;2;1;1;6;262;4, MISTRAL (BOULEVARD FR;M;4318522;300077;110
201500012860;15;10;16;1000;1;2;1;1;6;262;6, HUGO (QUAI ET PASSERE;M;4318183;300716;110
201500012861;15;10;19;1715;1;2;1;1;6;262;56, MISTRAL (BOULEVARD F;M;4318852;300451;110
201500012862;15;10;17;2315;5;2;1;1;1;262;ESPAGNE (AVENUE D');M;4316574;298735;110
201500012863;15;10;31;905;1;2;2;1;3;262;RACINE (RUE);M;4317719;299798;110
201500012864;15;11;2;1915;2;2;6;1;3;262;ELYSIQUES (VOIES DES);M;4318572;298291;110
201500012865;15;11;2;1805;3;2;1;3;2;262;RD 6009 NARBONNE - BEZIE;M;4316740;298437;110
201500012866;15;11;3;1620;1;2;6;1;1;262;RD 6009 NARBONNE - PERPI;M;4320059;301244;110
201500012867;15;11;6;900;1;2;2;1;3;262;MAZAGRAN (RUE DE);M;4317764;299625;110
201500012868;15;11;3;1905;5;2;1;1;7;262;DE GAULLE (BOULEVARD DU;M;4318368;300823;110
201500012869;15;11;18;1310;1;2;3;1;1;262;55, 1848 (BOULEVARD);M;4319085;301717;110
201500012870;15;11;30;1800;1;2;6;1;3;262;MAYOLLE (BOULEVARD DE LA;M;4317503;300363;110
201500012871;15;12;4;1000;1;2;9;1;2;262;27, PYRENEES (PLACE ET A;M;4318351;299779;110
201500012872;15;12;5;2010;5;2;3;1;3;262;RD 6009 NARBONNE - PERPI;M;4313912;297121;110
201500012873;15;12;11;2100;5;2;1;1;2;262;ESPAGNE (AVENUE D');M;4317357;299201;110
201500012874;15;12;3;755;1;2;1;1;6;262;MISTRAL (BOULEVARD FREDE;M;4318855;300449;110
201500012875;15;11;15;910;1;2;1;1;6;262;11, RUSSEC (IMPASSE DU);M;4318859;298073;110
201500012876;15;1;2;1912;2;2;1;1;5;262;0, ESPAGNE (AVENUE D');M;4317205;299065;110
201500012877;15;1;6;1910;3;1;1;1;3;262;RD 6113 NARBONNE - CARCA;M;4318092;296588;110
201500012878;15;2;18;1900;2;2;1;1;1;262;0, LUNES (ROUTE DE);M;4317512;300587;110
201500012879;15;2;10;1830;2;2;1;8;6;262;28, GAMBETTA (BOULEVARD);M;4318342;300810;110
201500012880;15;2;17;1340;1;2;2;1;3;262;1, CROIX SUD (AVENUE DE);M;4315869;298619;110
201500012881;15;12;16;1750;5;2;1;1;6;262;LECLERC (AVENUE DU GENER;M;4317518;299304;110
201500012882;15;2;25;1040;1;2;1;1;6;262;0, JUIN (AVENUE MAREHAL);M;4318117;301432;110
201500012883;15;1;14;954;1;2;1;1;3;262;0, JONQUIERES (RUE ET CH;M;4316649;298198;110
201500012884;15;1;29;855;1;2;1;1;2;262;6, MISTRAL (BOULEVARD FR;M;4318760;300357;110
201500012885;15;2;25;1355;1;2;1;1;6;262;0, SALVAYRE (RUE DE);M;4318561;298723;110
201500012886;15;2;25;1730;1;2;1;1;3;262;0, CROIX SUD (AVENUE DE);M;4315871;298621;110
201500012887;15;3;9;1700;1;2;1;1;6;262;CONSTELLATIONS (AVENUE D;M;4314517;297436;110
201500012888;15;3;14;1515;1;2;1;1;6;262;0, LECLERC (AVENUE DU GE;M;4317812;299501;110
201500012889;15;4;13;730;1;1;1;1;6;504;A16;M;4910380;226390;950
201500012890;15;7;6;1920;1;1;1;1;3;134;A16;M;4913980;225190;950
201500012891;15;9;23;1630;1;1;1;8;1;57;;M;4943017;213070;600
201500012892;15;1;6;1430;1;1;1;1;3;91;;M;0;0;130
201500012893;15;4;24;1500;1;1;1;1;2;91;;M;0;0;130
201500012894;15;6;11;1815;1;2;1;1;3;50;avenue henri barbusse;M;0;0;130
201500012895;15;8;7;1600;1;2;1;1;6;91;Place de la Rйpublique;M;0;0;130
201500012896;15;9;5;1445;1;2;1;1;6;50;chemin de vallon rouge;M;0;0;130
201500012897;15;11;8;1145;1;1;9;1;3;50;;M;0;0;130
201500012898;15;7;8;1930;1;1;1;1;2;169;;M;4375738;434029;300
201500012899;15;8;20;1130;1;1;6;1;3;344;;M;4373511;423562;300
201500012900;15;8;23;1800;1;1;1;3;1;333;;M;4375007;426871;300
201500012901;15;10;26;1715;2;1;1;1;1;333;;M;4374742;426387;300
201500012902;15;11;11;1345;1;1;1;1;1;344;;M;4373553;423494;300
201500012903;15;11;24;945;1;1;1;1;1;344;;M;4373555;423487;300
201500012904;15;11;28;245;3;1;1;1;7;20;;M;4374287;429599;300
201500012905;15;1;10;1315;1;1;1;2;6;92;;M;4643650;-83389;850
201500012906;15;2;2;1145;1;1;1;1;6;324;;M;0;0;310
201500012907;15;4;24;2215;3;1;1;1;7;476;;M;0;0;310
201500012908;15;6;25;2100;2;1;1;1;6;395;;M;0;0;310
201500012909;15;9;17;700;2;1;1;3;2;433;;M;0;0;310
201500012910;15;10;9;1700;1;1;1;1;3;395;;M;0;0;310
201500012911;15;1;15;2130;3;1;1;1;7;543;;M;4960314;48674;760
201500012912;15;1;21;1615;1;1;9;1;6;536;;;;;140
201500012913;15;1;21;1945;5;1;1;1;5;684;;M;4948304;44219;760
201500012914;15;1;22;1330;1;1;1;1;6;333;;M;4941420;26936;140
201500012915;15;1;25;1845;5;2;2;1;3;384;AV DU MARECHAL LECLERC;M;4951980;52845;760
201500012916;15;2;5;900;1;1;1;2;6;657;;M;4948263;33071;760
201500012917;15;4;29;2300;3;1;1;1;6;657;;M;4947997;33779;760
201500012918;15;5;13;2000;2;1;1;1;2;536;;M;4943950;27289;140
201500012919;15;6;7;900;1;1;1;1;6;536;;M;4942580;27478;140
201500012920;15;6;14;1130;1;1;1;1;2;489;;M;4947261;27097;760
201500012921;15;7;31;1300;1;1;1;1;6;533;;M;4949035;26724;760
201500012922;15;10;25;1545;1;1;1;1;2;489;RTE INDUSTRIELLE;M;4947825;26673;760
201500012923;15;11;1;800;1;1;1;1;2;305;;M;4949735;22843;760
201500012924;15;11;22;1300;1;1;1;1;6;657;;M;4948707;36890;760
201500012925;15;7;13;1315;1;1;1;1;6;281;;M;0;0;202
201500012926;15;1;30;615;3;1;1;3;4;457;;M;0;0;310
201500012927;15;2;2;1430;1;1;1;1;6;324;;M;0;0;310
201500012928;15;9;7;930;1;1;1;1;6;324;;M;0;0;310
201500012929;15;9;12;830;1;1;1;1;6;430;;M;4310466;59821;310
201500012930;15;7;29;1530;1;2;2;1;3;112;RD347;M;4719523;-12567;490
201500012931;15;12;11;1000;1;1;1;5;5;123;;M;4722054;-15590;490
201500012932;15;4;24;2130;3;1;1;1;1;241;;M;0;0;740
201500012933;15;5;14;450;3;2;1;1;6;241;;M;0;0;740
201500012934;15;10;5;1700;1;2;3;3;3;164;471 RUE DE L'INDUSTRIE;M;0;0;740
201500012935;15;12;20;2115;3;1;1;1;1;304;LES MARAIS DES TATTES;M;0;0;740
201500012936;15;12;22;1445;1;2;3;1;3;162;ALLEE DU SALEVE;M;0;0;740
201500012937;15;11;4;915;1;2;1;1;3;275;33 PORTE DU GRAND LYON;M;4582275;492177;10
201500012938;15;2;6;2130;3;1;1;1;2;507;;M;0;0;800
201500012939;15;6;8;900;1;1;1;1;4;160;;M;0;0;800
201500012940;15;6;15;1745;1;1;9;1;1;724;;M;0;0;800
201500012941;15;7;11;1600;1;1;1;1;7;114;;M;0;0;800
201500012942;15;7;16;1345;1;1;1;7;5;131;;M;0;0;800
201500012943;15;8;20;1515;1;1;9;1;6;670;;M;0;0;800
201500012944;15;8;30;2100;2;1;1;1;1;702;A29 Rocade Sud;M;0;0;800
201500012945;15;9;29;600;3;1;1;1;6;717;Autoroute A1;M;0;0;800
201500012946;15;11;2;445;3;1;1;5;5;670;;M;0;0;800
201500012947;15;11;5;1845;3;1;1;1;2;160;;M;0;0;800
201500012948;15;2;1;1715;1;1;1;2;3;1;;M;0;0;800
201500012949;15;5;24;945;1;1;1;1;6;252;;M;4572900;647100;730
201500012950;15;4;28;815;1;1;9;9;3;310;;M;0;0;390
201500012951;15;6;1;2030;2;1;1;1;7;198;;M;0;0;710
201500012952;15;6;17;1630;1;1;1;8;1;492;;M;0;0;390
201500012953;15;7;10;200;3;1;9;1;1;157;;M;0;0;710
201500012954;15;5;15;1840;1;2;1;1;1;89;61 RUE CAYRADE;M;4455810;225426;120
201500012955;15;4;29;20;5;2;1;1;6;13;PISCINE (AVENUE DE LA);M;4452690;226137;120
201500012956;15;6;30;1505;1;2;3;1;3;89;PLACE DECAZES;M;4455490;225772;120
201500012957;15;8;23;330;5;2;1;1;6;89;FACE 1484, ALFARIC PROSP;M;4457330;225769;120
201500012958;15;10;17;2340;5;2;1;1;6;89;30B, VICTOR HUGO (AVENUE;;;;120
201500012959;15;11;6;1655;1;2;3;1;3;83;2, FRANCE ANATOLE;M;4452590;228155;120
201500012960;15;12;13;1925;5;2;1;1;3;89;, ABRAHAM G. (PLACE);;;;120
201500012961;15;5;27;740;1;2;1;1;2;145;1354, AIGOUAL (AVENUE DE;M;4410280;309113;120
201500012962;15;8;28;1850;1;1;1;1;6;145;D911;M;4411380;307923;120
201500012963;15;1;10;935;1;2;1;1;1;145;2, AVENUE DE VERDUN;M;4409640;307246;120
201500012964;15;6;23;1721;1;1;1;1;3;145;GABRIAC JEAN (BOULEVARD);;;;120
201500012965;15;2;16;2058;5;2;3;1;3;145;39 RUE DU BARRY;M;4409980;307373;120
201500012966;15;6;24;1300;1;2;1;1;3;145;QUAI SULLY CHALIES;M;4409490;307707;120
201500012967;15;2;23;1455;1;2;6;1;3;145;CUREPLAT (ROND POINT);M;4410180;308575;120
201500012968;15;9;23;1810;1;2;1;7;6;145;02, GABRIAC JEAN (BOULEV;;;;120
201500012969;15;3;4;1755;1;2;6;1;2;145;1, BAD SALZUFLEN (BOULEV;M;4409270;306398;120
201500012970;15;9;25;2110;3;1;1;1;1;145;LARZAC (BOULEVARD DU);;;;120
201500012971;15;3;20;1620;1;2;7;2;3;145;21, JAURES JEAN (AVENUE);M;4410150;307946;120
201500012972;15;10;18;720;3;1;1;2;7;145;D991 ( VALLEE DE LA DOUR;M;4410130;311744;120
201500012973;15;10;24;2100;4;2;1;1;3;145;PAULELE;;;;120
201500012974;15;11;10;1100;1;2;1;1;6;145;15, JAURES JEAN (AV);;;;120
201500012975;15;11;30;1555;1;2;4;1;1;145;CALES (AVENUE DE);M;4408880;306029;120
201500012976;15;12;3;1400;1;2;1;1;3;145;25, MARTEL EDOUARD ALFRE;;;;120
201500012977;15;12;28;1940;3;1;1;1;3;145;CAVALERIE (COTE DE LA );;;;120
201500012978;15;2;26;1545;1;2;1;2;6;202;GIRATOIRE DES MOUTIERS;M;4436360;257435;120
201500012979;15;3;20;2330;5;2;1;1;6;202;RD 840 - AV DECAZEVILLE;M;4437310;254618;120
201500012980;15;3;2;1800;1;2;1;1;3;176;VIGNES (ROUTE DES);M;4436370;260747;120
201500012981;15;3;26;1600;1;2;1;1;6;176;GLYCINES (AVENUE DES);M;4436770;259050;120
201500012982;15;4;16;1230;1;2;1;1;6;202;GINESTE (AVENUE DE LA);M;4436160;256844;120
201500012983;15;3;5;1645;1;1;2;1;3;176;D901(ROUTE DE CONQUE);M;4440580;255757;120
201500012984;15;5;14;115;4;2;1;1;6;176;RN 88;M;4437330;258814;120
201500012985;15;5;14;1700;1;2;2;1;3;176;VABRE (AVENUE DE);M;4436960;256970;120
201500012986;15;5;20;900;1;1;1;8;6;202;MOYRAZES (ROUTE DE);M;4435170;255620;120
201500012987;15;5;25;1455;1;2;1;1;2;202;BOSCARY MONSSERVIN (AVEN;M;4436090;256040;120
201500012988;15;5;30;1345;1;2;1;1;7;176;JOEL PILON (RUE);M;4439370;260135;120
201500012989;15;6;4;1400;1;1;1;1;6;176;ROUTE DE CANTARANNE;M;4436100;260450;120
201500012990;15;6;12;925;1;2;1;1;6;202;08, GAMBETTA (BOULEVARD);M;4435000;257320;120
201500012991;15;7;15;1440;1;2;1;1;3;202;BAMBERG (AVENUE  DE);M;4436100;258910;120
201500012992;15;7;29;1700;1;1;1;2;7;176;RN 88;M;4437050;264846;120
201500012993;15;8;3;1630;1;2;6;1;3;176;SAINT MARC (GIRATOIRE;M;4437400;259195;120
201500012994;15;8;5;1840;1;2;6;1;6;202;AUVERGNE (GIRATOIRE DE L;M;4436540;256370;120
201500012995;15;8;11;1745;1;1;3;1;5;202;MOYRAZES (ROUTE DE);M;4435270;255360;120
201500012996;15;10;23;1500;1;2;1;1;4;176;ESPALION (ROUTE D');M;4437580;259249;120
201500012997;15;11;4;1330;1;2;1;1;7;146;BANOCRES (COTE DE);;;;120
201500012998;15;11;14;1730;2;2;1;1;4;176;ROQUES (ROUTE DE LA);;;;120
201500012999;15;11;23;755;1;2;1;1;7;202;VICTOR HUGO (AVENUE);;;;120
201500013000;15;11;30;1705;1;2;1;1;6;202;GINESTE (AVENUE DE LA);;;;120
201500013001;15;12;9;1805;1;2;1;1;2;202;01, SAINT CYRICE (RUE);;;;120
201500013002;15;12;16;1515;1;2;6;1;6;176;ROQUE (GIRATOIRE DE LA);;;;120
201500013003;15;12;18;900;1;1;1;1;5;202;RD 994;;;;120
201500013004;15;12;26;1140;1;2;1;1;7;202;25, 122IEME R.I. (BOULEV;;;;120
201500013005;15;3;30;2230;3;1;1;2;2;145;;M;0;0;460
201500013006;15;1;1;1515;1;1;1;1;6;40;;M;4761418;281671;450
201500013007;15;1;11;915;1;1;1;1;6;345;;M;4796703;267262;450
201500013008;15;2;8;2130;3;1;1;1;6;345;;M;4797967;267216;450
201500013009;15;2;21;1615;1;1;1;4;4;73;;M;4803320;296858;450
201500013010;15;6;1;1345;1;1;1;1;6;155;;M;4769465;273984;450
201500013011;15;6;16;1400;1;1;1;1;6;247;;M;4770807;274054;450
201500013012;15;7;8;745;1;1;1;1;6;53;;M;4763502;277779;450
201500013013;15;8;16;715;1;1;1;1;6;189;;M;4804423;289964;450
201500013014;15;9;17;1515;1;1;1;3;6;222;;M;4812645;271238;450
201500013015;15;10;28;1630;1;1;1;1;2;36;;M;4777071;271284;450
201500013016;15;2;14;945;1;1;1;4;7;2;SENS BORDEAUX - CLERMONT;M;4557850;238969;190
201500013017;15;4;5;1715;1;1;1;1;2;2;D1089;M;4562660;240894;190
201500013018;15;4;17;1930;2;1;1;8;7;263;SENS BORDEAUX - CLERMONT;M;4543420;204496;190
201500013019;15;8;26;1730;1;1;1;1;6;2;LES MONTES;M;4561470;241432;190
201500013020;15;10;24;1645;1;1;1;8;1;247;LA VIALATTE;M;4546870;236264;190
201500013021;15;12;18;1530;1;1;1;1;6;48;;M;0;0;630
201500013022;15;2;23;900;1;1;1;3;6;216;;M;4869673;419421;100