num_acc;an;mois;jour;hrmn;lum;agg;int;atm;col;com;adr;gps;lat;long;dep
201500013023;15;2;22;1215;1;1;1;1;6;92;;M;4817386;430744;100
201500013024;15;3;2;1430;1;1;1;4;5;130;;M;4860023;417973;100
201500013025;15;3;28;1730;1;1;1;2;6;438;;M;0;0;100
201500013026;15;5;27;1915;1;1;1;1;6;142;;M;4827500;379000;100
201500013027;15;7;7;1615;1;1;1;1;6;438;;M;4814465;461286;100
201500013028;15;7;11;1945;1;1;1;1;6;300;;M;4844726;436497;100
201500013029;15;7;13;1645;1;1;1;1;6;379;;M;4849826;416493;100
201500013030;15;8;14;330;3;1;1;1;6;156;;M;4827451;384801;100
201500013031;15;10;13;1000;1;1;1;1;6;438;;M;4813990;462160;100
201500013032;15;3;24;1330;1;1;2;1;3;1;PRESIDENTE (CH DE LA);M;4358758;543620;130
201500013033;15;3;28;1705;1;2;1;1;2;1;1, BROSSOLETTE PIERRE (A;M;4352320;544242;130
201500013034;15;3;29;330;5;2;1;1;6;1;0, MOLLE (RUE DE LA);;;;130
201500013035;15;3;30;1815;1;1;1;1;2;1;R.N 7;;;;130
201500013036;15;4;3;2045;2;2;1;1;7;1;2000, MILLES (RTE DES);M;4350782;541734;130
201500013037;15;4;7;2130;5;2;1;1;3;1;47, CHAUDON ROGER (AV);M;4350331;538698;130
201500013038;15;4;11;1035;1;2;1;1;6;1;ALLUMETTES (RUE DES);M;4352537;544053;130
201500013039;15;4;15;1545;1;2;1;1;3;1;1, PIGONNET (AV DU);M;4351921;544217;130
201500013040;15;4;23;2020;5;2;3;1;3;1;44, GAMBETTA (COURS);M;4352306;545595;130
201500013041;15;4;26;500;4;1;1;1;6;1;PREMIERE DIV FRANCAISE L;;;;130
201500013042;15;4;28;1655;1;1;1;1;4;1;., RN 296;;;;130
201500013043;15;5;6;1915;1;1;1;1;3;1;4039, SISTERON (RTE DE);M;4357159;546893;130
201500013044;15;5;5;1150;1;1;2;1;3;1;/, BELLEC MAURICE (RTE D;M;4357947;544905;130
201500013045;15;5;9;1830;1;2;2;1;6;1;1, PIGONNET (AV DU);M;4351926;544274;130
201500013046;15;5;7;1145;1;1;1;1;1;1;BERRE (ROUTE DE);;;;130
201500013047;15;5;11;745;1;1;1;1;6;1;1600, MILLES (RTE DES);M;4350816;542140;130
201500013048;15;5;18;1745;1;2;1;1;6;1;BELTAGUY PAUL (TRAVERSE);;;;130
201500013049;15;5;19;830;1;2;1;1;6;1;VAIR GUILLAUME DU (RUE);M;4350820;540840;130
201500013050;15;5;23;10;3;1;1;1;6;1;PUY SAINTE REPARADE (CH);;;;130
201500013051;15;5;22;1100;1;2;2;1;3;1;1755, ROSE (CH DE LA);M;4355899;544277;130
201500013052;15;5;28;430;5;2;1;1;7;1;373, COSTE JEAN PAUL (AV;M;4351381;545912;130
201500013053;15;5;3;515;3;1;1;1;3;1;ENFANT (RTE DE L');M;4349093;538747;130
201500013054;15;5;31;2015;2;2;1;1;2;1;GALICE (RTE DE);;;;130
201500013055;15;6;6;1840;1;1;1;1;7;1;1825, RD 7;;;;130
201500013056;15;6;21;30;5;1;1;1;2;1;RD9;;;;130
201500013057;15;6;24;1200;1;1;1;1;2;1;GALICE (RTE);;;;130
201500013058;15;6;30;700;1;1;3;1;3;1;ANTONELLE (CHEMIN D');M;4356617;540623;130
201500013059;15;6;21;1540;1;2;5;1;3;1;/, MALACRIDA HENRI (AV);M;4351774;546503;130
201500013060;15;7;4;1830;1;1;1;1;5;1;RD 7;;;;130
201500013061;15;7;4;220;4;2;1;1;6;1;RN 296;;;;130
201500013062;15;7;6;615;1;1;1;1;1;1;RD9;;;;130
201500013063;15;7;7;2140;2;2;2;1;3;1;70, DE LATTRE DE TASSIGN;M;4353706;543465;130
201500013064;15;7;7;845;1;1;1;1;3;1;DALMAS JEAN (RUE);;;;130
201500013065;15;7;8;1140;1;1;4;1;3;1;GARDANNE (ROUTE DE );M;4348948;540784;130
201500013066;15;7;11;1940;1;2;1;1;1;1;DEPORTES DE LA RESISTANC;M;4352503;546063;130
201500013067;15;7;14;2130;2;2;1;1;6;1;AV. ST JOHN PERSE;;;;130
201500013068;15;7;19;2040;1;2;1;1;1;1;MALACRIDA HENRI (AV);;;;130
201500013069;15;7;24;920;1;1;2;1;3;1;/, ST CANADET (ROUTE) D.;M;4359882;546409;130
201500013070;15;7;18;1915;1;2;2;1;3;1;GIONO JEAN;M;4351746;543518;130
201500013071;15;7;30;2135;5;2;3;1;3;1;BONAPARTE NAPOLEON(AV);M;4352715;544360;130
201500013072;15;7;31;1730;1;1;1;1;3;1;1, R.N 7;;;;130
201500013073;15;8;1;1430;1;1;1;1;3;1;ROQUEFAVOUR (RTE DE);;;;130
201500013074;15;8;3;2325;5;1;1;1;1;1;PREAUD GENERAL (AV DU);;;;130
201500013075;15;8;11;715;2;2;1;1;6;1;SOLARI PHILIPPE (AV);;;;130
201500013076;15;8;16;1725;1;1;1;1;3;1;LEDOUX CLAUDE NICOLAS (R;;;;130
201500013077;15;8;24;2010;2;2;1;8;6;1;2, BONAPARTE NAPOLEON(AV;M;4352689;544409;130
201500013078;15;8;26;720;1;1;1;1;1;1;5580, RD 7;M;4347487;543342;130
201500013079;15;9;1;1530;1;1;1;1;3;1;RD 7;;;;130
201500013080;15;5;29;1435;1;1;1;1;6;1;THIERS (RUE);;;;130
201500013081;15;9;3;2350;5;2;6;1;6;1;PICASSO PABLO (AV);M;4352863;541599;130
201500013082;15;6;28;1054;1;1;1;1;3;1;MAGNAN ANDRE (RUE);;;;130
201500013083;15;9;7;1930;1;1;1;1;1;1;1488, FERRINI FORTUNE (A;M;4349958;543423;130
201500013084;15;9;10;1450;1;2;1;1;2;1;PONT DE GALICE (RUE DU);M;4352875;543293;130
201500013085;15;9;10;1530;1;1;1;1;5;1;GALICE (RTE);;;;130
201500013086;15;9;9;1525;1;2;9;1;3;1;130, BASTIDE DE VERDACHE;;;;130
201500013087;15;9;15;1600;1;2;1;1;3;1;POILUS (BD DES);M;4352630;545604;130
201500013088;15;9;12;1825;1;2;1;1;6;1;VAIR GUILLAUME DU (RUE);;;;130
201500013089;15;9;12;1310;1;1;1;1;1;1;PASCALIS PIERRE (CH);;;;130
201500013090;15;9;19;210;3;2;1;1;7;1;00, LOQUI (ROUTE DE);M;4354560;539816;130
201500013091;15;9;19;1820;1;2;1;1;6;1;38, EUROPE (AV);M;4352473;543060;130
201500013092;15;9;24;545;5;2;2;1;1;1;BROSSOLETTE PIERRE (AV);M;4351933;544273;130
201500013093;15;9;24;928;1;2;1;1;3;1;GAUTIER DE LA LAUZIERE J;;;;130
201500013094;15;9;25;130;5;2;8;1;6;1;09, SEXTIUS (COURS);M;4352828;544370;130
201500013095;15;9;25;1400;1;2;1;1;6;1;0, FERRINI FORTUNE (AV)0;;;;130
201500013096;15;9;30;715;2;2;7;1;3;1;SAUZE LUCIEN (PL);M;4353039;541018;130
201500013097;15;10;2;545;5;2;6;1;6;1;(AV) PICASSO PABLO;M;4353016;541685;130
201500013098;15;10;8;1605;1;2;1;1;6;1;BROSSOLETTE PIERRE (AV);;;;130
201500013099;15;10;10;1105;1;2;1;1;6;1;0, FORBIN CLAUDE (ALLEE);M;4352377;545546;130
201500013100;15;10;10;1715;1;1;1;1;5;1;GARDANNE (ROUTE DE );;;;130
201500013101;15;10;14;1900;2;2;9;1;1;1;595, BAGATELLE (AVENUE D;M;4353654;540935;130
201500013102;15;10;15;1850;5;2;1;1;6;1;BASTIDE DE VERDACHES (RU;M;4350841;540385;130
201500013103;15;10;18;2115;5;2;1;2;3;1;PREMIERE DIV FRANCAISE L;;;;130
201500013104;15;10;21;1550;1;2;1;1;6;1;55, BROSSOLETTE PIERRE (;M;4351981;544277;130
201500013105;15;10;20;1230;1;1;3;1;3;1;SISTERON (RTE DE );M;4356415;546382;130
201500013106;15;10;29;1300;1;2;1;1;2;1;207, FERRINI FORTUNE (AV;M;4350907;544027;130
201500013107;15;11;4;2135;5;2;1;5;6;1;RD9;;;;130
201500013108;15;11;5;945;1;2;1;1;6;1;CARNOT (BD);M;4352733;545544;130
201500013109;15;11;5;1805;5;2;1;1;2;1;467, MAURIAT HENRI (AV);M;4351576;546633;130
201500013110;15;11;6;505;5;2;2;1;5;1;MOURET HENRI (AV);M;4351859;543319;130
201500013111;15;11;7;2010;5;1;1;1;1;1;RD9;M;0;0;130
201500013112;15;10;5;235;5;1;1;1;6;1;315, PREMIERE DIV FRANCA;M;4354993;543021;130
201500013113;15;11;23;1440;1;2;1;1;6;1;460 Rue Pierre Leydet;M;4350625;540159;130
201500013114;15;11;26;1930;5;2;6;1;2;1;GIONO JEAN (AV);M;4351421;543895;130
201500013115;15;11;29;750;1;2;1;1;6;1;13, MALACRIDA HENRI (AV);M;4351281;547195;130
201500013116;15;12;9;1643;1;1;1;1;1;1;RD 543;;;;130
201500013117;15;12;17;1140;1;2;1;1;6;1;380, LEDOUX CLAUDE NICOL;M;4348167;538632;130
201500013118;15;12;29;1630;1;2;2;1;3;1;MONNET JEAN (AV);M;4353205;542083;130
201500013119;15;1;13;1520;1;2;2;1;3;1;REPUBLIQUE (BD DE LA);M;4352731;544317;130
201500013120;15;1;16;300;5;2;1;1;6;1;37, BELTAGUY PAUL (TRAVE;M;4351869;545842;130
201500013121;15;1;10;1635;1;2;1;1;6;1;MALACRIDA HENRI (AV);;;;130
201500013122;15;1;20;925;1;2;2;1;3;1;8, ST EXUPERY (RUE);M;4351902;543283;130
201500013123;15;1;23;1400;1;1;1;1;1;1;RD 543 F;M;4351042;535013;130
201500013124;15;1;24;2130;3;2;1;1;1;1;770, CAMP DE MENTHE (AV;M;4351050;541499;130
201500013125;15;1;16;1915;5;1;1;3;6;1;RD9;;;;130
201500013126;15;1;28;935;1;1;1;1;3;1;7610,* R.N 7;;;;130
201500013127;15;1;28;1130;1;1;1;1;1;1;3070, PETIT MOULIN (RTE;M;4351653;531564;130
201500013128;15;2;11;725;2;1;1;1;3;1;BELLEC MAURICE (RTE DU C;M;4358086;545757;130
201500013129;15;2;9;1125;1;2;1;7;6;1;BERGER GASTON (AV);;;;130
201500013130;15;2;15;600;4;1;1;2;7;1;RD9;;;;130
201500013131;15;2;12;1945;3;1;1;1;5;1;RD9;;;;130
201500013132;15;2;19;2010;5;1;1;1;4;1;RN 296;;;;130
201500013133;15;2;20;130;5;2;1;1;6;1;29, BROSSOLETTE PIERRE (;M;4352036;544270;130
201500013134;15;2;27;725;1;1;3;3;3;1;1, LEDOUX CLAUDE NICOLAS;M;4347279;539939;130
201500013135;15;3;2;1730;1;1;1;1;2;1;., RD9;;;;130
201500013136;15;2;26;2140;4;2;3;1;3;1;0, JAURES JEAN (BD);M;4353194;544478;130
201500013137;15;3;6;1725;1;2;6;7;6;1;., GALICE (RTE DE);M;4353041;541017;130
201500013138;15;3;6;1530;1;1;1;1;2;1;/, GALICE (RTE DE);;;;130
201500013139;15;3;13;2100;5;2;3;1;3;1;0, GALICE (RTE DE);M;4352817;543135;130
201500013140;15;3;3;945;1;2;1;1;6;1;/, BLUM LEON (AV);;;;130
201500013141;15;1;13;1507;1;2;1;1;2;4;106, STALINGRAD AVENUE D;M;4369069;463761;130
201500013142;15;3;20;2110;5;2;1;1;3;4;20, RUE ANCIEN MOULIN A;M;4367819;463922;130
201500013143;15;1;22;1930;3;1;1;1;3;4;235, R.D.N83 ROUTE D'EYG;M;4366266;468173;130
201500013144;15;12;31;2008;5;2;1;2;6;4;RTE DE CRAU;;;;130
201500013145;15;3;21;2000;5;2;1;2;2;4;153, AV STALINGRAD;M;4369367;463960;130
201500013146;15;3;25;810;1;1;1;2;6;4;RUE ROUBINE DU ROY;;;;130
201500013147;15;2;14;1620;1;2;2;8;3;4;14, DOCTEUR JOSEPH IMBER;M;4366838;463032;130
201500013148;15;4;4;1550;1;2;1;1;2;4;10, AV DE LA PREM DIV FR;;;;130
201500013149;15;4;6;2105;5;2;6;1;3;4;RPT LIEUT. COLONEL ANDRE;M;4366748;463532;130
201500013150;15;5;1;2230;5;2;3;1;3;4;18-20 AV LAFAYETTE;M;4367077;463547;130
201500013151;15;3;1;1735;1;2;6;1;2;4;97 Av du Prйsident S;M;4366955;461996;130
201500013152;15;5;7;5;3;1;1;1;6;4;RTE N570 AVIGNON STES MA;;;;130
201500013153;15;3;12;910;1;2;1;1;7;4;7 BIS, LICES BOULEVARD D;M;4367521;462904;130
201500013154;15;5;19;2240;3;1;1;1;2;4;RTE N113 MARSEILLE A BOR;;;;130
201500013155;15;5;29;2105;2;2;1;1;3;4;AV STALINGRAD;;;;130
201500013156;15;6;15;1355;1;2;1;1;2;4;100, AV DE CAMARGUE;M;4367388;460771;130
201500013157;15;6;15;1820;1;1;1;1;7;4;RPT GUY MOCQUET RD 570;;;;130
201500013158;15;6;20;1903;1;2;3;1;6;4;8, RUE COPERNIC;M;4369822;463388;130
201500013159;15;6;10;1140;1;2;4;1;7;4;Rue de la Roubine du Roy;M;4367944;463480;130
201500013160;15;6;28;2050;1;2;2;1;3;4;45, RTE DE CRAU;M;4367153;464206;130
201500013161;15;7;4;423;5;2;1;1;6;4;RUE ANATOLE FRANCE;;;;130
201500013162;15;7;10;820;1;1;1;1;2;4;RTE DES SAINTES MARIES;;;;130
201500013163;15;7;8;555;1;1;9;1;6;4;3325, RTE DE LA CRAU RAP;M;4364858;469013;130
201500013164;15;8;10;1110;1;2;1;1;6;4;BD DES LICES;;;;130
201500013165;15;8;24;1340;1;2;3;1;7;4;RUE JEAN CHARCOT;M;4367053;462200;130
201500013166;15;8;31;910;1;2;1;1;3;4;RUE JEAN GIONO;M;4367925;463576;130
201500013167;15;9;8;1940;1;1;1;1;6;4;AV DOC ROBERT MOREL;;;;130
201500013168;15;9;23;1550;1;2;6;1;2;4;01, CHE SEVERIN;M;4367846;460701;130
201500013169;15;9;26;1730;1;2;9;1;6;4;AV MARECHAL JUIN;;;;130
201500013170;15;10;12;930;1;2;2;8;3;4;35 CH DE L'ESTIVAGE;M;4366140;464107;130
201500013171;15;10;16;2115;5;2;1;1;6;4;13, RTE DE CRAU;M;4367309;464035;130
201500013172;15;10;9;1700;1;1;1;1;6;4;RN 572 RTE DE ST GILLES*;M;0;0;130
201500013173;15;10;19;1930;3;1;1;1;6;4;RTE DE TARASCON;;;;130
201500013174;15;10;25;20;3;1;1;1;3;4;RTE D EYGUIERES;;;;130
201500013175;15;11;7;350;5;2;6;5;6;4;RPT DE LA RESISTANCE;;;;130
201500013176;15;11;15;1440;1;2;1;1;6;4;14BIS, RUE ETIENNE DOLET;M;4367202;464497;130
201500013177;15;12;10;48;5;2;9;1;6;4;QUAI DES PLATANES;;;;130
201500013178;15;3;16;1330;1;2;1;8;2;70;445, VOLTAIRE (BOULEVARD;M;4328273;553037;130
201500013179;15;3;18;1840;2;2;1;1;7;5;15, VERDUN (AVENUE DE);M;4328865;557356;130
201500013180;15;3;19;1845;2;2;3;1;4;5;REPUBLIQUE (RUE DE LA);M;4329118;556967;130
201500013181;15;3;21;1805;1;2;1;2;3;5;1, NATIONALE 8;M;0;0;130
201500013182;15;3;22;1740;1;2;1;1;6;70;2, QUEIRADE (CHEMIN DE L;M;4327905;552936;130
201500013183;15;3;24;1600;1;2;1;2;6;5;ALLEE 1/2, AUCHAN ( CENT;M;4329419;559364;130
201500013184;15;3;29;1720;1;1;1;1;6;5;2685, RN 96 (ROUTE NATIO;M;4332313;558944;130
201500013185;15;3;28;1015;1;2;1;1;3;70;200, VOLTAIRE (BOULEVARD;M;4328120;551947;130
201500013186;15;4;2;830;1;2;1;1;3;5;185, DIX NEUF MARS 1962;M;4328848;557095;130
201500013187;15;4;2;845;1;2;1;1;4;5;0, RN 8;M;0;0;130
201500013188;15;4;5;1040;1;2;9;1;3;70;1, GARE (BOULEVARD DE LA;M;4335714;536707;130
201500013189;15;4;9;1630;1;2;3;1;3;5;1, ARC (AVENUE JEANNE D';M;4329445;556706;130
201500013190;15;4;9;1740;1;2;1;1;2;70;72, ROUSSEAU (BOULEVARD;M;4327605;552512;130
201500013191;15;4;11;1145;1;2;1;1;3;5;0, CEINTURE DE CAMPS MAJ;M;4329530;558431;130
201500013192;15;4;17;1605;1;2;1;1;2;5;22**MERMOZ (RUE JEAN);M;4328608;557561;130
201500013193;15;4;18;900;1;2;9;7;6;5;1, DE ROUX (RUE COLONEL);M;4329498;556809;130
201500013194;15;4;20;845;1;2;1;1;2;5;EOURES (ROUTE D');M;4329762;556588;130
201500013195;15;4;26;1640;1;1;2;1;6;5;0, AVELANEDE (CHEMIN DE;M;4328632;558726;130
201500013196;15;4;26;1845;1;1;1;2;7;5;2550, RN 96 (ROUTE NATIO;M;4332496;559250;130
201500013197;15;4;30;930;1;2;3;1;3;70;Chemin de Saint-Lambert;M;4328575;551416;130
201500013198;15;4;30;1100;1;1;1;1;3;5;1760, CD 2 (CAMP MAJOR);M;4328817;554039;130
201500013199;15;3;20;1910;3;1;1;1;1;5;335, ANGLADE (CHEMIN DE;M;4330930;558726;130
201500013200;15;4;30;1630;1;2;1;1;7;5;3, MANOUCHIAN (AVENUE);M;4328630;554850;130
201500013201;15;5;5;1150;1;1;3;1;3;5;MISTRAL (AVENUE DU);M;4328871;559613;130
201500013202;15;5;5;1455;1;2;1;1;2;5;CANIERS (AVENUE*DES);M;4328439;559404;130
201500013203;15;5;6;1252;1;2;1;1;3;5;RD 559 A (ROUTE DE LA;M;4328301;558373;130
201500013204;15;5;11;1130;1;2;1;1;3;5;0, PAIX (AVENUE DE LA );M;4327895;555136;130
201500013205;15;5;12;1410;1;2;3;1;1;5;26, SALENGRO (AVENUE ROG;M;4329913;556923;130
201500013206;15;5;12;1705;1;2;1;1;6;5;20, JEU DE BALLON (RUE D;M;4329163;557112;130
201500013207;15;5;13;815;1;1;1;1;7;5;70, REPUBLIQUE (RUE DE L;M;4329115;556968;130
201500013208;15;5;13;1745;1;2;6;1;6;5;LIGNIERES (AVENUE DES);M;4329447;555815;130
201500013209;15;5;13;2020;1;2;1;1;2;5;., CD 2 (CAMP MAJOR);M;4328806;552269;130
201500013210;15;5;15;1050;1;1;3;1;2;5;AVELANEDE (CHEMIN DE L');M;4328769;558714;130
201500013211;15;5;17;1700;1;1;1;1;5;5;NAPOLLON (ROUTE DE);M;4332325;558961;130
201500013212;15;5;18;650;1;2;1;1;1;5;929, PALUDS (AVENUE DES);M;4329033;559588;130
201500013213;15;5;18;1743;1;1;3;1;3;5;2500 D96, 13400 Aubagne;M;4332477;559224;130
201500013214;15;5;19;1650;1;2;1;1;3;70;8, ROBION (CHEMIN NOEL);M;4328450;551644;130
201500013215;15;5;21;1050;1;2;1;1;1;5;1, REPUBLIQUE (RUE DE LA;M;4329628;537408;130
201500013216;15;5;22;1000;1;1;1;1;3;5;RASTEGUE (COURS BARTHELE;M;4329275;556775;130
201500013217;15;5;23;1410;1;2;1;1;6;5;SOULAT (SQUARE*MARCEL);M;4329574;556575;130
201500013218;15;5;24;1720;1;1;3;1;3;5;chemin des petits melets;M;4331253;560284;130
201500013219;15;5;28;1725;1;2;1;1;6;5;Chemin de l'Avelanиde;M;4329487;559085;130
201500013220;15;5;26;1430;1;1;3;1;3;5;RN 96 (ROUTE NATIONALE );M;4332581;559397;130
201500013221;15;5;29;1500;1;2;1;1;6;5;EOURES (ROUTE D');M;4329487;559085;130
201500013222;15;5;31;1530;1;2;1;1;6;70;JAS DES CANDOLLES;M;4328082;550969;130
201500013223;15;6;1;1015;1;2;3;1;3;70;GARE (BOULEVARD DE LA);M;4328376;551503;130
201500013224;15;6;1;1320;1;2;3;1;2;5;33, VERDUN (AVENUE DE);M;4328780;557891;130
201500013225;15;6;1;2140;2;2;3;1;3;5;25, VERDUN (AVENUE DE);M;4328789;557803;130
201500013226;15;6;2;932;1;2;6;1;3;5;SALENGRO (AVENUE ROGER);M;4329638;556871;130
201500013227;15;6;3;715;1;2;1;1;3;5;;M;4329830;559058;130
201500013228;15;6;3;1150;1;2;1;1;6;70;206, VOLTAIRE (BOULEVARD;M;4328121;551960;130
201500013229;15;6;5;1845;1;2;1;1;1;5;RN 8;M;4328430;554602;130
201500013230;15;6;8;845;1;2;1;1;2;70;COLOMBES (ALLEE DES);M;4328366;551354;130
201500013231;15;6;4;1900;1;2;3;1;3;5;3170 Route de la Lйgion;M;4328808;552334;130
201500013232;15;6;15;1346;1;2;1;1;6;5;19, PALUDS (Z.I. *** );M;4329462;559081;130
201500013233;15;6;16;810;1;2;1;1;2;5;0, BOYER (AVENUE ANTIDE);M;4329425;555869;130
201500013234;15;6;8;730;1;1;2;1;3;5;Ancien Chemin de Saint-J;M;4330868;560809;130
201500013235;15;6;17;1105;1;1;1;1;2;5;RN 8;M;0;0;130
201500013236;15;6;17;1600;1;2;1;1;6;70;VOLTAIRE (BOULEVARD);;;;130
201500013237;15;6;20;1750;1;2;1;1;6;5;TAMARIS (BOULEVARD DES);M;4327783;553263;130
201500013238;15;6;21;1830;1;2;1;1;2;5;6, RASTEGUE (COURS BARTH;M;4329279;556874;130
201500013239;15;6;23;1850;1;1;1;1;3;5;Route de la Ciotat;M;4326715;558784;130
201500013240;15;6;26;1745;1;1;1;1;2;5;2295, RN 96 (ROUTE NATIO;M;4332358;559018;130
201500013241;15;6;26;1655;1;1;1;1;3;5;CANIERS (AVENUE DES);M;4328928;559362;130
201500013242;15;6;28;2140;5;2;3;1;3;5;22, SALENGRO (AVENUE ROG;M;4329861;556914;130
201500013243;15;6;30;820;1;2;1;1;6;5;NATIONALE 8;M;4328718;558378;130
201500013244;15;6;30;1825;1;2;1;1;2;5;355,PROMENADE BLANCARD**;M;4329620;556137;130
201500013245;15;6;30;1930;1;2;9;1;6;5;0, AVELANEDE (CHEMIN DE;M;4328765;558718;130
201500013246;15;7;2;850;1;2;6;1;2;5;CAMP DE SARLIER ROUTE DE;M;4329815;559695;130
201500013247;15;7;3;1405;1;2;1;1;2;5;21, DELFIEU (AVENUE LOUL;M;4329254;556544;130
201500013248;15;7;3;1630;1;2;1;1;2;70;52, ROUSSEAU (BOULEVARD;M;4327688;552254;130
201500013249;15;7;11;820;1;2;1;1;1;70;139, VOLTAIRE (BOULEVARD;M;4328142;551617;130
201500013250;15;7;10;1620;1;2;1;1;6;5;965, RN 96 (ROUTE NATION;M;4331089;557704;130
201500013251;15;7;14;1555;1;1;1;1;3;5;0, PALUDS (Z.I. DES );M;4329294;558962;130
201500013252;15;7;17;1720;1;2;1;1;3;5;.5358F MANOUCHIAN;M;4328525;554875;130
201500013253;15;7;20;1730;1;1;1;1;4;70;2, ANTONETTI (AVENUE);M;4328708;551282;130
201500013254;15;7;23;1030;1;1;1;1;6;5;0, VALLEE (CHEMIN DE LA);;;;130
201500013255;15;7;23;1750;1;1;6;1;3;5;1, GEMENOS (ROUTE DE CD2;M;4329783;558874;130
201500013256;15;7;29;820;1;2;1;7;2;5;22, VERDUN (AVENUE DE);M;4328772;558132;130
201500013257;15;8;1;1850;1;2;1;1;6;70;ROUSSEAU (BOULEVARD JEAN;M;0;0;130
201500013258;15;8;2;450;5;2;1;1;7;5;410, RN 8;M;4328311;559697;130
201500013259;15;8;6;935;1;2;1;1;6;5;10-14SALENGRO (AV. ROGER;M;4329760;556898;130
201500013260;15;8;7;2200;5;2;1;1;3;5;385, MERMOZ (RUE JEAN);M;4328593;557617;130
201500013261;15;8;10;1645;1;2;1;1;2;5;CANIERS (AVENUE DES);M;4328603;559446;130
201500013262;15;8;10;1630;1;2;1;1;6;5;BAUMONE (AVENUE DE LA );M;4329484;559499;130
201500013263;15;8;11;1430;1;2;3;1;1;5;RD 8N;M;4328626;558736;130
201500013264;15;8;12;1150;1;2;1;1;2;5;644, NAPOLLON (ROUTE DE);M;4331107;557710;130
201500013265;15;1;2;2205;5;2;1;1;6;5;D, PEBRE D'AIL (RUE DU );M;4328292;555496;130
201500013266;15;8;12;1235;1;1;6;1;7;5;RD8N;M;4328359;559397;130
201500013267;15;8;17;1050;1;2;3;1;3;5;VERDUN (AVENUE DE);M;4328902;557291;130
201500013268;15;8;25;1015;1;2;6;1;4;5;SALENGRO (AVENUE ROGER);M;4330390;557232;130
201500013269;15;8;14;1100;1;2;2;1;3;70;1, GARE (BOULEVARD DE LA;M;4328193;551504;130
201500013270;15;8;24;1815;1;1;1;1;2;5;38 Avenue Roger Salengro;M;4330308;557165;130
201500013271;15;8;27;820;1;2;1;1;2;70;196, VOLTAIRE (BOULEVARD;M;4328120;551911;130
201500013272;15;8;30;1130;1;2;3;1;3;5;SALENGRO (AVENUE ROGER);M;4329773;556899;130
201500013273;15;8;30;1420;1;1;1;1;3;5;0, BONNES NOUVELLES (CH.;M;4329167;559027;130
201500013274;15;8;31;1030;1;2;2;1;3;5;VERDUN (AVENUE DE);M;4328778;558117;130
201500013275;15;9;8;2045;5;2;3;1;3;70;12, VOLTAIRE (BOULEVARD);M;4328264;552998;130
201500013276;15;9;9;1325;1;2;1;1;5;5;5, MANOUCHIAN (AVENUE);M;4328710;554840;130
201500013277;15;9;10;1540;1;2;6;1;6;5;4, REPUBLIQUE (RUE DE LA;M;4329261;556769;130
201500013278;15;9;11;1003;1;2;9;1;6;5;BARTHELEMY (RUE DU DR);M;4329566;556807;130
201500013279;15;9;11;1400;1;2;6;1;3;5;216 CANIERS (AVENUE DES);M;4328639;559452;130
201500013280;15;9;12;915;1;1;2;1;3;5;RN 396 (ROUTE NATIONALE);M;4330876;560799;130
201500013281;15;9;12;1530;1;2;6;1;3;5;0, AVELANEDE (CHEMIN DE;M;4329629;559021;130
201500013282;15;9;16;1710;1;2;9;1;6;5;RN 8;M;4328402;554316;130
201500013283;15;9;21;1030;1;2;1;1;6;5;0, GOUMS (AVENUE DES);M;4329281;556264;130
201500013284;15;9;21;1250;1;2;1;1;4;5;;M;4331970;558501;130
201500013285;15;9;22;1815;1;2;1;1;3;5;CD 2 (CAMP MAJOR);M;0;0;130
201500013286;15;1;3;1330;1;2;2;1;3;5;2520, CD 2 (CAMP MAJOR);;;;130
201500013287;15;9;14;1100;1;2;1;1;3;5;0, RN 96 (ROUTE NATIONAL;M;0;0;130
201500013288;15;9;23;1730;1;2;1;1;6;5;80, REPUBLIQUE (RUE DE L;M;4329025;557128;130
201500013289;15;9;24;1230;1;2;2;1;1;5;31 Route de la Ciotat;M;4328735;557929;130
201500013290;15;9;25;1605;1;1;2;1;3;5;RN 396 (ROUTE NATIONALE);M;4330867;560809;130
201500013291;15;9;25;1130;1;1;2;1;1;5;0, RN 396 (ROUTE NATIONA;M;4330868;560809;130
201500013292;15;9;26;1700;1;2;3;1;3;5;1945, GEMENOS (ROUTE DE;M;4328772;553763;130
201500013293;15;10;3;930;1;2;1;2;6;5;1460, CD 2 (CAMP MAJOR);M;4328816;554301;130
201500013294;15;10;4;400;5;2;3;8;6;5;FARIGOULES (BOULEVARD DE;M;4327919;553045;130
201500013295;15;1;3;1805;4;2;3;1;3;5;1, ROBION (TRAVERSE NOEL;M;4328455;552352;130
201500013296;15;10;5;2050;5;1;3;1;2;5;0, RN 396 (ROUTE NATIONA;M;4331514;560076;130
201500013297;15;10;5;2000;5;2;1;1;2;70;128, VOLTAIRE (BOULEVARD;M;4328165;551526;130
201500013298;15;10;8;715;2;2;1;1;4;5;0, CANIERS (AVENUE DES);M;0;0;130
201500013299;15;10;8;1015;1;2;1;1;3;5;155, LENCHE (RUE DE );M;4329043;559951;130
201500013300;15;10;10;1310;1;2;1;1;2;5;1, CHEMIN DE FER (TRAVER;M;4328735;554510;130
201500013301;15;10;10;1950;3;1;2;1;1;5;THUILIERE (CHEMIN DE LA;M;4329599;554761;130
201500013302;15;10;13;1355;1;2;3;1;1;5;308, GASTINE (AVENUE DES;M;4329108;556485;130
201500013303;15;10;14;1220;1;2;9;1;6;5;PASTRE (AVENUE);M;4329692;559238;130
201500013304;15;10;16;1520;1;2;1;1;6;5;PASTRE (AVENUE);M;4329194;559408;130