num_acc;an;mois;jour;hrmn;lum;agg;int;atm;col;com;adr;gps;lat;long;dep
201500013305;15;10;23;1210;1;2;1;1;2;5;LAGUNAS (AVENUE SIMON);M;4329395;556368;130
201500013306;15;10;25;930;1;2;3;1;5;5;0, VERDUN (AVENUE DE);M;4328784;558157;130
201500013307;15;10;26;1805;2;1;1;1;6;5;550, DOUARD (AVENUE DU);M;4328636;559517;130
201500013308;15;10;27;900;1;2;1;1;2;5;AUBES (CHEMIN DES*;M;4330697;558728;130
201500013309;15;10;30;1935;5;2;1;1;1;5;7, PERRUSSONNE (CHEMIN D;M;4328428;554596;130
201500013310;15;11;2;930;1;1;3;1;3;5;0, CONDAMINE (TRAVERSE D;M;4331992;558533;130
201500013311;15;11;5;800;1;2;6;1;3;5;0, CEINTURE DE CAMPS MAJ;M;4329643;558345;130
201500013312;15;1;4;505;5;1;3;1;3;5;RD 43 C;M;4330157;559153;130
201500013313;15;11;5;810;1;1;1;1;3;5;RN 96 (ROUTE NATIONALE );M;4330623;557374;130
201500013314;15;11;5;1245;1;1;1;1;6;5;***BAUMONE (AVENUE DE LA;M;4329702;559394;130
201500013315;15;11;9;845;1;2;1;1;6;5;BOYER (AVENUE ANTIDE);M;4329488;556214;130
201500013316;15;11;9;1305;1;1;3;1;3;5;NATIONALE 8 DE PARIS A T;M;4328663;558578;130
201500013317;15;11;9;1845;5;2;1;1;6;5;17, GOUMS (AVENUE DES);M;4329273;556392;130
201500013318;15;11;12;2000;5;2;1;1;6;5;19, VOLTAIRE (COURS);M;4329518;556817;130
201500013319;15;11;13;1100;1;2;1;1;2;5;CAMP DE SARLIER ROUTE;M;0;0;130
201500013320;15;11;13;1445;1;2;1;1;2;5;1895, GEMENOS (ROUTE DE;M;4329833;559589;130
201500013321;15;11;18;1515;1;2;1;1;6;5;895, RN 96 (ROUTE NATION;M;4331423;557886;130
201500013322;15;11;20;1730;5;2;1;1;3;70;287**VOLTAIRE (BOULEVARD;M;4328211;552629;130
201500013323;15;11;22;1130;1;2;1;1;6;70;26, GARE (BOULEVARD DE L;M;4328347;551505;130
201500013324;15;11;24;1530;1;2;1;1;3;5;VALLEE (CHEMIN DE LA);M;0;0;130
201500013325;15;11;28;2100;5;2;1;1;3;5;22 D8N, 13400 Aubagne, F;M;4328323;553319;130
201500013326;15;11;28;1545;1;2;1;1;3;5;660, COURONNE DES PINS (;M;4327467;555918;130
201500013327;15;11;30;1330;1;2;3;1;3;5;CD 2 (CAMP MAJOR);M;4329239;555584;130
201500013328;15;11;30;1500;1;2;1;1;2;5;0, CD 2 (CAMP MAJOR);;;;130
201500013329;15;12;7;745;1;1;1;1;1;5;301, LONGUELANCE (CHEMIN;M;4330974;557489;130
201500013330;15;12;8;1500;1;2;1;1;3;70;256, VOLTAIRE (BOULEVARD;M;4328126;552004;130
201500013331;15;12;9;700;5;2;1;1;3;70;196BIS, VOLTAIRE (BOULEV;M;4328122;551915;130
201500013332;15;12;9;1220;1;2;6;1;4;5;, NATIONALE 8 DE PARIS A;M;4328358;559421;130
201500013333;15;12;10;930;1;2;1;1;4;5;0, VERDUN (AVENUE DE);M;0;0;130
201500013334;15;12;11;1445;1;1;2;1;1;5;RN 396 (ROUTE NATIONALE);M;4330867;560815;130
201500013335;15;12;22;1610;1;2;1;1;3;5;RN 8;M;4328443;554700;130
201500013336;15;12;30;1000;1;2;1;1;6;5;1, CIOTAT (ROUTE DE LA R;M;4328566;558128;130
201500013337;15;1;6;1330;1;2;9;1;3;5;14, GOUMS (AVENUE DES);M;4329176;556140;130
201500013338;15;1;7;1205;1;2;1;1;2;5;200, MANOUCHIAN (AVENUE);M;4328692;554843;130
201500013339;15;1;8;1150;1;2;2;1;3;5;RD 43 C;M;4330157;559143;130
201500013340;15;1;8;1715;2;2;3;1;3;5;RN 8;M;4328438;554644;130
201500013341;15;1;8;1900;3;1;1;1;3;5;2495, CD 2 (CAMP MAJOR);M;4328715;553157;130
201500013342;15;1;19;1950;4;2;1;2;6;5;773, PALUDS (AVENUE DES);M;4328964;559760;130
201500013343;15;1;21;900;1;2;1;3;4;5;NAPOLLON (EMBRANCHEMENT);;;;130
201500013344;15;3;10;2000;5;2;1;1;2;5;1047, 21 AOUT 1944 (AVEN;M;4328581;555559;130
201500013345;15;1;29;1045;1;1;1;1;3;5;3315, CD 2 (CAMP MAJOR);M;4328792;552142;130
201500013346;15;1;29;1145;1;2;1;1;2;5;2, GANTEAUME (BOULEVARD;M;4328814;557387;130
201500013347;15;1;29;1625;1;2;1;2;3;5;8 rue nationale 96;M;4330342;557185;130
201500013348;15;1;29;2010;5;2;1;2;2;5;729, PALUDS (AVENUE DES);M;4328945;559801;130
201500013349;15;1;31;1330;1;2;3;1;3;5;33, VERDUN (AVENUE DE);M;4328779;557897;130
201500013350;15;2;5;800;1;1;6;1;7;5;RN 8;M;4328360;559400;130
201500013351;15;2;10;900;1;1;1;1;1;5;RD 43 C;;;;130
201500013352;15;2;11;1130;1;2;1;1;7;5;CHARREL (ZAC DU);;;;130
201500013353;15;2;22;645;1;1;3;1;3;5;10, RD 43 C;M;4330562;559222;130
201500013354;15;2;24;1120;1;2;1;1;2;5;GEMENOS (ROUTE DE CD2);M;4329330;555640;130
201500013355;15;2;27;1920;5;2;1;1;6;5;14, VERDUN (AVENUE DE);M;4328871;557339;130
201500013356;15;3;4;740;1;2;1;1;2;5;0, GEMENOS (ROUTE DE CD2;M;4329475;557441;130
201500013357;15;3;5;1045;1;2;1;1;7;5;0, RD 559 A (ROUTE DE LA;;;;130
201500013358;15;3;6;1850;4;2;1;1;2;5;AVELANEDE (CHEMIN DE L');M;4328640;558700;130
201500013359;15;3;7;1455;1;2;1;1;3;5;135, PAGNOL (AVENUE MARC;M;4329641;557004;130
201500013360;15;3;8;150;5;2;1;1;6;5;12, RASTEGUE (COURS BART;;;;130
201500013361;15;3;11;1725;1;2;1;1;3;5;1047, 21 AOUT 1944 (AVEN;M;4328581;555559;130
201500013362;15;3;13;840;1;2;1;1;6;70;5, ROUSSEAU (BOULEVARD J;M;4328121;551622;130
201500013363;15;1;6;1415;1;1;1;1;3;28;145, MISTRAL (AVENUE DU);M;4320776;560024;130
201500013364;15;3;16;730;1;2;6;1;3;28;726 Avenue Guillaume Dul;M;4319219;560916;130
201500013365;15;1;9;1228;1;2;1;1;2;28;CD 141 ( CH PUITS DE BRU;M;4318683;560050;130
201500013366;15;3;19;1315;1;2;3;1;3;28;FRANCE (BOULEVARD ANATOL;M;4317715;561069;130
201500013367;15;1;19;1220;1;2;1;3;3;28;Rond-point de la locomot;M;4319204;560479;130
201500013368;15;3;18;2130;5;2;6;1;3;28;Rond-point DE LATTRE DE;M;4318964;560356;130
201500013369;15;1;20;915;1;2;6;2;2;28;ns, Rond Point DULAC/ROV;M;4319259;560935;130
201500013370;15;3;31;900;1;2;3;1;3;28;WILSON (AVENUE PRESIDENT;M;4317990;561189;130
201500013371;15;1;26;900;1;2;1;1;2;28;130, GASSION (AVENUE FER;M;4318365;560602;130
201500013372;15;4;1;1200;1;2;1;1;7;28;DULAC (AVENUE GUILLAUME);M;4319617;561289;130
201500013373;15;1;28;1215;1;1;1;1;3;28;1526, BODIN (AVENUE EMIL;M;4319691;559754;130
201500013374;15;4;3;1300;1;2;1;1;1;28;2333, BODIN (AVENUE EMIL;M;4319950;558969;130
201500013375;15;1;28;1530;1;2;1;1;3;28;263,*SUBILIA (AVENUE ERN;M;4318412;560958;130
201500013376;15;4;3;2220;5;2;1;1;7;28;273, BEAU RIVAGE (BOULEV;;;;130
201500013377;15;1;28;1650;1;2;2;1;3;28;LAVAUX (BOULEVARD DE);M;4319872;562641;130
201500013378;15;4;6;1225;1;2;1;1;6;28;08, PAIX (AVENUE DE LA);M;4318110;560931;130
201500013379;15;1;31;1230;1;2;9;1;2;28;DELACOUR (AVENUE EMILE);;;;130
201500013380;15;4;7;1725;1;2;3;1;3;28;39-41, CROZET (AVENUE LO;M;4317817;560093;130
201500013381;15;2;2;735;2;2;1;1;3;28;Rond-point DE LATTRE DE;M;4318987;560359;130
201500013382;15;4;8;1020;1;2;1;1;3;28;337, CANNEDOU (CHEMIN RA;;;;130
201500013383;15;2;4;1340;1;2;1;8;2;28;CD.559;M;4318845;565244;130
201500013384;15;4;8;1300;1;1;3;1;3;28;BODIN (AVENUE EMILE);M;4319438;559987;130
201500013385;15;2;10;2015;5;2;6;1;3;28;BODIN (AVENUE EMILE);M;4319222;560903;130
201500013386;15;4;10;1445;1;2;6;1;2;28;Rond Point DULAC/ROVARCH;M;4319219;560913;130
201500013387;15;2;11;1155;1;2;1;1;6;28;8-10, LAMARTINE (BOULEVA;M;4317877;560863;130
201500013388;15;4;10;1800;1;2;1;1;3;28;23, SUBILIA (AVENUE!ERNE;M;4318356;561036;130
201500013389;15;2;15;1825;5;2;6;3;3;28;PUITS DE BRUNET (CHEMIN;M;4318432;559951;130
201500013390;15;4;11;1630;1;1;1;1;7;28;PLAINES BARONNES*(CHEMIN;M;4318734;565824;130
201500013391;15;2;23;1500;1;2;3;1;3;28;806, RIPERT (AVENUE EMIL;M;4318946;561674;130
201500013392;15;4;13;1335;1;2;1;1;3;28;4, WILSON (AVENUE PRESID;M;4318189;561415;130
201500013393;15;2;24;845;1;2;6;1;2;28;LAVAUX (BOULEVARD DE);M;4318956;562848;130
201500013394;15;4;14;850;1;1;6;1;3;28;PEUPLIERS (CHEMIN DES);M;4320944;562839;130
201500013395;15;3;3;105;5;2;1;1;7;28;ROUMANILLE (AVENUE JOSEP;M;4320355;562590;130
201500013396;15;4;15;1040;1;2;3;1;6;28;29, REPUBLIQUE (BOULEVAR;M;4317703;560693;130
201500013397;15;4;15;1315;1;2;3;1;3;28;135, RIPERT (AVENUE EMIL;M;4318420;561339;130
201500013398;15;4;21;1545;1;2;1;1;2;28;PUITS DE BRUNET (CHEMIN;M;4318571;559985;130
201500013399;15;4;21;1900;1;1;3;1;3;28;CD 559 (CHEMIN DEPARTEME;M;4318532;566171;130
201500013400;15;4;23;1205;1;2;1;1;2;28;303, ROOSEVELT (AVENUE F;M;4318478;561827;130
201500013401;15;4;24;1950;2;2;2;1;3;28;LAVAUX (BOULEVARD DE);M;4319875;562645;130
201500013402;15;4;26;1115;1;2;1;1;1;28;632, GASSION (AVENUE FER;M;4318475;560706;130
201500013403;15;4;30;1540;1;1;3;1;1;28;CD 559 (CHEMIN DEPARTEME;M;4319826;559244;130
201500013404;15;5;3;1600;1;2;1;1;2;28;166, LAMARTINE (BOULEVAR;M;4318130;560716;130
201500013405;15;5;6;2015;2;2;1;1;1;28;103, PUITS DE BRUNET (CH;M;4318646;560032;130
201500013406;15;5;7;900;1;2;3;1;7;28;LUMIERE (ALLEE );M;4318575;562051;130
201500013407;15;5;14;955;1;2;1;1;2;28;CD 141 ( CH PUITS DE BRU;M;4318679;560050;130
201500013408;15;5;17;1900;1;2;1;1;7;28;119, ROOSEVELT (AVENUE F;M;4318478;561827;130
201500013409;15;5;19;1145;1;2;1;1;2;28;GASSION (AVENUE FERNAND;M;4317678;560582;130
201500013410;15;5;22;1920;1;2;1;1;7;28;21, BOURGOGNE (AVENUE DE;M;4319116;561796;130
201500013411;15;5;23;1200;1;2;2;1;5;28;CAMUSSO (AVENUE MARCEL );M;4317876;559749;130
201500013412;15;5;24;1015;1;2;3;1;3;28;CYTHARISTA (AVENUE);M;4319146;563936;130
201500013413;15;5;24;1430;1;2;3;1;3;28;BLUM (AVENUE LEON);M;4318171;560952;130
201500013414;15;5;24;1800;1;1;1;1;2;28;358, SUBILIA (AVENUE ERN;M;4318472;560894;130
201500013415;15;5;30;1120;1;2;1;1;6;28;AUBANEL (AVENUE THE;M;4318901;562730;130
201500013416;15;6;2;1645;1;2;1;1;6;28;61, ABEILLE (AVENUE DE L;M;4319626;561658;130
201500013417;15;6;4;1525;1;2;3;1;3;28;PETIT ROUMAGOUA (CHEMIN;M;4319947;560621;130
201500013418;15;6;4;1615;1;1;1;1;1;28;CARRIERES (CHEMIN D;M;4318740;559306;130
201500013419;15;6;6;500;5;2;3;1;4;28;DULAC (AVENUE GUILLAUME);M;4318924;560889;130
201500013420;15;6;8;1130;1;2;1;1;6;28;108400182, DULAC (AVENUE;M;4319519;561204;130
201500013421;15;6;14;1800;1;2;6;1;3;28;ALSACE**AVENUE D');;;;130
201500013422;15;6;15;1035;1;2;1;1;6;28;DULAC (AVENUE GUILLAUME);M;4319548;561218;130
201500013423;15;6;17;2210;5;2;2;1;3;28;NS, BILLOUX (AVENUE FRAN;M;4317876;559749;130
201500013424;15;6;18;1350;1;2;1;1;2;28;PETIT ROUMAGOUA (CHEMIN;M;4320634;560432;130
201500013425;15;6;19;1850;1;2;1;1;2;28;27, PUITS DE BRUNET (CHE;M;4318725;559850;130
201500013426;15;6;20;1050;1;2;1;1;2;28;25-27 CROZET;M;4317728;560210;130
201500013427;15;6;25;1300;1;1;1;1;1;28;1992-2182 Av.Emile Bodin;M;4320231;558889;130
201500013428;15;6;27;1330;1;1;3;1;3;28;RD 559 ***;M;4318666;565748;130
201500013429;15;6;27;845;1;2;1;1;7;28;12, BELLON (AVENUE ANDRE;M;4318892;562880;130
201500013430;15;6;28;1800;1;2;3;1;3;28;GASSION (AVENUE FERNAND;M;4318412;560648;130
201500013431;15;6;30;1805;1;2;1;1;3;28;ROVARCH (AVENUE PIERRE);M;4319288;560287;130
201500013432;15;7;2;915;1;2;1;1;3;28;447, FONTSAINTE (AVENUE;M;4319062;563854;130
201500013433;15;7;5;1440;1;2;1;1;3;28;292, FONTSAINTE (AVENUE;M;4319042;563786;130
201500013434;15;7;8;1200;1;1;1;1;7;28;1753, ROUMANILLE (AVENUE;M;4320172;562335;130
201500013435;15;7;9;910;1;2;1;1;3;28;453, FONTSAINTE (AVENUE;M;4319074;563973;130
201500013436;15;7;9;1215;1;2;1;1;2;28;PUITS DE BRUNET (CHEMIN;M;4318916;560255;130
201500013437;15;7;11;1730;1;2;6;1;4;28;61, ROVARCH (AVENUE PIER;M;4319162;561790;130
201500013438;15;7;15;1320;1;2;6;1;5;28;Rd Point DULAC/ROVARCH;M;4319217;560915;130
201500013439;15;7;19;1710;1;2;3;1;3;28;866, GARE (AVENUE DE LA);M;4319821;563279;130
201500013440;15;7;21;1800;1;2;1;1;5;28;983, DULAC (AVENUE GUILL;M;4319416;561088;130
201500013441;15;7;22;1430;1;2;1;1;2;28;355 FONTSAINTE (AVENUE;M;4319062;563854;130
201500013442;15;7;26;2118;2;2;2;1;3;28;CROZET (AVENUE*LOUIS );M;4317895;560010;130
201500013443;15;7;27;1255;1;2;2;1;3;28;NS, LORRAINE (AVENUE DE);M;4318746;562013;130
201500013444;15;7;27;2140;5;2;1;1;7;28;Chemin du Puits de Brune;M;4318795;560234;130
201500013445;15;7;30;2005;1;2;1;1;6;28;4-5, BEAU RIVAGE (BOULEV;M;4318707;562328;130
201500013446;15;8;4;1800;1;2;2;1;1;28;GRAILLE (AVENUE JEAN);M;4317876;559750;130
201500013447;15;8;5;1400;1;2;1;1;2;28;MIREILLE (AVENUE);;;;130
201500013448;15;8;6;1436;1;2;6;1;3;28;Rd Point DULAC/ROVARCH;M;4319244;560897;130
201500013449;15;8;6;1850;1;2;1;1;2;28;MIREILLE (AVENUE);M;4318934;563026;130
201500013450;15;8;7;1044;1;2;6;1;2;28;Rond-point de la locomot;M;4319198;560426;130
201500013451;15;8;7;2005;1;2;1;1;4;28;GRAILLE (AVENUE JEAN);;;;130
201500013452;15;8;14;230;5;2;1;2;4;28;CD 141 ( CH PUITS DE BRU;M;4318612;560008;130
201500013453;15;8;15;1515;1;2;1;1;2;28;13, KENNEDY (AVENUE PRE;M;4317927;560343;130
201500013454;15;8;31;1540;1;1;3;1;3;28;RD 559;M;4318083;567181;130
201500013455;15;9;6;1635;1;2;3;1;1;28;RIPERT (AVENUE EMILE);M;4318420;561339;130
201500013456;15;9;7;1530;1;2;1;1;4;28;1171, DULAC (AVENUE GUIL;M;4319563;561228;130
201500013457;15;9;8;815;1;2;6;1;2;28;1659 DULAC (AVENUE GUIL;M;4319892;561655;130
201500013458;15;9;16;2145;5;2;3;1;1;28;Rue de l'Hфpital;M;4317709;560785;130
201500013459;15;9;17;830;1;2;1;1;6;28;FARDELOUP (CHEMIN DE)*;M;4318454;559070;130
201500013460;15;9;18;1920;1;2;1;1;2;28;N***FONTSAINTE (AVENUE D;M;4319070;564027;130
201500013461;15;9;21;750;1;2;1;1;1;28;922, GASSION (AVENUE*FER;M;4318475;560706;130
201500013462;15;9;22;1630;1;2;1;1;7;28;60, SECADOU (TRAVERSE DU;M;4318649;561234;130
201500013463;15;9;23;1635;1;2;1;1;6;28;MAQUISARDS (PLACE DES );M;4317751;560928;130
201500013464;15;9;24;730;1;2;3;1;1;28;40, GASSION (AVENUE FER;M;4318239;560535;130
201500013465;15;9;30;1740;1;2;1;1;2;28;30, PUITS DE BRUNET (CHE;M;4318683;560054;130
201500013466;15;10;1;1225;1;2;1;8;3;28;559, GASSION (AVENUE FER;M;4318519;560735;130
201500013467;15;10;2;940;1;2;1;2;6;28;170 Avenue du Caporal Ch;M;4319039;560405;130
201500013468;15;10;4;2120;5;2;1;1;3;28;GASSION (AVENUE FERNAND*;M;4318475;560706;130
201500013469;15;10;7;1545;1;2;1;1;1;28;343, WILSON (AVENUE PRES;M;4318116;561312;130
201500013470;15;10;11;1230;1;2;3;1;1;28;CD 559 (CHEMIN DEPARTEME;M;4318990;564334;130
201500013471;15;10;12;1600;1;2;1;3;1;28;222,*CHARRE (CHEMIN);M;4319750;563663;130
201500013472;15;10;15;1205;1;2;1;1;1;28;260, MEDITERRANNEE (AVEN;M;4319073;561210;130
201500013473;15;10;17;1615;1;1;3;1;5;28;NS, CD 559 (CHEMIN DEPAR;M;4318987;564332;130
201500013474;15;10;23;1745;1;2;1;1;5;28;FONTSAINTE (AVENUE DE);M;4319071;563929;130
201500013475;15;10;24;1045;1;2;1;1;6;28;PEPINIERE (CHEMIN DE LA);M;4318972;560225;130
201500013476;15;10;30;45;5;2;2;1;3;28;14, CAMUGLI *AVENUE ANTO;M;4318303;561266;130
201500013477;15;10;31;1500;1;2;3;1;3;28;211, SUBILIA (AVENUE ERN;M;4318366;561017;130
201500013478;15;11;2;1105;1;2;1;1;3;28;FERRY (AVENUE JULES );M;4318362;560123;130
201500013479;15;11;3;1925;2;2;1;8;4;28;NS, PUITS DE BRUNET (CHE;M;4318916;560255;130
201500013480;15;11;7;1700;2;2;1;1;1;28;DULAC (AVENUE GUILLAUME);M;4319960;561845;130
201500013481;15;11;8;1630;1;1;1;1;1;28;CRETES (ROUTES DES);M;4318408;556602;130
201500013482;15;11;8;1915;1;2;3;1;1;28;KENNEDY (AVENUE PRESIDEN;M;4317896;560009;130
201500013483;15;11;9;1530;1;2;1;1;1;28;13, BEAU RIVAGE (BOULEVA;M;4318729;562598;130
201500013484;15;11;10;1010;1;2;1;1;2;28;19, FRANCE (BOULEVARD AN;M;4318221;561253;130
201500013485;15;11;14;1645;1;1;1;1;3;28;CD 559 (CHEMIN DEPARTEME;M;4318942;565076;130
201500013486;15;11;16;900;1;2;1;1;1;28;815, LAVAUX (BOULEVARD D;M;4319724;562745;130
201500013487;15;11;16;1030;1;2;1;1;3;28;502, DULAC (AVENUE GUILL;M;4319003;560907;130
201500013488;15;11;18;1845;5;2;1;1;1;28;119, ROOSEVELT (AVENUE F;M;4318478;561827;130
201500013489;15;11;19;1630;1;2;1;1;1;28;273-345, BODIN (AVENUE E;M;4318795;560534;130
201500013490;15;11;21;1200;1;2;1;1;1;28;WILSON (AVENUE PRESIDENT;M;4317883;561113;130
201500013491;15;11;24;1310;1;2;3;1;1;28;414, GASSION (AVENUE FER;M;4318036;560519;130
201500013492;15;11;27;1820;3;1;1;1;3;28;1753, ROUMANILLE (AVENUE;M;4320171;562336;130
201500013493;15;11;28;1555;1;2;6;1;3;28;DULAC (AVENUE GUILLAUME);M;4319898;561681;130
201500013494;15;12;2;1545;1;2;1;1;3;28;226, KENNEDY (AVENUE PRE;M;4317927;560189;130
201500013495;15;12;3;1500;1;2;1;1;6;28;297, Chemin Notre Dame d;M;4316993;559462;130
201500013496;15;12;7;1750;5;2;6;1;3;28;Rond Point DULAC/ROVARCH;M;4319244;560948;130
201500013497;15;12;8;800;2;1;1;1;1;28;2749, BODIN (AVENUE EMIL;M;4320660;558470;130
201500013498;15;12;8;1245;1;2;1;1;1;28;973, GASSION **;M;4318475;560706;130
201500013499;15;12;9;1750;5;2;1;1;5;28;CD40B;M;4319271;560329;130
201500013500;15;12;12;1120;1;2;3;1;2;28;PUITS DE BRUNET (CHEMIN;M;4318575;559973;130
201500013501;15;12;15;830;1;2;1;1;5;28;1015, ROUMANILLE (AVENUE;M;4320012;562244;130
201500013502;15;12;15;845;1;2;6;1;1;28;DULAC (AVENUE GUILLAUME;M;4319899;561666;130
201500013503;15;12;16;1220;1;2;1;1;5;28;1660, POISSONNIERS**CHEM;M;4320439;561642;130
201500013504;15;12;16;1245;1;2;1;1;2;28;55, ROUMANILLE (AVENUE J;M;4319256;561783;130
201500013505;15;12;17;835;1;2;2;1;6;28;21, CAMUSSO (AVENUE MARC;M;4317875;559749;130
201500013506;15;12;17;905;1;2;1;1;3;28;559, GASSION**AVENUE FER;M;4318517;560733;130
201500013507;15;12;18;1345;1;1;1;1;3;28;1050, TRAMONTANE (AVENUE;M;4320321;560560;130
201500013508;15;12;23;1220;1;2;1;8;2;28;38, REPUBLIQUE (BOULEVA;M;4317682;560666;130
201500013509;15;3;15;1945;3;1;1;3;5;47;100, RN 1569;;;;130
201500013510;15;12;2;120;3;1;1;1;2;98;D.5;;;;130
201500013511;15;4;28;1615;1;1;1;1;5;47;RN 1569;;;;130
201500013512;15;1;24;15;3;1;1;1;7;63;D 10;;;;130
201500013513;15;1;9;1550;1;2;1;1;6;54;ROSTAND  RUE EDMOND;;;;130
201500013514;15;4;11;2240;3;2;2;1;3;54;JUIN  AVE MARECHAL;M;4342087;522819;130
201500013515;15;1;19;1809;2;2;1;2;6;54;DE GAULLE  AVE GAL DE;;;;130
201500013516;15;4;11;2320;5;2;2;1;3;54;GARROS  RUE ROLAND;M;4341617;521916;130
201500013517;15;1;23;1430;1;2;1;1;1;102;59, MOULIN  BLD JEAN;M;4341026;525288;130
201500013518;15;4;21;625;2;2;3;1;3;54;21, COMBATTANT A.F.N.;;;;130
201500013519;15;1;25;250;5;1;1;1;3;43;ROVE  AVENUE DU;M;4338427;521904;130
201500013520;15;4;17;2000;1;2;1;1;2;54;JUIN  AVE MARECHAL;;;;130
201500013521;15;1;30;1125;1;2;1;1;1;43;POUSARAQUE  AVENUE DE LA;;;;130
201500013522;15;4;28;1005;1;2;3;1;3;54;PLAGE  ROUTE DE LA;M;4342693;521013;130
201500013523;15;2;2;1845;3;2;1;8;1;54;BEUGONS  CHEMIN DES;;;;130
201500013524;15;5;2;2350;5;2;2;1;3;54;35, LIBERATION  AVE DE L;M;4341946;521791;130
201500013525;15;2;14;50;5;2;6;2;3;102;RICHAUDS  AVENUE DES;M;4341923;525135;130
201500013526;15;5;17;840;1;2;1;1;6;54;0, ESTEOU  CHEMIN DE L';;;;130
201500013527;15;2;19;1755;2;2;1;1;3;43;POUSARAQUE  AVENUE DE LA;;;;130
201500013528;15;6;3;725;1;1;3;1;3;54;MIRABEAU  CRS;M;4341562;521670;130
201500013529;15;2;22;2200;3;2;1;1;6;102;164, BD DES REGANATS;;;;130
201500013530;15;6;11;2055;2;2;2;1;3;54;SALAN  AVE GENERAL;M;4340369;521704;130
201500013531;15;3;10;1550;1;2;1;1;6;54;59, COMBATTANT A.F.N.;M;4340204;525604;130
201500013532;15;6;23;1925;1;2;3;1;1;102;FERRISSE  BLD ROBERT;M;4341891;524415;130
201500013533;15;6;26;1300;1;2;1;1;6;54;DE GAULLE  AVE GAL DE;;;;130
201500013534;15;6;26;2015;1;2;1;1;2;54;LIBERATION  AVE DE LA;;;;130
201500013535;15;6;26;2245;4;1;1;1;2;43;FERNANDEL  AVENUE;;;;130
201500013536;15;7;2;2030;1;2;3;1;3;43;9, GRANETTES  RUE DES;M;4339483;523961;130
201500013537;15;7;17;1430;1;2;1;1;1;102;1078, ABBADIE  BLD;M;4341317;524908;130
201500013538;15;7;26;930;1;1;1;1;2;43;ROVE  AVENUE DU;;;;130
201500013539;15;7;31;1150;1;2;3;1;3;102;DUNANT  AVENUE HENRI;M;4340502;525878;130
201500013540;15;8;6;1605;1;1;1;1;1;102;JUIN  AVENUE MARECHAL;;;;130
201500013541;15;9;9;1710;1;2;1;1;1;54;51, PYTHAGORE  RUE;M;4340945;520395;130
201500013542;15;9;15;840;1;2;1;1;4;102;37, MOULIN  BLD JEAN;M;4341147;525141;130
201500013543;15;9;17;1700;1;2;1;1;6;54;GARROS  RUE ROLAND;;;;130
201500013544;15;9;17;1055;1;2;1;2;6;54;CORRAO  AVENUE ROLAND;;;;130
201500013545;15;9;22;940;1;1;1;1;2;43;1184, MITTERAND  AV. FRA;M;4339762;525457;130
201500013546;15;10;1;1405;1;2;3;1;5;102;SYBILLES  RUE DES;M;4341591;527207;130
201500013547;15;10;2;1515;1;2;1;1;6;54;19, DE GAULLE  AVE GAL D;;;;130
201500013548;15;10;6;455;3;1;1;1;6;43;1221, FRANCOIS MITTERAND;M;4339789;525518;130
201500013549;15;10;9;1145;1;2;1;1;6;54;39, COMBATTANT A.F.N.;M;4340693;522183;130
201500013550;15;10;13;1655;1;2;1;1;3;102;RAUMARTIN  AVENUE DU;;;;130
201500013551;15;10;13;1950;3;1;6;1;3;54;CD9;;;;130
201500013552;15;10;19;1250;1;1;1;1;2;54;HUIT MAI 1945  AVE DU;;;;130
201500013553;15;10;24;1745;1;2;1;1;3;54;POULIDOR  RUE RAYMOND;M;4342309;520796;130
201500013554;15;10;29;1600;1;2;2;1;3;54;FIGUERAS  RUE DE;M;4342111;520777;130
201500013555;15;11;5;1825;3;1;1;1;4;43;FERNANDEL  AVENUE;;;;130
201500013556;15;11;13;2150;5;2;3;1;3;43;POUSARAQUE  AV DE LA;M;4338792;522980;130
201500013557;15;11;24;1756;2;2;1;1;4;43;;;;;130
201500013558;15;11;26;1214;1;1;1;1;1;102;ROMETTES (PARC D'ACTIVIT;;;;130
201500013559;15;12;1;1540;1;2;1;1;4;54;HUIT MAI 1945  AVE DU;;;;130
201500013560;15;12;6;1630;1;2;6;2;3;102;HUIT MAI 45  AVENUE DU;M;4341862;522951;130
201500013561;15;12;7;1945;4;2;3;1;6;54;COMBATTANT A.F.N.;;;;130
201500013562;15;12;10;1735;3;1;1;1;3;54;MARTIGUES  RTE DE;;;;130
201500013563;15;12;13;1005;1;2;1;1;1;54;DUBOS  RUE RENE;;;;130
201500013564;15;12;31;2340;5;2;1;1;6;55;178, FRANCOISE DUPARC (B;M;4330933;540298;130
201500013565;15;3;12;930;1;2;2;1;3;55;ITALIE (RUE D');;;;130
201500013566;15;1;2;1920;5;2;6;1;6;55;00, RPT DE MAZARGUES;M;4325060;540345;130
201500013567;15;3;17;1415;1;2;1;1;3;55;2 boulevard les peuplier;M;4333727;539170;130
201500013568;15;3;17;1445;1;2;1;1;5;55;229, CHATEAU GOMBERT (AV;M;4334612;542572;130
201500013569;15;3;17;1520;1;2;2;1;7;55;37, SAINT LOUIS (AVENUE;M;4334406;535945;130
201500013570;15;3;13;1035;1;2;2;1;3;55;ALBERT COHEN (RUE);M;4336134;533725;130