num_acc;an;mois;jour;hrmn;lum;agg;int;atm;col;com;adr;gps;lat;long;dep
201500013571;15;3;17;1200;1;2;1;1;6;55;70, JOSEPH AIGUIER (CHEM;M;4325086;541339;130
201500013572;15;4;13;755;1;2;1;1;6;55;DUNKERQUE  (BOULEVARD DE;M;4330838;536822;130
201500013573;15;3;17;1610;1;2;1;1;3;55;18, GASTON CREMIEUX (RUE;M;4327932;537962;130
201500013574;15;12;27;1530;1;2;1;1;3;55;SAINT PIERRE (RUE);;;;130
201500013575;15;3;18;1430;1;2;1;1;4;75;23, JEAN GIONO (AVE);M;4334592;545486;130
201500013576;15;12;3;1345;1;2;1;1;7;55;22, LONGCHAMP (BOULEVARD;M;4330110;538779;130
201500013577;15;3;18;1730;1;2;1;1;1;55;63, ROBERT SCHUMANN (AVE;M;4330427;536693;130
201500013578;15;3;18;1940;1;2;1;1;3;55;221, CHATEAU GOMBERT (AN;M;4334579;542482;130
201500013579;15;4;30;725;1;2;1;1;2;55;601, SAINT PIERRE (RUE);M;4329063;542342;130
201500013580;15;3;14;1042;1;2;2;1;3;55;ROUET (RUE DU);M;4327545;539593;130
201500013581;15;3;18;1545;1;2;3;1;3;55;36, LOUIS SALVATOR (BOUL;M;4329116;538303;130
201500013582;15;12;31;1130;1;2;1;1;6;55;41, TURCAT MERY ALLђE (A;M;4328088;538884;130
201500013583;15;3;17;1355;1;2;2;1;3;55;42, BRUYS (RUE DE);M;4329461;538897;130
201500013584;15;3;19;550;2;2;1;1;2;55;PEINTRES*ROUX (AVENUE DE;;;;130
201500013585;15;3;19;723;1;2;3;1;2;55;300, SAINTE MARGUERITE (;M;4326175;541441;130
201500013586;15;3;19;1045;1;2;1;1;3;55;38, LESSEPS (RUE DE);M;4332025;537169;130
201500013587;15;3;16;850;1;2;1;1;3;55;75, RABATAU (BOULEVARD);M;4327553;539603;130
201500013588;15;3;16;650;1;2;1;1;3;55;31, VOLTAIRE    IMPAIRS;M;4330279;538462;130
201500013589;15;3;19;1615;1;2;1;1;6;2;495, VALLON VERT (AVENUE;M;4333638;545976;130
201500013590;15;3;19;1745;1;2;9;1;6;55;74, LODI (RUE DE);M;4328925;538734;130
201500013591;15;3;20;815;1;2;1;2;6;55;06, LANTHIER (RUE);M;4330791;537208;130
201500013592;15;3;20;1350;1;2;2;1;3;55;34, FRANCOISE DUPARC (BO;M;4330193;540054;130
201500013593;15;3;20;1725;1;2;1;1;3;55;8, BLANCARDE (BOULEVARD);M;4330267;539736;130
201500013594;15;3;20;2250;5;2;2;1;3;75;01, FR?D?RIC CHEVILLON (;M;4334747;546376;130
201500013595;15;3;21;120;5;2;1;1;6;55;03, CAILLOLS (AVENUE DES;M;4328620;547694;130
201500013596;15;3;19;1800;2;2;1;1;3;55;82, MICHELET (BOULEVARD);M;4326700;539441;130
201500013597;15;3;16;1215;1;2;1;1;2;55;230, MORGIOU (CHEMIN DE);M;4323431;541165;130
201500013598;15;3;20;1355;1;2;1;1;3;55;259, CAPELETTE (AVENUE D;M;4327923;541175;130
201500013599;15;3;21;552;5;2;2;1;3;55;70, CANEBIERE     1 A 79;M;4329762;538109;130
201500013600;15;3;21;2140;5;2;9;2;1;55;69, LIBERATION (BOULEVAR;M;4330027;538888;130
201500013601;15;3;22;315;5;2;1;2;3;55;145, L?ON LACHAMP (ROUTE;M;4324892;544214;130
201500013602;15;3;20;1340;1;2;6;1;1;55;62, HAIFA (AVENUE);M;4325023;538880;130
201500013603;15;3;17;1145;1;1;1;8;6;2;00, ETIENNE CUCCA-CD908;;;;130
201500013604;15;6;3;920;1;1;1;8;6;2;00, ETIENNE CUCCA-CD908;;;;130
201500013605;15;3;17;1220;1;2;1;1;6;55;37, CAILLOLS (AVENUE DES;M;4330380;542634;130
201500013606;15;3;16;1800;1;2;1;2;6;55;232, ROMAIN ROLLAND (BOU;M;4327397;541428;130
201500013607;15;12;15;1915;5;2;3;1;1;55;62, LIEUTAUD (COURS);M;4329250;538262;130
201500013608;15;1;2;1630;1;2;1;1;6;55;226, BD ROMAIN ROLLAND;M;4327420;541465;130
201500013609;15;3;23;1530;1;2;1;1;1;55;03, MAISON BLANCHE (TRAV;M;4332854;537489;130
201500013610;15;3;19;900;1;2;3;1;3;55;44, VALLON DE L (CHEMIN);M;4328222;536337;130
201500013611;15;3;23;1030;1;2;2;1;1;55;51, LIBERTE (BOULEVARD D;M;4330218;538339;130
201500013612;15;1;11;1415;1;2;1;1;7;55;02, ALL DE LA MONTAGNETT;M;4334857;537295;130
201500013613;15;3;23;1145;1;2;1;1;3;55;87, PARIS (BOULEVARD DE);M;4330920;537055;130
201500013614;15;3;23;1950;5;2;1;1;6;55;17, MILLIERE (BOULEVARD;M;4328369;549372;130
201500013615;15;3;18;1500;1;2;8;1;6;55;20, COLBERT (RUE);M;4329929;537382;130
201500013616;15;3;24;1600;1;2;1;8;3;55;PINS (ALLEE DES);M;4325376;541534;130
201500013617;15;3;24;1830;2;2;1;1;3;55;79, ROMAIN ROLLAND (BOUL;M;4327905;542270;130
201500013618;15;1;2;2020;5;2;1;1;1;55;45, TRA DE LA MONTRE;M;4329404;547510;130
201500013619;15;3;24;1915;5;2;1;1;6;55;74, CLOVIS HUGUES (RUE);M;4331102;538462;130
201500013620;15;3;25;935;1;2;1;2;2;55;384, MICHELET (BOULEVARD;M;4325505;540093;130
201500013621;15;3;25;1200;1;2;3;2;3;55;300, PRADO (AVENUE);M;4327290;539076;130
201500013622;15;1;3;1849;5;2;1;1;1;55;343, BD ROMAIN ROLLAND;M;4327124;540903;130
201500013623;15;3;22;1150;1;2;1;1;6;55;10, MENDES FRANCE (AVENU;;;;130
201500013624;15;3;19;2010;5;2;2;1;3;55;00, ROLAND DORGELES (BO;M;4334728;537838;130
201500013625;15;3;25;1615;1;2;1;1;6;55;150, CANEBIERE     70 A;M;4329866;538410;130
201500013626;15;3;25;1214;1;2;7;1;1;55;278, OLIVES (AVENUE DES);M;4332352;544542;130
201500013627;15;3;25;2130;4;2;1;1;3;55;337, CORNICHE KENNEDY;M;4327294;536295;130
201500013628;15;3;26;750;1;2;1;1;2;55;280, MICHELET (BOULEVARD;M;4326182;539733;130
201500013629;15;3;26;940;1;2;1;1;6;55;105, CAMILLE PELLETAN (A;M;4330662;537353;130
201500013630;15;1;5;900;1;2;1;1;6;55;01, PCE DU DOCTEUR VAUTH;;;;130
201500013631;15;1;6;1050;1;2;2;1;3;55;00, CV DE LA MILLIERE A;;;;130
201500013632;15;3;26;1805;1;2;2;1;6;55;20, PIERRE PUGET (COURS);M;4329042;537577;130
201500013633;15;1;5;1630;1;2;1;1;1;55;25, PRO DU GRAND LARGE;M;4324130;536341;130
201500013634;15;1;4;1430;1;2;1;1;2;55;121, AVE DE SAINT JULIEN;M;4330709;542299;130
201500013635;15;3;26;2130;5;2;3;1;3;55;83, CAPELETTE (AVENUE DE;M;4328229;540308;130
201500013636;15;1;5;1420;1;2;3;1;3;55;00, AVE DE MONTOLIVET;M;4331355;541307;130
201500013637;15;3;26;1315;1;2;1;1;1;55;16, MICHELET (BOULEVARD);M;4327156;539159;130
201500013638;15;3;27;820;1;2;2;1;6;55;63, AUDIENCE (RUE DE L');M;4329611;548662;130
201500013639;15;1;6;1810;5;2;1;1;6;55;07, SQ SIDI BRAHIM;M;4329741;539847;130
201500013640;15;3;27;1000;1;1;1;1;6;55;6, HUVEAUNE (BOULEVARD D;M;4327451;540872;130
201500013641;15;1;5;1840;5;2;1;1;6;55;AVE RAIMU;;;;130
201500013642;15;3;27;945;1;2;1;1;6;55;363, PARADIS (RUE);M;4327743;538355;130
201500013643;15;3;27;1830;1;1;1;1;2;55;0, CHEMIN DU LITTORAL (C;;;;130
201500013644;15;3;27;2120;5;2;1;1;1;55;120, ALPHONSE DAUDET (RU;M;4332108;541037;130
201500013645;15;3;28;5;5;2;1;1;6;55;181, MONTOLIVET (AVENUE;M;4331223;541130;130
201500013646;15;1;3;1215;1;2;1;1;2;55;06, AVE DE CHATEAU GOMBE;M;4335180;543408;130
201500013647;15;3;27;730;1;2;1;1;3;55;ALEX. FLEMING (BOULEVARD;;;;130
201500013648;15;1;1;235;5;2;1;1;1;55;01, RTE DES QUATRE SAISO;M;4333101;548862;130
201500013649;15;3;28;1430;1;2;1;1;6;55;5, BONNET (TRAVERSE);M;4332852;542127;130
201500013650;15;1;6;2140;5;2;1;1;7;55;0, BD D ATHENES;;;;130
201500013651;15;3;28;1535;1;2;1;1;3;55;166, CHARTREUX (AVENUE D;M;4330895;540043;130
201500013652;15;3;28;1510;1;1;1;1;6;55;53, STRASBOURG (BOULEVAR;M;4330840;537727;130
201500013653;15;3;22;2140;5;2;1;1;3;55;3, SAINT BARNABE (AVENUE;M;4330396;540723;130
201500013654;15;1;7;700;5;2;1;1;6;55;24, BD SCHLOESING;M;4327441;539992;130
201500013655;15;3;27;1950;5;2;1;6;6;55;, COMTESSE (BOULEVARD DE;M;4331404;544742;130
201500013656;15;1;6;755;1;2;1;1;6;55;67, RUE AVIATEUR LE BRIX;M;4325912;540017;130
201500013657;15;3;24;850;1;2;1;1;6;55;5, JOLIETTE (QUAI DE LA);M;4330378;536506;130
201500013658;15;1;2;2300;5;2;3;1;6;55;73, AVE DE LA VISTE;M;4335745;535747;130
201500013659;15;3;30;900;1;2;1;1;6;55;191, VALBARELLE (BOULEVA;M;4328859;545359;130
201500013660;15;3;27;1500;1;2;1;1;6;55;19, CAPITAINE GEZE (BOUL;M;4333029;537013;130
201500013661;15;3;24;1900;5;2;3;1;3;55;347, SAINT PIERRE (RUE);M;4329178;540749;130
201500013662;15;3;30;1645;1;2;2;1;3;55;Avenue de la Barquiиre;M;4324417;539643;130
201500013663;15;3;11;1640;1;2;1;1;5;55;330, SAINTE MARGUERITE (;;;;130
201500013664;15;12;9;2105;5;2;1;1;6;55;168, SAINT PIERRE (RUE);M;4329239;539743;130
201500013665;15;3;30;2000;2;2;1;1;6;55;ABBE LANFRANCHI (RUE);M;4328688;545493;130
201500013666;15;1;9;1800;5;2;1;1;6;55;96, AVE DU MERLAN;M;4334085;540745;130
201500013667;15;3;30;1710;1;2;1;1;1;55;9, TUILERIES (CHEMIN DES;M;4335206;534201;130
201500013668;15;1;12;1700;1;2;1;1;6;55;01, QAI DE RIVE NEUVE;M;4329406;537400;130
201500013669;15;3;31;819;1;2;1;1;3;55;279, CORNICHE KENNEDY;M;4327772;535581;130
201500013670;15;1;8;2130;5;2;2;1;3;55;01, PCE ERNEST DELIBES;M;4327908;538285;130
201500013671;15;3;31;835;1;2;1;1;3;55;ALBERT MARQUET (RUE);M;0;0;130
201500013672;15;1;6;1730;2;2;1;1;6;55;252, RTE DES TROIS LUCS;M;4329901;548066;130
201500013673;15;3;31;950;1;2;3;1;2;55;21, BAILLE (BOULEVARD);M;4328663;538626;130
201500013674;15;1;10;1530;1;1;1;1;7;55;RTE LEON LACHAMP;;;;130
201500013675;15;3;31;1330;1;2;7;1;3;55;1, SCHLOESING (BOULEVARD;M;4327655;539941;130
201500013676;15;1;8;900;1;2;1;1;6;55;12, PCE NOTRE DAME DU MO;M;4329205;538396;130
201500013677;15;3;31;1740;1;2;3;1;6;55;226, ROGER SALENGRO (AVE;M;4331996;536747;130
201500013678;15;1;12;1330;1;2;2;1;6;55;257, AVE DU PRADO;M;4327622;538920;130
201500013679;15;3;31;2130;5;2;2;1;3;55;130, PRADO (AVENUE);M;4328039;538720;130
201500013680;15;1;8;1310;1;2;1;1;4;55;60, TRA PARANGON;M;4324265;537829;130
201500013681;15;4;1;855;1;1;1;1;6;55;48, PAUL CLAUDEL (BOULEV;M;4326849;540907;130
201500013682;15;1;7;1815;5;2;1;1;6;55;393, AVE DU PRADO;M;4326866;538566;130
201500013683;15;4;1;1230;1;2;1;1;3;55;00, ROVE (ROUTE DU);;;;130
201500013684;15;1;1;2210;5;2;2;1;6;55;00, AVE DU PRADO;M;4327986;538684;130
201500013685;15;4;1;1400;1;2;1;6;2;55;MENDES FRANCE (AVENUE);M;0;0;130
201500013686;15;4;1;1335;1;2;1;1;3;55;497, SAINT PIERRE (RUE);M;4329105;541749;130
201500013687;15;1;6;130;5;2;2;1;6;55;01, BD LEDRU ROLLIN;M;4334252;535967;130
201500013688;15;4;1;1530;1;2;1;1;1;55;74, JARRE (AVENUE DE LA);M;4323568;540331;130
201500013689;15;3;26;1815;1;2;1;1;2;55;BAILLE (BOULEVARD);M;4328885;539472;130
201500013690;15;4;1;1830;1;2;2;1;6;55;14, STANISLAS TORRENTS (;M;4328898;537763;130
201500013691;15;4;2;750;1;2;1;1;6;55;21, ALEX ANSALDI (RUE);M;4333532;540009;130
201500013692;15;1;7;1130;1;1;1;1;6;55;23, BD ERNEST GASQUY;M;4330223;542266;130
201500013693;15;4;2;730;1;2;1;1;1;55;127, OLIVES (AVENUE DES);M;4332669;543782;130
201500013694;15;3;25;1645;1;1;7;1;7;55;1, FRAIS VALLON (AVENUE);M;4332504;543425;130
201500013695;15;1;8;1840;5;2;1;1;6;55;64, BD DE LA COMTESSE;M;4331501;544742;130
201500013696;15;4;2;1620;1;2;1;1;1;55;CARAVELLE (RUE);M;4331730;537106;130
201500013697;15;12;24;900;1;2;1;1;2;55;310, CHATEAU GOMBERT CHE;M;4334956;543129;130
201500013698;15;1;7;720;2;2;1;1;7;55;22, MTE D' EOURES;M;4330040;551199;130
201500013699;15;4;2;1730;1;2;1;1;3;55;100, JULES CANTINI (AVEN;M;4328206;539077;130
201500013700;15;1;16;1400;1;2;1;8;6;55;38, AVE DES CAILLOLS;M;4330399;542492;130
201500013701;15;4;2;2100;5;2;1;1;6;55;168, SAINT LOUIS (AVENUE;M;4334895;535888;130
201500013702;15;4;2;815;1;2;1;1;7;55;17, MARIUS THOMAS (BOULE;M;4328481;536112;130
201500013703;15;1;13;1900;3;2;1;1;6;55;02, BD FRANCOISE DUPARC;M;4330030;540072;130
201500013704;15;4;2;1205;1;2;1;1;4;55;JEAN PAUL SARTRE (AVENUE;;;;130
201500013705;15;1;12;2010;5;2;1;1;2;55;203, BD DE LA LIBERATION;M;4330216;539476;130
201500013706;15;4;2;1100;1;2;2;1;7;55;65, LIBERATION (BOULEVAR;M;4330020;538872;130
201500013707;15;4;3;1330;1;2;1;1;7;55;L?ON LACHAMP (ROUTE);;;;130
201500013708;15;1;8;900;1;2;1;1;6;55;123, RUE PIERRE DOIZE;M;4327674;542696;130
201500013709;15;4;3;1230;1;2;1;1;3;55;ARNAVAUX (AVENUE DES);;;;130
201500013710;15;1;13;915;1;2;1;1;6;55;130, AVE JEAN PAUL SARTR;;;;130
201500013711;15;4;3;1515;1;1;1;1;3;55;2, VALBARELLE (CHEMIN DE;M;4328287;543317;130
201500013712;15;3;27;1530;1;2;1;1;4;55;30, MONTGRAND (RUE);M;4329152;537796;130
201500013713;15;1;9;2130;5;2;1;1;6;55;430, AVE DE LATTRE DE TA;M;4324498;542483;130
201500013714;15;4;4;330;5;1;1;1;7;55;LAZARET (QUAI DU);;;;130
201500013715;15;1;7;1645;1;2;1;1;4;55;01, BD DES BASSINS DE RA;M;4332379;536089;130
201500013716;15;4;4;520;5;1;1;1;6;55;86, BAILLE (BOULEVARD);M;4328756;538996;130
201500013717;15;1;21;1740;5;2;1;3;6;55;02, BD D ATHENES;M;4329897;538092;130
201500013718;15;4;3;1730;1;2;2;1;6;55;TIMONE (AVENUE DE LA);M;4328692;541249;130
201500013719;15;4;4;545;5;2;1;1;6;55;LYON (RUE DE);;;;130
201500013720;15;4;4;810;1;2;1;1;3;55;43, REGATES (IMPASSE DES;M;4324359;537089;130
201500013721;15;1;6;1800;2;2;6;1;6;55;467, CHE DU LITTORAL;M;4335169;533973;130
201500013722;15;4;4;1520;1;2;1;1;5;55;68, CORNICHE KENNEDY;M;4328581;535081;130
201500013723;15;1;4;2340;5;2;1;1;6;55;302, BD NATIONAL;M;4331214;537677;130
201500013724;15;4;3;1945;2;2;1;1;2;55;30, JEAN MOULIN (BOULEVA;M;4329003;539983;130
201500013725;15;1;3;1255;1;2;3;1;1;55;411, AVE DE SAINT ANTOIN;M;4338331;535833;130
201500013726;15;4;1;1135;1;2;1;1;6;55;32, LEAU (BOULEVARD);M;4325528;538319;130
201500013727;15;4;10;1330;1;2;1;1;3;55;39, MASSENET (BOULEVARD);M;4334184;538064;130
201500013728;15;4;5;2007;2;2;1;1;6;55;00, PICON (RUE);M;4333147;539126;130
201500013729;15;1;24;1501;1;2;1;1;2;55;340, AVE DE LA CAPELETTE;M;4327984;541615;130
201500013730;15;4;5;2340;5;2;1;1;3;55;LITTORAL (CHEMIN DU);;;;130
201500013731;15;1;24;510;5;2;1;1;6;55;12, AVE DES CHARTREUX;M;4330313;539736;130
201500013732;15;4;5;2330;5;2;3;1;3;55;171, BAILLE (BOULEVARD);M;4328980;539816;130
201500013733;15;1;23;2245;5;2;1;1;6;55;87, BD TELLENE;M;4328505;536848;130
201500013734;15;4;1;1800;1;2;1;1;6;55;PRADO (AVENUE);M;4328498;538393;130
201500013735;15;4;6;1645;1;2;1;1;5;55;167, ROVE (ROUTE DU);;;;130
201500013736;15;4;6;2230;5;2;3;1;5;55;101, CORNICHE KENNEDY;M;4328836;535307;130
201500013737;15;1;28;1125;1;1;1;1;1;55;3 virages, RTE LEON LACH;;;;130
201500013738;15;4;7;900;1;2;1;1;2;55;20, COLGATE (TRAVERSE);M;4323436;540944;130
201500013739;15;4;7;830;1;2;3;1;3;55;BELSUNCE (COURS);M;4329743;537710;130
201500013740;15;4;7;1000;1;2;1;1;6;55;136, PAUL CLAUDEL (BOULE;M;4326827;541388;130
201500013741;15;4;6;1830;1;2;2;1;3;55;9, ROTONDE (RUE DE LA);M;4330048;538320;130
201500013742;15;4;7;1230;1;2;1;1;2;55;12, LIEUTAUD (COURS);M;4329527;538172;130
201500013743;15;4;7;1540;1;1;1;1;2;55;MALLONIERS (AVENUE);;;;130
201500013744;15;1;28;1645;1;2;6;1;6;55;07, AVE DE LA CAPELETTE;M;4328356;539912;130
201500013745;15;4;6;1730;1;2;1;1;2;55;90, CANEBIERE    81 A FI;M;4329786;538176;130
201500013746;15;1;10;245;5;2;2;1;6;55;08, RUE BRETEUIL;M;4329242;537494;130
201500013747;15;4;7;1630;1;2;1;1;6;55;JEAN PAUL SARTRE (AVENUE;;;;130
201500013748;15;1;29;650;5;2;1;1;6;55;310, BD DE SAINT MARCEL;M;4328623;547390;130
201500013749;15;4;7;1600;1;2;1;1;6;55;1, FRAN?OISE DUPARC (BOU;M;4330078;540067;130
201500013750;15;4;7;1850;1;2;1;1;6;55;41, CANEBIERE     1 A 79;M;4329629;537737;130
201500013751;15;4;7;1920;1;2;2;1;3;55;MIMET (CHEMIN DE);M;4337937;535774;130
201500013752;15;1;15;1650;2;2;1;1;6;55;47, AVE SAINT PAUL;M;4332824;540689;130
201500013753;15;4;7;2250;5;2;1;1;1;55;0, RAYMOND TEISSERE (RUE;;;;130
201500013754;15;4;8;830;1;2;1;1;3;55;397, ROMAIN ROLLAND (BOU;M;4326990;540602;130
201500013755;15;4;8;1620;1;2;1;1;6;55;LEDRU ROLLI (BOULEVARD);;;;130
201500013756;15;1;16;1400;1;2;1;8;6;55;76, RUE DE LODI;M;4328919;538739;130
201500013757;15;4;8;1830;1;2;1;1;7;55;5, BAILLE (BOULEVARD);M;4328629;538486;130
201500013758;15;4;1;300;5;2;1;1;6;55;2, AUGUSTIN AUBERT (RUE);M;4326889;540322;130
201500013759;15;4;9;240;5;2;1;1;1;55;00, PLOMBIERES (BOULEVAR;;;;130
201500013760;15;4;2;955;1;2;1;1;1;55;60, VOLTAIRE    PAIRS (B;M;4330338;538577;130
201500013761;15;4;9;1115;1;1;1;1;3;55;1, 24 AVRIL 15 (AVENUE D;M;4330762;542545;130
201500013762;15;3;28;1240;1;2;1;1;6;55;41, ANTOINE FORTUNE MARI;M;4323752;540428;130
201500013763;15;4;9;1940;1;2;1;1;7;55;SAINT JULIEN (AVENUE DE;M;4330729;542394;130
201500013764;15;4;10;40;5;2;1;1;7;2;00, PROVENCE (AVENUE DE);;;;130
201500013765;15;4;10;10;5;2;1;1;6;55;8, JEAN LOMBARD (AVENUE);M;4328931;542733;130
201500013766;15;11;14;2130;5;2;9;1;3;55;6, ROGER BRUN (RUE);M;4328671;539036;130
201500013767;15;4;9;1600;1;1;1;1;6;55;107, POILUS (AVENUE DES);M;4332402;545606;130
201500013768;15;4;4;935;1;2;1;1;3;55;126, ADRIEN LEGROS (ROND;;;;130
201500013769;15;1;16;1600;1;2;1;2;6;55;02, AVE VINCENT VAN GOGH;M;4329897;542939;130
201500013770;15;4;10;1615;1;2;1;1;1;55;58, COROT (AVENUE);M;4332253;540687;130
201500013771;15;1;17;1730;5;2;1;1;6;55;00, BD CHARLES LIVON;;;;130
201500013772;15;4;10;2325;5;2;1;1;6;55;13, MADON (RUE);M;4329429;539980;130
201500013773;15;3;30;1300;1;2;1;1;3;55;VISTE (AVENUE DE LA);;;;130
201500013774;15;4;10;1040;1;2;3;1;3;55;NICOLAS APPERT (RUE);M;4333967;541460;130
201500013775;15;1;1;1705;2;2;1;1;6;55;23, BD DE MONTRICHER;M;4330552;539339;130
201500013776;15;4;11;1335;1;2;1;1;6;55;MICHELET (BOULEVARD);;;;130
201500013777;15;4;11;1530;1;2;1;1;3;55;00., MICHELET (BOULEVARD;;;;130
201500013778;15;1;16;1810;5;2;3;3;6;106;02, 8 MAI 1945 (AVENUE D;;;;130
201500013779;15;4;11;1745;1;2;1;1;2;55;340, ROMAIN ROLLAND (BOU;M;4327080;540795;130
201500013780;15;1;2;1825;3;2;1;1;6;55;31, PRO GEORGES POMPIDOU;M;4326610;537291;130
201500013781;15;4;11;2145;5;2;1;1;1;55;01, LIBERATION (BOULEVAR;M;4329911;538542;130
201500013782;15;1;13;920;1;2;1;1;2;55;07, CHE DES AMARYLLIS;M;4331750;543925;130
201500013783;15;4;11;1800;1;2;1;1;3;55;1, LIEUTAUD (COURS);M;4329580;538156;130
201500013784;15;4;7;800;1;2;1;1;6;55;145, BAILLE (BOULEVARD);M;4328861;539378;130
201500013785;15;2;1;1930;5;2;1;1;6;55;141, AVE DE HAMBOURG;M;4324705;539350;130
201500013786;15;4;10;1630;1;2;1;1;6;55;19, CIGALES (AVENUE DES);M;4331119;542101;130
201500013787;15;2;2;1130;1;2;1;1;5;55;00, CHE DE LA PARETTE;;;;130
201500013788;15;4;12;1115;1;2;1;1;6;55;12, PORT (QUAI DU);M;4329629;537317;130
201500013789;15;3;26;1645;1;2;1;1;6;55;22, BOSSUET (RUE);M;4328481;537879;130
201500013790;15;2;2;1840;5;2;1;1;1;55;43, AVE DE SAINT JEROME;M;4332974;541901;130
201500013791;15;3;26;1840;1;2;2;1;3;55;39, ENDOUME (RUE D');M;4328984;536628;130
201500013792;15;1;17;1430;1;2;1;1;6;55;141, AVE DE HAMBOURG;M;4324705;539349;130
201500013793;15;4;7;1830;1;2;6;1;6;55;00, MERY (RUE);M;4329925;537150;130
201500013794;15;1;13;1805;2;2;1;1;6;55;112, AVE WILLIAM BOOTH;M;4329570;544637;130
201500013795;15;4;12;2030;5;2;1;1;3;55;20, CRIMEE (RUE DE);M;4330572;538209;130
201500013796;15;1;10;1830;5;2;1;1;6;55;125, AVE DE MAZARGUES;M;4326658;538981;130
201500013797;15;4;12;2300;5;2;1;1;3;55;WILLIAM BOOTH (AVENUE);M;4329604;544641;130
201500013798;15;4;13;10;5;2;1;1;5;55;133, TIMONE (AVENUE DE L;M;4328657;540958;130
201500013799;15;4;12;1100;1;2;3;1;3;55;09, RIVE NEUVE (QUAI DE);M;4329345;537148;130
201500013800;15;1;24;1530;1;2;2;1;6;55;02, RUE SAINTE CECILE;M;4328671;539037;130
201500013801;15;4;13;730;1;2;1;1;5;55;07, STRASBOURG (BOULEVAR;M;4330715;537519;130
201500013802;15;1;21;1700;1;2;1;3;6;55;74, CRS GOUFFE;M;4328538;539010;130
201500013803;15;4;13;945;1;2;9;1;3;55;117, BAILLE (BOULEVARD);M;4328800;539154;130
201500013804;15;4;13;1135;1;2;2;1;6;55;Boulevard des Platanes;M;4327133;540911;130
201500013805;15;4;12;1945;1;2;1;1;3;55;320, PRADO (AVENUE);M;4327210;539032;130
201500013806;15;4;13;2030;2;2;3;1;2;55;235, LYON (RUE DE);M;4333344;536410;130
201500013807;15;4;13;2245;5;2;1;1;2;55;44, JULES CANTINI (AVENU;M;4328369;538784;130
201500013808;15;4;12;1830;1;1;1;1;4;55;2, RAMPE SAINT MAURICE;M;4329058;536364;130
201500013809;15;4;11;145;5;2;6;1;3;55;99, SAKAKINI (BOULEVARD);M;4329353;540166;130
201500013810;15;1;7;1745;3;2;2;1;6;55;100, RUE JAUBERT;M;4329783;539322;130
201500013811;15;4;14;1340;1;2;1;1;3;55;1, PARETTE (PLACE DE LA);M;4329716;542344;130
201500013812;15;4;14;1800;1;2;3;1;3;55;11, RIVE NEUVE (QUAI DE);M;4329334;537112;130
201500013813;15;4;13;1200;1;2;3;1;1;55;256, TOULON (AVENUE DE);M;4328344;539696;130
201500013814;15;1;14;1615;1;2;1;1;6;55;058, TRA POURRIERE;M;4324347;538463;130
201500013815;15;4;14;1000;1;2;1;1;4;55;158, LIEUTAUD (COURS);M;4328783;538474;130
201500013816;15;1;15;1230;1;2;1;1;2;55;132, RUE JULES ISAAC;M;4325004;540257;130
201500013817;15;4;15;710;1;2;6;1;3;55;120, HAMBOURG (BOULEVARD;M;4325015;538912;130
201500013818;15;1;11;1430;1;2;2;1;6;55;155, RUE PEYSSONNEL;M;4331405;536894;130
201500013819;15;4;15;730;1;2;1;1;1;55;722, JEAN QUEILLAU (RUE);M;4333705;538586;130
201500013820;15;1;12;1705;2;2;1;1;2;55;00, BD SAKAKINI;;;;130
201500013821;15;4;15;830;1;2;1;1;3;55;1, FRAIS VALLON (AVENUE);M;4332504;543425;130
201500013822;15;1;15;2020;5;2;1;1;6;55;76, RUE DE LA REPUBLIQUE;M;4330192;536943;130
201500013823;15;4;2;1430;1;2;2;1;3;55;7, BEL AIR (RUE);M;4328960;538240;130
201500013824;15;1;21;1320;1;2;1;3;7;55;RAM SAINT MAURICE;;;;130
201500013825;15;4;8;1200;1;2;2;1;3;55;65, LIBERATION (BOULEVAR;M;4330020;538872;130
201500013826;15;1;16;1820;3;2;1;2;6;55;109, AVE DE LA CAPELETTE;M;4328171;540438;130
201500013827;15;4;15;1900;1;2;1;1;6;55;197, CORNICHE KENNEDY;M;4328351;535021;130
201500013828;15;1;24;1645;1;2;3;1;6;55;18, BD CHARLES NEDELEC;M;4330247;537719;130
201500013829;15;4;9;1345;1;2;1;1;2;55;238, CORNICHE KENNEDY;M;4328006;535373;130
201500013830;15;1;20;420;5;2;1;2;7;55;00, BD CHARLES LIVON;;;;130
201500013831;15;4;13;2230;5;2;1;1;2;55;171, TOULON (AVENUE DE);M;4328340;539756;130
201500013832;15;1;7;1655;1;2;1;1;4;55;90, CRS GOUFFE;M;4328524;539076;130
201500013833;15;4;16;115;5;1;1;1;6;55;12, JEAN LOMBARD (AVENUE;M;4328962;542684;130
201500013834;15;12;30;2115;5;2;1;1;3;55;20, LђON GAMBETTA (ALLEE;M;4329910;538201;130
201500013835;15;4;14;1930;1;2;1;1;3;55;92, PONT DE VIVAUX (BOUL;M;4328089;542193;130