num_acc;an;mois;jour;hrmn;lum;agg;int;atm;col;com;adr;gps;lat;long;dep
201500013836;15;1;22;1845;5;2;3;1;6;55;41, VOI LA CANEBIERE;M;4329638;537765;130
201500013837;15;4;15;1615;1;1;1;1;2;2;QUATRE SAISONS (ROUTE DE;;;;130
201500013838;15;12;31;40;5;2;2;1;3;55;180, AYGALADES (AVENUE D;M;4334632;536611;130
201500013839;15;1;18;1430;1;2;1;1;2;55;01, RPT PIERRE PARAF;M;4333012;538903;130
201500013840;15;4;14;1640;1;2;1;1;6;55;32, L?ON GAMBETTA (ALLEE;M;4329907;538265;130
201500013841;15;1;9;920;1;2;1;1;6;55;148, BD DE LA LIBERATION;M;4330168;539325;130
201500013842;15;4;16;745;1;2;1;1;2;55;JEAN QUEILLAU (RUE);M;4333283;538595;130
201500013843;15;1;15;1330;1;2;1;1;7;55;AVE SALVADOR ALLENDE;;;;130
201500013844;15;4;10;1820;1;2;1;1;3;55;22, AUBEPINES (ALLEE DES;M;4328135;554218;130
201500013845;15;1;22;815;1;2;1;1;6;55;33, AVE ELLEON;M;4328385;544278;130
201500013846;15;4;16;1305;1;2;1;1;3;55;111, PIERRE DOIZE  (RUE);M;4327746;542745;130
201500013847;15;1;21;2005;5;2;1;2;6;55;106, BD DANIELLE CASANOV;M;4332557;537416;130
201500013848;15;4;16;815;1;1;1;1;1;106;PIGEONNIER (CHEMIN DU);M;4340850;535297;130
201500013849;15;1;22;725;5;2;1;1;1;55;RUE LE CHATELIER;;;;130
201500013850;15;4;16;1410;1;2;1;1;3;55;11, RABATAU (BOULEVARD);M;4327308;539221;130
201500013851;15;1;22;1245;1;2;1;1;6;55;15, AVE DES OLIVES;M;4332947;543031;130
201500013852;15;4;16;1330;1;2;1;1;2;55;366, MAZARGUES (AVENUE D;M;4325915;539415;130
201500013853;15;1;20;1755;2;2;1;2;4;55;54, AVE DE CHATEAU GOMBE;M;4335158;543741;130
201500013854;15;4;16;1915;1;1;1;1;3;55;243, NATIONAL (BOULEVARD;M;4331079;537848;130
201500013855;15;1;26;1;5;2;3;1;6;55;23, RUE DE LA GUADELOUPE;M;4328130;537524;130
201500013856;15;4;16;2320;5;2;1;1;6;55;25, RAYMOND TEISSERE (RU;M;4327380;539839;130
201500013857;15;4;10;2330;5;2;1;1;2;55;95, POMPIDOU (PROMENADE);M;4326277;537431;130
201500013858;15;1;2;1830;5;2;1;1;6;55;00, BD DE LA POMME;;;;130
201500013859;15;4;16;1000;1;2;2;8;1;55;SAINT BARNABE (AVENUE DE;M;4330428;541306;130
201500013860;15;1;21;800;1;2;1;3;4;55;231, RUE PIERRE DOIZE;M;4327188;542775;130
201500013861;15;4;3;1200;1;2;1;1;5;55;125, FRAN?OISE DUPARC (B;M;4330666;540086;130
201500013862;15;1;23;1830;5;2;1;1;7;55;00, BD DE PONT DE VIVAUX;;;;130
201500013863;15;4;15;1700;1;2;1;1;1;55;01, CHUTES LAVI (AVENUE);M;4331177;539604;130
201500013864;15;1;22;1605;1;2;1;1;6;55;25, AVE DE FRAIS VALLON;M;4332528;543348;130
201500013865;15;6;9;1200;1;2;1;1;2;55;9 VAUDOYER (AVENUE);M;4329757;536363;130
201500013866;15;4;17;925;1;2;6;2;6;55;HAMBOURG (BOULEVARD);M;4325038;538877;130
201500013867;15;1;24;2120;5;2;1;1;1;55;128, RUE AUGUSTIN AUBERT;M;4326411;540418;130
201500013868;15;4;7;855;1;2;6;1;1;55;00, ARTHUR SCOTT (AVENUE;M;4328120;539546;130
201500013869;15;4;17;1400;1;2;1;1;6;55;BIR HAKEIM (RUE);;;;130
201500013870;15;4;17;1515;1;2;1;1;6;55;10, STRASBOURG (PLACE);M;4330627;537417;130
201500013871;15;2;9;735;2;2;1;1;6;75;147, FREDERIC MISTRAL (A;M;4335188;547577;130
201500013872;15;4;17;1830;1;2;1;1;3;55;47, ROGER SALENGRO (AVEN;M;4331184;537231;130
201500013873;15;4;17;2000;1;2;2;1;3;55;66-68, CANEBIERE    30 A;M;4329760;538100;130
201500013874;15;4;18;850;1;2;2;1;3;55;118, ROGER SALENGRO (AVE;M;4331453;537051;130
201500013875;15;4;18;750;1;2;7;1;7;55;4, CAIRE (PLACE DU);M;4330379;541890;130
201500013876;15;1;19;1030;1;2;3;2;6;55;01, RUE PAUL GONDARD;M;4329110;538177;130
201500013877;15;1;12;1630;1;2;1;1;6;55;59, AVE SAINT PAUL;M;4332824;540689;130
201500013878;15;4;18;1330;1;2;1;1;3;55;33, MARЙCHAL JUIN (BOULE;M;4331266;540485;130
201500013879;15;1;16;1215;1;2;1;1;6;55;33, BD ROLAND DORGELES;M;4334718;537849;130
201500013880;15;3;24;1500;1;2;6;1;7;55;5, HAMBOURG (BOULEVARD);M;4325429;538239;130
201500013881;15;1;20;1715;1;2;1;1;6;55;10, AVE DE LA CROIX ROUG;M;4333015;542979;130
201500013882;15;4;19;705;1;1;1;1;4;55;SCHLOESING (BOULEVARD);;;;130
201500013883;15;4;19;820;1;2;1;1;3;55;9, GASTON RAMON (BOULEVA;;;;130
201500013884;15;1;16;1910;5;2;1;2;6;55;160, BD HENRI BARNIER;M;4336995;534594;130
201500013885;15;1;17;1045;1;2;1;1;6;55;AVE SALVADOR ALLENDE;;;;130
201500013886;15;3;21;845;1;2;2;1;3;55;31, L?ON GAMBETTA (ALLEE;M;4329909;538261;130
201500013887;15;1;13;1315;1;2;1;1;6;55;78, AVE DES CHUTES LAVIE;M;4331454;539753;130
201500013888;15;4;18;1800;1;2;3;1;1;55;ALEXANDRE DUMAS (RUE);M;4326365;538945;130
201500013889;15;2;8;135;5;2;1;1;6;55;0, RUE AVIATEUR LE BRIX;;;;130
201500013890;15;4;19;1805;1;2;1;8;6;55;215, CHAVE (BOULEVARD);M;4329587;540051;130
201500013891;15;11;19;1030;1;1;1;1;6;55;ORGUES (RUE DES);M;4329984;539930;130
201500013892;15;4;19;1730;1;2;1;2;5;55;1, ALEX. FLEMING (BOULEV;M;4331489;538791;130
201500013893;15;4;19;2040;5;2;3;1;3;55;CLOT BEY (AVENUE);M;4326230;538780;130
201500013894;15;1;26;400;5;2;1;1;7;55;234, AVE DES OLIVES;M;4332438;544294;130
201500013895;15;4;7;1630;1;2;1;1;6;55;57, CABOT (BOULEVARD);M;4325855;541746;130
201500013896;15;4;19;1605;1;2;2;1;3;55;112, PONT DE VIVAUX (BOU;M;4328160;542702;130
201500013897;15;4;20;900;1;2;7;1;6;55;2, PAUL PEYTRAL (BOULEVA;M;4329056;537994;130
201500013898;15;2;2;1400;1;2;3;1;6;55;626, RUE SAINT PIERRE;M;4329011;542581;130
201500013899;15;4;20;900;1;2;1;1;6;55;213, KADDOUZ (CHEMIN);M;4331736;543816;130
201500013900;15;1;24;1020;1;2;1;1;6;55;417, AVE DE SAINT ANTOIN;M;4338411;535850;130
201500013901;15;4;9;1226;1;2;1;1;2;55;00, CORDERIE (BOULEVARD;;;;130
201500013902;15;4;20;2130;5;2;2;1;3;55;LOUIS ASTRUC (RUE);M;4329400;539577;130
201500013903;15;4;19;2335;5;2;1;1;3;55;51, BOUYALA D'ARNAUD (BO;M;4329759;544092;130
201500013904;15;1;24;1620;1;2;1;1;6;55;35, AVE DE LA CROIX ROUG;M;4333105;543178;130
201500013905;15;4;15;1130;1;2;3;1;6;55;246, MADRAGUE VILLE (RUE;M;4333247;535889;130
201500013906;15;1;3;1315;1;2;1;1;6;55;35, RUE ADOLPHE THIERS;M;4329744;538537;130
201500013907;15;4;9;1610;1;2;1;1;7;55;19, ANDR? POGGIOLI (RUE);M;4329352;538525;130
201500013908;15;4;21;1420;1;2;1;1;3;55;7, GAROUTTE (BOULEVARD);M;4330526;541302;130
201500013909;15;4;2;1830;1;2;5;1;3;55;2, JULES CANTINI (AVENUE;M;4327757;539896;130
201500013910;15;4;21;2030;1;2;2;1;3;75;00, FRЙDЙRIC CHEVILLON (;M;4334747;546376;130
201500013911;15;1;19;930;1;2;1;2;6;55;779, AVE DE MAZARGUES;M;4324822;539904;130
201500013912;15;1;7;1130;1;2;1;1;6;55;160, AVE DES PEINTRES RO;M;4330024;547693;130
201500013913;15;4;21;2205;5;1;1;1;3;55;STRASBOURG (BOULEVARD);;;;130
201500013914;15;1;20;2130;5;2;1;1;6;55;00, CHE DE LA COLLINE SA;;;;130
201500013915;15;4;10;1110;1;2;1;1;6;55;NATIONAL (BOULEVARD);M;4331433;537338;130
201500013916;15;4;21;1900;1;2;1;1;3;55;1, CAP JANET (CHEMIN);M;4334081;535230;130
201500013917;15;3;24;1040;1;1;1;1;1;55;FLORIAN (AVENUE);M;4328177;542752;130
201500013918;15;4;22;750;1;2;1;1;6;55;BAILLE (BOULEVARD);M;4329011;539931;130
201500013919;15;1;28;1130;1;2;1;1;7;55;34, BD DU REDON;M;4325621;541982;130
201500013920;15;4;22;2135;5;2;2;1;3;55;20, GAILLARD (BOULEVARD);M;4331283;541798;130
201500013921;15;1;29;1330;1;2;1;2;6;55;RUE LOUIS REGIS;;;;130
201500013922;15;4;17;820;1;2;1;1;3;55;00, NOTRE DAME (BOULEVAR;;;;130
201500013923;15;1;28;1230;1;2;1;1;1;55;00, AVE DE LA VISTE;;;;130
201500013924;15;4;8;1500;1;2;1;1;2;55;39, GRIGNAN (RUE)     12;M;4329218;537718;130
201500013925;15;4;23;835;1;2;1;1;2;55;86, FAUVETTES (BOULEVARD;M;4331723;543859;130
201500013926;15;4;22;1030;1;2;1;1;2;55;23, NOEL COLL (AVENUE);M;4328415;544399;130
201500013927;15;4;23;815;1;1;1;1;6;55;20, MERLAN (AVENUE);M;4333327;540727;130
201500013928;15;1;19;800;1;2;1;3;2;55;14, BD DE LA FABRIQUE;M;4325353;539521;130
201500013929;15;4;23;1545;1;2;1;1;2;55;4, GUEIDON (BOULEVARD);M;4332158;542053;130
201500013930;15;1;28;1155;1;2;1;1;2;55;220, RUE CHARLES KADDOUZ;M;4331733;543816;130
201500013931;15;4;23;1815;1;2;1;1;3;55;13, STRASBOURG (BOULEVAR;M;4330720;537528;130
201500013932;15;1;23;2100;5;2;6;1;6;55;75, BD PIERRE MENARD;M;4329103;544176;130
201500013933;15;1;28;850;1;2;1;1;4;55;58, MTE DE SAINT MENET;M;4329353;549391;130
201500013934;15;4;23;2000;1;2;1;1;6;55;HENRI BEYLE (RUE);M;;;130
201500013935;15;1;27;1920;5;2;1;1;6;55;171, AVE DES OLIVES;M;4332576;544096;130
201500013936;15;4;11;1550;1;2;1;1;4;55;178, MAR?CHAL JUIN (BOUL;M;4330942;540301;130
201500013937;15;4;24;750;1;2;1;1;3;55;4, ARENC (QUAI D');;;;130
201500013938;15;1;23;915;1;2;1;1;2;55;00, BD ROLAND DORGELES;;;;130
201500013939;15;1;28;2115;5;2;2;1;3;55;00, BD DES BASSINS DE RA;M;4332683;535835;130
201500013940;15;4;24;730;1;1;1;1;6;55;155, BAILLE (BOULEVARD);M;4328963;539753;130
201500013941;15;4;17;1620;1;2;3;1;6;55;172, SAINT MARCEL (BOULE;M;4328760;546503;130
201500013942;15;1;22;830;1;2;1;1;6;55;01, RUE JACQUES PICON;;;;130
201500013943;15;4;24;745;1;2;1;1;3;55;218, BAILLE (BOULEVARD);M;4328937;539656;130
201500013944;15;4;24;940;1;2;1;1;6;55;10, JEANNE D'ARC (BOULEV;M;4329408;539923;130
201500013945;15;1;26;1450;1;2;3;1;6;55;01, RUE DU ROI RENE;M;4324598;541830;130
201500013946;15;4;24;1610;1;2;2;1;3;55;38, MARЙCHAL FOCH (AVENU;M;4329980;540076;130
201500013947;15;1;27;1440;1;2;1;1;6;55;19, CRS JOSEPH THIERRY;M;4330074;538667;130
201500013948;15;4;24;1730;1;2;2;1;3;55;RUFFI (RUE DE);M;4331160;537134;130
201500013949;15;1;26;1400;1;2;1;1;7;55;02, RUE BAPTISTIN FOUQUE;M;4328674;535604;130
201500013950;15;1;20;845;1;2;1;2;6;55;66, BD NOTRE DAME;M;4328727;537366;130
201500013951;15;4;24;1900;1;2;1;1;5;55;1, PLOMBIERES (BOULEVARD;;;;130
201500013952;15;1;26;1750;5;2;1;1;6;55;72, AVE DE LA CAPELETTE;M;4328196;540374;130
201500013953;15;4;17;1300;1;2;1;1;1;55;LOUIS MALOSSE (AVENUE);;;;130
201500013954;15;4;25;550;1;2;1;1;6;55;POMME (BOULEVARD DE LA );;;;130
201500013955;15;4;25;530;5;2;1;2;6;55;124, LYON (RUE DE);M;4330017;541990;130
201500013956;15;2;13;530;5;2;1;1;6;55;02, CRS LIEUTAUD;M;4329615;538143;130
201500013957;15;4;21;745;1;2;1;1;3;55;26, PIERRE ROCHE (RUE);M;4330935;540312;130
201500013958;15;2;13;1120;1;2;1;8;5;55;134, BD MICHELET;M;4326591;539531;130
201500013959;15;4;21;905;1;2;1;1;7;55;58, COMMANDERIE (CHEMIN);M;4334098;536272;130
201500013960;15;2;14;700;2;2;6;8;6;55;01, RPT VERRERIE LAFFON;M;4331240;546489;130
201500013961;15;4;26;2220;5;2;1;1;6;55;27, DЙSIRЙ BIANCO (AVENU;M;4328737;542520;130
201500013962;15;1;13;915;1;2;2;1;6;55;247, CHE DE LA MADRAGUE;M;4333309;535864;130
201500013963;15;4;27;20;5;2;2;1;3;55;ARMENY (RUE D');M;4329919;537510;130
201500013964;15;1;18;915;1;2;1;1;6;55;35, CHE DE SAINT JOSEPH;M;4334254;538619;130
201500013965;15;1;15;720;5;2;1;1;6;55;148, CHE DE LA MADRAGUE;M;4332749;536020;130
201500013966;15;4;25;1915;1;2;1;1;2;55;99, PARADIS (RUE);M;4328931;537855;130
201500013967;15;4;19;1345;1;2;2;2;3;55;55, DAMES (BOULEVARD DES;M;4330313;536637;130
201500013968;15;1;16;1605;1;2;1;1;6;55;00, AVE DES OLIVES;;;;130
201500013969;15;1;16;1420;1;2;1;1;6;55;00, BD NATIONAL;;;;130
201500013970;15;4;2;1600;1;2;3;1;6;55;15, BERCEAU (RUE);M;4328819;539520;130
201500013971;15;4;21;1430;1;2;2;1;3;55;35, EVECHE (RUE DE L');M;4330188;536714;130
201500013972;15;1;20;1810;5;2;1;2;1;55;222, AVE DES CAILLOLS;M;4330322;544250;130
201500013973;15;4;16;610;5;2;2;1;1;55;68, JOLIETTE (RUE DE LA);M;4330292;536983;130
201500013974;15;1;9;1210;1;2;6;1;6;55;01, RPT PIERRE PARAF;M;4332998;538782;130
201500013975;15;4;9;1020;1;2;1;1;4;55;, SAINTE MARGUERITE (BOU;M;4326831;540586;130
201500013976;15;4;12;210;5;2;1;1;6;55;151, MICHELET (BOULEVARD;M;4326526;539539;130
201500013977;15;2;17;1340;1;2;1;1;6;55;56, BD MICHELET;M;4326542;539532;130
201500013978;15;11;17;2130;5;2;2;1;3;55;LYON (RUE DE);M;4332865;536574;130
201500013979;15;4;27;2100;5;2;1;8;3;55;91, LA PELOUQUE (CHEMIN);M;4336448;533761;130
201500013980;15;1;24;1725;5;2;1;1;2;55;RPT PIERRE PARAF;M;4333012;538903;130
201500013981;15;4;14;1340;1;2;1;1;3;55;LE CHATELIER;;;;130
201500013982;15;4;21;1800;1;2;1;1;2;55;271, CORNICHE KENNEDY;M;4327926;535343;130
201500013983;15;1;29;1130;1;2;2;1;6;55;01, BD MICHELET;M;4327036;539251;130
201500013984;15;4;21;1530;1;2;3;1;3;55;12, BRIFFAUT (RUE);M;4329467;539575;130
201500013985;15;2;2;2010;5;1;3;1;3;55;08, RUE DU BOSQUET;M;4329988;539966;130
201500013986;15;4;14;1535;1;2;1;1;3;55;94, LIEUTAUD (COURS);M;4329159;538292;130
201500013987;15;2;3;1050;1;2;1;2;5;55;191, BD DE LA VALBARELLE;;;;130
201500013988;15;4;8;1602;1;2;1;1;7;55;52, CANEBIERE     1 A 79;M;4329703;537949;130
201500013989;15;2;2;1927;5;2;1;1;7;55;43, CHE DE LA GRAVE;M;4334976;545079;130
201500013990;15;4;23;1730;1;2;1;1;6;55;SIGNORET (TRAVERSE);;;;130
201500013991;15;1;25;1000;1;2;1;1;6;55;23, BD NOTRE DAME DE SAN;M;4333981;540660;130
201500013992;15;1;29;1510;1;2;1;3;7;55;93, BD DE STRASBOURG;M;4330940;537897;130
201500013993;15;4;28;1515;1;2;1;1;3;55;14, SAINT JUST (AVENUE D;M;4331294;540196;130
201500013994;15;4;26;1820;1;2;1;1;3;55;95, SAKAKINI (BOULEVARD);M;4329395;540167;130
201500013995;15;1;29;2145;5;2;1;2;1;55;56, BD DE LA CORDERIE;M;4329036;536972;130
201500013996;15;4;28;915;1;2;1;1;3;55;47, SAKAKINI (BOULEVARD);M;4329649;540030;130
201500013997;15;2;3;745;1;2;1;1;6;55;181, AVE DE LA CAPELETTE;M;4328055;540795;130
201500013998;15;4;29;800;1;2;2;1;6;55;02, VITON (AVENUE);M;4326185;540466;130
201500013999;15;1;16;230;5;2;3;1;3;55;140, AVE DES CHARTREUX;M;4330801;540011;130
201500014000;15;4;18;950;1;2;1;1;3;55;MIREILLE LAUZE (BOULEVAR;M;4328230;540437;130
201500014001;15;4;29;1605;1;2;1;1;3;55;164, PLOMBIERES (BOULEVA;M;4331870;537955;130
201500014002;15;2;7;230;5;2;1;1;7;75;55, L'ENJOLRAS (AVE DE);M;4333952;545475;130
201500014003;15;4;29;2010;2;2;2;1;3;55;LUCIEN ROLMER (RUE);M;4330456;537607;130
201500014004;15;2;12;930;1;2;1;1;6;55;04, RUE LACEPEDE;M;4330435;539754;130
201500014005;15;4;29;2215;5;2;1;1;2;55;139, ROSE (AVENUE DE LA);M;4332834;542556;130
201500014006;15;1;18;925;1;2;1;1;6;55;267, AVE DU PRADO;M;4327388;539085;130
201500014007;15;4;29;1815;1;2;1;1;2;75;146, FREDERIC MISTRAL (A;M;4335186;547572;130
201500014008;15;2;3;540;5;2;1;1;2;55;04, BD DU MARECHAL JUIN;M;4331266;540485;130
201500014009;15;1;16;1100;1;2;1;2;7;55;04, RUE VERDILLON;M;4327662;542087;130
201500014010;15;4;23;1645;1;2;1;1;1;55;00, ALPHONSE ALLAIS (RUE;;;;130
201500014011;15;1;17;1920;5;2;1;1;2;75;123BIS, MARIUS PINATEL (;M;4334813;547131;130
201500014012;15;4;30;1135;1;1;2;1;6;55;23, MAUVESTIS (RUE DES);M;4329994;536892;130
201500014013;15;1;19;700;5;2;1;3;6;55;42, BD DE PARIS;M;4330741;537160;130
201500014014;15;4;30;1620;1;2;1;1;2;55;40, FRANЗOISE DUPARC (BO;M;4330231;540074;130
201500014015;15;4;30;1450;1;2;1;1;3;55;274, POILUS (AVENUE DES);M;4331669;546081;130
201500014016;15;1;19;940;1;2;1;2;6;55;158, AVE DE LA CAPELETTE;M;4328056;540786;130
201500014017;15;5;1;120;5;2;2;1;3;55;TERRUSSE (RUE);M;4329637;539151;130
201500014018;15;1;23;1245;1;2;1;1;6;55;304, BD DE SAINT MARCEL;M;4328624;547328;130
201500014019;15;5;1;215;5;2;1;1;6;55;ALEX. FLEMING (BOULEVARD;;;;130
201500014020;15;1;26;1150;1;2;1;1;2;55;14, AVE ALEXANDRE ANSALD;M;4333201;540416;130
201500014021;15;4;30;1230;1;2;1;1;6;55;00, SAINT JOSEPH (CHEMIN;;;;130
201500014022;15;1;26;1220;1;2;1;1;2;55;00, AVE JEAN PAUL SARTRE;;;;130
201500014023;15;1;27;2000;5;2;1;1;6;55;220, AVE DU PRADO;M;4327630;538879;130
201500014024;15;4;17;1830;1;2;1;1;3;55;79, ROMAIN ROLLAND (BOUL;M;4327906;542271;130
201500014025;15;4;30;1845;1;2;1;1;2;55;LYON (RUE DE);;;;130
201500014026;15;1;31;1330;1;2;1;1;6;55;27, BD GAY LUSSAC;M;4333426;537465;130
201500014027;15;1;1;306;5;2;2;1;3;55;60, BD VOLTAIRE;M;4330347;538595;130
201500014028;15;5;1;1254;1;2;1;1;6;55;94, CHARTREUX*(AVENUE DE;M;4330575;539944;130
201500014029;15;4;30;1415;1;1;1;1;3;55;85, BAILLE (BOULEVARD);M;4328753;538980;130
201500014030;15;5;1;1420;1;2;2;2;3;55;30, PIERRE ROCHE (RUE);M;4330931;540346;130
201500014031;15;4;26;1100;1;2;3;1;3;55;route de la viste;M;4335745;535753;130
201500014032;15;1;27;1155;1;2;1;1;7;55;151, RTE DES TROIS LUCS;M;4330395;547433;130
201500014033;15;5;1;1720;1;1;1;1;3;55;HENRI BARNIER (BOULEVARD;;;;130
201500014034;15;2;6;2300;5;2;6;1;3;55;80, BD ALBE;M;4331375;540661;130
201500014035;15;2;24;614;5;1;1;1;1;55;00, RTE LEON LACHAMP;;;;130
201500014036;15;4;9;750;1;2;2;1;3;55;23, ALGER (RUE D');M;4328928;538836;130
201500014037;15;2;3;1306;1;2;1;2;6;55;22, AVE DU PRADO;M;4328436;538458;130
201500014038;15;5;1;2120;5;2;3;2;3;55;FRЙDЙRIC SAUVAGE (BOULEV;M;4333068;537166;130
201500014039;15;2;2;1225;1;2;1;1;6;55;46, RUE LONGUE DES CAPUC;M;4329841;537898;130
201500014040;15;5;2;800;1;1;1;1;1;55;00, MORGIOU (CHEMIN DE);M;0;0;130
201500014041;15;5;2;1730;1;2;1;1;6;55;1, DЙSIRЙ BIANCO (AVENUE;M;4328676;542527;130
201500014042;15;2;4;1530;1;2;1;2;6;55;00, AVE DU CAP PINEDE RO;;;;130
201500014043;15;5;2;2215;5;2;1;1;6;55;95, GEORGES ESTRANGIN (B;M;4327666;537182;130
201500014044;15;1;31;1830;5;2;1;1;6;55;02, CRS PIERRE PUGET;M;4329052;537794;130
201500014045;15;5;3;45;5;2;1;1;6;55;146, TOULON (AVENUE DE);M;4328473;539270;130
201500014046;15;5;1;1700;1;2;1;1;7;55;75, CORNICHE KENNEDY;M;4328933;535482;130
201500014047;15;1;24;1825;5;2;1;6;6;55;26, BD CAMILLE FLAMMARIO;M;4330427;538875;130
201500014048;15;5;3;530;5;2;1;1;7;55;245, ROUCAS BLAN (CHEMIN;M;4328015;536870;130
201500014049;15;1;28;1930;5;2;1;1;6;55;62, BD DE SAINTE MARGUER;M;4326846;540495;130
201500014050;15;5;3;2145;5;2;2;1;3;55;4, SAINT ANTOINE (CHEMIN;M;4334960;537527;130
201500014051;15;1;29;1345;1;2;2;2;3;55;00, RUE MARCEL SEMBAT;M;4330161;538166;130
201500014052;15;1;12;1210;1;2;1;1;7;55;57, BD DE LA VALBARELLE;M;4328726;544642;130
201500014053;15;4;13;1600;1;2;1;1;3;55;00, ROGER SALENGRO (AVEN;;;;130
201500014054;15;5;4;1210;1;2;1;1;6;55;246, LYON (RUE DE);M;4333233;536449;130
201500014055;15;4;29;1730;1;1;1;1;7;2;ETIENNE CUCCA-CD908 (AVE;;;;130
201500014056;15;1;28;850;1;2;1;1;2;55;13, CHE DE SAINT ANTOINE;M;4335497;533590;130
201500014057;15;2;2;1530;1;2;1;1;6;55;0, BD ROLAND DORGELES;;;;130
201500014058;15;5;4;1725;1;2;1;1;6;55;322, PIERRE DOIZE  (RUE);M;4327087;542500;130
201500014059;15;1;31;1320;1;2;2;1;6;55;BD ROLAND DORGELES;M;4334733;537840;130
201500014060;15;5;4;1650;1;2;3;1;3;55;27, CORSE (AVENUE DE LA);M;4328946;536404;130
201500014061;15;1;30;835;1;2;1;1;6;55;28, CHE DE CHATEAU GOMBE;M;4333571;542077;130
201500014062;15;5;5;800;1;1;1;1;7;55;LЙON LACHAMP (ROUTE);M;4323988;545581;130
201500014063;15;1;30;1400;1;2;3;1;7;55;61, BD JOURDAN;M;4333361;539609;130
201500014064;15;5;4;1930;1;1;1;1;6;55;281, CORNICHE KENNEDY;M;4327754;535623;130
201500014065;15;1;31;1005;1;2;2;1;3;55;67, RUE DE LA JOLIETTE;M;4330290;536982;130
201500014066;15;5;5;1500;1;2;1;1;2;55;47, MARЙCHAL DE LATTRE (;M;4324817;540617;130
201500014067;15;1;6;730;1;2;3;1;3;55;130, CHE DE LA MADRAGUE;M;4332624;536103;130
201500014068;15;4;12;1230;1;2;1;1;2;55;11, NICOLAS APPERT (RUE);M;4333953;541818;130
201500014069;15;2;3;1430;1;2;1;2;7;55;11, RUE DE LA BOISERAIE;M;4329835;542138;130
201500014070;15;5;6;910;1;1;1;1;2;55;02, DANIEL CASANOVA (BOU;M;4332103;537475;130
201500014071;15;1;26;1515;1;2;1;1;6;55;67, BD CAMILLE FLAMMARIO;M;4330618;539391;130
201500014072;15;5;6;938;1;2;3;1;2;55;MAZARGUES (AVENUE DE);M;4326772;538927;130
201500014073;15;5;6;1100;1;2;2;1;3;55;SAINT JEAN (AVENUE DE);M;4329644;536608;130
201500014074;15;4;9;830;1;2;1;1;3;55;01, MAGUY ROUBAUD (RUE);M;4327270;540085;130
201500014075;15;4;30;1650;1;2;1;1;5;55;136, L ARMEE D AFRIQUE (;M;4328822;541045;130
201500014076;15;2;1;1350;1;2;1;1;6;2;00, VALLON VERT (AVENUE;;;;130
201500014077;15;5;6;1245;1;2;1;1;3;55;74, LOUIS REGIS (RUE);M;4328855;550105;130
201500014078;15;2;27;645;5;2;1;2;5;55;AVE JEAN PAUL SARTRE;;;;130
201500014079;15;5;7;935;1;2;1;1;4;55;92, BAILLE (BOULEVARD);M;4328766;539036;130
201500014080;15;2;27;605;5;2;1;2;7;55;87, RUE AUGUSTIN AUBERT;M;4326508;540374;130
201500014081;15;5;7;830;1;2;1;1;3;55;02, OCTROI (PLACE GARE D;M;4328153;542578;130
201500014082;15;5;7;730;1;2;1;1;6;55;138, ROSE (AVENUE DE LA);M;4332808;542508;130
201500014083;15;2;9;1315;1;2;1;1;6;55;182, BD RABATAU;M;4328127;539950;130
201500014084;15;5;7;1140;1;2;1;1;2;55;93, RABATAU (BOULEVARD);M;4327658;539766;130
201500014085;15;2;11;2145;5;2;2;1;6;55;00, RUE COLBERT;M;4329926;537413;130
201500014086;15;5;7;1120;1;2;5;1;1;55;237, LIBERATION (BOULEVA;M;4330279;539664;130
201500014087;15;2;10;1530;1;2;1;1;6;55;RUE DE PONTEVES;;;;130
201500014088;15;5;7;1350;1;2;1;1;3;55;250, LYON (RUE DE);M;4333237;536448;130
201500014089;15;5;6;1900;1;2;1;1;6;55;398, SAINT ANTOINE (AVEN;M;4338086;535760;130
201500014090;15;2;9;1630;1;2;1;1;2;55;AVE DU MARCHE NATIONAL;;;;130
201500014091;15;5;7;1625;1;2;1;1;3;55;01, ALBERT EINSTEIN (RUE;M;4333679;543491;130
201500014092;15;1;30;1600;1;2;3;1;3;55;27, RUE COUTELLERIE;M;4329677;537253;130
201500014093;15;5;7;1645;1;2;1;1;1;55;1, ARNAVAUX (AVENUE DES);M;4333196;538199;130
201500014094;15;1;21;950;1;2;1;3;3;55;306, RUE ALBERT EINSTEIN;M;4334650;544893;130
201500014095;15;5;8;2015;1;2;1;1;6;55;75, EDMOND JALOUX (RUE);M;4332923;538429;130
201500014096;15;2;11;1045;1;2;3;1;3;55;363, RUE DE LYON;M;4333888;536222;130
201500014097;15;5;6;1400;1;1;1;1;3;55;431, SAINT PIERRE (RUE);M;4329170;541259;130
201500014098;15;2;14;1315;1;2;1;3;2;55;571, AVE DE MAZARGUES;M;4325356;539453;130
201500014099;15;5;8;2030;1;2;1;1;7;55;BAT B, LAVOISIER (BOULEV;M;4334014;537017;130
201500014100;15;1;30;1500;1;2;1;1;6;55;55, BD RABATAU;M;4327495;539514;130
201500014101;15;5;8;2220;5;2;9;1;1;55;ATHENES (BOULEVARD D');;;;130