num_acc;an;mois;jour;hrmn;lum;agg;int;atm;col;com;adr;gps;lat;long;dep
201500014102;15;2;12;1445;1;2;1;1;6;55;66, BD PERIER;M;4327912;538312;130
201500014103;15;5;8;2015;5;2;1;1;1;55;15, RIVE NEUVE (QUAI DE);M;4329321;537063;130
201500014104;15;2;14;600;5;2;1;2;6;55;03, BD RABATAU;M;4327274;539167;130
201500014105;15;5;9;1130;1;2;1;1;1;55;00, EDOUARD VAILLANT (RU;;;;130
201500014106;15;5;9;5;5;2;1;1;2;55;05, JEAN MOULIN (BOULEVA;M;4329174;540056;130
201500014107;15;2;11;1500;1;2;1;1;6;55;42, RUE CAISSERIE;M;4329684;536710;130
201500014108;15;1;24;1200;1;2;1;1;7;55;135, CHE SAINT JEAN DU D;M;4329404;541178;130
201500014109;15;5;9;1330;1;2;3;1;3;55;323, MICHELET (BOULEVARD;M;4325863;539914;130
201500014110;15;5;9;1330;1;2;1;1;1;55;35, TROIS LUCS (AVENUE D;M;4331084;546758;130
201500014111;15;2;7;1840;5;2;1;1;6;55;1840, CHE DU LANCIER;;;;130
201500014112;15;2;9;600;5;2;1;1;7;55;191, AVE DE MAZARGUES;M;4326484;539145;130
201500014113;15;5;9;1445;1;2;1;1;6;55;137, ROUET (RUE DU);M;4327925;539154;130
201500014114;15;2;4;1415;1;2;1;2;7;55;02, PCE DE LA GARE DE L';M;4328153;542578;130
201500014115;15;5;9;1430;1;2;1;1;3;55;40, DЙSIRЙ BIANCO (AVENU;M;4328871;542561;130
201500014116;15;1;30;800;1;2;1;1;6;55;09, BD FERDINAND DE LESS;M;4331971;536952;130
201500014117;15;5;10;540;3;1;1;1;6;55;000, ALEX. FLEMING (BOUL;;;;130
201500014118;15;4;18;1100;1;2;3;1;6;55;88, MAZARGUES (AVENUE DE;M;4326749;538938;130
201500014119;15;2;8;450;5;2;1;1;7;55;234, AVE DES OLIVES;M;4332404;544305;130
201500014120;15;5;10;1240;1;2;1;1;3;55;01, MERLAN (AVENUE);M;4333137;540571;130
201500014121;15;2;3;1915;5;2;6;3;3;55;BD BARRY;M;4332017;541486;130
201500014122;15;5;10;1730;1;2;1;1;2;55;DOCTEUR LЙON PERRIN (RUE;M;4331413;538718;130
201500014123;15;2;6;1400;1;2;1;1;2;55;12, RUE STANISLAS TORREN;M;4328914;537759;130
201500014124;15;5;2;1635;1;2;1;1;6;55;20, FRANCOISE DUPARC (BO;M;4330114;540078;130
201500014125;15;2;9;2110;5;2;3;1;3;55;34, BD FRANCOISE DUPARC;M;4330193;540071;130
201500014126;15;5;11;600;1;2;1;1;6;55;18, JEAN BARBIERI (BOULE;M;4334946;535775;130
201500014127;15;2;8;1150;1;2;1;1;6;55;04, PCE DAVIEL;M;4329778;536948;130
201500014128;15;5;11;830;1;2;1;1;2;55;02, MONTREDON (AVENUE DE;M;4324531;537302;130
201500014129;15;1;15;1125;1;2;2;1;3;55;08, RUE DE LORGUES;M;4329987;539968;130
201500014130;15;5;11;758;1;2;1;1;2;55;274, LITTORAL (CHEMIN DU;M;4334055;534863;130
201500014131;15;2;10;640;5;2;3;1;3;55;00, BD DE PARIS;M;4331373;536796;130
201500014132;15;5;4;1920;1;2;3;1;2;2;00, SAINT JEAN (CHEMIN;M;4332364;549213;130
201500014133;15;2;6;730;1;2;2;1;3;55;05, RUE VILLENEUVE;M;4329972;538227;130
201500014134;15;5;11;1230;1;2;1;1;5;55;202, MADRAGUE VILLE (RUE;M;4333019;535898;130
201500014135;15;2;6;1220;1;2;1;8;6;55;524, AVE DE MAZARGUES;;;;130
201500014136;15;5;11;1100;1;1;1;1;6;55;33, CALLELONGUE (ALLEE);M;4325462;538920;130
201500014137;15;10;20;1330;1;2;1;1;3;55;34, LIBERATION (BOULEVAR;M;4329980;538755;130
201500014138;15;5;11;1615;1;2;3;1;3;55;ALEX ANSALDI (RUE);M;4333101;540642;130
201500014139;15;5;11;1527;1;2;1;1;6;55;CABOT (BOULEVARD);M;4325889;541707;130
201500014140;15;5;12;815;1;2;1;1;6;55;302, NATIONAL (BOULEVARD;M;4331213;537676;130
201500014141;15;5;12;1555;1;2;1;1;3;55;219, ROUET (RUE DU);M;4327564;539566;130
201500014142;15;3;5;1820;2;2;1;1;6;55;200, COR PRESIDENT JOHN;M;4326888;536908;130
201500014143;15;5;8;250;5;2;1;1;2;55;573, PRADO (AVENUE);M;4326273;537644;130
201500014144;15;5;13;100;5;2;5;1;3;55;Avenue Alexandre Fleming;M;4331380;540597;130
201500014145;15;5;13;300;5;2;2;1;3;55;26, LAFAYETTE (RUE);M;4330160;538166;130
201500014146;15;5;12;1100;1;2;1;1;2;55;19, MERLAN (AVENUE);M;4333296;540710;130
201500014147;15;11;14;1005;1;2;1;1;6;55;319, CORNICHE KENNEDY;M;4327450;536139;130
201500014148;15;5;11;1215;1;2;1;1;3;55;425, ROMAIN ROLLAND (BOU;M;4326934;540490;130
201500014149;15;5;13;1115;1;1;1;1;1;55;215, PRADO (AVENUE);M;4327619;538957;130
201500014150;15;5;12;1530;1;2;1;1;6;55;3603, BAUDILLONS (TRAVER;;;;130
201500014151;15;5;7;1510;1;2;1;1;5;55;255, VALLON DE L (CHEMIN;M;4327599;536092;130
201500014152;15;5;13;1415;1;2;1;1;2;55;191, BAILLE (BOULEVARD);M;4329011;539933;130
201500014153;15;5;13;1620;1;2;1;1;4;55;1, SABLIER (BOULEVARD DU;M;4325341;538207;130
201500014154;15;3;9;1040;1;2;1;1;6;55;211, BD MICHELET;M;4326283;539677;130
201500014155;15;5;13;1930;1;2;1;1;4;55;1, HENRI BARNIER (BOULEV;M;4337316;535507;130
201500014156;15;3;9;2131;5;2;2;1;3;55;0, RUE BRETEUIL;M;4329025;537585;130
201500014157;15;1;13;745;1;2;3;1;3;55;161, RUE FRANCOIS MAURIA;M;4326788;542670;130
201500014158;15;5;13;1900;1;2;1;1;1;55;CAPELETTE (AVENUE DE LA);M;4328332;540122;130
201500014159;15;2;3;840;1;2;1;1;1;55;134, BD DE STRASBOURG;M;4330976;537956;130
201500014160;15;5;13;1925;1;2;1;1;2;55;67, PLOMBIERES (BOULEVAR;M;4331593;538451;130
201500014161;15;5;14;328;5;2;2;1;3;55;22, PIERRE PUGET (COURS);M;4329041;537577;130
201500014162;15;1;30;1800;3;2;3;1;3;55;00, BD NATIONAL;;;;130
201500014163;15;4;26;1625;1;2;1;1;3;55;51, FORTUNЙ JOURDAN (RUE;M;4331144;538752;130
201500014164;15;4;21;1500;1;2;1;1;2;55;00, VILLAGE (RUE DE);;;;130
201500014165;15;2;1;1800;5;2;2;1;6;75;01, JULES ROLLANDIN (BD);;;;130
201500014166;15;2;9;1200;1;2;2;1;6;55;69, BD SAKAKINI;M;4329577;540043;130
201500014167;15;5;14;1700;1;2;6;1;3;55;285, PRADO (AVENUE);M;4327279;539115;130
201500014168;15;5;14;1850;1;2;1;1;2;55;PLOMBIERES (BOULEVARD DE;M;4331502;538799;130
201500014169;15;5;14;2345;5;2;3;1;3;55;CRIMEE (RUE DE);M;4330904;537840;130
201500014170;15;5;8;1440;1;2;9;1;3;55;17, BERCEAU (RUE);M;4328807;539527;130
201500014171;15;5;15;1410;1;2;1;1;6;55;3, BERNARD (RUE);M;4330199;551433;130
201500014172;15;5;16;30;5;2;1;1;2;55;719, MAZARGUES (AVENUE D;M;4324927;539700;130
201500014173;15;1;14;1915;5;2;1;1;6;55;138, AVE JULES CANTINI;M;4328054;539353;130
201500014174;15;4;17;1050;1;2;1;1;3;55;171, MADRAGUE VILLE (RUE;M;4332798;535973;130
201500014175;15;5;16;1600;1;2;1;1;1;55;03, BASILE BARRELIER (BO;M;4333877;539118;130
201500014176;15;2;5;245;5;2;1;3;6;55;148, AVE PIERRE MENDES F;M;4325684;537648;130
201500014177;15;5;17;855;1;2;1;1;5;55;, ALEX ANSALDI (RUE);M;4333065;540499;130
201500014178;15;4;21;1835;1;2;1;1;4;55;01, HENRI BARNIER (BOULE;M;4337330;535467;130
201500014179;15;2;5;745;1;2;1;1;1;55;315, COR PRESIDENT JOHN;M;4327547;535987;130
201500014180;15;2;3;1630;1;2;3;3;1;55;00, CHE DE PALAMA;M;4335306;543802;130
201500014181;15;5;17;715;1;2;3;1;3;55;677, MAZARGUES (AVENUE D;M;4325012;539597;130
201500014182;15;1;30;530;5;2;1;9;6;55;540, CHE DE LA MADRAGUE;M;4334709;535539;130
201500014183;15;5;17;845;1;1;1;1;3;2;2, ETIENNE CUCCA-CD908 (;M;4336334;549583;130
201500014184;15;2;3;1150;1;2;1;2;6;55;26, BD CHARLES MORETTI;M;4332580;537877;130
201500014185;15;5;16;1830;1;2;1;1;3;55;47, RIVE NEUVE (QUAI);M;4329236;536623;130
201500014186;15;2;2;2030;5;2;2;1;3;55;000, BD ALPHONSE SOLEIRO;M;4328211;550031;130
201500014187;15;5;17;420;5;2;1;1;6;55;17, MAZARGUES (AVENUE DE;M;4326951;538868;130
201500014188;15;5;13;1315;1;2;1;1;3;55;28, LIBERATION (BOULEVAR;M;4329968;538716;130
201500014189;15;2;5;900;1;2;3;1;3;55;194, BD DU REDON;M;4324947;542263;130
201500014190;15;1;9;800;1;2;1;2;4;55;263, BD ROMAIN ROLLAND;M;4327360;541354;130
201500014191;15;5;18;1620;1;2;1;1;6;55;28, MALAVAL (RUE);M;4330532;537222;130
201500014192;15;2;7;1240;1;2;1;1;6;55;67, AVE DES PEINTRES ROU;M;4330769;546801;130
201500014193;15;5;18;1645;1;1;1;1;2;55;71, SAINT ANTOINE (CHEMI;M;4335415;537114;130
201500014194;15;5;18;1915;1;2;1;1;6;55;448, MICHELET (BOULEVARD;M;4325270;540221;130
201500014195;15;5;18;2319;5;2;3;1;3;55;47, AVIATEUR LE BRIX (RU;M;4325980;540225;130
201500014196;15;5;18;1120;1;2;1;1;3;55;26, SAINT JOSEPH (CHEMIN;;;;130
201500014197;15;5;18;1100;1;2;3;1;6;55;232, ROMAIN ROLLAND (BOU;M;4327375;541388;130
201500014198;15;1;30;1430;1;2;1;1;6;55;163, BD DE SAINT MARCEL;M;4328766;546479;130
201500014199;15;5;18;1900;1;2;1;1;3;55;245, MICHELET (BOULEVARD;M;4326090;539813;130
201500014200;15;2;6;650;5;2;1;8;6;55;BD PIERRE MENARD;;;;130
201500014201;15;5;18;1620;1;2;3;1;3;55;12, MERIMEE;M;4332701;539583;130
201500014202;15;2;4;1000;1;2;1;2;7;55;LAC/200, PIERRE CHEVALIE;;;;130
201500014203;15;5;19;1600;1;2;9;1;6;55;141, LYON (RUE DE);M;4332954;536543;130
201500014204;15;2;3;1815;3;2;1;2;6;55;35, RPT TINO ROSSI;;;;130
201500014205;15;5;19;2311;5;2;1;1;6;55;41, TAPIS VERT (RUE);M;4329873;537933;130
201500014206;15;2;6;2220;5;2;2;1;3;55;06, RUE ROGER BRUN;M;4328672;539036;130
201500014207;15;5;19;1830;1;2;1;1;6;55;11, BERNARD CADENAT (PLA;M;4331242;538705;130
201500014208;15;2;4;2130;5;2;1;2;6;55;000, BD SCHLOESING;;;;130
201500014209;15;5;15;1100;1;1;1;1;6;55;04, CHARTREUX (AVENUE DE;M;4330299;539714;130
201500014210;15;5;13;1830;1;2;1;1;1;55;00, ALEX. FLEMING (BOULE;M;0;0;130
201500014211;15;2;2;530;3;2;1;9;6;55;236, AVE DES OLIVES;M;4332433;544310;130
201500014212;15;5;20;1350;1;2;1;1;6;55;METRO (BOULEVARD DU);M;4333447;542874;130
201500014213;15;1;31;1245;1;2;1;1;6;55;03, CHE DU VALLON VERT;M;4333482;545091;130
201500014214;15;5;19;1220;1;2;2;1;6;55;104, LIBERATION (BOULEVA;M;4330108;539129;130
201500014215;15;5;20;915;1;2;5;1;1;55;1, AUGUSTIN AUBERT (RUE);M;4326675;540286;130
201500014216;15;5;20;1150;1;2;1;1;6;75;70, FRЙDЙRIC CHEVILLON (;M;4334762;546392;130
201500014217;15;5;20;1710;1;2;1;1;6;55;BAILLE (BOULEVARD);M;4328986;539843;130
201500014218;15;5;20;1615;1;2;1;1;6;55;PRADO (AVENUE);M;4326486;537976;130
201500014219;15;5;20;2105;5;2;4;6;3;55;40, DЙSIRЙ BIANCO (AVENU;M;4328840;542524;130
201500014220;15;5;21;730;1;2;2;1;3;55;1, ROLAND DORGELES (BOUL;M;4334806;537689;130
201500014221;15;5;21;1204;1;2;1;1;6;55;135, SAINTE THERESE (BOU;M;4329380;540959;130
201500014222;15;5;20;1450;1;2;1;1;4;55;02, GUSTAVE GANAY (BOULE;M;4326549;539687;130
201500014223;15;3;8;25;5;2;2;1;6;55;CHE DE LA STATION DU;M;4333177;538701;130
201500014224;15;5;21;1515;1;2;2;1;3;55;HORACE BERTIN (RUE);M;4329573;539076;130
201500014225;15;5;21;1200;1;2;1;1;3;55;14, MARЙCHAL DE LATTRE (;M;4324964;540482;130
201500014226;15;5;17;150;5;2;2;1;3;55;15, BAILLE (BOULEVARD);M;4328642;538563;130
201500014227;15;5;15;1300;1;1;1;1;6;55;76, NATIONAL (BOULEVARD);M;4330586;538373;130
201500014228;15;5;21;1900;1;2;1;1;3;55;TOURETTE (QUAI DE LA);M;4329978;536365;130
201500014229;15;5;16;630;1;2;3;1;6;55;SAKAKINI (BOULEVARD);M;4329375;540132;130
201500014230;15;5;22;1300;1;2;3;1;1;55;297, ROMAIN ROLLAND (BOU;M;4327249;541125;130
201500014231;15;1;29;1815;5;2;1;1;6;55;21, BD PERIER;M;4327964;538574;130
201500014232;15;5;22;1715;1;2;1;1;3;55;52, LYON (RUE DE);M;4332511;536699;130
201500014233;15;2;11;715;5;2;1;1;7;55;AVE GEORGES BRAQUES;;;;130
201500014234;15;5;22;1635;1;2;1;1;6;55;149, PRADO (AVENUE);M;4327891;538803;130
201500014235;15;2;3;1635;1;2;1;2;6;2;721, VATERSTETTEN (AVENU;M;4335586;548662;130
201500014236;15;5;19;1100;1;2;1;1;3;55;25, RAYMOND TEISSERE (RU;M;4327278;539958;130
201500014237;15;1;30;1930;5;2;1;1;6;55;72, CHE DU MERLAN A LA R;M;4333006;541317;130
201500014238;15;5;23;224;5;2;1;1;7;55;130, LYON (RUE DE);M;4332750;536616;130
201500014239;15;5;22;1020;1;2;1;1;5;55;02, ATHENES (BOULEVARD D;M;4329946;538099;130
201500014240;15;2;11;1440;1;2;1;1;2;2;154, 7EME TIRAILLEURS AL;M;4333824;547782;130
201500014241;15;5;23;520;5;2;1;1;6;55;71, MARЙCHAL DE LATTRE (;M;4324645;540836;130
201500014242;15;5;23;400;5;2;1;1;6;55;64, TELLENE (BOULEVARD);M;4328524;536730;130
201500014243;15;5;23;1605;1;2;1;1;3;55;32, SCHLOESING (BOULEVAR;M;4327248;540103;130
201500014244;15;1;28;1030;1;2;1;1;6;55;57, BD ROMAIN ROLLAND;M;4327971;542420;130
201500014245;15;5;23;1705;1;2;3;1;3;55;3 ROSTAND (AVENUE);M;4331170;537738;130
201500014246;15;5;23;2045;5;2;1;1;1;55;192, ROUET (RUE DU);M;4327557;539574;130
201500014247;15;2;9;1850;5;2;1;1;6;55;57, BD ROMAIN ROLLAND;M;4327971;542425;130
201500014248;15;5;24;5;5;1;2;1;3;55;76, LODI (RUE DE);M;4328918;538734;130
201500014249;15;2;12;750;1;2;3;1;1;55;206, BD PAUL CLAUDEL;M;4326798;541843;130
201500014250;15;5;23;1820;1;1;1;1;6;55;26, COMMANDANT FINAT DUC;M;4333048;538607;130
201500014251;15;2;7;1400;1;2;1;1;2;2;01, QUATRE SAISONS (ROUT;M;4333110;548862;130
201500014252;15;5;24;635;2;2;1;1;6;55;6, LOUIS BOTINELLY (RUE);M;4329797;540592;130
201500014253;15;5;15;937;1;1;1;1;3;55;172, CANEBIERE     70 A;M;4329896;538493;130
201500014254;15;5;24;1230;1;2;3;1;3;55;SAINT LOUIS (AVENUE DE);M;0;0;130
201500014255;15;5;13;1030;1;2;2;1;3;55;10, REPUBLIQUE (RUE DE L;M;4329694;537366;130
201500014256;15;3;13;1900;5;2;1;1;6;55;285, BD ROMAIN ROLLAND;M;4327287;541192;130
201500014257;15;5;24;920;1;2;1;1;3;55;230, SAINT ANTOINE (CHEM;M;4337362;535583;130
201500014258;15;2;8;1500;1;2;2;1;3;55;00, RUE DE CRIMEE;M;4330903;537840;130
201500014259;15;5;13;1345;1;2;1;1;2;55;80, FRANЗOISE DUPARC (BO;M;4330460;540103;130
201500014260;15;2;11;2030;5;2;3;1;6;55;18, AV DE LA CROIX ROUG;M;4333054;543059;130
201500014261;15;5;19;1620;1;2;2;1;5;55;PIERRE PUGET (COURS);M;4328995;537256;130
201500014262;15;2;3;1515;1;2;1;3;6;55;23, QAI DU LAZARET;M;4330538;536538;130
201500014263;15;5;20;750;1;2;1;1;3;55;121, PAUL CLAUDEL (BOULE;M;4326778;541152;130
201500014264;15;2;10;1920;5;1;1;1;7;55;RTE LEON LACHAMP;;;;130
201500014265;15;5;25;1515;1;2;1;1;3;55;148, MENDES FRANCE (AVEN;M;4325684;537646;130
201500014266;15;5;25;2045;1;2;1;1;1;55;299, CORNICHE KENNEDY;M;4327648;535825;130
201500014267;15;1;13;1645;1;2;1;1;6;55;198, BD DE LA LIBERATION;M;4330240;539554;130
201500014268;15;2;18;2000;5;2;1;1;2;55;00, BD RABATAU;;;;130
201500014269;15;5;26;828;1;2;3;1;6;55;42, CHARLES NEDELEC (BOU;M;4330325;537896;130
201500014270;15;2;18;1010;1;2;1;1;2;55;RTE LEON LACHAMP;;;;130
201500014271;15;5;26;1645;1;2;1;1;3;55;425, ROMAIN ROLLAND (BOU;M;4326934;540490;130
201500014272;15;5;26;1715;1;1;1;1;6;55;77, VISTE (AVENUE DE LA);M;4335759;535753;130
201500014273;15;5;26;2030;2;2;2;1;6;55;42, ROLAND DORGELES (BO;M;4334733;537840;130
201500014274;15;5;2;1110;1;2;1;1;7;55;141, FRANЗOISE DUPARC (B;M;4330793;540189;130
201500014275;15;1;30;1250;1;2;1;1;6;55;00, PCE JULES GUESDE;M;4330292;537499;130
201500014276;15;5;27;1130;1;2;1;1;6;55;74, FENOUIL (BOULEVARD);M;4336006;531997;130
201500014277;15;5;27;1329;1;2;1;1;2;55;204, JULES CANTINI (AVEN;M;4327828;539764;130
201500014278;15;5;27;1523;1;1;1;1;6;55;10, PONTEVES (RUE DE);M;4330736;537138;130
201500014279;15;5;27;1125;1;2;1;1;2;55;16, AIX (RUE D');M;4329972;537595;130
201500014280;15;5;27;1700;1;2;1;1;6;55;2, 24 AVRIL 15 (AVENUE D;M;4330762;542556;130
201500014281;15;2;11;1030;1;2;1;1;2;55;175, AVE CLOT BEY;M;4325493;538211;130
201500014282;15;5;27;1735;1;2;1;1;6;55;25, PONT DE VIVAUX (BOUL;M;4327974;541809;130
201500014283;15;2;20;1530;1;2;1;1;6;55;36, BD LOUIS ARMAND;M;4329823;541330;130
201500014284;15;5;27;2225;5;2;3;1;3;55;36, SAINT MARCEL (BOULEV;M;4328872;545833;130
201500014285;15;2;16;1600;1;2;1;1;4;55;402, BD MICHELET;M;4325466;540137;130
201500014286;15;5;28;240;5;2;2;1;3;55;00, SAINTE (RUE);M;4329242;537495;130
201500014287;15;1;23;1920;5;2;1;1;2;75;107, FR?D?RIC CHEVILLON;M;4334847;546578;130
201500014288;15;5;28;340;5;2;1;1;3;55;83, SAKAKINI (BOULEVARD);M;4329450;540139;130
201500014289;15;2;24;1730;2;2;1;1;6;55;147, AVE DE SAINT LOUIS;M;4334826;535896;130
201500014290;15;5;17;1130;1;2;2;1;3;55;60, STANISLAS TORRENTS (;M;4328779;537824;130
201500014291;15;2;26;1715;1;2;1;1;6;55;98, AVE DU PRADO;M;4328161;538581;130
201500014292;15;5;27;1730;1;2;1;1;1;55;534, PARADIS (RUE);M;4327184;538589;130
201500014293;15;2;12;1130;1;2;1;1;2;55;37, AVE DE CHATEAU GOMBE;;;;130
201500014294;15;5;28;300;5;2;2;1;3;55;85, PIERRE PUGET (COURS);M;4328995;537255;130
201500014295;15;2;3;1115;1;2;2;1;3;55;00, RUE MARENGO;;;;130
201500014296;15;5;28;1145;1;2;1;1;6;55;80, SYLVABELLE (RUE);M;4328853;537598;130
201500014297;15;2;25;915;1;2;1;1;6;55;14, AVE DU MARECHAL FOCH;M;4330166;539806;130
201500014298;15;5;28;1430;1;2;1;1;2;55;130, SALVADOR ALLENDE (R;M;4332998;539649;130
201500014299;15;5;23;1420;1;2;1;1;6;55;121, ABBE DE L'E (RUE);M;4329726;539393;130
201500014300;15;2;25;945;1;1;1;1;6;55;99, BD DE LA SAVINE*;;;;130
201500014301;15;5;28;1715;1;2;1;1;2;55;91-117 PLOMBIERES;M;4331727;538138;130
201500014302;15;5;28;1750;1;2;1;1;3;55;111, CAPELETTE (AVENUE D;M;4328166;540450;130
201500014303;15;5;28;1800;1;2;1;1;3;55;437, PRADO (AVENUE);M;4326727;538354;130
201500014304;15;3;1;1230;1;2;1;1;6;55;1527, RUE DE LA MAURELLE;;;;130
201500014305;15;2;25;1124;1;2;1;1;6;55;66, AVE DE SAINT JULIEN;M;4330559;541784;130
201500014306;15;5;28;1915;1;2;1;1;3;55;232, RABELAIS (RUE);M;4336078;532856;130
201500014307;15;2;21;2050;5;2;2;1;6;55;118, CHE SAINT JEAN DU D;M;4329379;540960;130
201500014308;15;2;19;607;5;2;1;1;1;55;AVE DE LATTRE DE TASSIGN;;;;130
201500014309;15;5;28;830;1;2;1;1;6;55;8, BERNARD LECACHE (AVEN;M;4329563;544834;130
201500014310;15;2;17;200;5;2;1;2;6;55;BD RABATAU;;;;130
201500014311;15;5;21;2005;1;2;1;1;3;55;10, SAKAKINI (BOULEVARD);M;4329888;540074;130
201500014312;15;2;20;1730;1;2;1;1;2;75;35, GENERAL DE GAULLE (M;M;4333762;548346;130
201500014313;15;5;29;800;1;2;1;1;3;55;44, PARIS (BOULEVARD DE);M;4330713;537176;130
201500014314;15;5;29;730;1;2;1;1;7;55;45, LESSEPS (RUE DE);M;4332023;537162;130
201500014315;15;2;22;120;5;2;1;1;6;55;344, BD MICHELET;M;4325792;539929;130
201500014316;15;5;28;2000;1;2;1;1;3;55;41, ROLAND DORGELES (BOU;M;4334724;537836;130
201500014317;15;1;30;1940;5;2;1;1;2;55;159, COR PRESIDENT JOHN;M;4328622;535122;130
201500014318;15;5;29;1215;1;2;1;1;3;55;20, LOUBON (RUE);M;4331158;537862;130
201500014319;15;1;7;815;1;2;1;1;6;55;79, BD JEANNE D' ARC;M;4329325;540426;130
201500014320;15;5;29;1820;1;2;1;1;2;55;146, FRANЗOISE DUPARC (B;M;4330879;540253;130
201500014321;15;2;24;915;1;2;1;1;6;55;10, BD BAILLE;M;4328630;538548;130
201500014322;15;1;25;730;2;2;2;1;3;55;62, RUE CONSOLAT;M;4330062;538835;130
201500014323;15;5;29;1855;1;2;8;1;6;55;35, RIVE NEUVE (QUAI);M;4329262;536753;130
201500014324;15;2;10;1815;1;2;1;1;1;55;272, BD CHAVE;M;4329590;540232;130
201500014325;15;5;29;2110;5;2;1;1;2;55;361, SAINT ANTOINE (AVEN;M;4338067;535752;130
201500014326;15;2;23;1005;1;2;2;1;3;55;00, RUE PARADIS;M;4327822;538321;130
201500014327;15;5;17;2031;1;2;1;1;2;55;1, CHARLES LIVON (BOULEV;M;4329222;536334;130
201500014328;15;2;18;910;1;2;3;1;3;106;24, NELSON MANDELA (AVEN;M;4340885;536736;130
201500014329;15;5;30;215;5;2;1;1;3;55;160, CAPELETTE (AVENUE D;M;4328046;540816;130
201500014330;15;2;19;730;1;2;1;1;6;55;302, BD NATIONAL;M;4331213;537675;130
201500014331;15;5;29;1840;1;2;1;1;5;55;00, COLGATE (TRAVERSE);M;0;0;130
201500014332;15;2;11;935;1;2;3;1;3;55;01, MTE ANTOINE CASTEJON;M;4336165;0;130
201500014333;15;4;13;750;1;2;3;1;3;55;00, STRASBOURG (BOULEVAR;;;;130
201500014334;15;2;24;1410;1;2;1;1;7;55;63, BD JEAN MOULIN;M;4328548;539882;130
201500014335;15;5;27;1205;1;2;3;1;5;55;SAINTE MARTHE (CHEMIN DE;M;4333905;539231;130
201500014336;15;2;18;730;1;2;1;1;6;55;264, AVE ROGER SALENGRO;M;4332239;536773;130
201500014337;15;5;18;1700;1;2;1;1;5;55;108, CAMOINS (AVENUE DES;M;4330507;551214;130
201500014338;15;2;18;1130;1;2;1;1;6;55;93, CHE DE SAINT JOSEPH;M;4335514;537022;130
201500014339;15;5;30;1230;1;2;2;1;3;55;208, CHAVE (BOULEVARD);M;4329563;539792;130
201500014340;15;4;11;1540;1;2;2;1;3;55;00, STANISLAS TORRENTS (;M;4328780;537823;130
201500014341;15;2;23;700;1;2;1;1;1;55;80, AVE CLAUDE MONET;M;4332692;539550;130
201500014342;15;2;10;1715;1;2;1;1;6;55;90, AVE DE SAINT JEROME;M;4333281;541995;130
201500014343;15;5;31;1030;1;2;1;1;3;55;78-82, HAMBOURG (BOULEVA;M;4325065;538858;130
201500014344;15;2;16;1800;1;2;1;1;6;55;27B, BD CHARLES MORETTI;M;4332607;537717;130
201500014345;15;5;30;2015;1;2;1;1;6;55;15007, PASTEUR (AVENUE);M;4329115;535909;130
201500014346;15;1;6;745;1;2;1;1;6;55;164, AVE JULES CANTINI;M;4327989;539479;130
201500014347;15;5;31;1520;1;2;1;1;3;55;212, NATIONAL (BOULEVARD;M;4330985;537950;130
201500014348;15;2;19;750;2;2;1;1;6;55;24, BD DE LA LIMITE;M;4337361;536723;130
201500014349;15;5;31;2130;5;2;1;1;3;55;50, MICHELET (BOULEVARD);M;4326545;539558;130
201500014350;15;2;18;1924;5;2;1;1;7;55;02, AVE DES ARNAVAUX;M;4333196;538198;130
201500014351;15;5;31;1815;1;2;3;1;3;55;PEYSSONNEL (RUE);M;4330915;537175;130
201500014352;15;2;13;2100;5;2;2;2;3;55;57, RUE ALPHONSE DAUDET;M;4331906;540816;130
201500014353;15;5;31;1715;1;1;1;1;4;2;00, PICHAURIS (CHEMIN DE;M;4336339;549879;130
201500014354;15;1;6;1830;5;2;2;1;1;55;00, PCE PAUL CEZANNE;M;4329235;538345;130
201500014355;15;5;27;905;1;2;2;1;7;55;74, DOCTEUR FRЙDЙRIC GRA;M;4328101;535830;130
201500014356;15;2;2;1735;1;2;1;1;6;55;101, BD MICHELET;M;4326730;539425;130
201500014357;15;5;29;1150;1;2;1;1;1;55;174, SAINT LOUP (BOULEVA;M;4328406;543572;130
201500014358;15;2;21;1600;1;2;1;1;6;55;220, RUE CHARLES KADDOUZ;M;4331730;543809;130
201500014359;15;6;1;1750;1;2;1;1;6;55;11, 24 AVRIL 15 (AVENUE;M;4330781;542652;130
201500014360;15;1;26;1810;5;2;1;1;6;55;327, AVE DE MONTOLIVET;M;4331775;541915;130
201500014361;15;5;28;2050;2;2;1;1;6;55;37, MADRAGUE DE MONTREDO;M;4323716;536335;130
201500014362;15;2;18;1310;1;2;2;1;6;55;65, CRS GOUFFE;M;4328546;538985;130
201500014363;15;5;27;845;1;2;1;1;2;55;6, CORDERIE (BOULEVARD D;M;4329064;537125;130
201500014364;15;2;2;945;1;2;1;1;2;55;02, RUE DU RACATI;M;4330456;537608;130
201500014365;15;5;26;1410;1;2;8;1;6;55;1, PAUL GONDARD (RUE);M;4329118;538172;130