num_acc;an;mois;jour;hrmn;lum;agg;int;atm;col;com;adr;gps;lat;long;dep
201500014366;15;2;14;1145;1;2;1;2;4;55;41, CRS LIEUTAUD;M;4329314;538242;130
201500014367;15;6;2;1400;1;2;1;1;6;55;57, JEAN MERMOZ (RUE);M;4327539;538674;130
201500014368;15;2;9;1705;1;2;2;1;6;55;00, CHE DE PALAMA;M;4335307;543804;130
201500014369;15;6;2;1820;1;2;1;1;6;55;112, WILLIAM BOOTH (AVEN;M;4329566;544630;130
201500014370;15;6;2;2000;2;2;1;1;3;55;26, PLOMBIERES (RUE DE);M;4331886;537356;130
201500014371;15;1;23;830;1;2;1;1;1;55;00, AVE DE LA PEYPINE;;;;130
201500014372;15;6;2;2155;3;2;1;1;6;55;LЙON LACHAMP (ROUTE);M;4324632;543288;130
201500014373;15;2;5;1630;1;2;1;1;6;55;02, BD PHILIPPON;M;4330365;539314;130
201500014374;15;6;2;1730;1;1;1;1;6;55;19, GEORGE (RUE);M;4329755;539771;130
201500014375;15;2;20;1730;1;2;1;1;6;55;87, AVE FREDERIC MISTRAL;M;4332260;545583;130
201500014376;15;6;3;1615;1;2;1;1;3;55;40, CROIX ROUGE (AVENUE);M;4333138;543286;130
201500014377;15;2;23;2155;5;2;1;1;1;55;30, AVE D' HAIFA;M;4325278;539223;130
201500014378;15;6;3;1500;1;2;1;1;7;55;NICOLAS APPERT (RUE);M;4333909;542034;130
201500014379;15;6;3;1745;1;2;1;1;2;55;300, SAINT PIERRE (RUE);M;4329158;540582;130
201500014380;15;6;3;1750;1;2;1;1;6;55;256, PRADO (AVENUE);M;4327498;538956;130
201500014381;15;6;3;1030;1;2;1;1;6;55;00, JOSEPH AIGUIER (CHEM;M;4325122;541206;130
201500014382;15;2;18;810;1;2;1;1;6;55;19, RUE D' ORANGE;M;4331288;538627;130
201500014383;15;6;3;920;1;2;1;1;1;55;00, MIREILLE LAUZE (BOUL;M;4328355;541740;130
201500014384;15;2;9;1330;1;2;3;1;3;55;131, BD MIREILLE LAUZE;M;4328320;541182;130
201500014385;15;6;4;810;1;2;1;1;6;55;34, SAINT JEROME (AVENUE;M;4332927;541896;130
201500014386;15;2;20;1145;1;2;1;1;6;55;232, BD DE SAINTE MARGUE;M;4326319;541100;130
201500014387;15;5;23;2002;1;2;9;1;3;55;00, SAKAKINI (BOULEVARD);M;4329575;540018;130
201500014388;15;6;4;1800;1;1;1;1;1;55;297, SAINT MARCEL (BOULE;M;4328627;547230;130
201500014389;15;1;5;600;5;2;1;1;2;55;148, AVE DES CHARTREUX;M;4330847;540029;130
201500014390;15;6;4;1620;1;2;1;1;6;55;FRAIS VALLON (AVENUE);M;4332522;543368;130
201500014391;15;6;5;755;1;2;1;1;5;55;ALBERT COHEN (RUE);M;0;0;130
201500014392;15;6;2;950;1;2;1;1;1;55;305, LYON (RUE DE);M;4333652;536300;130
201500014393;15;6;5;1245;1;2;1;1;6;55;42, SAINT JUST (AVENUE D;M;4331413;540295;130
201500014394;15;6;5;1630;1;2;2;1;2;55;10, BAILLE (BOULEVARD);M;4328637;538575;130
201500014395;15;6;5;935;1;2;3;1;3;55;279, CAILLOLS (AVENUE DE;M;4330298;544680;130
201500014396;15;6;6;1000;1;2;2;1;3;55;279, CAILLOLS (AVENUE DE;M;4330300;544678;130
201500014397;15;3;1;2000;5;2;1;1;6;55;00, IMP RAVEL;;;;130
201500014398;15;6;7;5;5;2;1;1;3;55;MENDES FRANCE (AVENU;M;4325777;537630;130
201500014399;15;2;27;800;2;2;2;2;3;55;00, RUE DU TONKIN;M;4327702;541362;130
201500014400;15;6;7;200;5;1;1;1;2;55;149,*PRADO (AVENUE);M;4327891;538802;130
201500014401;15;6;7;135;5;2;1;1;1;55;61 AVIATEUR LE BRIX (RU;M;4325927;540063;130
201500014402;15;2;2;1600;1;2;1;1;2;55;00, AVE ALEXANDRE FLEMIN;;;;130
201500014403;15;6;6;1600;1;2;1;1;6;55;334, L ARMEE D AFRIQUE (;M;4328547;542156;130
201500014404;15;3;1;1430;1;2;1;1;6;55;50, CHE DE LA MADRAGUE V;M;4332153;536495;130
201500014405;15;6;6;2000;2;2;3;1;5;55;VISTE (AVENUE DE LA);M;4335980;535758;130
201500014406;15;2;28;1945;5;2;1;1;6;55;AVE RAIMU;;;;130
201500014407;15;6;7;940;1;1;1;1;3;75;TERMES (ALLEE DES);M;4333825;545560;130
201500014408;15;2;25;1535;1;2;3;1;3;55;82, BD DE LA BARASSE RN;M;4328583;547953;130
201500014409;15;6;3;1015;1;2;2;1;3;55;135, PARADIS (RUE);M;4328788;537913;130
201500014410;15;2;18;1815;5;2;1;1;1;55;63, AVE DE LA TIMONE;M;4328581;540290;130
201500014411;15;6;7;1225;1;2;2;1;6;55;00, CAILLOLS (AVENUE DES;M;4330323;544963;130
201500014412;15;2;27;700;2;2;1;2;1;55;00, TRA DES CAILLOLS;;;;130
201500014413;15;6;7;1715;1;2;1;1;1;55;27, DЙSIRЙ BIANCO (AVENU;M;4328874;542557;130
201500014414;15;2;12;1040;1;2;1;1;7;2;611, QUATRE SAISONS (ROU;M;4332621;549130;130
201500014415;15;3;21;40;5;1;1;1;1;55;78, JULES MOULET (RUE);M;4328575;537360;130
201500014416;15;2;16;1430;1;2;1;1;6;55;55, RTE DES CAMOINS;M;4329713;549466;130
201500014417;15;6;7;555;5;2;1;1;3;55;SAKAKINI (BOULEVARD);M;4329632;540030;130
201500014418;15;6;7;1100;1;2;1;1;6;55;88, SAINTE MARTHE (CHEMI;M;4332249;538946;130
201500014419;15;2;8;1400;1;2;1;1;4;55;134, RUE BRETEUIL;M;4328460;537815;130
201500014420;15;6;1;1330;1;2;1;1;6;55;71, FRANCOISE DUPARC**BO;M;4330387;540078;130
201500014421;15;2;19;1800;1;2;1;1;6;55;30, CRS LIEUTAUD;M;4329401;538214;130
201500014422;15;6;8;1215;1;2;1;1;3;55;41, BRETEUIL (RUE);M;4329067;537567;130
201500014423;15;2;14;1625;1;2;2;8;3;55;00, RUE VILLENEUVE;M;4330092;538240;130
201500014424;15;6;8;1715;1;2;1;1;3;55;163, LUMINY (AVENUE DE);M;4323474;543610;130
201500014425;15;1;26;1050;1;2;1;1;7;55;TUN TUNNEL ST CHARLES /;;;;130
201500014426;15;6;8;2120;5;2;2;1;3;55;38, BARRAL (BOULEVARD);M;4326422;539216;130
201500014427;15;2;19;935;1;2;3;1;6;55;00, CRS LIEUTAUD;M;4328993;538365;130
201500014428;15;6;8;2119;2;2;1;1;6;55;8, LIBERATION (BOULEVARD;M;4329935;538648;130
201500014429;15;2;6;1220;1;2;1;1;6;55;18, AVE DE CORINTHE;M;4328358;539017;130
201500014430;15;6;9;1145;1;2;3;1;4;55;219, CHATEAU GOMBERT CHE;M;4334577;542482;130
201500014431;15;2;12;1330;1;2;1;1;2;55;188, BD DE PARIS;M;4331358;536806;130
201500014432;15;6;9;1325;1;2;1;1;2;55;277, SAINT PIERRE (RUE);M;4329192;540288;130
201500014433;15;2;12;1430;1;2;1;1;6;55;233, RUE D ENDOUME;M;4328427;535815;130
201500014434;15;6;9;1750;1;2;1;1;3;55;56, LYON (RUE DE);M;4332524;536694;130
201500014435;15;2;17;1230;1;2;1;1;4;55;55, CHE DE LA MADRAGUE V;M;4334641;535487;130
201500014436;15;6;9;1830;1;2;1;3;3;55;3, COMTESSE (BOULEVARD D;M;4331239;544747;130
201500014437;15;2;12;1330;1;2;1;1;6;55;02, VSN QUAI DU PORT A L;M;4329625;537152;130
201500014438;15;6;9;2300;5;2;1;1;2;55;26, MICHELET (BOULEVARD);M;4327091;539197;130
201500014439;15;2;14;1435;1;2;2;3;3;55;101, RUE ALBERT;M;4333021;542114;130
201500014440;15;6;9;2027;1;2;1;1;2;55;614, PRADO (AVENUE);M;4326224;537466;130
201500014441;15;2;26;1750;1;2;1;1;2;55;BD JEAN MOULIN;;;;130
201500014442;15;6;9;145;5;2;1;1;6;55;76, FRANCOISE DUPARC (BO;M;4330430;540102;130
201500014443;15;2;6;2030;5;2;1;1;5;55;84, BD DE LA CORDERIE;M;4329022;536867;130
201500014444;15;7;3;1715;1;2;1;1;2;55;75, SAINTE MARTHE (CHEMI;M;4332202;538934;130
201500014445;15;7;23;815;1;2;1;1;7;106;00, TUBIE (ROUTE DE);M;4340932;536652;130
201500014446;15;6;10;1230;1;2;3;1;3;55;164, PLOMBIERES (BOULEVA;M;4331848;537955;130
201500014447;15;6;10;635;1;2;3;1;6;55;1, CORINTHE (AVENUE DE);M;4328488;539064;130
201500014448;15;6;5;550;1;2;1;1;3;55;437, PRADO (AVENUE);M;4326728;538354;130
201500014449;15;6;10;2220;5;2;1;1;5;55;118, BLANCARDE (BOULEVAR;M;4330340;540473;130
201500014450;15;6;11;645;1;2;1;1;3;55;10, PANTHEON  (TRAVERSE;M;4327818;540383;130
201500014451;15;6;11;810;1;2;3;1;3;55;348, POILUS (AVENUE DES);M;4331394;546292;130
201500014452;15;6;11;910;1;2;1;1;2;55;03, SEBASTOPOL (PLACE);M;4329870;539764;130
201500014453;15;6;11;1235;1;2;3;1;3;55;129, CAILLOLS (AVENUE DE;M;4330418;543486;130
201500014454;15;5;18;1700;1;2;1;1;3;55;12, GROGNARDE (AVENUE DE;M;4329209;543546;130
201500014455;15;3;8;530;5;2;1;1;6;55;173, COR PRESIDENT JOHN;M;4328507;535019;130
201500014456;15;6;11;1625;1;2;1;1;6;55;42, PIERRE PUGET (COURS);M;4329017;537344;130
201500014457;15;2;11;1130;1;2;1;1;6;55;200, RUE D ENDOUME;M;4328593;536018;130
201500014458;15;6;11;1915;1;2;1;1;6;55;12 NATIONALE (RUE);M;4329940;537694;130
201500014459;15;1;23;800;2;2;1;1;1;55;12, RUE JEAN BAPTISTE RE;M;4328094;539727;130
201500014460;15;6;6;2140;5;2;1;1;1;55;CHATEAU GOMBERT CHEMIN;M;4334170;541996;130
201500014461;15;3;6;625;5;2;1;1;7;55;67, AVE BENJAMIN DELESSE;M;4328489;540448;130
201500014462;15;6;11;1250;1;2;1;1;6;55;58, ROUET (RUE DU);M;4328301;538725;130
201500014463;15;2;25;1800;2;2;1;1;6;55;109, RUE LOUBON;M;4331274;538388;130
201500014464;15;6;9;2055;2;2;2;1;1;55;183, ROME (RUE DE);M;4328774;538266;130
201500014465;15;3;3;1418;1;2;1;1;6;55;100000, RUE DE RUFFI;;;;130
201500014466;15;6;12;715;1;2;1;3;2;55;SAINT LOUIS (AVENUE DE);M;4335121;535843;130
201500014467;15;3;9;700;1;2;1;1;6;55;39, RUE DE LYON;M;4332455;536716;130
201500014468;15;6;12;1115;1;2;3;1;3;55;AMPERE (BOULEVARD);M;4334147;537310;130
201500014469;15;2;27;1320;1;2;1;1;6;55;AVE ANDRE ROUSSIN;;;;130
201500014470;15;6;13;1000;1;2;1;1;2;55;12, ANATOLE DE LA FORGE;M;4331403;539804;130
201500014471;15;3;1;1210;1;2;1;2;6;55;43, AVE ALEXANDRE ANSALD;M;4333337;540303;130
201500014472;15;6;13;1325;1;2;1;1;3;55;, GRANIERE (RUE DE LA);M;4328742;545794;130
201500014473;15;6;10;2120;2;2;3;1;1;55;1, SAINT HENRI (CHEMIN D;M;4335366;533656;130
201500014474;15;3;4;1430;1;2;1;1;6;55;04, BD DE LA CARTONNERIE;M;4329255;545804;130
201500014475;15;6;14;200;5;2;3;3;6;55;00, BOUYALA D'ARNAUD (BO;M;4329959;543983;130
201500014476;15;1;5;530;5;2;1;1;7;55;00, BD DE L' HUVEAUNE;;;;130
201500014477;15;6;13;850;1;2;1;1;3;55;133, BAILLE (BOULEVARD);M;4328833;539223;130
201500014478;15;2;11;1615;1;2;1;1;6;55;162, AVE DES PEINTRES RO;M;4329988;547740;130
201500014479;15;6;11;1530;1;2;1;1;2;55;1, PLOMBIERES (BOULEVARD;M;4332025;537708;130
201500014480;15;3;2;1450;1;2;1;1;6;55;00, AVE DU PRADO;;;;130
201500014481;15;5;27;900;1;2;1;1;6;55;74, SAINT LOUP (BOULEVAR;M;4328233;543035;130
201500014482;15;6;13;1955;1;2;1;1;3;55;157, LЙON LACHAMP (ROUTE;M;4324899;544243;130
201500014483;15;3;4;2320;5;2;1;1;6;55;22, AVE DE LA VISTE;M;4335492;535726;130
201500014484;15;2;12;1130;1;2;1;1;6;55;16, RUE GASTON BERGER;M;4326854;541418;130
201500014485;15;5;14;1330;1;2;1;1;6;55;24, MERLAN (AVENUE);M;4333362;540744;130
201500014486;15;3;11;820;1;2;1;1;6;55;39, AVE CLAUDE MONET;M;4332554;539413;130
201500014487;15;6;14;1500;1;2;1;1;2;55;1, WILLIAM BOOTH *AVENUE;M;4329493;544403;130
201500014488;15;3;11;1015;1;2;4;1;6;55;73, AVE DE FRAIS VALLON;M;4332553;543050;130
201500014489;15;6;14;1730;1;2;3;1;3;55;00, MAZARGUES (AVENUE DE;M;4325739;539428;130
201500014490;15;3;11;1600;1;2;1;1;1;55;28, RUE EDMOND JALOUX;M;4332844;538219;130
201500014491;15;6;14;2000;1;2;1;1;6;55;55, MARЙCHAL DE LATTRE (;M;4324728;540714;130
201500014492;15;3;11;1045;1;2;1;1;6;55;154, AVE JULES CANTINI;M;4328022;539417;130
201500014493;15;6;14;2010;1;2;7;1;1;55;23-25 YVES CHAPUIS;M;4329774;540501;130
201500014494;15;6;14;2220;5;1;1;1;3;55;159 VISTE (AVENUE DE LA);M;4336336;535714;130
201500014495;15;2;27;844;1;2;2;2;6;55;34, RUE SAINTE BARBE;M;4330167;537447;130
201500014496;15;6;14;1950;1;2;1;1;6;55;55, LUMINY (AVENUE DE);M;4324058;543869;130
201500014497;15;3;11;1120;1;2;2;1;3;55;rue DE LA JOLIETTE;M;4330291;536982;130
201500014498;15;6;12;1820;1;1;1;1;6;2;589, MILLE ECUS (TRAVERS;M;4333474;546880;130
201500014499;15;3;13;1650;1;2;1;1;6;55;36, CHE DU PASSET;M;4336052;533441;130
201500014500;15;6;10;1825;1;2;3;1;3;55;CORNICHE KENNEDY;M;4328031;535352;130
201500014501;15;6;15;1300;1;2;2;1;3;55;PEYSSONNEL (RUE);M;4331032;537110;130
201500014502;15;1;25;1320;1;2;1;1;6;55;01, BD LIONEL TERRAY;M;4331559;540376;130
201500014503;15;6;15;1015;1;1;1;1;3;2;PROVENCE (AVENUE DE);;;;130
201500014504;15;6;16;815;1;2;1;1;2;55;280, SAINTE MARGUERITE (;M;4326230;541343;130
201500014505;15;6;15;1550;1;2;1;1;6;55;11, FRЙDЙRIC CHEVILLON (;M;4330071;538550;130
201500014506;15;2;23;1000;1;2;1;1;6;55;08, AVE JEAN LOMBARD;M;4328931;542732;130
201500014507;15;6;15;1815;1;2;1;1;2;55;458**MARIUS DIOULOUFET (;M;4333437;543770;130
201500014508;15;6;16;2300;5;2;2;2;3;55;JEAN MOULIN (BOULEVA;M;4328624;539912;130
201500014509;15;5;17;2100;2;2;1;1;6;55;19, SAINTE MARTHE (CHEMI;M;4331858;539029;130
201500014510;15;3;15;810;1;2;2;2;3;55;12, RUE EMILE DUCLAUX;M;4329669;540210;130
201500014511;15;2;19;1500;1;2;1;1;6;55;226, CHE DE SAINT ANTOIN;M;4336181;536374;130
201500014512;15;6;16;2246;5;2;1;2;3;55;127, MERLAN (AVENUE DU);M;4334226;540796;130
201500014513;15;6;16;1830;1;2;1;2;3;55;24, SAINT MARCEL (BOULEV;M;4328866;545695;130
201500014514;15;6;17;715;1;1;1;1;5;55;130, RABATAU (BOULEVARD);M;4327851;539924;130
201500014515;15;6;17;825;1;2;1;1;2;55;SAINTE MARTHE**CHEMIN DE;M;4333322;539047;130
201500014516;15;6;17;1215;1;2;1;1;1;55;59, CAPELETTE (AVENUE DE;M;4328321;540158;130
201500014517;15;6;17;1535;1;2;1;7;6;106;2, TUBIE (ROUTE DE);M;4340877;536628;130
201500014518;15;6;17;1535;1;2;1;1;7;55;10, LACEPEDE (RUE);M;4330448;539772;130
201500014519;15;6;17;2025;1;2;1;1;3;55;55, BOURRELY (CHEMIN*DES;M;4337995;536200;130
201500014520;15;6;17;2040;2;2;3;1;2;55;135, SAINT PIERRE (RUE);M;4329195;539369;130
201500014521;15;3;5;1330;1;2;1;1;6;55;139, AVE DE SAINT LOUIS;M;4334790;535900;130
201500014522;15;6;17;1220;1;2;1;1;3;55;34, AVENUE DU VALLON D'O;M;4338512;536212;130
201500014523;15;6;18;640;1;2;1;1;2;55;04, HENRI BARNIER *BOULE;M;4337336;535408;130
201500014524;15;5;30;1630;1;2;1;1;3;55;94, GIRARDIN (RUE);M;4328954;535757;130
201500014525;15;6;18;1530;1;2;3;1;2;55;73, SAINT MARCEL (BOULEV;M;4328882;546136;130
201500014526;15;6;18;1550;1;2;1;1;3;55;261, MICHELET (BOULEVARD;M;4326067;539797;130
201500014527;15;6;19;130;5;2;2;1;3;55;195, SAINTE MARGUERITE (;M;4326484;540944;130
201500014528;15;6;19;225;5;2;1;1;6;55;25, DUGOMMIER (BOULEVARD;M;4329872;538091;130
201500014529;15;6;16;1025;1;2;1;1;3;55;CASSIN (RUE);M;4331631;537326;130
201500014530;15;3;7;1630;1;2;1;1;6;55;67, RUE D ENDOUME;M;4328760;536601;130
201500014531;15;6;19;1515;1;2;1;1;3;55;11, PLOMBIERES (BOULEVAR;M;4331497;538759;130
201500014532;15;2;28;1330;1;2;1;1;6;55;110, BD DE SAINT LOUP;M;4328275;543217;130
201500014533;15;6;19;1600;1;2;1;1;2;55;LUMINY (AVENUE DE);M;0;0;130
201500014534;15;3;15;330;5;1;1;1;3;55;MICHELET (BOULEVARD);;;;130
201500014535;15;3;14;2040;5;2;1;2;2;55;95, COR PRESIDENT JOHN F;M;4328863;535356;130
201500014536;15;6;19;2020;1;1;1;1;6;55;SAINT LOUIS (AVENUE DE);M;4334514;535934;130
201500014537;15;6;20;20;5;2;1;1;6;55;24, GARIBALDI (BOULEVARD;M;4329648;538133;130
201500014538;15;6;19;1000;1;2;1;1;7;55;82, NATIONALE (RUE);M;4329925;538018;130
201500014539;15;6;8;1009;1;2;1;1;2;55;0, GЙNЙRAL LECLERC (RUE);M;0;0;130
201500014540;15;2;27;1135;1;2;1;1;4;55;00, BD JEAN MOULIN;;;;130
201500014541;15;6;18;1910;1;2;1;1;3;55;38-40, DЙSIRЙ BIANCO (AV;M;4328769;542519;130
201500014542;15;2;28;1042;1;2;3;1;3;55;59, AVE DE LA CAPELETTE;M;4328311;540170;130
201500014543;15;6;19;830;1;2;1;1;6;55;5, SIPHON (TRAVERSE DU);M;4330969;539627;130
201500014544;15;3;7;1300;1;2;2;1;3;55;39, RUE DIEUDE;M;4329241;538214;130
201500014545;15;6;20;420;1;2;2;1;3;55;43-45 CONSOLAT (RUE);M;4330061;538835;130
201500014546;15;3;4;750;1;2;1;1;2;55;72, AVE DES CAILLOLS;M;4330353;542996;130
201500014547;15;6;10;700;2;2;3;2;1;55;02, EUGENE PIERRE (BOULE;M;4329881;539048;130
201500014548;15;3;3;2055;5;2;1;1;6;55;AVE JEAN PAUL SARTRE;;;;130
201500014549;15;6;20;1810;1;2;1;1;6;55;00, ANTONIN ARTAUD (PLAC;;;;130
201500014550;15;3;11;1715;1;2;1;1;6;55;0280, VSN MICHELET CONTR;M;4326179;539715;130
201500014551;15;6;20;1950;1;2;1;1;3;55;99, MAZARGUES (AVENUE DE;M;4326766;539315;130
201500014552;15;6;20;1700;1;2;1;1;6;2;Allйe des Termes,;M;0;0;130
201500014553;15;3;6;1450;1;2;3;1;3;55;00, BD FERDINAND DE LESS;M;4331968;537119;130
201500014554;15;6;21;1430;1;2;1;1;2;55;339, MADRAGUE VILLE (RUE;M;4333767;535780;130
201500014555;15;3;2;1345;1;2;1;1;6;55;AVE JEAN PAUL SARTRE;;;;130
201500014556;15;6;21;2345;5;2;9;1;6;55;142, CANEBIERE  81 A F;M;4329859;538387;130
201500014557;15;3;1;1915;5;2;1;1;6;55;243, BD NATIONAL;M;4331074;537854;130
201500014558;15;6;22;100;3;2;1;1;3;55;2, CARGO RHIN FIDELI (RU;M;4332699;535594;130
201500014559;15;3;5;1030;1;2;1;1;6;55;68, BD DU CAPITAINE GEZE;M;4333146;537556;130
201500014560;15;6;9;1135;1;2;1;1;3;55;2, 24 AVRIL 15 (AVENUE D;M;4330763;542556;130
201500014561;15;6;20;1330;1;2;1;1;3;55;289, ALBERT EINSTEIN ***;M;4334596;544848;130
201500014562;15;3;2;1030;1;2;1;1;6;55;00, CHE DU ROY D' ESPAGN;;;;130
201500014563;15;6;16;945;1;2;1;1;3;55;102, LIBERATION (BOULEVA;M;4330109;539136;130
201500014564;15;3;7;820;1;2;2;1;3;55;26, AVE ANDRE ZENATTI;M;4324705;538291;130
201500014565;15;6;22;700;1;2;1;1;6;55;00, HAMBOURG (BOULEVARD);M;4325095;538822;130
201500014566;15;2;13;1240;1;2;3;1;2;55;28, RUE DU DOCTEUR ESCAT;M;4328348;538235;130
201500014567;15;6;22;810;1;2;3;1;3;55;MENDES FRANCE (AVENUE);M;4325338;537607;130
201500014568;15;3;13;1950;5;2;1;1;4;55;222, RUE SAINT PIERRE;M;4329255;540066;130
201500014569;15;6;16;1150;1;2;1;1;3;55;12, MILLIE MATHYS (AVENU;M;4336525;534801;130
201500014570;15;2;26;1130;1;2;1;1;6;55;147, BD BAILLE;M;4328943;539656;130
201500014571;15;6;22;1310;1;1;1;1;2;55;CLOT BEY (AVENUE);M;4326029;538700;130
201500014572;15;3;2;1500;1;2;1;1;3;55;58, AVE DES BUTRIS;M;4329904;545285;130
201500014573;15;6;22;1350;1;2;2;1;3;55;152, MICHELET (BOULEVARD;M;4326513;539546;130
201500014574;15;3;7;1015;1;2;1;1;6;55;110, CHE DE LA COLLINE S;M;4325070;541547;130
201500014575;15;6;22;1650;1;2;3;1;3;55;8, JEAN ROUBIN (CHEMIN);M;4324598;541830;130
201500014576;15;2;11;1200;1;2;3;1;6;55;00, PCE DE LA GARE DE LA;M;4329609;540621;130
201500014577;15;6;22;1740;1;2;1;1;2;55;10, RUE MATHILDE;M;4333408;536138;130
201500014578;15;6;23;940;1;2;1;1;6;55;3, FONDERE (RUE);M;4330185;539855;130
201500014579;15;3;7;1915;5;2;1;1;6;55;04, RUE CARNAVALET;M;4326201;540220;130
201500014580;15;6;23;1030;1;2;1;1;6;55;04, CORINTHE (AVENUE DE);M;4328468;539050;130
201500014581;15;6;11;1750;1;2;6;1;3;55;400, LITTORAL (CHEMIN DU;M;4334796;534395;130
201500014582;15;6;15;1715;1;1;1;1;3;55;00, LITTORAL (CHEMIN DU);M;4335832;532637;130
201500014583;15;6;24;740;1;2;1;1;6;55;10, OCEAN (BOULEVARD***;M;4324156;539850;130
201500014584;15;3;4;1430;1;2;1;1;2;55;AVE DES AYGALADES;;;;130
201500014585;15;6;24;930;1;2;2;1;6;55;29, ROGER SCHIAFFINI (RU;M;4331152;538602;130
201500014586;15;3;10;900;1;2;3;1;3;55;358, RUE SAINT PIERRE;M;4329173;540896;130
201500014587;15;6;4;1530;1;1;1;1;3;55;181, CAPELETTE (AVENUE D;M;4328053;540800;130
201500014588;15;3;10;1355;1;2;1;1;6;55;216, RUE PARADIS;M;4328337;538103;130
201500014589;15;6;20;1310;1;2;1;1;2;55;260, HENRI BARNIER (BOUL;M;4336439;534222;130
201500014590;15;1;30;1115;1;2;1;1;2;55;16, PCE DES MARSEILLAISE;M;4330183;538167;130
201500014591;15;6;24;1445;1;2;1;1;6;55;243, PARIS (BOULEVARD DE;M;4331160;536926;130
201500014592;15;3;13;805;1;2;1;1;2;55;51, AVE ANDRE ZENATTI;M;4324635;538763;130
201500014593;15;6;24;1945;1;1;1;1;2;55;CLUE (CHEMIN DE LA);M;4330961;550168;130
201500014594;15;6;24;1920;1;2;1;1;6;55;31, PAUL COXE (RUE);M;4334668;537826;130
201500014595;15;6;24;1945;1;2;2;1;1;55;20-22, CORSE (AVENUE DE;M;4328950;536444;130
201500014596;15;3;12;2215;5;2;3;1;3;55;00, BD DU REDON;M;4325417;542082;130
201500014597;15;6;24;2030;2;2;1;1;2;55;17, POMPIDOU (PROMENADE);M;4326677;537260;130
201500014598;15;3;13;1215;1;2;1;1;6;55;01, BD DUGOMMIER;M;4329762;538098;130
201500014599;15;6;24;2220;5;1;2;1;2;55;00, PRADO (AVENUE);M;4328195;538563;130
201500014600;15;3;10;2148;5;2;1;2;6;55;258, AVE DU PRADO;M;4327441;539022;130
201500014601;15;6;24;2120;1;2;3;1;3;55;32, FENOUIL (BOULEVARD);M;4336262;532083;130
201500014602;15;2;5;2130;5;2;1;1;6;55;03, BD CHARLES NEDELEC;M;4330246;537715;130
201500014603;15;6;2;800;1;2;1;1;6;55;21, COMMANDANT GUILBAUD;M;4326686;540377;130
201500014604;15;2;18;810;1;2;1;1;6;55;07, RUE DE LA GUADELOUPE;M;4328176;537452;130
201500014605;15;5;31;1200;1;2;1;1;3;55;32, MIREILLE LAUZE (BOU;M;4328239;540562;130
201500014606;15;6;25;1500;1;2;3;1;3;55;Rue Daumier;M;4327886;538806;130
201500014607;15;3;13;1930;5;2;1;1;6;55;17, RUE AVIATEUR LE BRIX;M;4326254;540466;130
201500014608;15;6;26;2245;5;1;2;1;3;55;50, MIRES (RUE);M;4331160;537133;130
201500014609;15;6;24;410;5;2;1;1;6;55;174, COLGATE*(TRAVERSE);M;4323249;540383;130
201500014610;15;6;25;1100;1;2;3;1;6;55;29, BAILLE (BOULEVARD);M;4328680;538689;130
201500014611;15;3;6;710;2;2;2;1;3;55;14, RUE STANISLAS TORREN;M;4328898;537765;130
201500014612;15;6;26;650;1;2;3;1;6;55;72, 24 AVRIL 15 (AVENUE;M;4330800;543202;130
201500014613;15;6;17;1700;1;2;2;1;3;55;10, REPUBLIQUE (RUE DE L;M;4329694;537366;130
201500014614;15;2;22;1025;1;1;1;1;6;55;13, AVE DE LA POINTE ROU;M;4324860;537509;130
201500014615;15;6;26;1015;1;2;1;1;6;55;36, ACCOULES (MONTEE DES;M;4329772;536672;130
201500014616;15;2;24;1140;1;2;3;1;6;55;121, CHE DE GIBBES;M;4332412;538212;130
201500014617;15;6;10;905;1;2;1;1;3;55;94, JEAN LOMBARD (AVENUE;M;4328893;543260;130
201500014618;15;5;26;2000;2;2;1;1;3;55;JENNY HELIA (AVENUE);M;4336644;535561;130
201500014619;15;3;13;2000;5;2;2;1;3;55;01, CHE DU PASSET;M;4336133;533722;130
201500014620;15;6;27;10;3;2;1;1;3;55;105, MARЙCHAL DE LATTRE;M;4324552;541254;130
201500014621;15;6;27;155;5;2;1;1;1;55;40, CAMOINS (AVENUE DES);M;4330507;551210;130
201500014622;15;3;16;750;1;2;1;1;6;55;34, BD DU CAPITAINE GEZE;M;4333025;537004;130
201500014623;15;6;27;130;5;2;1;1;7;55;41, CAMOINS (AVENUE DES);M;4330522;551188;130
201500014624;15;6;27;820;1;2;1;1;3;55;58, MAZARGUES;M;4326850;538875;130
201500014625;15;6;27;1610;1;2;1;1;6;55;2, LANCIER (CHEMIN DU);M;4324915;539674;130
201500014626;15;3;14;1800;1;2;1;1;6;55;87, BD CHARLES LIVON;M;4329196;535830;130
201500014627;15;6;27;630;1;2;1;1;7;55;122, CORNICHE KENNEDY;M;4328287;535051;130