num_acc;an;mois;jour;hrmn;lum;agg;int;atm;col;com;adr;gps;lat;long;dep
201500014628;15;6;27;540;5;2;1;1;7;55;01, JEAN QUEILLAU (RUE);M;4333489;538530;130
201500014629;15;6;10;820;1;2;3;1;4;55;103, SAKAKINI (BOULEVARD;M;4329269;540141;130
201500014630;15;4;24;1330;1;2;1;1;2;55;129, MAZARGUES (AVENUE D;M;4326616;538999;130
201500014631;15;6;28;1330;1;2;1;1;4;55;SALVADOR ALLENDE (RUE);M;4332998;539650;130
201500014632;15;2;1;1400;1;2;1;1;6;55;24, BD DU METRO;;;;130
201500014633;15;6;28;1900;1;2;1;1;2;55;59, SAINT PAUL (AVENUE);M;4332824;540689;130
201500014634;15;6;29;30;5;2;1;1;7;2;517-566, ETIENNE CUCCA;M;4336184;549389;130
201500014635;15;6;22;1700;1;2;1;1;6;55;25, SUD PERE LO (RUE;M;0;0;130
201500014636;15;6;29;930;1;2;1;1;6;55;6, HUVEAUNE (BOULEVARD D;M;4327092;540410;130
201500014637;15;6;29;900;1;2;2;1;3;55;1, ROGER BRUN (RUE);M;4328672;539036;130
201500014638;15;3;10;1240;1;2;1;1;7;55;43, RUE PIERRE BERANGER;M;4331145;544639;130
201500014639;15;6;29;1100;1;2;3;1;6;55;2, PROVENCE (RUE DE);M;4330149;539602;130
201500014640;15;6;17;1320;1;2;1;1;1;55;61, MORGIOU (CHEMIN DE);M;4324295;540630;130
201500014641;15;6;25;800;1;2;3;1;3;55;24, ALBERT EINSTEIN (RUE;M;;;130
201500014642;15;6;26;945;1;2;1;1;3;55;27, DЙSIRЙ BIANCO ***;M;4328873;542560;130
201500014643;15;6;29;1338;1;2;1;1;3;55;230, CHARLES KADDOUZ (RU;M;4331770;543869;130
201500014644;15;3;13;1410;1;2;1;1;6;55;116, AVE DES POILUS;M;4332395;545612;130
201500014645;15;6;29;1645;1;2;3;1;2;55;129-131, FRANCOISE DUPAR;M;4330737;540144;130
201500014646;15;3;14;525;2;2;2;1;7;55;AVE DE MAZARGUES;M;4325012;539597;130
201500014647;15;6;29;1850;1;1;2;1;1;55;48, PAUL CLAUDEL (BOULEV;M;4326852;540914;130
201500014648;15;3;11;1630;1;2;3;1;6;55;176, BD MICHELET;M;4326375;539623;130
201500014649;15;6;30;130;5;2;1;1;2;55;141 , CHARLES SUSINI;M;4334095;541131;130
201500014650;15;6;30;811;1;1;1;1;3;55;93-97 St JEAN DU DESERT;M;4329564;543336;130
201500014651;15;6;29;1900;1;2;1;1;3;55;130, MADRAGUE VILLE (RUE;M;4332694;536063;130
201500014652;15;6;30;1540;1;2;2;1;3;55;DAMES (BOULEVARD DES);M;4330309;536664;130
201500014653;15;6;30;2230;2;2;1;1;6;55;29, VINCENT DELPUECH (BO;M;4328297;539070;130
201500014654;15;3;15;1340;1;2;2;1;5;55;00, BD ROMAIN ROLLAND;M;4327592;541740;130
201500014655;15;6;30;2030;2;2;1;1;2;55;17, MONTREDON (AVENUE DE;M;4324482;537261;130
201500014656;15;3;12;1200;1;2;1;1;6;55;85, RTE DES CAMOINS;M;4329748;549674;130
201500014657;15;7;1;215;5;2;1;1;2;55;94-98, RABATAU;M;4327652;539763;130
201500014658;15;7;25;1030;1;2;1;1;6;55;458, LYON (RUE DE);M;4334205;535998;130
201500014659;15;7;1;920;1;2;1;1;6;55;87, SAINT JULIEN (AVENUE;M;4330656;542091;130
201500014660;15;7;1;2030;1;2;3;1;3;55;00, BELGES (QUAI DES);M;4329528;537442;130
201500014661;15;7;1;315;5;2;1;1;6;55;14, PIERRE BERANGER (RUE;M;4331157;544430;130
201500014662;15;7;2;45;5;2;1;1;6;55;174, CORNICHE KENNEDY;M;4327959;535353;130
201500014663;15;6;30;1630;1;2;1;1;1;55;22, MERLAN (AVENUE);M;4333223;540674;130
201500014664;15;7;1;1230;1;2;3;1;3;75;15, ANDRE MALRAUX (BD);M;4334713;546164;130
201500014665;15;7;2;1330;1;2;1;1;2;55;144 PEINTRES ROUX;M;4330168;547541;130
201500014666;15;7;2;1320;1;2;1;1;3;55;26, BRIANCON (BOULEVARD);M;4331814;537030;130
201500014667;15;7;1;1620;1;2;1;1;3;55;40, LIBERTE (BOULEVARD D;M;4330133;538332;130
201500014668;15;7;2;1955;1;2;1;1;4;55;50, BUREL (BOULEVARD ET;M;4331728;538325;130
201500014669;15;1;1;615;5;2;1;1;7;55;158, VOI LA CANEBIERE;M;4329876;538436;130
201500014670;15;6;30;405;3;2;2;1;3;55;52-54, LIBERATION;M;4330019;538873;130
201500014671;15;3;4;1210;1;2;3;1;3;55;58, BD NOTRE DAME;M;4328780;537347;130
201500014672;15;7;1;1515;1;2;1;1;2;55;110, ALEX. FLEMING;M;4331656;539873;130
201500014673;15;7;2;1310;1;2;1;1;6;55;18-20, PROVENCE;M;4330173;539715;130
201500014674;15;7;3;645;1;1;1;1;6;55;00, RUE DES TILLEULS;;;;130
201500014675;15;7;2;1625;1;2;1;1;1;55;233, PAUL CLAUDEL (BOULE;M;4326891;542012;130
201500014676;15;6;26;945;1;2;1;1;3;55;36, RABATAU (BOULEVARD);M;4327422;539405;130
201500014677;15;5;30;500;2;1;1;1;3;55;00, LITTORAL (CHEMIN DU);M;0;0;130
201500014678;15;7;3;1445;1;2;1;1;6;55;CHEMIN DU MERLAN A LA RO;M;0;0;130
201500014679;15;7;3;1445;1;2;1;1;6;55;01, BELGES (QUAI DES);M;4329509;537446;130
201500014680;15;7;3;1615;1;2;1;1;3;55;7, JEAN BOUIN (AVENUE);M;4326719;540315;130
201500014681;15;3;14;1830;2;2;3;2;6;55;00, AVE ALEXANDRE FLEMIN;M;4331592;540074;130
201500014682;15;7;3;1615;1;2;1;1;3;55;01, BARA (BOULEVARD);M;4335182;543897;130
201500014683;15;7;3;1740;1;1;1;1;6;55;101, MICHELET (BOULEVARD;M;4326748;539441;130
201500014684;15;7;3;1730;1;2;1;1;3;55;LE CHATELIER;M;4334911;537526;130
201500014685;15;7;3;1830;1;2;1;1;4;55;BASILE BARRELIER (BOULEV;M;0;0;130
201500014686;15;6;27;300;5;2;1;1;3;55;00, MIREILLE LAUZE (BOUL;M;4328359;541748;130
201500014687;15;7;3;1915;1;2;1;1;2;55;13, BOISERAIE (RUE);M;4329794;542160;130
201500014688;15;7;3;2310;3;2;1;1;1;55;94, BAILLE**BOULEVARD);M;4328769;539043;130
201500014689;15;7;2;1910;1;1;1;1;7;2;ETIENNE CUCCA-CD908 (AVE;M;0;0;130
201500014690;15;7;4;600;5;2;1;1;2;55;65, AUDIENCE (RUE DE L');M;4329593;548715;130
201500014691;15;7;3;1615;1;2;3;1;6;55;88, MAZARGUES (AVENUE DE;M;4326748;538937;130
201500014692;15;7;4;1345;1;2;1;1;1;55;138, VALBARELLE (BOULEVA;M;4328820;545076;130
201500014693;15;7;4;1235;1;2;1;1;1;55;48, PAUL CLAUDEL (BOULEV;M;4326849;540907;130
201500014694;15;7;4;1428;1;2;3;1;3;55;73, JEAN LOMBARD (AVENUE;M;4328900;543360;130
201500014695;15;3;13;1205;1;2;1;1;6;55;01, RUE DU REMPART;M;4328867;536551;130
201500014696;15;7;4;1900;2;2;1;1;1;55;SAINTE MARTHE (CHEMIN DE;M;4332139;538964;130
201500014697;15;7;4;1930;1;2;1;1;3;55;321, JEAN QUEILLAU;M;4333448;538528;130
201500014698;15;6;22;1150;1;2;9;1;6;55;376, LYON (RUE DE);M;4333849;536234;130
201500014699;15;7;5;930;1;2;1;1;2;55;540, MADRAGUE VILLE (RUE;M;4334705;535538;130
201500014700;15;6;30;1130;1;1;1;1;6;55;Col de la Gineste;M;4323712;550300;130
201500014701;15;6;12;2040;1;2;1;3;3;55;295, CHAVE (BOULEVARD);M;4329617;540523;130
201500014702;15;7;5;2015;1;2;1;1;7;55;2, LINOTS (RUE);M;4331386;540718;130
201500014703;15;7;5;1414;1;2;1;1;6;55;ALLAUCH A AUBAGNE (ROUTE;M;4331150;549972;130
201500014704;15;7;6;1600;1;2;1;1;3;55;37BIS, MORETTI (BOULEVAR;M;4332498;538241;130
201500014705;15;6;30;1820;1;2;2;1;3;55;44, ITALIE (RUE D');M;4328884;538290;130
201500014706;15;7;6;1650;1;2;4;1;6;55;69, CANEBIERE     1 A 79;M;4329712;537968;130
201500014707;15;7;3;330;5;2;1;1;7;55;25, COLLET (BOULEVARD DU;M;4325105;537943;130
201500014708;15;7;7;1130;1;2;1;1;6;55;40, SABLIERE (ROUTE DE L;M;4329231;547938;130
201500014709;15;7;6;1900;1;2;1;1;3;55;00, ESTAQUE PLAGE;M;4335988;531592;130
201500014710;15;7;7;2140;5;2;1;1;1;55;41, CANEBIERE    30 A 68;M;4329628;537734;130
201500014711;15;7;7;1700;1;2;1;1;3;55;50, ANATOLE DE LA FORGE;M;4333643;539717;130
201500014712;15;7;7;1100;1;2;1;1;2;55;00, QUATRE SEPT (PLACE D;M;4328858;535902;130
201500014713;15;6;25;750;1;2;1;1;1;55;02, VINCENT VAN GOGH (RU;M;4329897;542939;130
201500014714;15;2;27;1650;1;2;2;1;3;55;142, AVE DE TOULON;M;4328473;539214;130
201500014715;15;6;20;1140;1;2;1;1;2;55;34, SCHLOESING ***;M;4327364;540045;130
201500014716;15;7;7;1010;1;2;1;1;3;55;96, CAMOINS (AVENUE DES);M;4330507;551212;130
201500014717;15;7;8;900;1;2;2;1;3;55;2, SAINTE CECILE (RUE);M;4328673;539037;130
201500014718;15;7;8;1440;1;2;1;1;1;55;0, SAINTE MARGUERITE (BO;M;4326745;540784;130
201500014719;15;7;8;2100;1;2;1;6;7;55;391, ROMAIN ROLLAND (BOU;M;4327058;540743;130
201500014720;15;6;13;1210;1;2;1;1;6;55;00, LIBERATION (BOULEVAR;M;4330092;539082;130
201500014721;15;7;9;1340;1;2;1;1;6;55;118, ROGER SALENGRO (AVE;M;4331472;537042;130
201500014722;15;7;9;1840;1;2;1;1;6;55;2, BAILLE (BOULEVARD);M;4328634;538568;130
201500014723;15;7;9;2045;2;2;2;1;6;55;ADOLPHE THIERS (RUE);M;4329906;538529;130
201500014724;15;6;22;30;5;2;2;1;3;55;20, ATHENES (BOULEVARD D;M;4330042;538068;130
201500014725;15;7;10;650;1;2;1;1;6;55;121, POMME (BOULEVARD DE;M;4329340;545441;130
201500014726;15;1;23;1700;2;2;3;1;6;55;370, RUE PARADIS;M;4327823;538321;130
201500014727;15;7;10;1800;1;2;1;1;6;55;2, BONNEVEINE (AVENUE);M;4325433;538110;130
201500014728;15;2;26;1020;1;2;3;1;6;55;00, BD CHAVE;M;4329561;539789;130
201500014729;15;7;10;1740;1;2;1;1;2;55;27, JEAN MOULIN (BOULEVA;M;4328787;540048;130
201500014730;15;7;24;1700;1;2;3;1;6;55;65, LIBERATION (BOULEVAR;M;4330021;538872;130
201500014731;15;2;15;1945;5;2;1;2;7;55;AVE DE SAINT MENET*;;;;130
201500014732;15;7;9;1530;1;2;1;1;3;106;00, BEDOULE (CHEMIN DE L;M;0;0;130
201500014733;15;6;26;450;5;2;1;1;3;55;123, MILLIERE (BOULEVARD;M;4328349;549970;130
201500014734;15;7;8;835;1;2;1;1;6;55;20, MARCHE D'IN (AVENUE);M;4333966;537999;130
201500014735;15;7;11;1510;1;2;2;1;5;55;53, BARBES (BOULEVARD);M;4332581;537496;130
201500014736;15;7;11;1940;1;2;7;1;3;55;14, ROGER SALENGRO (AVEN;M;4331892;536768;130
201500014737;15;7;11;2245;5;2;1;1;7;55;MENDES FRANCE (AVENUE;M;4326181;537486;130
201500014738;15;7;11;2121;2;2;2;1;3;55;ROGER BRUN (RUE);M;;;130
201500014739;15;7;9;1700;1;2;4;1;3;55;93, BLANCARDE (BOULEVARD;M;4330308;540245;130
201500014740;15;2;28;1715;2;2;1;1;2;55;00, BD CHARLES LIVON;;;;130
201500014741;15;7;6;1720;1;2;1;1;3;55;54, ROLAND DORGELES (BOU;M;4334791;537731;130
201500014742;15;7;7;1010;1;2;1;1;3;55;128, LITTORAL**CHEMIN DU;M;4333632;535344;130
201500014743;15;7;2;830;1;2;1;1;1;2;12, PROVENCE (AVENUE DE);M;4333152;548628;130
201500014744;15;2;6;1205;1;2;1;1;2;55;20, AVE JEAN LOMBARD;;;;130
201500014745;15;7;12;1430;1;2;1;1;3;55;246, LYON (RUE DE);M;;;130
201500014746;15;7;12;1920;1;1;1;1;1;55;00, LЙON LACHAMP (ROUTE);M;0;0;130
201500014747;15;6;26;655;5;2;1;1;3;55;17bis, PINS (ALLEE DES);M;4325393;541982;130
201500014748;15;3;14;800;1;2;1;1;7;55;221, AVE DES CHARTREUX;M;4331236;540136;130
201500014749;15;7;13;1600;1;2;1;1;7;55;09, PROVENCE (RUE DE);M;4330163;539647;130
201500014750;15;6;1;1530;1;2;1;1;6;55;41, AGUILLON (BOULEVARD);M;4326564;541122;130
201500014751;15;7;14;150;5;2;1;1;3;55;94, SAINT ANTOINE (AVENU;M;4337055;535623;130
201500014752;15;7;14;130;5;2;1;1;1;55;45, LЙON GAMBETTA (ALLEE;M;4329906;538342;130
201500014753;15;7;14;1930;1;2;1;1;6;55;0, ALEX DELABRE (BOULEVA;M;4321933;534536;130
201500014754;15;7;14;2230;5;1;1;1;3;55;00, MILLIE MATHYS (AVENU;M;4336519;534785;130
201500014755;15;7;14;2335;5;2;1;1;6;55;66/68, CANEBIERE     1 A;M;4329620;537714;130
201500014756;15;7;14;2025;2;2;2;1;3;55;TROIS LUCS (AVENUE DES);M;4331022;546360;130
201500014757;15;7;7;2010;2;2;3;1;3;55;43, LIEUTAUD (COURS);M;4329250;538262;130
201500014758;15;7;14;1830;1;2;1;1;1;55;29-33, GRAND VALLA;M;4331000;546695;130
201500014759;15;7;12;324;5;2;1;1;7;55;354, POILUS (AVENUE DES);M;4331002;546691;130
201500014760;15;6;18;900;1;2;1;1;3;55;108, CORDERIE (BOULEVARD;M;4329009;536777;130
201500014761;15;7;15;1630;1;2;1;1;2;55;2, BREMOND**RUE);M;4332000;540850;130
201500014762;15;7;15;1850;1;2;1;1;1;55;163, PLOMBIERES (RUE DE);M;4331846;537956;130
201500014763;15;7;8;1615;1;2;7;1;6;55;17, HUILES (PLACE AUX);M;4329299;537182;130
201500014764;15;6;25;1945;2;2;1;1;6;55;63-65 DRAGON (RUE);M;4328754;537709;130
201500014765;15;7;9;1150;1;2;1;1;6;55;36, CORSE (AVENUE DE LA);M;4328898;536132;130
201500014766;15;5;27;910;1;2;1;1;7;55;109, CLOT BEY (AVENUE);M;4325808;538351;130
201500014767;15;7;16;1630;1;2;1;1;3;55;71, PEINTRES ROUX (AVENU;M;4330721;546848;130
201500014768;15;7;16;2245;5;2;1;1;6;55;12, PARIS (BOULEVARD DE);M;4330579;537251;130
201500014769;15;7;17;30;5;2;1;1;1;55;35, CROIX ROUGE (AVENUE);M;4333104;543177;130
201500014770;15;7;16;1600;1;2;1;1;3;106;39, 8 MAI 1945 (AVENUE D;M;4338715;535929;130
201500014771;15;7;17;845;1;2;1;1;5;55;17, CAMILLE PELLETAN (AV;M;4330316;537400;130
201500014772;15;7;17;1400;1;2;1;1;2;55;118, SAINT LOUIS ***;M;4334687;535916;130
201500014773;15;7;17;200;5;2;1;1;6;55;39, POMPIDOU (PROMENADE);M;4326570;537307;130
201500014774;15;7;17;2345;5;2;1;1;6;55;519, LITTORAL (CHEMIN DU;M;4335452;533356;130
201500014775;15;7;16;1730;1;2;1;1;2;55;00, SAINT MENET (AVENUE;M;4323716;550325;130
201500014776;15;7;18;1000;1;2;1;1;6;55;4, ARMENY (RUE D');M;4329097;538006;130
201500014777;15;7;17;1930;1;2;1;1;3;55;399, CORNICHE KENNEDY;M;4326893;536846;130
201500014778;15;7;18;1235;1;2;2;1;3;55;JEAN MOULIN (BOULEVA;M;4329007;539984;130
201500014779;15;7;19;700;1;2;1;1;3;2;1032,*7 RMENT DE TIRAILL;M;4333837;546712;130
201500014780;15;7;19;434;5;2;6;1;6;55;1, VALDONNE (AVENUE DE);M;4332766;541845;130
201500014781;15;7;19;2310;5;2;1;1;2;55;78, JULES CANTINI (AVENU;M;4328236;539019;130
201500014782;15;7;19;2330;5;2;1;1;6;55;102, LIEUTAUD (COURS);M;4329085;538320;130
201500014783;15;7;20;25;3;2;1;1;2;55;50, 24 AVRIL 15 (AVENUE;M;4330784;542967;130
201500014784;15;7;19;1930;1;1;1;1;1;55;113, ENCO DE BOT (ROUTE);M;4331954;547046;130
201500014785;15;6;25;1515;1;2;2;1;3;55;24 Rue d'Italie;M;4328958;538239;130
201500014786;15;7;15;330;5;2;1;1;6;55;327, CORNICHE KENNEDY;M;4327030;536443;130
201500014787;15;7;13;1750;1;2;1;1;6;55;01, SAINT PIERRE (RUE);M;4329397;538668;130
201500014788;15;7;21;1700;1;2;1;1;3;55;1-7 Av. de la  VISTE;M;4336559;535681;130
201500014789;15;7;21;1905;1;2;1;1;1;55;66, MAURIAC (RUE);M;4327455;541826;130
201500014790;15;7;20;1540;1;2;1;1;2;55;ARNAVON (AVENUE);M;4333098;537978;130
201500014791;15;7;21;1722;1;2;1;1;6;106;255, 8 MAI 1945 (AVENUE;M;4328784;546515;130
201500014792;15;6;12;930;1;2;1;1;2;55;75, FRANCOISE DUPARC (BO;M;4330473;540086;130
201500014793;15;7;21;1600;1;2;3;1;1;55;100, SAINT JEROME (AVENU;M;4333367;542020;130
201500014794;15;7;22;1515;1;2;3;1;3;55;CHEMIN DU MERLAN A LA RO;M;4333112;540618;130
201500014795;15;7;22;1620;1;2;1;1;2;55;114, LOUBON (RUE);M;4331281;538351;130
201500014796;15;7;22;1415;1;1;1;1;2;55;MENDES FRANCE (AVENUE);M;0;0;130
201500014797;15;7;16;1915;1;2;3;1;1;55;GARDIANS (RUE);M;4333353;539628;130
201500014798;15;3;13;720;1;2;2;1;6;55;83, BD DE STRASBOURG;M;4330903;537840;130
201500014799;15;7;22;1720;1;2;1;1;6;55;43, TURCAT MERY ALLЙE (A;M;4328104;538913;130
201500014800;15;3;1;2330;5;1;1;2;6;55;60, AVE DE LA CROIX ROUG;M;4333182;543399;130
201500014801;15;7;22;1745;1;2;3;1;3;55;68, JOLIETTE (RUE DE LA);M;4330291;536982;130
201500014802;15;7;22;1945;1;2;1;1;6;55;MADRAGUE VILLE (RUE);M;4332243;536426;130
201500014803;15;7;23;1550;1;2;3;1;3;55;29, PONT DE VIVAUX (BOUL;M;4327980;541835;130
201500014804;15;7;23;1600;1;2;1;1;3;55;109, CHARLES KADDOUZ (RU;M;4331312;543117;130
201500014805;15;7;23;2300;5;2;2;1;3;55;00, ANTHOINE (RUE D');M;4331646;536840;130
201500014806;15;7;24;930;1;2;1;1;2;55;57, JEAN MERMOZ (RUE);M;4327562;538679;130
201500014807;15;7;17;1315;1;2;1;1;7;55;467, LITTORAL (CHEMIN DU;M;4335264;533797;130
201500014808;15;7;24;2135;5;2;1;1;2;55;322, ROMAIN ROLLAND (BOU;M;4327133;540911;130
201500014809;15;6;12;2150;2;2;1;2;3;55;26, RIVE NEUVE (QUAI);M;4329294;536922;130
201500014810;15;7;24;1340;1;2;1;1;6;55;JOLIETTE (PLACE DE LA);M;4330476;536582;130
201500014811;15;7;14;1130;1;2;3;1;3;55;77, PLOMBIERES (BOULEVAR;M;4331608;538402;130
201500014812;15;7;13;1136;1;2;1;1;1;55;20, DЙSIRЙ BIANCO (AVENU;M;4328737;542519;130
201500014813;15;1;21;1545;1;2;1;1;6;55;01, RUE SERY;M;4331366;538812;130
201500014814;15;7;19;2000;1;2;1;1;6;55;RAMPE SAINT MAURICE;M;4329102;536349;130
201500014815;15;7;25;2200;5;1;2;1;1;55;143, CAPELETTE (AVENUE D;M;4328112;540602;130
201500014816;15;7;25;815;1;2;2;1;3;55;441, PRADO (AVENUE);M;4326674;538271;130
201500014817;15;7;26;625;2;2;4;1;6;55;86, SAINTE MARGUERITE (B;M;4326828;540606;130
201500014818;15;7;26;1055;1;1;1;1;2;55;1, CAMOINS (AVENUE DES);M;4330740;550876;130
201500014819;15;7;26;1450;1;2;1;1;4;55;350, PRADO (AVENUE);M;4327110;538878;130
201500014820;15;7;26;140;3;1;1;1;7;55;LЙON LACHAMP (ROUTE);M;4324887;545249;130
201500014821;15;7;26;330;5;2;2;1;3;55;00, FRANЗOISE DUPARC (BO;M;4330943;540281;130
201500014822;15;7;26;225;5;2;2;1;3;55;24, NEUVE SAINT (RUE);M;4329284;536868;130
201500014823;15;5;26;2100;5;2;1;1;6;55;4, PONT DE VIVAUX (BOULE;M;4328152;542600;130
201500014824;15;7;27;1432;1;2;1;1;2;55;231, MARЙCHAL DE LATTRE;M;4324478;542663;130
201500014825;15;7;27;1530;1;2;1;1;7;55;LAVANDIN (AVENUE);M;4333978;542628;130
201500014826;15;2;20;1700;1;2;1;1;6;55;204, AVE DES CHARTREUX;M;4331149;540115;130
201500014827;15;7;27;1725;1;2;1;1;5;55;17, SOUDE (AVENUE DE LA);M;4324484;539943;130
201500014828;15;3;15;1415;1;2;2;1;6;55;26, RUE DU PROGRES;M;4329711;539143;130
201500014829;15;7;27;2325;5;2;1;1;6;55;6, OCTROI (PLACE GARE DE;M;4328153;542578;130
201500014830;15;6;28;600;1;2;1;1;2;55;CARGO RHIN FIDELI (RUE);M;0;0;130
201500014831;15;7;27;915;1;2;1;1;6;55;18, SABLIERE (ROUTE DE L;M;4329231;547938;130
201500014832;15;7;28;720;1;2;1;1;6;55;21, ORANGE (RUE D');M;4331280;538627;130
201500014833;15;7;27;1545;1;2;1;1;3;55;DЙSIRЙ BIANCO (AVENUE);M;4328676;542527;130
201500014834;15;7;28;1342;1;1;1;1;2;55;35, SCHLOESING (BOULEVAR;M;4327409;540018;130
201500014835;15;7;27;1430;1;2;1;1;3;55;70, CANEBIERE     70 A F;M;4329763;538113;130
201500014836;15;7;28;1615;1;2;1;1;2;55;187, MENDES FRANCE (AVEN;M;4325231;537581;130
201500014837;15;7;28;1745;1;2;1;1;2;55;77B, VISTE (AVENUE DE*LA;M;4335767;535746;130
201500014838;15;7;27;2120;1;2;1;1;2;55;24, LAZARET (QUAI DU);M;4331023;536707;130
201500014839;15;7;28;2300;5;2;1;1;3;55;47, RIVE NEUVE (QUAI);M;4329235;536616;130
201500014840;15;7;28;2250;5;2;3;1;3;55;263, SAINT MARCEL (BOULE;M;4328631;547008;130
201500014841;15;7;28;2000;2;2;1;1;6;55;24, PLOMBIERES (BOULEVAR;M;4331523;538687;130
201500014842;15;7;28;1500;1;2;1;1;4;55;00, BELGES (QUAI DES);M;0;0;130
201500014843;15;7;28;1850;1;2;1;1;1;55;83, MENDES FRANCE (AVENU;M;4326034;537536;130
201500014844;15;7;29;1200;1;2;1;1;6;55;373, PARADIS *RUE);M;4327688;538376;130
201500014845;15;6;6;2230;5;2;2;1;3;55;00, JULES CANTINI (AVENU;M;4328371;538782;130
201500014846;15;7;29;2345;5;2;1;1;2;55;30, SCHLOESING (BOULEVAR;M;4327324;540056;130
201500014847;15;7;30;645;1;2;3;1;3;2;18, CLEMENT, JULES BARTH;M;4333268;546388;130
201500014848;15;7;30;745;1;2;1;1;1;55;SAINT JULIEN ***;M;4330525;541685;130
201500014849;15;7;25;900;1;2;1;1;3;2;863 JEAN GIONO (AVENUE);M;4333257;548390;130
201500014850;15;7;30;1830;1;2;1;1;6;55;LOUBON (RUE);M;4331285;538284;130
201500014851;15;7;30;2015;1;2;1;1;3;55;20, OLIVES (AVENUE DES);M;4332931;543055;130
201500014852;15;7;30;2240;3;2;1;1;5;55;60, CAPITAINE GEZE (BOUL;M;4333145;537512;130
201500014853;15;7;31;57;5;2;1;1;7;55;113, CANEBIERE ***;M;4329813;538256;130
201500014854;15;7;29;1930;1;1;1;1;3;55;84, MONTE CRISTO (RUE);M;4329958;539635;130
201500014855;15;7;30;1700;1;2;1;1;6;55;03, PIERRE DRAVET (RUE);M;4329021;539869;130
201500014856;15;7;30;1220;1;2;3;1;3;55;BARQUIERE (AVENUE DE LA);M;4324553;539816;130
201500014857;15;7;31;900;1;2;1;1;2;55;114 PRADO (ROND-POINT);M;4327262;539104;130
201500014858;15;1;22;800;1;2;1;1;6;55;01, AVE DES CAILLOLS;M;4330405;542474;130
201500014859;15;7;31;1630;1;2;1;1;6;55;114, SAINT MARCEL (BOULE;M;4328841;546262;130
201500014860;15;7;31;2000;1;2;1;1;7;55;EISSERO (RUE DE L');M;4335656;536001;130
201500014861;15;7;31;1823;1;2;1;1;1;55;177, MENDES FRANCE (AVEN;M;4325393;537617;130
201500014862;15;7;31;2315;5;2;1;1;6;55;562, PRADO (AVENUE);M;4326393;537759;130
201500014863;15;8;1;30;5;2;1;2;6;55;01, RIVE NEUVE (QUAI DE);M;4329400;537376;130
201500014864;15;8;1;1910;1;2;6;1;2;55;CHUTES LAVIE (AVENUE);M;4331350;539701;130
201500014865;15;8;1;2230;5;2;1;1;6;55;11 SCHLOESING (BOULEVA;M;4327619;539951;130
201500014866;15;8;1;2248;5;2;1;1;2;55;724, LITTORAL (CHEMIN DU;M;4335830;531883;130
201500014867;15;8;1;2345;5;2;1;1;3;55;155, VISTE (AVENUE DE LA;M;4336235;535726;130
201500014868;15;7;19;1540;1;2;2;1;1;55;10, ATHENES (BOULEVARD D;M;4329970;538080;130
201500014869;15;8;2;1320;1;2;9;1;6;55;11, LYON (RUE DE);M;4332327;536762;130
201500014870;15;8;2;1410;1;2;1;1;6;55;375, PRADO (AVENUE);M;4326930;538633;130
201500014871;15;8;2;1215;1;2;4;1;6;55;61, ROGER CHIEUSSE (BOUL;M;4336292;531649;130
201500014872;15;7;28;357;5;2;1;1;6;55;0, AUGUSTIN AUBERT (RUE);M;4326655;540289;130
201500014873;15;8;2;2120;5;2;1;1;3;55;1, ROMAIN ROLLAND (BOULE;M;4328036;542614;130
201500014874;15;7;28;930;1;2;1;1;2;55;108, ALEX. FLEMING (BOUL;M;4331653;539695;130
201500014875;15;7;21;440;5;2;2;1;1;55;95, SAKAKINI (BOULEVARD);M;4329375;540134;130
201500014876;15;8;3;850;1;2;2;1;3;55;2, PONT DE VIVAUX (BOUL;M;4328161;542704;130
201500014877;15;8;3;1350;1;2;1;1;6;55;21, ALEX. FLEMING (BOULE;M;4331521;540285;130
201500014878;15;8;3;2110;2;2;1;1;3;55;153, MARЙCHAL JUIN;M;4331009;540313;130
201500014879;15;8;3;2030;1;2;1;1;6;55;91, CHEMIN DU MERLAN A L;M;4333064;541120;130
201500014880;15;8;3;1900;1;1;1;1;4;55;40, LIBERTE (BOULEVARD D;M;4330135;538332;130
201500014881;15;7;30;1710;1;2;3;1;3;55;1, PALAMA (CHEMIN DE);M;4335203;543753;130
201500014882;15;7;31;930;1;2;1;1;3;55;247, MADRAGUE VILLE (RUE;M;4333322;535856;130
201500014883;15;8;4;1830;1;2;2;1;6;55;127, RABELAIS (RUE);M;4335921;533278;130
201500014884;15;8;4;2225;5;2;2;1;3;55;PIERRE PUGET (COURS);M;4329041;537577;130
201500014885;15;8;4;2200;5;2;1;1;2;55;34/36, MAURIAC (RUE);M;4327662;541694;130
201500014886;15;3;3;1530;1;2;1;1;6;55;252, BD BAILLE;M;4328980;539824;130
201500014887;15;8;4;2145;5;2;1;1;6;55;130, MORGIOU (CHEMIN DE);M;4323966;540736;130
201500014888;15;8;5;545;2;2;6;1;6;55;FLORIAN ( ROND POINT);M;4328568;542509;130