num_acc;an;mois;jour;hrmn;lum;agg;int;atm;col;com;adr;gps;lat;long;dep
201500014889;15;8;4;1520;1;2;1;1;3;55;19, DELPHES (AVENUE DE);M;4328422;538796;130
201500014890;15;8;4;1645;1;2;1;1;3;55;29, TOUSSAINT (RUE);M;4331389;538304;130
201500014891;15;8;6;1400;1;2;1;1;6;55;151, ESTAQUE PLAGE;M;4336199;530888;130
201500014892;15;8;6;1615;1;2;1;1;7;55;391, ROMAIN ROLLAND (BOU;M;4327036;540693;130
201500014893;15;8;6;1615;1;2;1;1;6;55;1, JEAN CRISTOFOL (RUE);M;4330992;537974;130
201500014894;15;8;6;2050;5;2;1;1;6;55;61, SAINT JUST (AVENUE D;M;4331713;540501;130
201500014895;15;2;17;845;1;2;1;3;1;55;15, VON FUTUR COLLEGE ST;;;;130
201500014896;15;8;6;2345;5;2;3;1;3;55;77, PLOMBIERES (BOULEVAR;M;4331608;538401;130
201500014897;15;8;5;1930;1;2;1;1;6;55;25, LACEPEDE (RUE);M;4330513;539881;130
201500014898;15;8;7;720;1;2;1;1;7;55;66, REPUBLIQUE (RUE DE L;M;4330126;537016;130
201500014899;15;8;6;1930;1;2;2;1;2;55;26, VERTUS (RUE DES);M;4329098;539212;130
201500014900;15;8;1;1830;1;2;1;1;6;55;SABLIERE (ROUTE DE LA);M;0;0;130
201500014901;15;8;7;1045;1;2;3;1;3;55;185, MONTOLIVET (AVENUE;M;4331234;541149;130
201500014902;15;8;7;1210;1;1;1;1;3;55;ANTOINE MAILLE (RUE);M;4328550;539421;130
201500014903;15;8;7;1200;1;2;1;1;3;55;00, PRADO (ROND-POINT);M;4327271;539118;130
201500014904;15;8;3;930;1;2;1;1;2;55;37, CAILLOLS (AVENUE DES;M;4330381;542636;130
201500014905;15;8;7;2215;5;2;1;1;3;55;00, VOLTAIRE    PAIRS (B;M;4330242;538384;130
201500014906;15;8;7;2030;1;2;1;1;6;55;2, LA FOURRAGERE (AVENUE;M;4329993;543095;130
201500014907;15;6;25;1255;1;2;6;1;6;55;64, HAIFA (AVENUE);M;4325203;539097;130
201500014908;15;8;8;900;1;2;3;1;6;55;21, MAZARGUES (AVENUE DE;M;4326909;538841;130
201500014909;15;8;8;1910;1;2;1;1;6;55;ROMAIN ROLLAND (BOULEVAR;M;4327400;541438;130
201500014910;15;8;9;15;5;2;1;1;3;55;375, PRADO (AVENUE);M;4326930;538634;130
201500014911;15;8;9;300;3;1;1;1;7;55;249, LЙON LACHAMP (ROUTE;M;4324655;545508;130
201500014912;15;7;21;915;1;2;1;1;3;55;06, DELPHES (AVENUE DE);M;4328503;538813;130
201500014913;15;8;9;1150;1;2;1;1;6;55;162, COMMANDERIE (CHEMIN;M;4334636;536159;130
201500014914;15;8;9;1850;2;2;3;1;6;55;432, MICHELET (BOULEVARD;M;4325300;540205;130
201500014915;15;8;10;720;1;2;3;1;3;55;PARIS (BOULEVARD DE);M;4330989;537019;130
201500014916;15;8;10;1105;1;2;1;1;6;55;40, BORROMEES ***;M;4330056;543421;130
201500014917;15;8;6;1030;1;2;2;1;3;55;68, SAINTE (RUE);M;4329171;537183;130
201500014918;15;8;10;1600;1;2;3;1;3;55;219, CHATEAU GOMBERT CHE;M;4334578;542482;130
201500014919;15;8;6;715;1;2;1;1;3;55;1, CARGO RHIN FIDELI (RU;M;4332735;535533;130
201500014920;15;8;10;2120;5;2;1;1;2;55;3, DUGOMMIER (BOULEVARD);M;4329791;538095;130
201500014921;15;8;11;50;5;2;1;1;6;55;153 MARЙCHAL JUIN 153;M;4330944;540289;130
201500014922;15;8;10;2230;5;2;3;1;3;55;11, FALQUE (RUE);M;4328444;538314;130
201500014923;15;8;10;2305;5;2;2;1;3;55;BONNIOT (BOULEVARD);M;4331515;544739;130
201500014924;15;8;4;1115;1;2;1;1;6;55;44, LЙO LAGRANGE (RUE);M;4332788;537777;130
201500014925;15;8;11;1200;1;2;1;1;6;55;450, LYON (RUE DE);M;4334094;536077;130
201500014926;15;8;11;1125;1;2;1;1;7;106;17, NELSON MANDELA (AVEN;M;4340973;536890;130
201500014927;15;8;10;1910;1;2;1;1;2;55;141, ESTAQUE PLAGE;M;4335990;531000;130
201500014928;15;8;11;1430;1;2;4;1;3;55;32, MONTAIGNE (RUE);M;4330435;541413;130
201500014929;15;7;19;120;5;2;1;1;6;55;213, CHAVE (BOULEVARD);M;4329583;539986;130
201500014930;15;8;1;100;5;2;6;1;7;55;1, CHUTES LAVI (AVENUE);M;4330834;539647;130
201500014931;15;8;11;2250;5;2;1;1;3;55;00, SCHLOESING (BOULEVAR;M;4327631;539947;130
201500014932;15;3;12;830;1;2;1;1;6;55;16, ALL LEON GAMBETTA;M;4329910;538187;130
201500014933;15;8;12;145;5;2;1;1;7;55;132, PRADO**;M;4327942;538775;130
201500014934;15;8;4;2000;1;2;1;1;6;55;1, BELSUNCE (COURS);M;4329906;537570;130
201500014935;15;8;7;1030;1;2;1;1;3;55;1, ROMAIN ROLLAND (BOULE;M;4328098;542696;130
201500014936;15;8;11;1100;1;2;1;1;3;55;418, MICHELET *BOULEVARD;M;4325338;540169;130
201500014937;15;7;31;1600;1;2;1;1;3;55;14, SAINT SAENS (RUE);M;4329386;537549;130
201500014938;15;8;12;2015;1;2;1;1;3;55;TOPAZE (RUE);M;4333487;540995;130
201500014939;15;8;12;2045;2;2;1;1;6;55;505, PRADO (AVENUE);M;4326551;538044;130
201500014940;15;8;4;1915;1;2;1;1;3;55;9, SALVADOR ALLENDE (RUE;M;4335668;548625;130
201500014941;15;8;13;1100;1;2;9;1;6;55;00, RODOCANACHI (BOULEVA;;;;130
201500014942;15;7;2;1840;1;2;1;1;6;55;33, ROLAND DORGELES (BOU;M;4334722;537839;130
201500014943;15;8;7;1630;1;2;2;1;3;75;FRЙDЙRIC CHEVILLON;M;4334747;546375;130
201500014944;15;8;13;400;5;2;1;1;6;55;347  CORNICHE KENNEDY;M;4327175;536268;130
201500014945;15;8;14;5;5;2;1;1;3;55;LITTORAL (CHEMIN DU);M;4334870;534313;130
201500014946;15;8;14;820;1;2;1;1;2;55;2, DANIEL CASANOVA (BOUL;M;4332089;537475;130
201500014947;15;8;14;1200;1;2;1;1;6;55;93, SAKAKINI (BOULEVARD);M;4329412;540159;130
201500014948;15;8;5;1015;1;2;3;1;6;55;5, VINCENT ANDREU (AVENU;M;4328815;545053;130
201500014949;15;8;14;1415;1;2;1;1;6;55;2, JOSEPH AIGUIER (CHEMI;M;4325940;540256;130
201500014950;15;8;14;1420;1;2;1;1;6;55;114, ROMAIN ROLLAND (BOU;M;4327769;542063;130
201500014951;15;8;14;2215;5;2;1;1;1;55;68, CAPITAINE GEZE (BOUL;M;4333146;537556;130
201500014952;15;8;15;415;5;1;1;1;1;55;36, PRADO (AVENUE DU);M;4328384;538458;130
201500014953;15;8;15;530;2;2;1;1;6;55;150, VALBARELLE (BOULEVA;M;4328835;545158;130
201500014954;15;8;16;130;5;2;2;1;3;55;19, GЙNЙRAL LECLERC (RUE;M;4330443;537608;130
201500014955;15;8;16;710;1;2;1;1;6;2;JEAN GIONO (AVENUE);M;4333246;548409;130
201500014956;15;8;15;1700;1;2;1;1;3;55;581, PRADO (AVENUE);M;4326248;537573;130
201500014957;15;8;10;545;5;2;1;1;2;55;338, SAINT PIERRE (RUE);M;4329178;540773;130
201500014958;15;8;11;1210;1;2;2;1;1;55;00, PARADIS (RUE);M;4328425;538029;130
201500014959;15;8;16;430;2;2;1;1;3;55;56, BUTRIS (TRAVERSE DES;M;4329915;545360;130
201500014960;15;8;16;740;1;2;1;1;7;55;00, CROIX ROUGE (AVENUE);M;4333508;544535;130
201500014961;15;8;16;1005;1;2;1;1;1;55;1, FRANKLIN ROOSEVELT (C;M;4329912;538558;130
201500014962;15;8;16;1300;1;2;1;1;3;55;62, ANTOINE DEL BELLO (R;M;4328193;541190;130
201500014963;15;8;16;445;5;2;2;1;3;55;18, COLBERT (RUE)    IMP;M;4329926;537412;130
201500014964;15;3;11;1220;1;2;1;1;1;55;34, BD DU CAPITAINE GEZE;M;4333025;537006;130
201500014965;15;8;11;745;1;2;2;1;1;55;CAMAS (RUE DU);M;4329887;539129;130
201500014966;15;8;17;800;1;2;1;1;5;55;, ALEX. FLEMING (BOULE;M;4331651;539639;130
201500014967;15;7;29;1700;1;2;9;1;2;55;66, LIEUTAUD (COURS);M;4329253;538259;130
201500014968;15;8;17;950;1;2;3;1;3;55;23, JOLIETTE (QUAI DE LA;M;4330479;536536;130
201500014969;15;8;17;1230;1;2;1;1;6;55;66, SAINT MARCEL (BOULEV;M;4328877;545962;130
201500014970;15;8;17;2024;2;2;1;1;3;55;PRADO (ROND-POINT);M;4327268;539152;130
201500014971;15;8;17;2215;5;2;2;1;3;55;2, MIRABEAU (BOULEVARD);M;4331453;537052;130
201500014972;15;8;17;2200;4;2;1;1;6;55;10, BOISERAIE (RUE);M;4329847;542128;130
201500014973;15;8;12;2000;1;2;1;1;1;55;72-76 ROUET;M;4328228;538833;130
201500014974;15;8;15;30;5;2;1;1;2;55;156, PLOMBIERES (BOULEVA;M;4331831;538008;130
201500014975;15;8;17;1055;1;2;1;1;3;55;116 LIEUTAUD (COURS);M;4328973;538376;130
201500014976;15;8;7;1525;1;2;1;1;7;55;56, VOLTAIRE    PAIRS (B;M;4330309;538519;130
201500014977;15;8;19;1415;1;2;1;1;2;55;130, MADRAGUE VILLE (RUE;M;4332696;536060;130
201500014978;15;8;19;2120;5;2;1;1;3;55;1, MONTAIGNE (RUE);M;4330431;541438;130
201500014979;15;8;20;108;5;2;3;1;6;55;45, BRETEUIL (RUE);M;4329042;537577;130
201500014980;15;7;27;830;1;2;1;1;6;55;10, SAKAKINI (BOULEVARD);M;4329509;540063;130
201500014981;15;8;19;1800;1;2;1;1;1;55;64, ALL DE LA GRANDE BAS;M;4329661;543814;130
201500014982;15;8;20;1350;1;2;1;1;7;55;33-3 LAROUSSE (BOULEVARD;M;4333046;537824;130
201500014983;15;8;20;1920;1;2;1;1;6;55;58, CAPELETTE (AVENUE DE;M;4328235;540494;130
201500014984;15;8;17;750;1;2;1;1;2;55;81, PRADO (AVENUE DU);M;4328179;538641;130
201500014985;15;8;21;2320;5;2;1;1;2;55;1, ARNAVAUX (AVENUE DES);M;4333252;538079;130
201500014986;15;8;21;2355;5;2;3;1;3;55;1, MILLIERE (BOULEVARD;M;4328349;549938;130
201500014987;15;8;22;100;5;2;1;1;6;55;337, CORNICHE KENNEDY;M;4327346;536267;130
201500014988;15;8;21;1735;1;2;1;1;2;55;00, CORNICHE KENNEDY;M;4327381;536234;130
201500014989;15;8;23;230;5;2;1;1;2;55;101, MICHELET (BOULEVARD;M;4326732;539399;130
201500014990;15;8;23;30;5;2;1;1;6;55;9 TER, GAVOTTE (RUE DE L;M;4337291;535522;130
201500014991;15;8;23;1615;1;2;1;1;6;55;6, ROGER BRUN ***;M;4328665;539047;130
201500014992;15;8;22;1210;1;1;1;1;4;55;ALEX. FLEMING (BOULEVARD;M;4331656;539843;130
201500014993;15;8;24;845;1;2;1;1;3;55;139, MADRAGUE VILLE ****;M;4332680;536071;130
201500014994;15;8;24;2140;5;2;1;1;3;55;341, SAINT ANTOINE (AVEN;M;4337970;535721;130
201500014995;15;8;24;1510;1;2;3;1;3;55;15, JEAN MARTIN (RUE);M;4329381;540302;130
201500014996;15;8;25;1630;1;2;1;1;6;55;55, CADE (TRAVERSE);M;4333764;539693;130
201500014997;15;8;25;1320;1;2;1;1;6;55;161, TOULON (AVENUE DE);M;4328488;539448;130
201500014998;15;8;25;2040;2;2;1;1;3;55;237, OLIVES (AVENUE DES);M;4332378;544472;130
201500014999;15;8;26;1030;1;2;1;1;6;55;102, MAURIAC (RUE);M;4327191;542155;130
201500015000;15;8;22;1830;1;2;7;1;6;55;NATIONALE (RUE);M;4329937;537684;130
201500015001;15;8;26;2340;5;2;1;1;1;55;155, DANIEL CASANOVA (BO;M;4332725;537497;130
201500015002;15;8;27;1430;1;1;1;1;3;55;36, MICHELET (BOULEVARD);M;4327039;539227;130
201500015003;15;8;27;1310;1;2;1;1;3;55;23, BOSPHORE (BOULEVARD;M;4337228;536521;130
201500015004;15;8;27;1715;1;2;1;1;3;55;36, CHARLES LIVON (BOULE;M;4329225;536049;130
201500015005;15;8;27;1130;1;2;1;1;3;55;26, RUE PAUL PREBOIST;M;4333112;545032;130
201500015006;15;8;27;1730;1;2;1;1;3;55;1, SAINT ANTOINE (AVENUE;M;4336572;535679;130
201500015007;15;8;27;1245;1;2;1;1;2;55;ALBERT EINSTEIN (RUE;M;4334572;544655;130
201500015008;15;8;27;1230;1;2;1;1;3;55;130, ALBERT EINSTEIN (RU;M;4334572;544655;130
201500015009;15;7;24;1720;1;2;1;1;3;55;108, MILLIERE (BOULEVARD;M;4328347;549935;130
201500015010;15;8;28;1630;1;2;2;1;1;55;0000, BUREL (BOULEVARD E;M;4331725;538995;130
201500015011;15;8;28;1415;1;2;1;1;1;55;130, RABATAU (BOULEVARD);M;4327859;539924;130
201500015012;15;8;28;1000;1;2;1;1;6;55;295, POILUS (AVENUE DES);M;4331600;546122;130
201500015013;15;8;28;2130;5;2;1;1;5;55;26, VALENTINE (ROUTE DE;M;4328937;546492;130
201500015014;15;3;12;1115;1;2;6;1;6;2;00, JEAN GIONO (AVENUE);M;4333187;548655;130
201500015015;15;8;29;215;5;2;1;1;7;55;00, ALEX. FLEMING (BOULE;M;4331653;539693;130
201500015016;15;8;29;1345;1;2;1;1;1;55;26, VALBARELLE (BOULEVAR;M;4328866;545716;130
201500015017;15;8;30;2245;5;2;1;1;2;55;145, RABATAU (BOULEVARD);M;4327716;539856;130
201500015018;15;8;10;1745;1;2;1;1;2;55;40, VOLTAIRE    IMPAIRS;M;4330244;538391;130
201500015019;15;8;27;1840;1;2;1;1;2;55;58, SAINT MENET (AVENUE;M;4328908;549913;130
201500015020;15;8;31;1600;1;1;1;1;6;55;162, BAILLE (BOULEVARD);M;4328834;539347;130
201500015021;15;8;31;1845;1;2;1;1;5;55;MARЙCHAL DE LATTRE (AVEN;M;4324692;540708;130
201500015022;15;8;31;2030;5;2;1;1;7;55;38, VERDILLON (RUE);M;4327556;542399;130
201500015023;15;9;1;1430;1;2;3;1;3;55;122-124, PONT DE VIVAUX;M;4328158;542363;130
201500015024;15;9;1;1630;1;2;1;1;3;55;VALLON VERT (CHEMIN DU);M;4333528;545404;130
201500015025;15;9;1;1030;1;2;3;1;2;55;108, PRADO (AVENUE);M;4328099;538616;130
201500015026;15;9;1;1100;1;2;1;1;3;55;164, PEINTRES ROUX (AVEN;M;4329989;547754;130
201500015027;15;9;2;1640;1;2;2;1;6;55;55, FORBIN (RUE DE);M;4330499;536821;130
201500015028;15;9;2;1830;1;2;1;1;1;55;00, BARQUIERE (AVENUE DE;M;0;0;130
201500015029;15;9;2;2230;5;2;2;1;3;55;00, RUFFI (RUE DE);M;4331160;537134;130
201500015030;15;9;3;1720;1;2;1;1;6;55;225, PAUL CLAUDEL (BOULE;M;4326917;542063;130
201500015031;15;9;3;1130;1;2;1;1;2;55;14, FONDERE (RUE);M;4330188;539985;130
201500015032;15;9;4;238;5;2;6;1;7;55;3, HENRI FRENAY (ROND-P;M;4325438;537635;130
201500015033;15;9;3;1215;1;2;1;1;2;55;184, SAINT MENET (AVENUE;M;4328731;551026;130
201500015034;15;9;3;1630;1;2;1;1;6;55;4, LIEUTAUD (COURS);M;4329584;538153;130
201500015035;15;9;4;2130;5;2;1;1;6;55;16, JEAN MOULIN (BOULEVA;M;4328625;539914;130
201500015036;15;9;4;2220;5;2;1;1;3;55;232, ROMAIN ROLLAND (BOU;M;4327402;541437;130
201500015037;15;9;3;1830;1;1;1;1;1;55;250, ALBERT EINSTEIN (RU;M;4334582;544633;130
201500015038;15;9;3;1330;1;2;1;1;1;55;00, BONNETERIE (RUE);M;4329687;537166;130
201500015039;15;8;29;2030;2;2;1;1;3;55;39, SCHLOESING (BOULEVAR;M;4327446;539984;130
201500015040;15;9;3;1805;1;2;1;1;3;55;110, SAINT PIERRE (RUE);M;4329195;539358;130
201500015041;15;9;6;630;1;2;1;1;6;55;BRETEUIL (RUE);M;4328709;537711;130
201500015042;15;9;6;730;2;2;1;1;6;55;199, CROIX ROUGE (AVENUE;M;4333502;544613;130
201500015043;15;9;2;1240;1;2;1;1;2;55;26, VALBARELLE (BOULEVAR;M;4328629;544386;130
201500015044;15;9;6;1620;1;2;1;1;4;55;546, PRADO (AVENUE);M;4326417;537832;130
201500015045;15;9;6;1811;1;2;1;1;3;55;PLOMBIERES (BOULEVARD*DE;M;4331724;538142;130
201500015046;15;9;6;1910;1;2;1;1;4;55;893, SALVATORE ALLENDE (;M;4335197;547767;130
201500015047;15;2;28;2150;5;2;2;1;6;55;00, BD RABATAU;M;4327934;539929;130
201500015048;15;9;7;1300;1;2;1;1;7;55;55, LOUBON (RUE);M;4331241;537995;130
201500015049;15;9;7;1345;1;2;1;1;1;55;23, SAINT HENRI (CHEMIN;M;4335602;533467;130
201500015050;15;9;7;1500;1;2;2;1;1;55;79, ROSE (AVENUE DE LA);M;4332646;542149;130
201500015051;15;9;7;1740;1;2;1;1;6;55;56, CLOT BEY (AVENUE);M;4326088;538721;130
201500015052;15;9;7;1820;1;2;1;1;6;55;192, ROSE (AVENUE DE LA);M;4332906;542729;130
201500015053;15;9;7;1900;2;2;1;1;3;55;181, PIERRE DOIZE  (RUE);M;4327380;542725;130
201500015054;15;9;8;745;1;2;1;1;6;55;3, 8 MAI 1945 (AVENUE DU;M;4340232;537016;130
201500015055;15;9;8;1645;1;2;1;1;6;55;43, PAUL CLAUDEL (BOULEV;M;4326846;540955;130
201500015056;15;9;8;1630;1;2;1;1;2;55;156, POILUS (AVENUE DES);M;4332176;545700;130
201500015057;15;3;15;400;5;2;1;2;6;55;15, BD SCHLOESING;M;4327581;539960;130
201500015058;15;9;8;1745;1;2;3;1;3;55;78, BARASSE;M;4328583;547955;130
201500015059;15;9;8;2115;5;2;1;1;2;55;4, LE CHATELIER;M;4334773;535911;130
201500015060;15;9;9;30;5;1;1;1;6;55;432, MIRELLE LAUZE (BOUL;M;4328645;543048;130
201500015061;15;9;7;1555;1;2;1;1;1;55;112, BARA (BOULEVARD);M;4334789;544773;130
201500015062;15;9;9;815;1;2;1;1;3;55;22, CREDENCE (RUE);M;4332118;544624;130
201500015063;15;9;9;945;1;2;1;1;3;55;27, SCHLOESING (BOULEVAR;M;;;130
201500015064;15;9;9;1045;1;2;3;1;1;55;135, OLIVES (AVENUE DES);M;4332657;543816;130
201500015065;15;8;19;2000;2;1;1;1;4;55;00, LЙON LACHAMP (ROUTE);M;4324632;543268;130
201500015066;15;9;9;1530;1;2;1;1;6;55;35, DЙSIRЙ BIANCO ****;M;4328903;542576;130
201500015067;15;9;9;1430;1;1;1;1;2;55;35, ALL DE LA GRANDE BAS;M;4329834;543684;130
201500015068;15;2;28;1915;5;2;1;1;2;55;56, AVE DU MERLAN;M;4333643;540727;130
201500015069;15;9;9;1530;1;2;3;1;3;55;00, MADRAGUE VILLE (RUE);M;4333696;535756;130
201500015070;15;9;9;2045;5;2;1;1;6;55;110, ROUET (RUE DU);M;4328013;539019;130
201500015071;15;9;9;1400;1;1;1;1;6;55;GASTON FLOTTE*(RUE);;;;130
201500015072;15;9;10;910;1;2;1;1;3;55;02, TURBINE (RUE DE LA);M;4327661;538124;130
201500015073;15;9;10;1030;1;2;2;1;6;55;MERLE (BOULEVARD);M;4330106;541513;130
201500015074;15;9;10;1050;1;1;1;1;2;2;1419, ETIENNE CUCCA-CD90;M;4336320;549563;130
201500015075;15;9;9;1715;1;2;2;1;3;55;60, CANEBIERE    30 A 68;M;4329727;538012;130
201500015076;15;9;10;1515;1;2;1;1;3;55;14, MARЙCHAL DE LATTRE (;M;4324968;540478;130
201500015077;15;9;10;2345;5;2;1;1;6;55;411, PRADO (AVENUE);M;4326819;538463;130
201500015078;15;9;10;1715;1;2;1;1;6;55;214, CAPELETTE (AVENUE D;M;4327964;541051;130
201500015079;15;9;11;800;1;2;1;1;5;55;165, PRADO (AVENUE);M;4327841;538798;130
201500015080;15;8;24;500;5;2;2;1;3;55;85, PARADIS (RUE);M;4329050;537802;130
201500015081;15;9;9;1635;1;2;1;1;6;55;22, BELSUNCE (COURS);M;4329762;537698;130
201500015082;15;9;11;2015;5;2;1;1;6;55;17, CAMOINS ((RUE LES);M;4329601;548944;130
201500015083;15;9;11;1915;1;2;1;1;7;55;01, ALEX DELABRE (BOULEV;M;4321969;534536;130
201500015084;15;9;12;350;5;2;1;2;6;55;152, MAZARGUES (AVENUE D;M;4326546;539030;130
201500015085;15;8;31;1150;1;2;1;1;2;55;33, AURENGUES**CHEMIN DE;M;4332739;545438;130
201500015086;15;9;11;1230;1;2;2;1;3;55;1, BREMOND (RUE);M;4331988;540825;130
201500015087;15;9;3;1430;1;2;1;1;2;55;59, SAINT JUST (AVENUE D;M;4331500;540300;130
201500015088;15;9;11;740;1;2;1;1;6;55;12, CENTRALE (RUE);M;4335167;543894;130
201500015089;15;9;11;1750;1;2;1;1;3;55;131, MAZARGUES (AVENUE D;M;4326589;539010;130
201500015090;15;8;31;1605;1;2;1;1;3;55;36, CHARLES LIVON (BOULE;M;4329226;536093;130
201500015091;15;8;25;1810;1;2;1;1;2;55;11, FARANDOLE (IMPASSE);M;4332626;542361;130
201500015092;15;9;12;1330;1;2;1;1;4;55;ANDRЙ ROUSSIN (AVENUE);M;4335393;533783;130
201500015093;15;9;12;1800;1;2;1;1;3;55;65, CLOT BEY (AVENUE);M;4325662;538259;130
201500015094;15;9;12;2015;2;2;1;1;3;55;80, ACIERIES (BOULEVARD;M;4327723;540327;130
201500015095;15;8;18;1430;1;2;1;1;3;55;PALUD (RUE DE LA);M;4329411;537957;130
201500015096;15;8;19;2035;2;2;1;1;6;55;26, ANDRE ZENATTI (AVENU;M;4324685;538340;130
201500015097;15;9;13;900;1;2;1;1;6;55;155, CORNICHE KENNEDY;M;4328631;535130;130
201500015098;15;8;14;1700;1;2;1;1;3;55;19-23 CATALANS;M;4329280;535560;130
201500015099;15;9;13;1540;1;2;1;1;3;55;PORT (QUAI DU);M;4329628;537164;130
201500015100;15;9;13;1715;1;2;1;1;2;55;34, LESSEPS (RUE DE);M;4332045;537328;130
201500015101;15;9;11;1200;1;2;1;1;2;55;397, CORNICHE KENNEDY;M;4326998;536595;130
201500015102;15;9;11;1800;1;1;1;1;4;55;ARENC (QUAI D');M;4331244;536692;130
201500015103;15;9;14;800;1;1;1;1;3;55;6, BONNARDEL (RUE);M;4331118;538746;130
201500015104;15;9;14;1306;1;2;1;1;3;55;342, SAINT ANTOINE (AVEN;M;4337734;535650;130
201500015105;15;9;14;1210;1;2;1;1;6;55;18, VALDONNE (AVENUE DE);M;4332433;541545;130
201500015106;15;9;14;1630;1;2;1;1;6;55;00, SAVINE (BOULEVARD DE;M;4336625;537130;130
201500015107;15;9;15;710;1;2;1;1;6;2;ETIENNE CUCCA-CD908 (AVE;M;4336302;549496;130
201500015108;15;9;14;1830;1;2;1;1;2;55;3, MONTAIGNE (RUE);M;4330431;541433;130
201500015109;15;9;15;1030;1;2;1;1;1;55;133, CHEMIN DU MERLAN A;M;4333087;540721;130
201500015110;15;9;12;1130;1;2;1;1;5;55;BOURRELY (CHEMIN DES);M;0;0;130
201500015111;15;9;15;1516;1;2;1;1;2;55;PONT DE VIVAUX (BOULEVAR;M;4328050;542085;130
201500015112;15;9;15;1800;1;2;1;8;4;55;00, MARЙCHAL DE LATTRE (;M;4324536;542374;130
201500015113;15;9;16;420;2;2;1;2;7;55;56, VALBARELLE (BOULEVAR;M;4328696;544590;130
201500015114;15;9;16;735;1;2;1;8;3;55;CASSIN (RUE);M;4331565;537312;130
201500015115;15;9;16;845;1;2;1;8;7;55;35, PETIT SAINT JEAN (RU;M;4329898;537909;130
201500015116;15;9;16;1650;1;2;2;1;3;55;61, JEANNE D'ARC (BOULEV;M;4329342;540316;130
201500015117;15;9;16;1835;1;2;3;1;6;55;1, PIERRE DRAMARD (BOULE;M;4337748;535986;130
201500015118;15;9;11;800;1;2;5;1;7;55;ALEX. FLEMING (BOULEV;M;4331383;540581;130
201500015119;15;9;10;2000;2;2;1;1;2;55;179, BAILLE (BOULEVARD);M;4328875;539432;130
201500015120;15;8;17;1300;1;2;1;1;3;55;103, MARЙCHAL DE LATTRE;M;4324708;540738;130
201500015121;15;9;17;720;1;2;3;1;2;55;52, PERIER (BOULEVARD);M;4327932;538409;130
201500015122;15;9;11;1200;1;2;1;1;3;55;40, RIVE NEUVE (QUAI);M;4329253;536697;130
201500015123;15;9;17;1130;1;2;1;2;2;55;00, JEAN BOUIN (AVENUE);M;4326720;540316;130
201500015124;15;9;14;810;1;2;3;1;3;75;98, FREDERIC MISTRAL (AV;M;4335110;547179;130
201500015125;15;9;17;1841;1;2;1;1;6;55;26, ANDRE ZENATTI (AVENU;M;4324690;538328;130
201500015126;15;8;1;1850;1;2;2;1;6;55;39, CORDERIE (BOULEVARD;M;4328986;536630;130
201500015127;15;9;17;850;1;2;1;1;3;55;15, BOURDET (MAURICE) (B;M;4330308;537917;130
201500015128;15;9;17;1145;1;2;1;1;3;55;00, FRAIS VALLON (AVENUE;M;4332512;542340;130
201500015129;15;9;18;440;5;2;1;1;7;55;00, BOUYALA D'ARNAUD (BO;M;4329626;544467;130
201500015130;15;9;18;750;1;2;1;1;2;55;32, SCHLOESING (BOULEVAR;M;4327133;540182;130
201500015131;15;9;18;900;1;2;1;1;3;55;160, POILUS (AVENUE DES);M;4332181;545750;130
201500015132;15;9;18;1240;1;2;1;1;5;55;22, ST MENET (CHEMIN);M;4328919;549657;130
201500015133;15;9;18;1515;1;2;3;1;3;55;192, ROUET (RUE DU);M;4327574;539552;130
201500015134;15;1;24;1300;1;2;1;1;6;55;00, RUE ELEMIR BOURGES;;;;130
201500015135;15;9;18;1500;1;2;1;1;3;55;1, MONTEE DES (RUE);M;4330546;541026;130
201500015136;15;9;18;1900;1;2;1;1;2;55;85,*POMPIDOU (PROMENADE);M;4326329;537400;130
201500015137;15;9;18;1505;1;2;1;1;2;55;FRЙDЙRIC MISTRAL (AVENUE;M;4332340;544930;130
201500015138;15;9;19;1330;1;2;3;1;6;55;01, STRASBOURG (PLACE);M;4330645;537348;130
201500015139;15;9;19;1300;1;2;1;1;3;55;103, CAPELETTE (AVENUE D;M;4328188;540405;130
201500015140;15;9;19;1515;1;2;2;1;3;55;FORTUNЙ CHAILLAN (RUE);M;4336037;536380;130
201500015141;15;9;19;1730;1;2;1;1;6;55;02, DESAIX (RUE);M;4330863;537443;130
201500015142;15;9;19;2210;5;2;1;1;3;55;280, BARASSE;M;4328382;549263;130
201500015143;15;8;21;1640;1;2;1;1;2;55;63, JEAN MOULIN (BOULEVA;M;4328550;539882;130
201500015144;15;9;8;1340;1;1;1;1;6;55;16, ROGER BRUN (RUE);M;4328657;539067;130
201500015145;15;9;20;1950;2;2;1;1;3;55;35, LA FOURRAGERE (AVENU;M;4330168;543095;130
201500015146;15;9;21;1030;1;2;1;1;1;55;ALBERT COHEN (RUE);M;4336184;533676;130
201500015147;15;9;21;1345;1;2;1;1;3;55;93, RABATAU (BOULEVARD);M;4327657;539764;130