num_acc;an;mois;jour;hrmn;lum;agg;int;atm;col;com;adr;gps;lat;long;dep
201500015148;15;9;21;1410;1;2;1;1;6;55;36, ROUET (RUE DU);M;4328396;538586;130
201500015149;15;9;18;930;1;2;3;1;2;55;9, ARMENY (RUE D');M;4329073;537904;130
201500015150;15;9;21;1430;1;2;1;1;1;55;293, ROMAIN ROLLAND (BOU;M;4327261;541147;130
201500015151;15;9;21;1840;1;2;1;1;1;55;7, EMMANUEL EYDOUX (RUE);M;4336276;533540;130
201500015152;15;9;21;2130;5;2;1;1;6;55;20, LOUIS FRANGIN (RUE);M;4329436;540648;130
201500015153;15;9;21;715;1;2;3;1;3;55;52, LIEUTAUD (COURS);M;4329347;538230;130
201500015154;15;9;22;1700;1;2;1;1;3;55;00, LUMINY (AVENUE DE);M;4323559;543581;130
201500015155;15;9;22;1230;1;2;1;1;6;55;205, ROUET (RUE DU);M;4327643;539451;130
201500015156;15;9;18;1045;1;2;1;1;3;55;70, FЙLIX PYAT (RUE);M;4331526;537481;130
201500015157;15;8;17;1700;1;2;2;1;6;55;91, BAILLE (BOULEVARD);M;4328760;539006;130
201500015158;15;9;5;945;1;2;1;1;2;55;15, REPUBLIQUE (RUE DE L;M;4329789;537282;130
201500015159;15;9;22;1440;1;2;1;1;3;55;29, SABLIERE (ROUTE DE L;M;4329231;547938;130
201500015160;15;9;12;830;1;2;1;1;2;55;0, CARGO RHIN FIDELI (RU;M;0;0;130
201500015161;15;9;22;1800;1;2;2;1;5;55;03, MICHELET (BOULEVARD);M;4327197;539165;130
201500015162;15;8;18;1900;1;2;1;1;6;55;47, ROGER SALENGRO ***;M;4331187;537227;130
201500015163;15;9;18;220;5;2;1;1;2;55;1, JEAN MOULIN (BOULEVAR;M;4328973;540008;130
201500015164;15;9;22;1710;1;2;2;1;3;55;244, SAINT PIERRE (RUE);M;4329262;540129;130
201500015165;15;9;22;1805;1;2;1;1;6;55;12, PAUL COXE (RUE);M;4334834;537611;130
201500015166;15;9;15;1815;2;2;1;1;2;55;9, SAKAKINI (BOULEVARD);M;4329865;540098;130
201500015167;15;9;9;1640;1;2;3;1;1;55;13, PASTEUR (AVENUE);M;4329146;535902;130
201500015168;15;9;23;1000;1;2;1;1;6;55;16, CAMILLE PELLETAN (AV;M;4330304;537407;130
201500015169;15;9;23;1045;1;2;1;6;6;55;37, MENDES FRANCE (AVENU;M;4325770;537612;130
201500015170;15;9;23;940;1;2;1;1;3;55;92, SAKAKINI (BOULEVARD);M;4329451;540139;130
201500015171;15;9;14;1005;1;2;1;1;2;55;52, CAMILLE PELLETAN (AV;M;4330418;537342;130
201500015172;15;9;23;1125;1;2;3;1;3;55;39, JEAN LOMBARD (AVENUE;M;4328893;542908;130
201500015173;15;9;23;1500;1;1;1;1;3;55;1, CAP PINEDE (Avenue);M;4332780;536245;130
201500015174;15;9;6;1230;1;2;1;1;7;55;150, CAP PINEDE (Avenue);M;4332876;536587;130
201500015175;15;9;24;1240;1;2;4;1;3;55;145, LOUBON (RUE);M;4331308;538579;130
201500015176;15;9;24;1400;1;2;1;1;1;55;109, RABATAU (BOULEVARD);M;4327693;539811;130
201500015177;15;9;24;1440;1;2;9;1;3;55;458, SAINT ANTOINE (AVEN;M;4338309;535828;130
201500015178;15;9;24;2135;5;2;1;1;1;55;104-106 Rue d'Italie;M;4328659;538441;130
201500015179;15;9;25;10;5;2;3;1;6;55;36, GARLABAN (AVENUE DE);M;4329884;542107;130
201500015180;15;9;23;1415;1;2;1;1;6;55;139, MIREILLE LAUZE (BOU;M;4328350;541455;130
201500015181;15;9;23;1805;1;2;1;1;6;55;38, SAINTE (RUE);M;4329232;537451;130
201500015182;15;9;24;1900;1;2;1;1;6;2;00, AUBAGNENS (AVENUE DE;M;4332739;548177;130
201500015183;15;8;27;1145;1;2;1;1;6;55;141, CORNICHE KENNEDY;M;4328668;535164;130
201500015184;15;9;25;1230;1;2;1;1;2;55;ROLAND DORGELES (BOULEVA;M;4334810;537677;130
201500015185;15;9;25;1315;1;2;1;1;3;55;PEYPIN (RUE DE);M;4332634;542148;130
201500015186;15;9;26;215;5;2;1;1;6;55;212, CHAVE (BOULEVARD);M;4329566;539849;130
201500015187;15;9;25;1150;1;2;1;1;2;55;22 ANDRE ZENATTI (AVENU;M;4324685;538341;130
201500015188;15;8;21;1000;1;2;1;1;6;55;57-59, PARIS (BOULEVARD;M;4330800;537124;130
201500015189;15;9;23;1420;1;2;2;1;3;55;21, ITALIE (RUE D');M;4329016;538196;130
201500015190;15;9;26;1025;1;2;9;1;3;55;17, REPUBLIQUE (RUE DE L;M;4329775;537294;130
201500015191;15;9;26;1115;1;2;1;1;2;55;280, MIREILLE LAUZE (BOU;M;4328492;542169;130
201500015192;15;9;26;945;1;2;2;1;1;55;56, FRANKLIN ROOSEVELT (;M;4329891;538905;130
201500015193;15;9;26;1430;1;2;1;1;3;55;12, MILLIE MATHYS (AVENU;M;4336524;534798;130
201500015194;15;9;26;1725;1;2;4;1;3;55;77 Avenue Alexandre Ansa;M;4333068;540476;130
201500015195;15;9;26;1600;1;2;2;1;5;55;323 MICHELET (BOULEVARD;M;4325889;539900;130
201500015196;15;9;27;500;5;2;1;1;7;55;Chde Saint-Antoine А Sai;M;4334969;537520;130
201500015197;15;9;27;1415;1;2;1;1;3;55;23, JEAN JAURES (PLACE);M;4329568;538747;130
201500015198;15;9;27;1715;1;1;1;1;6;2;ALLAUCH A PICHAURIS (CHE;M;4336524;554278;130
201500015199;15;9;27;1955;2;2;7;1;6;55;57, PASTEUR (AVENUE);M;4328902;535937;130
201500015200;15;9;27;2043;5;2;3;1;1;55;13, SAINT JULIEN (AVENUE;M;4330444;541455;130
201500015201;15;9;25;1455;1;2;2;1;6;55;42, JULES CANTINI (AVENU;M;4328388;538744;130
201500015202;15;9;28;645;2;2;1;8;3;55;000, MAZARGUES (ROND-POI;M;4325086;540372;130
201500015203;15;9;28;1330;1;2;1;1;3;55;39, PLOMBIERES (BOULEVAR;M;4331543;538607;130
201500015204;15;9;28;1600;1;2;1;1;6;55;111, SAINT JEROME (AVENU;M;4333249;541976;130
201500015205;15;2;19;2140;5;2;1;1;6;55;108, BD LOUIS VILLECROZE;M;4332161;539202;130
201500015206;15;9;28;1550;1;2;1;1;3;55;102, CONDORCET (RUE);M;4335773;533882;130
201500015207;15;9;17;700;1;2;2;1;3;55;125, ITALIE (RUE D');M;4329016;538326;130
201500015208;15;9;28;1420;1;2;3;1;3;55;ALBERT EINSTEIN (RUE);M;4334512;544767;130
201500015209;15;9;28;2000;5;2;1;1;3;55;00, REDON (BOULEVARD DU);M;4325108;542203;130
201500015210;15;9;28;2135;5;2;1;1;2;55;155, MADRAGUE DE MONTRED;M;4323414;535896;130
201500015211;15;2;9;2100;5;2;3;1;6;55;01, AVE DE LATTRE DE TAS;M;4324549;541213;130
201500015212;15;9;28;1545;1;2;1;1;6;75;6* JULES ROLLANDIN (BD);M;4334817;546247;130
201500015213;15;9;28;1750;1;2;3;1;1;55;2, MERIMEE;M;4332701;539583;130
201500015214;15;9;28;1930;5;2;1;8;3;55;282, MIREILLE LAUZE (BOU;M;4328493;542211;130
201500015215;15;9;29;800;1;2;1;1;1;55;210, CAILLOLS (AVENUE DE;M;4330388;544032;130
201500015216;15;9;12;1410;1;2;3;1;6;55;39, BELGES (QUAI DES);M;4329432;537450;130
201500015217;15;9;25;1200;1;2;1;1;6;55;135, SAINTE MARTHE (CHEM;M;4332556;538811;130
201500015218;15;9;29;1800;1;2;1;1;3;55;236, MORGIOU (CHEMIN DE);M;4323424;541170;130
201500015219;15;9;29;2040;5;2;1;1;6;55;NATIONALE (RUE);M;4330541;538414;130
201500015220;15;9;28;1540;1;2;1;1;4;55;51, LE CHATELIER;M;4334758;536316;130
201500015221;15;9;28;1800;1;1;1;8;6;2;611, QUATRE SAISONS (ROU;M;4332621;549131;130
201500015222;15;9;29;1045;1;2;8;1;6;55;100, LIEUTAUD (COURS);M;4329401;538183;130
201500015223;15;9;30;1645;1;2;1;1;6;55;MICHELET (BOULEVARD);M;4326143;539755;130
201500015224;15;10;1;1715;1;2;1;1;1;55;22, FLAMMARION (BOULEVAR;M;4330415;538780;130
201500015225;15;9;29;1630;1;2;1;1;6;55;23, CAMAS (RUE DU);M;4329791;539311;130
201500015226;15;9;30;1530;1;2;1;1;3;55;29, PONT DE VIVAUX (BOUL;M;4327975;541816;130
201500015227;15;9;30;1745;1;2;1;1;2;55;82, VALBARELLE (BOULEVAR;M;4328856;545281;130
201500015228;15;10;1;920;1;2;1;1;3;55;60, RAYMOND TEISSERE (RU;M;4327077;540051;130
201500015229;15;10;1;1340;1;2;1;1;3;55;458, LYON (RUE DE);M;4334141;536043;130
201500015230;15;10;1;1445;1;2;1;1;3;55;47, ROGER SALENGRO (AVEN;M;4331184;537230;130
201500015231;15;10;1;1330;1;2;1;1;3;55;77, REDON (BOULEVARD DU);M;4325503;542026;130
201500015232;15;10;1;1400;1;2;3;1;3;55;85, CAPELETTE (AVENUE DE;M;4328229;540308;130
201500015233;15;10;2;635;5;1;1;1;6;55;4, SAINT ANTOINE (CHEMIN;M;4334973;537509;130
201500015234;15;9;26;950;1;2;2;1;3;55;98, ROME (RUE DE);M;4329118;538079;130
201500015235;15;10;2;755;1;2;6;2;3;55;127, WILLIAM BOOTH (AVEN;M;4329531;544542;130
201500015236;15;10;2;825;1;1;1;1;6;55;25, NOTRE DAME (CHEMIN);M;4333611;542861;130
201500015237;15;10;1;1930;5;2;2;1;3;55;264, SAINT PIERRE (RUE);M;4329248;540132;130
201500015238;15;9;26;1850;1;2;1;1;6;55;31, PRADO (AVENUE DU);M;4328390;538488;130
201500015239;15;9;25;1445;1;2;1;1;6;55;FACE 06, PRADO (AVENUE D;M;4328529;538377;130
201500015240;15;10;2;1245;1;2;1;1;2;55;44, DUNKERQUE  (BOULEVAR;M;4330942;536853;130
201500015241;15;10;2;1510;1;2;1;1;3;55;ALEX ANSALDI (RUE);M;4333385;540226;130
201500015242;15;10;2;1835;1;2;1;1;6;55;779, MAZARGUES (AVENUE D;M;4324822;539901;130
201500015243;15;10;2;2000;5;2;3;1;3;55;222, MADRAGUE DE MONTRED;M;4323109;535492;130
201500015244;15;10;1;2000;5;2;1;1;3;55;130, LIEUTAUD (COURS);M;4328895;538417;130
201500015245;15;10;3;1030;1;1;1;2;3;55;00, LOUIS ARMAND (BOULEV;M;4329899;541323;130
201500015246;15;10;3;1630;1;2;1;2;6;55;LYON (RUE DE);M;4329904;541309;130
201500015247;15;10;4;1030;1;2;2;1;6;55;110, LYON (RUE DE);M;0;0;130
201500015248;15;10;4;1630;1;2;1;1;7;2;00, ETIENNE CUCCA-CD908;M;4336890;552602;130
201500015249;15;9;23;1000;1;2;9;1;2;55;152, LIEUTAUD (COURS);M;4328808;538462;130
201500015250;15;10;5;700;5;2;1;1;6;55;11, SAINT MENET (AVENUE;M;4328982;549447;130
201500015251;15;10;5;1030;1;2;1;1;2;55;00, JEAN MOULIN (BOULEVA;M;4329116;539995;130
201500015252;15;9;30;1615;1;2;3;1;6;55;22, PONT DE VIVAUX (BOUL;M;4327980;541835;130
201500015253;15;10;2;845;1;2;1;2;6;2;PROVENCE (AVENUE DE);M;4332167;546884;130
201500015254;15;10;2;950;1;2;1;1;6;55;103, SAINT LOUP (BOULEVA;M;4328329;543353;130
201500015255;15;10;5;1420;1;2;2;1;3;55;2, DIEUDE (RUE);M;4329207;538058;130
201500015256;15;10;5;1250;1;2;1;1;5;55;2, LUDOVIC LEGRE (AVENUE;M;4325118;539905;130
201500015257;15;10;5;1330;1;2;1;1;2;55;242, SAINT LOUP (BOULEVA;M;4328509;544039;130
201500015258;15;10;5;2000;5;2;1;1;6;55;216, MADRAGUE DE MONTRED;M;4323153;535526;130
201500015259;15;10;5;725;1;2;3;1;1;55;27, FRANCOISE DUPARC (BO;M;4330192;540062;130
201500015260;15;10;4;1445;1;2;1;1;7;55;21, PRADO (AVENUE DU);M;4328432;538464;130
201500015261;15;10;4;2100;5;2;1;1;6;55;621, MAZARGUES (AVENUE D;M;4325195;539467;130
201500015262;15;10;6;915;1;2;1;1;3;55;ARENC (QUAI D');M;4331239;536672;130
201500015263;15;10;6;750;1;2;1;1;4;55;SAINT JOSEPH (CHEMIN DE);M;4338448;535855;130
201500015264;15;10;6;800;1;2;3;1;3;55;55, DAMES (BOULEVARD DES;M;4330309;536664;130
201500015265;15;10;6;840;1;2;1;1;3;55;371, ROMAIN ROLLAND (BOU;M;4327067;540762;130
201500015266;15;3;12;845;1;2;1;1;6;55;94, AVE DE SAINT JEROME;M;4333333;542015;130
201500015267;15;10;6;310;5;2;1;1;6;55;21, GUIBAL (RUE);M;4330810;538821;130
201500015268;15;10;6;2030;5;2;6;2;3;2;00, JEAN GIONO (AVENUE);M;4333122;548849;130
201500015269;15;10;6;2205;5;2;1;1;6;55;103, SAINTE MARGUERITE (;M;4326808;540704;130
201500015270;15;10;5;1530;1;2;1;1;3;55;06, OUTRE MER (AVE);M;4323998;536554;130
201500015271;15;10;7;2255;5;2;3;1;6;55;129, OLIVES (AVENUE DES);M;4332657;543816;130
201500015272;15;9;30;1400;1;2;3;1;2;55;21, NOTRE DAME (BOULEVAR;M;4328927;537280;130
201500015273;15;10;8;800;1;2;1;1;6;55;265, NATIONAL (BOULEVARD;M;4331157;537754;130
201500015274;15;10;8;1345;1;2;3;1;3;55;37, JEAN LOMBARD (AVENUE;M;4328993;542634;130
201500015275;15;10;8;1700;1;2;7;1;6;55;5, CAIRE (PLACE DU);M;4330387;541870;130
201500015276;15;10;8;2045;5;2;2;1;1;55;266, NATIONAL (BOULEVARD;M;4331128;537794;130
201500015277;15;10;9;730;1;2;1;1;3;55;20, AVIATEUR LE BRIX (RU;M;4326183;540402;130
201500015278;15;10;9;1030;1;2;1;1;2;55;36, JOSEPH VIDAL (AVENUE;M;4325357;538094;130
201500015279;15;10;9;935;1;2;3;1;3;55;LEVAT (RUE);M;4331032;538455;130
201500015280;15;10;6;930;1;2;2;1;3;55;69, AUGUSTE BLANQUI (RUE;M;4329223;538901;130
201500015281;15;9;30;1140;1;2;1;1;6;55;2 BIS, AMEDEE PALMIERI (;M;4331570;540055;130
201500015282;15;10;9;1655;1;2;1;1;4;55;529, MADRAGUE VILLE (RUE;M;4334632;535483;130
201500015283;15;10;9;1800;1;2;1;1;2;55;JEAN PAUL SARTRE (AVENUE;M;4332908;543061;130
201500015284;15;10;9;2030;5;1;2;1;1;75;00, FRЙDЙRIC CHEVILLON (;M;4334760;546389;130
201500015285;15;10;10;200;5;2;1;1;3;55;288, CAPELETTE (AVENUE D;M;4327923;541432;130
201500015286;15;10;9;1220;1;2;1;1;1;55;01, LAROUSSE (TRAVERSE);M;4332974;537682;130
201500015287;15;10;10;945;1;2;1;1;3;55;145, CHEMIN DU MERLAN A;M;4333102;540610;130
201500015288;15;10;10;1000;1;2;1;1;2;55;50, MICHELET (BOULEVARD);M;4326545;539558;130
201500015289;15;10;10;1610;1;1;1;7;3;55;262, CAPELETTE (AVENUE D;M;4327915;541340;130
201500015290;15;10;10;1800;2;1;1;1;7;55;BOURRELY (CHEMIN DES);M;4338326;536462;130
201500015291;15;10;10;2110;5;2;2;1;3;55;31, PRADO (AVENUE DU);M;4328402;538480;130
201500015292;15;10;10;2210;5;2;9;1;6;55;118, VALENTINE (ROUTE DE;M;4329073;547222;130
201500015293;15;10;10;1935;2;2;1;1;3;55;41, ALEX ANSALDI (RUE);M;4333347;540287;130
201500015294;15;10;6;1145;1;2;1;1;7;55;00, TOULON (AVENUE DE);M;4328473;539206;130
201500015295;15;10;11;1200;1;2;1;1;3;55;13, RAYMOND TEISSERE (RU;M;4327462;539718;130
201500015296;15;10;11;1825;1;2;1;1;3;55;10, VALDONNE (AVENUE DE);M;4332289;541290;130
201500015297;15;10;11;315;5;2;1;1;3;55;96, CAPELETTE (AVENUE DE;M;4328147;540490;130
201500015298;15;9;29;800;1;2;2;1;2;55;1, JEAN LOMBARD (AVENUE);M;4328989;542636;130
201500015299;15;10;12;1700;1;2;1;2;6;55;29, PIERRE BERANGER**RUE;M;4331145;544552;130
201500015300;15;8;24;1950;1;2;1;1;6;55;239, SAINT PIERRE (RUE);M;4329272;540001;130
201500015301;15;10;13;840;1;2;1;2;1;55;129, KADDOUZ (CHEMIN);M;4331413;543229;130
201500015302;15;10;13;1430;1;2;1;1;6;55;360, POILUS (AVENUE DES);M;4331337;546347;130
201500015303;15;10;13;1410;1;1;1;1;1;55;SALVADOR ALLENDE (RUE);M;0;0;130
201500015304;15;10;13;1750;1;2;1;1;3;55;73, SAINT HENRI (CHEMIN;M;4335885;533304;130
201500015305;15;10;13;1800;2;2;1;1;6;55;292, POILUS (AVENUE DES);M;4331600;546122;130
201500015306;15;2;15;2000;5;2;1;2;1;55;88, BD DE LA LIBERATION;M;4330080;539048;130
201500015307;15;10;14;930;1;2;1;1;3;2;893, SALVATORE ALLENDE**;M;4335197;547748;130
201500015308;15;10;14;1020;1;2;1;1;7;55;1, CONCORDE (BOULEVARD D;M;4325039;540330;130
201500015309;15;10;14;1330;1;2;1;1;2;55;PLOMBIERES (BOULEVARD DE;M;4331512;538754;130
201500015310;15;10;14;1320;1;2;1;1;2;55;7, CAPELETTE (AVENUE DE;M;4328356;539916;130
201500015311;15;10;14;1600;1;2;3;1;3;55;7, AYGALADES (AVENUE DES;M;4333823;536676;130
201500015312;15;10;14;1500;1;2;1;1;3;55;349, PRADO (AVENUE DU);M;4327029;538823;130
201500015313;15;10;14;1620;1;2;2;1;3;55;85, AUGUSTIN AUBERT (RUE;M;4326523;540364;130
201500015314;15;10;14;1340;1;2;1;1;6;55;189, ROMAIN ROLLAND (BOU;M;4327549;541667;130
201500015315;15;10;14;1815;1;2;3;1;3;55;13, CORDERIE (BOULEVARD;M;4329063;537121;130
201500015316;15;6;26;410;5;2;1;1;6;55;431, SAINT ANTOINE (AVEN;M;4338479;535863;130
201500015317;15;10;9;2225;5;2;1;1;6;55;3, LABRY (RUE);M;4331251;540154;130
201500015318;15;10;13;1345;1;2;9;1;7;55;MILLIE MATHYS (AVENUE);M;4336522;534797;130
201500015319;15;10;15;800;1;2;1;1;3;55;1, MARЙCHAL DE LATTRE (A;M;4325018;540425;130
201500015320;15;10;11;1120;1;2;1;1;5;55;177, MADRAGUE VILLE*(CHE;M;4332908;535907;130
201500015321;15;10;15;1600;1;2;1;1;1;55;45, AUDIENCE (RUE DE L');M;4329633;548597;130
201500015322;15;10;15;1830;1;2;1;1;3;55;00, MONTRE (TRAVERSE DE;M;4329253;547362;130
201500015323;15;10;15;2100;5;2;1;1;6;55;357, NATIONAL (BOULEVARD;M;4331384;537406;130
201500015324;15;10;15;2340;5;2;1;1;3;55;23, AVIATEUR LE BRIX (RU;M;4326183;540407;130
201500015325;15;10;16;830;1;2;1;1;1;55;00, ALEX ANSALDI (RUE);M;4333200;540415;130
201500015326;15;10;16;1500;1;2;1;1;6;55;90, PRADO (AVENUE DU);M;4328283;538515;130
201500015327;15;10;15;1856;1;2;1;1;6;55;54, PUVIS DE CHAVANNES (;M;4329941;537306;130
201500015328;15;10;16;1855;5;2;1;1;2;55;29, BUREL (BOULEVARD);M;4331582;538862;130
201500015329;15;10;16;1500;1;2;1;1;2;55;159, SAINTE MARTHE (CHEM;M;4332655;538776;130
201500015330;15;10;16;1650;1;1;1;1;7;55;31, TREVARESSE (TRAV DE;M;4329665;541334;130
201500015331;15;10;16;2015;5;2;1;1;6;55;181, 24 AVRIL 15 (AVENUE;M;4330884;543948;130
201500015332;15;10;15;1705;1;2;1;1;2;55;160, FRAIS VALLON (AVENU;M;4332456;543544;130
201500015333;15;9;28;1630;1;2;1;1;6;55;343, ROMAIN ROLLAND (BOU;M;4327400;541437;130
201500015334;15;10;17;1455;1;2;1;1;3;55;37, SCHLOESING (BOULEVAR;M;4327372;540040;130
201500015335;15;10;17;1510;1;2;1;1;3;55;108ALEX. FLEMING (BOULE;M;4331657;539711;130
201500015336;15;3;14;1042;1;2;2;1;6;55;01, RUE DU ROUET;M;4327544;539593;130
201500015337;15;10;17;2000;5;2;1;1;6;55;161, MAURIAC (RUE);M;4326798;542654;130
201500015338;15;10;18;20;5;2;3;1;6;55;108, FRANЗOISE DUPARC (B;M;4330653;540100;130
201500015339;15;10;18;120;5;2;1;1;7;55;59, FRANCOISE DUPARC (BO;M;4330384;540078;130
201500015340;15;10;18;215;5;2;1;1;4;55;127, SAINT JOSEPH (CHEMI;M;4334557;538224;130
201500015341;15;9;30;1145;1;2;9;1;6;55;FЙLIX BARET*(PLACE);M;4329151;537957;130
201500015342;15;10;16;1858;5;2;1;1;6;55;132, CANEBIERE     70 A;M;4329844;538346;130
201500015343;15;10;16;1315;1;2;1;1;1;55;19, JURAMY (RUE);M;4329870;540029;130
201500015344;15;10;17;1040;1;2;2;1;6;55;19, LOCARNO (RUE DE);M;4329400;539577;130
201500015345;15;9;23;1355;1;2;1;1;3;55;LIBERATION (BOULEVARD;;;;130
201500015346;15;9;6;1500;1;2;1;1;6;55;35, JEAN JAURES (PLACE);M;4329485;538722;130
201500015347;15;10;17;1800;1;2;1;1;1;55;80, ALBE (BOULEVARD);M;4331319;540583;130
201500015348;15;10;1;1130;1;2;1;1;2;55;8, PRADO (AVENUE DU);M;4328517;538383;130
201500015349;15;8;21;730;1;2;1;1;4;55;243, OLIVES (AVENUE DES);M;4332359;544528;130
201500015350;15;10;18;2150;3;2;1;1;3;55;LЙON LACHAMP (ROUTE);M;4324558;542873;130
201500015351;15;10;18;1900;3;1;1;2;7;2;ETIENNE CUCCA-CD908 (AVE;M;4338268;554729;130
201500015352;15;10;19;1245;1;2;1;1;3;55;32, SCHLOESING (BOULEVAR;M;4327248;540103;130
201500015353;15;10;19;1600;1;2;1;1;3;55;169B, VISTE (AVENUE DE L;M;4336459;535697;130
201500015354;15;4;24;100;3;1;1;1;3;55;366, SAINT ANTOINE (AVEN;M;4337909;535705;130
201500015355;15;8;25;230;5;2;1;1;6;55;551, PRADO (AVENUE);M;4326349;537731;130
201500015356;15;3;18;1125;1;2;1;1;6;55;41, AYGALADES (AVENUE DE;M;4335339;536733;130
201500015357;15;10;20;905;1;2;1;1;6;55;72, COMTESSE (BOULEVARD;M;4331576;544738;130
201500015358;15;10;20;1245;1;2;3;1;3;55;105, LIEUTAUD (COURS);M;4328910;538410;130
201500015359;15;10;20;1640;1;2;1;1;3;55;09, BRUNE (BOULEVARD);M;4329362;543482;130
201500015360;15;10;20;1820;2;2;3;1;3;55;CURIE (BOULEVARD);M;0;0;130
201500015361;15;10;20;1840;2;2;1;1;6;55;119, MAZARGUES (AVENUE D;M;4326716;538955;130
201500015362;15;10;20;2130;5;2;3;1;6;55;00, LЙON BANCAL (RUE);M;4328583;547953;130
201500015363;15;9;16;900;1;2;1;1;6;55;112-,140 SAINT PIERRE;M;4329199;539388;130
201500015364;15;10;21;730;2;2;1;1;6;75;18 BIS, JEAN GIONO (AVE);M;4334490;545819;130
201500015365;15;10;15;1500;1;2;1;1;6;55;ROUET (RUE DU);M;;;130
201500015366;15;10;21;1230;1;2;1;1;2;55;67, PLOMBIERES (BOULEVAR;M;4331593;538449;130
201500015367;15;10;21;1050;1;2;6;1;3;55;01, LYON (RUE DE);M;4332861;536576;130
201500015368;15;10;21;815;1;2;1;1;2;55;27, JEAN MOULIN**BOULEVA;M;4328887;540026;130
201500015369;15;10;22;1045;1;2;3;1;3;55;00, HENRI TOMASI (RUE);M;4324592;540776;130
201500015370;15;10;21;1925;5;2;1;1;2;55;182, MILLIERE (BOULEVARD;M;4328336;550370;130
201500015371;15;8;11;1900;1;2;2;1;3;55;1, SAINTE-CECILE (RUE);M;4328671;539036;130
201500015372;15;10;22;1540;1;2;1;1;2;55;00, MARCHE D'IN (AVENUE);M;4333937;538063;130
201500015373;15;6;19;1730;1;2;1;1;5;55;1, JOSEPH CLERISSY (RUE);;;;130
201500015374;15;10;23;1000;1;2;1;1;1;55;85, TOULON (AVENUE DE);M;4328490;539054;130
201500015375;15;8;12;1525;1;2;1;1;5;55;70, LIBERATION**BOULEVAR;M;4330044;538943;130
201500015376;15;10;23;1410;1;2;1;1;6;55;360, POILUS (AVENUE DES);M;4331337;546349;130
201500015377;15;10;23;1430;1;2;9;1;6;55;3, PLOMBIERES (BOULEVARD;M;4331492;538767;130
201500015378;15;10;23;1600;1;2;1;1;2;55;00, HENRI FRENAY (ROND-P;M;4325440;537639;130
201500015379;15;10;23;1645;1;2;1;1;6;55;231, PIERRE DOIZE  (RUE);M;4327192;542782;130
201500015380;15;10;23;1750;1;2;1;1;1;55;112, TELLENE (BOULEVARD);M;4328476;536886;130
201500015381;15;10;23;1900;5;2;1;1;6;55;23, LЙON GAMBETTA (ALLEE;M;4329910;538232;130
201500015382;15;10;15;1800;1;2;1;1;6;55;00, POMME (BOULEVARD DE;M;4329164;544852;130
201500015383;15;10;23;1110;1;2;6;1;6;55;23, AMPERE (BOULEVARD);M;4333930;537256;130
201500015384;15;10;24;1100;1;2;1;1;6;55;47, SAKAKINI (BOULEVARD);M;4329598;540030;130
201500015385;15;10;23;1630;1;2;1;1;5;55;61, SAINTE MARGUERITE (B;M;4326848;540489;130
201500015386;15;10;24;1957;2;2;1;1;2;55;232, SAINT LOUP (BOULEVA;M;4328486;543908;130
201500015387;15;2;24;1550;1;2;1;1;1;55;02, RUE ALFRED CURTEL;M;4328040;540832;130
201500015388;15;10;24;1845;2;2;1;1;3;55;90, LA FOURRAGERE (AVENU;M;4329966;543045;130
201500015389;15;10;25;2300;1;1;1;1;7;2;00, JEAN GIONO (AVENUE);;;;130
201500015390;15;10;25;2015;5;2;3;1;3;2;7 RMENT DE TIRAILLEURS;M;4333826;547672;130
201500015391;15;10;26;1340;1;2;1;1;1;55;74, MILLIERE (BOULEVARD;M;4328320;549698;130
201500015392;15;10;26;1357;1;2;3;1;2;55;SAINT ANTOINE (CHEMIN DE;M;4335213;537303;130
201500015393;15;10;26;1700;1;1;1;1;6;55;LЙON LACHAMP*(ROUTE);M;0;0;130
201500015394;15;10;26;1845;2;2;1;1;3;55;236, MAZARGUES (AVENUE D;M;4326370;539248;130
201500015395;15;10;27;2200;5;2;1;1;2;55;1, LЙON BANCAL (RUE);M;4328874;548090;130
201500015396;15;10;28;815;1;2;1;1;1;55;122, CANAL (TRAVERSE DU);M;4331085;544483;130
201500015397;15;10;25;1900;5;2;3;1;3;55;76, LODI (RUE DE);M;4328889;538768;130
201500015398;15;10;27;1205;1;2;1;1;6;106;94A, 8 MAI 1945 (AVENUE;M;4339913;536788;130
201500015399;15;10;11;835;1;2;6;1;7;55;105, REDON (BOULEVARD DU;M;4325236;542197;130
201500015400;15;10;27;1835;5;2;1;1;6;55;16, ROMAIN ROLLAND (BOUL;M;4328015;542550;130
201500015401;15;10;28;1540;1;2;1;1;4;106;00, TUBIE (ROUTE DE);M;4340720;536408;130