num_acc;an;mois;jour;hrmn;lum;agg;int;atm;col;com;adr;gps;lat;long;dep
201500015402;15;10;28;1525;1;2;1;7;6;55;422, AVENUE DU PRADO;M;4326864;538488;130
201500015403;15;10;28;1920;5;2;1;1;3;55;14, MERIMEE;M;4332782;539686;130
201500015404;15;10;29;20;5;2;1;1;7;55;171, COMMANDANT ROLLAND;M;4326698;537591;130
201500015405;15;10;1;1315;1;2;1;1;6;55;339, AVENUE DU PRADO;M;4327074;538859;130
201500015406;15;10;23;1830;2;2;1;1;4;55;128, TIMONE (AVENUE DE L;M;4328629;540696;130
201500015407;15;10;29;1205;1;1;3;1;3;55;14, BOURRELY (CHEMIN DES;M;4337459;535709;130
201500015408;15;6;24;1730;1;2;1;1;3;55;09, HAMBOURG (BOULEVARD);M;4325416;538262;130
201500015409;15;10;28;1545;1;2;1;1;6;55;150, CAMOINS (AVENUE DES;M;4330650;551006;130
201500015410;15;10;4;1505;1;2;1;1;2;55;5, SAINT JUST (AVENUE DE;M;4331268;540165;130
201500015411;15;10;27;1620;1;2;3;1;1;55;219, LIBERATION (BOULEVA;M;4330237;539546;130
201500015412;15;10;30;1345;1;2;3;1;4;55;00, ROBERT SCHUMANN (AVE;M;4329991;536570;130
201500015413;15;10;30;1230;1;2;1;1;6;55;693, MAZARGUES (AVENUE D;M;4324966;539645;130
201500015414;15;10;30;1830;5;2;1;1;7;55;00, ROBERT BOUVIER (ROND;M;4325260;542193;130
201500015415;15;2;9;1500;1;2;5;1;6;55;00, BD VIDAL;;;;130
201500015416;15;10;29;1245;1;2;1;1;1;55;250, SAINT PIERRE (RUE);M;4329212;540178;130
201500015417;15;10;31;545;5;2;9;1;3;55;152, MICHELET (BOULEVARD;M;4326521;539541;130
201500015418;15;10;31;1700;1;2;1;7;4;55;JEAN PAUL SARTRE**AVENUE;M;4332455;542114;130
201500015419;15;10;31;245;5;2;1;1;6;55;246, OLIVES (AVENUE DES);M;4332416;544359;130
201500015420;15;2;27;2150;5;2;1;1;6;55;118, AVE DES PEINTRES RO;M;4330346;547339;130
201500015421;15;7;10;520;5;2;1;1;7;55;33, MARЙCHAL JUIN (BOULE;M;4331141;540368;130
201500015422;15;9;7;1000;1;2;1;1;6;55;15, BOURRELY (CHEMIN DES;M;4337584;535827;130
201500015423;15;9;9;835;1;1;1;1;2;55;00, CAPELETTE (AVENUE DE;M;4328176;540388;130
201500015424;15;2;20;2040;5;2;1;1;1;55;55, CRS LIEUTAUD;M;4329103;538313;130
201500015425;15;10;27;1050;1;2;1;1;3;55;429, SAINT PIERRE (RUE);M;4329168;541251;130
201500015426;15;10;31;1830;1;2;1;1;2;55;443, MADRAGUE VILLE (RUE;M;4334191;535215;130
201500015427;15;11;1;1900;5;2;1;1;3;55;187, SAINTE MARTHE (CHEM;M;4332994;538783;130
201500015428;15;10;28;1045;1;2;7;3;3;55;OCTROI (PLACE GARE DE L';M;4328143;542571;130
201500015429;15;11;2;1010;1;2;1;1;2;55;323, MICHELET (BOULEVARD;M;4325871;539937;130
201500015430;15;10;15;1745;1;2;1;1;6;55;00, COLBERT (RUE)    IMP;M;4329938;537230;130
201500015431;15;11;2;1420;1;1;6;1;7;55;73, AUDIENCE (RUE DE L');M;4329555;548867;130
201500015432;15;10;29;925;1;2;1;1;6;55;127, ENDOUME (RUE D');M;4328635;536318;130
201500015433;15;10;22;1210;1;2;1;1;3;55;385, SAINT PIERRE (RUE);M;4329163;540972;130
201500015434;15;11;2;1508;1;2;3;1;3;55;132, VALBARELLE (BOULEVA;M;4328815;545053;130
201500015435;15;10;22;1710;1;2;1;1;6;55;150, LIEUTAUD (COURS);M;4328817;538457;130
201500015436;15;11;2;1730;2;1;1;1;1;55;PEINTRES ROUX (AVENUE DE;M;4330401;547259;130
201500015437;15;11;2;2245;1;1;3;1;3;55;CABOT (BOULEVARD);M;4325866;541735;130
201500015438;15;11;2;1030;1;2;1;1;6;55;153, RABATAU (BOULEVARD);M;4327716;539855;130
201500015439;15;11;3;1500;1;2;3;1;6;55;61, PIERRE ALBRAND (RUE);M;4330856;537030;130
201500015440;15;11;3;1535;1;2;2;1;3;55;56, TONKIN  (TRAVERSE DU;M;4327703;541363;130
201500015441;15;11;3;1610;1;2;1;1;6;55;30, CHE DE LA COLLINE SA;M;4325296;541419;130
201500015442;15;11;3;2112;5;2;1;1;3;55;232, MADRAGUE VILLE (RUE;M;4333184;535900;130
201500015443;15;11;3;2210;5;1;1;1;7;55;MICHELET (BOULEVARD);M;4326123;539795;130
201500015444;15;11;3;1840;5;2;9;1;3;55;BD FERDINAND DE LESSEPS;M;4332039;537296;130
201500015445;15;10;30;1645;1;2;3;1;1;55;155, AVE DE LA FIGONE;M;4330343;543762;130
201500015446;15;11;4;1530;1;2;1;1;4;55;104, ALEX. FLEMING (BOUL;M;4331653;539697;130
201500015447;15;11;4;1515;1;2;1;1;1;55;7, RAIMU (avenue);M;0;0;130
201500015448;15;11;4;1830;5;2;1;1;1;55;59, PEYSSONNEL ****;M;4330971;537144;130
201500015449;15;11;4;1700;1;2;2;1;3;55;LIEUTAUD (COURS);M;4328910;538410;130
201500015450;15;11;4;2150;5;2;1;1;2;55;70, SAKAKINI (BOULEVARD);M;4329517;540080;130
201500015451;15;11;5;826;1;2;1;1;6;55;PLOMBIERES (BOULEVARD DE;M;4331601;538472;130
201500015452;15;11;5;805;1;2;1;1;6;55;255, OLIVES (AVENUE DES);M;4332346;544563;130
201500015453;15;11;5;1150;1;2;3;1;6;55;9, BERTHELOT (RUE);M;4333770;539204;130
201500015454;15;11;3;1020;1;2;1;1;6;55;00, LЙON GAMBETTA (ALLEE;M;4329907;538434;130
201500015455;15;11;5;1330;1;2;1;1;3;55;365, MAZARGUES (AVENUE D;M;4325967;539409;130
201500015456;15;9;25;900;1;2;1;1;6;55;162, BARASSE;M;4328465;548480;130
201500015457;15;11;5;2200;1;1;1;1;4;55;12, MOUTON*(BOULEVARD);M;4333246;539285;130
201500015458;15;11;5;1400;1;2;1;1;2;55;80, JULES MOULET (RUE);M;4328573;537361;130
201500015459;15;11;5;1445;1;2;1;1;3;55;425, ROMAIN ROLLAND (BOU;M;4326934;540490;130
201500015460;15;11;6;750;1;2;1;1;3;55;555, SAINT PIERRE (RUE);M;4329048;542084;130
201500015461;15;11;6;830;1;2;1;1;3;55;00, BAILLE (BOULEVARD);M;0;0;130
201500015462;15;11;2;1100;1;2;1;1;7;2;0, ETIENNE CUCCA-CD908 (;M;0;0;130
201500015463;15;11;6;1630;1;2;1;1;6;55;SAINT PAUL (AVENUE);M;4332782;540701;130
201500015464;15;11;6;1545;1;2;1;1;6;55;161, LIEUTAUD (COURS);M;4328686;538528;130
201500015465;15;11;6;1500;1;2;1;1;1;55;379, SAINT ANTOINE A SAI;M;4336787;536259;130
201500015466;15;11;6;2000;5;2;6;1;3;55;1, LOUIS BONNEFON (PLACE;M;4325428;538173;130
201500015467;15;11;7;140;5;2;2;1;3;55;2, SAINTE CECILE (RUE);M;4328671;539036;130
201500015468;15;11;5;1830;5;2;1;1;1;55;CHARLES SUSINI (TRAVERSE;M;4333983;541331;130
201500015469;15;11;7;610;5;2;1;1;2;55;09, LITTORAL (CHEMIN DU);M;4333924;534817;130
201500015470;15;11;8;640;5;2;1;1;6;55;225, DANIEL CASANOVA (BO;M;4332936;537586;130
201500015471;15;11;8;630;5;2;1;1;2;55;2, RABATAU (BOULEVARD);M;4327314;539231;130
201500015472;15;11;7;1345;1;2;1;1;3;55;30, BARRAL (BOULEVARD);M;4326473;539350;130
201500015473;15;11;8;850;1;2;4;1;6;55;66, CORNICHE KENNEDY;M;4328918;535455;130
201500015474;15;11;8;1530;1;2;1;1;6;55;146, DANIEL CASANOVA (BO;M;4332737;537501;130
201500015475;15;11;8;1815;5;2;1;1;1;55;253, ROMAIN ROLLAND (BOU;M;4327397;541443;130
201500015476;15;11;8;2100;5;2;1;1;6;55;22, LIEUTAUD (COURS);M;4329467;538181;130
201500015477;15;11;8;1630;1;2;1;1;6;55;529, MADRAGUE VILLE (RUE;M;4334626;535491;130
201500015478;15;11;9;15;5;2;2;1;3;55;SAKAKINI (BOULEVARD);M;4329581;540029;130
201500015479;15;11;4;850;1;2;1;9;6;55;222, CAILLOLS (AVENUE DE;M;4330339;544200;130
201500015480;15;11;9;1315;1;2;1;1;6;55;38, VACON (RUE)      27;M;4329479;537702;130
201500015481;15;11;9;1320;1;2;1;1;2;55;SAINT ANTOINE A SAINT JO;M;4335295;537222;130
201500015482;15;11;10;920;1;2;1;1;2;55;212, CHATEAU GOMBERT CHE;M;4334558;542450;130
201500015483;15;11;10;915;1;2;2;1;1;55;02, SAINT BRUNO (RUE);M;4330578;540155;130
201500015484;15;10;5;1730;1;2;1;1;6;55;1, CESAR BOY (AVENUE);M;4329662;548334;130
201500015485;15;11;10;1715;2;2;1;1;3;55;00, LITTORAL (CHEMIN DU);M;4333929;534816;130
201500015486;15;11;11;5;5;2;1;1;1;55;134, LIBERATEURS (BOULEV;M;4330179;545795;130
201500015487;15;11;8;1930;2;2;1;1;3;55;000, PARC BORELY (AVENUE;M;4326286;537827;130
201500015488;15;11;10;1855;1;2;1;1;3;55;JEAN MOULIN (BOULEVA;M;4329090;540025;130
201500015489;15;11;10;1830;5;2;1;1;6;55;130, MARЙCHAL DE LATTRE;M;4324583;541669;130
201500015490;15;11;12;515;3;2;6;1;2;55;000, LITTORAL (CHEMIN DU;M;4334789;534406;130
201500015491;15;11;11;1500;1;2;1;1;3;55;23, MAURELLE (RUE DE LA);M;4332544;543813;130
201500015492;15;11;12;815;1;1;1;1;6;55;59, MENARD (PIERRE) (BOU;M;4329103;544176;130
201500015493;15;11;12;1430;1;2;1;1;2;55;02, WILLIAM BOOTH (AVENU;M;4329237;543564;130
201500015494;15;11;12;1540;1;2;1;1;6;55;67, ROUGUIERE (ALLЙE DE;M;4329729;545723;130
201500015495;15;11;13;145;5;2;1;1;6;55;00, CAMILLE PELLETAN (AV;M;4330334;537389;130
201500015496;15;6;13;1915;1;2;1;1;7;55;SAINT PIERRE (RUE);;;;130
201500015497;15;11;13;830;1;2;1;1;6;55;11, LOUIS ASTRUC (RUE);M;4329487;539574;130
201500015498;15;11;13;1530;1;2;2;1;3;55;31, ROMAIN ROLLAND (BOUL;M;4328039;542614;130
201500015499;15;11;13;1240;1;2;1;1;1;55;49, RIVE NEUVE (QUAI);M;4329232;536591;130
201500015500;15;11;13;2130;5;2;1;1;3;55;61, SAINT JUST (AVENUE D;M;4331726;540518;130
201500015501;15;11;13;2320;5;2;1;1;3;55;117, OLIVES (AVENUE DES);M;4332697;543714;130
201500015502;15;11;14;216;5;2;3;1;3;55;01, CANEBIERE     1 A 79;M;4329528;537441;130
201500015503;15;11;14;1405;1;2;1;1;2;55;29, GAY LUSSAC (BOULEVAR;M;4333429;537466;130
201500015504;15;11;14;1545;1;2;1;1;3;55;00, ANTOINE SARTORIO (RO;M;4336126;534485;130
201500015505;15;11;14;1415;1;2;2;1;1;55;30, GEORGE (RUE);M;4329738;539772;130
201500015506;15;11;14;1140;1;2;1;1;2;55;EMMANUEL ALLARD (RUE);M;4329011;544138;130
201500015507;15;11;15;540;5;2;1;1;1;55;70, MERIMEE;M;4333065;540481;130
201500015508;15;11;14;1630;1;2;1;1;6;75;00, ENGELSKIRCHEN (AVE);M;4334108;545878;130
201500015509;15;11;11;1110;1;2;1;1;6;55;243, ROUCAS BLAN (CHEMIN;M;4328040;536873;130
201500015510;15;11;15;1500;1;2;1;1;3;55;ALEX. FLEMING (BOULEVARD;M;4331653;539692;130
201500015511;15;11;14;1425;1;2;3;1;6;55;19, BELGES (QUAI DES);M;4329529;537442;130
201500015512;15;10;30;220;5;2;1;1;7;55;13B, LA PUGETTE (BOULEVA;M;4326857;540122;130
201500015513;15;11;16;1100;1;1;1;1;7;55;SCHLOESING (BOULEVARD);M;4327135;540181;130
201500015514;15;11;16;850;1;2;1;1;2;55;15, RABATAU (BOULEVARD);M;4327320;539235;130
201500015515;15;11;16;1510;1;2;9;1;2;55;280, OLIVES (AVENUE DES);M;4332342;544570;130
201500015516;15;11;16;1800;5;2;1;1;6;55;131, SAINT JOSEPH (CHEMI;M;4334585;538178;130
201500015517;15;11;16;1945;5;2;1;1;6;55;1, ANDRE ZENATTI (AVENUE;M;4324745;538151;130
201500015518;15;11;16;1130;1;2;1;1;5;55;46, SAINT BARNABE (AVENU;M;4330415;541166;130
201500015519;15;11;16;1240;1;2;1;1;4;55;JOBIN (***);M;4331027;538960;130
201500015520;15;11;17;1200;1;2;1;1;7;55;187, POILUS (AVENUE DES);M;4332067;545826;130
201500015521;15;11;13;830;1;2;1;1;6;2;653, GENERAL MONTSABERT;M;4335528;548697;130
201500015522;15;11;17;1140;1;2;1;1;2;55;141, HAMBOURG (BOULEVARD;M;4324725;539321;130
201500015523;15;11;17;1630;1;2;1;1;6;55;00, MIGNARD (RUE);M;4326228;540200;130
201500015524;15;11;17;1800;2;2;2;1;3;55;0, FRANЗOISE DUPARC (BOU;M;4330291;540070;130
201500015525;15;11;18;45;5;2;1;1;6;55;41, JOBIN (RUE);M;4330994;538995;130
201500015526;15;11;17;1715;2;2;2;1;6;55;33, CЙSAR ALEMAN (RUE);M;4329023;535746;130
201500015527;15;11;17;1800;3;2;1;1;3;55;141, CHATEAU GOMBERT CHE;M;4334257;542030;130
201500015528;15;11;18;728;1;2;1;1;5;55;14, LIEUTAUD (COURS);M;4329521;538174;130
201500015529;15;11;18;1630;1;2;1;1;6;55;186, PARIS (BOULEVARD DE;M;4331357;536818;130
201500015530;15;11;18;1915;5;2;3;1;3;55;03, MICHELET (BOULEVARD;M;4326827;539367;130
201500015531;15;11;18;1825;5;2;1;1;3;55;12, CHATEAU GOMBERT (ANC;M;4333439;542056;130
201500015532;15;11;18;2105;5;2;1;1;5;55;81, CAPELETTE (AVENUE DE;M;4328241;540290;130
201500015533;15;11;19;940;1;2;2;1;3;55;00, SAKAKINI (BOULEVARD);M;4329987;540089;130
201500015534;15;11;19;1000;1;1;1;1;6;55;65, SAINT JULIEN (AVENUE;M;4330590;541890;130
201500015535;15;11;18;1940;1;1;1;1;3;55;102, TROIS LUCS (AVENUE;M;4331082;546419;130
201500015536;15;11;13;955;1;2;1;1;3;2;1029, 7 RMENT DE TIRAILL;M;4333832;546729;130
201500015537;15;11;19;1500;1;2;1;1;2;55;74, CAPITAINE GEZE (BOUL;M;4333142;537669;130
201500015538;15;11;19;1410;1;2;1;1;2;55;AVIATEUR LE BRIX (RUE);M;4326185;540410;130
201500015539;15;11;19;1700;1;1;1;1;1;55;12, GASTON RAMON (BOULEV;M;4326718;539716;130
201500015540;15;11;19;2035;5;2;2;1;3;55;00, NATIONAL   1 A 51 (B;M;4330115;538790;130
201500015541;15;11;19;1815;5;2;1;1;3;55;128, EDMOND ROSTAND (RUE;M;4328130;538328;130
201500015542;15;11;19;2230;5;2;1;1;3;55;83, STRASBOURG (BOULEVAR;M;4330903;537840;130
201500015543;15;11;20;252;5;2;1;1;6;55;194, REDON (BOULEVARD DU;M;4324949;542255;130
201500015544;15;11;20;945;1;2;3;1;6;55;2, ISABELLE (BOULEVARD);M;4332945;541899;130
201500015545;15;11;20;1045;1;2;1;1;6;55;01, VIADUC (TRAVERSE);M;4336731;535817;130
201500015546;15;11;20;1340;1;2;1;1;3;55;101, NATIONAL (BOULEVARD;M;4330673;538278;130
201500015547;15;11;21;1850;5;2;1;1;4;55;00, SAINT ANTOINE A SAIN;M;4336997;536071;130
201500015548;15;11;16;2020;5;2;3;1;3;55;188, BAILLE (BOULEVARD);M;4328896;539510;130
201500015549;15;11;21;1700;1;2;1;8;2;55;32, PLOMBIERES (BOULEVAR;M;4331539;538673;130
201500015550;15;11;16;1245;1;2;3;1;6;55;1, SAINT PAUL (AVENUE);M;4332954;540336;130
201500015551;15;11;20;1615;1;2;2;1;3;55;105, ROME (RUE DE);M;4329118;538076;130
201500015552;15;10;29;1130;1;2;2;1;3;55;22, FRANЗOISE DUPARC (BO;M;4330110;540078;130
201500015553;15;11;22;1700;5;2;9;1;7;55;TUNNEL PRADO SUD;M;0;0;130
201500015554;15;11;23;545;5;2;3;1;3;55;270, SAINT LOUP (BOULEV;M;4328566;544203;130
201500015555;15;11;23;710;5;2;2;1;3;55;00, CHUTES LAVIE (AVENUE;M;4331675;539912;130
201500015556;15;11;23;820;1;2;1;1;1;55;00, HENRI BARNIER (BOULE;M;0;0;130
201500015557;15;11;10;1200;1;2;1;1;6;55;27, PRADO (AVENUE DU);M;4328407;538478;130
201500015558;15;11;6;835;1;1;5;1;3;55;00, ALPES (BOULEVARD DES;M;4329834;541659;130
201500015559;15;11;23;2115;5;2;1;1;6;55;11, MONTRICHER (BOULEVAR;M;4330471;539327;130
201500015560;15;11;23;2020;5;2;9;1;3;55;00, SAINT JUST (AVENUE D;M;4331584;540388;130
201500015561;15;11;23;1900;5;2;1;1;3;2;893, SALVATORE ALLENDE (;M;4335187;547756;130
201500015562;15;11;22;1910;1;2;1;1;6;55;78, CORNICHE KENNEDY;M;4328493;535005;130
201500015563;15;11;23;1830;5;2;1;1;3;55;70, JULES CANTINI (AVENU;M;4328275;538948;130
201500015564;15;11;23;1900;5;2;1;1;6;55;287, SAINTE MARTHE (CHEM;M;4333470;539136;130
201500015565;15;11;24;730;1;2;1;1;6;55;000, FRESCOULE (IMPASSE;M;4327630;537774;130
201500015566;15;11;24;1130;1;2;1;1;7;55;1, BOSPHORE (BOULEVARD D;M;4336898;536279;130
201500015567;15;11;24;1530;1;1;1;1;2;55;PEINTRES ROUX (AVENUE DE;M;0;0;130
201500015568;15;11;24;1700;1;2;1;1;7;55;136, DANIEL CASANOVA (BO;M;4332711;537496;130
201500015569;15;11;24;1820;5;2;3;1;1;55;TOUR SAINTE (TRAVERSE D;M;4334359;538535;130
201500015570;15;10;13;835;1;2;1;1;6;55;59, CAPELETTE (AVENUE DE;M;4328324;540153;130
201500015571;15;11;25;605;5;2;3;2;3;55;00, BLANCARDE (BOULEVARD;M;4330283;539952;130
201500015572;15;11;24;945;1;2;1;1;6;2;00, 7 RMENT DE TIRAILLEU;M;4333849;547974;130
201500015573;15;11;25;900;1;2;1;1;3;55;81, REDON (BOULEVARD DU);M;4325379;542127;130
201500015574;15;11;25;1400;1;2;1;1;2;55;26, MORETTI (BOULEVARD);M;4332583;537855;130
201500015575;15;11;24;1500;1;2;2;1;1;55;00, CORSE (AVENUE DE LA);M;4328910;536207;130
201500015576;15;11;25;1300;1;2;3;1;3;55;ROVE (ROUTE DU);M;0;0;130
201500015577;15;11;25;1715;2;2;1;1;3;55;48, RUFFI (RUE DE);M;4331162;537133;130
201500015578;15;11;25;2245;1;2;1;1;3;55;59, MADRAGUE DE MONTREDO;M;4323681;536282;130
201500015579;15;11;26;5;3;2;3;8;3;55;16, STRASBOURG (BOULEVAR;M;4330630;537410;130
201500015580;15;11;25;1800;5;2;1;1;6;55;122, PRUD'HOMMES (TVSE);M;4327801;543460;130
201500015581;15;11;25;1830;5;2;1;1;3;55;501, MADRAGUE VILLE (RUE;M;4334456;535430;130
201500015582;15;11;26;630;5;2;1;1;6;55;2, CHARTREUX (AVENUE DES;M;4330296;539706;130
201500015583;15;11;26;1045;1;2;2;1;3;55;04, LOUIS GUICHOUX (BOUL;M;4332581;537496;130
201500015584;15;11;26;1600;1;2;1;1;5;55;RUE PAUL PREBOIST;M;4333425;545120;130
201500015585;15;11;27;2130;5;2;2;1;7;55;118, ROGER SALENGRO (AVE;M;4331453;537052;130
201500015586;15;11;27;910;1;2;1;1;3;55;00, MARTHELINE (AVENUE D;M;4324595;539963;130
201500015587;15;11;27;1015;1;2;1;1;2;55;9, MERIMEE;M;4332818;539811;130
201500015588;15;11;27;1430;1;2;1;1;3;55;69, ROMAIN ROLLAND (BOUL;M;4327942;542341;130
201500015589;15;11;27;1500;1;2;1;1;6;55;18, PAUL LANGEVIN (RUE);M;4333880;543274;130
201500015590;15;11;27;1750;5;2;1;1;3;55;8, OCTROI (PLACE GARE DE;M;4328118;542642;130
201500015591;15;11;15;2050;5;2;1;1;1;55;32, GARIBALDI (BOULEVARD;M;4329616;538143;130
201500015592;15;11;27;2200;5;2;1;1;1;55;90, RABATAU (BOULEVARD);M;4327652;539767;130
201500015593;15;11;27;1725;1;2;2;1;3;55;00, LESSEPS (RUE DE);M;4332101;537473;130
201500015594;15;11;26;1200;1;2;1;6;6;55;269, CORNICHE KENNEDY;M;4328007;535371;130
201500015595;15;11;27;2005;5;2;1;1;2;55;00, PEINTRES ROUX (AVENU;M;4330467;547168;130
201500015596;15;11;26;1410;1;2;1;1;3;55;290, PIERRE DOIZE  (RUE);M;4327113;542542;130
201500015597;15;11;28;1040;1;2;1;1;6;55;5, GЙNЙRAL DE GAULE (PLA;M;4329500;537562;130
201500015598;15;11;28;1400;1;2;1;1;6;55;769, MAZARGUES (AVENUE D;M;4324839;539861;130
201500015599;15;11;28;1445;1;2;1;6;6;55;337, CORNICHE KENNEDY;M;4327294;536294;130
201500015600;15;11;25;845;1;2;1;1;6;55;34, TROIS FRERES (RUE DE;M;4329291;538509;130
201500015601;15;11;25;1100;1;2;1;1;6;55;252, BAILLE (BOULEVARD);M;4328980;539822;130
201500015602;15;11;20;1700;1;2;1;1;6;55;09, MONTRICHIER (BOULEVA;M;4330208;538812;130
201500015603;15;11;28;1800;5;2;1;1;3;55;94, SAINT LOUP (BOULEVAR;M;4328253;543129;130
201500015604;15;11;28;1300;1;2;1;6;2;55;153, RABATAU (BOULEVARD);M;4327994;539934;130
201500015605;15;11;23;1430;1;2;1;1;3;55;00, DELPHES (AVENUE DE);M;4328422;538773;130
201500015606;15;11;30;1000;1;2;1;1;6;55;488, PARADIS (RUE);M;4327344;538521;130
201500015607;15;11;30;1130;1;2;1;1;6;55;23, AVIATEUR LE BRIX (RU;M;4326187;540411;130
201500015608;15;11;30;1235;1;2;1;1;6;55;ESCAD.NORMA;;;;130
201500015609;15;11;30;1230;1;2;1;1;6;55;14, GASTON CREMIEUX**RUE;M;4327921;537977;130
201500015610;15;11;27;1240;1;2;1;1;2;55;71, BRETEUIL (RUE);M;4328893;537640;130
201500015611;15;11;30;1445;1;2;1;1;6;55;STRASBOURG (BOULEVARD);M;4330635;537416;130
201500015612;15;11;30;1310;1;2;3;1;3;55;66, PARANGON (TRAVERSE);M;4324247;537968;130
201500015613;15;11;30;1800;5;2;3;1;3;55;02, MENDES FRANCE (AVENU;M;4324904;537508;130
201500015614;15;11;30;1600;1;2;1;1;5;55;335, SAINT ANTOINE (AVEN;M;4337939;535686;130
201500015615;15;11;30;1835;5;2;1;1;3;55;42, EMMANUEL EYDOUX (RUE;M;4336203;532967;130
201500015616;15;11;30;2255;5;2;3;1;3;55;00, JEAN MOULIN (BOULEVA;M;4328872;540012;130
201500015617;15;11;30;1130;1;2;2;1;3;55;00, JEAN DE BERNARDY (RU;M;4330290;538987;130
201500015618;15;12;1;900;1;2;4;1;1;55;00, JEAN COMPADIEU (AVEN;M;4332214;543107;130
201500015619;15;11;30;1955;5;2;1;1;1;55;150, TREILLE (ROUTE DE L;M;4331198;551223;130
201500015620;15;12;1;1625;2;2;1;1;2;55;141, PRADO (AVENUE DU);M;4327931;538779;130
201500015621;15;12;1;1550;1;2;1;1;4;55;JEAN PAUL SARTRE (AVENUE;M;4332461;542097;130
201500015622;15;12;1;1420;1;2;1;1;3;55;20, CHATEAU GOMBERT CHEM;M;4333505;542065;130
201500015623;15;12;1;1635;1;2;1;1;6;55;50, BOUYALA D'ARNAUD (BO;M;4329799;544049;130
201500015624;15;12;1;1630;1;2;1;1;2;55;3, CARTONNERIE (BOULEVAR;M;4329265;545795;130
201500015625;15;12;2;102;5;2;1;1;7;55;TUNNEL PRADO SUD;M;4327398;539364;130
201500015626;15;11;26;2000;5;2;1;1;6;55;00, PROVIDENCE (RUE DE L;M;4329894;537828;130
201500015627;15;12;2;1720;4;2;1;1;3;55;75, CAPELETTE (AVENUE DE;M;4328266;540243;130
201500015628;15;12;3;730;1;2;1;1;3;106;13, 8 MAI 1945 (AVENUE D;M;4338620;535890;130
201500015629;15;12;3;1028;1;2;1;1;1;55;00, MARCEL ACHILLE (BOUL;M;0;0;130
201500015630;15;12;3;1110;1;2;3;1;3;55;121, CAPELETTE (AVENUE D;M;4328145;540499;130
201500015631;15;12;3;1345;1;2;1;1;6;55;43, LE PELLETIE (RUE);M;4336261;532100;130
201500015632;15;12;3;1545;1;2;1;1;6;55;24, LOUBON (RUE);M;4331181;537894;130
201500015633;15;11;15;1750;5;1;1;1;3;55;220, BAILLE (BOULEVARD);M;4328940;539671;130
201500015634;15;11;28;1030;1;2;2;1;3;55;90, GOUFFE (COURS);M;4328523;539077;130
201500015635;15;12;4;920;1;2;1;1;3;55;93, BARRY (BOULEVARD);M;4331982;541286;130
201500015636;15;12;4;1640;2;2;1;1;3;55;5, RABATAU (BOULEVARD);M;4327306;539214;130
201500015637;15;12;4;2130;5;2;1;1;1;55;2-4, JOBIN (RUE);M;4331029;538957;130
201500015638;15;12;4;1100;1;2;3;1;1;55;35, DђSIRђ BIANCO (AVENU;M;4329011;542580;130
201500015639;15;12;3;1550;1;2;1;1;7;55;46, AIX (RUE D');M;4330082;537530;130
201500015640;15;12;5;1447;1;2;1;2;6;2;ETIENNE CUCCA-CD908 (AVE;M;4336771;552459;130
201500015641;15;12;4;1940;2;2;1;1;6;55;54, EUGENE PIERRE (BOULE;M;4329619;539070;130
201500015642;15;12;5;1945;5;2;1;1;2;55;35, CAPELETTE (AVENUE DE;M;4328356;540105;130
201500015643;15;12;6;10;5;2;1;8;7;55;318, REDON (BOULEVARD DU;M;4324546;542647;130
201500015644;15;12;6;215;5;2;1;1;3;55;242, ROMAIN ROLLAND (BOU;M;4327362;541356;130
201500015645;15;11;30;1010;1;2;1;1;6;55;258, PRADO (AVENUE DU);M;4327462;538980;130
201500015646;15;12;4;2010;5;2;1;1;1;55;83, MONTREDON (AVENUE DE;M;4324262;536950;130
201500015647;15;12;6;645;2;2;1;2;2;55;00, FLORIAN ( ROND POINT;M;4328539;542525;130
201500015648;15;12;6;645;5;2;2;1;1;55;00, SAINTE MARGUERITE (B;M;4326874;540404;130
201500015649;15;12;5;1855;5;2;1;1;6;55;00, MARђCHAL FOCH (AVENU;M;4329694;540492;130
201500015650;15;12;5;1400;1;2;1;1;3;55;00, ATHENES (BOULEVARD D;M;4330021;538069;130
201500015651;15;11;28;1445;1;1;1;1;6;55;SAINT ANTOINE A SAINT JO;M;4337075;535982;130
201500015652;15;12;7;750;2;2;6;1;2;55;287, PRADO (AVENUE DU);M;4328301;538535;130
201500015653;15;12;6;1545;1;2;3;2;3;55;96, VISTE (AVENUE DE LA);M;4335831;535755;130
201500015654;15;12;7;1545;2;2;1;1;4;55;ROLAND DORGELES (BOULEVA;M;0;0;130
201500015655;15;12;7;1730;2;2;1;1;6;55;2, EVECHE (RUE DE L');M;4329779;536580;130
201500015656;15;7;4;1930;1;2;2;1;3;55;178, FRANЂOISE DUPARC (B;M;4330941;540289;130