num_acc;an;mois;jour;hrmn;lum;agg;int;atm;col;com;adr;gps;lat;long;dep
201500015657;15;12;3;700;5;2;1;1;2;75;95, FRђDђRIC CHEVILLON (;M;4334802;546454;130
201500015658;15;12;8;810;1;2;1;1;6;55;152, CAMOINS (AVENUE DES;M;4330647;551010;130
201500015659;15;12;8;1214;1;2;1;1;3;55;210, 24 AVRIL 15 (AVENUE;M;4330846;543714;130
201500015660;15;12;8;1645;5;2;2;2;6;55;54, PIOT (BOULEVARD);M;4324179;537317;130
201500015661;15;12;8;1730;5;1;1;1;3;55;310, CHATEAU GOMBERT CHE;M;4334957;543128;130
201500015662;15;12;8;2100;5;2;1;2;6;55;22, PLOMBIERES (BOULEVAR;M;4331522;538694;130
201500015663;15;12;9;800;1;2;1;1;2;55;169, CAILLOLS (AVENUE DE;M;4330374;544001;130
201500015664;15;12;8;1100;1;2;3;1;6;55;87, MIREILLE LAUZE (BOUL;M;4328285;540872;130
201500015665;15;12;9;1210;1;2;1;1;3;55;MAZARGUES (AVENUE DE);M;4325654;539401;130
201500015666;15;12;4;1200;1;2;2;1;3;55;337, ROMAIN ROLLAND (BOU;M;4327123;540902;130
201500015667;15;12;9;1950;5;2;1;1;6;55;164, CAPELETTE (AVENUE D;M;4328047;540817;130
201500015668;15;12;10;1045;1;2;3;1;6;55;1, PROVENCE (RUE DE);M;4330152;539605;130
201500015669;15;12;10;1400;1;2;1;1;6;55;20, CESAR BOY (AVENUE);M;4329653;548320;130
201500015670;15;12;10;1520;1;1;1;1;3;55;492, PARADIS (RUE);M;4327331;538528;130
201500015671;15;12;10;1340;1;2;1;1;2;55;00, MIREILLE LAUZE (BOUL;M;4328337;541285;130
201500015672;15;12;10;1420;1;2;1;1;1;55;36, POMME (BOULEVARD DE;M;4329185;544671;130
201500015673;15;12;10;1715;2;2;1;1;3;55;00, SABLIERE (ROUTE DE L;M;0;0;130
201500015674;15;11;21;1800;1;2;1;1;7;55;66, SAKAKINI (BOULEVARD);M;4329574;540016;130
201500015675;15;12;11;600;5;2;1;1;3;55;00, MENARD (PIERRE) (BOU;M;4329074;544118;130
201500015676;15;11;27;2030;5;2;1;1;3;55;54, LIBERATION**BOULEVAR;M;4330007;538830;130
201500015677;15;12;10;1410;1;2;1;1;3;55;00, ALAIN SAVARY (ROND-P;M;4324605;539443;130
201500015678;15;12;11;1058;1;1;3;1;3;55;75, ALEX ANSALDI (RUE);M;4333068;540468;130
201500015679;15;12;7;845;1;1;1;1;1;55;00, PIERRE DOIZE  (RUE);M;4327152;542646;130
201500015680;15;12;1;1140;1;2;3;1;6;55;75, CORNICHE KENNEDY;M;4328920;535464;130
201500015681;15;12;7;1230;1;2;9;1;1;55;47, LIEUTAUD (COURS);M;4329401;538217;130
201500015682;15;12;11;1430;1;2;1;1;6;55;3, RABATAU (BOULEVARD);M;4327307;539215;130
201500015683;15;12;11;1500;1;2;1;1;1;55;2, MILLIERE (BOULEVARD D;M;4328381;549287;130
201500015684;15;12;11;2115;5;2;1;1;3;55;626, SAINT PIERRE (RUE);M;4329021;542557;130
201500015685;15;12;12;45;5;2;6;1;3;55;1, FLORIAN ( ROND POINT);M;4328590;542541;130
201500015686;15;12;10;1400;1;2;1;1;6;55;26, GARIBALDI (BOULEVARD;M;4329661;538130;130
201500015687;15;12;10;1900;5;2;1;1;6;55;24, ESPERANDIEU (RUE);M;4330299;539359;130
201500015688;15;12;11;2030;5;2;1;1;6;55;73, LђON GAMBETTA (ALLEE;M;4329907;538466;130
201500015689;15;11;28;1400;1;2;1;1;2;55;147, BAILLE (BOULEVARD);M;4328935;539645;130
201500015690;15;11;25;605;5;2;2;1;3;55;00, BLANCARDE (BOULEVARD;M;4330282;539951;130
201500015691;15;12;12;855;1;2;1;1;6;55;33, BD FERDINAND DE LESS;M;4332045;537328;130
201500015692;15;12;10;1900;5;1;1;1;3;55;2, LUCIEN ROLMER (RUE);M;4330494;537614;130
201500015693;15;12;6;1400;1;2;2;1;3;55;03 B, FLAMMARION (BOULEV;M;4330406;538717;130
201500015694;15;10;14;1630;1;2;1;1;6;55;ALEX. FLEMING (BOULEVARD;M;4331591;540074;130
201500015695;15;12;12;1440;1;2;1;1;2;55;49, VALENTINE (ROUTE DE;M;4328909;546892;130
201500015696;15;12;12;2000;4;2;1;1;6;55;17, SAINT JEAN DU DESERT;M;4330143;543738;130
201500015697;15;12;12;2230;3;2;1;1;2;55;89, POMPIDOU (PROMENADE);M;4326305;537415;130
201500015698;15;12;12;2215;5;2;1;1;6;55;00, MARђCHAL JUIN (BOULE;M;4331141;540353;130
201500015699;15;12;13;140;5;2;1;1;7;55;220, MAZARGUES (AVENUE D;M;4326371;539249;130
201500015700;15;11;30;630;5;2;1;1;6;55;264, SAINT PIERRE (RUE);M;4329181;540280;130
201500015701;15;12;13;705;2;2;1;1;6;55;00, MARђCHAL JUIN (BOULE;M;4331112;540344;130
201500015702;15;12;13;1500;1;2;1;1;2;55;00, ROQUEFAVOUR (AVENUE);M;4336854;536004;130
201500015703;15;12;13;1820;5;2;1;2;3;55;00, SAINT JULIEN (AVENUE;M;4330760;542540;130
201500015704;15;12;13;2215;5;1;1;2;3;55;27, FOLLEREAU (BOULEVARD;M;4329265;544581;130
201500015705;15;12;13;2030;5;1;1;9;6;55;LITTORAL (CHEMIN DU);M;4333929;534816;130
201500015706;15;12;13;2000;5;2;1;1;2;55;25, FRANЂOISE DUPARC (BO;M;4330147;540058;130
201500015707;15;12;14;850;1;2;1;1;3;55;00, FLORIAN ( ROND POINT;M;4328547;542576;130
201500015708;15;12;14;1120;1;2;2;1;1;55;22, FAUCHIER (RUE);M;4330432;537108;130
201500015709;15;12;10;1130;1;2;1;1;3;55;433, SAINT ANTOINE A SAI;M;4336957;536116;130
201500015710;15;12;14;1620;1;2;1;1;5;55;76, SAINT MARCEL (BOULEV;M;4328878;546024;130
201500015711;15;12;14;1940;5;2;1;1;3;55;20, PIERRE DOIZE  (RUE);M;4328144;542975;130
201500015712;15;12;14;1150;1;2;1;1;2;55;00, HENRI MARTINET (ROND;M;4329769;547918;130
201500015713;15;12;15;745;2;2;1;1;2;55;00, SAINT MENET (AVENUE;M;4328819;550334;130
201500015714;15;12;15;820;1;1;1;1;6;55;112, CALLELONGUE (RUE);M;4325582;539244;130
201500015715;15;11;26;1600;1;2;2;1;3;55;NOTRE DAME (PLACE);M;4329234;538347;130
201500015716;15;12;9;1300;1;2;9;1;3;55;242, PEINTRES ROUX (AVEN;M;4330065;547684;130
201500015717;15;12;10;805;1;2;1;1;3;55;22, MELCHIOR GUINOT (RUE;M;4330979;536998;130
201500015718;15;12;15;1800;5;2;1;1;6;55;CHATEAU GOMBERT CHEMIN;M;0;0;130
201500015719;15;12;15;1600;1;2;2;1;3;55;232, SAINTE MARGUERITE (;M;4326359;541070;130
201500015720;15;12;15;2020;5;2;3;8;3;55;MENARD (PIERRE) (BOULEVA;M;4329089;544284;130
201500015721;15;12;15;2355;5;2;2;1;3;55;57, EDMOND ROSTAND (RUE);M;4328474;538183;130
201500015722;15;12;15;1800;5;2;2;1;6;55;37, DAMES (BOULEVARD DES;M;4330257;536887;130
201500015723;15;12;16;550;5;2;1;1;3;55;00, FLORIAN ( ROND POINT;M;4328511;542590;130
201500015724;15;12;16;454;5;2;1;1;6;55;1, LA PUGETTE (BOULEVARD;M;4326866;540143;130
201500015725;15;12;15;1600;1;2;1;1;6;55;33, ARGILE (CHEMIN DE L';M;4328187;539531;130
201500015726;15;12;16;1120;1;2;1;1;3;55;25, SABLIER (BOULEVARD**;M;4325264;538215;130
201500015727;15;12;13;1130;1;2;9;1;2;55;00, HAMBOURG (BOULEVARD);M;0;0;130
201500015728;15;12;16;1400;1;2;6;1;5;55;CAMOINS ......;M;0;0;130
201500015729;15;12;16;1400;1;1;1;1;7;55;00, AURENGUES (CHEMIN DE;M;4333000;545087;130
201500015730;15;12;16;1630;1;2;1;1;3;55;74, SAINT MENET (AVENUE;M;4328724;551090;130
201500015731;15;12;16;1820;2;2;1;1;6;55;76, BOURRELY (CHEMIN DES;M;4338218;536385;130
201500015732;15;12;16;2050;4;2;1;1;6;55;184, COMMANDANT ROLLAND;M;4326608;537349;130
201500015733;15;12;17;45;5;2;1;1;1;55;168, SAINT LOUIS (AVENUE;M;4334895;535888;130
201500015734;15;12;17;1530;1;2;6;1;2;55;00, HENRI FRENAY (ROND-P;M;4325435;537616;130
201500015735;15;12;7;830;1;2;2;1;3;55;00, XAVIER PROGIN (RUE);M;4330312;540540;130
201500015736;15;12;11;1600;1;2;1;1;3;55;00, ST MENET (CHEMIN);M;4328819;550317;130
201500015737;15;12;18;702;2;2;1;1;6;55;18, ALBERT EINSTEIN (RUE;M;4333303;543033;130
201500015738;15;12;13;1310;1;2;4;1;3;2;00, PROVENCE (AVENUE DE);M;4332386;547264;130
201500015739;15;12;18;1400;1;2;1;1;6;55;00, PLOMBIERES (BOULEVAR;M;4331601;538468;130
201500015740;15;12;17;1750;5;2;2;1;2;55;83, PARADIS (RUE);M;4329051;537802;130
201500015741;15;12;18;1730;5;2;1;1;2;55;93, BARRY (BOULEVARD);M;4332000;541364;130
201500015742;15;12;18;1330;1;2;3;1;1;55;52, MERIMEE;M;4333021;540402;130
201500015743;15;12;19;1120;1;2;1;1;2;55;00, SAINT LOUIS (RUE);M;0;0;130
201500015744;15;12;15;1200;1;2;1;1;2;55;00, SAINT MENET (AVENUE;M;4328815;550312;130
201500015745;15;12;14;1145;1;2;1;1;3;55;497, SAINT PIERRE (RUE);M;4329122;541723;130
201500015746;15;12;19;1440;1;1;1;1;5;2;17, ETIENNE CUCCA-CD908;M;4335796;549135;130
201500015747;15;12;19;1910;5;2;1;1;3;106;38, 8 MAI 1945 (AVENUE D;M;4339293;536436;130
201500015748;15;12;19;2145;5;2;1;1;6;55;29, TROIS FRERES CARASSO;M;4330413;539985;130
201500015749;15;12;19;1830;3;1;1;1;6;75;17, TERMES (ALLEE DES);M;4333849;545503;130
201500015750;15;12;19;415;5;2;1;1;2;55;74, ALEX ANSALDI (RUE);M;4333066;540494;130
201500015751;15;12;20;600;5;2;1;1;6;55;34, CAPITAINE GEZE (BOUL;M;4333026;537007;130
201500015752;15;12;20;1000;1;2;1;2;2;55;142, RABATAU (BOULEVARD);M;4327979;539933;130
201500015753;15;12;22;540;2;2;1;1;6;55;50, BELLE DE MAI (RUE);M;4331070;538363;130
201500015754;15;12;22;810;1;2;1;8;6;55;19, JOSEPH VIDAL (AVENUE;M;4325353;538080;130
201500015755;15;12;22;1620;1;2;1;1;6;55;LђON LACHAMP (ROUTE);M;4324258;544810;130
201500015756;15;12;22;1840;5;2;1;1;6;55;00, HAMBOURG (BOULEVARD);M;4324872;539110;130
201500015757;15;12;19;1125;1;2;1;1;6;55;00, TELLENE (BOULEVARD);M;4328505;536743;130
201500015758;15;12;11;1030;1;2;3;1;1;55;00, GRIGNAN (RUE);M;4329171;537523;130
201500015759;15;12;20;1230;1;2;1;1;3;55;205, ROUET (RUE DU);M;4327651;539443;130
201500015760;15;12;18;730;2;2;1;1;2;55;39, SAKAKINI (BOULEVARD);M;4329713;540061;130
201500015761;15;12;23;1900;5;2;1;1;7;55;165, PONT DE VIVAUX (BOU;M;4328125;542241;130
201500015762;15;12;23;1955;5;2;1;1;6;55;67, CAILLOLS (AVENUE DES;M;4330383;542711;130
201500015763;15;12;21;1210;1;1;1;2;6;2;00, ETIENNE CUCCA-CD908;M;0;0;130
201500015764;15;12;24;1605;1;2;1;1;3;55;C09, LITTORAL (CHEMIN DU;M;4335819;532630;130
201500015765;15;12;22;2235;5;2;1;1;6;55;20, SABLIER (BOULEVARD D;M;4325300;538211;130
201500015766;15;12;24;2040;5;2;1;1;1;55;94, SAINT ANTOINE (AVENU;M;4329976;536892;130
201500015767;15;12;25;2330;5;2;1;1;6;55;SAINT JOSEPH (CHEMIN DE);M;4337062;535997;130
201500015768;15;12;26;856;1;2;3;1;5;55;180, SAINT MARCEL (BOULE;M;4328728;546586;130
201500015769;15;12;21;1530;1;2;1;1;3;55;47, RIVE NEUVE (QUAI DE);M;4329237;536622;130
201500015770;15;12;27;1152;1;2;1;1;6;55;71, CHARLES LIVON (BOULE;M;4329210;535969;130
201500015771;15;12;9;1825;2;2;1;1;2;55;MARђCHAL JUIN (BOULEVARD;M;4330953;540291;130
201500015772;15;12;27;1730;5;2;1;1;6;55;1, JOLIETTE (RUE DE LA);M;4330168;537378;130
201500015773;15;12;17;30;5;2;3;1;2;55;00, NEIGES (BOULEVARD);M;4324822;537749;130
201500015774;15;12;28;730;1;2;1;1;6;55;BOSPHORE (BOULEVARD DU);M;4337272;536547;130
201500015775;15;12;28;1720;2;2;1;1;6;55;8, CAILLOLS (AVENUE DES);M;4330409;542313;130
201500015776;15;12;10;1115;1;2;3;1;3;55;26, REPUBLIQUE (RUE DE L;M;4329820;537257;130
201500015777;15;12;29;1010;1;2;2;1;6;55;00, BELSUNCE (COURS);M;4329638;537765;130
201500015778;15;12;29;1230;1;2;1;1;3;55;JULES CANTINI (AVENU;M;0;0;130
201500015779;15;12;29;1400;1;2;1;1;2;55;232, PAUL CLAUDEL (BOULE;M;4326894;542023;130
201500015780;15;12;29;1610;1;2;1;1;3;55;00, JULES CANTINI (AVENU;M;4328470;538593;130
201500015781;15;12;29;1720;1;2;1;1;3;55;00, NATIONAL   1 A 51 (B;M;4330455;538495;130
201500015782;15;12;29;1616;1;2;1;1;1;55;00, ROVE (ROUTE DU);M;4335939;528616;130
201500015783;15;12;29;1955;5;2;1;1;4;55;25, FRANЂOISE DUPARC (BO;M;4330144;540057;130
201500015784;15;12;29;1900;5;2;1;1;3;55;177, CLOT BEY (AVENUE);M;4325441;538213;130
201500015785;15;12;23;1515;1;2;1;1;6;55;14, JEAN MOULIN (BOULEVA;M;4329125;539998;130
201500015786;15;12;29;1330;1;2;1;1;3;55;15, LђON GAMBETTA (ALLEE;M;4329910;538187;130
201500015787;15;12;28;1600;1;2;6;1;1;55;00, VALBARELLE (BOULEVAR;M;4328584;544256;130
201500015788;15;12;30;1015;1;2;1;1;2;55;24, DE ROUX (BD ET IMPAS;M;4326536;541229;130
201500015789;15;12;30;1205;1;1;1;1;3;55;287, MADRAGUE VILLE (RUE;M;4333461;535798;130
201500015790;15;12;29;1825;5;2;1;1;6;55;25, AUPHAN (RUE);M;4331679;537551;130
201500015791;15;12;30;1945;5;2;1;1;6;55;47, CLOT BEY (AVENUE);M;4326037;538702;130
201500015792;15;12;31;530;5;2;1;1;3;55;94, DAMES (BOULEVARD DES;M;4330301;536705;130
201500015793;15;12;31;1244;1;2;9;1;7;55;01, MERIMEE;M;4332857;539965;130
201500015794;15;12;31;1630;1;2;1;1;2;55;FLORIAN (AVENUE);;;;130
201500015795;15;2;20;1330;1;2;1;1;6;55;16, AVE DE CORINTHE;M;4328377;539021;130
201500015796;15;1;4;1215;1;2;1;1;5;55;25, AVE DE FRAIS VALLON;M;4332528;543348;130
201500015797;15;1;26;100;5;2;1;1;7;55;01, AVE ALEXANDRE FLEMIN;M;4331499;538802;130
201500015798;15;2;12;1730;1;2;1;1;2;55;529, CHE DE LA MADRAGUE;M;4334630;535428;130
201500015799;15;1;7;1010;1;2;1;1;6;55;47, BD GEORGES ESTRANGIN;M;4327686;536967;130
201500015800;15;1;15;2015;5;2;1;1;6;55;45, BD NATIONAL;M;4330324;538613;130
201500015801;15;1;23;1155;1;2;1;1;6;55;218, BD BAILLE;M;4328935;539654;130
201500015802;15;1;3;115;5;2;1;1;6;55;90, BD RABATAU;M;4327649;539760;130
201500015803;15;1;29;1500;1;2;1;2;6;55;00, TRA DES ROSIERS;;;;130
201500015804;15;1;9;2010;5;2;1;1;6;55;296, AVE DE SAINT ANTOIN;M;4337604;535614;130
201500015805;15;1;23;1545;1;2;1;1;6;55;01, RUE SERY;M;4331366;538812;130
201500015806;15;1;28;850;1;2;1;1;4;55;58, MTE DE SAINT MENET;;;;130
201500015807;15;3;4;1815;1;2;1;1;6;55;45, RUE DU PORTAIL;M;4328763;539690;130
201500015808;15;3;5;835;1;2;1;1;2;55;73, RUE DU DOCTEUR ESCAT;M;4328307;538057;130
201500015809;15;3;12;1540;1;2;1;1;6;55;04, BD DE ROUGEMONT;M;4330830;544032;130
201500015810;15;3;11;1640;1;2;1;1;6;55;330, BD DE SAINTE MARGUE;M;4326127;541491;130
201500015811;15;1;10;1545;1;2;1;1;1;56;LECLERC (Parking G?n?ral;;;;130
201500015812;15;3;18;1455;1;1;1;1;2;39;SAINT-GERVAIS (Carrefour;;;;130
201500015813;15;11;2;745;1;1;1;1;3;56;ROUTE DU PORT DE LAVERA;M;0;0;130
201500015814;15;1;24;2340;5;1;1;1;1;26;RN 568;;;;130
201500015815;15;12;10;1605;1;2;1;1;6;56;ROUTE DU PORT DE LAVERA;M;0;0;130
201500015816;15;4;9;1725;1;1;1;1;2;26;RD 568;;;;130
201500015817;15;1;28;1700;1;2;1;1;2;56;RD 49;;;;130
201500015818;15;3;17;1530;1;2;1;1;6;77;THOREZ MAURICE (avenue);;;;130
201500015819;15;11;22;1555;1;2;1;1;3;56;CALMETTE ET GUERIN AVENU;M;0;0;130
201500015820;15;1;29;1830;3;1;1;2;1;56;REVEILLA;;;;130
201500015821;15;4;7;710;3;1;1;1;7;39;RN 568;;;;130
201500015822;15;12;10;855;1;2;1;1;6;56;KLEBER QUAI JEAN BAPTIST;;;;130
201500015823;15;1;9;1045;1;2;1;1;6;56;RIMBAUD ARTHUR;;;;130
201500015824;15;12;5;905;1;2;1;1;6;39;GUIGONNET (Route du);;;;130
201500015825;15;4;23;1145;1;2;1;1;5;77;RN 568;;;;130
201500015826;15;2;9;930;1;2;1;1;6;77;THOREZ MAURICE (avenue);;;;130
201500015827;15;12;22;925;1;2;1;1;6;56;HOTEL DE VILLE ROND POIN;M;4340586;504775;130
201500015828;15;3;26;720;1;1;1;1;4;39;ROUTE NATIONALE 568;;;;130
201500015829;15;2;10;815;1;2;1;1;6;56;RAYETTES;;;;130
201500015830;15;11;25;1325;1;1;1;1;2;77;RN 568...?;;;;130
201500015831;15;3;4;1218;1;2;1;1;3;56;MOULET AVENUE CHARLES;;;;130
201500015832;15;11;23;1350;1;1;1;1;2;77;RN 568 ....;;;;130
201500015833;15;4;17;1120;1;2;1;1;2;77;2, THOREZ MAURICE (avenu;M;4340838;498117;130
201500015834;15;12;1;1700;1;2;3;1;3;56;RODE;M;4341137;505782;130
201500015835;15;3;10;1028;1;1;1;1;3;39;RN 568;;;;130
201500015836;15;4;27;1700;1;1;1;2;6;77;RN 568;M;0;0;130
201500015837;15;12;25;40;5;1;1;1;6;39;GUIGONNET (rond-point du;M;4345065;493507;130
201500015838;15;3;12;1700;1;1;1;1;3;39;RN 568;;;;130
201500015839;15;4;15;1439;1;2;1;1;2;77;MERINDOLE (avenue de la);M;0;0;130
201500015840;15;12;8;920;1;2;3;1;3;77;PASTEUR (rue);M;4340166;497870;130
201500015841;15;4;22;935;1;2;1;1;3;56;AUGUETTE ROUTE D';M;0;0;130
201500015842;15;11;17;1210;1;2;1;1;6;77;TURENNE (rue);;;;130
201500015843;15;4;8;910;1;2;1;1;6;26;CURIE (bld Pierre et Mar;M;0;0;130
201500015844;15;12;8;715;2;1;1;2;1;39;FOSSETTE (Rond-point de;M;4348625;488638;130
201500015845;15;4;10;1430;1;1;1;1;5;77;RN 568;M;0;0;130
201500015846;15;11;30;735;1;1;1;1;3;77;PINS (avenue des);;;;130
201500015847;15;4;17;1126;1;1;1;1;2;77;RN 568;M;0;0;130
201500015848;15;7;10;505;2;2;1;1;6;56;CHAT NOIR (Rond-point du;;;;130
201500015849;15;11;6;950;1;1;1;1;2;26;PAGNOL (bld Marcel);M;0;0;130
201500015850;15;5;16;1650;1;1;1;1;2;26;RN 568;;;;130
201500015851;15;11;11;2300;3;2;1;1;1;77;NATIONALE (rue);M;0;0;130
201500015852;15;5;25;1150;1;2;1;1;6;56;20 BIS, LECLERC QUAI GEN;M;4340374;505634;130
201500015853;15;5;30;915;1;2;1;1;6;56;PORT DE BOUC ROUTE DE;M;0;0;130
201500015854;15;5;20;1645;1;2;1;1;6;56;TESSE MAURICE;M;0;0;130
201500015855;15;6;16;1455;1;2;1;1;6;56;DULLIN ALLEE CHARLES;M;0;0;130
201500015856;15;5;23;1810;1;1;1;1;2;56;FABRIQUES CHEMIN DES;M;0;0;130
201500015857;15;6;27;1945;2;1;1;1;6;77;RN 568;M;0;0;130
201500015858;15;5;20;1950;2;1;1;1;2;39;RN 568;M;0;0;130
201500015859;15;6;3;1211;1;2;1;1;1;26;PASTEUR (rue Joseph);M;4338106;517109;130
201500015860;15;9;13;1430;1;2;1;1;1;56;GENERAL DE GAULLE*;M;0;0;130
201500015861;15;6;15;1150;1;2;2;1;2;77;CRISTOFOL JEAN (bld);M;4340818;498108;130
201500015862;15;9;5;1700;1;2;1;1;5;77;THOREZ MAURICE (avenue);;;;130
201500015863;15;6;14;1250;1;2;6;1;3;39;POMPIDOU GEORGES (avenue;M;4346502;494106;130
201500015864;15;6;24;1225;1;2;1;1;2;77;CURIE PIERRE ET MARIE (r;;;;130
201500015865;15;8;29;1410;1;1;1;1;2;39;ROUTE NATIONALE 568;;;;130
201500015866;15;8;8;1455;1;2;1;1;1;56;0, FOUQUE AVENUE RENE;;;;130
201500015867;15;7;13;1110;1;2;1;1;6;56;REPUBLIQUE;;;;130
201500015868;15;7;15;955;1;2;1;1;4;26;RD 568;M;0;0;130
201500015869;15;7;5;700;1;2;1;1;7;56;19, ALLENDE BOULEVARD SA;M;4341121;505718;130
201500015870;15;7;23;940;1;2;1;1;6;56;FOURNIER BOULEVARD HELEN;;;;130
201500015871;15;7;22;1430;1;1;1;1;6;39;RN 544;M;0;0;130
201500015872;15;7;7;1310;1;1;1;1;1;39;GUIGONNET (rond-point du;M;4345035;493565;130
201500015873;15;8;2;1900;1;2;1;1;3;39;PLAGES (Route des);M;4343348;493029;130
201500015874;15;8;6;1520;1;1;1;1;3;39;ROUTE NATIONALE 568;;;;130
201500015875;15;8;7;2020;2;1;1;1;5;26;CD 9;;;;130
201500015876;15;8;8;2000;5;1;1;1;1;56;VERDON;;;;130
201500015877;15;8;21;2015;5;1;1;1;1;56;VERDON;;;;130
201500015878;15;8;31;1415;1;1;1;1;5;26;RN 568;;;;130
201500015879;15;9;15;1020;1;1;1;1;1;26;;M;0;0;130
201500015880;15;9;10;1710;1;1;1;1;3;39;RN 568...;;;;130
201500015881;15;9;2;1315;1;2;1;1;1;56;TURCAN FRANCIS;M;0;0;130
201500015882;15;9;26;1120;1;2;1;1;1;56;OLIVES CHEMIN DES0;;;;130
201500015883;15;9;25;1550;1;1;1;1;7;77;RN 568*;M;0;0;130
201500015884;15;10;4;1900;1;2;1;1;6;26;QUATRE SEPTEMBRE (rue du;;;;130
201500015885;15;10;15;1150;1;1;1;1;2;39;ROUTE NATIONALE 569;;;;130
201500015886;15;10;16;847;1;2;1;1;3;39;COLLINE (Chemin de la);M;0;0;130
201500015887;15;10;1;820;1;1;3;1;1;26;TALLAN AU DESSUS DU CHEM;M;4339331;519134;130
201500015888;15;10;12;1715;1;1;1;2;1;39;ROUTE NATIONALE 569;M;0;0;130
201500015889;15;10;15;1045;1;2;1;1;1;77;RN 568;M;0;0;130
201500015890;15;10;23;710;2;2;3;1;3;56;RAYETTES;M;4341173;504388;130
201500015891;15;10;9;220;5;2;1;1;6;56;RIMBAUD ARTHUR;M;0;0;130
201500015892;15;10;28;1400;1;2;1;1;5;56;TURCAN FRANCIS;M;0;0;130
201500015893;15;2;17;1220;1;1;1;1;6;103;RTE DU VAL DE CUECH-RD 1;;;;130
201500015894;15;3;16;840;1;1;1;1;6;103;CHEMIN GRANDE CARRAIRE;M;4364856;506553;130
201500015895;15;5;3;1915;1;2;1;1;6;103;AVENUE JUIN - DU 18;;;;130
201500015896;15;8;9;1655;1;1;1;1;2;103;RD 569;;;;130
201500015897;15;8;15;2020;2;2;3;1;3;103;., AVENUE DE L' EUROPE;M;4364505;510286;130
201500015898;15;10;18;1305;1;2;4;2;3;103;BOULEVARD COREN -LEOPOLD;M;4364401;509519;130
201500015899;15;8;23;445;3;1;6;1;1;103;AVENUE CHABAN DELMAS-JA;M;4364013;504758;130
201500015900;15;8;24;1420;1;1;9;1;3;103;AVENUE DE LATTRE DE TASS;M;4366169;507975;130
201500015901;15;9;30;2131;3;1;1;1;1;103;RTE D' EYGUIERES-RD 17;;;;130
201500015902;15;12;6;2140;5;2;4;1;4;103;AVENUE DE L' EUROPE;M;4364407;510247;130
201500015903;15;12;7;1400;1;2;1;1;6;103;BOULEVARD DU ROY RENE;;;;130
201500015904;15;1;2;1215;1;1;1;1;7;32;4828, SAINT GILLES ROUTE;M;4379040;458141;300
201500015905;15;3;18;1615;1;2;1;1;7;32;17, NIMES RUE;M;4380922;464000;300
201500015906;15;1;3;1420;1;2;1;1;2;32;paix quai de la;;;;300
201500015907;15;3;20;1440;1;1;1;1;6;32;3, MARECHAL JOFFRE AVENU;M;4380965;463945;300
201500015908;15;1;4;1250;1;1;1;1;7;32;FOURQUES ROUTE DE;M;4373235;460956;300
201500015909;15;4;8;1810;1;1;1;1;3;32;CLAPAS DE CORNUT CHEMIN;;;;300
201500015910;15;1;6;1030;1;2;2;1;6;108;GUYNEMER GEORGE (AVENUE);M;4381088;466129;130
201500015911;15;3;30;1650;1;1;1;1;3;32;D 90;M;4380711;460993;300
201500015912;15;1;9;1045;1;2;1;1;2;32;10, FARCIENNES AVENUE DE;M;4381076;463642;300
201500015913;15;4;8;50;1;1;1;1;7;32;D 90;;;;300
201500015914;15;1;12;1100;1;1;1;1;2;108;RD 99 ROUTE DE SAINT REM;;;;130
201500015915;15;4;18;1000;1;1;1;1;7;108;RADOUBS (CHEMIN DES);;;;130
201500015916;15;1;14;1900;3;1;1;1;2;108;RD 99 ROUTE DE SAINT REM;;;;130
201500015917;15;4;18;1100;1;2;1;1;6;108;RADOUBS (CHEMIN DES);M;0;0;130
201500015918;15;1;15;1855;5;2;1;1;6;108;GAMBETTA (BOULEVARD);M;4380424;466281;130
201500015919;15;4;21;900;1;1;1;1;7;32;saint gilles route de;;;;300
201500015920;15;1;16;2130;3;1;1;3;1;108;RD 570 N ROUTE D ARLES;;;;130
201500015921;15;4;23;1530;1;1;1;1;7;32;RD2B;M;4382340;464168;300
201500015922;15;1;21;1220;1;2;3;1;3;108;SOUSPIRON VOIE COMMUNALE;M;4381368;466121;130
201500015923;15;4;24;1545;1;2;2;1;3;32;ANCIENS COMBATTANTS AFRI;M;4381136;464426;300
201500015924;15;1;23;840;1;1;3;1;3;108;ARLES (PETITE ROUTE D AR;M;4378148;466506;130
201500015925;15;4;28;750;1;1;1;1;5;32;D 90;M;4381373;461100;300
201500015926;15;1;23;923;1;1;1;1;7;108;385, RD 970 ROUTE D'AVIG;M;4381278;466946;130
201500015927;15;4;28;1220;1;1;1;1;4;108;RD 32;;;;130
201500015928;15;1;24;1420;1;1;2;1;3;32;SAINT GILLES ROUTE DE;M;4380145;461458;300
201500015929;15;5;8;1800;1;1;1;1;7;32;4828, saint gilles route;M;4379279;458578;300
201500015930;15;1;30;1243;1;2;1;1;3;108;VOLTAIRE (FAUBOURG);M;4380942;466437;130
201500015931;15;5;9;1420;1;1;1;1;7;32;saint gilles route de;M;4380251;461719;300