num_acc;an;mois;jour;hrmn;lum;agg;int;atm;col;com;adr;gps;lat;long;dep
201500016219;15;11;5;1845;5;1;1;1;2;117;CD 9 ESTROUBLANS;M;4342700;525320;130
201500016220;15;11;6;2115;5;2;6;1;2;71;RIGONS ( CHEMIN DES );;;;130
201500016221;15;11;6;745;1;2;1;1;6;117;RHIN DANUBE * AVENUE );M;4342459;527175;130
201500016222;15;11;7;1920;5;2;1;1;6;19;AVENUE DE PROVENCE;;;;130
201500016223;15;11;3;2125;3;1;1;1;4;117;00, ROUTE NATIONALE 113-;;;;130
201500016224;15;11;12;700;2;1;1;1;1;117;CD 9 ESTROUBLANS;M;4342700;525320;130
201500016225;15;11;16;1400;1;2;1;1;2;117;ANCIENS COMBATTANTS D'IN;M;4344433;524585;130
201500016226;15;11;18;700;1;2;6;1;3;117;EUROPE (AVENUE DE L');M;4343434;524264;130
201500016227;15;11;19;1130;1;2;1;1;4;71;6, MITTERRAND (AVENUE FR;M;4337498;535403;130
201500016228;15;11;20;615;1;1;2;1;1;117;LONDRES (AVENUE DE);M;4342689;523472;130
201500016229;15;11;15;1135;1;1;6;1;3;19;D9;M;4347846;535608;130
201500016230;15;11;21;1000;1;1;1;1;6;117;LA BASTIDE BLANCHE CD 9;M;4342775;526745;130
201500016231;15;11;25;900;1;2;6;1;3;71;Route de Calas, 13170 Le;M;4342002;536667;130
201500016232;15;11;18;1715;1;2;3;1;3;117;LONDRES (AVENUE DE);M;4342693;523472;130
201500016233;15;11;26;945;1;2;3;1;3;117;GLACIERE ( RUE DE LA );M;4342324;524108;130
201500016234;15;11;26;1540;1;2;1;6;6;117;SALYENS ( AVENUE DES );;;;130
201500016235;15;11;26;1645;1;2;1;1;3;19;CD6;;;;130
201500016236;15;11;27;740;2;2;1;1;2;117;54, EUROPE ( AVENUE DE L;M;4342792;524966;130
201500016237;15;11;30;1950;5;2;2;1;3;117;SALYENS ( AVENUE DES );M;4343924;525563;130
201500016238;15;12;1;900;1;1;1;1;2;117;ROUTE NATIONALE 113-L'AN;;;;130
201500016239;15;12;1;1235;1;2;6;1;1;117;CLINIQUE;M;4342711;527131;130
201500016240;15;12;2;1620;1;2;1;1;3;71;TOTAL (RN 113 - LE TUNNE;M;4341095;531098;130
201500016241;15;12;3;1415;1;1;1;1;7;117;ROUTE NATIONALE 113 - AG;;;;130
201500016242;15;12;5;1150;1;1;1;2;7;71;1, ROUTE NATIONALE 113 -;;;;130
201500016243;15;12;5;430;5;1;1;1;6;117;, ROUTE NATIONALE 113 -;;;;130
201500016244;15;12;6;1000;1;1;1;1;6;19;D9;;;;130
201500016245;15;11;27;2120;5;1;1;1;6;117;STADIUM (CD9);M;4344350;529692;130
201500016246;15;12;6;1715;2;1;1;1;6;117;STADIUM (CD9);M;4344344;529685;130
201500016247;15;12;8;1740;5;2;1;2;7;117;ROUCAS ( CORNICHE DU );;;;130
201500016248;15;12;9;1900;3;1;1;1;6;117;STADIUM (CD9);M;4344356;529700;130
201500016249;15;12;11;1505;1;2;6;1;6;117;GELU  ( AVENUE VICTOR );M;4344622;524798;130
201500016250;15;12;13;530;5;1;1;2;6;71;PLAN DE CAMPAGNE (AVE. D;M;4341520;535137;130
201500016251;15;12;17;1630;1;2;2;1;3;117;x, LONDRES (AVENUE DE);M;4342689;523472;130
201500016252;15;12;17;1610;1;2;2;1;3;71;VIEILLE ROUTE DE LA GAVO;M;4339326;534109;130
201500016253;15;12;17;1715;5;2;1;1;3;117;28, EUROPE (AVENUE DE L';M;4343663;524190;130
201500016254;15;12;18;1910;1;1;1;1;6;19;AVENUE ALBERT MANOUKIAN;;;;130
201500016255;15;12;20;540;5;2;1;1;6;117;BOULANGER (MAGASIN) - AV;;;;130
201500016256;15;12;21;1525;1;1;1;1;2;71;RD 543;;;;130
201500016257;15;12;22;1500;1;1;1;1;2;19;CD6;;;;130
201500016258;15;12;23;1230;1;1;9;1;3;71;1, ROUTE NATIONALE 113 -;;;;130
201500016259;15;12;25;2340;5;2;1;1;6;117;ANCIENS COMBATTANTS D'IN;M;4344433;524585;130
201500016260;15;12;24;1730;4;1;1;1;1;117;;;;;130
201500016261;15;12;26;2020;5;1;2;1;2;71;VERSAILLES (ROND POINT D;M;4340944;532509;130
201500016262;15;12;29;1545;1;2;1;1;2;71;2103, ROUTE NATIONALE 11;M;4340753;529503;130
201500016263;15;12;30;1515;1;1;1;1;7;71;CHEMIN DEPARTEMENTAL 6 (;;;;130
201500016264;15;12;31;1045;1;1;1;8;6;71;QUICK (CD6);M;4341874;536156;130
201500016265;15;1;30;1500;1;1;1;1;3;266;;M;4790246;736923;680
201500016266;15;2;8;2045;3;1;1;1;3;82;;M;4786924;738956;680
201500016267;15;2;11;1015;1;1;1;1;7;205;;M;4790990;736529;680
201500016268;15;2;13;745;1;1;1;5;4;295;;M;4801489;737516;680
201500016269;15;2;19;1345;1;1;1;1;2;82;;M;4788004;738321;680
201500016270;15;2;24;1545;1;1;1;1;2;82;;M;4790444;736804;680
201500016271;15;2;26;1515;1;1;1;1;6;252;;M;4813768;736477;680
201500016272;15;3;2;1630;1;1;1;1;2;295;;M;4798151;737505;680
201500016273;15;3;20;715;1;1;1;1;6;22;;M;4783971;739435;680
201500016274;15;4;9;815;1;1;1;1;4;37;;M;4796472;736977;680
201500016275;15;4;12;2015;3;1;1;1;7;242;;M;4797623;737340;680
201500016276;15;5;10;2345;3;1;1;1;3;82;;M;4787870;738398;680
201500016277;15;5;11;1400;1;1;1;1;5;252;;M;4814802;736918;680
201500016278;15;6;5;915;1;1;1;1;2;82;;M;4783479;739436;680
201500016279;15;6;6;615;1;1;1;1;2;228;;M;4792946;735973;680
201500016280;15;6;10;1400;1;1;6;1;6;66;;M;4812063;726724;680
201500016281;15;6;15;815;1;1;1;2;2;37;;M;4795766;736752;680
201500016282;15;6;26;930;1;1;1;1;6;66;;M;4806271;738177;680
201500016283;15;7;2;1245;1;1;1;1;2;295;;M;4801462;737525;680
201500016284;15;7;4;545;2;1;1;1;2;295;;M;4800647;737770;680
201500016285;15;8;16;1415;1;1;1;8;6;82;;M;4784379;739447;680
201500016286;15;8;20;1830;1;1;1;1;2;66;;M;4804004;737088;680
201500016287;15;9;12;245;3;1;1;1;7;295;;M;4802189;737245;680
201500016288;15;9;17;1245;1;1;1;3;3;113;;M;4817543;737878;680
201500016289;15;10;2;1330;1;1;1;1;4;228;;M;4793270;736002;680
201500016290;15;10;13;645;2;1;1;1;3;82;;M;4787174;738803;680
201500016291;15;10;31;2030;3;1;1;5;6;22;;M;4781756;739287;680
201500016292;15;11;20;1145;1;1;1;2;2;66;;M;4806085;737989;680
201500016293;15;12;26;1115;1;1;3;1;3;295;;M;4799784;737974;680
201500016294;15;12;28;1600;1;1;1;1;2;266;;M;4790248;736875;680
201500016295;15;1;19;2145;3;1;1;1;6;143;;M;4872700;210700;780
201500016296;15;3;12;1630;1;1;1;1;6;356;;M;4875100;207500;780
201500016297;15;9;16;1500;1;1;1;6;7;356;;M;4875500;203100;780
201500016298;15;7;2;1800;1;1;1;7;1;472;;M;0;0;330
201500016299;15;1;27;915;1;1;1;1;5;183;;M;4769100;48900;720
201500016300;15;3;31;1715;1;1;1;1;7;320;;M;4804400;14600;720
201500016301;15;4;19;1400;1;1;1;1;7;58;;M;4801500;28500;720
201500016302;15;7;10;1730;1;2;1;1;3;146;route nationale;M;4788300;13200;720
201500016303;15;7;21;630;2;1;1;1;3;58;;M;4801100;31100;720
201500016304;15;7;23;1745;1;1;1;1;1;364;;M;0;0;720
201500016305;15;8;3;1630;1;1;1;1;6;115;;M;0;0;720
201500016306;15;8;29;945;1;1;1;1;5;320;;M;4805300;16100;720
201500016307;15;9;13;1615;1;1;1;1;6;221;;M;0;0;720
201500016308;15;9;25;1415;1;1;1;1;6;85;;M;0;0;720
201500016309;15;10;3;1745;1;1;1;1;7;299;;M;0;0;720
201500016310;15;11;2;1900;4;1;1;1;3;320;;M;0;0;720
201500016311;15;12;5;530;3;1;1;1;7;129;;M;4805900;33900;720
201500016312;15;3;8;1445;1;1;1;1;3;145;;M;0;0;720
201500016313;15;3;20;845;1;1;1;1;7;111;;M;0;0;720
201500016314;15;4;15;800;1;2;6;1;1;320;BOULEVARD DE MAULE;M;4806500;15700;720
201500016315;15;5;29;1700;1;1;1;1;1;351;;M;4810900;-13300;720
201500016316;15;7;10;1015;1;1;1;1;3;157;;M;4809500;7600;720
201500016317;15;7;29;245;3;1;1;1;7;334;;M;4818200;-15200;720
201500016318;15;8;21;1900;1;1;1;1;1;119;;M;4810300;7800;720
201500016319;15;8;22;1030;1;1;1;1;7;1;;M;0;0;720
201500016320;15;10;4;1830;1;1;1;2;2;256;;M;4815000;-5500;720
201500016321;15;12;4;1545;1;1;1;1;5;229;;M;0;0;720
201500016322;15;12;10;245;3;2;1;5;6;219;8 RUE ROCHEREAU;M;0;0;720
201500016323;15;12;15;145;3;1;1;2;7;216;;M;0;0;720
201500016324;15;12;20;1730;3;1;1;2;5;24;;M;4811000;15500;720
201500016325;15;3;23;745;1;2;1;1;6;394;AV MARCEL PERRIN;M;4906370;218610;950
201500016326;15;10;15;1135;1;2;1;1;3;394;R DE PONTOISE;M;4906280;218330;950
201500016327;15;6;24;1415;1;1;1;1;1;233;;M;0;0;720
201500016328;15;8;8;1730;1;1;1;1;6;290;;M;0;0;720
201500016329;15;8;8;1900;1;1;1;1;6;380;;M;0;0;720
201500016330;15;9;7;1715;1;1;1;1;6;254;;M;0;0;720
201500016331;15;1;21;630;3;1;1;4;6;292;;M;4730547;-60763;490
201500016332;15;2;4;1600;1;2;1;1;2;192;61 av General DE GAULLE;M;4701256;-75936;490
201500016333;15;2;5;2000;5;1;1;1;6;22;;M;4732660;-60422;490
201500016334;15;2;6;545;3;1;1;1;7;74;;M;4716754;-80661;490
201500016335;15;5;12;1030;1;1;1;1;2;120;;M;4735623;-58208;490
201500016336;15;6;28;2115;1;1;1;1;7;99;;M;4701341;-88405;490
201500016337;15;7;6;1815;1;1;1;1;2;99;;M;4707813;-82572;490
201500016338;15;7;29;1430;1;1;1;1;7;92;;M;4724412;-67818;490
201500016339;15;8;14;1615;1;1;1;1;1;191;;M;4722136;-45466;490
201500016340;15;8;17;530;3;1;1;1;6;281;;M;4717751;-78700;490
201500016341;15;8;22;1130;1;1;1;1;7;92;;M;4724210;-72215;490
201500016342;15;11;18;1815;3;1;1;2;5;246;;M;4740966;-50820;490
201500016343;15;11;20;715;1;1;1;3;7;137;;M;4724067;-105151;490
201500016344;15;12;21;1600;1;1;1;1;6;40;;M;4734953;-109542;490
201500016345;15;1;28;1130;1;1;2;2;3;267;LES OURMEYROUX;M;4473070;42497;240
201500016346;15;5;1;1130;1;1;1;2;3;433;FONT DU LOUP;M;4471700;42647;240
201500016347;15;5;14;715;1;1;1;1;6;167;L'ESCOUSSOU;M;4465820;39248;240
201500016348;15;12;24;1700;2;1;1;1;1;331;LA PEZE;M;4481450;41996;240
201500016349;15;3;18;1715;1;2;3;1;3;375;RUE DE REININGUE;M;4780403;723692;680
201500016350;15;5;12;1930;1;2;1;1;1;321;Rue du Feu follet;M;4782738;727612;680
201500016351;15;6;8;415;2;2;1;1;1;375;MOINEAU RUE;M;4780074;727708;680
201500016352;15;6;13;830;1;2;1;1;3;375;123 Rue de Reiningue;M;4779236;782856;680
201500016353;15;9;13;1615;1;2;1;1;1;321;RUE DU MOULIN;M;4782552;725448;680
201500016354;15;10;20;1645;1;1;9;8;4;375;;M;4777700;722800;680
201500016355;15;1;30;900;1;1;2;4;5;62;URLAN;M;4532950;186877;190
201500016356;15;1;30;1615;1;1;1;2;6;287;;M;4536220;194764;190
201500016357;15;8;28;230;3;1;1;8;6;81;LA REBEYROTTE;M;4535400;196895;190
201500016358;15;9;11;1615;1;1;1;1;5;146;TINTIGNAC;M;4533420;175505;190
201500016359;15;10;4;1715;1;1;1;1;6;143;ROUTE DE LEPINA;M;4535980;198478;190
201500016360;15;12;17;1145;1;1;1;1;1;255;DЙVIATION SEILHAC;M;4536220;170734;190
201500016361;15;12;25;1215;1;1;3;1;1;85;LA GANOTTE;M;4533530;191961;190
201500016362;15;5;2;1500;1;2;1;1;3;83;CROISEMENT D953/D853;M;0;0;670
201500016363;15;5;1;130;3;1;1;3;6;176;;M;0;0;670
201500016364;15;6;10;2130;2;1;1;1;6;324;;M;0;0;670
201500016365;15;6;22;1415;1;1;1;2;6;558;;M;0;0;670
201500016366;15;7;24;930;1;1;1;1;1;83;PV,SENS DAMBAC-NEUHOFFEN;M;0;0;670
201500016367;15;8;11;1000;1;1;1;1;1;498;PV;M;0;0;670
201500016368;15;9;6;1300;1;1;1;1;3;324;;M;0;0;670
201500016369;15;10;4;1545;1;1;1;1;1;536;;M;0;0;670
201500016370;15;10;17;2000;5;2;1;1;1;291;28 Gйnйral DE GAULLE;M;0;0;670
201500016371;15;11;24;1745;3;1;1;1;6;498;;M;0;0;670
201500016372;15;12;12;2330;5;2;1;1;2;437;0, MONTALIVET (COURS);;;;140
201500016373;15;2;24;1347;1;2;1;1;6;118;162, LEROY (BOULEVARD);M;4917450;-33893;140
201500016374;15;1;5;1645;1;2;6;1;6;327;0, VALEUSE (AVENUE DE LA;M;4920290;-34033;140
201500016375;15;12;26;1845;4;2;6;1;3;101;0, ECHANGEUR NШ 9 ( PORT;M;4916370;-42585;140
201500016376;15;3;8;750;2;1;1;1;6;341;ROUTE NATIONALE 814;M;4914780;-35331;140
201500016377;15;1;9;710;3;2;1;3;6;167;1, CD N?  513;M;4920210;-28973;140
201500016378;15;3;25;1330;1;2;3;7;1;118;0, POILUS D'ORIENT (RUE;M;4918420;-38495;140
201500016379;15;1;12;1810;5;2;6;1;6;167;0, CD N?  513;M;4919120;-30076;140
201500016380;15;3;31;2035;1;2;3;1;6;118;0, GUILLOU (BOULEVARD YV;M;4917220;-37831;140
201500016381;15;1;13;715;5;2;2;2;3;301;0, PASTEUR (RUE);M;4918040;-28110;140
201500016382;15;4;2;415;5;2;1;1;6;566;0, COURSEULLES (ROUTE DE;;;;140
201500016383;15;1;12;1010;1;1;1;1;4;137;1, CAUMONT (ROUTE DE );M;4918460;-45444;140
201500016384;15;12;11;1915;5;2;1;1;6;118;CD 405;;;;140
201500016385;15;4;8;910;1;2;1;7;6;118;51, CLEMENCEAU (AVENUE G;M;4918830;-35103;140
201500016386;15;1;16;540;5;2;1;1;7;437;TOURVILLE (AVENUE DE);;;;140
201500016387;15;4;13;1245;1;2;1;1;2;118;1, COURSEULLES (AVENUE D;M;4920510;-37584;140
201500016388;15;1;18;610;3;1;1;3;6;30;0, ROSEL (ROUTE DE );M;4921330;-42928;140
201500016389;15;4;30;1605;1;2;1;1;6;101;63, BRETAGNE (ROUTE DE );M;4916660;-41303;140
201500016390;15;1;19;1230;1;2;1;1;6;118;114, GEOLE (RUE DE);M;4918710;-36629;140
201500016391;15;1;20;1155;1;2;1;1;6;118;0, LIBERTE (PLACE DE LA);M;4916060;-34329;140
201500016392;15;5;6;1600;1;2;3;1;1;181;0, CHAMPS DE FOIRE (RUE;M;4915500;-33664;140
201500016393;15;5;12;1350;1;2;2;1;6;118;0, CLEMENCEAU (AVENUE GE;M;4918820;-35171;140
201500016394;15;1;20;1355;1;2;1;1;2;118;68, VAUGUEUX (RUE DU);M;4918710;-36024;140
201500016395;15;5;12;1930;1;1;6;7;3;587;0, CD N°  220 (ST GERMAI;M;4919980;-41312;140
201500016396;15;1;21;1405;1;2;1;1;6;118;45, LECLERC (BOULEVARD M;M;4918160;-36101;140
201500016397;15;5;18;1150;1;2;1;1;6;101;134, BRETAGNE (ROUTE DE;M;4916560;-41614;140
201500016398;15;1;26;1245;1;2;1;2;6;118;85, FALAISE (RUE DE  <=9;M;4917110;-35375;140
201500016399;15;5;19;1820;1;2;1;1;6;341;10, POMME D'OR (RUE DE L;M;4916000;-35759;140
201500016400;15;2;6;1510;1;2;1;1;6;271;49, HARCOURT (ROUTE D');M;4915590;-36923;140
201500016401;15;2;9;1050;1;2;1;1;6;327;0, GRANDE CAVEE (AVENUE;M;4920270;-33678;140
201500016402;15;5;23;1040;1;2;1;1;6;118;164, CAPONIERE (RUE >= 1;M;4917800;-38052;140
201500016403;15;5;24;1840;1;2;1;1;6;327;7, BERLIN (AVENUE DE);M;4920160;-33726;140
201500016404;15;5;26;1520;1;2;3;1;3;341;CHEMIN VERT (RUE DU);M;4915750;-34761;140
201500016405;15;6;2;1700;1;2;1;1;6;167;5, LIBERTE (AVENUE DE LA;M;4920370;-29690;140
201500016406;15;6;4;2305;5;2;2;1;3;118;0, GUILLOU (BOULEVARD YV;M;4917720;-36720;140
201500016407;15;6;10;805;1;2;3;7;6;118;05/01/2015, DEMPSEY (RUE;M;4919900;-39071;140
201500016408;15;6;11;850;1;2;1;1;6;118;0, GUILLOU (BOULEVARD YV;M;4917340;-38938;140
201500016409;15;6;19;700;1;2;6;7;3;181;0, ADER ( BD CLEMENT );M;4914730;-31929;140
201500016410;15;7;3;2200;2;1;1;1;2;167;COLOMBELLES (ROUTE DE);M;4918980;-31243;140
201500016411;15;7;19;1950;1;2;3;2;3;437;0, PASTEUR (RUE);M;4917930;-32325;140
201500016412;15;7;19;1620;1;2;1;1;6;118;0, DEVON (RUE DU);M;4920150;-37766;140
201500016413;15;7;21;1020;1;2;1;2;6;118;SAINT JEAN (RUE (DE 33 E;M;4918050;-35838;140
201500016414;15;8;22;1425;1;1;3;1;3;118;66, DUNOIS (BOULEVARD);;;;140
201500016415;15;8;25;1950;1;2;1;1;3;118;56, BAYEUX (RUE DE  <= 1;;;;140
201500016416;15;8;1;1915;1;2;2;1;3;118;0, CLEMENCEAU (AVENUE GE;M;4919060;-34267;140
201500016417;15;8;31;2330;3;2;1;1;6;437;MONTALIVET (COURS);M;4917960;-33198;140
201500016418;15;9;1;1438;1;1;1;1;3;101;ECHANGEUR N° 9 ( PORTE D;M;4918230;-42603;140
201500016419;15;9;4;1630;1;2;2;1;1;437;1958, SOURCES (RUE DES);M;4918620;-33328;140
201500016420;15;9;14;1600;1;2;1;1;6;118;0, FOUCAULD (AVENUE PERE;M;4916210;-35450;140
201500016421;15;9;15;1810;1;2;2;1;3;221;0, PAPIN (RUE DENIS );M;4917040;-26585;140
201500016422;15;9;11;1620;1;1;1;1;6;118;0, DAMOZANE (RUE);;;;140
201500016423;15;7;15;1810;1;2;1;1;6;118;0, LEROY (BOULEVARD);M;4917310;-34399;140
201500016424;15;9;25;220;3;1;1;8;6;215;0, CD N°  226 (DE COLOMB;M;4919120;-25772;140
201500016425;15;9;20;810;1;1;6;5;6;437;RD N° 613;M;4915710;-28508;140
201500016426;15;9;21;1830;1;2;1;1;6;118;0, CHEMIN VERT (RUE DU <;;;;140
201500016427;15;9;23;2138;5;2;1;1;2;118;, AUGE (RUE D');M;4917500;-35150;140
201500016428;15;9;8;630;4;2;1;1;6;118;66, BOUDIN (RUE EUGENE);M;4919400;-38268;140
201500016429;15;9;28;725;2;2;3;1;3;118;0, MOULIN (BOULEVARD JEA;M;4919200;-37509;140
201500016430;15;9;29;840;1;2;6;7;6;167;0, BRIAND (PLACE ARISTID;M;4920350;-30245;140
201500016431;15;7;17;1110;1;2;2;1;3;118;JUIN (BOULEVARD MARECHAL;M;4919680;-39677;140
201500016432;15;7;17;2220;5;2;2;1;3;327;0, GAULLE (AVENUE DU GEN;M;4921260;-34202;140
201500016433;15;8;19;1530;1;2;1;1;6;118;0, SANSON ( RUE DU PERE);M;4919620;-36811;140
201500016434;15;7;15;1715;1;2;2;1;6;118;0, ORATOIRE (RUE DE L');M;4918080;-36049;140
201500016435;15;9;6;2230;5;2;1;1;1;215;58, LIBERTE ( RUE DE LA;M;4918690;-26936;140
201500016436;15;10;4;1;3;2;1;1;6;437;PERIPHERIQUE SUD (BOULEV;M;4916120;-30845;140
201500016437;15;10;18;1345;1;2;2;1;3;271;0, HARCOURT (ROUTE D');M;4914500;-37386;140
201500016438;15;11;2;1815;5;2;1;1;6;118;42, DUNOIS (BOULEVARD);M;4918680;-38102;140
201500016439;15;11;5;700;5;2;2;2;6;118;0, CHURCHILL (PONT);M;4917770;-35272;140
201500016440;15;11;10;1210;1;2;1;1;1;118;0, CD 405;;;;140
201500016441;15;11;1;1400;1;2;2;7;3;30;0, CANADIENS (PLACE DES;M;4920660;-43129;140
201500016442;15;10;26;1356;1;2;1;1;2;437;0, RD N° 613;M;4916430;-30632;140
201500016443;15;10;31;2100;3;1;1;1;2;118;0, RN 814;;;;140
201500016444;15;11;26;450;4;2;3;1;3;118;0, MOULIN (BOULEVARD JEA;M;4919590;-37530;140
201500016445;15;11;24;1900;5;2;3;1;3;118;0, JUIN (BOULEVARD MAREC;M;4919680;-39677;140
201500016446;15;12;2;1010;1;2;3;1;3;118;12, GARE (RUE DE LA);M;4917690;-35188;140
201500016447;15;12;2;1630;1;2;1;1;5;341;243, FALAISE (RUE DE >=1;M;4916060;-34744;140
201500016448;15;12;8;740;5;1;6;2;6;271;0, QUADRANT (RUE DU);M;4913950;-37727;140
201500016449;15;12;9;1751;5;2;6;1;3;118;0, MARIE (RUE ARMAND);M;4916570;-35991;140
201500016450;15;12;20;925;1;2;2;1;3;137;0, GRANDE PLAINE (AVENUE;;;;140
201500016451;15;12;22;1915;5;2;3;1;3;118;0, JUIN (BOULEVARD MAREC;;;;140
201500016452;15;11;19;1655;1;2;1;1;6;118;7, CARNOT (RUE SADI);M;4917940;-36285;140
201500016453;15;12;28;1330;1;2;3;1;3;118;0, GAMBETTA (PLACE);;;;140
201500016454;15;11;20;1100;1;2;3;2;3;437;0, ZOLA (RUE EMILE);M;4917290;-32200;140
201500016455;15;8;30;1855;1;2;3;1;3;437;;M;4918080;-32636;140
201500016456;15;2;16;1530;1;1;2;1;3;547;;M;0;0;310
201500016457;15;5;16;1730;1;2;1;1;2;547;route de MURET;M;4349235;131391;310
201500016458;15;6;6;2145;2;1;1;1;7;65;route de rieumes;M;0;0;310
201500016459;15;12;30;1545;1;1;1;1;3;547;RTE DE LABASTIDETTTE;M;4349360;129778;310
201500016460;15;2;21;1315;1;2;1;9;6;225;1, PORT (RUE DU);;;;140
201500016461;15;3;7;1400;1;2;6;1;3;117;CHARLES DE GAULLE (AVENU;M;4928710;-12623;140
201500016462;15;3;17;1915;2;2;1;1;3;225;DISTILLERIE (RUE DE LA);M;4928440;-10861;140
201500016463;15;3;27;1200;1;2;6;1;2;225;GAULLE (RUE DU GAL);M;4928510;-10813;140
201500016464;15;4;24;1005;1;2;1;1;6;225;28, RESISTANTS (AVENUE D;;;;140
201500016465;15;5;1;2240;5;2;2;1;3;225;, BRETAGNE (RUE DE);;;;140
201500016466;15;5;29;2020;1;2;6;2;7;225;LISIEUX (ROUTE DE);M;4928660;-8970;140
201500016467;15;6;3;1455;1;2;2;1;3;117;TROARN (AVENUE DE);;;;140
201500016468;15;6;3;1900;1;2;1;1;6;225;11, COTEAUX (ALLEE DES);;;;140
201500016469;15;7;12;310;3;1;1;1;6;305;1266, CORNICHE (ROUTE DE;M;4930430;-5776;140
201500016470;15;8;1;1621;1;2;1;1;6;117;MARECHAL FOCH (AVENUE DU;;;;140
201500016471;15;8;6;1250;1;1;9;1;3;225;MAURICE THOREZ (BLD);M;4927710;-10350;140
201500016472;15;9;5;1040;1;1;1;1;6;117;RD 400 A;M;4927960;-13547;140
201500016473;15;9;26;1625;1;2;1;1;2;117;GUILLAUME LE CONQUERANT;;;;140
201500016474;15;10;20;1510;1;2;1;1;2;117;GUILLAUME LE CONQUERANT;;;;140
201500016475;15;11;2;1535;1;2;2;1;3;117;30, GENERAL CASTELNAU (A;;;;140
201500016476;15;11;22;1005;1;2;1;1;6;117;30, ARISITIDE BRIAND (AV;M;4929160;-12225;140
201500016477;15;12;1;2230;3;1;1;1;6;117;CAEN (ROUTE DE);;;;140
201500016478;15;12;19;2130;5;2;2;1;3;117;GENERAL LECLERC (AVENUE;;;;140
201500016479;15;6;14;2045;1;1;1;1;1;135;;M;4382899;459020;300
201500016480;15;7;8;1330;1;1;1;1;1;135;;M;0;0;300
201500016481;15;8;15;1300;1;1;1;1;5;117;;M;4369592;458770;300
201500016482;15;8;30;1645;1;1;1;1;6;60;;M;4379902;439974;300
201500016483;15;9;29;1830;1;1;1;1;5;117;;M;4370430;456562;300
201500016484;15;10;17;1700;1;1;1;1;6;34;;M;4373239;446495;300
201500016485;15;6;7;1215;1;1;1;7;7;92;;M;4809157;628626;880
201500016486;15;3;28;2015;5;2;6;2;6;95;place du champ de foire;M;4830305;583303;880
201500016487;15;6;4;1930;1;2;3;1;1;118;;M;4840363;568538;880
201500016488;15;5;8;1015;1;1;1;1;6;112;;M;4833768;710472;880
201500016489;15;7;19;1100;1;2;3;1;3;328;D22;M;4981610;474325;80
201500016490;15;12;28;1530;1;2;2;1;3;302;rue Etienne DOLET;M;4988520;473866;80
201500016491;15;1;6;1800;3;1;1;5;1;137;;M;0;0;80
201500016492;15;4;8;1500;1;2;1;1;6;216;25 grande rue;M;4978844;461723;80
201500016493;15;6;6;1930;1;2;1;1;6;212;;M;4983734;456144;80
201500016494;15;6;13;830;1;1;1;1;6;429;;M;4981070;457119;80
201500016495;15;7;22;730;1;1;1;1;5;361;;M;4986030;462797;80
201500016496;15;9;26;1830;2;1;1;1;6;408;;M;4985280;465298;80
201500016497;15;12;4;1730;5;1;1;1;6;468;;M;4977793;445910;80
201500016498;15;3;7;1430;1;1;1;1;7;473;;M;4944580;410384;80
201500016499;15;4;19;230;5;1;1;1;6;239;RD925;M;4939676;439349;80
201500016500;15;10;15;2030;4;2;1;2;6;39;;M;4945748;407928;80
201500016501;15;2;15;1515;1;1;1;1;6;192;;M;0;0;80
201500016502;15;3;20;1015;1;1;1;1;3;449;;M;4969580;451823;80
201500016503;15;4;2;815;1;1;1;2;6;415;;M;4958590;438443;80
201500016504;15;10;11;2045;5;2;1;1;6;363;rue victor hugo;M;4994241;463753;80
201500016505;15;7;22;1200;1;1;5;1;3;226;;M;5010150;474071;80
201500016506;15;8;9;530;5;1;1;1;6;156;;M;4997800;438072;80
201500016507;15;2;6;1530;1;2;1;1;6;67;2 rue de la Croisette;M;4962364;518859;80
201500016508;15;2;22;1830;2;1;1;1;6;145;;M;0;0;80
201500016509;15;3;18;1615;1;1;3;1;2;34;;M;4960876;504821;80
201500016510;15;8;28;1100;1;1;1;1;1;9;;M;4962990;405131;80
201500016511;15;11;4;200;3;1;1;1;6;289;;M;4967265;514729;80
201500016512;15;11;22;2330;5;2;1;1;6;53;Rue Henri Dunant;M;4967623;498701;80
201500016513;15;11;29;1800;3;1;4;2;1;90;;M;4964470;518611;80
201500016514;15;7;20;1415;1;1;1;2;1;391;;M;4974410;493152;80
201500016515;15;5;19;1800;1;2;1;1;6;142;D24;M;4969531;487471;80
201500016516;15;5;19;1715;1;1;1;1;3;488;;M;4972655;483559;80
201500016517;15;6;28;545;2;2;1;1;6;357;rue de Raucourt;M;4964942;499264;80
201500016518;15;8;28;1030;1;2;1;1;6;170;;M;4974793;494767;80
201500016519;15;11;12;1330;1;2;1;1;6;142;;M;4969827;486477;80