num_acc;an;mois;jour;hrmn;lum;agg;int;atm;col;com;adr;gps;lat;long;dep
201500016520;15;11;24;1500;1;1;1;8;6;114;;M;4964000;486788;80
201500016521;15;2;8;830;1;1;1;9;6;410;;M;4934530;457322;80
201500016522;15;5;31;1200;1;1;2;1;3;407;;M;4926444;473410;80
201500016523;15;7;7;730;1;1;1;7;7;431;;M;4935595;466339;80
201500016524;15;7;27;900;1;1;3;1;3;410;;M;4933750;456526;80
201500016525;15;8;16;1645;1;2;1;1;2;490;83 rue bournizet;M;4939667;469113;80
201500016526;15;11;14;1900;5;2;1;2;6;490;Rue Chervin;M;4940420;470198;80
201500016527;15;11;23;1330;1;1;9;1;7;271;;M;4926440;465942;80
201500016528;15;11;29;545;5;2;1;2;6;490;Rue BOURNIZET;M;4939579;468401;80
201500016529;15;12;10;815;1;1;3;1;3;398;;M;4946210;457677;80
201500016530;15;12;12;1015;1;1;1;2;7;97;;M;4932050;472430;80
201500016531;15;7;24;1300;1;1;1;1;1;89;;M;4943130;496307;80
201500016532;15;11;9;1715;1;2;1;1;3;412;Rue neuve;M;4931050;484157;80
201500016533;15;1;4;1230;1;1;1;8;6;58;;M;4822090;514241;520
201500016534;15;1;16;745;5;2;1;2;6;60;rue des capucins;M;4795663;574818;520
201500016535;15;5;13;815;1;1;1;1;2;332;;M;4799362;554675;520
201500016536;15;5;24;1930;1;1;1;1;1;60;;M;4794087;572709;520
201500016537;15;6;11;2015;1;1;1;1;6;242;;M;4783132;551764;520
201500016538;15;7;20;1430;1;1;1;1;1;242;;M;4782282;557450;520
201500016539;15;8;9;1600;1;2;1;1;6;400;route de BEAUCHARMOY /RD;M;4800800;564900;520
201500016540;15;10;20;2115;3;1;1;5;6;135;;M;4790662;564405;520
201500016541;15;1;18;1615;1;1;1;2;3;1;1880, CD 140;M;4938800;27607;140
201500016542;15;1;21;805;2;2;1;8;4;536;MONTSAINT (CHARRIERE);M;4940860;25147;140
201500016543;15;4;28;1015;1;2;1;1;6;333;LEPAULMIER (QUAI);;;;140
201500016544;15;5;8;1900;1;2;1;1;6;333;102, SAINT LEONARD (RUE);M;4941690;24033;140
201500016545;15;5;13;1012;1;2;1;1;6;333;TOUR (QUAI DE LA);;;;140
201500016546;15;5;12;1545;1;2;1;1;3;333;BUQUET (CHEMIN DU);M;4940060;24072;140
201500016547;15;6;5;1000;1;1;2;1;3;304;CD 579;M;4938240;24471;140
201500016548;15;6;30;1740;1;2;1;7;2;333;16, LEPAULMIER (QUAI);M;4941870;23687;140
201500016549;15;7;6;1917;1;1;3;1;3;333;NORMAND (AVENUE AUGUSTIN;M;4941660;25943;140
201500016550;15;7;15;925;1;2;1;1;6;333;6, MANUEL (COURS ALBERT);;;;140
201500016551;15;8;2;1050;1;2;1;1;6;333;102, SAINT LEONARD (RUE);;;;140
201500016552;15;9;20;1700;1;2;3;1;1;536;10, EGLISE (PLACE DE L');M;4940770;27326;140
201500016553;15;9;20;1730;1;2;1;1;2;333;62, MANUEL (COURS ALBERT;M;4941130;22663;140
201500016554;15;11;7;1950;5;2;6;1;6;536;2, FRANCS (RUE DES 4);;;;140
201500016555;15;11;8;1550;1;1;1;1;2;243;CD513;M;4942490;21544;140
201500016556;15;11;15;1235;1;1;1;1;3;304;CD  579;;;;140
201500016557;15;11;30;1730;5;1;2;1;3;304;CD 579;;;;140
201500016558;15;12;30;1455;1;2;1;1;2;333;JEAN DE VIENNE (COURS);;;;140
201500016559;15;4;24;2000;1;1;1;1;1;216;;M;4779311;503329;520
201500016560;15;4;10;1530;1;1;1;1;7;265;;M;4855810;505056;520
201500016561;15;1;15;1745;1;1;1;1;6;512;etrangeиre;M;4846087;513288;520
201500016562;15;7;11;1430;1;2;1;1;3;250;rue de la Madeleine;M;4844470;515019;520
201500016563;15;6;8;1800;1;1;2;1;3;502;;M;4848102;499995;520
201500016564;15;9;11;830;1;2;2;1;3;550;rue Charle de Gaulle;M;4850272;495695;520
201500016565;15;5;16;1000;1;1;1;1;1;16;;M;0;0;480
201500016566;15;6;16;630;2;1;1;1;1;16;;M;0;0;480
201500016567;15;6;20;1830;1;1;1;7;6;53;;M;0;0;480
201500016568;15;8;15;245;3;1;1;1;6;16;;M;0;0;480
201500016569;15;9;16;1745;1;1;1;1;7;14;;M;0;0;480
201500016570;15;6;4;915;1;1;1;1;2;43;;M;0;0;480
201500016571;15;10;18;1730;1;2;1;1;6;105;RUE DES SORBIERS;M;0;0;480
201500016572;15;11;6;1500;1;2;1;1;6;80;BOULEVARD DE GAULLE;M;0;0;480
201500016573;15;11;11;1345;1;2;1;1;7;105;D26;M;0;0;480
201500016574;15;7;26;1230;1;1;1;1;7;116;;M;0;0;480
201500016575;15;8;9;1030;1;1;1;1;6;162;;M;0;0;480
201500016576;15;8;17;1400;1;1;1;1;3;75;;M;4438700;356700;480
201500016577;15;4;18;1500;1;1;1;1;3;168;;M;0;0;480
201500016578;15;5;10;1715;1;1;6;1;3;17;;M;0;0;480
201500016579;15;8;5;1715;1;1;1;1;7;107;;M;0;0;480
201500016580;15;8;7;1715;1;1;1;1;1;18;;M;0;0;480
201500016581;15;9;7;1015;1;1;1;1;6;32;;M;0;0;480
201500016582;15;10;9;2330;3;1;1;1;1;103;;M;0;0;480
201500016583;15;11;9;1045;1;1;1;1;1;55;;M;0;0;480
201500016584;15;12;18;900;1;1;1;1;1;103;;M;0;0;480
201500016585;15;1;30;1215;1;1;1;2;3;140;;M;4481300;327500;480
201500016586;15;6;28;1730;1;1;1;1;3;27;;M;4406739;403371;300
201500016587;15;5;2;1515;1;1;1;3;3;99;;M;0;0;370
201500016588;15;3;3;945;1;1;1;2;6;47;LANGENNERIE;M;0;0;370
201500016589;15;3;6;1930;5;2;2;1;5;167;D938;M;0;0;370
201500016590;15;3;28;1500;1;2;1;1;6;206;5 ROUTE DES BONSHOMMES;M;0;0;370
201500016591;15;6;29;700;1;1;2;1;2;139;LA BERNNERIE;M;0;0;370
201500016592;15;6;29;1215;1;2;3;1;1;55;RUE DES SABLES:DU STADE;M;0;0;370
201500016593;15;7;25;1645;1;1;1;1;6;217;;M;0;0;370
201500016594;15;7;31;2050;2;2;1;1;7;182;RUE DU LAVOIR;;;;370
201500016595;15;12;12;1300;1;1;1;8;7;13;;M;0;0;370
201500016596;15;2;11;1700;1;2;6;1;3;156;A  APPENWEIER/D ESTREE;;;;370
201500016597;15;4;13;845;1;1;1;1;1;267;;M;0;0;370
201500016598;15;4;22;1530;1;2;2;1;3;79;CARREFOUR  RD 81/RD 40;;;;370
201500016599;15;6;23;645;1;1;2;1;1;267;VERETZ;M;0;0;370
201500016600;15;10;3;1730;1;2;1;1;7;156;AV GABRIELLE D ESTREE;;;;370
201500016601;15;6;30;1145;1;2;1;1;7;63;35  RUE DE LA REPUBLIQUE;M;0;0;370
201500016602;15;9;6;1730;1;1;1;1;1;281;;M;0;0;370
201500016603;15;10;28;1045;1;1;1;1;5;179;LA COUDRIERE;M;0;0;370
201500016604;15;2;19;2050;5;2;2;3;3;366;53, PONT MORTAIN (RUE);M;4914360;22680;140
201500016605;15;1;6;1030;1;2;1;1;3;69;12, JEAN XXIII (AVENUE);M;4914120;25256;140
201500016606;15;2;21;2350;3;1;1;2;6;487;R.D 579;M;4918280;22718;140
201500016607;15;1;13;900;1;2;1;2;2;366;66, HERBET FOURNET (BOUL;M;4915370;22764;140
201500016608;15;2;22;145;3;1;1;2;6;487;R.D 579;M;4918280;22718;140
201500016609;15;1;31;755;2;2;1;4;6;574;47, D 511;M;4913530;20603;140
201500016610;15;3;19;1945;2;2;1;2;2;366;GEORGES POMPIDOU (AVENUE;M;4913510;22348;140
201500016611;15;1;31;800;2;2;1;4;6;574;101, D 511;M;4912900;19854;140
201500016612;15;3;24;1600;1;2;1;1;3;366;68, HENRY CHERON (RUE);M;4914520;22390;140
201500016613;15;2;5;2340;5;2;1;1;6;366;8, GEORGES POMPIDOU (AVE;M;4913790;22330;140
201500016614;15;3;26;1600;1;2;3;1;3;366;85, VICTOR HUGO (AVENUE);M;4914400;22861;140
201500016615;15;2;8;1625;1;2;1;1;6;366;97, HENRY CHERON (RUE);M;4914500;22352;140
201500016616;15;3;28;1505;1;1;1;1;1;574;0, ASSEMONT (D.182 HEMIN;M;4913550;21420;140
201500016617;15;4;23;1430;1;1;1;1;7;487;0, MANERBE (ROUTE);M;4917770;18860;140
201500016618;15;4;25;1425;1;2;2;1;5;366;24, CARNOT (BOULEVARD);M;4914790;22496;140
201500016619;15;4;28;1200;1;2;3;1;3;366;29, FOURNET (RUE);M;4913810;22721;140
201500016620;15;4;27;1340;1;2;6;1;3;366;ESPERANCE (CARREFOUR DE;M;4914440;26312;140
201500016621;15;5;12;1740;1;1;1;1;3;574;710, DIVES (D.45 ROUTE D;M;4915500;19854;140
201500016622;15;5;15;2300;3;1;1;1;6;574;3335, DIVES (D.45 ROUTE;M;4917510;18444;140
201500016623;15;5;16;1755;1;2;2;1;3;366;22, HENRY CHERON (RUE);M;4914610;22819;140
201500016624;15;5;24;50;5;2;1;1;6;366;29, VICTOR HUGO (AVENUE);M;4914470;22800;140
201500016625;15;5;26;1200;1;2;1;1;6;574;;M;4913950;20459;140
201500016626;15;5;28;1625;1;2;1;1;6;366;30, ROGER AINI (RUE);M;4914360;24773;140
201500016627;15;6;3;1800;1;2;1;1;6;366;7, SAINTE ANNE (BOULEVAR;M;4914290;22663;140
201500016628;15;6;12;1345;1;1;2;2;6;574;890, ASSEMONT (D.182 HEM;M;4913650;21510;140
201500016629;15;6;29;1640;1;2;3;1;2;366;1, HENRI PAPIN;M;4914150;21358;140
201500016630;15;7;2;1745;1;2;6;1;2;366;ESPERANCE (CARREFOUR DE;M;4914440;26312;140
201500016631;15;7;11;1550;1;1;1;1;1;487;R.D 579;M;4919150;22819;140
201500016632;15;7;24;1930;1;2;6;1;3;366;28, SIX JUIN (AVENUE DU);;;;140
201500016633;15;7;28;1010;1;2;2;1;1;366;31, ERNEST MANCHON (RUE);M;4915590;21910;140
201500016634;15;8;1;940;1;2;1;1;3;366;118, WINSTON CHURCHILL (;M;4914640;25682;140
201500016635;15;8;8;1440;1;2;1;1;6;366;8, FOURNET (PLACE);M;4914090;22708;140
201500016636;15;8;8;1250;1;2;3;1;2;366;0, GENERAL LECLERC (RUE;M;4915100;22407;140
201500016637;15;8;11;1130;1;2;1;1;6;366;AUGUSTIN FRESNEL;M;4914420;26838;140
201500016638;15;8;27;1755;1;1;1;2;6;366;D.613 ( LISIEUX);M;4913070;23300;140
201500016639;15;9;9;1830;1;2;3;1;3;366;17, ROGER AINI (RUE);M;4914480;23586;140
201500016640;15;9;9;1930;1;1;1;1;7;574;D.613 ( SAINT DESIR);M;4913860;19378;140
201500016641;15;9;11;2110;5;2;3;1;3;366;83, CITE JARDIN (RUE DE;;;;140
201500016642;15;9;17;1525;1;2;2;2;3;366;1, SIX JUIN (AVENUE DU);M;4914460;22252;140
201500016643;15;9;18;1725;1;1;2;2;5;574;DIVES (D.45 ROUTE DE);M;4915990;19274;140
201500016644;15;9;25;1715;1;2;6;1;7;366;ROGER AINI (RUE);M;4914440;26312;140
201500016645;15;9;26;15;3;1;1;1;6;366;R.D 579;M;4916790;22741;140
201500016646;15;10;2;2135;5;2;1;1;6;366;106, FOURNET (RUE);M;4913370;22629;140
201500016647;15;10;13;745;3;1;1;1;2;366;D.613 ( LISIEUX);M;4912820;22189;140
201500016648;15;10;13;1000;1;2;3;1;2;366;CORMEILLES ( CD 510 ROUT;M;4914840;25480;140
201500016649;15;10;15;1315;1;2;3;1;3;366;27, FOURNET (RUE);M;4913810;22721;140
201500016650;15;10;17;100;3;1;1;8;6;366;0, CAVAUDON (CHEMIN RURA;M;4915240;23759;140
201500016651;15;11;2;1850;5;2;3;1;3;366;177, ROGER AINI (RUE);M;4914460;26185;140
201500016652;15;10;24;1430;1;2;1;1;5;366;46, PARIS (ROUTE DE);M;4914550;24120;140
201500016653;15;11;4;830;2;1;1;8;2;366;D.613 ( LISIEUX);M;4913140;23579;140
201500016654;15;11;4;1430;1;2;1;2;3;366;5, SAINTE THERESE (AVENU;M;4914310;22988;140
201500016655;15;11;4;2105;5;2;1;1;6;366;2, ROCQUES (CHEMIN DE);M;4915250;22839;140
201500016656;15;11;6;930;1;2;2;1;6;366;0, JULES FERRY (BOULEVAR;M;4914830;22819;140
201500016657;15;11;13;1850;3;1;1;8;3;366;D.613 ( LISIEUX);M;4913400;24609;140
201500016658;15;11;23;855;2;1;1;9;7;574;D.613 ( SAINT DESIR);M;4912590;19360;140
201500016659;15;11;27;1205;1;2;1;1;7;366;13A, FOURNET (RUE);M;4913920;22730;140
201500016660;15;12;3;1910;5;2;6;1;3;366;ROGER AINI (RUE);M;4914360;24627;140
201500016661;15;12;15;1641;2;2;1;2;6;366;6, GEORGES CLEMENCEAU (P;M;4914740;22826;140
201500016662;15;12;23;1845;5;2;1;1;6;366;67, HENRY CHERON (RUE);M;4914560;22533;140
201500016663;15;9;18;800;1;2;6;1;3;11;RUE LES ECOLES;;;;370
201500016664;15;12;16;1130;1;2;1;2;6;120;;;;;370
201500016665;15;6;6;1645;1;1;1;1;6;77;ROUTE DES BIANGS;M;0;0;370
201500016666;15;10;19;915;1;2;1;1;3;196;AU NIVEAU DU LAC;;;;370
201500016667;15;3;21;1115;1;1;2;2;3;246;;M;0;0;370
201500016668;15;6;23;2030;1;2;1;1;7;108;Route de Beauregard;M;4714400;103000;370
201500016669;15;7;12;1145;1;1;1;1;6;23;;M;0;0;370
201500016670;15;7;18;700;2;1;1;2;7;39;;M;0;0;370
201500016671;15;8;7;1145;1;1;2;1;3;111;LA FORESTIERE DE LA PLOT;M;0;0;370
201500016672;15;9;4;2245;3;1;1;1;5;49;;M;0;0;370
201500016673;15;10;4;2015;3;1;1;2;1;269;LA GARE;M;0;0;370
201500016674;15;10;29;1730;1;2;1;1;3;20;RUE GEORGES PATRY;M;0;0;370
201500016675;15;6;27;830;1;2;1;1;6;115;RUE JEAN BAPTISTE KLEBER;M;0;0;370
201500016676;15;7;12;245;3;1;1;1;6;162;;M;0;0;370
201500016677;15;7;23;1630;1;1;6;7;6;115;ROND POINT GUSTAVE EIFFE;M;0;0;370
201500016678;15;9;21;1115;1;1;1;1;7;218;;M;0;0;370
201500016679;15;9;23;1945;2;1;1;1;6;115;LES SAPINS;M;0;0;370
201500016680;15;10;7;845;1;1;1;1;1;136;;M;0;0;370
201500016681;15;10;19;1400;1;2;2;1;3;130;MACHEFER;;;;370
201500016682;15;3;20;1815;1;1;2;2;3;28;;M;0;0;370
201500016683;15;4;26;345;3;1;1;8;7;61;;M;0;0;370
201500016684;15;5;11;1545;1;1;1;1;2;33;;M;0;0;370
201500016685;15;7;24;1815;1;1;1;1;7;107;LA BLINNERIE;M;0;0;370
201500016686;15;8;2;1300;1;2;2;1;3;104;LES RECAIS /DU PARADIS;;;;370
201500016687;15;7;13;1455;1;2;2;1;3;250;LES GIRARDIERES;;;;370
201500016688;15;9;11;1;3;2;1;1;3;104;LES RECAIS D ESVRE;;;;370
201500016689;15;4;14;2315;3;1;1;1;1;205;;M;4576590;129550;870
201500016690;15;6;7;1215;1;1;1;1;1;63;;M;4579740;140571;870
201500016691;15;6;8;930;2;1;1;1;6;63;;M;4577530;139713;870
201500016692;15;8;7;900;1;1;1;1;3;138;;M;4571220;147786;870
201500016693;15;10;27;1900;3;1;2;1;3;200;;M;4634170;110543;870
201500016694;15;9;29;1100;1;1;1;1;5;89;;M;4617990;116302;870
201500016695;15;9;24;715;2;2;1;1;3;154;AVENUE HENRI BARBUSSE;M;4589220;90634;870
201500016696;15;3;2;1445;1;2;1;1;3;46;RUE JEAN GIRAUDOUX;M;4583210;100828;870
201500016697;15;3;17;200;3;1;1;1;7;191;;M;4576120;107252;870
201500016698;15;2;16;730;2;2;1;1;3;187;AVENUE DU MARCЙCHAL JUIN;M;4551600;119717;870
201500016699;15;2;26;2130;3;1;1;2;6;66;;M;4572480;110367;870
201500016700;15;7;15;330;3;1;1;1;6;31;;M;4555220;112807;870
201500016701;15;12;15;1645;1;1;1;8;7;150;;;;;870
201500016702;15;2;13;1600;1;1;2;1;3;10;;M;4607248;172153;230
201500016703;15;3;2;630;3;1;1;2;7;21;;M;4613014;163392;230
201500016704;15;6;21;1700;1;1;1;1;1;78;;M;4592376;174791;230
201500016705;15;7;1;845;1;1;1;1;7;64;;M;4626776;210196;230
201500016706;15;7;8;1845;1;1;3;1;3;102;;M;4624372;204461;230
201500016707;15;8;30;1015;1;2;1;1;1;131;Rue du parjadis;M;4591569;249354;230
201500016708;15;11;21;2000;3;1;1;8;6;20;;M;4598000;230600;230
201500016709;15;12;26;945;1;1;1;1;6;144;;M;4824834;81697;280
201500016710;15;1;2;1715;2;2;6;1;7;602;rue leo lagrange;M;4901549;108834;270
201500016711;15;1;4;100;5;2;1;8;1;165;rue du dr paul guilbaud;M;4896563;94247;270
201500016712;15;1;15;1000;1;1;1;2;3;446;;M;4905589;92464;270
201500016713;15;3;13;2245;3;1;1;1;7;543;;M;4879973;135248;270
201500016714;15;3;28;1915;1;2;2;8;6;548;RD 50 - Rue de Monthule;M;4876518;126865;270
201500016715;15;9;14;1100;1;1;1;1;3;464;;M;4897292;114371;270
201500016716;15;2;25;1130;1;1;1;2;6;481;;M;4874116;87954;270
201500016717;15;3;5;1830;2;1;1;1;7;431;LA GENTILLERE;M;4890877;74132;270
201500016718;15;9;7;1700;1;1;3;1;3;532;;M;4887956;92900;270
201500016719;15;11;30;1815;3;1;2;1;3;108;;M;4874791;79462;270
201500016720;15;12;7;730;3;1;2;5;3;112;;M;4885595;94411;270
201500016721;15;12;18;1815;3;1;1;8;6;75;;M;4890149;69093;270
201500016722;15;12;23;1130;1;1;4;1;3;457;;M;4876883;96037;270
201500016723;15;1;7;1230;1;1;1;1;1;179;;M;4913343;54286;270
201500016724;15;1;30;1630;1;1;2;1;3;395;;M;4891039;50937;270
201500016725;15;2;25;700;5;1;1;3;6;56;15 rue Ordevic Vital;M;4908607;59570;270
201500016726;15;3;27;1145;1;1;2;1;3;455;;M;4917505;40413;270
201500016727;15;4;6;1745;1;1;6;1;7;414;;M;4895571;46583;270
201500016728;15;5;17;1430;1;1;1;1;1;289;lieu dit le coudret;M;4894642;41295;270
201500016729;15;5;30;1300;1;2;6;1;7;56;zone de la malouve;M;4907472;58126;270
201500016730;15;7;18;1700;1;1;1;1;7;557;;M;4911171;65158;270
201500016731;15;7;22;1745;1;1;1;1;5;600;;M;4904676;56453;270
201500016732;15;8;27;1445;1;1;1;3;6;463;;M;4915482;61502;270
201500016733;15;9;6;1700;1;1;1;1;3;130;;M;4904741;46221;270
201500016734;15;9;11;1445;1;1;1;1;4;148;;M;4898255;49429;270
201500016735;15;9;16;1800;1;1;1;6;1;552;route de la chapelle;M;4900855;46541;270
201500016736;15;9;19;1730;1;1;1;1;1;590;;M;4894455;51029;270
201500016737;15;10;3;1145;1;2;1;1;3;414;grande rue;M;4893670;47998;270
201500016738;15;1;9;2030;5;2;1;2;6;116;31 rue de la soie;M;4919368;72045;270
201500016739;15;1;18;1915;3;1;1;4;5;63;;M;4901818;86489;270
201500016740;15;1;29;1715;1;1;2;2;6;513;;M;4900124;67953;270
201500016741;15;2;20;1615;1;1;2;1;3;296;;M;4903943;66293;270
201500016742;15;2;21;1530;1;1;1;1;6;109;;M;4910356;82620;270
201500016743;15;5;15;1630;1;2;3;1;1;51;;M;4907336;76833;270
201500016744;15;6;5;1815;1;2;9;1;7;49;11 rue des bruyeres;M;4901893;70571;270
201500016745;15;6;10;1915;1;1;2;1;3;290;;M;4912885;77603;270
201500016746;15;7;23;1630;1;1;1;1;6;452;;M;4914069;76928;270
201500016747;15;8;23;545;3;1;1;1;7;125;;M;4917181;77119;270
201500016748;15;8;30;1215;1;1;2;1;6;210;;M;4913067;81335;270
201500016749;15;9;2;1700;1;2;3;1;3;116;cote de caillouet;M;4918880;72749;270
201500016750;15;9;7;2000;2;1;1;1;7;125;;M;4918937;74175;270
201500016751;15;10;23;845;1;2;1;1;6;116;13 rue de la soie;M;4919497;72059;270
201500016752;15;12;22;1415;1;1;6;1;3;116;rue saint denis;M;4919392;71407;270
201500016753;15;4;4;545;5;2;3;1;6;417;Rue du Moulin а Vent;M;4938387;159114;270
201500016754;15;1;28;200;3;1;1;2;6;428;;M;4914515;92344;270
201500016755;15;12;5;1600;1;2;1;1;6;302;route du neubourg;M;4922164;84288;270
201500016756;15;1;27;830;1;1;1;2;7;340;;M;4937256;85097;270
201500016757;15;2;16;700;5;2;2;1;3;103;RD 313;M;4935016;82073;270
201500016758;15;4;24;1015;1;1;1;1;6;103;;M;4933673;81128;270
201500016759;15;5;4;1000;1;2;1;1;6;103;rue des portes;M;4935603;81531;270
201500016760;15;6;7;1530;1;2;1;1;1;580;RD647;M;0;0;270
201500016761;15;6;20;845;1;1;1;1;6;582;;M;4929442;95833;270
201500016762;15;7;3;400;3;1;1;1;7;134;;M;4936189;65128;270
201500016763;15;7;3;1600;1;2;1;1;6;103;80 rue du champ de foire;M;4935277;81214;270
201500016764;15;7;9;2115;1;1;2;1;3;227;;M;4938512;65982;270
201500016765;15;8;6;1800;1;1;1;1;2;228;;M;4935848;68542;270
201500016766;15;8;31;1545;1;1;1;3;1;316;;M;4938445;75815;270
201500016767;15;11;18;1630;1;2;2;1;3;90;RD313;M;4929686;91517;270
201500016768;15;8;30;1245;1;1;2;1;3;591;;M;4923936;34821;270
201500016769;15;12;19;845;1;2;1;1;1;218;05 rue Andre MORIN;M;4927971;43738;270
201500016770;15;4;13;1000;1;1;1;1;3;116;;M;0;0;40
201500016771;15;5;16;1400;1;1;1;1;6;204;;M;0;0;40
201500016772;15;6;24;745;2;2;1;7;6;31;route du pont de l'asse;M;0;0;40
201500016773;15;3;5;945;1;1;1;1;7;61;;M;0;0;40
201500016774;15;1;30;1730;1;2;6;1;7;45;COURS ARISTIDE BRIAND;M;0;0;40
201500016775;15;10;3;200;3;1;1;8;6;160;;M;0;0;40
201500016776;15;3;30;1845;1;1;1;1;1;209;;M;4418000;595500;40
201500016777;15;11;18;1445;1;2;1;1;6;58;D104;M;0;0;40
201500016778;15;1;3;2000;3;1;1;2;6;160;LES COMBES;M;4508300;72400;240
201500016779;15;3;27;1430;1;1;1;1;6;115;ROUTE D'ANGOULКME;M;4527340;67308;240
201500016780;15;7;7;1500;1;2;4;1;3;115;RUE D'ANGOULКME;M;4524500;68673;240
201500016781;15;9;13;1445;1;1;1;2;1;571;ROUTE DE SALON;M;4502450;75636;240
201500016782;15;12;5;1600;1;1;1;5;6;156;;M;4508580;87220;240
201500016783;15;12;9;1630;1;1;1;1;6;115;NOUZAREDE;M;4521900;69166;240
201500016784;15;6;11;1330;1;1;1;1;7;11;ROUTE DU BATAILLON;M;4523150;84463;240
201500016785;15;7;25;1515;1;1;1;1;6;25;LE BOUSQUET;M;4508960;105831;240
201500016786;15;9;8;800;1;1;3;1;3;188;LA BOUILLE;M;4513300;101302;240
201500016787;15;2;14;1400;1;1;1;1;1;340;LE GUEL;M;4485090;43479;240
201500016788;15;12;2;430;3;1;1;1;7;237;;M;4488420;52855;240
201500016789;15;12;10;1345;1;2;2;1;1;340;RUE DE LA RЙSISTANCE;M;4485340;40079;240
201500016790;15;12;20;1745;3;1;1;1;7;77;PONT DE LAGASSE;M;4494050;56679;240
201500016791;15;9;1;930;1;1;1;1;1;310;LE BOURG-EST;M;4472170;75604;240
201500016792;15;10;27;2011;3;1;4;3;7;334;"lieu-dit ""La Mothe""";M;4483220;75728;240
201500016793;15;6;22;1730;1;1;1;1;1;311;;M;4550790;71152;240
201500016794;15;10;26;1645;1;1;1;1;6;451;LE SORBIER;M;4550730;63436;240
201500016795;15;10;30;1900;3;1;1;1;1;64;LES ROCHES;M;4536930;68290;240
201500016796;15;2;13;2230;3;1;1;2;7;463;LE BOSQUET;M;4535950;111738;240
201500016797;15;2;28;45;3;1;1;1;1;8;LES NOCHES;M;4541331;114616;240
201500016798;15;4;4;330;4;1;1;2;7;133;LE CLOS DE LA CHAPELLE;M;4557200;97182;240
201500016799;15;5;28;15;5;2;1;1;6;551;RUE COUZINOU;M;4541060;92207;240
201500016800;15;7;26;2130;3;1;1;1;6;227;;M;4536030;111880;240
201500016801;15;8;12;215;3;1;1;1;6;352;CHEZ GADAUD;M;4525340;31135;240
201500016802;15;12;31;1430;1;1;1;1;7;57;LES FARGES;M;4534710;43117;240
201500016803;15;12;20;2200;5;2;2;2;3;299;RD6089;M;4503830;36957;240
201500016804;15;12;29;830;2;2;1;5;6;294;32 AVENUE POMPIDOU;M;4500910;15397;240
201500016805;15;6;18;1215;1;1;2;1;3;490;NEUF PIEDS;M;4521840;21156;240
201500016806;15;10;13;200;3;1;1;8;6;376;LES BOIGES;M;4515560;12598;240
201500016807;15;1;12;1815;3;1;4;1;3;520;ROUTE DE SOUILLAC;M;4486740;124784;240
201500016808;15;4;20;1400;1;1;1;1;1;574;SUR LA FONT;M;4483450;131046;240
201500016809;15;6;12;1500;1;1;1;3;1;74;;M;4486460;135396;240
201500016810;15;6;27;2100;1;1;1;1;1;366;LA BOLЙ;M;4489020;118124;240
201500016811;15;7;23;1515;1;1;2;1;3;82;LA CHARBONNIERE;M;4485610;125855;240
201500016812;15;7;27;1715;1;1;1;1;1;520;;M;4490860;118581;240
201500016813;15;8;28;1230;1;1;1;1;6;516;;M;4496120;133635;240
201500016814;15;9;26;1900;1;2;1;1;6;520;LA CROIX DALLON;M;4490050;123542;240
201500016815;15;4;3;1245;1;2;2;1;3;396;VOIE DE LA VALLЙE;M;4486190;103909;240
201500016816;15;7;1;1415;1;1;1;1;1;14;;M;4404053;-34802;400
201500016817;15;8;25;800;1;2;9;1;3;224;1470 route de Bayonne;M;4355182;-112808;400
201500016818;15;12;4;2115;5;2;1;1;2;273;rue de Gascogne;M;4354122;-138631;400
201500016819;15;12;11;2145;3;1;6;1;7;209;;M;4357802;-143556;400
201500016820;15;10;3;1145;1;2;1;1;1;46;avenue de la rйpublique;M;4439929;-116523;400
201500016821;15;12;21;1545;1;2;1;1;6;46;Rue Jules Ferry;M;4439498;-116593;400
201500016822;15;1;23;1845;3;1;1;1;6;110;;M;4363887;-38951;400
201500016823;15;2;11;1900;3;1;3;1;3;84;;M;4365531;-93410;400
201500016824;15;4;15;1230;1;1;1;1;1;201;;M;4374228;-76344;400
201500016825;15;6;8;1700;1;1;1;1;1;236;;M;4368240;-85694;400
201500016826;15;7;21;1945;1;2;1;1;3;235;285 route des vignes;M;4375636;-80984;400
201500016827;15;7;25;2100;1;1;1;1;6;228;;M;4362974;-81780;400
201500016828;15;6;6;1530;1;1;2;7;1;62;;M;4727440;451625;210
201500016829;15;2;3;1800;3;2;7;1;6;317;Place villeneuve moret;M;4751995;510932;210
201500016830;15;4;29;1900;1;1;1;1;1;408;;M;4739379;502720;210
201500016831;15;12;19;1100;1;1;1;1;6;573;;M;4744400;478900;210