num_acc;an;mois;jour;hrmn;lum;agg;int;atm;col;com;adr;gps;lat;long;dep
201500016832;15;6;21;1230;1;1;1;1;3;425;;M;4765250;434213;210
201500016833;15;4;22;2030;2;2;1;1;6;154;rond point francis carco;M;0;0;210
201500016834;15;6;25;1630;1;1;1;1;5;104;;M;4772773;459881;210
201500016835;15;6;26;1830;1;2;1;7;6;154;rue de la feuillйe;M;4786300;457100;210
201500016836;15;12;17;1715;5;1;1;1;3;154;;M;4787503;456909;210
201500016837;15;7;26;1200;1;1;1;1;3;584;;M;0;0;210
201500016838;15;9;23;1145;1;2;1;1;5;152;rue Tanquerel;M;4794758;-55150;530
201500016839;15;10;25;1030;1;1;1;1;1;95;;M;4794627;-37052;530
201500016840;15;7;15;1615;1;1;1;1;6;108;;M;4807925;-103205;530
201500016841;15;11;29;1;3;1;1;2;7;5;;M;4818600;-79100;530
201500016842;15;4;10;1330;1;1;1;1;1;77;;M;4793476;-94610;530
201500016843;15;4;11;1000;1;1;1;2;3;84;;M;4783033;-91759;530
201500016844;15;1;3;1515;1;1;1;2;7;181;;M;4843013;-107428;530
201500016845;15;8;17;1400;1;1;3;1;3;3;;M;4838889;-61846;530
201500016846;15;8;28;1415;1;1;1;1;7;263;;M;4849638;-46273;530
201500016847;15;2;2;830;1;1;1;7;6;346;;M;0;0;70
201500016848;15;1;17;1430;1;1;1;1;5;117;;M;0;0;70
201500016849;15;2;6;1630;2;2;1;7;6;199;RD 104;M;0;0;70
201500016850;15;6;7;245;5;2;1;1;6;199;RD 104;M;0;0;70
201500016851;15;8;25;1430;1;1;1;1;1;327;;M;0;0;70
201500016852;15;9;9;2230;3;1;1;1;1;110;;M;0;0;70
201500016853;15;9;12;1000;1;1;1;3;6;117;;M;0;0;70
201500016854;15;11;30;1800;3;1;1;1;3;327;;M;0;0;70
201500016855;15;12;1;1215;1;2;1;1;2;132;La Cфte;M;0;0;70
201500016856;15;12;6;1430;1;2;1;1;6;336;D303 PK 5+470;M;0;0;70
201500016857;15;12;6;1745;4;2;1;1;6;327;D104;M;0;0;70
201500016858;15;11;17;1015;1;2;1;1;6;110;Place de la Bourgade;M;0;0;70
201500016859;15;6;6;1145;1;1;1;1;7;158;;M;4482600;437100;70
201500016860;15;6;26;1115;1;1;1;1;1;16;;M;0;0;70
201500016861;15;8;18;1445;1;1;1;1;6;289;;M;0;0;70
201500016862;15;10;24;1515;1;1;1;1;7;277;;M;4471700;448900;70
201500016863;15;7;16;1415;1;1;1;1;7;334;;M;0;0;70
201500016864;15;7;21;1215;1;1;1;1;1;50;;M;0;0;70
201500016865;15;9;22;645;2;1;1;5;1;28;;M;0;0;70
201500016866;15;11;11;1830;5;2;1;1;6;334;avenue charles de gaulle;M;0;0;70
201500016867;15;12;16;1530;1;1;1;1;1;28;;M;0;0;70
201500016868;15;9;18;1200;1;1;1;1;7;25;;M;0;0;70
201500016869;15;1;17;1130;1;1;9;1;3;126;;M;0;0;70
201500016870;15;3;18;745;1;2;1;1;3;207;Avenue Pasteur;M;0;0;70
201500016871;15;8;8;1530;1;1;1;1;1;304;;M;0;0;70
201500016872;15;9;26;2330;3;2;1;1;6;10;D371;M;0;0;70
201500016873;15;10;5;1545;1;1;1;1;3;313;;M;0;0;70
201500016874;15;2;16;1000;1;1;3;1;1;79;;M;4498300;453300;70
201500016875;15;11;5;1530;1;1;1;1;6;129;;M;0;0;70
201500016876;15;12;28;1500;1;1;1;1;1;35;;M;0;0;70
201500016877;15;12;25;2215;3;1;1;9;6;226;;M;0;0;70
201500016878;15;7;13;700;1;2;1;1;1;292;LIEU DIT LE VILLAGE;M;4517100;466900;70
201500016879;15;2;11;530;5;1;1;1;6;101;La Cousinette;M;4555150;4344;160
201500016880;15;3;8;1530;1;1;3;1;3;101;la Combe des Geais;M;4553761;4391;160
201500016881;15;4;12;1815;1;2;3;7;3;263;Agglomeration de Rouffia;M;4552019;9478;160
201500016882;15;10;8;1130;1;1;1;1;6;46;;M;4546465;2178;160
201500016883;15;10;27;1445;1;1;2;2;3;101;La Croix Debaud;M;4553896;3858;160
201500016884;15;11;4;1600;1;1;1;7;6;143;le Bois du Maine Roux;M;4553475;17771;160
201500016885;15;11;14;1230;1;1;1;1;6;125;Les Tonnelles;M;4549000;35972;160
201500016886;15;12;8;2200;3;1;1;5;6;418;Le Plessis;M;4557848;15951;160
201500016887;15;7;17;1315;1;2;2;1;5;425;Les Grands Bois d'Yvrac;M;4574512;44295;160
201500016888;15;11;16;1845;3;1;1;1;7;379;La Ferrerie;M;4579775;40340;160
201500016889;15;4;15;1745;1;1;3;8;3;176;les Princettes;M;4550849;-26737;160
201500016890;15;5;2;15;3;1;1;2;7;276;La Galoche;M;4541917;-18881;160
201500016891;15;5;15;2315;3;1;1;1;6;224;Chagneraud;M;4546088;-21278;160
201500016892;15;8;24;730;1;1;1;1;6;91;La pйrиtrie;M;4534861;-134;160
201500016893;15;9;13;1230;1;1;1;1;6;28;;M;4547779;-13136;160
201500016894;15;1;24;715;3;1;1;1;6;243;Chez Frouin;M;4573458;-27873;160
201500016895;15;3;22;1815;3;1;1;1;7;216;;M;4569098;-8596;160
201500016896;15;6;20;930;1;1;1;1;6;312;Les Rochereaux;M;4576653;-1196;160
201500016897;15;7;26;2045;2;1;1;1;3;109;Les Gallais;M;4576030;-16914;160
201500016898;15;9;13;2000;3;1;1;2;4;234;le Bois de Ret;M;4568015;-5279;160
201500016899;15;12;19;2230;3;1;1;1;7;216;Echangeur de Bourras;M;4569607;-11210;160
201500016900;15;1;27;1715;2;1;2;8;3;295;;M;4581504;14322;160
201500016901;15;2;3;1045;1;1;1;1;2;140;La Sangle;M;4589713;19181;160
201500016902;15;6;25;1855;1;1;1;1;1;383;Le Bois des nONES;M;4578697;19086;160
201500016903;15;7;31;1630;1;1;3;1;3;11;La touche d'Anais;M;4577151;19689;160
201500016904;15;8;25;1245;1;1;1;6;3;11;pinelot;M;4575546;19188;160
201500016905;15;8;27;1730;1;1;1;1;6;8;la Malbвtie;M;4584411;8005;160
201500016906;15;1;17;1;3;2;1;5;6;282;Les Escures;M;4580314;32653;160
201500016907;15;6;20;1915;1;2;1;1;5;241;AVENUE DU MAL LECLERC;M;4684840;153431;360
201500016908;15;7;14;1615;1;1;1;1;6;55;;M;4693240;120759;360
201500016909;15;8;2;1145;1;2;1;1;6;123;RUE DU PONT MALIENTRAS;M;4681960;121018;360
201500016910;15;11;20;715;5;2;1;2;6;88;;M;4695700;199800;360
201500016911;15;2;24;2030;3;1;1;1;6;236;;M;4663220;213300;360
201500016912;15;4;25;30;5;2;1;1;7;46;RUE DU FAUBOURG ST ABDON;M;4657330;199195;360
201500016913;15;5;13;1700;1;1;1;1;1;1;;;;;360
201500016914;15;5;26;1315;1;1;2;1;3;127;;M;4658560;197153;360
201500016915;15;6;7;2030;1;1;1;1;6;109;;M;4657570;195724;360
201500016916;15;6;10;1945;1;1;1;1;6;1;;;;;360
201500016917;15;7;15;1830;1;1;1;1;6;221;VIGNES CHAMP DE PIN;M;4664880;206535;360
201500016918;15;7;19;2115;3;1;1;1;6;99;;M;4642130;172503;360
201500016919;15;7;28;1130;1;1;2;1;3;17;;M;4673440;204565;360
201500016920;15;9;17;1515;1;2;6;1;3;46;RD 943;M;4658220;200081;360
201500016921;15;9;22;2300;3;1;1;2;7;61;;;;;360
201500016922;15;10;22;745;2;2;1;2;6;46;56 RUE ERNEST PERIGOIX;M;4657540;198677;360
201500016923;15;8;13;1430;1;1;1;1;1;113;;M;4680770;101275;360
201500016924;15;10;16;1815;1;2;1;8;3;18;RUE COLLIN DE SOUVIGNE;;;;360
201500016925;15;12;19;1545;1;2;1;1;7;94;RD53;M;4647180;120868;360
201500016926;15;1;3;1800;5;2;9;2;3;160;6 RUE GRANDE;M;4652520;165534;360
201500016927;15;5;3;1615;1;1;2;1;3;200;;M;4660540;152882;360
201500016928;15;5;20;1645;1;2;3;1;3;6;RUE DESCOTTES/RUE BERT;M;4658690;152171;360
201500016929;15;6;7;1130;1;1;1;1;3;70;;M;4645840;159359;360
201500016930;15;6;19;1745;1;1;1;1;7;207;;M;4641320;162860;360
201500016931;15;6;27;1900;1;2;1;1;6;200;6 RUE DE LA BELLE ЙTOILE;M;4660160;151426;360
201500016932;15;7;5;1915;1;1;1;1;7;22;;M;4664150;167891;360
201500016933;15;7;18;1645;1;1;1;1;6;70;;M;4642870;159972;360
201500016934;15;7;22;2030;1;1;1;1;6;154;;M;4656570;154278;360
201500016935;15;7;29;2030;1;1;1;1;7;81;;M;4642940;156520;360
201500016936;15;9;6;100;3;1;1;1;6;42;;M;4663090;146975;360
201500016937;15;10;6;1710;1;1;1;1;1;42;;M;4665260;148829;360
201500016938;15;7;1;1315;1;2;1;1;3;91;intersection D99/D441;M;4850282;427624;100
201500016939;15;7;16;1500;1;1;1;1;1;4;;M;4859800;417400;100
201500016940;15;3;22;745;2;1;1;1;7;173;;M;0;0;100
201500016941;15;4;22;1030;2;2;1;1;6;371;136 rue de la fontaine;M;4816796;397086;100
201500016942;15;6;7;1630;1;1;2;1;3;116;Lieu-dit Le cheminot;M;4814673;401023;100
201500016943;15;8;13;1600;1;1;1;1;1;373;;M;4820788;401749;100
201500016944;15;4;13;30;3;1;1;1;6;210;;M;4838000;419200;100
201500016945;15;7;22;1930;1;1;1;1;5;332;;M;4828124;418416;100
201500016946;15;3;3;1545;1;2;1;1;6;33;;M;4822921;471522;100
201500016947;15;2;2;1330;1;1;2;1;3;68;;M;4807100;439000;100
201500016948;15;4;8;945;1;1;1;1;7;136;;M;4815400;453000;100
201500016949;15;4;13;2115;3;1;1;1;7;437;;M;4813800;433300;100
201500016950;15;4;21;1630;1;2;1;1;1;399;03 rue des ruelles;M;4817578;419502;100
201500016951;15;6;20;515;2;1;1;1;6;68;;M;4804578;439328;100
201500016952;15;6;21;2030;2;1;1;1;6;83;;M;4816400;424000;100
201500016953;15;8;6;1;3;1;1;1;6;364;;M;4810936;461673;100
201500016954;15;8;8;515;2;1;1;1;6;79;;M;4794900;425900;100
201500016955;15;10;10;1715;1;2;1;1;3;34;Rue des fossйes;M;4811350;437450;100
201500016956;15;10;22;730;5;2;1;2;6;34;43 Avenue Paul Portier;M;4811350;437700;100
201500016957;15;11;23;1215;1;1;1;1;1;119;;M;0;0;100
201500016958;15;4;24;2030;1;1;1;1;2;345;;M;4841900;452100;100
201500016959;15;5;10;1815;1;2;1;1;6;123;43 rue Grйgoire ROYER;M;4835500;453300;100
201500016960;15;6;7;1400;1;1;1;1;6;193;;M;4843200;443300;100
201500016961;15;2;10;830;1;1;1;1;5;268;;M;4848754;347941;100
201500016962;15;12;24;1615;1;2;1;1;1;334;13 route du Paraclet;M;0;0;100
201500016963;15;1;10;1215;1;1;1;8;1;347;;M;4845300;362600;100
201500016964;15;1;27;845;1;1;1;1;6;234;;M;4848900;386400;100
201500016965;15;1;27;1845;3;1;1;1;1;351;;M;4845461;370710;100
201500016966;15;2;5;1500;1;2;1;7;3;323;rue jean jacques roussea;M;4851328;371791;100
201500016967;15;2;18;845;1;1;1;1;6;368;;M;4842583;393920;100
201500016968;15;2;23;2300;3;1;1;1;6;323;;M;4851299;369795;100
201500016969;15;3;12;630;2;1;1;1;6;392;;M;4847457;387235;100
201500016970;15;4;1;2300;3;1;1;1;6;234;;M;4848976;388553;100
201500016971;15;6;28;315;3;1;1;1;7;275;;M;4844805;376157;100
201500016972;15;7;1;1645;1;1;1;1;5;89;;M;0;0;100
201500016973;15;8;29;1815;1;1;6;1;3;323;;M;4851398;372513;100
201500016974;15;9;30;815;1;2;1;1;6;323;Chaussйe de Selliиres;M;4852500;372300;100
201500016975;15;10;17;1430;1;1;1;2;3;323;;M;4850809;369932;100
201500016976;15;11;5;815;1;1;1;1;3;353;;M;4844300;391200;100
201500016977;15;11;23;1600;1;1;1;1;6;86;;M;4851871;394615;100
201500016978;15;7;21;1400;1;1;1;1;1;39;;M;4492940;384405;430
201500016979;15;5;18;1315;1;2;1;1;3;135;RUE DES ECOLES;M;4493470;399849;430
201500016980;15;7;24;1800;1;2;1;1;6;135;RD535;M;4494910;398741;430
201500016981;15;4;24;1530;1;1;2;1;3;124;LANTHENAS;M;4510230;377375;430
201500016982;15;5;23;1345;1;1;1;1;6;119;X;M;4511550;389979;430
201500016983;15;7;11;1230;1;1;1;1;6;216;PONT DE CHASSAGNOLE;M;4515090;377712;430
201500016984;15;8;14;1730;1;1;1;1;6;26;LA BARRAQUE;M;4518290;382505;430
201500016985;15;9;9;1730;1;1;1;1;6;61;PEYREDEYRE;M;4509310;390637;430
201500016986;15;9;14;1500;1;1;1;2;3;152;ZA DE BLEU;;;;430
201500016987;15;9;25;1630;1;1;1;1;6;119;BOIS DE L'ARBOIASSE;M;4512310;390074;430
201500016988;15;10;2;715;3;1;1;1;1;61;VALLEE DE LA LOIRE;M;4510110;389824;430
201500016989;15;10;26;1300;1;1;3;1;3;21;"LIEU-DIT ""LES ROUZEYROUX";M;4511070;394128;430
201500016990;15;11;7;1645;1;2;1;1;6;61;LE BOURG;M;4508150;391608;430
201500016991;15;11;8;215;3;1;1;1;6;152;PLAINE DE BLEU;M;4508720;381616;430
201500016992;15;12;12;115;3;1;1;1;6;230;"LIEU DIT ""LARCENAC""";M;4514200;392007;430
201500016993;15;12;27;1515;1;1;1;1;2;187;X;M;4515530;382448;430
201500016994;15;5;8;2000;1;1;1;8;6;33;"LIEU-DIT ""PEU VERGNE""";;;;430
201500016995;15;7;4;1430;1;1;1;1;6;121;ROUTE DE LEMPDES;M;4537320;322727;430
201500016996;15;3;14;530;5;1;1;2;6;25;"LIEU-DIT ""LES VIVATS""";;;;430
201500016997;15;3;26;1510;1;2;1;1;1;268;ROUTE DU PUY;M;4513860;412445;430
201500016998;15;4;27;445;3;1;1;3;6;224;PONT DE VAUBARLET;M;4522040;420750;430
201500016999;15;7;21;1815;1;2;3;1;3;268;ZA LA LAVEE;;;;430
201500017000;15;9;29;845;1;2;1;1;6;268;PLACE FOCH;M;4514180;412484;430
201500017001;15;12;14;1745;5;2;1;1;6;268;ROUTE DE RETOURNAC;M;4514400;411534;430
201500017002;15;6;12;1845;1;1;1;3;1;130;;M;4503320;425382;430
201500017003;15;7;27;1745;1;2;4;1;3;87;RUE DU 19 MARS 1962;M;4522080;434714;430
201500017004;15;8;10;1945;1;1;1;1;6;244;"LIEU-DIT ""TRIFOULOU""";M;4514350;429394;430
201500017005;15;9;9;1445;1;1;3;1;1;87;;M;4520830;436160;430
201500017006;15;1;8;1830;3;1;1;1;5;282;;M;0;0;180
201500017007;15;2;10;1100;1;1;1;1;1;75;;M;0;0;180
201500017008;15;9;6;645;2;1;1;1;1;53;;M;4715180;287260;180
201500017009;15;10;30;1915;3;1;1;1;6;247;;M;4705160;255749;180
201500017010;15;12;15;1800;3;1;1;3;5;18;;M;0;0;180
201500017011;15;4;5;2045;3;1;2;1;3;4;;M;0;0;180
201500017012;15;8;5;2000;1;1;2;1;3;97;RD 400/Chemin de Detry;M;0;0;180
201500017013;15;9;16;1545;1;1;1;2;6;109;;M;0;0;180
201500017014;15;10;1;845;1;1;1;1;7;235;;M;0;0;180
201500017015;15;11;8;1345;1;1;1;1;6;223;;M;0;0;180
201500017016;15;11;13;1945;3;1;2;1;3;229;;M;0;0;180
201500017017;15;12;2;745;1;1;1;1;5;223;;M;0;0;180
201500017018;15;4;23;1400;1;2;1;1;6;197;Rue du 14 juillet;M;4672532;250070;180
201500017019;15;7;5;1245;1;2;2;1;3;197;rue ernest mallard;M;4672100;251500;180
201500017020;15;7;8;1630;1;2;2;1;6;38;rue jean rameaux;M;0;0;180
201500017021;15;8;20;1100;1;2;1;1;3;197;72 avenue de Gaulle;M;4673100;249500;180
201500017022;15;10;3;245;3;1;1;1;7;231;;M;0;0;180
201500017023;15;10;23;1130;1;2;1;1;6;197;rue du docteur vallet;M;4672144;250416;180
201500017024;15;11;21;1015;1;1;1;1;6;197;;M;0;0;180
201500017025;15;5;7;1630;1;1;2;1;1;59;La Foule;M;0;0;180
201500017026;15;6;4;2015;1;1;1;7;6;65;;M;4684400;210500;180
201500017027;15;1;8;730;5;2;1;2;5;180;rue saint martin;M;4699826;245400;180
201500017028;15;1;13;1430;1;1;1;3;7;180;;M;0;0;180
201500017029;15;1;15;1345;1;1;2;8;3;40;;M;0;0;180
201500017030;15;1;23;2245;3;1;1;1;1;63;;M;0;0;180
201500017031;15;3;21;530;3;1;1;1;5;254;;M;0;0;180
201500017032;15;4;23;1245;1;2;3;1;1;268;Route de Bruиre;M;4680274;245543;180
201500017033;15;6;12;1515;1;1;3;1;3;268;;M;4682284;242175;180
201500017034;15;8;7;800;1;1;1;1;6;119;;M;4700400;261100;180
201500017035;15;9;10;1800;1;1;1;1;6;45;;M;0;0;180
201500017036;15;11;13;1945;3;1;1;1;1;58;;M;0;0;180
201500017037;15;6;26;1330;1;1;1;1;6;113;;M;0;0;180
201500017038;15;7;4;2145;2;1;1;1;6;161;;M;0;0;180
201500017039;15;7;31;930;1;1;3;1;3;108;;M;0;0;180
201500017040;15;9;20;45;5;2;1;1;1;160;81 grande rue;M;4699677;282538;180
201500017041;15;9;22;805;1;1;1;1;1;108;;M;0;0;180
201500017042;15;9;26;600;3;1;1;1;6;108;;M;4695687;292812;180
201500017043;15;9;30;730;1;2;4;1;3;242;rue de la croix blanche;M;0;0;180
201500017044;15;10;7;1045;1;1;1;1;3;195;;M;0;0;180
201500017045;15;1;17;1900;3;1;1;1;7;149;;M;4729800;242800;180
201500017046;15;5;22;1515;1;2;1;1;3;47;rue des maisons neuves;M;4736128;243000;180
201500017047;15;5;29;715;1;1;1;1;2;88;;M;4745500;239800;180
201500017048;15;6;15;1845;1;1;1;1;6;165;;M;0;0;180
201500017049;15;7;29;1100;1;2;1;1;6;15;Av de l'hippodrome;M;4748526;243159;180
201500017050;15;8;1;930;1;1;1;1;6;165;;M;0;0;180
201500017051;15;8;15;845;1;1;1;2;7;88;;M;4742900;243500;180
201500017052;15;9;22;1400;1;1;1;2;6;115;;M;0;0;180
201500017053;15;10;17;1430;1;1;1;1;6;37;;M;4755187;227182;180
201500017054;15;10;18;45;4;2;1;1;6;170;rue eugene Melchor;M;4747514;251353;180
201500017055;15;11;20;815;1;1;1;2;6;115;;M;0;0;180
201500017056;15;12;12;100;5;2;8;1;6;15;av de l'hippodrome de vo;M;0;0;180
201500017057;15;12;30;2015;3;1;1;1;6;159;;M;0;0;180
201500017058;15;3;12;1545;1;1;1;1;6;190;;M;4712800;215878;180
201500017059;15;5;27;1000;1;1;1;1;3;281;;M;0;0;180
201500017060;15;3;29;1545;1;1;4;2;3;208;;M;4570100;594625;730
201500017061;15;1;1;915;1;1;1;9;6;39;;M;4555419;567483;730
201500017062;15;3;17;1630;1;2;2;1;3;152;intesection D40E D921;M;4561020;575984;730
201500017063;15;3;23;1715;2;1;1;1;6;219;;M;4556048;579155;730
201500017064;15;11;10;500;5;1;1;1;6;236;;M;4558755;564355;730
201500017065;15;5;19;1430;1;2;1;1;6;159;;M;4545825;604901;730
201500017066;15;7;12;730;1;2;1;1;6;151;;M;4550045;601290;730
201500017067;15;7;23;1655;1;1;3;1;3;18;;M;4550472;607509;730
201500017068;15;8;31;945;1;2;1;1;3;96;;M;4551553;608986;730
201500017069;15;9;9;845;1;1;3;1;3;171;;M;4550204;606794;730
201500017070;15;4;14;1000;1;2;2;1;3;121;rd 1090;M;4562640;632011;730
201500017071;15;12;5;1530;1;1;1;1;1;303;;M;4575937;639289;730
201500017072;15;1;10;1915;5;2;6;1;3;248;Rond point de l aluminiu;M;4527568;635577;730
201500017073;15;8;2;1200;1;1;1;1;1;256;;M;4520943;645606;730
201500017074;15;9;14;1500;1;1;4;1;3;256;Route des Fontaines;M;4520924;646862;730
201500017075;15;12;19;530;3;1;1;1;7;242;;M;4519904;628652;730
201500017076;15;12;24;1115;1;2;1;1;6;116;PARKING DU MARCHE;M;0;0;730
201500017077;15;3;21;2115;3;1;6;1;6;224;;M;4534803;630639;730
201500017078;15;9;15;1300;1;1;1;8;5;74;;M;4544191;628620;730
201500017079;15;3;28;1145;1;2;1;2;1;448;6 CHEMIN DE PAU;M;4334975;-47019;640
201500017080;15;3;29;2330;5;1;1;1;1;519;;M;4338694;-38049;640
201500017081;15;4;21;1730;1;1;1;1;6;37;;M;0;0;640
201500017082;15;6;30;1615;1;2;1;1;1;448;28 CHEMIN DU PONT LONG;M;4335367;-46332;640
201500017083;15;8;27;2145;5;1;1;1;6;519;;M;4337647;-37636;640
201500017084;15;10;1;1000;1;2;2;1;3;519;CHEMIN DE LIBEN;M;4337816;-37891;640
201500017085;15;10;20;2015;5;2;1;1;6;519;D834;M;4339068;-38055;640
201500017086;15;5;3;2230;3;1;1;2;7;389;;M;4341080;-20341;640
201500017087;15;5;15;530;3;1;1;3;6;238;;M;4324621;-3860;640
201500017088;15;5;29;2030;2;2;1;8;6;211;D42;M;4330078;-14397;640
201500017089;15;8;15;700;2;1;1;1;1;152;;M;4334782;-31946;640
201500017090;15;12;14;1630;1;1;1;1;3;389;RD 943;M;4340240;-20671;640
201500017091;15;6;17;1215;1;1;1;1;3;470;CHEMIN D ANOS;M;4340239;-30674;640
201500017092;15;8;20;900;1;2;1;1;6;160;ALLEE EDMOND ROSTAND;M;4336042;-139960;640
201500017093;15;9;30;2300;3;1;2;1;3;36;RD 933;M;4334854;-97802;640
201500017094;15;7;18;1215;1;2;1;1;1;6;RN 134;M;4296700;-60969;640
201500017095;15;7;14;1845;1;2;1;1;3;29;RD 919;M;4311871;-73330;640
201500017096;15;4;3;1900;1;1;1;1;7;393;;M;4330064;-55458;640
201500017097;15;6;23;1130;1;1;1;1;3;5;;M;4336194;-56636;640
201500017098;15;7;19;1115;1;2;1;1;3;326;RUE DE LA PLAINE;M;4329015;-72299;640
201500017099;15;8;20;1945;2;1;1;1;1;393;;M;4331895;-58229;640
201500017100;15;11;15;1000;1;1;1;1;6;359;RD 2;M;4330160;-65575;640
201500017101;15;3;3;1545;1;1;1;2;7;112;RD 933;M;0;0;640
201500017102;15;5;4;930;1;1;1;1;1;176;;M;4340048;-75591;640
201500017103;15;7;28;1815;1;2;2;1;3;499;RUE DU CANAL;M;4347020;-92476;640
201500017104;15;3;13;930;1;1;3;1;3;24;D 2152 // SORTIE SERVICE;M;0;0;450
201500017105;15;7;1;1015;1;2;2;1;4;203;RTE BLOIS/R CHATEAUDUN;M;4782564;168974;450
201500017106;15;7;11;745;1;2;4;1;6;67;R CAS ROUGE/AV MANDRILLE;M;4787917;177180;450
201500017107;15;5;27;300;3;1;1;1;6;300;;M;4785799;198908;450
201500017108;15;6;24;1630;1;1;2;1;3;173;D 951/RTE VILLANCON;M;4784767;213551;450
201500017109;15;8;19;1345;1;1;1;1;6;324;;M;4781469;217016;450
201500017110;15;12;2;1615;2;1;1;7;5;193;;M;4775031;199369;450
201500017111;15;11;13;1315;1;1;1;2;6;115;;M;4802125;305177;450
201500017112;15;11;27;1515;1;2;2;1;3;279;AV MOULIN PLATEAU/R BILL;M;4795867;280308;450
201500017113;15;6;12;1715;1;2;2;1;1;127;D 2007/ALL NANCAY/D 62;M;4813233;276395;450
201500017114;15;12;7;1145;1;2;6;1;3;61;AV LIBERATION/R NOYERS;M;4804099;272826;450
201500017115;15;8;1;1515;1;2;4;1;6;30;35 R GL CROUZAT/D 950;M;4807186;242898;450
201500017116;15;3;24;1945;3;1;1;2;1;174;;M;4816444;213811;450
201500017117;15;6;5;1330;1;2;2;1;3;188;D 2152/R AU LUC;M;4799459;208011;450
201500017118;15;7;1;1100;1;2;3;7;1;224;AV ML FOCH/R GARDE;M;4806018;205215;450
201500017119;15;9;19;2015;3;1;1;1;6;289;;M;4801706;196149;450
201500017120;15;11;1;1245;1;1;1;1;1;327;RTE FORESTIERE CHAMBON;M;4799855;214302;450
201500017121;15;12;1;1845;5;2;1;1;6;289;24 RTE ORLEANS;M;4804117;198286;450
201500017122;15;1;26;1215;1;1;1;8;3;542;;M;4940680;218381;600
201500017123;15;2;7;315;3;1;1;1;6;480;;M;4949765;215975;600
201500017124;15;4;19;1830;1;1;1;1;7;639;;M;4946362;211272;600
201500017125;15;4;27;2245;5;2;1;1;1;646;D901;M;4947603;205057;600
201500017126;15;6;14;1330;1;1;1;1;7;41;;M;4937664;223531;600
201500017127;15;8;26;2045;3;1;1;2;6;9;;M;4939129;209701;600
201500017128;15;12;14;1130;1;1;1;1;6;251;;M;4945291;221544;600
201500017129;15;12;22;1215;1;1;1;1;6;103;;M;4941811;224672;600
201500017130;15;4;3;715;2;1;1;3;3;63;;M;4934949;205656;600
201500017131;15;6;15;2230;1;2;1;1;6;29;rue du merisier noir;M;4936500;199193;600
201500017132;15;9;12;1;5;1;1;1;1;477;;M;4941961;193586;600
201500017133;15;11;30;1730;5;2;1;1;1;591;rue de la petite fontain;M;4943003;201011;600
201500017134;15;1;2;1830;5;1;3;1;3;365;;M;4960581;206648;600
201500017135;15;1;22;1845;3;1;1;1;2;275;;M;4949795;190693;600
201500017136;15;1;24;2300;3;1;1;1;7;403;;M;4951467;201182;600
201500017137;15;2;17;1545;1;2;1;1;7;77;Rue de pisseleu;M;4955415;205657;600
201500017138;15;2;23;2100;5;2;1;1;7;110;rue de l'esperance;M;4965691;182631;600
201500017139;15;2;28;300;3;2;1;1;6;604;rd315, petit sarcus;M;4969899;185166;600
201500017140;15;3;8;130;3;2;1;1;6;405;Rue des Bonnetiers;M;4966374;181540;600
201500017141;15;3;21;2030;5;1;1;2;7;233;;M;4964935;185401;600
201500017142;15;5;30;1730;1;1;1;8;7;604;;M;4968944;187135;600
201500017143;15;6;10;1745;1;1;1;1;2;304;;M;4958736;200098;600
201500017144;15;6;19;1630;1;1;3;1;3;611;;M;4948039;185005;600
201500017145;15;7;1;2100;1;1;1;1;7;128;;M;4960072;171535;600
201500017146;15;7;7;1230;1;1;1;1;1;588;;M;4962513;190293;600
201500017147;15;7;30;2100;1;2;1;1;1;405;D7 - Rue des bonnetiers;M;4966283;181703;600
201500017148;15;7;30;1845;1;2;1;1;6;108;Rue principale;M;4964747;192265;600
201500017149;15;12;1;1800;5;2;1;2;4;286;Rue de crevecoeur;M;4966169;195102;600
201500017150;15;12;26;1815;5;1;1;1;3;387;;M;4957671;195542;600
201500017151;15;1;15;815;1;2;1;6;1;584;RUE JEAN MOULIN;M;4921696;241965;600
201500017152;15;1;16;2015;5;2;1;2;1;686;20 rue de precy;M;4920961;239585;600
201500017153;15;3;20;2030;5;2;1;1;5;86;rue de beaumont;M;4916535;235462;600
201500017154;15;8;4;1715;1;2;1;1;3;584;RD 44 - 8 Rue Hotel Dieu;M;4921380;242254;600