num_acc;an;mois;jour;hrmn;lum;agg;int;atm;col;com;adr;gps;lat;long;dep
201500017155;15;4;10;2115;3;1;1;1;1;372;;M;4954797;209556;600
201500017156;15;4;15;845;1;1;9;1;3;664;;M;4959891;227748;600
201500017157;15;1;17;1100;1;2;6;9;7;374;place general de gaulle;M;4955413;251927;600
201500017158;15;1;27;730;2;1;1;1;3;374;;M;4956200;248100;600
201500017159;15;3;3;1330;1;1;1;1;1;276;;M;4959268;255617;600
201500017160;15;5;3;1715;1;2;1;1;6;564;rue du general LECLERC;M;4957604;246762;600
201500017161;15;5;17;1145;1;2;1;1;4;396;dйpartementale 938;M;4955200;262400;600
201500017162;15;5;21;1230;1;1;1;1;5;456;;M;4947457;257861;600
201500017163;15;8;21;515;5;2;1;1;6;581;37 rue de paris;M;4950508;243491;600
201500017164;15;8;23;1430;1;2;1;1;1;374;Rue du Gйnйral Leclerc;M;4954619;250815;600
201500017165;15;11;17;1000;1;2;1;1;6;581;rue d'Oresmaux;M;4951108;243249;600
201500017166;15;11;17;2000;3;1;1;8;6;495;;M;4953113;245765;600
201500017167;15;1;24;1645;1;2;1;1;6;151;Rue Victor Hugo;M;4943532;290907;600
201500017168;15;2;17;815;1;2;1;1;5;647;ROUTE DE ROUEN;M;4940249;296979;600
201500017169;15;4;3;1245;1;2;1;2;6;119;171 rue nationale;M;4950405;291326;600
201500017170;15;4;14;1430;1;2;8;1;6;636;RUE DE LA REPUBLIQUE;M;4948034;287928;600
201500017171;15;5;24;1815;1;2;6;1;6;151;avenue Lйo Delibes;M;4944136;286756;600
201500017172;15;6;4;1645;1;2;1;1;1;373;rue du pont du matz;M;4949413;287666;600
201500017173;15;6;5;1745;1;1;1;1;3;537;;M;4950090;293785;600
201500017174;15;6;6;1330;1;2;9;1;3;119;rue des plantes;M;4950627;291086;600
201500017175;15;6;6;230;3;1;1;1;1;156;;M;4943715;284371;600
201500017176;15;8;25;1815;1;1;1;3;6;582;;M;4948311;295536;600
201500017177;15;10;31;1630;1;1;1;1;3;324;;M;4939778;305149;600
201500017178;15;11;6;1530;1;1;1;2;1;64;;M;4941758;300893;600
201500017179;15;12;21;1000;1;2;1;1;6;537;zac de la grerie;M;4951726;292422;600
201500017180;15;2;4;1815;5;2;1;1;6;625;155 rue de noyon;M;4957948;294946;600
201500017181;15;3;1;2100;3;2;1;1;6;471;D932;M;4958692;300168;600
201500017182;15;3;11;1300;1;1;1;1;3;471;;M;4958692;300168;600
201500017183;15;3;28;1815;1;2;1;1;1;348;Face40 rue de Montdidier;M;4957341;296420;600
201500017184;15;3;31;2245;4;2;1;1;6;471;35 Rue Saint Eloi;M;4957993;300343;600
201500017185;15;4;14;1315;1;2;1;1;3;471;BOULEVARD ERNEST NOEL;M;4957970;300807;600
201500017186;15;4;21;915;1;2;1;1;6;471;Boulevard Carnot;M;4957790;300006;600
201500017187;15;5;30;2045;1;1;1;1;5;632;;M;4955583;287889;600
201500017188;15;6;4;730;2;1;1;1;5;350;;M;4959045;286826;600
201500017189;15;6;11;1830;1;2;1;1;1;603;rue de la table;M;4958720;304940;600
201500017190;15;6;12;1130;1;2;1;1;2;471;BOULEVARD CHARMOLUE;M;4958103;299543;600
201500017191;15;6;19;730;1;1;1;1;3;291;;M;4964728;304574;600
201500017192;15;7;21;1945;1;2;6;1;3;471;Rond Point d'Hexam;M;4957454;298972;600
201500017193;15;8;7;915;1;2;1;1;7;124;CHEMIN DU VILLERS;M;4962759;289613;600
201500017194;15;9;4;630;2;2;1;1;6;603;rue saint medard;M;4958627;305143;600
201500017195;15;9;6;1115;1;1;1;1;7;263;;M;4966007;296665;600
201500017196;15;10;28;1845;5;2;1;1;5;610;;M;4955771;299766;600
201500017197;15;11;6;1715;5;2;1;1;6;471;Boulevard Carnot;M;4957790;300006;600
201500017198;15;11;20;1200;1;2;6;2;6;471;rue Antoine St Exupйry;M;4958048;299055;600
201500017199;15;12;28;1230;1;1;1;1;6;558;;M;4959304;278836;600
201500017200;15;1;17;830;1;1;1;1;7;160;;M;4961869;272452;600
201500017201;15;1;30;1815;5;2;1;1;6;533;place Andrй Leger;M;4954066;274525;600
201500017202;15;4;22;2030;2;1;1;1;1;191;;M;4955428;269491;600
201500017203;15;5;10;1915;1;1;1;1;3;337;;M;4941424;274987;600
201500017204;15;5;13;1730;1;1;6;1;3;284;;M;4938616;265648;600
201500017205;15;5;18;1415;1;1;1;1;7;533;;M;4954060;273124;600
201500017206;15;9;2;2100;3;1;4;1;1;308;;M;4948208;266896;600
201500017207;15;9;12;1300;1;1;1;2;7;125;;M;4939242;270801;600
201500017208;15;10;5;530;3;1;1;1;2;254;;M;4945384;265321;600
201500017209;15;11;9;1630;1;1;1;1;5;160;;M;4959969;271999;600
201500017210;15;11;14;1000;1;1;9;1;6;93;;M;4960494;269265;600
201500017211;15;3;20;1145;1;1;1;1;7;508;;M;4930604;266869;600
201500017212;15;7;5;530;2;2;1;1;1;680;rue des flandres;M;4927284;268628;600
201500017213;15;8;14;1530;1;2;1;1;1;68;Avenue de la gare;M;4929660;279915;600
201500017214;15;10;5;1315;1;2;1;2;7;238;Rue du Gйnйral de Gaulle;M;4926413;258408;600
201500017215;15;10;8;1630;1;2;1;1;6;508;687 Rue Saint Pierre;M;4930057;265343;600
201500017216;15;10;19;2330;5;2;1;1;6;670;RUE PROFESSEUR CALMETTE;M;4928068;252478;600
201500017217;15;10;29;1800;5;2;1;1;1;509;RUE ARISTIDE BRIAND;M;4930965;260417;600
201500017218;15;9;28;1615;1;1;1;1;6;159;;M;4276853;173996;90
201500017219;15;12;5;1115;1;1;1;1;3;228;;M;4273945;178870;90
201500017220;15;1;10;1800;5;2;1;1;1;12;Rte de Marseille - RD560;M;0;0;830
201500017221;15;1;29;1845;3;1;1;2;3;95;;M;0;0;830
201500017222;15;4;15;745;1;2;1;1;3;135;Route de BARJOLS;M;0;0;830
201500017223;15;5;1;1515;1;1;1;1;7;12;;M;0;0;830
201500017224;15;5;14;1515;1;1;1;1;7;46;;M;0;0;830
201500017225;15;5;28;1300;1;2;1;1;3;12;D560;M;4355587;600503;830
201500017226;15;5;28;1300;1;2;1;1;3;32;D560;M;4355588;600504;830
201500017227;15;6;3;1200;1;1;1;1;1;2;;M;0;0;830
201500017228;15;10;18;730;2;1;1;1;6;149;;M;0;0;830
201500017229;15;5;29;1745;1;1;1;1;1;82;;M;0;0;830
201500017230;15;6;24;1945;1;1;6;1;7;12;;M;4764473;692286;900
201500017231;15;8;22;1630;1;1;1;1;7;93;;M;0;0;900
201500017232;15;10;1;1545;1;1;1;1;1;15;;M;0;0;900
201500017233;15;12;16;330;3;1;1;3;1;94;;M;0;0;900
201500017234;15;8;9;130;3;1;1;1;6;46;;M;0;0;900
201500017235;15;4;8;1000;1;1;1;1;6;139;LE VAL;M;4907300;-102481;500
201500017236;15;6;1;1915;1;1;2;1;5;444;LES CHAMPS;M;4904680;-96303;500
201500017237;15;6;7;2100;1;1;1;1;1;139;LA FERME DE PONT;M;4904670;-103604;500
201500017238;15;8;7;815;1;1;1;1;6;32;LA PERCHERIE;M;4910720;-101451;500
201500017239;15;8;12;1815;1;2;2;1;6;601;CARREFOUR RUES HUGO/RЙP;M;4903500;-97895;500
201500017240;15;12;13;1715;2;1;1;1;1;444;LES BRANCHES;M;4905720;-91264;500
201500017241;15;4;25;1145;1;1;1;1;7;6;LA MONTANGUERIE;M;4914250;-118806;500
201500017242;15;10;19;1430;1;1;1;2;2;239;LE BOUILLON;M;4910270;-115963;500
201500017243;15;4;15;1415;1;1;3;1;1;185;LA PETITE HAGUE;M;4882780;-123917;500
201500017244;15;5;1;1215;1;1;3;2;3;124;LE FRECHOT;M;4867160;-116709;500
201500017245;15;6;7;1845;1;1;1;1;1;456;BREFFELAND;M;4866000;-91337;500
201500017246;15;10;23;1915;3;1;1;1;7;428;LA BLANCHARDIERE;M;4867660;-114543;500
201500017247;15;7;18;1130;1;1;1;1;6;448;LA RENCONTRE;M;4854040;-126207;500
201500017248;15;8;15;2345;5;2;1;1;6;154;LE BOURG;M;4854610;-138352;500
201500017249;15;8;28;2000;2;1;1;1;1;487;L'ECHAT;M;4853220;-131043;500
201500017250;15;9;21;930;1;2;1;1;6;168;LE BOURG;M;4862370;-129401;500
201500017251;15;10;9;900;1;2;1;7;6;146;RTE DU MONT SAINT MICHEL;M;4862820;-140983;500
201500017252;15;10;20;530;3;1;1;1;7;168;LE HAUT CERISEL;M;4861660;-126424;500
201500017253;15;10;21;2030;3;1;2;2;3;413;;M;4860580;-138591;500
201500017254;15;11;14;1130;1;1;2;1;3;347;;M;4852770;-129010;500
201500017255;15;1;4;1345;1;1;1;9;1;515;LA ROUSSELIERE;M;4857270;-117946;500
201500017256;15;1;4;1815;1;1;1;8;3;452;LE VAUX ROUX;M;4855740;-110947;500
201500017257;15;2;24;1700;1;1;1;1;6;256;LA COUR DU BOIS;M;4858310;-123085;500
201500017258;15;6;29;815;1;1;1;1;1;515;LA VALLEE;M;4855590;-115178;500
201500017259;15;7;9;800;1;2;1;1;3;256;RUE SAINT MARTIN;M;4861240;-116623;500
201500017260;15;8;30;1800;1;2;3;1;3;515;ROUTE DE ST JAMES;M;4854540;-118192;500
201500017261;15;10;18;630;3;1;1;1;6;591;GRANGERAY;M;4853910;-83424;500
201500017262;15;3;18;1900;1;1;3;1;7;178;LES AUBIERS;M;4968140;-145602;500
201500017263;15;3;28;1100;1;1;1;1;2;417;;M;4959510;-130293;500
201500017264;15;6;30;1545;1;1;1;1;2;615;BELLEVUE;M;4951940;-149644;500
201500017265;15;8;13;1500;1;2;2;1;3;615;BD VERDUN/ST MALO;M;4950800;-146659;500
201500017266;15;10;27;1030;1;2;1;2;6;615;AVENUE DU 8 MAI 1945;M;4950170;-146722;500
201500017267;15;3;31;1100;1;1;1;1;3;402;;M;4950990;-180215;500
201500017268;15;5;17;30;3;1;1;1;1;31;;M;4939020;-175988;500
201500017269;15;7;14;1615;1;1;1;1;1;45;LE DAMET;M;4954240;-177965;500
201500017270;15;11;1;1945;3;1;1;8;6;480;LE MANOIR DU BUT;M;4950180;-180033;500
201500017271;15;12;22;1730;3;2;1;2;6;418;LE BOURG;M;4948740;-166747;500
201500017272;15;2;9;1815;2;1;1;1;3;172;LE CLOS CARDERON;M;4946560;-135975;500
201500017273;15;4;13;1500;1;1;1;5;3;509;;M;4940510;-119385;500
201500017274;15;4;22;1830;1;2;1;1;3;191;LE CASTEL;M;4944040;-125713;500
201500017275;15;9;4;1445;1;1;2;1;3;507;;M;4947910;-125660;500
201500017276;15;9;25;2115;2;2;3;1;1;138;ROUTE DU FAUBOURG;M;4945870;-149142;500
201500017277;15;10;3;1515;1;1;1;1;6;390;;M;4949980;-135647;500
201500017278;15;11;30;2030;3;1;1;2;6;427;MARMION;M;4945410;-126769;500
201500017279;15;1;28;1330;1;1;1;2;3;350;LA CROIX PERRIER;M;4905600;-132940;500
201500017280;15;3;24;900;1;1;3;1;3;147;LA BADINIERE;M;4905490;-147216;500
201500017281;15;6;15;1730;1;1;1;1;7;464;LE MESNIL;M;4900270;-135397;500
201500017282;15;7;26;2300;3;1;2;3;3;569;LA CROIX PERIER;M;4905930;-133222;500
201500017283;15;8;11;1630;2;2;1;3;6;603;RUE DE L'AMIRAL;M;4904570;-154435;500
201500017284;15;8;15;1545;1;1;2;1;3;389;;M;4901270;-136168;500
201500017285;15;9;5;900;1;1;2;1;3;513;LA VALTOLAINE;M;4896870;-129625;500
201500017286;15;9;12;2200;2;1;1;1;6;58;LA LOUVERIE;M;4906990;-156927;500
201500017287;15;9;20;1230;1;1;2;1;3;603;;M;4904210;-154831;500
201500017288;15;10;3;1830;1;1;2;1;1;145;;M;4904430;-139273;500
201500017289;15;11;14;15;3;1;1;1;6;215;ROUTE DE MONTSURVENT;M;4910610;-155845;500
201500017290;15;12;30;1515;1;1;1;1;6;58;LA MARTINIERE;M;4907770;-153637;500
201500017291;15;8;6;2015;1;1;2;1;3;63;ROUTE DE MERMONT;M;4930630;-158837;500
201500017292;15;7;31;1130;1;1;3;1;3;168;5130;M;4448531;594991;50
201500017293;15;9;24;1645;1;1;1;1;3;71;;M;4442164;598807;50
201500017294;15;2;19;800;1;1;1;1;1;165;;M;4442735;579504;50
201500017295;15;5;14;1530;1;1;1;1;6;91;;M;4440501;552283;50
201500017296;15;6;20;1015;1;1;1;1;2;166;;M;4441596;572234;50
201500017297;15;7;9;2345;3;1;1;1;6;16;;M;4446051;574175;50
201500017298;15;8;10;1500;1;2;1;1;3;166;Route de marseille;M;4443169;571314;50
201500017299;15;9;7;2345;3;1;1;1;6;48;;M;4441739;562465;50
201500017300;15;9;13;1830;1;1;1;1;1;129;;M;4437092;553060;50
201500017301;15;8;19;1615;1;1;9;1;6;72;;M;4464792;608638;50
201500017302;15;1;6;645;3;1;1;2;7;123;5400;M;4454862;598096;50
201500017303;15;3;5;1530;1;1;1;1;7;99;5400;M;4450535;581583;50
201500017304;15;2;14;1545;1;1;1;4;7;124;;M;4458659;616074;50
201500017305;15;6;2;1615;1;1;1;1;6;84;;M;4455506;624061;50
201500017306;15;6;3;1700;3;1;3;1;3;124;;M;4457749;614234;50
201500017307;15;6;30;1345;1;1;1;1;2;106;;M;4452800;635881;50
201500017308;15;12;26;1830;3;1;1;1;4;40;;M;4453285;630747;50
201500017309;15;4;2;1745;3;1;1;1;6;45;;M;4453093;643090;50
201500017310;15;5;12;2130;3;1;1;1;7;164;5160;M;4456210;637683;50
201500017311;15;5;17;1420;1;1;1;1;7;36;5380;M;4462124;653506;50
201500017312;15;1;12;2020;1;1;6;1;7;254;;M;4914030;-42093;140
201500017313;15;2;15;2325;3;2;1;1;6;288;;M;4924950;-48486;140
201500017314;15;5;8;525;3;1;1;1;6;311;;M;4914530;-53054;140
201500017315;15;12;5;730;5;1;1;1;6;454;;M;4915220;-47589;140
201500017316;15;1;26;2315;3;1;1;1;6;668;;M;4926610;-89415;140
201500017317;15;5;26;1845;1;1;1;1;3;506;;;;;140
201500017318;15;6;28;2100;2;1;1;1;3;50;;M;4914820;-89779;140
201500017319;15;7;9;945;1;2;1;1;6;370;RUE DE BAYEUX;M;4924290;-87177;140
201500017320;15;8;3;1800;1;2;1;1;6;256;;M;4932210;-78648;140
201500017321;15;8;24;1530;1;1;2;1;3;138;;M;4923100;-100196;140
201500017322;15;9;30;2015;5;2;1;1;7;103;;M;4924680;-85768;140
201500017323;15;11;6;745;2;1;1;1;6;298;;;;;140
201500017324;15;12;17;1115;1;2;3;1;2;342;CENTRE VILLE;M;4931700;-110265;140
201500017325;15;1;10;1300;1;2;1;8;3;515;AV DU G?N?RAL DE GAULLE;M;4934500;-75294;140
201500017326;15;2;4;2200;3;1;6;1;6;191;;M;4930340;-43707;140
201500017327;15;8;13;1145;1;1;1;8;6;400;;M;4928700;-60223;140
201500017328;15;9;10;1900;1;2;2;7;5;22;;M;4933960;-58647;140
201500017329;15;9;14;415;3;1;1;2;6;391;;M;4931060;-74028;140
201500017330;15;10;3;1702;1;1;3;1;2;391;;M;4931360;-74129;140
201500017331;15;10;17;450;4;2;1;1;7;191;;M;4933580;-46530;140
201500017332;15;11;24;1045;1;1;1;2;7;535;;M;4930000;-47950;140
201500017333;15;2;4;815;1;1;1;4;1;760;;M;4910830;-63314;140
201500017334;15;7;1;1815;1;2;1;1;6;143;13 RUE THIERS;M;4909150;-80569;140
201500017335;15;10;31;1900;2;1;1;1;1;278;DЙPARTEMENTALE 13;M;4917580;-60024;140
201500017336;15;12;14;2015;3;1;3;2;3;752;;;;;140
201500017337;15;1;21;2000;3;1;4;1;6;578;;M;4936940;20454;140
201500017338;15;3;24;1630;1;1;1;8;5;131;;M;4931830;14577;140
201500017339;15;8;18;1420;1;2;3;1;1;102;D579A;M;4923070;22517;140
201500017340;15;9;13;1825;1;1;1;1;3;299;;M;4935500;27000;140
201500017341;15;1;25;400;3;1;1;1;6;398;;M;4916710;9457;140
201500017342;15;2;17;2050;3;1;1;1;6;126;;M;4916870;4039;140
201500017343;15;12;2;1730;5;2;1;1;6;229;GRANDE RUE;M;4923220;-4103;140
201500017344;15;2;25;1610;1;1;3;8;3;456;;M;4911990;-18542;140
201500017345;15;3;27;1545;1;2;1;1;6;623;PARKING DU COLL?GE;M;4910860;-37346;140
201500017346;15;5;6;2145;3;1;1;1;6;408;;M;4909510;-37495;140
201500017347;15;5;22;1830;1;1;3;1;3;145;;M;4904090;-28013;140
201500017348;15;6;25;1330;1;2;1;1;3;57;;M;4912790;-21411;140
201500017349;15;9;8;1745;1;2;2;1;3;20;;M;4912370;-17143;140
201500017350;15;11;29;1820;5;2;1;1;3;761;;M;4912200;-19747;140
201500017351;15;4;24;615;3;1;1;1;7;628;;M;4897030;-52676;140
201500017352;15;5;17;1530;1;1;1;1;7;602;;M;4892710;-55935;140
201500017353;15;10;26;1745;2;1;1;8;6;251;;;;;140
201500017354;15;10;28;920;1;2;1;1;3;307;;M;4902180;-47981;140
201500017355;15;12;3;1800;5;2;3;1;3;689;D6;M;4899150;-48478;140
201500017356;15;1;9;2030;3;1;1;1;1;582;;M;4909780;20609;140
201500017357;15;1;21;1930;2;1;1;1;4;326;;M;4917790;29736;140
201500017358;15;2;18;1215;1;1;3;1;3;148;;M;4899790;34822;140
201500017359;15;7;4;2345;3;1;1;1;6;740;;M;4901890;43054;140
201500017360;15;8;13;100;3;1;1;2;1;371;;M;4898170;15274;140
201500017361;15;9;23;1345;1;1;3;1;3;571;ROUTE D'ORBEC;M;4909430;30448;140
201500017362;15;11;5;1800;1;1;1;1;2;270;;M;4914420;31828;140
201500017363;15;12;23;1430;1;1;1;1;6;484;;;;;140
201500017364;15;1;26;700;3;1;2;2;1;749;;M;4906860;-13044;140
201500017365;15;6;15;1115;1;2;1;1;6;654;ROUTE DE CAEN;M;4902400;-3984;140
201500017366;15;6;18;1110;1;2;3;2;3;431;;M;4907640;-6464;140
201500017367;15;7;7;2145;3;1;1;1;6;648;;M;4912680;14336;140
201500017368;15;9;20;1145;1;1;1;1;7;345;;M;4898840;-6410;140
201500017369;15;11;2;645;4;1;3;5;3;201;;M;4911740;2218;140
201500017370;15;7;10;830;1;1;1;1;6;658;;M;4883590;-106123;140
201500017371;15;8;9;900;1;1;1;1;6;545;;M;4883240;-86556;140
201500017372;15;8;17;845;1;1;1;1;6;388;;M;4881100;-87189;140
201500017373;15;10;26;1115;1;1;1;1;6;584;;M;4881970;-90789;140
201500017374;15;12;6;1635;1;1;1;1;6;174;;M;4886040;-53307;140
201500017375;15;7;16;730;1;2;1;1;6;10;d 2210;M;0;0;60
201500017376;15;7;19;630;1;1;1;1;7;38;;M;0;0;60
201500017377;15;9;26;1445;1;1;1;1;6;148;;M;0;0;60
201500017378;15;10;11;1600;1;1;9;1;2;112;;M;0;0;60
201500017379;15;5;1;1200;1;1;1;1;6;136;;M;0;0;60
201500017380;15;11;5;830;2;1;1;1;1;136;;M;0;0;60
201500017381;15;11;10;1000;1;2;1;1;7;136;Route de Beroulf;M;0;0;60
201500017382;15;2;3;1545;1;1;1;8;1;59;;M;4373057;737710;60
201500017383;15;1;31;1800;5;2;1;1;6;32;91 Avenue du 3 septembre;M;4372289;739510;60
201500017384;15;2;23;1915;5;1;1;1;2;59;;M;4372058;737264;60
201500017385;15;2;25;1515;1;2;1;1;3;150;Route du Mont-Agel;M;0;0;60
201500017386;15;4;8;1130;1;2;1;1;3;32;avenue Gйnйral de Gaulle;M;0;0;60
201500017387;15;5;25;1445;1;1;1;1;3;59;;M;0;0;60
201500017388;15;6;23;845;1;1;1;1;1;59;;M;0;0;60
201500017389;15;9;4;1600;1;2;1;1;6;150;50 route de beausoleil;M;0;0;60
201500017390;15;9;10;1045;1;2;1;1;1;32;126 av du 3 septembre;M;0;0;60
201500017391;15;10;23;1830;1;1;1;1;6;59;;M;0;0;60
201500017392;15;12;12;400;5;2;9;1;3;59;avenue de verdun;M;0;0;60
201500017393;15;6;24;1300;1;1;1;1;1;143;;M;0;0;60
201500017394;15;5;31;1645;1;1;2;1;3;56;;M;0;0;60
201500017395;15;6;25;1245;1;1;1;1;7;125;;M;0;0;60
201500017396;15;8;29;1845;2;1;1;1;7;94;;M;0;0;60
201500017397;15;6;27;1730;1;1;1;1;6;153;;M;0;0;60
201500017398;15;7;2;1815;1;1;1;1;6;144;;M;0;0;60
201500017399;15;7;5;845;1;1;1;1;7;72;;M;0;0;60
201500017400;15;6;28;1915;1;1;1;1;1;103;;M;0;0;60
201500017401;15;8;1;930;1;1;1;1;7;32;;M;4802100;75500;720
201500017402;15;12;11;2245;3;1;1;2;3;224;;M;4803500;48300;720
201500017403;15;5;17;1445;1;2;1;1;6;173;zone du puit;M;0;0;720
201500017404;15;6;11;730;1;1;1;1;3;325;;M;4779500;45900;720
201500017405;15;7;17;1230;1;2;1;1;1;68;64 avenue des dйportйs;M;0;0;720
201500017406;15;8;31;1900;1;1;1;1;3;221;;M;4767300;39300;720
201500017407;15;9;28;2000;1;2;1;1;1;52;27 rue saint blaise;M;0;0;720
201500017408;15;10;16;1915;1;1;1;1;1;384;;M;4769300;45500;720
201500017409;15;10;25;1200;1;1;1;1;1;143;;M;4786900;47300;720
201500017410;15;12;27;900;1;2;1;1;6;71;5 rue des platanes;M;4769600;41400;720
201500017411;15;12;28;1130;1;2;1;1;6;71;80 rue jean jaures;M;0;0;720
201500017412;15;12;29;815;2;1;1;1;6;153;;M;4780400;40500;720
201500017413;15;1;11;1600;1;1;1;1;7;189;;M;0;0;720
201500017414;15;3;17;1300;1;1;3;1;3;39;;M;0;0;720
201500017415;15;4;17;315;3;1;1;1;6;39;;M;0;0;720
201500017416;15;5;23;1115;1;2;1;1;2;39;place Saint Etienne;M;0;0;720
201500017417;15;6;27;2015;1;1;1;1;1;86;LA PLANCHE;M;0;0;720
201500017418;15;9;27;2045;3;1;2;1;1;112;;M;0;0;720
201500017419;15;10;31;1230;1;1;1;1;3;180;;M;4835300;32000;720
201500017420;15;1;1;400;3;1;1;5;6;57;;M;0;0;720
201500017421;15;1;16;1515;1;1;1;2;7;296;;M;0;0;720
201500017422;15;4;30;1700;1;1;1;3;6;363;lieu dit trйpignй;M;0;0;720
201500017423;15;9;4;1900;1;1;1;1;7;93;;M;0;0;720
201500017424;15;7;10;1445;1;2;1;1;3;212;lieu dit la brousse;M;0;0;720
201500017425;15;3;20;2045;3;1;1;1;1;29;;M;4935900;590400;540
201500017426;15;6;13;1200;1;1;1;1;6;334;;M;4929800;585500;540
201500017427;15;11;21;1730;3;2;1;3;6;425;46 rue de Verdun;M;4931080;577420;540
201500017428;15;2;22;1900;2;1;1;1;3;455;;M;4849000;649500;540
201500017429;15;5;10;530;2;2;1;1;6;238;15 route de Nancy RN 57;M;4840743;625523;540
201500017430;15;5;13;1600;1;1;1;1;7;222;;M;4848928;652355;540
201500017431;15;1;16;1415;1;2;1;2;3;129;42 rue poincare;M;4858313;694408;540
201500017432;15;5;24;1015;1;2;1;1;6;40;4 rue de la Chapelotte;M;4850091;691174;540
201500017433;15;6;10;815;1;2;1;7;2;35;33 rue Carnot;M;4864466;680012;540
201500017434;15;2;28;1700;1;1;2;7;3;343;;M;4884989;580420;540
201500017435;15;3;22;1530;1;1;1;1;5;208;;M;4874400;594600;540
201500017436;15;10;17;30;3;1;1;3;7;275;;M;4895700;590200;540
201500017437;15;5;24;1245;1;2;1;1;6;150;RD115 - Foiral du Haut;M;4240392;248044;660
201500017438;15;5;28;1945;2;2;1;1;1;3;;M;0;0;660
201500017439;15;12;20;1750;5;2;1;1;6;220;144, REPUBLIQUE (AVENUE;;;;140
201500017440;15;12;30;1635;1;2;1;1;7;715;ARISTIDE BRIAND (BOULEVA;;;;140
201500017441;15;2;21;1710;1;2;2;1;6;220;CORNUCHE (BOULEVARD);M;4935930;6870;140
201500017442;15;2;26;1635;1;2;2;2;6;220;190, REPUBLIQUE (AVENUE;M;4935580;6983;140
201500017443;15;3;6;1700;1;2;1;1;6;715;06, ENSEIGNE MILLOT (RUE;M;4935710;9163;140
201500017444;15;2;6;2005;5;2;1;1;6;557;OX AND BUCKS (AVENUE);M;4933770;9305;140
201500017445;15;3;4;1310;1;2;1;1;6;699;24, ARISTIDE BRIAND (AVE;M;4934680;10017;140
201500017446;15;3;15;605;3;1;1;1;6;557;C.D. 27;M;4932730;9087;140
201500017447;15;3;26;210;5;1;1;1;6;715;AGUESSEAU (ROUTE D');M;4937140;11978;140
201500017448;15;5;27;20;3;1;1;1;6;699;HONFLEUR (ROUTE D'HONFLE;M;4935490;11983;140
201500017449;15;4;18;1850;1;1;1;1;2;715;59, HONFLEUR (ROUTE D');M;4938290;10172;140
201500017450;15;4;21;1845;1;2;1;1;2;79;108, MICHEL D'ORNANO (AV;M;4933550;2103;140
201500017451;15;4;30;1330;1;2;1;2;6;220;ALBERT 1ER(QUAI);M;4936530;7736;140
201500017452;15;1;3;530;3;1;1;2;3;699;CHEMIN DE BRIQUETTERIE;M;4934330;9498;140
201500017453;15;5;1;1035;1;2;1;1;6;220;APPONTEMENT FERNAND MOUR;M;4936470;8147;140
201500017454;15;5;8;730;1;1;1;1;6;701;CD 278;M;4931360;7798;140
201500017455;15;5;10;1645;1;2;1;1;2;699;COQUETIERE (CHEMIN DE LA;M;4934600;11466;140
201500017456;15;5;10;1410;1;2;3;1;3;715;AGUESSEAU (RUE D');M;4936240;9371;140
201500017457;15;5;17;1210;1;1;1;1;3;715;AGUESSEAU (RUE D');M;4936640;10713;140
201500017458;15;5;18;610;2;2;1;1;7;715;136, HAUTPOUL (BOULEVARD;M;4936460;8388;140
201500017459;15;5;30;1420;1;1;2;1;2;79;C D 27;M;4930710;4083;140
201500017460;15;6;6;1300;1;2;1;1;5;220;FERNAND MOUREAUX (BOULEV;M;4936470;8224;140
201500017461;15;6;14;1;5;2;2;1;3;220;OLLIFFE (RUE);M;4935880;7806;140
201500017462;15;6;25;1400;1;2;1;1;6;699;53, ARISTIDE BRIAND (AVE;M;4934860;9861;140
201500017463;15;7;13;2320;5;2;6;1;3;220;REPUBLIQUE (AVENUE DE LA;M;4935980;8093;140
201500017464;15;7;7;800;1;2;1;1;1;699;7, CLOS BATTEUX (RUE DU);M;4935000;10003;140
201500017465;15;8;3;2055;1;2;1;1;6;715;20, BAINS (RUE DES);M;4936570;8195;140
201500017466;15;7;4;1405;1;1;1;1;1;79;C D 27;;;;140
201500017467;15;7;15;1420;1;2;1;1;3;699;DOCTEUR LAINE (RUE DU);;;;140
201500017468;15;7;25;1910;1;1;2;1;3;79;C D 27;;;;140
201500017469;15;7;26;1455;1;2;1;2;7;715;82, FERNAND MOUREAUX (BO;;;;140
201500017470;15;8;3;1715;1;2;1;1;7;557;AVENUE MICHEL D'ORNANO;;;;140
201500017471;15;8;4;1815;1;2;6;1;3;220;AGUSTE-DECAENS (RUE);;;;140