num_acc;an;mois;jour;hrmn;lum;agg;int;atm;col;com;adr;gps;lat;long;dep
201500017472;15;8;12;1600;1;2;1;1;7;220;3, GENERAL DE GAULLE (AV;;;;140
201500017473;15;8;14;1530;1;2;1;1;7;220;MARECHAUX (RUE DES);;;;140
201500017474;15;8;21;1950;1;1;1;1;3;79;BRIGADE PIRON (AVENUE DE;;;;140
201500017475;15;8;22;1830;1;1;2;1;3;79;BRIGADE PIRON (AVENUE DE;M;4932400;3632;140
201500017476;15;8;30;1520;1;2;3;1;3;59;LITTORAL (AVENUE DU);;;;140
201500017477;15;8;31;630;2;2;1;1;7;220;DESIRE LE HOC (RUE);;;;140
201500017478;15;9;19;1315;1;1;1;1;1;79;VILLERS (ROUTE DE);M;4930930;3374;140
201500017479;15;9;7;2200;5;2;1;1;6;220;LUCIEN-BARRIERE (AVENUE);;;;140
201500017480;15;9;12;1440;1;2;1;1;7;699;CD 677;;;;140
201500017481;15;9;18;830;1;2;1;1;6;715;COMMANDANT CHARCOT (RUE;;;;140
201500017482;15;9;24;1825;1;1;1;1;1;715;33, FONTAINE DE CALLENVI;;;;140
201500017483;15;9;27;1740;1;1;2;1;3;701;CD 275;;;;140
201500017484;15;9;27;1300;1;1;2;1;3;79;VILLERS (ROUTE DE);;;;140
201500017485;15;10;10;2025;5;2;1;1;6;220;MARINE (QUAI DE LA );M;4936080;8021;140
201500017486;15;10;2;1710;1;2;3;1;3;715;HAUTPOUL (BOULEVARD);;;;140
201500017487;15;1;9;2330;3;2;1;1;7;196;RUE DE LA GABARRE;M;4253417;295099;660
201500017488;15;10;4;1355;1;2;1;1;6;715;ALBERT 1ER(QUAI);;;;140
201500017489;15;10;6;1140;1;2;1;2;6;220;45, REPUBLIQUE (AVENUE D;;;;140
201500017490;15;10;25;2155;3;1;1;1;7;715;AGUESSEAU (ROUTE D');;;;140
201500017491;15;10;28;1125;1;2;1;1;2;220;REPUBLIQUE (AVENUE DE LA;;;;140
201500017492;15;11;3;1030;1;2;3;1;6;220;TOUQUES (QUAI DE LA);;;;140
201500017493;15;11;17;1645;1;2;1;2;7;220;4, VERDUN (RUE DE);;;;140
201500017494;15;12;4;750;5;2;1;1;7;715;HAUTPOUL (BOULEVARD);;;;140
201500017495;15;12;6;1150;1;2;2;1;3;220;REPUBLIQUE (AVENUE DE LA;;;;140
201500017496;15;12;8;1205;1;2;3;2;3;220;CORNUCHE (BOULEVARD);;;;140
201500017497;15;1;11;1440;1;2;1;1;6;220;QUAI DES YACHTS;M;4936310;7891;140
201500017498;15;1;4;2005;5;2;6;1;3;220;LOUIS-ARMAND (PLACE);M;4936030;8235;140
201500017499;15;1;5;1610;1;2;6;1;6;220;MAUGER (BOULEVARD);M;4935980;8093;140
201500017500;15;1;20;920;1;2;1;1;6;220;BRIQUETTERIE (CHEMIN DE;M;4935990;8272;140
201500017501;15;7;13;115;5;2;1;1;7;24;CD900 - avenue d'Espagne;M;4252440;283153;660
201500017502;15;9;7;1915;1;2;1;1;6;106;7 AVENUE MARECHAL JOFFRE;M;0;0;660
201500017503;15;5;7;2130;3;1;1;1;7;57;;M;0;0;660
201500017504;15;8;4;1430;1;1;1;1;1;74;;M;0;0;660
201500017505;15;10;5;1630;1;1;1;1;6;161;;M;4260538;239836;660
201500017506;15;2;27;510;3;2;1;4;6;4;rue du tennis;;;;660
201500017507;15;7;19;1230;1;1;1;7;7;20;;M;0;0;660
201500017508;15;8;13;130;3;1;1;8;6;80;;M;0;0;660
201500017509;15;8;5;1515;1;1;1;1;5;96;;M;0;0;660
201500017510;15;8;30;1630;1;1;1;1;6;187;;M;0;0;660
201500017511;15;9;15;1530;1;1;1;1;6;187;;M;0;0;660
201500017512;15;7;16;1545;1;1;1;1;1;112;;M;0;0;580
201500017513;15;9;7;1245;1;2;9;1;3;238;RD 978;M;4698300;320400;580
201500017514;15;12;18;1745;3;1;1;1;1;278;;M;0;0;580
201500017515;15;2;24;1400;1;1;1;1;1;177;;M;0;0;580
201500017516;15;5;2;1100;1;2;7;2;1;62;place gudin;M;0;0;580
201500017517;15;4;2;1130;1;1;1;2;7;120;;M;0;0;580
201500017518;15;7;24;1430;1;1;1;1;1;210;;M;0;0;580
201500017519;15;2;10;1030;1;1;1;1;7;17;;M;0;0;580
201500017520;15;4;20;1545;1;2;1;1;7;24;lieu dit champ tournet;M;0;0;580
201500017521;15;7;3;1900;1;2;1;1;5;65;;M;0;0;580
201500017522;15;8;15;2145;3;1;1;1;6;233;;M;0;0;580
201500017523;15;11;9;2300;3;1;1;1;6;4;;M;0;0;580
201500017524;15;11;2;1700;2;1;1;1;6;218;;M;0;0;580
201500017525;15;11;13;1700;2;1;3;8;5;302;;M;0;0;580
201500017526;15;11;20;2215;4;2;1;2;6;298;LES BARBELOUPS;M;0;0;580
201500017527;15;1;8;945;1;1;1;1;7;217;;M;0;0;580
201500017528;15;5;11;530;2;2;1;1;6;154;D42;M;0;0;580
201500017529;15;2;10;945;1;1;1;1;7;60;LE MOURRET;M;0;0;260
201500017530;15;6;20;2130;2;2;1;1;1;108;QUAI MAURICE FAURE;M;0;0;260
201500017531;15;8;7;1345;1;1;1;1;3;195;RD 70;M;0;0;260
201500017532;15;8;8;930;1;1;1;1;3;365;LES MASSONNES;M;0;0;260
201500017533;15;8;24;1030;1;2;1;3;6;11;INTERMARCHE;M;4472240;503580;260
201500017534;15;10;14;1415;1;2;3;8;1;108;RUE MAURICE LONG;M;0;0;260
201500017535;15;12;24;1400;1;1;1;1;3;108;lLES BLACHES;M;0;0;260
201500017536;15;8;3;1215;1;1;1;1;4;318;RD 94;M;0;0;260
201500017537;15;7;3;1745;1;2;1;1;6;63;2 RUE NOTRE DAME LA BRUN;M;4427520;527410;260
201500017538;15;8;16;1715;1;2;1;1;6;63;BOULEVARD CLEMENCEAU;M;0;0;260
201500017539;15;1;9;1600;1;1;1;1;7;330;LES BLACHES;M;0;0;260
201500017540;15;4;17;1700;1;1;1;1;3;83;LES RIVIERS;M;4525330;496040;260
201500017541;15;5;6;630;1;1;1;1;7;363;;M;4764800;608600;700
201500017542;15;2;14;1400;1;1;2;1;3;476;;M;0;0;700
201500017543;15;3;2;1545;1;1;1;1;1;542;;M;0;0;700
201500017544;15;6;5;1415;1;1;1;1;1;509;;M;4732400;573500;700
201500017545;15;8;8;1215;1;1;1;3;6;60;;M;0;0;700
201500017546;15;8;20;1845;1;2;1;1;1;533;rue du lavoir;M;0;0;700
201500017547;15;9;1;1730;1;1;1;8;3;356;;M;4737993;593345;700
201500017548;15;10;22;2130;3;1;1;2;1;494;;M;4727690;570158;700
201500017549;15;3;16;1500;1;1;1;1;7;453;;M;0;0;700
201500017550;15;8;2;1645;1;2;1;1;3;16;D6;M;0;0;700
201500017551;15;12;10;2145;3;1;1;5;1;473;;M;4779539;640211;700
201500017552;15;6;4;1300;1;1;1;7;1;156;;M;4316037;-47482;640
201500017553;15;3;28;730;2;1;1;2;3;153;;M;4675201;-109559;850
201500017554;15;4;29;1745;1;1;1;1;6;84;;M;4680545;-120576;850
201500017555;15;5;17;1745;1;1;1;1;7;142;;M;4673781;-127015;850
201500017556;15;5;19;1630;1;1;1;2;7;65;;M;4685980;-128203;850
201500017557;15;8;10;615;2;1;1;1;4;17;;M;4691100;-111700;850
201500017558;15;12;6;130;3;1;1;1;6;17;;M;4688859;-109952;850
201500017559;15;3;26;1430;1;2;1;1;6;350;371b rue centrale;M;0;0;10
201500017560;15;6;12;15;5;2;1;1;6;254;Chemin du gourd;M;4617224;528026;10
201500017561;15;6;27;200;3;1;1;1;6;350;;M;0;0;10
201500017562;15;8;26;1015;1;1;6;1;3;350;;M;0;0;10
201500017563;15;9;8;1830;2;2;3;7;6;72;avenue alexandre dumas;M;4617771;531955;10
201500017564;15;1;1;1915;3;1;1;1;6;383;;M;4609869;515033;10
201500017565;15;1;19;1245;1;1;1;2;6;272;;M;4616575;496959;10
201500017566;15;5;27;1845;1;1;1;1;6;74;;M;0;0;10
201500017567;15;6;4;645;1;1;2;1;1;74;;M;0;0;10
201500017568;15;6;6;300;5;2;1;1;6;92;RD904;M;0;0;10
201500017569;15;8;23;1145;1;1;2;3;3;85;;M;0;0;10
201500017570;15;9;1;500;3;1;1;8;1;235;;M;0;0;10
201500017571;15;11;28;1845;3;1;1;1;1;92;;M;0;0;10
201500017572;15;12;6;1230;1;2;3;1;3;235;496 route de saint nizie;M;0;0;10
201500017573;15;12;6;2030;3;1;1;1;6;383;;M;0;0;10
201500017574;15;3;1;2030;3;1;1;2;1;352;;M;4638261;502188;10
201500017575;15;5;25;1845;1;1;2;1;1;352;;M;0;0;10
201500017576;15;12;18;815;1;1;1;1;1;115;;M;0;0;10
201500017577;15;12;23;1600;1;2;1;1;3;24;Chemin des Channйes;M;0;0;10
201500017578;15;6;19;1915;1;1;1;1;6;25;;M;4629874;494565;10
201500017579;15;12;18;2030;3;2;1;1;1;231;grandroute;M;0;0;10
201500017580;15;12;21;30;3;1;1;1;6;365;Route du grand bagne;M;4627696;492298;10
201500017581;15;7;11;1130;1;1;1;1;3;34;;M;0;0;10
201500017582;15;2;19;1330;1;1;3;7;3;138;;M;0;0;10
201500017583;15;4;7;1700;1;1;1;1;6;36;;M;0;0;10
201500017584;15;6;14;1545;1;1;1;1;3;36;;M;0;0;10
201500017585;15;6;16;1730;1;1;1;2;1;66;;M;0;0;10
201500017586;15;7;23;645;1;1;1;1;7;133;;M;0;0;10
201500017587;15;8;4;1500;1;1;1;1;7;414;;M;0;0;10
201500017588;15;9;6;1045;1;1;1;1;5;36;;M;0;0;10
201500017589;15;9;27;1815;1;1;1;1;6;234;;M;0;0;10
201500017590;15;9;28;1745;1;1;1;1;7;372;;M;0;0;10
201500017591;15;11;30;1630;2;2;4;1;3;148;;M;0;0;10
201500017592;15;2;15;1315;1;2;1;1;2;170;Lieu dit La Croix Chalon;M;4617772;555453;10
201500017593;15;3;20;1715;1;2;2;1;3;265;Rue du Jura;M;4617297;557770;10
201500017594;15;4;25;130;5;2;1;1;5;170;RD18;M;0;0;10
201500017595;15;5;14;1715;1;1;1;1;3;192;;M;0;0;10
201500017596;15;6;16;415;2;1;1;1;1;269;;M;0;0;10
201500017597;15;7;22;1915;1;1;1;1;7;87;;M;4618598;568203;10
201500017598;15;11;6;1245;1;1;1;1;3;204;;M;0;0;10
201500017599;15;3;10;1115;1;1;1;1;5;75;;M;0;0;10
201500017600;15;5;11;900;1;1;2;1;1;362;;M;4595895;489103;10
201500017601;15;9;15;1800;1;2;1;1;6;52;le village;M;0;0;10
201500017602;15;9;18;1000;1;1;6;1;2;333;;M;0;0;10
201500017603;15;10;7;1200;1;1;2;1;3;446;;M;0;0;10
201500017604;15;12;16;1145;1;1;1;1;7;250;;M;0;0;10
201500017605;15;6;16;1730;1;1;2;1;3;28;le bois;M;0;0;10
201500017606;15;7;21;1815;1;1;2;1;3;393;;M;0;0;10
201500017607;15;8;2;2015;2;1;2;1;3;167;;M;0;0;10
201500017608;15;9;10;1045;1;1;1;1;3;348;;M;0;0;10
201500017609;15;9;18;1945;3;1;1;1;7;389;;M;0;0;10
201500017610;15;6;3;1145;1;2;1;1;6;268;AVENUE DU 15 SEPTEMBRE;M;0;0;150
201500017611;15;8;13;715;2;2;9;2;6;122;tour de ville;M;4471700;219800;150
201500017612;15;10;1;900;1;2;1;1;6;268;Avenue du 15 Septembre;M;0;0;150
201500017613;15;9;26;1745;1;2;1;1;2;154;RN122;M;0;0;150
201500017614;15;8;14;1500;1;1;1;3;6;153;;M;4512600;223800;150
201500017615;15;9;1;1615;1;1;1;1;3;261;;M;4523300;236200;150
201500017616;15;7;29;1045;1;1;1;2;6;162;;M;4531700;267100;150
201500017617;15;8;2;1745;1;1;1;1;6;40;;M;0;0;150
201500017618;15;10;23;1430;1;1;1;7;1;243;;M;4526200;254500;150
201500017619;15;12;25;1600;1;1;1;1;3;170;;M;4534800;268600;150
201500017620;15;10;23;745;2;2;1;9;1;265;rue de la mine;M;0;0;150
201500017621;15;6;29;1300;1;1;1;1;1;45;;M;4484500;301800;150
201500017622;15;7;5;2215;3;1;1;1;7;201;;M;4493500;279600;150
201500017623;15;8;15;1515;1;1;1;8;3;114;;M;0;0;30
201500017624;15;4;25;1245;1;1;1;3;1;99;;M;0;0;30
201500017625;15;5;8;1545;1;1;1;8;5;246;;M;0;0;30
201500017626;15;6;18;1100;1;1;1;1;1;195;;M;4627800;264600;30
201500017627;15;8;1;1630;1;1;1;1;3;55;;M;0;0;30
201500017628;15;3;1;1200;1;2;1;2;6;297;rue Ferdinand Delmotte;M;0;0;30
201500017629;15;3;15;700;2;1;1;1;6;153;;M;0;0;30
201500017630;15;7;15;15;3;2;1;1;1;84;26 route de MONTLUCON;M;0;0;30
201500017631;15;3;14;1730;1;1;1;1;1;258;;M;0;0;30
201500017632;15;6;17;1030;1;1;1;1;1;157;;M;0;0;30
201500017633;15;6;20;1515;1;1;1;1;1;273;;M;0;0;30
201500017634;15;7;26;1330;1;1;1;1;1;126;;M;0;0;30
201500017635;15;8;31;815;1;2;1;1;1;306;113 rue de la Jonchиre;M;0;0;30
201500017636;15;11;2;715;2;1;1;1;6;236;;M;0;0;30
201500017637;15;11;30;1845;3;1;1;1;1;258;;M;0;0;30
201500017638;15;12;12;1345;1;2;1;1;6;236;42 rue pierre semard;M;0;0;30
201500017639;15;4;12;2115;3;1;1;1;5;43;;M;0;0;30
201500017640;15;8;2;1815;1;1;1;1;1;166;;M;0;0;30
201500017641;15;10;7;930;1;2;1;1;3;118;rue des pouzards;M;0;0;30
201500017642;15;10;13;1630;1;1;1;1;6;78;;M;0;0;30
201500017643;15;3;17;2300;3;1;1;8;1;20;;M;4383011;531499;840
201500017644;15;2;22;1745;1;1;1;6;6;77;;M;4408840;512489;840
201500017645;15;4;22;700;1;1;1;1;3;41;;M;4410390;515574;840
201500017646;15;7;11;1830;1;1;1;1;6;72;;M;4402332;513388;840
201500017647;15;8;25;1545;1;1;1;1;1;17;;M;0;0;840
201500017648;15;9;25;1745;1;2;1;1;6;70;avenue du docteur Tondut;M;4402177;539252;840
201500017649;15;10;26;945;1;1;1;1;6;30;;M;4410197;510264;840
201500017650;15;10;26;1500;1;1;1;1;1;79;;M;0;0;840
201500017651;15;11;11;1230;1;1;1;1;2;107;;M;0;0;840
201500017652;15;5;19;1730;1;2;3;1;3;128;rue des йtuves;M;4952381;366742;20
201500017653;15;8;18;830;1;1;1;8;1;46;;M;0;0;20
201500017654;15;8;24;1030;1;2;1;2;6;194;14 rue de marle;M;0;0;20
201500017655;15;9;30;345;3;1;1;1;7;128;;M;0;0;20
201500017656;15;10;15;1715;1;1;1;2;1;238;;M;0;0;20
201500017657;15;12;5;2045;3;1;1;1;7;294;;M;0;0;20
201500017658;15;4;4;100;5;1;1;5;6;820;;M;0;0;20
201500017659;15;5;28;1000;1;2;1;1;6;173;39 rue Charles Brunette;M;4961871;321998;20
201500017660;15;8;16;100;3;1;1;1;3;474;;M;0;0;20
201500017661;15;8;24;1630;1;1;1;2;6;86;rue du rond d'arbre;M;4957749;321993;20
201500017662;15;11;14;200;3;1;1;1;6;173;;M;0;0;20
201500017663;15;12;31;1215;1;2;1;1;3;492;;M;0;0;20
201500017664;15;2;18;945;1;1;4;5;1;755;;M;0;0;20
201500017665;15;2;22;2200;3;1;1;2;3;602;;M;0;0;20
201500017666;15;8;7;1730;1;2;1;2;6;111;RUE DE L ETANG;M;4953836;341856;20
201500017667;15;4;16;1845;1;1;2;1;3;583;;M;4946709;365498;20
201500017668;15;5;11;945;1;1;2;1;3;800;;M;0;0;20
201500017669;15;6;6;1500;1;1;1;1;2;114;;M;4904782;342734;20
201500017670;15;6;26;2230;3;2;1;1;1;804;;M;0;0;20
201500017671;15;7;5;600;2;1;1;1;7;227;;M;0;0;20
201500017672;15;7;11;2045;1;1;1;1;3;804;;M;0;0;20
201500017673;15;10;27;830;1;1;3;1;1;804;;M;0;0;20
201500017674;15;11;7;615;3;1;3;1;6;227;;M;0;0;20
201500017675;15;11;7;1645;1;1;9;1;7;351;;M;0;0;20
201500017676;15;11;10;1715;1;1;1;1;7;164;;M;0;0;20
201500017677;15;5;8;845;1;1;1;1;6;785;;M;0;0;20
201500017678;15;5;12;1620;1;1;1;1;5;658;;M;0;0;20
201500017679;15;7;12;2130;2;1;1;1;6;658;;M;0;0;20
201500017680;15;10;28;1230;1;1;1;1;7;383;;M;0;0;20
201500017681;15;5;30;1915;1;1;2;1;3;539;;M;0;0;20
201500017682;15;9;12;1230;1;2;3;3;1;334;Rue Albert Meunier;M;0;0;20
201500017683;15;1;14;930;1;1;1;8;5;775;;M;0;0;20
201500017684;15;3;29;1815;1;2;7;2;1;648;PLACE SAINT GERMAIN;M;0;0;20
201500017685;15;7;17;1430;1;2;1;1;6;575;rue Pasteur;M;0;0;20
201500017686;15;6;7;1700;1;2;1;1;7;326;route dйpartementale 17;M;0;0;20
201500017687;15;1;15;1845;5;2;2;1;3;810;rue Alexandre Dumas;M;4925285;309210;20
201500017688;15;3;15;1600;1;1;1;1;6;810;;M;0;0;20
201500017689;15;4;22;1615;1;2;3;1;3;810;rue DEMOUSTIER;M;4925015;308662;20
201500017690;15;6;6;1900;1;1;1;1;5;258;;M;0;0;20
201500017691;15;6;8;1745;1;1;3;1;3;216;;M;0;0;20
201500017692;15;7;24;1700;1;1;3;1;3;810;;M;0;0;20
201500017693;15;9;30;2330;5;2;1;1;6;810;13 avenue de Coyolles;M;0;0;20
201500017694;15;11;6;1745;4;2;4;8;6;810;avenue marx dormoy;M;0;0;20
201500017695;15;11;15;1130;1;2;2;1;5;172;D172-173;M;0;0;20
201500017696;15;11;19;1615;1;2;1;2;6;810;rue  jean jaures;M;4925389;308830;20
201500017697;15;12;1;1545;1;2;7;1;6;810;plc du docteur mouflier;M;4925438;309079;20
201500017698;15;5;4;1245;1;1;3;1;3;608;;M;0;0;20
201500017699;15;12;1;1800;3;1;1;1;6;264;;M;0;0;20
201500017700;15;2;9;1415;1;1;1;8;2;405;;M;0;0;20
201500017701;15;6;7;2000;1;2;1;1;6;684;RUE AUX LEUPS;M;4992929;413157;20
201500017702;15;1;8;1545;1;2;1;1;6;141;rue de la buse;M;4997692;391550;20
201500017703;15;1;21;1700;2;1;1;1;1;103;;M;0;0;20
201500017704;15;4;5;1000;1;2;8;1;3;681;rue du tour de ville;M;0;0;20
201500017705;15;10;10;1345;1;2;1;1;6;832;rue de monceau sur oise;M;0;0;20
201500017706;15;2;5;1045;1;1;1;6;7;17;;M;4388300;469400;130
201500017707;15;2;9;1330;1;1;1;1;4;45;RD570N;M;0;0;130
201500017708;15;5;9;1645;1;1;1;1;3;36;***;M;0;0;130
201500017709;15;6;4;1700;1;1;1;1;3;10;;M;0;0;130
201500017710;15;6;15;645;2;2;1;2;1;45;CD28;M;4385200;477100;130
201500017711;15;7;28;1800;1;1;1;1;1;45;***;M;0;0;130
201500017712;15;8;25;1730;1;1;1;1;5;45;****;M;4384319;474955;130
201500017713;15;6;12;1215;1;1;1;1;1;1;;M;0;0;380
201500017714;15;2;28;200;3;1;1;8;6;22;;M;4566790;557328;380
201500017715;15;7;12;1545;1;1;1;1;7;465;;M;0;0;380
201500017716;15;8;18;1530;1;2;1;1;3;261;94 Rue Claude Rochas;M;0;0;380
201500017717;15;9;12;2345;3;2;1;2;6;183;route de la cochиre;M;4559855;558494;380
201500017718;15;9;28;1545;1;2;2;1;3;297;traversйe chassin;M;4569238;540967;380
201500017719;15;11;1;1400;1;1;1;1;1;458;montee de la frette;M;4563421;547872;380
201500017720;15;11;5;1530;1;1;1;1;1;139;;M;0;0;380
201500017721;15;11;7;800;1;2;1;1;6;525;D 19 A /  rue Garnier;M;0;0;380
201500017722;15;11;12;1815;3;1;3;1;3;139;;M;0;0;380
201500017723;15;11;28;1745;3;1;2;1;3;543;;M;0;0;380
201500017724;15;12;1;1945;3;1;9;1;6;124;;M;0;0;380
201500017725;15;4;30;1230;1;2;2;1;3;249;RD1090/Rue Jayet;M;4523846;581701;380
201500017726;15;10;16;1945;5;2;3;1;3;249;rue du gйnйral de gaulle;M;0;0;380
201500017727;15;5;26;1700;1;1;1;1;6;422;;M;4514548;587465;380
201500017728;15;8;5;1500;1;1;1;1;1;334;;M;0;0;380
201500017729;15;9;18;1145;1;2;1;1;3;150;rue aristide bergиs;M;4519700;582000;380
201500017730;15;11;4;1500;1;2;1;1;6;175;avenue paul langevin;M;4527100;591600;380
201500017731;15;7;31;1530;1;1;1;1;1;504;Les Vincents;M;4532171;601853;380
201500017732;15;12;3;1715;2;1;1;9;7;181;enversins sollieres;M;4533754;600047;380
201500017733;15;12;3;945;1;2;6;1;3;314;RD 523;M;4542583;601638;380
201500017734;15;7;26;1815;1;1;1;1;7;394;;M;4509984;524462;380
201500017735;15;2;28;145;3;1;1;1;7;457;;M;0;0;380
201500017736;15;4;14;1745;1;1;1;1;6;440;;M;0;0;380
201500017737;15;7;6;1345;1;1;1;1;6;58;le grand chemin;M;4534675;529831;380
201500017738;15;1;2;2300;3;1;1;9;6;263;;M;0;0;380
201500017739;15;1;5;1645;1;1;2;1;3;33;;M;4518223;540717;380
201500017740;15;4;3;1900;1;1;1;1;1;390;;M;4520874;548522;380
201500017741;15;9;13;1700;1;1;1;8;3;450;;M;4525368;551878;380
201500017742;15;5;23;1515;1;1;1;1;3;240;;M;0;0;380
201500017743;15;7;12;1400;1;2;2;1;3;121;place de commelle;M;0;0;380
201500017744;15;7;25;100;3;1;1;1;7;219;;M;0;0;380
201500017745;15;8;19;1045;1;1;2;1;1;130;;M;4538294;527681;380
201500017746;15;9;2;1845;1;2;2;1;3;34;av Louis Michel Villaz;M;0;0;380
201500017747;15;11;8;1645;1;1;1;1;6;267;;M;4541992;532675;380
201500017748;15;1;11;1815;5;2;1;1;1;160;1477 ROUTE DE MEYSSIEZ;M;4546981;501865;380
201500017749;15;1;15;1745;5;2;1;1;6;160;137 rue du pressoir;M;4549939;498009;380
201500017750;15;5;9;530;3;1;1;1;6;131;;M;0;0;380
201500017751;15;5;28;1530;1;1;1;1;5;87;;M;0;0;380
201500017752;15;6;27;1015;1;1;1;1;6;160;montee du Pinet;M;4547073;499990;380
201500017753;15;5;18;1800;1;1;1;1;6;519;;M;4561294;500510;380
201500017754;15;3;18;845;1;2;1;8;1;118;02 avenue de l'europe;M;4377992;135096;310
201500017755;15;7;21;900;1;1;1;1;6;584;;M;4388273;149260;310
201500017756;15;7;9;830;1;2;1;7;6;407;place de l'йglise;M;4375558;155601;310
201500017757;15;6;13;1430;1;1;1;1;3;341;;M;0;0;310
201500017758;15;6;23;830;1;1;1;1;6;341;route de l'hippodrome;M;0;0;310
201500017759;15;2;10;2245;3;1;1;1;6;436;;M;4334734;105008;310
201500017760;15;11;19;1030;2;1;1;1;7;424;RTE DES VITARELLES;M;4256620;132415;310
201500017761;15;12;18;1630;1;1;1;1;3;187;;M;0;0;310
201500017762;15;3;5;1500;1;1;1;1;6;504;;M;0;0;310
201500017763;15;6;30;1945;1;2;1;1;6;95;chemin de cazaux;M;4303325;74155;310
201500017764;15;2;25;1845;3;1;1;1;1;210;;M;4337683;168006;310
201500017765;15;8;14;1345;1;2;1;1;5;451;CD 1 - PK 83.800;M;4345483;201598;310
201500017766;15;8;20;1615;1;1;1;1;3;174;Kerguivian;M;4790809;-430166;290
201500017767;15;10;1;800;2;1;1;1;5;220;Kervaillant;M;4786761;-424208;290
201500017768;15;10;28;1000;1;2;1;1;6;135;rue du Commandant Carfor;M;4783371;-417162;290
201500017769;15;11;10;1945;3;1;6;1;3;75;RP Quelarnou;M;4841895;-443877;290
201500017770;15;2;6;945;1;2;1;1;6;160;2 rue des йcoles;M;4850552;-442896;290
201500017771;15;3;1;1545;1;1;1;1;4;15;Kerdalaes RD 13;M;4851454;-449996;290
201500017772;15;3;28;1530;1;2;1;2;1;160;Rue du Marechal Leclerc;M;4850527;-442225;290
201500017773;15;5;12;1400;1;1;1;1;1;117;« Pont de Plouguerneau »;M;4858853;-450605;290
201500017774;15;6;17;915;1;2;1;7;3;95;route de st divy;M;4847175;-436802;290
201500017775;15;9;18;1615;1;2;9;1;6;160;rue des 3 frйres LeRoy;M;4850062;-442714;290
201500017776;15;6;28;1730;1;1;1;1;6;79;;M;4862811;-391433;290
201500017777;15;4;3;1530;1;1;1;2;1;136;LE POULDU D790;M;4792534;-351474;290
201500017778;15;7;3;1130;1;2;1;1;6;293;rue de pont aven;M;4785497;-384572;290
201500017779;15;9;9;2100;3;1;1;1;7;31;Groas Bihan;M;4780040;-359508;290
201500017780;15;10;3;130;4;2;1;1;6;293;rue de Pont aven;M;4785504;-384596;290
201500017781;15;12;13;630;3;1;1;1;6;236; Keranna;M;4783243;-370537;290
201500017782;15;8;5;2115;5;2;6;1;7;241;Coat Canton;M;0;0;290
201500017783;15;2;23;1230;1;1;1;1;2;154;;M;4355409;400630;340
201500017784;15;2;6;2030;3;1;1;1;6;193;;M;4824759;-169177;350
201500017785;15;8;2;1200;1;1;2;1;3;197;;M;4823448;-162191;350
201500017786;15;1;24;1600;1;1;1;1;6;297;;M;4820933;-220492;350
201500017787;15;1;31;2130;3;1;1;4;1;302;;M;4819000;-215070;350
201500017788;15;3;18;2300;3;1;1;1;6;144;;M;4824591;-184462;350
201500017789;15;4;2;1115;1;2;1;1;6;22;RUE DE LA CHANVRERIE;M;4829522;-194470;350
201500017790;15;4;14;1800;1;2;1;1;3;297;rue de gael;M;4818549;-219353;350
201500017791;15;8;13;1315;1;1;1;2;1;307;;M;0;0;350
201500017792;15;9;1;1515;1;1;1;1;1;184;;M;4819986;-208612;350
201500017793;15;11;15;1815;5;1;1;1;6;307;;M;4828758;-196733;350
201500017794;15;2;21;1445;1;1;1;1;2;223;;M;4800750;-207765;350
201500017795;15;5;30;1530;1;1;1;1;3;223;;M;4802699;-203073;350
201500017796;15;6;9;1230;1;1;1;1;3;319;;M;4802340;-193740;350
201500017797;15;9;13;1530;1;1;1;1;6;227;;M;4817055;-191136;350
201500017798;15;9;16;1245;1;1;1;1;3;223;;M;4797646;-207392;350
201500017799;15;10;21;2015;3;1;1;2;1;81;;M;4817805;-184794;350
201500017800;15;10;25;1615;1;1;1;1;1;23;;M;4817798;-192479;350
201500017801;15;9;14;1930;1;2;1;7;3;257;Rue d'Antrain;M;4841233;-136971;350
201500017802;15;9;17;800;2;1;1;8;3;341;;M;4843491;-147549;350
201500017803;15;1;4;630;3;1;1;8;6;122;;M;4860284;-190034;350
201500017804;15;1;24;800;2;1;1;8;7;116;;M;4858490;-183104;350
201500017805;15;2;13;715;3;1;1;8;1;299;La Coudre;M;4864981;-187701;350
201500017806;15;3;11;1130;1;2;1;1;3;284;all?e du commerce;M;4860302;-197483;350
201500017807;15;4;12;1245;1;1;1;1;1;132;;M;0;0;350
201500017808;15;5;1;1845;1;2;1;1;6;49;quai de l'A/C Thomas;M;4867781;-184743;350
201500017809;15;6;4;615;1;1;4;1;3;299;;M;4863337;-195009;350
201500017810;15;6;16;1000;1;2;1;1;1;132;rue du bord de mer;M;4860811;-181184;350
201500017811;15;6;25;2115;1;1;1;1;7;263;;M;4868892;-192567;350
201500017812;15;6;29;1215;1;1;1;1;3;284;;M;4860660;-196816;350
201500017813;15;6;29;1945;1;2;1;1;6;179;Blv de la libйration;M;4851269;-189759;350
201500017814;15;7;8;1545;1;2;1;1;6;132;1 grande rue;M;4861346;-183906;350