num_acc;an;mois;jour;hrmn;lum;agg;int;atm;col;com;adr;gps;lat;long;dep
201500017815;15;7;31;1045;1;2;1;1;6;224;Le Puit Saliou;M;4852995;-185105;350
201500017816;15;9;24;2100;3;1;1;1;2;299;;M;4863608;-192518;350
201500017817;15;10;20;800;2;1;1;8;3;224;;M;4851364;-185896;350
201500017818;15;7;7;2015;1;1;9;1;1;9;;M;0;0;350
201500017819;15;7;22;1130;1;2;9;1;6;95;boulevard deminiac;M;4854914;-175272;350
201500017820;15;9;26;2245;3;1;1;1;1;104;;M;4850952;-168051;350
201500017821;15;9;29;1545;1;1;1;1;6;104;;M;4852523;-169044;350
201500017822;15;12;9;1800;1;1;1;1;3;95;;M;4853854;-174257;350
201500017823;15;9;8;2100;5;2;1;1;1;161;bourg joly;M;4804745;-133362;350
201500017824;15;10;11;1615;1;1;1;1;6;204;;M;4804578;-157128;350
201500017825;15;10;16;945;1;2;6;1;3;99;avenue charles de gaulle;M;4806212;-152444;350
201500017826;15;10;13;745;2;2;8;1;6;158;5 rue de la marquellerai;M;4727135;-178011;440
201500017827;15;1;1;1715;2;1;1;8;6;213;rue d'anjou;M;4737155;-101685;440
201500017828;15;2;21;2030;3;1;1;1;6;4;La mйtairie;M;4738500;-110291;440
201500017829;15;10;10;1430;1;1;6;1;2;160;la bricauderie;M;4737986;-121049;440
201500017830;15;11;6;2130;3;1;1;2;7;96;;M;4741472;-128561;440
201500017831;15;8;25;1830;1;1;1;1;1;107;;M;4743016;-133282;440
201500017832;15;9;7;915;1;1;3;1;1;107;le petit boulay;M;4743078;-132516;440
201500017833;15;11;17;945;1;1;1;1;6;148;;M;0;0;440
201500017834;15;12;26;400;5;2;1;1;6;170;5 Rue de la Forкt;M;0;0;440
201500017835;15;9;6;1845;1;1;1;1;6;66;;M;4735405;-160093;440
201500017836;15;2;20;1230;1;1;1;3;6;21;;M;4703880;-194346;440
201500017837;15;6;20;1500;1;1;1;1;1;164;;M;4709916;-185293;440
201500017838;15;12;1;1830;3;1;1;1;1;133;;M;0;0;440
201500017839;15;6;7;1830;1;1;2;1;3;216;bel air;M;4697244;-138786;440
201500017840;15;6;8;1600;1;1;1;6;2;63;;M;4707427;-122853;440
201500017841;15;6;11;1415;1;1;1;1;1;102;Fouinard;M;4705239;-149735;440
201500017842;15;6;7;1445;1;1;1;1;1;108;la levrauderie;M;4711698;-122725;440
201500017843;15;8;30;1115;1;1;1;1;3;29;la troniere;M;4726711;-135575;440
201500017844;15;10;3;815;2;1;1;1;6;29;64 route de la loire;M;4726846;-135588;440
201500017845;15;4;22;1400;1;1;1;7;5;130;le malabrit;M;4710454;-154926;440
201500017846;15;5;20;930;1;1;1;1;1;130;viais;M;4711289;-153694;440
201500017847;15;6;25;1200;1;1;1;1;3;24;;M;4717530;-169390;440
201500017848;15;10;11;2000;3;1;1;1;3;81;le retail;M;4687274;-156604;440
201500017849;15;7;11;1915;1;2;1;1;1;58;Route de Lyon;M;0;0;250
201500017850;15;4;11;1145;1;1;1;8;3;545;;M;4703500;613600;250
201500017851;15;3;2;1345;1;1;1;2;1;424;;M;0;0;250
201500017852;15;5;15;1;3;1;1;2;7;262;;M;0;0;250
201500017853;15;6;20;2215;2;2;1;1;6;578;10 avenue du gl burney;M;4714984;633913;250
201500017854;15;6;24;1945;1;1;1;1;7;301;;M;4716482;657263;250
201500017855;15;9;20;1045;1;1;1;8;7;262;;M;0;0;250
201500017856;15;10;7;730;1;1;2;8;1;222;;M;4715114;624536;250
201500017857;15;8;6;1815;1;1;1;1;7;378;;M;0;0;250
201500017858;15;3;15;2030;5;1;1;1;6;293;;M;0;0;250
201500017859;15;3;22;1545;1;1;1;1;6;110;;M;0;0;250
201500017860;15;4;26;215;3;1;1;1;6;29;;M;0;0;250
201500017861;15;6;24;1145;1;1;1;1;6;440;;M;0;0;250
201500017862;15;7;6;900;1;1;1;1;1;282;;M;0;0;250
201500017863;15;12;14;1900;3;1;1;2;6;157;;M;4687691;640599;250
201500017864;15;4;30;1845;2;1;1;2;3;121;;M;0;0;250
201500017865;15;6;25;1045;1;1;1;1;7;308;;M;0;0;250
201500017866;15;7;1;1715;1;1;1;1;6;308;;M;0;0;250
201500017867;15;4;29;1515;1;1;1;1;1;160;;M;4703400;655600;250
201500017868;15;10;24;1530;1;2;1;1;3;411;1 rue de la glapiney;M;4705300;659300;250
201500017869;15;12;24;1;5;2;1;9;6;321;rue du lac;M;4706506;667950;250
201500017870;15;6;13;2045;2;2;1;1;6;154;Rue du Stade;M;0;0;390
201500017871;15;3;31;1445;1;1;1;2;1;397;;M;0;0;390
201500017872;15;2;11;1815;2;2;1;1;6;173;95 grande rue;M;0;0;390
201500017873;15;9;29;1700;1;1;1;1;6;25;Route de Bois Laurent;M;0;0;390
201500017874;15;2;3;1300;1;1;1;1;1;355;;M;0;0;390
201500017875;15;8;16;430;3;1;1;9;6;13;;M;4693000;576400;390
201500017876;15;8;28;1245;1;1;1;1;1;13;;M;4690100;574000;390
201500017877;15;8;9;1800;1;1;1;3;7;434;;M;0;0;390
201500017878;15;11;18;1000;1;2;7;7;6;13;Place de la Libertй;M;4690700;577300;390
201500017879;15;5;9;1430;1;2;1;1;7;500;3, hameau de Blйgny;M;0;0;390
201500017880;15;6;25;1600;1;2;1;1;6;315;Rue de l'йglise;M;0;0;390
201500017881;15;3;22;2245;3;1;1;8;1;30;;M;0;0;390
201500017882;15;6;4;1315;1;2;1;1;6;412;D468;M;0;0;390
201500017883;15;5;29;1845;1;1;3;1;3;502;;M;0;0;390
201500017884;15;8;4;945;1;1;1;2;6;128;;M;4697200;538400;390
201500017885;15;8;18;730;1;1;2;1;3;160;;M;0;0;390
201500017886;15;11;24;1750;5;2;7;8;6;365;Place Jules Grйvy;M;0;0;390
201500017887;15;8;8;945;1;1;1;2;1;528;D459;M;0;0;390
201500017888;15;5;29;2300;3;1;1;1;6;184;;M;0;0;390
201500017889;15;3;18;2000;5;1;1;1;3;258;;M;4651800;587400;390
201500017890;15;11;4;1900;3;1;1;1;1;494;;M;4659600;591800;390
201500017891;15;3;5;1330;1;1;1;1;3;232;Bel-Air;M;4862243;-283739;220
201500017892;15;3;18;1400;1;2;1;1;3;55;Boulevard du littoral;M;4863609;-283264;220
201500017893;15;4;16;1730;1;2;2;1;3;222;rue renй cassin;M;4867206;-293165;220
201500017894;15;5;16;400;3;1;1;1;6;55;;M;4863423;-282505;220
201500017895;15;5;19;1800;1;1;1;1;5;222;;M;4866769;-294624;220
201500017896;15;5;27;1015;1;1;1;1;6;7;;M;4859961;-282602;220
201500017897;15;1;17;715;3;1;1;9;6;136;;M;4815259;-275505;220
201500017898;15;3;6;1645;1;1;3;1;3;155;la charlerie;M;4822264;-273856;220
201500017899;15;5;21;1700;1;1;2;1;2;75;;M;4816231;-287993;220
201500017900;15;5;22;1430;1;1;2;1;3;136;;M;4817832;-277863;220
201500017901;15;6;8;945;1;1;1;1;1;376;la croix oriac;M;4822524;-280700;220
201500017902;15;6;15;1300;1;2;3;1;3;136;;M;4817455;-275427;220
201500017903;15;6;17;915;1;1;1;1;1;260;le roz;M;4822839;-292454;220
201500017904;15;1;13;1130;1;1;1;1;6;371;lez trois moineaux;M;4819663;-233788;220
201500017905;15;3;3;1530;1;1;3;1;3;288;;M;4807044;-264125;220
201500017906;15;3;21;1500;1;2;7;8;6;183;;M;4817729;-259399;220
201500017907;15;4;7;700;2;1;1;5;5;147;;M;4819501;-237371;220
201500017908;15;6;26;1000;1;1;3;1;3;147;Les Gautrais;M;4819611;-236178;220
201500017909;15;8;25;1215;1;2;1;1;6;66;place de la mairie;M;4830027;-251888;220
201500017910;15;9;6;215;3;1;2;1;3;371;;M;4815829;-229361;220
201500017911;15;9;10;1830;1;1;1;1;6;66;;M;4830421;-246929;220
201500017912;15;10;11;2315;3;1;1;1;1;62;la croix de l'etaloir;M;4819873;-248051;220
201500017913;15;10;30;1215;1;2;1;1;6;147;lieu dit la croix pinson;M;4820040;-241004;220
201500017914;15;12;12;700;3;1;1;2;1;66;le champ ratel;M;4836286;-249741;220
201500017915;15;12;18;2045;3;1;1;2;3;255;le pont querra;M;4818001;-262616;220
201500017916;15;1;19;945;1;1;1;4;6;100;la source;M;4828120;-266397;220
201500017917;15;2;8;930;1;1;1;1;6;203;Malabry;M;4833568;-279994;220
201500017918;15;3;4;1345;1;1;3;1;3;79;Le Bas Guerlan;M;4840837;-265251;220
201500017919;15;5;10;1445;1;1;4;1;7;203;;M;4834020;-276306;220
201500017920;15;5;10;1915;1;1;2;1;5;184;la noe guenite;M;4833939;-264251;220
201500017921;15;6;8;320;3;2;3;1;3;219;RUE D ENFER;M;4828039;-270074;220
201500017922;15;6;15;1300;1;2;1;1;1;153;rue neuve;M;4836231;-262991;220
201500017923;15;6;20;1600;1;1;1;1;7;203;la croix tertret;M;4834152;-274775;220
201500017924;15;7;1;1645;1;1;1;1;4;258;l'esperance;M;4844735;-264352;220
201500017925;15;10;3;1615;1;1;3;1;3;258;;M;4841544;-262560;220
201500017926;15;10;16;1800;1;1;3;1;3;219;fanton;M;4830394;-270253;220
201500017927;15;2;7;1915;3;1;2;1;3;274;;M;4836584;-200409;220
201500017928;15;3;8;1115;1;2;3;1;3;327;Rue du Domaine;M;4849575;-202691;220
201500017929;15;3;11;1615;1;2;4;1;3;259;Avenue de l'aublette;M;4844759;-208648;220
201500017930;15;3;27;1545;1;1;1;1;1;213;;M;4853348;-203287;220
201500017931;15;4;3;1900;1;1;2;2;3;35;;M;4844478;-197557;220
201500017932;15;4;6;1730;1;1;3;7;1;339;;M;4848148;-204284;220
201500017933;15;5;2;845;1;2;1;2;6;50;45 RUE DU CLOS DU HETRE;M;4845741;-205250;220
201500017934;15;5;6;1645;1;1;3;1;3;259;les pйriaux;M;4845117;-209738;220
201500017935;15;5;17;1715;1;2;3;1;3;123;rue de la cochaie;M;4843537;-206679;220
201500017936;15;6;6;1500;1;2;1;1;6;213;D12;M;4852459;-200491;220
201500017937;15;6;7;415;4;1;4;1;6;299;;M;4847407;-198656;220
201500017938;15;7;11;130;3;1;2;1;3;339;;M;4847380;-206081;220
201500017939;15;7;31;1615;1;1;1;1;7;56;le clos besso;M;4837182;-198572;220
201500017940;15;3;5;1645;1;1;1;1;7;269;kerigomar;M;4867244;-322538;220
201500017941;15;3;7;2100;4;2;7;1;6;293;Lot de Coat Mohan;M;4865276;-310179;220
201500017942;15;6;9;1230;1;1;2;1;3;95;kERMARIA;M;4864345;-319053;220
201500017943;15;9;26;1530;1;2;2;1;3;4;avenue pierre Perron;M;4863101;-330239;220
201500017944;15;10;17;1830;2;1;1;1;2;212;kerbry;M;4868235;-321236;220
201500017945;15;10;16;1400;1;1;1;1;7;164;le quinquis;M;4859606;-332157;220
201500017946;15;5;26;1915;1;1;4;1;1;320;;M;4836421;-333195;220
201500017947;15;11;11;1345;1;1;1;1;6;328;kerbournet;M;4840813;-338567;220
201500017948;15;11;18;1130;1;1;1;1;1;135;45 rue du manaty;M;4857928;-333490;220
201500017949;15;12;22;1200;1;1;1;3;7;88;kerambouler;M;4839520;-320263;220
201500017950;15;8;24;1530;1;1;1;2;7;158;;M;4817233;-298320;220
201500017951;15;12;7;900;3;2;1;2;1;313;Le bourg D63;M;4830996;-295405;220
201500017952;15;4;20;1900;1;1;1;1;3;351;tachen ar croaz;M;4829460;-351992;220
201500017953;15;4;26;1145;1;1;1;1;1;344;le queff;M;4829838;-350260;220
201500017954;15;6;20;1545;1;1;1;1;7;29;;M;4835275;-308391;220
201500017955;15;7;13;800;1;1;1;2;6;229;;M;4827969;-328561;220
201500017956;15;1;16;1900;3;1;2;3;3;238;;M;4858273;-356663;220
201500017957;15;2;7;1915;3;1;2;1;1;349;;M;4870363;-355597;220
201500017958;15;2;16;1730;1;2;2;2;5;194;Rue Bleuets/Rue Pleuven;M;4866221;-363218;220
201500017959;15;3;15;1345;1;1;1;1;6;387;Le Losser;M;4865036;-342695;220
201500017960;15;4;4;345;3;1;3;2;3;226;le pontol;M;4870373;-349923;220
201500017961;15;4;11;1800;1;1;2;1;3;226;;M;4866607;-351161;220
201500017962;15;5;21;1415;1;1;3;1;3;194;;M;4866866;-359824;220
201500017963;15;6;9;1515;1;1;1;1;2;387;le run;M;4864918;-344636;220
201500017964;15;8;1;1900;1;2;3;1;3;226;rue de la lieue de greve;M;4867951;-352623;220
201500017965;15;8;12;1015;1;1;3;1;1;226;;M;4866605;-351158;220
201500017966;15;12;26;515;3;2;1;2;6;194;D786;M;4866922;-360806;220
201500017967;15;1;20;1810;5;1;2;2;3;199;la croix neuve;M;4878168;-318414;220
201500017968;15;2;19;1000;1;1;1;1;1;28;Goas Quemper;M;4879069;-332087;220
201500017969;15;5;18;1945;1;2;1;1;2;195;rue de l'Armor;M;4884473;-313672;220
201500017970;15;6;21;1945;1;1;1;1;6;111;;M;4883774;-310454;220
201500017971;15;7;8;1330;1;1;1;2;1;199;Ld Polmor;M;4878613;-314804;220
201500017972;15;9;18;1715;1;1;1;1;2;347;Traou Meur;M;4878373;-321257;220
201500017973;15;9;19;1145;1;1;1;1;3;199;LE PLANDRY;M;4879506;-313914;220
201500017974;15;9;26;1600;1;1;1;1;1;34;An Thy;M;4869381;-334899;220
201500017975;15;10;24;1715;1;1;6;1;7;152;kergroas;M;4877260;-323805;220
201500017976;15;1;24;730;1;1;1;1;7;374;;M;0;0;680
201500017977;15;3;2;1545;1;1;1;2;5;374;;M;4806410;724418;680
201500017978;15;3;23;1400;1;2;1;1;5;134;RD83 PR37+000;M;4801663;731180;680
201500017979;15;7;14;945;1;1;1;1;7;338;;M;4808891;723752;680
201500017980;15;9;7;600;2;1;2;1;3;96;rue de Zeassingue;M;4760972;735380;680
201500017981;15;5;26;1145;1;1;1;2;6;152;;M;4767201;724859;680
201500017982;15;2;5;1315;1;2;2;1;3;195;71 rue Aristide Briand;M;4776155;728594;680
201500017983;15;2;28;815;1;1;2;1;6;141;;M;4771363;728480;680
201500017984;15;9;26;100;3;1;1;1;6;195;;M;4776027;726566;680
201500017985;15;5;31;1645;1;1;1;1;7;94;;M;4754219;743523;680
201500017986;15;6;13;1045;1;2;4;1;1;94;rue de delle;M;4754967;744033;680
201500017987;15;6;24;1930;1;1;1;1;7;120;;M;4752189;748509;680
201500017988;15;7;10;1230;1;1;1;1;6;168;;M;4756856;741452;680
201500017989;15;12;15;745;5;2;1;1;6;120;17 avenue de souprosse;M;0;0;680
201500017990;15;5;22;1110;1;2;1;1;7;266;ROUTE d'ENSISHEIM 22;M;4788768;735350;680
201500017991;15;5;14;1545;1;2;1;1;6;46;route joffre;M;4779432;702837;680
201500017992;15;7;2;245;5;2;1;1;6;11;Rue de THANN;M;4776204;715026;680
201500017993;15;8;15;1445;1;1;1;1;6;115;;M;4775490;707533;680
201500017994;15;8;25;1015;1;1;1;1;6;19;(;M;4375639;310343;340
201500017995;15;9;21;1345;1;1;1;1;1;260;;M;4365777;303711;340
201500017996;15;9;29;30;3;1;1;1;7;144;;M;0;0;340
201500017997;15;11;11;1645;1;1;1;7;2;28;;M;4361208;317704;340
201500017998;15;8;17;2315;3;1;1;1;6;74;;M;4345994;302511;340
201500017999;15;11;6;645;2;1;1;8;3;84;;M;4339759;318809;340
201500018000;15;2;8;245;3;1;1;1;6;237;;M;4350955;328955;340
201500018001;15;2;10;1745;1;1;1;1;1;224;;M;4345632;321984;340
201500018002;15;4;6;1845;1;1;1;1;3;94;;M;4343016;325312;340
201500018003;15;6;22;945;1;1;1;1;5;300;;M;4339667;332834;340
201500018004;15;1;18;1600;1;1;1;1;6;193;;M;4347375;286766;340
201500018005;15;4;5;1830;1;1;1;1;6;86;;M;4347876;266833;340
201500018006;15;9;4;1300;1;1;1;1;1;72;;M;4366480;333530;340
201500018007;15;9;20;2100;1;1;1;1;7;142;;M;4372271;326226;340
201500018008;15;3;8;1130;1;2;1;1;3;79;boulevard ledru rollin;M;0;0;340
201500018009;15;3;25;2200;3;1;1;1;1;210;;M;4359561;350053;340
201500018010;15;4;7;1015;1;1;1;1;1;79;,;M;4360982;345731;340
201500018011;15;5;10;530;1;2;1;1;6;281;route  campagnan;M;4352971;350963;340
201500018012;15;6;11;845;1;1;1;1;3;313;;M;4357344;348205;340
201500018013;15;6;25;1815;1;1;1;1;1;281;;M;4353665;354932;340
201500018014;15;6;28;1345;1;1;1;1;1;194;;M;4351975;344914;340
201500018015;15;7;9;545;1;1;6;1;6;79;;M;4361498;345555;340
201500018016;15;9;8;1645;1;2;1;1;6;79;rue doyen rene gosse;M;4362714;343251;340
201500018017;15;9;17;1115;1;1;1;1;2;210;;M;4358586;350888;340
201500018018;15;9;25;1730;1;1;1;1;6;79;(;M;0;0;340
201500018019;15;12;13;1515;1;1;1;1;6;210;RD 32;M;4360220;350220;340
201500018020;15;3;15;500;3;1;1;2;6;114;;M;4363744;353501;340
201500018021;15;4;9;1530;1;1;1;1;6;114;;M;4362551;360822;340
201500018022;15;8;8;230;5;2;1;1;6;328;la croix des barriиres;M;4358230;356258;340
201500018023;15;12;11;1400;1;1;1;1;5;286;;M;4373972;345663;340
201500018024;15;12;15;1215;1;2;1;1;3;114;AVENUE FOCH;M;4365552;355009;340
201500018025;15;3;5;1505;1;2;1;1;6;14;1, VERDUN (BOULEVARD DE);;;;150
201500018026;15;3;20;2030;5;2;1;1;6;14;VERDUN (BOULEVARD DE);M;4491231;243703;150
201500018027;15;4;14;940;1;2;6;1;3;14;VIALENC (CARREFOUR DU);M;4491670;241667;150
201500018028;15;6;15;1525;1;1;1;1;3;12;SOULERY (LIEU-DIT);M;4489907;245015;150
201500018029;15;7;5;445;5;2;1;1;6;12;16, RAMOND (RUE DU DOCTE;M;4490014;245966;150
201500018030;15;7;10;707;1;1;1;7;6;12;CONROS (LIEU-DIT);M;4488190;243005;150
201500018031;15;7;13;1920;1;1;1;1;1;12;SOULERY (LIEU-DIT);M;0;0;150
201500018032;15;7;23;2315;5;2;1;1;6;14;10, MOULIN (RUE JEAN);M;4491790;243102;150
201500018033;15;8;6;1150;1;2;1;1;2;14;BOUDIEU (LIEU DIT) RN 12;;;;150
201500018034;15;9;13;1450;1;2;2;3;3;14;VERDUN (BOULEVARD DE);;;;150
201500018035;15;10;20;1120;1;2;3;1;6;14;1, BELBEX (ROUTE DE);M;;;150
201500018036;15;12;29;1425;1;2;1;1;6;14;11, DOUMER (AVENUE PAUL);;;;150
201500018037;15;6;10;900;1;1;1;1;3;332;;M;4331896;342788;340
201500018038;15;9;11;1830;1;1;1;1;5;113;;M;4348990;370390;340
201500018039;15;9;11;2145;3;1;6;1;6;88;;M;4356363;372990;340
201500018040;15;9;16;1330;1;2;9;1;3;113;avenue de bйziers;M;4349972;371433;340
201500018041;15;4;27;930;1;2;1;2;6;199;20 avenue de verdun;M;0;0;340
201500018042;15;4;27;2200;3;1;1;1;6;289;RD 18;M;0;0;340
201500018043;15;4;23;1730;1;1;1;1;3;199;;M;0;0;340
201500018044;15;6;5;2000;1;2;1;7;6;162;RUE PIERRE SIRVEN;M;4348074;347433;340
201500018045;15;6;8;1500;1;2;1;1;6;9;Lieu dit les belles eaux;M;4348015;336522;340
201500018046;15;6;22;1930;1;1;1;1;5;9;;M;4348234;336265;340
201500018047;15;8;5;1915;1;2;1;1;6;9;D33;M;4347084;334584;340
201500018048;15;8;24;930;1;1;1;1;7;162;;M;4348825;349322;340
201500018049;15;6;13;1845;1;1;1;2;3;148;;M;0;0;860
201500018050;15;8;28;1600;1;1;1;1;7;105;;M;0;0;860
201500018051;15;4;20;1845;1;1;1;1;6;80;La Thibaudeliйre;M;4644550;18304;860
201500018052;15;4;9;1445;1;2;1;1;4;292;rue de la Caillиle;M;0;0;860
201500018053;15;4;14;1815;1;1;1;1;1;144;Les Porrines;M;4671170;5677;860
201500018054;15;4;23;815;1;1;1;1;7;16;;M;0;0;860
201500018055;15;4;29;1745;1;1;2;1;3;73;;M;4669526;4631;860
201500018056;15;5;7;2330;3;1;1;1;6;160;;M;0;0;860
201500018057;15;5;12;1100;1;1;1;1;2;281;;M;0;0;860
201500018058;15;6;23;1845;1;1;1;1;7;30;;M;0;0;860
201500018059;15;7;3;930;1;2;1;1;3;16;route de richelieu;M;0;0;860
201500018060;15;7;1;1645;1;2;6;1;6;160;carrefour saint jacques;M;4677682;18726;860
201500018061;15;8;3;1915;1;1;9;1;1;277;;M;0;0;860
201500018062;15;8;31;1815;1;1;2;1;3;2;;M;0;0;860
201500018063;15;9;13;2000;2;1;2;1;3;2;;M;0;0;860
201500018064;15;11;29;500;3;1;1;1;6;281;;M;0;0;860
201500018065;15;12;3;730;2;1;1;5;1;177;;M;0;0;860
201500018066;15;12;24;1815;3;1;1;2;3;30;;M;0;0;860
201500018067;15;12;21;1130;1;2;1;7;1;2;hameau de Bournezeau;M;0;0;860
201500018068;15;12;30;1230;1;2;1;1;7;177;rue du Muguet;M;4667989;24996;860
201500018069;15;3;7;1030;1;2;1;1;3;183;RD 910;M;0;0;860
201500018070;15;6;24;1600;1;1;1;1;6;184;;M;0;0;860
201500018071;15;3;30;530;3;2;1;2;6;128;;M;0;0;860
201500018072;15;4;29;1800;1;2;1;1;7;221;route de la tassier;M;4681549;38209;860
201500018073;15;5;26;1630;1;1;1;1;3;257;;M;0;0;860
201500018074;15;6;24;645;1;2;1;1;6;183;140 Route Nationale;M;4696641;60766;860
201500018075;15;2;16;2015;3;1;3;2;3;49;;M;0;0;860
201500018076;15;4;9;1715;1;1;1;1;4;173;;M;0;0;860
201500018077;15;4;11;2215;3;1;1;1;6;210;;M;0;0;860
201500018078;15;4;26;1100;1;1;1;3;3;137;;M;0;0;860
201500018079;15;6;30;1830;1;1;2;7;3;9;;M;0;0;860
201500018080;15;8;5;1100;1;2;1;1;1;223;RD951;M;0;0;860
201500018081;15;9;27;630;3;1;1;1;1;132;;M;0;0;860
201500018082;15;8;4;2115;1;2;1;1;7;189;21 av Charles de gaulle;M;4837849;-437281;290
201500018083;15;11;7;1130;1;1;2;2;1;189;Prat Bihan;M;4837072;-440658;290
201500018084;15;2;7;1300;1;1;1;1;7;97;6 route de selles;M;4728200;164500;410
201500018085;15;4;13;1630;1;2;1;1;1;44;rue prosper legourd;M;4727200;191100;410
201500018086;15;5;1;1115;1;1;1;2;1;16;;M;4728800;153200;410
201500018087;15;7;19;1645;2;2;1;1;6;135;rue Marcel Bailly;M;4726980;186351;410
201500018088;15;7;24;1730;1;1;1;1;3;242;;M;4728648;156433;410
201500018089;15;8;7;1700;1;2;1;1;6;16;14 route de SELLES;M;4730793;153274;410
201500018090;15;10;28;1715;1;1;6;1;3;185;;M;4734596;172898;410
201500018091;15;11;14;230;4;1;1;1;3;97;;M;4731418;167232;410
201500018092;15;3;23;1915;2;2;1;1;6;217;49 route de saint aignan;M;4733200;121600;410
201500018093;15;4;4;1445;1;1;1;8;3;211;;M;4732000;112600;410
201500018094;15;5;10;915;1;1;1;1;3;45;;M;4744900;117500;410
201500018095;15;5;19;745;1;2;1;7;6;151;2 rue de Penthiиvre;M;4734300;118400;410
201500018096;15;6;28;1915;1;1;1;1;2;94;;M;4744991;142607;410
201500018097;15;8;3;1600;1;2;1;1;3;80;route de Loches;M;4732831;118595;410
201500018098;15;8;26;1845;1;1;1;1;6;126;;M;4726555;131922;410
201500018099;15;9;7;2215;3;2;8;1;1;23;rd 158;M;4734387;123962;410
201500018100;15;9;22;230;4;1;1;2;1;145;;M;4747881;129449;410
201500018101;15;9;27;2100;3;1;1;1;6;258;;M;4733049;129127;410
201500018102;15;9;29;1700;1;1;1;1;1;180;;M;4736622;121305;410
201500018103;15;10;11;530;5;2;1;1;6;151;81 route de tours;M;4734231;117459;410
201500018104;15;10;16;945;1;1;1;2;2;164;;M;4727206;143107;410
201500018105;15;10;23;145;5;2;1;2;6;59;3 Route de blois;M;4742964;142793;410
201500018106;15;11;15;815;1;1;1;1;7;180;;M;4743625;121861;410
201500018107;15;11;14;100;3;1;1;1;6;43;;M;4727768;146235;410
201500018108;15;1;11;1100;1;1;1;1;6;46;;M;4764600;191000;410
201500018109;15;2;23;1930;3;1;1;1;7;84;;M;4747200;194400;410
201500018110;15;4;9;1400;1;1;1;1;6;296;;M;4760300;206100;410
201500018111;15;5;17;1830;1;2;1;1;6;106;21 avenue Emile Morin;M;4760400;202500;410
201500018112;15;5;25;100;4;2;1;1;6;285;;M;4762300;175600;410
201500018113;15;5;26;1430;1;2;1;1;3;249;rue du champ de foire;M;4745900;218200;410
201500018114;15;6;14;2030;1;2;1;1;6;232;49 route de Pierrefitte;M;4743203;205586;410
201500018115;15;7;12;530;2;1;1;1;6;296;;M;4762771;204584;410
201500018116;15;7;23;830;1;1;2;1;3;152;;M;4754294;166360;410
201500018117;15;7;24;1630;1;1;1;8;1;232;;M;4745067;204355;410
201500018118;15;7;26;2300;3;1;1;8;7;297;;M;4763452;186708;410
201500018119;15;7;29;715;1;1;2;1;3;152;;M;4754292;166366;410
201500018120;15;8;6;1515;1;2;1;1;6;232;rue du marchй;M;4742624;205253;410
201500018121;15;10;24;1745;1;1;1;8;6;296;;M;4766608;204888;410
201500018122;15;12;1;1800;3;1;1;1;1;125;;M;4747127;192515;410
201500018123;15;12;14;900;1;2;1;1;6;106;Rue de la FOSSE AUX LOUP;M;4759256;203135;410
201500018124;15;12;18;1715;3;1;1;2;6;251;;M;4766028;221642;410
201500018125;15;3;6;1700;1;1;1;1;6;143;;M;4799600;88000;410
201500018126;15;4;9;1415;1;1;1;1;6;75;;M;4803300;109500;410
201500018127;15;5;6;1515;1;1;1;1;7;175;;M;4788800;117500;410
201500018128;15;5;10;1045;1;1;1;1;7;5;;M;4806800;95300;410
201500018129;15;5;22;1615;1;1;1;1;3;53;;M;4800000;92800;410
201500018130;15;7;16;1915;1;1;1;1;3;73;;M;4789158;104613;410
201500018131;15;8;8;430;2;1;1;1;6;209;;M;4783676;108666;410
201500018132;15;8;22;1815;1;1;2;7;3;197;;M;4805371;91924;410
201500018133;15;9;27;1630;1;1;1;1;3;193;;M;4795640;103760;410
201500018134;15;10;11;1400;1;2;1;1;1;235;chemin du pree du suchet;M;4792344;84647;410
201500018135;15;10;12;1030;1;2;1;1;5;60;rue poterie;M;4797442;89196;410