num_acc;an;mois;jour;hrmn;lum;agg;int;atm;col;com;adr;gps;lat;long;dep
201500018136;15;10;12;845;2;1;1;1;1;275;;M;4791244;107197;410
201500018137;15;10;19;1000;1;1;2;1;3;186;;M;4785697;104277;410
201500018138;15;4;16;1715;1;1;1;1;3;4;;M;4429620;33199;470
201500018139;15;6;9;315;3;1;1;1;6;140;;M;4427510;63004;470
201500018140;15;6;8;1715;1;1;2;1;3;190;LDT FERRAN;M;4434300;51363;470
201500018141;15;8;13;2115;1;1;1;1;6;66;;M;4424020;46656;470
201500018142;15;9;5;1745;1;2;3;1;1;249;INTESECTION D930-D213;M;4424690;38994;470
201500018143;15;9;23;15;3;1;1;2;6;140;LDT DIT BINSOU;M;4427950;63505;470
201500018144;15;10;11;1000;1;1;1;1;6;125;lieu-dit Belle Roque;M;;;470
201500018145;15;4;24;915;1;1;1;1;6;217;;M;0;0;470
201500018146;15;7;24;845;1;1;1;1;3;25;;M;4426890;91642;470
201500018147;15;2;14;1145;1;1;1;2;2;301;LDT PARDY;M;4452970;29090;470
201500018148;15;8;3;1000;1;2;1;1;6;168;;M;4460080;36063;470
201500018149;15;9;23;1445;1;1;2;1;3;86;;M;4466880;18692;470
201500018150;15;9;24;745;2;2;2;1;1;232;RUE DE LA CHARBONNIERE;M;4452110;37764;470
201500018151;15;6;9;715;1;1;1;1;1;285;LDT BORDENEUVE;M;4441790;12514;470
201500018152;15;6;24;2115;1;2;3;1;3;310;BDDEGAULLE/MAL JOFFRE;M;4439100;30755;470
201500018153;15;8;22;1215;1;1;2;1;3;46;;M;4438270;23775;470
201500018154;15;9;30;1000;1;2;1;1;1;285;AU BOURG;M;4443710;11129;470
201500018155;15;2;18;2030;5;2;1;1;6;143;62 AV GENERAL DE GAULE;M;4417820;29659;470
201500018156;15;8;23;1845;1;1;1;1;3;58;;M;0;0;470
201500018157;15;8;31;1630;1;1;1;3;1;78;;M;4429000;28385;470
201500018158;15;2;27;15;3;1;1;3;6;124;;M;0;0;470
201500018159;15;5;8;1915;1;1;1;1;7;324;;M;4463330;72827;470
201500018160;15;11;11;1116;1;1;8;1;3;179;LIEU-DIT LE MEME/PN 355;M;4450090;93946;470
201500018161;15;3;13;1630;1;2;1;1;2;252;ROUTE DE BORDEAUX;M;4439660;58308;470
201500018162;15;1;4;1345;1;1;1;8;4;56;BRUNHAC;M;4427830;246262;120
201500018163;15;1;10;1640;1;2;1;2;6;133;11 AVENUE DE RODEZ;M;4429400;255893;120
201500018164;15;2;7;1415;1;1;1;1;1;162;;M;4431700;239437;120
201500018165;15;3;6;1920;3;1;3;1;5;264;RD 68;M;4441220;260559;120
201500018166;15;3;15;20;3;1;1;2;6;90;DRUELLE;M;4436950;249541;120
201500018167;15;4;21;745;1;2;1;1;3;56;877 AVENUE DE RODEZ;M;4427690;244744;120
201500018168;15;7;19;1635;1;1;1;1;1;56;VORS - D 570;M;4428860;245275;120
201500018169;15;7;29;1140;1;2;1;1;6;133;AVENUE DE RODEZ;M;4429450;255887;120
201500018170;15;8;9;1230;1;1;1;8;1;1;;M;4434320;269771;120
201500018171;15;8;29;40;3;1;1;1;7;264;ROUTE DE FLARS;M;4440390;258805;120
201500018172;15;9;26;1800;1;1;1;1;7;185;RD 911 - PR 44+000;M;4427490;275222;120
201500018173;15;9;27;350;3;1;1;1;1;56;LES SILOS;M;4427170;241368;120
201500018174;15;10;3;2130;3;1;1;1;6;137;;;;;120
201500018175;15;10;6;1525;1;1;1;1;1;297;D 56 - FRAYSSINHES;M;4432700;269018;120
201500018176;15;10;13;1855;2;1;1;8;4;102;RD 62;M;4429570;260032;120
201500018177;15;5;2;1900;1;1;1;1;3;254;CANDOULET;M;4441290;255095;120
201500018178;15;5;14;1800;1;1;1;8;7;254;COUGOUSSE;M;4445080;247618;120
201500018179;15;6;13;1625;1;1;1;1;3;142;RD 994;M;4439920;236568;120
201500018180;15;6;20;2015;2;1;1;1;6;138;RD 962;M;4447470;245297;120
201500018181;15;7;2;1800;1;1;1;1;5;288;NUCES;M;4443070;244434;120
201500018182;15;7;3;1730;1;1;1;1;6;218;;M;4452420;239878;120
201500018183;15;8;26;1850;1;1;1;1;6;223;RD 111 - CARMENSAC;M;4479300;272987;120
201500018184;15;3;17;920;1;1;3;1;1;70;INTERSECTION VC1-VC2;M;4416550;310165;120
201500018185;15;8;30;1235;1;1;1;1;3;2;RD 809;M;4414560;309878;120
201500018186;15;8;28;1850;1;1;1;1;7;307;RD 199;M;4418460;283273;120
201500018187;15;1;11;535;3;1;1;2;6;208;RD 999 - VAILHAUZY;M;4395260;292140;120
201500018188;15;1;28;1000;1;2;1;1;6;208;AV JULES BOURGOUGNON;M;4395760;288128;120
201500018189;15;3;1;1420;1;1;1;2;7;129;;M;4408110;270165;120
201500018190;15;5;5;800;2;1;1;1;6;44;;M;4380010;293208;120
201500018191;15;7;9;1445;1;1;1;1;1;154;RD 999;M;4388160;280638;120
201500018192;15;7;17;1700;1;1;1;1;6;195;RD 999;M;4387200;276302;120
201500018193;15;3;20;1530;1;1;1;1;2;301;BOIS DE FUMAT;M;4442820;203810;120
201500018194;15;4;17;1700;1;1;1;2;6;257;;M;4455570;202515;120
201500018195;15;7;11;1700;1;2;2;1;3;20;RUE DU LANDREAU;M;4747220;-61982;490
201500018196;15;6;26;315;3;1;1;1;6;223;;M;4738894;-54398;490
201500018197;15;11;4;1445;1;2;1;2;3;120;22 route de moze;M;4737744;-60248;490
201500018198;15;11;23;1215;1;1;1;1;1;318;;M;4736381;-44026;490
201500018199;15;7;23;1100;1;1;1;1;2;42;Champ ferrй;M;4746501;-40124;490
201500018200;15;9;26;1815;1;1;1;1;5;377;;M;4753045;-41984;490
201500018201;15;10;30;2315;3;1;1;1;6;323;La lieue;M;4749917;-48949;490
201500018202;15;10;31;1500;1;1;1;7;1;4;;M;4746783;-37902;490
201500018203;15;1;19;1815;5;2;2;1;3;212;rue nationale;M;4738617;-86183;490
201500018204;15;5;28;815;1;1;1;1;6;295;;M;4733459;-82634;490
201500018205;15;8;12;1715;1;1;1;1;1;283;;M;4743100;-77088;490
201500018206;15;5;10;1030;1;1;1;1;1;83;L'Aupairй;M;4731205;-94084;490
201500018207;15;6;19;1330;1;2;1;1;1;240;7 Rue Franзois Guerif;M;4706764;-63453;490
201500018208;15;6;25;2300;3;1;1;1;2;373;RD960;M;4713783;-57457;490
201500018209;15;6;26;2145;2;2;1;1;3;373;rue de la Martiniиre;M;4714738;-53306;490
201500018210;15;10;17;1800;1;1;2;1;3;232;La Trйmoulliиre;M;4712330;-42900;490
201500018211;15;6;25;2300;3;1;1;1;7;215;Rue de la sociйtй, Trйzй;M;4710817;-8105;490
201500018212;15;10;19;1245;1;1;1;7;3;215;Champagne;M;4711382;-12271;490
201500018213;15;1;27;915;1;1;1;1;6;77;;M;4766840;-82168;490
201500018214;15;2;21;2300;3;1;1;1;1;103;La Cochiniиre;M;4771022;-100370;490
201500018215;15;3;17;945;1;1;1;1;1;8;La Pilletais;M;4759878;-99664;490
201500018216;15;5;2;2245;3;1;1;2;1;248;;M;4776954;-116466;490
201500018217;15;5;7;2330;5;2;1;1;6;8;rue des fours а chaux;M;4757136;-97224;490
201500018218;15;5;27;900;1;1;1;1;1;8;;M;4761078;-97908;490
201500018219;15;9;3;2115;3;1;1;1;1;61;;M;4761597;-103697;490
201500018220;15;10;22;1615;1;1;1;1;7;248;La promenade;M;4774575;-120467;490
201500018221;15;10;28;1745;2;1;1;2;7;61;;M;4763246;-106558;490
201500018222;15;6;11;1745;1;2;1;1;3;294;Route de la chaussйe;M;4748290;-68943;490
201500018223;15;6;17;1730;1;1;1;1;1;294;;M;4748823;-67056;490
201500018224;15;12;25;800;2;2;1;1;6;249;l'isle;M;4754738;-80866;490
201500018225;15;11;21;1200;1;2;1;2;6;80;04 rue nationale;M;4767912;-48769;490
201500018226;15;12;18;1830;3;1;1;9;6;51;;M;4769976;-45407;490
201500018227;15;1;15;1915;5;2;1;2;6;167;02 rue de l'Ile;M;0;0;550
201500018228;15;1;3;2015;3;1;3;3;2;8;;M;4926609;566277;550
201500018229;15;2;12;2015;5;1;6;5;7;198;;M;4918800;506100;550
201500018230;15;10;7;2115;3;1;1;1;5;63;;M;0;0;550
201500018231;15;10;3;1715;1;2;1;1;7;279;Route de Wiseppe;M;0;0;550
201500018232;15;7;7;1645;1;1;3;1;5;213;;M;4847656;-15250;610
201500018233;15;5;31;215;3;1;1;1;6;166;;M;4865487;37489;610
201500018234;15;6;28;1330;1;1;1;1;3;301;;M;4854568;16632;610
201500018235;15;7;12;600;2;1;1;1;7;64;;M;4864237;32188;610
201500018236;15;12;20;515;3;1;1;1;6;417;;M;4870427;2504;610
201500018237;15;8;25;930;1;1;2;1;3;496;;M;4874907;2227;610
201500018238;15;9;27;100;3;1;1;1;6;179;;M;4873845;-24693;610
201500018239;15;11;2;1830;3;1;1;1;6;505;;M;4879512;1272;610
201500018240;15;1;7;1145;1;1;1;8;7;181;;M;4880126;31010;610
201500018241;15;7;10;1845;1;1;2;1;5;201;;M;4860335;-6791;610
201500018242;15;9;1;1545;1;1;1;1;1;324;;M;4853163;-74116;610
201500018243;15;11;20;1800;3;1;3;8;3;75;;M;4851490;-64195;610
201500018244;15;7;1;1830;1;1;4;1;1;69;;M;4871921;-41456;610
201500018245;15;7;10;1615;1;1;1;1;1;44;;M;4884674;-50103;610
201500018246;15;6;19;630;2;1;2;1;1;63;;M;4871921;-41456;610
201500018247;15;10;9;1030;1;1;3;1;3;63;;M;4869002;-38125;610
201500018248;15;10;23;800;2;1;1;1;6;186;;M;4851388;-47618;610
201500018249;15;12;6;340;3;1;1;1;2;439;;M;4849374;-36528;610
201500018250;15;9;29;845;1;1;1;1;7;476;;M;4838686;41604;610
201500018251;15;3;7;2345;3;1;1;1;7;422;;M;4869600;63245;610
201500018252;15;3;7;1515;1;1;3;1;5;440;;M;4873073;64954;610
201500018253;15;6;6;1210;1;2;3;7;3;342;AVENUE BRESNARD;M;4875429;58989;610
201500018254;15;10;19;2200;3;2;1;1;7;423;LE BOURG;M;4878883;67853;610
201500018255;15;12;14;1000;1;1;1;1;7;456;;M;4879414;63331;610
201500018256;15;6;6;1200;1;1;2;1;2;409;;M;4836492;65067;610
201500018257;15;7;18;615;3;1;1;1;6;471;;M;4839384;60542;610
201500018258;15;10;31;1515;1;1;4;1;3;207;;M;4831759;50465;610
201500018259;15;1;21;1215;1;2;1;1;6;533;;M;5006148;140607;800
201500018260;15;1;26;1645;1;1;1;1;6;644;;M;5000548;137114;760
201500018261;15;4;21;930;1;2;1;7;2;255;route du TREPORT;M;5004917;140625;760
201500018262;15;5;19;1715;1;2;1;1;6;255;66bis, BD VICTOR HUGO;M;5004778;141486;760
201500018263;15;6;28;1745;1;1;2;1;3;374;;M;5000250;151590;760
201500018264;15;8;15;1500;1;2;1;1;3;207;Place Renй Deloriиre;M;4995991;139951;760
201500018265;15;8;24;1500;1;1;1;1;6;704;;M;4995070;124814;760
201500018266;15;8;28;1930;1;2;1;1;3;255;CHS DE PICARDIE;M;5005483;142308;760
201500018267;15;8;28;1500;1;2;1;1;1;533;avenue Pierre et Marie C;M;5006287;140203;800
201500018268;15;8;30;1700;1;2;1;1;7;711;route de dieppe;M;5005106;136742;760
201500018269;15;10;1;900;1;2;1;1;6;711;10, R DU DOCTEUR PEPIN;M;5005975;137654;760
201500018270;15;10;2;1430;1;2;1;1;6;255;7, R DU BRIQUET;M;5003352;139820;760
201500018271;15;11;29;130;3;2;1;1;6;533;Rue des canadiens(n°73);M;5006425;138526;800
201500018272;15;12;9;1745;3;1;1;1;5;192;;M;5002217;132547;760
201500018273;15;12;16;1215;1;2;1;2;1;255;R DES CANADIENS;M;5003875;142355;760
201500018274;15;5;20;1915;1;1;1;1;3;591;;M;4944660;120288;760
201500018275;15;5;23;1715;1;1;1;1;1;673;;M;4946165;126058;760
201500018276;15;6;27;1045;1;1;1;1;6;248;;M;4958013;127645;760
201500018277;15;8;2;1430;1;1;1;1;6;560;;M;4942160;117361;760
201500018278;15;10;27;1100;1;1;2;1;3;248;;M;4958641;134065;760
201500018279;15;5;29;1130;1;1;1;1;1;395;;M;0;0;630
201500018280;15;11;2;1815;2;1;1;1;1;302;;M;4570600;314700;630
201500018281;15;11;30;215;3;2;1;1;6;188;246Route de Vic le Comte;M;4566719;325845;630
201500018282;15;8;7;545;2;2;2;1;1;3;boulevard Sully;M;4554937;373960;630
201500018283;15;8;8;1830;1;1;1;2;6;3;;M;0;0;630
201500018284;15;12;16;1330;1;2;1;8;1;3;30 ALLEE HENRI POURRAT;M;4555570;373000;630
201500018285;15;12;20;1015;1;2;1;8;7;3;RUE DU 19 MARS 1962;M;4555037;374453;630
201500018286;15;10;17;1445;1;1;1;8;3;86;;M;4565600;363000;630
201500018287;15;10;22;1430;1;1;1;2;6;258;;M;4568300;363000;630
201500018288;15;2;4;1915;3;1;1;4;1;172;;M;0;0;630
201500018289;15;2;7;2330;3;2;1;9;3;234;RD996 - rte des moulins;M;4558653;309861;630
201500018290;15;2;28;1030;1;2;9;1;6;178;47 ave de la lib?ration;M;4553820;325060;630
201500018291;15;3;7;2045;5;2;3;1;3;178;Boulevard Albert Buisson;M;4554456;324682;630
201500018292;15;5;21;1545;1;1;1;1;1;422;;M;0;0;630
201500018293;15;5;23;2230;3;1;1;1;6;54;;M;0;0;630
201500018294;15;5;18;745;1;2;1;1;6;178;sur le pont sncf;M;4555150;325330;630
201500018295;15;6;17;2030;2;1;1;1;1;234;;M;0;0;630
201500018296;15;6;28;1715;1;1;1;1;7;380;;M;0;0;630
201500018297;15;9;7;30;3;1;1;1;7;178;plan d'eau du mas;M;4555146;327537;630
201500018298;15;9;22;1030;1;1;1;1;6;275;;M;4555300;317860;630
201500018299;15;12;4;1830;5;2;1;1;1;275;;M;0;0;630
201500018300;15;8;31;1630;1;1;1;1;7;352;;M;4545500;319600;630
201500018301;15;9;9;800;1;2;1;1;2;52;21 place de la Rйpubliqu;M;4546770;326430;630
201500018302;15;9;17;2230;3;1;1;2;7;9;;M;4542000;316800;630
201500018303;15;4;30;745;1;2;1;1;6;47;avenue alsace lorraine;M;4559300;274400;630
201500018304;15;5;21;930;1;1;1;1;7;236;;M;0;0;630
201500018305;15;9;26;1130;1;1;1;1;1;236;;M;4559800;283300;630
201500018306;15;7;20;900;1;1;4;1;1;148;;M;4590300;321600;630
201500018307;15;3;25;1515;1;1;1;1;7;283;;M;0;0;630
201500018308;15;4;12;1815;1;1;1;1;6;460;;M;4595300;265100;630
201500018309;15;5;27;1430;1;1;1;1;2;170;;M;4584317;354990;630
201500018310;15;9;4;1830;1;1;1;1;6;283;;M;0;0;630
201500018311;15;11;27;1;3;1;1;1;7;381;;M;4586500;289800;630
201500018312;15;3;12;1900;3;1;1;8;7;130;;M;0;0;630
201500018313;15;9;5;2015;2;2;9;1;3;338;HLM LES CHAPELLES BAT I;M;4616274;284077;630
201500018314;15;11;3;930;1;2;6;1;2;338;ROND POINT SUD;M;0;0;630
201500018315;15;6;8;1900;1;2;1;1;6;72;12 route de clermont;M;4587934;369496;630
201500018316;15;1;8;1845;5;2;1;1;6;195;rue saint taurin;M;4582940;338120;630
201500018317;15;2;27;1800;2;1;1;1;1;125;;M;0;0;630
201500018318;15;7;23;1115;1;2;1;1;6;195;11 rue marйchal leclerc;M;4582730;337930;630
201500018319;15;8;30;1600;1;1;1;1;6;16;;M;4571400;359200;630
201500018320;15;12;4;1445;1;1;1;1;6;265;;M;0;0;630
201500018321;15;10;27;1400;1;2;1;1;7;291;rue Duchassein;M;4596170;347910;630
201500018322;15;12;24;2300;3;1;1;1;6;210;;M;4592300;334900;630
201500018323;15;6;10;1815;1;1;9;1;6;117;;M;4767711;346718;890
201500018324;15;7;15;1700;1;1;1;1;6;237;;M;4758622;365516;890
201500018325;15;9;15;1200;1;1;1;1;6;252;;M;4765858;347260;890
201500018326;15;12;22;1200;1;2;1;1;3;119;RN 151 / CD 39;M;4752743;354147;890
201500018327;15;1;23;1330;1;1;1;1;1;263;;M;4783954;355146;890
201500018328;15;5;25;1;5;2;1;1;6;227;porte de varennes;M;4789988;376156;890
201500018329;15;5;30;2330;3;1;1;1;6;2;;M;4772115;387592;890
201500018330;15;6;3;2045;1;1;1;1;3;263;;M;4786446;357906;890
201500018331;15;4;26;15;3;1;1;1;6;61;;M;4799209;383064;890
201500018332;15;6;10;1830;1;2;1;7;3;292;;M;4796111;382403;890
201500018333;15;6;25;1830;1;2;1;1;6;345;rue Pierre de Coubertin;M;4800259;371980;890
201500018334;15;8;11;1445;1;1;1;1;7;345;;M;4801089;375118;890
201500018335;15;12;20;1915;3;1;1;1;1;345;;M;4801288;375336;890
201500018336;15;3;15;430;5;2;6;1;6;25;Avenue pepinster;M;4749358;390275;890
201500018337;15;3;24;1300;1;1;1;1;1;145;;M;4742708;383892;890
201500018338;15;8;22;100;3;1;1;1;6;176;;M;4741720;373383;890
201500018339;15;9;13;2330;3;1;1;2;1;21;;M;4747356;375651;890
201500018340;15;12;27;1730;5;2;1;1;6;25;rue carnot;M;4749198;390978;890
201500018341;15;4;30;1800;1;1;1;2;3;279;;M;4769230;402134;890
201500018342;15;1;19;1900;3;1;3;4;5;138;;M;4793605;307948;890
201500018343;15;4;16;1715;1;1;1;1;3;3;;M;4786857;331122;890
201500018344;15;4;21;1045;1;1;1;1;2;317;;M;4788754;312232;890
201500018345;15;4;22;1630;1;1;1;1;2;384;;M;4791419;334741;890
201500018346;15;6;30;1200;1;1;2;1;3;304;;M;4782916;341773;890
201500018347;15;8;7;1200;1;2;1;1;6;473;RD 178;M;0;0;890
201500018348;15;8;25;1230;1;1;1;1;7;294;;M;4785819;315996;890
201500018349;15;10;2;2015;3;1;1;1;1;384;;M;4792818;336705;890
201500018350;15;2;1;700;3;1;1;2;6;298;;M;4805625;313513;890
201500018351;15;10;16;930;1;1;1;1;3;264;;M;0;0;710
201500018352;15;11;20;1430;1;2;1;1;6;137;rue de la digue;M;0;0;710
201500018353;15;2;20;2045;3;1;1;1;6;543;;M;0;0;710
201500018354;15;12;8;1100;1;2;1;1;7;543;Avenue Mrйchal Leclerc;M;4656086;491010;710
201500018355;15;2;13;2230;3;1;1;3;6;493;;M;0;0;710
201500018356;15;2;16;845;1;2;1;5;3;190;Rue Jean BOUVERI;M;4698678;452719;710
201500018357;15;2;26;745;1;1;1;1;1;530;;M;4698942;448395;710
201500018358;15;3;11;1330;1;2;9;7;3;14;Rue de Parpas;M;4695188;429214;710
201500018359;15;3;27;830;1;2;1;1;1;14;route de Saulieu;M;4696616;429405;710
201500018360;15;4;19;145;3;2;1;1;6;530;9 rue du reuil d Eze;M;4700591;446767;710
201500018361;15;5;10;1615;1;1;1;1;3;20;;M;4710121;434010;710
201500018362;15;5;15;2045;2;1;1;1;1;184;;M;4701744;432756;710
201500018363;15;6;9;1745;1;2;1;1;3;14;place du champ de mars;M;4695017;429875;710
201500018364;15;6;15;745;1;1;1;3;6;493;;M;0;0;710
201500018365;15;7;9;615;2;1;1;1;7;527;;M;0;0;710
201500018366;15;7;12;1145;1;1;1;1;7;266;;M;4706727;424947;710
201500018367;15;8;29;2145;4;2;1;1;1;14;Rue de la Grange Vertu;M;4695283;429427;710
201500018368;15;9;22;1915;2;1;1;1;7;493;;M;0;0;710
201500018369;15;10;9;2215;5;2;1;1;6;368;;M;0;0;710
201500018370;15;11;20;1345;1;2;2;3;6;14;rue de la grange vertu;M;4695283;429427;710
201500018371;15;12;9;1430;1;1;1;1;3;9;;M;0;0;710
201500018372;15;9;30;1515;1;2;1;1;6;347;;M;0;0;710
201500018373;15;11;14;1945;3;1;1;1;4;73;;M;4684225;481387;710
201500018374;15;6;4;1830;1;1;1;1;3;482;;M;4684655;432025;710
201500018375;15;7;11;600;1;1;1;1;1;310;;M;0;0;710
201500018376;15;8;12;1715;1;1;1;1;1;413;;M;0;0;710
201500018377;15;8;21;1700;1;1;1;1;1;412;;M;0;0;710
201500018378;15;9;1;1915;1;1;1;1;2;310;;M;0;0;710
201500018379;15;10;4;730;2;1;1;5;1;282;;M;0;0;710
201500018380;15;2;12;1930;3;1;1;1;1;433;;M;0;0;710
201500018381;15;6;12;800;1;1;1;2;6;268;;M;0;0;710
201500018382;15;6;17;800;1;2;1;7;6;564;Le bourg;M;4644140;433770;710
201500018383;15;7;21;1645;1;1;1;1;1;21;;M;4649881;429669;710
201500018384;15;7;25;830;1;1;1;6;6;106;;M;0;0;710
201500018385;15;8;21;1215;1;1;1;1;5;106;;M;0;0;710
201500018386;15;6;27;1800;1;2;4;1;1;41;Les Combretoux;M;0;0;710
201500018387;15;1;14;1715;5;2;1;1;6;263;2 rue des dodanes;M;4662993;522110;710
201500018388;15;4;14;730;1;2;1;1;6;157;rue des ecoles;M;4649852;538944;710
201500018389;15;5;17;1915;1;1;1;1;3;558;;M;4648212;524247;710
201500018390;15;7;12;1715;1;2;1;1;3;263;116 rue des Bordes;M;4661973;522733;710
201500018391;15;7;31;1900;1;2;1;1;6;379;;M;0;0;710
201500018392;15;8;5;1915;1;1;1;1;7;379;;M;4660373;531195;710
201500018393;15;10;2;1500;1;1;1;1;3;303;;M;4667080;527088;710
201500018394;15;10;20;815;3;1;1;1;4;558;;M;4649189;524344;710
201500018395;15;8;28;1200;1;2;1;1;2;158;Route de Simandre;M;0;0;710
201500018396;15;11;8;145;3;1;1;1;6;410;;M;0;0;710
201500018397;15;7;10;1315;1;1;1;1;6;295;;M;4681400;521000;710
201500018398;15;10;24;1850;3;2;1;1;6;59;lieu dit cassignoles;M;4316072;211314;110
201500018399;15;2;7;1600;1;1;1;1;7;262;11100;M;4318139;306284;110
201500018400;15;2;28;1530;1;2;1;1;6;294;;M;4683209;472452;710
201500018401;15;9;18;1100;1;1;1;1;1;244;;M;4367420;-9309;320
201500018402;15;10;20;1630;1;1;2;1;2;414;;M;4369360;-6804;320
201500018403;15;3;28;1330;1;1;1;2;7;125;;M;0;0;810
201500018404;15;5;12;1015;1;2;1;1;6;99;Avenue charles de gaulle;M;0;0;810
201500018405;15;10;31;915;1;1;1;1;6;99;;M;0;0;810
201500018406;15;2;21;1445;1;2;1;1;1;220;ROUTE DE SAURS;M;0;0;810
201500018407;15;2;21;1115;1;2;1;1;6;220;PROMENADE DES LICES;M;0;0;810
201500018408;15;3;8;1445;1;1;1;1;7;55;;M;4342400;208599;810
201500018409;15;3;9;845;1;2;1;1;3;289;Avenue des Pyr?n?es;M;4355800;211600;810
201500018410;15;12;2;1015;1;2;9;1;6;120;les bruzzes;M;4352000;227000;810
201500018411;15;12;9;1445;1;1;1;1;6;307;;M;0;0;810
201500018412;15;12;29;1045;1;1;1;1;6;235;;M;4354600;221100;810
201500018413;15;4;22;830;1;2;9;1;6;88;rue Berthelot;;;;690
201500018414;15;12;27;1145;1;1;1;7;6;2;;M;4628200;443200;690
201500018415;15;2;6;1945;5;2;1;1;1;84;RUE WETTOLSHEIM;M;4618880;470031;690
201500018416;15;2;16;15;5;2;1;8;6;18;route de belleville;M;0;0;690
201500018417;15;4;17;2230;3;1;1;2;7;104;;M;4624150;466943;690
201500018418;15;4;20;1130;1;1;1;1;1;196;;M;4615870;454966;690
201500018419;15;4;22;1115;1;2;9;1;1;18;52 rue des йcharmeaux;M;0;0;690
201500018420;15;5;1;900;1;2;2;3;3;103;Lieu-dit Les Gonnards;M;0;0;690
201500018421;15;6;4;1400;1;1;1;1;7;108;;M;4617500;474800;690
201500018422;15;6;6;1730;1;1;1;1;3;108;;M;0;0;690
201500018423;15;6;19;1900;1;1;1;1;1;108;;M;4616960;470831;690
201500018424;15;6;20;1215;1;1;1;1;6;18;;M;4614550;457708;690
201500018425;15;7;24;130;3;1;1;1;7;258;;M;0;0;690
201500018426;15;8;13;1615;1;1;1;8;1;12;;M;0;0;690
201500018427;15;11;28;1600;2;1;1;1;6;267;;M;0;0;690
201500018428;15;12;13;2145;3;1;2;1;3;165;;M;4614700;463000;690
201500018429;15;3;6;1738;1;2;6;7;6;25;rue J-B FOURNIER;;;;690
201500018430;15;4;15;715;1;1;1;1;6;248;;M;0;0;690
201500018431;15;2;23;2030;5;2;1;2;6;84;25 route de Bordeaux;M;4472865;-45939;330
201500018432;15;3;17;845;1;2;1;1;6;311;83 AVENUE DU CHENE VERT;M;4468111;-36283;330
201500018433;15;6;14;300;3;1;1;1;6;534;14 RTE 19 MARS 1962;M;4471600;-39395;330
201500018434;15;12;3;815;1;1;1;5;3;140;;M;4475112;-33264;330
201500018435;15;12;8;1100;2;2;1;1;3;226;16 bis route de Crйon;M;0;0;330
201500018436;15;1;1;430;3;1;1;1;6;11;;M;4478090;-114118;330
201500018437;15;10;22;1145;1;2;1;2;1;11;allйe des rossignols;M;4477150;-113572;330
201500018438;15;10;25;1745;1;2;2;1;3;382;;M;4519390;-45780;330
201500018439;15;12;20;830;2;1;1;1;6;233;D250;M;4514287;-38356;330
201500018440;15;7;9;1800;1;1;2;1;3;36;;M;0;0;330
201500018441;15;8;31;1630;1;1;1;2;1;271;RD 655;M;4438943;-9719;330
201500018442;15;12;17;700;2;1;1;1;7;239;Bas Majouraou;M;4431755;-16369;330
201500018443;15;5;4;1045;1;1;1;1;1;399;LIEU DIT BOUCHEREAU;M;4466474;-13221;330
201500018444;15;6;29;1100;1;1;1;1;7;506;;M;4472604;-10463;330
201500018445;15;10;13;815;1;2;1;1;6;202;12 Loti le Bosquet;M;4449091;-63399;330
201500018446;15;7;13;815;1;1;1;1;7;214;;M;0;0;330
201500018447;15;8;27;1200;1;2;4;1;3;214;AVENUE DE L'OCEAN;M;4498517;-108068;330
201500018448;15;12;8;915;1;2;1;1;6;97;route de lacanau;M;4504241;-105854;330
201500018449;15;6;19;1630;1;1;2;1;3;424;;M;4515751;-84215;330
201500018450;15;4;26;330;3;1;1;1;6;521;;M;4547970;-104965;330
201500018451;15;7;11;1200;1;1;2;1;1;193;;M;4541622;-112944;330
201500018452;15;7;15;420;5;2;2;1;3;540;BD GENERAL LECLERC;M;4538030;-115452;330
201500018453;15;8;6;1615;1;1;2;1;3;490;;M;4542016;-103833;330
201500018454;15;8;19;1615;1;1;1;1;3;544;;M;0;0;330
201500018455;15;10;20;1345;1;2;1;1;7;538;villeneuve;M;4539314;-88918;330
201500018456;15;11;8;1300;1;1;3;1;6;544;;M;4553570;-109901;330
201500018457;15;3;28;2130;2;2;1;1;6;485;LIEU DIT MERLANDE;M;4483840;-14633;330