num_acc;an;mois;jour;hrmn;lum;agg;int;atm;col;com;adr;gps;lat;long;dep
201500018458;15;4;23;715;1;1;1;2;1;394;;M;0;0;330
201500018459;15;7;22;645;1;2;1;2;2;437;avenue de la dordogne;M;0;0;330
201500018460;15;10;4;2145;5;2;1;1;6;108;117 RUE MICHEL MONTAIGNE;M;4485671;-3405;330
201500018461;15;10;20;1815;2;1;2;1;3;394;;M;0;0;330
201500018462;15;10;23;730;3;1;1;1;1;342;;M;4490900;-6900;330
201500018463;15;1;20;1515;1;1;1;5;6;369;;M;4480960;21880;330
201500018464;15;5;23;2345;3;1;1;1;6;319;D16;M;4481241;7466;330
201500018465;15;10;30;515;3;1;2;1;3;126;;M;4327650;43979;650
201500018466;15;10;15;1015;1;1;1;1;6;174;;M;4349150;3696;650
201500018467;15;10;16;530;3;1;1;1;6;7;;M;4332480;6935;650
201500018468;15;11;7;1730;1;1;1;1;2;460;;M;4335150;22677;650
201500018469;15;7;15;1900;1;1;1;1;2;362;;M;4295900;-7849;650
201500018470;15;8;14;1400;1;1;1;1;2;77;;M;4297880;-6935;650
201500018471;15;8;27;1545;1;1;1;1;7;1;;M;4297073;-7471;650
201500018472;15;8;8;1645;1;1;1;2;1;140;;M;4288920;37905;650
201500018473;15;3;16;1045;1;2;1;1;4;139;;M;4725100;150900;410
201500018474;15;7;25;1430;1;1;1;1;7;217;;M;4730003;119906;410
201500018475;15;10;8;445;3;1;1;1;2;132;;M;4732350;146888;410
201500018476;15;10;8;1730;1;1;1;1;7;181;;M;4729318;127195;410
201500018477;15;10;18;1515;1;1;1;1;7;185;;M;4733870;166308;410
201500018478;15;5;28;1230;1;2;1;1;6;7;D22;M;0;0;820
201500018479;15;7;14;745;1;1;1;1;2;148;;M;0;0;820
201500018480;15;10;7;1645;1;1;1;1;6;76;;M;0;0;820
201500018481;15;10;8;830;1;1;1;1;6;87;;M;0;0;820
201500018482;15;5;27;1015;1;2;1;1;1;17;Rue Georges Brassens;M;4388330;125392;820
201500018483;15;9;9;1530;1;2;1;1;6;88;D106 bis;M;0;0;820
201500018484;15;1;21;1845;3;1;1;1;6;180;;M;4389300;103499;820
201500018485;15;4;23;1445;1;2;1;8;6;143;D 11, le village;M;0;0;820
201500018486;15;5;18;1215;1;2;9;1;3;13;croisement RD98/VC4;M;4387660;99646;820
201500018487;15;7;9;600;2;1;1;1;6;193;;M;4389792;103993;820
201500018488;15;12;8;1000;1;1;1;8;7;53;;M;0;0;820
201500018489;15;6;3;1645;1;1;1;1;7;112;;M;0;0;820
201500018490;15;6;23;2300;3;1;1;1;6;112;;M;4414215;119768;820
201500018491;15;10;27;1845;3;1;1;1;6;169;;M;0;0;820
201500018492;15;11;3;2245;3;1;1;1;6;112;;M;0;0;820
201500018493;15;2;6;1030;1;1;2;6;1;774;;M;4988369;254851;800
201500018494;15;10;16;1645;1;2;1;1;1;799;Route de dйmuin;M;4986326;252277;800
201500018495;15;11;6;145;3;1;1;2;6;426;;M;4996470;252107;800
201500018496;15;11;10;1030;1;2;1;1;2;212;Rue de la Rйpublique;M;4991298;249663;800
201500018497;15;11;20;115;5;2;1;1;6;507;RUE du ONZE NOVEMBRE;M;4985159;257303;800
201500018498;15;2;14;2145;5;2;1;1;6;587;RD1015;M;4992320;166873;800
201500018499;15;3;28;2215;5;2;1;8;7;484;Rue du Bois;M;4985233;182515;800
201500018500;15;4;3;2300;3;1;1;2;7;62;;M;4983068;177859;800
201500018501;15;4;28;1700;1;2;1;1;3;655;Rue de la ville;M;4995467;199050;800
201500018502;15;5;3;1930;1;1;1;1;7;651;;M;0;0;800
201500018503;15;5;21;815;1;1;2;1;3;800;;M;4987640;181826;800
201500018504;15;5;22;1830;1;1;1;1;3;13;;M;4996473;193336;800
201500018505;15;6;26;1545;1;1;1;1;3;62;;M;4983231;178061;800
201500018506;15;10;7;1430;1;1;1;8;3;361;;M;4991710;179990;800
201500018507;15;11;26;1300;1;1;1;1;6;443;D211;M;4987470;195181;800
201500018508;15;4;27;1430;1;1;1;1;3;225;Rue du Bois;M;4983613;216196;800
201500018509;15;5;6;1345;1;1;1;6;7;50;;M;4982789;218394;800
201500018510;15;5;20;800;1;1;1;2;3;357;;M;4985075;206627;800
201500018511;15;6;28;1745;1;2;1;1;7;627;rйs. la clй des champs;M;4981370;222114;800
201500018512;15;7;14;1930;1;1;1;1;7;630;;M;4978267;200260;800
201500018513;15;8;15;150;3;1;1;8;7;455;;M;4977048;196562;800
201500018514;15;8;26;1830;1;1;1;3;2;227;;M;4978768;198080;800
201500018515;15;11;17;1600;1;1;1;2;3;227;;M;4979339;197781;800
201500018516;15;12;4;1200;1;1;2;1;3;218;D1029 / VC(D258);M;4980644;205365;800
201500018517;15;10;21;1045;1;2;6;8;6;597;RUE GASTON VASSEUR;M;5010022;158841;800
201500018518;15;4;11;930;1;1;1;1;3;782;;M;4997261;226990;800
201500018519;15;4;24;1615;1;1;2;1;5;24;;M;4995193;223835;800
201500018520;15;6;5;1015;1;2;1;1;6;634;10, Rue du 31 AOЬT 1944;M;4993892;244033;800
201500018521;15;6;20;1230;1;1;1;1;6;773;;M;5002230;249286;800
201500018522;15;6;20;1530;1;1;1;1;7;92;Rue de Coisy;M;4996866;230033;800
201500018523;15;7;4;1830;1;2;1;1;1;11;D1235 R JEAN CATELAS;M;4992196;221098;800
201500018524;15;10;17;400;3;1;1;8;6;622;;M;4994100;211231;800
201500018525;15;1;3;1845;3;1;1;3;6;406;;M;4999837;189654;800
201500018526;15;1;27;1945;3;1;1;1;1;163;;M;5010330;176176;800
201500018527;15;2;13;1530;1;2;1;1;1;488;36 AV DES DEPORTES;M;5001755;199018;800
201500018528;15;3;13;1845;1;1;2;1;3;78;;M;5010024;191783;800
201500018529;15;3;20;1100;1;1;1;1;1;9;;M;5007969;198521;800
201500018530;15;4;5;1715;1;2;1;1;3;446;09, Rue des Juifs;M;5002665;176964;800
201500018531;15;8;1;1930;1;1;1;7;1;245;;M;5014555;208264;800
201500018532;15;8;2;2015;1;2;1;1;6;196;;M;4998210;182407;800
201500018533;15;8;8;2345;3;1;2;1;3;779;;M;5009150;187915;800
201500018534;15;8;13;1145;1;1;1;1;5;260;;M;5013715;183999;800
201500018535;15;8;16;2135;1;2;1;1;6;282;Rte de Pont Rйmy;M;5005225;188493;800
201500018536;15;8;22;1245;1;1;1;1;7;546;RTE NATIONNALE;M;5010057;172562;800
201500018537;15;8;22;1200;1;1;1;1;6;135;;M;5005083;186587;800
201500018538;15;9;25;1715;1;2;1;1;1;171;RUE VERTE;M;5013136;188712;800
201500018539;15;10;22;1445;1;1;1;1;1;546;;M;5009362;171365;800
201500018540;15;10;23;1845;5;2;1;1;6;262;rue du Meilier;M;5006121;188711;800
201500018541;15;1;25;1545;1;1;1;1;6;373;;M;4998287;158409;800
201500018542;15;3;2;700;2;2;1;1;1;360;Gabart / Mont Blanc;M;5007133;157111;800
201500018543;15;3;4;1530;1;1;1;1;5;362;;M;4998055;164136;800
201500018544;15;4;27;1530;1;1;1;1;6;760;;M;4998177;159938;800
201500018545;15;4;29;715;2;1;1;1;1;360;;M;5006107;156784;800
201500018546;15;5;23;130;5;2;1;1;6;368;Rue Marйchal Foch;M;5009100;154511;800
201500018547;15;5;23;1200;1;1;1;1;4;714;;M;5006403;148066;800
201500018548;15;5;31;815;1;2;2;2;1;190;firmin et nicolas get;M;5005662;165152;800
201500018549;15;6;7;1645;1;2;1;1;3;464;370, R de l'Abbй Ducrocq;M;5015909;155559;800
201500018550;15;6;19;1500;1;1;1;1;3;527;;M;5006523;150058;800
201500018551;15;6;22;1500;1;1;1;2;1;126;;M;4995228;160445;800
201500018552;15;7;2;1745;1;1;1;1;6;126;;M;4996240;159091;800
201500018553;15;7;12;1530;1;2;3;2;3;368;D229, RUE VOLTAIRE;M;5007521;155220;800
201500018554;15;8;6;1245;1;1;1;1;2;721;;M;5017287;164490;800
201500018555;15;8;29;1700;1;2;1;1;3;500;Rue de Gamaches;M;5001587;161623;800
201500018556;15;9;3;715;1;2;1;2;6;360;rue jean jaures;M;5006717;157032;800
201500018557;15;9;5;1900;1;2;2;1;3;235;D190 / D2;M;5004414;152446;800
201500018558;15;9;19;515;3;2;1;2;6;362;1 rue de l'йglise;M;5000989;164223;800
201500018559;15;9;23;1845;1;1;1;1;2;368;;M;5009553;156756;800
201500018560;15;10;15;2115;5;2;1;2;3;360;rue Jean-Jaurиs;M;5006730;157399;800
201500018561;15;11;6;1930;2;1;1;8;1;126;D928;M;4994309;164194;800
201500018562;15;11;9;1700;2;1;1;7;2;368;;M;5009578;156841;800
201500018563;15;11;11;1300;1;1;9;1;7;190;;M;5005100;164059;800
201500018564;15;11;22;1330;1;1;2;1;3;775;D925 / D48;M;5007678;160995;800
201500018565;15;12;11;1715;5;2;1;3;6;373;D1015, RUE Gal Leclerc;M;4998604;155676;800
201500018566;15;12;19;1430;1;2;1;1;3;265;1 rue de la rйsistance;M;5003033;154432;800
201500018567;15;1;22;1545;1;1;8;1;1;600;;M;5019901;170561;800
201500018568;15;3;1;2000;3;1;1;2;7;589;;M;5022253;203057;800
201500018569;15;4;1;1715;1;1;1;6;7;548;;M;5014952;189874;800
201500018570;15;4;9;1945;1;1;1;1;6;810;;M;5025216;206833;800
201500018571;15;4;29;1545;1;1;1;1;6;580;;M;5034788;175184;800
201500018572;15;5;12;2015;1;1;1;1;6;248;;M;5028164;190579;800
201500018573;15;6;11;1630;1;1;1;1;5;109;;M;5026004;197174;800
201500018574;15;7;12;1945;1;2;1;1;6;30;rue joseph arrent;M;5027852;171964;800
201500018575;15;8;10;1500;1;2;1;1;1;763;rue de la chapelle;M;5018896;180027;800
201500018576;15;8;21;1445;1;1;1;1;1;222;;M;5023279;185279;800
201500018577;15;8;23;1045;1;1;1;2;1;228;RTE de RUE;M;5022212;163269;800
201500018578;15;8;24;1500;1;2;1;3;1;109;15 RTE NATIONNALE;M;5026988;198467;800
201500018579;15;8;25;1315;1;1;1;8;6;688;;M;5028743;165244;800
201500018580;15;8;29;1900;1;2;1;1;3;333;Promenade du Marquenterr;M;5033863;156616;800
201500018581;15;9;8;1630;1;1;1;1;1;600;;M;5016584;172524;800
201500018582;15;9;14;1215;1;1;1;2;1;590;;M;5016523;186199;800
201500018583;15;9;20;1900;1;1;1;1;2;149;;M;5015648;181760;800
201500018584;15;10;6;1930;3;1;1;3;7;590;;M;5016504;189562;800
201500018585;15;10;20;730;2;1;1;8;6;222;;M;5021813;183743;800
201500018586;15;11;21;2215;5;2;1;8;6;109;D928;M;5026866;198339;800
201500018587;15;12;22;1200;1;1;2;1;3;590;D928 / D32;M;5017277;186761;800
201500018588;15;12;26;100;3;1;1;1;6;600;;M;5019566;173512;800
201500018589;15;3;1;1730;1;1;1;1;1;420;;M;5002966;250422;800
201500018590;15;3;8;1815;1;1;1;1;6;776;;M;5005538;253553;800
201500018591;15;4;29;1845;1;2;1;2;7;253;1,Route d'Albert;M;5015177;234079;800
201500018592;15;5;9;2025;1;2;1;1;6;614;Rue d'Occoches;M;5017040;226137;800
201500018593;15;6;18;815;1;1;1;2;3;431;;M;5003071;239385;800
201500018594;15;10;30;1445;1;1;2;1;3;659;CARR D11 / D31;M;5008222;242657;800
201500018595;15;2;21;15;5;2;1;1;6;310;rue du 11 novembre 1918;M;5012101;222840;800
201500018596;15;5;11;845;1;1;1;1;1;89;;M;5009289;215905;800
201500018597;15;5;23;130;5;1;1;1;6;318;RUE DE LA RESISTANCE;M;5000886;207440;800
201500018598;15;8;14;945;1;1;1;1;1;742;;M;5006369;208923;800
201500018599;15;10;5;1830;1;2;1;2;6;318;29 rue roger godard;M;5001436;208137;800
201500018600;15;10;8;1015;1;2;1;1;2;93;25 rue Lucien PEYRAT;M;5004671;214461;800
201500018601;15;10;11;1615;1;1;2;1;3;381;D933 / D216;M;5010470;218705;800
201500018602;15;11;18;1500;1;1;1;6;3;93;;M;5003570;215469;800
201500018603;15;11;20;15;3;1;1;3;6;381;;M;5011722;218143;800
201500018604;15;1;14;1445;1;2;9;1;6;561;AVENUE DU 8 MAI 1945;M;4964659;258738;800
201500018605;15;3;17;1745;1;1;2;1;5;685;;M;4968424;278929;800
201500018606;15;4;18;1745;1;1;2;1;1;685;;M;4969657;280653;800
201500018607;15;5;6;1415;1;2;1;1;1;678;rue de la Madeleine;M;4959008;265510;800
201500018608;15;6;29;1515;1;2;1;7;5;685;D934;M;4971353;279546;800
201500018609;15;7;6;1130;1;2;1;1;3;293;RD329 / RD135;M;4966875;260202;800
201500018610;15;7;12;2045;2;1;1;1;1;561;;M;4965955;256603;800
201500018611;15;7;23;815;1;1;9;1;2;561;;M;4965870;258407;800
201500018612;15;8;5;1700;1;1;1;1;6;685;;M;4968765;280292;800
201500018613;15;8;9;1945;1;1;1;1;6;759;;M;4964560;275162;800
201500018614;15;8;16;2200;5;2;1;1;6;685;Rue du Puits A Marne;M;4969973;276566;800
201500018615;15;9;10;1730;1;1;1;1;1;561;;M;4965890;258479;800
201500018616;15;10;6;1745;1;1;1;8;7;74;CH DE WARSY;M;4969238;263221;800
201500018617;15;11;5;1745;2;2;1;1;3;561;D935 Av Paul Doumer;M;4964620;257260;800
201500018618;15;3;13;2145;1;1;1;1;6;64;;M;4979709;260382;800
201500018619;15;4;2;700;2;1;1;2;2;652;;M;4977820;259916;800
201500018620;15;6;11;1545;1;1;1;1;4;571;;M;4976609;246497;800
201500018621;15;6;26;45;5;2;6;1;1;570;Rpt / Rue E. Branly;M;4978173;247908;800
201500018622;15;7;2;100;5;2;1;1;6;452;Rue du Gйnйral LECLERC;M;4975850;235301;800
201500018623;15;7;29;1330;1;1;1;1;1;237;;M;4982494;253608;800
201500018624;15;8;2;1715;1;2;1;1;2;570;chemin de la briqueterie;M;4976587;247434;800
201500018625;15;8;17;1545;1;1;1;1;1;94;;M;4981819;246054;800
201500018626;15;10;10;1330;1;2;1;8;5;571;138 rue Thiers Prolongйe;M;4976960;247201;800
201500018627;15;11;6;1800;2;2;1;1;5;10;27 rue sadi carnot;M;4975570;236216;800
201500018628;15;11;12;1745;2;1;1;1;3;31;;M;4975214;265972;800
201500018629;15;11;25;1745;2;1;1;2;7;321;D14;M;4968450;236059;800
201500018630;15;12;17;1745;5;2;9;2;6;570;rue du Cardinal Mercier;M;4977315;248735;800
201500018631;15;12;24;2345;3;1;1;1;3;681;RD 920;M;4976517;241663;800
201500018632;15;12;27;915;3;1;1;1;3;652;;M;4976943;261966;800
201500018633;15;2;27;1130;1;1;1;1;1;747;;M;4996539;303223;800
201500018634;15;3;6;1745;1;2;1;1;1;204;1 RUE DE PERONNE;M;5000893;286855;800
201500018635;15;4;20;930;3;2;1;1;7;275;Rue Cotel;M;5003610;301736;800
201500018636;15;5;11;745;1;1;1;1;6;175;;M;4998304;274512;800
201500018637;15;8;7;2245;2;1;1;1;1;677;;M;4995058;311944;800
201500018638;15;11;28;1930;3;1;1;6;1;240;D 937;M;4992199;296209;800
201500018639;15;12;1;1145;1;1;1;2;1;54;D 79;M;4990613;290505;800
201500018640;15;1;27;1645;1;1;2;1;3;572;;M;4993638;264256;800
201500018641;15;2;23;1215;1;1;1;1;2;417;rue RAOUL DEFRUIT;M;4985166;265856;800
201500018642;15;4;14;1500;1;1;3;1;1;186;;M;4980393;281145;800
201500018643;15;6;30;2115;1;1;1;1;2;58;;M;4987274;265652;800
201500018644;15;7;30;1700;1;1;2;1;4;647;;M;4978821;283162;800
201500018645;15;8;16;1915;1;1;1;1;6;781;;M;4984733;268819;800
201500018646;15;10;14;430;3;1;2;1;3;617;;M;4974688;274663;800
201500018647;15;10;24;645;3;1;1;1;3;781;;M;4984281;269470;800
201500018648;15;11;16;1345;1;1;1;1;1;186;;M;4982370;279067;800
201500018649;15;11;19;1900;3;1;1;2;3;58;D1029 / VC;M;4987242;263612;800
201500018650;15;11;30;2000;5;1;1;2;6;288;Avenue ZAC Hte Picardie;M;4986524;283061;800
201500018651;15;12;16;1330;1;1;1;8;3;353;D1017;M;4985623;287948;800
201500018652;15;1;11;315;5;2;1;1;6;410;9,BD DE LA LIBERTE;M;4974054;307427;800
201500018653;15;1;23;2130;3;1;1;1;6;410;;M;4975691;306101;800
201500018654;15;1;25;500;3;1;1;9;6;474;;M;4981758;289787;800
201500018655;15;1;30;900;1;2;1;4;6;410;49, RUE SALVATOR ALLENDE;M;4975141;306699;800
201500018656;15;3;6;1230;1;2;1;1;3;579;80,Rue de Paris;M;4972987;306736;800
201500018657;15;4;16;900;1;2;1;1;6;811;rue de nesle;M;4977192;298272;800
201500018658;15;9;13;1815;1;2;1;2;1;410;40 rue de Verdun;M;4974292;308272;800
201500018659;15;9;25;1500;1;1;2;1;3;442;CARR D930 / D17;M;4974194;301755;800
201500018660;15;10;14;1700;1;1;1;3;1;684;;M;4975580;294971;800
201500018661;15;1;17;115;3;1;1;2;7;547;;M;4933586;249691;600
201500018662;15;1;31;815;2;1;1;9;6;102;;M;4930806;253983;600
201500018663;15;6;17;1730;1;2;1;1;7;587;80 rue de Paris;M;4933482;260427;600
201500018664;15;7;15;2000;1;1;1;1;1;539;;M;4929746;251891;600
201500018665;15;9;16;1315;1;1;1;2;6;562;;M;4936649;255737;600
201500018666;15;9;16;900;1;1;1;1;7;274;FIN A89;M;4519080;148601;190
201500018667;15;5;30;500;2;2;1;1;6;346;Lieu dit Torra;M;0;0;202
201500018668;15;8;17;1430;1;1;1;1;2;318;;M;0;0;202
201500018669;15;7;3;1430;1;1;1;1;7;121;;M;4240100;869200;202
201500018670;15;11;30;645;2;1;1;1;7;50;;M;4255300;878900;202
201500018671;15;12;18;1000;1;1;1;1;2;50;;M;0;0;202
201500018672;15;5;30;1015;1;1;1;1;6;168;;M;0;0;202
201500018673;15;3;22;1030;1;1;1;2;3;342;;M;0;0;202
201500018674;15;5;13;1345;1;2;1;1;6;342;RT 10;M;0;0;202
201500018675;15;5;29;1600;1;2;1;1;3;123;avenue du 09 septembre;M;0;0;202
201500018676;15;12;17;2100;3;1;1;1;6;251;;M;0;0;202
201500018677;15;1;20;1500;1;2;6;1;3;541;ROND POINT GIMENELLS;M;4367283;136660;310
201500018678;15;6;8;830;1;1;1;1;3;150;;M;4365783;133849;310
201500018679;15;8;25;1515;1;2;1;1;6;351;;M;4366929;128035;310
201500018680;15;9;4;1545;1;2;2;1;1;150;RD 63 E;M;0;0;310
201500018681;15;9;17;845;1;1;1;2;5;541;;M;0;0;310
201500018682;15;10;31;130;3;1;1;1;1;351;;M;0;0;310
201500018683;15;12;11;1730;2;2;1;1;6;541;allйe des tricheries;M;4368234;136604;310
201500018684;15;4;27;1430;1;1;1;8;1;48;;M;0;0;201
201500018685;15;6;20;1600;1;1;1;8;6;258;;M;4220659;880237;201
201500018686;15;5;12;1430;1;1;3;1;2;17;;M;4199286;876316;201
201500018687;15;1;31;900;4;1;1;1;1;163;;M;0;0;201
201500018688;15;2;10;930;1;1;1;1;7;139;;M;4165970;931629;201
201500018689;15;10;26;1245;1;1;1;2;1;139;;M;4166614;930659;201
201500018690;15;12;22;1700;2;1;1;1;6;92;;M;0;0;201
201500018691;15;4;11;1600;1;1;1;1;7;64;;M;4184909;896856;201
201500018692;15;5;1;1700;1;2;1;1;3;26;Le village;M;4187600;900400;201
201500018693;15;1;22;2115;3;1;1;1;6;86;;M;4641880;-33285;790
201500018694;15;4;12;1700;1;1;1;1;3;101;;M;4648033;-57951;790
201500018695;15;6;5;2245;3;1;1;1;7;32;;M;4646970;-51598;790
201500018696;15;6;20;1236;1;1;1;1;1;66;"LD ""MONTPLAISIR""";M;4646614;-37051;790
201500018697;15;6;20;1615;1;1;2;1;7;133;;M;4644321;-40456;790
201500018698;15;9;14;2300;3;1;1;2;6;109;;M;4624506;-3262;790
201500018699;15;10;1;800;1;2;1;7;7;320;43 LE BOIS DE LA SEPPE;M;4646373;-46165;790
201500018700;15;12;5;215;3;1;1;1;6;86;;M;4642829;-31933;790
201500018701;15;1;8;745;5;1;1;1;6;31;;M;4618324;-47393;790
201500018702;15;3;4;1915;2;1;1;1;3;355;;M;4630949;-36149;790
201500018703;15;4;3;1315;1;1;4;1;2;33;;M;4612450;-49374;790
201500018704;15;4;16;1620;1;2;2;1;3;3;LD PIED BLANC;M;4627070;-44704;790
201500018705;15;4;21;715;1;1;1;1;6;170;;M;4618240;-63370;790
201500018706;15;5;30;2215;3;1;1;1;7;34;;M;4629242;-51070;790
201500018707;15;7;11;2215;3;1;1;1;6;334;;M;4616814;-55805;790
201500018708;15;7;25;1515;1;1;1;1;1;298;;M;4624695;-49340;790
201500018709;15;10;24;1500;1;1;1;1;6;130;;M;4627070;-52763;790
201500018710;15;12;4;730;2;1;1;8;2;130;;M;4625131;-55329;790
201500018711;15;12;8;915;1;2;1;1;6;130;rue Renй Cassin;M;4625438;-53981;790
201500018712;15;12;11;2130;3;1;1;1;6;130;;M;4624331;-57221;790
201500018713;15;1;26;1625;1;1;1;1;6;30;;M;4625829;-16100;790
201500018714;15;4;26;905;1;1;1;8;6;264;"LD ""LA CORBILLIERE""";M;4622656;-8334;790
201500018715;15;6;25;2115;1;1;1;1;1;217;;M;4631297;-19665;790
201500018716;15;7;4;1915;1;2;1;1;6;174;2 RUE FOUCAUDERIE;M;4622566;-14440;790
201500018717;15;7;9;945;1;2;6;1;3;174;ROUTE DE LA ROCHE;M;4623519;-15069;790
201500018718;15;8;2;345;5;2;1;1;6;57;18 RTE DE VERNOUX-COULON;M;4615366;-22806;790
201500018719;15;10;14;1115;1;1;2;1;3;126;;M;4616778;-36337;790
201500018720;15;10;18;20;3;1;1;1;6;111;"LD ""CHINETROTTE""";M;4610418;-26503;790
201500018721;15;1;11;626;4;1;1;1;6;48;"LD ""LES GUIBERTIERES""";M;4637477;-28115;790
201500018722;15;3;8;1200;1;1;2;1;4;319;;M;4634001;-15758;790
201500018723;15;3;10;1230;1;1;1;1;6;23;;M;4637656;-891;790
201500018724;15;4;5;1540;1;1;1;1;7;184;;M;4634960;-12949;790
201500018725;15;4;26;550;3;1;1;8;7;319;;M;4637274;-18313;790
201500018726;15;6;6;2110;1;2;1;1;3;48;104 AVENUE DE PARIS;M;4636352;-29728;790
201500018727;15;6;30;1030;1;1;1;1;1;246;"LD ""FAYE""";M;4639407;-14813;790
201500018728;15;9;12;830;1;1;1;8;4;189;LD GATEBOT;M;4642279;-16636;790
201500018729;15;10;14;1500;1;2;1;1;6;270;RUE DENFERT ROCHEREAU;M;4661401;-23151;790
201500018730;15;10;31;1920;3;1;2;1;3;319;;M;4634002;-15760;790
201500018731;15;1;18;645;3;1;1;1;6;261;;M;4675968;-62160;790
201500018732;15;1;17;1045;1;2;2;1;4;79;RUE CARDINAL SOURDIS;M;4691869;-74368;790
201500018733;15;3;14;1630;1;1;1;1;7;183;;M;4683252;-73376;790
201500018734;15;4;15;930;1;1;1;1;1;103;;M;4679073;-6121;790
201500018735;15;5;23;1230;1;2;3;1;3;79;10 RUE CNAL DE SOURDIS;M;4692240;-74383;790
201500018736;15;8;21;1100;1;2;3;1;1;195;rue Saint Hubert;M;0;0;790
201500018737;15;10;24;1930;5;2;6;1;3;79;R DE LA VALLEE DE LOUIN;M;4691791;-74853;790
201500018738;15;10;25;800;2;1;1;1;7;103;;M;4678850;-60801;790
201500018739;15;12;17;1730;5;2;9;1;6;195;59 AV SAINT-HUBERT;M;4694782;-59432;790
201500018740;15;1;5;745;2;1;2;5;3;161;;M;4694300;-20359;790
201500018741;15;2;8;1215;1;1;2;6;3;244;;M;4702879;-14917;790
201500018742;15;2;22;115;3;2;1;1;6;265;RUE DES CHAMPS RABY;M;4699111;-13887;790
201500018743;15;7;9;1545;1;1;1;1;5;134;;M;4685599;-20879;790
201500018744;15;8;28;2130;3;1;2;1;3;277;;M;4709792;-16884;790
201500018745;15;11;15;1610;1;1;8;1;3;171;"LD ""LE BUISSON RIGNE""";M;4693212;-26744;790
201500018746;15;11;16;1735;3;1;1;2;2;299;;M;4689614;-19267;790
201500018747;15;11;29;130;3;2;1;2;7;13;ROUTE DE THOUARS;M;4698591;-44592;790
201500018748;15;12;5;1030;1;1;1;1;1;132;LE MOULIN DES LANDES;M;4705068;-41655;790
201500018749;15;12;6;1130;1;1;1;1;7;265;;M;4700854;-16043;790
201500018750;15;12;23;1735;5;2;1;1;6;43;RUE EMILE ZOLA;M;4707589;-26888;790
201500018751;15;12;30;530;3;1;1;1;6;157;LD MAGE;M;4702305;-19699;790
201500018752;15;1;6;1320;1;1;4;1;2;347;;M;4669451;-27566;790
201500018753;15;7;9;905;1;1;3;1;3;347;;M;4668100;22066;790
201500018754;15;2;15;1920;3;1;1;1;6;345;"LD ""LE GRAND BEAUCHAMP""";M;4652054;-30666;790
201500018755;15;4;10;500;3;1;1;1;5;8;;M;4674104;-30336;790
201500018756;15;6;1;1725;1;2;1;1;6;202;BD GEORGES CLEMENCEAU;M;4664218;-26038;790
201500018757;15;6;5;1215;1;1;5;1;3;339;;M;4659660;-4183;790
201500018758;15;7;6;740;1;1;4;1;7;339;;M;4660542;-2201;790
201500018759;15;7;9;1745;1;1;1;1;7;202;;M;4664737;-21031;790
201500018760;15;10;16;1600;1;1;1;1;3;213;"LD ""SAINTE-MARIE""";M;4661401;-23151;790
201500018761;15;10;31;1700;1;1;2;1;3;92;;M;4649704;-17767;790
201500018762;15;11;24;2115;3;1;1;1;6;322;;M;4663865;-28054;790
201500018763;15;3;28;1600;1;1;1;1;7;167;"LD ""RETOURNAY""";M;4686343;-1853;790
201500018764;15;3;30;2030;2;1;1;1;7;5;;M;4683310;-12364;790
201500018765;15;4;26;700;2;1;1;3;6;208;;M;4664855;-18858;790
201500018766;15;6;30;830;1;2;1;1;1;260;;M;4687888;-5021;790
201500018767;15;9;5;1700;1;1;1;1;1;120;;M;4666024;-7239;790
201500018768;15;10;19;1645;1;1;1;1;1;208;"LD ""LE CHALET""";M;4664834;-19329;790
201500018769;15;11;25;1815;3;2;1;2;6;22;5 RUE SAINT-HILAIRE;M;4685469;-14309;790
201500018770;15;3;5;1430;1;1;1;1;6;342;"LD ""LE BOURG NEUF""";M;4663470;-52366;790
201500018771;15;7;10;1000;1;1;2;1;3;342;;M;4658250;-52358;790
201500018772;15;8;8;1545;1;2;1;1;6;311;61 ROUTE DE VENDEE;M;4660924;-42427;790
201500018773;15;10;8;30;3;1;1;1;6;179;;M;4674768;-61422;790