num_acc;an;mois;jour;hrmn;lum;agg;int;atm;col;com;adr;gps;lat;long;dep
201500018774;15;12;13;2000;3;1;1;1;6;69;"LD ""LE VERDON""";M;4678175;-47834;790
201500018775;15;1;23;1745;1;1;2;1;3;517;;M;4952215;113623;760
201500018776;15;4;19;1815;1;2;2;1;3;452;61, R WINSTON CHURCHILL;M;4955364;107456;760
201500018777;15;8;19;1200;1;2;6;1;3;377;route de neufchatel;M;4949798;115177;760
201500018778;15;3;25;815;1;2;1;1;1;482;RUE DU CHATEAU;M;4985594;102138;760
201500018779;15;7;5;1900;1;1;1;1;7;136;;M;4981963;94050;760
201500018780;15;7;10;830;1;2;2;7;3;136;;M;4981449;95068;760
201500018781;15;7;25;1915;1;1;4;1;1;34;;M;4972429;109239;760
201500018782;15;7;21;2015;1;1;2;1;3;321;Rue des pierres;M;4977474;122193;760
201500018783;15;10;18;1345;1;1;1;1;7;700;;M;4968171;103311;760
201500018784;15;12;27;1915;3;2;1;1;6;18;;M;4970878;96482;760
201500018785;15;1;11;1800;3;1;1;6;2;470;;M;4968260;59697;760
201500018786;15;1;12;1445;1;1;1;1;6;607;;M;4967443;59530;760
201500018787;15;2;22;1045;1;2;1;1;6;593;26, R PRINCIPALE;M;4957193;41890;760
201500018788;15;4;14;1530;1;1;1;7;1;525;;M;4964052;62199;760
201500018789;15;9;26;1000;1;1;1;1;1;471;;M;4947728;62576;760
201500018790;15;12;29;1245;1;2;3;1;1;258;R CHARLES DE GAULLE;M;4965339;59977;760
201500018791;15;9;26;1230;1;2;2;1;3;454;Intersection CD 36 et 7;M;4974919;155151;760
201500018792;15;5;5;2245;3;1;1;1;6;101;;M;4990383;160929;760
201500018793;15;5;21;1645;1;1;1;1;6;612;;M;4983198;166820;760
201500018794;15;8;5;1630;1;1;1;1;3;527;;M;4980152;165717;760
201500018795;15;10;7;2030;5;2;1;1;6;35;route de picardie;M;4976554;175577;760
201500018796;15;9;27;2015;2;1;1;1;6;621;;M;4964685;130093;760
201500018797;15;9;21;645;3;1;2;1;3;631;;M;4951471;86154;760
201500018798;15;11;12;815;1;1;2;2;3;559;;M;4957920;62832;760
201500018799;15;12;4;1800;3;1;6;1;6;88;;M;4947062;88944;760
201500018800;15;7;25;445;3;1;1;2;6;325;;M;4966144;83144;760
201500018801;15;9;13;30;5;2;2;1;3;219;R PIERRE LAMOTTE;M;4972144;78345;760
201500018802;15;9;19;1530;1;2;2;1;1;542;rue de l'espoir;M;4973005;74461;760
201500018803;15;10;18;1800;1;1;1;2;1;325;;M;4965884;83314;760
201500018804;15;1;11;1615;1;1;1;6;6;695;;M;4966314;51420;760
201500018805;15;1;29;1815;5;2;1;2;6;448;170 Grand-rue;M;0;0;670
201500018806;15;3;23;2100;3;1;1;1;1;414;;M;0;0;670
201500018807;15;4;17;1230;1;1;1;8;6;76;PV;M;0;0;670
201500018808;15;5;9;1015;1;2;1;1;3;448;GRAND'RUE;M;0;0;670
201500018809;15;5;13;1015;1;2;1;1;2;414;15 rue des jardins;M;0;0;670
201500018810;15;6;12;900;1;1;1;1;6;59;;M;0;0;670
201500018811;15;7;1;1030;1;1;1;7;1;306;PV,SENS LUTZELH.-SCHIRM.;M;0;0;670
201500018812;15;7;6;115;4;2;1;1;6;424;8 route de colroy;M;0;0;670
201500018813;15;8;20;100;3;1;1;1;7;325;;M;0;0;670
201500018814;15;8;21;1930;1;1;1;1;3;27;;M;0;0;670
201500018815;15;11;28;2030;5;2;1;1;6;342;52 rue de molsheim;M;0;0;670
201500018816;15;6;14;1445;1;1;1;1;7;13;;M;0;0;670
201500018817;15;6;21;230;3;2;1;1;7;105;7 RUE DU GENERAL LECLERC;M;0;0;670
201500018818;15;10;5;145;5;2;1;1;6;88;19 RUE DE LA FONTAINE;M;0;0;670
201500018819;15;10;10;1515;1;1;1;1;6;401;;M;0;0;670
201500018820;15;6;7;2200;3;1;1;1;2;19;;M;0;0;670
201500018821;15;5;21;1515;1;1;6;1;3;443;;M;0;0;670
201500018822;15;8;9;1600;1;1;1;1;7;69;;M;4891800;803299;670
201500018823;15;12;7;1900;3;1;1;1;6;505;;M;0;0;780
201500018824;15;7;12;1530;1;2;1;1;3;11;D52A;M;4821988;260575;770
201500018825;15;9;2;1630;1;1;1;1;7;297;;M;0;0;770
201500018826;15;9;3;1730;1;1;1;1;6;45;;M;0;0;770
201500018827;15;4;18;2045;2;1;1;1;7;263;D77;M;4847142;318464;770
201500018828;15;5;10;1015;1;2;1;1;6;51;D412 ROUTE DE SENS;M;4841480;323398;770
201500018829;15;5;21;1530;1;1;2;1;3;452;D403 X D77B;M;4847591;314617;770
201500018830;15;8;15;1545;1;1;1;1;6;311;;M;0;0;770
201500018831;15;10;3;1800;1;1;1;1;1;311;;M;0;0;770
201500018832;15;5;10;2345;5;1;1;1;6;299;;M;0;0;740
201500018833;15;7;5;510;4;1;1;1;6;198;;M;0;0;740
201500018834;15;7;26;645;1;1;1;1;6;137;275 ROUTE DES AIRES;M;0;0;740
201500018835;15;8;20;1715;1;2;1;1;1;137;;M;0;0;740
201500018836;15;9;29;1730;1;2;6;1;1;11;Martyrs de la rйsistance;M;0;0;740
201500018837;15;10;7;1230;1;1;1;8;1;11;;M;0;0;740
201500018838;15;10;20;1445;1;2;9;1;6;11;AVENUE DES CARRES;M;0;0;740
201500018839;15;9;6;1030;1;1;4;1;3;97;1158 RTE D'AIX LES BAINS;M;0;0;740
201500018840;15;3;22;1200;1;2;1;1;6;278;99 Avenue des lacs;M;4607400;655100;740
201500018841;15;4;18;1115;1;1;1;1;1;174;"Lieu dit ""LA CULAZ""";M;0;0;740
201500018842;15;4;20;1715;1;1;1;1;2;311;ROUTE DU FER A CHEVAL;M;0;0;740
201500018843;15;6;1;1715;1;1;1;1;1;205;LIEU DIT LATRAZ;M;0;0;740
201500018844;15;7;9;915;1;2;2;1;3;164;271 AVENUE DU VIEUX PONT;M;0;0;740
201500018845;15;7;14;530;1;2;1;1;6;241;1539 ROUTE DE CORMAND;M;0;0;740
201500018846;15;7;18;2020;1;1;1;1;7;312;RD 1205;M;0;0;740
201500018847;15;7;21;800;1;2;1;1;3;205;ROUTE DES CHENEVRIERS;M;0;0;740
201500018848;15;8;30;1645;1;2;1;1;3;164;ROUTE DE MORSULLAZ;;;;740
201500018849;15;10;28;1545;1;1;1;2;1;311;;M;0;0;740
201500018850;15;6;13;1400;1;2;6;1;3;183;RUE DE LA FRUITIERE;M;0;0;740
201500018851;15;8;1;245;3;1;1;1;7;183;LIEU DIT LE MAILLET;M;0;0;740
201500018852;15;1;19;1900;1;2;3;4;1;128;ROUTE DE CHEZ RADELET;M;0;0;740
201500018853;15;3;21;1300;1;1;1;2;1;162;ROUTE DES TROIS VALLEES;M;0;0;740
201500018854;15;5;6;645;2;2;1;1;1;229;ROUTE DE DRAILLANT;M;0;0;740
201500018855;15;6;1;1800;1;1;3;1;1;128;;M;4615200;634000;740
201500018856;15;8;8;100;5;2;4;1;6;128;395 ROUTE  DE MALAN;M;0;0;740
201500018857;15;9;25;1630;1;2;2;1;3;211;1963 ROUTE DE LA ROCHE;M;0;0;740
201500018858;15;9;26;2030;3;1;1;1;6;211;;M;0;0;740
201500018859;15;10;15;1800;1;2;1;2;1;211;ROUTE DE LA ROCHE;M;0;0;740
201500018860;15;10;24;1930;2;1;1;1;6;262;;M;0;0;740
201500018861;15;11;5;815;1;1;1;1;3;128;27 RTE  VALLEE DU GIFFRE;M;0;0;740
201500018862;15;7;16;830;1;2;1;1;6;96;CHEMIN DES MOULINS;M;0;0;740
201500018863;15;9;26;1845;2;1;1;1;7;259;ROUTE DE LA MURAZ;M;0;0;740
201500018864;15;2;17;1915;3;1;3;8;5;109;;M;0;0;740
201500018865;15;11;9;630;3;1;1;1;1;100;;M;0;0;740
201500018866;15;12;9;1815;3;1;1;1;2;178;;M;0;0;740
201500018867;15;6;26;800;1;1;3;1;3;50;;M;4621900;643400;740
201500018868;15;8;6;1440;1;1;1;1;5;236;;M;0;0;740
201500018869;15;3;17;1000;1;2;4;7;3;208;AV LA PLAINE/ RUE CENTRE;M;0;0;740
201500018870;15;8;18;400;4;2;6;1;7;103;ROUTE DU FAYET;M;0;0;740
201500018871;15;4;26;1530;1;2;1;1;6;666;ROUTE DE ST OMER;M;0;0;590
201500018872;15;2;18;1700;1;1;1;1;6;427;;M;4727700;588800;250
201500018873;15;2;22;1545;1;2;1;1;6;326;7 Grande Rue;M;4724000;577800;250
201500018874;15;4;11;1715;1;1;1;1;5;212;;M;0;0;250
201500018875;15;4;20;1015;1;2;3;1;3;371;grande rue;M;4724500;587000;250
201500018876;15;5;2;1645;1;1;1;2;3;133;;M;4731400;599400;250
201500018877;15;6;18;1845;1;1;1;3;3;133;;M;4731800;599700;250
201500018878;15;7;26;1800;1;1;1;2;5;482;;M;0;0;250
201500018879;15;8;29;2145;3;2;1;1;7;225;2 grande rue;M;4723613;574369;250
201500018880;15;8;31;1215;1;2;1;1;2;212;;M;0;0;250
201500018881;15;9;20;1745;1;1;1;1;1;35;;M;4732500;595800;250
201500018882;15;10;27;1945;3;1;1;1;1;30;;M;4726600;586400;250
201500018883;15;11;8;1845;3;1;1;1;2;542;;M;0;0;250
201500018884;15;3;20;845;1;1;1;1;7;22;;M;0;0;560
201500018885;15;6;15;1645;1;1;1;1;3;164;;M;4765848;-281824;560
201500018886;15;8;26;1830;1;2;1;8;1;67;loperhet;M;0;0;560
201500018887;15;11;9;630;3;1;1;5;6;67;;M;4772150;-287191;560
201500018888;15;2;17;1545;1;1;1;1;5;64;;M;0;0;560
201500018889;15;7;13;1815;1;2;1;1;6;61;LE MOULIN;M;0;0;560
201500018890;15;1;26;1415;1;1;3;1;3;52;;M;0;0;560
201500018891;15;3;3;1545;1;1;1;1;2;155;;M;0;0;560
201500018892;15;4;30;1700;1;1;1;2;4;2;;M;0;0;560
201500018893;15;8;23;1700;1;1;1;1;1;2;;M;0;0;560
201500018894;15;9;21;2000;2;1;1;2;5;2;;M;0;0;560
201500018895;15;12;23;2045;5;2;1;2;6;212;RUE DE CAMBONY;M;4754555;-215427;560
201500018896;15;2;9;1415;1;1;1;7;2;231;;M;0;0;560
201500018897;15;8;8;900;1;1;1;1;6;247;;M;0;0;560
201500018898;15;8;16;615;2;1;1;1;7;184;;M;0;0;560
201500018899;15;10;26;1900;3;1;1;1;5;15;;M;0;0;560
201500018900;15;3;13;1115;1;1;1;1;1;251;;M;4765750;-265806;560
201500018901;15;4;19;1745;1;1;1;1;3;248;;M;0;0;560
201500018902;15;2;19;1200;1;2;1;1;7;34;56 aVENUE DES dRUIDES;M;4757320;-307528;560
201500018903;15;2;23;730;2;2;1;3;1;168;d781;M;0;0;560
201500018904;15;3;4;845;1;2;6;7;6;186;;M;4749281;-312228;560
201500018905;15;3;9;830;1;2;6;1;6;258;rue des resistants;M;0;0;560
201500018906;15;7;25;15;3;1;1;1;2;168;;M;4759103;-313250;560
201500018907;15;7;25;1700;1;1;1;1;3;186;;M;4748042;-311720;560
201500018908;15;7;28;1500;1;2;2;2;3;34;Avenue de Kermario;M;4757314;-306969;560
201500018909;15;8;1;2330;5;2;1;1;3;34;Avenue des druides;M;4757427;-307699;560
201500018910;15;8;1;2300;3;1;1;1;6;186;;M;0;0;560
201500018911;15;9;5;1530;1;2;1;1;3;186;Rue du BUTOIR;M;4748499;-311842;560
201500018912;15;9;19;145;3;1;1;1;6;34;;M;0;0;560
201500018913;15;8;31;915;1;2;6;8;3;177;Rond point Saint Michel;M;4777910;-300750;560
201500018914;15;2;5;545;5;1;1;9;6;89;;M;0;0;560
201500018915;15;2;23;720;3;1;1;2;3;40;;M;0;0;560
201500018916;15;3;5;1800;1;1;1;1;6;40;;M;4787823;-333705;560
201500018917;15;3;20;1845;1;1;1;1;7;78;;M;0;0;560
201500018918;15;5;7;1745;1;1;1;1;6;36;;M;4779839;-334845;560
201500018919;15;5;24;1700;1;1;2;1;3;78;;M;0;0;560
201500018920;15;7;28;230;3;1;1;1;6;78;;M;4781899;-351569;560
201500018921;15;8;9;345;3;1;1;1;6;40;;M;4789145;-335230;560
201500018922;15;8;11;2230;5;1;1;1;1;36;;M;4778745;-333007;560
201500018923;15;9;9;1500;1;1;3;1;3;78;;M;4779214;-352020;560
201500018924;15;9;11;1630;1;2;6;2;7;78;giratoire du clec h;M;0;0;560
201500018925;15;9;19;2000;2;1;1;1;3;78;;M;4780633;-346029;560
201500018926;15;9;25;900;1;2;1;7;6;63;rue des menhirs;M;4780360;-344362;560
201500018927;15;10;7;1815;1;2;1;1;3;36;15 RUE ARAGO LANESTER;M;4777836;-334401;560
201500018928;15;10;30;2000;3;1;1;1;6;185;;M;4777213;-337914;560
201500018929;15;11;8;2215;5;1;1;1;2;78;;M;0;0;560
201500018930;15;11;20;1030;1;1;1;3;6;185;;M;0;0;560
201500018931;15;4;30;1645;1;2;1;2;6;193;RUE DE LAUBRIERE;M;0;0;560
201500018932;15;7;8;1915;1;1;1;1;1;169;;M;0;0;560
201500018933;15;8;3;1800;1;2;1;1;6;169;;M;0;0;560
201500018934;15;8;21;1345;1;1;1;1;6;62;;M;0;0;560
201500018935;15;10;22;1000;1;2;1;1;6;119;pont lesdours;M;4771803;-310230;560
201500018936;15;12;17;1230;1;1;1;2;2;13;;M;4767343;-314085;560
201500018937;15;1;1;230;3;1;1;1;6;124;28 edouard entremont;M;4780958;-237284;560
201500018938;15;1;23;1515;1;1;1;1;7;228;;M;4779094;-242190;560
201500018939;15;5;14;200;3;1;1;2;6;180;;M;4790925;-221308;560
201500018940;15;5;28;715;1;2;9;1;3;75;CD776 LE TERTRE BECHEPY;M;0;0;560
201500018941;15;6;30;1000;1;1;1;1;2;211;;M;0;0;560
201500018942;15;7;14;1645;1;1;1;1;6;75;;M;0;0;560
201500018943;15;10;8;1700;1;1;1;1;1;244;;M;4782940;-253127;560
201500018944;15;11;4;1045;1;1;1;1;2;133;;M;4781022;-234037;560
201500018945;15;12;26;1030;1;1;2;1;3;20;;M;4779969;-240645;560
201500018946;15;1;10;600;3;1;1;2;6;190;;M;0;0;560
201500018947;15;1;31;1030;1;2;1;1;6;190;Rue du General de Gaule;M;0;0;560
201500018948;15;2;8;800;3;1;1;1;6;17;;M;0;0;560
201500018949;15;2;22;745;2;1;1;9;6;17;;M;0;0;560
201500018950;15;3;15;1745;1;1;2;8;3;236;;M;0;0;560
201500018951;15;4;14;1815;1;1;2;1;3;172;;M;4783298;-258949;560
201500018952;15;4;25;1700;1;1;1;2;6;71;;M;0;0;560
201500018953;15;6;11;1645;1;2;1;3;1;222;;M;4784869;-272562;560
201500018954;15;6;12;1400;1;1;2;1;1;190;;M;0;0;560
201500018955;15;6;18;1700;1;2;1;1;1;222;64 RUE JOSEPH LE BAYON;M;4784344;-273515;560
201500018956;15;6;22;1630;1;1;1;1;3;17;;M;4787775;-279774;560
201500018957;15;8;2;115;3;1;1;1;7;198;;M;0;0;560
201500018958;15;8;24;945;1;1;1;2;1;160;;M;4801696;-270025;560
201500018959;15;10;11;300;3;1;1;1;6;47;;M;0;0;560
201500018960;15;2;2;1015;1;1;9;1;6;213;;M;0;0;560
201500018961;15;2;24;1915;3;1;1;2;2;178;;M;0;0;560
201500018962;15;2;25;645;3;1;1;2;7;151;;M;0;0;560
201500018963;15;9;1;900;2;2;1;1;6;178;Rue du Tribunal;M;4806559;-296629;560
201500018964;15;3;7;1945;3;1;2;1;3;140;;M;0;0;560
201500018965;15;9;12;1230;1;1;1;1;1;10;;M;0;0;560
201500018966;15;9;30;1215;1;2;1;1;7;117;4 rue Jean MOULIN;M;4787973;-282760;560
201500018967;15;5;10;545;2;1;1;1;6;14;;M;0;0;560
201500018968;15;6;10;1545;1;1;1;1;7;66;;M;4815315;-362900;560
201500018969;15;6;28;1045;1;1;1;1;4;57;;M;0;0;560
201500018970;15;2;12;645;5;1;1;5;6;527;RD 902A;M;4899690;251070;950
201500018971;15;4;5;930;1;2;1;1;1;73;RUE HENRI DIGNAC;M;4540510;204617;190
201500018972;15;11;9;715;2;1;1;1;7;131;SAUVIAT;M;4555740;164176;190
201500018973;15;7;14;1415;1;2;8;1;3;31;AVENUE GEORGES POMPIDOU;M;4515810;155867;190
201500018974;15;5;10;1915;1;2;1;7;6;19;RUE CHARLES DE GAULLE;M;4497820;183821;190
201500018975;15;5;19;700;2;1;1;8;6;169;COTE DE LA JEANNE;M;4503900;176870;190
201500018976;15;10;16;2145;3;1;1;1;2;19;L'ILE DUCHAMP;M;4498670;182373;190
201500018977;15;11;25;1145;1;1;1;2;2;150;LON;M;4507590;160721;190
201500018978;15;12;8;1800;3;2;1;5;6;246;D148;M;4521720;145421;190
201500018979;15;4;12;945;1;2;1;1;6;11;07 AVENUE DU MIDI;M;4539600;138039;190
201500018980;15;1;18;1715;1;1;1;1;6;101;;M;0;0;560
201500018981;15;1;19;815;2;1;1;1;1;175;;M;0;0;560
201500018982;15;2;3;1030;1;2;6;7;3;101;Rond point de rimpar;M;0;0;560
201500018983;15;2;23;845;1;2;6;2;3;94;Rond-Point de Kernours;M;0;0;560
201500018984;15;4;4;515;3;1;1;1;6;94;;M;0;0;560
201500018985;15;6;20;1900;1;1;1;1;6;101;;M;4781713;-321937;560
201500018986;15;6;20;2100;1;1;1;1;6;101;;M;0;0;560
201500018987;15;7;12;1445;1;2;1;1;6;177;rйsidence des pins;M;4781394;-294689;560
201500018988;15;7;12;1500;1;2;1;1;7;90;8 RUE Joseph JEGOUSSE;M;4784269;-326840;560
201500018989;15;8;12;1715;1;2;1;1;2;90;rue lan Blenn;M;4783204;-325922;560
201500018990;15;9;7;1700;1;1;1;1;1;94;;M;4775094;-327044;560
201500018991;15;10;23;1800;1;1;1;2;6;97;;M;0;0;560
201500018992;15;10;31;1915;2;1;1;1;1;94;;M;0;0;560
201500018993;15;9;15;2045;3;1;1;8;2;464;;M;0;0;590
201500018994;15;9;18;2015;3;1;1;2;6;503;;M;0;0;590
201500018995;15;9;26;1300;1;1;1;1;7;474;;M;0;0;590
201500018996;15;4;3;2300;3;2;1;1;6;525;rue sadi carnot;M;0;0;590
201500018997;15;3;30;2100;3;1;1;2;3;311;;M;0;0;590
201500018998;15;7;12;115;3;1;1;1;1;118;;M;0;0;590
201500018999;15;6;7;1515;1;2;1;7;1;572;21 Bis Rue de Beaumont;M;0;0;590
201500019000;15;8;14;2200;3;2;1;1;3;174;route de maubeuge;M;0;0;590
201500019001;15;4;13;1815;1;1;1;1;5;617;N44;M;4902456;432573;510
201500019002;15;10;31;1800;3;1;1;1;6;93;D951;M;4899573;389345;510
201500019003;15;11;6;1930;1;1;1;1;7;630;D38;M;4893597;394615;510
201500019004;15;6;30;1115;1;1;1;1;6;596;D11;M;4888746;362352;510
201500019005;15;10;9;1715;1;2;1;1;1;380;D23;M;4887394;354216;510
201500019006;15;2;13;1945;3;1;1;1;5;153;D3;M;4902775;401784;510
201500019007;15;5;24;1645;1;1;1;1;4;287;D951;M;4908393;396144;510
201500019008;15;9;12;1415;1;1;1;2;6;393;D22;M;4915365;393136;510
201500019009;15;11;15;1330;1;1;8;1;6;660;D20;M;4933768;423363;510
201500019010;15;2;7;1800;3;1;1;1;7;608;;M;5007422;303467;620
201500019011;15;7;10;1730;1;1;1;1;7;840;;M;5009676;297624;620
201500019012;15;11;15;1730;2;1;1;6;1;366;;M;5041784;257669;620
201500019013;15;3;10;845;1;2;1;7;3;773;route de Carly;M;5064576;172659;620
201500019014;15;8;25;1045;1;2;1;8;1;566;RD215;M;5067378;186253;620
201500019015;15;2;20;1715;1;1;1;3;6;397;D982;M;4896328;489170;510
201500019016;15;7;16;510;2;2;1;1;6;507;D3;M;4909239;489717;510
201500019017;15;8;2;1900;1;2;1;1;1;640;D566;M;4918725;478196;510
201500019018;15;9;13;130;3;1;1;1;7;197;D66;M;4906582;464442;510
201500019019;15;9;21;2145;3;1;1;1;6;507;D3;M;4910037;496475;510
201500019020;15;1;28;645;3;1;1;1;5;617;N6;M;4867400;250800;910
201500019021;15;1;22;645;3;1;1;1;5;617;N6;M;4867400;250800;910
201500019022;15;4;30;1815;1;2;1;2;6;553;route de st germain;M;0;0;910
201500019023;15;6;5;930;1;2;1;1;6;573;rue de la tuilerie;M;4862300;249600;910
201500019024;15;7;5;1000;2;2;1;1;6;553;3, av pointe Ringale;M;4863300;249200;910
201500019025;15;7;5;1700;1;2;6;1;2;573;place YOURCENARD;M;0;0;910
201500019026;15;7;7;1830;1;2;1;1;3;600;Rue notre dame;M;0;0;910
201500019027;15;8;8;1800;1;1;1;1;7;573;Bld Christian Julien;M;0;0;910
201500019028;15;8;10;1600;1;1;1;1;1;617;RD 33;M;4864300;250000;910
201500019029;15;8;16;1100;1;1;1;1;6;617;RD 33;M;0;0;910
201500019030;15;10;11;730;2;2;1;5;3;577;route de melun;M;0;0;910
201500019031;15;11;21;1715;5;2;1;2;6;600;rue du general de gaulle;M;4864600;245600;910
201500019032;15;11;25;1430;1;2;1;1;6;577;6 chemin des jardins;M;0;0;910
201500019033;15;12;9;930;1;1;1;1;2;617;RD 33;M;4865132;250687;910
201500019034;15;1;29;1445;1;1;1;2;3;679;RD361;M;4874300;212500;910
201500019035;15;2;24;1330;1;1;6;1;2;538;RD 306;M;0;0;910
201500019036;15;6;26;1900;1;2;1;1;1;272;route du val de gif;M;0;0;910
201500019037;15;7;15;1045;1;2;1;1;6;272;route de la noue;M;4870800;214800;910
201500019038;15;10;5;1945;5;2;1;3;7;272;Rocade de Baudreville;M;4869100;211800;910
201500019039;15;10;29;200;5;1;1;1;2;679;RD36;M;4873700;210200;910
201500019040;15;11;25;1745;5;2;1;2;1;275;route de chartres;M;0;0;910
201500019041;15;2;20;15;3;1;1;2;6;56;RD 909;M;4908180;235510;950
201500019042;15;4;27;845;1;1;1;1;3;149;RD 316;M;4912940;243160;950
201500019043;15;5;12;1145;1;1;6;1;6;56;RTE DE PARIS;M;4909430;236080;950
201500019044;15;6;2;745;1;2;1;1;3;26;GRANDE RUE;M;4913410;235930;950
201500019045;15;6;5;1345;1;1;1;1;2;56;HAMEAU DU BEAU JAY;M;4908610;235710;950
201500019046;15;6;5;1715;1;1;1;1;3;652;RD 909;M;4911080;238530;950
201500019047;15;6;8;815;1;2;1;1;6;56;R  MIRVILLE;M;4908890;237060;950
201500019048;15;7;23;745;1;2;1;1;6;566;R CORENTIN CELTON;M;4910690;234520;950
201500019049;15;9;19;515;3;1;1;1;6;652;RD 922;M;4913250;239190;950
201500019050;15;12;14;830;2;1;1;5;3;214;RD 316;M;4909070;241520;950
201500019051;15;4;18;30;3;1;1;1;6;14;;M;0;0;890
201500019052;15;6;5;1820;1;1;1;7;1;434;;M;4816083;343033;890
201500019053;15;3;8;1215;1;1;1;1;3;31;GN 49.095 6.282;M;0;0;570
201500019054;15;5;2;1345;1;2;1;1;3;160;rue de saint savin;M;0;0;570
201500019055;15;7;21;1645;1;1;1;7;1;610;GN 49.36 6.46;M;0;0;570
201500019056;15;5;8;445;3;1;1;1;6;171;;M;0;0;570
201500019057;15;7;5;2245;3;1;1;1;6;375;GN 48.692 6.71;M;0;0;570
201500019058;15;1;27;1245;1;1;1;1;5;377;;M;0;0;570
201500019059;15;3;13;1815;1;1;1;1;1;314;;M;0;0;570
201500019060;15;5;26;1530;1;2;1;1;6;44;20 rue principale;M;4873921;681193;570
201500019061;15;8;2;1500;1;1;1;1;7;544;;M;0;0;570
201500019062;15;8;30;1915;1;1;1;1;6;3;;M;0;0;570
201500019063;15;2;8;430;3;1;1;4;7;468;;M;0;0;570
201500019064;15;8;11;1800;1;1;1;1;7;169;GN 48.736,7.235;M;4873782;723746;570
201500019065;15;2;23;800;1;2;1;4;6;390;100 gD rue GN49.0127.384;M;0;0;570
201500019066;15;4;28;1700;1;1;1;1;5;541;GN 49.008 7.507;M;0;0;570
201500019067;15;11;9;1;5;2;1;1;6;390;77 GRAND RUE;M;0;0;570
201500019068;15;1;5;1930;3;1;1;5;7;22;GN  49.385 6.048;M;0;0;570
201500019069;15;4;10;1730;1;2;1;1;3;96;rue des Ecoles;M;0;0;570
201500019070;15;4;15;1815;1;1;1;1;1;529;;M;0;0;570
201500019071;15;11;11;2130;5;1;6;1;6;305;;M;4939139;598592;570
201500019072;15;6;20;2130;2;1;1;1;6;269;GN 49.305 6.179;M;0;0;570
201500019073;15;4;16;1545;1;1;2;1;2;173;;M;4823066;-170647;350
201500019074;15;6;20;1415;1;1;1;1;1;24;rue Gabares;M;4818900;-164400;350
201500019075;15;7;2;2000;1;1;1;1;3;173;;M;4821044;-169945;350
201500019076;15;9;4;800;1;1;1;1;2;24;;M;4817465;-166511;350
201500019077;15;11;20;815;2;1;1;2;1;24;;M;4818905;-165964;350
201500019078;15;12;4;115;3;1;1;3;6;24;;M;4815653;-163712;350
201500019079;15;12;14;1330;1;1;2;1;3;24;;M;4818472;-169382;350
201500019080;15;12;24;2145;3;2;1;1;6;24;12 rue du mt st michel;M;4818656;-162836;350
201500019081;15;12;25;2115;3;1;9;1;6;173;;M;4820261;-172746;350
201500019082;15;2;22;1800;1;1;1;1;6;157;avenue du gйnйral barиs;M;0;0;310
201500019083;15;2;28;1915;5;2;1;2;6;157;Place de l'Eglise;M;4353621;134504;310
201500019084;15;7;7;830;1;2;1;1;2;157;rue du pre vicinal;M;4353766;134250;310
201500019085;15;1;19;1515;1;1;1;1;6;71;le patis tonneau;M;4718521;-139359;440
201500019086;15;2;8;1415;1;1;1;1;5;207;;M;0;0;30
201500019087;15;2;22;1515;1;1;1;1;1;283;;M;0;0;30
201500019088;15;9;17;1645;1;1;1;1;1;180;;M;0;0;30
201500019089;15;8;4;1900;1;1;1;1;1;458;;M;5079037;214928;620
201500019090;15;8;29;2315;3;2;1;2;5;297;rue de l'Eglise;M;5080717;215127;620
201500019091;15;11;26;745;2;2;1;1;6;792;D 943;M;5078418;218608;620
201500019092;15;1;21;1600;2;1;1;3;5;116;;M;0;0;830
201500019093;15;1;27;1130;1;2;1;1;6;116;chemin du vieux real;M;4344968;586044;830
201500019094;15;2;5;2000;3;2;1;1;6;140;chemin de baou-mouron;M;4340700;595700;830
201500019095;15;2;15;1145;1;1;1;2;1;87;;M;4338400;574000;830
201500019096;15;3;22;1345;1;1;1;1;3;140;;M;0;0;830
201500019097;15;3;28;1745;1;1;1;1;6;93;;M;0;0;830
201500019098;15;5;13;1445;1;1;1;1;6;140;;M;0;0;830
201500019099;15;5;23;1845;1;1;1;1;1;89;;M;4352600;580600;830
201500019100;15;6;4;845;1;2;6;1;6;116;D560A - D28;M;0;0;830
201500019101;15;7;6;915;1;1;1;1;1;140;;M;0;0;830
201500019102;15;9;12;745;2;1;1;9;7;87;;M;0;0;830
201500019103;15;1;29;745;1;1;1;1;5;18;;M;0;0;830
201500019104;15;3;21;145;4;1;1;1;7;57;;M;0;0;830
201500019105;15;3;28;1845;1;1;1;1;5;31;;M;0;0;830
201500019106;15;5;22;2215;5;2;1;1;6;73;60 rue Jean Jaurиs;M;0;0;830
201500019107;15;7;3;1715;1;2;1;1;1;18;RD15;M;0;0;830
201500019108;15;8;29;1915;1;2;7;1;6;92;Place des йcoles;M;4330205;622661;830
201500019109;15;10;15;645;2;2;6;1;2;73;rd pt charles de gaulle;M;0;0;830