num_acc;an;mois;jour;hrmn;lum;agg;int;atm;col;com;adr;gps;lat;long;dep
201500019110;15;10;25;445;3;1;1;1;6;57;;M;0;0;830
201500019111;15;2;7;2000;3;1;1;1;6;43;;M;0;0;740
201500019112;15;2;24;1800;2;2;2;1;3;263;;M;0;0;740
201500019113;15;2;27;930;1;2;1;1;6;263;chemin de pellotier;M;0;0;740
201500019114;15;3;6;15;5;2;3;1;5;263;AV BONNATRAIT / VERGERS;M;0;0;740
201500019115;15;3;20;1945;5;1;2;1;3;5;;M;0;0;740
201500019116;15;3;19;1645;1;2;2;1;3;263;;M;0;0;740
201500019117;15;5;16;1530;1;1;2;1;3;293;;M;0;0;740
201500019118;15;5;27;1445;1;2;3;1;1;43;RUE DU COURET/RTE COREY;M;0;0;740
201500019119;15;5;29;345;5;2;6;1;7;150;26 GRANDE RUE;M;0;0;740
201500019120;15;5;26;1645;1;2;4;1;1;48;ROUTE ANNEMASSE/ VERAYON;M;0;0;740
201500019121;15;6;4;1800;1;2;3;1;3;105;AVENUE DU LAC;M;0;0;740
201500019122;15;6;10;1915;1;1;1;1;3;171;;M;0;0;740
201500019123;15;6;5;1300;1;1;1;1;3;206;;M;0;0;740
201500019124;15;7;22;640;1;1;1;1;1;70;;M;0;0;740
201500019125;15;7;31;2145;5;2;6;1;6;105;39 AV DU BAS CHABLAIS;M;0;0;740
201500019126;15;8;11;1700;1;1;1;1;6;25;;M;0;0;740
201500019127;15;8;13;1715;1;2;9;6;3;263;739 ROUTE DE BONNATRAIT;M;0;0;740
201500019128;15;8;16;2015;1;1;4;1;3;158;ROUTE DU PAYS DE LA COTE;M;0;0;740
201500019129;15;8;23;1215;1;1;1;1;6;315;1741 ROUTE D'EXCEVENEX;M;0;0;740
201500019130;15;9;13;515;3;1;1;2;6;106;;M;0;0;740
201500019131;15;9;24;1900;1;2;1;1;6;263;;M;0;0;740
201500019132;15;10;15;515;5;2;6;1;6;105;AVENUE DE GENEVE;M;0;0;740
201500019133;15;12;1;1745;5;1;2;1;3;293;;M;0;0;740
201500019134;15;12;2;1345;1;1;1;2;1;157;ROUTE DE SEVROZ;M;0;0;740
201500019135;15;12;4;1115;1;2;2;1;6;105;AVENUE DU BAS CHABLAIS;M;0;0;740
201500019136;15;12;18;730;2;2;4;1;3;70;rue du lйman;M;0;0;740
201500019137;15;4;18;1030;1;1;1;1;7;29;;M;4500920;30817;240
201500019138;15;8;13;1700;1;1;1;3;6;449;A89;M;4498570;18694;240
201500019139;15;8;29;1715;1;1;1;1;6;442;GRASSAT;M;4513080;47524;240
201500019140;15;2;10;1615;1;2;1;1;7;217;route de vendargues;M;4369102;387989;340
201500019141;15;4;11;645;2;2;1;1;6;169;route de mende;M;4366206;386291;340
201500019142;15;10;1;2000;3;1;1;1;7;309;;M;4867441;394187;340
201500019143;15;10;3;1730;1;1;1;8;1;118;;M;4372739;391304;340
201500019144;15;10;10;1630;1;2;1;1;6;77;La Croisйe;M;4366001;390001;340
201500019145;15;10;17;1515;1;1;6;1;7;169;;M;4367432;386761;340
201500019146;15;11;20;2100;5;2;1;1;1;309;AVENUE DE MONTPELLIER;M;4367929;392035;340
201500019147;15;1;13;1705;2;2;1;1;2;15;36 AVENUE JULES FERRY;M;4564538;15349;160
201500019148;15;4;8;1730;1;2;1;1;2;374;325 AV DU  GAL DE GAULLE;M;4563667;20673;160
201500019149;15;5;16;1700;1;2;2;1;3;374;;M;4564158;18678;160
201500019150;15;3;11;900;1;2;1;1;6;374;155 Av du Gal  DE GAULLE;M;4564267;18843;160
201500019151;15;3;17;1715;1;2;1;1;6;113;RUE DU 19 MARS 1962;M;4560937;9953;160
201500019152;15;11;10;924;1;2;3;1;5;341;;M;4563928;10849;160
201500019153;15;3;29;2100;5;1;6;1;7;113;Rond-Point de l'Oiseller;M;4562419;11005;160
201500019154;15;11;27;1105;1;2;7;1;6;15;Parking du centre E.Lecl;M;4565664;18178;160
201500019155;15;11;9;1720;1;2;6;1;3;374;BOULEVARD LEON BLUM;M;4564773;18669;160
201500019156;15;12;22;1805;5;2;1;1;6;374;87 AV DU Gal DE GAULLE;M;4564357;18493;160
201500019157;15;12;16;1158;1;2;1;1;6;15;20 RUE DE BORDEAUX;M;4565280;15753;160
201500019158;15;5;9;2350;5;2;3;1;1;15;2 PLACE DU Cnt RESNIER;M;4565180;15481;160
201500019159;15;4;5;1837;1;2;1;1;4;358;125 RUE DE ROYAN;M;4566445;12753;160
201500019160;15;4;10;605;5;2;1;1;6;15;191 RUE DE MONTBRON;M;4565075;18358;160
201500019161;15;4;7;2200;3;1;1;1;7;291;La Fontaine des Riffauds;M;4568979;24832;160
201500019162;15;4;23;1745;1;2;6;1;3;374;giratoire des Effamiers;M;4563371;21287;160
201500019163;15;6;28;1415;1;2;3;1;6;15;102 Bd BESSON BEY;M;4565288;15213;160
201500019164;15;4;18;535;3;1;1;1;7;358;RUE DE BELLEVUE;M;4567356;14616;160
201500019165;15;4;17;2240;3;1;1;1;6;154;ROUTE DE VARS;M;4568776;15605;160
201500019166;15;4;19;955;1;2;3;1;3;15;RUE DE QUEBEC;M;4563556;15328;160
201500019167;15;7;10;1915;1;2;6;1;2;271;IMPASSE DE LA PRAIRIE;M;4562755;15763;160
201500019168;15;5;28;1825;1;1;6;1;4;374;Les Effamiers;M;4563312;21092;160
201500019169;15;6;25;835;1;2;2;1;6;15;;;;;160
201500019170;15;5;10;1130;1;1;1;1;3;19;L'Ebeaupin;M;4570190;9425;160
201500019171;15;5;28;800;1;2;3;1;3;341;RUE DE L'EGALITE;M;4563983;11201;160
201500019172;15;9;1;1835;2;1;3;1;3;15;Les Trois Chenes;M;4565421;11729;160
201500019173;15;6;30;1840;1;2;6;1;3;15;CARREFOUR DE LILLE;M;4564788;16083;160
201500019174;15;7;1;1955;1;2;3;1;6;15;RUE ANTOIne ST EXUPERY;M;4564842;12355;160
201500019175;15;6;27;2000;1;1;1;1;3;15;VOIE DE L' EUROPE;M;4564243;15204;160
201500019176;15;6;6;1030;1;1;9;1;6;15;Parking centre E Leclerc;M;4565724;18183;160
201500019177;15;6;6;750;1;2;1;1;6;15;PLACE SAINT PIERRE;M;4564923;15108;160
201500019178;15;9;20;730;2;2;3;1;6;15;282 RUE DE BASSEAU;M;4565138;12352;160
201500019179;15;6;16;810;1;2;6;1;1;15;RUE DE L' EPERON;M;4565004;16061;160
201500019180;15;10;3;1210;1;2;3;2;2;374;AVENUE DU GAL DE GAULLE;M;4564158;19307;160
201500019181;15;7;19;1715;1;1;1;1;7;358;DEVIATION D'ANGOULEME;M;4567646;14548;160
201500019182;15;7;15;1925;1;2;3;1;3;374;Champs de Manoeuvre;M;4564512;18749;160
201500019183;15;8;10;900;1;2;1;1;1;15;Av du President Wilson;M;4565279;14675;160
201500019184;15;8;9;1300;1;2;2;1;1;358;Les Planes;M;4566358;12981;160
201500019185;15;8;6;2147;5;2;1;1;3;15;113 AVENUE JULES FERRY;M;4564666;15085;160
201500019186;15;9;20;1730;2;2;3;1;1;15;rue de Clйrac а Sillac;M;4564404;14635;160
201500019187;15;8;10;1550;1;2;6;1;3;15;RUE DE LIMOGES;M;4565279;14675;160
201500019188;15;9;30;835;1;2;1;1;6;15;54 RUE des BOISSIERES;M;4564877;16735;160
201500019189;15;12;3;845;2;2;1;1;6;15;183 ROUTE DE BORDEAUX;M;4563509;14601;160
201500019190;15;10;9;1525;1;2;6;1;6;15;Frйgeneuil;M;4565282;13829;160
201500019191;15;10;16;1230;1;2;1;1;2;15;94 RUE DE SAINTES;M;4565823;14515;160
201500019192;15;1;6;1105;1;2;1;1;6;15;PLACE BOUILLAUD;M;4564833;15542;160
201500019193;15;1;19;1651;1;2;1;1;2;291;RUE DUPONT NEUF;M;4567896;21957;160
201500019194;15;1;17;1000;1;2;1;1;7;15;Bd du 8 mai 1945;M;4565876;17097;160
201500019195;15;1;23;1740;2;2;1;1;3;15;467 ROUTE DE BORDEAUX;M;4564037;13251;160
201500019196;15;1;8;1725;2;2;1;1;2;15;RUE DE BASSEAU;M;4565117;11937;160
201500019197;15;1;30;800;5;2;1;1;6;15;Bd Henri Thebault;M;4565788;14149;160
201500019198;15;2;11;1010;1;2;1;1;6;15;RUE DES BOSQUETS;M;4565347;12705;160
201500019199;15;2;21;15;5;2;3;1;1;15;RUE DE LAVALETTE;M;4564687;16618;160
201500019200;15;3;6;1550;1;2;3;1;3;358;;M;4566286;13209;160
201500019201;15;3;12;1600;1;1;1;1;5;358;Dйviation d'Angoulкme;M;4560765;13780;160
201500019202;15;1;21;839;1;2;3;1;2;15;Av de LATTRE DE TASSIGNY;M;4565683;17054;160
201500019203;15;1;28;2255;5;2;1;3;7;15;112 rue de la tourgarnie;M;4564373;16637;160
201500019204;15;1;29;825;1;2;2;2;6;166;AVENUE JEAN MERMOZ;M;4566960;20680;160
201500019205;15;2;6;1505;1;2;1;1;6;15;Bd HENRI THEBAUD;M;4565820;14190;160
201500019206;15;2;8;1910;5;2;3;1;6;15;RUE DE MONTBRON;M;4565144;18828;160
201500019207;15;2;27;2300;5;2;1;1;6;15;RUE DE BORDEAUX;M;4563792;12947;160
201500019208;15;4;14;1210;1;2;1;1;1;89;RUE DU COMMERCE;M;4568032;-31853;160
201500019209;15;11;30;815;2;1;1;1;5;102;Le Bocage;M;4571496;-33767;160
201500019210;15;5;3;550;2;2;3;1;3;102;9 RUE BASSE DE CROUIN;M;4569072;-34269;160
201500019211;15;12;21;1755;5;2;3;1;3;102;;M;4569134;-32915;160
201500019212;15;6;6;1235;1;2;3;1;3;102;AVENUE DE SAINTES;M;4569887;-34162;160
201500019213;15;7;5;2100;2;2;1;1;6;102;189 rue HAUTE DE CROUIN;M;4568562;-35462;160
201500019214;15;7;20;750;1;2;2;1;3;89;la Pierre Levee;M;4567526;-32811;160
201500019215;15;7;28;1125;1;2;1;1;6;102;25 RUE LAZARE CARNOT;M;4569844;-32223;160
201500019216;15;9;8;1704;1;2;1;1;6;102;80 RUE DE L ECHASSIER;M;4569177;-30726;160
201500019217;15;9;22;840;1;2;1;1;1;102;Dйviation de Cognac;M;4568265;-33832;160
201500019218;15;10;1;1600;1;2;1;1;6;102;55 Bd DENFERT ROCHEREAU;M;4569563;-32650;160
201500019219;15;10;9;1000;1;2;1;1;2;102;40 Bd Oscar Planat;M;4568871;-33661;160
201500019220;15;1;20;1615;1;1;1;1;6;6;route de fontainebleau;M;4841420;257835;770
201500019221;15;2;8;1815;2;1;1;1;7;185;;M;0;0;770
201500019222;15;7;4;830;1;1;2;1;3;69;D637 X ROUTE ST MARTIN;M;4845740;258811;770
201500019223;15;10;4;545;5;2;1;1;6;22;;M;0;0;770
201500019224;15;6;9;1945;1;1;1;1;7;100;;M;0;0;690
201500019225;15;7;9;815;1;1;1;1;1;133;;M;4565010;476882;690
201500019226;15;8;14;1945;1;2;1;1;6;46;route de saint adbon;M;4566500;479400;690
201500019227;15;9;22;1700;1;2;1;1;3;260;rue de la fйe des eaux;M;4565030;480270;690
201500019228;15;11;21;115;5;2;1;2;3;46;chemin de corcelles;M;0;0;690
201500019229;15;8;1;415;5;2;1;1;6;114;450 Rue d'Hauterive;M;5046302;349064;590
201500019230;15;11;12;1730;2;1;1;1;1;186;;M;0;0;660
201500019231;15;1;8;1535;1;2;1;1;4;299;BIGNON BOULEVARD ET ROND;M;4594760;-98796;170
201500019232;15;3;20;1215;1;2;1;2;2;299;13, TOUFAIRE RUE;M;4593883;-95816;170
201500019233;15;12;24;1240;1;2;1;1;7;299;41, BREUIL RUE DU;M;4594448;-96783;170
201500019234;15;1;9;745;5;2;1;1;7;299;., RESISTANCE BOULEVARD;M;4593134;-96560;170
201500019235;15;3;27;1555;1;2;1;2;7;299;2, PONTY AVENUE W.;M;4594639;-95444;170
201500019236;15;1;15;725;5;2;1;1;7;449;6, MITTERRAND Fran?ois r;M;4594797;-89584;170
201500019237;15;3;31;1250;1;1;1;1;7;449;RD 117;M;4596238;-85444;170
201500019238;15;2;13;1220;1;2;3;1;3;299;., VIVRES QUAI AUX;M;4594344;-95791;170
201500019239;15;4;24;1055;1;2;2;1;3;299;ONZE NOVEMBRE 1918 AVENU;M;4592558;-96008;170
201500019240;15;2;16;1930;5;2;2;2;3;299;., DE GAULLE AVENUE DU G;M;4593574;-96342;170
201500019241;15;4;4;1040;1;2;2;1;3;299;62, BERNADOTTE AVENUE;M;4595863;-96387;170
201500019242;15;2;25;2005;5;2;1;1;7;299;39, PELTIER RUE DU DOCTE;M;4593890;-96373;170
201500019243;15;4;14;1600;1;2;1;1;2;299;109, GAMBETTA RUE;M;4594095;-97291;170
201500019244;15;4;25;1640;1;1;1;1;1;449;RD 739 (ROUTE DE LUSSANT;M;4595381;-87554;170
201500019245;15;3;8;1215;1;2;1;1;2;449;51, AUNIS AVENUE D';M;4594904;-91870;170
201500019246;15;3;13;710;3;1;1;1;1;449;R.D. 137 (TONNAY CHARENT;M;4595822;-94211;170
201500019247;15;5;14;1530;1;1;1;1;2;299;ROCHELLE ROUTE DE LA;M;4596276;-97967;170
201500019248;15;3;14;2025;5;2;2;1;3;299;., BEGON ROND POINT ET R;M;4594172;-95908;170
201500019249;15;5;22;1115;1;1;1;1;2;449;21, RD 739 (ROUTE DE LUS;M;4595836;-84895;170
201500019250;15;3;15;10;5;2;1;1;6;299;170, BRIAND BOULEVARD AR;M;4594782;-97532;170
201500019251;15;5;24;1245;1;2;1;1;7;299;., QUATRE ANES CENTRE CI;M;4595410;-97820;170
201500019252;15;5;30;1110;1;2;1;1;6;299;15, PELLETAN AVENUE;M;4594274;-96140;170
201500019253;15;6;4;1805;1;2;2;1;3;299;., DEMY AVENUE JACQUES;M;4591724;-96073;170
201500019254;15;6;11;1700;1;1;1;1;7;449;R.D. 911;M;4596961;-92000;170
201500019255;15;6;29;1755;1;2;1;1;4;449;60, SAINTONGE AVENUE DE;M;4594943;-90162;170
201500019256;15;7;7;1835;1;1;1;1;2;449;127, SAINTONGE AVENUE DE;M;4595257;-88323;170
201500019257;15;7;22;2140;2;2;2;1;3;299;., PONTY AVENUE W.;M;4594348;-96016;170
201500019258;15;7;24;1950;1;2;2;1;3;299;Rue THIERS;M;4593579;-96337;170
201500019259;15;7;25;910;1;2;1;2;7;299;., COCHON DUVIVIER RUE;M;4593633;-96328;170
201500019260;15;7;25;2215;2;1;1;1;3;299;., ROCHELLE ROUTE DE LA;M;4595951;-97889;170
201500019261;15;7;28;915;1;2;6;1;3;299;Rond-point VAUBAN;M;4593052;-96052;170
201500019262;15;7;31;2230;5;1;1;1;2;299;., R.D.733BIS;M;4595837;-97797;170
201500019263;15;8;1;1555;1;1;2;1;3;299;., ZOLA RUE EMILE;M;4593188;-96321;170
201500019264;15;8;1;1915;1;2;3;1;3;299;., BERNADOTTE AVENUE;M;4595868;-96331;170
201500019265;15;8;15;1655;1;2;1;1;3;449;., SAINTONGE AVENUE DE;M;4595050;-89577;170
201500019266;15;8;20;735;1;2;1;1;7;299;06, VERCORS BD DU;M;4594770;-96595;170
201500019267;15;8;20;1040;1;2;6;1;3;299;., MAISON CAMPAGNE ROND;M;4595205;-95267;170
201500019268;15;8;21;1515;1;1;1;1;4;299;., C.D. 733;M;4595996;-97906;170
201500019269;15;8;29;1020;1;2;1;1;3;299;33, FULLER AVENUE;M;4595051;-94346;170
201500019270;15;9;6;30;3;2;1;1;7;299;., CHARRE CHEMIN;M;4595510;-95824;170
201500019271;15;9;18;800;1;1;1;2;1;449;1, R.D. 137 (TONNAY CHAR;M;4594398;-86461;170
201500019272;15;9;25;1940;1;2;1;1;7;299;., ZOLA RUE EMILE;M;4593156;-96266;170
201500019273;15;9;27;1900;1;2;1;1;7;299;., TORRELAVEGA AVENUE DE;M;4592905;-96422;170
201500019274;15;10;1;1205;1;2;2;1;3;299;., LA FAYETTE RUE;M;4593464;95967;170
201500019275;15;10;5;1855;1;2;2;1;3;299;., LA FAYETTE RUE;M;4593464;-95967;170
201500019276;15;10;19;1350;1;2;2;1;3;299;PECHEURS D'ISLANDE RUE D;M;4594775;-98937;170
201500019277;15;10;23;1910;5;2;1;1;2;299;90, JAURES RUE JEAN;M;4593098;-96058;170
201500019278;15;10;26;2050;5;2;1;1;1;299;35, BACHELARD AVENUE VIC;M;4595236;-95388;170
201500019279;15;10;28;1355;1;2;1;1;7;299;6, PELLETAN AVENUE;M;4594313;-96073;170
201500019280;15;11;14;2250;5;2;4;1;7;299;., PONTY AVENUE W.;M;4594417;95899;170
201500019281;15;11;18;855;1;2;2;1;3;449;., CHAMP DE FOIRE RUE DU;M;4594472;-89286;170
201500019282;15;12;17;1355;1;1;1;1;7;299;., ROCHELLE ROUTE DE LA;M;4596288;-97977;170
201500019283;15;1;5;1215;1;2;1;1;3;300;DAUPHINE   AVENUE DE LA;M;4616800;-115011;170
201500019284;15;12;29;2150;5;2;1;1;3;300;55, JOFFRE   BOULEVARD (;M;4615794;-114232;170
201500019285;15;1;10;1800;1;1;1;2;7;200;02, 04 PK RN237 RE MOULI;M;4617824;-115813;170
201500019286;15;1;13;819;2;2;1;1;2;300;75, GRASSET   AVENUE EDM;M;4616343;-116844;170
201500019287;15;1;14;1345;1;2;1;1;3;300;2, MOTTE ROUGE    PLACE;M;4615533;-114876;170
201500019288;15;3;25;1640;1;2;1;1;6;300;144, JOFFRE   BOULEVARD;M;4615428;-114449;170
201500019289;15;1;15;1320;1;2;1;1;3;300;JOFFRE   BOULEVARD (27/7;M;4616142;-113993;170
201500019290;15;3;25;1740;1;2;1;1;6;28;CLEMENCEAU   BOULEVARD G;M;4613315;-111980;170
201500019291;15;1;21;635;5;2;2;1;3;300;7, GUITON   AVENUE JEAN;M;4615969;-116574;170
201500019292;15;1;21;805;1;1;1;2;2;200;0 PK RN237 MOULIN JUSTIC;M;4618152;-113980;170
201500019293;15;3;26;950;1;2;2;1;3;300;52, FETILLY   AVENUE DE;M;4617200;-115453;170
201500019294;15;1;26;1810;3;2;2;1;3;274;2, D108;M;4615350;-106462;170
201500019295;15;1;27;1735;1;2;2;1;3;300;02, DAUPHINE   AVENUE DE;M;4616644;-115091;170
201500019296;15;2;1;755;5;2;6;1;6;300;SENAC DE MEILHAN   RUE;M;4615394;-115249;170
201500019297;15;3;27;1705;1;1;1;1;4;291;0 PK RN237 MOULIN JUSTIC;M;4617840;-112857;170
201500019298;15;2;1;2325;5;2;1;1;6;300;JOFFRE   BOULEVARD (27/7;;;;170
201500019299;15;2;2;1625;1;2;1;1;3;300;2, FETILLY   AVENUE DE;M;4617001;-115192;170
201500019300;15;3;30;1245;1;2;2;2;3;300;VESPUCCI   AVENUE AMERIG;M;4615005;-115476;170
201500019301;15;2;11;822;2;2;1;1;7;274;2, REPUBLIQUE   ROND-POI;;;;170
201500019302;15;4;1;1330;1;2;2;1;3;300;29, VERHAEREN   RUE EMIL;M;4616992;-113338;170
201500019303;15;2;15;735;5;2;2;1;3;300;33 PK RN11 ROCADE NANTES;;;;170
201500019304;15;2;16;747;2;2;3;1;2;274;POTEAU   RUE DU;M;4616717;-109234;170
201500019305;15;4;2;2205;5;2;1;1;6;300;25, SARTRE   AVENUE JEAN;M;4615575;-113438;170
201500019306;15;2;28;1255;1;2;1;1;6;300;TRUFFAUT  RUE FRANCOIS;M;4614618;-115414;170
201500019307;15;4;5;1550;1;2;1;1;6;300;9, GUILLET   AVENUE LOUI;M;4616960;-118378;170
201500019308;15;4;6;1900;2;2;1;1;7;300;304, GUITON   AVENUE JEA;M;4616121;-118537;170
201500019309;15;3;1;525;4;2;1;3;6;28;2, VERNE   RUE JULES;M;4613150;-109478;170
201500019310;15;4;6;1930;2;2;4;1;3;300;9, SCIERIE   RUE DE LA;M;4615072;-115404;170
201500019311;15;3;3;1310;1;2;2;1;3;300;146, BERNIER   AVENUE DU;M;4617146;-115906;170
201500019312;15;4;7;1120;1;2;1;1;6;300;SAUTEL  BOULEVARD ANDRE;M;4616999;-112680;170
201500019313;15;3;5;1110;1;2;1;1;2;300;SAUTEL  BOULEVARD ANDRE;M;4617128;-112317;170
201500019314;15;4;7;1520;1;2;2;1;3;300;66, QUATORZE JUILLET   A;M;4615207;-112406;170
201500019315;15;3;4;45;3;2;1;1;7;300;2, TELLIER   RUE CHARLES;M;4614944;-120586;170
201500019316;15;4;8;1500;1;2;1;1;6;300;52, ALBERT IER   RUE;M;4616594;-115112;170
201500019317;15;3;11;1220;1;1;1;1;4;28;112 PK RN137 JUSTICE ROC;M;4612111;-110964;170
201500019318;15;4;8;1600;1;2;1;1;3;300;67, COGNEHORS   BOULEVAR;M;4616806;-114240;170
201500019319;15;4;8;1820;1;2;1;1;6;300;20, PALAIS   RUE DU;M;4615900;-115386;170
201500019320;15;4;10;1530;1;2;1;2;2;300;9, VIELJEUX   RUE LEONCE;M;4615789;-115417;170
201500019321;15;4;14;800;1;2;1;1;6;200;22, CHAUMES   RUE DES;M;4617656;-116162;170
201500019322;15;4;14;1915;1;1;1;1;2;200;HUIT MAI 1945   AVENUE D;M;4617969;-115402;170
201500019323;15;4;15;1800;1;2;1;1;2;300;23, LECLERC   AVENUE DU;M;4616268;-116131;170
201500019324;15;4;16;815;1;2;1;1;6;300;2, PERIGNY   RUE DE;M;4616213;-112250;170
201500019325;15;4;16;1800;1;1;1;2;3;291;07, TREUIL GRAS  RUE DU;M;4618096;-110399;170
201500019326;15;4;18;625;2;2;1;1;6;300;69, SARTRE   AVENUE JEAN;M;4615612;-113159;170
201500019327;15;4;19;1540;1;2;1;1;1;274;17, CHEVERNY   RUE DE;M;4615754;-109350;170
201500019328;15;4;20;1830;1;1;1;1;4;28;114 PK RN137 JUSTICE ROC;M;4613729;-110352;170
201500019329;15;4;21;1600;1;1;1;1;2;300;114 PK RN137 JUSTICE ROC;M;4615002;-111179;170
201500019330;15;4;22;1300;1;2;1;1;3;300;CLEMENCEAU   AVENUE GEOR;M;4616362;-118197;170
201500019331;15;4;23;150;5;2;1;1;7;300;GUITON   AVENUE JEAN (9/;M;4615982;-116674;170
201500019332;15;4;24;1545;1;2;1;1;2;300;12, BARBAROUX   RUE;M;4615238;-111972;170
201500019333;15;4;25;1250;1;2;1;1;3;300;54, MAIL   ALLEE DU;M;4615599;-116689;170
201500019334;15;4;25;1749;1;2;1;1;1;300;32, NORMANDIN   RUE EMIL;M;4614758;-114327;170
201500019335;15;4;27;1336;1;2;3;1;3;300;402, GUITON   AVENUE JEA;M;4615945;-119999;170
201500019336;15;4;28;1800;1;2;1;1;6;300;33, NORMANDIN   RUE EMIL;M;4614874;-114403;170
201500019337;15;5;3;1440;1;2;1;1;1;200;50, ROSE AVENUE DU FIEF;M;4617445;-116671;170
201500019338;15;5;3;2035;2;2;1;1;3;300;17, MULHOUSE  AVENUE DE;M;4615473;-114562;170
201500019339;15;5;10;1450;1;2;1;1;7;300;48, BERGERIE   RUE DE LA;M;4617561;-117496;170
201500019340;15;5;13;2230;5;2;1;1;2;300;245, GUITON   AVENUE JEA;M;4616156;-117858;170
201500019341;15;5;19;1930;1;2;1;1;3;300;88, PERIGNY   RUE DE;M;4616209;-112261;170
201500019342;15;5;24;900;1;2;1;1;3;200;75, HUIT MAI 1945   AVEN;M;4618476;-115199;170
201500019343;15;5;25;350;5;2;1;1;7;300;45, FROMENTIN   RUE CHAR;M;4616507;-117631;170
201500019344;15;5;25;1215;1;2;1;1;6;300;20, BILLAUD-VARENNE   AV;M;4615206;-112207;170
201500019345;15;5;27;1850;1;1;1;1;5;300;34 PK RN11 ROCADE NANTES;M;4617548;-110910;170
201500019346;15;5;28;340;5;2;1;1;6;300;19, MAUBEC   QUAI;M;4615891;-114977;170
201500019347;15;5;28;940;1;2;2;1;3;300;4, REPENTIE   AVENUE DE;M;4617197;-121294;170
201500019348;15;5;28;1800;1;2;2;1;3;300;02, HILAIRE   COURS DAME;M;4616864;-117281;170
201500019349;15;5;30;2035;1;2;6;1;3;300;1, BERNIER   AVENUE DU L;M;4617306;-116115;170
201500019350;15;6;1;1950;1;2;2;1;3;300;17, VESPUCCI   AVENUE AM;M;4615005;-115474;170
201500019351;15;6;2;1819;1;2;1;1;4;300;01, REMPARTS   CHEMIN DE;M;4615560;-115849;170
201500019352;15;6;3;1425;1;2;1;1;2;300;24, FILATURE   RUE DE LA;M;4616233;-120854;170
201500019353;15;6;4;1330;1;2;3;1;1;300;33, NORMANDIN   RUE EMIL;M;4614884;-114412;170
201500019354;15;6;4;1645;1;2;1;1;3;300;2, JUSTICES   RUE DU MOU;M;4617140;-112327;170
201500019355;15;6;7;1300;1;2;1;1;7;300;18, MAIL   ALLEE DU;M;4615605;-116392;170
201500019356;15;6;10;1905;1;2;1;1;2;300;85, KENNEDY   AVENUE DU;M;4616786;-118357;170
201500019357;15;6;12;1;5;2;1;2;6;300;42, LYAUTEY   BOULEVARD;M;4616139;-120679;170
201500019358;15;6;12;800;1;1;1;1;4;28;112 PK RN137 ROCHEFORT J;M;4612080;-110937;170
201500019359;15;6;12;1800;1;2;6;1;6;200;3, ROSE AVENUE DU FIEF;M;4617420;-116654;170
201500019360;15;6;15;900;1;2;2;1;3;200;17, GUIGNARDERIE   RUE D;M;4618937;-113215;170
201500019361;15;6;18;1010;1;2;2;1;3;300;41, DESIREE   RUE DE LA;M;4614994;-115553;170
201500019362;15;6;17;1020;1;2;1;1;2;300;16, EINSTEIN   AVENUE AL;M;4614844;-115372;170
201500019363;15;6;19;1200;1;2;1;1;2;200;5, OISEAUX DE MER   AVEN;M;4618780;-115777;170
201500019364;15;6;20;1250;1;2;1;1;7;300;201, CARNOT   AVENUE;M;4616460;-118027;170
201500019365;15;6;22;720;1;2;1;1;1;300;54, LACROIX   RUE MARIUS;M;4617197;-114748;170
201500019366;15;6;22;725;1;2;1;1;6;300;97, POINCARE   AVENUE RA;M;4617027;-120315;170
201500019367;15;6;23;1710;1;2;2;1;3;300;3, NORMANDIN   RUE EMILE;M;4615212;-114809;170
201500019368;15;6;26;1720;1;2;1;1;3;300;106, CHAMP DE MARS   AVE;M;4616906;-114702;170
201500019369;15;7;1;2328;5;2;2;1;3;300;110, COLIGNY   AVENUE;M;4616152;-116541;170
201500019370;15;7;2;1650;1;2;1;1;2;300;08, LECLERC   AVENUE DU;M;4616265;-116062;170
201500019371;15;7;3;1600;1;2;1;1;6;300;00, SARTRE   AVENUE JEAN;M;4615622;-113050;170
201500019372;15;7;7;714;1;2;1;1;3;300;00, LECLERC   AVENUE DU;M;4616266;-116067;170
201500019373;15;7;9;300;5;2;2;1;7;300;00, FAGOTS   RUE DES;M;4615632;-115731;170
201500019374;15;7;9;1453;1;2;1;1;1;300;00, BARBUSSE   RUE HENRI;M;4615557;-113700;170
201500019375;15;7;9;530;1;2;1;1;2;300;00, 33 PK RN11 ROCADE NA;M;4617236;-111917;170
201500019376;15;7;10;1540;1;2;1;1;6;300;73, COGNEHORS   BOULEVAR;M;4617149;-113945;170
201500019377;15;7;11;1150;1;2;1;1;3;300;19, JOFFRE   BOULEVARD (;M;4616042;-114077;170
201500019378;15;7;12;35;5;2;3;1;7;300;00, PALISSY   RUE BERNAR;M;4616955;-116364;170
201500019379;15;7;12;335;5;2;1;1;7;300;00, FETILLY   AVENUE DE;M;4617155;-115368;170