num_acc;an;mois;jour;hrmn;lum;agg;int;atm;col;com;adr;gps;lat;long;dep
201500019380;15;7;13;40;5;2;2;1;3;300;00, PROUDHON   RUE PIERR;M;4615446;-113127;170
201500019381;15;7;14;825;1;2;1;1;6;300;293, GUITON   AVENUE JEA;M;4616161;-118201;170
201500019382;15;7;15;125;5;2;1;1;4;300;00, SARTRE   AVENUE JEAN;M;4615652;-112720;170
201500019383;15;7;15;510;1;2;1;1;7;300;20, COGNEHORS   BOULEVAR;M;4616710;-113872;170
201500019384;15;7;15;1625;1;2;1;1;6;28;00, GARE   RUE DE LA;M;4613349;-111328;170
201500019385;15;7;22;1410;1;2;2;1;1;300;00, LECLERC   AVENUE DU;M;4616272;-116145;170
201500019386;15;7;22;1614;1;2;1;1;2;274;00, JOLIOT-CURIE   AVENU;M;4615960;-110334;170
201500019387;15;7;22;1930;1;1;1;1;7;28;00, 114 PK RN137 JUSTICE;M;4613724;-110350;170
201500019388;15;7;24;1558;1;2;3;1;4;300;00, JUIN   AVENUE DU MAR;M;4615941;-117964;170
201500019389;15;7;25;350;5;2;1;1;7;274;17 rue du Poteau;M;4616536;-111034;170
201500019390;15;7;27;1320;1;2;1;1;6;200;00, ROSE AVENUE DU FIEF;M;4617416;-116666;170
201500019391;15;7;28;1900;1;2;1;2;2;200;00, 03 PK RN237 MOULIN J;M;4617825;-115808;170
201500019392;15;7;30;1240;1;2;1;1;6;300;RAMBAUD   RUE;M;4616314;-115246;170
201500019393;15;7;30;613;1;2;1;1;2;300;00, SAUTEL  BOULEVARD AN;M;4616666;-113661;170
201500019394;15;7;31;1535;1;2;1;1;2;300;46, JURA   RUE DU;M;4617536;-119601;170
201500019395;15;8;1;1829;1;1;1;1;7;291;D 263;M;4617422;-111303;170
201500019396;15;8;4;1625;1;2;1;1;2;300;67, COGNEHORS   BOULEVAR;M;4616806;-114239;170
201500019397;15;8;5;735;1;2;2;1;3;300;9, DENFERT-ROCHEREAU   A;M;4616506;-119381;170
201500019398;15;8;10;805;1;2;1;1;3;300;42, CIMETIERE   AVENUE D;M;4616290;-113485;170
201500019399;15;8;10;1131;1;2;1;1;2;300;PROUDHON   RUE PIERRE JO;M;4615370;-113154;170
201500019400;15;8;10;1700;1;2;1;1;3;300;17, MADELEINE   RUE DE L;M;4614900;-114541;170
201500019401;15;8;12;2215;5;2;1;1;7;300;05, MINAGE   RUE PAS DU;M;4616259;-114968;170
201500019402;15;8;14;1130;1;2;1;1;6;291;14, QUATORZE JUILLET   R;M;4617336;-111842;170
201500019403;15;8;14;1250;1;2;9;1;7;300;17, FROMENTIN   RUE CHAR;M;4616507;-117629;170
201500019404;15;8;15;1825;1;1;1;1;4;291;01 PK RN237 RE MOULIN JU;M;4617875;-112904;170
201500019405;15;8;17;1320;1;2;6;1;2;200;17, HUIT MAI 1945   AVEN;M;4617816;-115256;170
201500019406;15;8;20;1214;1;2;1;1;6;300;44, PETROZAVODSK   PLACE;M;4615967;-117911;170
201500019407;15;8;20;1525;1;2;1;1;3;300;156, CREPEAU   AVENUE MI;M;4615379;-115355;170
201500019408;15;8;21;1755;1;2;1;1;2;300;279, CARNOT   AVENUE;M;4616532;-118623;170
201500019409;15;8;21;2230;5;2;6;1;2;300;1, MARILLAC   AVENUE;M;4614035;-116485;170
201500019410;15;8;22;1130;1;2;2;1;3;300;256, CARNOT   AVENUE;M;4616437;-117739;170
201500019411;15;8;29;1950;1;2;2;1;3;300;2, FETILLY   AVENUE DE;M;4617019;-115226;170
201500019412;15;8;31;1215;1;2;1;1;2;300;56, SAUTEL  BOULEVARD AN;M;4616768;-113372;170
201500019413;15;9;1;1151;1;2;2;1;4;28;21, GAULLE   AVENUE DU G;M;4613325;-111954;170
201500019414;15;9;1;1758;1;1;1;1;2;291;09 PK RN237 RE MOULIN JU;M;4617627;-112578;170
201500019415;15;9;2;810;1;2;2;1;3;300;51, NORMANDIN   RUE EMIL;M;4615043;-114617;170
201500019416;15;9;3;840;1;2;6;1;6;200;1, VENDOME   RUE DU MOUL;M;4617824;-115288;170
201500019417;15;9;3;940;1;2;2;1;2;300;D 106;M;4618221;-120145;170
201500019418;15;9;3;1105;1;2;2;1;6;300;17, KENNEDY   AVENUE DU;M;4616755;-118077;170
201500019419;15;9;3;1143;1;1;1;1;2;300;08 PK RN237 MOULIN JUSTI;M;4617569;-121506;170
201500019420;15;9;3;1535;1;1;1;1;2;300;117 PK RN137 JUSTICE ROC;M;4616245;-112215;170
201500019421;15;9;3;1600;1;2;1;1;3;300;7, BARBUSSE   RUE HENRI;M;4615536;-113672;170
201500019422;15;9;4;1523;1;2;1;1;2;300;27, REPUBLIQUE   BOULEVA;M;4613829;-115229;170
201500019423;15;9;4;1757;1;2;1;1;4;300;2, SARTRE   AVENUE JEAN-;M;4615621;-113049;170
201500019424;15;9;7;1750;1;2;1;1;3;300;1, BEAUREGARD   RUE DE;M;4616766;-113980;170
201500019425;15;9;7;1825;1;2;2;1;1;300;1, BRIQUETERIE   RUE DE;M;4616271;-116149;170
201500019426;15;9;8;1550;1;2;1;1;7;300;2, QUATORZE JUILLET   AV;M;4615319;-113047;170
201500019427;15;9;8;1830;1;2;1;1;6;300;49, PALAIS   RUE DU;M;4615877;-115391;170
201500019428;15;9;8;2240;5;2;1;1;7;300;1, SIMENON   QUAI GEORGE;M;4615489;-115111;170
201500019429;15;9;9;900;1;2;6;1;3;300;01, MONNET   AVENUE JEAN;M;4614610;-115283;170
201500019430;15;9;10;1400;1;2;1;1;3;300;15, FOLLETIER  RUE FRANЗ;M;4614231;-115292;170
201500019431;15;9;10;1830;1;2;1;1;2;291;6, DIX-HUIT JUIN   RUE D;M;4617594;-111230;170
201500019432;15;9;11;40;5;2;1;1;6;300;77, MISSY   RUE DE;M;4615921;-117248;170
201500019433;15;9;11;1320;1;1;1;1;6;300;05 PK RN237 MOULIN JUSTI;M;4617357;-117827;170
201500019434;15;9;11;1515;1;2;1;1;6;300;12, CONDE   RUE HENRI DE;M;4616732;-116166;170
201500019435;15;9;11;2230;5;2;1;1;1;300;51 BIS, LACROIX   RUE MA;M;4617307;-114646;170
201500019436;15;9;13;908;1;2;1;1;2;300;25, SARTRE   AVENUE JEAN;M;4615575;-113438;170
201500019437;15;9;14;834;1;2;2;2;6;300;25, SAUTEL  BOULEVARD AN;M;4616919;-112914;170
201500019438;15;9;15;1700;1;2;1;1;6;300;55, JOFFRE   BOULEVARD (;M;4615865;-114192;170
201500019439;15;9;16;1330;1;2;6;1;6;300;LACROIX   RUE MARIUS;M;4616995;-114658;170
201500019440;15;9;18;1050;1;2;1;1;3;291;01, JUIN 18  RUE;M;4617592;-111333;170
201500019441;15;9;18;1350;1;1;1;1;2;300;112 PK RN137 JUSTICE ROC;M;4612095;-110948;170
201500019442;15;9;18;2120;4;2;1;1;6;300;111, COLIGNY   AVENUE;M;4616175;-116539;170
201500019443;15;9;19;1555;1;2;1;1;6;300;51, ORBIGNY   RUE ALCIDE;M;4616390;-114723;170
201500019444;15;9;22;1514;1;2;1;1;5;300;63, SAUTEL  BOULEVARD AN;M;4616792;-113314;170
201500019445;15;9;23;1804;1;2;2;1;5;300;25, VARSOVIE   AVENUE DE;M;4616877;-116962;170
201500019446;15;9;25;1845;1;2;1;1;6;300;2, CONVENTION   RUE DE L;M;4615099;-111632;170
201500019447;15;9;27;140;3;1;1;1;6;300;537 RN ECHANGEUR LA PALL;M;4617061;-118967;170
201500019448;15;9;28;1220;1;2;2;1;3;300;01, COUBERTIN   AVENUE P;M;4616519;-117502;170
201500019449;15;9;28;1435;1;1;2;1;3;300;1, REPENTIE   AVENUE DE;M;4617050;-120436;170
201500019450;15;9;28;1845;1;2;6;1;3;200;01, HUIT MAI 1945   AVE;M;4619020;-114683;170
201500019451;15;9;29;1900;1;2;3;1;2;300;24, ALBERT IER   RUE;M;4616467;-115160;170
201500019452;15;9;30;1730;1;2;2;1;2;28;159, GRASSET   AVENUE ED;M;4613160;-110352;170
201500019453;15;9;30;2115;5;2;4;1;1;300;05, SCHWEITZER   RUE DU;M;4615851;-114567;170
201500019454;15;10;8;850;1;2;3;1;3;300;10, HOTEL DE VILLE   RUE;M;4615923;-115178;170
201500019455;15;10;8;1645;1;1;1;1;3;300;06, DANTON   AVENUE;M;4615556;-111882;170
201500019456;15;10;9;1020;1;2;2;1;3;300;45, MAIL   ALLEE DU;M;4615595;-116100;170
201500019457;15;10;9;1435;1;2;1;1;7;200;01, NIEUL SUR MER  ROUTE;M;4619198;-114762;170
201500019458;15;10;9;1741;1;2;1;1;3;300;2 G, VESPUCCI   AVENUE A;M;4615321;-115467;170
201500019459;15;10;9;1750;1;2;3;1;3;300;15, COLIGNY   AVENUE;M;4615729;-116616;170
201500019460;15;10;12;730;2;2;2;1;3;300;06, REPUBLIQUE   BOULEVA;M;4613842;-115137;170
201500019461;15;10;13;1442;1;2;6;1;3;300;01, CHAMP DE MARS   AVEN;M;4616957;-115115;170
201500019462;15;10;14;934;1;2;1;1;6;300;12, REPUBLIQUE   BOULEVA;M;4613838;-115177;170
201500019463;15;10;14;1130;1;2;1;1;3;300;77, GUITON   AVENUE JEAN;M;4615980;-116657;170
201500019464;15;10;15;1750;1;2;1;1;1;28;51, GRASSET   AVENUE EDM;M;4613341;-111389;170
201500019465;15;10;17;714;2;1;1;1;6;300;114 PK RN137 ROCHEFORT J;M;4613726;-110350;170
201500019466;15;10;17;1035;1;2;6;1;2;300;1, SARTRE   AVENUE JEAN-;M;4615340;-111302;170
201500019467;15;10;17;1245;1;2;2;1;3;300;01, LOMBARD   AVENUE MOD;M;4617491;-119707;170
201500019468;15;10;18;1900;2;2;1;1;6;300;21, KENNEDY   AVENUE DU;M;4616784;-118355;170
201500019469;15;10;24;200;5;2;2;1;3;300;17, ECOLES   RUE DES;M;4616356;-115467;170
201500019470;15;10;26;855;1;2;2;1;6;300;50, SARTRE   AVENUE JEAN;M;4615622;-113061;170
201500019471;15;10;30;2330;5;2;2;1;3;300;28, VILLENEUVE   RUE;M;4616175;-114670;170
201500019472;15;11;1;1845;5;2;2;1;3;300;37, JOFFRE   BOULEVARD (;M;4615329;-114618;170
201500019473;15;11;2;1545;1;2;2;1;2;300;GRASSET   AVENUE EDMOND;M;4616324;-116640;170
201500019474;15;11;2;1609;1;1;1;1;7;300;1, FETILLY   PLACE DE;M;4617332;-115627;170
201500019475;15;11;5;350;3;1;1;1;6;200;03 PK RN237 MOULIN JUSTI;M;4617859;-115770;170
201500019476;15;11;6;1710;2;2;1;1;7;274;88, CHATEAU   RUE DU;M;4615163;-109386;170
201500019477;15;11;8;1740;2;1;1;1;3;300;2, REPENTIE   AVENUE DE;M;4610326;-113191;170
201500019478;15;11;8;2325;5;2;1;1;6;300;44, CORDELIERS   AVENUE;M;4616635;-114150;170
201500019479;15;11;13;835;1;2;1;1;3;300;80, GONTHIERES   RUE DES;M;4617574;-115467;170
201500019480;15;11;13;1000;1;2;1;2;7;28;52, FABIEN   RUE DU COLO;M;4608000;-106490;170
201500019481;15;11;13;1900;5;2;6;1;3;300;1, REPENTIE   AVENUE DE;M;4617196;-121289;170
201500019482;15;11;16;1800;3;1;1;1;4;291;0 PK RN237 MOULIN JUSTIC;M;4610055;-107155;170
201500019483;15;11;16;1815;5;2;1;1;1;300;71, SARTRE   AVENUE JEAN;M;4609176;-108109;170
201500019484;15;11;19;1008;1;1;1;1;7;300;06 PK RN237 MOULIN JUSTI;M;4600000;-100000;170
201500019485;15;11;20;800;2;2;1;1;6;300;12, DUMONT   RUE DU GENE;M;4600000;-100000;170
201500019486;15;11;22;345;5;2;1;1;6;300;123, SARTRE   AVENUE JEA;M;4600000;-100000;170
201500019487;15;11;24;1855;5;2;1;1;6;300;1, COLMAR   AVENUE DE;M;4609231;-108920;170
201500019488;15;11;24;2300;5;2;6;1;3;300;2, BRETIGNIERE   RUE;M;4616159;-113978;170
201500019489;15;11;25;738;2;2;1;1;6;200;AVIGNON   RUE D';M;4617915;-115761;170
201500019490;15;11;27;1044;1;2;1;1;6;300;54, SAUTEL  BOULEVARD AN;M;4616755;-113394;170
201500019491;15;11;27;1820;5;2;1;2;1;291;21, BELGIQUE  RUE;M;4617823;-112219;170
201500019492;15;11;28;558;3;1;1;1;7;300;01, 115 PK RN137 JUSTICE;M;4614640;-110936;170
201500019493;15;11;28;1148;1;2;9;1;2;300;42, CORSAIRES   AVENUE D;M;4616649;-117420;170
201500019494;15;11;28;1550;1;2;1;1;6;291;30, TREUIL GRAS  RUE DU;M;4617937;-110707;170
201500019495;15;12;2;915;1;2;1;1;1;300;17, CORDELIERS   AVENUE;M;4616365;-114499;170
201500019496;15;12;2;1517;1;1;1;1;4;300;112 PK RN137 ROCHEFORT J;M;4612085;-110937;170
201500019497;15;12;3;1817;5;2;1;1;2;300;58BIS, FRENES   RUE DES;M;4614271;-114476;170
201500019498;15;12;4;235;5;2;1;1;6;300;REMPARTS   CHEMIN DES;M;4616268;-115518;170
201500019499;15;12;5;1615;1;2;6;1;6;274;REPUBLIQUE   ROND-POINT;M;4615330;-111111;170
201500019500;15;12;5;1931;5;2;1;1;3;300;GUILLET   AVENUE LOUIS;M;4616947;-118090;170
201500019501;15;12;5;2018;5;2;9;1;1;300;LECLERC   AVENUE DU GENE;M;4616261;-116017;170
201500019502;15;12;6;2120;5;1;1;1;7;300;46, SARTRE   AVENUE JEAN;M;4615605;-113326;170
201500019503;15;12;9;1915;5;2;1;1;2;291;ONZE NOVEMBRE   RUE DU;M;4617340;-111674;170
201500019504;15;12;9;1210;1;2;1;1;2;300;8, CHAUDRIER   RUE;M;4616044;-115336;170
201500019505;15;12;11;845;2;2;1;1;1;300;24, GRANDES VARENNES   A;M;4616827;-117763;170
201500019506;15;12;11;1018;1;2;1;1;2;300;50, MOULIN   AVENUE JEAN;M;4614234;-113959;170
201500019507;15;12;11;1225;1;2;9;1;6;300;MONNET   AVENUE JEAN;M;4614423;-115312;170
201500019508;15;12;14;1314;1;2;1;1;2;274;4, LANGEVIN   AVENUE PAU;M;4616068;-110083;170
201500019509;15;12;14;1430;1;2;1;1;2;300;2, JUSTICES   RUE DU MOU;M;4617151;-112330;170
201500019510;15;12;16;1530;1;2;1;1;6;300;31, VALIN   QUAI;M;4615680;-114976;170
201500019511;15;12;16;1825;5;2;1;1;6;200;HUIT MAI 1945   AVENUE D;M;4618374;-115222;170
201500019512;15;12;18;500;3;2;1;2;1;28;11, CLAIRES   RUE DES;M;4612721;-113086;170
201500019513;15;12;23;1840;3;1;1;1;2;300;05 PK RN237 RE MOULIN JU;M;4617364;-117821;170
201500019514;15;1;2;455;3;2;1;1;7;306;EXPRESS (VOIE);M;4563072;-100656;170
201500019515;15;11;5;815;1;2;1;1;6;333;TOURTET (AV. LT COLONEL);M;4560757;-99258;170
201500019516;15;3;26;1725;1;2;3;1;6;306;., ROCHEFORT (DE)  (AVEN;M;4564064;-102491;170
201500019517;15;1;2;1155;1;2;1;1;6;306;69, REGAZZONI (AVENUE CH;M;4563407;-103453;170
201500019518;15;11;10;2050;3;1;1;5;2;306;EXPRESS (VOIE);M;4562264;-99670;170
201500019519;15;3;30;2020;5;2;3;1;2;306;., BESANCON (PASTEUR SAM;M;4562872;-101034;170
201500019520;15;1;2;1405;1;2;1;1;2;380;CHEVAILLE (AVENUE DE LA);M;4566379;-107211;170
201500019521;15;11;11;1625;1;2;1;1;7;306;EXPRESS (VOIE);M;4562559;-99900;170
201500019522;15;4;4;525;3;1;1;1;6;461;., EXPRESS (VOIE);M;4565008;-104843;170
201500019523;15;11;21;1640;1;2;2;1;3;333;DE LATTRE DE TASSIGNY (B;M;4560302;-99692;170
201500019524;15;4;12;1901;1;1;3;1;6;306;., LOTI PIERRE;M;4562400;-102915;170
201500019525;15;1;8;1500;1;2;1;1;6;306;EXPRESS (VOIE);M;4563978;-103004;170
201500019526;15;11;21;1730;2;2;1;1;6;380;GANIPOTE (AVENUE DE LA);M;4565196;-108738;170
201500019527;15;1;21;1216;1;2;1;1;1;306;16, DOUMER  (PORTIQUE);M;4562650;-102738;170
201500019528;15;4;19;1910;2;2;1;1;6;306;25, LAIR  LOUIS (BD);M;4562349;-103945;170
201500019529;15;11;24;1454;1;2;2;1;3;306;BRANLY EDOUARD;M;4537499;-59457;170
201500019530;15;1;23;1554;1;2;1;1;2;306;GABORIAU (IMPASSE EMILE);M;4562710;-101237;170
201500019531;15;4;25;1428;1;2;2;1;6;306;59, EUROPE (COURS DE L');M;4562491;-102123;170
201500019532;15;12;1;1635;2;2;1;1;6;306;HEDDE (AVENUE DANIEL);M;4562921;-103229;170
201500019533;15;1;23;1715;1;2;1;1;6;306;44, LECLERC MARECHAL (AV;M;4562444;-101891;170
201500019534;15;4;28;1624;1;2;1;1;4;306;., BOUCHET LOUIS (AVENUE;M;4562748;-99706;170
201500019535;15;12;2;1230;1;2;1;1;3;333;TILLEULS (AVENUE DES);M;4536145;-59362;170
201500019536;15;1;29;1845;3;2;1;2;4;306;., ROCHEFORT (DE)  (AVEN;M;4564481;-102466;170
201500019537;15;5;9;1840;1;2;1;1;6;380;., COLOMBES (DES);M;4564338;-102621;170
201500019538;15;1;31;1420;1;2;1;1;6;380;., SOURCE (AVENUE DE LA);M;4565194;-107292;170
201500019539;15;5;11;1405;1;2;3;1;3;306;ALSACE LORRAINE (D');M;4562642;-102945;170
201500019540;15;12;27;1840;5;2;1;1;2;306;EUROPE (COURS DE L');M;4562483;-102160;170
201500019541;15;2;2;1410;1;2;3;2;3;306;., AMPERE;M;4562871;-101035;170
201500019542;15;5;13;1202;1;2;2;1;3;306;., GRANDIERE (DE LA) (BD;M;4562459;-102402;170
201500019543;15;12;29;1625;1;2;1;1;6;333;MOCQUERIES (AVENUE);M;4560201;-99352;170
201500019544;15;2;16;2005;5;2;1;1;6;306;., LOTI PIERRE;M;4562451;-102969;170
201500019545;15;5;15;1020;1;2;1;1;6;306;04, BRIAND  ARISTIDE  (B;M;4562496;-102939;170
201500019546;15;2;17;833;1;2;3;1;2;306;., CHEVREUILS (DES);M;4564140;-104449;170
201500019547;15;5;16;1150;1;2;1;1;6;306;4, REUTIN (BD FELIX);M;4563594;-102726;170
201500019548;15;2;20;745;2;2;1;1;6;306;176, ROCHEFORT (DE)  (AV;M;4564652;-102442;170
201500019549;15;5;20;1800;1;2;6;1;2;461;., COURLAY (AVENUE DE);M;4564974;-106820;170
201500019550;15;2;25;917;1;2;1;1;2;333;., TILLEULS (AVENUE DES);M;4560369;-99337;170
201500019551;15;5;25;1012;1;2;3;1;3;306;., BAILLET (BD COLONEL R;M;4562852;-104094;170
201500019552;15;2;28;1222;1;2;1;3;6;306;LAVOISIER (ANTOINE DE);M;4563012;-99344;170
201500019553;15;6;2;805;2;1;1;1;2;333;., EXPRESS (voie);M;4561624;-98781;170
201500019554;15;3;4;1555;1;2;1;1;6;306;8, LOTI PIERRE;M;4562445;-102968;170
201500019555;15;6;6;1700;1;2;5;1;1;306;., LAVOISIER (ANTOINE DE;M;4562961;-99391;170
201500019556;15;3;10;757;2;2;3;1;3;306;LOTI PIERRE;M;4562452;-102971;170
201500019557;15;6;15;1614;1;2;1;1;1;306;BOUCHET LOUIS (AVENUE);M;4562857;-99517;170
201500019558;15;6;19;2005;2;2;1;1;6;306;16, METADIER (DOCTEUR PA;M;4562213;-103367;170
201500019559;15;6;23;20;5;2;1;1;6;306;5, PROVIDENCE (DE LA);M;4562787;-102803;170
201500019560;15;6;24;1815;1;2;2;1;3;333;CORMORANS (AVENUE DES);M;4561158;-100468;170
201500019561;15;6;27;1135;1;2;3;1;3;306;AMPERE;M;4562959;-100895;170
201500019562;15;6;30;752;1;1;2;1;1;380;BERNEZAC (AVENUE DE);M;4565042;-106966;170
201500019563;15;7;3;855;1;2;1;2;2;306;AQUITAINE (ALIENOR D') (;M;4561311;-99905;170
201500019564;15;7;4;1135;1;1;1;1;7;380;GRANDE COTE (AVENUE DE L;M;4564662;-110285;170
201500019565;15;7;5;1430;1;1;1;1;3;380;EXPRESS (VOIE);M;4564883;-104764;170
201500019566;15;7;10;1501;1;2;2;1;3;306;BOUCHET LOUIS (AVENUE);M;4562941;-99371;170
201500019567;15;7;10;1940;1;2;2;1;3;306;BOUCHET LOUIS (AVENUE);M;4563196;-98556;170
201500019568;15;7;12;1900;1;2;3;1;2;380;DE GAULLE ( AVENUE CHARL;M;4565578;-108762;170
201500019569;15;7;13;1732;1;2;1;1;3;306;107, REGAZZONI (AVENUE C;M;4563650;-103788;170
201500019570;15;7;14;307;5;2;1;1;6;380;20, VERDUN (AVENUE DE);M;4565482;-107849;170
201500019571;15;7;15;1215;1;2;2;1;3;333;13, PLAGE (AVENUE DE LA);M;4559579;-98902;170
201500019572;15;7;19;2020;2;2;1;1;7;380;29, SOURCE (AVENUE DE LA;M;4565261;-107614;170
201500019573;15;7;20;1215;1;2;1;1;6;306;BOUCHET LOUIS (AVENUE);M;4562522;-100106;170
201500019574;15;7;23;1356;1;2;3;1;3;333;., DE LATTRE DE TASSIGNY;M;4561086;-100907;170
201500019575;15;7;24;2155;2;2;3;1;3;306;23, PONTAILLAC (DE) (AVE;M;4562086;-103658;170
201500019576;15;7;27;640;1;2;1;1;3;306;2, AQUITAINE (ALIENOR D';M;4562285;-101025;170
201500019577;15;7;30;1700;1;1;1;1;3;461;EXPRESS (VOIE);M;4564378;-104112;170
201500019578;15;7;31;955;1;2;1;1;1;306;BROCHET (DU) (ALLEE);M;4563617;-104110;170
201500019579;15;8;1;235;3;2;1;1;6;333;., BETEILLE JOSEPH (AVEN;M;4560000;-98976;170
201500019580;15;8;1;1030;1;2;1;1;6;306;., LOTI PIERRE;M;4562692;-103157;170
201500019581;15;8;1;2020;2;2;1;1;1;306;30, GARNIER (BD FREDERIC;M;4562116;-101926;170
201500019582;15;8;4;2034;2;2;1;1;6;380;., SOURCE (AVENUE DE LA);M;4565082;-107033;170
201500019583;15;8;8;1747;1;2;3;1;3;306;., BRANLY EDOUARD;M;4563009;-99493;170
201500019584;15;8;10;1530;1;2;3;1;3;306;02, BILLOIS HENRI;M;4562819;-100970;170
201500019585;15;8;10;1530;1;2;3;1;3;306;49, PARIS (DE) (AVENUE);M;4562764;-105114;170
201500019586;15;8;13;110;5;2;1;3;7;333;12, SAUJON (DE);M;4560389;-98333;170
201500019587;15;8;14;1840;1;2;1;1;7;306;19, ESPADON (RUE DE L');M;4563923;-103747;170
201500019588;15;8;15;522;3;1;1;1;7;306;EXPRESS (VOIE);M;4563675;-101769;170
201500019589;15;8;15;750;1;2;1;1;6;461;2, MALAKOFF (AVENUE);M;4564504;-106022;170
201500019590;15;8;17;1920;1;2;1;1;3;306;HEDDE (AVENUE DANIEL);M;4563477;-102898;170
201500019591;15;8;19;1635;1;2;1;1;3;380;123, GRANDE COTE (AVENUE;M;4564826;-111465;170
201500019592;15;8;27;2040;2;2;6;1;3;306;LAMY (BD FRANCK);M;4562819;-101710;170
201500019593;15;8;28;1220;1;2;2;1;6;306;ECLUSE (DE L');M;4562531;-102600;170
201500019594;15;9;1;45;5;2;1;1;6;306;PONTAILLAC (DE) (AVENUE);M;4562561;-104967;170
201500019595;15;9;3;113;5;2;1;1;6;461;130, COTE DE BEAUTE (BOU;M;4563662;-107025;170
201500019596;15;9;5;2320;5;2;1;1;7;306;., LAVOISIER (ANTOINE DE;M;4537523;-59376;170
201500019597;15;9;29;1524;1;2;1;1;2;306;61, PONTAILLAC (DE) (AVE;M;4562188;-103910;170
201500019598;15;10;8;850;1;2;1;1;2;306;120, DOUMER  (PORTIQUE);M;4563006;-103017;170
201500019599;15;10;13;1325;1;2;6;1;6;306;., HEDDE (AVENUE DANIEL);M;4563617;-102853;170
201500019600;15;10;13;1505;1;2;1;1;6;306;05, PAPIN DENIS;M;4537557;-59350;170
201500019601;15;10;16;925;1;2;1;1;2;306;., QUEBEC (AVENUE);M;4563270;-98125;170
201500019602;15;10;16;1650;1;2;3;1;3;333;., FREGATES (AVENUE DES);M;4561250;-99247;170
201500019603;15;10;19;1210;1;2;1;1;6;306;., CORDOUAN (DE) (BD);M;4562453;-103913;170
201500019604;15;10;21;1144;1;2;1;1;6;306;84, GARNIER (BD FREDERIC;M;4561840;-98397;170
201500019605;15;10;28;1815;5;2;2;1;6;306;ROCHEFORT (DE)  (AVENUE);M;4563660;-102854;170
201500019606;15;10;29;1503;1;2;1;1;2;306;BAILLET (BD COLONEL ROBE;M;4562893;-104010;170
201500019607;15;11;1;1835;2;2;2;1;3;333;., MAUDET (DU DOCTEUR);M;4560388;-100395;170
201500019608;15;6;1;615;1;1;1;1;1;80;;M;4376138;-27352;400
201500019609;15;1;11;2345;3;1;1;9;6;613;;M;4910203;50698;270
201500019610;15;3;28;1515;1;1;1;2;6;125;;M;4919458;77017;270
201500019611;15;6;5;1415;1;1;1;1;6;125;;M;4920266;76984;270
201500019612;15;7;16;2100;1;1;1;1;6;148;;M;4898799;44185;270
201500019613;15;10;23;1515;1;1;1;1;2;95;;M;4922213;74719;270
201500019614;15;10;27;1015;1;1;1;1;7;49;;M;4900345;69742;270
201500019615;15;9;12;1600;1;1;1;1;6;352;;M;4881049;-12643;610
201500019616;15;12;17;430;3;1;1;1;6;306;;M;4865780;22464;610
201500019617;15;1;4;1015;1;2;3;1;3;415;86, JEAN RUE DU DOCTEUR;M;4574029;-62065;170
201500019618;15;4;3;1630;1;2;1;1;6;415;route nationale 141;M;4574579;-59022;170
201500019619;15;11;27;1035;1;2;1;1;6;415;SAINTONGE PONT A RUE GAU;M;4544275;-38037;170
201500019620;15;1;17;405;3;1;1;1;6;415;route nationale 141;M;4573021;-62566;170
201500019621;15;4;8;1802;1;2;1;1;6;415;1, PICHAUDERIE LIEU-DIT;M;4575426;-60780;170
201500019622;15;12;2;1800;2;2;1;1;2;415;01, SAINTONGE PONT A RUE;M;4544265;-37376;170
201500019623;15;1;25;1840;2;1;1;1;6;415;route nationale 141;M;4573649;-60561;170
201500019624;15;12;12;1905;1;1;1;1;1;415;VOIVILLE OUEST ROND POIN;M;4544243;-39429;170
201500019625;15;3;4;914;1;2;1;1;6;415;1, LECLERC COURS DU MARE;M;4574872;-64420;170
201500019626;15;1;28;1615;1;1;1;1;6;415;GABILLONNERIE LIEU-DIT L;M;4578311;-66290;170
201500019627;15;3;10;1400;1;2;1;1;6;415;85, GAMBETTA 2 A 72 ET 5;M;4574668;-62453;170
201500019628;15;12;13;1730;2;2;3;1;2;415;39, JOURDAN AVENUE;M;4544432;-36481;170
201500019629;15;1;31;2050;3;1;1;1;6;415;VOIVILLE EST ROND POINT;M;4574027;-65898;170
201500019630;15;3;18;1530;1;2;1;1;6;415;1, 4 SEPTEMBRE 1944 RUE;M;4574365;-65590;170
201500019631;15;1;31;2145;3;1;6;1;6;415;VOIVILLE OUEST ROND POIN;M;4574038;-66236;170
201500019632;15;3;20;2050;2;2;1;1;6;415;1, BOIS DES MOUNIERS RUE;M;4573934;-67278;170