num_acc;an;mois;jour;hrmn;lum;agg;int;atm;col;com;adr;gps;lat;long;dep
201500019633;15;2;5;1105;1;2;2;1;6;415;1, JEAN RUE DU DOCTEUR;M;4573796;-61650;170
201500019634;15;3;23;1730;1;2;1;1;6;415;1, ABBAYE PLACE DE L';M;4574457;-62435;170
201500019635;15;2;6;1825;2;2;1;1;6;415;6, APOTRES DE LA LIBERTE;M;4574017;-64201;170
201500019636;15;3;31;745;5;2;1;1;6;415;20, NATIONAL 1 A 67 ET 2;M;4574710;-63167;170
201500019637;15;2;11;1130;1;1;6;1;6;415;1, METAIRIE CHEMIN DE LA;M;4576029;-63786;170
201500019638;15;3;31;1210;1;1;1;1;6;415;1, TERREFORT AVENUE DE;M;4574225;-59888;170
201500019639;15;2;13;2140;3;2;1;1;6;415;1, VOIVILLE EST ROND POI;M;4574033;-66000;170
201500019640;15;4;11;545;1;1;1;1;6;415;98, GAMBETTA 74 A 162 ET;M;4574658;-62277;170
201500019641;15;2;27;1310;1;1;1;1;6;415;SAINTONGE A10 A ROCADE O;M;4574017;-66210;170
201500019642;15;4;12;1738;1;2;1;1;6;415;1, DE GAULLE COURS CHARL;M;4574314;-62580;170
201500019643;15;4;13;1915;1;2;1;1;6;415;15, LEMERCIER COURS;M;4574748;-63845;170
201500019644;15;4;16;940;1;1;3;1;6;415;141;M;4574579;-59017;170
201500019645;15;4;30;645;5;2;3;1;6;415;1, ARC DE TRIOMPHE;M;4574591;-62873;170
201500019646;15;4;30;1700;1;1;1;8;6;415;92, LORMONT RUE DE;M;4575424;-61417;170
201500019647;15;5;21;1730;1;1;6;1;3;415;1, ABATTOIR RUE DE L';M;4575294;-63105;170
201500019648;15;5;27;1105;1;2;6;1;3;415;44, GAMBETTA 2 A 72 ET 5;M;4574691;-62844;170
201500019649;15;5;28;1600;1;2;1;1;6;415;24, NATIONAL 1 A 67 ET 2;M;4574714;-63239;170
201500019650;15;6;6;955;1;1;1;1;2;415;141;M;4572650;-63583;170
201500019651;15;6;8;1650;1;1;6;1;3;415;., RETAUD ROUTE DE;M;4573711;-65748;170
201500019652;15;6;8;1945;1;1;1;1;6;415;., CENTRE LECLERC ST GEO;M;4574754;-67500;170
201500019653;15;6;28;845;1;1;6;1;3;415;5, GAMBETTA 2 A 72 ET 5;M;4574691;-62840;170
201500019654;15;7;2;1340;1;1;1;1;6;415;1, CHAMP DE TIR RUE DU;M;4574633;-67476;170
201500019655;15;7;5;1730;1;1;1;1;6;415;1, SAINTONGE IMPASSE DE;M;4574077;-62793;170
201500019656;15;7;6;1315;1;1;1;1;6;415;Route Nationale 137;M;4574222;-66111;170
201500019657;15;7;6;1700;1;2;1;1;6;415;CENTRE LECLERC ST GEORGE;M;4574684;-67398;170
201500019658;15;7;12;1855;1;1;1;1;6;415;SAINTONGE A10 A ROCADE O;M;4574957;-66113;170
201500019659;15;7;14;1210;1;2;1;1;2;415;1, PALISSY RUE;M;4574153;-63870;170
201500019660;15;7;17;1920;1;1;1;1;6;415;Route Dйpartementale 728;M;4574677;-69789;170
201500019661;15;7;21;1625;1;2;5;1;6;415;1, TOMBOUCTOU AVENUE DE;M;4573894;-65362;170
201500019662;15;7;22;2100;1;1;1;1;6;415;1, COTE DE BEAUTE RUE DE;M;4574680;-66929;170
201500019663;15;7;27;1640;1;1;1;1;6;415;1, SAINTONGE RUELLE  DE;M;4574506;-62731;170
201500019664;15;7;28;1735;1;2;1;1;6;415;2, REVERSEAUX 2 A 46 ET;M;4574629;-63795;170
201500019665;15;8;4;1020;1;1;5;1;3;415;., COTE DE BEAUTE RUE DE;M;4574531;-66961;170
201500019666;15;8;5;1725;1;2;1;1;6;415;51, LECLERC COURS DU MAR;M;4575068;-64817;170
201500019667;15;8;22;1055;1;1;1;1;2;415;., Route Nationale 150;M;4572434;-65121;170
201500019668;15;9;9;1423;1;2;1;1;6;415;05, JARDIN PUBLIC RUE DU;M;4544399;-37402;170
201500019669;15;9;22;1925;1;2;1;1;6;415;01, PLEIADE RUE DE LA;M;4543499;-38277;170
201500019670;15;9;23;1652;1;2;1;1;2;415;1, YSER 1 A 35 QUAI DE L;M;4574695;-63047;170
201500019671;15;9;28;910;1;1;1;1;2;415;01, CHERMIGNAC RUE DE;M;4542560;-39080;170
201500019672;15;9;29;1750;1;1;3;1;3;415;01, COTE DE BEAUTE RUE D;M;4544450;-40090;170
201500019673;15;10;6;1608;1;2;1;1;2;415;68, REVERSEAUX 48 A FIN;M;4544360;-38236;170
201500019674;15;10;14;1325;1;2;3;1;3;415;BOIFFIERS RUE DES;M;4543539;-38542;170
201500019675;15;10;22;1615;1;2;1;1;6;415;04, GAMBETTA 2 A 72 ET 5;M;4544491;-37414;170
201500019676;15;10;25;215;5;1;6;1;6;415;01, GEMOZAC AVENUE DE;M;4543274;-38248;170
201500019677;15;10;27;1730;1;2;1;3;2;415;01, SAINTONGE PONT A RUE;M;4544266;-37407;170
201500019678;15;10;28;1535;1;2;1;1;1;415;KENNEDY AVENUE JOHN FITZ;M;4543510;-38424;170
201500019679;15;10;28;1745;1;1;3;1;5;415;01, SAINTONGE BLANCHARD;M;4544347;-40076;170
201500019680;15;11;20;1715;1;1;3;1;3;415;143, DOUMER ROCADE COTE;M;4544457;-40099;170
201500019681;15;12;2;1550;1;1;1;1;3;415;Route Nationale 137;M;4543130;-38146;170
201500019682;15;1;8;1815;3;1;1;1;6;160;;M;0;0;370
201500019683;15;8;21;1445;1;1;1;1;6;170;;M;0;0;370
201500019684;15;9;15;1700;1;1;1;1;4;194;;;;;370
201500019685;15;9;29;1700;1;1;1;1;6;166;;M;0;0;370
201500019686;15;10;19;800;1;1;1;1;6;204;;M;0;0;370
201500019687;15;2;20;1740;1;1;1;1;3;270;;M;4358599;383787;340
201500019688;15;3;5;1815;1;2;1;1;3;270;RD 612 - Route de SETE;M;4358023;384816;340
201500019689;15;4;2;745;1;2;1;1;1;270;rue Thйophraste Rйnaudot;M;4357300;384948;340
201500019690;15;5;3;530;2;1;1;1;6;95;;M;4352439;373715;340
201500019691;15;5;8;845;1;1;1;1;3;270;;M;4356084;384933;340
201500019692;15;6;18;745;1;2;1;1;3;270;Route de bйziers;M;4357354;381856;340
201500019693;15;7;16;2315;3;1;1;1;6;95;;M;4356149;377156;340
201500019694;15;9;14;645;2;2;1;1;1;270;RD612;M;4356430;385014;340
201500019695;15;9;15;1045;1;2;1;1;6;270;RD 613 -RUE DES COTEAUX;M;4357817;383541;340
201500019696;15;9;28;830;1;2;1;1;3;95;chemin des lйtagnes;M;4354641;377317;340
201500019697;15;10;31;1215;1;1;1;1;2;270;;M;4356055;384934;340
201500019698;15;11;21;1245;1;2;1;1;6;270;D612 - ROUTE DE SETE;M;0;0;340
201500019699;15;12;17;745;2;1;3;8;5;295;;M;4356486;380376;340
201500019700;15;1;4;1500;1;2;1;7;6;141;AVENUE DU STADE;M;4274646;292138;660
201500019701;15;9;4;30;5;2;1;1;6;141;Route de PERPIGNAN;M;4273826;290718;660
201500019702;15;2;8;930;1;1;1;1;3;141;;M;0;0;300
201500019703;15;2;19;1500;1;1;1;1;1;141;;M;4408444;470503;300
201500019704;15;4;10;830;1;2;1;1;6;331;Rue du Baron Le Roy;M;4410736;458661;300
201500019705;15;4;29;1245;1;1;3;1;3;331;;M;4411748;459413;300
201500019706;15;4;30;1815;1;2;1;1;1;331;rue de la Glaciere CD9;M;4410628;459207;300
201500019707;15;5;11;930;1;2;1;1;6;141;rue de la gare;M;4409710;469849;300
201500019708;15;6;19;2330;3;1;1;1;7;331;;M;4410267;458477;300
201500019709;15;7;7;1430;1;1;1;1;3;92;;M;4409406;459692;300
201500019710;15;8;8;715;1;1;1;1;1;331;;M;4411527;458523;300
201500019711;15;8;23;1930;1;1;1;3;1;127;;M;4407154;458136;300
201500019712;15;8;30;700;1;1;1;1;1;141;;M;4411412;469018;300
201500019713;15;9;3;830;1;1;1;8;6;331;;M;4411562;461523;300
201500019714;15;9;21;1815;1;2;1;1;3;92;ancienne rte cavillargue;M;4409160;458975;300
201500019715;15;9;29;1545;1;1;1;1;2;191;;M;4412398;468110;300
201500019716;15;9;29;1815;1;2;1;1;7;292;chemin de mйgier;M;0;0;300
201500019717;15;11;14;1415;1;2;1;1;1;141;;M;4408875;470495;300
201500019718;15;12;9;1815;5;1;1;1;1;331;;M;4413443;460484;300
201500019719;15;1;11;715;2;2;1;1;1;294;02 avenue des rondaizes;M;4781000;99300;410
201500019720;15;2;25;1545;1;1;1;8;3;278;;M;4765200;95300;410
201500019721;15;4;8;1230;1;2;1;1;6;149;55 rue villeneuve;M;4775200;87400;410
201500019722;15;4;29;1045;1;1;1;1;3;199;;M;4770000;100200;410
201500019723;15;5;15;2145;3;1;1;1;7;265;;M;4779100;78800;410
201500019724;15;5;21;1715;1;1;1;1;3;78;;M;4790100;92200;410
201500019725;15;8;1;1145;1;1;1;7;7;149;;M;4777076;83142;410
201500019726;15;10;21;845;2;1;1;1;6;238;;M;4786567;85485;410
201500019727;15;11;6;2245;3;2;1;1;6;225;RUE Saint Etienne;M;4772453;82323;410
201500019728;15;11;15;1430;1;1;1;1;1;113;;M;4774202;89742;410
201500019729;15;12;20;830;2;1;1;1;6;87;;M;4781478;86142;410
201500019730;15;3;28;1330;1;2;2;8;3;436;D66 X D55 (LA VANNE);M;4880188;321134;770
201500019731;15;6;4;1815;1;2;1;1;3;182;D934;M;0;0;770
201500019732;15;6;15;1045;1;1;1;1;7;97;;M;0;0;770
201500019733;15;6;30;1700;1;1;1;1;7;314;;M;0;0;770
201500019734;15;9;3;645;2;1;1;1;7;314;;M;0;0;770
201500019735;15;9;17;815;1;1;1;2;6;240;;M;0;0;770
201500019736;15;10;5;1645;1;1;2;3;3;398;;M;0;0;770
201500019737;15;10;6;1200;1;2;1;1;6;287;RUE DU VEZIER;M;4878935;343011;770
201500019738;15;2;3;1330;1;1;1;1;6;172;;M;5019328;281825;620
201500019739;15;3;21;1145;1;2;2;1;3;151;place du 08 mai;M;5021000;278156;620
201500019740;15;8;16;100;3;1;1;1;6;559;;M;5020463;311118;620
201500019741;15;9;4;1245;1;2;1;1;7;259;10 rue du moulin;M;5019778;287854;620
201500019742;15;1;18;1;3;1;1;1;6;579;;M;5018237;266696;620
201500019743;15;9;6;1345;1;2;1;1;1;272;rue d'Ayette;M;5017481;272395;620
201500019744;15;4;1;1030;2;1;1;8;6;195;;M;5060458;258725;620
201500019745;15;6;19;115;3;2;1;1;6;176;rue Saint Roch;M;5049935;170559;620
201500019746;15;10;11;1630;1;2;1;1;6;447;Rue d'Arras;M;5037414;204005;620
201500019747;15;11;14;2245;3;2;1;2;3;783;rue du haut;M;5034904;184953;620
201500019748;15;4;23;2145;2;1;1;1;6;553;;M;5046627;240318;620
201500019749;15;6;12;1715;1;2;1;1;6;416;;M;5033499;231452;620
201500019750;15;8;2;600;2;2;1;1;6;835;Rue de ST POL;M;5044620;237905;620
201500019751;15;8;11;1245;1;2;1;1;6;767;85 RUE DE CANTERAINE;M;5037397;233266;620
201500019752;15;9;30;1230;1;2;2;1;3;719;;M;5040278;212824;620
201500019753;15;11;5;830;1;1;1;1;1;647;;M;5037880;209937;620
201500019754;15;11;23;1630;1;1;1;1;6;580;;M;5040301;243915;620
201500019755;15;1;6;1515;1;1;1;2;6;187;;M;4719274;-202382;440
201500019756;15;1;17;800;2;1;1;1;1;21;;M;4705750;-197426;440
201500019757;15;1;23;1445;1;1;1;1;1;133;;M;4712608;-176246;440
201500019758;15;3;23;1145;1;1;1;1;2;154;;M;4721792;-215130;440
201500019759;15;8;5;1115;1;1;3;1;2;187;le chatelier;M;4719874;-203343;440
201500019760;15;8;26;1000;1;2;1;1;1;38;RD5 rue d'ARTHON;M;4715027;-198466;440
201500019761;15;1;7;2110;3;2;1;8;7;226;;;;;370
201500019762;15;1;13;1100;1;1;3;2;3;154;ALLEE DES PINS;M;0;0;370
201500019763;15;1;14;1415;1;1;1;1;2;216;;M;0;0;370
201500019764;15;1;20;1845;5;1;1;1;1;261;;M;0;0;370
201500019765;15;2;4;1245;1;2;1;1;6;83;Rue nationale;M;0;0;370
201500019766;15;2;6;715;3;1;1;1;3;192;;M;0;0;370
201500019767;15;3;7;1445;1;2;1;1;2;154;RUE DES EPINETTES;M;0;0;370
201500019768;15;5;14;340;5;1;1;1;6;208;SORTIE 22;M;0;0;370
201500019769;15;6;28;2230;3;1;1;1;6;216;;M;0;0;370
201500019770;15;7;9;1530;1;1;1;1;7;228;;M;0;0;370
201500019771;15;8;14;1500;1;1;1;1;4;278;;M;0;0;370
201500019772;15;8;16;1230;1;1;1;1;6;272;;M;0;0;370
201500019773;15;8;30;1915;1;1;1;1;6;50;;M;0;0;370
201500019774;15;11;3;1730;2;1;1;8;6;226;;M;0;0;370
201500019775;15;11;13;1900;3;1;1;1;5;278;;M;0;0;370
201500019776;15;11;23;900;1;1;1;5;6;272;;M;0;0;370
201500019777;15;2;14;1515;1;1;1;3;1;310;;M;4732533;459044;210
201500019778;15;5;3;1715;1;1;2;2;1;81;;M;4736772;477506;210
201500019779;15;6;11;1015;1;2;1;1;3;661;Rue des trois ponts;M;4731846;491035;210
201500019780;15;9;15;1315;1;1;2;1;3;223;;M;4735291;498347;210
201500019781;15;1;5;1330;1;1;2;1;3;130;;M;4317500;605900;830
201500019782;15;1;30;1430;1;1;1;1;4;54;;M;4315398;604118;830
201500019783;15;3;1;915;1;1;1;1;1;130;1060 Av des Senes;M;4319300;602600;830
201500019784;15;6;20;1215;1;1;1;1;3;54;;M;0;0;830
201500019785;15;7;4;400;5;2;1;1;6;54;618 RN 97;M;4315786;604048;830
201500019786;15;8;8;1815;1;2;1;1;3;54;rue saint lazare;M;0;0;830
201500019787;15;8;9;1130;1;2;6;1;3;130;RP de l'enclos;M;0;0;830
201500019788;15;9;11;1215;1;2;6;1;3;130;Ave Gйnйral MAGNAN;M;4319410;604205;830
201500019789;15;10;18;145;5;2;1;1;1;131;;M;0;0;830
201500019790;15;11;8;1830;5;2;1;1;7;54;382 Rue Jean Aicard;M;4316900;603800;830
201500019791;15;11;18;1300;1;2;1;1;6;131;RD 554;M;0;0;830
201500019792;15;11;21;1955;5;1;1;1;1;54;;M;4315399;604118;830
201500019793;15;6;23;1600;1;2;2;1;3;202;CARREFOUR MONUMENT MORTS;M;4589640;110581;870
201500019794;15;3;6;600;2;1;1;6;6;9;;M;0;0;202
201500019795;15;5;7;1600;1;2;1;1;3;9;CARREFOUR RN 198 RN 200;M;0;0;202
201500019796;15;6;13;515;2;1;1;1;6;143;;M;0;0;202
201500019797;15;7;28;745;1;1;3;1;3;9;;M;0;0;202
201500019798;15;8;27;1600;1;1;1;1;7;320;;M;4215300;949300;202
201500019799;15;9;5;1245;1;1;1;1;7;124;;M;0;0;202
201500019800;15;9;23;1030;1;1;1;1;1;143;;M;0;0;202
201500019801;15;12;3;1800;5;2;1;1;3;9;Carrefour RT 10 - RT 50;M;0;0;202
201500019802;15;2;15;1700;1;1;1;1;7;244;BELLEVUE;M;4438360;16524;470
201500019803;15;3;22;1345;1;1;1;1;3;114;LDT TOUYATS;M;4437080;10651;470
201500019804;15;5;15;1715;1;1;3;1;3;233;;M;4452400;10776;470
201500019805;15;6;29;1800;1;1;1;1;3;121;;M;4435710;10716;470
201500019806;15;11;21;1530;1;1;1;8;1;108;;M;4448920;13231;470
201500019807;15;12;19;1100;1;1;2;1;3;227;LIEU-DIT BIDANSON;M;4437110;6810;470
201500019808;15;4;9;715;1;1;1;1;1;239;;M;4637100;151600;230
201500019809;15;6;24;2300;3;1;1;1;1;137;LE MOULIN AU GUE;M;4888880;-119932;500
201500019810;15;7;9;2215;2;1;1;1;6;465;RUE DE LA VIRE;M;4908820;-113328;500
201500019811;15;12;17;830;1;1;1;1;1;512;LE PAS AZETTE;M;4904720;-116568;500
201500019812;15;2;7;830;1;1;1;1;6;32;;M;4833047;-211691;220
201500019813;15;4;1;1415;1;1;2;1;1;239;les 6 chemins;M;4834242;-210443;220
201500019814;15;4;26;1515;1;1;2;1;3;185;;M;4837343;-236184;220
201500019815;15;6;4;800;1;1;2;1;5;337;;M;4831090;-234107;220
201500019816;15;6;20;1530;1;1;1;1;7;32;;M;4831053;-216261;220
201500019817;15;8;7;1945;2;1;1;1;2;240;;M;4825874;-222485;220
201500019818;15;9;4;2015;2;1;1;1;7;32;la ville es pourvais;M;4827686;-215520;220
201500019819;15;10;3;115;3;1;1;1;6;145;;M;4839857;-231408;220
201500019820;15;11;6;2200;3;1;1;2;3;32;la ville es pourvais;M;4827680;-215530;220
201500019821;15;11;26;1700;2;1;1;2;1;240;Saint Maleu;M;4827589;-225015;220
201500019822;15;12;19;2345;4;2;1;1;6;239;rue de trйbйdan;M;4835845;-212615;220
201500019823;15;2;6;630;5;2;1;1;1;119;RD613;M;4915130;-26771;140
201500019824;15;5;7;1300;1;1;3;1;3;456;;M;4910290;-16355;140
201500019825;15;6;9;1355;1;1;1;1;6;719;;M;4903010;-27330;140
201500019826;15;10;5;1630;1;1;1;3;6;88;;M;4896280;-22973;140
201500019827;15;5;1;2030;2;2;1;8;7;199;3 route de saint laurent;M;4977374;479263;80
201500019828;15;9;27;1430;1;2;1;1;6;96;rue de la forкt;M;4970964;474858;80
201500019829;15;10;9;1000;1;1;1;1;5;140;;M;4968904;482593;80
201500019830;15;12;20;415;3;1;1;2;7;400;;M;4965160;478486;80
201500019831;15;9;18;1130;1;1;1;1;1;429;;M;4489052;561647;380
201500019832;15;2;23;2325;3;1;1;1;6;33;RN 142;M;4706428;243164;180
201500019833;15;3;3;1815;5;2;3;3;6;33;SARREBOURG (RUE DE;M;4708051;240572;180
201500019834;15;3;7;1320;1;2;1;1;6;33;MIRPIED (PLACE HENRI;M;4708645;239289;180
201500019835;15;3;14;1320;1;2;2;1;3;33;DE GAULLE (AV DU GENERAL;M;4710386;240983;180
201500019836;15;3;20;2000;3;1;1;1;6;205;RD 400 (Rocade);;;;180
201500019837;15;3;17;1739;1;2;3;1;3;33;LEGER (RUE FERNAND);M;4706096;241282;180
201500019838;15;3;26;757;1;2;3;1;3;33;ROUSSEAU (RUE JEAN-JACQU;M;4707922;238981;180
201500019839;15;4;12;140;5;1;1;1;7;33;9, EIFFEL (RUE GUSTAVE);M;4710633;240889;180
201500019840;15;4;20;1734;1;2;1;1;2;33;61, SARREBOURG (RUE DE);M;4708031;240471;180
201500019841;15;4;25;513;5;2;1;2;6;33;PRES-LE-ROI (AVENUE DES);M;4709386;239066;180
201500019842;15;4;26;1429;1;2;6;2;2;33;LECLERC (PLACE DU MARECH;M;4709367;239397;180
201500019843;15;4;25;2120;5;2;1;1;6;33;20, LAMARCK (BOULEVARD);M;4707891;239450;180
201500019844;15;5;12;2341;5;2;1;1;6;33;2, FAUVETTES (RUE DES);M;4711778;240250;180
201500019845;15;5;28;1340;1;2;2;1;3;33;MERMOZ (BOULEVARD JEAN);M;4706712;238000;180
201500019846;15;5;31;1308;1;2;3;1;3;33;CARDINAL C DUPONT/AUGER;M;4707520;241314;180
201500019847;15;6;1;1304;1;1;2;1;5;213;CHARITE (ROUTE DE LA);M;4709746;245971;180
201500019848;15;6;12;1345;1;2;1;1;6;205;ORLEANS (ROUTE D')PARKIN;M;4711150;237873;180
201500019849;15;6;15;1540;1;2;2;1;3;33;JUIN (AVENUE DU MA;M;4711010;241612;180
201500019850;15;6;26;1430;1;2;2;1;6;205;MALITORNE (RUE DE);M;4710680;238827;180
201500019851;15;6;29;2231;5;2;2;1;5;33;BILLANT (RUE LOUIS;M;4710434;239893;180
201500019852;15;7;3;1500;1;2;1;1;3;33;46, PROSPECTIVE (AVENUE;M;4711193;240375;180
201500019853;15;7;21;1656;1;1;2;1;3;205;ORLEANS (ROUTE D');M;4712490;234703;180
201500019854;15;7;26;100;3;2;1;1;7;33;ISSOUDUN (ROUTE D');M;4705828;235997;180
201500019855;15;8;7;1840;1;1;2;1;3;267;CHATEAUNEUF (ROUTE DE);M;4702328;236934;180
201500019856;15;8;14;1130;1;1;3;1;6;33;19, LIBERATION (AVENUE D;M;0;0;180
201500019857;15;8;17;1;5;2;1;1;1;33;11, DURAND (RUE CHARLES);M;4705995;236032;180
201500019858;15;8;16;1740;1;1;1;1;7;50;LORIENT-LAFLEUR (RUE);M;4705159;231594;180
201500019859;15;1;2;1930;5;2;2;2;6;33;INDUSTRIE (BOULEV;M;4707140;238824;180
201500019860;15;8;22;1510;1;2;1;1;6;33;rue franзois deniau;M;4708231;239510;180
201500019861;15;8;30;1826;1;1;1;1;5;33;RN 142;M;4703946;235557;180
201500019862;15;9;2;1325;1;2;1;1;7;205;VARYE (ROUTE DE);M;4711620;236106;180
201500019863;15;9;3;2200;5;2;2;1;3;33;DIDEROT (RUE);M;4707476;238563;180
201500019864;15;9;5;1530;1;1;1;1;7;205;RD 2076;M;4712670;233571;180
201500019865;15;9;4;2045;5;2;5;1;1;33;127 B, SAINT-AMAND (AVEN;M;0;0;180
201500019866;15;9;5;1924;1;2;1;1;7;33;MEDIANE (RUE);M;4709578;240410;180
201500019867;15;10;12;2025;5;2;2;8;1;33;PROSPECTIVE (AVENUE;M;4711045;240081;180
201500019868;15;10;9;1735;1;2;3;1;6;213;CHARITE (ROUTE DE;M;4709656;244796;180
201500019869;15;10;15;1300;1;2;3;1;3;33;CHEDIN (RUE FELIX);M;0;0;180
201500019870;15;11;2;1300;1;2;7;1;6;33;SERAUCOURT (PLACE);M;4707844;239885;180
201500019871;15;11;3;1329;1;2;1;1;6;205;parking centre com Geant;M;4711059;237817;180
201500019872;15;11;10;10;3;1;2;1;3;33;RD 2076;M;4704496;244322;180
201500019873;15;11;15;2100;3;1;1;1;6;33;RN 142;;;;180
201500019874;15;11;18;2040;5;1;3;1;3;33;DUN-SUR-AURON (AV DE);M;4706840;241548;180
201500019875;15;11;19;1827;5;2;3;2;3;213;SAINTE-SOLANGE (ROUTE DE;M;4710151;248360;180
201500019876;15;11;23;2130;5;2;2;1;1;33;FOCH (BD DU MARECHAL);M;4707825;240886;180
201500019877;15;11;26;804;1;2;1;1;6;33;10, VOISINS (RUE DES FRE;M;4707010;238029;180
201500019878;15;12;6;1105;1;2;5;1;3;33;AVENIR (BD DE L');M;4707572;238463;180
201500019879;15;1;13;835;1;2;1;1;3;33;100, DUN-SUR-AURON (AV D;M;4706796;241614;180
201500019880;15;1;12;1000;1;2;5;1;6;33;CHARLET (RUE);M;4708434;240286;180
201500019881;15;1;12;1100;1;2;3;1;6;33;SAINT-AMAND (AVENU;M;4706124;238590;180
201500019882;15;1;19;2230;5;2;1;2;6;33;BOISDE (RUE RAYMOND);M;4706411;239841;180
201500019883;15;2;5;2002;3;1;1;8;3;33;RD 151;;;;180
201500019884;15;2;10;1155;1;2;1;1;6;33;RIMBAULT (RUE JACQUES);M;4708043;239864;180
201500019885;15;4;5;530;5;2;1;1;7;49;N°840 / RD 97 / PK 21300;M;0;0;830
201500019886;15;6;18;1400;1;2;1;1;3;49;Av Joseph Balestrazzi;M;0;0;830
201500019887;15;7;23;1245;1;1;1;1;7;33;;M;4340677;602383;830
201500019888;15;8;20;1745;1;1;1;1;2;49;;M;4325500;610200;830
201500019889;15;10;30;1515;1;2;1;1;6;49;RUE DU SOUVENIR FRANCAIS;M;4318919;603552;830
201500019890;15;12;8;900;1;1;1;8;2;100;;M;0;0;830
201500019891;15;1;28;1215;1;1;1;3;1;270;;M;4796800;142500;410
201500019892;15;2;16;800;2;1;1;5;1;221;;M;4785200;138400;410
201500019893;15;2;16;915;1;2;1;1;6;173;place du souvenir;M;4791600;153000;410
201500019894;15;3;27;1945;3;1;1;1;7;19;lieu dit bois brulй;M;4776300;132400;410
201500019895;15;4;25;515;3;2;1;2;7;173;RD 74 PK3+800;M;4788300;154900;410
201500019896;15;8;2;430;4;2;1;1;6;58;27, grande rue;M;4777252;147130;410
201500019897;15;10;13;745;2;2;1;1;7;171;grande rue;M;4782274;129425;410
201500019898;15;11;29;1445;1;1;1;8;3;221;;M;4783553;136879;410
201500019899;15;11;30;2100;3;1;1;1;6;141;;M;4792050;130539;410
201500019900;15;9;2;825;1;1;1;1;6;145;;M;4413430;302518;120
201500019901;15;9;12;1345;1;1;1;8;7;291;A75 - PR 199+125;M;4426230;306941;120
201500019902;15;9;30;1150;1;1;2;1;3;294;;M;4424930;293012;120
201500019903;15;10;28;600;3;1;1;2;2;115;A75 - PR 238.595;M;4398880;317865;120
201500019904;15;12;1;1400;1;1;1;1;6;155;RD 7 - PR 29+700;M;4388320;314592;120
201500019905;15;12;8;1234;1;1;1;1;1;203;RD 23 - PR 4+800;M;4397920;298528;120
201500019906;15;12;15;915;1;1;1;1;6;145;;;;;120
201500019907;15;1;5;845;1;1;1;5;2;295;;M;0;0;580
201500019908;15;6;26;1600;1;1;1;1;6;44;;M;0;0;580
201500019909;15;8;30;1100;1;1;2;1;3;23;;M;4668832;502658;710
201500019910;15;9;8;1215;1;1;1;1;3;456;;M;0;0;710
201500019911;15;9;20;545;3;1;1;8;6;256;;M;0;0;710
201500019912;15;1;24;900;1;1;1;2;6;231;;M;4674210;161630;360
201500019913;15;2;12;1600;1;1;1;1;6;6;;M;4661590;153841;360
201500019914;15;2;22;1500;1;1;1;1;6;33;;M;4650860;150588;360
201500019915;15;7;5;1930;1;1;1;8;6;200;;M;4661660;153935;360
201500019916;15;8;15;15;3;1;1;2;6;6;;M;4660050;149853;360
201500019917;15;9;18;1045;1;1;1;1;6;219;;M;4666870;157426;360
201500019918;15;6;13;1400;1;1;1;1;6;119;;M;0;0;150
201500019919;15;1;1;315;3;1;1;8;6;121;;M;0;0;630
201500019920;15;6;5;1545;1;1;1;1;3;54;;M;4547800;324800;630
201500019921;15;7;13;1000;1;1;1;1;2;352;;M;0;0;630
201500019922;15;8;20;1230;1;1;1;1;4;352;;M;0;0;630
201500019923;15;9;17;1100;1;1;1;1;3;411;;M;0;0;630
201500019924;15;12;13;845;2;1;1;5;6;54;;M;4551500;326400;630
201500019925;15;2;14;1700;1;1;9;4;7;3;;M;4627160;139885;870
201500019926;15;2;21;915;1;1;1;4;5;3;;M;4628220;140545;870
201500019927;15;3;31;1400;1;1;1;1;1;14;;M;4610460;137016;870
201500019928;15;4;27;945;1;1;1;3;7;20;;M;4594760;131389;870
201500019929;15;5;22;1945;1;1;1;1;6;14;;M;4608430;135733;870
201500019930;15;6;11;1130;1;1;1;1;1;14;;M;4608800;136122;870
201500019931;15;2;11;2115;3;1;1;1;2;194;;M;4352302;344352;340
201500019932;15;2;14;2200;3;1;1;1;6;114;;M;4363051;359047;340
201500019933;15;2;10;1900;3;1;1;1;2;199;;M;4348157;343752;340
201500019934;15;3;4;2200;3;1;1;1;1;114;;M;4365887;349686;340
201500019935;15;3;6;630;3;1;1;1;6;32;;M;4334616;328314;340
201500019936;15;5;20;1515;1;1;1;1;6;282;;M;4362385;362321;340