num_acc;an;mois;jour;hrmn;lum;agg;int;atm;col;com;adr;gps;lat;long;dep
201500019937;15;6;18;715;2;1;1;1;6;259;;M;4362969;377022;340
201500019938;15;6;29;1830;1;1;1;1;6;163;;M;4363025;371588;340
201500019939;15;7;6;1200;1;1;1;1;2;300;;M;4339408;332556;340
201500019940;15;7;14;1245;1;1;1;1;6;196;;M;4382053;331892;340
201500019941;15;7;30;1615;1;1;1;1;6;196;;M;4381117;332391;340
201500019942;15;8;7;700;1;1;1;1;3;76;;M;4364374;346696;340
201500019943;15;8;18;1415;1;1;1;1;2;79;;M;4361979;345707;340
201500019944;15;8;22;1630;1;1;1;1;5;64;;M;4386135;331032;340
201500019945;15;9;2;1145;1;1;1;1;2;311;;M;4344269;339802;340
201500019946;15;9;22;1545;1;1;1;1;6;76;(;M;4308800;374700;340
201500019947;15;10;23;1930;3;1;1;1;2;13;;M;4355668;346260;340
201500019948;15;11;8;1700;1;1;1;1;5;282;;M;4362673;366080;340
201500019949;15;11;9;1445;1;1;1;1;2;239;;M;4365982;350355;340
201500019950;15;11;10;1615;1;1;1;1;2;199;;M;4347949;343745;340
201500019951;15;11;10;1800;3;1;1;1;4;254;;M;4365865;347362;340
201500019952;15;12;6;1900;3;1;1;2;2;194;;M;4354135;344872;340
201500019953;15;12;7;2015;3;1;1;2;2;259;;M;4363139;376339;340
201500019954;15;12;10;445;3;1;1;1;6;259;;M;4363083;376586;340
201500019955;15;6;14;1015;1;1;1;1;6;9;;M;0;0;480
201500019956;15;6;18;700;1;1;1;1;7;9;;M;0;0;480
201500019957;15;7;18;1600;1;1;1;1;2;49;;M;0;0;480
201500019958;15;9;12;1800;2;1;9;2;6;32;;M;0;0;480
201500019959;15;9;12;1830;2;1;1;2;6;49;;M;0;0;480
201500019960;15;9;23;945;1;1;1;1;6;17;;M;0;0;480
201500019961;15;1;10;345;3;1;1;1;7;132;;M;0;0;80
201500019962;15;2;2;730;3;2;1;1;1;490;RD 977  CHESTRES;M;0;0;80
201500019963;15;12;22;1715;3;1;1;1;6;362;;M;4949900;435374;80
201500019964;15;1;9;1115;1;1;1;8;2;209;;M;4733691;-165361;440
201500019965;15;1;20;1645;1;1;1;1;1;75;;M;4764170;-143425;440
201500019966;15;3;8;630;2;1;1;1;3;113;;M;4758259;-162782;440
201500019967;15;12;6;30;3;1;1;1;7;113;;M;0;0;440
201500019968;15;1;9;2330;3;1;1;2;1;89;;M;4733822;-181712;440
201500019969;15;1;19;1130;1;1;2;1;5;89;les chaillereaux;M;4732746;-188214;440
201500019970;15;2;24;2015;3;1;1;1;6;210;;M;4732121;-218958;440
201500019971;15;4;13;1345;1;1;1;1;4;89;;M;4734274;-184060;440
201500019972;15;6;21;800;3;1;1;1;6;52;;M;4733671;-211267;440
201500019973;15;7;3;915;1;1;9;1;6;195;;M;4736938;-193642;440
201500019974;15;7;29;2315;1;1;1;1;1;52;;M;4734280;-209143;440
201500019975;15;8;2;330;3;1;1;1;6;103;;M;4732495;-214550;440
201500019976;15;11;20;2015;3;1;1;2;7;33;;M;0;0;440
201500019977;15;12;18;1600;1;1;1;1;2;33;;M;0;0;440
201500019978;15;1;5;1645;1;1;1;1;2;374;;M;4903990;-80310;140
201500019979;15;1;14;915;1;1;1;4;6;760;;M;4909590;-62057;140
201500019980;15;1;25;2130;3;1;1;1;6;120;;M;4905070;-74560;140
201500019981;15;1;27;1715;3;1;1;1;6;311;;M;4914250;-53646;140
201500019982;15;3;16;630;3;1;1;5;5;374;;M;4904440;-78995;140
201500019983;15;9;27;1615;1;1;1;1;6;120;;M;4904820;-75860;140
201500019984;15;10;30;800;2;1;1;1;6;389;;M;4906080;-69231;140
201500019985;15;11;7;2300;3;1;1;1;6;636;;M;4901420;-86130;140
201500019986;15;2;17;1600;1;1;1;1;6;513;;M;4894080;-105191;140
201500019987;15;5;20;1730;1;1;1;1;5;48;;M;4886920;-117576;500
201500019988;15;7;4;915;1;1;1;1;1;185;;M;4882810;-124495;500
201500019989;15;9;19;915;1;1;1;1;6;440;;M;4880580;-125918;500
201500019990;15;12;8;1645;1;1;1;1;7;553;;M;4857640;-132919;500
201500019991;15;3;7;815;1;1;1;1;7;498;;M;4951310;-149523;500
201500019992;15;3;8;1345;1;1;4;1;7;578;;M;4949890;-144524;500
201500019993;15;4;7;1230;1;1;1;1;2;599;;M;4958090;-158725;500
201500019994;15;4;20;945;1;1;1;8;2;169;;M;4947300;-136740;500
201500019995;15;5;3;300;3;1;1;3;6;599;;M;4957770;-158204;500
201500019996;15;6;27;1115;1;1;1;1;2;194;;M;4944570;-134623;500
201500019997;15;7;7;1645;1;1;1;1;3;498;;M;4952490;-150905;500
201500019998;15;7;22;1030;1;1;1;1;6;498;;M;4953350;-153132;500
201500019999;15;12;18;1630;1;1;1;1;6;87;;M;4954120;-154626;500
201500020000;15;12;19;1030;1;1;1;1;3;458;;M;4934270;-127236;500
201500020001;15;12;24;1530;1;1;1;1;7;87;;M;4954170;-154736;500
201500020002;15;1;3;2316;5;2;1;9;2;279;GOURDON (RUE);M;4722420;206841;180
201500020003;15;2;18;1410;1;2;1;1;3;279;GAULLE (RUE DU GENERAL D;M;4722142;206258;180
201500020004;15;1;21;845;1;2;2;8;1;279;GAULLE (RUE DU GENERAL D;M;4722134;206300;180
201500020005;15;3;6;1150;1;2;4;1;3;279;60, BRIOU (CHEMIN ET LOT;M;4722725;208805;180
201500020006;15;2;3;1720;1;2;1;8;7;279;FOECY (ROUTE DE);M;4721021;210137;180
201500020007;15;3;5;1955;2;2;1;1;2;279;BELLON (ROUTE DE);M;4720178;208172;180
201500020008;15;2;5;1230;1;2;1;1;2;279;32, BRETON (RUE JULES LO;M;4722107;207687;180
201500020009;15;4;1;1545;1;2;3;1;1;279;HUIT MAI 1945 (RUE DU (J;M;4722518;207318;180
201500020010;15;4;4;1420;1;2;1;1;6;279;avenue de la republique;M;4722471;206243;180
201500020011;15;4;16;1345;1;2;1;1;3;279;VOLTAIRE ( RUE );M;4722132;206764;180
201500020012;15;4;22;1740;1;1;1;1;5;279;FORET DE VIERZON ENTRE R;M;4727869;205923;180
201500020013;15;5;22;900;1;2;3;1;3;279;VOLTAIRE ( RUE );M;4722172;206774;180
201500020014;15;5;23;1640;1;2;1;1;6;279;parking rue du mouton;M;4723121;208826;180
201500020015;15;6;8;1532;1;2;1;1;6;279;15, FRINGALE (RUE DE LA);M;4723350;204003;180
201500020016;15;6;12;1815;1;2;3;1;3;279;VOLTAIRE (PASSAGE);M;;;180
201500020017;15;6;25;1050;1;2;1;1;5;279;GRELET (RUE;M;4723090;204984;180
201500020018;15;7;15;900;1;2;4;7;3;279;PASTEUR ( RUE );M;4721907;209129;180
201500020019;15;7;24;1425;1;2;1;1;1;279;QUATORZE JUILLET (AVENUE;M;4721486;206464;180
201500020020;15;7;29;1215;1;2;1;1;6;279;27, MICHAUD ( RUE CLAUDE;M;4721409;206792;180
201500020021;15;8;8;2150;5;2;3;2;3;279;VOLTAIRE ( RUE );M;4722173;206773;180
201500020022;15;8;22;1605;1;2;1;1;2;279;02, FOECY (ROUTE DE);M;4721198;210065;180
201500020023;15;8;21;1630;1;2;2;1;3;279;PUITS BERTEAU (DE LA RTE;M;4723239;207985;180
201500020024;15;8;21;1850;1;2;2;1;3;279;BRINAY (ROUTE DE);M;4720661;206880;180
201500020025;15;8;26;920;1;2;2;1;3;279;DESROCHES (RUE ETIENNE);;;;180
201500020026;15;8;28;2047;2;2;1;1;6;279;9, TERRES MORTES (CHEMIN;M;4720774;205689;180
201500020027;15;9;1;1110;1;2;1;1;2;279;rue rene dumont;M;4720646;209267;180
201500020028;15;9;5;1740;1;2;1;1;1;279;BRISSON AVANT PONT SNCF;;;;180
201500020029;15;9;11;1030;1;2;3;7;1;279;VIEUX DOMAINE (ROUTE DU);M;4720990;209851;180
201500020030;15;9;29;1615;1;2;2;1;3;279;VILLENEUVE ( RUE DE );M;4720908;207125;180
201500020031;15;9;20;1305;1;1;1;1;5;279;CD 926;;;;180
201500020032;15;10;8;1550;1;2;1;1;2;279;06, CHATEAU RUE DU;M;4722286;207100;180
201500020033;15;10;14;1940;5;1;3;2;3;279;VAILLANT (AVENUE EDOUARD;M;4723737;206089;180
201500020034;15;10;19;1454;1;2;1;1;3;279;GAULLE (RUE DU GENERAL D;M;4722135;206301;180
201500020035;15;10;30;1445;1;2;2;1;6;279;BARON (RUE BLANCHE);M;4722159;206495;180
201500020036;15;11;2;1430;1;2;6;1;3;279;DEBOURNOU (RUE );M;4722257;206195;180
201500020037;15;11;11;200;5;2;2;1;6;279;11, HURVOY (RUE CHARLES;M;4722732;207001;180
201500020038;15;11;3;910;1;2;1;1;6;279;8, GAY LUSSAC (RUE);M;4722398;207685;180
201500020039;15;12;4;1600;1;2;1;1;6;279;27, VILLENEUVE ( RUE DE;M;4721195;207177;180
201500020040;15;12;11;1800;5;2;6;1;3;279;PUITS BERTEAU (DE LA RUE;M;4723655;207576;180
201500020041;15;12;22;1450;1;1;1;1;6;279;46, BRIOU (CHEMIN ET LOT;;;;180
201500020042;15;4;6;545;3;1;1;1;3;113;Le cetrais;M;4759707;-157896;440
201500020043;15;6;7;1930;1;2;2;1;3;149;le Trйsor;M;4751241;-154470;440
201500020044;15;5;26;1845;1;1;2;1;3;200;;M;0;0;720
201500020045;15;6;18;1815;1;1;1;1;6;231;;M;0;0;720
201500020046;15;1;30;1645;1;2;9;1;6;8;66 rue des coll?ges;M;0;0;720
201500020047;15;3;19;945;1;2;1;1;2;124;27 route du Mans;M;0;0;720
201500020048;15;6;24;1045;1;2;3;1;3;350;RUE DU PRESSOIR;M;0;0;720
201500020049;15;6;25;700;1;1;1;1;6;260;les godries;M;0;0;720
201500020050;15;7;8;1845;1;1;1;1;6;58;;M;0;0;720
201500020051;15;7;24;1730;1;1;1;1;7;47;;M;0;0;720
201500020052;15;8;28;1530;1;1;1;1;6;53;;M;0;0;720
201500020053;15;9;5;1630;1;1;1;1;1;58;;M;0;0;720
201500020054;15;9;25;2345;3;1;1;1;6;386;;M;0;0;720
201500020055;15;9;29;1245;1;1;1;1;3;187;;M;0;0;720
201500020056;15;10;13;715;2;2;1;1;2;8;51 route du lude;M;0;0;720
201500020057;15;1;22;1345;1;2;1;2;7;101;ROUTE DE TARBES;M;4319815;22262;650
201500020058;15;5;6;1545;1;2;2;1;3;447;RUE DU 11 NOVEMBRE 1918;M;4318950;23562;650
201500020059;15;11;8;1415;1;2;1;1;6;290;50 rue du montaigu;M;4314970;17906;650
201500020060;15;3;1;1945;3;1;1;1;1;19;;M;4319300;639100;830
201500020061;15;4;7;1845;1;2;1;1;1;19;1116 route des lavandier;M;4314420;634782;830
201500020062;15;4;20;1045;1;2;1;8;6;70;25 avenue des commandos;M;4316221;646599;830
201500020063;15;4;21;815;1;1;1;1;6;70;;M;0;0;830
201500020064;15;5;25;1145;1;1;1;1;7;19;;M;0;0;830
201500020065;15;5;17;1800;1;2;1;1;6;19;avenue lou mistraou;M;0;0;830
201500020066;15;5;29;2115;5;1;1;1;5;19;;M;0;0;830
201500020067;15;6;11;1815;1;2;2;1;3;19;bvd de la plage;M;4312451;635715;830
201500020068;15;6;16;1830;1;1;1;8;7;19;;M;0;0;830
201500020069;15;6;15;815;1;2;1;1;3;19;chemin des renoncules;M;4315024;631217;830
201500020070;15;7;7;1430;1;2;1;1;6;19;boulevard du port;M;4312265;636252;830
201500020071;15;7;7;2015;2;1;1;1;1;70;;M;4317351;644586;830
201500020072;15;7;15;1745;1;1;1;1;5;70;;M;4315151;642477;830
201500020073;15;7;19;1700;1;1;1;1;1;70;;M;4314521;638752;830
201500020074;15;7;24;1815;1;2;1;1;3;70;quai baptistin pin;M;4313811;637288;830
201500020075;15;8;3;1215;1;1;1;1;7;19;;M;0;0;830
201500020076;15;8;12;1045;1;1;1;1;3;19;;M;0;0;830
201500020077;15;8;26;1630;1;1;1;1;3;19;;M;0;0;830
201500020078;15;9;25;1830;1;1;1;1;3;19;;M;0;0;830
201500020079;15;12;25;1800;5;2;1;1;1;19;boulevard du soleil;M;0;0;830
201500020080;15;6;21;1645;1;2;1;1;6;380;5 rue julia muzard;M;4913112;307916;600
201500020081;15;8;5;2215;2;1;1;1;7;176;;M;4924587;287951;600
201500020082;15;8;28;1415;1;1;1;1;6;358;;M;4918578;289728;600
201500020083;15;11;5;900;1;1;1;1;7;430;;M;4932968;289446;600
201500020084;15;11;16;1415;1;1;1;1;1;203;;M;4923239;286701;600
201500020085;15;12;4;1700;3;1;1;1;3;92;;M;4913599;301205;600
201500020086;15;7;12;1130;1;1;1;1;6;86;D31;M;4860900;237500;910
201500020087;15;3;17;1315;1;2;3;1;1;86;rue des Bordes;M;0;0;910
201500020088;15;3;21;1615;1;1;6;1;7;86;D31;M;0;0;910
201500020089;15;4;10;1545;1;1;6;1;2;659;;M;0;0;910
201500020090;15;4;20;830;1;1;9;1;1;648;RD 26;M;0;0;910
201500020091;15;5;14;1530;1;1;1;3;3;649;RD 31;M;0;0;910
201500020092;15;8;14;1845;1;2;1;3;5;235;rue du bois des chaqueux;M;0;0;910
201500020093;15;6;7;730;1;1;1;1;7;648;RD 26;M;0;0;910
201500020094;15;3;16;810;1;2;3;1;1;31;117, POMPIDOU (AVENUE GE;M;4515790;155462;190
201500020095;15;1;3;535;5;2;1;1;6;31;24, ILE DU ROI (RUE DE L;M;4516390;151920;190
201500020096;15;3;22;1925;2;2;3;1;3;31;1, RONSARD (AVENUE);M;4514810;154159;190
201500020097;15;1;3;1820;5;2;1;2;6;31;39, GRIVEL (BOULEVARD AM;M;4515670;154027;190
201500020098;15;1;5;1825;3;2;1;1;6;31;TAURISSON (RUE LOUIS);M;4514330;148307;190
201500020099;15;3;26;745;1;2;1;1;6;31;2, DE JOUVENEL (BOULEVAR;M;4515860;152354;190
201500020100;15;3;26;1815;1;2;1;2;6;31;47, PARIS (AVENUE DE);M;4516320;153245;190
201500020101;15;1;8;1830;5;2;1;2;2;31;44, ALSACE LORRAINE (AVE;M;4515510;153754;190
201500020102;15;1;9;2155;5;2;1;3;6;31;BOURZAT (AVENUE);M;4515560;152807;190
201500020103;15;3;30;835;1;2;3;2;6;31;00, CHAUMEIL (RUE PIERRE;M;4515510;149945;190
201500020104;15;3;31;1805;1;2;1;1;2;31;10, MAILLARD (AVENUE);M;4516560;153824;190
201500020105;15;1;14;1405;1;2;1;1;6;31;DELMAS (RUE COLONEL JEAN;M;4515460;153458;190
201500020106;15;1;16;1500;1;2;1;2;2;31;73, ALSACE LORRAINE (AVE;M;4515300;153954;190
201500020107;15;4;10;800;1;2;1;1;6;31;00, BOUDY (RUE NOEL)  A;M;4515750;151642;190
201500020108;15;1;19;1430;1;2;1;1;6;31;BRUNE (BOULEVARD);M;4515360;153671;190
201500020109;15;4;10;1705;1;2;1;1;6;31;3, QUINZE AOUT 1944 (COU;M;4516110;153067;190
201500020110;15;1;20;1735;1;2;3;1;3;31;VAUJOUR (RUE COLONEL);M;4515950;150017;190
201500020111;15;4;11;1440;1;2;1;1;4;31;63, SEMARD (AVENUE PIERR;M;4515590;151815;190
201500020112;15;4;16;1550;1;2;1;1;2;31;77, FOCH (AVENUE MARECHA;M;4516370;153989;190
201500020113;15;1;24;1910;3;1;1;1;7;31;MOULIN (BOULEVARD JEAN);M;4516300;149954;190
201500020114;15;1;24;2015;5;2;1;1;7;31;JUIN (RUE MARECHAL);M;4516700;151197;190
201500020115;15;4;21;2110;5;2;1;1;6;31;1, BLANC (BOULEVARD LOUI;M;4515530;152713;190
201500020116;15;5;5;2130;5;2;1;1;6;31;52, QUINTEL (RUE GERMAIN;M;4514650;151587;190
201500020117;15;2;18;1355;1;2;3;1;3;31;DUBOUSQUET LABORDERIE (R;M;4516230;153116;190
201500020118;15;5;6;2115;5;2;1;1;6;31;104, COMBE (BOULEVARD RO;M;4516920;150064;190
201500020119;15;2;20;2105;1;2;1;1;6;31;VEZERE (ROND POINT DE LA;M;4514660;148251;190
201500020120;15;2;27;600;2;2;3;1;7;31;10, CHAPELLE (RUE HENRI);M;4516820;151218;190
201500020121;15;5;13;1230;1;2;1;1;1;31;01, VERLHAC (BOULEVARD D;M;4516820;153703;190
201500020122;15;5;13;1605;1;2;6;1;3;31;1, CARIVEN (CARREFOUR);M;4516510;153200;190
201500020123;15;2;28;945;1;2;1;1;6;31;24, TOURNY (QUAI);M;4516340;153564;190
201500020124;15;5;16;845;1;2;2;1;3;31;1, BIZAC (CARREFOUR RENE;M;4516070;153488;190
201500020125;15;3;6;1725;1;2;1;1;2;31;00, MARSALES (RUE JEAN);M;4515320;150486;190
201500020126;15;5;19;2030;1;2;1;1;3;31;3, ONZE NOVEMBRE 1918 (A;M;4516080;153568;190
201500020127;15;3;6;2155;5;2;1;1;6;31;02, FERRIER (RUE);M;4516440;153678;190
201500020128;15;3;11;1550;1;2;2;1;3;31;55, SEMARD AVENUE PIERRE;M;4515440;151225;190
201500020129;15;5;21;230;5;2;1;1;7;31;140, QUEUILLE (AVENUE HE;M;4517750;152764;190
201500020130;15;5;24;15;5;2;1;1;6;31;37, BRUNE (BOULEVARD);M;4515350;153676;190
201500020131;15;5;27;1650;1;2;1;1;2;31;29, RIVET (AVENUE JEAN C;M;4515010;149623;190
201500020132;15;5;28;1800;1;2;1;1;4;31;95, ROUSSEAU (AVENUE JEA;M;4514920;151203;190
201500020133;15;6;1;1215;1;1;1;1;1;31;5, BRAMEFOND (CHEMIN);M;4514830;152815;190
201500020134;15;6;4;930;1;2;2;1;6;31;CLEMENCEAU (BOULEVARD);M;4515360;153150;190
201500020135;15;6;4;1100;1;2;3;1;3;31;PASTEUR (AVENUE);M;4516880;153114;190
201500020136;15;6;5;1825;1;2;1;1;4;31;12, DIX HUIT JUIN 1940;M;4515800;149397;190
201500020137;15;6;6;415;5;2;1;1;6;31;72, ILE DU ROI (RUE DE L;M;4516220;151517;190
201500020138;15;6;8;1615;1;2;1;1;4;31;73, ALSACE LORRAINE (AVE;M;4515300;153945;190
201500020139;15;6;11;1630;1;2;1;1;2;31;61, PARIS (AVENUE DE);M;4516380;153205;190
201500020140;15;6;13;1755;1;2;2;1;3;31;00, CARIVEN (CARREFOUR);M;4516520;153123;190
201500020141;15;6;15;5;5;2;1;1;7;31;20, RIBOT (AVENUE);M;4516510;151769;190
201500020142;15;6;16;1845;1;2;9;1;2;31;00, DUBOIS (BOULEVARD CA;M;4516310;154056;190
201500020143;15;6;17;1215;1;2;9;1;6;31;02, DE JOUVENEL (BOULEVA;M;4515810;152365;190
201500020144;15;6;24;1245;1;2;2;1;3;31;6, MARSALES (RUE JEAN);M;4515380;150475;190
201500020145;15;6;26;1410;1;2;1;1;3;31;32B, ROOSEVELT (AVENUE D;M;4515810;152547;190
201500020146;15;6;29;45;5;2;3;1;3;31;170, RIBOT (AVENUE);M;4516490;150257;190
201500020147;15;6;29;1635;1;2;1;1;6;31;0, CARDINAL (PONT);M;4516300;153245;190
201500020148;15;6;30;1900;1;2;3;1;3;31;07, MIGINIAC (RUE LOUIS);M;4517590;154592;190
201500020149;15;7;1;810;1;2;6;1;7;31;00, POUYADE (AVENUE GENE;M;4514550;147516;190
201500020150;15;7;6;1355;1;2;2;1;3;31;14, SAUTET (RUE HENRI);M;4515980;151726;190
201500020151;15;7;8;910;1;2;6;1;2;31;1, CHAMPOLLION (RUE);M;4516720;154234;190
201500020152;15;7;17;845;1;2;1;1;3;31;00, VERLHAC (BOULEVARD D;M;4516790;153417;190
201500020153;15;7;17;1145;1;2;3;1;6;31;02, GOUDOUX (RUE JEAN);M;4515620;150392;190
201500020154;15;7;19;2020;1;2;1;1;6;31;00, KOENIG (BOULEVARD GE;M;4515940;153074;190
201500020155;15;7;20;1430;1;2;3;1;3;31;120, POMPIDOU (AVENUE GE;M;4515760;155043;190
201500020156;15;7;24;30;5;2;1;1;7;31;25, KOENIG (BOULEVARD GE;M;4515940;153074;190
201500020157;15;7;24;825;1;2;1;1;2;31;05, RIVET (AVENUE JEAN C;M;4514820;148898;190
201500020158;15;7;24;2020;1;2;1;1;7;31;00, DIX HUIT JUIN 1940 (;M;4515800;149400;190
201500020159;15;7;31;1600;1;2;1;1;6;31;66, QUEUILLE (AVENUE HEN;M;4517020;153095;190
201500020160;15;8;1;820;1;2;2;1;3;31;ZOLA (AVENUE EMILE);M;4515570;152457;190
201500020161;15;8;8;1205;1;2;1;2;2;31;04, QUATORZE JUILLET (AV;M;4516150;153408;190
201500020162;15;8;11;1235;1;2;3;1;3;31;17, TURENNE (RUE DE);M;4515510;153130;190
201500020163;15;8;14;740;1;1;1;3;1;31;LES ESCROSES;M;4512270;155458;190
201500020164;15;8;23;1355;1;2;6;2;2;31;1, CARIVEN (CARREFOUR);M;4516510;153213;190
201500020165;15;8;27;1555;1;2;1;1;3;31;46, SEMARD (AVENUE PIERR;M;4515630;151955;190
201500020166;15;9;4;1225;1;2;1;1;6;31;00, ALVITRE (AVENUE ABBE;M;4515230;150427;190
201500020167;15;9;7;755;1;2;2;1;1;31;32, PARIS (AVENUE DE);M;4516380;153230;190
201500020168;15;9;4;1915;1;2;2;1;1;31;00, RIBOT (AVENUE);M;4516460;150277;190
201500020169;15;9;5;1720;1;2;3;1;3;31;00, MARSALES (RUE JEAN);M;4515380;150473;190
201500020170;15;9;10;1550;1;2;2;1;3;31;25, MOULIN (BOULEVARD JE;M;4516060;150329;190
201500020171;15;9;11;845;1;2;3;1;3;31;00, ROLLAND (RUE ROMAIN);M;4515980;151391;190
201500020172;15;9;15;1615;1;2;3;1;3;31;02, DE JOUVENEL (BOULEVA;M;4515880;152348;190
201500020173;15;9;19;1645;1;2;1;1;6;31;3, SOURIE (RUE ARMAND);M;4514500;147055;190
201500020174;15;9;21;940;1;2;1;1;2;31;1, DELESSERT (RUE BENJAM;M;4516210;153649;190
201500020175;15;9;21;1350;1;2;1;1;3;31;1, COURTELINE (RUE);M;4515180;154201;190
201500020176;15;9;26;850;1;2;1;1;2;31;102, RIBOT (AVENUE);M;4516470;150942;190
201500020177;15;9;29;1630;1;2;1;1;6;31;04, BESSON (RUE PROFESSE;M;4516010;152847;190
201500020178;15;10;3;1330;1;2;3;1;3;31;75, SEMARD (AVENUE PIERR;M;4515570;151710;190
201500020179;15;10;3;1725;1;2;1;2;2;31;15, LAGRANGE (AVENUE LEO;M;4515990;154573;190
201500020180;15;10;5;830;1;2;1;1;7;31;23, BRIGOULEIX (RUE MART;M;4516880;151630;190
201500020181;15;10;5;1850;1;2;1;7;6;31;145, POMPIDOU (AVENUE GE;M;4515800;155578;190
201500020182;15;10;6;1120;1;2;1;1;3;31;113, ROUSSEAU (AVENUE JE;M;4514850;151008;190
201500020183;15;10;6;1630;1;2;1;1;7;31;16, DIX HUIT JUIN 1940 (;M;4515850;149487;190
201500020184;15;10;7;1635;1;2;1;1;6;31;40, TOULZAC (RUE JEAN BA;M;4515840;150379;190
201500020185;15;10;11;1625;1;2;1;7;3;31;MAILLARD (CITE);M;4516650;154147;190
201500020186;15;10;13;235;5;2;1;1;6;31;2, RIVET (AVENUE JEAN CH;M;4515140;150126;190
201500020187;15;10;13;1810;1;2;2;1;3;31;1, BRUNE (BOULEVARD);M;4515340;153292;190
201500020188;15;10;15;955;1;2;3;1;2;31;95, KENNEDY (AVENUE JOHN;M;4516670;154530;190
201500020189;15;10;17;1930;5;2;1;1;2;31;00, RIVET (AVENUE JEAN C;M;4515060;149818;190
201500020190;15;10;20;1440;1;2;3;1;3;31;00, FOCH (AVENUE MARECHA;M;4516320;153755;190
201500020191;15;10;21;1330;1;2;1;1;1;31;58, SEMARD (AVENUE PIERR;M;4515600;151843;190
201500020192;15;10;22;1300;1;2;1;2;7;31;114, ZOLA (AVENUE EMILE);M;4515330;151955;190
201500020193;15;10;26;1950;5;2;1;1;2;31;124, QUEUILLE (AVENUE HE;M;4517630;152779;190
201500020194;15;10;30;1030;1;2;6;1;2;31;1, FRATERNITE (ROND-POIN;M;4516600;154181;190
201500020195;15;11;1;1640;1;2;6;1;6;31;1, FRATERNITE (ROND-POIN;M;4516610;154149;190
201500020196;15;11;7;436;5;2;1;1;7;31;6, RIBOT (AVENUE);M;4516140;151939;190
201500020197;15;11;10;1215;1;2;2;1;3;31;1, GERMAIN (BOULEVARD DU;M;4515740;152378;190
201500020198;15;11;11;2240;5;2;3;1;3;31;12, COURTELINE (RUE);M;4515490;155326;190
201500020199;15;11;18;1835;2;2;1;2;6;31;18, BRUNE (BOULEVARD);M;4515320;153462;190
201500020200;15;11;21;1250;1;2;6;1;3;31;COURBATERE (ROND-POINT R;M;4515890;151176;190
201500020201;15;11;25;1510;1;2;1;2;6;31;5, BERTHELOT (RUE MARCEL;M;4515540;153462;190
201500020202;15;11;28;1615;1;2;1;1;6;31;MAZAUD (LIEU-DIT);M;4514370;147355;190
201500020203;15;11;28;1740;2;2;2;1;3;31;0, BUGEAUD (AVENUE MAREC;M;4516150;154080;190
201500020204;15;12;1;1940;2;2;1;1;2;31;2, BROSSOLETTE  BOULEVAR;M;4516700;154223;190
201500020205;15;12;6;1800;5;1;2;1;3;31;00, MARBEAU (BOULEVARD D;M;4515460;153007;190
201500020206;15;12;7;1000;1;2;9;1;6;31;00, CARNOT (RUE);M;4515930;153068;190
201500020207;15;12;10;1110;1;1;3;1;3;31;5, DORMOY (BOULEVARD MAR;M;4516770;154029;190
201500020208;15;12;10;1630;1;2;1;1;6;31;7, TOULZAC (RUE);M;4516060;153294;190
201500020209;15;12;13;1745;2;2;3;1;1;31;116, ZOLA (AVENUE EMILE);M;4515330;151951;190
201500020210;15;12;17;1200;1;2;3;1;6;31;1, AUZEL (RUE EDMOND);M;4514560;149052;190
201500020211;15;12;18;1120;1;2;3;1;3;31;15, ROOSEVELT (AVENUE DU;M;4515820;152664;190
201500020212;15;12;18;1155;1;2;1;1;2;31;00, MARSALES (RUE JEAN);M;4515260;150533;190
201500020213;15;12;20;1545;1;2;1;1;1;31;25, RIVET (AVENUE JEAN C;M;4515020;149682;190
201500020214;15;12;23;1450;1;2;1;1;3;31;29, RIVET (AVENUE JEAN C;M;4515010;149613;190
201500020215;15;12;26;515;5;2;1;1;2;31;4, ILE DU ROI (RUE DE L';M;4516400;152087;190
201500020216;15;12;29;1615;1;2;1;1;3;31;15, DIX HUIT JUIN 1940 (;M;4515890;149593;190
201500020217;15;5;31;1030;1;2;3;1;5;343;Rue d'ENSISHEIM;M;4787498;731973;680
201500020218;15;5;31;1915;1;1;1;1;1;315;;M;0;0;680
201500020219;15;6;4;1500;1;1;1;7;3;88;;M;0;0;680
201500020220;15;6;26;1100;1;1;1;1;2;260;;M;4788189;726795;680
201500020221;15;11;9;1530;1;1;1;1;3;43;;M;0;0;680
201500020222;15;11;21;45;3;1;1;2;6;203;;M;0;0;680
201500020223;15;9;20;1115;1;2;1;1;1;260;142 route de uxem;M;0;0;590
201500020224;15;9;20;2230;3;1;1;2;7;499;;M;0;0;590
201500020225;15;6;29;1745;1;1;1;1;2;107;;M;0;0;590
201500020226;15;7;15;1;3;1;1;1;5;260;Route d'Uxem;M;5103673;250316;590