num_acc;an;mois;jour;hrmn;lum;agg;int;atm;col;com;adr;gps;lat;long;dep
201500020227;15;8;25;1715;1;2;1;8;6;260;rue de la Jockstraete;M;0;0;590
201500020228;15;8;19;1545;1;2;6;1;1;448;les cinq chemins;M;0;0;590
201500020229;15;9;21;1145;1;2;1;1;6;668;rue des crevettes;M;0;0;590
201500020230;15;11;6;1145;1;2;1;1;6;107;avenue de la libertй;M;0;0;590
201500020231;15;7;3;735;1;2;2;1;3;272;LA LUNADE (BD);M;4526540;178211;190
201500020232;15;8;9;1120;1;2;1;1;6;272;31 WINSTON CHURCHILL;M;4525890;175691;190
201500020233;15;9;19;215;5;2;3;2;6;272;6, HENRI DE BOURNAZEL;M;4526820;176817;190
201500020234;15;12;24;1820;5;2;1;1;6;272;38, ALSACE LORRAINE (AVE;M;4525930;175380;190
201500020235;15;12;5;1600;1;1;1;7;2;272;D1089;M;4525940;178584;190
201500020236;15;2;10;1058;1;2;3;1;6;272;11, WINSTON CHURCHILL (A;M;4525950;175620;190
201500020237;15;2;14;1920;5;2;1;2;6;272;1, DR VALETTE (RUE);M;4525920;175284;190
201500020238;15;2;26;1025;1;2;1;2;7;272;35, DR AIME AUDUBERT;M;4525090;176547;190
201500020239;15;2;2;730;2;2;1;4;7;275;SARSONNE (BOULEVARD DE L;M;4554960;230889;190
201500020240;15;3;23;1940;5;2;2;2;3;275;BLUM (BOULEVARD LEON);M;4555150;231510;190
201500020241;15;4;28;1635;1;1;1;1;1;275;5, R.D. 1089 SUD;M;4553120;229895;190
201500020242;15;3;3;1735;1;2;2;1;2;275;0, THIERS (AVENUE);M;4554650;230837;190
201500020243;15;5;19;1715;1;1;1;1;1;275;R.D. 1089 SUD;M;4552160;228207;190
201500020244;15;6;10;1730;1;2;4;1;2;275;GIRAUD (BOULEVARD VICTOR;M;4554350;230767;190
201500020245;15;6;12;726;1;2;3;8;1;275;1, SARSONNE (BOULEVARD D;M;4555390;231334;190
201500020246;15;6;21;1000;1;2;1;1;6;275;31, MAS ROUGE (RUE DU);M;4555290;232283;190
201500020247;15;7;21;25;5;2;2;1;3;275;6, PRAIRIE (RUE DE LA);M;4554760;231220;190
201500020248;15;8;19;1445;1;1;1;1;7;275;LES GRAVADES;M;4557350;234019;190
201500020249;15;10;28;1739;2;2;1;8;6;275;4 BIS, TURGOT (AVENUE) N;M;4554520;230389;190
201500020250;15;11;10;1905;5;2;3;1;6;275;FACE 8, SEMARD (AVENUE P;M;4555590;231472;190
201500020251;15;7;2;1015;1;1;2;1;7;254;;M;4772716;753135;680
201500020252;15;8;19;2130;3;1;1;1;7;144;;M;4776886;749913;680
201500020253;15;9;5;1000;1;1;2;1;1;300;;M;4777415;738021;680
201500020254;15;9;26;1915;5;2;3;1;3;20;RD4 bis;M;4782505;751711;680
201500020255;15;12;19;2045;5;2;2;1;3;20;intersection D4bis/D468;M;4782437;751355;680
201500020256;15;3;13;810;1;2;2;1;3;54;VEROTTES (RUE DES);M;4702352;483122;210
201500020257;15;4;23;1535;1;1;1;1;6;54;8, FOCH (BOULEVARD MAREC;M;4702724;483649;210
201500020258;15;4;20;1927;1;2;2;1;3;54;HERMINETTE (RUE DE L');;;;210
201500020259;15;5;7;25;5;1;7;1;6;54;455, BEAUNE (ROUTE DE);M;4703546;486422;210
201500020260;15;5;10;1130;1;2;2;1;3;54;CHALLANGES (ROUTE DE);;;;210
201500020261;15;5;18;1725;1;2;3;1;6;54;SAINT-JACQUES (RUE DU MO;M;4702018;483684;210
201500020262;15;6;7;1828;1;2;2;1;3;54;ROCADE EST;M;4701715;485662;210
201500020263;15;6;3;740;1;2;2;1;3;54;ROCADE EST;M;4701717;485659;210
201500020264;15;5;12;1705;1;2;2;1;5;54;EIFFEL (RUE GUSTAVE);M;4703889;484495;210
201500020265;15;7;2;2050;1;2;3;1;3;54;PASTEUR (RUE);M;4702825;484594;210
201500020266;15;7;15;845;1;2;2;1;2;54;PASTEUR (RUE);;;;210
201500020267;15;8;21;1710;1;2;2;1;6;54;LORRAINE (RUE DE);;;;210
201500020268;15;9;7;2010;1;2;2;1;3;54;SABLIERE (RUE DE LA);;;;210
201500020269;15;9;9;1130;1;2;1;1;6;54;57, JAFFELIN (AVENUE CHA;M;4702486;482755;210
201500020270;15;9;18;1721;1;2;1;1;6;54;BLANCHES FLEURS (RUE DES;M;4703538;483802;210
201500020271;15;10;6;950;1;2;1;3;7;54;07, SAINT-JACQUES (BOULE;M;4702055;483843;210
201500020272;15;10;19;1720;1;2;1;7;6;54;30, FOCH (BOULEVARD MARE;M;4702603;483373;210
201500020273;15;11;26;1505;1;2;1;1;1;54;27, CLEMENCEAU (BOULEVAR;M;4702472;483304;210
201500020274;15;1;21;1545;1;2;2;8;3;54;CHAFFOTTE (RUE);M;4702066;484731;210
201500020275;15;1;30;1751;2;2;1;2;6;54;71 VIGNOLLES-UNIVERSITE;M;4702700;486477;210
201500020276;15;2;6;1505;1;2;1;1;6;54;FOCH (BOULEVARD MARECHAL;M;4702777;483742;210
201500020277;15;2;7;1208;1;2;1;1;6;54;46, SEURRE (ROUTE DE);M;4701895;485893;210
201500020278;15;1;7;1832;5;2;1;5;2;355;GEORGES POMPIDOU (VOIE);M;4729385;506310;210
201500020279;15;3;17;35;5;2;3;1;6;231;PARC (DU) (PASSAGE);;;;210
201500020280;15;2;12;1345;1;2;3;1;3;231;17, VOLTAIRE (BOULEVARD);M;4731662;505110;210
201500020281;15;3;20;1609;1;2;6;1;3;278;AHUY (D') (ROUTE);;;;210
201500020282;15;2;19;923;1;2;3;1;3;231;EDME PIOT (RUE);;;;210
201500020283;15;3;20;1740;1;2;7;1;1;231;DEVOSGE (RUE);;;;210
201500020284;15;3;27;932;1;2;1;1;1;166;5 BIS, FRERES MONTGOLFIE;M;4729159;501940;210
201500020285;15;3;29;2153;5;2;2;2;3;231;CHAMPAGNE (DE) (BOULEVAR;M;4732881;505580;210
201500020286;15;4;8;801;1;2;2;1;3;231;MARTYRS DE LA RESISTANCE;;;;210
201500020287;15;4;13;804;1;2;2;1;6;231;79, PASCAL (BOULEVARD);M;4733954;504566;210
201500020288;15;4;15;1705;1;2;1;1;6;231;3, BUFFON (RUE);M;4732040;504526;210
201500020289;15;4;20;1838;1;2;1;1;3;231;GENERAL DE GAULLE (COURS;;;;210
201500020290;15;4;22;1759;1;2;2;1;1;231;BEL AIR (DE) (RUE);;;;210
201500020291;15;4;22;1500;1;2;2;1;1;231;JEAN JAURES (AVENUE);;;;210
201500020292;15;4;23;1005;1;2;1;1;6;231;15, CHAMPOLLION (AVENUE);M;4733392;506734;210
201500020293;15;4;24;841;1;2;1;1;6;231;46, AUXONNE (D') (RUE);M;4731460;504734;210
201500020294;15;5;10;2101;1;2;1;1;1;231;136, JEAN JAURES (AVENUE;M;4730400;502259;210
201500020295;15;5;13;1550;1;2;3;1;6;231;LEON MAURIS (RUE);;;;210
201500020296;15;5;20;1710;1;2;2;1;3;231;19, CHENOVE (DE) (RUE);M;4730949;502482;210
201500020297;15;5;27;2040;1;2;1;1;6;231;CHABOT CHARNY (RUE);;;;210
201500020298;15;6;8;1516;1;2;2;1;3;231;GUSTAVE EIFFEL (AVENUE);;;;210
201500020299;15;6;28;1835;1;2;2;1;3;166;43 bis, MARSANNAY (DE) (;M;4729035;500757;210
201500020300;15;6;29;1650;1;2;3;1;3;278;35 bis, FAUBOURG ST MART;M;4734229;502538;210
201500020301;15;8;3;1807;1;2;3;1;1;231;12, LEON MAURIS (RUE);M;4733086;505645;210
201500020302;15;8;4;2012;1;2;1;1;3;231;12, NICOLAS ROLIN (QUAI);M;4731603;502690;210
201500020303;15;8;7;1715;1;2;2;1;3;231;VICTOR HUGO (AVENUE);M;4733094;502228;210
201500020304;15;8;13;650;1;2;1;1;5;231;102, LONGVIC (DE) (RUE);M;4730707;504910;210
201500020305;15;8;29;445;5;2;2;1;6;231;17, CHAIGNOT (DU) (RUE);M;4731678;503768;210
201500020306;15;8;31;1040;1;2;1;1;6;231;STADE (DU) (RUE);;;;210
201500020307;15;9;17;2020;5;2;3;1;6;231;74, AUXONNE (D') (RUE);M;4731277;505088;210
201500020308;15;9;17;2100;5;1;1;1;6;231;GEORGES POMPIDOU (VOIE);;;;210
201500020309;15;9;30;1636;1;2;1;1;2;166;BERNARD    PALISSY (BOUL;;;;210
201500020310;15;10;4;732;1;2;1;8;6;355;29, DIJON (DE) (ROUTE);M;4728929;505979;210
201500020311;15;10;1;2045;5;2;3;1;4;231;DAUBENTON (RUE);M;4731198;503928;210
201500020312;15;10;9;1558;1;2;4;1;6;231;DEVOSGE (RUE);;;;210
201500020313;15;10;16;2009;5;2;4;1;3;231;GORGETS (DES) (BOULEVARD;;;;210
201500020314;15;10;26;1919;5;2;3;1;1;231;CHARMETTE (DE LA) (RUE);;;;210
201500020315;15;11;4;321;4;2;2;1;1;231;PEYVETS (DES) (BOULEVARD;M;4730565;502217;210
201500020316;15;11;6;2250;5;2;6;1;3;166;0, MARSANNAY (DE) (RUE);M;4728548;500274;210
201500020317;15;11;8;1522;1;2;2;1;1;231;PLANCHETTES (DES) (RUE);M;4731545;506279;210
201500020318;15;11;10;1848;1;2;1;1;6;231;PAUL DOUMER (BOULEVARD);M;4732727;506775;210
201500020319;15;11;13;2303;5;2;3;2;3;231;STRASBOURG (DE) (BOULEVA;M;4732154;505597;210
201500020320;15;11;19;250;3;2;9;1;3;355;A311;M;4727340;503997;210
201500020321;15;11;20;740;2;2;1;2;6;231;90, AUXONNE (D') (RUE);M;4731162;505224;210
201500020322;15;11;30;1745;5;2;2;2;1;166;MARSANNAY (DE) (RUE);M;4729033;500757;210
201500020323;15;12;24;10;5;2;2;1;3;231;PARC (DU) (COURS);M;4730581;504738;210
201500020324;15;1;10;930;1;1;1;1;3;271;;M;4549807;457993;420
201500020325;15;2;4;1145;1;2;1;1;3;242;13 route du bourg;M;4555435;461892;420
201500020326;15;4;10;1215;1;1;1;1;6;167;;M;4547071;465682;420
201500020327;15;5;10;330;3;1;1;1;7;283;route Le Sechio;M;4556332;455905;420
201500020328;15;5;17;1745;1;1;1;1;2;83;;M;4555740;468447;420
201500020329;15;6;7;1200;1;2;1;1;7;307;Route des Bachasses;M;4554946;466840;420
201500020330;15;8;7;1500;1;1;1;1;6;283;;M;4555477;454183;420
201500020331;15;9;1;1300;1;1;1;3;1;308;;M;4546200;458300;420
201500020332;15;10;25;1200;1;1;1;1;2;32;;M;4551555;455901;420
201500020333;15;11;24;1930;3;1;1;1;6;283;;M;4555023;454026;420
201500020334;15;2;24;1810;1;2;3;1;2;113;PLACENN AR GUER (RUE DE);M;4874597;-345521;220
201500020335;15;12;31;1120;1;2;1;1;6;113;KERTANGUY (LIEU-DIT);M;4872260;-342610;220
201500020336;15;2;18;1510;1;1;3;1;1;113;TREBEURDEN (ROUTE DE);M;4875253;-351041;220
201500020337;15;12;23;800;3;1;1;1;7;113;LE LAUNAY (LIEU-DIT LE)(;M;4875181;-342379;220
201500020338;15;3;31;1554;1;2;1;1;4;113;AIGUILLON (QUAI D');M;4873203;-346142;220
201500020339;15;4;2;2230;5;2;4;8;7;113;RESISTANCE (AVENUE DE LA;M;4873780;-346767;220
201500020340;15;4;23;1830;1;1;1;1;3;113;MENDES FRANCE (BOULEVARD;M;4872446;-347838;220
201500020341;15;6;14;1430;1;1;1;1;7;113;R.D.767;M;4872466;-343141;220
201500020342;15;7;14;2028;1;1;1;1;7;113;1, DE LA FAYETTE (BOULEV;M;4874272;-344981;220
201500020343;15;7;10;1445;1;2;1;1;3;113;KER AR FAOUT (CHEMIN DE);M;4875822;-348210;220
201500020344;15;8;12;1350;1;2;9;1;7;113;rue g. pompidou;M;4873937;-346330;220
201500020345;15;8;16;1825;1;2;9;1;6;113;DE LA FAYETTE (BOULEVARD;M;4873753;-343906;220
201500020346;15;8;4;730;1;2;4;1;2;113;TREBEURDEN (ROUTE DE);M;4873801;-346774;220
201500020347;15;8;18;1650;1;2;6;1;3;113;SAINT PIERRE (RUE);M;4875182;-345316;220
201500020348;15;8;21;1355;1;2;1;1;7;113;LOGUIVY (LIEU DIT);M;4873478;-347909;220
201500020349;15;9;11;710;2;2;3;1;1;113;SAINT MARC (RUE DE);M;4873391;-344153;220
201500020350;15;9;1;1755;1;2;6;1;3;113;RESISTANCE (AVENUE DE LA;M;4874659;-346181;220
201500020351;15;9;29;1550;1;2;1;1;3;113;BRANLY (RUE EDOUARD);M;4875643;-344887;220
201500020352;15;9;21;1820;1;1;1;1;1;113;KER AN FAOUT (CHEMIN DE);M;4875650;-348549;220
201500020353;15;9;21;1615;1;1;6;8;6;113;PERROS (ROUTE DE);M;4876229;-345194;220
201500020354;15;10;6;1000;1;2;2;2;6;113;19, HINGARD (RUE DU);M;4873903;-345768;220
201500020355;15;11;20;1450;1;2;6;1;6;113;TREGUIER (RUE DE);M;4873338;-344988;220
201500020356;15;11;22;1900;3;1;3;1;1;113;93, TREBEURDEN (ROUTE DE;M;4875189;-349825;220
201500020357;15;9;16;1050;1;2;1;2;7;113;LAOUENAN (RUE MARI GABRI;M;4873293;-347437;220
201500020358;15;9;8;2103;1;2;7;1;6;113;GЬNSBURG (PLACE DE);M;4873203;-346341;220
201500020359;15;11;26;1000;1;1;1;2;6;113;223, TREGASTEL (ROUTE DE;M;4876559;-347853;220
201500020360;15;1;17;1110;1;2;1;1;6;113;DE LA FAYETTE (BOULEVARD;M;4873466;-344431;220
201500020361;15;1;22;1020;1;2;1;7;6;113;GUILLOUX (BOULEVARD LOUI;M;4872609;-344871;220
201500020362;15;1;31;2025;5;2;1;4;5;113;MARECHAL JOFFRE (QUAI DU;M;4873210;-346572;220
201500020363;15;2;19;720;2;1;1;9;6;215;0, PONT DES ILES (RUE DU;M;4851816;-281302;220
201500020364;15;12;23;2110;5;2;1;1;3;278;44, CHARNER (BD);M;4850838;-276852;220
201500020365;15;2;24;1415;1;2;1;1;3;278;27, BREST (DE);M;4851274;-276818;220
201500020366;15;2;25;1500;1;1;1;8;6;187;31, VIADUC (RUE DU);M;4852713;-276983;220
201500020367;15;2;22;2020;3;1;1;1;6;215;1, PONT NOIR (RUE DU);M;4848969;-284068;220
201500020368;15;12;29;2100;5;2;2;1;3;278;CORNEILLE COTE IMPAIR;M;4851209;-274502;220
201500020369;15;3;2;30;3;1;1;1;6;187;RN12;M;4853017;-275560;220
201500020370;15;12;26;1335;1;1;1;1;3;106;RN12;M;4829391;-243254;220
201500020371;15;2;27;1610;1;2;6;1;6;278;CHARNER (BD);M;4850793;-276430;220
201500020372;15;1;1;1110;1;2;6;1;3;278;0, BECQUEREL (HENRI);M;4849762;-274830;220
201500020373;15;3;3;1630;1;2;3;1;6;278;0, RAHUEL (DOCTEUR);M;4850636;-274768;220
201500020374;15;12;4;1140;1;2;1;1;7;278;BALAVOINE (DE LA);M;4831160;-247099;220
201500020375;15;3;6;1430;1;2;4;1;6;278;1, LA TULLAYE (DE);M;4850898;-275012;220
201500020376;15;3;10;1430;1;2;3;1;3;278;0, NORMANDIE (DE);M;4851050;-278591;220
201500020377;15;3;4;1718;1;2;6;1;3;215;BRETAGNE (AVENUE DE);M;4849400;-277740;220
201500020378;15;3;15;1155;1;2;1;1;6;215;22, MAIRIE (RUE DE LA);M;4848884;-279405;220
201500020379;15;3;16;1700;1;2;1;1;3;215;3, JUILLET 1789 (RUE DU;M;4850001;-278257;220
201500020380;15;3;24;1000;1;2;4;1;3;278;1, ROUX (DOCTEUR);M;4851058;-274550;220
201500020381;15;3;25;1745;1;2;1;1;6;278;36, GAMBETTA (BD);M;4851853;-275559;220
201500020382;15;3;31;1215;1;2;3;1;3;278;0, LA FAYETTE;M;4850964;-274710;220
201500020383;15;3;13;800;1;1;3;1;2;215;1, FROS (RUE DU);M;4850364;-280303;220
201500020384;15;4;7;1145;1;1;1;1;2;278;RN12;M;4850337;-273077;220
201500020385;15;4;9;1220;1;2;1;1;6;278;35, LAENNEC (BD);M;4851063;-277458;220
201500020386;15;4;16;1648;1;2;1;1;3;278;85, TREGUEUX (DE);M;4849967;-275588;220
201500020387;15;4;14;1815;1;1;1;1;6;106;1, AMBROISE PARE (RUE);M;4850001;-273022;220
201500020388;15;4;8;1410;1;1;1;1;7;187;RN12;M;4854614;-278117;220
201500020389;15;4;28;1235;1;1;1;1;1;278;0, AMPERE;M;4850396;-273582;220
201500020390;15;4;30;2100;1;1;1;2;2;106;0, RN 9012;M;4849379;-272351;220
201500020391;15;5;1;950;1;1;1;1;1;360;1, VALLEE (RUE DE LA);M;4846748;-275812;220
201500020392;15;4;8;1915;1;2;1;1;6;187;29/31, MIRABEL (Rue Mich;M;4852686;-274820;220
201500020393;15;5;5;850;1;1;1;1;5;360;0, RN12;M;4848292;-269464;220
201500020394;15;5;13;1825;1;1;3;1;3;187;1, CHALUTIER SANS PITIE;M;4853011;-276464;220
201500020395;15;5;18;1850;1;2;1;1;6;278;10, MANCHE (BD DE LA);M;4852210;-273520;220
201500020396;15;5;11;1640;1;2;1;1;6;215;1, MAIRIE (RUE DE LA);M;4848862;-279420;220
201500020397;15;3;22;1330;1;2;3;1;3;187;0, CHANOINE GUINARD (QUA;M;4852397;-274941;220
201500020398;15;5;21;1140;1;2;2;1;3;187;0, VALLEE  (rue de la );M;4853379;-277160;220
201500020399;15;4;4;2000;1;2;3;1;3;278;0, TREGUEUX (DE);M;4850018;-275652;220
201500020400;15;5;22;2310;5;2;6;1;6;278;0, AMPERE;M;4850511;-273420;220
201500020401;15;5;21;1425;1;1;1;1;2;360;0, D 700;M;4849191;-276298;220
201500020402;15;5;28;755;1;2;1;1;6;278;0, HAREL-DE-LA-NOE (BD);M;4851964;-274758;220
201500020403;15;5;4;1845;1;1;1;1;6;278;0, RN12;M;4852060;-274755;220
201500020404;15;5;20;800;1;2;4;1;2;187;0, LEQUIER (Rue Jules);M;4854104;-277463;220
201500020405;15;5;18;1125;1;1;1;1;3;187;RN12;M;4854503;-280033;220
201500020406;15;6;3;1500;1;1;3;1;3;278;0, BALZAC;M;4851413;-274625;220
201500020407;15;5;30;1900;1;2;4;1;6;278;115, FERRY (JULES);M;4850046;-276983;220
201500020408;15;6;6;1135;1;1;2;1;3;215;0, PONT NOIR (RUE DU);M;4848962;-281687;220
201500020409;15;5;14;2330;5;2;2;1;1;278;0, CHAPTAL;M;4850950;-273478;220
201500020410;15;6;15;1750;1;1;1;1;7;278;0, GALLOIS (DES);M;4849461;-274363;220
201500020411;15;6;16;1500;1;1;6;1;3;278;0, AMPERE;M;4850525;-273408;220
201500020412;15;5;31;2010;1;1;1;1;1;360;URNE (RUE DE L');M;4847765;-275038;220
201500020413;15;6;20;620;1;1;3;1;3;187;HUIT MAI 1945 (Rue du );M;4853957;-276842;220
201500020414;15;6;19;1910;1;1;1;1;4;187;RN12;M;4853387;-275836;220
201500020415;15;6;14;1930;1;1;1;1;2;360;0, VALLEE (RUE DE LA);M;4847858;-271219;220
201500020416;15;6;29;1715;1;2;1;1;6;278;4, GARNIER (ABBE);M;4850577;-276141;220
201500020417;15;7;1;1235;1;2;2;1;3;278;0, MONGE;M;4850253;-273799;220
201500020418;15;7;7;2130;1;1;1;1;7;360;;M;4848554;-271289;220
201500020419;15;7;15;1410;1;2;3;1;3;106;17 bis, RENNES (RUE DE);M;4849373;-271179;220
201500020420;15;6;28;1835;1;1;6;1;6;278;0, APOLLINAIRE (GUILLAUM;M;4849733;-274755;220
201500020421;15;7;23;220;3;2;1;1;6;278;3, NERUDA (RD PT PABLO);M;4851989;-279038;220
201500020422;15;7;25;1810;1;1;1;1;2;278;RN12;M;4850745;-273603;220
201500020423;15;7;6;1930;1;1;1;1;2;187;;M;4854542;-277254;220
201500020424;15;8;9;1720;1;2;2;1;7;278;10, PROUST (MARCEL);M;4849281;-274879;220
201500020425;15;1;3;1905;5;2;1;1;7;106;AMBROISE PARE (RUE);M;4849873;-273097;220
201500020426;15;7;21;900;1;1;1;1;1;215;ST-BARTHELEMY (RUE DE);M;4851692;-282373;220
201500020427;15;7;31;1415;1;2;3;1;6;106;34, BREST (RUE DE);M;4849550;-271788;220
201500020428;15;8;14;1715;1;1;3;1;1;187;VERDUN (rue de );M;4854470;-278569;220
201500020429;15;7;4;600;2;1;1;1;7;187;RN12;M;4852769;-275341;220
201500020430;15;8;23;1610;1;2;1;1;5;106;GREVES (Rue des);M;4850315;-269608;220
201500020431;15;7;26;1856;1;1;1;1;1;360;53, VILLE GROHAN (RUE DE;M;4848659;-277456;220
201500020432;15;8;28;935;1;2;1;1;6;278;0, LIGNERIES (DES);M;4852529;-273640;220
201500020433;15;8;27;1449;1;2;1;2;7;215;CHEVANCE (RUE GEORGES);M;4850077;-277807;220
201500020434;15;8;22;2020;1;2;1;2;1;278;HAREL-DE-LA-NOE (BD);M;4851849;-274835;220
201500020435;15;9;8;745;1;2;2;1;3;187;L'йglise (Rue de );M;4853810;-273227;220
201500020436;15;9;8;1900;1;1;1;1;1;106;17, GENETS (RUE DES);M;4849895;-273582;220
201500020437;15;8;10;115;5;2;6;1;7;215;RD 700;M;4849383;-276308;220
201500020438;15;9;6;50;4;1;1;1;6;106;RN12;M;4848259;-268998;220
201500020439;15;9;14;800;1;2;1;1;3;278;82, ATLANTIQUE (BD) N°58;M;4851896;-279306;220
201500020440;15;9;18;840;1;2;1;1;5;278;ARMOR (AV. D') COTE PAIR;M;4851221;-275420;220
201500020441;15;9;15;1825;1;1;1;1;2;278;, APOLLINAIRE (GUILLAUME;M;4849769;-274621;220
201500020442;15;9;19;2230;5;2;1;1;5;278;11, TROIS-FRERES-LE-GOFF;M;4851594;-276406;220
201500020443;15;9;20;1955;1;2;2;1;1;278;0, LANGEVIN (ET PASS. PA;M;4850267;-275034;220
201500020444;15;9;21;1040;1;2;1;1;6;278;71° RI (DU);M;4851103;-276060;220
201500020445;15;9;16;1746;1;2;1;1;6;278;0, TREGOR (DU);M;4851812;-279306;220
201500020446;15;10;12;1640;1;2;1;1;6;278;39, LIGNERIES (DES);M;4852357;-273204;220
201500020447;15;9;22;1225;1;2;1;1;6;278;54, 71° RI (DU);M;4851103;-245361;220
201500020448;15;10;18;1620;1;1;1;1;3;360;GUERNEAU (RUE DU);M;4848432;-277291;220
201500020449;15;11;2;1830;2;2;1;1;6;106;74, RENNES (RUE DE);M;4849213;-270598;220
201500020450;15;11;9;1420;1;2;1;1;6;278;CLEMENCEAU (BD);M;4851059;-275936;220
201500020451;15;11;27;1355;1;2;1;1;6;278;0, RAHUEL (DOCTEUR);M;4850667;-274918;220
201500020452;15;11;26;2000;1;1;1;1;6;360;RD700;M;4846451;-277928;220
201500020453;15;12;4;1300;1;1;1;1;7;278;SURCOUF (Q.);M;4852787;-272721;220
201500020454;15;12;5;945;1;1;3;1;5;360;VALLEE (RUE DE LA);M;4847887;-270945;220
201500020455;15;12;8;1754;2;2;1;1;1;360;TUILLERIES (RUE DES);M;4848438;-274894;220
201500020456;15;12;12;1900;3;1;1;1;4;106;RN12;M;4850185;-272898;220
201500020457;15;11;27;2310;3;1;1;1;7;187;0, RN12;M;4854497;-277335;220
201500020458;15;12;15;1750;5;1;2;8;3;215;BONNIOTS (RUE DES);M;4851926;-281482;220
201500020459;15;1;5;1740;2;2;4;1;3;278;0, ROCHE-GAUTIER (DE LA);M;4849350;-275378;220
201500020460;15;11;23;1600;1;2;1;1;7;278;COLOMBIER (DU);M;4850530;-275010;220
201500020461;15;11;11;1343;1;2;1;1;3;278;21, BAGOT;M;4851248;-277785;220
201500020462;15;12;16;1530;1;2;1;1;6;278;POULAIN-CORBION;M;4851299;-276406;220
201500020463;15;12;14;1740;1;1;1;1;3;278;ANCIEN-ABATTOIR (PASS. D;M;4851634;-277224;220
201500020464;15;12;24;1910;2;2;1;1;6;215;CHAMP BOGARD (RUE DU);M;4849601;-280874;220
201500020465;15;1;6;1505;1;2;3;1;3;278;0, RAHUEL (DOCTEUR);M;4850687;-274961;220
201500020466;15;1;7;1400;1;2;1;1;6;278;PROMENADES (ET ALL. DES);M;4851302;-275910;220
201500020467;15;1;7;1800;5;1;6;9;6;215;le carpont;M;4850108;-277946;220
201500020468;15;1;13;820;5;2;1;2;3;278;38, HUNAUDAYE (DE LA);M;4851850;-279988;220
201500020469;15;1;13;1720;2;2;1;1;6;278;13, EIFFEL (GUSTAVE);M;4851849;-277866;220
201500020470;15;1;14;750;2;2;1;1;6;187;60, BEAUREGARD (RUE DE);M;4852588;-277079;220
201500020471;15;1;16;745;5;2;1;2;6;278;11, ATLANTIQUE (BD) N?1;M;4851895;-278543;220
201500020472;15;1;16;1510;1;2;3;1;7;278;0, CUVERVILLE;M;4850560;-277559;220
201500020473;15;1;17;1205;1;2;1;1;6;278;ponton 12, ARMEZ (Q.);M;4852402;-274487;220
201500020474;15;1;19;1000;1;1;1;1;7;360;RN12;M;4848306;-269922;220
201500020475;15;1;26;815;5;2;3;1;6;278;77, GOUEDIC (DE);M;4850888;-275387;220
201500020476;15;1;27;1945;5;2;1;1;7;278;CLEMENCEAU boulevard;M;4850677;-276085;220
201500020477;15;1;29;920;1;2;1;3;7;278;37,rue T .Ribot;M;4851740;-277872;220
201500020478;15;1;30;915;1;2;3;1;6;278;1, HOUVENAGLE;M;4851510;-276193;220
201500020479;15;1;30;950;1;1;1;3;7;187;31, VIADUC (RUE DU);M;4852709;-276977;220
201500020480;15;1;31;1300;1;2;3;2;3;278;1, GOUEDIC (DE);M;4850935;-275482;220
201500020481;15;2;5;1630;1;2;6;1;2;278;0, SEMARD (PIERRE);M;4850865;-277170;220
201500020482;15;2;8;2045;5;2;3;1;1;360;1, FONTAINE (RUE DE LA);M;4848895;-275661;220
201500020483;15;2;9;1530;1;2;6;1;6;278;0, FERRY (JULES);M;4849867;-277174;220
201500020484;15;2;12;1210;1;1;1;1;6;187;0, FRANCE LIBRE ( Rue de;M;4852950;-276042;220
201500020485;15;4;9;1553;1;2;2;1;3;96;CHARLES DE GAULLE (AVENU;M;4616871;187401;230
201500020486;15;4;25;1715;1;2;1;1;6;96;3, RODDE (RUE DE LA);M;4617233;187658;230
201500020487;15;5;17;640;2;1;1;5;7;96;940 (ROUTE DEPARTEMENTAL;M;4613328;186478;230
201500020488;15;5;19;1350;1;2;1;1;6;96;43, STALINGRAD (RUE DE);M;4617489;187377;230
201500020489;15;6;15;1630;1;2;3;3;2;96;10, FAYOLLE (AVENUE);M;4617140;187458;230
201500020490;15;6;23;1740;1;2;4;1;3;96;15, POMMEIL (RUE DE);M;4616650;187458;230
201500020491;15;9;7;1800;1;2;1;1;6;96;PRAT (RUE DU );M;4617107;186844;230
201500020492;15;11;14;1540;1;2;1;1;6;96;LEROUX (AVENUE PIERRE);M;;;230
201500020493;15;12;6;1115;1;2;6;1;6;96;POMPIDOU (ROND-POINT);M;4618303;187797;230
201500020494;15;2;23;1255;1;2;3;2;3;96;36, POITOU (AVENUE DU);M;4617547;186384;230
201500020495;15;2;23;1845;2;2;2;9;3;96;3, BERRY (AVENUE DU);M;4617558;187451;230
201500020496;15;3;9;1135;1;2;3;1;3;96;PARDOUX (BOULEVARD ST);M;4617077;187003;230