num_acc;an;mois;jour;hrmn;lum;agg;int;atm;col;com;adr;gps;lat;long;dep
201500020497;15;3;13;1600;1;2;1;1;6;37;RUE DES FRERES PRECHEURS;M;4485500;47948;240
201500020498;15;6;30;735;2;2;1;1;6;37;RUE DES DOCTEURS VIZERIE;M;4485010;49307;240
201500020499;15;7;9;2010;1;2;2;1;1;37;BOULEVAR LOUIS PIMONT;M;4484320;48316;240
201500020500;15;8;25;1703;1;1;1;1;1;140;ROUTE DE SAINT-GERMAIN;M;4484180;54934;240
201500020501;15;8;31;759;1;2;1;1;6;37;RUE DES COTE PECHARMANT;M;4486410;50424;240
201500020502;15;11;27;1040;1;2;1;5;1;37;AVENUE PAUL PAINLEVE;M;4483690;49108;240
201500020503;15;12;7;745;5;2;1;1;6;37;146, RUE DE LA BOETIE;M;4486040;47914;240
201500020504;15;12;22;2056;3;1;1;1;6;37;ROUTE DES LIBRAIRES;M;4485480;52609;240
201500020505;15;1;8;1825;5;2;4;2;6;322;48, ALLEE DU PORT;M;4518450;70862;240
201500020506;15;2;10;1400;1;2;1;1;6;322;ROUTE D'ANGOULEME;M;4520180;68858;240
201500020507;15;2;24;410;5;2;1;1;6;322;74, RUE VICTOR HUGO;M;4518881;71542;240
201500020508;15;3;3;2015;5;1;1;1;6;256;18, ROUTE DE BEAULIEU;M;4518380;66178;240
201500020509;15;3;5;800;1;2;3;1;3;322;RUE DE CHANZY;M;4518520;70997;240
201500020510;15;3;6;825;1;2;1;1;6;322;23,  RUE EMILE LAFON;M;4518150;71510;240
201500020511;15;3;27;1245;1;2;1;1;3;322;BOULEVARD LAKANAL;M;4517680;72414;240
201500020512;15;4;19;1255;1;2;1;1;6;557;LE POUYAULT;M;4521730;75120;240
201500020513;15;4;21;1110;1;2;1;1;6;322;AVENUE DU MARECHAL JUIN;M;4518550;70564;240
201500020514;15;4;27;1246;1;2;2;1;1;138;RUE DES FRERE MARTY;M;4518500;69699;240
201500020515;15;4;30;1440;1;2;3;1;2;322;RUE PIERRE SEMARD;M;4519720;70043;240
201500020516;15;5;29;2240;5;1;1;1;3;557;AVENUE MICHEL GRANDOU;M;4519450;77780;240
201500020517;15;5;13;1900;1;2;3;1;3;98;RUE COMBES DES DAMES;M;4519930;73070;240
201500020518;15;5;15;600;5;2;1;1;3;322;ROND POINT LANXADE;M;4518530;71254;240
201500020519;15;6;21;1715;1;2;3;1;6;322;PLACE FRANCHEVILLE;M;4518320;71833;240
201500020520;15;6;26;1215;1;2;1;1;1;53;AVENUE FIRMIN BOUVIER;M;4517780;76789;240
201500020521;15;6;30;958;1;2;4;7;6;322;20 PLACE FRANCHEVILLE;M;4518340;71836;240
201500020522;15;7;29;935;1;2;1;2;3;98;AVENUE POMPIDOU;M;4519980;74227;240
201500020523;15;8;30;1220;1;1;1;1;2;312;16, ROUTE D'ATUR;M;4517550;73299;240
201500020524;15;9;14;1720;1;2;1;1;3;322;140, ROUTE DE LYON;M;4517870;73990;240
201500020525;15;9;27;605;5;2;1;1;1;322;4, RUE DE CHANZY;M;4518250;71199;240
201500020526;15;10;22;1210;1;2;1;1;1;53;AVENUE MITTERAND;M;4518120;74966;240
201500020527;15;11;18;730;2;2;3;2;6;53;37, TALLEYRAND PERIGORD;M;4518010;72910;240
201500020528;15;11;20;1810;5;1;3;2;6;138;RUE DU PRESIDENT WILSON;M;4518400;71699;240
201500020529;15;1;26;914;1;2;3;4;3;56;sans, FORT BENOIT CHEMIN;;;;250
201500020530;15;3;11;1629;1;2;1;1;6;56;7, CASSOTTE  RUE DE LA;M;4724600;602886;250
201500020531;15;1;26;1646;1;2;1;2;6;56;SANS, GIACOMOTTI  RUE;M;4723145;601089;250
201500020532;15;3;12;1252;1;2;1;1;6;56;SANS, OUEST BOULEVARD;;;;250
201500020533;15;1;28;1800;5;2;1;2;1;56;SANS, BLUM BOULEVARD LEO;;;;250
201500020534;15;3;16;1755;1;2;1;1;6;56;SANS, LAFAYETTE RUE;M;4721222;597167;250
201500020535;15;1;30;1608;1;2;1;4;6;56;SANS, HELVETIE AVENUE D';M;4724304;602688;250
201500020536;15;3;17;731;1;2;2;1;3;56;SANS, BELFORT RUE DE <14;M;4715110;621260;250
201500020537;15;1;31;1740;5;2;1;1;3;56;SANS, BATTANT RUE;;;;250
201500020538;15;3;17;1713;1;2;1;1;6;56;85D, BELFORT RUE DE <144;M;4715100;616000;250
201500020539;15;2;15;1725;1;2;2;1;6;56;sans, JACOBINS PLACE DES;M;4723782;602405;250
201500020540;15;3;19;1712;1;2;1;1;1;56;SANS, DOLE RUE DE >185 &;M;4722780;597508;250
201500020541;15;2;15;1518;1;2;1;1;6;56;SANS, PASCAL RUE BLAISE;M;4721633;597873;250
201500020542;15;3;20;1757;1;2;1;1;6;56;41, VILLARCEAU AVENUE;M;4723852;601252;250
201500020543;15;2;17;1544;1;2;1;1;6;56;6, DIDEROT BOULEVARD;M;4724573;603565;250
201500020544;15;3;24;1852;2;2;3;1;6;56;4, KENNEDY  BOULEVARD J.;M;4724278;599333;250
201500020545;15;2;18;127;5;2;1;1;6;56;SANS, OUDET RUE;M;4723547;601543;250
201500020546;15;3;25;838;1;2;1;1;6;56;SANS, BONNEFOY RUE CONST;M;4721859;597115;250
201500020547;15;2;21;756;1;2;1;2;6;56;65, RIVOTTE  FAUBOURG;M;4723081;603636;250
201500020548;15;3;25;2230;5;2;1;1;6;56;3, OUEST BOULEVARD;M;4722202;597983;250
201500020549;15;2;25;1145;1;2;1;1;6;56;75, VESOUL RUE DE > 52;M;4725565;601321;250
201500020550;15;3;26;1734;1;2;3;1;3;56;1, AMITIE RUE;M;4710740;590867;250
201500020551;15;3;26;1948;5;2;1;1;6;56;154, BELFORT RUE DE BELF;;;;250
201500020552;15;3;27;555;5;2;1;1;6;56;8, MONTBOUCONS CHEMIN DE;M;4725617;599388;250
201500020553;15;3;30;1125;1;2;3;2;6;56;SANS, WYRSCH RUE JEAN;M;4725406;601530;250
201500020554;15;4;8;1928;1;2;7;1;6;56;SANS, CASSIN PLACE RENE;M;4721792;597018;250
201500020555;15;4;10;2200;5;2;1;1;6;56;SANS, GAULLE BOULEVARD C;;;;250
201500020556;15;4;14;1934;1;2;1;1;3;56;SANS, VALENTIN  CHEMIN D;M;4726728;601139;250
201500020557;15;4;22;1533;1;2;1;1;2;56;CHURCHILL BD WINSTON;M;4724486;599598;250
201500020558;15;5;5;1145;1;2;1;1;6;56;sans, BLUM BOULEVARD LEO;;;;250
201500020559;15;5;6;935;1;2;1;1;6;56;SANS, KENNEDY  BOULEVARD;;;;250
201500020560;15;5;7;712;1;2;3;1;5;56;sans, LAFAYETTE RUE;M;4722144;597328;250
201500020561;15;5;9;1557;1;2;1;1;1;56;SANS, CHAILLOT RUE DES D;;;;250
201500020562;15;5;11;1621;1;2;3;1;5;56;SANS, HELVETIE AVENUE D';;;;250
201500020563;15;5;11;2315;5;2;1;1;1;56;SANS, MONTRAPON AVENUE D;;;;250
201500020564;15;5;12;1830;1;2;1;1;2;56;20, MONTRAPON AVENUE DE;M;4724574;601050;250
201500020565;15;5;13;1018;1;2;3;1;3;56;SANS, DENFERT ROCHEREAU;;;;250
201500020566;15;5;13;1327;1;2;1;1;1;56;12, DOLTO RUE;M;4722207;595684;250
201500020567;15;5;15;1057;1;2;1;1;2;56;SANS, REFUGE  RUE DU;M;4700000;200000;250
201500020568;15;5;16;1917;1;2;2;7;3;56;sans, FOCH AVENUE MARECH;M;4724290;602497;250
201500020569;15;5;18;1802;1;2;1;1;6;56;1, VOIRIN RUE;M;4714529;608496;250
201500020570;15;5;20;1716;1;2;1;1;6;56;SANS, MONTOILLE CHEMIN D;M;4722340;599208;250
201500020571;15;5;21;800;1;2;3;1;3;56;72, CRAS RUE DES;M;4725710;603578;250
201500020572;15;5;26;1513;1;2;2;1;3;56;SAVARY RUE ALAIN;M;4715151;608715;250
201500020573;15;5;29;1542;1;2;1;1;5;56;SANS, FAURE AVENUE EDGAR;M;4724470;602200;250
201500020574;15;6;2;1310;1;2;1;1;7;56;sans, DIDEROT BOULEVARD;M;4724580;603506;250
201500020575;15;6;2;1625;1;2;1;1;2;56;44, DOLE RUE DE <82;M;4723190;599933;250
201500020576;15;6;3;856;1;2;1;1;6;56;44, BELFORT RUE DE <144;M;4714538;614760;250
201500020577;15;6;5;2018;1;2;1;1;6;56;SANS, TORCOLS CHEMIN DES;M;4726140;601439;250
201500020578;15;6;6;2110;1;2;1;1;6;56;SANS, FORT DE PLANOISE C;M;4720760;598308;250
201500020579;15;6;22;1549;1;2;6;1;3;56;SANS, LAFAYETTE RUE;M;0;0;250
201500020580;15;6;25;2200;2;2;1;1;6;56;SANS, MARCHAUX ROUTE DE;M;4728720;606383;250
201500020581;15;6;28;1950;1;2;1;1;3;56;16, VINCI  RUE LEONARD D;M;4721780;597525;250
201500020582;15;6;28;2335;5;2;2;1;3;56;sans, SIFFERT  AVENUE CH;M;0;0;250
201500020583;15;7;1;1715;1;2;1;1;3;56;22, CHAILLOT RUE DE;M;4725493;601325;250
201500020584;15;7;3;740;1;2;1;1;3;56;6, ROUSSILLON RUE;M;4724027;600411;250
201500020585;15;7;9;1955;1;2;1;1;7;56;SANS, GRAY ROUTE DE;;;;250
201500020586;15;7;12;159;5;2;1;1;6;56;GRAY ROUTE DE;M;0;0;250
201500020587;15;7;13;152;5;2;4;1;3;56;25, MONTRAPON AVENUE DE;M;4724703;600673;250
201500020588;15;7;15;1226;1;2;1;1;4;56;SANS, CHURCHILL BD WINST;M;0;0;250
201500020589;15;7;15;2345;5;2;1;1;6;56;sans, PAPIN RUE DENIS;M;0;0;250
201500020590;15;7;13;1117;1;2;3;1;3;56;SANS, BELLAY RUE JOACHIM;M;0;0;250
201500020591;15;7;20;1803;1;2;3;1;3;56;SANS, STRASBOURG QUAI DE;M;0;0;250
201500020592;15;7;22;1523;1;1;1;1;6;56;SANS, MIDOL RUE;M;0;0;250
201500020593;15;7;28;1202;1;2;1;1;4;56;sans, KENNEDY  BOULEVARD;M;0;0;250
201500020594;15;7;30;1648;1;2;5;1;3;56;sans, FLORE PLACE;M;4724565;602791;250
201500020595;15;8;3;1435;1;1;2;1;3;56;sans, BELLAY RUE JOACHIM;M;4721464;595093;250
201500020596;15;8;8;2030;1;2;6;1;3;56;sans, GRAY ROUTE DE;M;0;0;250
201500020597;15;8;13;1017;1;2;1;1;7;56;30, PLANCON RUE GABRIEL;M;4723145;601319;250
201500020598;15;8;13;1456;1;2;9;1;6;56;sans, VESOUL RUE DE < 52;M;4715600;612000;250
201500020599;15;8;27;1027;1;1;1;1;7;56;MORRE ROUTE DE;M;0;0;250
201500020600;15;8;27;1650;1;2;1;1;6;56;SANS, RIVOTTE  FAUBOURG;M;0;0;250
201500020601;15;8;29;1805;1;2;1;1;3;56;202, DOLE RUE DE >200;M;4722642;597100;250
201500020602;15;9;3;1359;1;2;1;1;1;56;SANS, KENNEDY  BOULEVARD;M;0;0;250
201500020603;15;9;6;1855;1;2;1;1;6;56;SANS, PAIX  AVENUE DE LA;M;0;0;250
201500020604;15;9;8;1511;1;2;4;1;3;56;SANS, LANCHY  RUE NARCIS;M;4725722;602841;250
201500020605;15;9;9;1216;1;2;1;1;4;56;SANS, BLUM  BOULEVARD LE;M;4723636;598582;250
201500020606;15;9;12;143;5;2;1;1;6;56;SANS, SIFFERT  AVENUE CH;;;;250
201500020607;15;9;17;800;1;2;9;8;3;56;SANS, KENNEDY  BOULEVARD;;;;250
201500020608;15;9;20;210;5;2;1;1;6;56;SANS, RN 1057 (CH. EPITA;M;4715488;621967;250
201500020609;15;9;20;1230;1;2;1;1;7;56;SANS, BRUAND RUE NICOLAS;M;0;0;250
201500020610;15;9;21;1828;1;2;9;2;2;56;SANS, DOLE RUE DE >82 &;M;4723215;599922;250
201500020611;15;9;23;740;1;2;9;1;6;56;4, DELAUNE RUE AUGUSTE;M;4724403;600707;250
201500020612;15;9;24;1609;1;2;3;1;3;56;fontenottes;M;4724175;603410;250
201500020613;15;9;26;1130;1;2;2;1;6;56;SANS, GAULARD AVENUE > 1;M;4723775;603214;250
201500020614;15;9;28;1743;1;2;1;1;6;56;1, SIFFERT  AVENUE CHARL;M;4723804;601476;250
201500020615;15;10;2;1440;1;2;1;1;7;56;SANS, MITTERAND AVENUE F;M;0;0;250
201500020616;15;10;3;445;5;2;1;1;6;56;4, MAZAGRAN CHEMIN DE;M;4722857;602861;250
201500020617;15;10;4;1641;1;2;1;1;7;56;SANS, OUEST BOULEVARD;M;4726311;600585;250
201500020618;15;10;4;1705;1;2;9;1;6;56;SANS, LATTRE DE TASSIGNY;M;4723118;602655;250
201500020619;15;10;6;43;5;2;1;1;6;56;sans, VESOUL RUE DE > 52;M;4725431;601546;250
201500020620;15;10;6;1439;1;2;1;8;7;56;RN 1057 (CH. EPITAPHE-CH;M;4725340;598845;250
201500020621;15;10;9;2012;5;2;1;1;6;56;SANS, DOLE RUE DE >200;M;4722610;597677;250
201500020622;15;10;13;1113;1;2;3;1;3;56;SANS, JOUCHOUX RUE AUGUS;M;4723905;598766;250
201500020623;15;10;14;1646;1;2;2;1;6;56;SANS, BLUM  BOULEVARD LE;M;4725935;602864;250
201500020624;15;10;14;2059;5;2;1;1;6;56;11, VIGNY  RUE ALFRED;M;4721433;596355;250
201500020625;15;10;16;1625;1;2;1;1;6;56;SANS, EPITAPHE CHEMIN DE;M;4725255;598945;250
201500020626;15;10;22;1506;1;2;9;1;3;56;27, EDISON RUE THOMAS;M;4723229;597269;250
201500020627;15;10;23;320;5;2;1;2;6;56;1, CRAS RUE DES;M;4725229;603041;250
201500020628;15;11;6;807;1;2;1;1;3;56;SANS, JACQUARD RUE;M;4723885;599378;250
201500020629;15;11;10;1802;5;2;2;1;1;56;17, PONT RUE DU;M;4721948;601696;250
201500020630;15;11;10;2000;5;2;2;1;3;56;SANS, BLUM BOULEVARD LEO;M;4726360;604723;250
201500020631;15;11;13;1740;3;2;1;1;3;56;18, FRANOIS ROUTE DE;M;4722284;595047;250
201500020632;15;11;16;848;1;2;1;1;6;56;44, MIDOL RUE;M;4724437;601438;250
201500020633;15;11;18;1343;1;2;1;1;6;56;102, DOLE RUE DE >82 & <;M;4723090;599506;250
201500020634;15;11;19;2040;5;2;1;2;6;56;SANS, MONTBOUCONS CHEMIN;M;4724940;600258;250
201500020635;15;11;20;715;3;2;1;3;1;56;sans, BLUM  BOULEVARD LE;M;4725944;602916;250
201500020636;15;11;20;1815;5;2;3;3;3;56;56, DOLE RUE DE <82;M;4723387;600710;250
201500020637;15;11;20;1652;1;2;1;3;6;56;55, MEGEVAND RUE;M;4723384;602678;250
201500020638;15;11;25;2209;5;2;9;2;3;56;95, DOLE RUE DE >82 & <1;M;4722905;599014;250
201500020639;15;11;29;1704;2;2;3;2;2;56;SANS, BELLAY RUE JOACHIM;M;4721786;595260;250
201500020640;15;12;4;1650;1;2;1;1;6;56;125, BELFORT RUE DE <144;M;4725498;603997;250
201500020641;15;12;8;943;1;2;1;1;6;56;2, EGLISE RUE DE L';M;4724897;603157;250
201500020642;15;12;8;1731;5;2;1;1;6;56;SANS, TORCOLS CHEMIN DES;;;;250
201500020643;15;12;8;1903;5;2;1;1;6;56;SANS, VESOUL RUE DE < 52;M;4724590;601884;250
201500020644;15;12;9;1213;1;2;1;1;6;56;05, LILAS  RUE DES;M;4725901;604443;250
201500020645;15;12;13;358;5;2;1;1;6;56;SANS, FAURE AVENUE EDGAR;M;4714407;611758;250
201500020646;15;12;15;1219;1;2;1;1;6;56;18, MARMIER RUE XAVIER;M;4724137;600761;250
201500020647;15;12;16;1750;5;2;1;2;6;56;SANS, DOLE RUE DE >82 &;M;4723097;599544;250
201500020648;15;12;21;741;5;2;6;2;3;56;SANS, SAVARY RUE ALAIN;M;4725612;600367;250
201500020649;15;12;28;1909;5;2;1;1;6;56;96, BELFORT RUE DE <144;M;4725244;603636;250
201500020650;15;12;30;1749;2;2;1;1;6;56;sans, KENNEDY  BOULEVARD;M;4724200;599419;250
201500020651;15;12;30;2000;5;2;2;1;3;56;SANS, DOLE RUE DE >82 &;M;4722947;599058;250
201500020652;15;12;27;1140;1;2;1;1;2;31;37, DASLE (RUE DE);M;4747840;685696;250
201500020653;15;5;8;1940;1;2;1;2;6;388;14, LALANCE (RUE CHARLES;M;4750802;679305;250
201500020654;15;12;14;1555;1;2;1;1;6;388;19, RAVEL (RUE MAURICE);M;4749489;680123;250
201500020655;15;5;22;1048;1;2;2;1;6;31;DUVERNOY (RUE DU DOCTEUR;M;4748218;684226;250
201500020656;15;11;6;1740;5;1;1;1;6;388;1, DONZELOT (RUE PIERRE);M;4749453;681147;250
201500020657;15;7;21;1520;1;2;1;1;3;31;15BIS, JAURES (AVENUE JE;;;;250
201500020658;15;6;24;1213;1;2;1;1;6;539;31, VANDONCOURT (RUE DE);M;4746131;686683;250
201500020659;15;11;15;215;5;2;1;1;7;580;MATHAY (RUE DE);;;;250
201500020660;15;8;19;1800;1;2;1;1;6;388;BETHONCOURT (ROUTE DE );M;0;0;250
201500020661;15;8;22;525;5;2;3;1;7;31;MINES (RUE DES);M;4748901;682438;250
201500020662;15;10;4;2300;5;2;1;1;7;388;MOULIN (AVENUE JEAN);M;4749920;680455;250
201500020663;15;10;8;2123;5;2;1;1;5;388;LUDWIGSBURG (AVENUE DE);;;;250
201500020664;15;12;16;1600;1;1;1;2;6;614;BROGNARD (RUE DE);;;;250
201500020665;15;11;12;647;4;2;1;1;6;31;COURBET (RUE GUSTAVE);M;4747678;684094;250
201500020666;15;11;20;1727;5;2;1;3;6;539;AUDINCOURT (RUE D');;;;250
201500020667;15;11;24;1120;1;2;1;1;2;31;REVOLUTION DE 1789 AVENU;;;;250
201500020668;15;1;2;1440;1;2;1;9;6;388;25, ETUVE (RUE DE L');M;4751156;679864;250
201500020669;15;1;12;915;1;2;3;1;3;388;4, LEPRINCE-RINGUET (RUE;M;4749602;680537;250
201500020670;15;1;31;1846;5;2;1;4;1;388;74, BESANCON (FAUBOURG D;M;4750973;678386;250
201500020671;15;2;2;1115;1;2;1;1;3;31;02, JAURES (AVENUE JEAN);M;4748602;683261;250
201500020672;15;2;2;1750;5;2;9;1;6;388;7, HERICOURT (ROUTE D');;;;250
201500020673;15;3;27;1620;1;2;1;1;2;388;GRAND -CHARMONT (ROUTE D;;;;250
201500020674;15;1;1;1600;1;2;1;1;1;462;63, NEUCHATEL (AVENUE DE;M;4689933;636196;250
201500020675;15;3;4;1905;5;2;1;1;6;462;12, COMMANDANT VALENTIN;M;4690459;635978;250
201500020676;15;1;8;1752;5;2;1;2;6;204;Besan?on  de;;;;250
201500020677;15;3;7;1105;1;1;1;1;5;204;R-N 57.;;;;250
201500020678;15;1;16;1615;2;2;3;4;2;462;DOUBS DE (DU 25 A LA FIN;M;4691414;635215;250
201500020679;15;3;8;1520;1;2;3;1;6;204;24, Miranda;M;4692580;634618;250
201500020680;15;1;31;2020;3;1;1;4;1;462;1, ROCADE G.POMPIDOU (DU;M;4689935;635953;250
201500020681;15;3;13;1510;1;2;1;1;2;462;53, DOUBS DE (DU 25 A LA;M;4691428;635025;250
201500020682;15;3;16;1610;1;2;1;1;4;462;ABATTOIRS;;;;250
201500020683;15;2;13;2006;5;2;1;1;4;462;25, ROCADE G.POMPIDOU (D;M;4690185;634476;250
201500020684;15;2;28;1040;1;1;1;4;3;204;1, Route D?partementale;M;4692439;635704;250
201500020685;15;4;2;1015;1;2;3;2;6;462;GARE (DE LA);M;4690334;635552;250
201500020686;15;4;11;1115;1;2;1;1;6;462;25, JEANNE D'ARC;M;4690402;635671;250
201500020687;15;4;14;1515;1;1;1;1;1;204;1, Vuillecin  (rue de );M;4691891;634305;250
201500020688;15;4;21;1005;1;2;1;1;6;462;1, REPUBLIQUE DE LA;;;;250
201500020689;15;4;27;2005;2;2;6;3;3;462;1, CHATEAU CHASTAIN (DU;;;;250
201500020690;15;5;14;1205;1;2;6;1;1;462;1, MORTEAU DE (DU 0 AU 3;M;4690588;635757;250
201500020691;15;5;19;835;1;2;1;2;5;462;ROCADE G.POMPIDOU ( DE 0;;;;250
201500020692;15;6;2;910;1;2;2;1;3;462;1, BAUMONT;M;4689824;635023;250
201500020693;15;6;14;2226;5;2;2;2;3;462;2, BESANCON (RUE DE);M;4690537;635144;250
201500020694;15;6;23;1741;1;2;3;1;3;462;15, DECHANET (PIERRE);M;4690313;633299;250
201500020695;15;6;29;1715;1;1;1;1;7;462;28, LAVAUX DES (DU 26 A;M;4690508;636204;250
201500020696;15;7;2;1910;1;2;1;1;6;462;6, BESANCON (DU 0 AU 25);M;4690563;635170;250
201500020697;15;7;14;1420;1;2;3;1;1;462;18, PATEL ANTOINE;M;4690990;634700;250
201500020698;15;7;16;1424;1;2;1;1;3;462;8, DECHANET (PIERRE);M;4690739;633351;250
201500020699;15;7;17;634;1;2;1;1;7;462;4, ROCADE G.POMPIDOU ( D;M;4689586;636295;250
201500020700;15;8;11;1100;1;2;6;1;2;462;25, DOUBS DE (DU 25 A LA;M;4691414;635215;250
201500020701;15;8;21;1850;1;2;3;1;6;462;78, BESANCON (DU 72TER A;M;4691609;634483;250
201500020702;15;9;8;2010;2;2;2;1;1;462;2, BERLIOZ (DU 0 AU 24);M;4690993;635497;250
201500020703;15;9;9;50;5;1;1;1;6;462;ETRACHES LES;;;;250
201500020704;15;9;24;1302;1;1;3;1;3;204;2, Route Dйpartementale;M;4693224;636648;250
201500020705;15;9;28;1735;1;2;1;1;3;462;2, PASTEUR (RUE);M;4693052;635489;250
201500020706;15;10;2;755;1;2;2;1;1;462;1, ARAGO;M;4691322;634123;250
201500020707;15;10;3;955;1;2;1;1;3;462;09 bis, PATEL ANTOINE;M;4690778;634648;250
201500020708;15;10;8;1722;1;2;1;1;6;462;ROCADE G.POMPIDOU (DU 7;M;4690057;635599;250
201500020709;15;10;15;1812;1;1;1;1;3;462;2, MARPAUD;M;4690161;635440;250
201500020710;15;11;11;2006;5;2;3;1;3;462;2, LYCEE DU;M;4691604;634478;250
201500020711;15;11;12;1215;1;2;1;1;3;462;2, LIBERATION DE LA (DU;M;4691803;634332;250
201500020712;15;11;17;2025;5;2;3;1;3;462;1, GARE (DE LA);M;4690309;635531;250
201500020713;15;11;18;740;2;2;1;1;6;462;66, SALINS DE (DU 64 A L;M;4690936;633666;250
201500020714;15;11;23;1800;5;2;1;4;6;462;81, BESANCON (DU 72TER A;M;4691368;634622;250
201500020715;15;11;26;1115;1;2;2;4;3;462;BESANCON (DU 72TER A LA;M;4691435;634611;250
201500020716;15;12;1;1725;5;2;3;1;7;462;1, CHENIER ANDRE DE;M;4689342;636487;250
201500020717;15;12;9;1950;3;1;1;1;1;462;28, ROCADE G.POMPIDOU (D;M;4690092;634293;250
201500020718;15;12;24;1601;1;2;1;1;6;462;12, DEPORTES DES;M;4691553;634407;250
201500020719;15;12;29;1150;1;2;1;1;6;462;28, DOUBS DE (DU 25 A LA;M;4691321;635339;250
201500020720;15;12;30;1725;5;2;1;1;6;462;23, SAINT ETIENNE FAUBOU;M;4690167;636033;250
201500020721;15;2;28;2330;4;1;1;9;6;295;COMBE PERLINE;M;0;0;260
201500020722;15;11;19;1845;3;1;1;1;7;10;FOUILLOUSE EST;M;4527840;484520;260
201500020723;15;1;8;2215;3;1;2;1;1;99;CD15- ch Four а Chaux;M;4386736;511991;840
201500020724;15;1;24;530;3;1;1;1;6;25;;M;4388300;514722;840
201500020725;15;5;23;1115;1;1;1;1;3;38;;M;0;0;840
201500020726;15;5;24;1430;1;1;2;1;3;99;;M;4386090;513434;840
201500020727;15;6;6;430;3;2;1;1;6;99;chemin de boulon;M;4384068;510793;840
201500020728;15;7;6;1015;1;1;1;1;6;38;;M;4378908;508561;840
201500020729;15;9;9;645;2;1;1;1;1;62;;M;0;0;840
201500020730;15;10;24;1545;1;1;1;1;1;62;;M;0;0;840
201500020731;15;12;5;1130;1;1;1;1;1;62;;M;4390519;510689;840
201500020732;15;4;9;1930;1;1;2;1;4;478;;M;0;0;590
201500020733;15;4;21;730;1;1;1;7;2;82;Route de Pitgam;M;5095204;239542;590
201500020734;15;6;7;1115;1;2;1;8;6;478;Faubourg de Cassel;M;0;0;590
201500020735;15;6;12;2215;2;2;1;1;6;67;rue lйon claeys;M;0;0;590
201500020736;15;7;9;2215;2;1;1;1;3;478;;M;0;0;590
201500020737;15;7;18;1200;1;2;2;1;3;162;rue du collиge;M;0;0;590
201500020738;15;10;19;1315;1;1;1;1;3;82;;M;0;0;590
201500020739;15;11;3;1800;3;1;1;1;1;16;;M;0;0;590
201500020740;15;2;16;655;3;1;4;5;3;307;;M;4612869;-8783;790
201500020741;15;9;10;1845;1;2;1;1;1;297;;M;4624506;3226;790
201500020742;15;3;6;415;4;2;1;1;6;307;ROUTE DE MELLERAN;M;4613590;9990;790
201500020743;15;4;15;1915;1;1;3;1;3;83;;M;4612004;-6765;790
201500020744;15;6;7;200;3;2;1;1;6;163;"LD ""LES BROUSSES""";M;4615243;5757;790
201500020745;15;6;7;340;3;1;1;1;6;27;;M;4607974;-11249;790
201500020746;15;6;13;1845;1;1;1;1;3;148;"LD ""L'ARTIGAULT""";M;4623479;-3676;790
201500020747;15;3;8;930;1;2;1;1;3;261;Avenue de la C?te d'Opal;M;5048470;162860;620
201500020748;15;3;27;1545;1;2;1;1;3;571;Avenue Biblocq;M;5045172;161476;620
201500020749;15;4;22;1115;1;2;2;1;3;261;rue de menton;M;5047613;160188;620
201500020750;15;6;9;1830;1;2;1;1;6;261;boulevard de la mer;M;5047713;157573;620
201500020751;15;7;28;1900;1;1;2;1;3;849;;M;5040695;163336;620
201500020752;15;8;27;1830;1;2;1;2;6;849;Flaque du Veixu Moulin;M;5040305;163681;620
201500020753;15;1;1;445;3;1;1;4;5;653;;M;0;0;590
201500020754;15;1;12;1245;1;2;1;1;2;202;401 rue du Moulin;M;0;0;590
201500020755;15;1;13;1830;5;2;6;3;6;202;rue d armentieres cd.945;M;0;0;590
201500020756;15;1;25;1100;1;1;1;1;6;553;;M;5060256;296480;590
201500020757;15;6;18;700;1;2;9;2;7;278;rue gambetta;M;0;0;590
201500020758;15;7;31;1300;1;1;1;1;1;553;;M;5059874;293907;590
201500020759;15;8;21;1715;1;2;1;1;1;202;rue d armentieres;M;0;0;590
201500020760;15;9;8;1700;1;2;1;1;6;653;RUE CALMETTE;M;0;0;590
201500020761;15;4;25;430;3;1;1;1;1;26;;M;0;0;740
201500020762;15;8;26;1830;1;2;6;1;1;182;RUE DE L'EGALITE;M;0;0;740
201500020763;15;10;25;1745;3;1;1;1;5;179;625 ROUTE DE BELLEGARDE;M;0;0;740
201500020764;15;11;6;815;1;1;1;1;4;112;;M;4556600;611300;740
201500020765;15;1;16;1200;1;2;1;2;6;33;rue de la r?publique;M;0;0;10
201500020766;15;6;3;1515;1;1;1;1;1;91;;M;0;0;10
201500020767;15;6;30;830;1;2;1;1;6;33;14 rue de la rйpublique;M;0;0;10
201500020768;15;7;17;745;1;2;1;1;1;33;Moulin de Metral;M;0;0;10
201500020769;15;9;24;1315;1;1;1;1;1;357;;M;0;0;10
201500020770;15;11;10;100;3;1;1;1;6;91;;M;0;0;10
201500020771;15;12;9;815;1;2;1;1;6;33;rue Lafayette;M;0;0;10
201500020772;15;6;6;1500;1;1;1;1;1;49;;M;0;0;830
201500020773;15;8;19;930;1;2;1;1;6;49;;M;4323910;607677;830