num_acc;an;mois;jour;hrmn;lum;agg;int;atm;col;com;adr;gps;lat;long;dep
201500020774;15;10;12;2015;3;1;1;2;1;49;;M;0;0;830
201500020775;15;3;29;2045;1;1;3;1;3;198;BD GEORGES POMPIDOU;M;4454720;477330;260
201500020776;15;4;8;2130;5;2;1;1;1;198;CHEMIN DES GREZES;M;0;0;260
201500020777;15;4;13;800;1;2;3;1;3;198;RUE ANDRE MALRAUX;M;4456700;474080;260
201500020778;15;4;25;1635;1;2;1;1;6;198;BD EUROPE;M;4454830;475670;260
201500020779;15;5;15;855;1;1;1;1;3;198;ROUTE DE SAUZET;M;0;0;260
201500020780;15;5;26;855;1;2;2;1;3;198;CHEMIN DE LA DAME;M;4456310;473370;260
201500020781;15;5;28;1215;1;2;2;1;3;198;BD CHARLES ANDRE;M;4452560;474360;260
201500020782;15;7;15;100;5;2;1;1;6;198;10 AV DE ROCHEMAURE;M;4456090;474680;260
201500020783;15;8;13;730;1;2;1;1;6;198;AVENUE JEAN JAURES;M;4455000;474725;260
201500020784;15;8;11;1530;1;2;1;1;6;198;DESMARAIS (Boulevard Mar;M;4455620;474856;260
201500020785;15;8;26;1350;1;1;1;1;2;198;ROUTE DE DIEULEFIT;M;0;0;260
201500020786;15;8;27;700;1;2;6;1;3;198;BOULEVARD EUROPE;M;4453740;476440;260
201500020787;15;8;14;1930;1;2;1;1;6;198;GAMBETTA (Boulevard );M;4455240;471880;260
201500020788;15;9;29;705;1;1;1;1;4;198;LE BOUQUET;M;0;0;260
201500020789;15;9;19;1810;1;1;1;1;1;198;ROUTE DU TEIL;M;0;0;260
201500020790;15;9;27;1050;1;2;9;1;6;198;AVENUE ESPOULETTE;;;;260
201500020791;15;10;15;1850;5;1;1;1;1;198;MEYROL;M;0;0;260
201500020792;15;11;6;930;1;2;1;1;6;198;15 AV JOHN KENNEDY;M;0;0;260
201500020793;15;11;18;1118;1;2;1;1;3;198;28  AVENUE SAINT LAZARE;;;;260
201500020794;15;11;20;800;1;1;1;1;3;8;30 RUE DU LAC;;;;260
201500020795;15;10;25;22;3;1;1;1;6;198;RTE DE ROCHEMAURE;;;;260
201500020796;15;12;2;1230;1;1;2;1;3;198;BD CHARLES ANDRE;M;4452620;473980;260
201500020797;15;11;30;1115;1;2;1;1;6;198;60 AV JEAN JAURES;;;;260
201500020798;15;1;4;15;5;2;1;1;6;198;ROUTE DE ROCHEMAURE;;;;260
201500020799;15;1;5;815;1;2;1;1;4;198;ROUTE DU TEIL;;;;260
201500020800;15;1;6;1620;1;2;3;1;3;198;49 AVENUE DE ROCHEMAURE;;;;260
201500020801;15;1;18;2105;5;2;6;2;3;198;AVENUE SAINT LAZARE;M;4456740;475530;260
201500020802;15;1;26;1740;1;2;1;1;1;198;ROUTE DU TEIL;;;;260
201500020803;15;2;5;1115;1;1;1;6;5;8;ROUTE DE ROCHEMAURE;;;;260
201500020804;15;3;1;1020;1;2;1;2;6;198;67 AVENUE JEAN JAURES;;;;260
201500020805;15;2;28;1650;1;1;3;1;2;198;ROUTE DE SAUZET;;;;260
201500020806;15;1;3;955;1;2;2;1;3;281;RUE GUILHAUME;M;4504750;504970;260
201500020807;15;3;22;1635;1;2;1;1;3;57;QUAI DE LA LIBERATION;M;4503820;504340;260
201500020808;15;1;5;1445;1;2;1;1;6;281;PT MARECHAL LATTRE TASSI;M;4504140;505630;260
201500020809;15;3;23;1139;1;2;6;1;1;281;ROND POINT PAUL DEVAL;M;4504560;504630;260
201500020810;15;1;7;450;5;2;1;1;6;281;103 RUE PARMENTIER;M;4504970;507020;260
201500020811;15;3;23;2010;2;2;1;1;6;281;RUE JACQUEMART;M;4504690;504890;260
201500020812;15;1;7;1045;1;2;1;1;1;281;RUE NINON VALLIN;M;4504790;507560;260
201500020813;15;4;10;1750;1;1;1;1;1;57;AVENUE DES PATRIOTES;;;;260
201500020814;15;1;9;750;2;2;6;1;6;281;AV PREMIERE ARMEE;M;4505660;505730;260
201500020815;15;4;10;1835;1;2;3;1;3;281;BD REGIS GIGNIER;M;4504810;506450;260
201500020816;15;1;14;1550;1;2;3;1;3;281;AVENUE BERTHELOT;M;4504470;504080;260
201500020817;15;4;10;2255;5;2;1;1;3;281;87 AV ADOLPHE FIGUET;M;4504390;506230;260
201500020818;15;1;16;1835;5;2;6;1;3;281;BOULEVARD REGIS GIGNIER;M;4504710;507080;260
201500020819;15;4;14;750;1;2;2;1;3;281;RUE DU  PUY;M;4504390;505330;260
201500020820;15;1;24;1425;1;2;3;1;3;281;RUE POUCHELON;M;4504810;506450;260
201500020821;15;4;19;1605;1;2;1;1;3;281;AV MARIUS MOUTET;M;4505350;505440;260
201500020822;15;2;14;1550;1;2;1;1;6;281;52 PLACE JEAN JAURES;M;4504590;505150;260
201500020823;15;4;21;1330;1;2;1;1;6;57;RUE DE LA REPUBLIQUE;M;4503850;504920;260
201500020824;15;2;15;905;1;2;1;2;6;57;RUE VINCENT DINDY;M;4504810;507730;260
201500020825;15;4;29;1440;1;2;1;1;6;281;43 BIS CHEMIN DES BOEUF;M;4504030;506620;260
201500020826;15;2;23;755;1;2;1;1;3;281;AVENUE DUCHESNE;M;4504710;504340;260
201500020827;15;5;9;1852;1;1;1;1;2;281;ROUTE DE TAIN;;;;260
201500020828;15;2;23;850;1;2;2;1;7;57;RUE  DE LA REPUBLIQUE;M;4504010;505020;260
201500020829;15;5;11;1800;1;2;3;1;3;281;AVENUE DU 8 MAI;M;4504630;507750;260
201500020830;15;2;27;1125;1;2;1;3;7;281;BD ETIENNE JEA LAPASSAT;;;;260
201500020831;15;5;14;1620;1;2;6;1;3;281;RD 53;;;;260
201500020832;15;3;10;1725;1;2;1;1;2;281;AV JEAN MOULIN;M;4505520;504900;260
201500020833;15;5;19;1820;1;2;1;1;1;57;AV EUGENE CHAVANT;;;;260
201500020834;15;5;20;1207;1;2;2;1;3;281;BOULRVARD HENRI DUNANT;M;4504730;507560;260
201500020835;15;5;28;845;1;2;1;1;6;281;RUE CHOSSIGNY;M;4504220;504610;260
201500020836;15;6;10;750;1;2;1;1;3;281;BOULEVARD GABRIEL PERI;M;4504830;505170;260
201500020837;15;6;18;1815;1;2;2;1;1;281;PASSAGE GALLOIS;M;4504750;505470;260
201500020838;15;6;18;1115;1;2;2;1;3;57;RUE LOUIS PASTEUR;M;4503690;505100;260
201500020839;15;6;24;1945;2;2;1;1;1;281;BOULEVARD VOLTAIRE;M;4504430;505820;260
201500020840;15;6;26;835;1;2;1;1;2;281;PLACE CARNOT;M;4504860;504960;260
201500020841;15;6;26;1615;1;2;1;1;3;281;RUE  DELAY;M;4504920;505110;260
201500020842;15;6;28;1925;2;2;1;1;2;281;COTE DES MASSES;M;4504510;504470;260
201500020843;15;7;1;1147;1;2;1;1;3;281;PLACE JEAN JAURES;M;4504630;505260;260
201500020844;15;7;6;1220;1;2;1;1;3;57;RD 2532N;;;;260
201500020845;15;7;13;950;1;2;1;1;2;281;AV  ADOLPHE FIGUET;M;4504350;506130;260
201500020846;15;7;30;1730;1;2;7;1;3;281;AVENUE GAMBETTA;M;4504540;505910;260
201500020847;15;7;30;1650;1;2;6;1;3;281;PLACE JEAN JAURES;M;4504540;505320;260
201500020848;15;8;7;930;1;2;2;1;1;281;AVENUE DE DEPORTATION;M;4505410;510100;260
201500020849;15;8;12;808;1;2;1;1;3;57;AVENUE DES PATRIOTES;M;4503750;505340;260
201500020850;15;8;18;1930;2;2;1;1;4;281;BD PIERRE MENDES FRANCE;;;;260
201500020851;15;8;22;1430;1;2;3;1;2;281;COTE DES CORDELIERS;M;4504370;505130;260
201500020852;15;8;24;1214;1;2;1;1;2;281;BOULEVARD REMY ROURE;M;4504560;505160;260
201500020853;15;9;7;1600;1;1;1;1;6;281;BD REMY ROURE;M;4505000;504030;260
201500020854;15;9;14;1200;1;2;1;1;2;281;PLACE JULES NADI;M;4504420;505200;260
201500020855;15;9;15;1137;1;2;1;1;7;57;AVENUE  PREMIERE ARMEE;M;4503390;506490;260
201500020856;15;9;15;1340;1;2;9;1;6;281;AVENUE GAMBETTA;M;4504540;506070;260
201500020857;15;9;16;2030;3;2;1;1;3;57;AV GEORGES POMPIDOU;;;;260
201500020858;15;9;18;1605;1;2;9;1;3;281;AVENUE GAMBETTA;M;4504550;506030;260
201500020859;15;9;19;1910;1;2;1;1;3;281;101 AVENUE DU MAQUIS;M;4504950;507680;260
201500020860;15;9;19;1945;1;2;3;1;4;57;RUE ANTONIN  VALLON;M;4504080;505240;260
201500020861;15;9;21;1815;1;2;6;1;2;281;RD 532 DIRECTION TAIN;;;;260
201500020862;15;9;26;1205;1;2;1;1;1;281;AVENUE BERTHELOT;M;4504460;503880;260
201500020863;15;9;29;1800;1;2;1;1;5;281;AVENUE DES ALLOBROGES;;;;260
201500020864;15;10;1;900;1;2;9;1;3;281;PONT MARECHAL DE LATTRE;M;4504150;505630;260
201500020865;15;10;6;1650;1;2;1;1;6;281;89 AV JEAN MOULIN;M;4505750;504980;260
201500020866;15;10;8;1815;1;2;1;1;4;281;QUAI STE  CLAIRE;M;4504350;504350;260
201500020867;15;10;9;920;1;2;2;1;3;281;COTE JACQUEMART;M;4504380;504960;260
201500020868;15;10;12;1540;1;2;1;1;1;281;BD PIERRE MENDES FRANCE;;;;260
201500020869;15;10;13;1045;1;2;1;2;2;281;AVENUE GAMBETTA;M;4504550;505890;260
201500020870;15;11;2;1125;1;2;1;1;2;57;RUE ANTONIN VALLON;M;4504080;505240;260
201500020871;15;11;2;1650;1;2;1;1;3;281;ROUTE DE TAIN;M;4504410;502000;260
201500020872;15;11;6;1210;1;2;1;1;2;281;RUE SIMONE ABBAT;M;4504700;503540;260
201500020873;15;11;14;953;1;2;3;1;3;281;AVENUE MARCEL PAUL;M;4504840;503740;260
201500020874;15;11;28;1405;1;2;1;1;6;281;AV EMILE  ZOLA;M;4505110;505920;260
201500020875;15;11;30;750;5;2;6;1;3;281;ROND POINT N 1 ALLOBROGE;;;;260
201500020876;15;11;23;1214;1;2;6;1;7;281;AV CHANOINE J CHEVALIER;M;4504440;504130;260
201500020877;15;12;2;1040;1;1;2;1;3;57;ALLEE DAUPHINE;M;4501780;503510;260
201500020878;15;12;8;1140;1;2;6;1;6;57;GRAND RUE JEAN JAURES;M;4503930;504770;260
201500020879;15;12;8;1350;1;1;4;1;6;281;AVENUE DUCHESNE;M;4504820;504120;260
201500020880;15;12;10;1420;1;2;2;1;2;281;AVENUE  ADOLPHE  FIGUET;M;4504490;506510;260
201500020881;15;12;11;740;5;2;6;1;3;281;AVENUE ADOLPHE  FIGUET;M;4504260;505800;260
201500020882;15;12;12;1605;1;1;1;1;2;281;ALLEE EDOUARD BRANLY;;;;260
201500020883;15;12;15;1905;2;2;1;1;3;281;RTE DE GENISSIEUX;;;;260
201500020884;15;12;17;1655;1;1;2;1;3;57;RD 538;;;;260
201500020885;15;12;18;1648;1;2;1;1;3;281;69 AV JEAN MOULIN;M;4505590;504930;260
201500020886;15;12;21;1152;1;2;6;2;3;281;AVENUE DEPORTATION;M;4505050;508290;260
201500020887;15;12;22;1815;5;1;1;1;2;281;AV DES ALLOBROGES;;;;260
201500020888;15;1;8;1345;1;1;3;1;3;58;RUE MOULIN ALBON;M;4495100;490190;260
201500020889;15;12;28;1706;2;2;1;1;6;362;RUE GUISEPPE VERDI;M;4492990;491840;260
201500020890;15;3;21;2200;3;2;1;1;1;362;ROUTE DE BEAUVALLON;;;;260
201500020891;15;1;8;1400;1;2;3;1;6;362;PASSAGE ARGONNE;M;4493420;489720;260
201500020892;15;3;18;1920;1;2;2;1;3;362;RUE DES ALPES;M;4492620;490120;260
201500020893;15;12;28;2015;5;2;1;1;3;362;ROUTE DE ROMANS;M;4494200;491810;260
201500020894;15;1;11;530;3;1;1;1;1;170;L A C R A R N 7;;;;260
201500020895;15;12;29;220;3;2;1;1;7;58;RN 2007N;M;4494340;488879;260
201500020896;15;1;12;953;1;2;2;1;6;362;RUE DES ALPES;M;4492710;489970;260
201500020897;15;3;27;1950;3;1;1;1;4;362;L A C R A  RN 7;M;0;0;260
201500020898;15;1;7;910;1;2;1;1;6;362;73 RUE FAVENTINES;M;4492900;489880;260
201500020899;15;3;29;2100;4;1;1;1;7;362;L A C R A  RN 532;;;;260
201500020900;15;1;15;2100;3;1;1;1;4;170;L A C R A RN 7;;;;260
201500020901;15;3;31;1344;1;2;1;1;6;362;ALLEE RAYMOND MIAS;M;4493470;490120;260
201500020902;15;1;21;1213;1;2;1;2;6;362;87 AVENUE VICTOR HUGO;M;4492650;488910;260
201500020903;15;4;9;825;1;2;7;1;3;58;PLACE DE LA REPUBLIQUE;M;4494110;489360;260
201500020904;15;1;28;2030;5;2;3;1;3;252;AVENUE BROSSOLETTE;M;4488610;488610;260
201500020905;15;4;10;810;1;2;6;1;6;362;BD JOHN FITZGERALD KENNE;M;4494010;491590;260
201500020906;15;1;30;2059;5;2;2;1;3;58;AVENUE JACQUES BREL;M;4495160;490280;260
201500020907;15;4;19;1422;1;2;1;2;3;362;178 AVENUE DE ROMANS;M;4493710;491190;260
201500020908;15;1;30;1325;1;2;2;1;3;362;AVENUE JEAN MONNET;M;4492010;493190;260
201500020909;15;4;14;1115;1;2;1;1;6;362;AVENUE DE ROMANS;M;4493330;490200;260
201500020910;15;2;10;600;3;1;1;1;6;252;ROUTE DE BEAUVALLON;M;4487730;489410;260
201500020911;15;4;20;925;1;2;1;1;3;362;89 RUE FAVENTINES;M;4492810;489970;260
201500020912;15;2;13;1908;5;2;1;1;6;362;BD GENERAL DE GAULLE;M;4493040;489010;260
201500020913;15;5;15;928;1;2;1;1;6;58;MONTEE DU LONG;;;;260
201500020914;15;2;17;1825;5;2;9;1;6;362;AVENUE DE PROVENCE;M;4490680;487910;260
201500020915;15;5;14;1743;1;2;3;1;3;362;AVENUE VICTOR HUGO;M;4491780;488540;260
201500020916;15;2;19;701;3;2;1;1;3;58;640 RUE ARISTIDE BERGES;M;4496480;487830;260
201500020917;15;5;17;1540;1;2;1;1;7;362;RUE EMMANUEL CHABRIER;M;4493800;493200;260
201500020918;15;2;23;1830;5;1;2;1;3;252;RN7 DEVIATION DE PORTES;;;;260
201500020919;15;5;7;1443;1;1;1;1;6;362;AVENUE DE ROMANS;M;4493430;490610;260
201500020920;15;2;28;1410;1;2;6;1;3;58;BD GENERAL DE GAULLE;M;4494110;489360;260
201500020921;15;6;2;935;1;2;1;1;6;362;168 AVENUE DE ROMANS;M;4493660;491120;260
201500020922;15;2;28;1615;1;1;1;1;5;362;AVENUE DE ROMANS;M;4495010;492750;260
201500020923;15;5;18;1753;1;1;1;1;7;313;LACRA RN532;;;;260
201500020924;15;3;11;1226;1;2;2;1;3;362;BD FRANCKLIN ROOSEVELT;M;4492650;491740;260
201500020925;15;6;3;1912;1;2;1;1;6;58;AVENUE DE LYON;M;4495830;488930;260
201500020926;15;3;13;1605;1;1;1;1;6;362;52 RUE PROMPSAULT;M;4492640;490004;260
201500020927;15;6;5;1325;1;1;2;1;3;252;RN7 DEVIATION DE PORTES;M;0;0;260
201500020928;15;3;13;1135;1;2;1;1;6;362;PLACE PORTE NEUVE;M;4493080;489140;260
201500020929;15;6;18;2112;1;1;1;1;7;362;L A C R A  RN 7;M;0;0;260
201500020930;15;6;19;20;3;1;1;1;2;4;HERMITE;M;0;0;260
201500020931;15;6;21;100;3;2;1;1;6;362;AVENUE DE PROVENCE;M;0;0;260
201500020932;15;6;23;1330;1;2;2;1;3;362;RUE FARNERIE;M;4493420;489260;260
201500020933;15;4;9;2220;5;2;1;1;7;362;187 AVENUE DE ROMANS;M;4493500;490880;260
201500020934;15;6;24;1105;1;1;2;1;3;362;MICHAUD DE LAURE;M;4495000;494910;260
201500020935;15;6;28;1805;1;1;6;1;3;58;ROND POINT DES COULEURS;M;4495450;493250;260
201500020936;15;7;2;1403;1;1;1;1;5;252;ROUTE DE BEAUVALLON;M;0;0;260
201500020937;15;7;1;1730;1;2;3;1;1;362;AVENUE DE ROMANS;M;4493340;490220;260
201500020938;15;7;26;355;5;2;6;1;2;362;AVENUE DE ROMANS;M;4493270;489880;260
201500020939;15;7;27;1555;1;1;1;1;4;58;LE CHANTRE;M;0;0;260
201500020940;15;8;10;1455;1;2;2;1;3;58;ROUTE DE FOUILLOUSE;M;4496690;491550;260
201500020941;15;8;14;955;1;2;1;1;6;362;AVENUE VICTOR HUGO;M;4491990;488580;260
201500020942;15;9;10;1250;1;2;1;1;2;362;AVENUE DE  VERDUN;M;4493800;489890;260
201500020943;15;9;14;2230;1;1;1;1;7;252;RN7 DEVIATION DE PORTES;M;0;0;260
201500020944;15;9;14;1715;1;2;1;1;6;362;ALLEE JAMES JOULE;M;4488850;489020;260
201500020945;15;9;23;1800;1;2;1;1;3;362;32 AVENUE DES AUREATS;M;4490140;488410;260
201500020946;15;9;22;1544;1;2;1;1;6;362;36 COURS BOURVIL;M;4494620;491490;260
201500020947;15;8;6;815;1;2;1;1;6;362;AVENUE DE  VERDUN;M;4493810;489920;260
201500020948;15;9;24;1700;1;2;6;1;6;362;AV DOCTEUR SANTY;M;4491220;490880;260
201500020949;15;9;24;1745;1;2;1;1;2;362;AVENUE DE PROVENCE;M;0;0;260
201500020950;15;9;28;1515;1;2;1;1;6;362;AVENUE DE LA MARNE;M;4493540;489760;260
201500020951;15;10;17;1630;1;2;1;1;6;58;RUE JULIEN KEYSER;M;4493710;488880;260
201500020952;15;11;16;1808;5;2;1;1;6;362;AVENUE DE CHABEUIL;M;4492930;490830;260
201500020953;15;11;19;1140;1;2;1;1;5;362;178  AVENUE DE ROMANS;M;4493710;491190;260
201500020954;15;11;14;2046;5;2;2;1;3;362;BD JOHN FITZGERALD KENNE;M;4493650;491810;260
201500020955;15;11;28;2040;4;2;2;1;3;362;60 AVENUE DE CHABEUIL;M;4493140;490130;260
201500020956;15;11;29;1440;1;2;1;1;6;58;55 ROUTE D LYON;M;4494830;489310;260
201500020957;15;12;5;200;3;1;1;1;7;252;ROUTE DE BEAUVALLON;;;;260
201500020958;15;12;3;1035;1;2;1;1;6;362;54 AVENUE VICTOR  HUGO;M;4492810;488999;260
201500020959;15;10;23;838;1;1;1;1;6;362;7 BD BANCEL;M;4493040;489270;260
201500020960;15;12;12;1003;1;2;6;1;6;362;RUE DENIS PAPIN;M;4492220;489080;260
201500020961;15;2;5;900;1;2;1;1;6;37;RD 17 a 85 m du panneau;M;4405689;482116;840
201500020962;15;7;8;1615;1;2;1;1;3;37;av pierre de luxembourg;M;4405053;483550;840
201500020963;15;11;17;2200;3;1;1;1;6;27;;M;0;0;840
201500020964;15;1;22;1800;2;1;1;1;1;109;;M;0;0;60
201500020965;15;2;27;1415;1;2;1;1;4;126;RM6202;M;4382506;718960;60
201500020966;15;4;30;1115;1;1;1;1;7;25;;M;0;0;60
201500020967;15;6;14;1500;1;1;1;1;6;22;;M;0;0;60
201500020968;15;6;20;1815;1;1;1;1;7;34;;M;0;0;60
201500020969;15;7;15;800;1;2;1;1;1;46;71 corniche LAUGIER;M;0;0;60
201500020970;15;7;31;745;1;2;9;1;3;6;route de tourette-levens;M;0;0;60
201500020971;15;9;22;1900;1;1;1;1;1;117;;M;0;0;60
201500020972;15;10;5;1945;3;1;1;1;1;22;;M;0;0;60
201500020973;15;10;26;1700;1;1;1;1;2;46;;M;0;0;60
201500020974;15;11;6;1830;3;1;1;1;1;64;;M;0;0;60
201500020975;15;11;12;1800;3;1;1;1;7;126;;M;0;0;60
201500020976;15;2;6;1930;3;2;1;1;4;337;route des bruy?res;M;0;0;380
201500020977;15;3;31;1700;1;2;3;1;6;239;RD 1092/ch violette;M;4533013;555727;380
201500020978;15;4;8;800;1;2;1;1;1;133;ROUTE DES GORGES;M;4537135;561445;380
201500020979;15;5;23;1230;1;1;1;1;1;332;;M;0;0;380
201500020980;15;5;30;1230;1;2;1;1;1;194;Rue Bayard;M;0;0;380
201500020981;15;2;18;600;2;2;2;1;1;239;Rue des Pautes D1085;M;4532945;556917;380
201500020982;15;3;11;2245;3;2;1;1;7;133;chemin du neyroud;M;4535310;562051;380
201500020983;15;3;14;430;3;1;1;2;6;337;;M;0;0;380
201500020984;15;3;28;1415;1;2;1;8;3;105;691 RTE DE CHATREUSE;M;4540746;556253;380
201500020985;15;6;2;1945;1;1;1;1;2;84;;M;0;0;380
201500020986;15;7;18;2045;2;1;1;1;3;239;;M;0;0;380
201500020987;15;7;29;645;2;1;1;1;5;239;;M;0;0;380
201500020988;15;9;5;445;3;1;1;1;1;337;;M;0;0;380
201500020989;15;9;27;300;5;2;1;1;6;239;Av Marius Chorot;M;4532699;557302;380
201500020990;15;10;3;330;5;2;1;1;6;337;123 ROUTE DE BAS RIVES;M;0;0;380
201500020991;15;10;11;1500;1;1;1;1;3;332;;M;0;0;380
201500020992;15;10;23;830;1;1;1;1;6;337;;M;0;0;380
201500020993;15;10;30;345;3;2;1;5;6;105;route du Marais;M;0;0;380
201500020994;15;11;4;1730;2;1;1;1;6;194;;M;0;0;380
201500020995;15;11;6;815;1;1;1;1;1;105;;M;4542757;556271;380
201500020996;15;11;20;1645;2;1;2;2;6;400;;M;4534963;559554;380
201500020997;15;12;5;815;1;1;4;5;2;30;;M;4535873;547023;380
201500020998;15;4;29;1145;1;2;6;1;6;283;Chemin du Charbonnier;M;0;0;690
201500020999;15;5;8;1845;2;1;1;3;3;283;;M;0;0;690
201500021000;15;5;28;1900;1;2;1;1;6;283;rue du 19 mars 1962;M;0;0;690
201500021001;15;9;10;1715;1;2;1;1;3;283;81 route de Corbas;M;0;0;690
201500021002;15;10;19;1245;1;2;1;1;6;283;rue Dumont d'Urville;M;0;0;690
201500021003;15;3;7;1745;1;2;1;1;6;397;rue de Guyzelin, GUINES;M;5086655;186464;620
201500021004;15;3;24;815;1;1;1;1;1;408;;M;5085407;181916;620
201500021005;15;6;11;1715;1;2;1;1;4;397;rue Aristide Brian;M;5087272;186968;620
201500021006;15;7;22;1430;1;2;1;1;1;408;Route dйpartementale 127;M;5091229;187444;620
201500021007;15;8;14;1530;1;2;1;1;3;161;;M;5082630;190269;620
201500021008;15;12;15;1730;5;2;9;2;6;334;rue de la ville RD232;M;5082512;182096;620
201500021009;15;2;21;1900;5;2;6;2;6;86;Avenue du 85? de ligne;M;0;0;580
201500021010;15;6;4;1315;1;1;1;1;3;251;;M;0;0;580
201500021011;15;12;10;1930;3;1;1;8;6;209;;M;0;0;580
201500021012;15;3;23;345;3;1;1;1;6;101;;M;4762100;116200;410
201500021013;15;4;3;1715;1;1;1;1;2;8;;M;4774600;152700;410
201500021014;15;5;4;1500;1;1;1;8;2;252;;M;4770500;145200;410
201500021015;15;5;10;2215;3;1;1;1;7;206;;M;4763200;135500;410
201500021016;15;5;23;830;1;1;1;1;7;114;;M;4774700;153800;410
201500021017;15;7;13;1545;1;1;1;7;6;223;;M;4761707;121396;410
201500021018;15;7;15;615;1;1;1;1;7;252;;M;4768393;141644;410
201500021019;15;7;22;1430;1;1;1;1;2;101;;M;4761536;116029;410
201500021020;15;7;27;600;2;1;1;1;5;136;;M;4772209;149170;410
201500021021;15;7;19;1915;1;1;1;1;2;91;;M;4761804;126537;410
201500021022;15;8;4;1945;1;1;1;7;2;245;;M;4774253;153066;410
201500021023;15;8;14;745;1;1;1;1;2;252;;M;4768060;140859;410
201500021024;15;8;22;845;1;1;1;1;3;136;;M;4771283;147099;410
201500021025;15;8;28;630;2;1;1;2;2;252;;M;4769289;143489;410
201500021026;15;9;7;2300;3;1;1;1;2;288;;M;4765771;138118;410
201500021027;15;1;12;1030;1;2;1;1;6;229;BRIAND (AVENUE ARISTI;M;4900457;111312;270
201500021028;15;2;17;1330;1;2;9;1;3;229;1, LEPOUZE (RUE);M;4902558;155669;270
201500021029;15;10;21;440;5;2;2;1;1;229;VERNON (RUE DE);M;4902880;116644;270
201500021030;15;3;23;1150;1;2;1;1;6;229;59, MONDUIT (RUE HENRI);M;4902900;113582;270
201500021031;15;3;20;2155;5;2;2;1;3;229;ROOSEVELT (RUE FRANKLIN;M;4902081;115657;270
201500021032;15;11;6;2110;3;1;1;1;1;299;NETREVILLE (RUE DE);M;4904319;117220;270
201500021033;15;3;26;1245;1;1;1;1;2;229;PORTEVIN (RUE);M;4901515;114992;270
201500021034;15;11;20;1940;5;2;1;1;1;229;17, SAINT THOMAS (RUE);M;4902717;114694;270
201500021035;15;4;4;535;5;2;1;1;6;229;CONCHES (ROUTE DE);M;4901751;111473;270
201500021036;15;12;4;1620;1;2;2;1;3;229;ALLENDE (BOULEVARD DU PR;M;4900340;114807;270
201500021037;15;4;18;2125;2;2;2;1;3;229;2, BORVILLE DUPUIS (RUE);M;4902764;115199;270
201500021038;15;4;23;1320;1;2;1;1;3;229;62 SAINT ANDRE (ROUTE DE;M;4901244;116517;270
201500021039;15;5;18;850;1;2;1;1;1;229;1, JARDIN BOTANIQUE (RUE;M;4902191;148959;270
201500021040;15;6;10;1455;1;2;1;1;6;229;1, CARTIER (RUE JACQUES);M;4902666;117617;270
201500021041;15;6;25;935;1;2;1;1;6;229;1, LUXEMBOURG (RUE DU);M;4903366;118492;270
201500021042;15;7;1;1925;1;2;6;1;3;229;VULCAIN (RUE);M;4902044;118200;270
201500021043;15;7;14;1840;1;2;1;1;6;229;HARPE (RUE DE LA);;;;270
201500021044;15;7;20;1425;1;2;2;1;3;229;rue de la Sablonniиre;M;4901073;115220;270
201500021045;15;7;28;900;1;1;1;1;5;229;CONCHES (ROUTE DE);M;4901403;110719;270
201500021046;15;8;25;1720;1;2;1;1;3;229;CITES UNIES (BOULEVARD D;M;4901148;114175;270
201500021047;15;9;1;2155;5;2;1;1;6;229;20, OURSEL (RUE DU DOCTE;M;4902687;114875;270
201500021048;15;9;3;925;1;2;1;1;6;229;22BIS, CORBEAU (RUE CHAR;M;4902502;115317;270
201500021049;15;9;5;1940;2;2;1;1;6;229;NORMANDIE (BOULEVARD DE);M;4902231;113577;270
201500021050;15;10;4;955;1;2;3;1;3;229;PASTEUR (BOULEVARD);M;4902617;115831;270
201500021051;15;9;8;1730;1;1;1;1;3;353;;M;4810496;-174133;350
201500021052;15;10;3;630;5;2;1;1;4;353;RN24 - route de Lorient;M;4810508;-173585;350
201500021053;15;3;29;1930;1;1;3;2;2;326;;M;4911467;425343;510
201500021054;15;1;10;1530;1;2;3;2;6;701;12 VOIE DE LA NATION;M;4926809;121166;270
201500021055;15;2;26;830;2;2;1;2;1;375;45, CHURCHILL (AVENUE WI;M;4922746;116856;270
201500021056;15;1;29;1505;1;2;1;1;6;375;CHAMP DE VILLE (PLACE DU;M;4921056;116561;270
201500021057;15;3;29;1405;1;2;1;2;6;375;1, HALLE AUX DRAPIERS (P;M;4921110;116942;270
201500021058;15;4;1;735;1;2;3;1;3;701;1, RD 6015;M;4925411;117667;270
201500021059;15;4;16;810;1;2;3;1;3;701;CHAUSSE DU VEXIN;M;4925780;118603;270
201500021060;15;6;25;1700;1;2;6;1;4;375;1, TABARLY (VOIE ERIC);M;4920940;117975;270
201500021061;15;6;16;2050;2;2;3;1;3;701;1, FALAISES (ROUTE DES);M;4926120;119869;270
201500021062;15;7;3;1515;1;1;1;1;6;701;ORMET (VOIE DE L');M;4924483;123783;270
201500021063;15;11;28;1625;2;2;3;1;3;701;NATION (VOIE DE LA);M;4926893;121165;270