num_acc;an;mois;jour;hrmn;lum;agg;int;atm;col;com;adr;gps;lat;long;dep
201500021064;15;5;29;2000;1;1;1;1;3;229;;M;4534800;533800;380
201500021065;15;2;6;1945;3;1;1;1;2;543;;M;4920030;-48561;140
201500021066;15;2;7;650;3;1;1;1;7;342;;M;4930810;-110905;140
201500021067;15;4;7;1930;1;1;1;1;3;380;;M;4923060;-57248;140
201500021068;15;5;15;900;1;1;1;1;6;98;;M;4920820;-51296;140
201500021069;15;6;7;1915;1;1;1;1;2;98;;M;4920750;-51049;140
201500021070;15;6;10;1500;1;1;2;1;3;577;;M;4926870;-55895;140
201500021071;15;6;16;830;1;1;1;1;1;630;;M;4924970;-66552;140
201500021072;15;6;16;1730;1;1;1;1;1;436;;M;4925380;-69911;140
201500021073;15;8;2;545;2;1;1;1;6;98;;M;4922680;-53004;140
201500021074;15;8;23;1515;1;1;1;1;6;453;;M;4931000;-82869;140
201500021075;15;9;14;620;3;1;1;1;2;380;;M;4922760;-56392;140
201500021076;15;2;10;1445;1;2;1;1;1;95;41 avenue de boutiny;M;4364150;687896;60
201500021077;15;6;3;1945;1;2;1;1;1;95;19 avenue funel;M;0;0;60
201500021078;15;7;25;300;5;2;1;1;6;137;Route de Cabris;M;0;0;60
201500021079;15;12;18;745;2;2;1;1;3;95;route de draguignan;M;0;0;60
201500021080;15;1;2;1715;5;2;1;1;6;95;32 CHEMIN DU STADE;M;4363860;687423;60
201500021081;15;1;29;1630;1;2;1;1;3;95;RD2562 int Ave Belletrud;M;4363737;686231;60
201500021082;15;2;14;1415;1;2;1;3;6;95;15 rte des cinq communes;M;4364664;688950;60
201500021083;15;12;18;745;2;1;1;1;3;95;;M;0;0;60
201500021084;15;5;6;1830;1;1;1;1;5;81;;M;0;0;390
201500021085;15;7;8;1315;1;1;1;1;5;439;;M;0;0;390
201500021086;15;8;24;1530;1;1;1;2;5;208;;M;0;0;390
201500021087;15;10;27;745;1;2;1;1;6;97;33 rue stephen PICHON;M;0;0;390
201500021088;15;2;16;1655;1;2;3;1;3;1;CHAMBRAY (ROUTE DE);M;4909295;145514;270
201500021089;15;11;7;1530;1;2;1;1;2;681;JAURES (BOULEVARD JAURES;M;4909559;146587;270
201500021090;15;11;7;855;1;1;1;1;1;681;GISORS (ROUTE DE);M;4911524;139449;270
201500021091;15;4;9;1040;1;2;3;1;6;681;BARETTE (PLACE);M;;;270
201500021092;15;11;7;1725;2;2;3;1;6;681;ILE DE FRANCE (AVENUE DE;M;4908652;149669;270
201500021093;15;4;21;1130;1;2;3;1;6;681;44, CARNOT (RUE);M;4909351;148572;270
201500021094;15;5;15;240;3;1;1;1;6;681;ROUTE DEPARTEMENTALE 313;;;;270
201500021095;15;6;19;2040;1;2;1;1;1;681;22, SAINT MARCEL (RUE DE;M;4909017;146357;270
201500021096;15;7;10;1640;1;2;3;1;3;681;AZEMIA (BOULEVARD GEORGE;M;4907906;148829;270
201500021097;15;8;1;1555;1;1;3;1;3;681;20, SAINT LAZARE (RUE);M;4909559;147775;270
201500021098;15;9;11;1610;1;2;3;1;3;681;DEVOS (BOULEVARD JULIEN);M;4908817;147264;270
201500021099;15;9;24;1435;1;2;1;1;6;681;VALMEUX (CHEMIN DES);M;4908038;148455;270
201500021100;15;9;26;1130;1;1;3;1;6;681;REPUBLIQUE (PLACE DE LA);M;4909018;148503;270
201500021101;15;10;31;1555;1;2;6;7;6;681;CAPUCINS (AVENUE DES);M;4909100;146928;270
201500021102;15;3;6;1500;1;1;3;1;3;222;;M;4623559;-112529;170
201500021103;15;3;16;1015;1;1;1;1;1;153;;M;4623973;-110635;170
201500021104;15;3;28;2015;3;1;1;8;6;629;;M;4738200;639600;250
201500021105;15;5;19;900;1;1;1;1;3;370;;M;4745400;678600;250
201500021106;15;7;31;1600;1;1;1;1;5;156;;M;4741700;651700;250
201500021107;15;9;20;1300;1;1;9;1;6;519;;M;4731600;681000;250
201500021108;15;9;19;2230;3;1;1;3;6;629;;M;4738800;641900;250
201500021109;15;10;15;1200;1;1;1;2;3;595;;M;4735272;658335;250
201500021110;15;12;8;815;1;1;1;9;1;315;;M;4740200;658600;250
201500021111;15;1;31;1030;1;1;6;1;6;458;Route de Marcoussis;M;4865600;224100;910
201500021112;15;3;22;1800;1;2;1;1;1;363;33 bis rue alfred dubois;M;4864500;223700;910
201500021113;15;4;1;115;5;2;7;1;6;363;place de la Republique;M;4864400;224000;910
201500021114;15;4;12;1945;1;2;1;1;6;458;rue claude monet;M;0;0;910
201500021115;15;4;30;745;1;1;6;2;3;666;RD 59;M;0;0;910
201500021116;15;5;9;2030;1;2;1;1;1;665;89 rue des joncs marins;M;0;0;910
201500021117;15;6;30;745;1;2;1;1;6;458;rue du temple;M;4866400;224500;910
201500021118;15;9;16;900;1;2;1;3;1;458;Route de Villejust;M;4867300;223700;910
201500021119;15;12;30;1330;1;1;1;1;3;363;RD3;M;4865600;219400;910
201500021120;15;6;27;715;1;1;1;1;6;462;;M;4973093;146126;760
201500021121;15;10;24;1845;2;1;1;1;3;621;;M;4965827;129152;760
201500021122;15;11;6;1630;2;1;1;8;6;621;;M;4966292;130652;760
201500021123;15;12;9;745;2;1;1;2;2;244;;M;4970270;136861;760
201500021124;15;1;24;1015;1;1;1;2;6;202;2X2 VOIE PR 49+900;M;4588340;108618;870
201500021125;15;8;21;1130;1;1;1;1;2;148;;M;4572650;134378;870
201500021126;15;8;24;630;3;1;1;2;5;19;;M;4574580;134037;870
201500021127;15;10;15;2145;3;1;1;1;7;154;;M;4590490;94249;870
201500021128;15;11;7;1130;1;1;1;1;6;88;;M;4560540;144717;870
201500021129;15;11;18;715;2;1;1;2;4;19;;M;4574490;134042;870
201500021130;15;11;19;845;1;1;1;9;2;148;;M;4573750;134035;870
201500021131;15;11;27;1500;1;1;1;1;6;119;;M;4573270;134038;870
201500021132;15;1;12;1430;1;1;1;1;3;123;FONT CROZE;M;4518110;157312;190
201500021133;15;1;14;1145;1;1;1;8;2;129;SENS TOULOUSE - PARIS;M;4552470;151484;190
201500021134;15;2;21;1645;1;1;1;4;4;162;SENS TOULOUSE - PARIS;M;4534930;156977;190
201500021135;15;6;16;100;3;1;1;2;1;31;zone de travaux A20;M;4513826;149064;190
201500021136;15;7;14;1330;1;1;1;1;6;248;SENS TOULOUSE > PARIS;M;4543370;151259;190
201500021137;15;10;21;730;3;1;1;1;2;248;SENS TOULOUSE / PARIS;M;4545390;150924;190
201500021138;15;12;8;1315;1;1;1;1;1;274;LE VERGIS;M;4520090;151153;190
201500021139;15;6;9;715;1;1;1;1;1;123;;M;0;0;590
201500021140;15;7;11;1300;1;1;1;1;7;266;Route dйpartementale;M;5053398;297128;590
201500021141;15;11;26;1815;3;1;1;1;1;462;;M;0;0;590
201500021142;15;12;19;1700;2;1;1;1;3;145;;M;0;0;590
201500021143;15;12;11;1110;1;2;1;1;6;85;CHASLES (BOULEVARD);M;4844245;148837;280
201500021144;15;12;26;655;5;2;3;1;6;85;34, BOIS MERRAIN (RUE DU;M;4844448;148510;280
201500021145;15;12;16;1730;1;1;1;1;6;85;HUGO (AVENUE VICTOR);M;4844012;151197;280
201500021146;15;1;5;755;5;2;1;5;6;220;KENNEDY (John Fitzerald;M;4842845;146743;280
201500021147;15;1;7;1220;1;2;1;1;6;85;31, PEGUY (BOULEVARD CHA;M;4844923;148340;280
201500021148;15;1;8;1630;1;2;2;2;3;220;LECLERC (RUE DU MARECHAL;M;4842594;145678;280
201500021149;15;1;9;1830;5;2;5;1;6;85;10, DROUAISE (PLACE);M;4845334;148837;280
201500021150;15;1;10;1605;1;2;1;2;6;209;8, PAIX (AVENUE DE LA );M;4846853;148021;280
201500021151;15;1;24;1135;1;2;3;1;3;218;BEAUCE (RUE DE);M;4843383;145751;280
201500021152;15;1;25;1815;3;1;1;1;1;229;RN 1154;M;4846879;146510;280
201500021153;15;1;26;815;1;2;1;2;1;85;0.0001, SEMARD (PLACE PI;M;4844793;148177;280
201500021154;15;1;26;1315;1;2;1;2;3;218;VIOLETTE (RUE MAURICE);M;4843165;147049;280
201500021155;15;1;28;1635;1;2;1;2;6;85;39, PEGUY (BOULEVARD CHA;M;4844949;148357;280
201500021156;15;1;10;1815;5;2;2;3;3;85;FAUBOURG LA GRAPPE (RUE;M;4843773;150409;280
201500021157;15;1;10;2030;5;2;2;1;3;218;GASCOGNE (DE);M;4843157;144549;280
201500021158;15;1;29;1920;5;2;1;2;6;218;EUROPE (AVENUE DE L');M;4843803;145229;280
201500021159;15;1;29;1650;1;2;3;2;6;85;21, CHASLES (BOULEVARD);M;4844264;148651;280
201500021160;15;1;31;1500;1;1;1;2;1;70;PAIX rue de la;M;4846122;150529;280
201500021161;15;1;31;1650;1;2;2;1;5;218;KENNEDY (RUE JOHN);M;4842934;146631;280
201500021162;15;1;19;1340;1;2;1;1;2;85;12, POILLOT (RUE EDMOND);M;4843673;151528;280
201500021163;15;2;1;1104;1;2;1;4;6;85;84, INTERMARCHE (GRAND F;M;4844248;147833;280
201500021164;15;2;1;1809;3;1;1;9;7;209;RD 339;M;4847837;147171;280
201500021165;15;2;3;1430;1;1;6;1;4;110;RN 123 (ROCADE);M;4842779;151460;280
201500021166;15;2;4;1325;1;1;1;1;2;229;RN 1154;M;4844901;144143;280
201500021167;15;2;4;1900;3;1;1;1;7;85;FRESNAY (RUE DE);M;4846172;147452;280
201500021168;15;2;5;1710;1;1;1;4;6;85;PARIS (ROUTE DE);M;4845477;153526;280
201500021169;15;2;9;750;2;2;3;1;3;85;PATTON (RUE DU GENERAL);M;4844182;147587;280
201500021170;15;2;4;2045;5;2;1;1;2;220;15, MAUNOURY (MAURICE);M;4843552;147900;280
201500021171;15;2;12;800;2;2;1;5;4;85;51, FAUBOURG LA GRAPPE (;M;4844254;150030;280
201500021172;15;2;13;1940;5;2;2;8;2;70;PIGEON VOYAGEUR (rue du);M;4845768;149658;280
201500021173;15;2;14;1945;3;1;1;3;5;229;D939;M;4846541;142309;280
201500021174;15;2;17;1210;1;2;1;1;2;229;PHILIPPE (AVENUE GERARD);M;4845424;145610;280
201500021175;15;2;18;900;1;2;1;1;7;85;24, FOCH (BOULEVARD DU M;M;4844889;149252;280
201500021176;15;2;18;827;1;2;1;1;6;220;43, AVENUE DE LA REPUBLI;M;4842442;147056;280
201500021177;15;2;18;1300;1;1;1;1;7;229;RN 1154;M;4846550;145924;280
201500021178;15;2;14;1140;1;1;1;1;6;229;PHILIPPE (AVENUE GERARD);M;4845331;145435;280
201500021179;15;2;18;2135;3;1;1;1;7;110;ROUTE NATIONALE 123;M;4842170;151061;280
201500021180;15;2;19;1735;1;2;3;1;3;110;NEANT, GAUDINIERES (RUE;M;4842074;148883;280
201500021181;15;2;20;850;1;2;1;2;4;85;FOCH (BOULEVARD DU MAREC;M;4844866;149267;280
201500021182;15;2;20;1145;1;2;1;2;5;85;23, BAS BOURGS (RUE DES);M;4843966;149502;280
201500021183;15;2;20;2335;5;2;1;2;7;220;NON RENSEI, GEORGES CLEM;M;4843192;147250;280
201500021184;15;2;22;450;5;2;1;8;6;85;11, RECHEVRES (CITE - RU;M;4845328;148052;280
201500021185;15;2;24;1620;1;2;1;2;1;85;MITTERAND ( rue Fran?ois;M;4843823;151125;280
201500021186;15;2;25;910;1;2;3;2;3;85;PROUST (AVENUE MARCEL);M;4845122;152796;280
201500021187;15;2;25;1135;1;1;1;2;3;220;ROUTE NATIONALE 123;M;4841618;146787;280
201500021188;15;2;25;1935;5;2;1;2;2;85;80, MAUNOURY (RUE DU DOC;M;4844094;148266;280
201500021189;15;2;12;1615;1;2;1;1;6;85;PEGUY (BOULEVARD CHARLES;M;4845113;148564;280
201500021190;15;2;27;1615;1;2;1;1;6;85;PEGUY (BOULEVARD CHARLES;M;4845039;148458;280
201500021191;15;3;2;620;5;1;6;2;3;85;SOURS (ROND POINT ROUTE;M;4843883;152169;280
201500021192;15;3;2;750;2;2;6;1;3;229;PHILIPPE (AVENUE GERARD);M;4844729;145128;280
201500021193;15;3;4;1355;1;2;6;1;3;229;PHILIPPE (AVENUE GERARD);M;4844725;145121;280
201500021194;15;3;9;1345;1;1;1;1;4;85;rd 939;M;4843277;154238;280
201500021195;15;3;13;1115;1;2;1;1;3;85;08, SAINT JEAN (place);M;4844998;148306;280
201500021196;15;3;15;1045;1;2;2;1;3;218;LECLERC (RUE DU MARECHAL;M;4843100;146386;280
201500021197;15;3;17;1340;1;2;1;1;6;85;VIOLETTE (BOULEVARD MAUR;M;4844556;148357;280
201500021198;15;3;18;1745;1;2;1;1;3;218;90, FOREAU (RUE FRANCOIS;M;4843560;146334;280
201500021199;15;3;19;2120;5;2;2;1;3;218;18, VARLET (RUE GEORGES);M;4843800;146200;280
201500021200;15;3;24;1645;1;2;1;3;7;85;22, LAUNAY (RUE DE);M;4843318;149817;280
201500021201;15;3;25;1520;1;1;1;1;6;110;VOVES (RUE DE) (D29);M;4841683;150230;280
201500021202;15;3;27;2108;5;2;1;1;6;85;15, FAUBOURG LA GRAPPE (;M;4844473;149738;280
201500021203;15;3;29;20;5;2;1;2;7;85;30, COURTILLE (BOULEVARD;M;4844199;149310;280
201500021204;15;3;30;1955;1;2;2;1;3;85;EPARGNE (RUE DE L');M;4844948;147809;280
201500021205;15;3;31;845;1;2;2;2;6;85;58BIS, COURTILLE (BOULEV;M;4844497;149647;280
201500021206;15;3;31;1715;1;2;1;1;2;220;MARCEAU (RUE);M;4842684;147251;280
201500021207;15;3;22;2145;5;2;1;2;7;85;35, TUILERIE (RUE DE LA);M;4844459;148149;280
201500021208;15;4;2;730;1;2;1;2;6;229;18, QUATORZE JUILLET (RU;M;4845070;146951;280
201500021209;15;4;2;800;1;2;1;1;3;85;23, BAS BOURGS (RUE DES);M;4843961;149499;280
201500021210;15;4;2;1715;1;2;1;3;6;85;38, BALLAY (RUE NOEL);M;4844501;148524;280
201500021211;15;4;4;1110;1;1;3;8;2;70;D823;M;4846932;152412;280
201500021212;15;4;14;1440;1;2;1;1;3;218;120, REPUBLIQUE (RUE DE;M;4843935;146058;280
201500021213;15;4;15;910;1;1;9;1;6;110;RN 123 (ROCADE);M;4841573;150127;280
201500021214;15;4;13;1210;1;1;1;1;3;229;COUBERTIN (RUE PIERRE DE;M;4844740;146755;280
201500021215;15;4;17;1220;1;2;1;1;2;85;121, BOURGNEUF (RUE DU);M;4846312;148170;280
201500021216;15;4;18;1300;1;2;3;1;1;218;2, ECOLES (RUE DES);M;4843973;146319;280
201500021217;15;4;18;1530;1;2;1;1;1;209;09, CHACATIERE (RUE DE L;M;4847039;147818;280
201500021218;15;4;20;1340;1;2;1;1;6;218;93, FOREAU (RUE FRANCOIS;M;4843479;146834;280
201500021219;15;4;20;1615;1;2;1;1;6;220;01, BOUIN (Jean);M;4841909;147287;280
201500021220;15;4;22;1435;1;2;1;1;3;85;34, FAUBOURG LA GRAPPE (;M;4844235;150025;280
201500021221;15;4;23;900;1;2;1;1;6;209;PAIX (AVENUE DE LA );M;4846396;148124;280
201500021222;15;4;29;1530;1;2;1;1;3;85;2, FOUCHER DE CHARTRES (;M;4844348;151653;280
201500021223;15;4;30;920;1;2;1;2;6;85;15, MAUNOURY (RUE DU DOC;M;4844286;148323;280
201500021224;15;4;30;1855;1;1;1;2;2;229;PHILIPPE (AVENUE GERARD);M;4845032;145209;280
201500021225;15;5;1;1145;1;1;1;2;7;229;RN 1154;M;4844752;143936;280
201500021226;15;5;9;1750;1;2;1;1;1;85;MENDES FRANCE (RUE PIERR;M;4844246;149454;280
201500021227;15;5;10;1440;1;1;1;1;4;110;RN 123 (ROCADE);M;4842683;151458;280
201500021228;15;5;13;1515;1;2;1;1;5;85;51, PATTON (RUE DU GENER;M;4844106;147277;280
201500021229;15;5;13;1446;1;1;3;1;3;220;67, PASTEUR ( Louis);M;4841882;147776;280
201500021230;15;5;14;220;5;2;1;1;6;229;18, HUGO (AVENUE VICTOR);M;4844845;146414;280
201500021231;15;5;14;850;1;2;1;1;6;85;2, ROULIERS (RUE DES);M;4844664;150319;280
201500021232;15;5;16;205;5;2;2;1;6;85;PICHARD (RUE JOSEPH);M;4844934;152080;280
201500021233;15;5;18;1635;1;2;1;1;4;85;PEGUY (BOULEVARD CHARLES;;;;280
201500021234;15;5;18;1525;1;2;1;1;6;85;19, BRIAND (RUE ARISTIDE;M;4844505;152088;280
201500021235;15;5;19;1450;1;2;1;1;3;110;20, VOVES (RUE DE) (D29);M;4842907;149286;280
201500021236;15;5;20;1415;1;1;2;1;3;229;D105;M;4845712;145964;280
201500021237;15;5;21;1625;1;1;3;1;2;209;RD 1154;M;4848646;147442;280
201500021238;15;5;21;2000;1;2;3;1;2;218;REPUBLIQUE (RUE DE LA);M;4843819;145359;280
201500021239;15;5;23;2240;5;2;1;1;6;85;KOENIG (RUE DU GENERA)L;M;4844534;148307;280
201500021240;15;5;28;800;1;1;1;1;2;110;RN 123 (ROCADE);;;;280
201500021241;15;5;30;1850;1;2;1;1;6;229;31, JAURES (RUE JEAN);M;4845290;146114;280
201500021242;15;6;2;835;1;2;1;1;6;85;HUGO (AVENUE VICTOR);M;4844003;151210;280
201500021243;15;6;4;1120;1;2;1;1;1;85;90, LA GRAPPE (FAUBOURG);M;4843812;843812;280
201500021244;15;6;5;1240;1;2;3;1;2;85;41, MAUNOURY (RUE DU DOC;M;4844143;148281;280
201500021245;15;6;2;1224;1;2;1;1;2;218;38, LECLERC (RUE DU MARE;M;4843403;146746;280
201500021246;15;6;7;1825;1;1;1;1;7;229;D939;M;4845724;144948;280
201500021247;15;6;8;1045;1;2;1;1;7;85;26, ALIGRE (AVENUE D');M;4845545;148880;280
201500021248;15;6;10;1400;1;1;1;1;6;110;RN 123 (ROCADE);M;4841582;150183;280
201500021249;15;6;12;1630;1;1;1;1;1;70;SAINT PREST (RUE DE);M;4846901;150788;280
201500021250;15;6;12;1145;1;1;1;1;1;220;ROUTE NATIONALE 123;M;4841615;146707;280
201500021251;15;6;14;620;1;2;1;1;1;85;CHAISES (RUE DES);M;4843310;150343;280
201500021252;15;6;13;850;1;2;1;1;4;85;8, INTERMARCHE (RUE DU G;M;4843270;149258;280
201500021253;15;6;16;820;1;1;1;1;2;110;RN 123 (ROCADE);M;4844058;152198;280
201500021254;15;6;16;1530;1;2;1;1;6;85;9, ANE REZ (RUE DE L');M;4844404;149348;280
201500021255;15;6;11;955;1;2;1;1;6;85;SAINT JACQUES (RUE);M;4845002;148620;280
201500021256;15;6;17;1120;1;2;9;1;6;218;0, BECASSE (RUE);M;4844167;146794;280
201500021257;15;6;18;1540;1;2;1;2;2;85;PEGUY (BOULEVARD CHARLES;M;4845035;148466;280
201500021258;15;6;20;1855;1;2;1;1;6;209;70, LONGSAULT(RUE);M;4846758;149248;280
201500021259;15;6;21;1140;1;2;1;1;7;85;FELIBIEN (RUE);M;4844830;148240;280
201500021260;15;6;21;1810;1;2;4;1;2;85;32, FAUBOURG LA GRAPPE (;;;;280
201500021261;15;6;26;1408;1;2;1;1;6;85;30, CHASLES (BOULEVARD);M;4844301;148562;280
201500021262;15;6;28;1950;1;1;3;1;6;85;20, VILLAINES (rue de);M;4843644;148357;280
201500021263;15;6;29;1525;1;2;2;1;3;85;VERDUN (AVENUE DE);M;4845670;147414;280
201500021264;15;7;3;1915;1;2;1;1;7;218;TAYE (RUE DE LA);M;4842805;144629;280
201500021265;15;7;5;1630;1;2;1;1;1;229;90, RESISTANCE (AVENUE D;M;4845024;146857;280
201500021266;15;7;5;2035;1;2;1;1;6;218;5, MANTEAU JAUNE (RUE DU;M;4844029;145639;280
201500021267;15;7;6;1515;1;2;1;1;6;220;RIBOUCHES (RUE DES);M;4841850;146197;280
201500021268;15;7;6;815;1;2;7;1;7;85;0, SEMARD (PLACE PIERRE);M;4844788;148172;280
201500021269;15;7;14;2055;1;1;1;1;2;229;0, RN 1154;M;4843918;143110;280
201500021270;15;7;16;955;1;2;2;1;3;85;37, BRETIGNY (RUE DE);M;4844059;150696;280
201500021271;15;7;23;1915;1;2;3;1;3;110;RN 123 (ROCADE);;;;280
201500021272;15;8;30;1210;1;2;6;1;1;229;CHATEAU D'EAU (RUE DU);M;4845024;145211;280
201500021273;15;9;4;1150;1;1;1;1;3;209;139, PAIX (AVENUE DE LA;M;4848063;147965;280
201500021274;15;9;3;805;1;2;2;1;3;70;CHARLES PEGUY (Rue);M;4846084;149522;280
201500021275;15;9;21;820;1;2;3;1;1;70;SAINT PERE EN VALLEE (Ru;M;4846499;150491;280
201500021276;15;9;9;1220;1;2;1;1;1;218;ECOLES (RUE DES);M;4844277;146374;280
201500021277;15;9;9;750;1;2;1;1;6;229;MACE (PLACE JEAN);M;4844785;146404;280
201500021278;15;11;17;725;5;2;2;2;3;218;REPUBLIQUE (AVENUE DE LA;M;4844063;147076;280
201500021279;15;11;6;1450;1;2;4;2;7;85;VERDUN (AVENUE DE);M;4845361;147322;280
201500021280;15;11;3;1630;1;2;1;1;6;85;75, GRAND FAUBOURG (RUE;M;4844259;147869;280
201500021281;15;12;27;1400;1;2;1;1;6;85;67, FAUBOURG LA GRAPPE (;M;4844147;150067;280
201500021282;15;2;21;1730;1;1;1;3;5;3;;M;4612400;389100;420
201500021283;15;3;5;700;1;1;1;1;7;194;;M;4625002;384189;420
201500021284;15;4;5;845;1;1;1;1;1;231;;M;4610175;397643;420
201500021285;15;4;16;1030;1;2;1;1;6;49;60 rue Philippe PICARD;M;4614219;389104;420
201500021286;15;4;18;1500;1;1;1;1;1;231;;M;4611038;397773;420
201500021287;15;6;30;1210;1;1;1;1;1;257;;M;4620197;382910;420
201500021288;15;6;30;845;1;2;6;1;3;176;rue du forez;M;4603865;398139;420
201500021289;15;7;2;1815;1;1;1;1;1;231;;M;4610217;395539;420
201500021290;15;8;21;1230;1;1;3;1;1;284;;M;4606956;397774;420
201500021291;15;9;6;1300;1;1;1;1;1;220;;M;4612876;391708;420
201500021292;15;9;9;800;1;1;1;1;2;199;;M;4603538;393504;420
201500021293;15;10;25;1345;1;2;1;1;6;233;263 RTE CROIX DU SUD;M;4607457;390489;420
201500021294;15;11;1;1000;1;2;1;1;6;157;route de St Germain;M;4613628;401268;420
201500021295;15;12;30;2230;3;1;1;2;6;404;RN 154;;;;280
201500021296;15;1;23;2300;5;2;6;1;6;404;EUROPE (BD DE L');M;4871906;136871;280
201500021297;15;2;10;1930;1;2;1;1;7;134;DELESCLUZE (BOULEVARD);M;4872806;137194;280
201500021298;15;2;12;810;1;2;1;5;2;134;DUNANT (RUE HENRI);M;4873730;138798;280
201500021299;15;2;20;1600;1;1;1;1;6;1;RN 154;M;4869415;137821;280
201500021300;15;2;21;1430;1;1;2;1;5;134;RN 12 (CARREFOUR DELISLE;M;4874602;136541;280
201500021301;15;2;23;2255;5;1;2;1;2;134;RN 12 (CARREFOUR DELISLE;M;4874608;136537;280
201500021302;15;3;2;1725;1;2;1;1;6;134;LECLERC (AVENUE DU GENER;M;4874063;138338;280
201500021303;15;3;28;650;3;1;1;2;1;404;RN 154;M;4870056;137459;280
201500021304;15;4;5;1810;1;2;2;1;6;134;DEGAS (RUE EDGAR);;;;280
201500021305;15;4;14;1425;1;2;6;1;2;404;RN 154;;;;280
201500021306;15;5;11;1700;1;2;1;1;2;134;170, SAINT THIBAULT (RUE;M;4873348;134968;280
201500021307;15;6;5;1900;1;2;1;8;1;134;16, BOIS SABOT (RUE DU);M;4873726;136148;280
201500021308;15;6;11;1620;1;2;1;1;2;404;ROCADE OUEST;;;;280
201500021309;15;6;21;1755;1;2;1;1;3;404;VOLHARD (CHEMIN DE);M;4871691;135542;280
201500021310;15;6;25;1545;1;2;2;1;6;134;86, LIEVRE D'OR (RUE DU);M;4873659;138869;280
201500021311;15;7;1;1720;1;2;1;1;7;134;GUE AUX ANES (RUE DU);M;4874534;138741;280
201500021312;15;7;24;1715;1;1;1;2;1;404;RN 154;M;0;137791;280
201500021313;15;7;28;1300;1;2;1;1;3;134;PASTEUR (BOULEVARD);M;4873440;137624;280
201500021314;15;7;31;715;1;2;1;1;7;134;11, LIVRAINDIERES (RUE D;M;4874843;135916;280
201500021315;15;8;8;2105;1;2;1;1;6;134;BARRIER (RUE DU GENERAL;M;4873967;133931;280
201500021316;15;9;18;1930;1;1;1;2;5;404;RN 154;M;4870960;136957;280
201500021317;15;9;24;1735;1;2;1;1;3;134;FENOTS (AVENUE DES);;;;280
201500021318;15;9;26;1840;1;2;1;9;6;404;CRECY (ROUTE DE);M;4873200;134032;280
201500021319;15;10;16;730;5;2;2;2;3;404;, CRECY (ROUTE DE);M;4872725;133264;280
201500021320;15;10;18;2210;3;1;1;1;1;404;RN 154;M;4872585;138759;280
201500021321;15;11;13;1810;1;2;1;1;3;134;POTEZ (RUE HENRY);M;4875027;135557;280
201500021322;15;12;11;835;1;2;1;1;6;134;2, BRETAGNE (RUE DE);M;4873815;134109;280
201500021323;15;12;28;745;5;2;4;1;3;134;MARCEAU (AVENUE DU GENER;M;4872900;136672;280
201500021324;15;1;21;115;3;1;1;1;6;384;;M;0;0;710
201500021325;15;1;17;1800;2;1;1;8;2;73;;M;0;0;710
201500021326;15;1;31;845;1;1;1;8;6;52;;M;0;0;710
201500021327;15;2;24;300;3;1;1;1;2;118;;M;0;0;710
201500021328;15;4;10;1900;2;1;1;1;6;170;;M;0;0;710
201500021329;15;4;18;1215;1;1;1;1;7;170;;M;0;0;710
201500021330;15;9;30;2045;3;1;1;1;5;81;;M;0;0;710
201500021331;15;10;4;1730;1;1;1;1;6;265;;M;0;0;710
201500021332;15;11;9;630;3;1;1;1;4;475;;M;0;0;710
201500021333;15;2;18;1400;1;1;1;1;6;26;;M;0;0;740
201500021334;15;6;2;830;1;2;1;1;5;213;205, ROUTE DE CHARMEUSE;M;4592000;607400;740
201500021335;15;6;20;1915;1;1;1;1;6;217;RTE  LA ROCHE SUR FORON;M;0;0;740
201500021336;15;11;5;725;1;1;1;1;1;217;1755, ROUTE DE GENEVE;M;0;0;740
201500021337;15;11;7;1230;1;1;1;1;1;272;3030 ROUTE DE BELLEGARDE;M;0;0;740
201500021338;15;6;20;1930;1;1;1;1;1;27;;;;;140
201500021339;15;7;11;700;1;1;1;1;6;317;;M;4890360;-87587;140
201500021340;15;7;26;530;2;1;1;2;6;139;;;;;140
201500021341;15;8;29;1900;1;1;1;1;3;317;;M;4889180;-82663;140
201500021342;15;11;1;830;1;1;1;8;6;412;;;;;140
201500021343;15;1;8;1845;3;1;1;1;7;164;;M;4858545;-324874;220
201500021344;15;2;19;1545;1;1;1;2;7;182;;M;4853036;-291643;220
201500021345;15;2;21;745;2;1;1;4;5;135;;M;4856509;-332665;220
201500021346;15;3;23;830;1;1;1;7;5;206;;M;4853097;-299932;220
201500021347;15;4;5;530;3;1;1;1;6;34;;M;4866757;-334877;220
201500021348;15;4;11;1245;1;1;1;1;7;4;;M;4864816;-332872;220