num_acc;an;mois;jour;hrmn;lum;agg;int;atm;col;com;adr;gps;lat;long;dep
201500021349;15;4;11;1200;1;1;1;2;2;206;;M;4852960;-297334;220
201500021350;15;4;25;1345;1;1;1;8;2;116;;M;4853543;-304001;220
201500021351;15;4;25;1000;1;1;1;8;7;182;;M;4853148;-293209;220
201500021352;15;4;26;745;1;1;1;3;6;4;;M;4864823;-332894;220
201500021353;15;5;19;2045;2;1;1;1;6;164;;M;4859606;-326009;220
201500021354;15;5;24;1130;1;1;1;1;2;206;;M;4853074;-295585;220
201500021355;15;6;11;1600;1;1;1;1;7;225;;M;4854678;-309677;220
201500021356;15;6;21;1515;1;1;1;1;5;182;;M;4853140;-292691;220
201500021357;15;8;8;1900;1;1;1;7;7;164;;M;4858086;-323297;220
201500021358;15;8;10;700;1;1;1;1;2;182;;M;4853138;-294259;220
201500021359;15;8;28;1545;1;1;1;1;5;225;;M;4854534;-309064;220
201500021360;15;9;4;1945;1;1;1;1;4;206;;M;4853021;-296503;220
201500021361;15;9;5;1945;1;1;1;1;3;251;;M;4854369;-283129;220
201500021362;15;9;10;2215;3;1;9;1;6;228;;M;4854994;-340219;220
201500021363;15;10;11;1600;1;1;9;1;6;225;;M;4854617;-309446;220
201500021364;15;10;18;900;1;1;1;5;6;225;;M;4855100;-311347;220
201500021365;15;11;22;2145;3;1;1;8;2;206;;M;4853372;-301138;220
201500021366;15;1;30;1615;1;1;1;4;6;190;;M;4852107;-203811;220
201500021367;15;2;8;2015;3;1;1;1;6;44;Beau soleil;M;4847687;-260098;220
201500021368;15;3;11;730;2;1;1;1;6;20;;M;4829453;-222171;220
201500021369;15;3;17;1330;1;1;1;1;5;193;;M;4840701;-241889;220
201500021370;15;4;14;2330;3;1;9;1;6;339;;M;4847933;-204437;220
201500021371;15;4;24;1800;1;1;1;2;4;160;;M;4844344;-247879;220
201500021372;15;4;27;2000;1;1;1;1;3;389;;M;4848171;-268412;220
201500021373;15;4;28;700;2;1;1;1;7;84;;M;4841713;-229112;220
201500021374;15;6;16;845;1;1;1;1;4;389;;M;4847997;-267278;220
201500021375;15;7;2;500;2;1;1;2;7;389;;M;4848029;-265363;220
201500021376;15;7;5;215;3;1;1;1;6;389;;M;4848063;-265039;220
201500021377;15;7;19;1745;1;1;1;8;6;185;;M;4837116;-234494;220
201500021378;15;7;21;900;1;1;1;1;4;160;;M;4844585;-248059;220
201500021379;15;8;1;1230;1;1;1;1;4;389;;M;4848205;-268601;220
201500021380;15;8;23;615;3;1;1;3;3;193;;M;4841174;-242694;220
201500021381;15;8;24;845;1;1;1;3;6;44;;M;4847713;-259598;220
201500021382;15;8;29;1515;1;1;1;1;3;246;;M;4847690;-260284;220
201500021383;15;9;11;945;1;1;1;1;6;185;Ld La Planche;M;4837052;-238392;220
201500021384;15;9;29;745;1;1;1;1;4;389;;M;4848150;-268193;220
201500021385;15;10;5;1630;1;1;4;1;2;93;la corne aux cerfs;M;4845690;-251176;220
201500021386;15;10;16;1200;1;1;1;1;6;81;;M;4848124;-263955;220
201500021387;15;10;31;415;3;1;9;1;3;389;;M;4848006;-267446;220
201500021388;15;11;20;830;1;1;1;3;5;388;;M;4843864;-213861;220
201500021389;15;11;26;1615;1;1;1;1;6;369;;M;4834042;-228427;220
201500021390;15;12;21;845;2;1;1;1;6;190;;M;4851257;-203900;220
201500021391;15;1;7;2015;3;1;1;1;6;204;Lieu dit procheMilin-Hus;M;4850201;-416991;290
201500021392;15;1;31;1015;1;1;1;4;2;199;proche Coat Raden;M;4858381;-376669;290
201500021393;15;2;21;1000;1;1;1;4;6;95;Pen Ar Forest;M;4846070;-435716;290
201500021394;15;2;24;1045;1;1;1;4;6;183;RN12;M;4857243;-360889;290
201500021395;15;4;2;2345;3;1;1;1;6;199;Proche Kervanon;M;4857548;-372347;290
201500021396;15;5;1;745;1;1;1;1;6;105;RN 12 OA Rue le Goffic;M;4851767;-408090;290
201500021397;15;5;23;2315;3;1;1;2;7;105;;M;4851863;-405005;290
201500021398;15;6;19;500;3;1;1;1;6;266;;M;4852125;-394684;290
201500021399;15;6;24;1115;1;1;1;1;7;68;RN12;M;4851913;-402598;290
201500021400;15;7;16;1100;1;1;1;1;2;68;;M;4852720;-397938;290
201500021401;15;7;21;1045;1;1;1;1;2;179;RN 12;M;4848275;-429605;290
201500021402;15;8;7;1615;1;1;1;1;6;61;RN12;M;4843327;-444404;290
201500021403;15;8;18;1815;1;1;1;1;2;75;RN12;M;4844140;-440984;290
201500021404;15;8;31;845;1;1;1;2;6;268;Penn Ar Prat;M;4847271;-432451;290
201500021405;15;9;13;1315;1;1;1;2;7;75;PK 65 +400;M;4844890;-439006;290
201500021406;15;11;2;1045;1;1;1;1;2;199;;M;4857636;-365217;290
201500021407;15;11;17;1200;1;1;1;2;7;266;Ty Poullin;M;4852657;-395357;290
201500021408;15;1;31;100;5;1;1;2;6;189;;M;4838426;-438622;290
201500021409;15;6;5;1930;1;1;1;1;1;302;;M;4825439;-408964;290
201500021410;15;7;26;1100;1;1;9;3;3;53;;M;4829518;-416843;290
201500021411;15;8;22;945;1;1;1;1;7;20;RN165 PR68+800 vers Bres;M;4814903;-403493;290
201500021412;15;12;28;1400;1;1;1;1;7;140;RN165;M;4838409;-431456;290
201500021413;15;1;31;715;3;1;1;8;1;90;;M;4793155;-167273;350
201500021414;15;5;2;2345;3;1;1;2;2;231;;M;4788315;-168955;350
201500021415;15;5;6;1430;1;1;1;1;5;139;;M;4797619;-169469;350
201500021416;15;7;3;2145;2;1;1;1;6;363;;M;4802012;-169086;350
201500021417;15;7;10;1645;1;1;1;1;3;66;;M;4803537;-168770;350
201500021418;15;9;26;1700;1;1;1;1;7;98;;M;4774225;-166714;350
201500021419;15;10;24;1445;1;1;1;1;6;221;;M;4786665;-169089;350
201500021420;15;2;1;2215;3;1;1;3;2;191;;M;4846121;-132855;350
201500021421;15;5;19;1745;1;1;1;1;1;109;;M;4612545;590778;10
201500021422;15;5;22;1730;1;1;1;1;7;209;;M;0;0;10
201500021423;15;6;4;745;1;1;1;1;2;419;;M;0;0;10
201500021424;15;6;21;1900;1;1;1;1;7;135;;M;0;0;10
201500021425;15;11;1;2245;3;1;1;1;6;209;;M;0;0;10
201500021426;15;11;8;1200;1;1;1;1;6;158;;M;4617431;589792;10
201500021427;15;3;1;615;3;2;1;2;6;138;RD 172 A;M;4952455;572131;540
201500021428;15;3;29;2245;3;1;1;2;6;428;;M;4945100;573300;540
201500021429;15;4;19;1345;1;1;1;1;6;236;;M;4945173;551814;540
201500021430;15;10;25;1045;1;1;1;5;6;314;;M;4950200;572000;540
201500021431;15;1;18;1045;1;1;1;1;7;537;;M;4946070;571724;540
201500021432;15;1;23;1100;2;1;1;1;3;67;;M;4942958;568623;540
201500021433;15;2;13;830;1;1;3;5;3;138;;M;4952800;572300;540
201500021434;15;2;19;1;5;2;1;1;6;322;1 rue de la platinerie;M;4943907;560700;540
201500021435;15;4;24;1830;1;2;1;1;7;314;ZI LES MARAGOLLES;M;4951400;573000;540
201500021436;15;4;26;1915;1;1;1;3;7;67;;M;4943783;564273;540
201500021437;15;5;6;1845;1;1;1;1;7;322;;M;4945058;558405;540
201500021438;15;5;14;1345;1;1;1;1;1;322;;M;4946069;561079;540
201500021439;15;7;10;730;1;1;1;1;3;537;;M;4945067;570376;540
201500021440;15;7;15;1645;1;1;1;1;1;290;;M;4942937;578285;540
201500021441;15;7;22;2030;2;2;1;1;6;134;rue du moulin;M;0;0;540
201500021442;15;8;6;1745;1;2;1;1;1;322;D618;M;4943600;561100;540
201500021443;15;8;11;1800;1;2;1;1;7;151;RUE DE LONGWY;M;4948810;574730;540
201500021444;15;1;11;1530;1;1;1;1;1;437;;M;0;0;670
201500021445;15;9;16;900;1;1;1;2;6;208;;M;0;0;670
201500021446;15;12;31;1345;1;1;1;1;1;179;;M;0;0;670
201500021447;15;2;8;2030;5;1;1;1;6;48;;M;4320500;655800;830
201500021448;15;6;3;1930;1;2;1;1;3;48;1945 bd de St Raphael;M;0;0;830
201500021449;15;7;7;830;1;1;1;1;6;36;;M;4318899;654964;830
201500021450;15;8;19;30;3;2;1;1;6;48;Route des crкtes;M;4320500;655400;830
201500021451;15;10;26;1545;1;1;1;1;1;36;;M;0;0;830
201500021452;15;10;31;1500;1;2;1;1;6;36;RD559, promenade mer;M;4303000;608900;830
201500021453;15;12;20;1745;5;1;1;5;6;48;;M;4321135;657411;830
201500021454;15;11;15;1200;1;1;9;1;5;363;;M;0;0;670
201500021455;15;2;20;1000;1;1;1;1;6;73;;M;0;0;40
201500021456;15;9;6;1430;1;2;2;1;1;19;CD 900- 902 pont du plan;M;0;0;40
201500021457;15;9;7;1115;1;2;1;1;3;62;;M;0;0;40
201500021458;15;1;22;1930;3;1;1;1;6;219;;M;0;0;350
201500021459;15;1;27;1730;2;1;1;8;7;328;;M;4778822;-203435;350
201500021460;15;3;7;645;3;1;1;1;6;129;;M;4782472;-186244;350
201500021461;15;4;10;2015;2;1;1;1;3;219;;M;0;0;350
201500021462;15;5;1;830;1;1;6;2;3;129;;M;4786499;-187854;350
201500021463;15;8;3;2300;3;1;1;1;6;328;;M;4778940;-206484;350
201500021464;15;10;11;1000;1;1;1;1;6;285;;M;4776895;-196627;350
201500021465;15;11;10;915;1;2;1;7;1;219;rue du docteur LAENEC;M;4780649;-194280;350
201500021466;15;12;16;1915;3;1;1;2;3;219;;M;4782174;-194488;350
201500021467;15;4;29;1215;1;1;1;1;6;100;;M;0;0;860
201500021468;15;6;29;1100;1;1;1;1;2;83;;M;0;0;860
201500021469;15;8;20;315;3;1;1;1;5;56;;M;0;0;860
201500021470;15;11;27;1300;1;1;1;1;1;50;;M;0;0;860
201500021471;15;4;20;830;1;1;1;1;7;128;;M;4728931;450701;210
201500021472;15;6;20;1315;1;1;1;1;2;380;;M;0;0;210
201500021473;15;6;24;1715;1;1;1;1;1;634;;M;4714549;470112;210
201500021474;15;7;9;1815;1;1;1;1;6;177;;M;4737132;439887;210
201500021475;15;7;15;145;3;1;1;1;6;634;;M;4715900;469746;210
201500021476;15;8;23;915;1;1;1;2;2;87;;M;4711450;470976;210
201500021477;15;10;26;845;1;1;1;5;2;501;;M;0;0;210
201500021478;15;12;19;1530;1;1;1;1;6;214;;M;4717429;468937;210
201500021479;15;12;20;1200;1;1;1;1;2;529;;M;4740702;434495;210
201500021480;15;12;24;430;3;1;1;8;5;214;;M;4718704;467446;210
201500021481;15;7;26;1230;1;2;1;1;1;140;rue du Quai;M;4640249;72566;860
201500021482;15;3;21;1245;1;1;1;2;1;103;;M;4628493;603890;10
201500021483;15;3;28;400;5;2;1;1;6;173;avenue de la GARE;M;0;0;10
201500021484;15;4;16;330;3;1;1;1;7;436;;M;0;0;10
201500021485;15;8;15;430;3;1;1;1;7;399;;M;0;0;10
201500021486;15;5;14;910;1;2;1;1;1;201;SAINT JULIEN DE RODELLE;M;4450010;266217;120
201500021487;15;6;4;2045;2;2;1;1;3;96;AVENUE PIERRE MONTEIL;;;;120
201500021488;15;9;5;1545;1;1;1;1;1;157;;M;4439210;268852;120
201500021489;15;1;24;1930;3;1;1;4;1;43;RN 88 - LES MOLINIERES;M;4428950;251074;120
201500021490;15;2;28;1145;1;1;1;1;1;254;;M;4350800;-58800;640
201500021491;15;11;7;945;1;2;1;7;6;410;AVENUE CHARLES MOUREU;M;4337248;-62594;640
201500021492;15;11;10;1015;1;2;6;1;6;410;RP DES DROITS DE L'HOMME;M;4336778;-62717;640
201500021493;15;11;27;2345;5;2;1;2;6;410;AVENUE HENRI IV;M;4337249;-62948;640
201500021494;15;12;7;800;1;1;1;1;1;521;;M;4340573;-53770;640
201500021495;15;12;11;1930;5;2;1;1;6;410;AVENUE HENRI IV;M;4337254;-62909;640
201500021496;15;2;27;945;1;2;1;2;6;300;56 Grand rue;M;4778866;736981;680
201500021497;15;11;12;1900;3;1;1;8;6;20;;M;4781057;749714;680
201500021498;15;6;13;1600;1;1;1;7;3;157;;M;0;0;10
201500021499;15;7;5;1145;1;1;1;1;1;166;;M;0;0;10
201500021500;15;1;2;900;2;2;1;1;6;19;CLEMENCEAU GEORGES (D;M;4839629;-440367;290
201500021501;15;2;21;1010;1;2;2;1;3;19;., FOUCAULD CHARLES DE;M;4839716;-446140;290
201500021502;15;12;18;1804;5;2;1;1;2;19;17, DUVAL MARCELLIN (DE;M;4841201;-448648;290
201500021503;15;1;2;1955;5;2;3;1;3;19;Av CLEMENCEAU GEORGES;M;4839063;-448704;290
201500021504;15;2;27;1950;5;2;1;2;6;19;BEREST EUGENE;M;4839330;-443472;290
201500021505;15;12;29;1130;1;2;1;1;6;19;VERDUN (DE 53 A 199 ET 7;M;4839870;-445655;290
201500021506;15;1;5;1715;2;2;3;1;3;19;CUIRASSE BOUVET;M;4838376;-452384;290
201500021507;15;2;18;835;1;2;1;1;3;19;FOUGERES (RUE ET RD POIN;M;4840651;-452041;290
201500021508;15;12;28;1820;5;2;1;3;1;19;., EUROPE (DE 13 A 15);M;4841574;-447363;290
201500021509;15;1;12;1010;1;2;1;2;2;19;LE GORGEU (N?ENTRE TAREN;M;4840769;-451169;290
201500021510;15;2;23;1410;1;2;3;1;3;19;., EINSTEIN ALBERT;M;4840922;-446290;290
201500021511;15;12;11;1840;5;2;1;1;2;19;., EUROPE (DE 13 A 15);M;4841293;-450174;290
201500021512;15;1;6;1635;1;2;3;1;3;19;., MONTAIGNE (DE 1 A 37;M;4840354;-448041;290
201500021513;15;2;24;1640;1;2;1;1;6;19;LAMOTTE PICQUET (N° 20 E;M;4839531;-449226;290
201500021514;15;1;6;2055;1;2;1;1;1;19;., SAINT MARC (DE 64 A 1;M;4839767;-446688;290
201500021515;15;2;25;1255;1;2;1;2;6;19;., ROUSSE EMILE;M;4838182;-452729;290
201500021516;15;2;27;1815;2;2;6;1;3;19;ROOSEVELT FRANKLIN;M;4838292;-448798;290
201500021517;15;1;7;1725;1;2;3;1;3;19;VENDEE (DE 7 A 31 ET;M;4840434;-451251;290
201500021518;15;1;8;1905;5;2;2;1;3;19;KEROURIEN (DE 35 A 41 ET;M;4838294;-453828;290
201500021519;15;3;5;1820;1;2;2;1;6;19;FRANCE ANATOLE 1;M;4838105;-453070;290
201500021520;15;1;8;1420;1;2;1;1;3;19;GOUESNOU (DE 43 A 219 ET;M;4842741;-446714;290
201500021521;15;3;7;900;1;2;1;1;1;19;ROND POINT DE KERESSEIS;M;4839411;-453897;290
201500021522;15;1;12;920;1;2;6;2;2;19;RUE GUSTAVE ZEDE;M;4841833;-446323;290
201500021523;15;3;9;850;1;2;1;1;3;19;PREMIERE DFL;M;4837643;-455319;290
201500021524;15;1;20;1718;1;2;1;8;3;19;., MAISSIN;M;4838833;-450345;290
201500021525;15;12;2;1630;1;2;2;1;1;19;DONNART MATHIEU (DE 1 A;M;4839965;-448608;290
201500021526;15;3;13;705;1;2;6;1;3;19;LE GORGEU (N°29 (TOTAL)+;M;4839988;-449680;290
201500021527;15;1;20;1745;1;2;9;9;2;19;Tanguy Prigent;M;4839306;-453941;290
201500021528;15;3;16;1310;1;2;1;1;6;19;rueMOUCHOTTE ( 23 a 36 );M;4838674;-450716;290
201500021529;15;1;20;1935;5;2;1;2;3;19;LE GORGEU (N?29 (TOTAL)+;M;4840064;-449949;290
201500021530;15;3;9;2115;4;2;1;1;6;19;PARIS ( 33 ET 42 A FIN);M;4840510;-446348;290
201500021531;15;1;28;2200;5;2;3;1;3;19;, LAMOTTE PICQUET (N 2);M;4839533;-449209;290
201500021532;15;3;10;825;1;2;3;1;3;19;TREPOS PIERRE;M;4840327;-450679;290
201500021533;15;1;23;915;1;2;1;2;3;19;CASSARD JACQUES;M;4840461;-448067;290
201500021534;15;3;22;1700;1;2;1;1;3;19;rue d'Anjou;M;4840489;-451255;290
201500021535;15;1;25;555;5;2;1;1;6;19;98, GLASGOW (DE 1 A 9 ET;M;4839324;-448447;290
201500021536;15;3;26;1525;1;2;1;1;6;19;MIRABEAU;M;4840777;-448847;290
201500021537;15;1;28;1205;1;2;9;2;6;19;30, LE GORGEU;M;4840202;-450271;290
201500021538;15;3;25;640;5;2;2;1;3;19;rue VILLENEUVE;M;4841022;-446216;290
201500021539;15;1;29;905;1;2;3;2;6;19;ARGENTRE BERTRAND D' (RU;M;4840940;-448470;290
201500021540;15;3;29;2300;5;2;1;2;6;19;LE GORGEU (ENTRE TAREN;M;4840700;-451262;290
201500021541;15;1;29;1030;1;2;1;2;6;19;22, BRANDA (DE 1A 35 ET;M;4839048;-448268;290
201500021542;15;3;31;15;5;2;1;1;6;19;FRANCE ANATOLE (DE 24;M;4838261;-451259;290
201500021543;15;2;2;30;5;2;1;1;6;19;Rue Lйon Blum;M;4840559;-448466;290
201500021544;15;3;29;1940;1;2;3;1;3;19;DUPERRE (DE 1 A 31 ET;M;4839835;-448106;290
201500021545;15;2;6;1330;1;2;1;1;2;19;LE GORGEU (N29 (TOTAL;M;4840486;-450620;290
201500021546;15;4;7;900;1;2;1;7;6;19;TARENTE;M;4840439;-450925;290
201500021547;15;2;6;1710;1;2;1;6;6;19;LE GORGEU;M;4840774;-451213;290
201500021548;15;4;5;1515;1;2;1;1;6;19;BEREST EUGENE;M;4839473;-443428;290
201500021549;15;2;7;2040;5;2;1;1;3;19;COLLET YVES;M;4839074;-448182;290
201500021550;15;4;8;1640;1;2;1;1;3;19;., PLANTE GASTON;M;4842738;-446569;290
201500021551;15;2;12;1845;2;2;1;2;7;19;COLLET YVES (DE 1 A 2;M;4838942;-448326;290
201500021552;15;4;13;1240;1;2;2;1;3;19;EUROPE (DE 58 A 166 E;M;4841331;-448668;290
201500021553;15;4;14;1315;1;2;2;1;3;19;JAURES JEAN (DE 44 A 108;M;4839461;-447928;290
201500021554;15;4;29;1040;1;2;1;1;6;19;GALLIENI GENERAL (DE 1 A;M;4838898;-450951;290
201500021555;15;4;24;2000;1;2;2;1;5;19;DOUMIER PAUL;M;4839887;-448761;290
201500021556;15;5;1;20;5;2;5;2;1;19;., PETIT THOUARS;M;4837953;-452023;290
201500021557;15;5;5;1810;1;2;1;1;4;19;1025, KERVAO;M;4842285;-451134;290
201500021558;15;4;9;1640;1;2;1;1;4;19;Avenue FOCH Marechal;M;4839599;-448872;290
201500021559;15;5;18;1630;1;2;3;1;6;19;QUATRE POMPES (DE 1 A 65;M;4837755;-453546;290
201500021560;15;5;14;200;5;2;1;2;6;19;., CLEMENCEAU GEORGES (D;M;4838923;-448439;290
201500021561;15;5;11;1110;1;2;1;1;3;19;DESFOSSES ROMAIN (AMIRAL;M;4842559;-448009;290
201500021562;15;5;20;1745;1;2;1;1;6;19;FRANCE ANATOLE (DE 55 A;M;4838235;-452277;290
201500021563;15;5;19;720;1;2;1;1;2;19;., KERABECAM;M;4839206;-448704;290
201500021564;15;5;13;1225;1;2;9;1;3;19;., PRIGENT TANGUY (DE ME;M;4839752;-453124;290
201500021565;15;5;16;2220;5;2;2;1;3;19;DOUMIER PAUL;M;4839887;-448761;290
201500021566;15;5;21;1640;1;2;6;1;1;19;LEON DU;M;4840359;-449762;290
201500021567;15;5;24;1054;1;2;1;1;1;19;., QUIMPER (DE 1 A 103 E;M;4840019;-444490;290
201500021568;15;5;20;2015;1;2;1;1;2;19;., LAMOTTE PICQUET (N° 2;M;4839430;-449325;290
201500021569;15;6;1;1835;1;2;1;1;3;19;985, ROCH GLAS (ROUTE ET;M;4843270;-448955;290
201500021570;15;5;28;845;1;2;2;1;3;19;EUROPE (DE 201 A 215);M;4841321;-448656;290
201500021571;15;5;27;1800;1;2;2;1;3;19;KERLEGUER (N° 60 ET 65°;M;4842132;-450331;290
201500021572;15;6;9;100;5;2;2;1;3;19;., DOUMIER PAUL;M;4839970;-448599;290
201500021573;15;6;16;725;1;2;6;1;3;19;COMMANDANT DROGOU ( DE 1;M;4840454;450094;290
201500021574;15;6;18;1045;1;2;1;1;6;19;BOHARS;M;4841552;-449251;290
201500021575;15;6;19;720;1;2;1;1;3;19;4 FAURE GABRIEL;M;4840947;449849;290
201500021576;15;6;4;840;1;1;1;1;3;19;Rte de Ste Anne du Portz;M;4836140;-453687;290
201500021577;15;6;23;745;1;2;3;1;6;19;., ROND POINT HMCS ATHAB;M;4837457;455780;290
201500021578;15;6;23;1345;1;1;1;1;2;19;TARENTE;M;4840488;-450983;290
201500021579;15;6;29;800;1;2;1;1;3;19;TARENTE;M;4840469;-450960;290
201500021580;15;6;29;1040;1;2;1;1;6;19;280, HEMINGWAY ERNEST;M;4838537;-447955;290
201500021581;15;6;30;735;1;2;1;1;2;19;LE GORGEU (SANS N° ENTRE;M;4840165;-450271;290
201500021582;15;7;7;1530;1;2;7;1;1;19;SAINT MARC ROUTE DU VIEU;M;4839026;-445836;290
201500021583;15;7;11;1940;1;2;1;1;6;19;PLYMOUTH (DE 89 A 135 ET;M;4838547;-453551;290
201500021584;15;7;16;2200;1;2;2;1;3;19;., MONTAIGNE (DE 98 ET 1;M;4840350;-448040;290
201500021585;15;7;11;1030;1;2;2;1;3;19;THOMAS ALBERT;M;4840268;-449440;290
201500021586;15;7;20;1630;1;2;1;2;6;19;PREMIERE DFL (AVENUE);M;4837501;-455687;290
201500021587;15;7;7;1705;1;2;3;1;2;19;rue du CONQUET;M;4837971;-454131;290
201500021588;15;7;23;1400;1;2;1;1;2;19;41, KERMENGUY;M;4840391;-450252;290
201500021589;15;7;26;1200;1;2;1;2;6;19;2, CAILLE RENE;M;4840160;-451173;290
201500021590;15;7;24;1025;1;2;1;2;3;19;VALMY;M;4839803;-446508;290
201500021591;15;8;3;905;1;2;1;2;1;19;., LE GORGEU (N°ENTRE TA;M;4840468;-450610;290
201500021592;15;8;6;1530;1;2;1;1;1;19;., EUROPE (DE 13 A 15);M;4841319;-448750;290
201500021593;15;8;3;1420;1;2;1;1;1;19;EUROPE (DE 201 A 215);M;4841319;-448750;290
201500021594;15;8;13;730;2;2;1;3;6;19;DESFOSSES ROMAIN (AMIRAL;M;4842656;-447686;290
201500021595;15;8;20;1042;1;2;3;2;6;19;DUCOUEDIC;M;4838519;-449150;290
201500021596;15;8;11;1900;1;2;1;1;6;19;EUROPE (DE 161 A 199);M;4839039;-448607;290
201500021597;15;8;4;1715;1;2;1;1;4;19;ROOSEVELT FRANKLIN (AVEN;M;4838176;-449174;290
201500021598;15;8;26;905;1;2;3;1;3;19;, LANGEVIN PROFESSEUR;M;4840093;-449955;290
201500021599;15;8;24;1820;1;2;1;1;6;19;DESMOULINS CAMILLE;M;4839671;-448568;290
201500021600;15;7;31;1730;1;2;9;1;6;19;., VALY HIR (DE 1 A 19 E;M;4838580;-451965;290
201500021601;15;7;25;1405;1;2;2;1;3;19;4, FAURE GABRIEL;M;4840947;-449874;290
201500021602;15;8;4;1227;1;2;1;1;6;19;81, PORTE (DE 77 A 85 ET;M;4838397;-450428;290
201500021603;15;8;29;1825;1;2;2;1;3;19;SAINT JEAN;M;4840450;-446660;290
201500021604;15;8;27;1655;1;2;1;1;4;19;., HARTELOIRE (PONT);M;4839212;-450326;290
201500021605;15;9;2;2250;4;2;1;1;6;19;LOUPPE ALBERT (DE 1 A;M;4840277;-446795;290
201500021606;15;8;21;1545;1;2;3;1;3;19;., GALLIENI GENERAL (DE;M;4838865;-451052;290
201500021607;15;8;23;1025;1;2;1;1;6;19;., KERLEGUER (N° 60 ET 6;M;4842144;-450306;290
201500021608;15;8;29;2110;5;2;1;1;6;19;DUVAL MARCELLIN (DE 1 A;M;4841175;-448643;290
201500021609;15;9;8;1520;1;2;1;1;2;19;., HARTELOIRE (RUE);M;4839354;-449237;290
201500021610;15;8;28;1150;1;2;1;1;6;19;., TANGUY DU CHATEL;M;4837960;-453373;290
201500021611;15;9;10;1630;1;2;3;1;1;19;., MONTAIGNE (DE 39 A 11;M;4840328;-448087;290
201500021612;15;9;2;1107;1;2;1;1;6;19;12, BERNARD EMILE;M;4842944;-450425;290
201500021613;15;9;17;905;1;2;1;1;6;19;EGLISE (RUE;M;4838215;-450109;290
201500021614;15;9;15;1740;1;2;1;2;2;19;KERVERN AUGUSTE;M;4840096;-448897;290
201500021615;15;9;11;750;1;2;6;1;3;19;., LOUPPE ALBERT (DE 1 A;M;4840346;-447111;290
201500021616;15;9;15;850;1;2;1;1;6;19;VERDUN (DE 1 A 51 ET 2 A;M;4839808;-446497;290
201500021617;15;9;18;1400;1;2;1;1;1;19;., LE GORGEU (N°ENTRE TA;M;4840488;-450627;290
201500021618;15;9;24;1540;1;2;1;1;6;19;MIRABEAU;M;4840759;-448877;290
201500021619;15;9;23;1715;1;2;2;1;3;19;., LOUPPE ALBERT (DE 71;M;4840389;-447489;290
201500021620;15;9;30;150;5;2;1;1;7;19;TOURVILLE;M;4839396;-449441;290
201500021621;15;9;22;1300;1;2;2;1;3;19;., GOUESNOU (DE 221 ET 2;M;4842488;446707;290
201500021622;15;9;24;1205;1;2;1;1;2;19;., LESVEN JULES (DE 26 A;M;4840884;-448018;290
201500021623;15;9;29;1040;1;2;1;1;6;19;ROBESPIERRE (96 ET 109 A;M;4840743;-448984;290
201500021624;15;9;30;750;2;2;2;1;1;19;., NORMANDIE;M;4840285;-451122;290
201500021625;15;10;3;1755;1;2;2;1;3;19;., PONT A LOUET;M;4837278;-453912;290
201500021626;15;10;8;1820;1;2;1;1;3;19;., FRANCE ANATOLE (DE 1;M;4838289;-451791;290
201500021627;15;10;2;2240;1;1;1;1;3;19;76, KEROURIEN (DE 43 ET;M;4838251;-454114;290
201500021628;15;10;8;1450;1;2;2;1;5;19;, CLAIRAUT ALEXIS;M;4841548;-446196;290
201500021629;15;10;9;1620;1;2;1;1;3;19;CLEMENCEAU GEORGES (D;M;4838812;448301;290
201500021630;15;10;9;1700;1;2;1;1;4;19;SAINT MARC ROUTE DU V;M;4839321;-444263;290
201500021631;15;11;14;2225;5;2;1;1;6;19;., LE GORGEU (N°ENTRE TA;M;4840791;-451105;290
201500021632;15;10;14;830;1;2;1;1;6;19;., DESFOSSES ROMAIN (AMI;M;4842554;-448007;290
201500021633;15;10;14;1205;1;2;2;1;3;19;MADAGASCAR;M;4838580;-447940;290
201500021634;15;10;16;2115;5;2;1;1;2;19;PEN AR CH'LEUZ (ROND;M;4841398;-447947;290
201500021635;15;10;19;1255;1;2;1;1;6;19;21, COLLET YVES (DE 1 A;M;4839132;448106;290
201500021636;15;10;23;745;5;2;1;1;2;19;CLEMENCEAU GEORGES (DE 1;M;4839569;-440777;290
201500021637;15;10;21;1300;1;2;6;1;6;19;., KERZENNIEL (ROND POIN;M;4837309;-456183;290
201500021638;15;10;30;1210;1;2;1;1;3;19;., CHOPIN FREDERIC;M;4841151;-449338;290
201500021639;15;10;8;1705;1;1;1;1;3;19;PEN AR CH'LEUZ (ROND POI;M;4841461;-447870;290
201500021640;15;10;15;825;1;2;1;1;6;19;COLLET YVES (DE 27 ET 28;M;4839140;-448069;290
201500021641;15;10;23;2040;5;2;2;1;3;19;HUGO VICTOR (DE 19 ET 22;M;4839022;-447739;290
201500021642;15;10;27;1530;1;1;1;1;4;19;RN 12 (PEN AR CH'LEUZ A;M;4841554;-447948;290