num_acc;an;mois;jour;hrmn;lum;agg;int;atm;col;com;adr;gps;lat;long;dep
201500021643;15;10;26;1810;2;2;1;1;2;19;101, MONTAIGNE (DE 98 ET;M;4840465;-447886;290
201500021644;15;10;30;1220;1;2;9;1;6;19;, MASSILLON (DE 1 A 31;M;4839695;-447938;290
201500021645;15;11;3;1645;2;2;1;1;6;19;CORNICHE (DE 4 A 10 );M;4836532;-452691;290
201500021646;15;11;6;1030;1;2;1;1;6;19;., COLLIERE JULES (DE 1;M;4839982;-445193;290
201500021647;15;11;11;410;5;1;1;1;6;19;SALAUN PENQUER;M;4838481;-448308;290
201500021648;15;11;12;1540;1;2;1;1;2;19;.., FOCH MARECHAL;M;4839400;-448790;290
201500021649;15;10;14;1900;1;2;1;1;6;19;VERDUN ( 174 ET 201 A FI;M;4839881;-445139;290
201500021650;15;10;25;1015;1;2;1;1;6;19;., PREMIERE DFL (AVENUE);M;4837474;-455761;290
201500021651;15;10;19;1635;1;2;1;1;4;19;., EUROPE (DE 13 A 15);M;4841678;-446708;290
201500021652;15;11;13;1200;1;2;1;1;2;19;HUIT MAI 1945 (DE 46 A F;M;4840935;-446999;290
201500021653;15;11;21;1600;1;2;2;1;3;19;.., EUROPE (DE 201 A 215;M;4841330;-448665;290
201500021654;15;11;20;2110;5;2;1;1;3;19;24, PARIS (DE 1 A 31 ET;M;4840494;-446357;290
201500021655;15;11;20;820;2;2;1;2;3;19;FAUTRAS (RUE ET PLACE);M;4839155;-449075;290
201500021656;15;11;28;1855;5;2;2;6;3;19;.., STRASBOURG (PLACE);M;4840248;-446741;290
201500021657;15;11;27;1130;1;2;3;1;3;19;Rue de CONCARNEAU;M;4840578;-445819;290
201500021658;15;11;4;2005;5;2;1;1;4;19;., LE GORGEU (N°29 (TOTA;M;4839813;-449262;290
201500021659;15;11;27;1950;5;2;1;2;3;19;21, PAULET GENERAL (DE 1;M;4840837;-447573;290
201500021660;15;11;15;1215;1;2;6;1;3;19;., MAISSIN;M;4839000;-450350;290
201500021661;15;11;24;905;1;2;1;1;6;19;1, PRAT LEDAN (PLACE ET;M;4838409;-450495;290
201500021662;15;11;26;1440;1;2;1;2;1;19;., CHEVREUL;M;4840729;-449075;290
201500021663;15;11;21;1620;1;2;2;1;3;19;., FAUTRAS (RUE ET PLACE;M;4839032;-449156;290
201500021664;15;11;19;720;1;2;1;1;6;19;Rue de ROYAN;M;4840199;-449874;290
201500021665;15;12;2;815;1;2;1;7;6;19;., CORNICHE (DE 1 A 39 E;M;4836610;-452578;290
201500021666;15;12;3;1815;4;2;2;3;2;19;BLUM LEON;M;4840743;-448503;290
201500021667;15;12;4;1800;4;2;6;1;2;19;.., LE GORGEU (SANS Nш E;M;4840181;-450249;290
201500021668;15;12;3;1125;1;1;1;1;6;19;PLYMOUTH;M;4838728;-452171;290
201500021669;15;12;4;1555;1;2;1;1;4;19;GLASGOW (DE 1 A 9 ET 2 A;M;4839456;-448428;290
201500021670;15;12;9;1710;1;2;6;1;3;19;TARTU JEAN FRANCOIS (18;M;4838306;-452767;290
201500021671;15;12;10;1655;1;2;1;1;3;19;., STRASBOURG (PLACE);M;4840236;-446753;290
201500021672;15;12;2;1800;1;2;1;1;3;19;CHATEAU (DE 1 A 35 ET 2;M;4838458;-448935;290
201500021673;15;12;11;750;5;2;2;1;3;19;.., PARIS ( 33 ET 42 A F;M;4840952;-445646;290
201500021674;15;12;9;755;5;2;1;1;3;19;MONTAIGNE (DE 1 A 37 ET;M;4840074;-448462;290
201500021675;15;12;7;1320;1;2;1;1;6;19;., CLEMENCEAU GEORGES (D;M;4839531;-440933;290
201500021676;15;12;9;1410;1;2;3;1;1;19;., WAGNER RICHARD;M;4839439;-452855;290
201500021677;15;12;15;910;1;2;1;2;2;19;PAULET GENERAL (DE 1;M;4840955;-447624;290
201500021678;15;12;14;905;1;2;1;2;6;19;., LOUPPE ALBERT (DE 1 A;M;4840350;-447122;290
201500021679;15;12;15;835;1;2;1;1;5;19;205, ELORN;M;4838499;-447884;290
201500021680;15;12;22;530;4;2;3;3;3;19;.., LE GROS CHARLES (SAN;M;4842495;-446049;290
201500021681;15;12;22;1725;2;2;3;3;3;19;DOCTEUR CHARCOT;M;4840291;-447123;290
201500021682;15;12;17;1655;2;2;1;2;6;19;BLUM LEON;M;4840582;-448472;290
201500021683;15;2;1;1445;1;1;1;4;4;245;;M;4404582;-33738;400
201500021684;15;2;7;1500;1;1;1;8;6;164;;M;4410088;-28252;400
201500021685;15;2;24;700;2;1;1;4;6;146;;M;4364988;-29385;400
201500021686;15;4;27;1115;1;1;1;3;7;14;;M;4408035;-29553;400
201500021687;15;8;31;1615;1;1;1;1;6;80;;M;4379751;-29592;400
201500021688;15;1;15;1825;4;2;1;1;7;39;LIN (Rond-Point du);M;4787283;-392073;290
201500021689;15;2;24;720;3;1;1;2;7;39;STANG KUZET ( RUE DE);M;4789368;-390121;290
201500021690;15;1;17;715;3;1;1;1;6;39;KERILIN (LIEU-DIT);M;4791791;-393281;290
201500021691;15;2;20;1020;1;2;6;2;6;39;1, VILLENEUVE (ROND POIN;M;4789466;-391406;290
201500021692;15;1;20;820;5;2;1;1;6;39;47, TREGUNC ( RUE DE );M;4786757;-390406;290
201500021693;15;2;28;1515;1;1;1;1;2;39;RD 783;M;4787492;-389846;290
201500021694;15;1;31;1535;1;1;1;8;7;39;Echangeur  Coat Conq;M;4792585;-389424;290
201500021695;15;3;2;1140;1;1;1;1;3;39;STANG BIHAN ( LIEU-DIT);M;4789726;-394320;290
201500021696;15;3;6;1140;1;2;1;1;6;39;HASCOET (RUE HELENE);M;4787167;-391854;290
201500021697;15;3;21;1120;1;2;6;1;6;39;RD 783;M;4787735;-390215;290
201500021698;15;3;21;1705;1;2;1;1;2;39;rue de la VILLENEUVE;M;4790062;-391088;290
201500021699;15;3;23;1630;1;1;1;1;3;39;RD 783 BEUZEC;M;4789967;-391189;290
201500021700;15;3;28;230;5;1;1;2;6;39;37, COLGUEN ( RUE DE);M;4790072;-390871;290
201500021701;15;4;17;1150;1;1;1;1;5;39;CARNOT ( QUAI);M;4787493;-391675;290
201500021702;15;4;20;1646;1;2;1;1;6;39;GLENAN ( AVENUE DES );M;4785747;-391302;290
201500021703;15;5;6;900;1;1;1;1;6;39;KERAMPERU ( ROND POINT D;M;4789001;-391601;290
201500021704;15;5;14;1550;1;2;1;2;6;39;AIGUILLON (QUAI DE L');M;4787287;-391732;290
201500021705;15;5;15;915;1;1;1;8;7;39;RN165 (VE);M;4792583;-389661;290
201500021706;15;5;17;700;2;1;1;1;6;39;SAINT LAURENT (CHEMIN DE;M;4791733;-393574;290
201500021707;15;5;20;1405;1;1;3;1;3;39;COLGUEN ( RUE DE);M;4790720;-390554;290
201500021708;15;6;1;1000;1;2;1;1;7;39;79, CABELLOU ( AVENUE DU;M;4785671;-389890;290
201500021709;15;6;8;2035;1;2;1;1;7;39;RD 783 BEUZEC;M;4788563;-391342;290
201500021710;15;6;13;5;5;1;6;1;6;39;KERAMPORIEL ( ROND POINT;M;4790026;391198;290
201500021711;15;6;14;1320;1;2;3;1;3;39;COLGUEN ( RUE DE);M;4789954;-390946;290
201500021712;15;6;15;1450;1;2;1;1;3;39;7 Jacques Noel Sane;M;4790215;-391098;290
201500021713;15;6;25;900;1;1;1;1;2;39;COLGUEN ( RUE DE);M;4757393;-354146;290
201500021714;15;6;28;820;1;1;1;1;7;39;SAINT LAURENT (CHEMIN DE;M;4754157;-356427;290
201500021715;15;7;3;1719;1;1;6;1;3;39;RD 70 (route dйpartement;M;4792589;-389429;290
201500021716;15;7;9;1200;1;2;1;1;3;39;119, TREGUNC ( RUE DE );M;4786424;-389852;290
201500021717;15;7;16;2105;1;2;3;1;3;39;TREGUNC ( RUE DE );M;4787150;-390736;290
201500021718;15;8;10;1215;1;2;3;1;3;39;TREGUNC ( RUE DE );M;4787204;-390716;290
201500021719;15;8;18;2338;5;2;6;1;3;39;KERNEACH (RUE DE );M;4788315;-392252;290
201500021720;15;8;19;1700;1;2;1;1;2;39;VILLENEUVE ( RUE DE LA);M;4789506;-391376;290
201500021721;15;8;19;2155;3;1;1;1;6;39;FORET FOUESNANT ( ROUTE;M;4790634;-399154;290
201500021722;15;8;20;823;1;1;1;2;7;39;RN165 (VE);M;4792531;-389696;290
201500021723;15;8;21;2225;1;2;1;1;1;39;VIDIE ( RUE LUCIEN);M;4789374;-391547;290
201500021724;15;8;23;730;1;2;3;1;6;39;7, GARE (AVENUE DE LA);M;4787481;-391895;290
201500021725;15;8;30;1225;1;2;1;1;1;39;118, GARE AVENUE DE LA;M;4788216;-391945;290
201500021726;15;9;1;1410;1;1;1;1;2;39;3, GARE (AVENUE DE LA);M;4787458;-391880;290
201500021727;15;9;20;1015;1;2;6;1;3;39;174, TREGUNC ( RUE DE );M;4786249;-388884;290
201500021728;15;8;9;830;1;2;6;1;3;39;Rond Point de Kernйac'h;M;4788248;-392408;290
201500021729;15;10;9;830;1;2;6;1;3;39;COAT BRAS (Rond Point);M;4788268;-392406;290
201500021730;15;10;9;1845;1;2;1;1;7;39;6, Gal DE GAULLE;M;4787184;-391913;290
201500021731;15;10;18;1825;2;1;1;1;6;39;STANG COULZ ( CHEMIN DE);M;4789002;-389715;290
201500021732;15;10;22;1320;1;1;1;8;7;39;KERILIN (LIEU-DIT);M;4791726;-393583;290
201500021733;15;10;30;1150;1;1;9;1;7;39;RD 70;M;4792398;-389713;290
201500021734;15;11;5;1825;5;2;1;2;7;39;CHENES (RUE DES);M;4787989;-391598;290
201500021735;15;11;15;1855;5;2;1;8;3;39;F219, VILLENEUVE ( RUE D;M;4789727;-391240;290
201500021736;15;12;1;1755;2;1;2;1;3;39;RD 783;M;4788152;-391011;290
201500021737;15;12;10;1320;1;1;3;1;3;39;MOROS (  QUAI RIVE DROIT;M;4787642;-390810;290
201500021738;15;12;16;1215;1;2;1;2;6;39;BOUGAINVILLE (BOULEVARD);M;4787002;-392178;290
201500021739;15;12;21;900;1;2;3;2;6;39;21, GUEGUIN (AVENUE PIER;M;4787404;-391853;290
201500021740;15;12;28;1705;1;2;1;2;2;39;RD 783;M;4788515;-391292;290
201500021741;15;3;11;1020;1;2;1;1;6;151;LEON (QUAI DE);M;4858350;-383436;290
201500021742;15;4;18;330;3;1;1;1;7;151;RN12;M;4859521;-383303;290
201500021743;15;7;22;1435;1;2;6;1;3;151;1, KERFRAVAL (ROND POINT;M;4858414;-381620;290
201500021744;15;8;8;1440;1;2;4;1;3;151;11 bis, BEAUMONT (COURS);M;4858781;-383705;290
201500021745;15;12;23;1720;1;2;1;8;5;254;, ST FRANCOIS (LIEU DIT);M;4860088;-384686;290
201500021746;15;1;10;20;3;1;1;2;1;151;CD 786 ROUTE DE MORLAIX;M;4860282;-380050;290
201500021747;15;1;13;1415;1;1;1;1;6;384;;M;4780016;522479;520
201500021748;15;2;6;730;2;1;1;1;2;355;;M;4780549;522444;520
201500021749;15;5;13;1630;1;1;1;1;7;74;;M;4808002;561395;520
201500021750;15;5;23;445;3;1;1;1;6;282;;M;4799093;512557;520
201500021751;15;10;7;1345;1;1;9;1;2;27;;M;4773299;519405;520
201500021752;15;10;15;1715;1;1;1;1;2;205;;M;4800418;511193;520
201500021753;15;11;27;1300;1;1;9;1;1;147;;M;4782381;522540;520
201500021754;15;12;2;1800;3;1;1;1;6;258;;M;4808827;484797;520
201500021755;15;12;22;530;3;1;1;1;6;189;;M;4771162;518825;520
201500021756;15;12;27;200;3;1;1;5;6;42;;M;4791018;522226;520
201500021757;15;12;27;1800;3;1;1;1;6;258;;M;4808937;483775;520
201500021758;15;4;30;830;1;1;3;1;3;690;;M;0;0;570
201500021759;15;7;1;2000;1;1;6;1;6;576;;M;0;0;570
201500021760;15;11;24;1730;5;2;1;1;6;224;11 Rue Principale;M;0;0;570
201500021761;15;12;29;1500;1;1;1;8;6;690;Rue Alexandre Dreux;M;4908596;668024;570
201500021762;15;2;20;1415;1;1;2;2;3;409;;M;4959202;18751;760
201500021763;15;4;22;1700;1;1;2;1;3;167;;M;4960928;15317;760
201500021764;15;6;23;1115;1;2;1;1;6;534;Dйpartementale 32;M;4958659;21051;760
201500021765;15;10;18;600;4;1;6;1;6;404;;M;4957765;24010;760
201500021766;15;7;18;1215;1;1;1;1;2;256;;M;4736110;205231;410
201500021767;15;8;5;315;3;1;9;1;2;232;;M;4742170;201977;410
201500021768;15;8;6;345;4;1;1;1;7;256;;M;4131204;204947;410
201500021769;15;8;13;800;1;1;1;1;6;46;;M;4762891;195701;410
201500021770;15;8;18;2000;1;1;1;1;7;232;;M;4737045;205384;410
201500021771;15;11;29;2045;3;1;1;8;4;232;;M;4740420;203022;410
201500021772;15;12;9;1045;1;1;1;5;6;161;;M;4749739;200651;410
201500021773;15;1;1;1955;5;2;2;8;7;232;., DUPLEIX BOULEVARD;M;4799430;-410423;290
201500021774;15;1;2;1850;2;1;1;1;7;232;., VOIE ROMAINE LA;M;4802049;-409290;290
201500021775;15;2;12;1150;1;2;6;1;6;232;LE GUENNEC LOUIS BOULEVA;M;4798743;-410957;290
201500021776;15;12;15;1115;1;1;1;3;7;232;., VOIE EXPRESS QUIMPER;M;4798562;-402270;290
201500021777;15;1;3;1710;4;1;1;1;7;232;., DOUARNENEZ ROUTE DE;M;4799848;-412290;290
201500021778;15;2;21;1005;1;1;1;1;7;232;., VOIE EXPRESS QUIMPER;M;4800524;-406021;290
201500021779;15;1;5;1425;1;1;1;8;7;232;VOIE EXPRESS QUIMPER;M;4799555;-404695;290
201500021780;15;3;11;2201;3;1;1;1;6;232;RN165 Stangala;M;4800440;-406009;290
201500021781;15;1;5;1635;1;2;1;1;2;232;SAINT MARC RUE;M;4799631;-410978;290
201500021782;15;3;15;1645;1;1;1;1;6;232;POULGUINAN BOULEVARD;M;4798181;-412020;290
201500021783;15;1;6;845;2;2;6;1;2;232;CORAY ROUTE DE;M;4799480;-407239;290
201500021784;15;3;20;1240;1;2;2;1;3;232;AMIRAL RONARC'H RUE;M;4799502;-410812;290
201500021785;15;1;7;1848;4;2;1;1;3;232;46, ZOLA  EMILE IMPASSE;M;4798399;-409834;290
201500021786;15;3;27;1910;2;1;6;2;2;232;PRESIDENT ALLENDE BOULEV;M;4800340;-408364;290
201500021787;15;1;9;1930;4;1;2;2;3;232;274, BENODET ROUTE DE;M;4796816;-408464;290
201500021788;15;3;15;5;3;1;3;1;1;51;CORAY ROUTE DE;M;4802912;-394975;290
201500021789;15;4;8;900;1;2;1;1;6;232;DUPLEIX BOULEVARD;M;4799505;-409791;290
201500021790;15;1;9;1950;3;1;1;9;7;232;Park Poullig rond point;M;4802995;-408723;290
201500021791;15;1;12;1630;1;1;3;1;2;232;PLOGONNEC ROUTE DE;M;4802355;-410802;290
201500021792;15;4;10;815;1;1;1;8;6;232;PLOGONNEC ROUTE DE;M;4806412;-417042;290
201500021793;15;4;12;1500;1;2;3;1;3;232;PRESIDENT ALLENDE BOULEV;M;4800174;-407892;290
201500021794;15;1;19;430;3;1;1;9;7;232;MORBIHAN AVENUE DU;M;4797867;-404985;290
201500021795;15;1;19;700;3;1;1;9;7;51;MOULIN DU FAOU;M;4799524;-399628;290
201500021796;15;4;13;340;5;2;1;1;6;232;3, 19 MARS 1962 RUE DU;M;4798866;-411106;290
201500021797;15;1;19;1901;1;2;1;1;7;232;FRANCE LIBRE  AVENUE DE;M;4800610;-409734;290
201500021798;15;4;15;1630;1;1;3;1;3;51;Stang Kermoysan;M;4799114;-399178;290
201500021799;15;1;22;1000;1;1;1;1;2;232;VOIE EXPRESS QUIMPER - B;M;4799801;-404891;290
201500021800;15;4;18;2020;2;1;3;1;3;232;DOUARNENEZ ROUTE DE;M;4799738;-411929;290
201500021801;15;1;22;1300;1;2;6;1;3;232;CROIX DES GARDIENS  ROND;M;4801032;-409595;290
201500021802;15;4;21;812;1;2;6;1;3;232;SEMINAIRE  ROND POINT DU;M;4799191;-411954;290
201500021803;15;1;22;1645;1;2;1;1;5;232;LOCMARIA ALLEE DE;M;4799246;-410732;290
201500021804;15;4;23;1640;1;2;3;7;3;232;TY BOS AVENUE DE;M;4798169;-407418;290
201500021805;15;1;23;1620;1;1;1;1;7;232;ROSPORDEN ROUTE DE;M;4799081;-406987;290
201500021806;15;3;29;1715;1;1;1;2;6;232;LOCRONAN ROUTE DE;M;4801832;-413569;290
201500021807;15;4;11;1520;1;1;1;1;4;232;LE GUENNEC LOUIS BOULEVA;M;4797931;-409593;290
201500021808;15;1;24;1354;1;1;3;1;7;232;BENODET ROUTE DE;M;4795150;-407640;290
201500021809;15;2;5;1430;1;1;1;8;7;232;LOCRONAN ROUTE DE;M;4801347;-412630;290
201500021810;15;4;30;2340;3;1;1;3;6;232;453, BREST ROUTE DE;M;4803942;-407253;290
201500021811;15;2;5;1650;1;2;6;1;3;232;TREQUEFFELEC  ROND POINT;M;4800339;-408389;290
201500021812;15;5;1;255;3;2;1;3;6;232;143, BENODET ROUTE DE;M;4797851;-409445;290
201500021813;15;12;19;2113;5;1;1;1;6;232;., CHAPEAU ROUGE RUE DU;M;4799631;-410689;290
201500021814;15;2;5;1945;5;2;2;1;3;232;DOUARNENEZ ROUTE DE;M;4800018;-411239;290
201500021815;15;5;5;1535;1;2;3;1;6;232;., MICHELET RUE;M;4798805;-410951;290
201500021816;15;2;9;1435;1;2;6;1;3;232;BECHARLES  ROND POINT;M;4801578;-408741;290
201500021817;15;5;4;1730;1;1;6;3;1;232;Park Poullig rond point;M;4802974;-408802;290
201500021818;15;5;1;1350;1;1;1;1;7;232;., POULGUINAN BOULEVARD;M;4798511;-411138;290
201500021819;15;2;14;55;5;2;2;9;3;232;LOCMARIA ALLEE DE;M;4799204;-410801;290
201500021820;15;5;16;1705;1;1;1;1;3;232;., KERUSTUM  ROND POINT;M;4797941;-409516;290
201500021821;15;2;14;1530;1;2;1;1;6;232;4, MADEC RENE RUE;M;4799434;-410598;290
201500021822;15;5;12;850;1;1;1;1;1;232;BENODET ROUTE DE;M;4795701;-408217;290
201500021823;15;2;14;1655;1;1;6;1;3;232;BREST ROUTE DE;M;4802972;-408785;290
201500021824;15;5;16;1940;1;1;1;1;2;232;98, LE GOFFIC CHARLES RU;M;4798556;-406275;290
201500021825;15;5;19;1037;1;1;1;2;2;232;POULGUINAN PONT DE;M;4798430;-411436;290
201500021826;15;5;21;850;1;2;3;1;4;232;VILLARD  ABEL RUE;M;4800670;-406320;290
201500021827;15;5;30;1908;1;1;1;1;7;232;., LENDU ROUTE DU;M;4793784;-406560;290
201500021828;15;5;31;1930;1;2;1;1;6;232;., OISEAUX AVENUE DES;M;4799241;-412323;290
201500021829;15;6;1;1230;1;2;1;1;3;232;ERGUE ARMEL  ROND POI;M;4798288;-407538;290
201500021830;15;6;4;1850;1;2;2;1;6;232;18, PARC RUE DU;M;4799455;-410445;290
201500021831;15;6;5;1600;1;2;6;1;6;232;., CREAC'H GWEN  ROND PO;M;4797501;-409793;290
201500021832;15;6;10;1200;1;2;8;1;2;232;17, BREST RUE DE;M;4799747;-409878;290
201500021833;15;6;23;2100;1;2;6;1;3;232;., FRERES MAILLET  ROND;M;4800018;-408929;290
201500021834;15;6;17;1350;1;2;1;1;2;232;., ERGUE ARMEL BOULEVARD;M;4798373;-407462;290
201500021835;15;6;23;1930;1;2;1;1;3;232;AVENUE DE KERADENNEC;M;4797625;-407761;290
201500021836;15;7;2;1910;1;2;1;1;3;232;4, COUEDIC RUE DU;M;4799601;-411015;290
201500021837;15;7;3;1110;1;2;1;1;2;232;57, DUPLEIX BOULEVARD;M;4799462;-410246;290
201500021838;15;7;7;1035;1;1;1;1;2;51;., CORAY ROUTE DE;M;4800920;-402697;290
201500021839;15;7;20;830;1;2;6;1;7;232;., ERGUE ARMEL BOULEVARD;M;4798363;-407477;290
201500021840;15;7;22;815;1;2;6;1;2;232;LE GUENNEC LOUIS BOULEVA;M;4798774;-410935;290
201500021841;15;7;22;40;5;2;1;1;1;232;LOCMARIA ALLEE DE;M;4799225;-410757;290
201500021842;15;7;24;1645;1;2;6;2;3;51;STANGALA ROUTE;M;4800451;-405860;290
201500021843;15;7;25;2330;3;1;3;1;3;232;BENODET ROUTE DE;M;4793406;-406923;290
201500021844;15;7;26;1835;1;1;1;2;4;232;LE GUENNEC LOUIS BOULEVA;M;4798018;-410107;290
201500021845;15;7;31;1736;1;1;1;1;4;232;-, LE GUENNEC LOUIS BOUL;M;4798105;-410023;290
201500021846;15;8;6;1850;1;2;2;1;6;232;4, FALKIRK RUE DE;M;4799536;-410818;290
201500021847;15;8;7;1045;1;2;2;1;2;51;., ROUILLEN AVENUE;M;4799933;-405438;290
201500021848;15;8;13;1810;1;1;1;1;7;232;., MORBIHAN AVENUE DU;M;4797808;404242;290
201500021849;15;8;15;1550;1;2;3;1;2;232;, PONTIGOU RUE DU;M;4800101;-411312;290
201500021850;15;9;1;2047;1;2;1;1;3;232;15, ROZARGUER RUE DE;M;4796939;-411744;290
201500021851;15;9;1;1840;1;1;1;1;7;232;LOCRONAN ROUTE DE;M;4801323;-412608;290
201500021852;15;8;21;1800;1;1;1;1;1;232;34, TERRE NOIRE RUE DE L;M;4799687;-412200;290
201500021853;15;7;31;1230;1;1;1;1;4;232;., LIBERATION AVENUE DE;M;4799239;-408837;290
201500021854;15;8;11;2325;3;1;1;9;6;232;PRESIDENT ALLENDE BOULEV;M;4800069;-407667;290
201500021855;15;7;10;2305;5;2;3;1;3;232;FRANCE LIBRE  AVENUE DE;M;4800292;-409895;290
201500021856;15;9;7;1520;1;2;1;1;2;232;92, TY BOS AVENUE DE;M;4797764;-407019;290
201500021857;15;9;14;810;1;2;1;2;7;232;TOUL SABLE  ROND POINT D;M;4797298;-409414;290
201500021858;15;9;14;1830;1;2;6;3;3;232;., ERGUE ARMEL  ROND POI;M;4798319;-407552;290
201500021859;15;9;11;1520;1;2;1;1;1;232;37, JACOB  MAX RUE;M;4798911;-411673;290
201500021860;15;9;21;1925;1;2;1;1;3;232;SEMINAIRE  ROND POINT DU;M;4799197;-411932;290
201500021861;15;9;24;1045;1;2;3;1;6;232;102, BENODET RUE DE;M;4798211;-410260;290
201500021862;15;9;29;1640;1;2;1;1;7;232;BLUM  LEON RUE;M;4798330;-407564;290
201500021863;15;10;1;837;1;2;1;1;6;232;., REMSCHEID AVENUE DE;M;4798223;-409445;290
201500021864;15;9;30;1200;1;1;3;1;2;232;., REMSCHEID AVENUE DE;M;4798139;-409668;290
201500021865;15;10;5;605;5;2;3;2;6;232;TY BOS AVENUE DE;M;4797730;-406984;290
201500021866;15;10;5;1730;1;1;1;1;1;51;CORAY ROUTE DE;M;4802613;-396670;290
201500021867;15;10;6;1205;1;2;1;1;2;232;123, LIBERATION AVENUE D;M;4799169;-408169;290
201500021868;15;10;18;1229;1;2;1;1;2;232;1, CARTIER JACQUES RUE;M;4799558;409644;290
201500021869;15;10;22;1337;1;1;1;1;3;232;LE BOURHIS  LOUIS RUE;M;4798293;-403259;290
201500021870;15;10;27;753;1;2;1;3;2;232;124, BREST ROUTE DE;M;4801001;-408132;290
201500021871;15;11;3;1445;1;2;1;1;6;232;FALKIRK RUE DE;M;4799532;-410837;290
201500021872;15;11;5;1640;1;2;9;2;6;232;1, KEROMNES RUE DE;M;4798335;-406899;290
201500021873;15;11;6;1020;1;1;1;3;7;232;, BREST ROUTE DE;M;4800878;-408256;290
201500021874;15;11;5;1830;2;2;2;2;3;232;JUNIVILLE RUE;M;4799523;-410002;290
201500021875;15;10;20;2000;5;2;1;1;6;232;24, BRIAND  ARISTIDE RUE;M;4799493;-409654;290
201500021876;15;11;14;1355;1;1;2;1;3;51;., CORAY ROUTE DE;M;4800484;-403282;290
201500021877;15;11;19;1015;1;2;1;2;2;232;., TY BOS AVENUE DE;M;4798272;-407437;290
201500021878;15;11;20;1825;2;2;3;1;3;232;., MOULIN VERT RUE DU;M;4800268;-411441;290
201500021879;15;11;24;1052;1;2;1;1;1;232;., MONTAIGNE RUE;M;4798404;-410342;290
201500021880;15;11;25;1000;1;2;3;2;6;232;19 MARS 1962 RUE DU;M;4798812;-410947;290
201500021881;15;11;26;1250;1;2;6;2;3;232;., BECHARLES  ROND POINT;M;4801579;-408737;290
201500021882;15;11;21;1230;1;2;1;1;3;232;DOUARNENEZ RUE DE;M;4799847;-411076;290
201500021883;15;12;1;915;1;1;1;1;5;232;., GUTENBERG BOULEVARD;M;4798131;-407854;290
201500021884;15;12;2;2207;3;1;1;1;7;51;CORAY ROUTE DE;M;4802708;-396793;290
201500021885;15;12;3;215;3;2;1;1;6;232;1, CORAY ROUTE DE;M;4799404;-406902;290
201500021886;15;11;15;2235;3;2;1;1;6;232;BREST ROUTE DE;M;4804611;-407041;290
201500021887;15;11;25;945;1;2;1;2;6;232;6, BARBUSSE HENRI RUE;M;4799061;-407536;290
201500021888;15;12;5;1905;5;2;1;1;4;232;15, GIRONDINS AVENUE DES;M;4799030;-413267;290
201500021889;15;10;23;1345;1;2;1;1;7;232;ERGUE ARMEL  ROND POINT;M;4798284;-407426;290
201500021890;15;12;7;815;2;1;1;1;7;232;VIEILLE ROUTE DE BRIEC;M;4802680;-408732;290
201500021891;15;12;15;1815;5;2;1;1;1;51;ROUILLEN AVENUE;M;4800064;-404872;290
201500021892;15;12;17;1335;1;2;6;2;3;232;., BRADEN  ROND POINT DU;M;4798256;-408180;290
201500021893;15;12;17;1220;1;2;1;8;6;232;., POULGUINAN BOULEVARD;M;4798414;-411456;290
201500021894;15;12;17;2120;5;2;1;2;6;232;., KERFILY RUE DE;M;4799846;-408073;290
201500021895;15;12;28;1140;1;2;1;1;6;232;., SCHOELCHER VICTOR PLA;M;4798546;-408364;290
201500021896;15;12;31;845;3;1;6;1;6;232;Park Poullig rond point;M;4803220;-408368;290
201500021897;15;12;31;1145;1;2;1;1;6;232;7, POMPIDOU GEORGES AVEN;M;4798287;-407212;290
201500021898;15;4;20;900;1;1;1;1;3;371;;M;4919953;593360;540
201500021899;15;7;22;1930;1;1;1;1;2;2;;M;4919525;586498;540
201500021900;15;8;10;115;3;1;1;1;7;400;;M;0;0;550
201500021901;15;8;29;845;1;1;1;1;7;557;;M;0;0;550
201500021902;15;1;19;2030;3;2;1;1;1;395;Bld Pierre COUBERTIN;M;4922334;214758;600
201500021903;15;1;23;2330;3;1;1;1;7;395;;M;4924918;212817;600
201500021904;15;2;12;1730;1;1;1;5;1;88;;M;4920352;220046;600
201500021905;15;3;3;30;3;1;1;8;6;395;;M;4926655;211564;600
201500021906;15;4;28;15;3;1;1;1;6;10;;M;4921910;211932;600
201500021907;15;6;22;1700;1;2;1;2;1;218;rue nationale;M;4921591;217214;600
201500021908;15;6;26;1645;1;2;1;1;7;12;rue de Mйru;M;4925889;215896;600
201500021909;15;6;26;1245;1;1;1;1;7;10;;M;4922227;210082;600
201500021910;15;7;16;930;1;2;1;1;6;532;Lieux dit Valeureux;M;4928723;208811;600
201500021911;15;7;8;2030;1;1;1;1;1;532;;M;4928628;209094;600