num_acc;an;mois;jour;hrmn;lum;agg;int;atm;col;com;adr;gps;lat;long;dep
201500021912;15;7;31;1030;1;2;1;1;2;88;D 105, route de Gisors;M;4919449;217913;600
201500021913;15;10;25;1215;1;2;9;1;6;395;rue des martyrs;M;4923863;213374;600
201500021914;15;11;17;745;2;2;1;2;6;88;RUE DU 11 NOVEMBRE;M;4919854;221258;600
201500021915;15;1;2;2350;5;2;2;1;3;7;., FAUBOURG DU SOLEIL (R;M;4412003;407896;300
201500021916;15;2;27;1245;1;2;1;1;6;7;NIMES (ROUTE DE);;;;300
201500021917;15;11;20;2345;5;2;6;2;1;7;ALSACE (ROUTE D');M;4413530;408397;300
201500021918;15;3;11;844;1;2;1;1;6;7;., BARBUSSE (PLACE HENRI;M;4412379;408035;300
201500021919;15;12;5;1720;1;2;1;1;1;7;GARDON (QUAI DU);M;4411301;409415;300
201500021920;15;1;26;1545;1;2;1;1;2;7;BAGNOLS (ROUTE DE);M;4412963;410629;300
201500021921;15;3;16;1615;1;2;1;1;6;243;DE GAULLE (AVENUE);M;4408554;407730;300
201500021922;15;12;7;1245;1;1;1;1;6;7;3, SAINT MARTIN (ROUTE D;M;4414679;408656;300
201500021923;15;4;11;1530;1;2;1;1;5;7;MALADRERIES (AVE DES);;;;300
201500021924;15;1;31;2355;5;2;1;1;6;7;FAUBOURG DU SOLEIL (RUE;M;4412000;407899;300
201500021925;15;12;2;1600;1;2;6;1;6;7;4, FAUBOURG D'AUVERGNE (;M;4412751;407896;300
201500021926;15;12;17;1920;4;2;3;1;3;7;626, RAMEAU (AVE JEAN-PH;M;4413280;411027;300
201500021927;15;3;18;1010;1;2;1;1;3;7;SAINT MARTIN (ROUTE DE);;;;300
201500021928;15;1;7;600;5;2;1;1;6;7;CARNOT (AVE);;;;300
201500021929;15;2;17;1955;1;2;1;1;1;7;CROUPILLAC (AVE DE);;;;300
201500021930;15;12;29;1645;1;2;1;1;5;7;GAGARINE (AVE YOURI);M;4412875;409999;300
201500021931;15;5;10;2045;2;2;1;1;7;243;MONTEZE (ROUTE DE);;;;300
201500021932;15;2;28;708;1;2;1;1;1;7;02, KILMARNOCK (QUAI);M;4412619;407317;300
201500021933;15;12;21;1815;5;2;3;1;6;7;FLORIAN (RUE);M;4412360;408176;300
201500021934;15;2;26;1250;1;2;1;1;3;7;BOULLE (RUE ANDRE);;;;300
201500021935;15;12;21;1540;1;2;2;1;3;7;BROUZEN (PONT DE);M;4413375;407829;300
201500021936;15;5;7;1520;1;2;1;1;6;7;CARNOT (AVE);;;;300
201500021937;15;5;29;1400;1;2;1;1;6;7;MOULIN (GRAND' RUE JEAN);;;;300
201500021938;15;3;5;720;1;2;1;1;6;7;FAUBOURG DU SOLEIL (RUE;M;4411798;408033;300
201500021939;15;3;9;1730;1;2;1;1;6;7;., RIBOT (AVE GASTON);M;4413825;408750;300
201500021940;15;3;24;1345;1;2;1;1;6;7;JAURES (QUAI JEAN);;;;300
201500021941;15;4;16;1900;1;2;1;2;6;7;ALSACE (ROUTE D');M;4413928;408861;300
201500021942;15;4;11;1140;1;2;1;1;6;7;DE GAULLE (AVE DU GENERA;;;;300
201500021943;15;6;10;1840;1;2;1;1;6;7;GOUBERT (AVE DOCTEUR JEA;;;;300
201500021944;15;6;13;2300;5;2;1;1;3;7;., DUMAS (AVE JEAN-BAPTI;M;4413391;407996;300
201500021945;15;6;23;1356;1;2;1;1;1;7;GRABIEUX (ROUTE DU PONT;;;;300
201500021946;15;6;29;1825;1;2;1;1;6;7;CASSIN (RUE RENE);M;4411091;410439;300
201500021947;15;6;28;216;1;2;1;1;3;7;ALSACE (ROUTE D');M;4413782;408603;300
201500021948;15;8;6;2100;2;2;1;1;6;7;MONGE (AVENUE);;;;300
201500021949;15;8;11;1015;1;2;1;1;6;7;50, ALBERT 1ER (RUE);;;;300
201500021950;15;9;8;2122;5;2;1;1;6;7;JUIN (AVE DU MARECHAL);M;0;0;300
201500021951;15;9;18;1130;1;2;1;1;6;7;NEUF (PONT);M;4412106;408477;300
201500021952;15;9;25;1845;1;2;1;1;3;7;LANGEVIN (AVE PAUL);;;;300
201500021953;15;10;28;1215;1;1;1;3;6;243;1129 ROUTE DE LEZAN;M;4407132;407135;300
201500021954;15;11;27;800;1;2;3;1;6;7;LANGEVIN (AVE PAUL);M;4413523;408472;300
201500021955;15;11;2;1335;1;2;1;1;6;7;LUMIERES (AVE DES FRERES;M;4413932;408893;300
201500021956;15;11;30;920;1;2;2;1;3;7;CHOTARD (RUE DES FRERES);M;4412250;408340;300
201500021957;15;10;20;1830;2;2;3;1;4;7;RIBOT (AVE GASTON);M;4413517;408968;300
201500021958;15;11;5;1220;1;2;1;1;6;7;JAURES (QUAI JEAN);M;4412139;407556;300
201500021959;15;11;11;1230;1;1;6;1;3;7;MONGE (AVENUE);M;4414585;410106;300
201500021960;15;12;15;1926;5;2;6;1;6;7;CARNOT (AVE);M;4412128;408030;300
201500021961;15;12;16;1615;1;1;1;1;3;7;31, PELLOUTIER (RUE FERN;M;4411785;408197;300
201500021962;15;12;16;1245;1;1;1;1;1;7;ROYALE (ROUTE DE LA );M;4414493;407296;300
201500021963;15;11;20;1815;1;2;1;1;1;7;ONZE NOVEMBRE 1918 (QUAI;M;4413372;407831;300
201500021964;15;11;16;1700;1;2;1;1;6;7;28, BOISSIER DE SAUVAGE;M;4412700;407583;300
201500021965;15;2;17;1120;1;2;1;1;3;28;10, AVIGNON (ROUTE D');M;4415334;464518;300
201500021966;15;11;17;845;1;2;1;1;6;28;8, MAYRE (AVENUE DE LA);M;4415891;462425;300
201500021967;15;3;2;1330;1;2;1;1;6;28;VINCENT AURIOL (AVENUE);M;4415982;461825;300
201500021968;15;3;15;1135;1;2;1;2;2;28;1, ROUTE D'AVIGNON;;;;300
201500021969;15;3;24;1200;1;2;1;1;2;28;10, VIGAN BRAQUET (AVENU;M;4416676;461206;300
201500021970;15;4;16;1000;1;2;1;1;6;28;ALEGRE (RUE LEON);M;4416390;462188;300
201500021971;15;4;4;1630;1;2;1;1;1;28;2, ROUTE DE NIMES;M;4414873;461562;300
201500021972;15;5;6;1150;1;2;1;1;4;28;AVIGNON (ROUTE D');;;;300
201500021973;15;4;24;1830;1;2;6;1;6;28;1, CEVENNES (ROND-POINT;M;4416702;461206;300
201500021974;15;5;7;1035;1;2;3;1;3;28;1, MAYRE (AVENUE DE LA);M;4415788;462350;300
201500021975;15;6;8;1535;1;2;1;1;1;28;AVIGNON (ROUTE D');M;4415525;464069;300
201500021976;15;5;23;340;5;2;1;1;6;28;2101, DAUDET (AVENUE ALP;M;4414376;461008;300
201500021977;15;6;13;1210;1;1;1;1;2;28;ROUTE DE PONT SAINT ESPR;M;4417872;461952;300
201500021978;15;6;20;1620;1;2;1;1;6;28;2, ANDRE (RUE ALBERT);M;4416158;461993;300
201500021979;15;6;10;1620;1;2;1;4;6;28;191, DE LATTRE DE TASSIG;M;4416792;461443;300
201500021980;15;7;3;1815;1;2;1;1;6;28;500, ALPHONSE DAUDET (AV;M;4415750;461336;300
201500021981;15;6;29;1845;1;2;1;1;2;28;MARECHAL DE LATTRE DE TA;M;4416849;461567;300
201500021982;15;7;7;1730;1;2;1;1;3;28;ALPHONSE DAUDET (AVENUE);M;4414480;461031;300
201500021983;15;7;16;2030;2;2;3;1;3;28;1, CHARRIER (AVENUE);M;4416128;462441;300
201500021984;15;8;11;1145;1;2;1;1;2;28;435, ROUTE DE PONT SAINT;M;4417550;461989;300
201500021985;15;8;20;1610;1;2;1;1;6;28;12, SAINT VICTOR (RUE);M;4416130;462169;300
201500021986;15;7;25;845;1;2;6;1;2;28;1, MALRAUX (ROND POINT);M;4415490;461611;300
201500021987;15;9;24;640;5;2;3;1;3;28;1, AVIGNON (ROUTE D');M;4415651;463639;300
201500021988;15;9;18;1450;1;1;1;1;2;28;1, SAINT GERVAIS (ROUTE);M;4417661;461968;300
201500021989;15;11;12;955;1;2;1;1;6;28;MAYRE (AVENUE DE LA);M;4415561;461880;300
201500021990;15;12;11;900;2;2;6;1;3;28;COMMANDO VIGAN BRAQUET (;M;4416021;461154;300
201500021991;15;12;17;900;1;2;1;1;6;28;1, THEODORE LACOMBE (BOU;M;4416225;462261;300
201500021992;15;12;21;1720;2;2;1;2;6;28;66, ROUTE DE NIMES;M;4414993;461581;300
201500021993;15;12;25;1315;1;1;1;1;6;28;ORSAN (ROUTE D');M;0;0;300
201500021994;15;1;1;325;5;2;1;1;6;189;BOUQUERIE (SQUARE);M;4384021;435699;300
201500021995;15;3;17;735;2;2;3;2;3;189;PRIMEVERES (CHEMIN);M;4385481;432175;300
201500021996;15;12;7;1800;2;2;1;1;2;189;MENDES FRANCE PIERRE (AV;M;4381759;439125;300
201500021997;15;1;4;1156;1;2;3;1;2;189;TOUR DE L'EVEQUE (RUE);M;4382330;437126;300
201500021998;15;3;18;2125;3;1;1;1;1;189;CANAUX (CHEMIN);M;0;0;300
201500021999;15;11;23;1834;5;2;1;6;1;189;DON SAUVEUR PAGANELLI (R;;;;300
201500022000;15;1;4;2000;5;2;1;1;3;189;SAUVE (ROUTE);;;;300
201500022001;15;3;20;1354;1;2;3;1;3;189;GENERAC (ROUTE);M;4382170;435945;300
201500022002;15;11;24;1330;1;2;1;1;6;189;GALILEE (RUE, PLACE OU I;;;;300
201500022003;15;1;5;1037;1;2;1;1;7;189;MAS DE CHEYLON;;;;300
201500022004;15;3;21;115;5;2;1;1;7;189;ALLENDE SALVADOR (RUE);M;4383332;438596;300
201500022005;15;12;26;1200;1;2;2;1;3;189;0, PRIMEVERES (CHEMIN);M;4385481;432172;300
201500022006;15;1;5;1445;1;2;1;1;4;189;SAINT GILLES (ROUTE);;;;300
201500022007;15;3;19;1700;1;2;3;1;1;189;DE LATTRE DE TASSIGNY (A;M;4384349;438520;300
201500022008;15;11;23;1142;1;1;2;1;3;189;JAURES JEAN (BOULEVARD);M;4383610;435278;300
201500022009;15;1;9;1250;1;2;4;1;3;189;122, KENNEDY (AVENUE);M;4382892;433591;300
201500022010;15;3;23;850;1;2;3;1;6;189;TALABOT (BOULEVARD);M;4383831;437234;300
201500022011;15;12;28;1750;5;2;3;1;3;189;MARECHAL JUIN (BOULEVARD;M;4382116;434754;300
201500022012;15;1;11;1525;1;2;1;1;1;189;39SERRE PARADIS (CHEMIN);M;4384651;438076;300
201500022013;15;3;21;1340;1;2;3;2;3;189;VIDAL EMILE (RUE);M;4382231;436230;300
201500022014;15;1;12;1010;1;2;4;1;3;189;ALES (ROUTE);;;;300
201500022015;15;3;24;1845;5;1;1;2;6;189;ARTS (AVENUE);;;;300
201500022016;15;11;6;1800;5;1;1;1;4;189;GENERAC (ROUTE);;;;300
201500022017;15;1;15;1915;5;2;1;1;3;189;GARNIER TONY (RUE);M;4381512;434612;300
201500022018;15;3;21;1720;1;2;1;2;3;189;RUE PAUL LAURENT;M;4380901;436488;300
201500022019;15;11;12;1628;1;2;1;1;2;189;ALLENDE SALVADOR (RUE);;;;300
201500022020;15;1;16;1250;1;2;3;2;5;189;88, BEAUCAIRE (ROUTE);M;4383768;438093;300
201500022021;15;3;24;1220;1;2;3;1;3;189;DHUODA (RUE);M;4382751;435585;300
201500022022;15;11;6;1617;1;2;1;1;6;189;0, TRIAIRE SERGENT (BOUL;;;;300
201500022023;15;1;17;1505;1;2;2;1;7;189;LESCOT PIERRE (RUE);M;4381659;434998;300
201500022024;15;3;24;2100;5;2;3;2;3;189;ENCLOS GOUBERT (RUE OU I;M;4383972;437916;300
201500022025;15;12;14;1409;1;1;3;1;6;189;TALABOT (BOULEVARD);M;4383380;436721;300
201500022026;15;1;17;2125;5;2;6;1;2;189;BEAUCAIRE (ROUTE);M;4383692;438769;300
201500022027;15;3;27;2035;5;1;1;1;2;189;BOISSY D ANGLAS (ALLEE);M;4383292;436805;300
201500022028;15;12;30;1450;1;2;1;1;2;189;10, ABRIVADO (RUE);M;4383736;439294;300
201500022029;15;1;19;1955;5;2;1;2;1;189;22, RUSSAN (CHEMIN OU RO;M;4384832;436189;300
201500022030;15;3;31;1010;1;1;3;1;3;189;POULX (ROUTE DE);M;4389201;441885;300
201500022031;15;12;25;240;5;2;2;1;3;189;ALLENDE SALVADOR (RUE);M;4382873;437699;300
201500022032;15;1;20;1315;1;2;1;1;6;189;DAUMIER (RUE);M;0;0;300
201500022033;15;3;31;1400;1;2;3;1;3;189;SAUVE (RUE);M;4383785;434990;300
201500022034;15;12;31;2320;3;1;1;1;7;189;ALES (ROUTE);M;4387055;432194;300
201500022035;15;1;20;1845;5;2;3;1;7;189;ROUGET DE LISLE (RUE);M;4384047;435540;300
201500022036;15;4;1;1740;1;2;9;1;3;189;baillet claude;M;4381181;436217;300
201500022037;15;1;22;840;1;2;2;1;3;189;1, DUBOIS MARIUS (RUE);M;4385049;437454;300
201500022038;15;4;3;1510;1;1;1;1;2;189;18, FAITA VINCENT (RUE);M;4384165;436717;300
201500022039;15;1;23;1651;1;2;1;1;7;189;TRIAIRE SERGENT (BOULEVA;M;4382971;436179;300
201500022040;15;4;6;2055;5;2;3;1;1;189;ROBERVAL GILLES (RUE OU;M;4382706;433142;300
201500022041;15;1;23;2315;5;2;1;1;7;189;CES PHILIPPE LAMOUR;M;4383265;438488;300
201500022042;15;1;26;1741;1;2;6;1;3;189;ALLENDE SALVADOR (RUE);M;4381606;434819;300
201500022043;15;4;10;1730;1;1;1;1;6;189;UZES (ROUTE D');M;4385181;437678;300
201500022044;15;1;27;740;1;2;1;1;6;189;222, KENNEDY (AVENUE);M;4383192;434669;300
201500022045;15;4;11;1150;1;2;3;1;2;189;ALGER (RUE);M;4383280;437942;300
201500022046;15;2;2;1750;5;2;6;1;6;189;GAMEL PIERRE (AVENUE);M;4382503;436198;300
201500022047;15;4;13;1950;1;2;3;1;3;189;ODELIN JEAN (RUE);M;4385126;439950;300
201500022048;15;12;24;330;3;2;1;1;7;189;Route D‚partementale 135;M;4383519;442829;300
201500022049;15;2;2;1730;3;2;1;1;6;189;BOSCO HENRI (RUE);M;4384875;435146;300
201500022050;15;4;15;1530;1;2;2;1;5;189;40 TER, TILLEULS (RUE);M;4383358;435027;300
201500022051;15;2;3;110;5;2;3;1;3;189;AVIGNON (ROUTE);M;4384162;437679;300
201500022052;15;4;17;950;1;2;3;1;6;189;POMPIDOU GEORGES (AVENUE;M;4383217;434975;300
201500022053;15;2;3;815;2;2;1;1;2;189;ALLENDE SALVADOR (RUE);M;0;0;300
201500022054;15;4;17;1955;1;2;1;1;6;189;HOTEL DIEU (RUE);;;;300
201500022055;15;2;4;1830;2;2;1;1;5;189;BOEGNER PASTEUR MARC (BO;;;;300
201500022056;15;4;21;643;2;2;3;1;4;189;DAYAN GEORGES (AVENUE);M;4382034;434027;300
201500022057;15;12;4;1350;1;2;1;1;5;189;KENNEDY (AVENUE);;;;300
201500022058;15;2;8;1;5;2;2;1;2;189;PREMIERE DIVISION FRANCA;M;4380750;437164;300
201500022059;15;4;23;1720;1;2;3;1;2;189;CLERISSEAU (RUE);M;4384136;435789;300
201500022060;15;12;19;2225;5;2;2;2;3;189;POMPIDOU GEORGES (AVENUE;M;4383779;434515;300
201500022061;15;2;13;1305;1;2;3;1;3;189;MONTJARDIN (RUE);M;4383569;436532;300
201500022062;15;4;17;2240;5;2;1;1;2;189;MARECHAL JUIN (BOULEVARD;M;4382106;434731;300
201500022063;15;2;13;1943;5;2;3;1;3;189;CIGALE (CHEMIN);M;4384103;434105;300
201500022064;15;4;19;230;5;2;2;1;3;189;FRANCE ANATOLE (RUE);M;4384027;436664;300
201500022065;15;2;14;1945;5;2;2;2;3;189;22, SULLY (RUE);M;4384360;436906;300
201500022066;15;4;24;1715;1;2;1;1;3;189;SAUVE (ROUTE);M;4385092;428151;300
201500022067;15;2;19;2345;5;2;1;1;2;189;ALLENDE SALVADOR (RUE);M;0;0;300
201500022068;15;4;30;900;1;2;3;1;3;189;CANTE-PERDRIX (CHEMIN);M;4381362;430604;300
201500022069;15;2;25;1430;1;2;3;1;2;189;ALES (ROUTE);M;4387188;431987;300
201500022070;15;5;2;1410;1;2;1;1;3;189;GENERAC (ROUTE);;;;300
201500022071;15;2;26;1310;1;2;1;1;2;189;BOEGNER PASTEUR MARC (BO;;;;300
201500022072;15;5;2;1930;1;2;3;1;3;189;SAINTE PERPETUE (RUE);M;4383280;436944;300
201500022073;15;3;6;1340;1;2;3;1;3;189;MAS DE CHEYLON;;;;300
201500022074;15;4;30;1545;1;2;1;1;3;189;34, TRIAIRE SERGENT (BOU;M;4382946;436165;300
201500022075;15;3;10;1620;1;2;3;1;1;189;144, CROIX DE VAUVERT (C;M;4381969;434664;300
201500022076;15;3;12;1050;1;2;3;1;3;189;LIBERTE (AVENUE);M;4382379;435434;300
201500022077;15;5;5;1410;1;2;6;1;3;189;FOUR A CHAUX (ROND POINT;M;4381414;433478;300
201500022078;15;3;13;1535;1;2;7;1;3;189;SEVERINE (IMPACE OU PLAC;M;4383021;435234;300
201500022079;15;5;12;1810;1;2;1;1;6;189;1311, MARECHAL JUIN (BOU;M;4381857;434197;300
201500022080;15;3;14;1600;1;2;1;1;2;189;FRANCAIS LIBRES (BD);M;4383103;432286;300
201500022081;15;5;9;2210;5;2;1;1;7;189;VICTOR PAUL EMILE  (ROND;M;4381750;434694;300
201500022082;15;3;15;625;5;2;6;2;7;189;1* DIVISION FRANCAISE LI;M;4382350;432792;300
201500022083;15;5;5;1248;1;2;1;1;7;189;LECLERC GENERAL (AVENUE);M;4382830;437306;300
201500022084;15;3;15;1900;5;2;1;2;5;189;ALES (ROUTE);M;4385473;433861;300
201500022085;15;5;15;1530;1;2;3;1;3;189;LYAUTEY MARECHAL (AVENUE;M;4382030;432386;300
201500022086;15;5;11;1335;1;2;1;1;6;189;, MONNET JEAN (COURS);;;;300
201500022087;15;5;22;314;5;2;3;1;6;189;MAS DE CHEYLON;M;4379235;434762;300
201500022088;15;5;27;1115;1;2;2;1;6;189;TRIAIRE SERGENT (BOULEVA;M;4382841;435993;300
201500022089;15;5;22;1130;1;2;2;1;3;189;GAMEL PIERRE (AVENUE);M;4382839;435994;300
201500022090;15;4;4;1215;1;2;1;1;6;189;4, GOELANDS (RUE OU PLAC;M;4383918;431697;300
201500022091;15;5;29;1445;1;2;1;1;3;189;129, AVIGNON (ROUTE);M;4384356;438201;300
201500022092;15;5;29;1630;1;2;1;1;6;189;CHABAUD MAX (RUE);;;;300
201500022093;15;5;28;915;1;2;4;1;2;189;LECLERC GENERAL (AVENUE);M;4383027;436992;300
201500022094;15;5;28;950;1;2;1;1;6;189;MARRONNIERS (RUE);M;4383081;436535;300
201500022095;15;5;15;2030;1;1;3;1;2;189;SAINT GILLES (ROUTE);M;4381514;436850;300
201500022096;15;5;11;840;1;2;1;1;6;189;ROUSSEAU  JEAN JACQUES (;M;4383672;438490;300
201500022097;15;5;25;1710;1;2;1;1;6;189;7, REPUBLIQUE (RUE);M;4383322;435925;300
201500022098;15;5;26;1240;1;2;1;1;7;189;7, BOISSIER GASTON (RUE);M;4383843;435367;300
201500022099;15;5;29;505;2;1;6;1;3;189;ALLENDE SALVADOR (RUE);M;4381759;434715;300
201500022100;15;6;1;1840;1;2;2;1;6;189;BIENFAISANCE (RUE);M;4383378;435152;300
201500022101;15;6;4;1850;1;2;1;1;6;189;44, TRIAIRE SERGENT (BOU;M;4382843;435973;300
201500022102;15;6;5;930;1;2;4;1;3;189;ALLENDE SALVADOR (RUE);M;4384741;439720;300
201500022103;15;6;4;1950;1;2;3;1;3;189;MONTPELLIER (ROUTE DE);M;4381079;432977;300
201500022104;15;6;13;1650;1;2;1;1;1;189;61, JAURES JEAN (BOULEVA;M;4382848;435308;300
201500022105;15;6;12;2315;3;2;1;1;2;189;BEAUCAIRE (ROUTE);;;;300
201500022106;15;6;19;918;1;1;1;1;1;189;KENNEDY (AVENUE);M;4381522;430423;300
201500022107;15;6;10;740;1;2;2;1;6;189;CITE FOULC (RUE);M;4383221;436076;300
201500022108;15;6;21;1845;1;2;3;1;3;189;MONTPELLIER (ROUTE DE);M;4381114;433025;300
201500022109;15;6;19;2050;2;2;2;1;3;189;BERGSON HENRI (RUE);M;4383519;437830;300
201500022110;15;6;21;1025;1;2;2;1;2;189;ALLENDE SALVADOR (RUE);M;4382428;436958;300
201500022111;15;6;24;1955;1;2;3;1;3;189;ANCIENS COMBATTANTS D IN;M;4384014;431910;300
201500022112;15;6;17;1914;1;2;2;1;3;189;NEPER (RUE);M;4382640;433176;300
201500022113;15;6;21;1340;1;2;2;1;3;189;JAURES JEAN (BOULEVARD);M;4382507;435406;300
201500022114;15;6;11;1100;1;2;1;1;3;189;MONSEIGNEUR CLAVERIE;M;4385493;439928;300
201500022115;15;6;20;2100;1;2;1;1;7;189;ROBERVAL GILLES (RUE OU;M;4382727;433200;300
201500022116;15;6;23;1255;1;2;1;1;3;189;BOISSIER GASTON (RUE);M;4383843;435366;300
201500022117;15;6;28;1715;1;1;2;1;3;189;MAS DE CHEYLON;M;4381115;433024;300
201500022118;15;6;25;1712;1;2;6;1;3;189;baillet claude;M;4380997;435518;300
201500022119;15;6;30;2025;1;2;1;1;2;189;137, BEAUCAIRE (ROUTE);M;4383746;438260;300
201500022120;15;7;4;2045;1;2;1;1;3;189;SAUVE (ROUTE);M;4385092;428148;300
201500022121;15;7;10;1040;1;2;1;1;6;189;65, JAURES JEAN (BOULEVA;M;4382850;435310;300
201500022122;15;7;16;1025;1;2;2;1;2;189;BOEGNER PASTEUR MARC (BO;M;4382004;433590;300
201500022123;15;7;19;1622;1;2;2;1;3;189;TALABOT (BOULEVARD);M;4383693;437121;300
201500022124;15;7;24;1240;1;2;1;1;6;189;25, COURBET AMIRAL (BOUL;M;4383908;436338;300
201500022125;15;7;14;1755;1;2;6;1;2;189;JEAN YVES COUSTEAU ROND;M;4382430;436962;300
201500022126;15;6;23;320;5;1;1;1;7;189;10, BROSSOLETTE PIERRE (;M;4384273;438892;300
201500022127;15;6;28;2045;1;2;1;1;7;189;AVIGNON (ANCIENNE ROUTE);M;4384107;437446;300
201500022128;15;7;10;2155;1;2;1;1;6;189;10, SEMARD PIERRE (RUE);M;4383920;436516;300
201500022129;15;7;16;2020;1;2;2;1;3;189;ISABELLE (RUE);M;4383544;434974;300
201500022130;15;7;21;1840;1;2;3;1;6;189;56, LECLERC GENERAL (AVE;M;4382860;437274;300
201500022131;15;7;24;1915;1;2;2;1;3;189;LECLERC GENERAL (AVENUE);M;4382747;437457;300
201500022132;15;8;2;10;1;1;1;1;6;189;FENELON (RUE);M;4383686;436681;300
201500022133;15;8;2;1625;1;2;2;1;3;189;CAPOUCHINE (CHEMIN);M;4381691;435302;300
201500022134;15;8;5;1727;1;2;1;1;6;189;1, MARECHAL JUIN (BOULEV;M;4382620;435313;300
201500022135;15;8;11;1320;1;2;6;1;3;189;ALLENDE SALVADOR (RUE);M;4382429;436958;300
201500022136;15;8;12;1250;1;2;6;1;3;189;PAVLOV (AVENUE);M;4381309;431666;300
201500022137;15;8;11;2015;1;2;3;1;4;189;117, SAUVE (ROUTE);M;4383720;432861;300
201500022138;15;8;14;1400;1;2;2;1;3;189;FLORIAN (RUE);M;4383460;434923;300
201500022139;15;8;26;1525;1;2;6;1;4;189;ALLENDE SALVADOR (RUE);M;4383683;438823;300
201500022140;15;7;19;2200;5;2;4;1;3;189;DAYAN GEORGES (AVENUE);M;4382229;434595;300
201500022141;15;7;28;1700;1;2;3;1;2;189;MENDES FRANCE PIERRE (AV;M;4382736;437473;300
201500022142;15;8;27;750;1;2;2;1;3;189;MITTERAND FRANCOIS (AVEN;M;4381789;436090;300
201500022143;15;8;27;905;1;2;3;1;3;189;JAURES JEAN (BOULEVARD);M;4382498;435391;300
201500022144;15;7;22;2030;1;2;4;1;3;189;MARECHAL JUIN (BOULEVARD;M;4382107;434732;300
201500022145;15;7;13;1600;1;2;1;1;2;189;UZES (ROUTE D');M;4391795;438817;300
201500022146;15;9;20;41;5;2;3;1;3;189;ARNAUD GUY;M;4383199;433129;300
201500022147;15;7;17;1750;1;2;1;1;2;189;ALLENDE SALVADOR (RUE);;;;300
201500022148;15;7;3;1340;1;2;3;1;3;189;SULLY (RUE);M;4384057;437215;300
201500022149;15;9;2;600;2;2;2;1;3;189;BOUVINE (AVENUE);M;4381691;435303;300
201500022150;15;9;3;830;1;2;1;1;2;189;TALABOT (BOULEVARD);M;0;0;300
201500022151;15;8;28;1040;1;2;1;1;3;189;AVIGNON (ROUTE);M;4385863;440704;300
201500022152;15;9;8;1330;1;2;3;1;3;189;LIBERTE (AVENUE);M;4382130;435639;300
201500022153;15;9;8;845;1;2;2;1;3;189;12, RICHELIEU (RUE);M;4384026;436666;300
201500022154;15;9;14;1900;1;2;3;1;3;189;PRIMEVERES (CHEMIN);M;4385480;432178;300
201500022155;15;9;14;1830;1;2;1;1;6;189;155, CABANES  (RUE);M;4384056;438451;300
201500022156;15;8;20;1815;1;2;4;1;3;189;ALES (ROUTE);M;4383797;434508;300
201500022157;15;9;6;125;5;2;2;1;3;189;TALABOT (BOULEVARD);M;4383692;437110;300
201500022158;15;9;8;1720;1;1;1;1;6;189;COURBESSAC (ROUTE);M;4385539;440000;300
201500022159;15;9;16;1040;1;1;1;1;1;189;79, KENNEDY (AVENUE);M;4383216;434964;300
201500022160;15;9;21;2130;5;2;3;1;3;189;LECLERC GENERAL (AVENUE);M;4382941;437134;300
201500022161;15;9;26;950;1;2;3;1;3;189;LAURIERS  (RUE);M;4381672;435136;300
201500022162;15;9;24;1450;1;2;2;1;3;189;KENNEDY (AVENUE);M;4382639;433178;300
201500022163;15;8;8;1437;1;2;2;1;3;189;SEGUIER (RUE);M;4383764;436703;300
201500022164;15;8;27;1502;1;2;2;1;3;189;PRIMEVERES (CHEMIN);M;4385481;432175;300
201500022165;15;9;25;2350;5;2;2;1;3;189;AVIGNON (ROUTE);M;4384083;437333;300
201500022166;15;10;3;2055;3;1;3;2;7;189;POULX (ROUTE DE);M;4389202;441886;300
201500022167;15;10;5;1;3;2;1;1;7;189;BEAUCAIRE (ROUTE);M;4383423;441497;300
201500022168;15;10;10;540;3;2;1;1;7;189;ALES (ROUTE);M;4390528;427806;300
201500022169;15;10;6;940;1;2;3;1;3;189;FORT (RUE);M;4384116;435664;300
201500022170;15;10;14;1445;1;2;1;1;7;189;216, ALES (ROUTE);M;4385716;433705;300
201500022171;15;10;18;2240;3;2;2;1;6;189;PORTE DE FRANCE (RUE);M;4383452;435685;300
201500022172;15;10;11;2055;3;2;3;1;3;189;SAINT GILLES (ROUTE);M;4376466;440563;300
201500022173;15;10;16;1610;1;1;1;1;2;189;KENNEDY (AVENUE);;;;300
201500022174;15;10;20;350;5;1;2;1;2;189;MONTPELLIER (ROUTE DE);M;4381116;433024;300
201500022175;15;10;15;2200;5;2;2;1;7;189;TRIAIRE SERGENT (BOULEVA;M;4382670;435680;300
201500022176;15;10;22;225;5;2;1;1;6;189;63, UZES (ROUTE D');M;4385041;437444;300
201500022177;15;9;5;2030;3;2;2;1;3;189;ROUMANILLE (RUE);M;4382846;435392;300
201500022178;15;9;15;2214;5;2;1;1;7;189;LECLERC GENERAL (AVENUE);M;4383339;436776;300
201500022179;15;10;30;1410;1;2;3;1;3;189;JAURES JEAN (BOULEVARD);M;4382828;435268;300
201500022180;15;10;31;55;5;2;1;1;6;189;7, GAMBETTA (BD);M;4384027;435740;300