num_acc;an;mois;jour;hrmn;lum;agg;int;atm;col;com;adr;gps;lat;long;dep
201500022181;15;10;21;815;1;1;1;1;1;189;CANAUX (CHEMIN);;;;300
201500022182;15;11;4;2120;5;2;1;1;7;189;ARENES (BOULEVARD);;;;300
201500022183;15;10;12;1525;1;2;3;2;2;189;ALLENDE SALVADOR (RUE);M;4382002;435809;300
201500022184;15;11;7;2325;5;2;1;1;1;189;ABRIVADO (RUE);M;4383890;439030;300
201500022185;15;11;12;1740;2;2;2;1;6;189;THALES (RUE OU PLACE);M;4383017;433235;300
201500022186;15;11;12;1425;1;2;2;1;3;189;1, GARONS (RUE);M;4383390;436838;300
201500022187;15;11;12;2140;3;2;1;1;6;189;SAUVE (ROUTE);M;4384649;429496;300
201500022188;15;11;19;1800;2;2;4;1;3;189;REPUBLIQUE (RUE);M;4383183;435754;300
201500022189;15;11;20;1920;5;2;1;1;4;189;ALLENDE SALVADOR (RUE);;;;300
201500022190;15;11;24;1530;1;2;2;1;3;189;MISTRAL FREDERIC (RUE);M;4383000;435056;300
201500022191;15;11;12;1040;1;2;1;1;2;189;35, GAMBETTA (BD);M;4384045;436139;300
201500022192;15;11;12;1900;5;2;3;1;1;189;FAITA VINCENT (RUE);M;4384902;437369;300
201500022193;15;11;24;2330;5;2;3;1;3;189;FOLCO DE BARONCELLI (RUE;M;4384833;436281;300
201500022194;15;11;30;1625;1;1;1;1;4;189;ALES (ROUTE);M;4385428;432178;300
201500022195;15;11;13;915;1;2;4;1;3;189;BONFA (RUE);M;4384592;436220;300
201500022196;15;10;15;1105;1;2;1;1;3;189;18, TALABOT (BOULEVARD);M;4383526;436979;300
201500022197;15;10;29;1740;5;2;1;1;3;189;6, FRENAY HENRI (RUE);M;4384721;438300;300
201500022198;15;10;2;1050;1;2;1;1;2;189;MONTPELLIER (ROUTE DE);;;;300
201500022199;15;10;18;300;5;2;3;1;3;189;JAURES JEAN (BOULEVARD);M;4382997;435267;300
201500022200;15;11;26;2030;5;1;3;1;2;189;ALLENDE SALVADOR (RUE);M;4384742;439720;300
201500022201;15;12;5;1640;2;2;2;2;3;189;24, JAURES JEAN (BOULEVA;M;4383608;435040;300
201500022202;15;10;24;40;5;2;3;1;2;189;MENDES FRANCE PIERRE (AV;M;4381416;439699;300
201500022203;15;12;1;1615;1;2;1;1;2;189;GOELANDS (RUE OU PLACE);M;4383980;431780;300
201500022204;15;12;10;850;1;1;1;1;6;189;165, TOUR DE L'EVEQUE (R;M;4382269;437013;300
201500022205;15;12;12;205;5;2;6;1;7;189;ALLENDE SALVADOR (RUE);M;4382205;436499;300
201500022206;15;11;20;1555;1;1;1;1;6;189;baillet claude;;;;300
201500022207;15;12;16;1620;1;2;3;1;1;189;DAYAN GEORGES (AVENUE);M;4382263;434769;300
201500022208;15;12;20;110;5;1;6;2;3;189;ALLENDE SALVADOR (RUE);M;4383684;438822;300
201500022209;15;11;26;1750;2;2;1;1;6;189;SAINT GILLES (ROUTE);M;4381679;436714;300
201500022210;15;12;17;2100;5;2;3;1;3;189;17, JAURES JEAN (BOULEVA;M;4383560;435099;300
201500022211;15;8;15;945;1;1;2;1;3;68;;M;4594520;313960;630
201500022212;15;4;14;1800;1;1;1;1;6;93;;M;0;0;630
201500022213;15;5;30;2145;3;1;1;1;7;358;;M;4603001;302371;630
201500022214;15;7;5;1415;1;1;4;1;3;198;;M;0;0;630
201500022215;15;8;21;2030;1;1;1;1;6;329;;M;4606654;282178;630
201500022216;15;9;14;1245;1;1;1;2;6;464;;M;4598000;292500;630
201500022217;15;11;8;1045;1;1;1;1;3;388;;M;0;0;630
201500022218;15;7;26;1945;1;2;1;1;3;219;Champille;M;0;0;630
201500022219;15;8;8;1945;2;1;1;8;7;219;;M;4578500;285900;630
201500022220;15;8;27;1115;1;2;1;1;6;170;route de peyrabout;M;4610403;190409;230
201500022221;15;9;4;2130;5;2;1;1;6;247;;M;4620329;176764;230
201500022222;15;9;16;815;1;1;1;2;1;92;;M;4625114;190258;230
201500022223;15;9;17;1300;1;2;9;2;1;68;rue de  mme  COPIN;M;4613904;210848;230
201500022224;15;9;23;1845;1;1;1;1;1;193;;M;4615008;190880;230
201500022225;15;10;30;1800;5;1;1;1;6;92;;M;4623700;191500;230
201500022226;15;11;4;345;3;1;1;8;6;1;;M;4605800;204100;230
201500022227;15;11;6;900;1;1;1;1;6;92;;M;4623300;191800;230
201500022228;15;11;15;1200;1;1;1;1;6;1;;M;4610200;201200;230
201500022229;15;12;8;1845;3;1;1;2;6;95;;M;0;0;230
201500022230;15;12;9;1415;1;1;1;1;6;186;;M;4610400;185900;230
201500022231;15;12;26;1530;1;1;1;7;1;245;;M;4621300;186200;230
201500022232;15;1;24;1045;1;1;1;4;4;2;;M;4620066;197073;230
201500022233;15;6;29;1615;1;1;1;1;7;1;;M;4609734;200789;230
201500022234;15;7;2;800;1;2;1;1;2;206;9 rue de la libertй;M;4616469;196306;230
201500022235;15;7;19;2145;2;1;1;1;6;193;;M;4618368;192092;230
201500022236;15;8;5;2245;3;1;1;1;6;4;;M;4627538;181498;230
201500022237;15;1;1;145;3;1;1;1;7;191;RD 169;M;0;0;260
201500022238;15;1;2;1430;1;1;1;1;2;169;SORTIE A7 MALATAVERNE;M;0;0;260
201500022239;15;1;3;2115;3;1;1;8;7;345;ROUTE DE SAINT PAUL;M;0;0;260
201500022240;15;1;25;215;3;1;1;6;6;176;LES ANDRANS;M;0;0;260
201500022241;15;1;25;730;1;2;1;1;6;106;LA COUCOURDE;M;0;0;260
201500022242;15;2;10;1600;1;1;1;6;6;324;LES LONNES;M;0;0;260
201500022243;15;2;16;1815;1;1;1;1;3;357;LE PEYRON;M;0;0;260
201500022244;15;2;19;1630;1;1;1;1;1;345;LA BORIE;M;0;0;260
201500022245;15;2;26;1445;1;1;3;1;3;121;RTE ESPELUCHE;M;0;0;260
201500022246;15;3;3;1845;3;1;1;1;3;33;RTE DE MONTSEGUR;M;0;0;260
201500022247;15;3;8;1645;1;2;1;1;3;211;AVENUE JOSEPH MAUGARD;M;0;0;260
201500022248;15;3;11;2130;3;1;3;1;1;235;RN 7;M;0;0;260
201500022249;15;3;16;1700;1;1;2;1;1;176;DARNE;M;0;0;260
201500022250;15;3;25;800;2;1;1;2;3;176;LE CHERRY;M;0;0;260
201500022251;15;4;21;1230;1;1;1;1;6;339;SARRAGNANT;M;0;0;260
201500022252;15;4;22;1500;1;1;1;1;6;5;BONDONNEAU;M;0;0;260
201500022253;15;5;17;1745;1;1;1;1;1;353;BELFOND;M;0;0;260
201500022254;15;5;23;515;3;1;1;1;3;339;LE MARAIS;M;0;0;260
201500022255;15;5;31;1800;1;1;1;1;4;235;LES BLACHES;M;0;0;260
201500022256;15;6;2;2345;3;1;1;1;2;324;LES GARRIGUES;M;0;0;260
201500022257;15;6;4;1730;1;2;1;1;1;338;IMPASSE DE LA DAME;M;4460010;481640;260
201500022258;15;6;6;615;2;1;1;1;2;339;LAMOTTE;M;0;0;260
201500022259;15;6;9;1930;1;1;1;1;6;360;CHABANES;M;0;0;260
201500022260;15;6;28;230;3;1;1;1;6;5;CHEMIN DE ROUNY;M;4448440;478610;260
201500022261;15;6;27;2245;3;1;3;1;6;95;LES EYGRETTES;M;0;0;260
201500022262;15;7;6;1030;1;1;1;1;6;5;LA BARQUE;M;0;0;260
201500022263;15;7;6;2100;1;1;2;1;1;345;ROUTE DE TULETTE;M;0;0;260
201500022264;15;7;7;830;1;1;1;1;5;339;LES ROCHES;M;0;0;260
201500022265;15;7;14;130;3;1;1;1;7;357;COSTEBELLE;M;0;0;260
201500022266;15;7;22;2345;3;1;1;1;2;85;AV DE MONTELIMAR;M;0;0;260
201500022267;15;7;24;1130;1;1;1;1;3;106;MOULINAS;M;0;0;260
201500022268;15;8;5;1800;1;2;3;7;1;235;AV GERARD PHILIPPE;M;4437080;471030;260
201500022269;15;8;8;1245;1;2;1;1;1;106;MIRGALLAND;M;0;0;260
201500022270;15;7;13;1900;1;1;1;1;7;116;AV DU RHONE;M;0;0;260
201500022271;15;8;14;2330;5;2;1;1;6;353;AVENUE BLOMARD;M;4466050;479300;260
201500022272;15;8;20;1800;3;1;1;1;5;324;A7;M;0;0;260
201500022273;15;9;13;1;3;1;4;3;3;339;SERRIES;M;0;0;260
201500022274;15;9;18;1545;1;2;1;1;6;176;AVENUE ALBIN  DAVIN;M;0;0;260
201500022275;15;9;28;1630;1;2;1;1;3;345;D 94;M;0;0;260
201500022276;15;10;3;545;3;1;1;2;6;345;RTE DE BOLLENE;M;0;0;260
201500022277;15;10;10;430;5;2;6;1;6;345;VILLAGE;M;0;0;260
201500022278;15;10;23;2100;3;1;1;1;6;275;LE CHAMP DE NIELLE;M;0;0;260
201500022279;15;10;24;515;3;1;1;1;6;326;LA BISTOURE;M;0;0;260
201500022280;15;11;8;930;1;1;1;5;1;338;;M;0;0;260
201500022281;15;11;20;1845;3;1;3;1;6;5;;M;0;0;260
201500022282;15;12;1;1300;1;1;1;1;3;169;;M;0;0;260
201500022283;15;12;17;715;3;1;1;5;6;169;SAINTE AGNES;M;0;0;260
201500022284;15;6;27;1300;1;2;1;1;1;29;Rue Canredon;M;4416830;485727;840
201500022285;15;7;18;715;1;1;1;1;7;28;;M;4423848;490975;840
201500022286;15;10;29;430;3;1;1;1;7;91;;M;4415000;476700;840
201500022287;15;5;17;830;3;1;1;1;6;138;LES ROCHETTES;M;4439950;475760;260
201500022288;15;1;6;715;3;1;1;9;1;107;;M;0;0;670
201500022289;15;1;31;945;1;2;1;4;6;345;4 rue docmael;M;4837084;-192621;350
201500022290;15;5;16;1645;1;1;1;1;3;85;;M;4836342;-187672;350
201500022291;15;6;11;700;1;1;1;1;3;29;Les Rieux;M;4847809;-173637;350
201500022292;15;6;28;1030;1;1;2;1;5;226;;M;4841237;-192421;350
201500022293;15;9;9;1315;1;2;1;1;6;56;le bourg;M;4838390;-182486;350
201500022294;15;9;11;1445;1;1;2;1;6;172;;M;4841500;-183914;350
201500022295;15;9;11;1430;1;1;1;1;1;226;;M;4842791;-191027;350
201500022296;15;9;16;800;1;1;1;2;3;265;La Marre Hervй;M;4836647;-186297;350
201500022297;15;10;9;1445;1;1;1;1;3;308;;M;4845672;-191528;350
201500022298;15;11;29;645;2;1;1;1;7;265;;M;4835553;-186746;350
201500022299;15;3;2;1545;1;2;3;1;1;507;Rue d'Osmoy;M;4890266;127760;270
201500022300;15;3;11;1130;1;1;1;1;2;154;;M;4886737;117741;270
201500022301;15;6;18;845;1;1;1;1;6;306;;M;4897626;119986;270
201500022302;15;7;7;1830;1;2;1;1;3;301;D547;M;4894277;119686;270
201500022303;15;7;22;1730;1;2;1;1;6;621;le buisson messire rober;M;4893070;133741;270
201500022304;15;9;20;1145;1;2;1;1;3;122;BD DU COMTAT VENAISSIN;M;4410800;495400;840
201500022305;15;1;13;1345;1;1;1;3;3;748;;M;5095785;212639;620
201500022306;15;2;22;500;3;1;1;2;7;85;;M;0;0;830
201500022307;15;3;21;1445;1;2;1;2;1;134;route de Lorgues;M;0;0;830
201500022308;15;4;9;1745;1;2;6;1;3;148;chemin du Pommier;M;4342595;643859;830
201500022309;15;5;28;645;1;1;3;1;3;86;;M;0;0;830
201500022310;15;7;12;1145;1;1;6;1;6;4;;M;4346154;648879;830
201500022311;15;7;23;1545;1;1;1;1;4;4;;M;4345078;649552;830
201500022312;15;7;25;1400;1;1;1;1;1;134;;M;4344890;644052;830
201500022313;15;8;13;1145;1;1;1;1;6;4;;M;0;0;830
201500022314;15;9;25;1345;1;1;1;1;1;4;;M;0;0;830
201500022315;15;10;5;1715;1;2;1;1;4;86;687 route d'aix;M;0;0;830
201500022316;15;2;2;1400;1;1;1;8;2;432;Rue Albert Martin;M;0;0;540
201500022317;15;3;30;1800;1;1;1;1;3;196;;M;4855300;618700;540
201500022318;15;6;4;1430;1;1;1;1;3;513;;M;4845700;612800;540
201500022319;15;6;7;1945;1;1;2;1;3;196;;M;4855180;619100;540
201500022320;15;6;27;1;3;1;1;1;7;235;;M;4848745;601284;540
201500022321;15;7;21;2145;1;1;1;1;7;32;Rue du Chateau;M;0;0;540
201500022322;15;8;11;1730;1;2;1;1;1;109;route de tantonville;M;4852395;615976;540
201500022323;15;9;6;1945;2;1;1;1;7;597;;M;4843600;616000;540
201500022324;15;10;3;815;1;2;9;1;6;397;1137 rue pasteur;M;4860900;608800;540
201500022325;15;11;6;1915;3;1;1;2;3;459;;M;4859092;616837;540
201500022326;15;11;11;1830;3;1;1;1;1;132;;M;4851842;614102;540
201500022327;15;11;26;2015;5;2;1;1;1;397;rue victor hugo;M;4802700;619200;540
201500022328;15;2;24;1815;3;1;1;6;3;79;;M;4495625;654774;50
201500022329;15;3;3;2115;3;1;1;1;1;174;N 94;M;4491375;667371;50
201500022330;15;10;11;2145;3;1;1;1;2;107;;M;4486556;659980;50
201500022331;15;10;11;1615;1;1;1;1;3;85;;M;4492532;669023;50
201500022332;15;3;18;1900;2;1;1;1;7;532;;M;0;0;550
201500022333;15;10;27;1800;2;1;1;1;5;414;;M;0;0;550
201500022334;15;11;9;1800;5;1;1;1;1;366;;M;0;0;550
201500022335;15;5;24;1630;1;1;1;1;2;280;;M;0;0;670
201500022336;15;7;13;645;1;2;1;1;6;22;route de fouchy;M;0;0;670
201500022337;15;9;21;200;3;1;1;1;6;73;;M;0;0;670
201500022338;15;1;10;1515;1;2;1;1;2;483;PHOEBUS GASTON (AVENUE);M;4310623;72248;310
201500022339;15;3;24;1730;1;2;1;2;3;483;52, JOFFRE (AVENUE DU MA;M;4310856;71243;310
201500022340;15;1;15;1035;1;2;1;1;6;483;13, ENCORE (BOULEVAR D');M;4311488;73187;310
201500022341;15;3;30;1120;1;2;4;1;1;483;ASTIE PIERRE (RUE);M;4310479;72664;310
201500022342;15;1;7;1535;1;2;1;1;7;483;02, MARSOULAS ( RUE DE );M;4310975;72921;310
201500022343;15;4;12;1920;1;2;3;1;7;483;RTE CAZAUX/BD SOUMES;M;4312184;72592;310
201500022344;15;2;12;1720;1;1;4;1;3;565;D 8/rue hountagnиre;M;4309665;70545;310
201500022345;15;4;27;1530;1;1;1;1;7;344;ASPET (ROUTE);;;;310
201500022346;15;2;13;1700;1;2;1;1;6;483;75, JOFFRE (AVENUE DU MA;M;4310869;71215;310
201500022347;15;4;30;1835;1;2;6;1;3;483;GASCOGNE (ALLEE DE );M;4311289;72088;310
201500022348;15;5;7;1240;1;2;1;1;3;483;27, INDEPENDANCE (RUE DE;M;4310835;71825;310
201500022349;15;5;6;1130;1;1;1;1;4;483;100, FRANCOIS MITTERAND;M;4311134;74028;310
201500022350;15;5;11;1205;1;2;1;1;6;483;BEPMALE JEAN (BOULEVARD);M;4310626;72213;310
201500022351;15;5;12;1545;1;2;3;1;6;483;COMET SIMON (RUE);M;4310906;72246;310
201500022352;15;5;15;1830;1;2;1;1;6;483;MONTAGUT HENRI (AVENUE);M;4310811;72664;310
201500022353;15;5;17;130;3;2;1;1;6;483;SOUMES (BOULEVARD DU);M;4311924;72102;310
201500022354;15;6;1;955;1;2;3;1;2;483;BOULOGNE (AVE)/BD GAULLE;M;4310930;72341;310
201500022355;15;6;1;1620;1;2;1;1;6;483;26 GAULLE (BLD CHARLES);M;4310928;72523;310
201500022356;15;6;8;1000;1;2;1;1;3;483;94, FRANCOIS MITTERAND;M;4311121;73977;310
201500022357;15;6;12;1735;1;2;1;2;6;483;108, FRANCOIS MITTERAND;M;4311162;74217;310
201500022358;15;7;17;2355;3;2;1;8;7;483;SOMMER RAYMOND (BOULEVAR;M;4309864;70973;310
201500022359;15;7;26;1130;1;2;9;1;2;483;SOMMER RAYMOND (BOULEVAR;M;4310383;71030;310
201500022360;15;7;28;1720;1;1;1;1;6;483;DREYFUS RENE ( AVE);M;4311050;70622;310
201500022361;15;7;31;1040;1;1;1;2;6;483;ROUTE DE LA SERRE D;M;4312131;71139;310
201500022362;15;8;8;1928;1;2;2;2;3;483;BOULOGNE (AVENUE DE);M;4311536;71714;310
201500022363;15;8;11;1325;1;2;1;1;6;483;541, DREYFUS RENE ( AVEN;M;4311058;70246;310
201500022364;15;8;12;2000;1;1;1;1;7;565;BOUT DU PUY (RUE DU);M;4309433;70924;310
201500022365;15;8;18;1825;1;1;1;2;7;483;3411, ROUTE DE LA SERRE;M;4314367;73807;310
201500022366;15;8;31;1330;1;2;3;1;2;483;9, ENCORE (BOULEVAR D');M;4311511;73252;310
201500022367;15;9;8;1000;1;2;3;1;2;483;51, JOFFRE (AVE MARECHA;M;4310796;71587;310
201500022368;15;9;15;945;1;2;1;1;7;483;22, AZEMAR EUGENE (BOULE;M;4310662;72093;310
201500022369;15;9;14;1845;1;2;2;2;3;483;HUGO VICTOR (RUE);M;4310737;72379;310
201500022370;15;9;18;1040;1;2;3;1;1;483;30, BL WIMILLE/RUE POZZI;M;4310805;70941;310
201500022371;15;10;7;1100;1;2;2;1;1;483;38, FRANCOIS MITTERAND (;M;4310979;73140;310
201500022372;15;10;6;1240;1;1;3;1;2;344;POINTIS INARD (ROUTE DE);M;4309695;78261;310
201500022373;15;10;16;900;1;2;3;1;3;483;BOULOGNE (AVENUE DE);M;4311189;72226;310
201500022374;15;10;19;1830;1;2;1;1;6;483;5, GASCOGNE (ALLEE DE );M;4311342;72153;310
201500022375;15;10;24;1500;1;1;1;1;7;483;D921;M;4309286;72400;310
201500022376;15;11;2;1215;1;2;1;1;7;483;40, ISLE (AVENUE DE L');M;4311979;72577;310
201500022377;15;11;6;1215;1;1;1;1;1;483;ROUTE DE LA SERRE DE CAZ;M;4312730;72445;310
201500022378;15;11;9;1020;1;1;1;1;3;483;1, GRAVIERE (CHEMIN DE L;M;4310502;69674;310
201500022379;15;11;18;1545;1;1;3;1;2;483;ETANCELIN PHILIPPE (RUE);M;4310213;70500;310
201500022380;15;12;3;1015;1;2;1;1;6;483;ISLE (AVENUE DE L');M;4311292;72592;310
201500022381;15;12;9;1620;1;2;3;1;3;483;LAVOISIER (RUE);M;4310836;71671;310
201500022382;15;12;11;2025;5;1;1;1;6;565;MURAILLETTES (RUE DES);M;4309429;70944;310
201500022383;15;12;16;1855;5;2;1;1;2;483;BOUERY ANDRE (AVENUE);M;4309899;73228;310
201500022384;15;12;17;1500;1;2;1;1;3;483;17, GAULLE (BOULEVARD CH;M;4310892;72228;310
201500022385;15;5;28;2015;1;2;1;1;6;277;rue antoine roybet;M;0;0;690
201500022386;15;7;13;1915;1;1;6;1;5;285;;M;0;0;690
201500022387;15;7;20;2045;2;2;7;1;6;279;place general de gaulle;M;4579690;504874;690
201500022388;15;8;4;1845;1;2;1;1;1;277;CD 29;M;0;0;690
201500022389;15;8;28;1330;1;2;1;1;3;277;RUE aNTOINE pINAY;M;0;0;690
201500022390;15;11;9;1600;1;1;1;1;6;277;;M;0;0;690
201500022391;15;1;2;1600;1;2;6;1;3;555;RUE EDMOND ROSTAND;;;;310
201500022392;15;3;18;1945;5;2;1;1;1;555;100, RTE DE LABEGE;;;;310
201500022393;15;12;31;1000;1;2;1;2;3;555;45, BD LAZARE CARNOT;;;;310
201500022394;15;1;3;445;5;2;2;1;6;555;RTE DE LAUNAGUET;;;;310
201500022395;15;3;17;1000;1;2;1;1;1;555;76, RUE DE PERIOLE;;;;310
201500022396;15;12;31;915;1;2;1;1;6;557;LECLERC (AV DU GAL);M;4357553;132848;310
201500022397;15;1;3;1810;3;2;9;9;1;555;999, AV JEAN ZAY;;;;310
201500022398;15;3;17;830;1;2;1;1;2;555;11, CHE DES PRADETTES;;;;310
201500022399;15;1;6;1612;1;2;1;1;6;555;999, RUE DES TOURNEURS;;;;310
201500022400;15;3;19;100;5;2;2;1;3;555;999, AV DES MINIMES;;;;310
201500022401;15;1;7;735;2;2;1;1;6;555;999, AV DE LA GLOIRE;;;;310
201500022402;15;3;16;1935;5;2;3;1;1;557;LARDENNE (AVDE)/MONTAGNE;M;4358993;136980;310
201500022403;15;1;7;1855;5;1;1;1;4;555;VA007342 LA CEPIERE A620;M;4359160;139871;310
201500022404;15;3;19;950;1;2;1;1;6;555;25, URSS (AV DE L) DU 1A;;;;310
201500022405;15;1;8;1025;1;1;1;1;3;555;VA007554 LASBORDES A61 S;;;;310
201500022406;15;3;19;950;1;2;3;1;6;555;63 Bis, MURET (AV DE) DU;;;;310
201500022407;15;1;7;1900;3;2;1;9;6;149;ORMEAU (CHEMIN DE L);M;4361697;132999;310
201500022408;15;3;21;1210;1;2;1;1;3;555;999, BD LASCROSSES;;;;310
201500022409;15;1;8;545;4;2;1;5;2;69;FIL D'ARIANE (RD902);M;4364950;136555;310
201500022410;15;3;22;700;2;2;1;3;2;555;2, AV JEAN RIEUX;;;;310
201500022411;15;1;8;650;5;1;1;5;6;555;VA007456 SESQUIERES A620;;;;310
201500022412;15;3;21;2340;5;2;1;2;6;555;999, BD DES MINIMES;;;;310
201500022413;15;1;8;1230;1;2;1;1;3;69;ZOLA (ALL EMILE);M;4364367;137076;310
201500022414;15;3;22;1110;1;1;1;2;7;555;19 LE PALAYS (PEAGE SUD);;;;310
201500022415;15;1;8;2353;5;2;2;1;3;555;97, BD DE SUISSE;;;;310
201500022416;15;3;23;1820;1;2;3;1;3;555;43, GARROS/MONTMORENCY;;;;310
201500022417;15;1;9;1610;1;2;1;1;3;555;3, AV ARTHUR HUC;;;;310
201500022418;15;3;25;1945;5;2;3;1;3;555;RTE DE LAUNAGUET;;;;310
201500022419;15;1;12;1515;1;1;1;1;2;555;VA007331 A620;;;;310
201500022420;15;3;26;805;1;1;1;1;7;555;999, VITET (rue Louis) d;;;;310
201500022421;15;1;13;950;1;2;1;1;6;555;6, RUE ALAIN FOURNIER;;;;310
201500022422;15;3;26;1805;2;2;1;1;6;555;5, BONNAT (RUE) DU 1AU 1;;;;310
201500022423;15;1;13;1725;1;2;1;1;5;555;161, RTE D ALBI;;;;310
201500022424;15;3;27;825;1;1;1;1;3;555;999, SAINT SAUVEUR (PORT;;;;310
201500022425;15;1;15;1240;1;2;1;1;1;555;66, AV DES ETATS UNIS;;;;310
201500022426;15;3;27;2045;5;2;1;1;3;555;999, RTE D AGDE;;;;310
201500022427;15;1;14;2240;5;2;1;1;6;555;999, AV M BOURGES MAUNOU;;;;310
201500022428;15;3;27;1640;1;2;3;1;6;555;CHE DU CHATEAU DE L HERS;;;;310
201500022429;15;1;15;925;1;2;1;1;3;555;16 BIS, AV EDOUARD BELIN;;;;310
201500022430;15;3;28;1235;1;2;1;1;3;555;999, RUE DES ARCS SAINT;;;;310
201500022431;15;1;13;1040;1;2;1;1;3;555;999, RUE DE PERIOLE;;;;310
201500022432;15;3;28;1400;1;1;1;1;6;555;70, AV DE GRANDE BRETAGN;;;;310
201500022433;15;1;15;820;1;1;1;2;2;555;VA007604 DEMOISELLESA620;M;4357020;147757;310
201500022434;15;3;28;2205;5;2;1;1;3;555;999, RUE DE METZ;;;;310
201500022435;15;1;15;810;1;2;1;1;2;555;81, BD DELTOUR;;;;310
201500022436;15;3;29;1105;1;2;1;1;1;555;999, BOULINGRIN (ROND PO;;;;310
201500022437;15;1;15;1710;1;2;1;1;2;555;999, ALL JULES GUESDE;;;;310
201500022438;15;3;26;2120;5;2;1;1;2;557;3, HAUT SAUT (CH DE L');M;4356251;133878;310
201500022439;15;1;15;1805;3;1;1;1;2;555;VA007566 MONTAUDRAN A61;;;;310
201500022440;15;3;31;740;1;2;1;1;2;149;RN124;;;;310
201500022441;15;1;15;1850;5;1;1;1;6;555;VA007355 PURPAN A620 Sor;;;;310
201500022442;15;4;2;815;1;2;1;1;3;555;21, RUE PAUL VALERY;;;;310
201500022443;15;1;17;1600;1;2;1;1;3;555;0, AV JEAN RIEUX;;;;310
201500022444;15;4;2;1550;1;2;1;1;2;555;180, AV DE CASTRES;;;;310
201500022445;15;1;18;1255;1;2;1;1;6;555;999, PL DU DR JOSEPH BAY;;;;310
201500022446;15;4;2;835;1;2;1;1;1;555;999, RUE LUDWIG VAN BEET;;;;310
201500022447;15;1;18;15;5;2;1;2;7;555;999, BD DES CRETES;;;;310
201500022448;15;4;4;815;1;2;1;1;7;555;129, RUE PIERRE CAZENEUV;;;;310
201500022449;15;1;19;1435;1;2;1;2;2;555;999, BD DE STRASBOURG;;;;310
201500022450;15;4;4;855;1;2;1;1;6;555;46, RUE DE NEGRENEYS;;;;310
201500022451;15;1;15;905;1;2;1;1;3;555;ALL DU LT LUCIEN LAFAY;;;;310
201500022452;15;4;4;1600;1;2;1;1;3;555;61, AV JULES JULIEN;;;;310
201500022453;15;1;21;550;1;1;1;1;2;555;VA007331 A620;M;4358330;140358;310
201500022454;15;4;4;1950;1;2;1;1;2;555;204, RTE D ALBI;;;;310
201500022455;15;1;20;905;1;2;1;1;2;555;RD901;;;;310
201500022456;15;4;5;500;5;2;1;1;6;149;39, HUGO (BLD VICTOR);M;4361769;131605;310
201500022457;15;1;20;1115;1;2;1;1;3;555;8, GRANDE RUE SAINT MICH;;;;310
201500022458;15;4;7;1700;1;2;1;1;1;555;13, RUE ALFRED NOBEL;;;;310
201500022459;15;1;20;1755;5;1;1;1;3;555;VA007333 LAFAOURETTEA620;M;4358310;140372;310
201500022460;15;4;7;1835;1;2;1;1;3;555;190, RTE DE LAUNAGUET;;;;310
201500022461;15;1;21;720;3;2;1;1;3;555;999, AV DU PR JOSEPH DUC;;;;310
201500022462;15;4;8;800;1;1;1;1;3;555;VA007306 A64;;;;310
201500022463;15;1;21;850;1;2;1;1;6;555;0, CHE DE LA TERRASSE;;;;310
201500022464;15;4;8;935;1;1;1;1;2;555;19 LE PALAYS (PEAGE SUD);;;;310
201500022465;15;1;21;1140;1;2;1;1;2;555;999, BD PIERRE PAUL RIQU;;;;310
201500022466;15;4;7;1145;1;2;1;1;6;69;DEBAX (RUE FELIX);M;4363217;139883;310
201500022467;15;1;21;1805;5;2;1;1;3;69;27 DE GAULLE (AV DU GAL);M;4364068;137945;310
201500022468;15;4;7;1925;1;2;1;1;3;555;999, CHE DE LESTANG;;;;310
201500022469;15;1;21;40;1;2;3;1;3;555;58, ALL DES DEMOISELLES;;;;310
201500022470;15;4;8;1530;1;2;1;1;2;149;41, MONNET (AVENUE JEAN);M;4362591;134668;310
201500022471;15;1;24;1820;1;2;1;1;7;69;FIL D'ARIANE (RD902);;;;310
201500022472;15;4;9;1305;1;2;1;1;6;555;15, RUE JEAN AICARD;;;;310
201500022473;15;1;25;115;1;2;1;1;2;555;999, BD LAZARE CARNOT;;;;310
201500022474;15;4;8;1250;1;2;1;1;1;149;allйe blaise pascal;M;4361441;130672;310
201500022475;15;1;26;745;1;2;1;1;3;555;119, AV DE FRONTON;;;;310
201500022476;15;4;9;1425;1;1;1;1;4;555;VA007539 LA ROSERAIE A61;;;;310
201500022477;15;1;26;805;1;2;1;1;1;555;999, AV JEAN RIEUX;;;;310
201500022478;15;4;9;2120;5;2;1;1;6;555;55, BD DES MINIMES;;;;310
201500022479;15;1;26;1730;5;1;1;1;3;555;VA007333LA FAOURETTEA620;M;4358380;140324;310
201500022480;15;4;10;1120;1;2;1;1;2;555;999, AV LOUIS BAZERQUE;;;;310
201500022481;15;1;21;1145;1;2;1;1;1;555;999, RUE HENRI DESBALS;;;;310
201500022482;15;4;10;1141;1;2;1;1;6;555;21, BD SILVIO TRENTIN;;;;310
201500022483;15;1;26;1915;5;2;1;1;3;149;21 SALVETAT (CH DE LA);M;4360395;130652;310
201500022484;15;4;10;1735;1;2;1;1;3;555;3, NARBONNE (ROUTE DE);;;;310