num_acc;an;mois;jour;hrmn;lum;agg;int;atm;col;com;adr;gps;lat;long;dep
201500022485;15;1;29;125;5;2;1;1;6;555;999, BD LASCROSSES;;;;310
201500022486;15;4;10;950;1;2;1;1;3;555;999, AV JEAN CHAUBET;;;;310
201500022487;15;1;30;55;5;2;1;2;1;555;999, RTE DE BLAGNAC;;;;310
201500022488;15;4;12;210;5;2;1;1;3;557;26, AURIOL (BD VINCENT);M;4358686;134864;310
201500022489;15;1;30;230;3;2;1;1;6;555;999, BD DE STRASBOURG;;;;310
201500022490;15;4;12;1230;1;2;1;1;6;555;151, AV JEAN CHAUBET;;;;310
201500022491;15;1;29;1150;1;2;1;1;6;555;15, RUE DE L UKRAINE;;;;310
201500022492;15;4;12;1430;1;2;3;1;3;149;BRUNAUD/ADER (AVE);M;4361507;134625;310
201500022493;15;1;30;2015;5;2;1;9;7;555;43, AV DES ETATS UNIS;;;;310
201500022494;15;4;13;1545;1;2;1;1;6;557;INDUSTRIE (33 BD DE L');M;4358877;131133;310
201500022495;15;2;1;750;2;2;1;2;7;555;999, BD LAZARE CARNOT;;;;310
201500022496;15;4;15;538;5;2;1;1;1;555;54, AV CRAMPEL;;;;310
201500022497;15;2;1;936;1;1;1;2;6;555;VA007440 LES MINIMES;M;4362420;141792;310
201500022498;15;4;15;1043;1;2;1;1;6;555;15, BD D ARCOLE;;;;310
201500022499;15;2;1;1315;1;2;1;1;6;555;999, RUE LOUIS PLANA;;;;310
201500022500;15;4;15;2030;1;2;3;1;3;555;376, SAINT SIMON (RTE DE;;;;310
201500022501;15;1;29;1836;1;2;1;1;6;69;11 SOEURS (CH DES);M;4363109;139508;310
201500022502;15;4;15;2030;5;2;1;1;1;149;58, SALVETAT (CHEMIN DE;M;4360220;130151;310
201500022503;15;2;2;905;1;2;1;1;7;555;999, RUE DU PONT GUILHEM;;;;310
201500022504;15;4;17;1120;1;2;1;1;3;69;10, AUVERGNE (RUE D');M;4363222;138701;310
201500022505;15;2;4;1145;1;2;2;1;3;555;999, AV JEAN DAGNAUX;;;;310
201500022506;15;4;18;1;5;2;1;1;3;555;36, SAINT SAUVEUR (PORT);;;;310
201500022507;15;2;5;1435;1;2;1;1;6;555;999, RUE DE CHAUSSAS;;;;310
201500022508;15;4;19;2253;5;2;2;1;3;555;999, AV YVES BRUNAUD;;;;310
201500022509;15;2;6;1350;1;1;1;4;2;555;VA008493 LA CRABE A624 S;M;4361082;137654;310
201500022510;15;4;20;625;5;1;1;1;1;555;999, VA007418 PONT JUMEA;;;;310
201500022511;15;2;7;1230;1;2;1;1;6;555;999, AV HONORE SERRES;;;;310
201500022512;15;4;17;635;5;2;6;1;7;557;DE GAULLE/ST PIERRE;M;4358460;132536;310
201500022513;15;2;9;1645;1;2;2;1;6;555;RUE DU PONT GUILHEMERY;;;;310
201500022514;15;4;20;1150;1;2;1;1;6;555;15, IMP BARTHERE;;;;310
201500022515;15;2;11;800;1;2;1;1;6;555;1, PL DOMINIQUE MARTIN D;;;;310
201500022516;15;4;21;1840;1;2;1;1;1;555;999, AV M BOURGES MAUNOU;;;;310
201500022517;15;2;10;1820;2;2;1;1;2;149;2 bd ingres (jean augus);M;4359826;135230;310
201500022518;15;4;21;1900;1;1;1;1;2;555;VA007440LES MINIMES A620;M;4362420;141790;310
201500022519;15;2;12;925;1;2;1;1;7;149;BLD PAUL VALERY;M;4359535;134383;310
201500022520;15;4;22;820;1;2;1;1;3;555;999, CHE DE CHANTELLE;;;;310
201500022521;15;2;12;1805;2;2;4;1;3;69;SAVOIE (RUE)CORBIERES;M;4362964;138435;310
201500022522;15;4;22;620;5;2;1;1;6;555;48, AGDE (RTE D) DU 1AU;;;;310
201500022523;15;2;12;1515;1;2;1;1;6;555;7, BD LASCROSSES;;;;310
201500022524;15;4;25;1415;1;1;1;1;7;555;14 CROIX DAURADE (PERIPH;;;;310
201500022525;15;2;13;1050;1;1;1;1;2;555;VA007553 A61;;;;310
201500022526;15;4;24;530;5;2;1;1;3;555;RD901;;;;310
201500022527;15;2;15;740;2;2;1;2;6;555;26, ALL DES FOULQUES;;;;310
201500022528;15;4;25;1720;1;1;1;8;7;555;VA008482 A624;M;4360660;139168;310
201500022529;15;2;16;1430;1;2;1;1;3;555;110, BD SILVIO TRENTIN;;;;310
201500022530;15;4;27;810;1;2;1;1;2;555;388, AV DES ETATS UNIS;;;;310
201500022531;15;2;18;1350;1;2;1;1;7;555;123, RTE D ALBI;;;;310
201500022532;15;4;27;2145;5;2;1;2;6;555;29, RUE DU LOT;;;;310
201500022533;15;2;18;1410;1;2;1;1;1;555;999, RUE MARCEL LOUBENS;;;;310
201500022534;15;4;5;1630;1;2;1;1;6;555;999, ALL JULES GUESDE;;;;310
201500022535;15;2;18;2020;5;1;1;1;3;555;VA007331 A620;M;4356880;141537;310
201500022536;15;4;28;1315;1;2;6;1;7;555;999, ROND POINT PIERRE D;;;;310
201500022537;15;2;18;1515;1;2;2;1;3;555;AV JEAN CHAUBET;;;;310
201500022538;15;4;28;1707;1;2;1;1;1;555;118, AV DE LARDENNE;;;;310
201500022539;15;2;19;925;1;2;3;1;3;555;BD SUISSE/POLITKOVSKAIA;;;;310
201500022540;15;4;28;1750;1;2;1;1;3;555;15, RUE THEODORE OZENNE;;;;310
201500022541;15;2;15;145;5;2;4;3;3;555;., RUE GABRIEL PERI;;;;310
201500022542;15;4;27;1130;1;2;1;1;2;555;999, RUE DE METZ;;;;310
201500022543;15;2;19;1650;1;2;1;1;6;149;BD GENERAL DE GAULLE;M;4361030;132851;310
201500022544;15;4;29;1300;1;2;1;1;7;555;999, RUE LOUIS BONIN;;;;310
201500022545;15;2;23;1750;1;2;1;1;5;555;999, AV JEAN CHAUBET;;;;310
201500022546;15;4;28;1245;1;1;3;1;3;555;VA007313LE CHAPITRE;;;;310
201500022547;15;2;20;2205;3;2;1;1;3;555;., PL DU PONT NEUF;;;;310
201500022548;15;4;28;1920;1;2;1;1;1;555;32, RUE DU FAUBOURG BONN;;;;310
201500022549;15;2;22;2220;1;2;2;1;3;555;., CHE DES HERBETTES;;;;310
201500022550;15;4;30;1615;1;2;1;1;3;555;105, RUE SAINT ROCH;;;;310
201500022551;15;2;24;205;5;2;1;1;7;555;RUE DU DR LOUIS SANIERES;;;;310
201500022552;15;4;30;1930;1;2;1;1;2;555;AV DE GRANDE BRETAGNE;;;;310
201500022553;15;2;24;1100;1;2;1;2;6;555;91, RUE DU FAUBOURG BONN;;;;310
201500022554;15;5;1;1350;1;2;3;2;3;555;999, AV CRAMPEL;;;;310
201500022555;15;2;24;1720;1;2;1;1;6;69;1, BRASSENS (PL GEORGES);M;4364892;137509;310
201500022556;15;5;1;1930;1;2;1;1;3;555;999, RTE DE LAUNAGUET;;;;310
201500022557;15;2;25;1230;1;2;1;3;7;149;ingres (auguste);M;4359310;134730;310
201500022558;15;5;2;1024;1;2;1;1;3;555;999, 33 B SESQUIERES  (P;;;;310
201500022559;15;2;26;745;1;1;1;3;3;555;VA007473 A62;;;;310
201500022560;15;5;2;1300;1;2;3;1;3;555;999, BD DES MINIMES;;;;310
201500022561;15;2;26;2315;5;2;1;1;3;555;31, RUE DE L ORIENT;;;;310
201500022562;15;5;3;805;1;2;1;1;2;555;BD DE LA MARQUETTE;;;;310
201500022563;15;2;25;1630;1;2;1;3;3;149;GASCOGNE (BOULEVARD=;M;4360858;132680;310
201500022564;15;4;30;835;1;2;1;1;6;149;RN124;M;4360603;130568;310
201500022565;15;2;26;1240;1;2;1;1;7;149;12, MARCEL DASSAULT (BLD;M;4361384;134120;310
201500022566;15;5;4;1700;1;2;1;1;3;555;201, RTE DE REVEL;;;;310
201500022567;15;2;27;800;1;2;1;1;6;555;999, RUE RENE CASSIN;;;;310
201500022568;15;5;4;1825;1;2;3;1;6;555;., CHE DE LESTANG;;;;310
201500022569;15;1;27;1420;1;2;1;1;3;555;999, AV DU PR JEAN POULH;;;;310
201500022570;15;5;4;1633;1;2;1;1;1;149;15, OOCITANIE (ALLEE D');M;4361028;133361;310
201500022571;15;2;27;1420;1;2;1;1;3;555;AV DU PR JEAN POULH;M;4355770;145316;310
201500022572;15;2;28;750;1;1;1;1;7;555;VA007342 LA CEPIERE A620;M;4359170;139867;310
201500022573;15;5;4;635;2;2;1;1;3;555;999, BD LASCROSSES;;;;310
201500022574;15;3;1;5;4;2;1;2;3;555;999, CHE DE TUCAUT;;;;310
201500022575;15;5;6;1705;1;2;1;1;6;555;317, SEYSSES (RTE DE) DU;;;;310
201500022576;15;3;3;1200;1;2;1;1;3;555;40, ALL JEAN JAURES;;;;310
201500022577;15;5;6;1525;1;2;1;8;3;555;40, AV JEAN ZAY;;;;310
201500022578;15;3;3;945;1;2;1;1;1;555;52, AV DE LARDENNE;;;;310
201500022579;15;5;9;2350;5;2;2;1;3;555;BD DELTOUR;;;;310
201500022580;15;3;4;910;1;2;1;3;3;557;94, MARQUISAT (AV DU);M;4357257;134044;310
201500022581;15;5;9;1830;1;2;1;1;2;555;999, BD ANDRE NETWILLER;;;;310
201500022582;15;5;9;2130;1;2;1;1;7;555;999, RTE DE BAYONNE;;;;310
201500022583;15;3;6;1330;1;2;1;1;4;557;22, AURIOL (BD VINCENT);M;4358675;134846;310
201500022584;15;3;6;840;1;2;1;1;3;149;5, SERRES (AVE EDOUARD);M;4361200;135227;310
201500022585;15;5;7;2110;5;2;1;1;3;555;81, AV DU LAURAGAIS;;;;310
201500022586;15;3;6;1420;1;2;3;1;3;555;999, BD LAZARE CARNOT;;;;310
201500022587;15;5;10;8;5;2;2;1;3;555;999, RTE DE LABEGE;;;;310
201500022588;15;2;28;1440;1;2;1;1;4;557;15, AURIOL (BD VINCENT);M;4358607;134757;310
201500022589;15;5;10;840;1;1;1;1;3;555;1, MINIMES (BD DES) DU 1;;;;310
201500022590;15;3;6;300;5;2;1;1;6;555;82, RUE DES TROENES;;;;310
201500022591;15;5;9;1205;1;2;3;7;3;555;136, ALBI (RTE D) DU 1AU;;;;310
201500022592;15;3;7;2215;5;2;1;1;3;555;26, RTE DE NARBONNE;;;;310
201500022593;15;5;6;1630;1;2;1;1;6;555;258, AV DE MURET;;;;310
201500022594;15;3;7;2230;3;1;1;1;6;555;AV PIERRE G LATECOERE;;;;310
201500022595;15;5;7;1840;1;2;1;1;6;555;161, RUE NICOLAS L VAUQU;;;;310
201500022596;15;3;8;1635;1;2;1;1;1;555;18, AV M BOURGES MAUNOUR;;;;310
201500022597;15;5;12;855;1;2;3;1;3;555;265, CASTRES (AV DE) DU;;;;310
201500022598;15;3;10;545;5;2;1;1;3;555;118, RTE DE NARBONNE;;;;310
201500022599;15;5;12;908;1;2;3;1;7;555;CHE BERNARD SARRETTE;;;;310
201500022600;15;3;10;710;1;2;1;1;3;555;47, RTE D ESPAGNE;;;;310
201500022601;15;5;12;1320;1;2;1;1;3;555;29, ALL DE BRIENNE;;;;310
201500022602;15;3;10;1325;1;2;1;1;2;555;201, RTE DE REVEL;;;;310
201500022603;15;5;12;2130;5;2;1;1;3;555;68, BD MATABIAU;;;;310
201500022604;15;3;10;1400;1;2;1;1;2;69;GRENADE (ROUTE DE);M;4362557;139348;310
201500022605;15;5;12;1931;1;2;1;1;1;69;BRASSENS (AV GEORGE;M;4364676;136885;310
201500022606;15;3;10;1805;1;2;1;1;3;555;55, BD LAZARE CARNOT;;;;310
201500022607;15;5;13;2300;5;2;1;1;2;555;24, BD LASCROSSES;;;;310
201500022608;15;3;13;1525;1;2;1;2;6;555;1, PAS JEAN LAPAYRE;;;;310
201500022609;15;5;11;1240;1;1;1;1;2;557;980.2  (ROC ARC EN CIEL);M;4358500;136260;310
201500022610;15;3;13;2300;5;2;3;1;3;555;AV HONORE SERRES;;;;310
201500022611;15;5;15;1147;1;2;1;2;2;555;29 BIS, AV M BOURGES MAU;;;;310
201500022612;15;3;14;505;1;2;1;1;6;555;20, BD PIERRE PAUL RIQUE;;;;310
201500022613;15;5;15;720;2;2;2;2;3;555;999, CHE DE CROIX BENITE;;;;310
201500022614;15;3;6;1930;5;2;1;1;3;555;64, AV DES MINIMES;M;4361900;143639;310
201500022615;15;5;17;240;5;1;1;1;7;555;VA008482 A624;M;4361010;138567;310
201500022616;15;5;17;1956;1;2;1;1;2;69;23, MOULIN DE NAUDIN (CH;M;4365139;138621;310
201500022617;15;5;18;840;1;2;1;1;4;555;PONT PIERRE DE COUBERTIN;;;;310
201500022618;15;5;18;1846;1;2;1;1;2;557;22, AURIOL (BD VINCENT);M;4358715;134909;310
201500022619;15;5;18;915;1;2;3;1;2;555;999, AV DES ETATS UNIS;;;;310
201500022620;15;5;7;1730;1;1;1;1;2;555;VA008432 LANGLADE A620;M;4356880;142121;310
201500022621;15;5;19;825;1;1;1;1;7;555;SESQUIERES;M;4365140;142296;310
201500022622;15;5;19;1845;1;2;1;8;6;555;QU SAINT PIERRE;;;;310
201500022623;15;5;19;1300;1;1;1;1;2;69;A621 ST MICHEL DU TOUCH;M;4362160;139303;310
201500022624;15;5;19;500;1;2;1;8;4;555;999, RTE D ESPAGNE;;;;310
201500022625;15;5;21;1320;1;2;1;1;3;555;8, BONREPOS (BD DE) DU 1;;;;310
201500022626;15;5;21;1555;1;1;1;1;2;555;VA007456 SESQUIERES A620;M;4365130;142293;310
201500022627;15;5;21;2230;5;2;3;1;6;555;999, ALL JEAN JAURES;;;;310
201500022628;15;5;22;340;5;2;1;1;6;555;27, BD DE LA GARE;;;;310
201500022629;15;5;23;1840;1;2;1;1;6;555;61, RUE DE LA FAOURETTE;;;;310
201500022630;15;5;23;1845;1;2;1;1;3;555;65, AV DES MINIMES;;;;310
201500022631;15;5;26;1245;1;2;1;1;3;555;999, RTE D ALBI;;;;310
201500022632;15;5;26;1000;1;2;1;1;4;555;19, REVEL (RTE DE) DU 1A;;;;310
201500022633;15;5;26;1320;1;1;1;1;2;555;15 LA ROSERAIE (PERIPH);;;;310
201500022634;15;5;26;1815;1;2;1;1;2;557;50-52, PETIT TRAIN (RUE);M;4357919;132626;310
201500022635;15;5;27;900;1;2;1;1;2;555;999, RTE D ESPAGNE;;;;310
201500022636;15;5;27;1815;1;2;1;1;6;555;10, RUE CHARLES GARNIER;;;;310
201500022637;15;5;23;1840;1;2;1;1;3;555;ROND POINT JEAN PETIT;;;;310
201500022638;15;5;28;910;1;2;3;1;2;557;MARQUISAT/LAC;M;4357325;134171;310
201500022639;15;5;28;830;1;1;1;1;2;555;VA007331 A620;M;4363800;142101;310
201500022640;15;5;28;1215;1;2;1;1;6;555;RTE DE LAUNAGUET;;;;310
201500022641;15;5;29;820;1;2;1;1;3;555;151, AV DE LESPINET;;;;310
201500022642;15;5;29;800;1;2;1;1;3;555;999, PONT NEUF;;;;310
201500022643;15;5;29;1925;1;2;3;2;3;69;D2/RUE GINESTET;M;4362700;139234;310
201500022644;15;5;31;1345;1;2;1;1;7;149;42, MONNET (AVENUE JEAN);M;4362976;134515;310
201500022645;15;5;30;1950;1;2;1;1;6;555;27, RUE VESTREPAIN;;;;310
201500022646;15;6;1;905;1;2;1;1;6;555;237, SAINT EXUPERY (AV A;;;;310
201500022647;15;6;1;1710;1;2;1;1;6;555;8, GONIN (RUE CLAUDE) DU;;;;310
201500022648;15;6;1;1940;1;2;1;1;1;555;117, VESTREPAIN (RUE) DU;;;;310
201500022649;15;6;3;700;1;2;1;1;2;555;135, CHE DE GINESTOUS;;;;310
201500022650;15;6;4;1710;1;2;1;1;6;555;22, AV HENRI GUILLAUMET;;;;310
201500022651;15;6;4;1200;1;2;1;1;2;555;355, AV DES ETATS UNIS;;;;310
201500022652;15;6;4;1240;1;2;3;1;3;555;999, RUE CLAUDE MARIE PE;;;;310
201500022653;15;6;5;1750;1;2;1;1;4;555;BD SILVIO TRENTIN;;;;310
201500022654;15;6;5;1525;1;1;1;1;5;555;VA007493 LES IZARDS A62;;;;310
201500022655;15;6;7;1430;1;2;1;1;7;555;999, AV DE GRANDE BRETAG;;;;310
201500022656;15;6;8;550;1;2;3;1;6;555;999, RUE DE QUEVEN;;;;310
201500022657;15;6;8;805;1;2;2;1;3;69;BRASSENS (AV GEORGES);M;4364868;137229;310
201500022658;15;6;8;2220;5;2;1;2;2;555;94, NARBONNE (ROUTE DE);;;;310
201500022659;15;6;9;1755;1;2;1;1;1;69;7, BRASSENS (AV GEORGES);;;;310
201500022660;15;6;9;1620;1;2;1;1;4;555;23/25, BD RICHARD WAGNER;;;;310
201500022661;15;6;10;1925;1;2;1;1;6;555;15, RUE D ARLES;;;;310
201500022662;15;6;11;745;1;2;3;1;6;555;999, AV SALVADOR ALLENDE;;;;310
201500022663;15;6;11;1935;1;2;1;1;3;555;38, RUE DU FAUBOURG BONN;;;;310
201500022664;15;6;13;1420;1;2;1;1;2;555;261, CASTRES (AV DE) DU;;;;310
201500022665;15;6;12;1300;1;1;1;1;4;149;RN124;M;4360607;133809;310
201500022666;15;6;12;1145;1;2;1;1;4;149;RN124;M;4360685;132802;310
201500022667;15;6;12;1715;1;2;1;1;2;555;CHE TISSIE;;;;310
201500022668;15;6;14;550;5;2;3;3;3;555;999, ALL CHARLES DE FITT;;;;310
201500022669;15;6;15;945;1;2;1;1;3;555;4, AV ANTOINE DE ST EXUP;;;;310
201500022670;15;6;17;1000;1;2;1;1;3;555;66, RUE DU BEARNAIS;;;;310
201500022671;15;6;20;2135;5;2;1;1;3;555;999, BD PIERRE PAUL RIQU;;;;310
201500022672;15;6;21;1425;1;2;1;1;3;555;45 BIS, MATABIAU (RUE) D;;;;310
201500022673;15;6;22;1420;1;2;2;1;3;555;999, RTE DE SEYSSES;;;;310
201500022674;15;6;22;1745;1;2;1;1;6;555;16, RUE DE LA TOURAINE;;;;310
201500022675;15;6;23;1340;1;2;1;1;2;555;9, RUE PAULIN TALABOT;;;;310
201500022676;15;6;23;1705;1;2;1;1;3;555;17, PONT SAINT PIERRE (R;;;;310
201500022677;15;6;23;1850;1;2;3;1;2;555;999, AV FREDERIC ESTEBE;;;;310
201500022678;15;6;23;1756;1;1;1;1;3;555;VA007331 A620;M;4358320;140362;310
201500022679;15;6;23;1520;1;2;3;1;3;149;64, SALVETAT (CH) DE;M;4359902;129538;310
201500022680;15;6;25;330;4;2;1;1;6;149;19, NASQUE (CH DE LA);M;4359923;131519;310
201500022681;15;6;25;532;2;2;1;1;6;555;25, DELTOUR (BD) DU 1AU;;;;310
201500022682;15;6;24;1255;1;2;3;1;3;149;27, SALVETAT (CHEMIN DE;M;4360372;130574;310
201500022683;15;6;24;1650;1;2;1;1;7;149;EUGENE MONTEL (BLD);M;4360861;133610;310
201500022684;15;6;24;2000;1;2;1;1;6;555;124, AV DE LA GLOIRE;;;;310
201500022685;15;6;25;905;1;2;1;1;1;555;999, AV DU GENERAL EISEN;;;;310
201500022686;15;6;25;1730;1;1;1;1;4;555;VA007331 A620;M;4357070;143152;310
201500022687;15;6;26;1430;1;2;1;1;7;555;999, CEPIERE (ROND POINT;;;;310
201500022688;15;6;26;920;1;1;1;1;4;555;VA007331 A620;M;4365263;142432;310
201500022689;15;6;25;1745;1;1;1;1;3;555;VA007331 A620;M;4356870;147987;310
201500022690;15;6;29;755;1;2;2;1;3;69;PONS (BD FIRMIN);M;4363483;139960;310
201500022691;15;6;29;1408;1;2;1;1;6;69;PLAN DU PORT (LE);M;4362487;139934;310
201500022692;15;6;29;1730;1;2;1;1;6;555;71, AV DES MINIMES;;;;310
201500022693;15;6;30;940;1;1;1;1;4;555;VA007342 LA CEPIERE;M;4359180;139863;310
201500022694;15;6;30;845;1;2;3;1;3;555;999, RUE JEAN PERRIN;;;;310
201500022695;15;6;30;2130;1;2;1;1;6;555;40, BD MATABIAU;;;;310
201500022696;15;6;30;1115;1;2;1;1;6;555;39, PERI (RUE GABRIEL) D;;;;310
201500022697;15;6;30;1400;1;2;1;1;3;555;999, AV DE GRANDE BRETAG;;;;310
201500022698;15;6;30;1555;1;1;1;1;2;555;A624 (PURPAN);M;4360833;138875;310
201500022699;15;7;2;945;1;2;2;1;6;555;999, CHE DE LANUSSE;;;;310
201500022700;15;7;2;2115;2;2;1;1;3;555;999, BD DE STRASBOURG;;;;310
201500022701;15;7;3;1620;1;2;1;1;6;555;999, PL JEANNE D ARC;;;;310
201500022702;15;7;4;2039;1;2;1;1;3;555;999, AV DU GENERAL EISEN;;;;310
201500022703;15;7;5;900;1;2;1;1;6;555;BD LAZARE CARNOT;;;;310
201500022704;15;7;5;617;1;2;1;1;6;555;999, PONT GARIGLIANO;;;;310
201500022705;15;7;2;1915;1;1;1;1;2;555;A624 (PURPAN);;;;310
201500022706;15;6;6;2115;2;2;3;1;3;149;DEFERRE (BOULEVARD GA;M;4361918;133538;310
201500022707;15;7;6;2115;2;2;3;1;3;149;DEFERRE (BLD GASTON);M;4361809;133417;310
201500022708;15;7;7;735;1;2;1;1;3;555;196, RTE D ALBI;;;;310
201500022709;15;7;8;130;5;2;1;1;3;555;999, AV DES ETATS UNIS;;;;310
201500022710;15;7;7;1630;1;2;3;1;5;555;999, RUE DE CUGNAUX;;;;310
201500022711;15;7;7;1925;1;2;1;1;3;555;378, SAINT SIMON (RTE DE;;;;310
201500022712;15;7;7;1700;1;2;6;1;6;557;3, JAURES (AV JEAN);M;4358845;135897;310
201500022713;15;7;8;1505;1;2;1;1;3;555;35, BD DES RECOLLETS;;;;310
201500022714;15;7;8;1905;1;2;1;1;6;69;30, AUSSONNE (CH D');M;4363934;138785;310
201500022715;15;7;9;1550;1;2;1;1;7;555;999, CHE DU PONT DE RUPE;;;;310
201500022716;15;7;10;430;2;1;1;1;7;555;VA007418 PONT JUMEAUX A6;M;4360970;141371;310
201500022717;15;7;10;1900;1;2;1;1;3;555;999, AV JEAN ZAY;;;;310
201500022718;15;7;12;825;1;2;1;1;1;555;79, AV DE LA GLOIRE;;;;310
201500022719;15;7;14;1120;1;2;1;1;6;555;999, RUE DE METZ;;;;310
201500022720;15;7;16;1015;1;2;1;1;6;555;17, BD ARMAND DUPORTAL;;;;310
201500022721;15;7;16;955;1;2;1;1;4;149;VA008482 N124;;;;310
201500022722;15;7;17;1212;1;2;1;1;3;555;57, CHE DES ETROITS;;;;310
201500022723;15;7;17;1305;1;2;1;1;2;555;999, AV DE FRONTON;;;;310
201500022724;15;7;17;1720;1;2;1;1;6;555;999, RTE D AGDE;;;;310
201500022725;15;7;18;1138;1;2;1;1;6;555;2, PORT SAINT ETIENNE;;;;310
201500022726;15;7;18;1800;1;2;1;1;7;555;2, BD D ARCOLE;;;;310
201500022727;15;7;18;1915;1;2;1;1;2;555;999, RTE D ALBI;;;;310
201500022728;15;7;19;315;5;2;2;1;5;555;999, AV FREDERIC ESTEBE;;;;310
201500022729;15;7;17;1905;1;2;3;1;3;555;999, RUE MARIE LAURENCIN;;;;310
201500022730;15;7;20;1415;1;2;1;1;6;555;999, RUE DE LA TRINITE;;;;310
201500022731;15;7;20;2050;1;2;1;1;3;555;999, AV PIERRE G LATECOE;;;;310
201500022732;15;7;22;30;3;2;1;1;6;555;999, AV PIERRE G LATECOE;;;;310
201500022733;15;7;15;1845;1;2;2;1;6;555;999, AV DE L URSS;;;;310
201500022734;15;7;22;1440;1;2;1;1;6;555;999, RUE DU MORBIHAN;;;;310
201500022735;15;7;23;125;5;2;1;1;7;555;999, RUE HENRI DESBALS;;;;310
201500022736;15;7;22;1736;1;2;1;1;2;555;5, SAINT SIMON (RTE DE);;;;310
201500022737;15;7;21;1510;1;1;1;1;4;555;24 EMPALOT  (PERIPH);M;4357070;143147;310
201500022738;15;7;22;1655;1;2;5;1;3;555;999, RUE STALINGRAD;;;;310
201500022739;15;7;23;1715;1;2;1;1;2;555;15, BD D ARCOLE;;;;310
201500022740;15;7;24;2025;2;1;1;2;2;555;RN124;;;;310
201500022741;15;7;26;545;5;2;3;1;6;555;., RUE DU FAUBOURG BONNE;;;;310
201500022742;15;7;25;150;3;2;1;1;3;555;999, RTE D AGDE;;;;310
201500022743;15;7;27;1035;1;2;1;1;6;555;BONNAT (RUE) DU 1AU 152;;;;310
201500022744;15;7;28;630;1;1;1;1;6;555;VA007331 A620;;;;310
201500022745;15;7;27;1910;1;2;1;1;2;69;FIL D'ARIANE (RD902);M;4362921;138315;310
201500022746;15;7;28;1500;1;1;1;1;4;149;RN124 sortie 04;M;4360616;133779;310
201500022747;15;7;31;710;1;2;1;1;6;555;3, AV DE FONDEYRE;;;;310
201500022748;15;7;31;1300;1;2;1;2;6;555;30, AV JEAN MOULIN;;;;310
201500022749;15;8;1;1805;1;2;1;1;2;555;., PONT PIERRE DE COUBER;;;;310
201500022750;15;8;2;2350;5;2;1;1;2;555;26, SEJOURNE (AV PAUL) D;;;;310
201500022751;15;7;31;1525;1;2;2;1;3;555;999, AV DE LA GLOIRE;;;;310
201500022752;15;8;4;1545;1;2;1;1;1;555;999, PONT GARIGLIANO;;;;310
201500022753;15;8;5;1755;1;2;1;1;6;555;RTE DE NARBONNE;;;;310
201500022754;15;8;6;1210;1;1;1;1;3;69;VA001490 A621;;;;310
201500022755;15;8;6;2215;5;1;1;1;6;555;VA007331 A620;M;4357432;146904;310
201500022756;15;8;7;940;1;2;1;1;3;555;RUE DU PONT GUILHEMERY;;;;310
201500022757;15;8;8;400;3;2;1;2;6;555;14, RUE DU LOT;;;;310
201500022758;15;8;8;2030;2;2;1;2;3;555;20, BD SILVIO TRENTIN;;;;310
201500022759;15;8;9;1700;1;1;1;3;2;555;VA007331 A620;M;4364987;142188;310
201500022760;15;8;8;1225;1;2;1;3;2;555;999, BD D ARCOLE;;;;310
201500022761;15;8;7;1140;1;2;1;1;3;555;999, BD DE LA MEDITERRAN;;;;310
201500022762;15;8;10;1215;1;2;1;1;2;555;243, AV JEAN RIEUX;;;;310
201500022763;15;8;9;800;1;1;1;1;7;555;VA007440 LES MINIMES;M;4362289;141758;310
201500022764;15;8;13;715;1;2;6;1;3;555;CHE DU RAMELET MOUNDI;;;;310
201500022765;15;8;14;1200;1;2;1;2;6;555;999, RUE HENRI DESBALS;;;;310
201500022766;15;8;14;2220;5;2;1;1;6;555;29, BD GABRIEL KOENIGS;;;;310
201500022767;15;8;18;1325;1;2;1;1;2;555;12, BD SILVIO TRENTIN;;;;310
201500022768;15;8;19;910;1;2;6;1;7;555;ALL FORAIN FRANCOIS VERD;;;;310
201500022769;15;8;18;855;1;2;3;1;2;557;LARRAMET/PASSERIVE;M;4356547;133707;310
201500022770;15;8;19;950;1;2;1;1;7;555;AV PAUL SEJOURNE;;;;310
201500022771;15;8;19;1600;1;2;1;1;2;555;999, BARRIERE DE LOMBEZ;;;;310
201500022772;15;8;20;1035;1;2;2;7;3;555;., CRETES (BOULEVARD DES;;;;310
201500022773;15;8;19;1900;1;1;1;1;7;555;VA007306 A64;;;;310
201500022774;15;8;20;900;1;1;1;1;2;555;VA007418 PONT JUMEA;M;4360929;141295;310
201500022775;15;8;21;20;5;2;1;1;3;555;999, RUE HENRI DESBALS;;;;310
201500022776;15;8;21;625;5;2;1;1;7;555;257, AV DE CASTRES;;;;310
201500022777;15;8;20;1440;1;2;3;1;3;149;COLLONGUES/NASQUE;M;4359701;132773;310
201500022778;15;8;21;1745;1;2;1;1;3;555;304, AV DES ETATS UNIS;;;;310
201500022779;15;8;22;25;5;2;1;1;3;555;., AV DE LYON;;;;310
201500022780;15;8;25;1620;1;2;1;1;5;555;361, AV DES ETATS UNIS;;;;310
201500022781;15;8;25;1850;1;2;1;7;3;555;999, AV JEAN ZAY;;;;310
201500022782;15;8;26;1415;1;2;1;1;5;555;11, RUE JOSEPH JACQUARD;;;;310
201500022783;15;8;26;2150;5;2;1;1;5;555;118, AV DE FRONTON;;;;310
201500022784;15;8;27;1450;1;2;1;1;2;555;12, BD LAZARE CARNOT;;;;310