num_acc;an;mois;jour;hrmn;lum;agg;int;atm;col;com;adr;gps;lat;long;dep
201500022785;15;8;27;1204;1;2;1;1;2;555;999, AV JEAN ZAY;;;;310
201500022786;15;8;28;1305;1;2;1;1;2;555;999, PORT SAINT SAUVEUR;;;;310
201500022787;15;8;28;1415;1;2;1;1;6;555;, AV DIDIER DAURAT PROLO;;;;310
201500022788;15;8;30;150;5;2;1;1;1;555;999, BD LASCROSSES;;;;310
201500022789;15;8;30;218;5;2;1;1;6;555;208, AV DE CASTRES;;;;310
201500022790;15;8;20;725;1;2;1;1;3;555;999, BD DES MINIMES;;;;310
201500022791;15;8;31;1017;1;2;1;1;3;555;999, RTE D AGDE;;;;310
201500022792;15;8;31;1920;2;2;1;1;6;555;306, RTE DE SEYSSES;;;;310
201500022793;15;9;3;800;1;1;1;8;2;555;VA007306 A64;;;;310
201500022794;15;9;3;1505;1;2;1;1;6;555;41, RUE DE METZ;;;;310
201500022795;15;9;4;1555;1;2;1;1;3;555;01, MARQUETTE (BD DE LA);;;;310
201500022796;15;9;6;710;1;1;1;1;7;555;VA007342 LA CEPIERE A620;M;4359150;139878;310
201500022797;15;9;4;2130;5;2;1;1;3;555;999, AV DES ETATS UNIS;;;;310
201500022798;15;9;6;1206;1;2;1;1;2;555;27, BD MATABIAU;;;;310
201500022799;15;9;7;815;1;1;1;1;2;555;23 RANGUEIL EMPALOT;M;4357540;144529;310
201500022800;15;9;7;930;1;1;1;1;2;555;VA007518 A68;M;4364400;149810;310
201500022801;15;9;8;800;1;1;1;1;3;555;VA007331 A620;;;;310
201500022802;15;9;8;1015;1;1;1;1;3;555;24 EMPALOT  (PERIPH OUES;M;4357331;143810;310
201500022803;15;9;7;930;1;2;1;1;6;555;7, BD DE STRASBOURG;;;;310
201500022804;15;9;9;1020;1;2;1;1;3;555;999, ALL JEAN JAURES;;;;310
201500022805;15;9;9;1403;1;2;1;1;6;555;AV LOUIS BAZERQUE;;;;310
201500022806;15;9;8;10;5;2;1;1;3;555;999, PONT PIERRE DE COUB;;;;310
201500022807;15;9;10;950;1;2;1;1;3;555;55, ETROITS (CHE DES) DU;;;;310
201500022808;15;9;10;1719;1;1;1;1;4;555;VA008482 A624;;;;310
201500022809;15;9;10;1515;1;2;3;1;3;149;AUCH (RUE D')/DES SPORTS;M;4360863;134033;310
201500022810;15;9;11;925;1;2;4;1;3;149;RN124;M;4360644;133679;310
201500022811;15;9;12;1930;1;2;1;1;4;557;39, DOUMERGUE (RUE GASTO;M;4358418;134308;310
201500022812;15;9;5;1900;1;2;1;1;3;555;999, RUE RECLUSANE;;;;310
201500022813;15;9;15;30;5;2;1;1;7;555;999, RUE DE BOURRASSOL;;;;310
201500022814;15;9;10;1740;1;2;1;1;4;555;980.3 PLAISANCE (ROCADE;;;;310
201500022815;15;9;14;1845;1;2;3;1;2;557;LARRAMET (CH DE);M;4356052;135720;310
201500022816;15;9;11;1115;1;1;1;1;2;555;VA007333LAFAOURETTE A620;M;4358300;140376;310
201500022817;15;9;14;1939;1;2;1;1;6;555;186, AV DE GRANDE BRETAG;;;;310
201500022818;15;9;15;1430;1;2;1;1;3;555;10, RUE CLAIRE PAUILHAC;;;;310
201500022819;15;9;15;1645;1;2;1;1;6;555;217, RTE DE NARBONNE;;;;310
201500022820;15;9;15;1700;1;1;1;1;4;555;VA007473 A62;;;;310
201500022821;15;9;16;915;1;1;1;1;5;555;VA007355 PURPAN A620 Sor;M;4360280;140001;310
201500022822;15;9;16;1230;1;2;1;1;3;555;115, RTE DE NARBONNE;M;4356584;145925;310
201500022823;15;9;18;714;2;2;1;1;2;555;28, BD D ARCOLE;;;;310
201500022824;15;9;18;850;1;2;1;1;6;149;ORMEAU (CHEMIN DE L');M;4361500;132859;310
201500022825;15;9;18;1150;1;2;1;1;3;555;30, AV HONORE SERRES;;;;310
201500022826;15;9;19;2215;5;2;1;1;3;555;BD LAZARE CARNOT;;;;310
201500022827;15;9;20;520;5;2;1;1;6;555;46, STRASBOURG (BD DE) D;;;;310
201500022828;15;9;20;1855;1;2;1;1;3;555;105, BLAGNAC (ROUTE DE);;;;310
201500022829;15;9;21;650;1;1;2;1;3;555;., AV D ATLANTA;;;;310
201500022830;15;9;21;713;2;2;1;1;3;555;163, RUE LOUIS PLANA;;;;310
201500022831;15;9;21;1910;2;2;1;1;2;555;999, AV JEAN ZAY;;;;310
201500022832;15;9;18;1930;1;2;1;1;3;149;RAMASSIERS(CHEMIN DES);M;4359992;135332;310
201500022833;15;9;22;710;5;2;1;1;3;555;12, MURET (AV DE) DU 1AU;;;;310
201500022834;15;9;22;1250;1;2;1;1;2;555;14, AV EDOUARD BELIN;;;;310
201500022835;15;9;22;1300;1;2;1;1;3;555;999, AV DU GENERAL DE CR;;;;310
201500022836;15;9;22;1840;1;2;1;1;3;555;67, ALBI (RTE D) DU 1AU;;;;310
201500022837;15;9;22;2145;5;2;6;2;3;555;999, BOULINGRIN (ROND PO;;;;310
201500022838;15;9;23;840;1;2;3;1;3;555;RUE DE CHAUSSAS;;;;310
201500022839;15;9;23;830;1;2;1;1;4;557;126, LARRAMET (CH DE);M;4356077;135027;310
201500022840;15;9;22;825;1;1;1;2;2;555;VA007333LAFAOURETTE A620;M;4358280;140388;310
201500022841;15;9;23;1750;1;1;1;1;3;555;23 RANGUEIL  (PERIPH OUE;M;4357560;144479;310
201500022842;15;9;22;1215;1;2;9;1;3;69;29, BRASSENS (AV GEORGES;M;4364992;138076;310
201500022843;15;9;23;1610;1;2;1;1;4;555;AV LOUIS BAZERQUE;;;;310
201500022844;15;9;24;815;1;1;1;1;3;555;VA008482 A624;M;4361150;138006;310
201500022845;15;9;24;1550;1;2;1;1;6;555;., BD MATABIAU;;;;310
201500022846;15;9;24;1750;1;2;6;1;7;69;CORNEBARRIEU (ROUTE DE);M;4364452;136279;310
201500022847;15;9;24;1820;1;2;1;1;3;555;13, RUE ALAIN FOURNIER;;;;310
201500022848;15;9;24;2230;5;2;3;1;3;555;999, RTE DE SAINT SIMON;;;;310
201500022849;15;9;24;1920;2;2;1;1;3;555;243, RTE DE BAYONNE;;;;310
201500022850;15;9;25;745;1;2;2;1;3;555;999, RTE DE REVEL;;;;310
201500022851;15;9;25;720;1;1;1;1;4;555;N 124;M;4360900;136105;310
201500022852;15;9;26;2345;5;2;1;1;3;555;344, AV DES ETATS UNIS;;;;310
201500022853;15;9;27;630;2;2;2;1;3;555;BD PIERRE PAUL RIQUET;;;;310
201500022854;15;9;29;725;1;2;1;1;6;555;34, AV FRIZAC;;;;310
201500022855;15;9;29;1805;1;2;6;1;6;149;FONTAINE LUMINEUSE;M;4360948;135154;310
201500022856;15;9;30;1730;1;2;1;1;3;555;999, AV LOUIS BREGUET;;;;310
201500022857;15;9;19;1030;1;2;1;1;6;555;164, RTE DE REVEL;;;;310
201500022858;15;10;1;800;1;1;1;1;1;555;VA007473 A61;;;;310
201500022859;15;10;1;830;1;2;1;1;3;555;343, AV DES ETATS UNIS;;;;310
201500022860;15;10;1;1930;1;2;1;1;3;555;999, RUE DE LA REPUBLIQU;;;;310
201500022861;15;10;2;715;1;2;1;1;6;555;999, ALL DES GRANDS CHEN;;;;310
201500022862;15;10;2;750;1;2;1;1;3;555;999, BD DE SUISSE;;;;310
201500022863;15;10;2;1155;1;2;1;1;6;555;22, MINIMES (AV DES) DU;;;;310
201500022864;15;10;3;155;5;2;1;1;3;555;999, ALL CHARLES DE FITT;;;;310
201500022865;15;10;4;610;5;2;1;1;3;555;999, RUE DU POLE;;;;310
201500022866;15;10;4;1400;1;2;1;1;2;555;999, BD DE LA GARE;;;;310
201500022867;15;10;2;1200;1;2;1;1;6;555;999, RUE DE L UKRAINE;;;;310
201500022868;15;10;5;1030;1;2;1;1;3;555;116, ESPAGNE (RTE D) DU;;;;310
201500022869;15;10;5;1745;1;2;1;1;3;555;999, Rd Pt Firmin Pons;;;;310
201500022870;15;10;6;120;5;2;1;1;6;555;50, AV DE LAVAUR;;;;310
201500022871;15;10;5;1850;1;2;6;1;6;557;MARQUISAT (AV DU);M;4357612;134763;310
201500022872;15;10;6;1940;5;2;3;1;1;149;CALVET (BLD EMILE);M;4361265;133169;310
201500022873;15;10;6;1210;1;2;3;1;3;149;MARCEL DASSAULT (BLD);M;4361017;134803;310
201500022874;15;10;8;1650;1;2;1;1;3;149;7, SERRES (AVE EDOUARD);M;4361265;135247;310
201500022875;15;10;9;510;5;2;1;1;6;555;67, RUE DU FAUBOURG BONN;;;;310
201500022876;15;10;8;1730;1;2;1;1;1;555;RUE THEODORE OZENNE;;;;310
201500022877;15;10;9;1855;2;2;1;1;6;555;69, RTE DE REVEL;;;;310
201500022878;15;10;10;1650;1;2;1;1;7;555;107, AV JEAN RIEUX;;;;310
201500022879;15;10;10;1815;1;2;1;1;7;555;3, RUE MARIE LOUISE DISS;;;;310
201500022880;15;10;11;555;5;2;1;1;3;555;55, BD DE SUISSE;;;;310
201500022881;15;10;11;1135;1;1;1;1;2;555;VA007518 A68;;;;310
201500022882;15;10;10;940;1;2;1;1;6;555;23, BD LASCROSSES;;;;310
201500022883;15;10;12;1305;1;2;1;1;3;555;999, ROND POINT LOUIS BR;;;;310
201500022884;15;10;12;1240;1;2;1;1;5;149;COLLONGUES (RUE ETIENNE);M;4360445;133543;310
201500022885;15;10;12;2215;5;2;1;1;6;555;999, BD LAZARE CARNOT;;;;310
201500022886;15;10;13;930;1;2;1;2;6;555;24, BD GRIFFOUL DORVAL;;;;310
201500022887;15;10;12;1720;1;2;1;1;2;555;999, BD LASCROSSES;;;;310
201500022888;15;10;14;734;2;2;1;1;3;69;1, PINS (AV DES);M;4363672;138395;310
201500022889;15;10;13;1350;1;2;1;2;3;555;999, RTE D ESPAGNE;;;;310
201500022890;15;10;13;1850;2;2;1;1;7;149;RN124;M;4360529;129073;310
201500022891;15;10;15;655;1;2;1;1;3;555;999, ALL DES DEMOISELLES;;;;310
201500022892;15;10;14;1710;1;2;1;1;2;555;1, RUE JEAN MERMOZ;;;;310
201500022893;15;10;16;1900;1;2;1;1;3;555;291, SEYSSES (RTE DE) DU;;;;310
201500022894;15;10;16;2025;5;2;1;1;4;555;86, CHE DE CROIX BENITE;;;;310
201500022895;15;10;16;2230;5;2;1;1;6;555;180, AV DE MURET;;;;310
201500022896;15;10;17;1600;1;2;2;1;3;555;999, AV SALVADOR ALLENDE;;;;310
201500022897;15;10;18;1220;1;2;1;1;2;555;139, ALBI (RTE D) DU 1AU;;;;310
201500022898;15;10;19;730;2;2;1;1;6;555;66, AV JEAN RIEUX;;;;310
201500022899;15;10;19;800;1;2;6;1;3;149;Rond Point fontaine lumi;M;4360859;133628;310
201500022900;15;10;17;355;4;1;4;2;7;555;VA007379 BAYLAC ANCELY;M;4360578;139508;310
201500022901;15;10;19;1100;1;2;2;1;6;555;999, ALL JEAN JAURES;;;;310
201500022902;15;10;20;2150;5;2;1;1;3;555;15, BD SILVIO TRENTIN;;;;310
201500022903;15;10;20;2000;5;2;1;1;3;149;12, RAMASSIERS (PASSAGE);M;4359505;135882;310
201500022904;15;10;21;1255;1;2;2;1;6;555;999, ALL JEAN JAURES;;;;310
201500022905;15;10;21;1500;1;1;1;1;4;555;VA007331 A620;;;;310
201500022906;15;10;22;515;5;2;3;1;3;555;999, AV DE LYON;;;;310
201500022907;15;10;22;1955;5;2;1;1;7;555;999, PL ROGUET;;;;310
201500022908;15;10;23;715;5;2;2;1;3;555;999, AV CRAMPEL;;;;310
201500022909;15;10;23;1450;1;2;1;1;6;555;35, AV M BOURGES MAUNOUR;;;;310
201500022910;15;10;23;1750;1;1;1;1;4;555;VA008482 A624;M;4361020;138548;310
201500022911;15;10;23;1930;5;2;1;1;3;555;29BIS, AV M BOURGES MAUN;;;;310
201500022912;15;10;27;1813;2;2;1;1;1;555;138, FRONTON (AV DE) DU;;;;310
201500022913;15;10;27;2000;5;2;2;1;3;149;49, RUE GILET/CHRESTIAS;M;4361031;133956;310
201500022914;15;10;28;1511;1;2;1;1;3;557;17, ST PIERRE (CH);M;4358368;133830;310
201500022915;15;10;28;1100;1;1;1;2;2;555;VA007331 A620;;;;310
201500022916;15;10;28;1450;1;1;1;1;2;555;VA007553 A61;;;;310
201500022917;15;10;28;1410;1;2;1;1;6;555;11, VIALA (AV LEON) DU 2;;;;310
201500022918;15;10;28;1615;1;2;1;1;3;555;103, SUISSE (BD DE) DU 7;;;;310
201500022919;15;10;28;1700;1;1;1;1;4;555;980.3 PLAISANCE (ROCADE;;;;310
201500022920;15;10;30;600;5;2;3;1;1;555;999, RUE DU POLE;;;;310
201500022921;15;10;30;915;1;2;1;1;6;555;90, ESPAGNE (RTE D) DU 2;;;;310
201500022922;15;10;30;1545;1;2;1;1;3;555;45, AV M BOURGES MAUNOUR;;;;310
201500022923;15;11;1;910;1;2;1;1;6;555;RUE DU GEN JEAN COMPANS;;;;310
201500022924;15;11;1;1433;1;2;1;1;6;69;6, GAINSBOURG (RUE SERGE;M;4364764;137270;310
201500022925;15;11;1;2130;5;2;1;1;1;555;RUE DES SEPT TROUBADOURS;;;;310
201500022926;15;11;2;720;2;2;1;1;3;555;164, RTE DE REVEL;;;;310
201500022927;15;11;2;955;1;2;1;1;3;555;999, ALL DE GUYENNE;;;;310
201500022928;15;11;2;1805;5;2;1;1;6;555;999, CHE COTES DE PECH D;;;;310
201500022929;15;11;3;855;1;2;1;1;6;555;84, AV JEAN RIEUX;;;;310
201500022930;15;11;3;1605;1;2;2;1;3;69;GRENADE (ROUTE DE);M;4363433;139130;310
201500022931;15;11;3;1920;5;2;1;1;3;557;311, LARDENNE (AV DE);M;4358980;137175;310
201500022932;15;11;4;1455;1;2;3;1;6;555;29, ALL FORAIN FRANCOIS;;;;310
201500022933;15;11;4;1530;1;2;1;1;6;555;11, AV DE LA GLOIRE;;;;310
201500022934;15;11;5;910;1;1;1;1;3;555;VA007331 A620;M;4357640;140810;310
201500022935;15;11;5;2200;5;2;1;1;3;555;BRUNAUD (AVENUE YVES);;;;310
201500022936;15;11;6;1350;1;2;1;1;6;555;15, AV DU COLONEL ROCHE;;;;310
201500022937;15;11;6;1435;1;2;1;1;6;555;60, CHAUBET (AV JEAN) DU;;;;310
201500022938;15;11;6;1900;2;2;1;1;1;69;CORNEBARRIEU (ROUTE;M;4364440;136190;310
201500022939;15;11;5;1400;1;2;3;1;3;149;COMMINGES (ALLEE DU);M;4360797;133368;310
201500022940;15;11;7;1225;1;1;1;1;3;555;VA007331 A620;M;4358730;140096;310
201500022941;15;11;7;1530;1;2;1;1;7;149;GARE (PLACE DE LA);M;4360378;133422;310
201500022942;15;11;8;1145;1;2;1;1;6;555;160, GLOIRE (AV DE LA) D;;;;310
201500022943;15;11;8;1755;5;2;1;1;3;555;999, AV JEAN CHAUBET;;;;310
201500022944;15;11;9;1430;1;2;3;1;3;555;999, AV DE MURET;;;;310
201500022945;15;11;10;755;1;1;1;1;3;433;VA007306 A64;;;;310
201500022946;15;11;10;510;5;1;1;1;7;555;VA007331 A621;;;;310
201500022947;15;11;10;852;1;1;1;1;4;555;VA007495 A62;;;;310
201500022948;15;11;10;1300;1;1;1;1;6;555;VA007355 PURPAN A620;M;4360480;140339;310
201500022949;15;11;10;1755;5;1;6;1;1;555;999, PRO HENRI MARTIN;;;;310
201500022950;15;11;11;425;5;2;2;1;6;555;999, RUE VIGUERIE;;;;310
201500022951;15;11;12;1820;5;2;1;1;3;555;999, RUE DE METZ;;;;310
201500022952;15;11;12;710;2;2;3;1;3;555;999, AV ARTHUR HUC;;;;310
201500022953;15;11;16;645;2;1;1;9;7;555;VA007331 A620;M;4357120;143430;310
201500022954;15;11;16;1600;1;2;3;1;3;149;ROUERGUE (ALLEE DU);M;4360948;133000;310
201500022955;15;11;17;1345;1;2;1;1;6;555;999, BD DE STRASBOURG;;;;310
201500022956;15;11;17;1539;1;2;1;1;6;555;999, RUE PAUL VALERY;;;;310
201500022957;15;11;19;1110;1;2;1;1;3;555;999, RTE D AGDE;;;;310
201500022958;15;11;19;2345;5;2;1;1;2;555;63, BD DE STRASBOURG;;;;310
201500022959;15;11;16;1225;1;1;1;1;4;555;VA007331 A620;M;4356840;141703;310
201500022960;15;11;20;1241;1;1;1;1;4;555;VA007331 A620;M;4357465;143953;310
201500022961;15;11;20;1500;1;1;1;1;2;555;VA007331 A620;M;4360970;141381;310
201500022962;15;11;20;2100;5;2;1;1;2;555;66, FAUBOURG BONNEFOY (R;;;;310
201500022963;15;11;22;635;5;2;1;1;1;555;115, ETROITS (CHE DES) D;;;;310
201500022964;15;11;23;845;1;2;1;1;6;555;134, AV DE LESPINET;;;;310
201500022965;15;11;23;910;1;1;1;1;4;555;VA007331 A620;M;4362784;142000;310
201500022966;15;11;23;1405;1;2;1;1;6;555;17, BD GRIFFOUL DORVAL;;;;310
201500022967;15;11;24;1900;3;1;1;2;2;555;VA007331 A621;;;;310
201500022968;15;11;25;835;3;1;1;3;3;149;3 COLOMIERS EST N124;M;4360770;135219;310
201500022969;15;11;23;853;1;2;1;1;3;69;VELASQUEZ (RUE);M;4362101;139055;310
201500022970;15;11;25;1320;1;1;1;2;6;555;VA007456 SESQUIERES;M;4365080;142246;310
201500022971;15;11;23;1530;1;1;1;1;2;555;A 620;M;4357960;140600;310
201500022972;15;11;27;1136;1;2;1;1;6;555;90, AV YVES BRUNAUD;;;;310
201500022973;15;11;26;2040;5;2;1;1;6;555;999, RUE D ALSACE LORRAI;;;;310
201500022974;15;11;27;1650;1;2;1;1;1;555;126, CHE DES ETROITS;;;;310
201500022975;15;11;27;1830;5;2;1;1;2;555;D980;M;4360744;136916;310
201500022976;15;11;28;120;5;2;1;2;6;555;43, METZ (RUE DE) DU 21A;;;;310
201500022977;15;11;28;1110;1;1;1;1;3;555;ECHANGEUR BORDELONGUE;M;4356325;141805;310
201500022978;15;11;29;1555;1;2;1;1;3;555;126, RTE D ESPAGNE;;;;310
201500022979;15;11;26;1815;5;1;1;2;4;555;VA007553 A61;;;;310
201500022980;15;11;30;920;1;2;1;1;1;555;1, EUROPE (AV DE L) DU 1;;;;310
201500022981;15;11;30;1700;1;2;1;1;3;555;RUE DES CHAMOIS;;;;310
201500022982;15;11;30;1420;1;2;1;1;2;557;122, TARBES (ROUTE DE);M;4358108;133543;310
201500022983;15;12;1;1218;1;2;1;1;6;555;334, AV DES ETATS UNIS;;;;310
201500022984;15;12;1;850;1;2;1;1;2;149;CORNEBARRIEU (ROUTE DE);M;4362424;133295;310
201500022985;15;12;2;1255;1;2;1;1;2;149;8, NAUROUZE (ALLEE DE);M;4360911;134516;310
201500022986;15;12;2;1550;1;2;1;7;4;149;3 COLOMIERS EST (A624);M;4360780;135247;310
201500022987;15;12;2;1945;3;2;1;1;3;555;2, AV D ATLANTA;;;;310
201500022988;15;12;2;1545;1;2;3;1;3;149;MITTERAND (ESPLANADE);M;4360607;133476;310
201500022989;15;12;2;910;1;2;1;2;3;555;6, RUE LOUIS BONIN;;;;310
201500022990;15;12;2;2005;5;2;2;1;6;555;999, BD DE LA GARE;;;;310
201500022991;15;12;3;1715;3;2;1;1;3;555;286, RTE DE REVEL;;;;310
201500022992;15;12;4;840;1;2;1;1;6;555;70, CHE DES IZARDS;;;;310
201500022993;15;12;4;820;1;2;3;1;3;555;150, FAUBOURG BONNEFOY (;;;;310
201500022994;15;12;3;1725;2;2;1;1;3;149;SERRES (AVENUE EDOUARD);M;4361226;135235;310
201500022995;15;12;4;1300;1;1;1;1;4;555;VA007566 MONTAUDRAN A61;;;;310
201500022996;15;12;4;1310;1;2;1;1;2;149;RN124;M;4360675;134966;310
201500022997;15;12;4;1720;5;2;1;1;3;555;129, GLOIRE (AV DE LA) D;;;;310
201500022998;15;12;4;1750;2;2;1;1;3;555;11, GRANDE RUE SAINT MIC;;;;310
201500022999;15;12;5;2100;5;2;1;1;4;555;D980;M;4360270;136630;310
201500023000;15;12;6;2030;5;2;1;1;2;555;139, CHE DE TOURNEFEUILL;;;;310
201500023001;15;12;5;1840;2;2;1;1;3;555;353, SEYSSES (RTE DE) DU;;;;310
201500023002;15;12;7;1415;1;2;1;1;3;555;999, CHE COTES DE PECH D;;;;310
201500023003;15;12;8;800;1;2;1;1;3;555;59, RTE DE LABEGE;;;;310
201500023004;15;12;8;1800;5;2;1;1;3;555;RIEUX (AV JEAN) DU 1AU 4;;;;310
201500023005;15;12;8;1355;1;2;1;1;3;555;999, BD GRIFFOUL DORVAL;;;;310
201500023006;15;12;8;1830;4;1;1;2;2;555;16 SOUPETARD (PERIPH EST;;;;310
201500023007;15;12;9;1140;1;2;1;1;3;555;999, AV DE FRONTON;;;;310
201500023008;15;12;9;1630;1;2;1;1;6;555;999, IMP DE LONDRES;;;;310
201500023009;15;12;9;1930;5;2;1;1;6;555;5, ARCOLE (BD D) DU 1AU;;;;310
201500023010;15;12;9;2145;2;2;2;1;3;69;AUSSONNE (CH D');M;4364462;138181;310
201500023011;15;12;10;15;5;2;1;1;3;555;ALL JULES GUESDE;;;;310
201500023012;15;12;10;1300;1;2;1;1;7;555;38, MARQUETTE (BD DE LA);;;;310
201500023013;15;12;8;1947;3;2;1;1;6;555;999, MIRAIL (AVENUE);;;;310
201500023014;15;12;10;15;5;2;1;1;6;555;34, RUE DU PECH;;;;310
201500023015;15;12;11;120;5;2;1;1;2;555;999, PL DU PARLEMENT;;;;310
201500023016;15;12;11;900;1;2;3;1;6;555;161, RUE DU FERETRA;;;;310
201500023017;15;12;12;2000;3;2;3;1;3;69;33, GRENADE (ROUTE DE);M;4362745;139228;310
201500023018;15;12;12;2230;5;1;1;1;7;555;105, AV DU GENERAL EISEN;;;;310
201500023019;15;12;13;545;5;2;1;5;7;555;999, AV DE L EUROPE;;;;310
201500023020;15;12;14;1515;1;2;1;1;3;555;156BIS, RTE D ALBI;;;;310
201500023021;15;12;15;1700;5;2;1;1;2;555;1, MIRAIL (AVENUE);;;;310
201500023022;15;12;15;1745;5;2;1;1;3;555;999, AV ANTOINE DE ST EX;;;;310
201500023023;15;12;17;825;1;1;1;1;3;555;VA007331 A620;M;4360040;139800;310
201500023024;15;12;17;1130;1;2;1;1;4;555;351, AV DES ETATS UNIS;;;;310
201500023025;15;12;17;1750;5;2;1;1;1;555;CHE DE TOURNEFEUILLE;;;;310
201500023026;15;12;16;1910;3;1;1;1;4;555;VA007553 A61;;;;310
201500023027;15;12;18;1610;2;2;6;1;3;149;PASSAGE GEORGES BRASSENS;M;4359830;134608;310
201500023028;15;12;19;1750;5;2;1;1;2;555;53, AV DE GRANDE BRETAGN;;;;310
201500023029;15;12;21;1635;1;2;1;1;2;555;192, RTE DE LAUNAGUET;;;;310
201500023030;15;12;21;1520;1;2;1;1;3;555;118, AV CAMILLE PUJOL;;;;310
201500023031;15;12;21;1825;5;2;6;1;6;149;PIBRAC (ROUTE DE);M;4361327;130698;310
201500023032;15;12;22;1155;1;2;1;1;4;555;VA007331 A620;M;4363710;142085;310
201500023033;15;12;19;550;5;2;3;1;3;555;999, AV D ATLANTA;;;;310
201500023034;15;12;21;1830;5;2;1;1;4;555;RD901;M;4361302;138678;310
201500023035;15;12;23;2253;5;2;1;1;7;555;188, AV DE FRONTON;;;;310
201500023036;15;12;21;1906;5;2;3;1;3;149;Rue Georges Sand;M;4365111;137435;310
201500023037;15;12;24;1110;1;2;1;1;3;555;95, AV DES MINIMES;;;;310
201500023038;15;12;25;2015;5;2;1;1;4;555;999, BOULINGRIN;;;;310
201500023039;15;12;28;1435;1;2;1;1;6;555;7, GUYENNE (ALL DE) DU 2;;;;310
201500023040;15;12;28;1410;1;1;1;1;4;555;999, BD DE LA MEDITERRAN;;;;310
201500023041;15;12;30;803;1;2;3;1;3;555;999, RUE DU FAUBOURG BON;;;;310
201500023042;15;2;26;1845;2;1;1;8;2;336;;M;4837588;402218;100
201500023043;15;7;15;1930;1;1;1;1;7;227;;M;4810788;747193;680
201500023044;15;9;27;1445;1;2;2;1;3;66;rue du ladhof;M;4808705;736808;680
201500023045;15;1;5;945;1;1;1;5;5;305;;M;0;0;710
201500023046;15;3;2;2130;3;1;1;1;2;270;;M;0;0;710
201500023047;15;4;23;2330;3;1;1;1;5;105;;M;0;0;710
201500023048;15;5;1;1;3;1;1;2;4;481;;M;0;0;710
201500023049;15;5;8;845;1;1;1;1;1;150;;M;0;0;710
201500023050;15;6;18;1415;1;1;1;1;6;372;;M;0;0;710
201500023051;15;7;3;1315;1;1;1;1;6;448;;M;0;0;710
201500023052;15;7;17;1130;1;1;1;1;2;383;;M;0;0;710
201500023053;15;7;20;45;3;1;1;1;2;105;;M;0;0;710
201500023054;15;10;30;1745;3;1;1;1;6;150;;M;0;0;710
201500023055;15;6;18;400;3;1;1;1;6;500;;M;4849300;590559;540
201500023056;15;1;4;1815;3;1;1;1;5;107;;M;0;0;830
201500023057;15;1;14;645;2;1;1;1;6;33;;M;0;0;830
201500023058;15;1;20;1345;1;1;1;1;5;23;;M;0;0;830
201500023059;15;2;1;245;3;1;1;1;6;4;;M;0;0;830
201500023060;15;2;12;2115;3;1;1;1;5;31;;M;0;0;830
201500023061;15;3;9;2100;3;1;1;1;4;73;;M;0;0;830
201500023062;15;3;12;1545;1;1;1;1;6;100;;M;0;0;830
201500023063;15;4;19;1930;1;1;1;8;2;61;;M;0;0;830
201500023064;15;5;8;2145;3;1;1;1;6;4;;M;0;0;830
201500023065;15;5;11;1545;1;1;1;1;6;100;;M;0;0;830
201500023066;15;6;5;1230;1;1;1;1;2;107;;M;0;0;830
201500023067;15;6;19;815;3;1;1;1;6;33;;M;0;0;830
201500023068;15;6;26;1515;1;1;1;1;6;23;;M;4341976;609624;830
201500023069;15;7;2;1800;1;1;1;1;2;57;;M;0;0;830
201500023070;15;7;30;2015;1;1;1;1;2;33;;M;0;0;830
201500023071;15;8;5;1;3;1;1;1;2;49;;M;0;0;830
201500023072;15;8;5;1900;1;1;1;1;6;23;;M;0;0;830
201500023073;15;8;6;1300;1;1;1;1;6;26;;M;0;0;830
201500023074;15;8;15;1730;1;1;1;1;2;86;;M;0;0;830
201500023075;15;8;17;2015;1;1;1;1;3;23;;M;0;0;830
201500023076;15;11;9;1530;1;1;1;1;2;107;;M;0;0;830
201500023077;15;11;13;730;2;1;1;1;6;4;;M;0;0;830
201500023078;15;2;8;1500;1;1;1;1;6;196;;M;4828764;125875;280
201500023079;15;2;22;814;2;1;1;1;7;161;;M;4825574;112977;280
201500023080;15;2;24;1545;1;1;1;4;3;219;;M;4823412;104271;280
201500023081;15;3;18;1600;1;1;1;1;7;252;;M;4822701;98481;280
201500023082;15;4;19;1415;1;1;1;1;7;18;;M;4820432;91880;280
201500023083;15;5;8;1015;1;1;1;1;6;104;;M;4847473;161267;280
201500023084;15;5;17;1715;1;1;1;1;7;388;;M;4827023;115963;280
201500023085;15;7;11;1445;1;1;1;1;6;139;;M;4831930;134295;280
201500023086;15;7;24;1045;1;1;1;1;6;173;;M;4846422;156487;280
201500023087;15;7;29;1;3;1;1;2;6;80;;M;0;0;280
201500023088;15;9;19;1715;1;1;1;1;1;139;;M;4831518;132415;280
201500023089;15;9;26;845;1;1;1;1;1;161;;M;4826252;114178;280
201500023090;15;10;13;815;1;1;1;1;6;398;;M;4823816;106180;280
201500023091;15;12;19;830;1;1;1;1;6;141;;M;4833106;138656;280
201500023092;15;10;6;1300;1;1;1;1;1;137;BT ECHANGEUR;M;4811632;219571;450
201500023093;15;3;16;545;3;1;1;5;1;22;;M;4703967;-112695;440
201500023094;15;9;24;2015;3;2;1;1;5;78;Avenue de la 1иere DFL;M;0;0;130