num_acc;an;mois;jour;hrmn;lum;agg;int;atm;col;com;adr;gps;lat;long;dep
201500023095;15;12;22;1430;1;2;1;1;6;78;quai de la liberation;M;0;0;130
201500023096;15;2;9;2100;3;1;1;1;4;484;AUTOROUTE A4;M;0;0;770
201500023097;15;3;8;2045;3;1;1;1;2;415;A4;M;4892600;302200;770
201500023098;15;10;1;1530;1;1;1;1;6;141;A4;M;0;0;770
201500023099;15;10;2;1515;1;1;1;1;6;157;;M;0;0;770
201500023100;15;12;1;1815;3;1;1;1;2;128;;M;0;0;770
201500023101;15;1;1;1830;3;1;1;5;1;222;;M;0;0;810
201500023102;15;5;12;1345;1;1;1;1;5;147;;M;0;0;810
201500023103;15;5;24;400;5;2;1;1;6;297;13 rue Jean Thomas;M;4392400;208400;810
201500023104;15;1;29;15;3;1;1;2;1;36;;M;0;0;810
201500023105;15;4;27;1600;1;1;1;2;6;5;;M;0;0;810
201500023106;15;5;18;1345;1;1;1;1;3;5;;M;0;0;810
201500023107;15;8;12;630;2;2;1;1;6;121;grand rue;M;0;0;810
201500023108;15;10;6;1800;1;2;1;1;6;238;av de la mйditerranйe 53;M;0;0;810
201500023109;15;10;17;1330;1;1;1;1;1;36;;M;0;0;810
201500023110;15;3;19;850;1;2;1;1;2;13;80 RTE DE PESSAN;M;4363830;60106;320
201500023111;15;3;25;1610;1;2;1;1;6;13;60, PYRENEES (AVENUE DES;M;4363450;58296;320
201500023112;15;3;31;1525;1;1;1;8;6;13;ROCADE (RN 124 EST);M;4366180;64636;320
201500023113;15;4;7;1645;1;2;1;1;6;13;05, SAMBRE ET MEUSE (AVE;M;4364930;59760;320
201500023114;15;4;27;2145;5;2;2;1;1;13;JEANNE D'ALBRET;M;4363470;59594;320
201500023115;15;7;2;2115;2;2;1;1;6;13;JEANNE D'ALBRET;M;4363490;59598;320
201500023116;15;7;10;1830;1;2;3;1;3;13;PIERRE DE MONTESQUIOU (A;M;4363360;58828;320
201500023117;15;7;13;1830;1;2;1;1;6;13;BOUBEE;M;4363690;59563;320
201500023118;15;6;11;2340;5;2;3;8;1;13;DOCTEUR SAMALENS;M;4364840;58107;320
201500023119;15;7;21;1715;1;2;1;1;6;13;LISSAGARAY (QUAI);M;4364860;59030;320
201500023120;15;8;16;1600;1;1;1;1;1;13;ROCADE (RN 124 EST);M;4366080;62874;320
201500023121;15;7;30;1700;1;2;1;1;4;13;ROUGET DE LISLE;M;4364570;59127;320
201500023122;15;9;2;1920;1;1;3;1;3;13;BARRAN (ROUTE DE);M;4364320;52713;320
201500023123;15;9;8;830;1;1;1;7;1;13;HAGET (RUE);M;4365390;60432;320
201500023124;15;9;19;945;1;2;6;1;3;13;VERDUN (PLACE DE);M;4364820;59277;320
201500023125;15;10;9;1000;1;2;6;7;3;13;TOULOUSE (ROUTE DE);M;4365390;61182;320
201500023126;15;9;19;1805;1;2;1;1;3;13;86, PREMIERE ARMEE FRANC;M;4365010;59952;320
201500023127;15;8;27;1715;1;2;1;7;6;13;1, SADI-CARNOT (BOULEVAR;M;4364900;58942;320
201500023128;15;8;28;1358;1;1;3;1;4;13;R N 21;M;4370350;61621;320
201500023129;15;9;20;1615;1;2;3;1;6;13;62, PIERRE DE MONTESQUIO;M;4363360;58829;320
201500023130;15;9;25;1215;1;2;6;1;3;13;JEANNE D'ALBRET;M;4363310;58931;320
201500023131;15;1;3;835;1;1;1;9;7;117;ROCADE (RN 124 OUEST);M;4366410;55592;320
201500023132;15;11;2;1950;5;2;1;1;6;13;RUE GAMBETTA;M;4364710;58413;320
201500023133;15;11;4;1355;1;2;1;1;6;13;PRIEURE (PONT DU);M;4364750;58869;320
201500023134;15;11;17;1300;1;2;6;1;3;13;PESSAN (ROUTE DE);M;4364080;59615;320
201500023135;15;11;25;1525;1;2;2;3;3;13;PAUL VALERY;M;4366500;59231;320
201500023136;15;11;25;1955;5;2;1;8;3;13;45, SADI-CARNOT (BOULEVA;M;4364470;58743;320
201500023137;15;11;27;1750;5;2;1;8;7;13;SADI-CARNOT (BOULEVARD);M;4364490;58755;320
201500023138;15;1;18;600;3;1;1;1;6;13;ARRIOUETS (CHEMIN DES);M;4366580;58686;320
201500023139;15;1;20;1255;1;1;1;8;6;13;PESSAN (ROUTE DE);M;4362970;62231;320
201500023140;15;2;27;1915;5;2;3;1;3;13;SAMBRE ET MEUSE (AVENUE);M;4364700;59750;320
201500023141;15;3;11;1200;1;2;1;1;6;13;2X, PIERRE MENDES FRANCE;M;4364700;59611;320
201500023142;15;3;15;1530;1;2;1;1;6;177;21 AV du G. DE GAULLE;M;4881184;671858;570
201500023143;15;3;27;2045;3;1;1;1;1;629;;M;0;0;570
201500023144;15;5;30;2130;3;1;1;1;6;723;;M;4893300;676700;570
201500023145;15;9;30;1815;1;1;1;7;7;469;GN 48.871 6.954;M;0;0;570
201500023146;15;1;28;2100;3;1;1;3;6;171;;M;4728085;512565;210
201500023147;15;2;11;515;3;1;1;1;6;183;;M;4723031;527679;210
201500023148;15;3;15;1545;1;1;1;1;6;483;;M;4746338;518034;210
201500023149;15;4;23;1915;1;1;1;1;1;106;;M;4724443;509741;210
201500023150;15;4;25;1230;1;1;1;2;6;371;;M;4717252;534822;210
201500023151;15;5;16;1915;1;1;1;1;6;268;;M;4713576;537706;210
201500023152;15;5;26;400;3;1;1;1;5;638;;M;4753015;519910;210
201500023153;15;7;3;1700;1;1;1;1;7;572;;M;4711990;539186;210
201500023154;15;3;12;1045;1;1;1;1;6;541;;M;4952376;96621;760
201500023155;15;7;20;1830;1;1;1;7;2;10;;M;4964456;97211;760
201500023156;15;9;7;830;1;1;2;1;3;454;;M;0;0;310
201500023157;15;11;28;1630;1;2;6;1;6;547;rue Marie-Curie;M;4349348;131302;310
201500023158;15;11;20;2100;5;2;1;1;1;113;rue jean ingres;M;4352041;149793;310
201500023159;15;12;20;1630;3;1;1;1;4;294;;M;4600700;410799;420
201500023160;15;5;10;1930;1;2;1;1;1;410;chemin de labastidole;M;4370554;145881;310
201500023161;15;10;25;30;3;2;1;1;6;624;287 rue d'Arques;M;4988094;121833;760
201500023162;15;12;6;1145;1;1;1;1;2;81;;M;4995574;119477;760
201500023163;15;1;11;1515;1;1;1;1;7;234;;M;4755400;112300;410
201500023164;15;1;18;1700;1;2;1;1;5;55;45 RUE GRANDE;M;4752900;124900;410
201500023165;15;3;16;1330;1;1;1;1;3;35;;M;4773100;127200;410
201500023166;15;4;3;1745;1;1;1;2;3;55;;M;4753600;127700;410
201500023167;15;4;23;1430;1;1;1;1;6;45;;M;4748700;122000;410
201500023168;15;4;24;1745;1;1;1;1;1;55;;M;4751300;122700;410
201500023169;15;4;24;1700;1;2;1;1;1;167;12 route de chambon;M;4750500;119300;410
201500023170;15;5;25;1345;1;1;3;1;3;276;;M;4763900;132500;410
201500023171;15;6;3;1730;1;1;4;1;3;142;;M;4757900;123200;410
201500023172;15;7;3;1830;1;1;1;1;1;234;;M;4757135;112245;410
201500023173;15;7;23;1215;1;1;1;1;3;91;;M;4763859;128113;410
201500023174;15;7;28;1930;1;1;1;3;1;167;;M;4749387;120656;410
201500023175;15;8;1;630;1;1;1;1;1;55;;M;4751712;124997;410
201500023176;15;8;11;1945;1;1;1;1;6;55;;M;4750068;123625;410
201500023177;15;8;20;1945;1;1;1;1;7;167;;M;4752459;119223;410
201500023178;15;8;23;130;3;1;1;1;7;167;;M;4752505;119218;410
201500023179;15;9;20;1930;2;2;1;1;7;230;rue des ecoles;M;4760559;127081;410
201500023180;15;12;8;930;1;1;1;1;7;29;;M;4753061;127404;410
201500023181;15;4;5;1245;1;2;3;1;6;9;R Roger Expert;M;4466302;-116978;330
201500023182;15;4;11;1205;1;1;2;1;1;529;R ETIENNE TURPIN;M;4461772;-111469;330
201500023183;15;4;27;1515;1;1;3;1;6;529;785, CAZAUX (BD DE);M;4459798;-113011;330
201500023184;15;4;23;1520;1;2;6;1;6;9;RD 1250 (camicas-grand);M;4465359;-115909;330
201500023185;15;4;30;1825;1;1;1;1;1;529;118, Av Charles de Gaull;M;4463728;-112626;330
201500023186;15;5;20;1210;1;2;2;1;3;9;., SEMIRAMIS (ALL.);M;4465560;-116899;330
201500023187;15;5;14;1705;1;2;3;1;2;529;Allйe Andrй Lafont;M;4454157;-115123;330
201500023188;15;5;25;230;4;2;2;1;3;9;12, GOLF (AVE DU);M;4464490;-117918;330
201500023189;15;6;2;805;1;2;1;1;2;9;21, DOUSSY (RUE EMILE);M;4465238;-115378;330
201500023190;15;5;23;1730;1;2;1;1;3;529;47, LECLERC (AVE DU GAL);M;4464351;-115454;330
201500023191;15;6;8;1210;1;2;1;1;6;529;61, SAINT-EXUPERY (AVE);M;4461807;-113868;330
201500023192;15;6;20;1030;1;2;1;1;6;529;1, COUTOUM (RUE DU);M;4462618;-113919;330
201500023193;15;6;23;855;1;2;1;1;6;529;2 A, BISSERIE (AVE DE);M;4462649;-114127;330
201500023194;15;6;23;1630;1;1;1;1;6;529;RN 250 (OUSTALET);M;4461833;-112555;330
201500023195;15;7;12;1500;1;2;1;1;6;9;226, Bd COTE D'ARGENT;M;4464173;-120163;330
201500023196;15;7;14;910;1;1;6;1;3;529;RN 250;M;4461823;-112537;330
201500023197;15;7;18;810;1;2;6;1;6;529;RdPt CABANES TCHANQUEES;M;4462673;114158;330
201500023198;15;7;23;1700;1;2;2;1;6;9;Cr LAMARQUE PLAISANCE;M;4466141;-117436;330
201500023199;15;8;2;1325;1;2;3;7;3;9;130, COTE D'ARGENT (BD);M;4464541;-119454;330
201500023200;15;8;2;1910;1;1;1;1;1;529;RD 1250;M;4463836;-115589;330
201500023201;15;8;6;1720;1;2;1;1;6;529;155, OCEAN (BD DE L');M;4462442;-120201;330
201500023202;15;8;15;1755;1;2;1;1;6;529;35, PORT (RUE DU);M;4463612;-114456;330
201500023203;15;8;18;1830;1;2;6;1;3;9;82, DEGANNE (BD) DU 34 E;M;4465772;-115857;330
201500023204;15;8;5;1720;1;1;1;1;6;529;BISCAROSSE (AVE) DUNE;M;4455267;-123746;330
201500023205;15;8;22;1220;1;2;1;1;6;9;14, LECLERC (BD DU MAL);M;4465872;-116300;330
201500023206;15;8;21;1220;1;2;1;1;6;9;169 Bis, COTE D'ARGENT (;M;4464713;119244;330
201500023207;15;8;24;1250;1;2;6;3;2;529;., INDUSTRIE (BD DE L');M;4461569;-112668;330
201500023208;15;9;4;1610;1;2;2;1;5;9;., DESBIEY (CRS) - N°02;M;4465660;-116022;330
201500023209;15;9;15;1200;1;2;1;1;4;529;., LAGRUA (CH.);M;4463824;-115382;330
201500023210;15;10;8;830;1;2;6;1;6;9;., DEGANNE (BD) DU 01 AU;M;4465364;-114671;330
201500023211;15;10;9;1710;1;2;1;1;2;529;46, BISSERIE (AVE DE);M;4462103;-113183;330
201500023212;15;10;13;1345;1;2;1;1;6;9;2 Bis, BERDOULAT (AVE GA;M;4465575;-115488;330
201500023213;15;10;19;1650;1;2;1;1;6;9;26, PINNEBERG (RUE LUCIE;M;4466092;-117020;330
201500023214;15;10;23;205;3;1;1;1;7;529;., PISTE 214;M;4457505;-120357;330
201500023215;15;10;21;1845;1;2;6;1;3;529;., GRAILLY (RUE JEAN DE);M;4462672;-114415;330
201500023216;15;11;8;1930;5;1;1;1;1;529;TURPIN (RUE ETIENNE);M;4461772;-111669;330
201500023217;15;11;2;930;1;2;2;1;3;529;R, JEAN DE GRAILLY;M;4462932;-114141;330
201500023218;15;11;21;1800;3;1;1;3;1;529;RD 1250 (CAMICAS-OUST;M;4464027;-115643;330
201500023219;15;11;25;1700;1;1;1;2;1;529;RN 250;M;4461724;-111407;330
201500023220;15;12;4;750;2;2;6;1;3;529;gira D112 - rue Grailly;M;4462671;-114153;330
201500023221;15;12;5;230;5;2;1;1;6;9;49, GAUTIER (AVE THEOPHI;M;4464609;-119268;330
201500023222;15;12;17;2030;5;2;2;1;6;9;R.de Joigny-Av.StArnaud;M;4466084;-118693;330
201500023223;15;12;24;955;1;2;1;1;1;529;39, CHEMIN DES DAMES (RU;M;4463606;-114985;330
201500023224;15;1;28;1405;1;2;1;2;6;529;., JUIN (SQ. DU 18);M;4463601;-114341;330
201500023225;15;3;11;400;5;2;1;1;6;529;66, R LAGRUA;M;4464221;-115654;330
201500023226;15;3;15;1550;1;1;2;1;3;529;R JEAN DE GRAILLY;M;4462670;-114154;330
201500023227;15;3;15;1230;1;2;1;1;6;529;3, R DES FUSILLES;;;;330
201500023228;15;3;29;1245;1;1;1;2;7;238;SORTIE TUNNEL DES TINES;M;4624200;665200;740
201500023229;15;3;24;745;1;2;1;1;3;188;90 ROUTE DE MORZINE;M;0;0;740
201500023230;15;6;19;1300;1;1;1;1;1;295;;M;4631800;661100;740
201500023231;15;9;24;1730;1;1;1;1;1;30;;M;4629300;661500;740
201500023232;15;3;16;737;1;2;3;1;3;318;RUE THEODORE BOTREL;M;4479825;-67583;330
201500023233;15;3;17;2020;5;2;6;1;6;318;AVE DES PROVINCES;M;4479460;-68232;330
201500023234;15;12;28;1215;1;2;2;1;3;75;RUE JULES LADOUMEGUE;M;4488230;-62104;330
201500023235;15;3;17;1245;1;2;2;1;3;63;ML LAT TASSIGNY/SOUBIRAS;M;4485700;-61992;330
201500023236;15;3;19;2010;5;2;3;1;6;63;PCE DE STALINGRAD;M;4484020;-56065;330
201500023237;15;3;19;1105;1;2;3;1;6;63;24, RUE MARECHAL JOFFRE;M;4483597;-57853;330
201500023238;15;3;24;1635;1;2;1;2;6;318;2, PENARD (AVE DU DOCTEU;M;4481086;-62042;330
201500023239;15;3;20;25;5;2;4;1;6;63;11, RUE DE RIGOULET;M;4482320;-59313;330
201500023240;15;12;30;1820;5;2;3;1;1;69;AVE DE TIVOLI;M;4486660;-59582;330
201500023241;15;3;18;220;5;1;1;1;6;63;BD JOLIOT-CURIE;M;4485080;-53792;330
201500023242;15;3;16;2210;5;2;3;1;6;119;22 R.CASSAGNE/AV.L.BLUM;M;4486450;-51378;330
201500023243;15;3;21;1205;1;2;2;1;3;63;RUE DE BEGLES;M;4482116;-56581;330
201500023244;15;3;20;2300;5;2;6;2;6;63;CH.BRICAUD/RDPT M.FEL;M;4488790;-56006;330
201500023245;15;3;21;10;5;2;3;1;3;63;BD PDT WILSON/U.GAYON;M;4485320;-59384;330
201500023246;15;3;18;1100;1;2;1;1;2;281;484, AVE DE VERDUN;M;4484140;-64497;330
201500023247;15;3;23;755;1;2;1;1;3;63;10, CRS BARBEY;M;4482830;-56223;330
201500023248;15;3;24;1135;1;2;2;1;6;63;CRS DE LA MARNE;M;4482816;-56077;330
201500023249;15;3;22;1640;1;2;3;1;6;550;R VINCENT AURIOL;M;4476190;-58196;330
201500023250;15;1;1;225;5;2;1;1;6;63;BD FRERES MOGA;M;4482830;-55028;330
201500023251;15;3;22;1915;1;2;6;1;3;200;ROUTE DE LACANAU D 1215;M;4489120;-67118;330
201500023252;15;3;21;1956;5;2;1;3;2;119;38, AVE HUBERT DUBEDOUT;M;4484700;-51093;330
201500023253;15;3;27;815;1;2;3;1;6;318;AVE DE CANEJAN;M;4479050;-65048;330
201500023254;15;3;26;1700;1;2;3;2;6;63;57, HUGO (CRS VICTOR);M;4483550;-56908;330
201500023255;15;12;31;1744;5;2;2;1;3;522;RUE ALDONA;M;4479890;-58742;330
201500023256;15;3;29;2155;5;2;1;1;2;318;HT LEVEQUE ENTR. HOPITAL;M;4479680;-66170;330
201500023257;15;12;21;2315;5;2;2;1;3;75;AVE DU MEDOC;M;4488020;-62764;330
201500023258;15;3;19;746;1;2;1;1;6;167;15, COTE DE L'EMPEREUR;M;4484580;-52293;330
201500023259;15;3;20;2200;5;2;2;1;6;39;50,F.BUISSON/BARBEDEGAT;M;4480190;-55797;330
201500023260;15;3;20;940;1;2;3;1;3;69;44, RUE PAUL BERT;M;4486490;-60382;330
201500023261;15;3;24;1920;5;2;2;1;2;63;LOUIS XVIII (QUAI );M;4484490;-57098;330
201500023262;15;3;19;1745;1;2;1;1;3;522;ALL PIERRE DE COUBERTIN;M;4480041;-60566;330
201500023263;15;3;27;730;1;2;2;1;6;63;RUE DE SEGUR;M;4482470;-58496;330
201500023264;15;3;28;1830;1;2;1;2;2;63;14, BD GEORGE V;M;4482710;-59186;330
201500023265;15;12;27;9;5;2;2;1;2;522;AVE MAL DE LATTRE DE TAS;M;4481231;-58763;330
201500023266;15;3;28;2030;4;2;2;2;5;281;385, AVE DE VERDUN;M;4484019;-63977;330
201500023267;15;3;27;1730;1;2;1;2;2;63;165 FACE 170 BD GEORGE V;M;4482200;-58418;330
201500023268;15;3;27;830;1;2;3;1;3;63;41, RUE ULYSSE GAYON;M;4485240;-59240;330
201500023269;15;3;27;1915;5;2;2;2;3;63;AVE DE LA GARE CAUD;M;4484511;-62850;330
201500023270;15;3;24;925;1;2;3;1;3;39;RUE DE LA BELLE ROSE;M;4481133;-54986;330
201500023271;15;3;27;1540;1;2;2;1;3;63;RUE GEORGES MANDEL;M;4484210;-59418;330
201500023272;15;3;21;1530;1;2;1;2;6;522;AVE ROUL -ACCES AU BUS-;M;4480670;-59249;330
201500023273;15;3;25;810;1;2;2;1;6;281;AVE FRANCOIS MITTERRAND;M;4482650;-61934;330
201500023274;15;3;30;1400;1;2;3;2;6;63;BD ALFRED DANEY;M;4486820;-57039;330
201500023275;15;3;25;750;1;2;6;1;3;281;AVE DE L'YSER;M;4484110;-65365;330
201500023276;15;3;25;1245;1;2;2;1;5;75;RUE DE LA TOUR DE GASSIE;M;4488190;-62090;330
201500023277;15;3;31;1040;1;2;2;2;3;63;R.GODARD/R.VELODROME;M;4485530;-60926;330
201500023278;15;3;24;1800;1;2;1;8;2;281;PARKING 86 AV BON AIR;M;4481900;-65013;330
201500023279;15;4;1;2215;5;2;1;1;6;63;50 RUE STE CATHERINE;M;4483990;-57418;330
201500023280;15;4;1;2030;5;2;3;1;6;63;66, CRS DE LA SOMME;M;4482816;-57236;330
201500023281;15;4;1;1300;1;2;3;1;5;63;CRS D'ALBRET;M;4483716;-58117;330
201500023282;15;3;28;945;1;2;6;2;1;318;VLA VENANT RUE ARCHIMEDE;M;4478580;-64369;330
201500023283;15;3;30;824;1;2;6;2;3;522;R.PEYDAVANT/MONTESQUIEU;M;4480350;-58665;330
201500023284;15;4;2;1210;1;2;3;1;6;63;CRS DE LA MARNE;M;4482930;-56580;330
201500023285;15;4;2;1620;1;2;1;1;6;63;BD PIERRE1ER=>RAVESIES;M;4486530;-57730;330
201500023286;15;4;4;130;5;2;2;2;3;63;PCE BIR HAKEIM;M;4483630;-56606;330
201500023287;15;4;1;1835;1;2;3;1;2;249;R.M.MONTAIGNE/R.DIDEROT;M;4487220;-51614;330
201500023288;15;4;2;715;2;2;1;1;4;13;RN 89;M;4486780;-49281;330
201500023289;15;3;30;1305;1;2;1;2;1;39;AV JD'ARC AP.RDPT CARCOT;M;4479470;-54229;330
201500023290;15;4;3;2020;5;2;3;2;3;63;29, RUE NOTRE DAME;M;4485047;-57203;330
201500023291;15;4;3;2110;5;2;2;2;3;63;175, CRS DE L'YSER;M;4482330;-57072;330
201500023292;15;4;3;1;5;2;1;1;6;63;RUE DU CHATEAU D'EAU;M;4483810;-58289;330
201500023293;15;4;2;1125;1;2;1;1;5;63;319, RUE PASTEUR CAUD;M;4484720;-62199;330
201500023294;15;4;4;1210;1;2;1;2;6;63;5/7, PCE DE STALINGRAD;M;4483983;-55956;330
201500023295;15;4;3;1630;1;2;6;1;2;32;AVE LAMARTINE;M;4490550;-51720;330
201500023296;15;4;4;1300;1;2;1;1;6;167;7, RUE DES ROSEAUX;M;4483166;-53394;330
201500023297;15;4;7;920;1;2;1;1;2;63;25, RUE ESPRIT-DES-LOIS;M;4484305;-57342;330
201500023298;15;4;7;2125;5;2;3;1;6;63;30, RUE PEYRONNET;M;4482920;-56013;330
201500023299;15;4;3;725;2;1;1;1;2;65;S/Pont ENJMBNT ROC ECH22;M;4481170;-52195;330
201500023300;15;4;7;1630;1;2;1;1;2;63;264, RUE PELLEPORT;M;4482010;-56986;330
201500023301;15;4;9;1023;1;2;2;1;2;63;LOUIS (CRS SAINT);M;4485836;-56978;330
201500023302;15;4;9;1350;1;2;3;1;6;63;AV J.D'ARC/DOMREMY;M;4482530;-59281;330
201500023303;15;4;9;1200;1;2;1;1;6;63;30/32, AVE THIERS;M;4484170;-55771;330
201500023304;15;4;13;855;1;2;2;1;3;63;58, RUE DE BELFORT;M;4483470;-58217;330
201500023305;15;4;11;1834;1;2;2;1;3;63;RUE ROGER ALLO;M;4484416;-58889;330
201500023306;15;4;11;235;5;2;2;1;3;63;CRS DE LA MARNE;M;4482980;-56803;330
201500023307;15;4;10;2110;2;2;5;1;3;63;RUE CHEVALIER;M;4484208;-59417;330
201500023308;15;4;10;1210;1;2;3;1;4;63;RUE ROBERT SCHUMAN;M;4485880;-58309;330
201500023309;15;4;3;1715;1;2;1;1;3;69;RUE DES ECUS;M;4486947;-60719;330
201500023310;15;4;2;1700;1;2;3;1;6;192;CRS DU GENERAL DE GAULLE;M;4477566;-61142;330
201500023311;15;4;11;2147;5;2;1;1;6;63;46, QUAI RICHELIEU;M;4483758;-56703;330
201500023312;15;4;11;2310;3;2;1;1;6;63;RUE JOSEPH FAURE;M;4484002;-55092;330
201500023313;15;4;3;730;1;2;3;1;3;162;AVE DE L'HIPPODROME;M;4486544;-63839;330
201500023314;15;4;14;2340;5;2;1;1;6;63;36, QUAI DE BACALAN;M;4485820;-55853;330
201500023315;15;4;6;1650;1;2;6;1;3;318;AVE DE MAGELLAN;M;4478640;-66471;330
201500023316;15;4;7;1925;1;2;1;1;3;281;06, RUE DU LIVEAU;M;4484780;-63984;330
201500023317;15;4;8;832;1;2;1;1;3;522;283,LIBERATION-STATFORUM;M;4481190;-59107;330
201500023318;15;4;12;2045;2;2;6;1;7;13;AVE DE VIRECOURT;M;4485450;-49892;330
201500023319;15;4;8;1729;1;2;6;1;4;63;40 JOURNAUX/TOBEEN;M;4487750;-56901;330
201500023320;15;4;13;1145;1;2;1;1;3;281;105, AV FRERES ROBINSON;M;4485590;-65485;330
201500023321;15;4;12;2015;1;2;1;1;6;63;24, RUE DE SAGET;M;4482875;-55678;330
201500023322;15;4;9;820;1;2;6;1;6;318;184, AVE DU HAUT LEVEQUE;M;4478320;-65255;330
201500023323;15;4;13;1130;1;2;1;1;3;63;39 CRS MARECHAL GALLIENI;M;4482440;-59108;330
201500023324;15;4;8;840;1;2;3;1;3;281;166,LIBERATION/L.COULLET;M;4485980;-64294;330
201500023325;15;4;8;835;1;1;3;1;3;13;AVE DE L'EGLISE ROMANE;M;4486016;-49797;330
201500023326;15;4;9;755;1;1;1;1;2;13;ROUTE NATIONALE 89;M;4486730;-47539;330
201500023327;15;1;2;340;5;2;4;1;7;75;FIEUSAL/ROCADE NORD;M;4488820;-59964;330
201500023328;15;4;15;815;1;2;2;1;3;63;BD J.J.BOSC/L.JOUHAUX;M;4481570;-55125;330
201500023329;15;4;15;1420;1;2;2;1;6;63;CRS BALGUERIE STUTTENBER;M;4485686;-56894;330
201500023330;15;4;14;1445;1;2;2;1;3;281;AV MAGUDAS/ROC OUEST;M;4485740;-66018;330
201500023331;15;4;14;1540;1;2;3;1;3;63;CRS D'ALBRET;M;4483230;-57941;330
201500023332;15;4;16;1420;1;2;1;1;3;63;145 BD GODARD;M;4486280;-58365;330
201500023333;15;4;15;945;1;2;2;1;3;550;AVE GEORGES CLEMENCEAU;M;4478169;-56589;330
201500023334;15;4;18;1900;1;2;1;3;3;63;24 CRS DE VERDUN;M;4484630;-57718;330
201500023335;15;4;18;105;5;2;3;1;3;63;Q. PALUDATE/ C.THOMAS;M;4482560;-54724;330
201500023336;15;4;16;915;1;2;3;1;1;63;CRS BALGUERIE STUTTENBER;M;4485910;-56574;330
201500023337;15;4;18;910;1;2;2;1;1;550;599, TOULOUSE (RTE DE);M;4478170;-56605;330
201500023338;15;4;5;400;5;2;6;1;6;318;91AV PASTEUR/LAROUILLAT;M;4480300;-63866;330
201500023339;15;4;11;1045;1;2;4;1;5;13;RN 89;M;4486860;-50295;330
201500023340;15;4;14;1930;1;2;3;1;2;249;AVE DE PARIS;M;4488120;-51032;330
201500023341;15;4;16;850;1;2;1;1;6;69;253, AV LIBERATION;M;4486510;-60477;330
201500023342;15;4;20;1540;1;2;1;1;2;63;173, BD PDT WILSON;M;4484460;-59913;330
201500023343;15;4;15;830;1;2;1;1;3;63;297AV ML.LATTRETASSIGNY;M;4485750;-62112;330
201500023344;15;4;16;1350;1;2;2;2;1;63;RUE MANDRON/C.GODARD;M;4485500;-58312;330
201500023345;15;4;17;1445;1;2;1;1;3;63;10, RUE DE CAUDERAN;M;4484550;-59408;330
201500023346;15;4;18;2100;2;2;2;3;3;63;123 CRS ARGONNE/BRIAN;M;4482750;-57584;330
201500023347;15;4;19;615;5;2;2;2;6;63;98, RUE MALBEC;M;4482470;-56386;330
201500023348;15;4;25;2140;5;2;2;1;1;63;R.C.GODARD/R.CONDORCET;M;4485500;-57749;330
201500023349;15;4;17;950;1;2;2;1;6;39;RTE DE TOULOUSE;M;4479940;-56969;330
201500023350;15;4;20;1500;1;2;3;1;3;63;285 AV THIERS/J.PUJOL;M;4484910;-54521;330
201500023351;15;4;16;1515;1;2;2;1;1;200;263 AVJ.MERMOZ/ST MEDARD;M;4486490;-66462;330
201500023352;15;4;20;1455;1;2;4;1;3;200;PASTEUR/STECHRISTINE;M;4488100;-68609;330
201500023353;15;4;19;2140;5;2;2;1;3;39;DURCY/JEANNE D'ARC;M;4479980;-54307;330
201500023354;15;4;24;745;1;2;1;1;3;63;9, BD ANTOINE GAUTIER;M;4483610;-59883;330
201500023355;15;4;23;1505;1;2;1;8;3;63;64, RUE DE CANOLLE;M;4482760;-60191;330
201500023356;15;4;27;2030;1;2;1;1;6;63;72, BD MAL LECLERC;M;4483050;-59704;330
201500023357;15;4;22;805;1;2;3;1;1;63;RUE DES POILUS 1914-1918;M;4481710;-56873;330
201500023358;15;4;26;250;5;2;3;1;3;63;RUE L.FAURE/Q.A.LALANDE;M;4486120;-55465;330
201500023359;15;4;13;1740;1;2;2;1;6;162;AVE DE SAINT-MEDARD;M;4486120;-64214;330
201500023360;15;4;27;1040;1;2;3;1;3;63;63, RUE JULES FERRY CAUD;M;4484220;-60370;330
201500023361;15;4;10;2115;5;2;1;1;7;318;AVE DE LA TUILERANNE;M;4478400;-63219;330
201500023362;15;4;22;1350;1;2;2;1;3;249;AVE DE PARIS;M;4487310;-51152;330
201500023363;15;4;22;1900;1;2;3;1;1;281;R.JARD FACE 19IMP JARD;M;4484160;-63965;330
201500023364;15;4;23;1920;1;2;3;1;6;75;M.BASTIE/PL XI NOVEMBRE;M;4488800;-61479;330
201500023365;15;4;23;1220;1;2;1;2;2;318;AVE DE SAIGE;M;4479720;-63073;330
201500023366;15;4;22;1730;1;2;4;1;3;281;R.DES CIGALES/R.CAP ROUX;M;4485800;-65749;330
201500023367;15;4;24;930;1;2;3;1;3;200;AV DE MAGUDAS/R. BERLES;M;4485940;-68464;330
201500023368;15;4;27;1915;1;2;3;1;3;65;Q.SOUYS/GABARE;M;4481710;-52943;330
201500023369;15;4;28;750;1;2;4;1;3;63;BD ALBERT 1ER;M;4481400;-56809;330
201500023370;15;4;30;925;1;2;1;1;5;63;234 REPUBLIQUE CAUD;M;4483920;-61218;330
201500023371;15;5;2;1215;1;2;1;2;6;63;AVE DE NONTRASTE;M;4487720;-56780;330
201500023372;15;4;30;2100;5;2;3;3;7;63;R.DUQUESNE/J.BRUNET;M;4487410;-54600;330