num_acc;an;mois;jour;hrmn;lum;agg;int;atm;col;com;adr;gps;lat;long;dep
201500023373;15;4;26;1025;1;2;2;2;3;63;QUAI SAINTE- CROIX;M;4483150;-55860;330
201500023374;15;4;30;1850;1;2;1;1;2;63;FACE AU 6, Q.LOUIS 18;M;4484390;-57042;330
201500023375;15;5;1;800;1;2;2;3;2;63;BD ALBERT 1ER;M;4481288;-56138;330
201500023376;15;4;2;1540;1;2;2;1;6;63;21, ALL SERR;M;4484197;-56017;330
201500023377;15;4;24;2105;5;2;1;1;3;522;50, RUE DE TREMEUGE;M;4480320;-59079;330
201500023378;15;4;29;1505;1;2;2;1;3;167;CHEM DES PLATEAUX;M;4482820;-51810;330
201500023379;15;4;29;1600;1;2;1;1;3;281;106, AVE DE MAGUDAS;M;4485710;-65804;330
201500023380;15;5;5;1825;1;2;3;1;3;63;149,MARNE/AMDITMUREINE;M;4482880;-56356;330
201500023381;15;5;5;755;1;2;1;6;3;63;66, RUE COMMANDANT ARNOU;M;4483390;-57708;330
201500023382;15;4;24;1130;1;2;2;1;3;39;FRERES MOGA/L.ROCHEMOND;M;4480010;-55149;330
201500023383;15;5;5;1100;1;2;1;1;1;192;4, RUE DU PROFESSEUR VIL;M;4478440;-60869;330
201500023384;15;5;4;1615;1;2;1;1;2;281;48, RUE DU JARD;M;4484440;-63953;330
201500023385;15;5;6;1431;1;2;1;1;6;63;15, ALL TOURNY;M;4484430;-57600;330
201500023386;15;5;6;1150;1;2;2;1;6;63;CRS E.FAYOLLE/R. FRERE;M;4485240;-57422;330
201500023387;15;5;2;1430;1;2;1;2;3;167;D936;M;4484320;-50271;330
201500023388;15;5;6;1330;1;2;2;1;3;63;R.DANJOU/R.VERGNIAUD;M;4485090;-58039;330
201500023389;15;5;6;935;1;2;1;1;2;63;AVE DE LABARDE;M;4489910;-55238;330
201500023390;15;4;1;210;5;2;2;1;3;63;BD AGAUTIER/BD GPOMPIDOU;M;4483330;-59874;330
201500023391;15;5;11;840;1;2;4;1;3;13;D936;M;4484260;-49942;330
201500023392;15;5;5;1220;1;2;3;1;3;63;341, CRS DE LA SOMME;M;4481616;-57233;330
201500023393;15;5;8;1430;1;2;1;1;5;63;SUR PONT DU JONC;M;4487750;-56371;330
201500023394;15;5;13;2300;5;2;1;1;6;63;BARRIERE TOMBES/ CYCLO;M;4484230;-57968;330
201500023395;15;5;9;1840;1;2;2;1;3;281;Av DES FRERES ROBINSON;M;4484730;-65825;330
201500023396;15;5;7;2130;5;2;1;1;1;63;2BIS, RUE SUFFREN;M;4487630;-55508;330
201500023397;15;5;11;1700;1;2;2;1;3;281;AVE DU BEDAT;M;4485080;-64627;330
201500023398;15;5;5;1330;1;2;3;1;2;281;AVE FRANCOIS MITTERRAND;M;4482580;-62813;330
201500023399;15;5;4;850;1;2;2;8;5;550;RUE DE LA PAIX;M;4476480;-57075;330
201500023400;15;5;12;1230;1;2;6;1;3;63;RDPT M.FEL/CH.BRICAUD;M;4488790;-56006;330
201500023401;15;5;13;1620;1;2;2;1;3;63;J.FERRY/MOULIN ROUGE;M;4484210;-60287;330
201500023402;15;5;14;5;5;2;1;1;6;63;CRS JULES LADOUMEGUE;M;4489777;-56725;330
201500023403;15;5;12;2250;4;2;1;1;7;63;CH.BRICAUD=>BD AQUITAINE;M;4488750;-56011;330
201500023404;15;5;14;30;5;2;1;1;6;63;135 AVE EYSINES CAUD;M;4485530;-60062;330
201500023405;15;5;7;725;1;2;6;1;3;318;HT LEVEQUE/G.EIFFEL;M;4478140;-65011;330
201500023406;15;5;9;1725;1;2;1;1;6;281;18, AVE DE LA SOMME;M;4483320;-65035;330
201500023407;15;5;6;1400;1;2;3;1;1;281;MENDES FR / T.RENAUDOT;M;4481930;-63470;330
201500023408;15;5;7;850;1;2;3;1;3;75;AV.C.GAUSSENS/R.E.VIDEAU;M;4487390;-60925;330
201500023409;15;5;7;1720;1;2;1;1;6;39;544, RTE DE TOULOUSE;M;4478387;-56621;330
201500023410;15;5;6;940;1;2;3;1;7;318;J.CORDIER/E.ZOLA;M;4482020;-61080;330
201500023411;15;5;6;1200;1;2;1;1;3;318;4, AVE ANTOINE BECQUEREL;M;4478720;-64538;330
201500023412;15;5;5;1915;1;2;1;1;3;281;AV.GRANGE.NOIRE AP.VOLTA;M;4485420;-67724;330
201500023413;15;5;7;1730;1;2;3;1;3;69;212  AV TIVOLI/R.COUDOL;M;4486660;-59582;330
201500023414;15;5;17;138;5;2;1;1;6;63;Q.LYAUTEY>PL BOURSE;M;4484150;-56966;330
201500023415;15;5;16;320;5;2;1;1;7;63;237, RUE DE PESSAC;M;4482600;-58820;330
201500023416;15;5;18;550;2;2;1;1;2;63;14, RUE CHARLES PUYO;M;4486100;-56917;330
201500023417;15;5;18;1815;1;2;1;1;1;63;Q.LOUIS 18  S/PST CYCLAB;M;4484830;-57051;330
201500023418;15;5;13;2000;1;2;3;1;3;281;63, AVE DES EYQUEMS;M;4482840;-61943;330
201500023419;15;5;18;1600;1;2;1;1;3;63;N?138 AV REPUBLIQUE;M;4483960;-60651;330
201500023420;15;5;19;2005;2;2;3;1;3;63;R. C.GODARD/R.TIVOLI;M;4485330;-58838;330
201500023421;15;5;14;1950;2;2;3;1;3;32;GRIFFONS/LEO LAGRANGE;M;4489080;-51627;330
201500023422;15;5;21;1;5;2;2;1;6;63;22 R.BOUDET/GOURGUE;M;4484700;-57608;330
201500023423;15;5;19;1735;1;2;3;1;2;63;MRS RESISTANCE/SEGALIER;M;4484230;-58574;330
201500023424;15;5;20;920;1;2;6;8;2;63;PALUDATE=>Q.BRIENNE;M;4482410;-54461;330
201500023425;15;5;9;240;5;2;1;1;6;39;JFERRAT/42FBUISSON;M;4480300;-55823;330
201500023426;15;5;21;300;5;2;2;1;7;63;CRS V.HUGO/CRS PASTEUR;M;4483510;-57499;330
201500023427;15;5;13;1905;1;2;3;1;3;550;G.CLEMENCEAU/A.DUCROS;M;4478160;-56440;330
201500023428;15;5;20;915;1;2;3;1;1;63;B.STUTTENBERG/LOMBARD;M;4486000;-56456;330
201500023429;15;5;23;35;5;2;1;1;3;63;PCE BOURSE-MIROIR D'EAU;M;4484150;-56945;330
201500023430;15;5;22;2205;5;2;1;1;6;63;ALBRET PRES JOHN PERSE;M;4483730;-58130;330
201500023431;15;5;21;1645;1;2;3;1;6;63;P.DIEUZAIDE/CHAT D'EAU;M;4483940;-58312;330
201500023432;15;5;13;1650;1;2;1;1;2;39;87-89 Q. DU PDT WILSON;M;4481620;-53667;330
201500023433;15;5;20;1420;1;2;1;1;6;119;CPELLETAN=>DR SCHWEITZER;M;4486160;-51987;330
201500023434;15;5;22;1540;1;2;1;1;5;63;133CRSV.HUGO>CRSPASTEUR;M;4483500;-57398;330
201500023435;15;5;23;1015;1;2;1;1;3;63;6, RUE DE BETHMANN;M;4482270;-60412;330
201500023436;15;5;15;2300;5;2;3;1;3;522;GAMBETTA (CRS );M;4481822;-58481;330
201500023437;15;5;20;1800;1;2;1;1;6;63;215, RUE MALBEC;M;4482180;-56944;330
201500023438;15;5;26;915;1;2;3;1;3;63;AV CARNOT/F.FAURE;M;4485150;-59693;330
201500023439;15;5;23;1428;1;2;2;1;1;63;MEDOC/B.STUTTENBERG;M;4485830;-56689;330
201500023440;15;5;28;640;1;2;1;1;6;63;BRIENNE AVT GIR BRIENNE;M;4482170;-54143;330
201500023441;15;5;21;1755;1;2;2;1;3;63;CRS BALGUERIE STUTTENBER;M;4486090;-56317;330
201500023442;15;5;26;1635;1;2;2;1;3;63;RUE DUBOURDIEU;M;4482200;-57654;330
201500023443;15;5;21;732;1;2;2;1;3;162;AV MEDOC/ECH7 ENT.ROCADE;M;4487960;-62689;330
201500023444;15;5;21;1100;1;2;1;1;6;69;23 RUE BOURBAKI;M;4486090;-59125;330
201500023445;15;5;22;1920;1;2;1;1;1;32;AV GRIFFONS=>RTE BASSENS;M;4488800;-51710;330
201500023446;15;5;24;1040;1;2;3;1;3;119;R. M.DORMOY/R.M.SEMBAT;M;4484960;-53456;330
201500023447;15;5;28;1915;1;2;1;1;1;63;42, RUE FRANTZ DESPAGNET;M;4483070;-60128;330
201500023448;15;5;27;1005;1;2;1;1;3;63;127/150 CRS DU MEDOC;M;4486170;-57086;330
201500023449;15;5;27;1950;1;2;1;1;3;63;20/23, CRS MARC NOUAUX;M;4484640;-59418;330
201500023450;15;5;27;700;1;2;3;1;3;63;B.STUTTENBERG/STENDHAL;M;4485690;-56884;330
201500023451;15;5;28;830;1;2;3;1;3;63;BD ALBERT 1ER/R. L.CABIE;M;4481440;-57066;330
201500023452;15;5;22;1525;1;2;2;1;2;200;R. J.MERMOZ/AV PASTEUR;M;4486490;-66462;330
201500023453;15;5;28;810;1;2;2;1;3;63;R. VINCENNES/R.JUDAIQUE;M;4484040;-59642;330
201500023454;15;5;27;1515;1;2;2;1;3;63;21 CRS L'YSER/R. BEGLES;M;4482920;-56831;330
201500023455;15;5;21;1055;1;2;2;1;6;550;CHN GALGON/PYTHAGORE;M;4477830;-53953;330
201500023456;15;5;22;2335;5;2;3;1;3;281;AVE RENE CASSIN;M;4483220;-67424;330
201500023457;15;5;22;1745;1;2;6;1;2;249;R.CAVAILLES/PCE 2 VILLES;M;4486450;-52049;330
201500023458;15;5;22;1330;1;2;2;1;3;281;AV VERDUN/LEO LAGRANGE;M;4483940;-63524;330
201500023459;15;5;22;1420;1;2;2;1;3;318;BOURGAILH/PL GAL GAULLE;M;4479950;-66318;330
201500023460;15;5;22;1640;1;2;1;1;6;281;5-7, RUE CARLE VAN LOO;M;4485170;-66314;330
201500023461;15;5;27;1650;1;2;3;1;6;63;LATOUR/CHARTRONS S/RIVE;M;4485030;-56999;330
201500023462;15;5;29;1620;1;2;1;1;6;63;101 CRS B.STUTTENBERG;M;4485890;-56610;330
201500023463;15;5;27;810;1;2;3;1;5;281;CLAIRIERE/ST MEDARD;M;4486260;-65057;330
201500023464;15;5;28;1840;1;2;3;1;3;281;PDT J.F.KENNEDY/J.PERRIN;M;4483460;-67167;330
201500023465;15;6;1;1040;1;2;2;1;3;281;AV TRUC/FRERES ROBINSON;M;4484960;-65604;330
201500023466;15;6;1;1050;1;2;4;1;1;63;DELBOS/DUPRE ST MAUR;M;4486790;-55497;330
201500023467;15;5;28;900;1;2;1;1;1;318;36, RUE DES PELICANS;M;4479140;-68859;330
201500023468;15;5;30;1850;1;2;3;1;6;318;AV PONT L'ORIENT/AZALEES;M;4481380;-64954;330
201500023469;15;6;2;1445;1;2;1;1;2;39;131, BD J.J. BOSC;M;4481780;-54717;330
201500023470;15;5;30;1140;1;2;1;1;3;281;29AV FR MITTERRAND (EST);M;4482640;-61582;330
201500023471;15;5;29;1100;1;2;2;1;3;63;BD PDT WILSON/CH.GAULLE;M;4484830;-59764;330
201500023472;15;5;31;1705;1;2;2;1;4;281;P.MENDES FR/A.BRIAND;M;4482590;-63759;330
201500023473;15;5;29;1740;1;2;2;1;2;162;HIPPODROME/BOIS GRAMOND;M;4486740;-63729;330
201500023474;15;6;3;1045;1;2;1;1;2;63;28 RTE DE TOULOUSE;M;4481350;-57317;330
201500023475;15;6;4;1545;1;2;1;1;3;63;69,R.PELOUSE DOUET;M;4482990;-60723;330
201500023476;15;6;4;820;1;2;1;1;3;63;1, RUE DOMION CAUD;M;4485580;-62531;330
201500023477;15;6;2;2040;2;2;1;1;6;281;72, AV P.MENDES FRANCE;M;4482630;-63776;330
201500023478;15;6;4;815;1;2;1;1;6;63;39, RUE DU BOCAGE CAUD;M;4485280;-59927;330
201500023479;15;6;4;1305;1;2;2;1;3;63;RUE NEUVE;M;4483750;-56966;330
201500023480;15;6;6;1425;1;2;2;1;2;63;DE BX-LAC=>LATULE;M;4487040;-56656;330
201500023481;15;6;3;1020;1;2;1;1;2;281;AVE DE LA MARNE;M;4483280;-64743;330
201500023482;15;6;5;2002;1;2;1;1;3;63;16, CRS BAL. STUTTENBERG;M;4485540;-57104;330
201500023483;15;6;4;1445;1;2;2;1;5;281;AVE MARCEL DASSAULT;M;4484360;-67300;330
201500023484;15;6;4;2320;5;2;3;1;6;63;36, RUE DOMION CAUD;M;4485750;-62398;330
201500023485;15;6;4;1355;1;2;1;1;2;63;IMP DES COSSUS =>PARKING;M;4485400;-59282;330
201500023486;15;6;4;330;5;2;6;1;6;75;CHN REDUIT/FLEURANCEAU;M;4488450;-60360;330
201500023487;15;6;6;1902;1;2;1;1;3;63;70 CRS G.CLEMENCEAU;M;4484440;-57841;330
201500023488;15;6;5;1700;1;1;1;1;4;281;AVE FRANCOIS MITTERRAND;M;4481910;-65767;330
201500023489;15;6;6;1040;1;2;3;1;3;63;RUE DE BEGLES;M;4482280;-56580;330
201500023490;15;6;5;2035;1;2;2;1;6;63;DR CH.NANCEL PENARD;M;4484010;-58101;330
201500023491;15;6;1;1530;1;2;3;1;6;522;CHATEAUBRIAND/A.MAILLOL;M;4479330;-58949;330
201500023492;15;6;4;555;2;2;6;1;7;281;AV J.PERRIN/CHATAIGNIERS;M;4484150;-67071;330
201500023493;15;1;2;1515;1;2;1;1;3;281;4, AVE MARCEL DASSAULT;M;4484770;-67868;330
201500023494;15;6;5;1859;1;2;1;1;3;63;261, BD ALFRED DANEY;M;4487140;-56274;330
201500023495;15;6;11;525;4;2;1;1;6;63;52, CITE LAFON;M;4487760;-54714;330
201500023496;15;6;9;1345;1;2;1;1;3;63;27-29, RUE SAINT VINCENT;M;4482670;-55776;330
201500023497;15;6;3;1930;1;2;2;1;3;63;40JOURNAUX/PRALAVIGNOLLE;M;4488310;-56962;330
201500023498;15;6;10;2055;2;2;2;1;1;63;R.ROY CLOTTE/ARGONNE;M;4482970;-57348;330
201500023499;15;6;2;830;1;2;3;1;3;192;CRS DU GENERAL DE GAULLE;M;4476610;-61864;330
201500023500;15;6;3;1645;1;2;1;1;3;162;84B J.MERMOZ LE HAILLAN;M;4486960;-66257;330
201500023501;15;5;28;2215;5;2;6;1;2;249;J.COCTEAU/G.PHILIPPE;M;4487580;-50170;330
201500023502;15;6;5;1725;1;2;6;1;3;13;ILE DE FRANCE/BD FEYDEAU;M;4484910;-49697;330
201500023503;15;6;15;815;1;2;1;1;6;63;223, RUE DE BEGLES;M;4481980;-56601;330
201500023504;15;6;14;2045;1;2;4;1;3;281;AVL'YSER/R.BEAUMARCHAIS;M;4414151;-64935;330
201500023505;15;6;13;1430;1;2;1;1;4;63;40JOURNAUX/JROYERNV.VOIE;M;4488010;-56789;330
201500023506;15;6;7;1657;1;2;1;1;3;522;13R.BONTEMPS AP. ZUBIETA;M;4480370;-57916;330
201500023507;15;6;9;1220;1;2;1;1;1;281;17, RUE PROSPER MERIMEE;M;4483810;-66067;330
201500023508;15;6;9;820;1;2;1;1;5;281;23 M.DASSAULT=>MARTIGNAS;M;4484830;-68416;330
201500023509;15;6;10;915;1;2;1;3;6;281;431PASTEUR/MONTESQUIEU;M;4484620;-63291;330
201500023510;15;6;12;1140;1;2;2;1;6;63;R.LAGRANGE/C.GODARD;M;4485500;-57749;330
201500023511;15;6;12;2109;1;2;3;1;3;63;CRS L'YSER/MALESCAUT;M;4482890;-56842;330
201500023512;15;6;5;1015;1;2;3;1;3;192;CROIX MONJOUS/MIGNONNE;M;4477580;-59536;330
201500023513;15;6;9;925;1;2;3;1;6;550;AV ML LECLERC/PL A.BRIAN;M;4478160;-56734;330
201500023514;15;6;10;1700;1;2;6;1;6;192;BD MALARTIC/ALL BARTHEZ;M;4477100;-60047;330
201500023515;15;6;11;1443;1;2;1;1;1;318;84 AV GENERAL LECLERC;M;4479140;-67251;330
201500023516;15;5;31;1440;1;2;2;1;3;522;R.TREMEUGE/R.MARGUERITTE;M;4480250;-58715;330
201500023517;15;6;11;1600;1;2;5;1;3;522;RUE PEYDAVANT;M;4480667;-58616;330
201500023518;15;6;12;1700;1;2;1;1;6;249;ROUTE D'YVRAC;M;4487950;-49798;330
201500023519;15;6;11;2055;1;2;3;2;7;318;AVE PASTEUR;M;4480609;-63127;330
201500023520;15;6;11;1000;1;2;3;1;6;75;AV D'AQUITAINE/R. PARC;M;4488190;-61011;330
201500023521;15;6;11;1935;1;2;2;2;3;192;CRS DU GENERAL DE GAULLE;M;4477849;-60983;330
201500023522;15;6;10;1908;1;2;3;1;3;63;CRS EDOUARD VAILLANT;M;4485890;-55676;330
201500023523;15;6;21;1;5;2;1;1;6;13;26, AVE DU PINSAN;M;4485970;-48802;330
201500023524;15;6;13;1940;1;2;1;1;6;69;AV V.HUGO FACE 188 PRADO;M;4486760;-59066;330
201500023525;15;6;15;940;1;2;2;1;6;39;RUE CALIXTE CAMELLE;M;4480745;-54889;330
201500023526;15;6;12;1010;1;2;2;1;3;281;08, RUE DU GENERAL WEYGA;M;4481610;-63990;330
201500023527;15;6;17;1030;1;2;2;1;6;69;17, AVE DU GENERAL LECLE;M;4485492;-59691;330
201500023528;15;6;15;900;1;2;3;1;3;281;AVE DU MARECHAL LECLERC;M;4483802;-64704;330
201500023529;15;6;12;735;1;2;2;8;3;39;AVE MAL DE LATTRE DE TAS;M;4480501;-54324;330
201500023530;15;6;17;2110;1;2;2;1;7;63;QUAI RICHELIEU;M;4484004;-56893;330
201500023531;15;6;17;2345;5;2;4;1;7;63;SUR CRS M.NOUAUX;M;4484560;-59365;330
201500023532;15;6;20;908;1;2;3;1;6;63;RTE TOULOUSE/TAREGUA;M;4481390;-57298;330
201500023533;15;6;13;1700;1;2;2;1;3;522;LIBERATION (CRS DE LA);M;4479547;-60400;330
201500023534;15;6;4;1845;1;2;3;1;3;281;AVE HENRI VIGNEAU;M;4484035;-66687;330
201500023535;15;1;3;125;5;2;4;1;6;318;AV BEUTRE/BD HT LIVRAC;M;4479930;-67060;330
201500023536;15;6;18;900;1;2;1;1;6;63;144, RUE D'ORNANO;M;4483396;-58964;330
201500023537;15;6;18;1835;1;2;1;1;6;75;RUE DU PONT NEUF;M;4489460;-58827;330
201500023538;15;6;18;202;5;2;2;1;3;522;RUE ROUSTAING;M;4481711;-59107;330
201500023539;15;6;18;1200;1;1;2;1;1;200;RUE GEORGES CLEMENCEAU;M;4487539;-67686;330
201500023540;15;6;23;810;1;2;1;1;6;63;135R. AMEDEE ST GERMAIN;M;4481720;-56477;330
201500023541;15;6;13;2330;5;2;1;2;6;249;68, QUAI CARRIET;M;4488379;-53033;330
201500023542;15;6;23;1400;1;2;2;1;1;63;R. DONISSAN/R. VILLEDIEU;M;4483110;-57520;330
201500023543;15;6;23;1850;1;2;1;1;2;63;43/68 AV REPUBLIQUE CAUD;M;4484004;-60162;330
201500023544;15;6;17;600;2;2;2;1;3;281;AVE GUSTAVE EIFFEL;M;4485318;-66959;330
201500023545;15;6;19;810;1;2;2;2;3;63;RUE DES MENUTS;M;4483444;-56782;330
201500023546;15;6;21;2110;2;2;2;1;3;550;R. PROVENCE/R. HERAULT;M;4478260;-55871;330
201500023547;15;6;28;615;1;2;1;1;6;63;32, RUE DE LA FAIENCERIE;M;4486062;-55605;330
201500023548;15;6;26;2329;5;2;3;1;3;63;QUAI DESCHAMPS;M;4483510;-55296;330
201500023549;15;6;25;1345;1;2;2;1;3;63;CRS BALGUERIE STUTTENBER;M;4486094;-56319;330
201500023550;15;6;23;840;1;2;1;1;2;13;RN 89;M;4486900;-47024;330
201500023551;15;6;22;930;1;2;1;1;3;281;AVE RENE CASSIN;M;4483368;-69093;330
201500023552;15;6;17;1845;1;2;3;1;1;192;RUE DE POUMEY;M;4476741;-61328;330
201500023553;15;6;22;1740;1;2;3;1;1;550;AVE GALGON/R.G.CHARPAK;M;4477980;-53993;330
201500023554;15;6;29;1045;1;2;2;1;3;63;CRS SOMME/RUE SABLONNAT;M;4481860;-57228;330
201500023555;15;6;30;1700;1;2;1;1;3;63;BD ALFRED DANEY;M;4486909;-56827;330
201500023556;15;6;27;1950;1;2;1;1;3;119;20, FOCH (RUE DU MARECHA;M;4485517;-53329;330
201500023557;15;6;28;2320;5;2;4;1;3;63;31, RUE MONTMEJEAN;M;4484070;-55744;330
201500023558;15;6;30;2120;2;2;3;1;6;63;RUE DU JONC;M;4487404;-57489;330
201500023559;15;6;30;1100;1;2;1;1;6;63;27 BIS, VERDUN (CRS DE);M;4484972;-57507;330
201500023560;15;7;1;900;1;2;3;1;3;63;AVE DU MAL DE LATTRE DE;M;4485880;-62759;330
201500023561;15;6;19;1050;1;2;2;1;6;522;GAMBETTA (CRS );M;4481411;-58893;330
201500023562;15;6;27;1620;1;2;1;1;3;281;126, AVE DU BOURGAILH;M;4481280;-66475;330
201500023563;15;7;1;1700;1;2;1;1;2;63;AVE DE LABARDE;M;4491330;-56064;330
201500023564;15;6;24;2210;5;2;1;1;2;281;AVE DE KAOLACK;M;4481493;-66585;330
201500023565;15;7;3;2140;1;2;2;1;3;63;CRS VICTOR HUGO;M;4481350;-56469;330
201500023566;15;7;1;1215;1;2;1;1;6;63;46, RUE POYENNE;M;4485710;-56679;330
201500023567;15;7;6;1440;1;2;1;1;3;63;QUAI ARMAND LALANDE;M;4486210;-55470;330
201500023568;15;6;25;1825;1;2;6;1;3;69;AVE MAL DE LATTRE DE TAS;M;4486350;-60634;330
201500023569;15;7;4;35;5;2;1;1;6;63;PONT DE PIERRE;M;4483730;-56452;330
201500023570;15;7;2;2215;2;2;2;1;3;281;RUE APOLLO;M;4483550;-68024;330
201500023571;15;6;2;700;1;2;1;1;1;249;ALL OISEAUFRANCE IMPASSE;M;4488240;-50954;330
201500023572;15;1;3;1415;1;2;2;1;3;63;CRS MARNE/CRS BARBEY;M;4482850;-56205;330
201500023573;15;7;3;1701;1;2;3;1;3;63;DASVIN BOIS/THIERS;M;4484990;-54427;330
201500023574;15;6;26;835;1;2;3;1;3;318;I.FJOLIOT-CURIE/8MAI1945;M;4480010;-67672;330
201500023575;15;6;26;725;1;2;2;1;3;318;AVE DE BEUTRE;M;4479965;-66861;330
201500023576;15;6;25;850;1;2;1;1;6;192;CHEM DE LA CRABETTE;M;4478460;-62489;330
201500023577;15;6;24;710;1;2;2;1;1;39;AVE ALEXIS CAPELLE;M;4481136;-54909;330
201500023578;15;6;26;750;1;2;6;1;3;162;RUE DE LANGLET;M;4489001;-63750;330
201500023579;15;7;3;925;1;2;1;1;6;281;52 ALL CTRE COMM.SOLEIL;M;4482840;-65900;330
201500023580;15;6;29;1930;1;2;4;1;3;162;AVE DU MEDOC;M;4488507;-63656;330
201500023581;15;7;1;1130;1;2;6;1;3;281;ROCADE INTERIEURE;M;4481740;-67143;330
201500023582;15;6;27;5;5;2;1;1;2;318;AVE LOUIS DE BROGLIE;M;4478320;-64625;330
201500023583;15;6;30;1210;1;2;1;1;2;281;4, AVE DE LA GRANGE NOIR;M;4484890;-67916;330
201500023584;15;7;5;1800;1;2;2;1;3;281;AVE DES CHENES;M;4484638;-63409;330
201500023585;15;7;2;1350;1;2;1;1;2;119;91, AVE JEAN JAURES;M;4485720;-53207;330
201500023586;15;7;6;800;1;2;3;7;3;318;AV J.JAURES/CHAT.D'EAU;M;4481710;-60592;330
201500023587;15;7;13;1855;1;2;2;1;3;63;RUE DE LA FUSTERIE;M;4483560;-56556;330
201500023588;15;7;12;1930;1;2;3;1;3;63;62CRS V.HUGO/OBSERVANCE;M;4483540;-56919;330
201500023589;15;6;29;1550;1;2;1;1;6;192;34, GAL DE GAULLE;M;4478480;-60594;330
201500023590;15;7;8;2035;1;2;2;1;3;281;AVE DE L'YSER;M;4484188;-66387;330
201500023591;15;7;9;840;1;2;6;1;2;281;AVE DU GENERAL DE CASTEL;M;4484920;-66636;330
201500023592;15;7;12;1020;1;2;2;1;3;63;RUE CAMILLE GODARD;M;4485507;-57448;330
201500023593;15;7;8;1625;1;2;1;1;1;281;207 AV MARNE;M;4483420;-63777;330
201500023594;15;7;15;1550;1;2;1;1;2;63;RUE JEAN GABRIEL DOMERGU;M;4488880;-56770;330
201500023595;15;7;15;1345;1;2;1;1;3;63;R.SCHUMANN-PARKING;M;4485740;-58651;330
201500023596;15;7;16;245;5;2;1;1;6;63;2/4, RUE MAURIAC;M;4483567;-56740;330
201500023597;15;7;11;1920;1;2;6;1;1;318;AVE DE BEUTRE;M;4480060;-68564;330
201500023598;15;7;9;1850;1;2;3;1;3;192;53CRS GLGAULLE/FAUVETTES;M;4478170;-60798;330
201500023599;15;7;9;2050;1;2;1;1;2;281;12, RUE ALESSANDRO VOLTA;M;4485353;-67397;330
201500023600;15;7;6;1030;1;2;1;1;4;119;AVE CARNOT=>BORDEAUX;M;4485810;-53090;330
201500023601;15;7;7;1700;1;2;7;1;6;63;PL J.MOULIN/BEAUBADAT;M;4483860;-57744;330
201500023602;15;7;7;2150;5;2;2;1;3;63;CRS MAL JUIN/CRS ALBRET;M;4483630;-58099;330
201500023603;15;7;7;750;1;2;3;1;3;69;158AV EYSINES/JIEL LAVAL;M;4485960;-60787;330
201500023604;15;7;8;1630;1;2;3;1;2;63;BD ALFRED DANEY;M;4487172;-56202;330
201500023605;15;7;8;1915;1;2;2;1;3;192;98,GAL GAULLE/R.LAURIERS;M;4477430;-61279;330
201500023606;15;7;7;915;1;2;6;1;3;63;E.COUNORD/FR.PORTMANN;M;4486070;-57530;330
201500023607;15;7;9;1705;1;2;2;1;3;63;RUE TIVOLI/BD PIERRE 1ER;M;4485690;-59110;330
201500023608;15;7;8;727;1;2;2;1;3;63;37-35, RUE DES VIGNES;M;4483200;-56573;330
201500023609;15;7;10;1025;1;2;1;1;6;63;RUE ANTOINE BOURDELLE;M;4482630;-60002;330
201500023610;15;6;19;945;1;2;2;1;6;281;AVE DE L'ALOUETTE;M;4482651;-66389;330
201500023611;15;7;15;940;1;2;3;1;6;167;CHEM DES PLATEAUX;M;4484060;-50748;330
201500023612;15;7;15;1820;1;2;2;1;3;63;RUE LEBERTHON;M;4483087;-57572;330
201500023613;15;7;9;1436;1;2;2;1;1;63;CRS DE LA MARNE;M;4482843;-56207;330
201500023614;15;7;10;210;5;2;1;1;6;63;17, QUAI LOUIS XVIII;M;4484810;-57082;330
201500023615;15;7;9;1955;1;2;2;1;3;249;RUE DES CAVAILLES;M;4486510;-52197;330
201500023616;15;7;11;1240;1;2;2;1;3;75;RTE DU MEDOC;M;4487430;-61849;330
201500023617;15;7;11;1500;1;2;2;1;3;281;CHN MERLE/PRINCESSE;M;4480240;-70140;330
201500023618;15;7;17;1130;1;2;3;1;3;63;QUAI DES QUEYRIES;M;4484040;-56171;330
201500023619;15;7;11;1118;1;2;3;1;2;63;BD JOLIOT-CURIE;M;4484220;-54250;330
201500023620;15;7;11;2050;1;2;3;1;3;281;AVE PRESIDENT J.F. KENNE;M;4483350;-66607;330
201500023621;15;7;17;1340;1;2;1;1;5;63;QUAI DES CHARTRONS;M;4485430;-56544;330
201500023622;15;7;18;1110;1;2;3;1;3;63;MAUBOURGUET/FONDAUDEGE;M;4484930;-58434;330
201500023623;15;7;20;525;5;2;2;1;3;63;R. LECOCQ/R. BELLEVILLE;M;4483450;-58559;330
201500023624;15;7;21;1145;1;2;2;1;2;63;R.PASTEUR/R.BAHR;M;4484580;-61331;330
201500023625;15;7;8;2340;5;2;2;1;3;39;TOULOUSE (RTE DE);M;4478760;-56657;330
201500023626;15;7;19;1520;1;2;2;1;3;522;RUE DE SUZON;M;4481268;-57390;330
201500023627;15;7;19;700;2;2;1;1;6;63;GIRBRIENNE<AC>PNTSTJEAN;M;4482520;-54631;330
201500023628;15;7;20;830;1;2;5;1;6;63;STUTTENBERG/ED.VAILLANT;M;4486290;-56044;330
201500023629;15;7;17;1800;1;2;4;1;3;318;AV FR COPPEE/R.POUJEAU;M;4480860;-62813;330
201500023630;15;7;17;1249;1;2;3;1;3;63;CRS ARISTIDE BRIAND;M;4483143;-57517;330
201500023631;15;7;16;905;1;2;1;1;1;281;AVE DE L'ARGONNE;M;4481330;-71846;330
201500023632;15;7;16;724;1;2;3;1;5;192;CRS DU GENERAL DE GAULLE;M;4478390;-60661;330
201500023633;15;7;24;1940;1;2;1;1;1;63;PONT SAINT- JEAN;M;4483220;-55419;330
201500023634;15;7;16;1130;1;2;1;1;1;550;9, CHEM DE PAUGE;M;4475740;-57416;330
201500023635;15;7;21;1830;1;2;2;1;3;281;AV KAOLACK/MARION JACOB;M;4481740;-66588;330