num_acc;an;mois;jour;hrmn;lum;agg;int;atm;col;com;adr;gps;lat;long;dep
201500023636;15;7;19;145;5;2;1;1;6;39;31R. FERDINAND BUISSON;M;4480480;-55880;330
201500023637;15;7;18;1848;1;2;6;1;2;550;AVE BARRET/MAL LECLERC;M;4477860;-57031;330
201500023638;15;7;27;2107;2;2;2;1;3;550;CHEM DU PAS DE LA COTE;M;4478210;-54037;330
201500023639;15;7;26;1040;1;2;1;1;3;63;165-168, RUE MANDRON;M;4485570;-58434;330
201500023640;15;7;26;1655;1;2;2;1;3;63;CRS MEDOC/B.STUTTENBERG;M;4485830;-56689;330
201500023641;15;7;27;810;1;2;2;1;3;318;DR N.PENARD/P.MONTAGNE;M;4480670;-64616;330
201500023642;15;7;21;750;2;2;6;1;3;69;R. AUSONE/AV V.HUGO;M;4487030;-59263;330
201500023643;15;7;24;1700;1;2;2;1;3;63;RUE LECOCQ;M;4483450;-58554;330
201500023644;15;7;23;730;1;2;3;1;2;63;9R. PASTEUR/J.BELAUBRE;M;4484630;-63130;330
201500023645;15;7;26;930;1;2;3;1;3;63;FAURE (RUE LUCIEN);M;4486600;-56115;330
201500023646;15;7;28;1654;1;2;1;1;6;63;15, CRS DE L'INTENDANCE;M;4484210;-57582;330
201500023647;15;7;23;1850;1;2;3;1;3;281;7A.VOLTA/JAQUARD;M;4485340;-67204;330
201500023648;15;7;28;1540;1;2;2;1;3;63;96BD PIERRE 1ER=>V.HUGO;M;4485920;-58940;330
201500023649;15;7;28;1115;1;2;3;1;3;63;RUE BARREYRE;M;4485602;-57010;330
201500023650;15;7;28;135;5;2;1;1;7;63;BD GEORGE V;M;4482420;-58744;330
201500023651;15;7;22;1900;1;2;3;1;3;522;AVE PIERRE CORNEILLE;M;4478973;-58711;330
201500023652;15;7;21;1810;1;2;1;1;2;318;AVE ANTOINE BECQUEREL;M;4478630;-64428;330
201500023653;15;7;28;830;1;2;3;1;2;167;AVE HUBERT DUBEDOUT;M;4484750;-50771;330
201500023654;15;7;19;930;1;2;3;1;6;167;P.KERGOMARD/H.DUBEDOUT;M;4484750;-50771;330
201500023655;15;7;18;1000;1;2;3;1;3;69;AV EYSINES CAUD/J.GERALD;M;4485480;-59957;330
201500023656;15;7;24;645;2;2;6;1;3;281;AVE MARCEL DASSAULT;M;4484660;-71939;330
201500023657;15;7;29;2045;1;2;7;1;7;281;AV FAUVETTES/AV ALOUETTE;M;4482520;-66297;330
201500023658;15;7;31;1435;1;2;2;1;6;63;P.TREBOD/R.SCHUMAN;M;4485820;-58434;330
201500023659;15;8;2;1015;1;2;2;1;3;63;REPUBLIQUE/ETCHNIQUE;M;4483920;-61194;330
201500023660;15;8;3;1;5;2;2;1;3;63;415, BD JEAN-JACQUES BOS;M;4481330;-55550;330
201500023661;15;8;4;1320;1;2;3;1;3;63;RUE PERINOT CAUD;M;4485252;-62931;330
201500023662;15;7;27;1750;1;2;3;1;5;281;AV MARNE/ALL COLIBRIS;M;4483277;-64716;330
201500023663;15;8;4;955;1;2;4;2;3;69;PCE AMPERE/F.BUISSON;M;4486290;-58455;330
201500023664;15;8;4;1205;1;2;1;1;2;63;9 ALL BOUTAUT;M;4487130;-57617;330
201500023665;15;8;5;850;1;2;1;1;3;63;40, RUE DE TAUZIA;M;4482910;-55844;330
201500023666;15;8;6;845;1;2;3;1;6;63;RUE D'ORNANO/FR.SOURDIS;M;4483430;-58856;330
201500023667;15;8;6;115;5;2;3;1;3;63;BD GEORGES POMPIDOU;M;4483330;-60175;330
201500023668;15;7;28;1820;1;2;1;1;2;63;111, AVE THIERS;M;4484390;-55371;330
201500023669;15;7;31;1720;1;2;1;1;6;318;332AV ML LATTRE TASSIGNY;M;4475880;-73403;330
201500023670;15;8;6;2300;5;2;6;1;7;69;426LIBERATION/CLEMENCEAU;M;4487070;-61336;330
201500023671;15;8;6;2100;5;2;3;1;2;69;LIBERATION/ML TASSIGNY;M;4486460;-60430;330
201500023672;15;8;7;2255;5;2;3;1;7;63;162, RUE BERNARD ADOUR C;M;4483832;-60759;330
201500023673;15;8;10;1620;1;1;3;1;2;63;241, CRS DE LA SOMME;M;4482113;-57241;330
201500023674;15;7;5;1300;1;2;1;1;1;63;74, CRS DE L'YSER;M;4482710;-56917;330
201500023675;15;7;7;2305;5;2;1;1;7;522;AVE PEY-BERLAND;M;4479960;-60594;330
201500023676;15;8;10;1534;1;2;1;1;6;63;ORLEANS=>PARCEXPOSITIONS;M;4484400;-57405;330
201500023677;15;8;4;1220;1;2;3;1;2;69;LIBERATION/PDT KENNEDY;M;4486640;-60609;330
201500023678;15;8;8;1700;1;2;1;1;3;65;217, COTE DE BOULIAC;M;4482020;-51095;330
201500023679;15;8;11;1925;1;2;3;1;6;63;64, TOULOUSE (RTE DE);M;4481190;-57375;330
201500023680;15;8;9;1950;1;2;3;1;3;318;AVE ARAGO;M;4479555;-64248;330
201500023681;15;8;9;220;5;1;1;2;3;249;4, RUE D'YVRAC;M;4487920;-50634;330
201500023682;15;8;12;1700;1;2;5;1;3;63;RUE CAMILLE GODARD;M;4485505;-57735;330
201500023683;15;8;13;1740;1;2;2;1;3;63;QUAI DE BACALAN;M;4486034;-55408;330
201500023684;15;8;14;1030;1;2;1;2;1;63;09, AVE MARCEL DASSAULT;M;4488440;-57157;330
201500023685;15;8;14;940;1;2;2;3;3;63;R.DUBOURDIEU/B.GOTH;M;4482140;-57815;330
201500023686;15;8;17;1140;1;2;2;1;6;63;FR.SOURDIS/MAL JUIN;M;4483430;-58856;330
201500023687;15;8;17;1600;1;2;3;1;3;63;R.CH.CHAIGNEAU/Q.BRAZZA;M;4485980;-54341;330
201500023688;15;8;12;1155;1;2;1;1;3;200;347, AVE MEDOC (DIATAN);M;4489530;-66929;330
201500023689;15;8;18;1725;1;2;1;1;6;63;7, PCE DE STALINGRAD;M;4484000;-55958;330
201500023690;15;8;18;1400;1;2;3;1;2;63;BD PDT WILSON/U.GAYON;M;4485320;-59384;330
201500023691;15;7;20;2240;5;2;3;1;6;63;AV THIERS/G.EIFFEL;M;4484930;-54536;330
201500023692;15;8;19;620;5;2;3;1;3;63;CRS A.BRIAND/CRS ALBRET;M;4483230;-57941;330
201500023693;15;8;12;1450;1;2;1;1;4;550;RDPT SEEHEIM JUGENHEIM;M;4477982;-56984;330
201500023694;15;8;20;440;5;2;1;1;1;318;AVE DE BEUTRE;M;4480147;-68791;330
201500023695;15;8;21;125;5;2;3;1;6;63;22Q.PALUDATE/CH.DOMERCQ;M;4482930;-55490;330
201500023696;15;8;21;110;5;2;3;1;3;63;CRS DE LA SOMME;M;4482330;-57256;330
201500023697;15;8;13;1725;1;2;3;1;3;318;AVE PASTEUR;M;4480247;-64467;330
201500023698;15;8;20;1920;1;2;2;1;3;63;RUE BLAISE PASCAL;M;4481457;-56693;330
201500023699;15;8;18;1914;2;2;1;1;6;522;653 CRS DE LA LIBERATION;M;4479820;-60012;330
201500023700;15;8;23;110;5;2;4;3;6;63;RUE GENERAL DE LARMINAT;M;4483330;-59196;330
201500023701;15;8;23;425;5;2;1;2;6;63;PONT SAINT- JEAN;M;4483060;-55608;330
201500023702;15;8;24;1320;1;2;3;1;6;63;176, CRS DE LA MARNE;M;4482820;-56077;330
201500023703;15;8;24;2330;5;2;2;1;3;63;R. L.FAURE/Q.BACALAN;M;4486050;-55383;330
201500023704;15;8;24;722;1;2;3;1;3;63;6, RUE DE CANOLLE;M;4483000;-60294;330
201500023705;15;8;25;1420;1;2;1;1;3;63;108, RUE MAC CARTHY CAUD;M;4484026;-62086;330
201500023706;15;8;21;753;1;1;1;1;3;69;AVE DE LA LIBERATION-CH.;M;4485490;-59506;330
201500023707;15;8;21;2135;5;2;6;1;6;318;AVE DE BRETAGNE;M;4479460;-68232;330
201500023708;15;8;25;1545;1;2;3;1;1;318;AVE ROGER COHE;M;4481400;-63521;330
201500023709;15;8;25;1320;1;2;1;1;3;281;AVE DE LA SOMME;M;4483010;-65959;330
201500023710;15;8;31;1725;1;2;1;1;6;63;233, BD ALFRED DANEY;M;4487055;-56485;330
201500023711;15;8;30;1920;1;2;1;1;3;63;AVE MARCEL DASSAULT;M;4487751;-57609;330
201500023712;15;8;31;1315;1;2;2;1;6;63;CRS VICTOR HUGO;M;4483496;-57333;330
201500023713;15;9;1;1815;1;2;2;1;2;63;Q.BRAZZA/CDT COUSTEAU;M;4485370;-55357;330
201500023714;15;8;27;1736;1;2;1;1;6;167;S.ALLENDE=>FRMITTERRAND;M;4484560;-51063;330
201500023715;15;8;27;1450;1;2;1;1;2;13;AV DE L'EGLISE ROMANE;M;4485710;-49415;330
201500023716;15;8;31;1705;1;2;1;1;3;522;17 RUE FRANCOIS RABELAIS;M;4479620;-59333;330
201500023717;15;8;28;825;1;2;3;1;3;63;42, ALL DES PINS;M;4483450;-60355;330
201500023718;15;8;25;1218;1;2;1;2;2;69;LIBERATION-CH. DE GAULLE;M;4487050;-61281;330
201500023719;15;8;26;1850;1;2;1;1;1;318;TASSIGNY (AVE MAL DE LAT;M;4476260;-72776;330
201500023720;15;8;28;1640;1;2;1;1;4;63;RUE CARLE VERNET;M;4482230;-54672;330
201500023721;15;9;3;1840;1;2;6;1;6;249;AV LIBERATION/BUTTINIERE;M;4486790;-52364;330
201500023722;15;9;6;1540;1;2;1;1;3;63;RUE JEAN RENAUD DANDICOL;M;4483130;-58961;330
201500023723;15;9;3;1630;1;2;1;1;6;63;QUAI SAINTE- CROIX;M;4483200;-55932;330
201500023724;15;9;1;710;1;2;2;1;3;522;AVE ROUL;M;4480679;-59175;330
201500023725;15;8;29;1645;1;2;3;7;3;63;AV EYSINES/HIPPARION;M;4486580;-62242;330
201500023726;15;9;2;900;1;2;2;1;3;63;RUE DAVID JOHNSTON;M;4485273;-59049;330
201500023727;15;9;4;1810;1;2;4;1;6;63;CRS GEORGES CLEMENCEAU;M;4484296;-57931;330
201500023728;15;9;4;805;1;2;1;1;6;63;20, AVE MARCEL DASSAULT;M;4487963;-57329;330
201500023729;15;8;28;2030;1;2;1;1;6;318;AVE DE BEUTRE;M;4480280;-68902;330
201500023730;15;9;6;1030;1;2;1;1;2;63;BD MARECHAL LECLERC;M;4482810;-59355;330
201500023731;15;8;28;1215;1;2;1;1;2;39;RTE DE TOULOUSE;M;4479462;-56775;330
201500023732;15;9;7;1350;1;2;2;1;1;63;RUE DE BEGLES/LAFONTAINE;M;4482680;-56753;330
201500023733;15;8;28;815;1;2;3;1;1;550;RTE DE TOULOUSE;M;4478228;-56614;330
201500023734;15;9;6;1515;1;2;1;1;2;63;QUAI DES QUEYRIES;M;4484893;-56258;330
201500023735;15;9;2;1235;1;2;2;1;6;281;AV MAGUDAS/R. EYSINES;M;4485660;-65327;330
201500023736;15;9;2;1710;1;2;1;1;2;318;3, AVE DU PORT AERIEN;M;4478010;-69571;330
201500023737;15;9;3;1410;1;2;2;1;1;13;BD FEYDEAU/AV DESCARTES;M;4485000;-49457;330
201500023738;15;9;8;1220;1;2;3;1;3;63;RUE DOCTEUR JEAN VINCENT;M;4487640;-55998;330
201500023739;15;1;5;800;2;2;6;5;2;167;D 936;M;4484150;-49655;330
201500023740;15;9;8;1300;1;2;2;1;3;63;CRS D'ALBRET;M;4483640;-58102;330
201500023741;15;9;7;1645;1;2;6;1;6;249;AVE DE PARIS;M;4487792;-51088;330
201500023742;15;9;8;1215;1;2;1;1;1;63;RUE DE PESSAC;M;4483004;-58080;330
201500023743;15;9;8;905;1;2;2;1;1;63;CRS DE LA LIBERATION;M;4483330;-58354;330
201500023744;15;9;4;1430;1;2;1;1;3;318;40, AVE ROGER CHAUMET;M;4480100;-63622;330
201500023745;15;9;7;1125;1;2;3;1;3;63;QUAI DES QUEYRIES;M;4484624;-56475;330
201500023746;15;9;3;1625;1;2;6;1;3;281;AV PDT KENNEDY/J.PERRIN;M;4483460;-67167;330
201500023747;15;9;4;800;1;2;3;1;3;162;RUE DU MEDOC/PAUILLAC;M;4488500;-63649;330
201500023748;15;9;8;815;1;2;1;1;6;281;122 ter, AVE DE LA SOMME;M;4482870;-66579;330
201500023749;15;9;9;1210;1;2;3;1;3;281;R. JARD/ AV L.BLUM;M;4485190;-63710;330
201500023750;15;9;11;1230;1;2;1;1;4;63;36, RUE LEO SAIGNAT;M;4482720;-59443;330
201500023751;15;9;11;840;1;2;1;1;2;63;80, BD ALBERT 1ER;M;4481380;-56671;330
201500023752;15;9;16;815;1;2;1;1;2;63;325, BD DU PRESIDENT WIL;M;4485049;-59604;330
201500023753;15;9;15;1908;1;2;1;1;6;63;52, RUE Emile COMBES;M;4483605;-60929;330
201500023754;15;9;14;110;5;2;1;2;7;63;200 RUE CAMILLE GODARD;M;4485470;-58466;330
201500023755;15;9;14;1105;1;2;1;1;2;63;32, BD GEORGE V;M;4482646;-59087;330
201500023756;15;9;15;1750;1;2;2;1;1;63;RUE LEBERTHON;M;4483088;-57573;330
201500023757;15;9;15;720;2;2;2;1;6;63;98R. PELLEPORT/BILLAUDEL;M;4482240;-56219;330
201500023758;15;9;7;1815;1;2;1;1;6;522;73 R. 14 JUILLET;M;4482080;-58732;330
201500023759;15;9;9;1755;1;2;1;1;2;192;15 R. FNES DE MONJOUS;M;4477560;-60398;330
201500023760;15;9;9;1700;1;2;1;1;3;119;RUE DU DOCTEUR SCHWEITZE;M;4486190;-52046;330
201500023761;15;9;13;718;5;2;6;1;6;63;R. SON TAY/R. BAC NINH;M;4482610;-55242;330
201500023762;15;9;20;1815;1;2;1;1;6;63;83, RUE JOSEPH BRUNET;M;4487688;-54447;330
201500023763;15;9;20;805;1;2;1;1;2;63;281, CRS DE LA SOMME;M;4481920;-57234;330
201500023764;15;9;13;1500;1;2;1;1;2;192;4 R. PR VILLEMIN;M;4478440;-60868;330
201500023765;15;9;14;1705;1;2;3;1;6;119;74, AVE RENE CASSAGNE;M;4485901;-51520;330
201500023766;15;9;8;1050;1;2;2;1;1;192;CRXMONJOUS/MARAISML JUIN;M;4477460;-59722;330
201500023767;15;9;9;930;1;2;2;1;3;522;CRS MARECHAL GALLIENI;M;4482187;-59395;330
201500023768;15;9;9;2010;1;2;2;1;3;69;AVE DE TIVOLI;M;4487057;-59827;330
201500023769;15;9;9;1715;1;2;2;1;1;192;RTE DE CANEJAN;M;4477598;-62156;330
201500023770;15;9;10;815;1;2;6;1;6;550;RUE THIERS;M;4476570;-58038;330
201500023771;15;9;17;1600;1;2;6;1;2;119;AVE RENE CASSAGNE;M;4485080;-51761;330
201500023772;15;9;22;1348;1;2;3;2;2;63;CRS MARNE/CRS BARBEY;M;4482850;-56205;330
201500023773;15;9;22;800;1;2;1;2;6;63;79, AVE D'EYSINES CAUD;M;4485410;-59774;330
201500023774;15;9;21;1000;1;2;1;1;2;249;RUE D'YVRAC;M;4487965;-50581;330
201500023775;15;9;22;830;1;2;3;1;3;63;123, RUE JULES FERRY CAU;M;4484357;-60818;330
201500023776;15;9;22;1350;1;2;1;2;2;63;51, BD DU PDT FRANKLIN R;M;4481950;-58025;330
201500023777;15;9;22;1500;1;2;3;3;3;63;AVE DES QUARANTE JOURNAU;M;4487870;-56847;330
201500023778;15;9;23;1445;1;2;1;1;3;63;55, BD GEORGE V;M;4482570;-59001;330
201500023779;15;9;24;830;1;2;1;1;5;13;ROUTE NATIONALE 89;M;4486619;-48033;330
201500023780;15;9;17;2100;5;2;2;1;1;162;AVE DU MEDOC;M;4488020;-62764;330
201500023781;15;9;18;1735;1;2;1;1;5;63;CURIE (BD JOLIOT);M;4484552;-53898;330
201500023782;15;9;23;1220;1;1;3;1;3;63;AVREPUBLIQUE/PIERRE LOTI;M;4483960;-60683;330
201500023783;15;9;23;1050;1;2;3;1;2;63;84R.D'ARMAGNAC/C.VERNET;M;4482050;-54935;330
201500023784;15;9;11;1720;1;2;4;1;3;39;RUE GASTON MONMOUSSEAU;M;4480118;-53992;330
201500023785;15;9;15;1810;1;2;3;1;3;63;AVE DU MAL DE LATTRE DE;M;4485556;-61502;330
201500023786;15;9;14;1325;1;2;1;1;4;63;120, BD JEAN-JACQUES BOS;M;4481840;-54620;330
201500023787;15;9;15;1830;1;2;6;1;3;192;R. POUMEY/RTE LEOGNAN;M;4476780;-61182;330
201500023788;15;9;16;1200;1;2;3;1;3;281;52, AVE DE LA SOMME;M;4483180;-65505;330
201500023789;15;9;16;1630;1;2;1;6;3;200;222, AVE PASTEUR;M;4487557;-67948;330
201500023790;15;9;15;745;2;2;3;1;2;69;PDT A.CHEKKAL/MLTASSIGNY;M;4486400;-60551;330
201500023791;15;9;25;800;1;2;3;1;4;63;AVE DE LABARDE;M;4490684;-55578;330
201500023792;15;9;25;1915;2;2;2;1;3;63;1R.P.LOUIS LANDE/CURSOL;M;4483500;-57522;330
201500023793;15;9;16;2000;5;2;1;1;3;522;59 R.ALDONA-RES RIMBAUD;M;4479890;-58651;330
201500023794;15;9;16;1020;1;2;4;1;2;63;PCE DE LATULE;M;4487026;-56645;330
201500023795;15;9;25;410;5;2;1;1;7;63;244, RUE CARLE VERNET;M;4481559;-55659;330
201500023796;15;9;17;1820;1;2;3;1;5;63;RUE STEHELIN CAUD;M;4485572;-62551;330
201500023797;15;9;18;1900;1;2;2;1;3;63;QUAI SAINTE- CROIX;M;4483150;-55860;330
201500023798;15;9;20;945;1;2;5;1;1;63;PCE DE LONGCHAMPS;M;4484990;-58187;330
201500023799;15;9;21;1800;1;2;4;1;2;167;1ALL CERISIERS/MARTOURET;M;4483740;-51229;330
201500023800;15;9;17;2140;5;2;1;1;3;63;50, RUE DU TAUZIN;M;4482050;-60207;330
201500023801;15;9;24;2045;5;2;3;1;3;281;AVE FRANCOIS MITTERRAND;M;4482750;-61373;330
201500023802;15;9;21;940;1;2;3;1;1;522;AVE DES ARTS ET METIERS;M;4480630;-60184;330
201500023803;15;9;22;1745;1;2;1;1;2;119;AVE CARNOT;M;4485980;-52970;330
201500023804;15;9;22;900;1;2;3;1;3;281;AVE DE VERDUN;M;4484130;-64440;330
201500023805;15;9;23;1225;1;2;2;1;6;39;PL XIV JUILLET/LGAMBETTA;M;4480750;-54887;330
201500023806;15;9;24;910;1;2;1;1;3;63;8,R. PR ANDRE LAVIGNOLLE;M;4488500;-56855;330
201500023807;15;9;25;1810;1;2;3;1;1;281;R.I.NEWTON/R.G.OHM;M;4483200;-66673;330
201500023808;15;9;23;740;1;2;3;1;3;281;AV ST MEDARD/P.COUBERTIN;M;4486220;-64511;330
201500023809;15;9;25;2120;5;2;2;1;2;63;BD ANTOINE GAUTIER;M;4483646;-59886;330
201500023810;15;9;23;1145;1;2;2;1;3;63;QUAI DE PALUDATE;M;4483140;-55841;330
201500023811;15;9;25;2240;5;2;3;1;3;281;AVE DE MAGUDAS;M;4485740;-66018;330
201500023812;15;9;28;805;1;2;6;1;3;63;PCE DE L'EUROPE;M;4485950;-58173;330
201500023813;15;9;29;1645;1;2;1;1;2;63;44, BD JEAN-JACQUES BOSC;M;4482040;-54223;330
201500023814;15;9;29;740;1;2;1;1;6;63;111, BD ALFRED DANEY;M;4486850;-56971;330
201500023815;15;10;2;555;5;2;3;1;6;63;QUAI DE PALUDATE;M;4482880;-55383;330
201500023816;15;9;30;2100;5;2;2;1;1;63;CRS BALGUERIE STUTTENBER;M;4485603;-57009;330
201500023817;15;9;24;2045;5;2;1;1;3;318;66, AVE DE MADRAN;M;4480510;-65662;330
201500023818;15;10;3;1540;1;2;3;1;3;63;BD JOLIOT-CURIE;M;4483877;-54560;330
201500023819;15;9;24;1130;1;2;3;1;3;522;RUE ROBESPIERRE;M;4480793;-57987;330
201500023820;15;9;25;1620;1;2;6;1;2;318;AVE DE SAIGE;M;4478640;-63742;330
201500023821;15;9;26;1845;1;2;1;1;4;281;AVE FRANCOIS MITTERRAND;M;4482374;-64025;330
201500023822;15;8;31;1739;1;2;1;1;6;63;FRERESMOGAAPFEUX=>CROIX;M;4483180;-55802;330
201500023823;15;9;29;810;1;2;3;1;3;281;RUE DU LOGEY;M;4483765;-66722;330
201500023824;15;9;27;1225;1;2;2;1;1;167;RUE GEORGES LITALIEN;M;4483160;-53698;330
201500023825;15;9;28;1545;1;2;1;1;6;69;AVE DE LA LIBERATION-CH.;M;4486906;-60865;330
201500023826;15;9;29;1950;2;2;2;1;3;63;LIBERATION (CRS DE LA);M;4483280;-58179;330
201500023827;15;9;30;1850;1;2;1;1;6;162;8, AVE DE L'HIPPODROME;M;4487560;-62445;330
201500023828;15;10;1;2110;5;2;2;1;3;69;AVE VICTOR HUGO;M;4486385;-59039;330
201500023829;15;9;28;1750;1;2;2;1;3;39;BD ALBERT 1ER;M;4481285;-56137;330
201500023830;15;9;28;1815;1;2;3;1;3;69;129, AVE DE LA LIBERATIO;M;4485938;-59892;330
201500023831;15;10;1;935;1;2;2;1;3;200;AV MEDOC/BRET CANTINOLLE;M;4489340;-66904;330
201500023832;15;9;30;1245;1;2;1;1;3;281;14, AVE DE L'ALOUETTE;M;4482793;-66431;330
201500023833;15;10;2;905;1;2;1;1;3;281;85, CRS D'ORNANO;M;4483360;-61790;330
201500023834;15;10;2;753;1;2;1;1;6;167;121, CRS GAMBETTA;M;4484340;-53174;330
201500023835;15;10;6;655;5;2;1;1;3;63;112, BD MARECHAL LECLERC;M;4482856;-59394;330
201500023836;15;10;6;2150;5;2;1;2;4;63;35, QUAI DE BACALAN;M;4485810;-55862;330
201500023837;15;10;2;815;1;2;3;1;4;192;14, RTE DE CANEJAN;M;4478510;-61086;330
201500023838;15;10;7;1450;1;2;1;1;4;63;AVE DE NONTRASTE;M;4487746;-56348;330
201500023839;15;10;4;1810;1;2;2;1;3;318;BOURGAILH (AVE DU);M;4479944;-66312;330
201500023840;15;10;4;1645;1;2;2;2;1;69;AVE VICTOR HUGO;M;4486247;-59020;330
201500023841;15;10;2;1900;1;2;1;2;1;167;CHEM DE CAUMONT;M;4484170;-52366;330
201500023842;15;10;8;1610;1;2;1;1;6;63;RUE ROBERT SCHUMAN;M;4485889;-58316;330
201500023843;15;10;2;1340;1;2;3;1;3;75;AVE J. CHABAN DELMAS;M;4487724;-57956;330
201500023844;15;10;5;725;2;2;1;1;1;200;51, RES EDMOND ROSTAND;M;4486250;-67144;330
201500023845;15;10;8;820;1;2;2;1;3;63;CITE DUNOYER;M;4482635;-59353;330
201500023846;15;10;8;1030;1;2;3;1;3;63;30, RUE DU PEUGUE;M;4483293;-58799;330
201500023847;15;10;7;1240;1;2;3;1;3;281;AVE LEON BLUM;M;4485188;-63711;330
201500023848;15;10;9;915;1;2;1;1;2;63;226, AVE THIERS;M;4484720;-54832;330
201500023849;15;10;9;2130;5;2;2;1;6;63;AVE DES TROIS CARDINAUX;M;4488800;-55738;330
201500023850;15;10;9;835;1;2;3;1;6;63;RUE EUGENE JACQUET;M;4482510;-61299;330
201500023851;15;10;10;1015;1;2;2;1;3;63;RUE JUDAIQUE;M;4484120;-58671;330
201500023852;15;10;9;2135;5;2;3;1;6;69;14, RUE MARIUS MARCHANDO;M;4486310;-60808;330
201500023853;15;10;7;1910;1;2;1;1;2;13;BD FEYDEAU;M;4484840;-49984;330
201500023854;15;10;10;1435;1;2;2;1;3;63;AVE DU MAL DE LATTRE DE;M;4485707;-61986;330
201500023855;15;10;10;1900;1;2;1;1;6;63;RUE DE SAGET;M;4482700;-55859;330
201500023856;15;10;11;1610;1;2;4;1;6;63;12, RUE DE LA COUR DES A;M;4483980;-56976;330
201500023857;15;10;10;1410;1;2;1;1;6;63;109, QUAI DES CHARTRONS;M;4485530;-56437;330
201500023858;15;10;10;2005;1;2;2;1;3;63;RUE DUMONTEIL;M;4482654;-59280;330
201500023859;15;10;11;2330;5;2;3;1;6;63;RUE PAULINE KERGOMARD;M;4482320;-57717;330
201500023860;15;10;7;1220;1;2;6;2;3;200;RUE GEORGES CLEMENCEAU;M;4487789;-67712;330
201500023861;15;10;1;1230;1;2;2;1;2;281;12Bis, AVE DE L'ALOUETTE;M;4482890;-66452;330
201500023862;15;10;10;1405;1;2;1;1;6;63;BD JOLIOT-CURIE;M;4483760;-54861;330
201500023863;15;10;7;1640;1;2;1;1;3;318;8, AVE JEAN BABIN;M;4479190;-62224;330
201500023864;15;10;8;2000;5;2;2;1;2;281;44 AV LA MARNE/G.MANDEL;M;4483680;-62132;330
201500023865;15;10;7;715;2;2;2;1;3;162;RTE DU MEDOC;M;4487790;-62394;330
201500023866;15;10;8;1210;1;2;2;1;6;39;XIV JUILLET/L.GAMBETTA;M;4480750;-54887;330
201500023867;15;10;13;1850;1;2;1;1;5;63;164, BD ALFRED DANEY;M;4486880;-56879;330
201500023868;15;10;13;2055;5;2;1;1;2;63;ALBRET (CRS D);M;4483471;-58039;330
201500023869;15;10;13;550;5;2;2;1;3;63;PCE DE LATULE;M;4486970;-56665;330
201500023870;15;10;7;1545;1;2;3;1;5;192;GAULLE (CRS DU GENERAL D;M;4476928;-61661;330
201500023871;15;10;9;740;2;2;3;1;3;39;ALL BOYER;M;4480939;-53735;330
201500023872;15;10;8;1720;1;2;1;1;2;522;590, LIBERATION (CRS DE;M;4479937;-59786;330
201500023873;15;10;13;1920;2;2;1;1;6;63;17, BD ANTOINE GAUTIER;M;4483585;-59880;330
201500023874;15;10;14;1730;1;2;1;1;6;63;RUE DU BOCAGE <> DU SCH;M;4485090;-60055;330
201500023875;15;10;8;1540;1;2;1;1;3;249;RUE MICHEL MONTAIGNE;M;4487380;-51566;330
201500023876;15;10;12;813;1;2;3;1;2;192;76, CRS DU GENERAL DE GA;M;4477570;-61152;330
201500023877;15;10;13;745;2;2;2;1;3;281;AVE DU CHUT;M;4484730;-65825;330
201500023878;15;10;12;1330;1;2;1;1;6;39;55, RUE DURCY;M;4479890;-54710;330
201500023879;15;10;13;1440;1;2;6;1;3;119;AVE RENE CASSAGNE;M;4485075;-51739;330
201500023880;15;10;15;1130;1;2;2;1;6;63;264LAT.TASSIGNY/SOUBIRAS;M;4485700;-61992;330
201500023881;15;10;13;830;1;2;1;1;3;63;116, QUAI DE LA SOUYS;M;4482902;-54120;330
201500023882;15;10;16;1050;1;2;1;1;2;63;294, CRS DE LA SOMME;M;4481810;-57228;330
201500023883;15;10;13;2230;5;2;2;1;1;281;AVE PRESIDENT J.F. KENNE;M;4483344;-66611;330
201500023884;15;10;10;1020;1;2;2;1;3;69;RUE FRANCIS DE PRESSENSE;M;4485866;-60339;330
201500023885;15;10;17;130;5;2;2;1;1;63;CRS DE LA MARNE;M;4482982;-56805;330
201500023886;15;10;18;1700;1;2;2;2;2;63;CRS MARECHAL JUIN;M;4483560;-58412;330
201500023887;15;10;17;1615;1;2;1;1;4;63;29,31,33 BD PIERRE 1ER;M;4485540;-59241;330
201500023888;15;10;18;2045;5;2;2;1;4;63;AVE DE MERIGNAC CAUD;M;4483879;-62583;330
201500023889;15;10;16;725;5;2;2;1;6;162;RUE DES TREYTINS;M;4487910;-63484;330
201500023890;15;10;15;1845;2;2;2;1;6;200;40, AVE DE LA REPUBLIQUE;M;4487350;-68309;330
201500023891;15;10;19;918;1;2;2;1;6;63;71, CRS DE LA MARNE;M;4482980;-56805;330
201500023892;15;10;20;906;1;2;3;1;3;63;AVE LOUIS BARTHOU CAUD;M;4485240;-61855;330
201500023893;15;10;20;1445;1;2;1;1;6;63;RUE DES FRERES PORTMANN;M;4486009;-57829;330
201500023894;15;10;19;1815;1;2;2;1;3;281;AVE DE L'YSER;M;4484197;-66076;330
201500023895;15;10;20;1210;1;2;2;1;3;318;AVE MAL DE LATTRE DE TAS;M;4478238;-68901;330
201500023896;15;10;20;1700;1;2;3;1;3;318;RUE MONGE;M;4477907;-65990;330
201500023897;15;10;21;2250;5;2;2;1;3;192;CRS DU GENERAL DE GAULLE;M;4478641;-60504;330
201500023898;15;10;19;1200;1;2;2;1;3;281;RUE AUGUSTE LAMIRE;M;4484011;-63353;330
201500023899;15;10;19;1940;5;2;1;1;3;39;141, RTE DE TOULOUSE;M;4480990;-57395;330