num_acc;an;mois;jour;hrmn;lum;agg;int;atm;col;com;adr;gps;lat;long;dep
201500023900;15;10;20;1320;1;2;2;1;3;281;AVE DE LA LIBERATION;M;4485250;-64518;330
201500023901;15;10;19;1717;1;2;1;1;3;318;31,V GL LECLERC AP MORIN;M;4479590;-66741;330
201500023902;15;10;15;1515;1;2;2;1;2;192;CRS DU GENERAL DE GAULLE;M;4477846;-60978;330
201500023903;15;10;20;1810;1;2;3;1;6;550;R. PR CHAVANNAZ/R.VERDUN;M;4476980;-58751;330
201500023904;15;10;22;1700;1;2;3;2;3;119;RUE DU 8 MAI 1945;M;4485220;-51326;330
201500023905;15;10;25;2345;5;2;2;1;3;63;81, YSER (CRS DE L);M;4482690;-56923;330
201500023906;15;10;23;1400;1;2;1;1;3;63;261, BD ALFRED DANEY;M;4487135;-56302;330
201500023907;15;10;23;1300;1;2;1;1;6;63;16, QUAI DE LA MONNAIE;M;4483400;-56292;330
201500023908;15;10;24;1700;1;2;5;1;1;63;RUE DE BEGLES;M;4481522;-56534;330
201500023909;15;10;25;414;5;2;1;1;3;63;12, QUAI LOUIS XVIII;M;4484760;-57104;330
201500023910;15;10;25;1740;1;2;3;1;2;63;181, MEDOC (CRS DU);M;4486420;-57379;330
201500023911;15;10;26;1715;1;2;1;1;6;63;BD ALFRED DANEY;M;4487053;-56503;330
201500023912;15;10;26;1830;5;2;4;1;6;63;ALL VERCINGETORIX;M;4484240;-58465;330
201500023913;15;10;27;1755;5;2;3;3;6;63;RUE DE LA BECHADE;M;4482510;-59874;330
201500023914;15;10;27;1820;5;2;6;3;6;192;R,du Moulineau;M;4477076;-60946;330
201500023915;15;10;27;735;1;2;5;1;3;119;BD ENTRE DEUX MERS;M;4484500;-53239;330
201500023916;15;10;22;1655;1;2;6;1;5;522;RUE PACARIS;M;4479770;-58093;330
201500023917;15;10;28;1852;5;2;3;1;6;63;4, RUE ERIK SATIE;M;4484510;-62853;330
201500023918;15;10;28;2030;5;2;1;2;3;63;178, RUE STEHELIN CAUD;M;4485690;-63624;330
201500023919;15;10;29;1400;1;2;1;1;2;63;BD GODARD;M;4486051;-58843;330
201500023920;15;10;29;1741;2;2;6;1;2;550;CHEM GASTON;M;4477650;-57637;330
201500023921;15;10;29;830;1;2;1;1;6;318;21, RUE JEAN PERRIN;M;4477880;-66043;330
201500023922;15;10;24;2000;5;2;1;1;2;162;153, AVE DE SAINT-MEDARD;M;4486270;-65157;330
201500023923;15;10;27;1300;1;2;2;1;3;119;BD ENTRE DEUX MERS;M;4484601;-53519;330
201500023924;15;10;29;1930;5;2;2;1;3;63;BD JEAN-JACQUES BOSC;M;4481885;-54514;330
201500023925;15;10;26;1055;1;2;1;1;3;550;26, RTE DE LEOGNAN;M;4476846;-57949;330
201500023926;15;10;29;1950;5;2;3;1;3;63;CRS DE LA SOMME;M;4483000;-57239;330
201500023927;15;10;23;1800;1;2;2;1;3;281;AVE HENRI BARBUSSE;M;4485624;-64189;330
201500023928;15;10;30;1945;5;2;1;1;2;63;BD ALIENOR D'AQUITAINE;M;4487390;-56521;330
201500023929;15;11;1;1210;1;2;7;1;6;63;BD ALBERT BRANDENBURG;M;4487550;-55310;330
201500023930;15;11;2;1630;1;2;1;1;5;63;12, CRS SAINT LOUIS;M;4485610;-57109;330
201500023931;15;11;3;855;1;2;3;1;3;63;QUAI DE LA SOUYS;M;4483080;-54464;330
201500023932;15;10;28;545;5;2;6;1;3;192;CRX MONJOUS/BENEDIGUES;M;4477720;-59293;330
201500023933;15;10;31;1815;5;2;3;1;6;63;10CRSB.STUTTENBERG/BORIE;M;4485530;-57115;330
201500023934;15;11;4;1010;1;2;1;1;3;63;RUE FRANCIS GARNIER;M;4487400;-56351;330
201500023935;15;11;2;905;1;2;1;1;2;281;7, RUE GUTENBERG;M;4482630;-67179;330
201500023936;15;11;4;1019;1;2;2;1;3;63;160, REPUBLIQUE CAUD (AV;M;4483954;-60768;330
201500023937;15;11;4;1345;1;2;2;1;2;63;RUE PELLEPORT/BILLAUDEL;M;4482240;-56219;330
201500023938;15;10;30;1738;1;2;1;1;3;39;12 14C, RUE DURCY;M;4479958;-54375;330
201500023939;15;11;6;1210;1;2;3;1;6;63;PCE DE LA VICTOIRE;M;4483060;-57337;330
201500023940;15;11;6;2040;5;2;4;1;1;63;AVE DE VERDUN CAUD;M;4486030;-61264;330
201500023941;15;11;4;1705;1;2;6;1;6;192;AV L'HIPPODROME/POTERIE;M;4477350;-63948;330
201500023942;15;11;6;1200;1;2;2;1;2;63;BOSC (BD JEAN-JACQUES);M;4481470;-55287;330
201500023943;15;11;6;950;1;2;1;1;3;63;140, QUAI DE LA SOUYS;M;4482715;-53815;330
201500023944;15;11;8;1120;1;2;6;1;3;63;PCE MAREILHAC;M;4487650;-55103;330
201500023945;15;11;4;815;1;2;2;1;3;162;AVE DU MEDOC;M;4488020;-62764;330
201500023946;15;10;30;930;1;2;2;1;1;550;RUE RAYMOND POINCARE;M;4476190;-57071;330
201500023947;15;11;6;1700;1;2;3;1;1;75;118, AVE JEAN JAURES;M;4487500;-59044;330
201500023948;15;11;9;220;5;2;2;1;6;63;ALL DE TOURNY;M;4484520;-57705;330
201500023949;15;11;9;710;2;2;3;1;2;63;PONT Jacques CHABAN DELM;M;4485600;-54953;330
201500023950;15;11;9;2020;5;2;2;1;2;63;QUAI DE BACALAN;M;4486240;-55105;330
201500023951;15;11;9;1300;1;2;2;1;3;63;BD JEAN-JACQUES BOSC;M;4481714;-54849;330
201500023952;15;11;9;1620;1;2;1;1;6;63;72, QUAI DES CHARTRONS;M;4485310;-56740;330
201500023953;15;11;3;1030;1;2;3;1;3;200;RUE HUSTIN;M;4487377;-68521;330
201500023954;15;11;11;720;1;2;1;1;6;63;QUAI DES CHARTRONS;M;4484980;-56992;330
201500023955;15;11;4;1040;1;2;2;1;3;39;RUE LAUDINAT;M;4481248;-54654;330
201500023956;15;11;11;145;4;2;4;1;6;63;RUE GEORGES BONNAC;M;4483830;-59068;330
201500023957;15;11;5;2110;5;2;3;1;6;281;LIBERATION (AVE DE LA);M;4484590;-64451;330
201500023958;15;11;3;1430;1;2;2;2;2;550;RTE DE TOULOUSE;M;4479690;-56844;330
201500023959;15;11;4;1230;1;2;1;1;2;318;73, AVE JEAN JAURES;M;4480970;-62216;330
201500023960;15;11;11;620;5;2;1;5;1;63;VOIE D'ACCES PONT SAINT;M;4483070;-55564;330
201500023961;15;11;10;830;1;2;1;1;2;63;PONT Jacques CHABAN DELM;M;4485840;-55174;330
201500023962;15;11;8;1510;1;2;3;1;3;318;AVE DU GENERAL LECLERC;M;4478320;-68707;330
201500023963;15;11;5;750;1;2;2;1;3;39;RUE LAUDINAT;M;4481250;-54657;330
201500023964;15;11;7;2330;5;2;1;1;6;13;AVE DE VIRECOURT;M;4485370;-50371;330
201500023965;15;11;10;1450;1;2;3;1;3;63;PCE MARTYRS DE LA RESIST;M;4484160;-58350;330
201500023966;15;11;12;1830;5;2;2;5;3;63;RUE MANON CORMIER;M;4483050;-59275;330
201500023967;15;11;12;1115;1;2;3;1;1;63;STEHLIN/LAGRAVEYRE;M;4485600;-62671;330
201500023968;15;11;12;1910;5;2;3;5;3;63;Avenue Thiers;M;4484460;-55261;330
201500023969;15;11;13;1735;5;2;3;1;6;63;43, CRS PORTAL;M;4485380;-57259;330
201500023970;15;11;13;2215;3;2;4;1;2;13;RN 89;M;4486850;-50292;330
201500023971;15;11;12;1300;1;2;3;1;6;63;243, RUE DE PESSAC;M;4482560;-58874;330
201500023972;15;11;13;1500;1;2;6;1;3;63;PCE RAVEZIES/BD GODARD;M;4486580;-57611;330
201500023973;15;11;15;256;5;2;3;5;6;63;Q.LOUIS XVIII/ALL MUNICH;M;4484490;-57098;330
201500023974;15;11;13;1915;5;2;3;1;3;63;CRS D'ALBRET;M;4483734;-58121;330
201500023975;15;11;10;1313;1;2;6;1;6;318;AVE LEON DUGUIT;M;4480070;-60958;330
201500023976;15;11;10;800;1;2;6;5;3;69;RUE MARIUS MARCHANDOU;M;4486350;-60651;330
201500023977;15;11;10;1835;5;2;2;1;3;65;QUAI DE LA SOUYS;M;4481710;-52943;330
201500023978;15;11;16;1340;1;1;3;1;3;63;DESCHAMPS (QUAI );M;4483939;-55905;330
201500023979;15;11;16;840;1;2;3;1;3;63;RUE STEHELIN CAUD;M;4485680;-63671;330
201500023980;15;11;15;2325;5;2;1;1;6;167;VOIE PENETRANTE EST;M;4484350;-52810;330
201500023981;15;11;5;819;1;2;1;1;2;162;22, AVE DU TAILLAN-MEDOC;M;4487320;-63408;330
201500023982;15;11;12;1810;5;2;1;1;4;281;455, AVE DE VERDUN;M;4484100;-64284;330
201500023983;15;11;16;1215;1;2;1;1;3;281;10, AV GRANGE NOIRE;M;4485090;-67842;330
201500023984;15;11;15;25;5;2;1;5;6;162;218, AVE DU MEDOC;M;4488860;-64552;330
201500023985;15;11;18;2230;1;2;2;8;3;63;RUE EDMOND COSTEDOAT;M;4483199;-57787;330
201500023986;15;11;18;1155;1;2;3;1;6;63;PCE DE LA VICTOIRE;M;4483100;-57341;330
201500023987;15;11;16;1725;2;2;3;1;3;119;62, AVE RENE CASSAGNE;M;4485965;-51500;330
201500023988;15;11;19;1440;1;2;1;2;2;63;BD ALFRED DANEY;M;4487137;-56299;330
201500023989;15;11;19;840;1;2;2;1;3;63;RUE LAGRANGE;M;4485141;-58226;330
201500023990;15;11;19;1915;5;2;2;1;1;63;QUAI DE LA SOUYS;M;4483080;-54464;330
201500023991;15;11;22;230;5;2;2;1;3;63;BD GEORGE V;M;4482533;-58915;330
201500023992;15;11;21;545;5;2;1;2;6;63;19, QUAI DES SALINIERES;M;4483530;-56455;330
201500023993;15;11;20;1700;1;2;5;2;3;63;CRS PASTEUR;M;4483510;-57499;330
201500023994;15;11;19;1010;1;2;3;2;6;119;AVE RENE CASSAGNE;M;4485320;-51685;330
201500023995;15;11;16;1500;1;2;2;1;5;39;JGUESDE/PL XIV JUILLET;M;4480760;-54895;330
201500023996;15;11;9;840;1;2;3;1;3;522;RUE LAFONTAINE;M;4480290;-58401;330
201500023997;15;11;12;1425;1;2;2;1;6;75;CHN REDUIT/BACCHUS;M;4488410;-59916;330
201500023998;15;11;18;1705;2;2;1;2;3;162;AVE DU MEDOC;M;4488377;-63338;330
201500023999;15;11;19;1640;1;2;2;1;3;281;AVE PIERRE MENDES FRANCE;M;4483766;-64088;330
201500024000;15;11;16;1930;5;2;3;1;5;522;RUE PEYDAVANT;M;4480436;-58672;330
201500024001;15;11;19;815;1;2;3;2;2;167;Av GASTON CABANNES;M;4482390;-52129;330
201500024002;15;11;20;1815;3;2;2;1;6;119;RUE DU MARECHAL FOCH;M;4485510;-53057;330
201500024003;15;11;22;1015;1;2;2;1;6;167;AVE GASTON CABANNES;M;4483020;-52724;330
201500024004;15;11;24;1846;5;2;1;1;6;63;RUE JULES MICHELET CAUD;M;4485309;-61092;330
201500024005;15;11;21;1545;1;2;1;1;4;13;AVE DE L' ILE DE FRANCE;M;4484350;-49658;330
201500024006;15;11;22;1825;5;2;1;1;5;281;AVE MARCEL DASSAULT;M;4484550;-67652;330
201500024007;15;11;25;1430;1;2;3;2;2;63;BD ALFRED DANEY;M;4486696;-57323;330
201500024008;15;11;27;756;1;2;2;1;3;63;BD ANTOINE GAUTIER;M;4483144;-59836;330
201500024009;15;11;27;1915;5;2;1;2;2;63;RTE DE TOULOUSE;M;4481413;-57285;330
201500024010;15;11;21;1400;1;2;3;3;7;63;RUE GINER DE LOS RIOS;M;4482814;-57240;330
201500024011;15;11;28;1400;1;2;3;1;3;63;QUAI DE BACALAN;M;4485967;-55470;330
201500024012;15;11;26;1108;1;2;1;1;6;63;AV DES 40 JOURNAUX;M;4488220;-56788;330
201500024013;15;11;24;1800;5;2;6;2;2;281;RUE JACQUES PREVERT;M;4484310;-67036;330
201500024014;15;11;24;1810;5;2;2;1;3;318;AVE CARNOT;M;4479628;-67128;330
201500024015;15;11;28;240;5;2;1;2;2;63;QUAI DE LA SOUYS;M;4483350;-54992;330
201500024016;15;11;26;1650;2;2;3;1;3;167;AVE JEAN ALFONSEA;M;4482630;-52661;330
201500024017;15;11;27;735;2;2;6;1;6;13;AVE DE L'EGLISE ROMANE;M;4485260;-48180;330
201500024018;15;11;26;750;1;2;3;1;6;318;AVE PASTEUR;M;4480460;-63647;330
201500024019;15;11;29;1810;2;2;3;1;3;318;AVE DE BARDANAC;M;4479450;-61199;330
201500024020;15;11;27;1730;5;2;2;1;3;32;RUE JEAN-JACQUES ROUSSEA;M;4490750;-51043;330
201500024021;15;11;30;900;1;2;2;1;3;63;RUE FRANCOIS DE SOURDIS;M;4483120;-58734;330
201500024022;15;11;30;915;1;2;3;1;3;63;QUAI DESCHAMPS;M;4483779;-55736;330
201500024023;15;11;28;1010;1;2;3;1;1;281;ALL SAN MARCO;M;4482503;-62225;330
201500024024;15;12;1;830;1;2;2;5;3;63;BD DU PRESIDENT WILSON;M;4484670;-59815;330
201500024025;15;12;1;850;1;2;2;5;3;63;RUE LARTIGUE;M;4487173;-54871;330
201500024026;15;11;27;1515;1;2;1;1;3;63;108, BD GEORGE V;M;4482431;-58761;330
201500024027;15;11;26;1630;1;2;1;2;2;63;42, CRS MARECHAL GALLIEN;M;4482440;-59108;330
201500024028;15;12;2;840;1;2;3;1;6;63;RUE POUJEAU CAUD;M;4485520;-62470;330
201500024029;15;12;2;1420;1;2;3;1;6;63;MARNE (CRS DE LA);M;4483070;-57191;330
201500024030;15;12;2;2010;5;2;3;1;1;63;46, RUE JOSEPH ABRIA;M;4483440;-59014;330
201500024031;15;12;3;1930;5;2;1;1;3;63;CRS DU MARECHAL GALLIENI;M;4482230;-59366;330
201500024032;15;12;3;1645;1;2;3;1;2;63;RUE DAVID JOHNSTON;M;4485010;-58197;330
201500024033;15;11;30;1422;1;2;1;1;6;119;AVE ROGER SCHWOB;M;4485500;-51827;330
201500024034;15;11;30;1715;1;2;3;1;6;119;2, RUE PAUL BERT;M;4484820;-50566;330
201500024035;15;11;30;2130;5;2;1;1;2;522;RUE FRANCOIS RABELAIS;M;4479740;-59924;330
201500024036;15;12;1;2120;5;2;3;1;3;522;AVE ROUL;M;4480590;-59851;330
201500024037;15;12;1;1535;1;2;2;1;4;281;RUE JACQUES ANQUETIL;M;4483080;-66489;330
201500024038;15;12;1;1715;1;2;4;1;5;281;AVE DE L'ARGONNE;M;4482240;-69083;330
201500024039;15;11;30;1130;1;2;1;1;3;63;243, BD GODARD;M;4486422;-57999;330
201500024040;15;12;6;905;1;2;1;1;3;63;RUE BRIZARD;M;4484005;-59175;330
201500024041;15;12;2;2135;5;2;6;5;6;192;158, RTE DE CANEJAN;M;4477010;-62875;330
201500024042;15;12;5;1400;1;2;3;1;3;63;AVE DE LABARDE;M;4490683;-55584;330
201500024043;15;12;6;1820;5;2;3;1;2;63;RUE FONDAUDEGE;M;4484778;-58169;330
201500024044;15;12;6;1635;1;2;1;1;1;63;ALL DE BOUTAUT;M;4486743;-57573;330
201500024045;15;12;4;1240;1;2;1;1;6;281;AV CHAPEL.STE-BERNADETTE;M;4482260;-62269;330
201500024046;15;12;3;1630;1;2;2;1;6;281;AV ST MEDARD;M;4486120;-64229;330
201500024047;15;12;2;1330;1;2;1;1;3;75;120 RTE DU MEDOC;M;4487450;-61883;330
201500024048;15;12;7;1730;5;2;2;1;3;75;AVE CHARLES DE GAULLE;M;4488563;-61088;330
201500024049;15;12;7;1035;1;2;2;1;1;63;CRS JOURNU AUBER/BINAU;M;4486160;-57301;330
201500024050;15;12;9;750;2;2;1;8;3;63;QUAI DE BACALAN;M;4485757;-55964;330
201500024051;15;12;9;855;1;2;3;5;6;63;Q.BACALAN/PONT CH.DELMAS;M;4486030;-55367;330
201500024052;15;12;9;930;1;2;1;1;2;63;69RUE PELOUSE DE DOUET;M;4482990;-60723;330
201500024053;15;12;7;1130;1;2;1;1;3;167;2, RUE DE L'OBSERVATOIRE;M;4483541;-52340;330
201500024054;15;12;7;855;2;2;1;1;6;75;RUE AUSONE;M;4487140;-59526;330
201500024055;15;12;6;115;5;2;1;1;1;119;AVE CARNOT;M;4485780;-53111;330
201500024056;15;12;2;1605;1;1;1;1;1;281;AVE RENE CASSIN;M;4483310;-69716;330
201500024057;15;12;10;1830;5;2;3;1;3;63;PCE PAUL DOUMER;M;4485216;-57363;330
201500024058;15;12;5;2000;5;2;2;1;3;32;AVE LAMARTINE;M;4490450;-51507;330
201500024059;15;12;4;815;1;2;1;1;2;281;4, AVE MARCEL DASSAULT;M;4484780;-67863;330
201500024060;15;12;5;1645;1;2;2;1;1;281;RUE JEAN GIONO;M;4485307;-64732;330
201500024061;15;12;3;1845;1;2;2;1;3;550;RUE RAYMOND POINCARE;M;4476480;-57075;330
201500024062;15;12;4;2320;5;2;3;1;6;318;RUE ROSSINI;M;4481430;-61610;330
201500024063;15;12;3;830;1;2;3;5;1;318;AVE MISSION DU HAUTBRION;M;4480890;-60582;330
201500024064;15;12;8;1401;1;2;2;1;3;119;AVE G.CLEMENCEAU/A.DUMAS;M;4484980;-50902;330
201500024065;15;12;6;14;5;2;1;1;3;318;AV ML LAT.TASSIGNY;M;4477740;-69977;330
201500024066;15;12;11;1600;2;2;1;1;3;63;RUE DOMION CAUD;M;4485680;-62445;330
201500024067;15;12;12;1345;1;2;2;1;3;63;BD GEORGES POMPIDOU;M;4483250;-60233;330
201500024068;15;12;11;2140;5;2;3;1;6;63;RUE SCALIGER;M;4484030;-59816;330
201500024069;15;12;12;1210;1;2;2;1;6;63;CRS DE LA MARNE;M;4482980;-56805;330
201500024070;15;12;12;2103;5;2;2;1;3;63;RUE DES FRANCAIS LIBRES;M;4487540;-56895;330
201500024071;15;12;7;1330;1;2;2;1;3;281;AVE DES FRERES ROBINSON;M;4484715;-65803;330
201500024072;15;12;7;1835;4;2;1;1;6;281;AVE CHARLES LINDBERGH;M;4483580;-69178;330
201500024073;15;12;13;1800;5;2;1;1;6;63;245 AV MAL LAT.TASSIGNY;M;4485640;-61780;330
201500024074;15;12;12;1434;1;2;2;1;3;63;RUE LAFONTAINE;M;4482680;-56753;330
201500024075;15;11;30;1715;1;2;1;1;6;63;16, CRS DE L'INTENDANCE;M;4484197;-57610;330
201500024076;15;12;14;800;3;1;1;1;4;281;AVE FRANCOIS MITTERRAND;M;4481962;-65275;330
201500024077;15;12;15;1700;2;2;1;1;2;63;325, AVE THIERS;M;4485110;-54207;330
201500024078;15;12;10;730;4;2;3;1;3;281;RUE THIERRY SABINE;M;4484377;-71837;330
201500024079;15;12;8;1415;1;2;3;1;1;249;AVE DE PARIS;M;4488120;-51032;330
201500024080;15;12;9;1500;1;2;3;1;3;522;AVE DE THOUARS;M;4479904;-59291;330
201500024081;15;12;9;715;2;2;3;5;3;119;AVE RENE CASSAGNE;M;4485320;-51685;330
201500024082;15;12;9;1715;1;2;2;1;1;13;BD FEYDEAU;M;4485001;-49457;330
201500024083;15;5;29;905;1;2;4;1;1;63;BD PIERRE 1ER;M;4485899;-58959;330
201500024084;15;12;12;1830;1;2;3;1;6;281;RUE DU JARD;M;4484300;-63951;330
201500024085;15;12;10;815;1;2;1;1;6;75;32, RUE RAYMOND PEYRAN;M;4487448;-60584;330
201500024086;15;12;13;1825;5;2;2;1;3;119;AVE JEAN ZAY;M;4485359;-50947;330
201500024087;15;12;16;1040;1;2;2;1;3;63;AVE DE LA REPUBLIQUE CAU;M;4483990;-60339;330
201500024088;15;12;9;1700;5;2;3;1;3;281;19, AVE JEAN PERRIN;M;4483630;-67080;330
201500024089;15;12;15;840;1;2;1;1;6;192;RUE DU MOULINEAU;M;4477240;-60174;330
201500024090;15;12;9;1350;1;2;1;1;3;522;RUE FRANCOIS RABELAIS;M;4479625;-59346;330
201500024091;15;12;10;750;1;2;2;1;3;39;PL  XIVJUILLET/LGAMBETTA;M;4480750;-54887;330
201500024092;15;12;11;835;2;2;1;1;3;39;RTE DE TOULOUSE;M;4479795;-56889;330
201500024093;15;12;13;1820;5;2;2;1;3;318;AVE DE CANEJAN;M;4479292;-64706;330
201500024094;15;12;17;2105;5;2;2;1;3;63;CRS PORTAL;M;4485430;-57226;330
201500024095;15;12;14;737;3;2;6;1;1;167;AVE DES MONDAULTS;M;4484290;-50341;330
201500024096;15;12;16;1505;1;2;3;1;3;63;HUGO (CRS VICTOR);M;4483500;-57205;330
201500024097;15;12;17;2015;5;2;3;1;3;63;RUE LAGRANGE;M;4485207;-58136;330
201500024098;15;12;11;1700;5;2;3;1;3;69;2, RUE CHATEAUBRIAND;M;4486189;-60190;330
201500024099;15;12;19;2255;5;2;4;1;6;63;DR NANCELPENARD/GAMBETTA;M;4484060;-58074;330
201500024100;15;12;18;2145;5;2;3;1;3;200;AVE PASTEUR;M;4488100;-68609;330
201500024101;15;12;15;1650;1;2;5;1;6;318;RUE DES FUCHSIAS;M;4479197;-63059;330
201500024102;15;12;18;1430;1;2;3;1;3;63;CRS ARISTIDE BRIAND;M;4483150;-57547;330
201500024103;15;12;15;2000;5;2;1;1;6;200;AVE PASTEUR;M;4487960;-68412;330
201500024104;15;12;18;1455;1;2;3;1;3;63;169, CRS DE L'ARGONNE;M;4482555;-57775;330
201500024105;15;12;18;1145;1;2;1;1;3;63;AV GAL LECLERC CAUD;M;4485470;-61271;330
201500024106;15;12;15;840;1;2;3;1;3;69;EYSINES (AVE D);M;4486300;-61415;330
201500024107;15;12;15;755;5;2;3;2;6;39;442, RTE DE TOULOUSE;M;4479190;-56708;330
201500024108;15;12;18;1747;2;2;2;1;3;63;RUE CHABRELY;M;4484186;-55550;330
201500024109;15;12;16;705;2;2;2;1;3;318;AVE DU CHATENET;M;4479520;-66303;330
201500024110;15;12;21;1045;1;2;1;1;6;63;CRS DE LA MARTINIQUE;M;4485410;-57181;330
201500024111;15;12;16;515;5;2;1;1;1;162;AVE DU MEDOC;M;4488010;-62752;330
201500024112;15;12;21;2300;5;2;3;1;3;63;RUE GENERAL DE LARMINAT;M;4483340;-59426;330
201500024113;15;12;21;2050;5;2;2;1;3;39;RTE DE TOULOUSE;M;4480940;-57396;330
201500024114;15;12;20;2229;5;2;2;1;3;63;RUE ABBE DE L'EPEE;M;4484252;-58299;330
201500024115;15;12;16;1225;1;2;3;1;4;522;158, RTE DE TOULOUSE;M;4480760;-57350;330
201500024116;15;12;21;5;5;2;1;2;6;119;BD ENTRE DEUX MERS;M;4484560;-53360;330
201500024117;15;12;21;2030;5;2;1;1;3;63;83, RUE FRANCOIS DE SOUR;M;4483170;-58754;330
201500024118;15;12;22;1630;1;2;1;1;6;63;AVE DES QUARANTE JOURNAU;M;4488052;-56776;330
201500024119;15;12;15;1115;1;2;2;1;6;281;AVE DE LA MARNE;M;4483800;-61654;330
201500024120;15;12;17;1050;1;2;2;1;5;550;TOULOUSE (RTE DE);M;4479687;-56844;330
201500024121;15;12;17;805;2;2;3;1;2;39;RTE DE TOULOUSE;M;4480460;-57215;330
201500024122;15;12;24;1350;1;2;2;1;3;63;RUE BELLEVILLE;M;4483290;-58415;330
201500024123;15;12;22;630;5;2;2;8;3;75;AVE DU MEDOC;M;4488020;-62764;330
201500024124;15;12;26;1440;1;2;2;1;3;63;CRS D'ALBRET;M;4483830;-58160;330
201500024125;15;12;28;130;5;2;1;1;7;63;BD JOLIOT-CURIE;M;4485210;-53827;330
201500024126;15;12;28;2145;5;2;3;2;6;63;PCE MEYNARD;M;4483420;-56630;330
201500024127;15;12;29;1610;1;2;2;1;6;63;VENANT DE RUE ST GENES;M;4482140;-58293;330
201500024128;15;12;29;1540;1;2;2;1;3;63;RUE GEORGES BAZIADOLY CA;M;4486012;-63414;330
201500024129;15;12;24;1440;1;2;1;1;3;167;32, CABANNES (AVE GASTON;M;4482950;-52564;330
201500024130;15;12;30;2234;5;2;2;2;3;63;RUE DE CURSOL;M;4483480;-57837;330
201500024131;15;12;24;1530;1;2;1;1;3;69;RUE FORMIGE;M;4486556;-60122;330
201500024132;15;12;30;1505;1;2;2;1;3;63;RUE GUILLAUME LEBLANC;M;4483203;-59388;330
201500024133;15;1;6;1723;1;2;2;2;6;63;RUE DE PESSAC;M;4482750;-58592;330
201500024134;15;1;6;1448;1;2;2;3;2;63;RUE FRANCOIS DE SOURDIS;M;4483540;-58886;330
201500024135;15;1;7;1700;1;2;3;1;1;318;AVE MOZART;M;4481210;-61626;330
201500024136;15;1;7;2315;5;2;3;1;1;63;CRS D'ALBRET;M;4483720;-58120;330
201500024137;15;1;8;805;2;2;3;1;6;63;RUE DE SAINTONGE;M;4483210;-58042;330
201500024138;15;1;5;1830;5;2;1;8;2;69;313, AV LIBERATION;M;4486820;-60782;330
201500024139;15;1;8;1850;5;2;3;2;4;63;CRS DE LA SOMME;M;4482470;-57261;330
201500024140;15;1;8;1730;2;2;3;2;5;63;BD ALFRED DANEY;M;4486690;-57327;330
201500024141;15;1;9;1700;1;2;3;1;6;63;RUE LAGRANGE;M;4485430;-57834;330
201500024142;15;1;10;405;5;2;2;1;3;63;BD DU PDT FRANKLIN ROOSE;M;4482130;-58277;330
201500024143;15;1;9;1750;2;2;2;8;3;69;AVE JULES GUESDE;M;4486480;-58750;330
201500024144;15;1;10;645;5;2;4;1;6;63;RUE CROIX DE SEGUEY;M;4485170;-58996;330
201500024145;15;1;9;1850;5;2;2;2;2;522;AVE DE THOUARS;M;4479370;-59189;330
201500024146;15;1;10;1925;5;2;5;2;6;281;43 AV DE L'YSER;M;4484120;-65330;330
201500024147;15;1;10;1700;1;2;2;1;6;63;PCE BIR HAKEIM;M;4483670;-56542;330
201500024148;15;1;10;2030;5;2;2;8;6;63;Q.RICHELIEU/BIR HAKEIM;M;4483650;-56627;330
201500024149;15;1;11;610;2;2;6;2;6;162;AV J.MERMOZ/RD1215;M;4487540;-65984;330
201500024150;15;1;12;700;2;2;1;1;2;63;162, BD ALFRED DANEY;M;4486880;-56889;330
201500024151;15;1;12;850;1;2;2;1;6;162;RUE DU BOIS GRAMOND;M;4486740;-63729;330
201500024152;15;1;7;1120;1;2;1;1;3;200;RUE TOUSSAINT CATROS;M;4485410;-69394;330
201500024153;15;1;12;650;5;2;2;1;3;75;AVE PERIER;M;4487620;-58229;330
201500024154;15;1;12;1533;1;2;3;1;3;63;DESCHAMPS (QUAI );M;4483930;-55957;330
201500024155;15;1;12;1815;5;2;1;1;1;550;143, RUE DE LEYSOTTE;M;4480000;-57644;330
201500024156;15;1;12;1200;1;2;7;1;3;281;PCE JEAN JAURES;M;4485110;-64467;330
201500024157;15;1;13;930;1;2;6;1;3;63;RUE CHEVALIER/MARSEILLE;M;4484470;-59599;330
201500024158;15;1;13;1610;1;2;1;1;1;63;38, RUE CAPDEVILLE;M;4484410;-58773;330
201500024159;15;1;13;1720;1;2;1;2;3;318;1 R.POUDRIERE;M;4478330;-68992;330
201500024160;15;1;14;800;1;2;1;1;6;69;16, AVE GAUTHIER LAGARDE;M;4486400;-58938;330
201500024161;15;1;14;815;1;2;7;1;3;63;PCE de l'Europe;M;4486010;-57937;330
201500024162;15;1;14;1240;1;2;3;1;6;63;CRS D'ALBRET;M;4483820;-58152;330
201500024163;15;1;14;2050;5;2;1;8;6;162;23Bis, AVE DU MEDOC;M;4488340;-63225;330
201500024164;15;1;15;510;5;2;6;1;3;39;Chm de Courrejean;M;4479090;-53566;330
201500024165;15;1;15;810;1;1;3;1;3;192;AV DE L'HIPPODROME;M;4477720;-64478;330
201500024166;15;1;15;1715;1;2;3;2;2;162;R.du Canter;M;4487530;-63052;330