num_acc;an;mois;jour;hrmn;lum;agg;int;atm;col;com;adr;gps;lat;long;dep
201500024435;15;2;19;1700;1;2;1;1;6;172;sans, DUBOUT (AVENUE ALB;M;4359700;388273;340
201500024436;15;2;23;1550;1;2;1;1;6;172;13, GAMBETTA (COURS);M;4360580;387340;340
201500024437;15;5;11;830;1;1;2;1;3;198;D172;M;4357699;393303;340
201500024438;15;2;23;2230;5;2;1;1;7;172;SANS, MONDIAL 98 (AVENUE;M;4360750;391338;340
201500024439;15;5;13;1615;1;2;1;1;6;172;AEROPORT INTERNATI;M;4360890;389255;340
201500024440;15;5;16;1326;1;2;1;1;2;172;78, CHAMPLAIN (AVENUE SA;M;4360710;388937;340
201500024441;15;2;24;805;1;2;1;1;7;172;0, STRASBOURG (BOULEVARD;M;4360360;388915;340
201500024442;15;5;15;1535;1;2;1;1;3;172;6, MICHEL (RUE ERNEST);M;4360200;387405;340
201500024443;15;2;24;905;1;2;1;1;5;172;6, ORIENT (BOULEVARD D');M;4360300;388728;340
201500024444;15;5;14;935;1;2;3;1;3;172;1, CANTON (RUE);M;4361760;388172;340
201500024445;15;2;24;1939;5;2;1;1;6;172;BECQUEREL (RUE HENRI);M;4361440;391469;340
201500024446;15;5;19;2330;5;2;1;1;6;172;EUROPE (AVENUE DE L');M;4361850;381824;340
201500024447;15;2;25;1920;5;2;1;1;3;172;690, VIEILLE POSTE (RUE;M;4361360;390527;340
201500024448;15;2;27;1720;1;2;1;1;3;172;329, BLUM (RUE LEON);M;4360740;389050;340
201500024449;15;5;21;735;1;2;1;1;3;172;LIBERTE (AVENUE DE LA);M;4361180;382589;340
201500024450;15;5;22;1150;1;2;1;1;6;172;AUCUN, VANIERES (AVENUE;M;4359660;384503;340
201500024451;15;3;4;1040;1;2;9;2;3;172;SANS, DUBOUT (AVENUE ALB;M;4359700;387777;340
201500024452;15;5;22;2300;5;2;1;1;6;172;SANS, CHOLET (RUE DE);M;4358350;386618;340
201500024453;15;3;6;745;1;2;2;1;3;172;MONTELS (RUE ABBE MARCEL;M;4361420;387417;340
201500024454;15;5;26;1610;1;2;1;1;3;172;SANS, LAVERUNE (ROUTE DE;M;4360100;385020;340
201500024455;15;3;6;910;1;2;1;1;6;172;ALCO (ROND POINT D');M;4362480;383605;340
201500024456;15;3;6;920;1;2;3;1;3;172;LODEVE (ROUTE DE);M;4361470;382775;340
201500024457;15;5;26;1600;1;2;1;1;6;172;7, GAMBETTA (COURS);M;4360540;387422;340
201500024458;15;3;6;1140;1;2;1;1;1;172;GARRATS (AVENUE DES);M;4361310;383894;340
201500024459;15;5;26;1900;1;2;2;1;3;172;DUBOUT (AVENUE ALBERT);M;4359700;387777;340
201500024460;15;3;6;2305;5;2;1;1;1;172;SANS, ORIENT (BOULEVARD;M;4360190;388506;340
201500024461;15;5;27;745;1;2;9;1;6;172;20, SPORTS (BOULEVARD DE;M;4361880;389269;340
201500024462;15;5;27;1215;1;2;3;1;1;172;SANS, SORBES (RUE DE LAS;M;4361670;386030;340
201500024463;15;3;9;1010;1;2;2;1;7;172;0, BRINGUIER (AVENUE PAU;M;4361620;384107;340
201500024464;15;5;27;1530;1;2;2;1;3;172;., BERTHELOT (BOULEVARD);M;4359970;387515;340
201500024465;15;3;9;1600;1;2;1;1;3;172;0, MOULARES (CHEMIN DE;M;4360020;389452;340
201500024466;15;5;27;1555;1;2;2;1;3;172;RENAN (BOULEVARD ERNEST);M;4361710;388955;340
201500024467;15;3;9;1755;1;2;1;1;6;172;SANS, GANGES (ROUTE DE;M;4364280;384529;340
201500024468;15;3;9;1845;2;2;9;1;3;172;SANS, SAINT LAZARE (AVEN;M;4362480;388916;340
201500024469;15;5;28;820;1;2;1;1;3;172;1577, EINSTEIN (AVENUE A;M;4361080;391609;340
201500024470;15;5;28;1830;1;1;1;1;1;172;JOUHAUX (AVENUE LEON);M;4359450;382034;340
201500024471;15;3;10;815;1;2;9;1;3;172;SANS, GOSSEC (RUE FRANCO;M;4357520;385676;340
201500024472;15;5;29;1440;1;2;2;1;7;172;RENOUVIER (BOULEVARD);M;4360360;386777;340
201500024473;15;3;11;1310;1;2;9;1;3;172;RENE (RUE HENRI);M;4360480;388246;340
201500024474;15;5;30;1510;1;2;2;1;6;172;0, AVENUE DE BARCELONE;M;4362010;381752;340
201500024475;15;3;13;1650;1;2;6;1;7;172;40, MENDE (ROUTE DE);M;4362290;387250;340
201500024476;15;6;1;850;1;2;1;1;3;172;2220, SOULAS  AVENUE DU;M;4362850;384579;340
201500024477;15;3;14;1450;2;2;1;8;6;172;139, LODEVE (AVENUE DE;M;4361480;383088;340
201500024478;15;6;2;910;1;2;2;1;6;172;SANS, CASTELLE (RUE DE L;M;4358140;386921;340
201500024479;15;6;2;1815;1;2;1;1;3;172;BATAILLON (PLACE EUGENE);M;4363250;386031;340
201500024480;15;6;3;745;1;2;1;1;1;172;4, LODEVE (ROUTE DE);M;4361480;383033;340
201500024481;15;6;3;1140;1;2;1;1;3;172;1369, CASTELLE (RUE DE L;M;4358140;386921;340
201500024482;15;6;4;1645;1;2;1;1;7;172;SOULAS (AVENUE DU PERE;M;4362970;384369;340
201500024483;15;6;6;1600;1;2;1;1;7;172;SANS, AURIOL (AVENUE VIN;M;4364530;385281;340
201500024484;15;6;7;1810;1;2;1;1;2;172;36, GANGES (ROUTE DE;M;4362780;385822;340
201500024485;15;6;8;735;1;2;1;1;3;172;SANS, JASSE DE MAURIN (R;M;4357740;386227;340
201500024486;15;6;8;1525;1;1;3;1;3;172;PONT DE LAVERUNE (RUE DU;M;4360730;383829;340
201500024487;15;6;8;1630;1;2;1;1;6;172;601, SOULAS (AVENUE DU P;M;4361950;386084;340
201500024488;15;6;8;1540;1;2;2;1;3;172;PERRUQUE  BOULEVARD DE L;M;4359700;387777;340
201500024489;15;6;9;740;1;2;1;1;6;172;SANS, APOTHICAIRES (AVEN;M;4364260;383583;340
201500024490;15;6;12;1915;1;2;2;8;3;172;RUE DE LA PISCINE;M;4361090;383336;340
201500024491;15;6;13;2120;2;2;2;1;3;172;SAINT LOUIS (RUE);M;4361080;386668;340
201500024492;15;6;18;1335;1;2;1;1;3;172;276, MONTELS-EGLISE (RUE;M;4357600;387103;340
201500024493;15;6;19;1500;1;2;1;1;3;172;SANS, GOSSEC (RUE FRANCO;M;4357510;386074;340
201500024494;15;6;19;1440;1;1;1;1;2;172;SANS, GANGES (ROUTE DE;M;4364030;384751;340
201500024495;15;6;22;910;1;1;1;1;7;172;MAS D'ASTRE (ROND-POINT;M;4357480;386063;340
201500024496;15;6;23;710;1;2;3;1;3;129;EUROPE (AVENUE DE L');M;4357165;390570;340
201500024497;15;6;23;2048;1;2;1;1;6;172;2594, EUROPE (AVENUE DE;M;4364140;382050;340
201500024498;15;6;25;2025;2;2;1;1;7;172;SANS, RECAMBALE (AVENUE;M;4361160;383887;340
201500024499;15;6;27;1020;1;2;1;1;3;198;566, SAINT VINCENT (CHEM;M;4355805;394044;340
201500024500;15;6;26;1800;1;2;1;1;6;172;1, PORT SARRAZIN (RUE DU;M;4359820;386294;340
201500024501;15;6;29;1525;1;2;2;1;1;172;0, MICHELET (RUE);M;4360770;388465;340
201500024502;15;6;29;1940;1;2;2;1;3;172;0, SAINT LAZARE (AVENUE;M;4362480;388916;340
201500024503;15;7;1;1225;1;2;1;1;6;172;2, GRAND SAINT JEAN (RUE;M;4360550;387495;340
201500024504;15;7;1;1655;1;2;1;1;4;172;SANS, FABRE DE MORLHON (;M;4359040;388182;340
201500024505;15;7;1;1850;1;2;1;1;6;172;SANS, ROC DE PEZENAS (RU;M;4360290;385519;340
201500024506;15;7;2;1410;1;2;1;1;1;172;EL ALAMEIN (AVENUE D');M;4357780;387258;340
201500024507;15;7;3;140;5;2;1;1;2;172;1630, SOULAS (AVENUE DU;M;4362490;385118;340
201500024508;15;7;6;810;1;2;3;1;1;172;0, ROQUETURIERE (RUE DE;M;4363100;388512;340
201500024509;15;7;6;2030;2;2;9;1;1;172;NIMES (AVENUE DE);M;4362350;389227;340
201500024510;15;7;7;1655;1;2;1;1;6;172;SANS, RENE (RUE HENRI);M;4360350;388251;340
201500024511;15;7;7;1820;1;2;2;1;3;172;SANS, CHASLES (RUE MICHE;M;4361420;390664;340
201500024512;15;7;8;1200;1;2;1;1;1;172;SANS, LAVERUNE (ROUTE DE;M;4360100;385020;340
201500024513;15;7;10;105;5;2;1;1;7;172;SANS, GRAND MAIL (LE);M;4362520;381652;340
201500024514;15;7;9;2015;1;2;9;1;3;172;37, FIGAIRASSE (RUE DE L;M;4360510;385492;340
201500024515;15;7;12;755;1;2;1;1;7;172;FABRE DE MORLHON (BOULEV;M;4359330;387772;340
201500024516;15;7;13;625;1;1;1;1;7;172;1348, RAYMOND DUGRAND (A;M;4359370;390612;340
201500024517;15;7;14;2030;1;2;2;1;3;172;SANS, LAVERUNE (ROUTE DE;M;4360420;385830;340
201500024518;15;7;15;2100;1;2;6;1;3;172;SANS, MOULINS (AVENUE DE;M;4362560;383689;340
201500024519;15;7;10;2000;1;2;4;1;7;172;0, JEU DE MAIL DES ABBES;M;4362190;388298;340
201500024520;15;7;17;1233;1;2;9;1;6;172;30, BERTHELOT (BOULEVARD;M;4359980;387560;340
201500024521;15;7;20;355;5;2;1;1;3;172;GANGES (ROUTE DE;M;4362780;385822;340
201500024522;15;7;20;1910;1;2;1;1;6;172;85, PONT JUVENAL (AVENUE;M;4360550;389207;340
201500024523;15;7;22;2230;4;2;1;1;2;172;POMPIGNANE (AVENUE DE LA;M;4361450;389805;340
201500024524;15;7;22;2340;3;1;1;1;6;198;D66  VOIE RAPIDE;M;4355506;396665;340
201500024525;15;7;23;745;1;2;1;1;6;172;VANIERES (AVENUE DE);M;4359730;384362;340
201500024526;15;7;26;2325;4;2;1;1;3;172;CARRIEU (RUE MARIUS);M;4361810;384385;340
201500024527;15;7;27;950;1;2;1;1;5;172;SANS, LIBERTE (AVENUE DE;M;4360900;385479;340
201500024528;15;7;30;930;1;2;1;1;7;172;27, LOGE (RUE DE LA);M;4360910;387886;340
201500024529;15;7;31;2205;4;2;1;3;1;172;EUROPE (AVENUE DE L');M;4362220;381924;340
201500024530;15;8;1;500;1;2;1;1;7;172;20, MERMOZ (AVENUE JEAN);M;4361370;388493;340
201500024531;15;8;2;1710;1;1;1;1;3;198;D21E;M;4354983;396881;340
201500024532;15;8;5;1743;1;2;2;1;6;172;354, RIMBAUD (RUE PAUL);M;4361870;384617;340
201500024533;15;8;7;1450;1;2;1;1;2;172;LIBERTE (AVENUE DE LA;M;4360250;386671;340
201500024534;15;8;7;1820;1;2;1;1;6;172;23, LAURENS (QUAI);M;4360440;388934;340
201500024535;15;8;9;2350;5;2;1;1;6;172;MERMOZ (AVENUE JEAN;M;4361220;388942;340
201500024536;15;8;10;1025;1;2;1;1;6;172;110, LAVANDIN (RUE DU);M;4360060;385099;340
201500024537;15;8;10;2215;3;2;1;1;2;129;SANS, PALAVAS D986 (ROUT;M;4356442;389449;340
201500024538;15;8;11;1315;1;2;1;1;6;172;0, MADELEINE (RUE DE LA);M;4358020;385789;340
201500024539;15;8;11;2145;5;2;1;1;1;172;LIBERTE (AVENUE DE LA;M;4360870;384649;340
201500024540;15;8;14;2205;5;2;1;1;1;172;27, GAMBETTA (COURS);M;4360650;387210;340
201500024541;15;8;15;2005;1;2;2;1;3;172;732, PAS DU LOUP (RUE DU;M;4359570;384449;340
201500024542;15;8;17;1550;1;2;1;1;2;172;52, FLAHAULT (AVENUE CHA;M;4362490;386134;340
201500024543;15;8;18;2230;5;2;9;1;3;172;LODEVE (AVENUE DE);M;4361370;383907;340
201500024544;15;8;20;249;5;2;1;1;6;172;AV PABLO NERUDA;M;4362020;382237;340
201500024545;15;8;20;515;3;2;1;1;6;129;sans, D116;M;4355908;386528;340
201500024546;15;8;20;1820;1;2;3;1;3;172;TOULOUSE (AVENUE DE;M;4359360;386000;340
201500024547;15;8;20;2320;5;2;1;1;7;172;ROUGET DE LISLE (RUE);M;4359560;383687;340
201500024548;15;8;21;2015;1;2;1;1;7;172;0, GARRATS (AVENUE DES);M;4361240;383882;340
201500024549;15;8;23;1505;1;2;1;3;7;172;SANS, DOMITIENNE (VOIE);M;4362120;385846;340
201500024550;15;8;24;2015;2;2;1;1;2;172;135, LODEVE (AVENUE DE;M;4361460;383564;340
201500024551;15;8;25;1035;1;2;3;1;3;172;5, PELLICIER (RUE GUILLA;M;4360850;386700;340
201500024552;15;8;25;1220;1;2;2;1;4;172;LODEVE (AVENUE DE;M;4361040;385626;340
201500024553;15;8;29;2330;5;2;1;1;6;172;MONSIEUR TESTE (AVENUE D;M;4361100;382996;340
201500024554;15;8;31;1250;1;2;1;1;3;172;TRIOLET (RUE DU);M;4362500;386231;340
201500024555;15;9;1;1309;1;2;1;1;6;172;RUE DU PROFESSEUR BLAYAC;M;4362580;382461;340
201500024556;15;9;4;2125;5;2;1;1;2;172;AV ALBERT DUBOUT;M;4360180;389168;340
201500024557;15;9;5;1330;1;1;1;1;2;172;SANS, BLAYAC (RUE DU PRO;M;4362470;382676;340
201500024558;15;9;5;2010;2;2;9;1;3;172;644, PIREE (AVENUE DU);M;4360500;389649;340
201500024559;15;9;7;605;5;2;1;1;1;172;SANS, LIBERTE (AVENUE DE;M;4359860;387283;340
201500024560;15;9;9;700;1;2;3;1;3;172;FLAHAULT (AVENUE CHARLES;M;4362560;386079;340
201500024561;15;9;11;1735;1;2;1;1;6;172;2, FORGUE (RUE DU PROFES;M;4360960;385314;340
201500024562;15;9;12;50;3;1;1;1;6;129;PALAVAS D986 (ROUTE DE);M;4358142;389811;340
201500024563;15;9;11;2340;5;2;3;1;3;172;HEIDELBERG (AVENUE DE);M;4362250;381336;340
201500024564;15;9;18;1610;1;2;1;1;6;172;435, DEZEUZE  RUE FRANCO;M;4360860;384600;340
201500024565;15;9;19;1310;1;2;3;1;2;172;MOULINS (AVENUE DES;M;4363680;384489;340
201500024566;15;9;19;2140;5;2;3;1;5;172;LODEVE (AVENUE DE;M;4361540;381811;340
201500024567;15;9;20;135;5;2;2;1;1;172;DUBOUT (AVENUE ALBERT);M;4359700;388047;340
201500024568;15;9;25;835;1;2;2;1;3;172;MUSCADET (RUE DU);M;4362730;384736;340
201500024569;15;9;25;730;1;2;1;1;3;172;PAVELET;M;4358970;385677;340
201500024570;15;9;25;2155;5;2;1;1;7;172;104, TOULOUSE (AVENUE DE;M;4359380;386245;340
201500024571;15;9;23;740;1;2;1;1;2;172;0, COMEDIE (TUNNEL DE LA;M;4360820;387948;340
201500024572;15;9;29;1700;1;2;1;1;2;172;LIBERTE (AVENUE DE LA;M;4359810;387383;340
201500024573;15;9;30;930;1;2;1;1;1;172;467, ROQUETURIERE (RUE D;M;4363010;388575;340
201500024574;15;10;1;1010;1;2;1;1;1;172;573, MARES (AVENUE HENRI;M;4362000;385115;340
201500024575;15;10;1;1515;1;2;2;1;3;172;SAINT LAZARE (AVENUE DE);M;4362480;388916;340
201500024576;15;10;9;735;2;2;2;1;3;172;CASTELLE (RUE DE LA;M;4358140;386921;340
201500024577;15;10;1;2310;5;2;3;1;3;172;sans, SABATIER D'ESPEYRA;M;4362442;386272;340
201500024578;15;10;1;2030;5;2;2;1;6;172;LODEVE (ROUTE DE);M;4361500;382592;340
201500024579;15;10;3;2215;5;2;1;1;3;172;8 MAI 1945 (PLACE DU);M;4360090;386804;340
201500024580;15;10;4;355;5;2;6;1;7;172;SANS, BLAYAC (RUE DU PRO;M;4362510;382616;340
201500024581;15;10;7;2024;5;2;2;1;7;172;AV ALBERT DUBOUT;M;4359700;388047;340
201500024582;15;10;9;730;1;2;2;1;1;172;TOULOUSE (AVENUE DE;M;4359740;386421;340
201500024583;15;10;9;1120;1;2;2;1;3;172;VENDEMIAIRE (RUE);M;4360260;389884;340
201500024584;15;10;10;1850;2;2;1;1;7;129;sans, MONTPELLIERET DITE;M;4356781;390092;340
201500024585;15;10;11;1855;2;1;1;1;7;172;FLANDRES-DUNKERQUE (PLAC;M;4359020;385575;340
201500024586;15;10;12;730;1;2;1;2;3;172;22, MARES (AVENUE HENRI);M;4362030;385528;340
201500024587;15;10;13;1930;3;1;1;2;4;198;D66  VOIE RAPIDE;M;4355517;396656;340
201500024588;15;10;14;950;1;2;1;1;6;172;5, FRANCE (RUE ANATOLE);M;4360520;387568;340
201500024589;15;10;15;1050;1;2;1;1;6;172;ROQUETURIERE (RUE DE LA);M;4362840;388752;340
201500024590;15;10;16;1810;1;2;1;1;6;172;SEIGNEURS QUATRE;M;4364070;385746;340
201500024591;15;10;17;1900;5;2;1;1;3;172;9 BIS, FLAHAULT (AVENUE;M;4361990;386533;340
201500024592;15;10;21;700;5;2;9;1;1;172;LODEVE (ROUTE DE);M;4361560;381905;340
201500024593;15;10;21;1110;1;2;2;1;3;172;JUSTICE DE CASTELNAU (AV;M;4362680;388956;340
201500024594;15;10;21;1935;5;2;1;1;6;172;5, FOCH (RUE);M;4361100;387367;340
201500024595;15;10;22;1630;1;2;1;1;2;172;AEROPORT INTERNATIONAL (;M;4360890;389544;340
201500024596;15;10;23;1900;5;2;1;1;6;172;3, PAGEZY (RUE);M;4360470;387901;340
201500024597;15;10;25;545;4;2;1;1;6;172;., RAYMOND DUGRAND (AVE;M;4359310;390644;340
201500024598;15;10;29;1415;1;2;1;1;3;172;SANS, PONT JUVENAL (AVEN;M;4360620;389513;340
201500024599;15;11;1;20;5;2;3;1;3;172;TOULOUSE (AVENUE DE;M;4359530;386193;340
201500024600;15;11;2;535;4;1;1;1;6;172;RAYMOND DUGRAND (AVENUE);M;4359370;390613;340
201500024601;15;11;4;1405;1;2;1;1;2;172;., LIBERTE (AVENUE DE LA;M;4360980;383658;340
201500024602;15;11;4;1650;1;2;1;8;1;172;., BERARD (RUE AUGUSTE);M;4362680;383973;340
201500024603;15;11;4;1834;5;2;1;2;6;172;27, CRAPONNE (RUE ADAM D;M;4360580;386713;340
201500024604;15;11;4;1940;1;1;1;1;2;172;1141, TOULOUSE (AVENUE D;M;4359300;385943;340
201500024605;15;11;4;1855;2;2;1;2;3;172;CASTELNAU JUSTICE DE;M;4362900;389562;340
201500024606;15;11;5;1500;1;2;1;1;7;172;NIMES (AVENUE DE;M;4361940;388796;340
201500024607;15;11;5;1820;2;1;1;1;1;172;LIBERTE (AVENUE DE LA;M;4360990;383647;340
201500024608;15;11;5;1945;5;2;3;1;3;172;FLAHAULT (AVENUE CHARLES;M;4361990;386533;340
201500024609;15;11;6;800;1;2;1;1;5;172;., MERMOZ (AVENUE JEAN);M;4361020;389144;340
201500024610;15;11;6;2100;4;2;1;1;1;129;sans, CARNON (ROUTE DE;M;4358836;391429;340
201500024611;15;11;6;1440;1;2;9;1;2;172;SOULAS (AVENUE DU PERE;M;4363090;384264;340
201500024612;15;11;5;1715;1;2;1;1;6;172;39, FLAHAULT (AVENUE CHA;M;4362800;385805;340
201500024613;15;11;6;1845;2;2;1;1;4;172;MENDES FRANCE (AVENUE PR;M;4360980;390248;340
201500024614;15;11;8;1220;1;2;2;1;3;172;GIMEL (AVENUE DE);M;4363750;382255;340
201500024615;15;11;10;1840;2;2;1;1;6;172;186, BRASSENS (RUE GEORG;M;4359460;386389;340
201500024616;15;11;11;1100;1;2;1;1;2;172;., TOULOUSE (AVENUE DE;M;4358680;385303;340
201500024617;15;11;12;1600;1;2;3;1;3;198;ENTREPOTS (ALLEE DES);M;4357231;393828;340
201500024618;15;11;12;1820;5;2;9;1;1;172;770, MOULARES (CHEMIN DE;M;4359920;389386;340
201500024619;15;11;15;1610;1;2;1;1;6;172;10, GRANIER (RUE DU PROF;M;4359760;386705;340
201500024620;15;11;15;1925;5;2;1;1;2;172;SANS, CHATEAU D'O (ROND-;M;4363070;384177;340
201500024621;15;11;16;1340;1;2;2;1;3;172;217, PIERRE MAS ST;M;4358220;387964;340
201500024622;15;11;16;1745;2;2;1;1;6;129;640, MONTPELLIER (AVENUE;M;4356873;390439;340
201500024623;15;11;17;920;1;2;1;1;3;172;SANS, MONTPELLIER (AVENU;M;4360080;389754;340
201500024624;15;11;17;903;1;2;1;1;4;172;., JOUHAUX (AVENUE LEON);M;4360140;381974;340
201500024625;15;11;17;1140;1;2;1;1;6;172;2, SERANE (RUE);M;4360590;388206;340
201500024626;15;11;17;1945;5;2;1;1;4;172;MOULARES (CHEMIN DE;M;4360030;389458;340
201500024627;15;11;18;1358;1;2;1;1;1;172;22, LAVERUNE (ROUTE DE;M;4360330;385633;340
201500024628;15;11;20;1450;1;2;1;1;2;172;493, PRES D'ARENES (AVEN;M;4359240;388017;340
201500024629;15;11;20;2100;5;2;1;1;7;172;SANS, BOUISSES (RUE DES);M;4360330;383311;340
201500024630;15;11;21;2056;5;2;1;1;6;172;PAS DU LOUP (RUE DU;M;4359650;384488;340
201500024631;15;11;24;1120;1;2;1;1;6;172;SANS, FLICHE (AVENUE AUG;M;4362890;386105;340
201500024632;15;11;26;2030;5;2;1;1;3;172;849, RAVAZ (AVENUE DU PR;M;4362200;384653;340
201500024633;15;11;28;1955;2;2;1;1;6;129;SANS, FIGUIERES (AVENUE;M;4358753;393042;340
201500024634;15;11;30;1825;2;2;1;1;3;172;2220, SOULAS (AVENUE DU;M;4362850;384581;340
201500024635;15;12;3;1600;1;2;1;1;6;172;SANS, CENTRAYRARGUES (RU;M;4359620;388499;340
201500024636;15;12;3;1740;5;2;1;1;6;172;35, SAINT LOUIS (RUE);M;4361270;386666;340
201500024637;15;12;3;1904;5;2;1;1;6;172;., BRINGUIER (AVENUE PAU;M;4361310;383894;340
201500024638;15;12;3;2030;5;2;1;1;5;172;LIBERTE (AVENUE DE LA;M;4361030;383447;340
201500024639;15;11;28;2115;5;2;1;1;3;172;PALAVAS (AVENUE DE);M;4359850;388559;340
201500024640;15;12;2;1500;1;2;1;1;5;172;TOULOUSE (AVENUE DE;M;4359330;385192;340
201500024641;15;12;4;1620;1;2;1;1;1;172;SANS, MONTELS-EGLISE (RU;M;4358220;388610;340
201500024642;15;12;4;1810;5;2;1;1;6;172;5, ERNEST HEMINGWAY (AVE;M;4363450;383389;340
201500024643;15;12;5;1640;1;2;2;1;3;172;DROITS DE L'HOMME (AVENU;M;4360590;389423;340
201500024644;15;12;4;800;1;2;3;1;3;172;0, VALERY (BOULEVARD PAU;M;4359330;385194;340
201500024645;15;12;8;1000;1;2;1;2;6;172;MENDE (ROUTE DE);M;4362980;387002;340
201500024646;15;12;9;1435;1;2;1;1;6;172;SANS, SAINT LOUIS (RUE);M;4361140;386654;340
201500024647;15;12;9;1830;5;2;1;1;3;172;SANS, EINSTEIN (AVENUE A;M;4360960;390887;340
201500024648;15;12;9;1145;1;2;3;1;3;172;0, MAS ARGELLIERS (AVENU;M;4358710;388955;340
201500024649;15;12;10;1235;1;2;1;1;3;172;., NOBEL (RUE ALFRED);M;4361360;391200;340
201500024650;15;12;11;1520;1;2;2;1;6;172;CLEMENCEAU (AVENUE GEORG;M;4360280;387100;340
201500024651;15;12;12;750;2;2;1;1;6;172;1388, TRINQUAT PONT DE 1;M;4359400;389862;340
201500024652;15;12;12;1815;3;2;2;1;3;172;MONTPELLIER (AVENUE MARI;M;4360080;389754;340
201500024653;15;12;16;950;1;1;1;1;6;172;10, COURREAU FAUBOURG DU;M;4360830;387202;340
201500024654;15;12;17;1815;5;2;1;1;6;172;MENDE (ROUTE DE);M;4362520;387092;340
201500024655;15;12;18;2000;3;1;1;1;6;172;3024, EINSTEIN (AVENUE A;M;4361230;393359;340
201500024656;15;12;24;50;5;2;3;1;3;172;TOULOUSE (AVENUE DE;M;4358790;385415;340
201500024657;15;12;24;1455;1;2;1;1;1;172;ARENES (ROND POINT DES P;M;4358900;389094;340
201500024658;15;12;27;2;5;2;2;1;3;172;SANS, DOMITIENNE (VOIE);M;4362370;386183;340
201500024659;15;12;30;1530;1;2;1;1;6;172;1804, LIBERTE (AVENUE DE;M;4360870;385032;340
201500024660;15;1;20;1040;1;2;1;1;6;108;0, DE GAULE GENERAL (AVE;M;4344723;375433;340
201500024661;15;1;24;102;5;2;1;6;7;301;0, HIRONDELLES (CHEMIN D;M;4341377;368204;340
201500024662;15;3;14;635;1;1;1;1;1;108;AVENUE DES ETANGS;M;4344738;379644;340
201500024663;15;2;8;1600;1;1;1;7;6;301;0, AGDE (ROUTE DE);M;4340175;366162;340
201500024664;15;3;25;415;5;2;1;2;6;108;CALMETTE (AVENUE DES);M;4345163;374959;340
201500024665;15;3;26;1610;1;2;1;1;3;301;BLANC CAMILLE (BOULEV;M;4340690;366629;340
201500024666;15;3;11;1545;1;2;1;1;3;301;0, CAYENNE (ROUTE DE);M;4341390;370496;340
201500024667;15;4;4;255;5;2;1;1;6;301;21, GUIGNON NOEL (QUAI;M;4344158;369733;340
201500024668;15;4;14;1815;1;1;1;1;5;108;0, RD2 Route de Balaruc;M;4343527;372017;340
201500024669;15;4;23;750;1;2;1;1;6;301;0, CAMBON ANDRE (PLACE);M;4341212;369679;340
201500024670;15;4;25;310;3;1;1;2;6;108;0, RD 612;M;4345110;376370;340
201500024671;15;5;6;940;1;2;1;1;3;301;0, MAILLOL FRANCOIS (QUA;M;4340930;370062;340
201500024672;15;5;8;300;5;2;1;1;6;301;1, CANARIS (RUE DES;M;4341437;367324;340
201500024673;15;5;13;2335;5;2;1;1;3;301;1432, HERRIOT EDOUARD (P;M;4339452;367743;340
201500024674;15;6;11;800;1;1;1;1;1;108;RD 612;M;4345466;376692;340
201500024675;15;5;24;2255;3;1;1;1;7;108;PORT (ROND POIN DU);M;4342967;376657;340
201500024676;15;5;28;2007;1;2;1;1;7;301;1364, AVENUE DES EAUX BL;M;4342091;372264;340
201500024677;15;6;12;1215;1;1;3;1;3;301;sans, RD2 Route de Balar;M;4345387;369123;340
201500024678;15;7;3;1855;1;2;2;1;3;301;PASCAL (RUE);M;4340087;369463;340
201500024679;15;7;4;850;1;2;3;1;3;301;BLANC CAMILLE (BOULEVARD;M;4340933;367309;340
201500024680;15;7;6;2210;3;1;9;1;7;301;RD 612;;;;340
201500024681;15;7;22;1000;1;2;1;1;2;301;BOUALEM BACHAGA (RUE);M;4341326;366898;340
201500024682;15;7;31;1700;1;2;1;1;6;301;11, RESISTANCE (QUAI DE;M;4340344;369692;340
201500024683;15;8;1;1215;1;2;3;1;2;108;DE GAULE GENERAL (AVENUE;M;4344723;375433;340
201500024684;15;8;2;2000;1;2;3;1;3;301;LECLERC PHILIPPE MARECHA;M;4339280;368576;340
201500024685;15;8;3;1945;1;2;3;1;2;301;BLANC CAMILLE (BOULEVARD;M;4341097;367088;340
201500024686;15;8;4;1610;1;2;1;1;2;301;NEUBURG (CORNICHE DE);M;4339378;367163;340
201500024687;15;8;5;1915;1;1;1;1;1;301;PLAGES (ROUTES DES);M;4335379;359336;340
201500024688;15;8;17;1040;1;1;1;1;5;301;RD2 Route de Balaruc;M;4343216;370305;340