num_acc;an;mois;jour;hrmn;lum;agg;int;atm;col;com;adr;gps;lat;long;dep
201500024689;15;8;20;1614;1;1;3;1;3;108;MALRAUX ANDRE (AVENUE);M;4342406;371283;340
201500024690;15;9;6;1715;1;1;1;1;6;108;0, RD 612;M;4344445;376347;340
201500024691;15;9;11;715;1;1;1;1;7;108;RD129 Route de Balaruc;M;4344872;374585;340
201500024692;15;9;16;2220;5;2;1;1;6;301;BLANC CAMILLE (BOULEVARD;M;4340153;366139;340
201500024693;15;9;19;1500;1;1;1;1;1;301;RD 612;M;4335431;359417;340
201500024694;15;9;24;720;1;2;3;1;3;301;MERLE ADOLPHE (QUAI);M;4340799;369622;340
201500024695;15;10;11;1045;1;2;1;1;6;301;BLUM LEON (PLACE);M;4340107;369611;340
201500024696;15;10;21;945;1;2;1;1;6;301;6, SAMARY COMMANDANT (QU;M;4340272;369996;340
201500024697;15;10;25;545;5;2;1;1;6;301;38, BOSC (QUAI DE);M;4340762;369568;340
201500024698;15;10;26;1845;2;2;1;1;6;301;332, JUIN MARECHAL (AVEN;M;4340795;370430;340
201500024699;15;11;6;815;1;1;3;1;3;108;RD2 Route de Balaruc;M;4343347;370232;340
201500024700;15;11;7;1825;5;2;1;1;6;301;LECLERC PHILIPPE MARECHA;M;4339499;369472;340
201500024701;15;11;12;1545;1;1;1;1;3;108;0, REPUBLIQUE (BOULEVARD;M;4344011;375406;340
201500024702;15;12;4;2110;5;2;1;1;1;108;0, DE GAULE GENERAL (AVE;M;4344754;375470;340
201500024703;15;12;6;2000;3;2;1;1;6;108;0, MONTPELLIER LA PEYRAD;M;4342267;371760;340
201500024704;15;2;17;1605;1;2;1;1;6;115;17, GAULLE (AVENUE DU GE;M;4835296;-119901;350
201500024705;15;3;13;2220;3;1;1;1;6;150;D 706;;;;350
201500024706;15;4;23;1230;1;2;3;1;7;115;POMPIDOU (RUE GEORGES DU;M;4834655;-120242;350
201500024707;15;5;13;1705;1;2;6;1;6;115;1, JAURES (BD JEAN);M;4835337;-120100;350
201500024708;15;5;12;1850;1;2;1;1;3;115;DEVERIA (RUE DES FRERES);M;4834784;-119068;350
201500024709;15;6;10;1445;1;2;1;1;6;115;0, FORET (RUE DE LA);M;4835952;-119234;350
201500024710;15;6;10;1615;1;2;7;1;3;115;3, EUROPE (PLACE DE L');M;4834805;-119464;350
201500024711;15;8;1;1900;1;2;1;1;6;115;34, DEVERIA (RUE DES FRE;M;4834696;-118778;350
201500024712;15;10;19;1612;1;2;6;8;3;115;0, FAUCHEUX (BD JACQUES);M;4835452;-121105;350
201500024713;15;11;14;1510;1;2;9;1;6;115;0, CHAPERON (RUE JEAN MA;M;4834982;-119399;350
201500024714;15;11;24;1450;1;2;2;2;3;115;0, LE PAYS (RUE RENE);M;4835512;-119223;350
201500024715;15;12;17;1820;3;1;2;2;3;150;D 706;M;4835501;-123028;350
201500024716;15;2;6;1645;1;1;1;1;6;150;VILLENEUVE LIEUX-DITS;M;4835129;-122961;350
201500024717;15;2;10;1725;1;2;6;1;3;115;RENNES (BOULEVARD DE);M;4835447;-121101;350
201500024718;15;1;2;1145;1;2;6;1;3;238;HAUTES OURMES/POLOGNE;M;4808770;-165090;350
201500024719;15;1;5;930;1;2;2;1;3;238;POINCAR?/S.MICHEL;M;4812540;-165289;350
201500024720;15;2;16;1740;1;2;1;2;7;281;00, MERMOZ (BOULEVARD JE;M;4809361;-170094;350
201500024721;15;1;6;1845;5;2;3;1;6;238;G.BERGER/PROVENCE;M;4811700;-170469;350
201500024722;15;1;7;1740;5;1;1;8;2;238;ROCADE NORD-OUEST;M;4813180;-170858;350
201500024723;15;2;17;829;1;2;3;1;6;238;00, GRIMAULT (BD LEON);M;4809136;-165503;350
201500024724;15;1;7;1910;3;2;1;1;4;206;ROCADE SUD;M;4807940;-168794;350
201500024725;15;2;17;1530;1;2;2;1;3;238;MITTERAND (MAIL FRANCOIS;M;4810855;-169297;350
201500024726;15;2;17;1145;1;2;3;1;3;238;NANTES (DE);M;4808585;-169535;350
201500024727;15;1;8;835;2;2;1;1;6;238;57, RUE GAL MARGUERITTE;M;4809840;-167910;350
201500024728;15;2;20;940;1;2;6;2;1;51;00, ALLIES (BOULEVARD DE;M;4811417;-162077;350
201500024729;15;1;8;1430;1;2;5;1;3;238;CARREFOUR NITSCH;M;4810180;-168441;350
201500024730;15;2;20;2300;5;2;1;1;6;238;301, FOUGERES (ROUTE DE);M;4812975;-164263;350
201500024731;15;1;12;1237;1;2;1;1;2;238;2 AV W.CHURCHILL;M;4811760;-170796;350
201500024732;15;2;21;1455;1;1;1;4;6;281;RD 177;M;4806210;-171979;350
201500024733;15;1;11;640;3;2;5;1;6;206;PORTE DE BREQUIGNY;M;4807930;-168886;350
201500024734;15;2;22;618;3;2;1;1;6;278;00, GAULLE (RUE DU GAL D;M;4814900;-168581;350
201500024735;15;1;11;1400;1;2;2;1;3;238;VERDUN/CO?TLOGON;M;4812270;-168542;350
201500024736;15;1;12;1300;1;2;1;8;3;238;22, AVENUE MAGINOT;M;4810980;-166928;350
201500024737;15;1;12;1500;1;2;2;1;2;238;ORMES/PRESTAUT;M;4810150;-170258;350
201500024738;15;1;13;510;5;2;1;2;6;238;AVENUE MAGINOT;M;4810990;-166629;350
201500024739;15;1;13;1830;5;2;3;1;5;238;ANJOU/GASCOGNE;M;4812200;-171344;350
201500024740;15;1;14;1750;3;2;1;8;2;238;PORTE DE BREST;M;4812170;-171973;350
201500024741;15;1;14;1910;5;2;1;8;7;238;16, AV H.FR?VILLE;M;4809000;-167491;350
201500024742;15;1;17;1150;1;2;1;1;7;238;13, RUE LESAGE;M;4811710;-167614;350
201500024743;15;1;17;1325;1;2;2;1;3;238;POULLAIN DUPARC/NEMOURS;M;4810860;-168015;350
201500024744;15;1;19;1830;3;1;6;1;2;278;00, MAISON BLANCHE (ROND;M;4814471;-165699;350
201500024745;15;3;2;745;1;1;1;1;7;278;PORTE DE BEAUREGARD;M;4813921;-169782;350
201500024746;15;1;26;1005;1;2;1;1;3;238;119, SAINT-HELIER;M;4810359;-166251;350
201500024747;15;1;19;1005;1;2;2;1;3;238;ST H?LIER/L.ARMAND;M;4810350;-166268;350
201500024748;15;1;19;1200;1;2;9;1;6;51;00, RIGOURDIERE (RUE DE;M;4811429;-158971;350
201500024749;15;1;20;1040;1;1;1;9;2;278;20.400, R.N. 136;M;4814152;-167141;350
201500024750;15;1;20;900;1;2;1;1;5;51;00, RD96;M;4812745;-162670;350
201500024751;15;1;21;1445;1;2;2;1;6;238;LIBERT?/JOFFRE;M;4810740;-167784;350
201500024752;15;1;23;830;1;2;6;1;7;281;00, DODIN (AVENUE ROGER);M;4808660;-170753;350
201500024753;15;1;25;1350;1;2;2;1;4;238;ST HELIER/DUHAMEL;M;4810740;-167201;350
201500024754;15;3;7;2230;5;2;2;1;1;281;284, NANTES (RUE DE);M;4808856;-169379;350
201500024755;15;1;28;750;5;2;1;2;6;238;73, AV BUTTES DE COESMES;M;4812530;-163275;350
201500024756;15;1;28;815;2;2;5;2;3;238;LA T.AUVERGNE/THIERS;M;4810650;-168451;350
201500024757;15;1;29;1750;1;2;4;2;6;238;BEAUMONT/DAUTRY;M;4810370;-167502;350
201500024758;15;3;11;800;2;2;3;8;7;238;00, CLOS COURTEL (DU);M;4812208;-162873;350
201500024759;15;1;30;240;5;2;3;6;6;238;CHEZY/L.D'OR;M;4811360;-168724;350
201500024760;15;3;11;1115;1;2;1;1;7;281;00, BEL AIR (RUE DE);M;4807823;-172488;350
201500024761;15;1;30;845;3;2;6;2;3;238;00, AVENUE DES PREALES;M;4811152;-162513;350
201500024762;15;1;30;1425;1;2;2;3;3;238;JANVIER/ST THOMAS;M;4810790;-167354;350
201500024763;15;11;26;1530;1;2;1;1;7;238;00, PETIT TATELIN (LIEU-;M;4813156;-164088;350
201500024764;15;1;31;1850;5;2;1;2;6;281;08, BLUM (MAIL LEON);M;4807939;-171565;350
201500024765;15;11;20;2000;3;1;1;2;6;51;00, PORTE DE LA RIGOURDI;M;4811550;-157072;350
201500024766;15;1;31;1910;5;2;4;2;6;238;J.MERMOZ/G.POMPIDOU;M;4809730;-168884;350
201500024767;15;11;26;1830;3;1;1;1;7;278;00, RD 137;M;4813966;-169531;350
201500024768;15;11;25;1930;5;2;1;1;7;281;00, DODIN (AVENUE ROGER);M;4808671;-170751;350
201500024769;15;2;1;145;5;2;2;4;6;238;LEGRAVEREND/CH?ZY;M;4811780;-168553;350
201500024770;15;3;23;920;1;2;1;1;2;278;;M;4814061;-169625;350
201500024771;15;2;4;1430;1;2;1;1;6;238;11, PLACE  CHAMP JACQUET;M;4811300;-168016;350
201500024772;15;3;25;10;5;2;1;1;3;281;02, BLUM (MAIL LEON);M;4808239;-171531;350
201500024773;15;2;5;1430;1;2;1;2;6;238;18, RUE DE LA DONELI?RE;M;4813030;-168650;350
201500024774;15;2;5;1720;1;2;1;8;2;238;ROCADE OUEST;M;4811450;-171894;350
201500024775;15;2;6;1345;1;2;1;1;3;238;231, AVENUE LECLERC;M;4811390;-164501;350
201500024776;15;2;6;1800;1;2;1;1;6;238;150, RUE E.POTTIER;M;4810220;-171203;350
201500024777;15;3;30;1810;1;2;3;1;2;238;00, TOURAUDAIS (AVENUE D;M;4812019;-163140;350
201500024778;15;2;7;1400;1;2;6;1;6;238;PAYS BAS/L.GRIMAULT;M;4809160;-165839;350
201500024779;15;4;1;1100;1;1;6;1;2;238;FREVILLE (PASSAGE);M;4808193;-167512;350
201500024780;15;2;7;1600;1;2;1;1;3;238;17, MAIL F.MITTERRAND;M;4810970;-168782;350
201500024781;15;4;1;1730;1;2;1;1;3;238;12, TOUR D'AUVERGNE (BD;M;4810724;-168449;350
201500024782;15;2;8;1615;1;2;1;1;2;238;53, RUE CHAMPION DE CICE;M;4810200;-170609;350
201500024783;15;2;9;705;5;2;6;1;6;238;V.MAREUIL/MOU?ZY;M;4810410;-165012;350
201500024784;15;4;8;1415;1;2;1;1;7;238;07, MOTTE (CONTOUR DE LA;M;4811331;-167522;350
201500024785;15;2;9;2155;5;2;2;1;7;238;ALMA/J.CARTIER;M;4809740;-167516;350
201500024786;15;12;11;1945;5;2;1;1;6;238;00, LEMAISTRE (JEAN);M;4810632;-172018;350
201500024787;15;4;3;2140;5;2;4;2;3;238;TILLON (AVENUE CHARLES);M;4812453;-170991;350
201500024788;15;2;11;655;3;2;1;1;6;238;PORTE DE BREQUIGNY;M;4808400;-169874;350
201500024789;15;4;5;720;1;2;1;1;7;238;00, LORIENT (DE);M;4810706;-172598;350
201500024790;15;2;11;1300;1;2;2;1;3;238;GUERRAND/CLEUNAY;M;4810210;-169866;350
201500024791;15;2;12;145;3;1;1;1;6;281;00, TEMPLE DU CERISIER;M;4807618;-174492;350
201500024792;15;4;8;1920;1;2;1;1;6;238;BRETAGNE (PLACE DE);M;4810935;-168382;350
201500024793;15;2;12;1410;1;2;1;1;3;238;47, BD  LA T.D'AUVERGNE;M;4810410;-168435;350
201500024794;15;4;11;2050;1;1;1;1;5;238;RN136;M;4811212;-171836;350
201500024795;15;2;12;1705;1;2;6;1;6;238;C.DE CICE/F.DE LESSEPS;M;4810180;-170729;350
201500024796;15;4;9;1915;1;2;1;1;6;238;ANJOU (D');M;4812138;-171347;350
201500024797;15;4;9;1830;1;2;1;1;3;281;76, HAIE-DES-COGNETS (BO;M;4807786;-174177;350
201500024798;15;2;13;1845;5;2;2;1;6;238;P.DUPARC/J.SIMON;M;4810860;-167917;350
201500024799;15;4;12;210;3;1;1;1;6;238;PORTE DES LONGS CHAMPS;M;4813767;-162607;350
201500024800;15;4;12;1400;1;1;1;1;1;238;PORTE ALMA;M;4808096;-167282;350
201500024801;15;4;13;1600;1;2;1;1;3;55;33, BOURGOGNE (AVENUE DE;M;4809004;-161404;350
201500024802;15;2;14;410;5;2;1;2;6;238;25 B RUE DE LA MONNAIE;M;4811040;-168462;350
201500024803;15;4;17;1400;1;2;1;1;3;238;5 BIS, COLOMBIER (BD DU);M;4810206;-168251;350
201500024804;15;4;17;1440;1;1;1;1;2;238;RN136;M;4811390;-171892;350
201500024805;15;2;14;2050;3;1;1;1;7;51;00, CHANTEPIE (ROUTE DE);M;4809841;-160622;350
201500024806;15;4;18;15;3;1;9;1;6;238;RN136;M;4813044;-170986;350
201500024807;15;4;18;1945;1;2;1;1;3;238;275, CHATEAUGIRON (DE);M;4809229;-162930;350
201500024808;15;4;19;1215;1;2;6;1;3;238;MONTS D'ARREE (AVENUE DE;M;4813665;-166689;350
201500024809;15;2;16;1315;1;2;2;3;3;238;MITTERRAND/VANEAU;M;4810850;-169298;350
201500024810;15;4;20;1400;1;1;1;1;3;238;RN136;M;4807930;-168886;350
201500024811;15;4;20;1600;1;2;1;1;3;238;214, CHATILLON (DE);M;4808795;-167207;350
201500024812;15;2;17;829;1;2;3;1;3;238;BOURGET/GRIMAULT;M;4809130;-165504;350
201500024813;15;4;20;1900;1;2;1;1;4;238;MALAKOFF (PONT);M;4810745;-169308;350
201500024814;15;4;21;1255;1;1;6;1;1;51;LONGCHAMPS (PORTE DES);M;4813637;-162447;350
201500024815;15;4;23;1015;1;2;2;1;6;238;00, VASSELOT;M;4810860;-167782;350
201500024816;15;4;24;2330;5;2;3;2;1;238;PATTON (AVENUE DU GENERA;M;4812845;-166424;350
201500024817;15;4;27;1840;1;2;2;1;1;238;ALBERT 1ER (BD);M;4808970;-168563;350
201500024818;15;4;25;1155;1;1;1;1;6;51;PORTE DE LA RIGOURDIERE;M;4811875;-157255;350
201500024819;15;2;19;1237;1;2;5;1;7;238;PORTE DE BREST;M;4812100;-172203;350
201500024820;15;4;25;1810;1;1;1;1;2;238;RN 137;M;4807780;-167458;350
201500024821;15;4;26;1500;1;2;1;1;7;238;91, ANTRAIN (D') DE 43 E;M;4812103;-167170;350
201500024822;15;4;27;810;1;2;1;8;3;238;102, VERN (DE);M;4809690;-165341;350
201500024823;15;4;29;745;1;2;6;1;6;238;00, FORCES FRANCAISES DE;M;4808966;-168225;350
201500024824;15;4;29;1245;1;2;2;1;3;238;00, LE GUEN DE KERANGAL;M;4809447;-168558;350
201500024825;15;2;21;2150;5;2;2;1;6;238;MAL FOCH/BRETAGNE;M;4811010;-168621;350
201500024826;15;4;29;1743;1;1;1;1;4;238;RN 137;M;4808970;-168563;350
201500024827;15;5;2;2104;3;1;6;2;6;281;RD 177;M;4807423;-171260;350
201500024828;15;2;22;1230;1;2;3;1;3;238;BULGARIE/PAYS BAS;M;4808471;-166072;350
201500024829;15;2;23;1835;2;2;1;1;2;238;RUE DE FOUG?RES;M;4812770;-165089;350
201500024830;15;2;25;458;3;2;6;2;2;238;BUTTES CO?SMES/COURTEL;M;4812720;-162892;350
201500024831;15;2;25;750;1;2;6;2;6;238;GAYEULLES/LONGS PR?S;M;4813230;-165205;350
201500024832;15;2;25;1130;1;2;1;1;6;238;1, CONTOUR DE LA MOTTE;M;4811260;-167528;350
201500024833;15;2;25;1545;1;2;1;2;6;238;82, LORIENT (DE);M;4810940;-170804;350
201500024834;15;2;26;809;1;2;6;2;6;238;CLOTEAUX/NANTES;M;4808460;-169601;350
201500024835;15;5;12;1630;1;2;9;1;6;278;BOUTIERE (BOULEVARD DE L;M;4814333;-168799;350
201500024836;15;2;26;1630;1;1;2;2;2;238;PR?VALAYE/BORON;M;4809800;-172712;350
201500024837;15;5;13;1430;1;2;1;1;2;281;258 ter, NANTES (RUE DE);M;4809196;-169176;350
201500024838;15;2;27;1215;1;2;1;1;3;238;8, BD DE METZ;M;4811497;-165734;350
201500024839;15;5;14;925;1;2;3;2;6;278;17, BELLE EPINE (BD DE L;M;4815172;-168867;350
201500024840;15;2;27;1310;1;2;1;1;6;238;180, RUE DE CH?TEAUGIRON;M;4809810;-164338;350
201500024841;15;3;1;1715;1;2;1;1;6;238;80, BD G.CLEMENCEAU;M;4809430;-168283;350
201500024842;15;3;6;1010;1;2;6;1;6;51;00, FONTAINE (RUE DE LA);M;4811266;-160809;350
201500024843;15;3;2;1345;1;2;1;1;1;238;33, RUE M.DE SERVIGNЙ;M;4810130;-173132;350
201500024844;15;3;3;1035;1;2;2;2;3;238;LEMORDANT/COЛTLOGON;M;4812280;-168870;350
201500024845;15;5;16;1220;1;2;6;1;6;55;00, PONT BOEUF (RUE DU);M;4808573;-161437;350
201500024846;15;3;4;1035;1;2;2;1;3;238;A.GЙRARD/L.VOLCLAIR;M;4808830;-166760;350
201500024847;15;3;4;1100;1;2;2;8;3;238;ROCHESTER/G.ROPARTZ;M;4812800;-165746;350
201500024848;15;3;4;1810;1;2;1;1;2;238;11, BD DE BULGARIE;M;4808470;-165904;350
201500024849;15;3;5;1545;1;2;3;1;4;238;LORIENT/ROBERDIИRE;M;4810690;-172602;350
201500024850;15;3;6;545;5;2;4;1;6;238;BREST/PAPU;M;4811150;-169085;350
201500024851;15;5;22;1340;1;1;1;1;3;51;RIGOURDIERE (RUE DE LA);M;4811596;-158336;350
201500024852;15;5;19;1830;1;1;6;1;1;51;ALLIES (BOULEVARD DES);M;4812326;-162088;350
201500024853;15;3;7;420;5;2;6;1;7;238;ALBERT 1ER/GRAFF;M;4809000;-169106;350
201500024854;15;5;19;1930;1;1;1;1;6;51;16, RENNES (RUE DE);M;4811429;-161317;350
201500024855;15;3;7;1510;1;2;1;1;6;238;31, RUE DE PARIS;M;4811250;-166756;350
201500024856;15;3;10;925;1;2;2;8;3;238;J.CARTIER/ALMA;M;4809740;-167516;350
201500024857;15;6;1;1500;1;2;3;1;3;238;00, MOUNIER (BD EMMANUEL;M;4812525;-166393;350
201500024858;15;6;2;1725;1;2;1;1;6;238;00, LANGUEDOC (AVENUE DU;M;4811847;-171575;350
201500024859;15;6;3;1135;1;2;2;1;6;238;00, LIBERTE (BD DE LA);M;4810847;-168436;350
201500024860;15;3;12;800;1;2;2;1;3;238;G.PATTON/MONTS D'ARRЙE;M;4813510;-165961;350
201500024861;15;6;4;900;1;1;1;1;6;238;00, MARIN (JEAN);M;4813686;-166288;350
201500024862;15;3;12;1745;1;2;2;1;5;238;H.DE BALZAC/SЙVIGNЙ;M;4811620;-166126;350
201500024863;15;6;4;1825;1;2;4;1;3;238;GUILLOUX (LOUIS);M;4811012;-169902;350
201500024864;15;3;14;1910;5;2;1;8;3;238;18, RUE D'ISLY;M;4810570;-167765;350
201500024865;15;6;5;900;1;2;1;1;6;238;NICOLET (GAL);M;4809255;-168021;350
201500024866;15;6;5;1245;1;2;1;1;2;238;199, VERN (DE);M;4808873;-164466;350
201500024867;15;6;7;1940;1;2;2;1;3;238;CHATEAUGIRON (DE);M;4809518;-163768;350
201500024868;15;3;17;2320;5;2;2;1;3;238;H.FRЙVILLE/UKRAINE;M;4808370;-167516;350
201500024869;15;6;8;855;1;2;1;1;3;238;BERNARD (CLAUDE);M;4810246;-169455;350
201500024870;15;3;18;1740;1;2;2;1;3;238;ALBERT 1ER/BELGIQUE;M;4808970;-168563;350
201500024871;15;6;11;1655;1;2;1;1;2;238;33, TOUR D'AUVERGNE (BD;M;4810499;-168443;350
201500024872;15;6;12;815;1;2;1;1;5;51;316, FOUGERES (ROUTE DE);M;4813230;-163446;350
201500024873;15;3;20;1725;1;2;6;2;4;238;PORTE D'ALMA;M;4808120;-167506;350
201500024874;15;6;12;900;1;2;1;1;7;238;00, BOSPHORE (DU);M;4808369;-167688;350
201500024875;15;3;20;2145;5;2;6;1;6;238;NORVИGE/DIИGUE SANTA;M;4808700;-168549;350
201500024876;15;6;12;1105;1;2;1;1;6;55;84, BONNIN ANDRE (AVENUE;M;4808756;-161674;350
201500024877;15;3;21;2015;5;2;3;1;3;238;VERN/M.FEUILLЙE;M;4809710;-165385;350
201500024878;15;6;10;1550;1;1;1;1;3;238;MITTERAND (MAIL FRANCOIS;M;4810908;-169070;350
201500024879;15;6;12;1420;1;1;1;1;4;278;00, RD 29;M;4816056;-165130;350
201500024880;15;3;24;1050;1;2;1;8;2;238;15, RUE DE LA MOTTE BRЫL;M;4812620;-166904;350
201500024881;15;6;13;220;3;1;6;1;6;51;ALLIES (BOULEVARD DES);M;4810738;-161650;350
201500024882;15;6;13;1045;1;1;1;1;4;238;RN136;M;4814136;-167858;350
201500024883;15;3;25;755;1;2;3;1;6;238;KLЙBER/VIARMES;M;4811060;-167169;350
201500024884;15;6;13;1148;1;2;1;1;7;238;02, SLOVAQUIE (SQUARE DE;M;4809045;-165528;350
201500024885;15;3;26;1830;1;2;6;1;3;238;E.NIEMEN/VALLИS;M;4810540;-170846;350
201500024886;15;6;13;1150;1;1;1;1;2;238;RN136;M;4808453;-169883;350
201500024887;15;3;26;2345;5;2;2;1;3;238;L.BOURGEOIS/CHВTEAUGIRON;M;4810040;-164993;350
201500024888;15;6;15;1752;1;1;6;1;7;51;00, PORTE DE LA RIGOURDI;M;4811810;-156769;350
201500024889;15;6;16;1550;1;2;1;1;1;238;00, FOSSE PITEUX (LIEU-D;M;4810621;-171600;350
201500024890;15;6;16;1630;1;2;1;1;6;238;33, ANTRAIN (D') DE 0 A;M;4811621;-167874;350
201500024891;15;6;17;1830;1;2;2;1;3;238;00, ANTRAIN (D') DE 0 A;M;4811822;-167633;350
201500024892;15;6;18;830;1;2;1;1;1;238;00, CHATEAUGIRON (DE);M;4809757;-164255;350
201500024893;15;3;30;40;5;2;5;2;6;238;CARREFOUR NITSCH;M;4810180;-168441;350
201500024894;15;6;18;1335;1;2;1;1;6;238;49, LEROUX (BD OSCAR);M;4809158;-166255;350
201500024895;15;6;19;1400;1;2;2;1;2;238;00, DUGUAY TROUIN (QUAI);M;4811016;-168407;350
201500024896;15;3;31;1055;1;2;2;1;3;238;C.BERNARD/A.DUVAL;M;4810350;-169401;350
201500024897;15;6;19;1510;1;1;1;1;4;238;PORTE DE VILLEJEAN;M;4812936;-171097;350
201500024898;15;6;20;1145;1;2;3;1;3;238;00, DUBOIS (DU LT-COL);M;4810719;-173362;350
201500024899;15;6;23;1600;1;2;1;1;7;238;22, TOUR D'AUVERGNE (BD;M;4810605;-168444;350
201500024900;15;6;23;1750;1;1;1;1;2;278;RD 137;M;4814722;-169903;350
201500024901;15;6;20;1300;1;2;4;1;3;238;06, MARTENOT;M;4811237;-167284;350
201500024902;15;6;24;1640;1;2;9;1;6;238;00, BRETAGNE (PLACE DE);M;4811002;-168424;350
201500024903;15;6;25;1720;1;2;3;1;3;238;00, BRETAGNE (PONT DE);M;4811008;-168623;350
201500024904;15;6;26;825;1;2;2;1;6;238;00, VILLEBOIS MAREUIL (B;M;4810050;-164989;350
201500024905;15;6;26;1225;1;1;1;1;4;238;PORTE DE BREQUIGNY;M;4808425;-169885;350
201500024906;15;6;27;1500;1;2;6;1;6;238;00, SAINT-MALO (RUE DE);M;4813230;-169086;350
201500024907;15;6;28;1715;1;2;2;1;1;51;00, ALLIES (BOULEVARD DE;M;4813099;-162123;350
201500024908;15;6;29;1615;1;1;9;1;2;281;RD 177;M;4806740;-171430;350
201500024909;15;6;29;2010;1;2;1;1;6;238;13, SAINT-HELIER;M;4810733;-167169;350
201500024910;15;6;30;1610;1;2;1;1;7;238;00, MOTTE AU CHANCELIER;M;4810617;-171761;350
201500024911;15;6;30;1630;1;2;3;1;6;238;37, VERN (DE);M;4809989;-165793;350
201500024912;15;7;1;1745;1;1;1;1;4;238;;M;4811965;-172022;350
201500024913;15;7;2;1755;1;2;2;1;3;238;00, VOLCLAIR (BD LOUIS);M;4808843;-166766;350
201500024914;15;6;5;1015;1;2;1;1;2;238;, SCHUMAN (PONT ROBERT);M;4815461;-169369;350
201500024915;15;7;3;1315;1;1;9;1;3;238;RN136;M;4814073;-168887;350
201500024916;15;7;3;1805;1;2;2;1;2;238;00, JANVIER (AVENUE JEAN;M;4810938;-167393;350
201500024917;15;6;5;1825;1;2;6;1;3;51;00, FOUGERES (ROUTE DE);;;;350
201500024918;15;7;5;1830;1;2;2;1;3;238;CHATEAUGIRON (DE);M;4809514;-163785;350
201500024919;15;7;5;1728;1;2;2;1;3;238;00, FREVILLE (AVENUE HEN;M;4808675;-167505;350
201500024920;15;7;6;800;1;2;6;1;3;51;00, FOUGERES (ROUTE DE);M;4815453;-159461;350
201500024921;15;7;6;1735;1;1;1;1;4;278;R.N. 136;M;4814147;-167092;350
201500024922;15;7;6;1845;1;2;6;1;3;51;00, MORAND (ROUTE DU CHE;M;4810143;-160829;350
201500024923;15;7;7;1050;1;1;9;1;7;238;PORTE D'ANGERS;M;4808511;-163997;350
201500024924;15;7;8;1330;1;2;6;1;6;278;00, ROUTE DE SAINT-MALO;M;4813621;-169213;350
201500024925;15;7;9;100;5;2;2;1;3;238;00, ALBERT 1ER (BD);M;4808894;-167428;350
201500024926;15;7;9;1345;1;2;6;1;2;55;00, PARC (RUE DU);M;4808807;-160834;350
201500024927;15;7;9;1515;1;2;2;1;3;281;00, MERMOZ (BOULEVARD JE;M;4809638;-169262;350
201500024928;15;7;10;920;1;2;1;1;6;55;25, BIGNON (RUE DU);M;4809819;-162290;350
201500024929;15;7;10;1500;1;1;1;1;7;238;RN136;M;4809642;-171215;350
201500024930;15;5;20;30;3;1;1;1;6;278;PLANCHETTE  (LIEU DIT);M;4816457;-169129;350
201500024931;15;7;10;1845;1;2;3;1;5;55;113, MOZART (RUE DE);M;4808694;-160910;350
201500024932;15;7;11;1120;1;2;2;1;3;238;00, LIBERTE (BD DE LA);M;4810746;-168028;350
201500024933;15;7;11;1855;1;2;2;1;3;238;00, SAINT-JEAN BAPTISTE;M;4811445;-169999;350
201500024934;15;7;15;1900;1;1;6;1;7;278;00, RD 29;M;4815240;-170585;350
201500024935;15;7;17;1800;1;1;1;1;2;278;R.N. 136;M;4814094;-168323;350
201500024936;15;7;18;1205;1;1;1;1;6;238;RN136;M;4809538;-171107;350
201500024937;15;7;19;100;5;2;2;1;3;238;00, DE LATTRE DE TASSIGN;M;4811795;-168618;350
201500024938;15;7;20;730;1;2;6;1;3;238;00, ALBERT 1ER (BD);M;4809008;-169097;350
201500024939;15;7;22;2145;2;2;2;1;3;238;26, LEROUX (BD OSCAR);M;4809137;-166496;350
201500024940;15;7;23;1050;1;1;6;1;3;55;00, LA HALLERAIS (LIEU D;M;4807782;-163225;350
201500024941;15;5;4;1455;1;2;2;2;3;238;TOULLIER/JANVIER;M;4810940;-167393;350
201500024942;15;7;23;1550;1;2;1;1;6;238;18, VOLNEY (BD);M;4812328;-166494;350
201500024943;15;5;4;1920;1;2;1;2;6;238;199, RUE DE FOUGИRES;M;4812310;-166029;350
201500024944;15;7;23;2215;5;2;2;1;2;238;ARMORIQUE (BD D');M;4812845;-166445;350
201500024945;15;5;6;1210;1;2;3;1;6;238;PARIS/R.LENOIR;M;4811270;-166464;350
201500024946;15;7;24;1130;1;1;6;1;7;278;00, MONTGERMONT (ROND PO;M;4815507;-170077;350
201500024947;15;5;6;1550;1;2;1;2;3;238;29, BD ALBERT 1ER;M;4809000;-168861;350
201500024948;15;7;24;1800;1;1;1;1;4;238;PORTE DE LORIENT;M;4811090;-171834;350
201500024949;15;5;7;905;1;2;1;1;3;238;56, BD VILLEBOIS MAREUIL;M;4810540;-165057;350
201500024950;15;7;27;1210;1;2;1;1;6;238;95, LORIENT (DE);M;4810880;-171031;350
201500024951;15;7;28;1630;1;2;2;1;3;238;00, PRE BOTTE (DU);M;4810935;-167784;350