num_acc;an;mois;jour;hrmn;lum;agg;int;atm;col;com;adr;gps;lat;long;dep
201500024952;15;5;9;2303;5;2;2;1;3;238;FRЙVILLE/UKRAINE;M;4808370;-167516;350
201500024953;15;7;28;1615;1;2;1;2;7;238;183, PATTON (AVENUE DU G;M;4812789;-166467;350
201500024954;15;5;12;1540;1;2;6;1;2;238;PORTE D'ALMA;M;4808160;-167455;350
201500024955;15;7;28;1910;1;2;6;1;3;238;00, VALLES (JULES);M;4810531;-170810;350
201500024956;15;7;29;920;1;2;2;1;3;238;00, VERDUN (BD DE);M;4811272;-169333;350
201500024957;15;5;13;154;4;2;2;1;3;238;SURCOUF/D.PAPIN;M;4810610;-169213;350
201500024958;15;7;29;1140;1;1;1;1;5;238;RN136;M;4811453;-171907;350
201500024959;15;7;30;1815;1;2;3;1;5;238;CHURCHILL (AVENUE SIR WI;M;4812199;-170878;350
201500024960;15;7;31;1230;1;2;1;1;1;238;48, VANEAU;M;4811172;-169306;350
201500024961;15;8;6;340;5;2;2;1;3;238;ARMORIQUE (BD D');M;4812843;-166430;350
201500024962;15;8;5;1840;1;2;6;1;3;281;DODIN (AVENUE ROGER);M;4808720;-170733;350
201500024963;15;5;14;1300;1;2;2;1;1;238;FRЙVILLE/UKRAINE;M;4808370;-167516;350
201500024964;15;8;6;1715;1;2;6;1;6;281;00, DODIN (AVENUE ROGER);M;4808698;-170740;350
201500024965;15;5;14;1540;1;2;2;1;3;238;VANEAU/MITTERRAND;M;4810850;-169298;350
201500024966;15;8;7;1740;1;2;1;1;2;238;31, VERN (DE);M;4810043;-165860;350
201500024967;15;5;15;1930;1;2;1;1;7;238;ALLЙE DU GACET;M;4808540;-166552;350
201500024968;15;8;10;815;1;2;3;1;2;51;00, FOUGERES (ROUTE DE);M;4813354;-162990;350
201500024969;15;8;3;1250;1;2;1;1;2;238;5, LAENNEC (BD RENE);M;4810966;-166568;350
201500024970;15;8;8;1055;1;1;1;1;2;278;;M;4815647;-170355;350
201500024971;15;8;11;1700;1;2;3;1;3;238;00, SAINT-HELIER;M;4810647;-166828;350
201500024972;15;5;19;1330;1;2;4;1;3;238;BAHON RAULT/GROS MALHON;M;4812990;-168422;350
201500024973;15;8;12;1320;1;2;2;1;6;238;NEMOURS ( DE);M;4810988;-168019;350
201500024974;15;8;12;1430;1;2;1;1;2;238;267, CHATEAUGIRON (DE);M;4809310;-163130;350
201500024975;15;8;12;1920;1;2;6;1;2;278;BELLE EPINE (BD DE LA);M;4815144;-169163;350
201500024976;15;5;19;2250;5;2;1;1;6;238;218, RUE DE NANTES;M;4809670;-168917;350
201500024977;15;8;14;1241;1;1;1;1;1;278;ROCADE;M;4814084;-169153;350
201500024978;15;8;17;1600;1;2;1;1;2;238;100, MITTERAND (MAIL FRA;M;4810861;-169617;350
201500024979;15;5;20;1200;1;2;1;2;1;238;PORTE DE NANTES;M;4807760;-167530;350
201500024980;15;8;18;1130;1;1;1;1;3;281;PORTE DE ST NAZAIRE;M;4809218;-170756;350
201500024981;15;8;18;1800;1;1;2;1;1;238;COMBES (BD EMILE);M;4809364;-167099;350
201500024982;15;8;14;1150;1;2;1;2;2;238;CANADA (AVENUE DU);M;4808795;-168224;350
201500024983;15;8;21;910;1;1;9;1;5;238;PORTE DE LORIENT;M;4811076;-171836;350
201500024984;15;5;22;1510;1;2;2;1;2;238;PECKER/C.TILLON;M;4812620;-169297;350
201500024985;15;8;21;1825;1;1;1;1;6;238;PORTE DE VILLEJEAN;M;4812446;-171492;350
201500024986;15;8;24;1850;1;1;1;2;6;51;PORTE DE TIZE;M;4813994;-158131;350
201500024987;15;8;20;1450;1;1;6;1;1;238;LANGEVIN (PAUL);M;4809337;-165837;350
201500024988;15;5;28;1310;1;2;2;1;3;238;PUITS JACOB/NANTES;M;4809810;-168788;350
201500024989;15;8;24;745;1;2;2;3;6;238;ECHANGE (D');M;4811525;-168445;350
201500024990;15;8;25;1810;1;1;6;2;1;55;RD 463;M;4808008;-160639;350
201500024991;15;5;29;835;1;2;3;1;2;238;PAYS BAS/BULGARIE;M;4808470;-166092;350
201500024992;15;8;25;1850;1;1;1;2;7;278;D 175;M;4816149;-162587;350
201500024993;15;5;30;1500;1;2;5;1;3;238;ST J.B.SALLA/LE GORGEU;M;4811450;-170007;350
201500024994;15;8;27;1930;1;1;6;3;7;51;BEAULIEU (PORTE DE);M;4810187;-160798;350
201500024995;15;8;28;1400;1;2;1;1;6;238;36, GACET (ALLEE DU);M;4808542;-166151;350
201500024996;15;8;27;1945;1;1;1;2;1;238;00, VERN (DE);M;4808361;-164284;350
201500024997;15;9;1;1805;1;2;6;1;1;238;00, SANGNIER (MARC);M;4809336;-165840;350
201500024998;15;9;1;650;1;1;1;1;4;238;PORTE ALMA;M;4807994;-168322;350
201500024999;15;9;2;1615;1;2;2;1;2;238;PARIS (RUE DE);M;4811247;-166668;350
201500025000;15;9;4;815;1;2;3;1;3;238;00, BOIS LABBE (AVENUE D;M;4813101;-170388;350
201500025001;15;9;5;1600;1;2;1;1;6;238;00, UKRAINE (ALLEE D');M;4808138;-167838;350
201500025002;15;9;6;1830;1;2;3;1;3;51;00, CHATAIGNERAIE (RUE D;M;4812128;-163016;350
201500025003;15;9;7;1300;1;2;1;1;3;238;71, BRIAND (AVENUE ARIST;M;4811009;-166371;350
201500025004;15;9;7;1825;1;1;1;1;4;238;ROCADE 13-14;M;4810468;-171665;350
201500025005;15;8;29;145;5;2;1;1;6;238;LEPERDIT;M;4811327;-168085;350
201500025006;15;8;24;810;1;2;1;1;5;238;, GUILLAUDOT ( DU GENERA;M;4811478;-167443;350
201500025007;15;9;11;1700;1;1;1;1;4;238;PORTE DE VILLEJEAN;M;4811770;-171970;350
201500025008;15;9;12;1;3;2;1;1;2;238;136, MAGINOT (AVENUE SER;M;4811001;-165758;350
201500025009;15;9;16;925;1;1;1;1;4;51;PORTE DE LA RIGOURDIERE;M;4811505;-156337;350
201500025010;15;9;16;1535;1;2;2;1;3;238;00, SURCOUF;M;4810615;-169213;350
201500025011;15;9;16;1750;1;2;1;1;7;238;15, PREVALAYE (QUAI DE L;M;4810897;-168683;350
201500025012;15;9;16;1810;1;1;1;3;2;51;PORTE DE LA RIGOURDIERE;M;4811560;-156833;350
201500025013;15;9;17;40;3;1;9;1;7;51;NORMANDIE (PORTE DE);M;4814911;-160926;350
201500025014;15;9;18;1640;1;1;1;1;2;238;PORTE DE LORIENT;M;4811065;-171834;350
201500025015;15;9;19;1740;1;2;3;1;6;238;238, SAINT-MALO (RUE DE);M;4812579;-168561;350
201500025016;15;9;20;310;5;2;1;1;6;238;23, DINAN (DE);M;4811418;-168511;350
201500025017;15;9;21;830;1;2;2;1;3;238;155, SAINT-MALO (RUE DE);M;4812263;-168422;350
201500025018;15;9;20;2050;5;2;2;1;3;238;00, SAINT-BRIEUC (DE);M;4811206;-170232;350
201500025019;15;9;20;225;5;2;1;1;7;238;00, MOTTE (CONTOUR DE LA;M;4811321;-167524;350
201500025020;15;9;22;2115;3;1;1;1;7;238;00, SALIBARD (LIEU-DIT);M;4809082;-173890;350
201500025021;15;9;22;830;1;2;3;8;1;238;135, FOUGERES (RUE DE);M;4812072;-166470;350
201500025022;15;9;23;1210;1;2;1;1;2;238;95, MITTERAND (MAIL FRAN;M;4810823;-169447;350
201500025023;15;9;23;1550;1;2;1;1;6;238;00, BOSPHORE (DU);M;4808233;-167691;350
201500025024;15;9;24;624;3;1;1;1;6;238;RN136;M;4810373;-171634;350
201500025025;15;9;24;1220;1;2;6;1;2;278;00, AUGE DE PIERRE (ROND;M;4813698;-169265;350
201500025026;15;9;14;1836;1;1;1;1;7;51;PORTE DE LA RIGOURDIERE;M;4811142;-158711;350
201500025027;15;9;29;1730;1;2;5;1;3;238;35, ROOSEVELT (BD FRANKL;M;4809730;-165777;350
201500025028;15;10;1;1855;1;2;1;1;6;238;07, ROGER HENRI GUERRAND;M;4810029;-169845;350
201500025029;15;10;1;1755;1;1;1;1;4;238;RN136;M;4810185;-171575;350
201500025030;15;10;2;10;4;2;3;1;7;238;00, MARBEUF (BLD);M;4811011;-170525;350
201500025031;15;10;2;735;2;2;1;1;2;238;15, GUILLOUX (LOUIS);M;4811006;-169887;350
201500025032;15;10;2;1920;1;2;2;1;4;238;00, CLEMENCEAU (BD GEORG;M;4809381;-167407;350
201500025033;15;10;4;1730;1;2;6;1;3;281;00, MERMOZ (BOULEVARD JE;M;4809080;-170428;350
201500025034;15;10;6;1720;1;2;5;1;3;238;21, COMBES (BD EMILE);M;4809351;-166909;350
201500025035;15;10;4;2135;5;2;1;2;6;238;4 BIS, METZ (BD DE);M;4811482;-165722;350
201500025036;15;10;8;750;5;2;3;1;3;238;00, ALMA (DE L');M;4810387;-167701;350
201500025037;15;10;8;815;2;1;1;1;6;55;PORTE DES LOGES;M;4808426;-164115;350
201500025038;15;10;8;835;1;2;2;1;6;278;00, ROBIQUETTE ( BOULEVA;M;4813838;-169829;350
201500025039;15;10;9;1820;1;2;1;1;1;238;0, PREVALAYE (CHEMIN DE;M;4809072;-173894;350
201500025040;15;10;9;805;1;2;6;1;2;238;00, CANADA (AVENUE DU);M;4808942;-168243;350
201500025041;15;10;9;1450;1;2;2;1;6;238;01, FREVILLE (AVENUE HEN;M;4809345;-167426;350
201500025042;15;10;9;2050;5;2;1;1;6;51;00, FONTAINE (AVENUE DE;M;4811105;-160858;350
201500025043;15;10;9;2230;5;2;2;1;3;238;26, COMBES (BD EMILE);M;4809344;-166883;350
201500025044;15;10;11;1545;1;2;6;1;3;238;00, BOUCHARD (ALAIN);M;4809977;-168316;350
201500025045;15;10;13;1950;5;2;6;1;6;238;00, CANADA (AVENUE DU);M;4808501;-168246;350
201500025046;15;10;15;750;4;2;2;1;3;238;00, BRIAND (AVENUE ARIST;M;4811008;-165983;350
201500025047;15;10;15;810;2;1;1;1;4;55;PORTE DES LOGES;M;4809731;-161727;350
201500025048;15;10;15;1145;1;2;1;1;3;238;01, TOUR D'AUVERGNE (BD;M;4810826;-168446;350
201500025049;15;10;16;1710;1;2;3;1;3;238;00, LIBERTE (BD DE LA);M;4810753;-167343;350
201500025050;15;10;16;1220;1;2;1;1;6;238;40, ALBERT 1ER (BD);M;4808909;-167973;350
201500025051;15;10;16;2205;5;2;2;1;6;238;25, SAINT-HELIER;M;4810696;-167055;350
201500025052;15;10;17;1110;1;1;1;1;4;238;RN136;M;4813777;-170154;350
201500025053;15;10;19;800;2;1;9;1;6;238;PORTE DES LONGS CHAMPS;M;4814016;-163247;350
201500025054;15;8;24;1030;1;1;6;1;6;51;BEAULIEU (PORTE DE);M;4810122;-160877;350
201500025055;15;10;22;1130;1;2;1;1;6;238;8-10, PICARDIE (DE);M;4812317;-171068;350
201500025056;15;10;22;1700;1;1;1;1;7;51;PORTE DE LA RIGOURDIERE;M;4811871;-157103;350
201500025057;15;10;22;1850;1;2;1;1;4;238;00, FREVILLE (AVENUE HEN;M;4808757;-167497;350
201500025058;15;10;22;2135;5;2;3;1;3;238;00, STRASBOURG (BOULEVAR;M;4811333;-165663;350
201500025059;15;10;23;1210;1;2;1;1;2;238;80, COMBES (BD EMILE);M;4809537;-166290;350
201500025060;15;10;25;1310;1;1;1;1;4;238;RN136;M;4814144;-164174;350
201500025061;15;10;19;1610;1;2;4;1;3;238;85, LORIENT (DE);M;4810949;-170748;350
201500025062;15;10;24;2145;3;1;2;8;7;51;00, PLANCHETTE (ROUTE DE;M;4809949;-160539;350
201500025063;15;10;25;1850;5;2;2;1;3;238;00, FOUGERES (RUE DE);M;4812176;-166275;350
201500025064;15;10;27;1000;1;1;1;1;7;51;PORTE DE LA RIGOURDIERE;M;4811958;-157251;350
201500025065;15;10;27;1730;1;2;2;1;3;238;00, SAINT-MALO (RUE DE);M;4812727;-168659;350
201500025066;15;10;27;1845;1;2;1;1;3;238;DE LATTRE DE TASSIGNY (B;M;4811392;-168799;350
201500025067;15;10;28;1231;1;2;2;1;3;238;00, SAINT-MALO (RUE DE);M;4812716;-168648;350
201500025068;15;10;28;1720;1;2;1;1;2;238;06, ISLY (RUE D');M;4810608;-167761;350
201500025069;15;10;29;1035;1;2;1;1;2;238;38, LEROUX (BD OSCAR);M;4809137;-166461;350
201500025070;15;10;30;1930;5;2;1;1;4;238;00, GROS MALHON (AVENUE);M;4812757;-168319;350
201500025071;15;10;31;1205;1;2;3;1;3;238;130, VERDUN (BD DE);M;4812102;-168690;350
201500025072;15;11;1;2000;5;2;6;1;6;281;00, DODIN (AVENUE ROGER);M;4808670;-170752;350
201500025073;15;11;2;920;1;2;1;1;6;238;18, DUGUAY TROUIN (QUAI);M;4811016;-168238;350
201500025074;15;11;2;1230;1;2;6;1;3;278;00, ROBIQUETTE ( BOULEVA;M;4813414;-169424;350
201500025075;15;11;2;1405;1;2;2;1;6;238;70, GROS MALHON (AVENUE);M;4812812;-168343;350
201500025076;15;11;2;1815;3;1;1;1;6;278;R.N. 136;M;4814080;-168994;350
201500025077;15;11;3;1710;1;2;1;2;6;238;22, ROPARTZ (GUY);M;4813076;-165671;350
201500025078;15;11;3;2120;5;2;6;1;3;238;00, VERN (DE);M;4808449;-164332;350
201500025079;15;11;4;830;5;2;2;1;3;238;00, POMPIDOU ( BD GEORGE;M;4810175;-168447;350
201500025080;15;11;4;1045;1;2;3;1;3;238;00, YSER (BD DE L');M;4809096;-168034;350
201500025081;15;11;5;1250;1;2;3;1;3;238;00, SAINTE FOIX (ROUTE);M;4810106;-172001;350
201500025082;15;11;5;1800;5;2;2;2;6;238;105, FREVILLE (AVENUE HE;M;4808679;-167436;350
201500025083;15;11;5;1915;5;2;6;2;6;51;01, RENNES (RUE DE);M;4811425;-160999;350
201500025084;15;11;5;1845;5;1;1;1;4;51;00, DOMLOUP (ROUTE DE);M;4811028;-158461;350
201500025085;15;11;6;1405;1;2;3;1;1;238;276, FOUGERES (RUE DE);M;4812890;-164557;350
201500025086;15;11;6;1315;1;2;1;2;3;238;PATIS TATELIN (LIEU-DIT;M;4813046;-164246;350
201500025087;15;11;6;1650;1;2;2;1;1;238;00, CHATEAUGIRON (DE);M;4809488;-163795;350
201500025088;15;11;6;2125;5;2;2;2;3;238;CHATEAUDUN (DE);M;4811248;-166624;350
201500025089;15;11;6;1720;1;1;1;2;4;278;RN 137;M;4814921;-169917;350
201500025090;15;11;11;2015;3;2;3;1;3;238;8, ISLY (RUE D');M;4810518;-167756;350
201500025091;15;11;13;818;1;2;6;1;3;278;00, SAINT EXUPERY (RUE A;M;4815941;-167732;350
201500025092;15;11;15;2035;5;2;2;1;3;238;00, PATTON (AVENUE DU GE;M;4812845;-166430;350
201500025093;15;11;4;1535;1;1;1;1;2;238;00, FREVILLE (AVENUE HEN;M;4808652;-167506;350
201500025094;15;11;10;725;1;1;1;1;2;238;PORTE DE BEAULIEU;M;4809958;-161363;350
201500025095;15;11;17;1427;1;2;1;1;6;238;69, MITTERAND (MAIL FRAN;M;4810887;-169153;350
201500025096;15;11;18;1340;1;2;6;1;3;238;00, LANGUEDOC (AVENUE DU;M;4811599;-170517;350
201500025097;15;11;18;1720;1;2;7;1;3;238;00, BRETAGNE (PLACE DE);M;4810936;-168471;350
201500025098;15;11;12;1740;5;2;2;1;3;238;00, CHATEAUDUN (DE);M;4811027;-166562;350
201500025099;15;11;16;2040;5;2;3;1;6;238;30, BOURBONNAIS (DU);M;4812053;-171336;350
201500025100;15;11;16;1838;5;2;1;2;3;238;BREST (DE);M;4811337;-169617;350
201500025101;15;11;16;2020;3;2;1;1;2;51;00, ALLIES (BOULEVARD DE;M;0;0;350
201500025102;15;11;18;820;1;1;1;1;4;238;RN136;M;4813827;-170057;350
201500025103;15;11;18;1630;1;2;2;7;6;238;127, POMPIDOU ( BD GEORG;M;4810100;-168513;350
201500025104;15;11;18;1830;1;1;6;1;3;51;00, ALLIES (BOULEVARD DE;M;4814017;-162716;350
201500025105;15;11;20;1705;5;2;1;1;6;238;00, BUTTES DE COESMES (A;M;4812543;-163258;350
201500025106;15;11;7;1740;2;1;1;1;3;238;00, STRASBOURG (BOULEVAR;M;4811036;-165565;350
201500025107;15;11;9;1105;1;1;1;1;4;238;245, ROUTE DE ST MALO;M;4813125;-169022;350
201500025108;15;11;11;2145;4;2;3;1;1;238;00, ROBIDOU (BERTRAND);M;4810917;-165945;350
201500025109;15;11;13;1850;3;1;1;1;4;238;;M;4808276;-169757;350
201500025110;15;11;16;1930;1;1;2;1;3;281;00, PILATE (RUE DE LA);M;4809251;-169468;350
201500025111;15;11;20;825;2;2;2;2;1;238;00, LOBINEAU;M;4809900;-168431;350
201500025112;15;11;27;1000;1;2;5;1;6;238;71, STRASBOURG (BOULEVAR;M;4811453;-165704;350
201500025113;15;11;27;1700;1;2;1;2;6;238;00, ROBERT (FERNAND);M;4813227;-170830;350
201500025114;15;11;18;1315;1;2;1;1;6;238;00, PECKER (PROF.JEAN);M;4812564;-169299;350
201500025115;15;11;27;1900;5;2;1;2;6;238;04, CHAMP JACQUET (PLACE;M;4811278;-168028;350
201500025116;15;11;27;2005;5;2;3;2;6;238;08, LIBERTE (BD DE LA);M;4810744;-167612;350
201500025117;15;11;28;315;5;2;1;2;3;238;26, DUGUAY TROUIN (QUAI);M;4811017;-168386;350
201500025118;15;11;28;1700;1;2;4;1;3;238;172, SAINT-MALO (RUE DE);M;4812129;-168294;350
201500025119;15;11;30;800;5;2;1;1;7;238;00, ROOSEVELT (BD FRANKL;M;4809769;-165675;350
201500025120;15;11;30;910;1;2;1;2;6;238;201, VERN (DE);M;4808875;-164458;350
201500025121;15;11;30;945;1;1;1;2;2;281;00, PORTE DE ST NAZAIRE;M;4808624;-169994;350
201500025122;15;11;30;1700;1;2;2;1;3;238;00, BRETAGNE (PLACE DE);M;4810980;-168419;350
201500025123;15;12;1;445;5;2;1;1;6;281;00, DODIN (AVENUE ROGER);M;4807496;-171248;350
201500025124;15;12;1;845;2;1;1;1;6;238;30, JANVIER (AVENUE JEAN;M;4810470;-167263;350
201500025125;15;12;1;1810;5;2;2;1;3;238;00, REPUBLIQUE (PLACE DE;M;4810980;-167792;350
201500025126;15;12;1;2035;5;2;1;1;6;238;05, LE GUILLOUX (HENRI);M;4811525;-169887;350
201500025127;15;12;3;250;5;2;6;1;6;238;00, MOULIN DE JOUE (DU);M;4811174;-164664;350
201500025128;15;12;3;1320;1;2;2;1;3;238;00, CHATEAUGIRON (DE);M;4810178;-165613;350
201500025129;15;12;3;1840;5;2;6;1;4;238;00, CHATEAU (AVENUE FRAN;M;4811171;-164638;350
201500025130;15;12;6;345;5;2;6;1;7;281;00, DODIN (AVENUE ROGER);M;4808212;-171148;350
201500025131;15;12;4;410;3;1;1;2;7;51;NORMANDIE (PORTE DE);M;4814823;-159696;350
201500025132;15;11;26;930;1;2;3;1;1;238;00, SUISSE (DE);M;4808652;-166377;350
201500025133;15;12;4;915;1;2;1;7;4;238;00, SAINT-HELIER;M;4810480;-166478;350
201500025134;15;12;4;925;1;2;6;1;3;278;00, AUGE DE PIERRE (ROND;M;4813661;-169295;350
201500025135;15;12;4;2020;5;2;1;1;2;238;00, DESGREES (BD PAUL HU;M;4809341;-163922;350
201500025136;15;12;5;1545;1;2;2;8;6;238;26, NEMOURS ( DE);M;4810753;-168028;350
201500025137;15;12;5;1920;5;2;2;1;6;238;00, CHATEAUGIRON (DE);M;4809533;-163789;350
201500025138;15;12;6;1740;2;2;1;1;7;238;00, SAINT-HELIER;M;4810672;-166915;350
201500025139;15;12;7;845;1;2;6;1;3;238;00, LYAUTEY (MARECHAL);M;4811605;-169186;350
201500025140;15;11;30;1700;1;1;1;1;5;238;00, PORTE DES LOGES;M;4808956;-163142;350
201500025141;15;12;6;325;5;2;2;1;3;281;00, NANTES (RUE DE);M;4809035;-169278;350
201500025142;15;12;7;1030;1;2;2;1;3;238;05, YSER (BD DE L');M;4809184;-167827;350
201500025143;15;12;9;830;1;2;3;1;6;238;00, SAINT-CONWOION (BD);M;4810322;-168859;350
201500025144;15;12;9;1000;1;2;1;1;1;238;37, NOEL (YVES);M;4808999;-167675;350
201500025145;15;12;9;1900;3;1;9;1;2;238;00, PORTE DES LONGS CHAM;M;4814215;-162367;350
201500025146;15;11;25;1845;3;1;1;2;2;238;00, PORTE DE BREST;M;4812728;-171231;350
201500025147;15;12;10;1355;1;2;2;1;3;238;07, SURCOUF;M;4810618;-169214;350
201500025148;15;12;10;1800;5;2;6;1;6;238;00, VEZIN (ROUTE DE);M;4811622;-171613;350
201500025149;15;12;11;1300;1;2;6;1;4;51;00, BRAY (ROND-POINT DE);M;4810770;-161535;350
201500025150;15;12;15;1300;1;2;3;1;3;238;00, TILLON (AVENUE CHARL;M;4812445;-170932;350
201500025151;15;12;11;1730;2;1;6;1;6;55;00, RD 463;M;4807991;-160473;350
201500025152;15;12;11;1830;3;1;1;1;6;51;00, FOUGERES (ROUTE DE);M;4814210;-161369;350
201500025153;15;12;13;800;5;2;2;1;3;238;00, CLEMENCEAU (BD GEORG;M;4809379;-167454;350
201500025154;15;12;13;940;1;2;2;1;3;238;00, FREVILLE (AVENUE HEN;M;4808377;-167511;350
201500025155;15;12;14;1755;3;2;1;1;3;238;60B, CHATEAUGIRON (DE);M;4810102;-165187;350
201500025156;15;12;14;1820;3;2;1;1;5;238;00, DESGREES (BD PAUL HU;M;4809135;-164259;350
201500025157;15;12;15;1800;5;2;2;8;6;238;00, TOUR D'AUVERGNE (BD;M;4810546;-168430;350
201500025158;15;12;15;1905;5;2;6;8;6;278;00, ROBIQUETTE (ROND POI;M;4813502;-169359;350
201500025159;15;12;16;1200;1;2;1;1;4;238;15, METZ (BD DE);M;4811587;-165803;350
201500025160;15;12;17;1625;1;2;3;1;6;238;00, ROCHESTER (AVENUE DE;M;4812810;-165908;350
201500025161;15;12;17;1730;5;2;1;1;6;55;00, BONNIN ANDRE (AVENUE;M;4808835;-161889;350
201500025162;15;12;13;1900;5;2;2;1;3;238;00, LICES (PLACE DU BAS;M;4811256;-168480;350
201500025163;15;12;18;1910;5;2;1;1;6;238;10, BERT (PAUL);M;4811066;-167045;350
201500025164;15;12;18;2150;5;2;2;1;2;238;09, BOURGEOIS (BOULEVARD;M;4809825;-165530;350
201500025165;15;12;19;1115;1;2;3;1;3;238;00, LIBERTE (BD DE LA);M;4810753;-167543;350
201500025166;15;12;19;1715;2;2;1;8;6;238;00, GROS MALHON (AVENUE);M;4813033;-168439;350
201500025167;15;12;20;1305;1;2;3;1;6;238;00, NEMOURS ( DE);M;4810861;-167995;350
201500025168;15;12;22;1320;1;2;2;2;3;238;00, ROCHESTER (AVENUE DE;M;4812797;-165737;350
201500025169;15;12;22;1730;1;1;1;1;2;278;00, R.N. 136;M;4814201;-164492;350
201500025170;15;12;22;1350;1;2;1;2;6;238;00, TREGAIN (DE);M;4812676;-165852;350
201500025171;15;12;23;1300;1;2;2;1;1;238;00, TILLON (AVENUE CHARL;M;4812458;-170304;350
201500025172;15;12;15;1530;1;2;1;1;3;238;00, VILLEBOIS MAREUIL (B;M;4810731;-165114;350
201500025173;15;12;23;1030;1;2;2;1;3;238;00, DUVAL (ALEXANDRE);M;4810356;-169401;350
201500025174;15;12;26;1255;1;2;9;1;3;238;00, BREST (DE);M;4811169;-169116;350
201500025175;15;12;26;1510;1;2;4;1;6;238;04, MOREAU DE JONNES;M;4810875;-165474;350
201500025176;15;12;26;1544;1;2;2;1;6;238;00, BRETAGNE (PONT DE);M;4810981;-168469;350
201500025177;15;12;29;1700;1;1;9;1;7;238;00, RN136;M;4812205;-171983;350
201500025178;15;12;29;2120;5;2;2;1;2;238;00, ARMORIQUE (BD D');M;4812848;-166448;350
201500025179;15;12;30;1355;1;2;1;1;6;238;00, HOCHE (PLACE);M;4811531;-167734;350
201500025180;15;12;30;1845;5;2;3;1;6;238;00, LICES (PLACE DES);M;4811302;-168375;350
201500025181;15;12;30;2000;5;2;2;3;6;278;00, DE GAULLE (AVENUE GE;M;4815179;-168604;350
201500025182;15;3;20;1515;1;2;1;1;6;288;0, ANTILLES (RUE DES);M;4863662;-199682;350
201500025183;15;2;7;1630;1;2;1;1;6;288;0, DINAN (PORTE DE );M;4864615;-202618;350
201500025184;15;5;10;20;5;2;1;1;7;93;12, EDOUARD VII - N°1A 6;M;4863333;-205874;350
201500025185;15;5;6;1218;1;2;1;1;6;288;0, DUGUAY-TROUIN (QUAI);M;4865107;-202173;350
201500025186;15;4;17;1818;1;1;2;1;5;288;D2;M;4863338;-195011;350
201500025187;15;7;18;1158;1;2;1;1;6;288;00, ESPLANADE SAINT VINC;M;4865033;-202119;350
201500025188;15;8;4;410;3;1;5;1;7;288;0, CD 4;M;4860766;-195913;350
201500025189;15;8;15;910;1;2;2;1;1;241;D168;M;4861380;-203646;350
201500025190;15;10;16;1350;1;2;6;1;3;288;RUE NICOLAS BOUVIER;M;4864736;-200812;350
201500025191;15;9;17;1215;1;1;1;1;2;241;D168;M;4861360;-204128;350
201500025192;15;3;4;1540;1;2;1;1;6;159;;M;4679240;173601;360
201500025193;15;11;20;540;5;2;1;1;6;44;57 BD G SAND;M;4680720;168588;360
201500025194;15;2;17;1755;1;2;1;8;1;44;353 AV DE VERDUN;M;4679120;170047;360
201500025195;15;11;26;820;1;2;1;8;1;44;AVENUE ANDRE LE NOTRE;M;4679860;170113;360
201500025196;15;3;6;1744;1;2;1;1;6;44;21 RUE RASPAIL;M;4680750;169172;360
201500025197;15;11;29;805;1;2;1;1;6;44;AVENUE DES MARINS;M;4680950;168348;360
201500025198;15;3;11;1858;1;2;1;1;7;44;2 RUE DES MEUNIERS;M;4678720;168234;360
201500025199;15;11;19;2043;5;1;6;1;3;159;ALL MAISONS ROUGES/RD943;M;4679770;172814;360
201500025200;15;3;12;745;1;2;1;1;2;44;83 AVENUE JOHN KENNEDY;M;4680090;169243;360
201500025201;15;11;22;2055;5;2;1;1;6;44;CHAUMIAU/CANTERELLE;M;4680710;169324;360
201500025202;15;3;6;1030;1;2;1;1;2;44;RUE ROGER CAZALA;M;4681190;170072;360
201500025203;15;11;25;1850;3;1;1;8;2;63;ALLEE DES MAISONS ROUGES;M;4680750;174560;360
201500025204;15;3;14;1720;1;1;1;1;7;159;AVENUE DE LA FORET RD990;M;4675610;172208;360
201500025205;15;11;27;1615;1;2;2;1;3;44;RUE AURIER/RUE SCHWOB;M;4681570;170711;360
201500025206;15;3;17;1701;1;2;1;1;4;202;AVENUE D'OCCITANIE;M;4678340;165513;360
201500025207;15;12;18;1730;3;1;1;1;2;44;RD 920;M;4679690;172690;360
201500025208;15;3;27;1221;1;1;1;1;3;202;AVENUE DE TOURS;M;4683160;161365;360
201500025209;15;12;6;2255;5;2;2;1;3;44;RUE ROLLIN/RUE LA GARE;M;4681140;169570;360