num_acc;an;mois;jour;hrmn;lum;agg;int;atm;col;com;adr;gps;lat;long;dep
201500025210;15;3;20;930;1;2;1;8;6;44;RUE DE LA PINGAUDIERE;M;4681210;170044;360
201500025211;15;12;4;1900;5;2;1;1;6;44;132 BOULEVARD DE CLUIS;M;4680440;169687;360
201500025212;15;3;27;1615;1;2;1;1;3;44;44 RUE COMBANAIRE;M;4680710;170692;360
201500025213;15;12;9;1600;1;1;1;1;3;44;RD 920;M;4678870;169126;360
201500025214;15;4;4;620;5;2;1;8;7;44;368 AVENUE DE LA CHATRE;M;4679930;172471;360
201500025215;15;12;9;1154;1;2;1;1;2;44;RUE LEDRU ROLLIN;M;4681060;169502;360
201500025216;15;4;7;1610;1;2;1;1;3;44;ALLEE GEORGES BIZET;M;4680380;170752;360
201500025217;15;12;8;1725;3;1;1;1;2;159;AVENUE DE LA FORET;M;4671960;173923;360
201500025218;15;4;12;720;2;1;1;8;7;63;RD 956;M;4684590;168813;360
201500025219;15;12;11;759;2;2;1;1;3;44;BD BLAISE PASCAL;M;4679900;171297;360
201500025220;15;4;1;1522;1;2;3;1;2;63;RUE ABBAYE/AV DE GAULLE;M;4682580;170049;360
201500025221;15;12;8;844;2;2;1;1;6;44;AVENUE DE LA CHATRE;M;4680140;172036;360
201500025222;15;4;5;1901;1;2;2;1;3;44;AV DE GAULLE/RUE GAULTIE;M;4680680;169449;360
201500025223;15;12;9;1420;1;2;6;1;3;63;RUE VEDRIN/AV M DASSAULT;M;4685320;171237;360
201500025224;15;4;8;1709;1;2;1;1;2;44;BOULEVARD DE CLUIS;M;4680610;170017;360
201500025225;15;12;13;1232;1;1;6;1;3;44;AV FRANCOEUR/RD 920;M;4678800;170369;360
201500025226;15;4;10;1828;1;2;1;1;2;44;RUE SAINT LUC;M;4681210;169828;360
201500025227;15;12;5;1623;1;2;1;1;2;44;16 AVENUE DU PONT NEUF;M;4681570;168468;360
201500025228;15;5;11;1530;1;2;1;1;2;44;36 RUE DES INGRAINS;M;4679350;171184;360
201500025229;15;12;11;2309;5;2;1;1;2;44;PLACE SAINT CYRAN;M;4681200;169442;360
201500025230;15;5;2;2325;5;2;1;1;1;44;RD920;;;;360
201500025231;15;12;15;1455;1;2;1;1;6;44;RUE VICTOR HUGO;M;4681140;169365;360
201500025232;15;4;16;835;1;2;1;1;3;44;RUE D'AQUITAINE;M;4680290;167989;360
201500025233;15;12;24;1145;1;2;1;1;6;44;PAUL LOUIS COURRIER;M;4680850;169172;360
201500025234;15;4;22;903;1;2;1;1;6;44;AVENUE MARCEL LEMOINE;;;;360
201500025235;15;12;16;1006;1;2;1;1;6;44;247 AVENUE DE LA CHATRE;M;4680310;171621;360
201500025236;15;4;21;1430;1;2;1;1;2;44;157 AVENUE J KENNEDY;M;4679610;169206;360
201500025237;15;4;24;1140;1;2;1;1;2;44;35 BOULEVARD SAINT DENIS;M;4681620;170884;360
201500025238;15;12;30;445;3;1;1;1;6;63;;M;4683000;167966;360
201500025239;15;5;7;2210;5;2;3;1;3;44;RUE LOTI/RUE MONTAIGNE;M;4679780;170595;360
201500025240;15;5;11;1830;1;2;6;1;3;44;RUE AMPERE/AV COUBERTIN;M;4681290;172017;360
201500025241;15;5;8;425;3;1;6;1;6;63;ROUTE DEPARTEMENTALE 925;M;4682390;175720;360
201500025242;15;5;15;2005;1;2;2;1;3;44;ST FIACRE/BD DE CLUIS;M;4680820;170379;360
201500025243;15;5;5;1650;1;2;1;1;3;44;25 RUE PAUL VERLAINE;M;4680080;171328;360
201500025244;15;5;29;440;4;2;1;1;7;159;AVENUE DE LA FORET RD990;M;4677930;170722;360
201500025245;15;6;11;1520;1;2;1;1;2;44;84 AV JOHN KENNEDY;M;4680060;169244;360
201500025246;15;6;2;2303;3;1;1;1;6;159;ROUTE DE VELLES;M;4676300;167931;360
201500025247;15;6;6;1541;1;2;1;1;6;202;17 ROUTE DE CHATEAUROUX;M;4680710;164216;360
201500025248;15;6;5;1920;1;2;1;1;3;63;RD920;M;4681140;174344;360
201500025249;15;6;16;940;1;1;1;1;7;202;RD 67;M;4680850;162087;360
201500025250;15;6;21;1615;1;2;1;1;2;202;21 AVENUE D'OCCITANIE;M;4679130;166233;360
201500025251;15;6;30;1822;1;2;1;1;3;63;AVENUE GEORGES HENNEQUIN;M;4685160;170350;360
201500025252;15;8;1;1535;1;2;2;1;3;44;BD BRYAS/RUE CURIE;M;4681040;170578;360
201500025253;15;7;1;1759;1;2;1;1;3;44;GIRATOIRE DE LA BRENNE;M;4680790;167678;360
201500025254;15;7;7;2105;1;1;6;1;3;63;RP DU GRAND VERGER;M;4684550;170895;360
201500025255;15;7;12;1825;1;2;6;1;3;44;MONTAIGNE/MALLET STEVENS;M;4679310;171116;360
201500025256;15;7;14;1112;1;1;6;1;6;63;ROND POINT DU FREESBEE;M;4685150;170119;360
201500025257;15;7;19;1250;1;1;1;1;6;202;ROUTE DE GIREUGNE;M;4677620;167474;360
201500025258;15;7;21;1900;1;2;1;1;2;44;BOULEVARD ARAGO;M;4680500;168821;360
201500025259;15;7;29;1605;1;2;1;1;2;63;144 ROUTE D'ISSOUDUN;M;4683060;171304;360
201500025260;15;7;17;2030;1;2;1;1;1;44;IMPASSE DE LA PINGAUDIER;M;4681050;170528;360
201500025261;15;8;3;2330;5;2;1;1;2;44;107 BD SAINT DENIS;M;4681970;171093;360
201500025262;15;8;9;1800;1;2;1;1;6;44;AV ANDRE LE NOTRE;M;4680060;170195;360
201500025263;15;8;29;1810;1;1;1;1;2;63;ROUTE DEPARTEMENTALE;M;4684330;171036;360
201500025264;15;8;29;1034;1;1;1;1;4;63;ROUTE D'ISSOUDUN;M;4683790;173093;360
201500025265;15;9;8;1336;1;2;1;1;3;44;RUE DE LA REPUBLIQUE;M;4680850;168917;360
201500025266;15;9;7;1555;1;2;1;1;3;44;153 AV D'ARGENTON;M;4680000;167003;360
201500025267;15;9;13;820;1;2;1;8;3;44;41 AVENUE DE LA CHATRE;M;4680830;170593;360
201500025268;15;9;14;1715;1;2;1;8;3;44;BOULEVARD DU MOULIN NEUF;M;4681920;168652;360
201500025269;15;9;8;837;1;2;6;1;3;44;LE CORBUSIER/ MONTAIGNE;M;4679620;170795;360
201500025270;15;9;16;1955;1;1;6;1;6;63;RP DU FREESBEE;M;4685220;170064;360
201500025271;15;9;23;845;1;2;1;1;6;44;RD 920;M;4678880;169323;360
201500025272;15;9;26;1610;1;1;4;1;3;202;RTE CHATELLE/RTE LUANT;M;4679050;160979;360
201500025273;15;9;26;1940;1;2;1;1;6;44;208 AV JOHN KENNEDY;M;4678930;169124;360
201500025274;15;9;27;1800;1;1;4;1;1;44;CR DU BRELAY/AV DE BLOIS;M;4682210;167759;360
201500025275;15;10;4;2218;5;1;6;2;3;202;RD920/RD67;M;4677570;164841;360
201500025276;15;10;15;1620;1;2;1;1;6;44;11 AV DE LATTRE DE TASSI;M;4679780;171845;360
201500025277;15;10;15;1620;1;2;1;1;2;159;RUE CHABRIANT  RD67;M;4676060;171751;360
201500025278;15;10;3;2010;5;2;1;2;7;44;AV FRANCOIS MITTERRAND;M;4681110;167869;360
201500025279;15;10;22;1007;1;2;1;1;6;44;38 BD DES MARINS;M;4680660;168155;360
201500025280;15;10;23;25;5;2;2;2;3;44;LA COUTURE/BD LA VRILLE;M;4680540;168571;360
201500025281;15;10;22;1529;1;2;1;1;7;63;AV GENERAL DE GAULLE;M;4683190;170285;360
201500025282;15;11;6;1300;1;1;2;2;3;57;RD920/AV J KENNEDY;M;4678870;169130;360
201500025283;15;11;12;1800;5;1;2;1;3;63;AV CLEMENCEAU/AV HENNEQU;M;4685340;171266;360
201500025284;15;11;5;845;1;2;1;1;2;44;4 RUE D'AQUITAINE;M;4680240;167665;360
201500025285;15;11;14;1119;1;2;1;1;6;44;62 AVENUE JOHN KENNEDY;M;4680160;169218;360
201500025286;15;11;13;1845;5;2;3;8;3;44;RUE BRAC/RUE PORTE NEUVE;M;4681130;168834;360
201500025287;15;11;12;1009;1;2;1;1;2;44;PLACE LAFAYETTE;M;4681290;169704;360
201500025288;15;11;13;1730;3;1;1;2;7;44;RUE DU 3EME RAC;M;4682090;172474;360
201500025289;15;11;2;1735;2;2;1;1;2;44;127 AV DE LA CHATRE;M;4680640;170981;360
201500025290;15;11;3;800;1;1;3;1;3;63;RD956/ALLEE RP DE  BLOIS;M;4685490;166821;360
201500025291;15;11;11;1450;1;1;2;1;3;202;A DES GOUTAIS/OCCITANIE;M;4677410;164705;360
201500025292;15;1;9;835;2;2;1;8;6;44;73 AVENUE DE LA CHATRE;M;4680770;170709;360
201500025293;15;1;7;825;2;2;1;2;2;44;368 AVENUE DE LA CHATRE;M;4680230;171835;360
201500025294;15;2;9;350;5;2;2;1;3;44;AV LA CHATRE- CHARMILLES;M;4680230;171835;360
201500025295;15;2;11;1650;1;1;1;1;2;202;AVENUE D'OCCITANIE;M;4677500;164549;360
201500025296;15;2;14;2340;5;2;4;1;3;44;COMBOLIAUD/AV KENNEDY;M;4679870;169230;360
201500025297;15;1;19;1744;5;2;1;2;3;159;ROUTE DE MONTLUCON;M;4679210;174005;360
201500025298;15;1;23;1750;2;2;1;8;3;44;2 BOULEVARD DE LA VALLA;M;4680820;167694;360
201500025299;15;1;31;1502;1;1;1;1;3;159;140 AVENUE DE LA FORET;M;4677170;171250;360
201500025300;15;2;3;750;2;2;1;1;6;159;140 AVENUE DE LA FORET;M;4677180;171243;360
201500025301;15;2;11;1132;1;2;1;1;1;44;ALLEE DES LAURIERS;M;4678910;169438;360
201500025302;15;2;17;1845;5;2;1;1;6;261;PONT NAPOLEON;;;;370
201500025303;15;2;18;1640;1;2;1;1;6;261;76 AVENUE DE L EUROPE;;;;370
201500025304;15;2;23;1750;1;2;1;1;6;261;AVENUE DU DANEMARK;;;;370
201500025305;15;2;20;1420;1;2;3;2;6;261;FACE CLOCHEVILLE;;;;370
201500025306;15;2;24;2150;5;2;1;1;6;261;29 Bd WINSTO  CHURCHILL;;;;370
201500025307;15;2;25;1110;1;2;1;2;6;214;271 BD CHARLE DE GAULLE;;;;370
201500025308;15;2;25;1220;1;2;1;2;4;261;QUAI ANDRE MALRAUX;;;;370
201500025309;15;2;25;1745;1;2;1;2;7;261;84 AV ANDRE MAGINOT;;;;370
201500025310;15;2;27;730;1;2;9;1;7;233;RUE JEAN JAURES;;;;370
201500025311;15;2;27;1409;1;2;3;1;3;122;57 RUE DE  VERDUN;;;;370
201500025312;15;2;27;1336;1;2;1;1;2;261;142  RUE ED VAILLANT;;;;370
201500025313;15;3;2;1006;1;2;6;1;6;261;AV GEORGE  POMPIDOU;;;;370
201500025314;15;3;2;1315;1;2;3;1;1;261;ROUTE  DE SAINT AVERTIN;;;;370
201500025315;15;3;6;1700;1;2;3;1;3;261;PLACE CHOISEUL;;;;370
201500025316;15;3;7;1420;1;2;1;1;6;261;47 bis RUE LEON  BOYER;;;;370
201500025317;15;3;8;120;5;2;2;1;3;261;RUE DU  SANITAS;;;;370
201500025318;15;1;8;1420;1;2;1;2;2;208;AVENUE DU G DE GAULLE;;;;370
201500025319;15;3;9;1410;1;1;1;1;4;122;;;;;370
201500025320;15;1;11;1055;1;2;1;1;7;261;RUE CHRISTOPHE COLOMB;;;;370
201500025321;15;3;11;1556;1;2;1;1;3;261;RUE DU COLOMBIER;;;;370
201500025322;15;1;15;1700;1;2;2;3;3;261;COLBERT/DELAROCHE;;;;370
201500025323;15;3;6;830;1;2;1;1;6;261;AV GEORGE  POMPIDOU;;;;370
201500025324;15;1;15;1410;1;2;1;1;3;261;ROUTE DE  ROUZIERS;;;;370
201500025325;15;3;6;1115;1;1;1;1;2;261;AVENUE DE GRAMMONT;;;;370
201500025326;15;1;15;1425;1;2;6;1;3;261;BD LOUIS XI;;;;370
201500025327;15;3;6;830;1;2;6;1;3;233;RUE BLANQUI;;;;370
201500025328;15;1;20;1800;2;2;2;1;7;261;9 RUE SEBASTOPOL;;;;370
201500025329;15;3;12;1408;1;2;1;1;7;261;PONT WILSON;;;;370
201500025330;15;1;21;1530;1;2;6;1;3;233;PONT JEAN  MOULIN;;;;370
201500025331;15;3;12;2150;5;2;1;1;1;261;28 AVENUE DE  GRAMMONT;;;;370
201500025332;15;1;21;1645;1;2;2;1;3;233;RUE GABRIEL PERI;;;;370
201500025333;15;3;13;1005;1;2;3;1;3;261;PLACE  CHOISEUL;;;;370
201500025334;15;1;29;1015;1;2;1;2;7;261;8 RUE GEORGE COURTELINE;;;;370
201500025335;15;3;13;1440;1;2;6;2;3;214;RUE VICTOR HUGO;;;;370
201500025336;15;1;29;1140;1;2;2;2;3;214;RUE FLEURIE;;;;370
201500025337;15;3;16;730;1;2;1;1;6;261;PONT MIRABEAU;;;;370
201500025338;15;1;29;1200;1;2;1;1;7;261;PLACE SAINT PAUL;;;;370
201500025339;15;12;16;1858;3;1;1;2;7;122;PARC ACTIVITE LIODIERE;M;4732019;66805;370
201500025340;15;3;16;900;1;2;6;1;6;261;RUE DES TANNEURS;;;;370
201500025341;15;2;4;1030;1;2;1;1;3;122;133  BD  JEAN JAURES;;;;370
201500025342;15;3;15;1405;1;2;1;1;6;233;AVENUE G POMPIDOU;;;;370
201500025343;15;2;7;1900;5;2;1;1;5;261;AVENUE DE PONT CHER;;;;370
201500025344;15;3;16;1245;1;2;1;1;1;122;51RUE DE  MARBELLIERE;;;;370
201500025345;15;2;9;720;2;2;1;1;7;122;AVENUE DE  BORDEAUX;;;;370
201500025346;15;3;11;1045;1;2;1;1;2;261;236 RUE AUG  CHEVALLIER;;;;370
201500025347;15;2;9;750;2;2;1;1;6;122;BOUCHARDIERE;;;;370
201500025348;15;3;19;834;1;2;1;1;7;261;PLACE DES HALLES;;;;370
201500025349;15;3;20;818;1;2;1;1;3;261;PLACE CHOISEUL;;;;370
201500025350;15;3;20;930;1;2;1;1;3;261;ROUTE DES DEUX LIONS;;;;370
201500025351;15;3;20;1234;1;2;2;2;7;261;RUE  LEON BOYER;;;;370
201500025352;15;3;20;1325;1;2;6;2;3;261;RUE DE SUEDE/DOUET;;;;370
201500025353;15;3;20;1515;1;2;1;1;6;261;118 BD  TONNELLE;;;;370
201500025354;15;3;21;1815;1;2;1;1;7;261;QUAI ANDRE MALRAUX;;;;370
201500025355;15;3;25;1755;1;2;3;1;3;214;QUAI DE LA LOIRE;;;;370
201500025356;15;3;25;1210;1;2;4;1;1;261;AVENUE CHARLE BEDAUX;;;;370
201500025357;15;3;26;1635;1;2;1;2;6;261;BOULEVARD PREUILLY;;;;370
201500025358;15;3;27;805;1;2;3;1;6;261;SAINT EXUPERY;;;;370
201500025359;15;3;28;1230;1;2;6;1;7;261;PARCAY (RUE DE);;;;370
201500025360;15;3;27;1430;1;2;1;1;7;261;RUE THEOPHANE VENIEN;;;;370
201500025361;15;3;27;1354;1;1;2;1;3;214;RUE FLEURIE;;;;370
201500025362;15;3;29;1216;1;2;1;2;3;261;40 QUAI DE  PORTILLON;;;;370
201500025363;15;3;30;1333;1;2;1;1;7;122;BD DES  BRETONNIERES;;;;370
201500025364;15;3;30;2010;2;2;1;1;3;261;AVENUE DU GAL DE GAULLE;;;;370
201500025365;15;3;31;1835;1;2;1;1;6;261;18 RUE  ROUGET DE L'ISLE;;;;370
201500025366;15;2;22;1715;1;2;1;1;7;195;25 ROUTE DE SAIT-GENOUPH;;;;370
201500025367;15;4;1;915;1;2;7;1;6;261;14 Av DE LA TRANCHEE;;;;370
201500025368;15;4;1;1400;1;2;2;1;3;261;RUE DE CALAIS;;;;370
201500025369;15;4;1;1530;1;2;6;1;6;261;PLACE JEAN JAURES;;;;370
201500025370;15;1;7;744;5;2;1;8;3;261;250 RUE GIRAUDEAU;;;;370
201500025371;15;4;3;2100;5;2;3;3;7;261;55 RUE  ENTRAIGUES;;;;370
201500025372;15;1;10;1635;1;2;1;1;4;261;11 AVENUE PROUDHON;;;;370
201500025373;15;4;3;2315;5;2;2;2;3;261;RUE VICTOR  HUGO;;;;370
201500025374;15;1;13;800;1;2;2;1;2;261;62 DANIEL MAYER;;;;370
201500025375;15;4;3;2335;5;2;1;2;2;261;56 AV MARCEL DASSAULT;;;;370
201500025376;15;1;22;1401;1;2;1;1;6;122;RUE DE VERDUN;;;;370
201500025377;15;4;2;1330;1;2;1;1;6;261;BOULEVARD  TONNELLE;;;;370
201500025378;15;1;25;1110;1;2;1;1;6;122;PLACE DU GL LECLERC;;;;370
201500025379;15;4;3;1958;1;2;6;8;3;261;AV GEORGE POMPIDOU;;;;370
201500025380;15;1;30;800;1;2;6;8;7;214;76 RUE DE PORTILLON;;;;370
201500025381;15;4;4;1340;1;2;2;1;3;261;RUE FRANCOIS ARAGO;;;;370
201500025382;15;2;5;835;1;2;1;1;6;261;ROUTE DE  SAVONNIERES;;;;370
201500025383;15;4;4;1850;1;2;6;1;3;261;ROND POINT ALFRED NOBEL;;;;370
201500025384;15;2;11;745;1;2;1;1;7;261;RUE DE l'AUBERDIERE;;;;370
201500025385;15;4;4;1936;1;1;1;1;1;195;LEVEE DU CHER;;;;370
201500025386;15;2;11;800;1;2;2;8;6;261;PLACE SAINT ELOI;;;;370
201500025387;15;4;7;830;1;2;2;1;3;233;RUE PIERRE SEMARD;;;;370
201500025388;15;2;11;830;1;2;1;1;6;261;76, AVENUE DE L'EUROPE;;;;370
201500025389;15;4;7;908;1;2;1;1;4;208;RUE DE  LARCAY;;;;370
201500025390;15;4;7;1005;1;2;1;1;3;233;RUE DU 23  FEVRIER 1950;;;;370
201500025391;15;4;7;1310;1;2;2;1;3;261;RUE JEANNE WEDELLS;;;;370
201500025392;15;4;8;955;1;2;1;1;6;261;1 PLACE JEAN CARPEAUX;;;;370
201500025393;15;4;8;1515;1;2;1;1;2;233;AVENUE JACQUES DUCLOS;;;;370
201500025394;15;4;8;2200;2;2;1;1;6;261;JAURES (PLACE JEAN);;;;370
201500025395;15;4;9;800;1;2;3;1;3;122;RUE DU PONT  VOLANT;;;;370
201500025396;15;4;8;2030;1;2;1;1;2;233;QUAI DE LA LOIRE;;;;370
201500025397;15;4;10;2010;2;2;1;2;2;233;29 BD JEAN JAURES;;;;370
201500025398;15;4;5;1117;1;1;1;1;6;122;RD 37;;;;370
201500025399;15;2;16;1810;1;2;1;1;6;261;48  RUE D'ENTRAIGUES;;;;370
201500025400;15;4;12;1235;1;2;6;1;6;233;AVENUE STALINGRAD;;;;370
201500025401;15;4;12;1700;1;1;6;1;3;261;BD ABEL GANCE;;;;370
201500025402;15;4;12;1635;1;2;1;1;6;261;DANIEL MAYER;;;;370
201500025403;15;4;13;1118;1;2;1;1;6;261;50 RUE DES  TANNEURS;;;;370
201500025404;15;4;12;1910;1;2;2;1;3;261;8 RUE DE  SUEDE;M;0;0;370
201500025405;15;4;14;1315;1;1;1;1;2;261;PLACE CHOISEUL;;;;370
201500025406;15;4;15;1250;1;2;2;1;3;261;RUE GIRAUDEAU;;;;370
201500025407;15;4;15;1340;1;2;6;1;3;261;RUE DES TANNEURS;;;;370
201500025408;15;4;15;2000;1;2;1;1;7;261;35 RUE DE  LILLE;;;;370
201500025409;15;3;7;115;5;2;1;1;6;208;57 RUE DE  LARCAY;;;;370
201500025410;15;4;19;120;5;2;2;1;3;261;RUE DU  GAL  RENAULT;;;;370
201500025411;15;4;19;1525;1;2;1;1;1;261;AV COMPAGNONS D'EMMAUS;;;;370
201500025412;15;4;20;810;1;2;1;1;6;261;6BIS BD BERANGER;;;;370
201500025413;15;1;3;650;5;2;1;2;6;261;BD LOUIS XI;;;;370
201500025414;15;4;20;1135;1;2;3;1;3;122;RUE DU PONT VOLANT;;;;370
201500025415;15;1;7;1505;1;2;1;1;7;122;10 BIS RUE GALLIENI;;;;370
201500025416;15;4;22;1247;1;2;1;1;6;214;141 BD CHARLE DE GAULLE;;;;370
201500025417;15;1;7;1815;5;2;2;1;3;261;AVENUE MARCEL MERIEUX;;;;370
201500025418;15;4;22;1550;1;2;2;1;3;261;DANIEL MAYER;;;;370
201500025419;15;1;9;825;5;2;1;2;6;261;RUE PIERRE MARIE CURIE;;;;370
201500025420;15;4;21;1700;1;2;1;1;2;261;PONT SAINT SAUVEUR;;;;370
201500025421;15;1;19;1805;3;2;2;1;3;261;RUE D'ENTRAIGUES;;;;370
201500025422;15;4;21;1740;1;2;1;1;7;261;CARREFOUR DE L ALOUETTE;;;;370
201500025423;15;1;20;830;5;2;3;1;3;261;RUE SAINT BARTHELEMY;;;;370
201500025424;15;4;21;1915;1;1;2;1;6;261;QUAI ANDRE MALRAUX;;;;370
201500025425;15;1;20;850;1;2;1;1;5;261;96 QUAI PAUL BERT;;;;370
201500025426;15;4;23;805;1;2;3;1;1;195;RUE  RONSARD;;;;370
201500025427;15;1;20;855;2;2;2;1;3;261;RUE GIRAUDEAU;;;;370
201500025428;15;4;23;2110;5;2;2;1;3;261;RUE NATIONALE;;;;370
201500025429;15;1;24;1501;1;2;3;1;3;261;RUE CROIX PASQUIER;;;;370
201500025430;15;4;24;35;5;2;1;1;6;261;96 RUE GEORGES SAND;;;;370
201500025431;15;1;27;730;5;2;1;1;2;261;64 BOULEVARD BERANGER;;;;370
201500025432;15;4;24;1320;1;2;1;1;3;261;PLACE NICOLAS COPERNIC;;;;370
201500025433;15;1;30;2010;5;2;2;1;3;261;BD RICHARD WAGNER;;;;370
201500025434;15;4;24;1355;1;1;1;1;7;122;RTE DE MONTS;;;;370
201500025435;15;2;2;615;5;2;1;1;3;261;64 RUE DANIEL MAYER;;;;370
201500025436;15;4;24;1720;1;2;6;1;2;261;RUE DE LA VICTOIRE;;;;370
201500025437;15;2;2;755;5;2;1;1;6;261;RUE DE  LA VICTOIRE;;;;370
201500025438;15;4;25;1535;1;2;6;1;6;261;AVENUE GEORGES POMPIDOU;;;;370
201500025439;15;2;6;1340;1;2;3;1;3;261;BD RICHARD WAGNER;;;;370
201500025440;15;4;22;835;1;1;1;1;3;233;AVENUE JACQUES DUCLOS;;;;370
201500025441;15;2;6;1900;5;2;3;1;6;261;BD DU MARECHAL JUIN;;;;370
201500025442;15;4;26;1900;1;2;6;3;3;261;ROND POINT MULHEIM;;;;370
201500025443;15;2;11;1400;1;2;2;1;3;261;RUE DE LA FUYE;;;;370
201500025444;15;4;29;720;1;2;3;1;3;233;69 RUE GABRIEL PERRY;;;;370
201500025445;15;2;13;1000;1;1;1;1;7;122;PARC DE LA LIODIERE;;;;370
201500025446;15;4;23;1910;1;2;1;1;6;122;RUE LAMARTINE;;;;370
201500025447;15;4;30;2150;3;2;1;3;7;261;RD 37;;;;370
201500025448;15;5;1;400;5;2;1;3;2;261;BD ABEL GANCE;M;0;0;370
201500025449;15;5;2;2055;5;2;1;3;7;261;57 RUE DANIEL MAYER;M;0;0;370
201500025450;15;4;30;2004;1;1;1;3;5;261;66 AV MARCEL DASSAULT;;;;370
201500025451;15;5;2;1155;1;2;1;8;7;208;AVENUE DU LAC;;;;370
201500025452;15;5;5;615;2;2;1;8;7;261;AV CAMILLE CHAUTEMPS;;;;370
201500025453;15;5;5;1915;1;2;1;1;3;261;20 RUE DE  BERGEONERIE;;;;370
201500025454;15;3;15;35;5;2;1;1;7;261;1 QUAI ANDRE  MALRAUX;;;;370
201500025455;15;3;6;1709;1;2;1;1;2;261;PLACE  THIERS;;;;370
201500025456;15;5;1;1840;1;1;1;3;6;122;;;;;370
201500025457;15;5;6;1455;1;2;3;1;3;261;STENDHAL (AVENUE);;;;370
201500025458;15;5;7;1247;1;2;2;1;3;261;RUE DE JEMMAPES;;;;370
201500025459;15;5;7;1835;1;2;1;1;7;261;134 BD HEURTELOUP;;;;370
201500025460;15;3;18;1210;1;2;1;1;7;261;134 RUE DU  PLAT D'ETAIN;;;;370
201500025461;15;1;2;2000;3;1;1;5;7;122;CHEMIN CHAMBRAY/ISERNAY;;;;370
201500025462;15;3;24;1030;1;2;3;2;7;261;AVENUE DE FLORENCE;;;;370
201500025463;15;1;17;2230;5;2;1;1;7;122;80 BD JEAN JAURES;;;;370
201500025464;15;5;11;40;5;2;2;1;3;261;RUE CLOS SAINT LIBERT;M;0;0;370
201500025465;15;1;26;2113;5;2;6;8;7;261;RUE DES  TANNEURS;;;;370
201500025466;15;5;12;1140;1;2;2;1;3;261;RUE  DELACROIX;;;;370
201500025467;15;2;13;1;4;2;1;1;6;261;AVENUE MARCEL DASSAULT;;;;370
201500025468;15;5;12;1225;1;1;3;1;6;122;AVENUE DE   BORDEAUX;;;;370
201500025469;15;5;15;1710;1;1;1;1;7;261;RUE CHRISTIAN HUYGENS;;;;370
201500025470;15;5;17;1548;1;2;1;1;6;195;RUE DE LA  MAIRIE;;;;370
201500025471;15;5;19;1755;1;2;3;1;3;233;RUE MARTIN AUDENET;;;;370
201500025472;15;5;19;1945;1;2;3;1;6;261;197 AVENUE DE GRAMMONT;;;;370
201500025473;15;5;20;515;5;2;3;1;3;122;PONT CHER (RUE DU);;;;370
201500025474;15;5;20;1030;1;2;6;2;7;261;CARREF FRANCAIS LIBRES;;;;370
201500025475;15;3;24;715;1;2;1;1;6;261;17   AVENUE  PROUDHON;;;;370
201500025476;15;5;21;1210;1;2;1;1;3;261;14 AVENUE DE LA TRANCHEE;;;;370
201500025477;15;5;20;1800;1;2;2;1;1;261;AVENUE DE LA REPUBLIQUE;;;;370
201500025478;15;5;20;1615;1;1;3;1;1;195;ROUTE DE ST-GENOUPH/PAVI;;;;370
201500025479;15;5;23;1500;1;2;1;1;7;261;PONT  MIRABEAU/PAUL BERT;;;;370
201500025480;15;5;25;1145;1;2;2;1;3;195;150 RUE DE LA MAIRIE;;;;370
201500025481;15;5;26;1120;1;2;1;1;6;214;BD CHARLE DE GAULLE;;;;370
201500025482;15;5;28;940;1;2;1;1;6;214;RUE DES SOURCES;;;;370
201500025483;15;4;28;2315;5;2;2;1;2;261;AVENUE DE FLORENCE;;;;370
201500025484;15;5;28;2315;5;2;2;1;2;261;AVENUE DE FLORENCE;M;0;0;370
201500025485;15;5;28;1210;1;2;1;1;7;122;RUE DE  VERDUN;;;;370
201500025486;15;5;29;1830;1;2;1;1;7;195;LEVEE DE LA LOIRE;;;;370
201500025487;15;5;29;1649;1;2;1;1;2;261;AV GUSTAVE   EIFFEL;;;;370
201500025488;15;5;30;1525;1;2;1;1;2;261;7 RUE DE LA VICTOIRE;;;;370
201500025489;15;1;3;1615;1;2;1;2;7;261;38 PLACE  GASTON PAILHOU;;;;370
201500025490;15;5;31;1218;1;2;1;1;3;261;PLACE CHOISEUL;;;;370
201500025491;15;6;2;1820;1;2;1;1;1;122;RUE DE BEAULIEU;;;;370
201500025492;15;6;3;1340;1;2;1;1;3;261;10 RUE DANIEL MAYER;;;;370
201500025493;15;6;4;730;1;1;6;1;3;233;0, STALINGRAD (AVENUE);;;;370
201500025494;15;6;4;850;1;1;1;1;4;261;RD 37;;;;370
201500025495;15;6;3;1950;1;2;6;1;3;122;190 BD DE CHINON;;;;370
201500025496;15;6;5;1530;1;2;2;1;1;233;31 RUE MARTIN  AUDENET;;;;370
201500025497;15;6;7;4;3;2;1;1;7;122;50 RUE DE  BEAULIEU;M;0;0;370
201500025498;15;3;16;1300;1;2;6;1;6;122;CUGNOT (RUE JOSEPH);;;;370
201500025499;15;6;8;820;1;2;1;1;6;208;54 AV DU GAL DE GAULLE;M;0;0;370
201500025500;15;6;8;1205;1;2;6;1;3;214;169 RUE DES SOURCES;;;;370
201500025501;15;6;8;2215;3;2;1;1;6;195;;M;0;0;370
201500025502;15;6;8;1715;1;1;1;1;2;122;RD 37;;;;370
201500025503;15;6;9;855;1;2;1;1;3;261;115 RUE  GIRAUDEAU;;;;370
201500025504;15;4;1;950;1;2;1;1;2;261;AVENUE DE  GRAMMONT;;;;370
201500025505;15;6;9;1427;1;1;1;1;6;233;LEVEE DE LA LOIRE;;;;370
201500025506;15;6;9;1905;1;2;6;1;3;122;RUE DE LA DOUZILLIERE;;;;370
201500025507;15;3;17;1602;1;2;1;1;2;261;BD  DU  MARECHAL  JUIN;;;;370
201500025508;15;6;10;1422;1;2;1;2;7;261;AV ANDRE MAGINOT;;;;370
201500025509;15;6;11;1216;1;2;1;1;5;122;156 BD JEAN  JAURES;;;;370
201500025510;15;6;12;1111;1;2;6;2;3;261;ROUTE DE SAVONNIERES;;;;370
201500025511;15;6;12;1150;1;2;3;2;3;261;AV CAMILLE  CHAUTEMPS;;;;370
201500025512;15;6;12;1415;1;2;1;1;6;122;ALLEE DU BOSQUET;;;;370
201500025513;15;6;13;1730;1;1;6;1;3;261;BD ABEL GANCE;;;;370
201500025514;15;6;13;1730;1;2;1;1;7;208;38 RUE DES  HERAULTS;;;;370