num_acc;an;mois;jour;hrmn;lum;agg;int;atm;col;com;adr;gps;lat;long;dep
201500025515;15;6;14;1715;1;2;1;8;6;261;205 RUE DES BORDIERS;;;;370
201500025516;15;6;17;813;1;2;2;1;3;261;RUE STEPHANE  PITARD;;;;370
201500025517;15;6;17;1745;1;2;3;1;3;122;RUE DE VERDUN;;;;370
201500025518;15;6;19;1335;1;2;1;1;3;122;04 AV DU GAL DE GAULLE;;;;370
201500025519;15;6;15;515;3;2;1;2;3;214;BD CHARLES DE GAULLE;;;;370
201500025520;15;6;21;1400;1;2;1;1;7;214;36 RUE HENRI LEBRUN;M;0;0;370
201500025521;15;6;21;2030;1;2;2;1;3;261;RUE  NATIONALE;M;0;0;370
201500025522;15;6;24;1435;1;2;1;1;7;261;PONT MIRABEAU;M;0;0;370
201500025523;15;6;24;1935;1;1;9;1;3;122;ROUTE DE MONTS;M;0;0;370
201500025524;15;6;10;1235;1;2;1;2;2;208;AVENUE DU LAC;M;0;0;370
201500025525;15;6;26;736;1;2;1;1;2;122;ROUTE DE SAVONNIERES;M;0;0;370
201500025526;15;7;2;1715;1;2;1;1;3;261;QUAO ANDRE MALRAUX;M;0;0;370
201500025527;15;6;27;1520;1;2;1;7;2;208;103 RUE DE  LARCAY;;;;370
201500025528;15;6;26;1730;1;2;1;1;2;122;RUE GUTENBERG;M;0;0;370
201500025529;15;6;30;1845;1;2;1;1;6;261;8 BIS BD BERANGER;M;0;0;370
201500025530;15;6;30;2040;1;2;3;1;6;261;RUE GIRAUDEAU;M;0;0;370
201500025531;15;7;1;1135;1;2;2;1;3;122;RUE PASTEUR;M;0;0;370
201500025532;15;7;1;1125;1;2;1;1;3;233;10 RUE DE BRETECHE;M;0;0;370
201500025533;15;5;11;840;1;1;1;1;2;261;BD ABEL GANCE;M;0;0;370
201500025534;15;5;13;1858;1;2;9;1;5;122;BOULEVARD DE CHINON;;;;370
201500025535;15;7;2;1050;1;2;3;1;6;122;RUE DE VERDUN;M;0;0;370
201500025536;15;7;3;2340;5;2;7;1;6;195;28 PLACE SAINT ANNE;M;0;0;370
201500025537;15;7;3;1120;1;1;2;1;3;214;AVENUE DE LA REPUBLIQUE;M;0;0;370
201500025538;15;7;5;2100;1;2;3;1;3;233;PONT JEAN MOULIN;M;0;0;370
201500025539;15;7;7;905;1;2;2;1;6;261;AVENUE SAINT LAZARE;M;0;0;370
201500025540;15;5;15;1734;1;2;1;1;2;122;AVENUE DE BORDEAUX;M;0;0;370
201500025541;15;7;7;2300;3;2;1;1;6;122;RD 37;M;0;0;370
201500025542;15;7;8;800;1;2;1;1;6;261;AVENUE DE L EUROPE;M;0;0;370
201500025543;15;5;21;1619;1;2;1;1;7;261;RUE JACQUES  MONOD;;;;370
201500025544;15;7;8;345;3;2;1;1;6;233;QUAI DE LA LOIRE;M;0;0;370
201500025545;15;7;9;930;1;2;1;1;2;233;RUE DU COLOMBIER;M;0;0;370
201500025546;15;7;10;1920;1;2;3;1;3;208;RUE DE CORMERY;M;0;0;370
201500025547;15;6;18;1445;1;2;1;1;6;261;PROMENADE DE FLORENCE;M;0;0;370
201500025548;15;6;16;830;1;2;8;1;7;122;ROUTE DES  VAUX;M;0;0;370
201500025549;15;7;14;18;5;2;1;1;6;261;208 RUE  JOLIVET;M;0;0;370
201500025550;15;7;14;2030;1;2;2;1;3;233;AVENUE LENINE;M;0;0;370
201500025551;15;7;15;1642;1;1;1;1;7;261;;M;0;0;370
201500025552;15;7;15;1130;1;2;2;1;3;261;RUE DE  TOURCOING;M;0;0;370
201500025553;15;7;16;1632;1;2;1;1;6;261;2 RUE NICOLAS POUSSIN;M;0;0;370
201500025554;15;7;17;1740;1;2;1;1;4;261;PONT SAINT SAUVEUR;M;0;0;370
201500025555;15;7;6;2210;5;2;6;1;6;122;TROIS CROIX (PLACE DES);;;;370
201500025556;15;7;17;1910;1;2;1;1;6;122;RUE GERMAIN PILON;M;0;0;370
201500025557;15;7;23;824;1;2;3;1;3;261;RUE DU  COLOMBIER;M;0;0;370
201500025558;15;7;10;1930;1;2;1;1;1;261;326 RUE ED VAILLANT;M;0;0;370
201500025559;15;7;24;1545;1;2;1;1;6;261;RUE FLEURY;M;0;0;370
201500025560;15;7;25;2125;2;2;1;1;6;261;PLACE ANATOLE  FRANCE;M;0;0;370
201500025561;15;7;19;2035;1;2;1;1;7;122;RUE DU BOIS TAILHAR;M;0;0;370
201500025562;15;7;27;1540;1;2;1;1;2;261;AV DU GL DE GAULLE;;;;370
201500025563;15;7;28;2010;1;2;1;1;7;214;RUE DU BOCAGE;M;0;0;370
201500025564;15;7;26;1220;1;2;4;2;1;261;AVENUE GEORGES POMPIDOU;M;0;0;370
201500025565;15;7;30;1620;1;2;2;1;1;233;AV DE LA REPUBLIQUE;M;0;0;370
201500025566;15;8;4;1058;1;1;1;1;6;122;26  RUE DE DOUZILLIERE;M;0;0;370
201500025567;15;8;4;1535;1;2;1;1;1;261;BOULEVARD TONNELLE;M;0;0;370
201500025568;15;8;7;2315;5;2;1;1;7;261;QUAI DE MARMOUTIER;M;0;0;370
201500025569;15;7;31;1550;1;2;1;1;2;214;307 BD C DE GAULLE;M;0;0;370
201500025570;15;8;8;1326;1;1;1;8;3;122;BD DES  BRETONNIERES;M;0;0;370
201500025571;15;8;7;1558;1;2;2;1;6;195;RUE SAINT FRANCOIS;M;0;0;370
201500025572;15;8;9;900;1;2;1;2;7;261;AV DE LA  REPUBLIQUE;M;0;0;370
201500025573;15;8;9;1553;1;2;1;1;3;261;89 BIS BD HEURTELOUP;M;0;0;370
201500025574;15;8;10;840;1;2;1;1;3;214;179 RUE DE LA LANDE;M;0;0;370
201500025575;15;8;7;1130;1;2;1;1;6;195;2 RUE FRANCOIS MITTERAND;M;0;0;370
201500025576;15;8;11;2015;1;2;4;1;3;233;BD JAURES;M;0;0;370
201500025577;15;8;13;945;1;2;1;2;7;261;QUAI ANDRE MALRAUX;;;;370
201500025578;15;8;13;1755;1;2;1;8;7;261;RUE ROGER SALENGRO;M;0;0;370
201500025579;15;8;13;2105;5;2;1;2;7;261;40 RUE DES  TANNEURS;M;0;0;370
201500025580;15;8;14;1445;1;2;1;2;6;261;AVENUE STENDHAL;M;0;0;370
201500025581;15;8;16;1525;1;2;1;1;6;208;86 RUE DES HERAULTS;M;0;0;370
201500025582;15;8;16;1730;1;2;3;1;6;261;ALLEE DE CANGE;M;0;0;370
201500025583;15;8;18;1840;1;1;1;1;7;122;RD 37;M;0;0;370
201500025584;15;8;18;1830;1;2;1;1;3;195;PLACE SAINTE ANNE;M;0;0;370
201500025585;15;8;19;2010;1;2;2;1;3;261;RUE  AMBOISE;M;0;0;370
201500025586;15;8;19;1800;1;2;1;1;4;122;RUE DE LA BERGEONNERIE;M;0;0;370
201500025587;15;8;6;1652;1;2;1;1;7;261;11 PL GASTON PAILHOU;M;0;0;370
201500025588;15;8;6;1812;1;2;1;1;1;208;43 RUE DE  LARCAY;M;0;0;370
201500025589;15;8;21;2350;5;2;4;1;2;233;RUE MARCEL CACHIN;M;0;0;370
201500025590;15;8;22;240;5;2;1;1;7;214;QUAI DE LA LOIRE;M;0;0;370
201500025591;15;8;24;745;1;2;6;2;7;261;RONDPOINT TROIS RIVIERES;M;0;0;370
201500025592;15;8;24;1200;1;2;6;2;7;214;RUE DES BORDIERS;M;0;0;370
201500025593;15;8;25;725;1;2;6;1;3;122;RUE DES MARTYRS;M;0;0;370
201500025594;15;8;25;1145;1;2;1;1;2;261;AVENUE DE GRAMMONT;M;0;0;370
201500025595;15;8;21;1000;1;2;1;1;3;261;AV GEORGES POMPIDOU;M;0;0;370
201500025596;15;8;24;1350;1;2;1;1;7;214;RUE D AMBOISE;M;0;0;370
201500025597;15;8;24;1635;1;2;1;1;7;122;RUE LAVOISIER;M;0;0;370
201500025598;15;8;24;1650;1;1;1;1;2;261;ROUTE DE SAINT AVERTIN;;;;370
201500025599;15;8;27;2100;5;2;2;3;6;261;RUE LEON BOYER;M;0;0;370
201500025600;15;8;28;605;5;2;1;2;7;122;58 BD JEAN JAURES;;;;370
201500025601;15;8;27;845;1;1;1;1;3;122;RD 37;M;0;0;370
201500025602;15;8;27;1025;1;2;2;2;3;261;RUE DU CLOS SAINT LIBERT;M;0;0;370
201500025603;15;9;1;1652;1;2;1;1;5;261;AVENUE GEORGES POMPIDOU;M;0;0;370
201500025604;15;9;1;1200;1;2;2;1;3;233;RUE LINE  PORCHER;M;0;0;370
201500025605;15;9;1;1230;1;2;1;1;7;261;ALLEE FERDINAND LESSEPS;M;0;0;370
201500025606;15;9;2;840;1;2;1;1;3;261;AVENUE ED  MICHELIN;M;0;0;370
201500025607;15;9;2;1240;1;2;2;1;3;261;QUAI ANDRE MALRAUX;M;0;0;370
201500025608;15;9;2;1900;1;2;1;1;1;261;PLACE DU MAL LECLERC;M;0;0;370
201500025609;15;8;27;1820;1;1;1;1;6;261;BOULEVARD BERANGER;;;;370
201500025610;15;9;3;954;1;2;2;1;6;261;24 AVENUE DE GRAMMONT;M;0;0;370
201500025611;15;9;4;1615;1;2;1;1;6;261;40 AVENUE DE  GRAMMONT;M;0;0;370
201500025612;15;9;4;1855;1;2;2;1;3;208;RUE DE LA SABOTERIE;M;0;0;370
201500025613;15;9;7;820;1;2;1;1;3;195;04 RUE JULES VERNE;M;0;0;370
201500025614;15;9;7;840;1;1;1;1;7;122;RD 37;M;0;0;370
201500025615;15;9;7;810;1;2;1;1;7;261;PLACE DE LA  VICTOIRE;M;0;0;370
201500025616;15;9;8;1300;1;2;3;1;2;208;RUE DES CICOTTEES;M;0;0;370
201500025617;15;9;8;1930;1;2;3;1;3;261;BOULEVARD PREUILLY;M;0;0;370
201500025618;15;9;9;850;1;2;1;1;3;233;45  QUAI DE  LA LOIRE;M;0;0;370
201500025619;15;9;9;1900;1;2;1;1;3;261;RUE ARTHUR RIMBAUD;M;0;0;370
201500025620;15;9;10;800;1;2;8;1;1;122;ROUTE DE MONTS;M;0;0;370
201500025621;15;9;10;827;1;2;1;1;2;261;15 QUAI DE  PORTILLON;M;0;0;370
201500025622;15;9;10;1620;1;2;1;1;6;261;69 AVENUE DE  GRAMMONT;M;0;0;370
201500025623;15;9;10;1530;1;2;6;1;3;261;PONT SAINT SAUVEUR;M;0;0;370
201500025624;15;9;11;4;5;2;1;1;2;261;PLACE ANATOLE FRANCE;;;;370
201500025625;15;9;11;1345;1;2;1;1;1;261;PLACE ANATOLE FRANCE;M;0;0;370
201500025626;15;9;12;1020;1;2;1;2;7;261;57 AVENUE DE  GRAMMONT;M;0;0;370
201500025627;15;9;11;2035;5;2;2;1;3;261;RUE DU GAL CHANZY;M;0;0;370
201500025628;15;7;27;820;1;2;1;1;3;122;144 BD JEAN JAURES;M;0;0;370
201500025629;15;9;13;2035;5;2;1;2;7;261;1 BD  HEURTELOUP;M;0;0;370
201500025630;15;9;10;1955;1;2;2;1;3;208;RUE DES FONTAINES;M;0;0;370
201500025631;15;9;15;2005;3;2;1;2;7;261;RUE PINGUET GUINDON;M;0;0;370
201500025632;15;9;16;835;1;2;3;3;7;233;., CUGNOT (RUE JOSEPH);M;0;0;370
201500025633;15;9;16;1425;1;2;2;3;7;261;RUE SEBASTOPOL;M;0;0;370
201500025634;15;9;18;1537;1;2;4;3;3;122;BD DES BRETONNIERES;M;0;0;370
201500025635;15;9;18;1735;1;2;7;1;6;261;PLACE FRANCOIS SICARD;M;0;0;370
201500025636;15;9;18;1845;1;2;6;3;6;122;RUE DE LA GITONNIERE;M;0;0;370
201500025637;15;9;19;930;1;2;1;1;2;261;ROUTE DE ROUZIERS;M;0;0;370
201500025638;15;9;21;1625;1;2;1;1;7;261;52 RUE NATIONALE;M;0;0;370
201500025639;15;8;27;1400;1;2;2;1;3;261;RUE  CAULAINCOURT;;;;370
201500025640;15;8;27;1725;1;2;3;1;2;233;RUE HOCHE;;;;370
201500025641;15;9;22;1835;1;2;2;1;2;233;BD JEAN JAURES;M;0;0;370
201500025642;15;8;14;830;1;2;1;1;7;195;RUE JEAN  MOULIN;M;0;0;370
201500025643;15;8;15;1235;1;2;3;1;3;261;81 AVENUE DE  GRAMMONT;M;0;0;370
201500025644;15;9;24;1915;1;2;7;1;3;261;2 PLACE CHOISEUL;M;0;0;370
201500025645;15;9;25;755;1;2;1;1;7;208;AVENUE DE  BEAUGAILLARD;M;0;0;370
201500025646;15;9;25;1350;1;2;3;1;3;261;ROUTE DE SAINT AVERTIN;;;;370
201500025647;15;9;25;1915;1;2;2;1;3;261;RUE MICHEL COLOMBE;M;0;0;370
201500025648;15;9;25;340;5;2;1;1;6;214;56 RUEDE PORTILLON;M;0;0;370
201500025649;15;9;26;1800;1;2;3;1;2;261;QUAI PAUL BERT;M;0;0;370
201500025650;15;9;27;600;3;1;1;1;7;122;RD 37;;;;370
201500025651;15;9;27;2215;3;2;1;1;2;122;RD 37;M;0;0;370
201500025652;15;9;28;812;1;2;1;1;6;122;RUE DE LA  DOUZILLIERE;M;0;0;370
201500025653;15;9;28;850;1;2;3;1;6;261;BD WILSON CHURCHILL;M;0;0;370
201500025654;15;9;28;940;1;2;1;1;1;122;RUE DE BOIS TAILHAR;M;0;0;370
201500025655;15;9;28;1710;1;2;2;1;6;233;AVENUE LENINE;M;0;0;370
201500025656;15;9;28;1615;1;2;3;1;3;261;RUE DE TOURCOING;M;0;0;370
201500025657;15;9;29;910;1;2;1;1;6;261;120 AVENUE DE  GRAMMONT;M;0;0;370
201500025658;15;9;18;1915;2;2;1;2;7;261;AVENUE GUSTAVE  EIFFEL;M;0;0;370
201500025659;15;9;29;2230;5;2;2;1;3;261;RUE DU  GRAND-MARCHE;M;0;0;370
201500025660;15;9;30;905;1;2;3;1;5;208;RUE DES CIGOGNES;M;0;0;370
201500025661;15;9;29;1320;1;2;1;1;3;261;RUE AUGUSTE CHEVALLIER;M;0;0;370
201500025662;15;9;30;1354;1;2;1;1;7;261;86 BD THIERS;M;0;0;370
201500025663;15;9;30;1910;1;2;2;1;3;261;RUE DE METZ;M;0;0;370
201500025664;15;8;9;1015;1;1;1;3;7;122;RD 37;M;0;0;370
201500025665;15;10;1;1255;1;2;2;1;6;122;BD JEAN JAURES;M;0;0;370
201500025666;15;10;1;1430;1;2;3;1;3;261;BD HEURTELOUP;;;;370
201500025667;15;10;1;1834;1;2;1;1;6;261;20 BIS ROUGET DE L'ISLE;M;0;0;370
201500025668;15;10;1;2155;5;2;1;1;1;261;64 RUE  RONSARD;M;0;0;370
201500025669;15;10;2;825;1;2;2;1;3;233;RUE MAURICE  BEAUFILS;M;0;0;370
201500025670;15;9;18;1657;1;2;1;2;2;261;51 AVENUE DE PONT CHER;M;0;0;370
201500025671;15;10;2;1440;1;2;1;1;3;261;134 BD HEURTELOUP;M;0;0;370
201500025672;15;10;2;1755;1;2;1;1;2;122;RUE DU  PONT CHER;M;0;0;370
201500025673;15;10;2;1714;1;2;1;1;7;233;AVENUE DE LA REPUBLIQUE;M;0;0;370
201500025674;15;10;6;815;1;2;1;1;2;122;ROUTE DE MONTS;M;0;0;370
201500025675;15;10;8;1754;1;2;2;1;3;261;BD MARCHANT DU PLESSIS;M;0;0;370
201500025676;15;10;11;340;3;2;1;1;4;261;RD 37;M;0;0;370
201500025677;15;10;11;530;5;2;1;1;6;261;PLACE JEAN JAURES;M;0;0;370
201500025678;15;10;12;540;5;2;3;1;1;233;AVENUE JACQUES DUCLOS;M;0;0;370
201500025679;15;10;13;525;5;2;6;1;3;261;AVENUE  DU DANEMARK;M;0;0;370
201500025680;15;10;13;820;1;2;1;1;3;261;107  RUE GIRAUDEAU;M;0;0;370
201500025681;15;10;13;1730;1;1;3;1;3;122;PARC DE LA LIODIERE;M;0;0;370
201500025682;15;10;13;2020;5;2;3;1;1;261;AVENUE PORTALIS;M;0;0;370
201500025683;15;10;15;2138;5;2;2;1;1;122;RUE DES MARTYRS;M;0;0;370
201500025684;15;10;15;1210;1;2;1;1;6;261;9 R  COMMANDANT BOURGOIN;M;0;0;370
201500025685;15;10;16;1115;1;2;3;8;3;233;175bis, HONORE BALZAC;;;;370
201500025686;15;10;12;1129;1;1;9;1;5;261;RD 37;M;0;0;370
201500025687;15;10;16;2050;5;2;1;1;6;261;191 RUE ED   VAILLANT;M;0;0;370
201500025688;15;10;17;720;5;2;1;1;6;233;6 QUAI DE LA LOIRE;M;0;0;370
201500025689;15;10;17;1855;2;2;1;1;2;261;PONT SAINT SAUVEUR;M;0;0;370
201500025690;15;10;19;735;1;1;1;1;5;195;PERIPHERIQUE OUEST;M;0;0;370
201500025691;15;10;19;1558;1;2;1;1;3;261;26 RUE GEORGES MELIES;M;0;0;370
201500025692;15;10;19;2145;5;2;1;1;1;195;RD 88;M;0;0;370
201500025693;15;10;20;1300;1;1;1;1;7;208;RUE DE  ROCHEPINARD;M;0;0;370
201500025694;15;10;20;1613;1;2;1;1;6;233;82 AVENUE  REPUBLIQUE;M;0;0;370
201500025695;15;10;21;1220;1;2;1;1;3;261;34 AV  MAGINOT;M;0;0;370
201500025696;15;8;5;1430;1;1;1;1;6;122;RUE JOSEPH CUGNOT;;;;370
201500025697;15;10;22;1945;5;2;2;2;6;122;AVENUE DE BORDEAUX;M;0;0;370
201500025698;15;9;4;1140;1;2;1;1;6;261;BD WILSON CHURCHILL;;;;370
201500025699;15;10;26;1435;1;1;1;1;2;195;BOULEVARD LOUIS XI;M;0;0;370
201500025700;15;10;27;710;1;2;2;1;3;261;RUE CHOPIN;;;;370
201500025701;15;10;27;1945;5;2;6;2;2;261;BD WINSTON CHURCHILL;M;0;0;370
201500025702;15;10;27;1900;3;1;1;2;5;233;AVENUE JACQUE DUCLOS;M;0;0;370
201500025703;15;10;28;1222;1;2;3;1;1;261;2 RUE GEORGES MELIES;M;0;0;370
201500025704;15;10;28;1350;1;2;1;1;3;261;QUAI ANDRE MALRAUX;M;0;0;370
201500025705;15;8;28;2140;5;2;1;1;3;122;JEAN JAURES;;;;370
201500025706;15;9;29;2055;5;2;6;1;7;261;LES FRANCAIS LIBRES;M;0;0;370
201500025707;15;10;29;2055;5;2;6;1;7;261;FRANCAIS LIBRES;M;0;0;370
201500025708;15;10;29;1500;1;2;1;1;4;261;121 BD HEURTELOUP;M;0;0;370
201500025709;15;11;1;1500;1;2;1;1;7;233;107 RUE DE   RABATERIE;;;;370
201500025710;15;11;2;1225;1;2;1;1;1;261;7 RUE PIERRE  LEPAGE;M;4742817;69098;370
201500025711;15;11;2;1410;1;2;1;1;6;261;31 AVENUE  MONGE;M;4735771;70212;370
201500025712;15;11;2;1605;1;2;1;1;6;261;247 RUE DES DOUETS;M;4743456;67789;370
201500025713;15;11;2;1810;5;2;1;1;6;122;17 RUE JULES FERRY;;;;370
201500025714;15;11;3;755;1;1;3;1;3;233;QUAI DE LA LOIRE;M;4739669;72651;370
201500025715;15;11;3;820;1;1;3;1;2;233;QUAI DE LA LOIRE;M;4739669;72651;370
201500025716;15;11;4;1335;1;2;1;1;6;261;104 RUE  NATIONALE;M;;;370
201500025717;15;11;5;800;1;2;6;1;3;233;RUE VAILLANT COUTURIER;M;4739287;71595;370
201500025718;15;11;5;1115;1;1;1;1;7;233;CHEMIN DE LA MORINERIE;M;4739418;75131;370
201500025719;15;11;5;1250;1;2;3;1;3;122;2 RUE DU MARECHAL  FOCH;M;;;370
201500025720;15;11;5;1710;1;1;1;1;7;261;BD DU MAL  JUIN;M;;;370
201500025721;15;11;6;850;1;2;1;2;7;122;RUE DE LA BERGEONNERIE;M;;;370
201500025722;15;11;4;1740;5;2;1;2;4;233;QUAI DE LA  LOIRE;M;4739697;70658;370
201500025723;15;11;6;630;2;2;1;2;7;261;RUE DES  BORDIERS;M;;;370
201500025724;15;11;6;1730;2;2;3;8;3;261;RUE DE NARVIK;M;4742298;69159;370
201500025725;15;11;8;820;1;1;1;1;7;214;BD CHARLES DE GAULLE;M;4742925;64381;370
201500025726;15;11;9;840;1;2;1;1;3;261;9 RUE DU CMDT BOURGOIN;M;4739412;67162;370
201500025727;15;11;9;1810;5;2;3;1;1;261;RUE JEANNE WEDELLS;M;4740598;71179;370
201500025728;15;11;10;755;1;2;2;1;6;261;BD JEAN ROYER;M;4738141;68318;370
201500025729;15;11;10;1750;5;2;2;1;3;261;BD JEAN ROYER;M;4738029;68935;370
201500025730;15;11;11;1940;5;2;1;1;6;261;41, GILLES (RUE CHARLES);M;;;370
201500025731;15;11;12;920;1;2;1;1;7;122;2 RUE DU MAL  FOCH;M;;;370
201500025732;15;11;12;1310;1;2;3;1;1;122;50 BD DE  CHINON;M;4735380;69282;370
201500025733;15;11;12;1810;5;2;1;1;7;261;3 BD RICHARD  WAGNER;M;4737403;69622;370
201500025734;15;11;17;920;1;2;6;2;7;261;JEAN LE RESTE;M;0;0;370
201500025735;15;11;17;1010;1;2;6;2;7;214;2 RUE HENRI LEBRUN;M;0;0;370
201500025736;15;11;17;1045;1;2;6;2;7;214;191 BD CHARLESDE GAULLE;M;0;0;370
201500025737;15;11;17;1730;5;2;2;1;3;208;102   CICOTTEES/ CURIE;M;0;0;370
201500025738;15;11;17;1820;5;2;2;2;6;261;SENATEUR BELLE/RENAULT;M;0;0;370
201500025739;15;11;17;2000;5;2;1;1;6;261;89  RUE DE LAFUYE;M;0;0;370
201500025740;15;11;18;1740;5;2;1;2;6;261;RUE  NATIONALE  FACE FNA;M;0;0;370
201500025741;15;11;19;1820;5;2;6;2;3;261;AV GUSTAVE EIFFEL;M;0;0;370
201500025742;15;11;19;1855;5;2;1;2;7;261;AVENUE  PROUDHON;M;0;0;370
201500025743;15;11;20;500;5;2;1;2;6;261;RUE CHRISTIAN HUYGENS;M;0;0;370
201500025744;15;11;20;1730;2;1;1;2;6;261;AVENUE DE L'ALOUETTE;M;0;0;370
201500025745;15;11;20;1750;5;2;1;2;2;261;AVENUE GUSTVE EIFFEL;M;0;0;370
201500025746;15;11;23;755;5;2;2;5;6;122;BD JEAN JAURES;M;0;0;370
201500025747;15;11;25;1835;5;2;9;2;6;261;10 RUE DU  CHEMIN VERT;M;0;0;370
201500025748;15;10;8;1800;1;2;6;1;7;208;AVENUE DE BEAUGAILLARD;;;;370
201500025749;15;11;27;1030;1;1;1;1;2;261;BOULEVARDABEL GANCE;M;0;0;370
201500025750;15;11;28;1425;1;2;1;1;3;233;2 RUE DES  ATELIERS;M;0;0;370
201500025751;15;10;19;757;2;2;6;1;7;261;AVENUE DU DANEMARK;M;0;0;370
201500025752;15;11;25;1025;1;1;1;1;6;261;6 SQUARE FRANCI POULENC;M;0;0;370
201500025753;15;11;28;1220;1;2;3;1;6;261;69 RUE DE LA  FUYE;M;0;0;370
201500025754;15;10;12;715;2;2;1;1;7;261;AV GEORGES POMPIDOU;M;0;0;370
201500025755;15;11;24;1040;1;2;6;2;7;261;ROND POINT JACQUE MONOD;M;0;0;370
201500025756;15;11;29;1940;5;2;1;8;7;261;30 RUE NATIONALE;M;0;0;370
201500025757;15;11;30;640;2;2;2;1;3;261;RUE  ENTRAIGUES/GIRODEAU;M;0;0;370
201500025758;15;12;1;810;1;2;3;1;1;261;RUE DE LA FUYE;M;0;0;370
201500025759;15;12;1;915;1;2;1;1;3;261;107 RUE PAS NOTRE-DAME;M;4740936;69481;370
201500025760;15;12;1;1800;5;2;1;1;6;261;BD LOUIS XI;M;0;0;370
201500025761;15;12;2;740;5;2;3;1;3;261;RUE  DANIEL MAYER;;;;370
201500025762;15;12;3;820;1;2;1;1;2;122;RUE  DU PONT VOLANT;M;0;0;370
201500025763;15;12;3;900;1;2;6;1;3;233;RUE DE LA  BRETECHE;M;0;0;370
201500025764;15;10;24;1150;1;1;1;1;6;122;ROUTE DES VAUX;M;0;0;370
201500025765;15;12;3;1710;5;2;1;1;6;122;AVENUE DE BORDEAUX;M;0;0;370
201500025766;15;11;29;1136;1;2;3;1;1;261;261  RUE GIRAUDEAU;;;;370
201500025767;15;11;17;1210;1;2;2;1;6;261;31 BD DU MAL JUIN;M;0;0;370
201500025768;15;12;4;1040;1;2;6;1;6;261;ROND POINT EMMAUS;M;0;0;370
201500025769;15;12;5;1430;1;2;1;1;4;261;PONT D ARCOLE;M;0;0;370
201500025770;15;12;5;2255;5;2;6;1;6;233;92, LANGEVIN (BOULEVARD;M;4739185;73278;370
201500025771;15;12;5;1650;1;2;1;1;6;122;6 RUE DE  BONDONNIERE;M;0;0;370
201500025772;15;12;4;1305;1;2;1;1;6;261;70 RUE  MARCEAU;M;0;0;370
201500025773;15;12;7;1030;1;2;1;1;6;261;16/18 BD BERANGER;M;0;0;370
201500025774;15;12;7;1050;1;2;1;1;1;261;38 RUE EMILE  ZOLA;M;0;0;370
201500025775;15;12;7;1745;5;2;3;1;3;261;267 RUE  GIRAUDEAU;;;;370
201500025776;15;12;8;1420;1;2;6;3;7;261;AVENUE DU DANEMARK;M;0;0;370
201500025777;15;12;8;1400;1;2;3;3;2;208;348 RUE DE  CORMERY;M;0;0;370
201500025778;15;12;9;845;1;2;1;1;7;261;45 RUE GROISON;;;;370
201500025779;15;12;9;1809;5;2;1;1;6;261;75 AV DE LA  TRANCHEE;M;0;0;370
201500025780;15;12;9;1530;1;2;2;1;3;261;BD JEAN ROYER;M;0;0;370
201500025781;15;12;9;1600;1;2;1;1;7;261;RUE PENAIGRIER;;;;370
201500025782;15;12;9;1755;3;1;3;1;3;214;ROUTE DE ROUZIERS;M;0;0;370
201500025783;15;12;10;715;5;2;6;5;2;208;RUE DES GRANGES GALANT;M;0;0;370
201500025784;15;12;10;740;2;2;1;5;6;122;10 BD DE CHINON;M;0;0;370
201500025785;15;12;10;1515;1;1;1;1;3;233;46 AVENUE DE REPUBLIQUE;M;;;370
201500025786;15;12;10;1910;5;2;1;5;7;261;38  AVENUE DE REPUBLIQUE;M;0;0;370
201500025787;15;12;11;725;5;2;1;1;3;261;51 RUE GIRAUDEAU;M;0;0;370
201500025788;15;12;11;1330;1;2;1;1;2;261;12 PLACE GASTON PAILHOU;M;;;370
201500025789;15;12;11;1450;1;1;1;1;6;122;RD 37;M;0;0;370
201500025790;15;12;11;1720;2;2;1;2;6;261;4 RUE EMILE ZOLA;M;0;0;370
201500025791;15;12;12;1540;1;2;1;8;2;261;11 AV MARCEL DASSAULT;;;;370
201500025792;15;12;12;1805;5;2;1;1;1;261;114 BD HEURTELOUP;;;;370
201500025793;15;12;12;2130;3;2;1;5;6;122;ROUTE DE SAVONNIERES;M;0;0;370
201500025794;15;12;13;45;5;2;1;5;7;233;RUE DES GRANDS MORTIERS;M;0;0;370
201500025795;15;12;7;815;1;2;2;1;3;122;RUE FREYSSINET;M;0;0;370
201500025796;15;12;1;815;1;2;1;1;7;261;CARREFOUR DE L ALOUETTE;;;;370
201500025797;15;12;13;1523;1;2;1;1;7;195;RD 88;M;0;0;370
201500025798;15;12;13;1709;2;2;1;1;6;261;RUE FRANзOIS RICHER;M;0;0;370
201500025799;15;12;15;1300;1;2;1;2;6;261;QUAI ANDRE MALRAUX;M;0;0;370
201500025800;15;12;15;1510;1;2;1;2;6;261;RUE GEORGES COURTELINE;M;0;0;370
201500025801;15;12;15;1640;2;2;1;3;6;208;56 AV DU GAL DE GAULLE;M;0;0;370
201500025802;15;12;17;745;2;2;3;1;2;233;DUCLOS (AVENUE JACQUES);M;4737733;71539;370
201500025803;15;12;17;900;1;1;1;1;7;261;RD 37;M;4738028;67945;370
201500025804;15;11;17;1845;3;2;1;2;3;208;27  RUE DE CORMERY;M;0;0;370
201500025805;15;11;11;1350;1;2;1;1;6;214;22 BD CHARLE DE GAULLE;M;4742145;66079;370
201500025806;15;12;17;2252;5;2;3;8;7;214;"""."", GAGNERIE (RUE DE LA";M;4742790;64325;370
201500025807;15;12;18;1050;1;2;1;1;6;122;125, JEAN JAURES;M;4734849;66000;370
201500025808;15;12;19;1555;1;2;9;1;6;261;., EIFFEL (AVENUE GUSTAV;M;4742670;69780;370
201500025809;15;12;19;110;5;2;1;1;1;261;"""."", JUIN (BOULEVARD DU";M;4740685;70314;370
201500025810;15;12;20;820;1;2;1;1;2;261;06 RUE JULES VERNE;M;4737582;69390;370
201500025811;15;12;23;723;3;2;6;1;7;261;GANCE (BOULEVARD ABEL);M;4740416;72388;370
201500025812;15;12;23;900;1;2;1;8;7;261;6 RUE  NOUVEAU CALVAIRE;M;0;0;370
201500025813;15;12;23;1010;1;2;6;1;6;214;VOISIN (BOULEVARD ANDRE-;M;4741666;65972;370
201500025814;15;12;24;1610;1;2;2;1;3;122;51, MARTYRS (RUE DES);M;4735163;66518;370
201500025815;15;12;26;2105;5;2;1;1;4;261;165 RUE FEBVOTTE;;;;370
201500025816;15;12;28;840;1;2;6;1;7;261;ROND POINT EMMAUS;M;4743026;70444;370
201500025817;15;12;28;725;5;2;6;1;7;261;ROND POINT EMMAUS;M;4743034;70478;370
201500025818;15;12;28;1550;1;2;1;1;7;214;0, DE GAULLE (BD CHARLES;M;4742236;65951;370
201500025819;15;12;29;1255;1;1;1;1;3;261;30, GIRAUDEAU (RUE);M;4738722;67654;370