num_acc;an;mois;jour;hrmn;lum;agg;int;atm;col;com;adr;gps;lat;long;dep
201500025820;15;12;28;1924;5;2;1;1;3;233;0, DUCLOS (AVENUE JACQUE;M;4738106;73542;370
201500025821;15;12;30;2300;5;2;3;2;6;233;"""."", EPINES FORTES (PONT";M;4739258;74205;370
201500025822;15;12;12;1356;1;2;1;8;6;233;RUE FABIENNE LANDY;;;;370
201500025823;15;12;31;1325;1;1;1;1;6;261;48, NATIONALE (RUE);M;4739391;68724;370
201500025824;15;1;31;3;2;2;1;1;7;261;RUE NATIONALE;;;;370
201500025825;15;1;20;1550;1;2;1;1;6;122;15 RUE LAVOISIER;;;;370
201500025826;15;2;14;1431;1;2;1;1;2;122;BD DE CHINON;;;;370
201500025827;15;1;16;800;2;2;1;1;7;261;270 RUE DU GAL RENAULT;;;;370
201500025828;15;1;21;845;2;2;2;1;6;233;AVENUE JACQUES DUCLOS;;;;370
201500025829;15;5;5;1355;1;2;1;1;3;53;D 1006;M;;;380
201500025830;15;2;12;915;1;2;2;1;6;53;ETISSEY;;;;380
201500025831;15;5;17;1535;1;2;1;1;1;53;1, PONT ROUGE;M;4559560;526010;380
201500025832;15;2;13;2350;5;2;1;2;1;53;123, LIBERATION;;;;380
201500025833;15;6;11;420;5;2;1;1;2;53;21 av ITALIE;M;4558461;527820;380
201500025834;15;2;18;1930;5;2;1;1;6;53;CHARLIE CHAPLIN (PLA);;;;380
201500025835;15;6;30;1000;1;2;3;1;6;53;2 av du Mal LECLERC;M;4558513;528115;380
201500025836;15;3;27;750;1;2;2;1;3;53;BARBUSSE;;;;380
201500025837;15;9;3;2053;5;2;1;1;3;53;ALSACE LORRAINE;M;4558554;526934;380
201500025838;15;4;7;1200;1;2;9;1;3;53;15, ASIMOV (ISAAC);;;;380
201500025839;15;9;12;845;1;2;1;1;6;53;40, ALPES;M;4558513;527382;380
201500025840;15;4;21;910;1;2;1;1;7;53;SAINT MICHEL (BLD);;;;380
201500025841;15;9;24;1000;1;2;1;1;6;53;14, ROSIERE (CHE DE);M;4559449;529459;380
201500025842;15;5;1;1635;1;2;2;3;3;53;GENIN (AMBROISE);M;4558507;527326;380
201500025843;15;11;3;1830;5;2;1;1;2;53;15 av BARBUSSE;M;4559725;526812;380
201500025844;15;11;18;835;1;2;2;1;6;53;TIXIER (AVENUE);;;;380
201500025845;15;12;16;1000;1;2;1;1;5;53;29, BOURBRE (QUAI);M;4559772;527513;380
201500025846;15;11;19;1147;1;2;1;1;1;53;0, SAINT MICHEL (BLD);M;4558920;527579;380
201500025847;15;12;16;1220;1;2;1;1;3;53;BRAILLE (LOUIS);M;4559408;523905;380
201500025848;15;1;2;1530;1;2;1;1;6;421;AVENUE DU 8 MAI 1945;M;4517062;575656;380
201500025849;15;3;16;1310;1;1;1;1;6;185;PISTE CYCLABLE DU DRAC;M;4516557;570140;380
201500025850;15;12;31;1210;1;2;1;1;6;185;28 R BERTHE DE BOISSIEUX;M;4518368;572198;380
201500025851;15;3;28;2250;5;2;9;2;6;185;24 PL PAUL VALLIER;M;4518602;573271;380
201500025852;15;12;31;1700;1;2;1;1;6;151;RUE DE NORMANDIE;M;4515850;572179;380
201500025853;15;1;2;1905;4;2;1;1;6;185;7 CRS DE LA LIBERATION;M;4517947;571622;380
201500025854;15;4;1;1900;1;2;2;1;6;423;AV G LECLERC/c killian;M;4520834;570623;380
201500025855;15;1;6;925;1;2;1;1;6;185;27 ANCIENNE RTE DE LYON;M;4519971;571789;380
201500025856;15;4;4;1000;1;2;2;1;3;185;STALINGRAD/FERRIE;M;4517530;572554;380
201500025857;15;1;12;625;5;2;1;1;2;421;RUE HENRI WALLON;;;;380
201500025858;15;4;16;1825;1;2;1;1;6;185;20, GAMBETTA ( BOULEVARD;M;4518740;572375;380
201500025859;15;1;14;650;5;2;1;8;6;185;37, RUE DIDEROT;M;4519171;570400;380
201500025860;15;4;19;2025;5;1;3;1;3;179;00, RN 87;M;4518163;577991;380
201500025861;15;1;17;946;1;2;1;3;6;421;RUE DU PRe RUFFIER;M;4516927;575244;380
201500025862;15;4;22;1430;1;2;1;1;6;169;110, RUE HENRI ROUDET;M;4519116;568302;380
201500025863;15;1;19;1750;1;2;2;2;6;185;70 AV RHIN ET DAN/A FRAN;M;4517223;570500;380
201500025864;15;4;23;1425;1;2;1;1;6;185;43, BOULEVARD CLEMENCEAU;M;4518372;573893;380
201500025865;15;1;24;710;2;2;1;1;6;185;20, BD JOSEPH VALLIER;M;4518029;571268;380
201500025866;15;4;28;1905;1;2;1;1;6;185;56, BOULEVARD DE L'ESPLA;M;4519811;571733;380
201500025867;15;1;27;1400;1;2;2;1;6;185;RUE DE PARIS;;;;380
201500025868;15;4;30;2140;5;2;2;1;6;185;., BOULEVARD AGUTTE SEMB;;;;380
201500025869;15;1;30;1820;5;2;1;1;6;185;18, AVENUE JEAN PERROT;M;4517960;573541;380
201500025870;15;5;3;2130;5;2;2;1;3;185;RUE CONDILLAC;M;4518901;572939;380
201500025871;15;1;31;1640;1;1;1;1;2;423;A 48 PK 96;M;4520717;570532;380
201500025872;15;5;7;850;1;2;3;1;3;185;MONTORGE/BELGRADE;M;4519142;572511;380
201500025873;15;2;12;1510;1;2;1;1;6;185;5, RUE DE TURENNE;M;4518487;572167;380
201500025874;15;5;5;1338;1;2;1;1;6;185;38 RUE DES EAUX CLAIRES;M;4517621;570919;380
201500025875;15;2;16;1015;1;2;1;1;6;185;23, Bd JOSEPH VALlier;M;4518007;571160;380
201500025876;15;5;7;2035;1;2;3;1;3;151;AVENUE PAUL VAILLANT-COU;M;4514945;570032;380
201500025877;15;2;18;1700;1;2;2;1;6;169;R J BERTOIN/DE SASSENAGE;M;4519885;568213;380
201500025878;15;5;8;1700;1;2;3;2;3;185;RHIN ET DANUBE (AVENUE);M;4517303;570507;380
201500025879;15;2;19;1305;1;1;4;1;6;229;A41 inter N87;M;4520560;578929;380
201500025880;15;5;9;1940;1;1;1;1;6;185;2 r BERTHE DE BOISSIEUX;M;4518480;572533;380
201500025881;15;2;21;55;5;2;1;1;6;185;20, BOULEVARD JOSEPH VAL;;;;380
201500025882;15;5;10;1120;1;2;2;1;6;185;CRS JEAN JAUReS/berriat;M;4518800;571904;380
201500025883;15;2;26;845;1;2;6;1;7;516;BOULEVARD DE LA CHANTOUR;M;4519699;574870;380
201500025884;15;5;11;840;1;2;2;1;6;421;19 R VOLTAIRE/rostang;M;4517325;575502;380
201500025885;15;2;27;1730;1;2;1;2;6;179;30, GRAND'RUE;M;4518176;579163;380
201500025886;15;5;22;1949;1;2;2;1;3;185;R DR SCHWEITZEr/dunant;M;4517488;570852;380
201500025887;15;3;1;1340;1;2;1;9;6;185;BOULEVARD JOSEPH VALLIER;;;;380
201500025888;15;5;24;1810;1;1;1;1;3;423;2354 RTE DE CLЙMENCIИre;M;4521512;571915;380
201500025889;15;3;2;1550;1;2;1;1;6;185;R RAOUL BLANCHARD TRAM;M;4519014;572866;380
201500025890;15;5;28;1315;1;2;1;1;6;151;NORMANDIE NIEMEN RUE);M;4514678;571970;380
201500025891;15;3;3;1130;1;2;1;1;6;185;COURS JEAN JAURИS;;;;380
201500025892;15;5;29;805;1;2;1;1;3;185;117 r de STALINGRAD;M;4517116;572395;380
201500025893;15;3;6;1110;1;2;1;1;6;185;00, PLACE DE VERDUN;;;;380
201500025894;15;6;2;1700;1;2;1;1;6;185;114 av JEAN PERROT;M;4517013;574019;380
201500025895;15;3;7;1900;5;2;2;1;6;185;R DE STALINGRAD/JACQUARD;M;4517462;572517;380
201500025896;15;6;3;2115;1;2;6;1;6;151;RD-PT PIERRE ET MARie cu;M;4515972;571987;380
201500025897;15;3;9;1810;1;2;1;1;6;185;189, COURS DE LA LIBЙRAT;;;;380
201500025898;15;6;9;1150;1;2;3;1;3;185;av RHIN DANUBE/l michel;M;4516804;570485;380
201500025899;15;3;12;1830;1;2;1;1;6;185;26, BOULEVARD GAMBETTA;;;;380
201500025900;15;6;10;1115;1;2;1;1;6;185;20, MARECHAL JOFFRE (BOU;M;4518258;572842;380
201500025901;15;3;15;1500;1;2;1;1;6;185;39, RUE CASIMIR BRENIER;M;4519129;571567;380
201500025902;15;6;12;1640;1;2;2;2;6;185;R STRASBOURG/pl metz;M;4518706;573061;380
201500025903;15;6;18;1824;1;2;1;1;6;151;8, RUE DE L'ЙCUREUIL;M;4514379;570253;380
201500025904;15;6;19;1650;1;2;2;1;6;185;RUE ABBЙ GRЙGOIRE;M;4518568;571215;380
201500025905;15;6;19;1930;1;2;3;1;3;169;RUE GABRIEL PЙRI;;;;380
201500025906;15;6;25;820;1;2;1;1;6;185;., REYNOARD (AV. M.);;;;380
201500025907;15;7;1;1;5;2;2;1;3;169;AVENUE DU VERCORS;M;4519238;569654;380
201500025908;15;7;1;1040;1;2;1;1;6;151;8, MOUCHEROTTE (PLACE DE;M;4515024;569385;380
201500025909;15;7;2;1750;1;2;9;1;6;185;27 BD CLEMENCEAU;M;4518446;574081;380
201500025910;15;7;5;825;1;1;1;1;6;179;RN 87;M;4519934;578053;380
201500025911;15;7;7;1425;1;2;2;1;3;185;4, RUE JOSEPH CHANRION;M;4519074;573584;380
201500025912;15;7;8;1636;1;2;1;1;6;185;91 CRS LIBERATION;M;4517245;571389;380
201500025913;15;7;9;1825;1;2;9;1;6;185;22, AVENUE ALBERT REYNIE;M;4516685;570623;380
201500025914;15;7;10;400;3;2;1;1;7;421;28, ROUTE DES MAQUIS;M;4517653;577889;380
201500025915;15;7;11;1630;1;2;1;1;6;185;GENERAL MARCHAND (RUE);M;4519005;573105;380
201500025916;15;7;15;2132;2;2;1;1;6;421;BOULEVARD DULCIE SEPTEMB;M;4516603;575821;380
201500025917;15;7;16;1200;1;1;1;1;6;185;RUE SAINT-LAURENT;;;;380
201500025918;15;7;20;1100;1;1;1;1;1;151;RUE DE COMBOIRE;M;4514132;569112;380
201500025919;15;7;23;1400;1;2;1;1;6;516;18 CH DE LA BASTILLE;M;4520411;573521;380
201500025920;15;8;5;10;5;2;1;1;3;185;., MARECHAL FOCH (BOULEV;M;4518090;572293;380
201500025921;15;8;6;1815;1;2;1;1;3;185;6 RUE AIMЙ PUPIN;M;4516200;572403;380
201500025922;15;8;8;925;1;2;2;1;3;185;., QUAI STЙPHANE JAY;M;4519271;572414;380
201500025923;15;8;22;1045;1;2;3;1;1;151;AVENUE DE GRUGLIASCO;M;4514406;571868;380
201500025924;15;8;27;1445;1;2;1;1;4;516;11, CHANTOURNE (BOULEVAR;M;4519748;574633;380
201500025925;15;8;28;1315;1;2;1;1;3;185;., STALINGRAD (RUE DE);M;4517463;572524;380
201500025926;15;8;30;535;3;2;1;1;6;185;RUE DU 19 MARS 1962;M;4519111;573867;380
201500025927;15;9;5;1530;1;2;1;1;6;185;86, RUE LЙON JOUHAUX;M;4517563;574415;380
201500025928;15;9;9;505;5;2;2;1;6;185;BOULEVARD MARЙCHAL JOFFR;;;;380
201500025929;15;9;15;930;1;2;1;1;6;421;63, AVENUE DE ZELLA MEHL;M;4516675;575371;380
201500025930;15;9;15;1400;1;2;2;1;6;185;PLACE ARISTIDE BRIAND;M;4519419;571894;380
201500025931;15;9;17;1530;1;1;1;1;6;185;RN87;M;4520370;578303;380
201500025932;15;9;18;845;1;2;1;1;6;185;117 RUE DES ALLIЙS;M;4517348;571783;380
201500025933;15;9;19;2235;4;2;1;9;2;185;MARECHAL FOCH (BOULEVARD;M;4518075;572292;380
201500025934;15;9;20;145;4;2;2;1;3;185;., JOSEPH VALLIER (BOULE;M;4518022;571018;380
201500025935;15;9;21;1905;1;2;1;1;3;185;110, AVENUE JEAN PERROT;M;4517136;573948;380
201500025936;15;9;28;1115;1;2;1;1;3;185;140, AVENUE LЙON BLUM;M;4516153;571540;380
201500025937;15;9;29;1025;1;2;1;1;6;185;62, AMPERE (RUE );M;4518769;570585;380
201500025938;15;10;1;1355;1;2;1;1;6;421;ROCADE SUD;M;4516229;575381;380
201500025939;15;10;6;1053;1;2;1;1;6;185;av p VERLAINE;M;4516227;571522;380
201500025940;15;10;6;1210;1;2;6;1;7;185;AVENUE EDMOND ESMONIN;M;4515988;572122;380
201500025941;15;10;7;1610;1;2;1;1;6;169;RUE PIERRE COURTADE;M;4519727;567413;380
201500025942;15;10;14;1000;1;2;2;1;3;185;CdT L'HERMINI/tres cloit;M;4519206;573476;380
201500025943;15;10;20;950;1;2;1;1;6;185;3, THIERS (RUE);M;4518857;572239;380
201500025944;15;10;21;1220;1;2;2;8;6;185;bd FOCH / r LANOYERIE;M;4518069;571957;380
201500025945;15;10;21;1800;1;2;3;8;6;185;r ANAT FRANCE/schweitzer;M;4517235;570770;380
201500025946;15;10;22;915;1;2;2;1;3;185;MAR BERTHELOT/peretto;M;4517657;573168;380
201500025947;15;10;27;1750;1;2;2;1;6;185;6 av j PERROT/clemenceau;M;4518208;573421;380
201500025948;15;10;28;1640;1;2;1;3;6;516;11 bd CHANTOURNE;M;4519746;574622;380
201500025949;15;10;30;500;5;2;2;1;3;185;BERTHELOT/MALLIFAUD;M;4518062;573180;380
201500025950;15;10;31;645;2;2;2;1;3;185;BD MAL FOCH/G RIVET;M;4518184;572744;380
201500025951;15;11;2;920;1;2;1;1;6;185;1, RUE CHARLES LORY;M;4518102;571541;380
201500025952;15;11;6;1050;1;1;9;1;6;421;Bd DULCIE SEPT/bret N87;M;4516651;575764;380
201500025953;15;11;6;1400;1;2;1;1;6;185;00, RUE NICOLAS CHORIER;M;4518579;571263;380
201500025954;15;11;7;1600;1;2;1;1;3;151;38 COURS JEAN JAURИS;M;4515424;570762;380
201500025955;15;11;7;1915;5;2;1;1;6;185;22, GAMBETTA (BOULEVARD);M;4518712;572376;380
201500025956;15;11;8;1415;1;2;2;1;3;185;R MARX DORMOY/ALEMBERT;M;4518728;571098;380
201500025957;15;11;10;1800;1;1;1;1;2;185;RN87;M;4515182;573801;380
201500025958;15;11;18;2115;5;2;1;1;6;179;AVENUE DE VIGNATE;M;4519076;577836;380
201500025959;15;11;20;1715;2;2;1;8;6;421;106 AV MARCEL CACHIN;M;4516340;575162;380
201500025960;15;11;25;1520;1;2;1;2;6;185;18, CHEMIN ROBESPIERRE;M;4517287;575019;380
201500025961;15;11;26;915;1;2;2;2;6;185;25 R DES DЙPORTЙS/P BOUR;M;4517811;572753;380
201500025962;15;11;27;1300;1;2;2;1;1;185;R ESCLANGON/DIDEROT;M;4519070;570468;380
201500025963;15;12;1;1340;1;2;1;1;6;185;54 bd JOSEPH VALLIER;M;4518020;570660;380
201500025964;15;12;1;1725;2;2;2;1;3;169;R GABRIEL PЙRI/BRIAND;M;4518909;569890;380
201500025965;15;12;3;1615;1;2;1;1;6;185;AV JULES VALLES;M;4517891;575111;380
201500025966;15;12;5;2340;3;2;1;1;6;151;RN 87 PK 3+850;M;4515363;574310;380
201500025967;15;12;7;1820;2;1;1;1;2;151;RN 87 PR 1+700;M;4515710;571252;380
201500025968;15;12;8;1035;1;2;1;1;6;185;PLACE PASTEUR;M;4518379;573112;380
201500025969;15;12;10;1010;1;2;1;1;6;421;68, RUE DES TAILLЙES;M;4519259;575379;380
201500025970;15;12;12;1650;3;2;1;1;6;151;4 B, QUAI JEAN FAURE;M;4515266;570056;380
201500025971;15;12;16;1820;3;1;4;1;6;185;A 480 PK 11+700;M;4520615;568891;380
201500025972;15;12;27;1520;1;2;2;1;1;185;VALMY/CROIZAT;M;4518660;574410;380
201500025973;15;3;14;855;1;1;1;1;1;544;CD 41;M;4552558;488333;380
201500025974;15;11;22;759;2;2;1;1;6;544;CD 41;M;4551989;489546;380
201500025975;15;3;7;905;1;2;1;1;3;544;17 r VICTOR HUGO;M;4552507;487731;380
201500025976;15;4;1;1230;1;1;1;1;6;544;15 Av J DE LA FONTAINE;M;4551477;491596;380
201500025977;15;10;10;1520;1;1;1;1;7;544;CD 41;M;4551986;489533;380
201500025978;15;5;10;2030;2;1;1;1;7;544;1, CD 41;M;4552877;487613;380
201500025979;15;12;22;1930;3;2;3;1;3;544;16, JEAN MOULIN(RUE);M;4550856;485902;380
201500025980;15;4;22;1120;1;2;9;1;3;544;11 quai CLAUDE BERNARD;M;4554060;485770;380
201500025981;15;4;7;1815;1;2;1;1;4;544;47 r VICTOR HUGO;M;4552336;487586;380
201500025982;15;5;22;850;1;1;1;1;6;544;8, BERTHELOT(AV);M;4553936;487100;380
201500025983;15;5;28;1010;1;2;1;1;6;544;MALISSOL(MONTEE DE);M;4551623;491916;380
201500025984;15;8;6;1600;1;2;1;1;6;544;02, EMILE ROMANET(RUE);;;;380
201500025985;15;8;16;550;3;1;1;1;5;544;CD 41;M;4552227;491252;380
201500025986;15;7;13;1045;1;2;1;1;6;544;11 quai JEAN JAURES;M;4552595;487224;380
201500025987;15;8;19;1510;1;2;1;1;7;544;42, BOIS ROYAL(CHEMIN DU;M;4552477;490700;380
201500025988;15;9;6;125;5;2;6;1;7;544;6 pl PIERRE SEMARD;M;4552150;487361;380
201500025989;15;10;18;911;1;2;1;1;6;544;ISLE(RUE DE L');M;4550639;485201;380
201500025990;15;7;2;2140;2;1;1;1;3;318;1, JOSEPH GRENOUILLET(RU;M;4552841;491430;380
201500025991;15;11;4;752;1;2;1;1;1;544;67 R LAFAYETTE;M;4552697;489427;380
201500025992;15;10;16;1700;1;1;1;1;5;544;CD 41;M;4551955;491603;380
201500025993;15;9;9;1837;1;2;1;1;3;544;37, VICTOR FAUGIER(RUE);M;4552663;488367;380
201500025994;15;2;6;1715;1;1;1;1;1;563;VERDIN (MONTEE DU);;;;380
201500025995;15;4;16;1138;1;2;3;1;3;563;bd KOFLER/R BLANCHET;M;4535989;560021;380
201500025996;15;2;15;1925;5;2;1;2;3;563;44 av GAMBETTA;M;4536542;559805;380
201500025997;15;4;20;1054;1;2;7;1;3;563;BRUNERIE (CARREFOUR DE L;M;4538002;558108;380
201500025998;15;5;6;1807;1;2;3;1;6;563;REPUBLIQUE (BOULEVARD DE;M;4536119;558772;380
201500025999;15;5;29;1203;1;2;3;1;3;563;REPUBLIQUE (BOULEVARD DE;M;4536200;558840;380
201500026000;15;6;9;1105;1;2;1;1;2;563;28, PAVIOT (AVENUE DE);M;4535218;559126;380
201500026001;15;6;30;1940;1;2;3;1;3;563;32TER, FAUBOURG SERMOREN;M;4537188;558339;380
201500026002;15;7;7;1555;1;2;1;1;1;563;BLANCHISSERIES (ZI);M;4537916;558172;380
201500026003;15;7;24;1610;1;2;1;1;6;563;02, PORTELLE (RUE DE LA);M;4536761;559227;380
201500026004;15;8;13;940;1;2;1;1;6;563;18, BECQUART-CASTELBON (;M;4536433;559083;380
201500026005;15;8;21;1310;1;1;2;1;6;563;crs SENOZAN/r VOLTAIRE;M;4536587;559106;380
201500026006;15;8;24;950;1;2;7;3;6;563;ST BRUNO (PLACE);M;4536697;559161;380
201500026007;15;9;13;20;5;2;1;2;6;563;VERDUN (AVENUE DE);M;;;380
201500026008;15;9;15;1655;1;2;7;1;6;563;pl gen LECLERC;M;4536691;559138;380
201500026009;15;9;21;1405;1;2;1;1;3;563;bd F ROOSEVELT;M;4536147;559461;380
201500026010;15;9;28;1345;1;2;1;1;6;563;20 r J. RAVAT;M;4536844;558677;380
201500026011;15;9;29;2343;5;1;1;1;6;563;montee du VERDIN;M;4539368;557032;380
201500026012;15;9;30;1620;1;2;1;1;2;563;., BRUNERIE (AVENUE DE L;M;4538156;557875;380
201500026013;15;10;27;1900;2;2;6;2;3;563;carr BRUNERIE;M;4537952;558069;380
201500026014;15;11;5;1035;1;2;1;1;3;563;20, SENOZAN (COURS);M;4536561;559090;380
201500026015;15;11;5;1615;1;2;9;1;3;563;00, CROIX MORIN (AVENUE;M;4536130;557150;380
201500026016;15;11;13;1240;1;2;1;1;2;563;VERDIN (MONTEE DU);M;4539880;556892;380
201500026017;15;11;21;2100;5;1;1;2;7;563;139, VERDIN (MONTEE DU);M;4539397;557002;380
201500026018;15;11;25;1830;3;2;1;1;2;563;rocade ouest;M;4536000;556000;380
201500026019;15;12;3;1355;1;2;1;1;6;563;HERRIOT (AVENUE E.);M;4536999;558732;380
201500026020;15;12;7;1340;1;2;3;1;6;563;LAKANAL (RUE);M;4536844;558685;380
201500026021;15;3;10;1400;1;2;3;1;6;198;0, JAURES (AVENUE JEAN);;;;390
201500026022;15;3;24;1620;1;2;1;7;6;198;34, POMPIDOU (AV GEORGES;;;;390
201500026023;15;4;3;1645;1;2;1;1;6;198;69, POMPIDOU (AVENUE GEO;;;;390
201500026024;15;4;4;1443;1;2;3;2;6;198;0, VIEUX CHATEAU (RUE DU;;;;390
201500026025;15;6;8;1620;1;1;1;1;1;198;;;;;390
201500026026;15;10;7;1005;1;2;1;1;6;198;80, POMPIDOU (AVENUE GEO;;;;390
201500026027;15;2;9;1615;1;2;1;7;6;198;48, DUHAMEL (AVENUE JACQ;;;;390
201500026028;15;3;23;1625;1;2;1;1;6;300;60, SAINT DESIRE (RUE) N;M;4667283;554397;390
201500026029;15;12;30;1925;5;2;1;1;6;300;487 Route de Besanзon;;;;390
201500026030;15;4;8;1350;1;2;1;1;6;300;58 BIS, LECOURBE (RUE);M;0;0;390
201500026031;15;7;29;1355;1;2;1;1;6;300;0, MARCHE AU BOIS BLANC;M;4666670;555000;390
201500026032;15;8;1;1620;1;2;3;1;3;300;0, VERNIER (BD THEODORE);M;4667280;556667;390
201500026033;15;9;5;1530;1;2;1;1;6;362;6, SALINES (PLACE DES);;;;390
201500026034;15;8;29;1827;1;2;1;1;6;300;0, MONNIER (RUE DESIRE);;;;390
201500026035;15;11;8;1640;1;2;3;1;3;362;0, PASTEUR (AVENUE) N° P;;;;390
201500026036;15;11;7;1820;1;2;2;1;4;300;3, FERRY (BOULEVARD JULE;;;;390
201500026037;15;11;15;555;5;1;1;1;6;362;17, MONIN (RUE FRANCOIS);M;4667951;553862;390
201500026038;15;11;24;1405;1;2;9;1;6;300;0, MARCHE AU BOIS BLANC;M;4667300;555800;390
201500026039;15;12;16;2020;5;2;1;1;6;300;5, ANCIEN COLLEGE (PLACE;;;;390
201500026040;15;12;22;1810;5;2;1;1;6;300;0, COLBERT (COURS);;;;390
201500026041;15;1;7;1425;1;1;3;1;6;279;MINIERES (ROUTE DES) CD;M;4372100;-109622;400
201500026042;15;3;20;1930;2;1;1;1;7;88;LAFITTE (RUE PASCAL);M;4369366;-102994;400
201500026043;15;12;1;1945;3;1;1;1;7;279;MAGESCQ (ROUTE DE);M;4373305;-110424;400
201500026044;15;1;10;1845;5;2;3;1;3;279;RESISTANCE (AVE DE LA);M;4372524;-106417;400
201500026045;15;5;8;2045;1;2;2;1;3;279;LIBERTE (AVE DE LA);M;4372175;-105191;400
201500026046;15;12;30;815;2;2;1;8;2;279;731, RESISTANCE (AVE DE;M;4372470;-106018;400
201500026047;15;2;17;1920;5;2;2;1;3;88;., SAINT-VINCENT DE PAUL;M;4371469;-105423;400
201500026048;15;5;12;800;1;2;6;1;3;88;BEARN (SQUARE  DU);M;4370565;-103721;400
201500026049;15;2;24;1930;5;2;2;1;3;88;., SAINT-VINCENT DE PAUL;M;4371592;-105384;400
201500026050;15;6;30;1525;1;2;3;1;6;279;RESISTANCE (AVE DE LA);M;4372526;-106433;400
201500026051;15;7;18;1925;1;2;1;1;6;279;ROSTAND (RUE EDMOND);M;4372611;-107985;400
201500026052;15;10;9;1750;1;2;6;1;2;88;REPUBLIQUE (AVENUE DE LA;M;4370537;-106051;400
201500026053;15;10;21;1730;1;2;6;1;3;88;MONTFORT (ROUTE DE);M;4370562;-103664;400
201500026054;15;11;24;1815;2;2;1;2;6;88;SAINT-PIERRE (BLD);M;4371086;-104985;400
201500026055;15;8;10;1130;1;2;1;1;6;88;MILLIES-LACROIX (AVE EUG;M;4371077;-105777;400
201500026056;15;1;9;740;5;2;3;1;6;281;BRETTES-CAMILLE (AV);M;4388284;-51941;400
201500026057;15;3;23;1625;1;2;1;1;3;281;MONT-ALMA (BD DE);M;4386874;-48981;400
201500026058;15;1;12;1715;1;2;1;1;2;192;410, JUIN (V DU MARECHAL;M;4390042;-48363;400
201500026059;15;4;2;825;1;2;1;1;6;192;VICTOR HUGO;M;4389333;-49805;400
201500026060;15;1;14;1630;1;2;1;1;6;281;LAMOUSTEY (AV DE);M;4387621;-50821;400
201500026061;15;5;3;1806;1;2;2;1;2;192;ALINGSЕS (BD D');M;4388520;-49361;400
201500026062;15;1;15;1900;3;1;1;1;2;281;., ROCADE OUEST (RN 124);M;4388851;-53063;400
201500026063;15;6;24;805;1;2;1;1;7;192;., MENDES FRANCE (AV PIE;M;4389252;-51424;400
201500026064;15;1;16;835;1;2;3;2;3;281;SAINT-SEVER (AV DE);M;4387719;-50580;400
201500026065;15;7;19;1120;1;1;1;1;3;192;., ROCADE EST (RD 932 E);M;4391049;-44976;400
201500026066;15;2;13;1600;1;2;3;1;3;192;., PLUMACON (RUE DU);M;4388628;-50444;400
201500026067;15;7;22;1130;1;2;6;1;2;192;HOUGA (AV DU);M;4387505;-46909;400
201500026068;15;7;31;1335;1;2;1;1;6;192;23, PLACE SAINT ROCH;M;4388942;-49971;400
201500026069;15;8;4;1930;1;2;1;1;3;192;15, BARBE D'OR (AV DE);M;4389837;-48056;400
201500026070;15;8;17;1800;1;2;1;1;5;192;944  VERT (BD DU CHEMIN);M;4388147;-47932;400
201500026071;15;8;25;1815;1;2;3;1;3;281;320, BELVЙDERE (BD DU);M;4387393;-51389;400
201500026072;15;10;17;2005;3;1;1;1;1;281;., ROCADE SUD (RN 124 E);M;4387050;-51788;400
201500026073;15;10;16;1430;1;2;3;1;6;192;CLEMENCEAU (AV GEORGES);M;4388623;-49670;400
201500026074;15;11;8;630;1;2;3;1;3;192;FOCH (AV DU MARECHAL);M;4389802;-48808;400
201500026075;15;11;4;1805;2;2;1;1;3;192;650, FOCH (AV DU MARECHA;M;4389684;-49025;400
201500026076;15;11;19;900;1;2;3;1;3;192;., PIERRE BENOIT;M;4390138;-51102;400
201500026077;15;12;2;1830;3;1;1;1;2;281;., ROCADE SUD (RN 124 E);M;4386657;-51030;400
201500026078;15;12;9;1320;1;1;1;1;7;281;., SAINT-SEVER (AV DE);M;4386646;-51234;400
201500026079;15;12;30;1820;5;2;1;1;3;18;VALLEE MAILLARD (RUE DE;M;4761058;133440;410
201500026080;15;2;20;755;1;2;1;1;6;18;DUGAY-TROUIN (RUE)  N? I;M;4759627;130261;410
201500026081;15;11;23;840;1;1;1;1;1;47;Les Grйbeaux;M;4762258;136840;410
201500026082;15;1;9;1505;1;1;1;2;5;212;RD 174;M;4756400;137200;410
201500026083;15;12;9;20;3;1;1;1;7;18;DE GAULLE (PONT DU GENER;M;4759472;135298;410
201500026084;15;3;5;1215;1;2;6;1;1;295;GRAIN D'OR (AVENUE DU);M;4756938;137300;410
201500026085;15;3;5;1345;1;2;1;1;3;18;FENELON (RUE);M;4758655;131631;410
201500026086;15;3;18;1710;1;2;1;1;4;18;48, VERDUN (AVENUE DE);M;4759386;134606;410
201500026087;15;3;20;1550;1;1;1;1;2;212;PATTE D'OIE (rond point);M;4756161;137314;410
201500026088;15;2;9;1725;1;2;1;1;2;295;18, CHAMBORD (ROUTE DE);M;4757700;136600;410