num_acc;an;mois;jour;hrmn;lum;agg;int;atm;col;com;adr;gps;lat;long;dep
201500026089;15;2;15;1355;1;1;1;1;7;18;D 766;M;4758100;129000;410
201500026090;15;4;7;2120;1;2;1;1;2;18;D174;M;4734571;121576;410
201500026091;15;4;13;1605;1;2;1;1;6;18;BAUDET (RUE ETIENNE) 1;M;4758719;131519;410
201500026092;15;4;17;2300;5;2;1;2;6;47;RD 2152;M;4760700;135400;410
201500026093;15;4;23;1844;1;1;1;1;1;295;D951;M;4760250;137411;410
201500026094;15;5;8;1850;1;2;1;1;1;18;MAUNOURY (AVENUE DU MARE;M;4759600;134100;410
201500026095;15;5;18;825;1;2;1;1;2;295;VERGERS (RUE DES);M;4759900;140000;410
201500026096;15;5;18;900;1;2;1;1;6;18;MAUNOURY (AVENUE DU MARE;M;4759600;134100;410
201500026097;15;5;15;1025;1;2;1;1;1;18;GREVE (PLACE DE LA);M;4758200;133000;410
201500026098;15;5;9;1430;1;2;2;1;1;18;BESNARD (QUAI ULYSSE);M;4757800;132100;410
201500026099;15;5;26;1810;1;2;1;1;2;18;VERDUN (AVENUE DE);M;4759500;134700;410
201500026100;15;5;28;1820;1;1;1;1;5;295;D951;M;4759026;135521;410
201500026101;15;5;29;1517;1;1;6;1;6;212;PATTE D'OIE (rond point);M;4756100;137300;410
201500026102;15;6;5;820;1;1;6;1;3;212;PATTE D'OIE (rond point);M;4756100;137400;410
201500026103;15;6;9;1650;1;2;1;1;6;18;BEGON (RUE MICHEL)  N° I;M;4759265;131488;410
201500026104;15;6;9;1720;1;1;1;1;2;212;NATIONALE (ROUTE);M;4756156;137253;410
201500026105;15;6;12;1655;1;1;1;1;7;18;RD 952;M;4756888;130636;410
201500026106;15;6;11;1815;1;2;1;3;3;18;GAMBETTA (AVENUE);M;4758368;132161;410
201500026107;15;6;19;1610;1;2;1;1;6;18;SOURDERIE (RUE DE LA);M;4757885;133842;410
201500026108;15;6;25;1945;1;2;1;1;3;295;CHAMBORD (ROUTE DE);M;4757647;138060;410
201500026109;15;6;25;1603;1;2;1;1;6;18;130, MAUNOURY (AVENUE DU;M;4760057;134660;410
201500026110;15;7;1;1340;1;2;1;1;1;18;VILLEBREME (RUE DE);M;4760869;132510;410
201500026111;15;7;9;845;1;2;3;1;3;18;CHOPIN (RUE FREDERIC);M;4758758;131878;410
201500026112;15;7;20;1550;1;2;1;1;6;295;PIERRE GILLES DE GENNES;M;4756955;137242;410
201500026113;15;7;28;1840;1;1;1;1;2;18;;M;4760995;133943;410
201500026114;15;8;4;310;1;1;1;1;7;18;CHAILLES (LEVEE DE);M;4757276;132024;410
201500026115;15;8;5;1630;1;2;1;1;7;18;TROIS VOLONTAIRES (RAMPE;M;4758961;132637;410
201500026116;15;8;11;2230;5;2;3;1;1;18;MAUNOURY (AVENUE DU MARE;M;4759903;134483;410
201500026117;15;8;18;1750;1;2;1;1;6;18;GAMBETTA (AVENUE);M;4758442;132510;410
201500026118;15;8;20;1855;1;1;1;1;2;295;D174;M;4758251;136619;410
201500026119;15;8;22;1115;1;2;1;1;2;295;CHAMBORD (ROUTE DE);M;4757748;136827;410
201500026120;15;8;23;1700;1;2;1;1;3;18;FRANCE (AVENUE DE)  1;M;4759286;131354;410
201500026121;15;8;26;2055;2;2;1;1;3;295;CHAMBORD (ROUTE DE);M;4757555;138927;410
201500026122;15;8;26;2330;5;2;1;1;3;18;MAUNOURY (AVENUE DU MARE;M;4760233;134870;410
201500026123;15;7;25;1630;1;2;1;1;7;18;MONSABRE (RUE DU PERE);M;4758775;132998;410
201500026124;15;9;25;1600;1;2;1;1;6;18;139, ALBERT 1ER (RUE);M;4757470;130995;410
201500026125;15;9;28;1755;1;2;3;1;6;18;ANJOU (RUE D');M;4759410;133506;410
201500026126;15;9;29;1432;1;2;1;1;2;47;RD 2152;M;4761982;136868;410
201500026127;15;10;1;2010;3;1;1;1;1;295;RUE DE LA PLACE;M;4759691;137941;410
201500026128;15;10;2;1345;1;2;1;1;1;18;NAU (RUE ROBERT);M;4761329;133263;410
201500026129;15;10;6;930;1;1;1;3;6;295;D951;M;4761177;138322;410
201500026130;15;10;9;455;5;2;1;1;3;18;INDUSTRIE (BOULEVARD DE);M;4760370;132414;410
201500026131;15;10;12;855;1;2;1;1;3;18;ALBERT 1ER (RUE);M;4757260;130653;410
201500026132;15;10;12;1650;1;2;1;1;3;18;FRANCE (AVENUE DE)  1;M;4759634;131593;410
201500026133;15;10;18;300;3;1;1;1;6;18;CHAILLES (LEVEE DE);M;4757310;132081;410
201500026134;15;10;16;1350;1;2;1;2;1;47;DEBRE (ROBERT);M;4761540;134044;410
201500026135;15;10;27;1805;4;1;1;1;5;18;CITES UNIES (BOULEVARD D;M;4760991;133850;410
201500026136;15;10;30;1620;1;2;1;1;5;47;RD 2152;M;4760470;135138;410
201500026137;15;11;11;1229;1;1;1;1;7;18;MEDICIS (ROND POINT);M;4758494;131820;410
201500026138;15;11;7;1601;1;1;1;1;3;18;SAINT-DYE (LEVEE DE);M;4759003;135302;410
201500026139;15;11;10;1605;1;2;2;1;3;295;TAILLES  (RUE DES);M;4759509;138910;410
201500026140;15;11;17;1700;2;1;1;2;4;18;CHATEAUDUN (AVENUE DE);M;4761732;132711;410
201500026141;15;11;18;810;1;1;1;2;2;18;D174;M;4759405;135373;410
201500026142;15;11;18;1335;1;1;1;1;2;18;CITES UNIES (BOULEVARD D;M;4760967;133958;410
201500026143;15;11;19;1110;1;2;1;1;6;18;11, FOCH (VENUE DU MAREC;M;4758025;131567;410
201500026144;15;11;13;1900;3;1;1;1;5;18;CHAILLES (LEVEE DE);M;4756623;130982;410
201500026145;15;11;18;1520;1;2;1;1;6;47;RD 2152;M;4760928;135656;410
201500026146;15;12;5;1455;1;1;1;1;2;212;D 956;M;4755813;137324;410
201500026147;15;12;7;1706;5;2;1;1;3;18;NAU (RUE ROBERT);M;4761089;133271;410
201500026148;15;12;3;810;1;2;6;5;2;18;GAMBETTA (AVENUE);M;4758474;131849;410
201500026149;15;12;7;915;1;2;1;1;2;18;66, BOULLE (RUE ANDRE);M;4761108;131422;410
201500026150;15;12;8;1617;1;2;1;3;6;18;MAUNOURY (AVENUE DU MARE;M;4759670;134138;410
201500026151;15;12;9;1820;5;2;1;5;2;18;MAUNOURY (AVENUE DU MARE;M;4759213;133700;410
201500026152;15;12;10;1920;5;2;3;1;3;18;MONTLAUR (RUE DU COLONEL;M;4758361;132286;410
201500026153;15;12;13;510;3;2;6;5;7;18;ROBERT NAU (ROND POINT);M;4761429;133401;410
201500026154;15;12;12;2055;5;2;1;1;1;18;VERDUN (AVENUE DE);M;4759000;134172;410
201500026155;15;12;12;2155;5;2;1;8;7;18;SCHUMAN (AVENUE ROBERT);M;4760917;133597;410
201500026156;15;12;16;1940;3;2;1;3;2;212;D 956;M;4756002;137305;410
201500026157;15;12;23;1220;1;2;1;1;2;18;VEZIN (RUE ALEXANDRE);M;4760573;131354;410
201500026158;15;1;15;1535;1;2;1;2;6;295;GATS DE COEUR (RUE DES);M;4757300;136700;410
201500026159;15;2;5;1915;3;1;1;6;7;295;D951;M;4759500;136200;410
201500026160;15;2;6;1616;1;2;1;1;6;18;CROIX PICHON (RUE DE LA;M;4759600;130600;410
201500026161;15;2;12;1350;1;2;6;1;3;18;TAILLE AUX MOINES (REU D;M;4757300;130100;410
201500026162;15;2;16;1515;1;2;2;1;6;226;38, PARIS (ROUTE DE);M;4780711;107194;410
201500026163;15;3;12;2125;5;1;1;1;2;269;., CITES UNIES D'EUROPE;M;4781800;102200;410
201500026164;15;12;12;1015;1;2;3;1;7;269;., SAINT COEUR (RUE DU);M;4779709;106837;410
201500026165;15;5;19;1825;1;1;2;2;3;158;;M;4778400;102800;410
201500026166;15;6;22;1915;1;1;1;1;1;226;nioche;M;4783219;108246;410
201500026167;15;6;27;1535;1;2;1;1;7;226;PARIS (ROUTE DE);M;4781696;107592;410
201500026168;15;6;27;1055;1;2;1;1;3;226;29, PARIS (ROUTE DE);M;4780959;107322;410
201500026169;15;9;21;1135;1;1;1;1;7;269;PARIS (ROUTE DE);M;4778112;107406;410
201500026170;15;9;24;1940;1;2;1;1;1;269;FERME (RUE);M;4779012;106443;410
201500026171;15;10;8;1345;1;2;1;1;2;269;125, SAINT BIENHEURE (FA;M;4779077;108120;410
201500026172;15;10;24;1130;1;2;6;1;7;226;., PARIS (ROUTE DE);M;4781820;107600;410
201500026173;15;10;25;1510;1;2;1;1;7;158;02, VIEUX-PUITS (RUE DU);M;4778650;103531;410
201500026174;15;11;6;750;1;2;3;1;3;269;., CHARTRAIN (FAUBOURG);M;4779732;106843;410
201500026175;15;11;13;1120;1;2;1;1;6;269;., POTERIE (RUE);M;4779304;106527;410
201500026176;15;11;18;1410;1;2;1;1;3;269;79, RONSARD (AVENUE) (SE;M;4779878;104292;410
201500026177;15;1;14;1750;5;2;5;1;5;269;., KENNEDY (BOULEVARD DU;M;4780000;105700;410
201500026178;15;1;24;1650;1;2;1;7;3;226;CHEVAL BLANC (RUE DU);M;4780300;107400;410
201500026179;15;3;27;1130;1;2;1;1;6;316;6, CONDORCET (RUE);M;4539731;428113;420
201500026180;15;12;27;110;5;2;1;1;1;95;24, GAMPILLE (RUE DE LA);M;4538503;427662;420
201500026181;15;3;27;1720;1;1;1;1;1;44;RD 88;M;4539882;433796;420
201500026182;15;12;31;1300;1;2;2;2;3;95;44 Bis, CALMETTE (RUE DU;M;4539680;429650;420
201500026183;15;4;5;1440;1;1;1;1;6;95;RD 88;M;4539066;428888;420
201500026184;15;4;7;1810;1;2;1;1;6;95;RD 88;M;4539235;429100;420
201500026185;15;4;8;1835;1;2;1;1;2;44;RD 88;M;4540239;435944;420
201500026186;15;4;10;745;1;1;1;1;1;316;RD 25;M;4540735;427441;420
201500026187;15;5;6;930;1;2;1;1;3;95;2, RUISSEAU (CHEMIN DU);M;4536696;427858;420
201500026188;15;5;21;2220;5;2;1;1;2;95;RD 500;M;4538689;429764;420
201500026189;15;5;21;2300;5;2;2;1;3;95;43, GAMBETTA (RUE);M;4539065;428976;420
201500026190;15;6;5;2035;1;1;1;1;6;316;RD 25;M;4541214;428588;420
201500026191;15;6;15;840;1;1;1;1;6;183;RD 88;M;4540489;437314;420
201500026192;15;6;30;2100;1;2;1;1;5;183;RD  88;M;4540492;437306;420
201500026193;15;7;3;1730;1;1;1;1;3;44;60, LIBERATION (RUE DE L;M;4539709;432304;420
201500026194;15;7;15;1420;1;2;1;1;5;183;RD 88;M;4540500;436987;420
201500026195;15;7;20;1950;1;2;1;1;6;95;1, SAINT-CHARLES (BOULEV;M;4538690;428187;420
201500026196;15;7;21;830;1;2;1;1;1;183;RD 88;M;4540494;437290;420
201500026197;15;7;22;800;1;1;1;1;6;44;RD 88;M;4539622;432568;420
201500026198;15;7;24;720;1;2;1;1;6;44;RD 88;M;4539892;434150;420
201500026199;15;7;29;910;1;2;1;1;3;316;RD 3;M;4539220;427180;420
201500026200;15;8;8;1130;1;1;1;1;6;44;RD 88;M;4539684;432881;420
201500026201;15;8;20;900;1;2;1;1;6;44;25 rue Thomas;M;4539756;432868;420
201500026202;15;8;21;1730;1;2;1;1;6;95;1, RIVIERE (RUE DE LA);M;4537937;430438;420
201500026203;15;8;27;2000;1;1;1;1;3;316;82 rue Andrй Chйnier;M;4540897;427740;420
201500026204;15;9;1;945;1;1;1;1;1;183;RD 88;M;4540493;437264;420
201500026205;15;9;23;1725;1;1;1;1;3;31;RD 3;M;4540511;423246;420
201500026206;15;9;23;1845;1;1;1;8;3;316;Rue Andrй Chйnier;M;4540957;428012;420
201500026207;15;11;3;1715;1;2;1;1;6;316;19, ZOLA (EMILE);M;4539562;427732;420
201500026208;15;11;28;1030;1;1;1;1;1;31;RD 3;M;4540228;423223;420
201500026209;15;12;3;1525;1;2;1;1;6;316;RD 3;M;4539293;429118;420
201500026210;15;12;7;1250;1;1;4;1;3;316;RD 3;M;4539536;426310;420
201500026211;15;12;21;1600;1;1;1;1;6;95;35, VOLTAIRE (RUE);M;4539011;429042;420
201500026212;15;12;22;1000;1;2;1;7;6;95;2, BREUIL (PLACE DU);M;4538915;428738;420
201500026213;15;12;25;1100;1;2;1;1;3;183;RD 88;M;4540492;437306;420
201500026214;15;1;9;850;1;2;1;1;6;183;1, CD 33;M;4540401;436728;420
201500026215;15;1;8;915;1;2;1;1;6;183;3, PRE-VIVIER (RUE DU);M;4540416;436482;420
201500026216;15;1;22;1330;1;2;2;1;3;95;RD 88;M;4538937;428725;420
201500026217;15;1;26;2310;5;2;1;1;5;95;CD 500;M;4538156;430240;420
201500026218;15;1;27;1425;1;2;1;1;6;183;CD 33;M;4540217;436829;420
201500026219;15;1;30;1545;1;2;3;1;3;316;33, PASTEUR (RUE);M;4539979;426204;420
201500026220;15;2;14;2050;5;2;1;1;6;95;RD 88;M;4539288;429216;420
201500026221;15;3;12;1355;1;2;1;1;6;95;RD 88;M;4538712;428457;420
201500026222;15;2;5;1340;1;2;1;1;6;186;36, RICHARME RUE PETRUS;M;4552708;461387;420
201500026223;15;3;16;910;1;2;1;1;6;71;0, CARNOT (RUE);M;4603160;408279;420
201500026224;15;12;3;800;1;2;3;1;3;187;16, MULSANT (RUE);M;4603739;406280;420
201500026225;15;3;20;1203;1;2;1;1;1;187;60, BRISON (RUE);M;4603148;406736;420
201500026226;15;12;3;1320;1;2;1;1;7;187;0, BERGE (RUE DE LA );M;4603189;407125;420
201500026227;15;3;20;1650;1;2;1;1;1;187;60, CARNOT (AVENUE);M;4604288;407149;420
201500026228;15;12;9;1020;1;2;2;1;3;71;0, LIBERATION (AVENUE DE;M;4603161;408249;420
201500026229;15;3;26;1540;1;2;1;1;2;187;06, LYON (AVENUE DE);M;4603447;407731;420
201500026230;15;12;10;1705;2;2;1;1;2;170;0, R.D 504;M;4603724;412104;420
201500026231;15;3;30;1130;1;2;1;1;7;127;74, Route nationale 7;M;4607024;404793;420
201500026232;15;12;13;1400;1;2;1;1;6;184;0, FONTAINE JEAN DE LA (;M;4606579;405874;420
201500026233;15;4;3;900;1;2;1;1;2;127;0, MUSSET  RD 207 (RUE A;M;4606183;405851;420
201500026234;15;12;14;1455;1;2;2;1;3;187;0, REIMS (BOULEVARD DE);M;4606293;407590;420
201500026235;15;4;4;1811;1;2;3;2;3;187;0, AUGE (RUE JOANNY);M;4603772;405220;420
201500026236;15;12;14;1720;5;2;1;1;6;187;0, LYON (AVENUE DE);M;4603764;407709;420
201500026237;15;4;8;2112;3;2;6;1;7;184;0, OUEST  (BD);M;4604605;405635;420
201500026238;15;12;15;1145;1;2;1;1;2;187;93, AUGE (RUE JOANNY);M;4603463;405230;420
201500026239;15;4;10;1747;1;2;6;1;6;187;0, PERI (PLACE GABRIEL);M;4602910;406562;420
201500026240;15;12;15;1935;5;2;2;2;3;187;0, MURE (RUE DE LA );M;4604071;405646;420
201500026241;15;4;12;1010;1;2;1;1;7;71;132 bis, LIBERATION (AVE;M;4602482;408688;420
201500026242;15;12;17;735;2;2;1;1;6;187;0, PROMENADES POPULLE (P;M;4603635;406508;420
201500026243;15;4;12;140;5;2;3;1;3;187;0, MACE (RUE JEAN);M;4603909;407476;420
201500026244;15;12;20;1450;1;2;1;1;6;71;0, PINAY (RUE ANTOINE);M;4600840;409970;420
201500026245;15;4;12;1809;1;2;2;1;2;187;0, GIRAUD (RUE DU GENERA;M;4603250;405978;420
201500026246;15;12;20;1755;2;1;1;1;5;71;Route nationale 7;M;4608014;403092;420
201500026247;15;12;21;1430;1;1;6;1;2;187;0, DEPIERRE (RUE PIERRE);M;4603350;407742;420
201500026248;15;4;16;910;1;2;2;1;3;187;0, PARIS (AVENUE DE);M;4605057;406668;420
201500026249;15;12;21;1920;5;2;6;1;3;184;0, BLUM  LEON   (RUE);M;4604397;403686;420
201500026250;15;4;21;1150;1;2;1;1;3;187;5, MERMOZ (RUE JEAN);M;4603519;406243;420
201500026251;15;4;21;1630;1;2;2;1;7;187;0, MATEL (RUE DE );M;4604819;408624;420
201500026252;15;12;24;1356;1;1;1;1;7;170;0, LES FRANCHISES (LIEU;M;4603736;410583;420
201500026253;15;12;24;1537;1;1;1;1;1;170;R.D 504;M;4603219;418715;420
201500026254;15;4;23;1825;1;2;2;1;3;184;0, FOLIE (MONTEE DE LA);M;4605351;403172;420
201500026255;15;12;24;1550;1;2;1;1;3;127;0, FONTAINE JEAN  (RUE D;M;4606686;405870;420
201500026256;15;4;27;1820;1;2;1;3;1;187;0, MONTRETOUT (RUE DE );M;4605045;408975;420
201500026257;15;4;28;1700;1;2;1;1;6;187;0, RAFFIN (RUE ALEXANDRE;M;4603205;406679;420
201500026258;15;12;26;1650;2;1;1;1;7;170;0, FECHET (LIEU DIT);M;4600397;413863;420
201500026259;15;4;30;1545;1;2;1;1;6;187;0, LYON (AVENUE DE);M;4603982;407676;420
201500026260;15;12;26;1745;5;2;1;1;6;187;165, SAMPAIX  (RUE LUCIE;M;4602951;405382;420
201500026261;15;5;9;1530;1;2;1;1;6;71;8, PARMENTIER (RUE ANTOI;M;4602901;408803;420
201500026262;15;5;13;715;1;2;1;1;7;71;6, LIBERATION (AVENUE DE;M;4603140;408263;420
201500026263;15;5;13;1810;1;2;6;1;7;187;1, PHENIX (PLACE DU);M;4603624;406414;420
201500026264;15;5;14;1630;1;2;1;1;2;187;17, MAYOLLET  (RUE DU);M;4602368;405137;420
201500026265;15;5;20;1340;1;2;3;1;3;187;0, MARENGO (RUE);M;4603660;407544;420
201500026266;15;5;22;1745;1;2;3;1;2;187;31, CAMUS (RUE ALBERT);M;4604318;405490;420
201500026267;15;5;23;1210;1;2;2;1;3;71;0, VERNAY (RUE DE );M;4602842;408297;420
201500026268;15;5;23;1315;1;2;6;1;3;71;DE GAULLE (BOULEVARD CHA;M;4601900;409618;420
201500026269;15;5;28;510;3;1;1;1;7;170;0, R.D 504;M;4602855;409788;420
201500026270;15;5;29;935;1;2;1;1;6;187;7, ROCHARD (RUE FRANCISQ;M;4603600;407176;420
201500026271;15;6;12;930;1;2;1;1;3;187;DORIAN (ROND POINT);M;4603371;407746;420
201500026272;15;6;12;1750;1;2;1;2;2;71;53, LIBERATION (AVENUE D;M;4602885;408427;420
201500026273;15;6;16;1650;1;2;1;1;3;187;57, PLASSE (RUE GEORGES);M;4603116;406144;420
201500026274;15;6;19;1950;1;2;3;1;3;187;0, CENTRALE (AVENUE);M;4606718;407618;420
201500026275;15;6;23;1122;1;2;3;1;1;71;0, LECLERC (QUAI DU GENE;M;4603172;408237;420
201500026276;15;6;24;1855;1;2;1;1;3;187;43, SEMARD (QUAI PIERRE);M;4602885;408237;420
201500026277;15;6;24;1910;1;2;3;1;3;187;0, DOURDEIN (RUE AUGUSTE;M;4604129;405549;420
201500026278;15;6;25;1930;1;1;4;1;3;170;route les Plaines Sud;M;4603495;410196;420
201500026279;15;6;25;2155;5;2;4;1;1;187;0, HERMINIER (QUAI DU CO;M;4604026;408298;420
201500026280;15;6;30;1830;1;2;3;1;3;184;0, CHEVIGNON LEGER (RUE);M;4604917;405386;420
201500026281;15;7;3;2023;1;2;1;1;7;187;10, FOURCAULD (QUAI  COM;M;4603382;408066;420
201500026282;15;7;4;430;5;2;1;1;7;184;0, MICHEL LOUISE  (RUE);M;4605195;405176;420
201500026283;15;7;4;1330;1;2;3;1;7;127;FRANCE ANATOLE ( RUE);M;4606379;406222;420
201500026284;15;7;5;1630;1;1;1;1;7;71;0, LECLERC (QUAI DU GENE;M;4603765;408688;420
201500026285;15;7;5;1700;1;2;1;1;1;187;0, THIODET (PLACE MICHEL;M;4604073;408533;420
201500026286;15;7;8;810;1;2;6;1;2;184;0, MICHEL LOUISE  (RUE);M;4604913;405164;420
201500026287;15;7;8;1215;1;2;3;1;1;71;0, BELGES (BOULEVARD DES;M;4602488;409036;420
201500026288;15;7;8;1640;1;2;1;1;6;187;9, FONTENILLE (RUE);M;4604050;407388;420
201500026289;15;7;10;840;1;2;2;1;6;187;0, MACE (RUE JEAN);M;4603773;407535;420
201500026290;15;7;11;1950;1;2;6;1;3;187;DORIAN (ROND POINT);M;4603350;407799;420
201500026291;15;7;13;945;1;2;3;1;3;184;0, SAINT-ROMAIN (RUE DE);M;4604235;404901;420
201500026292;15;7;13;1520;1;2;1;1;6;71;12, LEDRU-ROLLIN  (RUE A;M;4602900;408648;420
201500026293;15;7;13;1655;1;2;3;1;4;187;Levйe de la Loire;M;4603160;407864;420
201500026294;15;7;13;2000;1;2;3;1;3;187;0, MULSANT (RUE);M;4603929;405535;420
201500026295;15;7;15;945;1;2;3;1;6;187;78, MULSANT (RUE);M;4603860;405830;420
201500026296;15;7;15;1205;1;1;1;1;7;170;0, LES FRANCHISES (LIEU;M;4603739;411761;420
201500026297;15;7;17;1331;1;2;5;1;3;184;0, BLUM  LEON   (RUE);M;4604555;404065;420
201500026298;15;7;25;1950;2;2;1;1;3;187;55, WILSON (RUE DU PRESI;M;4605910;409100;420
201500026299;15;7;27;1520;1;2;1;1;4;187;0, RENAISON (LEVEE DU);M;4603014;407479;420
201500026300;15;7;30;1330;1;2;3;1;3;187;0, COOPERATION (RUE DE L;M;4603049;406252;420
201500026301;15;8;1;2155;5;2;3;1;3;187;0, PROMENADES POPULLE(PO;M;4603655;406428;420
201500026302;15;8;4;720;2;2;1;3;6;187;44, CLERMONT (RUE DE );M;4602842;406501;420
201500026303;15;8;8;1930;2;2;1;2;7;187;57, DOURDEIN (RUE AUGUST;M;4604095;405476;420
201500026304;15;8;9;525;2;2;2;1;7;187;0, JAURES (RUE JEAN);M;4603589;407041;420
201500026305;15;8;10;1630;1;2;1;1;2;187;22, PROMENADES POPULLE (;M;4603537;406569;420
201500026306;15;8;20;2247;3;1;1;1;7;170;0, LE QUILLONNET (LIEU D;M;4606629;412260;420
201500026307;15;8;21;2105;5;2;2;1;3;184;0, POINCARE RAYMOND (RUE;M;4604736;406902;420
201500026308;15;8;27;1157;1;2;1;1;3;187;Face 14, BRISON (RUE);M;4603373;406902;420
201500026309;15;9;1;1135;1;2;1;2;4;187;5, LATTRE DE TASSIGNY (P;M;4604005;407144;420
201500026310;15;9;3;2025;2;2;2;1;1;71;0, REPUBLIQUE (AVENUE DE;M;4602700;409000;420
201500026311;15;9;4;1455;1;1;1;1;1;170;0, R.D 504;M;4603230;409999;420
201500026312;15;9;5;910;1;1;1;1;3;187;BRIENNON (ROUTE DE );M;4609029;407589;420
201500026313;15;9;5;1300;1;2;2;1;6;187;0, MACE (RUE JEAN);M;4603765;407535;420
201500026314;15;9;9;730;1;2;1;1;3;71;3, GALLET (BOULEVARD CHA;M;4602230;409358;420
201500026315;15;9;9;1712;1;2;1;1;1;187;63, CHARLES DE GAULLE(RU;M;4603925;407163;420
201500026316;15;9;10;1141;1;2;1;1;1;127;0, FONTAINE JEAN  (RUE D;M;4606763;406057;420
201500026317;15;9;11;845;1;2;1;7;3;127;347, BRIENNON (RT DE);M;4608105;407338;420
201500026318;15;9;11;915;1;2;3;1;6;187;0, JAURES (RUE JEAN);M;4603593;407050;420
201500026319;15;9;11;1345;1;2;3;1;3;187;0, FOLLEREAU (RUE RAOUL);M;4603241;407385;420
201500026320;15;9;16;710;2;2;1;2;6;187;32, RAFFIN (RUE ALEXANDR;M;4603462;406665;420
201500026321;15;9;21;1700;1;2;1;1;4;187;0, CLERMONT (RUE DE );M;4603063;406700;420
201500026322;15;9;21;1740;1;1;1;1;7;184;0, OUCHES (  RT D');M;4602800;403233;420
201500026323;15;9;20;158;5;2;1;1;6;187;0, NUNEATON;M;4603390;407666;420
201500026324;15;9;22;1835;1;1;1;2;7;127;BRIENNON (RT DE);M;4608927;407566;420
201500026325;15;1;7;1215;1;2;3;1;3;184;0, IFFLANDER  ALBRECHT (;M;4605140;404403;420
201500026326;15;9;28;830;1;2;1;1;3;71;3, BROUSSON  (RUE AUGUST;M;4602525;408573;420
201500026327;15;9;29;1015;1;2;6;1;6;187;54, BRISON (RUE);M;4603216;406803;420
201500026328;15;9;30;900;1;2;3;1;3;187;0, PRESSENSE (RUE FRANCI;M;4605391;409140;420
201500026329;15;9;30;1500;1;2;6;1;7;71;0, BELGES (BOULEVARD DES;M;4602590;409304;420
201500026330;15;9;24;1750;1;2;1;1;7;187;0, THIERS (BOULEVARD DE);M;4602634;405231;420
201500026331;15;10;1;1730;1;2;3;1;3;187;75, GIRAUD (RUE DU GENER;M;4603404;405353;420
201500026332;15;10;3;1800;1;1;1;3;1;170;R.D 504;M;4603698;412375;420
201500026333;15;10;3;1845;1;1;1;2;1;170;0, R.D 504;M;4603916;416507;420
201500026334;15;10;6;855;1;2;1;2;6;187;0, OUEST (BOULEVARD);M;4604755;406313;420
201500026335;15;10;6;1155;1;2;2;1;3;187;0, ZOLA (RUE EMILE);M;4604084;405808;420
201500026336;15;10;6;1555;1;2;2;1;3;187;0, PLASSE (RUE GEORGES);M;4603252;405980;420
201500026337;15;10;8;855;1;1;1;1;7;127;0, BRIENNON (RT DE);M;4606535;407426;420
201500026338;15;10;9;1558;1;2;1;1;6;187;0, REPUBLIQUE (COUR DE L;M;4603712;406503;420
201500026339;15;10;10;2145;5;2;1;1;6;184;0, OUEST  (BD);M;4603700;404570;420
201500026340;15;10;16;750;5;2;1;1;6;187;128, CHARLIEU (RUE DE );M;4604775;408251;420
201500026341;15;10;21;2030;1;1;1;1;6;187;FACE AU 37, BENOIT (BOUL;M;4604839;406991;420
201500026342;15;10;29;1425;1;2;3;1;3;187;27, CUVIER  (RUE);M;4604646;406623;420
201500026343;15;11;6;1635;1;2;2;1;3;187;0, MONTRETOUT (RUE DE );M;4605209;408594;420
201500026344;15;11;13;1655;2;2;2;1;3;187;0, THOMAS (RUE ALBERT);M;4604901;407408;420
201500026345;15;11;14;1240;1;2;1;1;6;127;0, CORNEILLE PIERRE (RUE;M;4606324;406250;420
201500026346;15;11;18;1700;2;2;2;1;3;187;0, ARRAS (BOULEVARD D');M;4606101;407486;420
201500026347;15;11;18;1745;5;2;3;1;6;127;0, FRANCE ANATOLE ( RUE);M;4606021;406785;420
201500026348;15;11;21;917;1;2;2;2;3;187;0, SALENGRO (RUE ROGER);M;4603757;407530;420
201500026349;15;11;22;1635;1;2;3;1;3;187;36, VERNES (RUE DES);M;4602994;405165;420
201500026350;15;11;23;1345;1;2;3;1;3;127;155, BRIENNON (RT DE);M;4606576;407422;420
201500026351;15;12;1;1045;1;2;1;1;2;187;EST (ROCADE);M;4605105;408284;420
201500026352;15;1;9;1840;5;2;6;1;7;127;0, DE GAULLE (AVENUE CHA;M;4608344;407332;420
201500026353;15;1;12;1015;1;2;1;1;2;71;38, ETINES (BOULEVARD DE;M;4602135;409224;420
201500026354;15;1;12;1835;2;1;1;1;2;170;0, LES PLAINES (LIEU DIT;M;4603500;410015;420