num_acc;an;mois;jour;hrmn;lum;agg;int;atm;col;com;adr;gps;lat;long;dep
201500026355;15;1;13;1620;1;2;1;1;6;187;92, THOMAS (RUE ALBERT);M;4604809;407418;420
201500026356;15;1;13;1615;2;2;1;1;4;187;39, PARIS (AVENUE DE);M;4604387;407153;420
201500026357;15;1;15;1245;1;2;1;1;7;187;35, THOMAS (RUE ALBERT);M;4604416;407404;420
201500026358;15;1;16;1035;1;2;1;2;6;187;0, HERMINIER (QUAI DU CO;M;4603388;407807;420
201500026359;15;1;16;1645;2;2;1;2;4;187;0, Pont de la LOIRE;M;4603262;408000;420
201500026360;15;1;23;1800;5;2;1;1;7;187;15, GAMBETTA (AVENUE);M;4603937;406661;420
201500026361;15;1;26;1810;5;2;1;2;7;187;0, PROMENADES POPULLE(PO;M;4603655;406485;420
201500026362;15;1;23;1050;1;1;1;2;7;170;0, R.D 504;M;4604038;414660;420
201500026363;15;1;29;750;4;2;1;3;7;187;22, AUGE (RUE JOANNY);M;4603844;405215;420
201500026364;15;1;30;1310;1;2;2;1;3;187;25, NOELAS (Rue);M;4603810;406859;420
201500026365;15;1;30;1710;1;1;1;2;7;170;0, LES PLAINES (LIEU DIT;M;4603327;409799;420
201500026366;15;2;9;1645;2;2;1;1;2;187;8, BRISON (RUE);M;4603372;406902;420
201500026367;15;2;10;1740;3;2;2;1;3;187;0, MAROC (RUE DU );M;4606286;407589;420
201500026368;15;2;12;1223;1;2;1;1;6;187;2, DUCARRE (RUE GEORGES;M;4603470;407380;420
201500026369;15;2;19;1035;1;2;1;7;2;71;23, PARMENTIER (RUE ANTO;M;4602937;408775;420
201500026370;15;2;24;820;1;2;1;1;6;71;24, LIBERATION (AVENUE D;M;4603045;408312;420
201500026371;15;2;27;920;1;2;2;2;3;187;0, MONTRETOUT (RUE DE );M;4605011;409011;420
201500026372;15;3;3;1700;1;2;2;1;3;184;0, MICHEL LOUISE  (RUE);M;4604904;405168;420
201500026373;15;3;4;1400;1;2;1;2;4;187;1, CLERMONT (RUE DE );M;4603137;406749;420
201500026374;15;3;9;1635;1;2;2;1;3;187;0, DANTON (RUE GEORGES);M;4603711;405471;420
201500026375;15;3;10;1845;5;2;1;1;7;187;157, CHARLIEU (RUE DE );M;4604800;408256;420
201500026376;15;3;12;1142;1;2;1;1;6;187;0, MARCEAU (RUE);M;4603710;406080;420
201500026377;15;3;13;1335;1;2;3;1;3;187;12, MACE (RUE JEAN);M;4603910;407481;420
201500026378;15;1;10;50;5;2;1;1;6;259;50, SAINT MARTIN ROUTE D;M;4553663;460777;420
201500026379;15;1;23;1920;5;2;1;1;6;207;12, GAMBETTA RUE;M;4547364;451151;420
201500026380;15;2;18;1215;1;1;1;8;4;207;LANGONNAND  ROUTE DE;M;4547738;446635;420
201500026381;15;12;21;1545;1;2;2;1;3;218;IGNORE, VERNEY CARRON CL;M;4546367;438176;420
201500026382;15;3;19;1300;1;2;1;1;6;218;5, CHARCOT DOCTEURS JUSQ;M;4542277;439208;420
201500026383;15;12;24;935;1;2;1;1;6;330;rue des йcoles;M;4546828;435446;420
201500026384;15;3;28;910;1;2;2;1;6;189;01, COMTE LOUIS;M;4543332;432252;420
201500026385;15;12;27;1030;1;2;1;1;6;218;12, ROCHETAILLEE (AVENUE;M;4542057;439821;420
201500026386;15;4;9;1640;1;2;1;1;2;218;ignore, MUSSET ALFRED DE;M;4544345;437946;420
201500026387;15;11;28;2300;3;1;1;1;6;218;ignor‚, R.D. N›25;M;4545676;429561;420
201500026388;15;4;10;1620;1;2;1;1;6;218;3, BRUGNIAUT OVIDE;M;4541084;438735;420
201500026389;15;12;28;1600;1;2;1;1;1;218;ignor‚, TALAUDIERE (DE L;M;4545141;440722;420
201500026390;15;4;5;1315;1;1;3;1;6;218;80, VIVALDI ANTONIO (BOU;M;4547088;440020;420
201500026391;15;12;29;1200;1;2;1;2;1;218;ignor‚, MOMEY;M;4545909;436984;420
201500026392;15;4;5;1537;1;2;3;1;3;218;20, VIAL JEAN HIPPOLYTE;M;4543514;443718;420
201500026393;15;12;30;850;1;2;1;1;6;218;11, FEUILLET OCTAVE;M;4544962;436328;420
201500026394;15;4;6;2031;2;2;2;1;3;218;ignorй, FRANCHE AMITIE A;M;4543516;438401;420
201500026395;15;4;21;1605;1;2;1;1;2;218;39, DESTRE DOCTEUR LOUIS;M;4543864;443622;420
201500026396;15;4;21;1500;1;2;1;1;6;218;140, DURAFOUR ANTOINE A;M;4542244;439656;420
201500026397;15;1;1;101;5;2;2;1;3;218;10, THIERRY AUGUSTIN (BD;M;4544685;438375;420
201500026398;15;4;26;245;1;1;1;1;6;183;ROCADE OUEST;M;4541794;437090;420
201500026399;15;4;27;1515;1;2;1;2;6;218;ignorй, LOUGANSK (DE);M;4542094;441216;420
201500026400;15;12;18;807;1;2;3;1;6;218;02, VILLARS (DE);M;4546559;437840;420
201500026401;15;4;10;803;1;2;2;1;6;218;28, AMOUROUX A PARTIR DE;M;4541394;439843;420
201500026402;15;12;19;230;5;2;2;1;3;218;LEVAILLANT MAITRE SIMONE;M;4546367;438176;420
201500026403;15;4;11;1115;1;2;2;1;6;218;53, FAURIEL (COURS);M;4542689;440353;420
201500026404;15;12;22;1641;1;2;3;1;3;218;129, ALLIES JUSQU'AUX N›;M;4544151;441423;420
201500026405;15;4;11;1425;1;2;1;1;4;275;01, MENDES FRANCE PIERRE;M;4546939;437588;420
201500026406;15;4;14;1916;1;1;1;1;1;189;VILLEBOEUF (LIEU DIT);M;4542909;435104;420
201500026407;15;4;16;1202;1;1;1;1;5;189;ROCADE OUEST;M;4543012;434816;420
201500026408;15;4;20;853;1;2;1;1;6;218;32, JANIN JULES (BD) JUS;M;4544868;439098;420
201500026409;15;4;22;959;1;2;2;1;3;218;51, ACIERIES (DES);M;4545616;439174;420
201500026410;15;12;24;1641;1;2;1;1;1;218;04, OGIER JEAN BAPTISTE;M;4543575;443201;420
201500026411;15;4;30;1658;1;2;2;1;6;218;02, VIVALDI ANTONIO (BOU;M;4546609;439888;420
201500026412;15;5;3;1120;1;2;3;1;6;189;01, REPUBLIQUE;M;4543484;432268;420
201500026413;15;5;6;1850;1;2;1;1;6;218;IGNORE, COLETTE;M;4542118;442169;420
201500026414;15;5;10;410;5;2;3;1;3;218;ignorй, MULLER DES DOCTE;M;4544703;439800;420
201500026415;15;5;11;1600;1;2;2;1;1;218;IGNORE, TALAUDIERE (DE L;M;4545021;440411;420
201500026416;15;5;12;1730;1;2;1;1;6;218;5/7, CHARCOT DOCTEURS JU;M;4542265;439192;420
201500026417;15;5;16;240;5;2;1;2;6;218;33, LIOGIER JUSQU'AUX Nш;M;4542839;440482;420
201500026418;15;5;16;750;1;2;2;1;3;218;27, FAURIEL (COURS);M;4542838;439928;420
201500026419;15;5;19;1445;1;2;1;1;6;218;31, BEAUBRUN;M;4543387;438207;420
201500026420;15;5;22;1740;1;1;1;1;3;223;CIZERON (LIEU DIT);M;4546616;431924;420
201500026421;15;5;23;1800;1;2;1;1;6;275;43, MENDES FRANCE PIERRE;M;4547799;436084;420
201500026422;15;4;27;1920;1;2;1;1;2;218;27, CLAUDE DESIRE JUSQU';M;4542908;438894;420
201500026423;15;5;31;2200;5;2;1;1;6;218;IGNORE, JANIN JULES (BD);M;4544474;439780;420
201500026424;15;6;4;1540;1;2;1;1;6;218;2, ROCHE DU GEAI (DE LA);M;4544430;436369;420
201500026425;15;6;9;1415;1;2;1;1;6;218;56, BERGSON A PARTIR Nш;M;4545360;438336;420
201500026426;15;6;11;1615;1;2;1;1;2;218;52, DAGUERRE;M;4542317;439065;420
201500026427;15;5;21;2145;3;1;1;1;7;218;D8;M;4538919;447278;420
201500026428;15;5;29;855;1;2;2;1;3;218;01, SALENGRO ROGER;M;4544102;438900;420
201500026429;15;5;31;619;1;2;2;1;3;218;10, CAMELINAT JUSQU'AUX;M;4544480;438431;420
201500026430;15;6;2;746;1;2;1;1;6;218;153, BERGSON A PARTIR Nш;M;4545905;438153;420
201500026431;15;6;3;2127;1;2;2;1;3;218;21, GAMBETTA A PARTIR Nш;M;4543330;438886;420
201500026432;15;6;5;1449;1;2;1;1;3;218;22, JANIN JULES (BD) JUS;M;4544792;438801;420
201500026433;15;6;9;1748;1;2;1;1;4;218;ignorй, VERNEY CARRON CL;M;4546269;438236;420
201500026434;15;6;13;511;1;2;3;1;6;218;12, JAURES JEAN (PLACE);M;4544145;438726;420
201500026435;15;6;19;1915;1;2;1;1;6;218;14, BERNARD MARTIN;M;4543271;438024;420
201500026436;15;6;19;1416;1;2;3;1;6;218;ignorй, NADAUD GUSTAVE (;M;4543317;439556;420
201500026437;15;6;26;1800;1;2;1;1;6;218;43, GAMBETTA A PARTIR Nш;M;4543124;438928;420
201500026438;15;6;30;715;1;2;1;1;6;305;6, HUGO VICTOR;M;4547981;443123;420
201500026439;15;7;5;345;5;2;2;1;3;218;14, BERNARD MARTIN;M;4543265;438037;420
201500026440;15;7;6;1829;1;1;1;1;7;223;D15;M;4545462;434182;420
201500026441;15;7;10;2355;5;2;3;1;7;218;16, REVOLLIER J-FRANCOIS;M;4545518;437764;420
201500026442;15;5;27;1920;1;2;1;1;2;218;27, CLAUDE DESIRE JUSQU';M;4542908;438894;420
201500026443;15;7;21;1939;1;1;1;1;4;218;Le Berlan;M;4543410;430426;420
201500026444;15;8;2;331;5;2;1;1;6;218;36, MARTYRS DE VINGRE;M;4543594;439023;420
201500026445;15;8;2;750;1;2;1;1;6;218;133, MONTAT (DE LA) A PA;M;4544384;441588;420
201500026446;15;8;4;913;1;2;3;1;3;218;ignorй, NELTNER LOUIS (B;M;4546185;441447;420
201500026447;15;8;8;1430;1;1;6;2;2;330;IGNORE, POUQUET HUBERT (;M;4547846;434750;420
201500026448;15;8;17;2100;5;2;1;1;6;218;105, DESTRE DOCTEUR LOUI;M;4544002;441956;420
201500026449;15;8;19;2045;1;2;1;1;6;218;79, FAURIEL (COURS);M;4542483;440724;420
201500026450;15;8;23;1215;1;2;2;3;3;218;IGNORE, GRUNER (AVENUE);M;4544008;439970;420
201500026451;15;8;24;1830;1;2;1;1;3;218;23, TALAUDIERE (DE LA) J;M;4545324;440993;420
201500026452;15;8;26;1445;1;2;1;1;3;218;ignorй, VERNEY CARRON CL;M;4546273;438230;420
201500026453;15;8;29;1156;1;2;1;1;7;218;27, FLORALIES (DES);M;4547030;439434;420
201500026454;15;8;31;1132;1;2;6;1;3;218;ROOSEVELT FRANKLIN (SQUA;M;4542082;441073;420
201500026455;15;9;21;1940;5;2;3;1;3;218;ignore, EVRARD FLORENT A;M;4541523;437492;420
201500026456;15;9;6;1355;1;2;1;1;6;218;42, FRAISSINETTE ALEXAND;M;4541815;441690;420
201500026457;15;9;8;1243;1;2;3;1;3;275;24, ETRAT (ROUTE DE L');M;4547159;438341;420
201500026458;15;9;15;743;1;2;1;1;6;218;17, BERGSON JUSQU'AUX Nш;M;4544821;438466;420
201500026459;15;9;18;1614;1;2;3;1;3;218;ignorй, PONT DE L'ANE (I;M;4544399;441903;420
201500026460;15;9;19;822;1;2;1;1;3;237;34, HUGO (VICTOR);M;4544609;443360;420
201500026461;15;9;24;1807;1;2;1;1;6;218;ignorй, RONDET MICHEL A;M;4543778;438313;420
201500026462;15;9;25;1640;1;2;1;1;6;218;15, RICHELANDIERE (DE LA;M;4543887;439999;420
201500026463;15;10;1;130;5;2;2;1;3;218;ignore, BLANQUI;M;4544007;439103;420
201500026464;15;9;30;1519;1;2;1;1;6;218;128, BERGSON A PARTIR Nш;M;4546302;438067;420
201500026465;15;10;4;940;1;2;1;1;6;330;02, TAILLEE (ROUTE);M;4546603;435503;420
201500026466;15;10;5;1750;1;2;2;1;6;218;64, PASSEMENTIERS A PART;M;4541817;439478;420
201500026467;15;10;2;2120;5;2;4;1;3;218;IGNORE, EVRARD FLORENT A;M;4541899;437594;420
201500026468;15;10;24;1955;3;1;1;1;1;223;D15;M;4545382;434201;420
201500026469;15;10;25;800;1;2;1;1;6;218;32, MALON BENOIT;M;4544456;438083;420
201500026470;15;10;29;920;1;2;1;1;7;218;ignorй, ALBERT FRANCOIS;M;4544620;440023;420
201500026471;15;10;30;1015;1;2;1;1;1;218;36, MARTEL EDOUARD JUSQU;M;4542272;437659;420
201500026472;15;11;6;1340;1;2;1;1;6;218;17, VILLE (DE LA);M;4543637;438652;420
201500026473;15;11;7;1745;1;2;1;1;6;218;IGNORE, MONTYON;M;4546645;438349;420
201500026474;15;11;8;1200;1;2;2;1;3;305;IGNORE, ROLLAND ROMAIN;M;4548332;443011;420
201500026475;15;11;8;1415;1;2;1;1;6;218;IGNORE, ROOSEVELT FRANKL;M;4542122;441132;420
201500026476;15;11;8;2010;5;2;1;1;6;218;IGNORE, MOULIN JEAN (PLA;M;4543746;439278;420
201500026477;15;11;11;1830;4;2;1;1;6;218;11-13, MAREY COLONEL;M;4544527;440233;420
201500026478;15;11;11;1115;1;2;2;1;3;218;99, FAURIEL (COURS);M;4542292;440930;420
201500026479;15;11;13;1050;1;2;1;1;6;218;29, DE GAULLE CHARLES;M;4544451;438558;420
201500026480;15;11;19;1250;1;2;9;1;6;218;2D, OVIDES;M;4543793;441390;420
201500026481;15;11;20;1210;1;2;1;1;6;218;30-38, FAURIAT (BOULEVAR;M;4544704;440540;420
201500026482;15;11;23;2005;5;2;1;1;2;218;21, MIMARD ETIENNE JUSQU;M;4543839;439623;420
201500026483;15;10;16;1555;1;2;3;8;3;218;09, ROBESPIERRE;M;4541483;439505;420
201500026484;15;11;28;1100;1;2;1;1;6;218;ignor‚, MASSENET (PLACE);M;4546559;437976;420
201500026485;15;10;27;2229;1;2;1;1;7;275;02, DE GAULLE CHARLES;M;4547964;436899;420
201500026486;15;11;12;1729;5;1;1;1;6;218;25, RICHELANDIERE (DE LA;M;4543880;440103;420
201500026487;15;11;19;1017;1;2;3;1;6;330;02, REPUBLIQUE;M;4546837;435364;420
201500026488;15;12;2;1151;1;2;1;1;6;218;15, VALBENOITE (BD) JUSQ;M;4542867;439482;420
201500026489;15;12;4;803;1;1;2;1;3;218;A72 SENS VERS CLERMONT F;M;4546495;439873;420
201500026490;15;12;8;1146;1;2;1;1;2;218;34, DESTRE DOCTEUR LOUIS;M;4543913;443622;420
201500026491;15;12;11;1310;1;2;2;1;3;218;68, ROUGET DE L'ISLE A P;M;4544609;438664;420
201500026492;15;11;28;1520;1;2;1;1;4;218;4-6, BARROUIN JUSQU'AUX;M;4545404;438406;420
201500026493;15;12;2;1235;1;1;1;1;6;218;D25;M;4542853;429502;420
201500026494;15;12;2;1800;5;2;1;1;6;218;84, CHAVASSIEUX JUSQU'AU;M;4544856;436606;420
201500026495;15;12;3;1815;5;2;1;1;6;218;3, VOLTAIRE;M;4543019;439018;420
201500026496;15;12;5;2340;5;2;2;1;3;218;IGNORE, MIMARD ETIENNE A;M;4543657;439396;420
201500026497;15;12;6;510;5;2;1;1;6;218;15, MOLINA (DE);M;4546660;439350;420
201500026498;15;12;8;110;5;2;1;1;6;218;IGNORE, MONT MOUCHET;M;4544185;442955;420
201500026499;15;12;9;2120;5;2;1;1;6;218;35, CLEMENCEAU GEORGES;M;4542702;441275;420
201500026500;15;12;10;740;1;2;1;1;3;305;IGNORE, HUGO VICTOR;M;4548114;443485;420
201500026501;15;1;7;1945;5;2;1;1;6;218;23, HUGO VICTOR (COURS);M;4543245;438840;420
201500026502;15;1;13;715;3;2;1;1;6;330;ignor?, HIPPODROME (LOT);M;4547296;435794;420
201500026503;15;1;13;1950;5;2;3;1;5;218;ignor?, HUIT MAI 1945 (B;M;4545051;440187;420
201500026504;15;1;15;1645;1;2;1;1;3;237;ignor?, VIGNES (LIEU DIT;M;4544041;445553;420
201500026505;15;1;15;1345;1;2;3;1;6;218;ignor?, CHEVREUL;M;4542467;439497;420
201500026506;15;1;16;2150;3;1;1;9;7;223;Rocade OUEST;M;4544952;433720;420
201500026507;15;1;10;1741;2;2;1;1;6;305;HUGO VICTOR;M;4548078;443372;420
201500026508;15;1;23;1240;1;2;1;8;6;218;68, PAROT JEAN A PARTIR;M;4543084;442373;420
201500026509;15;1;24;1300;1;2;1;1;1;189;ignor?, CLAPEUSES (DES);M;4541983;431698;420
201500026510;15;1;25;1750;2;2;1;8;6;218;02, CHAIZE NICOLAS JUSQU;M;4541804;439365;420
201500026511;15;1;15;1815;5;2;1;1;3;218;82, BERGSON A PARTIR N?;M;4545778;438217;420
201500026512;15;1;29;1935;5;2;1;3;6;218;18, ALLARD MARCELLIN;M;4543545;439323;420
201500026513;15;2;7;230;5;2;1;1;6;218;ignor?, BASSE DES RIVES;M;4542601;439413;420
201500026514;15;2;10;955;1;2;3;8;6;218;19, POURCEL ALEXANDRE JU;M;4542385;439545;420
201500026515;15;2;9;1330;1;2;3;1;3;218;FACE AU 18, MIMARD ETIEN;M;4543747;439521;420
201500026516;15;2;11;1106;1;2;7;1;6;218;sans, JACQUARD (PLACE);M;4544217;438241;420
201500026517;15;2;15;2155;5;2;2;1;3;218;IGNORE, ARCOLE A PARTIR;M;4544013;438259;420
201500026518;15;2;25;1515;1;2;1;1;1;305;IGNORE, FONTAINE JEAN DE;M;4547906;441324;420
201500026519;15;2;24;1930;5;2;2;2;5;218;ignore, MUSSET ALFRED DE;M;4544170;437894;420
201500026520;15;2;26;1845;5;2;1;2;5;218;IGNORE, POMPIDOU GEORGES;M;4545356;439909;420
201500026521;15;3;1;1350;1;2;2;1;3;218;ignorй, MIMARD ETIENNE A;M;4543889;439703;420
201500026522;15;2;26;1325;1;2;1;1;6;218;34, TIBLIER VERNE;M;4544851;440072;420
201500026523;15;3;7;540;5;2;1;1;6;218;32, JANIN JULES (BD) JUS;M;4544868;439060;420
201500026524;15;3;7;530;5;2;1;1;1;305;3185, ROSTAND JEAN (BOUL;M;4547526;444269;420
201500026525;15;3;11;2143;5;2;1;1;6;218;58, ROZIER (DU);M;4543121;439897;420
201500026526;15;3;10;1915;5;2;1;1;6;218;6, BERNARD MARTIN;M;4543307;438002;420
201500026527;15;3;13;1150;1;2;1;1;6;218;28, LIBERATION (AVENUE);M;4543785;439365;420
201500026528;15;3;16;1600;1;2;1;1;4;189;ignorй, PASCAL BLAISE (B;M;4542412;431604;420
201500026529;15;3;16;850;1;2;1;1;3;218;ignorй, PERI GABRIEL A P;M;4541370;439240;420
201500026530;15;3;18;1516;1;2;1;1;3;275;18, MENDES FRANCE PIERRE;M;4547266;437100;420
201500026531;15;3;17;1412;1;2;2;1;6;218;80, CHARCOT DOCTEURS A P;M;4541798;439315;420
201500026532;15;3;19;2150;5;2;1;1;6;218;40, BOISSON ETIENNE JUSQ;M;4544572;438297;420
201500026533;15;3;27;1400;1;2;2;1;3;218;IGNORE, RHIN ET DANUBE (;M;4544507;436612;420
201500026534;15;3;25;1705;1;2;1;2;2;237;1997, ROSTAND JEAN;M;4546718;443141;420
201500026535;15;4;3;25;5;2;2;1;3;218;IGNORE, DURAFOUR ANTOINE;M;4543074;439332;420
201500026536;15;4;3;1040;1;2;1;1;6;218;99 BIS, FAURIEL (COURS);M;4542294;440929;420
201500026537;15;3;21;1210;1;2;1;1;3;186;37, REPUBLIQUE DU N°1 AU;M;4552978;461220;420
201500026538;15;3;17;1705;1;2;1;1;6;207;12, GAMBETTA RUE;M;4547363;451149;420
201500026539;15;4;23;1840;1;2;1;1;6;123;30, JAURES RUE JEAN;M;4558436;451409;420
201500026540;15;5;7;130;1;1;1;1;6;259;PLAINE ROUTE DE LA;M;4554814;460875;420
201500026541;15;5;7;835;1;1;1;1;6;186;1, GAMBETTA COURS;M;4552923;461980;420
201500026542;15;5;25;1715;1;1;1;1;6;259;38, SAINT MARTIN ROUTE D;M;4554075;461018;420
201500026543;15;5;27;1315;1;2;1;1;3;207;5, TONKIN RUE DU;M;4547519;452233;420
201500026544;15;5;30;1030;1;2;1;1;6;207;64, WALDECK ROUSSEAU BOU;M;4547519;450487;420
201500026545;15;6;18;2030;1;2;1;1;5;207;56, VICTOR HUGO RUE;M;4547608;452093;420
201500026546;15;6;2;2030;1;1;1;1;6;207;VICTOR HUGO RUE;M;4547435;451406;420
201500026547;15;6;19;1600;1;1;1;1;1;225;709, GRAVENAND ROUTE DU;M;4553236;459538;420
201500026548;15;6;26;1239;1;2;1;1;6;207;COIN ROUTE DU;M;4547300;451629;420
201500026549;15;6;9;1005;1;2;1;1;3;207;4, RIVORY JEAN BAPTISTE;M;4546014;452426;420
201500026550;15;7;2;855;1;1;1;1;2;207;10, FERRY JULES AVENUE;M;4547075;451578;420
201500026551;15;6;23;2015;1;2;3;1;3;207;1, GRANDE TERRE BOULEVAR;M;4547254;453005;420
201500026552;15;7;30;1605;1;2;1;1;6;207;7, DORIAN PLACE;M;4547529;450901;420
201500026553;15;7;31;2245;5;2;3;1;2;123;30, JAURES RUE JEAN;M;4551407;458439;420
201500026554;15;8;28;1500;1;2;2;1;3;207;19, HUGO VICTOR RUE;M;4547483;451685;420
201500026555;15;9;16;2355;5;2;3;1;6;207;12, GAMBETTA RUE;M;4547343;451101;420
201500026556;15;9;16;1400;1;2;3;1;3;123;27, JAURES RUE JEAN;M;4551362;458325;420
201500026557;15;9;18;700;2;2;1;9;6;186;51, EDOUARD VAILLANT RUE;M;4552400;460621;420
201500026558;15;9;9;1745;1;2;1;1;6;207;56, WALDECK ROUSSEAU;M;4547652;450616;420
201500026559;15;9;22;1605;1;2;1;1;6;207;1 BIS, GAMBETTA RUE;M;4547401;451286;420
201500026560;15;9;21;1130;1;2;1;1;1;186;36, COUZON RUE VALLEE DE;M;4552309;462447;420
201500026561;15;10;5;1630;1;2;1;8;5;186;51, VAILLANT RUE EDOUARD;M;4552373;460622;420
201500026562;15;10;1;2040;5;2;2;1;3;207;NATIONALE PLACE;M;4546433;450341;420
201500026563;15;10;10;2049;5;2;2;1;2;207;9, VICTOR HUGO RUE;M;4547438;451399;420
201500026564;15;7;1;2330;5;1;1;1;6;225;122, MANISSOL ROUTE DE;M;4552322;459222;420
201500026565;15;10;22;1210;1;2;1;1;6;207;2, ORIOL BENOIT RUE;M;4547739;451537;420
201500026566;15;10;31;1700;2;1;1;1;3;207;58, LANGONNAND  ROUTE DE;M;4547182;448734;420
201500026567;15;11;4;1350;1;2;1;1;5;207;46, LYON ROUTE DE;M;4548072;452833;420
201500026568;15;11;5;950;1;2;1;1;6;186;14, JUIN AVENUE DU MAREC;M;4553075;462248;420
201500026569;15;11;23;745;1;2;1;1;2;123;2, ASSAILLY RUE D';M;4551018;457337;420
201500026570;15;12;5;2345;5;2;1;1;2;123;24, DURAFOUR RUE ANTOINE;M;4551027;457611;420
201500026571;15;12;8;1715;2;2;1;1;1;207;GRANDE TERRE BOULEVARD;M;4547290;453339;420
201500026572;15;12;15;1935;5;2;3;2;1;207;83, PETIN GAUDET RUE;M;4546331;450730;420
201500026573;15;3;26;1400;1;2;1;1;6;157;24, DOLAIZON (RUE);;;;430
201500026574;15;4;8;1635;1;2;1;1;6;157;21 BD MARECHAL JOFFRE;M;4504820;389355;430
201500026575;15;4;9;2240;5;2;1;1;6;157;58, COUDEYRETTE (RUE);;;;430
201500026576;15;4;20;1915;1;2;1;1;6;157;21, FAYOLLE (BD MARECHAL;M;4504220;388661;430
201500026577;15;5;19;1205;1;2;1;1;2;157;AV GEORGES CLEMENCEAU;M;4504120;388839;430
201500026578;15;6;5;1935;1;2;1;1;6;157;9 RUE CHARLES VII;;;;430
201500026579;15;6;20;2240;5;2;1;1;6;157;12, ST-JEAN (RUE DU FG);M;4504420;388943;430
201500026580;15;6;20;1825;1;2;1;1;6;157;66, FAUBOURG (RUE DU);M;4504020;388827;430
201500026581;15;6;28;2150;2;2;2;1;3;157;44, BREUIL (BD DU);;;;430
201500026582;15;6;26;1500;1;2;1;1;6;157;2, BOUCHERIE BASSE (RUE);;;;430
201500026583;15;6;30;1415;1;2;2;1;3;89;1, SOUCHON (RUE AUGUSTE);;;;430
201500026584;15;7;18;1310;1;2;1;1;2;157;36, JOURDE (BD. PHILIPPE;;;;430
201500026585;15;7;25;910;1;2;1;1;3;157;31, JOFFRE (BD. MARECHAL;M;4504880;389416;430
201500026586;15;7;30;1530;1;2;1;1;6;157;3-5, FAYOLLE (BD. MARECH;M;4504210;388573;430
201500026587;15;7;31;1200;1;2;1;1;6;2;3, AIGUILHE (AVENUE D');M;4504850;388100;430
201500026588;15;8;11;1820;1;2;1;1;3;157;10 BD MARECHAL JOFFRE;M;4504760;389299;430
201500026589;15;8;12;2310;5;2;3;1;3;157;AVENUE DU BREUIL;;;;430
201500026590;15;8;16;555;2;2;1;1;6;89;70, ERMITAGE (AVENUE DE;M;4505580;386097;430
201500026591;15;9;9;1400;1;2;1;1;6;251;18, JEANNE D'ARC (AV;;;;430
201500026592;15;9;23;1145;1;2;1;1;3;251;18, JEANNE D'ARC (AVENUE;;;;430
201500026593;15;11;3;830;1;2;1;2;2;89;1, PARADIS (AVENUE DE);;;;430
201500026594;15;11;2;830;1;2;2;1;1;251;3, BERNARD (RUE ANDRE);M;4502850;387231;430
201500026595;15;11;2;1310;1;2;1;1;6;157;5, BREUIL (BD DU);M;4504200;388278;430
201500026596;15;11;18;1342;1;2;1;1;6;157;22/24, ST-JEAN (RUE DU F;M;4504430;388951;430
201500026597;15;12;1;1210;1;2;3;1;3;157;BERTRAND (BD PRESIDENT);;;;430
201500026598;15;12;6;325;5;2;3;1;2;157;68 BD SAINT LOUIS;M;4504440;387931;430
201500026599;15;12;11;1500;1;2;1;1;2;251;16 MASSOT (RUE CHARLES);;;;430
201500026600;15;12;9;1735;1;2;1;1;2;157;31 BREUIL (BD DU);M;4504200;388405;430
201500026601;15;12;10;1320;1;2;1;1;3;157;23 BELGES (AV. DES);M;4504710;389577;430
201500026602;15;11;23;1210;1;2;1;1;6;157;6, LASHERMES (RUE);;;;430
201500026603;15;12;28;1650;2;2;1;1;1;157;10 CHATEAU DE MONS (RUE);;;;430
201500026604;15;1;2;1055;1;2;1;1;6;251;1, SAINT BENOIT (RUE);;;;430
201500026605;15;1;9;1825;5;2;1;1;6;157;22 AVENUE DES BELGES;M;4504770;389695;430
201500026606;15;1;27;1755;5;2;1;1;6;157;AVENUE DE MESCHEDE;;;;430
201500026607;15;2;8;445;5;2;1;1;6;89;25, MONDON (AVENUE DE);M;4504970;387249;430
201500026608;15;2;8;1605;1;1;1;1;1;157;1 AV SALVADOR ALLENDE;;;;430
201500026609;15;2;10;1820;5;1;1;1;6;41;P PIETON PROVISOIRE;M;4505580;390718;430
201500026610;15;3;5;1110;1;2;1;1;6;157;50 AVENUE D'OURS MONS;;;;430
201500026611;15;3;7;925;1;2;4;1;3;157;2 BD CARNOT;M;4504470;387994;430
201500026612;15;3;11;2025;5;2;3;1;2;157;25 AV MARECHAL FOCH;M;4503980;388823;430
201500026613;15;3;14;1925;3;2;1;2;1;41;AV BELGES-ZONE CHANTIER;M;4505000;390319;430
201500026614;15;1;3;1825;5;2;2;1;3;132;53, GAULLE (AVENUE GAL;M;4726708;-234144;440