num_acc;an;mois;jour;hrmn;lum;agg;int;atm;col;com;adr;gps;lat;long;dep
201500026615;15;12;31;1755;1;1;2;1;6;55;NS, CETRES ( ROUTE DE );M;4716596;-218574;440
201500026616;15;1;27;2050;5;2;6;1;7;132;VILLES BABIN (ROUTE DE L;M;4725660;-231669;440
201500026617;15;2;8;2120;3;1;1;1;7;55;NS, RD 213;M;4730675;-238613;440
201500026618;15;2;18;2110;5;2;1;1;6;132;94, VILLES BABIN (ROUTE;M;4726198;-230676;440
201500026619;15;2;19;1210;1;2;1;1;6;132;142, GAULLE (AVENUE DU G;M;4726093;-233972;440
201500026620;15;3;21;1655;1;2;3;1;6;55;NS, LILAS ( AVENUE DES );M;4727794;-242564;440
201500026621;15;4;5;750;1;2;1;1;7;55;4, SAINT CLAIR ( AVENUE;M;4728240;-238627;440
201500026622;15;5;15;1715;1;2;1;8;1;135;52, LABЙGO ( BOULEVARD D;M;4725997;-242442;440
201500026623;15;4;6;2300;5;2;1;1;3;55;bd renй dubois;M;4728068;-238418;440
201500026624;15;5;16;2125;2;2;1;1;2;55;83, LILAS ( AVENUE DES );M;4727799;-241949;440
201500026625;15;4;9;1815;1;1;1;1;2;132;VILLES BLAIS (ROUTE DE L;M;4726527;-229694;440
201500026626;15;5;24;135;5;2;1;1;7;132;25, BONNE SOURCE (AVENUE;M;4725417;-233634;440
201500026627;15;6;4;1425;1;2;1;1;3;55;57, MERMOZ ( AVENUE JEAN;M;4728966;-238469;440
201500026628;15;6;1;1650;1;2;1;1;2;55;NS, BARRIERE ( ESPLANADE;M;4728028;-240819;440
201500026629;15;6;29;1520;1;2;9;1;7;55;13, SAUMUR ( AVENUE DE );M;4728133;-237681;440
201500026630;15;7;2;2110;1;2;1;1;6;132;3, SAINT SEBASTIEN (AVEN;M;4725978;-233454;440
201500026631;15;7;5;1700;1;2;2;1;7;55;38, HALLALI ( AVENUE DE;M;4728491;-238546;440
201500026632;15;7;11;1800;1;2;1;1;6;132;26, OCEANIDES (BOULEVARD;M;4726225;-234253;440
201500026633;15;7;15;820;1;2;2;1;3;132;NS, PETIT CANON (AVENUE;M;4724947;-230866;440
201500026634;15;7;17;1435;1;2;2;2;1;55;10, BOIS D'AMOUR ( AVENU;M;4728807;-238408;440
201500026635;15;7;25;320;5;2;6;1;7;55;OCЙAN ( BOULEVARD DE L';M;4727451;-236078;440
201500026636;15;8;2;1920;1;2;1;1;6;132;184, OCEANIDES (BOULEVAR;M;4727168;-235399;440
201500026637;15;8;2;200;5;2;2;1;3;55;22, GUICHARD (AVENUE OLI;M;4728557;-239358;440
201500026638;15;8;3;2015;2;2;9;1;6;132;10, OCEANIDES (BOULEVARD;M;4726046;-234064;440
201500026639;15;8;7;647;1;2;2;1;1;55;6, CLEMENCEAU ( AVENUE G;M;4728718;-239045;440
201500026640;15;8;8;1130;1;2;1;1;2;132;111, SAINT SEBASTIEN (AV;M;4725632;-232158;440
201500026641;15;8;23;1220;1;2;6;1;1;55;7, FLANDIN ( AVENUE DU C;M;4728753;-238048;440
201500026642;15;8;23;1540;1;2;3;1;2;55;NS, LATTRE DE TASSIGNY (;M;4728158;-241383;440
201500026643;15;9;4;1635;1;2;1;1;6;132;170, OCEANIDES (BOULEVAR;M;4727123;-235273;440
201500026644;15;9;9;1030;1;2;1;1;1;55;32, PARC DES SPORTS ( AV;M;4728143;-241248;440
201500026645;15;10;3;1530;1;2;6;1;6;135;26, ATLANTIQUE ( BOULEVA;M;4727297;-244000;440
201500026646;15;10;12;1800;1;1;1;1;3;55;CAILLAUD ( BOULEVARD AUG;M;4727844;-233976;440
201500026647;15;11;16;1820;4;2;6;2;6;55;07, FLANDIN ( AVENUE DU;M;4717150;-222498;440
201500026648;15;12;7;1216;1;1;1;1;2;135;NS, ATLANTIQUE ( BOULEVA;;;;440
201500026649;15;12;11;1830;5;2;1;1;6;55;34-36, GRANDE DUNE ( AVE;;;;440
201500026650;15;12;17;1124;1;2;2;1;6;55;10, GUICHARD (AVENUE OLI;M;4717024;-223381;440
201500026651;15;2;2;1705;1;2;1;9;3;162;0, RUE VASCO DE GAMA;M;4722083;-162336;440
201500026652;15;12;29;1440;1;2;1;1;1;109;RUE PAUL BELLAMY;;;;440
201500026653;15;2;6;2125;5;2;1;1;1;109;1, VERNE ( BD JULES );M;4723440;-153544;440
201500026654;15;1;31;1815;2;2;1;2;6;109;2, RUE JULES GRANDJOUAN;M;4724760;-151180;440
201500026655;15;12;21;1115;1;2;1;1;3;109;5, ROUTE DE SAINTE LUCE;;;;440
201500026656;15;1;6;1735;1;2;1;1;6;109;1, PLACE PIERRE MENDES F;M;4720880;-161095;440
201500026657;15;2;21;1830;2;2;1;1;3;109;98, RUE PAUL BELLAMY;M;4722631;-156005;440
201500026658;15;12;17;1800;5;2;1;1;6;162;AVENUE DU PARNASSE;M;;;440
201500026659;15;3;17;1620;1;2;1;1;7;162;., BOULEVARD SALVADOR AL;M;4722191;-163261;440
201500026660;15;12;31;1430;1;2;6;1;3;162;00, BOULEVARD PROFESSEUR;M;;;440
201500026661;15;4;6;1800;1;2;6;1;3;109;., BOULEVARD DE LA LIBER;M;4722191;-158853;440
201500026662;15;2;17;1640;1;2;6;1;3;109;RUE DU BOIS BRIAND;M;4725040;-149738;440
201500026663;15;2;13;2105;5;2;1;1;7;162;1, PLACE OCEANE;M;4722530;-162920;440
201500026664;15;2;10;1616;1;2;1;1;6;109;0, RUE GAETAN RONDEAU;M;4720600;-153549;440
201500026665;15;1;26;2116;5;2;1;1;6;109;ALLEE BACO;M;4721330;-155054;440
201500026666;15;12;18;422;5;2;1;2;7;162;184, ROUTE DE VANNES;M;4714000;-135000;440
201500026667;15;12;4;1405;1;2;1;1;2;109;BOULEVARD EMILE ROMANET;;;;440
201500026668;15;2;14;1908;5;2;6;1;3;109;CASSIN ( BD RENE );M;4726344;-158000;440
201500026669;15;12;30;2045;3;2;3;3;3;114;2, RUE DE LA GARENNE;M;4715287;-138434;440
201500026670;15;2;19;2240;5;2;9;1;3;109;, GAULLE  ( BD GAL DE );M;4720640;-153912;440
201500026671;15;1;6;1845;5;2;6;2;6;109;2, TRIBUNES ( BD DES );M;4724610;-156583;440
201500026672;15;12;19;1500;1;2;1;1;6;109;21, BOULEVARD GABRIEL GU;M;4712000;-134000;440
201500026673;15;2;28;1905;1;2;1;1;7;109;57, JOST ( RUE LEON );M;4723853;-156889;440
201500026674;15;12;23;1142;1;2;1;1;6;162;PLACE OCEANE;M;;;440
201500026675;15;1;19;1158;1;2;8;1;6;109;RUE DU SENAT;M;4723890;-154311;440
201500026676;15;3;1;100;5;2;1;9;2;109;00, FOSSE ( QUAI DE LA );M;4720850;-156898;440
201500026677;15;2;22;1940;5;2;1;2;6;109;., RUE FELIX EBOUE;M;4721133;-155908;440
201500026678;15;3;5;855;1;2;9;1;6;109;RUE PAUL BELLAMY;M;4723029;-156337;440
201500026679;15;12;23;1505;1;2;1;1;2;162;., BOULEVARD SALVADOR AL;M;4712408;-137416;440
201500026680;15;2;25;720;1;1;1;1;6;190;482, ROUTE DE CLISSON;M;4718700;-147825;440
201500026681;15;3;7;2110;5;2;1;1;1;190;35C, RUE DES COUCOUS;M;4719917;-151122;440
201500026682;15;12;19;1530;1;2;1;1;6;109;., BOULEVARD DE LA BEAUJ;M;4715133;-130444;440
201500026683;15;3;5;1645;1;2;1;1;6;109;122, BOULEVARD DU MASSAC;M;4723120;-159346;440
201500026684;15;12;15;2035;5;2;1;2;2;109;44, BOULEVARD JULES VERN;M;4723000;-153000;440
201500026685;15;3;5;1400;1;2;1;1;3;109;BOULEVARD DE CARD;M;4719891;-158297;440
201500026686;15;12;16;900;1;2;1;1;7;162;BOULEVARD MARCEL PAUL;M;4723000;-163000;440
201500026687;15;12;10;900;1;2;1;1;6;109;179, ROUTE DE SAINT JOSE;M;4724320;153990;440
201500026688;15;3;9;1145;1;2;6;1;3;109;BOULEVARD DE LA BEAUJOIR;M;4725851;-151965;440
201500026689;15;3;12;910;1;2;1;1;5;114;;M;4725065;-161813;440
201500026690;15;12;11;1000;1;2;1;2;6;109;00, BOULEVARD LEON JOUHA;M;4712000;-135000;440
201500026691;15;3;11;1430;1;2;1;1;6;143;5, RUE ORDRONNEAU;M;4719324;-157274;440
201500026692;15;12;19;1750;5;2;1;1;6;143;118, RUE DE LA GALARNIER;M;;;440
201500026693;15;2;5;1230;1;2;1;1;2;109;ROUTE DE SAINTE LUCE;M;4723242;-152203;440
201500026694;15;12;20;700;5;2;1;1;6;143;175, RUE DES SORINIERES;M;4715000;153000;440
201500026695;15;12;5;2355;1;1;6;1;5;109;BELLAMY ( RUE PAUL );;;;440
201500026696;15;2;5;1350;1;2;2;1;3;109;BUAT ( RUE GENERAL );M;4722715;-154256;440
201500026697;15;3;7;520;3;1;1;1;6;162;0, BD CHARLES DE GAULLE;M;4721205;-163225;440
201500026698;15;3;5;1640;1;1;6;1;6;162;00, RUE DE LA JOHARDIERE;M;4722722;-165127;440
201500026699;15;12;21;1655;2;2;2;1;1;109;., RUE DU MOULIN DE LA G;M;4715345;-130402;440
201500026700;15;3;9;1445;1;2;1;1;6;109;13, BD AUGUSTE PAGEOT;M;4722408;-157655;440
201500026701;15;12;17;720;2;2;1;1;6;109;QUAI PRESIDENT WILSON;M;4719000;157000;440
201500026702;15;3;20;1445;1;2;6;2;3;109;0, BOULEVARD GUY MOLLET;M;4724917;-155416;440
201500026703;15;12;22;1845;5;2;1;1;6;162;RUE OCEANE;M;4722000;300000;440
201500026704;15;12;24;1105;1;1;1;1;6;143;PERIPHERIQUE;M;4718066;-161000;440
201500026705;15;3;19;1415;1;2;1;1;6;109;1, PLACE DU COMMERCE;M;4721325;-155811;440
201500026706;15;3;19;1720;1;1;1;1;7;109;0, CHEMIN DE LA MAINGUAI;M;4726600;-150389;440
201500026707;15;12;29;1200;1;1;1;1;6;109;RUE MARCEL PAUL;M;4712520;-132158;440
201500026708;15;3;29;136;3;2;3;1;3;109;00, RUE DE CARCOUET;M;4722300;-157190;440
201500026709;15;12;19;1600;1;2;1;8;6;109;3, PLACE DE LA PETITE HO;M;4712420;133264;440
201500026710;15;3;28;1835;1;2;3;1;2;109;BD BATONNIER CHOLET;M;4720330;-161462;440
201500026711;15;3;29;1555;1;2;1;1;2;109;00, RUE PAUL BELLAMY;M;4722750;-156101;440
201500026712;15;2;17;815;1;1;1;1;6;162;2, RUE DU SOUVENIR FRANC;M;4721028;-162867;440
201500026713;15;2;25;745;1;1;1;8;5;9;0, PERIPHERIQUE SUD;M;4722150;-147397;440
201500026714;15;3;27;1735;1;2;1;1;6;109;41, BOULEVARD PIERRE DE;M;4722747;-158647;440
201500026715;15;3;25;1850;2;2;1;1;2;143;RUE DE LA BASSE ILE;M;4719630;-156387;440
201500026716;15;4;12;535;5;2;1;1;5;109;BOULEVARD DES ANGLAIS;M;4722610;-158323;440
201500026717;15;4;14;800;1;2;1;1;3;109;121, BOULEVARD DE LA FRA;M;4722067;-158631;440
201500026718;15;4;17;46;5;2;2;1;3;109;4, NANTAIS ( BD MARTYRS);M;4720520;-154731;440
201500026719;15;4;21;2145;2;2;1;1;1;109;BOULEVARD DE LA BEAUJOIR;M;4725888;-152333;440
201500026720;15;4;21;1525;1;1;1;1;6;109;RUE DUVOISIN;M;4721572;-155803;440
201500026721;15;4;22;1255;1;1;1;1;3;114;537;M;4728150;-160173;440
201500026722;15;4;11;1315;1;2;1;1;3;109;12, DERVALLIERES ( RUE D;M;4721666;-156667;440
201500026723;15;4;24;1730;1;2;1;1;5;143;14, RUE JEAN JAURES;M;4718994;-154747;440
201500026724;15;4;13;1725;1;2;6;1;3;109;BONDUELLE ( AVENUE J C );M;4721170;-154365;440
201500026725;15;3;16;1910;1;2;1;1;6;109;RUE DES TAMARIS;M;4723828;-151677;440
201500026726;15;4;28;835;1;2;1;1;1;109;08, RUE CHANOINE POUPARD;M;4724872;-157644;440
201500026727;15;5;2;1950;1;2;2;3;3;109;2, RUE DE LA BRASSERIE;M;4720850;-157401;440
201500026728;15;5;5;1015;1;2;1;1;6;109;29, BOULEVARD AMIRAL COU;M;4723010;-155555;440
201500026729;15;5;4;1715;1;2;1;2;6;109;158, RUE DU PERRAY;M;4725067;-151311;440
201500026730;15;4;7;1220;1;2;1;9;2;114;00, ESPLANADE DU CARDO;M;4726160;-158485;440
201500026731;15;3;27;1945;2;1;1;1;6;198;83;M;4718330;-151957;440
201500026732;15;5;6;2100;1;1;1;1;2;109;83, BOULEVARD DES BELGES;M;4723460;-154108;440
201500026733;15;3;4;845;1;2;1;1;6;143;1, RUE ETIENNE MONNOT;M;4718010;-156007;440
201500026734;15;3;23;2145;5;2;1;1;1;109;.1, PERIPHERIQUE;M;4725430;-162206;440
201500026735;15;5;11;1830;1;1;1;1;3;109;01, RUE DE LA BASSE CHEN;M;4723661;-150793;440
201500026736;15;3;3;815;1;2;1;1;3;114;., RUE EMILE LEVASSOR;M;4725620;-162931;440
201500026737;15;5;11;1150;1;2;1;1;6;109;00, CHEMIN DE LA CENSIVE;M;4724512;-155186;440
201500026738;15;5;15;1530;1;2;1;1;7;109;20, GIGANT ( RUE DE );M;4721437;-157037;440
201500026739;15;5;18;820;1;2;6;1;7;114;., AVENUE ROBERT CHASTEL;M;4724382;-159126;440
201500026740;15;4;11;920;1;2;1;2;2;109;., RUE JEAN POULAIN;M;4725180;-156528;440
201500026741;15;5;11;1445;1;2;1;1;5;162;95, QUAI EMILE CORMERAIS;M;4719478;-163140;440
201500026742;15;5;12;1555;1;2;1;1;7;143;1, RUE RENE ORDRONNEAU;M;4719391;-157443;440
201500026743;15;4;12;20;5;2;1;1;6;109;., BOULEVARD DE STALINGR;M;4721958;-153297;440
201500026744;15;4;22;425;5;2;1;1;6;109;., RUE DE LA SOUILLARDER;M;4723733;-151683;440
201500026745;15;5;27;1235;1;2;1;1;4;109;13, BOULEVARD DES BELGES;M;4723380;-153731;440
201500026746;15;5;7;1810;1;2;1;1;6;109;, ROUTE DE VANNES;M;4723333;-157838;440
201500026747;15;4;28;1645;1;2;1;1;6;109;., RUE HENRI IV;M;4721860;-154858;440
201500026748;15;5;6;820;1;2;1;1;3;26;18, RUE VEGA;M;4727508;-147463;440
201500026749;15;4;18;1540;1;2;9;1;2;162;26, BOULEVARD DU TERTRE;M;4721650;-160480;440
201500026750;15;4;18;2230;5;2;1;1;6;109;1, PLACE DU PONT MORAND;M;4722038;-155492;440
201500026751;15;4;30;1900;1;2;1;2;6;109;0, PLACE SOPHIE TREBUCHE;M;4721666;-153333;440
201500026752;15;4;27;1150;1;1;1;1;7;162;RD 17A;M;4721910;-165182;440
201500026753;15;5;11;950;1;2;1;1;3;109;00, BOULEVARD GENERAL DE;M;4719437;-154658;440
201500026754;15;6;5;827;1;2;1;7;6;109;., BOULEVARD DU TERTRE;M;4721135;-160916;440
201500026755;15;5;23;135;5;2;1;1;6;109;13, BOULEVARD VAN ISEGHE;M;4723011;-155179;440
201500026756;15;5;21;1200;1;2;1;1;6;109;BOULEVARD EMILE GABORY;M;4719632;-153070;440
201500026757;15;5;20;1245;1;2;1;1;3;109;BOULEVARD LEON BUREAU;M;4720719;-156474;440
201500026758;15;6;2;1820;1;2;1;1;6;109;85, ROUTE DE LA CHAPELLE;M;4725986;-157488;440
201500026759;15;5;26;1750;1;1;1;1;6;162;BOULEVARD DU TERTRE;M;4721794;-160384;440
201500026760;15;5;2;405;5;2;1;1;3;109;00, ROUTE DE CLISSON;M;4719087;-152224;440
201500026761;15;6;11;1330;1;2;2;1;3;109;BOULEVARD DE LA BEAUJOIR;M;4725945;-151110;440
201500026762;15;6;2;955;1;2;2;1;6;109;02, BOULEVARD DE L'EGALI;M;4720680;-158767;440
201500026763;15;6;12;2335;3;2;1;1;6;109;00, ROMANET ( BD EMILE );M;4721019;-160343;440
201500026764;15;6;8;750;1;2;2;1;3;143;RUE FELICIEN THOMAZEAU;M;4718450;-154375;440
201500026765;15;6;21;140;5;1;1;1;1;162;00, PERIPHERIQUE;M;4720831;-162642;440
201500026766;15;6;12;1120;1;2;1;2;7;109;1, RUE GUILLAUME GROOTAE;M;4723784;-158609;440
201500026767;15;6;9;1925;1;2;1;1;2;114;1, AVENUE ROBERT CHASTEL;M;4724282;-158630;440
201500026768;15;6;19;1025;1;2;7;1;3;109;1, RUE CHARLES BRUNELLIE;M;4720900;-156851;440
201500026769;15;6;18;2300;5;2;4;1;1;109;BOULEVARD ROBERT SCHUMAN;M;4724079;-157275;440
201500026770;15;6;22;1350;1;2;6;1;3;109;BOULEVARD DE SARREBRUCK;M;4721340;-152950;440
201500026771;15;6;25;1800;1;2;2;1;5;109;1, BOULEVARD DE LA LIBER;M;4720360;-158845;440
201500026772;15;6;29;1840;1;2;1;1;3;109;, BOULEVARD VINCENT GACH;M;4720643;-154402;440
201500026773;15;6;12;200;5;2;2;1;3;109;0, BOULEVARD GUSTAVE ROC;M;4720484;-154838;440
201500026774;15;1;2;910;1;2;1;2;6;109;5, BERLIN;M;4721500;-153042;440
201500026775;15;6;17;30;5;2;1;1;1;109;73, RUE PAUL BELLAMY;M;4722550;-155939;440
201500026776;15;7;1;1515;1;2;1;1;6;109;137, BOULEVARD AUGUSTE P;M;4723180;-150793;440
201500026777;15;6;10;1815;1;2;1;1;3;109;35, DERVALLIERES ( RUE D;M;4722225;-158238;440
201500026778;15;6;22;1145;1;2;6;1;2;162;RUE DE SAINT NAZAIRE;M;4721120;-161754;440
201500026779;15;6;25;1946;1;1;3;1;3;114;RD 965;M;4725800;-164552;440
201500026780;15;6;28;1745;1;2;1;1;3;162;13, RUE JEAN JAURES;M;4722191;-161467;440
201500026781;15;6;29;920;1;2;1;1;6;114;9, RUE ROBERT LE RICOLAI;M;4727140;-162399;440
201500026782;15;1;13;900;1;2;6;2;3;109;0, RUE DE LA BOURGEONNIE;M;4725338;-156056;440
201500026783;15;6;13;1830;1;2;1;1;2;109;2, RUE DU PLESSIS GAUTRO;M;4720646;-160142;440
201500026784;15;6;3;1540;1;2;2;1;3;162;RUE DE SAINT SERVAN;M;4721344;-161615;440
201500026785;15;5;7;745;1;2;1;1;6;109;BOULEVARD EUGENE ORIEUX;M;4723417;-155315;440
201500026786;15;5;27;2110;1;2;1;1;3;109;76, ROUTE DE LA CHAPELLE;M;4725828;-157484;440
201500026787;15;5;24;1715;1;2;1;1;6;109;., BOULEVARD ALBERT EINS;M;4726193;-156584;440
201500026788;15;6;27;2045;1;2;1;7;6;109;BOULEVARD BENOIT FRACHON;M;4720752;-158129;440
201500026789;15;5;1;2310;5;2;6;1;3;109;2, ROUTE DE PARIS;M;4724873;-152102;440
201500026790;15;5;23;24;5;2;1;1;2;162;8, RUE DU COUTELIER;M;4722399;-164818;440
201500026791;15;5;6;1210;1;2;1;1;6;109;., RUE DE SUISSE;M;4721715;-152235;440
201500026792;15;7;6;1315;1;2;1;1;6;109;PONT DE CHEVIRE;M;4719425;-161359;440
201500026793;15;5;12;1408;1;1;1;1;6;109;RUE DE LA BASTILLE;M;4721886;-156939;440
201500026794;15;6;7;1045;1;2;1;1;6;109;RUE DE LA PAIX;M;4721460;-155432;440
201500026795;15;7;4;2330;5;2;1;1;2;109;1, ALLEE COMMANDANT CHAR;M;4721780;-154315;440
201500026796;15;7;11;450;5;2;1;1;6;109;BOULEVARD DE CARDIFF;M;4719835;-158769;440
201500026797;15;7;12;715;1;1;1;1;6;109;20, BOULEVARD EMILE ROMA;M;4721064;-160732;440
201500026798;15;7;10;1805;1;1;1;1;3;109;00, BOULEVARD DE LA PRAI;M;4722200;-150720;440
201500026799;15;7;10;2050;1;2;2;1;6;190;2, RUE DE LA FONTAINE;M;4720180;-149402;440
201500026800;15;6;16;1420;1;2;1;1;6;162;., BOULEVARD SALVADOR AL;M;4721915;-162056;440
201500026801;15;7;4;1900;1;1;1;1;6;109;06, RUE DU GERS;M;4720486;-160363;440
201500026802;15;6;29;1845;1;2;1;1;6;109;13, RUE DU HONDURAS;M;4726030;-156607;440
201500026803;15;6;16;625;1;1;1;1;1;109;1, RUE DU BELE;M;4726975;-151958;440
201500026804;15;7;2;825;1;2;1;1;6;109;BOULEVARD ROBERT SCHUMAN;M;4724680;-157728;440
201500026805;15;6;27;2100;2;1;1;1;6;162;40, RUE BOBBY SANDS;M;4723480;-165594;440
201500026806;15;6;30;1810;1;2;1;1;6;109;7, RUE CHARLES BATAILLE;M;4722809;-152524;440
201500026807;15;6;9;1915;1;2;1;1;6;109;., QUAI DE MALAKOFF;M;4721453;-154114;440
201500026808;15;7;19;1440;1;2;1;1;6;109;36, BOULEVARD PAUL CHABA;M;4722198;-159111;440
201500026809;15;6;22;704;1;2;2;1;6;109;00, BOULEVARD PASTEUR;M;4721323;-158293;440
201500026810;15;6;19;1815;1;2;1;1;3;109;., BOULEVARD ALBERT EINS;M;4725999;-155803;440
201500026811;15;6;22;1800;1;2;7;1;6;109;00, PLACE PIERRE MENDES;M;4720830;-161146;440
201500026812;15;7;25;1725;1;1;1;1;6;109;BOULEVARD ALEXANDER FLEM;M;4725860;-155570;440
201500026813;15;7;23;1544;1;2;1;1;6;109;77, SCHUMAN ( BD ROBERT;M;4723710;-156903;440
201500026814;15;7;28;1600;1;2;2;3;3;109;0, RUE BOUGAINVILLE;M;4719890;-158294;440
201500026815;15;4;9;1015;1;2;3;1;7;109;PLANTES ( RUE DES );M;4723580;-158379;440
201500026816;15;7;6;1815;1;1;2;1;3;109;BLANC ( RUE LOUIS );M;4720732;-155508;440
201500026817;15;7;18;1940;1;2;1;1;6;162;28, AVENUE DES GRANDS BO;M;4723460;-159241;440
201500026818;15;6;16;920;1;1;1;1;6;162;RUE DU LIEUTENANT MOUILL;M;4721097;-165255;440
201500026819;15;6;1;1820;1;2;1;1;1;190;., BOULEVARD DES PAS ENC;M;4720982;-150792;440
201500026820;15;7;2;1600;1;1;2;1;1;114;42;M;4728966;-165681;440
201500026821;15;7;12;40;5;2;1;1;3;109;RUE EUGENE DELACROIX;M;4722280;-159065;440
201500026822;15;7;15;1235;1;1;1;1;2;109;., PONT DE CHEVIRE;M;4719280;-161359;440
201500026823;15;7;21;1825;1;2;2;1;7;109;0, RUE DE CLERMONT;M;4722940;-154781;440
201500026824;15;7;28;1430;1;2;1;1;1;109;167, PENEAU ( BD AUGUSTE;M;4723270;-150665;440
201500026825;15;8;3;440;1;1;1;1;3;109;15, BOULEVARD GUSTAVE RO;M;4720434;-154994;440
201500026826;15;6;11;1220;1;2;1;1;6;109;10, PERIER ( RUE CASIMIR;M;4722963;-156656;440
201500026827;15;6;24;200;5;2;1;1;6;109;AVENUE CAMUS;M;4721900;-157208;440
201500026828;15;7;29;1555;1;2;1;1;6;109;PONT DE LA MORINIERE;M;4718311;-153117;440
201500026829;15;7;28;1725;1;2;1;2;6;109;124, RUE DES RENARDIERES;M;4721330;-159668;440
201500026830;15;8;4;1930;1;2;1;1;7;114;17, BOULEVARD MENDES FRA;M;4726059;-158615;440
201500026831;15;6;24;1425;1;2;1;1;7;109;17, RUE PAUL BELLAMY;M;4722190;-155627;440
201500026832;15;6;24;1520;1;2;7;1;3;109;., PLACE VICTOR MANGIN;M;4720035;-154432;440
201500026833;15;8;6;1000;1;2;2;1;3;109;., BOULEVARD MEUSNIER DE;M;4722570;-157262;440
201500026834;15;7;26;2240;5;2;1;1;6;109;00, QUAI DE LA FOSSE;M;4720733;-156594;440
201500026835;15;7;1;1100;1;2;1;1;2;109;0, RUE DE GIGANT;M;4721450;-156772;440
201500026836;15;8;13;2145;3;2;1;1;6;109;138, ROUTE DE VERTOU;M;4718640;-152770;440
201500026837;15;7;21;1115;1;2;1;1;6;109;214, BOULEVARD JULES VER;M;4724780;-152214;440
201500026838;15;7;23;1500;1;2;1;1;1;109;3, PLACE DE LA DUCHESSE;M;4721690;-154739;440
201500026839;15;7;23;40;5;2;1;1;6;109;., RUE DE LA MAISON BLAN;M;4722980;-158761;440
201500026840;15;7;9;1235;1;2;1;1;2;109;13, BD MARTYRS N. DE LA;M;4720420;-154663;440
201500026841;15;8;19;1205;1;2;1;1;6;109;., CHEMIN DU PONT L'ARCH;M;4721650;-153112;440
201500026842;15;8;21;1705;1;2;1;1;3;109;31, RUE DE STRASBOURG;M;4721919;-155395;440
201500026843;15;7;17;1820;1;2;1;1;6;109;0, JOUHAUX ( BD LEON );M;4720950;-158896;440
201500026844;15;7;4;2225;5;2;2;1;3;109;0, RUE D'ANGLETERRE;M;4721520;-152583;440
201500026845;15;8;24;1205;1;2;2;1;3;109;, RUE DES HAUTS PAVES;M;4722610;-156821;440
201500026846;15;8;5;2000;2;1;9;1;6;162;1, BOULEVARD CHARLES DE;M;4721067;-162295;440
201500026847;15;8;28;2325;3;1;1;1;6;109;42, HUGO ( BD VICTOR );M;4720294;-154999;440
201500026848;15;8;14;1035;1;2;1;1;7;109;16, RUE DE STRASBOURG;M;4721620;-155139;440
201500026849;15;9;5;914;1;2;1;1;7;109;., MILLET ( BD LOUIS );M;4722720;-151844;440
201500026850;15;9;9;1150;1;2;1;1;6;109;BOULEVARD DES AMERICAINS;M;4723540;-156948;440
201500026851;15;9;6;10;5;2;7;1;6;109;00, PLACE MARECHAL FOCH;M;4721940;-155039;440
201500026852;15;8;18;1310;1;2;1;1;6;109;RUE MAUVOISINS;M;4719149;-152463;440
201500026853;15;8;28;900;1;2;7;1;6;109;00, PLACE EMILE ZOLA;M;4721397;-158601;440
201500026854;15;9;14;900;1;1;1;1;4;162;ROUTE ARMOR;M;4722631;-162851;440
201500026855;15;8;28;1225;1;2;2;1;3;109;., BOULEVARD DE LA BEAUJ;M;4725960;-151115;440
201500026856;15;9;11;1247;1;2;1;1;1;143;RUE DES SORINIERES;M;4716060;-154202;440
201500026857;15;9;7;850;1;2;1;1;6;109;10, RUE DESAIX;M;4722730;-154356;440
201500026858;15;9;15;1230;1;2;1;1;6;109;., BOULEVARD DE STALINGR;M;4721770;-154281;440
201500026859;15;9;16;725;1;2;1;3;7;109;115, BOULEVARD DE LA FRA;M;4722070;-158627;440
201500026860;15;9;17;1715;1;2;1;1;2;109;10, QUAI TURENNE;M;4721210;-155506;440
201500026861;15;8;25;1550;1;2;1;2;1;109;GAULLE  ( BD GAL DE );M;4720530;-153813;440
201500026862;15;8;31;1745;1;2;1;1;1;109;63, SCHUMAN ( BD ROBERT;M;4723641;-156870;440
201500026863;15;8;3;1550;1;2;1;1;2;162;RUE PABLO NERUDA;M;4722130;-161262;440
201500026864;15;9;25;1;5;2;1;1;6;109;02, BLANC ( RUE LOUIS );M;4720720;-155505;440
201500026865;15;8;24;520;4;1;1;1;6;109;RUE DU BELE;M;4726820;-151680;440
201500026866;15;8;18;1515;1;1;1;1;2;109;PONT DE CHEVIRE;M;4719320;-161359;440
201500026867;15;9;9;1725;1;2;1;1;6;109;BOULEVARD ALEXANDRE MILL;M;4720690;-152926;440
201500026868;15;9;3;1325;1;2;1;1;3;109;0, PLACE DE L'EDIT DE NA;M;4721450;-156743;440
201500026869;15;9;18;945;1;2;1;2;6;109;0, PLACE DU COMMERCE;M;4721360;-155769;440
201500026870;15;8;24;850;1;2;9;1;2;109;BOULEVARD GUSTAVE ROCH;M;4720510;-154777;440