num_acc;an;mois;jour;hrmn;lum;agg;int;atm;col;com;adr;gps;lat;long;dep
201500026871;15;9;28;1645;1;2;1;1;6;109;BOULEVARD JULES VERNE;M;4724160;-152919;440
201500026872;15;8;22;2150;5;1;1;1;7;109;QUAI DES ANTILLES;M;4720160;-157316;440
201500026873;15;10;1;1620;1;2;1;1;6;162;BOULEVARD DU MASSACRE;M;4723190;-159217;440
201500026874;15;9;29;1810;1;2;1;1;6;162;04, AVENUE CONDORCET;M;4722900;-160697;440
201500026875;15;9;30;1745;1;2;1;1;7;109;79, BELLAMY ( RUE PAUL );M;4722590;-155973;440
201500026876;15;10;3;130;5;2;7;1;3;109;PLACE VICTOR MANGIN;M;4720080;-154536;440
201500026877;15;9;13;305;3;1;1;3;1;109;PERIPHERIQUE;M;4726780;-157676;440
201500026878;15;9;28;1530;1;2;6;1;3;190;156, RUE MARIE CURIE;M;4718880;-148410;440
201500026879;15;9;22;1825;1;2;1;1;3;162;00, BOULEVARD DU MASSACR;M;4722242;-160279;440
201500026880;15;10;4;2215;4;1;4;1;3;143;PERIPHERIQUE;M;4715920;-154572;440
201500026881;15;10;1;1200;1;2;1;1;1;143;75, RUE JEAN JAURES;M;4718642;-154662;440
201500026882;15;10;7;1405;1;2;1;1;2;109;211, ROUTE DE SAINTE LUC;M;4723939;-151352;440
201500026883;15;10;6;753;2;2;1;1;6;109;RUE DES LANDES;M;4725175;-155784;440
201500026884;15;10;2;1235;1;2;1;1;3;162;AVENUE CLAUDE BERNARD;M;4722398;-161417;440
201500026885;15;8;27;1405;1;2;1;3;1;109;0, RUE DE PORT LA BLANCH;M;4727300;-151754;440
201500026886;15;9;16;655;5;2;1;3;6;109;00, RUE DE LA PETITE BAR;M;4724990;-152331;440
201500026887;15;10;9;20;3;1;1;1;7;114;RENNES (RTE DE) RN 137;M;4726470;-158692;440
201500026888;15;9;17;820;1;2;1;1;6;109;RUE GUILLET DE LA BROSSE;M;4722920;-154305;440
201500026889;15;10;2;2100;5;2;6;1;7;109;ROUTE DE SAINTE LUCE;M;4724130;-150875;440
201500026890;15;10;6;805;1;2;1;1;3;143;., PERIPHERIQUE;M;4715962;-153627;440
201500026891;15;10;15;1800;1;2;1;1;6;109;., RUE AUGUSTE RENOIR;M;4722350;-159106;440
201500026892;15;10;12;845;1;2;3;1;3;109;., RUE PITRE CHEVALIER;M;4722420;-155013;440
201500026893;15;9;23;2105;2;2;1;1;6;109;., JOSEPH ( RTE DE ST );M;4726250;-152832;440
201500026894;15;10;3;200;5;2;1;9;2;109;BOULEVARD VINCENT GACHE;M;4720670;-154064;440
201500026895;15;9;24;1750;1;2;1;1;6;162;BOULEVARD SALVADOR ALLEN;M;4722220;-163867;440
201500026896;15;10;1;1620;1;2;1;1;6;109;RUE CAPITAINE ALFRED DRE;M;;;440
201500026897;15;10;11;1140;1;2;1;1;6;109;RUE DE BEL AIR;M;4722090;-155899;440
201500026898;15;9;11;1840;1;2;1;1;6;109;03, BOULEVARD GUY MOLLET;M;4724630;-155547;440
201500026899;15;9;5;1900;1;2;1;1;6;109;RUE D'ALLONVILLE;M;4722480;-153095;440
201500026900;15;10;30;2250;5;2;1;1;6;162;14, RUE DU COUTELIER;M;4722389;-164824;440
201500026901;15;10;27;853;1;1;1;1;6;109;ROUTE DE LA CHAPELLE SUR;M;4726000;-157484;440
201500026902;15;9;12;35;5;2;1;1;6;109;15, RUE EMILE SOUVESTRE;M;4722910;-156369;440
201500026903;15;9;30;1250;1;2;1;1;6;162;68, AVENUE DE CHEVERNY;M;4724330;-160278;440
201500026904;15;11;1;100;5;2;2;1;6;109;14, RUE PAUL BELLAMY;M;4722120;-155557;440
201500026905;15;10;19;1812;2;2;1;1;3;109;BOULEVARD DU TERTRE;M;4713084;-136129;440
201500026906;15;11;2;818;1;2;1;1;6;109;BOULEVARD LELASSEUR;M;4723320;-156601;440
201500026907;15;9;25;1740;1;1;1;1;2;109;PONT DE CHEVIRE;M;4719230;-161359;440
201500026908;15;9;24;1900;1;2;9;1;1;190;1, RUE DE LA LOURNEAU;M;4719982;-149279;440
201500026909;15;9;12;725;2;2;7;1;3;109;00, PLACE DE L'EDIT DE N;M;4721460;-156735;440
201500026910;15;9;17;2005;1;1;1;1;5;109;BOULEVARD DE LA PRAIRIE;M;4723180;-148643;440
201500026911;15;9;14;2230;5;2;7;2;2;143;31, PLACE DES MARTYRS;M;4719150;-154801;440
201500026912;15;9;21;2135;1;1;1;1;3;109;00, BOULEVARD DE LA BEAU;M;4725890;-152531;440
201500026913;15;9;15;825;1;2;6;1;3;162;BOULEVARD DE LA BAULE;M;4722170;-160696;440
201500026914;15;11;11;2110;5;2;1;1;2;109;16, RUE GAMBETTA;M;4722330;-153920;440
201500026915;15;11;7;1340;1;2;6;1;3;109;ROUTE DE CLISSON;M;4718980;-151873;440
201500026916;15;11;9;920;1;2;1;1;6;109;BOULEVARD GUY MOLLET;M;4725080;-155393;440
201500026917;15;10;6;1640;1;2;1;3;2;109;83, ROUTE DE PARIS;M;4725380;-151396;440
201500026918;15;10;10;1510;1;2;3;1;3;109;51 b, LELASSEUR ( BD );M;4723030;-157102;440
201500026919;15;9;24;1030;1;1;1;1;6;114;CHEMIN DE LA GUIDOIRE;M;4729410;-164570;440
201500026920;15;10;15;1720;1;2;1;1;2;162;., ROUTE ARMOR;M;4722570;-162132;440
201500026921;15;10;3;50;3;2;1;1;6;109;00, RUE JEAN POULAIN;M;4725250;-156248;440
201500026922;15;9;28;850;1;2;1;1;2;109;BOULEVARD GENERAL DE GAU;M;4720610;-153887;440
201500026923;15;10;23;1815;1;1;1;1;2;162;, RUE DE LA JOHARDIERE;M;4722710;-165108;440
201500026924;15;11;4;1840;3;2;1;1;2;109;BOULEVARD DE LA PRAIRIE;M;4722178;-150864;440
201500026925;15;10;7;1735;1;2;1;1;4;109;QUAI DE LA FOSSE;M;4720900;-156755;440
201500026926;15;10;7;755;2;2;1;2;6;109;RUE ETIENNE COUTAN;M;4720580;-161023;440
201500026927;15;11;16;1925;5;2;1;2;6;109;00, BOULEVARD DES NATION;M;4721010;-156108;440
201500026928;15;10;23;1420;1;2;1;1;6;109;00, BOULEVARD BATONNIER;M;4719880;-160853;440
201500026929;15;9;15;845;1;2;1;1;3;190;RUE DE LA BAUGERIE;M;4720470;-151824;440
201500026930;15;9;11;1527;1;2;6;1;1;109;, BERLIN;M;4721510;-153052;440
201500026931;15;10;31;2030;5;2;6;1;3;109;RUE DU BOIS BRIAND;M;4725046;-149740;440
201500026932;15;10;15;1620;1;2;9;1;6;109;RUE DES CHALATRES;M;4723070;-153685;440
201500026933;15;10;8;1925;2;2;1;1;3;109;BOULEVARD GABRIEL LAURIO;M;4723630;-156336;440
201500026934;15;10;19;2025;5;2;1;1;2;109;BOULEVARD JEAN PHILIPPOT;M;4721170;-155624;440
201500026935;15;11;8;1600;1;2;9;1;2;109;., ERDRE ( RTE CHAPELLE;M;4725970;-157492;440
201500026936;15;10;16;1715;1;2;1;1;2;109;10, RUE DE LA BOUCHERIE;M;4721640;-155744;440
201500026937;15;11;8;1555;1;2;6;1;6;162;RUE DE SAINT NAZAIRE;M;4721100;-160958;440
201500026938;15;11;23;800;1;2;1;1;6;109;111, RUE DES BOURDONNIER;M;4718510;-152419;440
201500026939;15;10;15;1730;1;2;1;1;6;109;RUE DE LA BOUCHERIE;M;4721650;-155749;440
201500026940;15;10;6;1000;1;2;1;2;6;109;45, CHAUSSEE DE LA MADEL;M;4720940;-155035;440
201500026941;15;10;24;205;5;2;3;1;6;162;0, RUE DU COUTELIER;M;4722515;-164724;440
201500026942;15;10;22;1235;1;2;3;1;6;109;RUE CASIMIR PERIER;M;4722970;-156664;440
201500026943;15;11;22;1945;5;2;1;1;6;109;35, RUE EMILE SOUVESTRE;M;4722890;-156509;440
201500026944;15;11;2;1700;1;2;2;1;6;109;RUE DE LA GAUDINIERE;M;4723410;-157570;440
201500026945;15;11;23;1145;1;2;3;1;3;143;., RUE MAURICE LAGATHU;M;4718230;-153831;440
201500026946;15;11;8;1700;1;2;2;1;2;109;BOULEVARD DES TRIBUNES;M;4724350;-155670;440
201500026947;15;11;9;855;1;2;2;1;3;109;0, PLACE AIME DELRUE;M;4720880;-154996;440
201500026948;15;10;23;1945;3;2;1;1;6;109;BOULEVARD HENRY ORRION;M;4723300;-155709;440
201500026949;15;11;4;1655;1;2;1;1;6;109;7, BOULEVARD DU TERTRE;M;4721890;-160368;440
201500026950;15;11;12;1800;1;2;1;1;6;109;RUE DE LA CONTRIE;M;4722080;-160123;440
201500026951;15;11;26;125;5;2;1;2;6;109;20, BOULEVARD DE CARDIFF;M;4719850;-158567;440
201500026952;15;11;27;2015;5;2;1;2;6;109;60, BOULEVARD PASTEUR;M;4721390;-158513;440
201500026953;15;10;12;1715;1;2;1;1;6;162;0, RUE DU PARANA;M;4724280;-160990;440
201500026954;15;11;15;135;5;2;1;1;6;109;COURS DES 50 OTAGES;M;4721940;-155609;440
201500026955;15;11;25;1530;1;2;1;1;6;109;7, RUE FELIBIEN;M;4722080;-156412;440
201500026956;15;11;27;1555;1;2;1;2;6;109;33, BOULEVARD GUY MOLLET;M;4725190;-155352;440
201500026957;15;11;7;1855;2;2;1;1;6;162;BOULEVARD SALVADOR ALLEN;M;4722050;-162790;440
201500026958;15;11;5;810;1;2;2;1;6;109;RUE PAUL PAINLEVE;M;4722580;-157061;440
201500026959;15;11;18;1855;5;1;1;2;5;114;PERIPHERIQUE ROUTIER;M;4725740;-162176;440
201500026960;15;10;10;455;4;2;1;1;6;109;RUE JULES GRANDJOUAN;M;4724746;-151425;440
201500026961;15;11;11;1520;1;2;1;1;7;109;., RUE DE LA JANVRAIE;M;4719870;-161504;440
201500026962;15;11;3;1030;1;1;1;1;1;114;75;M;4726770;-162300;440
201500026963;15;11;26;1435;1;2;3;1;6;114;15, 75;M;4725650;-162742;440
201500026964;15;12;5;1000;1;2;1;1;2;109;6, BOULEVARD GABRIEL LAU;M;4714070;-133480;440
201500026965;15;12;4;1340;1;2;2;1;1;143;AVENUE DU MARECHAL DE LA;M;4711360;-134140;440
201500026966;15;11;27;1845;1;2;1;1;6;143;ROND-POINT DE LA CORBINE;M;4716100;-154265;440
201500026967;15;11;30;1850;3;1;1;1;4;114;PERIPHERIQUE ROUTIER;M;4725450;-162213;440
201500026968;15;12;4;1530;1;2;1;1;6;162;235, ROUTE DE VANNES;M;4714320;-135450;440
201500026969;15;11;20;1005;1;1;3;1;6;109;RUE JULES GRANDJOUAN;M;4724810;-151604;440
201500026970;15;11;26;1630;1;2;1;1;6;109;55, RUE DES RENARDS;M;4725770;-156637;440
201500026971;15;11;18;830;1;2;1;2;6;109;1, RUE DE LA CORSE;M;4721600;-152119;440
201500026972;15;11;7;150;5;2;1;2;6;109;87, QUAI DE LA FOSSE;M;4720840;-156938;440
201500026973;15;11;23;1344;1;2;3;1;6;109;AVENUE CASTELLANO;M;4724900;-157208;440
201500026974;15;12;4;1540;1;2;1;1;6;162;62, AVENUE DU PARNASSE;M;4714020;-135410;440
201500026975;15;12;7;920;1;2;2;2;6;109;RUE DU CORPS DE GARDE;M;4713140;-136090;440
201500026976;15;11;5;745;1;2;1;1;6;109;6, BOULEVARD LEON JOUHAU;M;4720940;-158881;440
201500026977;15;12;8;1743;2;2;1;1;3;109;105, RUE DES RENARDS;M;4715390;-134128;440
201500026978;15;12;4;1250;1;2;6;1;6;109;ROUTE DE CLISSON;M;4711210;-130490;440
201500026979;15;12;9;1550;1;2;6;1;6;109;RUE REINE ASTRID;M;4714290;-135140;440
201500026980;15;12;8;1840;5;1;3;2;6;162;8, RUE DE LA JOHARDIERE;M;4713300;-138500;440
201500026981;15;11;3;2130;5;2;1;2;6;109;BOULEVARD DE VENDEE;M;4718860;-152451;440
201500026982;15;12;11;1645;2;2;1;1;3;109;BOULEVARD VINCENT GACHE;M;4712220;-132380;440
201500026983;15;11;27;1632;1;2;1;1;6;109;RUE VOLTAIRE;M;4721290;-156292;440
201500026984;15;11;4;1130;1;2;1;2;2;114;103, AVENUE DE LA PATOUI;M;4724620;-157931;440
201500026985;15;11;26;150;4;2;1;2;6;109;BD MARTYRS N. DE LA RESI;M;4720415;-154673;440
201500026986;15;11;20;2035;5;2;6;2;1;162;BOULEVARD SALVADOR ALLEN;M;4722120;-163087;440
201500026987;15;11;13;1230;1;2;1;1;6;109;GRANDJOUAN ( RUE JULES );M;4724760;-151243;440
201500026988;15;12;11;620;5;2;2;5;3;109;BOULEVARD DES BELGES;M;4714070;-132490;440
201500026989;15;12;9;2025;5;2;6;1;6;109;RUE LEON JOST;M;4714180;-134130;440
201500026990;15;12;12;805;5;2;1;5;6;143;BOULEVARD JEAN MONNET;M;4709570;-132360;440
201500026991;15;12;19;1550;1;1;1;1;6;109;90, RUE PAUL BELLAMY;M;4713343;-133355;440
201500026992;15;12;20;655;3;2;1;1;7;109;19, BOULEVARD GUSTAVE RO;M;4712146;-133035;440
201500026993;15;1;3;2015;5;2;1;1;2;109;BOULEVARD JULES VERNE;M;4724300;-152763;440
201500026994;15;1;7;1555;1;2;6;1;2;109;2, COTE SAINT SEBASTIEN;M;4719823;-154133;440
201500026995;15;1;7;1615;1;2;1;1;6;109;RUE LEON JOST;M;4723860;-156709;440
201500026996;15;1;9;915;1;2;1;2;6;109;BOULEVARD LEON JOUHAUX;M;4720960;-159557;440
201500026997;15;1;15;915;1;2;1;3;6;109;5, BOULEVARD LELASSEUR;M;4723290;-156652;440
201500026998;15;1;15;2040;5;2;1;9;6;109;80, RUE PAUL BELLAMY;M;4722570;-155951;440
201500026999;15;1;16;1140;1;2;2;1;3;109;RUE GRESSET;M;4721170;-156465;440
201500027000;15;1;14;1245;1;2;1;1;6;109;00, BOULEVARD JEAN PHILI;M;4721250;-155416;440
201500027001;15;1;19;1000;1;2;1;1;7;109;5, RUE DE BEL AIR;M;4722080;-155896;440
201500027002;15;1;15;815;5;2;1;3;6;143;1, AVENUE TANGUY BREGEON;M;4718350;-153843;440
201500027003;15;1;30;1930;3;2;1;1;3;109;ROUTE DE RENNES;M;4726760;-156634;440
201500027004;15;2;1;1142;1;2;1;1;6;109;., PLACE DE LA CHAPELLE;M;4720990;-157771;440
201500027005;15;2;1;1920;5;2;2;8;3;109;0, BOULEVARD PASTEUR;M;4721420;-158594;440
201500027006;15;2;6;740;2;2;1;1;6;109;RUE D'ALLONVILLE;M;4722250;-153447;440
201500027007;15;2;8;845;2;2;2;1;3;109;BOULEVARD DES BELGES;M;4723465;-154127;440
201500027008;15;2;19;1742;1;1;1;1;6;184;RD 213;M;4728526;-225211;440
201500027009;15;2;21;619;2;2;1;1;6;184;VIREES GILLES (ROUTE DES;M;4727522;-226288;440
201500027010;15;3;3;1205;1;1;1;2;7;184;3, SUNDERLAND (BOULEVARD;M;4726995;-223970;440
201500027011;15;3;6;1715;1;2;2;1;3;184;CHAILLON (RUE ETIENNE);M;4729907;-219027;440
201500027012;15;3;13;1240;1;1;1;2;3;184;GAUTIER (RUE HENRI) DU 1;M;4727548;-220576;440
201500027013;15;3;26;2250;5;1;3;1;3;184;LEGION D'HONNEUR (BOULEV;M;4727979;-220255;440
201500027014;15;3;30;2145;5;1;2;2;1;184;GUTENBERG (RUE JEAN);M;4728072;-222987;440
201500027015;15;4;13;1615;1;2;6;1;3;184;LABORDE (PLACE ATHANASE);M;4727146;-221865;440
201500027016;15;4;18;2105;2;2;2;1;3;184;MUN (RUE ALBERT DE) DU 5;M;4727922;-221684;440
201500027017;15;4;19;140;5;2;1;1;7;184;CORVISART (AVENUE JEAN);;;;440
201500027018;15;4;25;140;5;1;1;2;7;184;LENGLEN (AVENUE SUZANNE);M;4727427;-222490;440
201500027019;15;4;27;646;2;2;6;1;3;184;APPRENTIS (BOULEVARD DES;M;4729263;-218785;440
201500027020;15;4;28;1900;1;2;1;1;3;184;11, BOULEAUX (RUE DES);M;4726143;-225873;440
201500027021;15;4;30;1320;1;2;1;3;7;184;THЙNARD (RUE LOUIS);M;4727572;-222896;440
201500027022;15;5;5;900;1;2;3;1;3;184;LESSEPS (AVENUE DE);M;4727285;-221855;440
201500027023;15;5;19;1740;1;1;1;1;2;184;RD 492 DU RP EINSTEIN AU;M;4726920;-225128;440
201500027024;15;5;30;2105;1;2;2;1;3;184;GUЙRANDE (ROUTE DE);M;4727952;-227555;440
201500027025;15;6;9;1930;1;2;6;1;2;184;CRAN NEUF (ROUTE DE);M;4728846;-225083;440
201500027026;15;6;10;1710;1;2;1;1;3;184;UNIVERSITЙ (BOULEVARD DE;M;4725324;-226414;440
201500027027;15;6;15;1440;1;2;1;1;1;184;27, APPRENTIS (BOULEVARD;M;4729258;-218762;440
201500027028;15;6;17;1530;1;2;1;1;3;184;54, GAULLE (RUE DU GAL D;M;4727427;-221297;440
201500027029;15;6;18;2028;1;2;3;1;1;184;89, TRIGNAC (RUE DE);M;4729498;-219224;440
201500027030;15;6;21;1910;1;2;1;1;6;184;102, PORNICHET (RUE DE);M;4726876;-222111;440
201500027031;15;6;29;1545;1;2;3;1;3;184;DEGAS (RUE EDGAR);M;4729101;-221995;440
201500027032;15;7;1;945;1;1;1;1;7;184;120, GВTЙ (RUE DU CDT);M;4727727;-222776;440
201500027033;15;7;14;2310;5;2;6;1;3;184;MERMOZ (BOULEVARD JEAN);M;4727511;-222778;440
201500027034;15;7;16;500;3;2;1;1;1;184;RD 492 DU RP SARRELOUIS;M;4727123;-224954;440
201500027035;15;7;20;735;1;2;3;2;5;184;RD 47;M;4729368;-228053;440
201500027036;15;7;22;1200;1;2;1;1;2;184;6, LAENNEC (BD DU DR REN;M;4726320;-223934;440
201500027037;15;7;24;320;5;2;2;1;3;184;RD 492 DU RP OCЙANIS AU;M;4726454;-225805;440
201500027038;15;7;29;1700;1;2;1;1;7;184;66, FRЙCHETS (ROUTE DES);M;4726486;-224732;440
201500027039;15;8;18;1150;1;1;1;1;3;184;GUЙRANDE (ROUTE DE);M;4727877;-228792;440
201500027040;15;8;18;1300;1;2;1;1;1;184;RD 492 DU PONT BD HФPITA;M;4728177;-224884;440
201500027041;15;8;26;1600;1;2;2;2;1;184;CФTE D'AMOUR (RTE DE LA);M;4726256;-223900;440
201500027042;15;8;26;1705;1;2;2;2;5;184;17, BEAUMARCHAIS (RUE PI;M;4727632;-222040;440
201500027043;15;8;28;455;3;2;1;4;3;184;;M;4730587;-220387;440
201500027044;15;8;31;1455;1;2;2;2;5;184;SAINT-MARC (ROUTE DE) DU;M;4725281;-226088;440
201500027045;15;9;8;1735;1;2;1;1;3;184;174, TRIGNAC (RUE DE);M;4729621;-218894;440
201500027046;15;9;14;2215;5;2;2;3;1;184;RЙPUBLIQUE (AVENUE DE LA;M;4728511;-221058;440
201500027047;15;9;17;844;1;2;2;1;3;184;TULIPES (ALLЙE DES);M;4726440;-224984;440
201500027048;15;9;18;505;5;2;4;1;3;184;95, LIBERTЙ (BOULEVARD D;M;4729747;-219546;440
201500027049;15;9;21;1900;1;2;6;2;3;184;90, LAENNEC (BD DU DR RE;M;4726998;-223935;440
201500027050;15;9;22;745;5;2;1;1;6;184;RD 492 DU RP OCЙANIS AU;M;;;440
201500027051;15;9;23;1130;1;2;2;1;1;184;LUMIERE (RUE LOUIS);M;4728219;-220556;440
201500027052;15;9;28;1643;1;2;1;1;2;184;MITTERRAND (AVENUE FRANЗ;M;4726938;-222804;440
201500027053;15;9;30;1820;1;2;2;1;1;184;MONTAIGNE (RUE MICHEL DE;M;4728641;-221858;440
201500027054;15;10;5;950;1;2;9;1;3;184;LAENNEC (BD DU DR RENЙ);M;4726643;-224042;440
201500027055;15;10;2;1740;1;2;1;1;7;184;RD 492 DU RP OCЙANIS AU;M;4726251;-226032;440
201500027056;15;10;8;1635;1;2;1;1;4;184;LESSEPS (AVENUE DE) DU 0;M;4726867;-221667;440
201500027057;15;10;12;700;1;2;1;1;1;184;POINT DU JOUR (ROUTE DU);M;4729178;-227065;440
201500027058;15;10;12;1045;1;2;2;1;2;184;31, GAULLE (RUE DU GAL D;M;4727387;-221100;440
201500027059;15;10;13;915;1;2;3;1;3;184;BUISSON (RUE FERDINAND);M;4725826;-224486;440
201500027060;15;10;15;940;1;1;1;1;2;184;RD 213;M;4729084;-223402;440
201500027061;15;10;15;1740;1;2;3;7;3;184;83, FRATERNITЙ (BOULEVAR;M;4728122;-222266;440
201500027062;15;9;2;745;1;2;1;1;7;184;WILSON (BOULEVARD DU PRЙ;M;4727009;-221163;440
201500027063;15;10;22;1415;1;2;2;1;3;184;GUTENBERG (RUE JEAN);M;4728066;-222987;440
201500027064;15;10;29;1950;5;2;1;8;3;184;32, CHENEVEAUX (RUE AUGU;M;4727175;-222135;440
201500027065;15;11;1;1735;1;2;2;1;6;184;17, GAULLE (RUE DU GAL D;M;4727373;-220972;440
201500027066;15;11;9;1355;1;2;1;1;3;184;COUBERTIN (AVENUE PIERRE;;;;440
201500027067;15;11;17;1725;2;1;1;2;4;184;RD 213;;;;440
201500027068;15;11;19;1825;3;1;1;1;4;184;RD 213;;;;440
201500027069;15;11;23;750;1;2;6;1;3;184;PERRIN (BOULEVARD PAUL);;;;440
201500027070;15;11;30;745;1;2;1;1;7;184;LONGUET (RUE CHARLES);;;;440
201500027071;15;11;30;1820;2;2;1;1;4;184;11, RD 492 DU RP OCЙANIS;;;;440
201500027072;15;12;3;2230;5;2;6;3;7;184;62, GAULLE (RUE DU GAL D;;;;440
201500027073;15;12;7;1220;1;2;1;1;4;184;RD 213;;;;440
201500027074;15;12;10;720;3;2;1;1;2;184;LEFERME (BOULEVARD PAUL);;;;440
201500027075;15;12;11;1820;5;2;3;1;3;184;PARЙ (RUE AMBROISE);;;;440
201500027076;15;12;14;710;2;2;1;1;7;184;16, PARЙ (RUE AMBROISE);;;;440
201500027077;15;12;11;1845;5;2;1;1;7;184;13, ZOLA (BOULEVARD EMIL;;;;440
201500027078;15;12;16;1645;1;2;1;1;6;184;MITTERRAND (AVENUE FRANЂ;;;;440
201500027079;15;12;17;1800;5;2;3;1;3;184;53, GAUTIER (RUE HENRI);;;;440
201500027080;15;12;23;1825;3;2;1;1;4;184;RD 213;;;;440
201500027081;15;1;7;830;2;2;1;1;7;184;LILAS (ALL?E DES);M;4726556;-224229;440
201500027082;15;1;13;725;5;2;1;2;3;184;EUROPE (BOULEVARD DE L');M;4728193;-220298;440
201500027083;15;1;13;1840;5;2;1;1;7;184;EINSTEIN (RUE ALBERT);M;4726447;-226274;440
201500027084;15;1;17;1415;1;2;3;1;3;184;TRIGNAC (RUE DE);M;4729498;-219220;440
201500027085;15;1;26;1030;1;2;2;1;6;184;BARBUSSE (RUE HENRI);M;4727570;-222158;440
201500027086;15;1;26;1210;1;2;1;2;2;184;SUNDERLAND (BOULEVARD DE;M;4727074;-224164;440
201500027087;15;2;3;1255;1;2;1;1;3;184;41, VECQUERIE (RUE DE LA;M;4725649;-225813;440
201500027088;15;2;4;1715;1;2;2;1;3;184;BERLIOZ (AVENUE HECTOR);M;4726338;-223474;440
201500027089;15;2;12;729;2;2;1;1;6;184;RD 213;M;4728363;-229468;440
201500027090;15;1;6;2125;5;2;1;5;6;208;CONTRE ALLEE GL DE GAULL;M;4800225;273486;450
201500027091;15;1;13;1825;5;2;3;2;2;4;R COULEVREUX/BT D2060;M;4798562;276936;450
201500027092;15;1;14;1820;5;2;1;1;3;208;91 R ANDRE COQUILLET;M;4798924;273234;450
201500027093;15;2;25;2125;5;1;1;1;6;4;196 R ML JUIN;M;4797478;277519;450
201500027094;15;12;31;2355;5;2;1;1;6;4;1405 RUE DES  BARRES;M;4796148;275829;450
201500027095;15;1;14;2030;5;1;1;1;3;4;DEVIATION RN60;;;;450
201500027096;15;2;26;1810;2;2;1;2;2;4;1134 R GROS MOULIN;M;4796337;278336;450
201500027097;15;3;7;1830;1;1;1;1;2;338;D 2060;M;4797096;271878;450
201500027098;15;1;20;2040;5;2;1;1;6;4;344 R DE LA VALLEE;M;4797455;276373;450
201500027099;15;3;10;1150;1;2;1;1;1;68;AV NELSON MANDELA;M;4801214;272673;450
201500027100;15;3;12;1550;1;2;3;7;3;208;R SZIGETI/DELATRE DE TAS;M;4799603;272559;450
201500027101;15;3;12;1550;1;2;3;1;6;208;R LOING/RAYMOND TELLIER;M;4799783;273474;450
201500027102;15;1;31;1805;3;1;1;2;6;4;D 2007;M;4797918;274224;450
201500027103;15;3;13;740;1;1;1;1;6;4;LIBERATION (RUE DE LA);;;;450
201500027104;15;1;30;945;1;2;1;2;2;4;PARKIN BRICOMAN;M;4797382;273615;450
201500027105;15;2;3;1842;5;2;6;1;6;208;RSZIGETI/FG ORLEANS;M;4799642;272725;450
201500027106;15;2;4;945;1;2;1;8;6;68;R DE LA GARENNE;M;4802021;273382;450
201500027107;15;3;23;820;1;2;1;1;6;68;R ARISTIDE BRIAND;M;4801145;273506;450
201500027108;15;2;10;1457;1;2;1;1;3;208;14 R DE LA SIRENE;M;4800137;272707;450
201500027109;15;3;31;1420;1;1;3;6;2;4;D 2060/R PORCHERS;M;4800601;281253;450
201500027110;15;4;3;515;5;2;1;8;6;68;7 R JEAN MERMOZ;M;4801567;270956;450
201500027111;15;4;14;1700;1;2;3;1;3;4;RTE VIROY// CONTRE ALL C;M;4799046;276728;450
201500027112;15;4;18;420;5;2;1;1;6;338;2 AV HENRI BARBUSSE;M;4799081;271147;450
201500027113;15;4;20;1715;1;2;1;1;2;68;R 23 AOUT;M;4800790;272237;450
201500027114;15;4;21;1805;1;1;1;7;4;4;D 2060;M;4798428;274831;450
201500027115;15;4;22;1713;1;2;3;1;3;68;AV GL LECLERC/JEAN JAURE;M;4801256;273867;450
201500027116;15;4;25;2304;5;2;3;2;3;208;R FG CHAUSSE/Q LOING;M;4799774;273659;450
201500027117;15;4;28;1550;1;2;2;1;3;208;R GL LECLERC/R PERIER;M;4799867;273076;450
201500027118;15;4;29;1915;1;2;2;1;3;208;R FG CHAUSSEE/BD DURZY;M;4799767;273569;450
201500027119;15;5;2;1600;1;1;1;2;5;4;BT D2007 // D2060;M;4798247;274302;450
201500027120;15;5;3;1320;1;1;1;3;2;338;RD 2060;;;;450
201500027121;15;5;17;150;5;2;1;1;6;4;986 AV DT SCHWEITZER;M;4800039;276236;450
201500027122;15;5;17;2120;5;2;1;1;7;208;10 COUR JEAN DUPONT;M;4799909;273096;450
201500027123;15;5;30;2050;1;2;2;1;3;338;43, JAURES (RUE JEAN);M;4799569;272034;450
201500027124;15;5;27;1159;1;2;1;1;2;4;RTE ST FIRMIN DES VIGNES;M;4797559;274204;450
201500027125;15;6;6;1630;1;2;1;1;6;68;PARKING BASE NAUTIQUE;M;4802549;272471;450
201500027126;15;6;6;2015;1;2;6;1;2;68;1, LECLERC (AVENUE DU GE;;;;450
201500027127;15;6;9;1850;1;2;1;1;6;68;15 R MAURICE RAVEL;M;4800426;271992;450
201500027128;15;6;17;1810;1;2;1;1;3;208;5 BIS BD DURZY;M;4799507;273548;450
201500027129;15;6;20;215;3;1;1;1;1;4;RD 2060;M;4800408;279514;450
201500027130;15;6;24;1328;1;2;1;1;3;4;R DE L'EUROPE;M;4797718;272922;450
201500027131;15;6;26;1600;1;2;1;1;5;68;R DE LA PONTONNERIE;M;4800227;271763;450