num_acc;an;mois;jour;hrmn;lum;agg;int;atm;col;com;adr;gps;lat;long;dep
201500027132;15;7;7;1730;1;2;1;1;6;338;3 R TOURATIER;M;4799146;270756;450
201500027133;15;7;17;1330;1;1;1;1;3;4;D 2060;M;4800496;280361;450
201500027134;15;7;19;56;5;2;3;1;3;208;BD A.FRANCE/R F.ROOSEVEL;M;4800207;273088;450
201500027135;15;7;25;1715;1;2;1;1;1;208;11 R DUCHESNE-RABIER;M;4800183;274576;450
201500027136;15;7;19;1715;1;1;1;1;6;4;R ALBERT FRAPPIN;M;4797558;277363;450
201500027137;15;8;5;1830;1;2;1;1;6;68;95 R ANDRE GIDE;M;4803267;274438;450
201500027138;15;8;8;25;5;2;1;1;1;208;R RENEE DE FRANCE;M;4800013;273149;450
201500027139;15;7;10;215;5;2;1;1;6;4;16 RTE DE VIROY;M;4799543;274936;450
201500027140;15;8;11;1240;1;2;3;1;2;4;R NIVELLE/AISANCE MOULIN;M;4798215;275277;450
201500027141;15;8;11;1158;1;2;2;1;2;4;R FRANCIS PRIEUR/BARRES;M;4797278;274954;450
201500027142;15;8;21;1730;1;2;1;1;6;68;67 R ROGER SALENGRO;M;4801912;271528;450
201500027143;15;8;25;1930;1;2;3;1;1;4;R ST FIRMIN VIGNES/BT;M;4797586;274111;450
201500027144;15;8;30;207;5;2;1;1;6;4;256 R DES BARRES;M;4790599;275099;450
201500027145;15;9;1;920;1;2;3;2;1;4;R PHILIPPE SERGENT/LIORE;M;4799152;275021;450
201500027146;15;8;7;28;5;2;1;1;7;338;IMP FRERES LUMIERE;M;4797384;272019;450
201500027147;15;9;4;1615;1;2;1;1;1;68;R 23 AOUT;M;4801049;272098;450
201500027148;15;9;10;755;1;1;1;1;3;4;PAUCOURT (ROUTE DE);;;;450
201500027149;15;9;11;1115;1;2;2;1;3;338;AV LIBERATION/R JODON;M;4799078;271088;450
201500027150;15;9;17;1257;1;2;1;3;1;68;AV NELSON MANDELA;M;4801204;272654;450
201500027151;15;9;18;855;1;2;2;1;3;4;R LINO VENTURA/CHAPLIN;M;4797884;276714;450
201500027152;15;9;22;1350;1;1;1;2;3;4;D 2007 CARRIERES ROLAND;M;4797958;274248;450
201500027153;15;9;23;1602;1;2;2;1;3;208;D943/E.DECOURT/FG CHAUSS;M;4799803;274327;450
201500027154;15;9;28;800;1;2;1;1;6;208;16 BD PAUL BAUDIN;M;4800034;273388;450
201500027155;15;10;10;1702;1;2;2;1;3;208;R CHATEAU/PL CHATEAU;M;4799702;272837;450
201500027156;15;10;11;2045;5;2;1;1;6;208;R PORT;M;4800157;272903;450
201500027157;15;10;20;1735;1;2;1;1;1;338;12 R DES FRERES LUMIERE;M;4797337;271911;450
201500027158;15;10;30;2200;5;2;1;1;3;4;461 RTE ST FIRMIN DES VI;M;4797696;273762;450
201500027159;15;10;31;1118;1;2;1;1;2;68;35 AV GL LECLERC;M;4800889;274048;450
201500027160;15;11;2;1720;2;2;2;1;2;68;R GATINAIS/ORMES;M;4801111;270765;450
201500027161;15;11;8;1645;1;2;1;1;7;208;QUEBEC (PONT);M;4799952;272943;450
201500027162;15;11;9;2050;3;1;1;1;2;208;RD 2007;;;;450
201500027163;15;11;24;1853;5;2;1;2;6;4;31 R DE LA MAIRIE;;;;450
201500027164;15;11;20;1150;1;2;1;3;1;4;70 AV DOCTEUR SCHWEITZER;M;4799884;275010;450
201500027165;15;11;24;1810;1;2;3;3;3;338;R BEL AIR/R PASTEUR;M;4799056;271949;450
201500027166;15;11;27;1210;1;2;3;8;3;208;FL DUNKERQUE 1940/GREVEN;M;4799867;274149;450
201500027167;15;11;30;1330;1;2;1;2;2;68;91 AV GL LECLERC;M;4801530;273873;450
201500027168;15;12;2;1229;1;2;1;1;3;4;445 RUE ANDRE LIORET;M;4799271;275441;450
201500027169;15;12;6;1342;1;2;1;1;7;208;GENERAL LECLERC (AVENUE;;;;450
201500027170;15;12;11;1700;2;2;1;1;6;208;RN7 (CLOSIERS);;;;450
201500027171;15;12;13;1245;1;2;3;1;3;208;R ROUX-FEDRY/FORET;M;4800037;274566;450
201500027172;15;12;23;136;5;1;1;2;7;338;RD 2060;;;;450
201500027173;15;9;10;1625;1;2;1;1;6;147;225 R DES FOSSES;M;4793838;193013;450
201500027174;15;8;16;715;1;1;1;1;6;232;R DE LA BELLE CROIX;M;4784736;190824;450
201500027175;15;11;13;1830;5;2;1;1;6;234;146 R FAUBOURG BANNIER;M;4791649;189889;450
201500027176;15;9;11;1940;1;2;1;1;6;232;1942 R DE LA SOURCE;M;4785418;192216;450
201500027177;15;11;7;145;5;1;1;1;6;302;TANGENTIELLE;M;4794537;189342;450
201500027178;15;9;8;1750;1;2;3;1;3;285;R CH.BEAUHAIRE/CL FOURES;M;4791140;187805;450
201500027179;15;10;14;1605;1;2;1;1;6;147;128 R BARRIERE ST MARC;M;4792692;192992;450
201500027180;15;9;14;1350;1;1;1;1;7;284;D 2060;M;4792458;196599;450
201500027181;15;10;15;1620;1;2;1;1;3;284;119 AV GL LECLERC;M;4791681;197692;450
201500027182;15;9;22;1700;1;2;1;1;1;234;36 R BASSE D'INGRE;M;4790594;188666;450
201500027183;15;10;17;1800;2;2;1;1;6;169;115 RUE DE LA CARLERIE;M;4790427;181299;450
201500027184;15;9;14;1255;1;2;1;1;1;302;R GABRIEL DEBACQ;M;4795462;189322;450
201500027185;15;10;19;730;1;2;2;1;3;234;FG BANNIER/R PATAY;M;4790893;190093;450
201500027186;15;9;30;400;3;1;1;1;5;232;AV SOLOGNE;M;4786441;191306;450
201500027187;15;10;20;1730;1;2;6;9;1;234;AV DIDEROT/CLAUDE GUILLE;M;4783392;194008;450
201500027188;15;9;29;1910;1;2;1;1;1;286;DOUFFIAGUES (AVENUE JACQ;M;4788767;192878;450
201500027189;15;9;14;1250;1;2;3;1;7;234;R CROIX FAUCHET/BOECHE;M;4791334;188565;450
201500027190;15;10;23;215;5;2;1;1;6;234;AV ROGER SECRETAIN;M;4788791;189533;450
201500027191;15;10;5;1204;1;2;2;1;3;234;Q FORT TOURELLES/AV DAUP;M;4789465;190463;450
201500027192;15;10;12;725;1;2;2;1;3;147;AV ANDRE DESSAUX/R JOIE;M;4792089;190235;450
201500027193;15;10;2;1500;1;2;1;1;6;232;1878 RUE GL DE GAULLE;M;4786768;187672;450
201500027194;15;10;2;1610;1;2;2;1;3;235;R SABLONS/R VARENNES;M;4794671;183186;450
201500027195;15;11;3;2015;5;2;1;1;1;147;364, BANNIER (RUE DU FAU;M;4793073;189553;450
201500027196;15;10;11;425;5;2;2;1;3;234;R BOURGOGNE/CHOLERIE;M;4789992;190639;450
201500027197;15;11;16;1225;1;2;1;1;6;298;AV SAINT MESMIN;M;4787744;185469;450
201500027198;15;11;6;1740;1;2;1;1;6;234;263 FAUBOURG VINCENT;M;4791925;191789;450
201500027199;15;11;12;1720;4;2;1;1;6;302;ORMES (ROUTE D');;;;450
201500027200;15;11;20;2010;5;2;1;2;3;234;118 RTE OLIVET;M;4787969;190295;450
201500027201;15;11;12;1255;1;2;1;1;6;147;34 R JEAN JAURES;M;4793181;190806;450
201500027202;15;11;25;1245;1;2;3;1;3;234;R VIEILLE LEVEE/MARCHAIS;M;4789195;188859;450
201500027203;15;11;21;2050;5;2;1;1;6;302;1401 R CHAMP ROUGE;M;4796333;184854;450
201500027204;15;11;27;735;2;2;1;5;6;285;83 AV GEORGES CLEMENCEAU;M;4789361;186171;450
201500027205;15;11;28;530;3;2;3;1;1;169;RTE NATIONALE/CHATEAU EA;M;4793195;183368;450
201500027206;15;12;18;1340;1;2;1;2;3;284;58 AV CHARLES PEGUY;M;4790517;194671;450
201500027207;15;12;18;1700;5;2;1;1;6;284;STATION TRAM CLOS ARCHE;M;4790992;196443;450
201500027208;15;12;23;1200;1;2;1;1;6;147;RUE DE MONTARAN;;;;450
201500027209;15;12;23;943;1;2;1;1;6;285;MENDES FRANCE (AVENUE PI;;;;450
201500027210;15;1;5;1600;1;2;3;1;3;234;Q FORT ALLEAUME/R NEUVE;M;4789822;191604;450
201500027211;15;1;6;430;5;2;1;1;2;285;TANGENTIELLE OUEST;M;4791201;186709;450
201500027212;15;2;11;1610;1;2;1;7;6;232;AV VERDUN // ACCES STATI;M;4786881;191088;450
201500027213;15;2;18;1045;1;2;1;1;3;284;R EDOUARD BRANLY;M;4792005;195868;450
201500027214;15;3;7;1420;1;2;1;1;3;234;AV LIBERATION;M;4791794;190069;450
201500027215;15;3;7;2129;5;2;1;1;3;147;R BARRIERE ST MARC;M;4793205;193557;450
201500027216;15;3;10;215;5;2;1;1;6;274;400 R MELLERAY;M;4787749;196055;450
201500027217;15;3;7;1710;1;2;1;1;7;232;R DE LA REINE BLANCHE;;;;450
201500027218;15;3;17;755;1;1;1;1;5;232;D 2271;M;4784136;189337;450
201500027219;15;3;26;820;1;1;1;1;2;284;D 2060;M;4792459;196434;450
201500027220;15;3;27;1505;1;2;1;1;3;75;RTE DE BLOIS;M;4788274;181810;450
201500027221;15;4;28;820;1;2;3;1;1;284;AV DENIS PAPIN/GAY LUSSA;M;4791379;194874;450
201500027222;15;4;2;1655;1;2;3;1;1;234;FG BANNIER/R PASTEUR;M;4791101;190044;450
201500027223;15;4;16;1105;1;2;1;1;6;234;R EUGENE TURBAT;M;4788806;190799;450
201500027224;15;4;23;845;1;1;1;7;4;284;SANS, RN 60;;;;450
201500027225;15;4;24;1811;1;2;3;1;3;286;R BALLETIERES/BT;M;4787046;193222;450
201500027226;15;7;7;1230;1;2;3;1;3;147;5 BIS, GALLOUEDEC (AVENU;;;;450
201500027227;15;5;17;2120;2;2;1;1;6;234;9 Bd SAINT EUVERTE;M;4790211;191875;450
201500027228;15;6;4;820;1;2;2;1;3;232;R SOURCE/R VICTOR HUGO;M;4786027;190934;450
201500027229;15;6;5;1300;1;1;1;1;2;232;AV SOLOGNE;M;4784008;191412;450
201500027230;15;6;12;2045;1;1;3;1;3;274;RTE SANDILLON/R MOULIN;M;4787177;194971;450
201500027231;15;6;13;350;5;2;1;1;6;285;112 AV G.CLEMENCEAU;M;4789672;186388;450
201500027232;15;6;21;1705;1;2;1;1;3;234;79 R BOURRIE ROUGE;M;4791825;190445;450
201500027233;15;6;24;830;1;2;3;1;6;234;BD LAMARTINE/R CLOS MOUL;M;4791913;191138;450
201500027234;15;6;24;745;1;2;2;1;2;284;R PETIT VOMIMBERT/A.FOUR;M;4791895;197151;450
201500027235;15;6;28;1410;1;2;2;1;3;234;R STANISLAS JULIEN/CROIX;M;4789974;189779;450
201500027236;15;7;2;1939;1;1;2;1;3;274;MAISON-NEUVE  (RUE DE);;;;450
201500027237;15;7;3;945;1;2;2;1;3;147;R MONTARAN/JOLIOT CURIE;M;4794414;191721;450
201500027238;15;7;10;1800;1;2;1;7;6;232;20 R GASCOGNE;M;4783953;191808;450
201500027239;15;7;14;2000;1;2;2;1;3;234;AV R SECRETAIN/R WILLIAM;M;4788413;189818;450
201500027240;15;7;20;134;5;2;1;1;6;234;QU DU ROI;M;4790066;193073;450
201500027241;15;7;20;1830;1;1;1;1;6;302;;;;;450
201500027242;15;7;24;1810;1;2;1;2;6;234;27 BD ALEXANDRE MARTIN;M;4790506;191054;450
201500027243;15;7;28;1705;1;2;1;1;4;234;ROCHEPLATTE (BOULEVARD);M;4790534;189723;450
201500027244;15;8;4;2045;1;2;2;1;3;234;AV DAUPHINE/R DUHAMEL MO;M;4789146;190481;450
201500027245;15;8;16;2034;1;2;1;1;6;147;2 R JEAN MERMOZ;M;4793423;192959;450
201500027246;15;8;18;1730;1;1;1;1;2;232;SANS, SOLOGNE (AVENUE DE;;;;450
201500027247;15;8;27;1409;1;1;1;3;3;169;R CHANTEMELLES;M;4794202;184337;450
201500027248;15;3;19;1350;1;2;1;1;7;42;547, MONZIE (AVENUE ANAT;M;4443340;144477;460
201500027249;15;3;20;1218;1;1;1;1;5;42;D?partementale 811;M;4447773;142444;460
201500027250;15;4;2;1250;1;1;1;1;1;42;"""SEPT """"7"""" IEME REGT D'";M;4445828;143371;460
201500027251;15;4;8;2030;2;2;1;1;2;42;55, GAMBETTA (BOULEVARD;M;4444835;144007;460
201500027252;15;5;2;130;5;2;1;2;6;42;., Dйpartementale 811;M;4447014;142770;460
201500027253;15;5;7;1535;1;1;1;1;6;42;BELLE CROIX (CHEMIN DE);M;4442301;143798;460
201500027254;15;5;9;1700;1;1;1;1;3;42;Dйpartementale 820;M;4445356;141239;460
201500027255;15;5;12;1645;1;2;3;1;3;42;., SAINT GERY (RUE);M;4444424;143672;460
201500027256;15;5;25;115;5;2;1;1;6;42;., F.T.P. ET DU 8E R.I (;M;4445638;144989;460
201500027257;15;5;30;2038;1;1;3;1;3;42;., BASTIE (AVENUE MARYSE;M;4445881;142476;460
201500027258;15;5;31;5;3;1;1;1;6;42;., Dйpartementale D653;M;4446578;144039;460
201500027259;15;8;10;2332;3;1;1;1;6;42;., ROCADE DE CAHORS;M;4446197;141991;460
201500027260;15;9;4;1910;1;1;3;1;2;42;CHAMPOLLION (QUAI);M;4444690;144451;460
201500027261;15;9;20;235;3;2;1;5;7;42;., SAINT AMBROISE (RUE);M;4446850;145466;460
201500027262;15;9;29;1745;1;2;1;1;6;42;Parking entrйe Carrefour;M;4442124;143867;460
201500027263;15;9;30;1420;1;1;1;1;7;42;Dйpartementale 820;;;;460
201500027264;15;10;12;2310;3;1;1;3;5;191;., DEPARTEMENTALE N°811;M;4449251;140526;460
201500027265;15;10;14;1120;1;2;1;1;6;42;646, COMBE DE MINUIT (CH;M;4442629;144797;460
201500027266;15;10;19;1715;1;1;1;1;1;42;Dйpartementale 820;;;;460
201500027267;15;10;25;1650;1;2;1;1;6;42;BOILEAU-DESPEAUX (RUE);M;4443547;144051;460
201500027268;15;1;12;2030;5;2;1;1;1;42;0, LUDO-ROLLES (RUE);M;4445260;144340;460
201500027269;15;1;12;1850;3;2;1;1;1;42;ORMEAUX (COTE DES);;;;460
201500027270;15;1;16;1720;3;1;1;8;1;224;D8;M;4447985;139103;460
201500027271;15;2;18;1520;1;1;1;1;7;42;D?partementale 820;M;4446670;142644;460
201500027272;15;1;7;1306;1;2;1;1;6;1;DE GAULLE (AV. DU GENERA;;;;470
201500027273;15;6;17;1210;1;2;3;1;3;201;., GASCOGNE (AVENUE DE);M;4416823;60930;470
201500027274;15;1;7;1852;5;2;1;1;3;1;., DUMON (BD SYLVAIN);;;;470
201500027275;15;7;11;2010;1;2;1;1;2;1;., LECLERC (AV. DU GENER;M;4418422;62192;470
201500027276;15;1;26;840;2;2;1;1;6;1;DIDEROT (RUE);;;;470
201500027277;15;7;14;135;5;2;1;1;2;1;DELPECH (AV. GEORGES);M;4421244;60724;470
201500027278;15;2;8;510;5;2;3;1;3;201;PYRENEES (AVENUE DES);M;4417550;60670;470
201500027279;15;7;29;1725;1;2;1;2;6;1;DUNKERQUE (QUAI DE);M;4420899;62170;470
201500027280;15;3;13;950;1;2;1;2;6;1;., LAITIERS (PLACE DES);M;4420450;61686;470
201500027281;15;7;30;1019;1;2;2;1;3;1;CASSIN (RUE RENE);M;4419614;61902;470
201500027282;15;3;26;2150;5;2;3;2;6;1;BARBUSSE (AV. HENRI);;;;470
201500027283;15;8;10;1820;1;2;1;1;6;1;11, FLOIRAC (RUE);M;;;470
201500027284;15;3;29;1405;1;2;3;2;3;31;, MENDES FRANCE;M;4418940;63902;470
201500027285;15;8;16;1045;1;2;2;1;6;1;CARNOT (BD DU PRESIDENT);M;;;470
201500027286;15;4;7;1220;1;2;3;1;3;201;VERDUN (AVENUE DE);;;;470
201500027287;15;8;17;2205;3;2;1;1;3;1;., BARBUSSE (AV. HENRI);M;;;470
201500027288;15;5;11;1530;1;2;1;7;2;1;BARBUSSE (AV. HENRI);;;;470
201500027289;15;8;26;1835;1;2;3;1;3;31;., BIGORRE (avenue de );M;;;470
201500027290;15;5;7;2125;5;2;1;1;3;201;PYRENEES (AVENUE DES);;;;470
201500027291;15;8;28;1830;1;2;3;1;5;201;PYRENEES (AVENUE DES);M;4417811;60569;470
201500027292;15;9;9;1755;1;2;3;1;6;1;BD CARNOT/LAFAYETTE;M;4420440;62058;470
201500027293;15;5;16;2145;5;2;2;1;2;1;JAURES (AV. JEAN);;;;470
201500027294;15;9;14;855;1;1;1;8;5;31;ROCADERD813_BEAUREGARD;M;4417370;65711;470
201500027295;15;9;19;1735;1;2;4;1;3;31;., AV LACAPELETTE;M;4417850;63294;470
201500027296;15;9;24;1854;1;2;2;1;3;1;LACOUR (BD EDOUARD);M;4419640;62748;470
201500027297;15;9;29;1615;1;2;6;1;3;1;AV Ge LECLERC/rue Cartou;M;4418760;61992;470
201500027298;15;9;30;1642;1;2;3;1;3;1;144BD LIBERTЙ/CASSIN R.;M;4419840;62105;470
201500027299;15;10;3;1428;1;2;3;1;3;1;., JAURES (AV. JEAN);;;;470
201500027300;15;10;3;1940;2;2;3;1;3;201;., VERDUN (AVENUE DE);M;4419391;60707;470
201500027301;15;10;13;1753;1;2;3;1;1;1;., MIDI (AVENUE DU);;;;470
201500027302;15;10;14;1800;1;1;2;1;1;1;RABELAIS (PLACE);;;;470
201500027303;15;10;16;800;2;2;3;9;3;1;., LIBERTE (BOULEVARD DE;M;;;470
201500027304;15;10;16;1543;1;2;1;1;3;1;., BRU (AV. DU DR JEAN);;;;470
201500027305;15;10;16;1935;1;2;1;1;2;1;LECLERC (AV. DU GENERAL);M;;;470
201500027306;15;10;20;900;1;1;3;1;3;31;RD17;M;;;470
201500027307;15;10;20;1545;1;2;6;1;3;201;BEAUREGARD;;;;470
201500027308;15;10;13;1350;1;2;1;1;5;1;BLUM (AV. LEON);M;4421103;64609;470
201500027309;15;10;30;540;5;2;1;1;3;1;., ANCIENS COMBATTANTS A;M;;;470
201500027310;15;11;9;700;5;2;9;1;3;201;AV PYRENEES/UPSA;M;4417880;60545;470
201500027311;15;11;10;1509;1;2;2;1;6;1;BD CARNOT/BD REPUBLIQUE;M;4420530;62085;470
201500027312;15;11;17;1833;2;2;9;1;3;32;1636 AVNOGUES/PARKINGBNP;M;4418430;66642;470
201500027313;15;11;20;1639;1;2;3;1;3;1;BD LIBERTE/RUEDUCOURNEAU;M;4419710;62008;470
201500027314;15;12;12;1840;2;2;3;1;6;1;BD CARNOT/BD REPUBLIQUE;M;4420530;62085;470
201500027315;15;12;21;910;1;2;1;1;6;32;21BIS, REPUBLIQUE(RUE DE;M;4418590;67179;470
201500027316;15;12;23;1700;1;2;1;1;6;31;FABAS/PARKING GEANTCASIN;M;4417690;63382;470
201500027317;15;1;30;1125;1;2;1;1;1;323;CAVAILLE MARCEL (RUE);;;;470
201500027318;15;5;20;1905;1;1;1;1;3;323;CUSSOU;M;4426575;205799;470
201500027319;15;2;7;1355;1;1;2;1;3;27;RD 236;;;;470
201500027320;15;3;17;750;1;1;2;1;3;27;PONT MARTINET/CARRABELLE;M;4441130;66965;470
201500027321;15;2;20;1455;1;2;1;1;6;323;6, COLLEGE(RUE DU);;;;470
201500027322;15;5;21;5;5;2;1;1;6;323;40, AGEN (AVENUE D');M;4439400;70934;470
201500027323;15;2;24;1700;1;1;1;8;1;323;PRADAL;;;;470
201500027324;15;6;11;1105;1;1;1;1;6;323;R.D.911(ROUTE DE SAINTSY;M;4440380;76813;470
201500027325;15;3;29;1445;1;1;3;1;3;323;RD 661;;;;470
201500027326;15;4;5;1525;1;2;3;1;3;323;AV FUMEL/RUE COLIBRIS;M;4440860;72966;470
201500027327;15;7;13;1810;1;1;3;1;2;323;R.D.911(ROUTE DE SAINTSY;M;4440630;75490;470
201500027328;15;7;17;750;1;2;3;1;3;323;BARBUSSE (RUE HENRI);M;4423558;430640;470
201500027329;15;8;4;1950;1;2;2;1;3;323;PENNE (RUE DE);;;;470
201500027330;15;8;7;1540;1;1;1;1;7;215;RN 21;;;;470
201500027331;15;8;17;1945;1;2;1;1;1;323;JEANNE DE FRANCE (ALLEE);M;4440370;70459;470
201500027332;15;9;12;2225;3;1;2;2;3;27;CARABELLE (CHEMIN DE);M;4441120;66976;470
201500027333;15;9;26;2040;3;1;3;1;1;323;MOURGUES;M;4440700;75100;470
201500027334;15;10;2;1100;1;2;1;1;6;323;5 av jeanclaude Cayrel;M;0;0;470
201500027335;15;11;7;2005;5;2;6;1;3;323;20, LIBERATION (PLACE);M;4440860;70749;470
201500027336;15;11;9;1150;1;2;3;1;3;323;AV FUMEL/CHEMIN VELOURS;M;4440710;71622;470
201500027337;15;11;27;240;3;1;1;1;6;215;R D 118;M;4438480;67760;470
201500027338;15;12;6;1515;1;1;1;1;3;323;VC 43 - LIEU-DIT GUILLOT;M;4441490;77197;470
201500027339;15;12;8;1500;1;2;2;1;3;323;DESMOULINS (BD CAMILLE);M;4440340;70129;470
201500027340;15;12;5;1650;1;1;1;1;7;27;LDT CARABELLE/JOUANNY;M;4440950;66970;470
201500027341;15;2;1;115;5;2;1;8;6;95;5, BOURILLON (BOULEVARD;M;4451611;349832;480
201500027342;15;4;10;2100;5;2;1;1;6;95;12, SOUBEYRAN (BOULEVARD;M;4451622;349842;480
201500027343;15;12;11;1205;1;2;1;1;2;95;24, PERE COUDRIN (AVENUE;M;4451762;350696;480
201500027344;15;5;20;1410;1;1;1;1;6;95;RN 88 (ROUTE DU PUY);M;4452609;351283;480
201500027345;15;8;31;1615;1;2;1;1;6;95;8, GARE (AVENUE DE LA);M;4452200;350207;480
201500027346;15;9;24;800;1;2;9;1;6;95;0, FONTANILLES (RUE DE);M;4452187;351494;480
201500027347;15;1;5;105;5;2;1;1;6;7;ATLANTIQUE  AVENUE DE;M;4746467;-57340;490
201500027348;15;2;18;630;3;1;1;1;7;7;1, ATLANTIQUE  AVENUE DE;M;4746894;-58756;490
201500027349;15;12;31;1245;1;2;1;1;6;246;15, HUGO VICTOR RUE;M;4742800;-52741;490
201500027350;15;1;5;754;5;2;3;1;3;7;0, BRESSIGNY;M;4746786;-55100;490
201500027351;15;2;16;1641;1;2;1;1;5;7;0, BARANGE BOULEVARD;M;4745547;-56975;490
201500027352;15;12;31;1608;1;1;1;1;6;7;BAUMETTE PROMENADE;M;4746024;-56817;490
201500027353;15;1;6;1124;1;1;3;1;4;267;0, VENAISERIE AVENUE;M;4747103;-48648;490
201500027354;15;2;20;1040;1;2;1;2;3;7;0, HIRONDELLE;M;4744480;-53758;490
201500027355;15;1;7;744;5;2;1;1;3;7;94, PONTS DE CE;M;4745356;-54146;490
201500027356;15;2;21;1750;1;2;1;1;2;7;BEDIER BOULEVARD;M;4745119;-54808;490
201500027357;15;1;6;1805;4;2;6;2;6;7;0, LE NOTRE;M;4747526;-60775;490
201500027358;15;2;20;1345;1;2;2;3;6;15;0, MENDES FRANCE AVENUE;M;4750686;-58981;490
201500027359;15;1;7;810;1;1;1;1;2;267;RD 347;M;4747364;-48576;490
201500027360;15;2;21;634;5;1;1;1;7;7;0, ATLANTIQUE  AVENUE DE;M;4746678;-56732;490
201500027361;15;1;8;920;1;2;9;1;3;7;PATTON AVENUE;M;4747315;-59985;490
201500027362;15;2;20;1308;1;1;1;1;6;267;0, A87N;M;4748022;-49960;490
201500027363;15;1;8;1358;1;2;1;1;4;7;VOIE DES BERGES;M;4747151;-55947;490
201500027364;15;2;25;1505;1;2;1;1;6;7;RUE PLANTAGENET;M;4747158;-55389;490
201500027365;15;1;8;846;1;2;3;1;3;246;GAULLE RUE CHARLES DE;M;4742258;-52373;490
201500027366;15;3;1;1038;1;1;6;1;6;267;Bd de la Chanterie;M;4748139;-49083;490
201500027367;15;1;9;815;2;2;1;1;2;7;Bd AYRAULT;M;4747585;-54987;490
201500027368;15;3;1;1430;1;2;1;1;6;7;10, BREMONT;M;4746601;-55939;490
201500027369;15;1;9;1826;5;2;2;1;3;7;DUPETIT THOUARS;M;4746060;-55210;490
201500027370;15;3;2;1050;1;2;6;1;3;353;0, DAUTEL BOULEVARD;M;4744230;-48286;490
201500027371;15;1;9;1001;1;2;1;1;7;7;16, FOCH BOULEVARD;M;4746926;-54948;490
201500027372;15;3;2;1659;1;2;1;1;4;7;34, ARBRISSEL;M;4744522;-56672;490
201500027373;15;1;11;1300;1;2;3;1;3;7;0, DAGUENET;M;4747456;-52063;490
201500027374;15;3;2;1832;1;1;1;1;6;246;10, PERDRIAU;M;4744027;-48885;490
201500027375;15;1;1;1524;1;2;1;1;7;7;02, LECLERC GUILLORY;M;4746685;-53316;490
201500027376;15;3;3;1115;1;2;2;1;3;246;0, HUGO VICTOR RUE;M;4743044;-52814;490
201500027377;15;1;11;33;5;2;6;1;3;7;0, MOLIERE PLACE;M;4747375;-55572;490
201500027378;15;3;4;1655;1;2;1;1;6;7;RUE CHAMBRE AUX DENIERS;M;4746525;-59478;490
201500027379;15;1;13;1344;1;2;1;1;6;7;0, DE LATTRE DE TASSIGNY;M;4744951;-53888;490
201500027380;15;3;5;845;1;1;1;1;4;7;7, FAURE QUAI;M;4748788;-54614;490
201500027381;15;1;12;847;1;1;1;1;2;246;A87N;M;4743556;-50882;490
201500027382;15;3;7;1903;1;2;1;1;6;7;44, JEAN XXIII AVENUE;M;4744775;-56278;490
201500027383;15;1;12;1556;1;2;2;1;3;7;PATTON AVENUE;M;4747352;-58608;490
201500027384;15;3;10;1720;1;2;3;1;6;7;0, BIRGE BOULEVARD;M;4747138;-51905;490
201500027385;15;1;12;1215;1;2;2;1;3;7;0, HAUTE DES BANCHAIS;M;4748330;-51405;490
201500027386;15;3;12;745;1;2;2;1;6;7;0, COMMERCE;M;4747505;-54981;490
201500027387;15;1;13;1829;5;1;1;1;4;7;RD 323;M;4746581;-58058;490
201500027388;15;3;13;2030;5;2;1;1;6;7;0, PAUL BERT;M;4746636;-55278;490
201500027389;15;1;15;1830;5;1;1;1;6;267;HAUTE BANCHAIS;M;4748647;-51098;490
201500027390;15;3;14;745;1;2;6;1;6;353;PONTS DE CE;M;4744080;-49850;490
201500027391;15;1;15;836;2;1;1;2;6;353;D4;M;4744299;-48011;490
201500027392;15;3;14;845;1;2;6;1;3;246;0, DAVID D'ANGERS;M;4743369;-52962;490
201500027393;15;1;15;1454;1;2;1;2;6;7;Rue de la PREFECTURE;M;4746621;-55487;490
201500027394;15;3;17;1824;1;1;1;1;4;353;0, LAGRANGE;M;4745064;-50927;490
201500027395;15;1;16;55;5;2;2;1;6;7;BD du BON PASTEUR;M;4747303;-57729;490
201500027396;15;3;19;1638;1;2;1;1;2;7;BOUCHEMAINE ROUTE;M;4744800;-57390;490
201500027397;15;1;17;130;5;2;1;1;5;7;3, ROI RENE BOULEVARD;M;4746851;-55822;490
201500027398;15;3;20;1800;1;2;2;1;3;7;BARRA PASSAGE ET RUE;M;4748658;-56347;490
201500027399;15;1;16;725;5;2;1;1;6;7;0, JONCHERES SQUARE;M;4744882;-56280;490
201500027400;15;3;22;1815;1;1;1;1;6;246;A87N;M;4744138;-51200;490
201500027401;15;1;17;1200;1;2;1;1;3;7;20, ROI RENE BOULEVARD;M;4746803;-55729;490
201500027402;15;3;23;1409;1;1;1;1;7;15;0, MEIGNANNE ROUTE DE LA;M;4749230;-59378;490
201500027403;15;1;16;1551;1;1;3;1;2;246;14 CHAUVIN AVENUE;M;4743224;-53389;490
201500027404;15;3;24;1216;1;2;2;2;3;353;CHOUTEAU;M;4744610;-49639;490
201500027405;15;1;20;751;5;2;1;1;4;7;CHAUVAT BOULEVARD;M;4745392;-56692;490
201500027406;15;3;28;130;5;2;2;1;3;7;0, ROE;M;4747350;-55399;490
201500027407;15;1;22;2020;5;2;1;1;6;246;GAULLE RUE CHARLES DE;M;4742336;-52412;490