num_acc;an;mois;jour;hrmn;lum;agg;int;atm;col;com;adr;gps;lat;long;dep
201500027408;15;3;27;1509;1;1;1;2;3;267;1, CHAMPFLEUR;M;4747838;-50544;490
201500027409;15;1;22;904;1;2;1;1;6;7;CONTADES AVENUE;M;4746367;-55396;490
201500027410;15;3;30;1647;1;2;2;1;3;7;RUE DU MAINE;M;4747716;-54797;490
201500027411;15;1;21;820;2;2;1;1;6;7;Rue Louis Gain;M;4746864;-53901;490
201500027412;15;3;30;907;1;1;1;1;2;7;VOIE DES BERGES;M;4747713;-55389;490
201500027413;15;1;8;1657;1;2;1;1;6;7;BEAUSSIER BOULEVARD;M;4747682;-59917;490
201500027414;15;3;30;740;4;2;4;1;6;7;0, LARREY;M;4748172;-55356;490
201500027415;15;1;23;2045;5;2;1;1;6;7;18, BRESSIGNY;M;4746757;-55041;490
201500027416;15;4;1;805;2;2;1;1;6;7;53, MADELEINE;M;4746280;-54054;490
201500027417;15;1;23;1630;1;2;6;1;3;267;0, CHANTERIE;M;4747629;-49667;490
201500027418;15;4;1;1030;1;2;3;1;1;7;0, PONTS DE CE;M;4745201;-53810;490
201500027419;15;1;23;1224;1;2;1;1;2;7;RAMON BOULEVARD;M;4748749;-54095;490
201500027420;15;4;1;1308;1;2;1;1;6;7;53, SAUMUROISE IMPASSE;M;4745644;-53037;490
201500027421;15;1;23;1745;2;2;1;1;3;7;0, LEROY PLACE;M;4746468;-54878;490
201500027422;15;4;3;925;1;1;1;1;6;7;0, VOIE DES BERGES;M;4747674;-55404;490
201500027423;15;1;26;822;2;2;1;1;6;7;PATTON AVENUE;M;4747328;-59553;490
201500027424;15;4;6;1205;1;1;1;1;6;7;BARANGE BOULEVARD;M;4745485;-56846;490
201500027425;15;1;26;1831;5;2;2;1;3;7;MONTAIGNE AVENUE;M;4746892;-53197;490
201500027426;15;4;7;1850;1;2;1;1;7;246;62, DAVID D'ANGERS;M;4743939;-53266;490
201500027427;15;1;28;1720;1;2;3;1;3;7;Rue de la Barre;M;4747207;-59254;490
201500027428;15;4;8;1205;1;2;2;1;3;15;DUNANT RUE HENRI;M;4750103;-58873;490
201500027429;15;1;27;742;1;1;1;1;6;353;Rue BASSE DE BEAUMANOIR;M;4745278;-51375;490
201500027430;15;4;9;1237;1;2;1;1;4;246;GAULLE RUE CHARLES DE;M;4742254;-52371;490
201500027431;15;1;28;853;1;2;1;1;6;7;DE LATTRE DE TASSIGNY;M;4745139;-53999;490
201500027432;15;4;12;1519;1;2;1;1;3;7;31, MOULIN BOULEVARD;M;4749231;-55311;490
201500027433;15;1;29;817;2;2;6;2;2;353;Rue Lйo LAGRANGE;M;4744766;-50949;490
201500027434;15;4;10;1533;1;2;4;1;6;7;0, HAUT PRESSOIR PASSAGE;M;4745397;-53581;490
201500027435;15;1;30;908;1;1;1;1;2;267;A87N;M;4747605;-50326;490
201500027436;15;4;13;1010;1;2;2;1;6;7;161, LIZE;M;4748741;-57354;490
201500027437;15;1;30;949;1;2;6;1;3;7;LAFAYETTE PLACE;M;4746280;-55383;490
201500027438;15;4;13;1749;1;2;1;1;6;15;245, MENDES FRANCE AVENU;M;4750800;-59078;490
201500027439;15;2;2;920;1;2;6;1;7;7;0, CAMUS BOULEVARD;M;4748173;-57578;490
201500027440;15;4;14;1350;1;2;3;1;3;7;0, MONPLAISIR BOULEVARD;M;4748699;-51513;490
201500027441;15;2;3;822;1;2;2;1;7;7;0, CARNOT;M;4747451;-54677;490
201500027442;15;4;14;1815;1;2;1;1;6;7;100, MONPLAISIR BOULEVAR;M;4748677;-51486;490
201500027443;15;2;5;1006;1;2;2;1;2;246;0, A87N;M;4743771;-51109;490
201500027444;15;4;16;1740;1;1;1;1;7;353;85, JEAN JAURES RUE;M;4744191;-49319;490
201500027445;15;2;5;1500;1;2;1;1;6;7;BEAUSSIER BOULEVARD;M;4747613;-59927;490
201500027446;15;4;20;440;3;2;6;1;7;7;BEDIER BOULEVARD;M;4745252;-54090;490
201500027447;15;2;5;900;1;2;2;1;6;7;0, RAMON BOULEVARD;M;4748554;-53325;490
201500027448;15;4;18;555;3;2;1;1;6;353;Rue des PERREYEUX;M;4745235;-49310;490
201500027449;15;2;7;1913;5;2;6;1;7;7;rue RABELAIS;M;4746468;-54873;490
201500027450;15;4;21;2230;5;2;2;1;3;7;0, JUSSIEU;M;4747619;-54508;490
201500027451;15;2;7;300;5;2;2;1;3;7;BEAUREPAIRE;M;4747473;-56083;490
201500027452;15;4;21;1717;1;2;9;1;4;7;0, MONPLAISIR BOULEVARD;M;4748998;-52188;490
201500027453;15;2;9;1644;1;2;3;1;3;246;Rue de CONTADES;M;4741856;-52778;490
201500027454;15;4;22;1320;1;2;2;1;3;267;BEAUFORT ROUTE;M;4746672;-49064;490
201500027455;15;2;9;1315;1;1;1;1;3;15;Rue Nationale;M;4751738;-60527;490
201500027456;15;4;22;1901;1;2;2;1;6;7;HOTELLERIE RUE;M;4748602;-52124;490
201500027457;15;2;10;1540;1;2;1;1;2;7;COUBERTIN BOULEVARD;M;4746401;-53166;490
201500027458;15;4;24;1245;1;2;3;1;2;7;Quai GAMBETTA;M;4747668;-55370;490
201500027459;15;2;11;1620;1;2;2;1;7;7;VERDUN PONT;M;4747359;-55899;490
201500027460;15;4;25;1020;1;2;1;1;7;7;DROITS DE L'HOMME;M;4747892;-54994;490
201500027461;15;2;11;1938;5;2;1;1;7;7;place Francois Mitterand;M;4747698;-55087;490
201500027462;15;4;28;1650;1;2;1;1;4;7;0, LIZE;M;4748939;-56808;490
201500027463;15;2;12;2129;5;2;1;1;7;7;0, IMBACH PLACE;M;4747390;-54805;490
201500027464;15;5;2;1400;1;2;6;2;3;7;0, SEURAT;M;4746122;-61705;490
201500027465;15;2;14;1330;1;2;2;1;3;7;07, PORT DE L'ANCRE;M;4747587;-55263;490
201500027466;15;5;2;1200;1;2;1;2;6;7;0, RAMON BOULEVARD;M;4748863;-54472;490
201500027467;15;2;14;2040;5;2;2;1;3;7;0, BEDIER BOULEVARD;M;4745300;-53873;490
201500027468;15;4;30;1821;1;2;1;2;2;7;Place FREPPEL;M;4747028;-55520;490
201500027469;15;2;13;1318;1;2;1;1;7;15;CROIX CADEAU LIEU DIT;M;4752016;-60967;490
201500027470;15;5;3;350;5;1;1;2;6;7;0, VOIE DES BERGES;M;4747469;-55564;490
201500027471;15;2;14;2115;4;2;1;1;3;7;58, VAUGAREAU;M;4748286;-53136;490
201500027472;15;5;5;1731;1;2;1;1;6;7;0, FOCH BOULEVARD;M;4746783;-55108;490
201500027473;15;2;15;1206;1;2;3;1;3;7;Rue de LETANDUERE;M;4746259;-55506;490
201500027474;15;5;5;1640;1;2;1;1;7;7;0, LAKANAL;M;4747746;-60106;490
201500027475;15;2;14;700;5;2;2;1;3;15;ROSES RUE DES;M;4749820;-58595;490
201500027476;15;5;10;1935;1;2;1;1;6;7;rue de  BELLE BEILLE;M;4747477;-58615;490
201500027477;15;5;7;1840;1;2;1;1;6;7;0, PAUL BERT;M;4746557;-55097;490
201500027478;15;5;9;2221;5;2;1;1;6;7;ESTIENNE D'ORVES BOUL;M;4745740;-52666;490
201500027479;15;5;13;2106;5;2;6;1;7;7;0, BALLU PLACE;M;4747603;-58611;490
201500027480;15;5;13;1651;1;2;1;1;3;7;78, PASTEUR AVENUE;M;4747414;-53680;490
201500027481;15;5;15;1700;1;2;1;1;3;7;0, JOFFRE BOULEVARD;M;4747208;-54567;490
201500027482;15;5;15;2100;2;2;1;1;7;267;Rue CHAMPFLEUR;M;4747988;-50373;490
201500027483;15;5;15;959;1;2;3;1;2;353;0, REPUBLIQUE AVENUE;M;4744930;-50183;490
201500027484;15;5;16;1915;1;2;1;1;3;7;93, BRESSIGNY;M;4746600;-54721;490
201500027485;15;5;19;1818;1;1;1;1;4;267;RD 347;M;4747337;-48817;490
201500027486;15;5;19;1551;1;2;1;1;6;353;0, BAHONNEAU BOULEVARD;M;4745294;-48325;490
201500027487;15;5;19;1115;1;2;1;1;6;7;5, BARRA PASSAGE ET RUE;M;4748125;-56422;490
201500027488;15;5;21;1234;1;2;1;1;2;7;48, RABELAIS;M;4746125;-54674;490
201500027489;15;5;21;1556;1;2;1;1;2;7;CONTADES AVENUE;M;4746397;-55408;490
201500027490;15;5;22;711;1;2;1;1;2;7;82, CAMUS BOULEVARD;M;4748059;-57592;490
201500027491;15;5;22;1830;1;2;1;1;2;7;14, TOUSSAINT RUE ET IMP;M;4746960;-55530;490
201500027492;15;5;24;10;5;2;1;1;6;7;0, CAPUCINS SQUARE ET RU;M;4748797;-55402;490
201500027493;15;5;27;1124;1;2;2;1;3;7;0, ROE;M;4747350;-55397;490
201500027494;15;5;27;944;1;2;1;1;2;7;78, VOLNEY;M;4746054;-53878;490
201500027495;15;5;27;1706;1;2;2;1;6;7;0, CUSSONEAU;M;4746888;-53195;490
201500027496;15;5;27;1600;1;2;2;1;3;7;0, CHATEAU D'ORGEMONT RU;M;4744902;-54416;490
201500027497;15;5;27;1420;1;2;6;1;7;246;0, PERDRIAU;M;4743896;-48618;490
201500027498;15;5;31;1815;1;2;2;1;3;7;0, VOLNEY;M;4746180;-54150;490
201500027499;15;5;29;2022;1;2;3;1;3;7;15, CHURCHILL AVENUE ET;M;4744799;-56083;490
201500027500;15;5;29;1415;1;2;1;1;1;7;BARRE CITE ET RUE;M;4747229;-59584;490
201500027501;15;6;2;820;1;1;1;1;4;246;0, A87N;M;4743219;-50712;490
201500027502;15;6;2;1600;1;1;1;1;2;246;0, PASTEUR;M;4741868;-52379;490
201500027503;15;6;2;1420;1;2;1;1;6;15;JUIN PLACE DU MARECHAL;M;4748582;-58455;490
201500027504;15;6;3;2025;1;2;3;1;3;7;0, GAIN ( LOUIS);M;4746799;-53763;490
201500027505;15;6;4;1123;1;2;3;1;3;353;54, REPUBLIQUE AVENUE;M;4744619;-49723;490
201500027506;15;6;6;1435;1;2;3;1;2;7;0, ARAGO BOULEVARD;M;4747727;-55732;490
201500027507;15;6;6;1055;1;2;1;1;2;7;4, PASTEUR AVENUE;M;4747152;-54315;490
201500027508;15;6;8;1938;1;2;3;1;3;7;0, HANNELOUP;M;4746796;-54649;490
201500027509;15;6;5;2025;1;2;2;1;3;7;0, SALPINTE;M;4744829;-55030;490
201500027510;15;6;8;1809;1;1;1;1;6;246;0, A87N;M;4744768;-51520;490
201500027511;15;6;6;1516;1;2;2;1;6;7;0, ACADEMIE PLACE;M;4746853;-55842;490
201500027512;15;6;5;1710;1;2;1;1;3;7;28, CUSSONEAU;M;4747012;-53154;490
201500027513;15;6;5;1515;1;2;1;1;7;246;14, RONCIERES RUE ET SQU;M;4743712;-51271;490
201500027514;15;6;9;1835;1;2;3;1;3;7;0, BON PASTEUR BOULEVARD;M;4747061;-57054;490
201500027515;15;6;9;1233;1;2;1;1;3;7;0, GAMBETTA;M;4747716;-55339;490
201500027516;15;6;5;1451;1;2;1;1;6;7;0, DAVID D'ANGERS;M;4744180;-53450;490
201500027517;15;6;9;1644;1;2;6;1;6;267;0, MARMITIERE;M;4747002;-49098;490
201500027518;15;6;5;1800;1;2;1;1;6;7;50, PATTON AVENUE;M;4747373;-58414;490
201500027519;15;6;11;930;1;2;1;1;6;7;56, FOCH BOULEVARD;M;4746717;-55238;490
201500027520;15;6;12;1351;1;2;6;2;1;353;REPUBLIQUE AVENUE;M;4745101;-50804;490
201500027521;15;6;12;1343;1;2;1;2;6;7;105, BRIOLLAY ROUTE;M;4749349;-52837;490
201500027522;15;6;15;1030;1;2;2;1;7;7;0, VOLNEY;M;4746324;-54492;490
201500027523;15;6;15;1234;1;2;3;1;3;7;0, PETIT LAUNAY;M;4746793;-59014;490
201500027524;15;6;16;1545;1;1;1;1;7;7;D260;M;4744473;-52381;490
201500027525;15;6;17;814;1;2;3;1;3;246;0, POCHETET;M;4743030;-52894;490
201500027526;15;6;17;742;1;2;1;1;3;353;60, VALONGO;M;4744809;-46856;490
201500027527;15;6;18;1116;1;2;1;1;7;7;0, LARREY;M;4748183;-55370;490
201500027528;15;6;19;2010;1;2;3;1;1;7;57, JEAN XXIII AVENUE;M;4744690;-56103;490
201500027529;15;6;19;2127;1;2;2;1;3;7;0, PONTS DE CE;M;4745301;-53878;490
201500027530;15;6;22;1441;1;2;1;1;6;7;0, FOCH BOULEVARD;M;4746785;-55107;490
201500027531;15;6;19;956;1;2;3;1;1;267;0, REUX;M;4746938;-50990;490
201500027532;15;6;21;1159;1;2;6;1;7;7;DE LATTRE DE TASSIGNY;M;4744855;-53808;490
201500027533;15;6;22;1710;1;1;3;1;5;267;0, BEAUFORT ROUTE;M;4747051;-45653;490
201500027534;15;6;26;1505;1;2;6;1;6;7;RABELAIS;M;4746462;-54874;490
201500027535;15;6;27;1825;1;2;2;1;3;7;de la cote de bellevue;M;4746167;-60432;490
201500027536;15;6;28;2157;1;2;1;1;7;353;59, CAMUS;M;4745482;-50675;490
201500027537;15;6;29;1735;1;2;1;1;2;7;ATLANTIQUE  AVENUE DE L';M;4746789;-56581;490
201500027538;15;6;22;2020;1;2;6;1;3;7;0, BRESSIGNY;M;4746532;-54535;490
201500027539;15;6;23;1530;1;1;1;1;2;267;0, A87N;M;4746797;-51471;490
201500027540;15;6;24;1829;1;2;1;1;6;7;0, JEAN XXIII AVENUE;M;4744808;-56331;490
201500027541;15;6;24;1710;1;2;3;1;2;7;11, PASTEUR AVENUE;M;4747222;-54125;490
201500027542;15;7;1;959;1;2;2;1;3;7;0, MOLIERE PLACE;M;4747398;-55446;490
201500027543;15;7;6;1715;1;2;1;1;2;7;15, BIRGE BOULEVARD;M;4747129;-51919;490
201500027544;15;7;5;210;5;1;1;1;6;7;0, ESTIENNE D'ORVES BOUL;M;4745457;-53350;490
201500027545;15;7;3;1230;1;2;1;1;2;7;0, BAZIN RENE ALLEE;M;4747171;-55515;490
201500027546;15;7;7;1015;1;2;4;1;3;7;0, MENDES FRANCE PLACE;M;4747232;-54609;490
201500027547;15;7;9;1932;1;2;1;1;3;353;85, JEAN JAURES RUE;M;4745573;-52423;490
201500027548;15;7;13;10;3;2;4;1;7;7;CORNE DE CERF;M;4747472;-56357;490
201500027549;15;7;14;2250;5;2;3;1;3;7;108, PONTS DE CE;M;4745199;-53808;490
201500027550;15;7;18;1206;1;2;1;1;2;7;25, BOISNET RUE;M;4747448;-55198;490
201500027551;15;7;20;1830;1;1;1;1;2;246;A87N;M;4747841;-50101;490
201500027552;15;7;20;1848;1;2;6;1;3;7;0, RABELAIS;M;4745846;-54512;490
201500027553;15;7;20;1615;1;2;1;1;2;7;20, RABELAIS;M;4746327;-54808;490
201500027554;15;7;20;1410;1;2;3;1;6;7;22, BALLUE AVENUE ET IMP;M;4747444;-59197;490
201500027555;15;7;21;1520;1;1;2;1;7;7;0, BESSONEAU;M;4747132;-54690;490
201500027556;15;7;23;1840;1;2;2;1;6;7;0, MELGRANI IMPASSE ET R;M;4747573;-59388;490
201500027557;15;7;26;1315;1;2;2;2;3;7;0, ESTIENNE D'ORVES BOUL;M;4745457;-53302;490
201500027558;15;7;25;1600;1;2;2;1;3;7;0, BEAUSSIER BOULEVARD;M;4747328;-59988;490
201500027559;15;7;26;1043;1;2;6;2;6;7;0, foucaudiиre;M;4745789;-51476;490
201500027560;15;7;26;748;1;2;1;2;6;7;0, MOULIN PONT ET PLACE;M;4749070;-55232;490
201500027561;15;7;27;935;1;2;6;2;7;15;0, ARDENNE ROND POINT;M;4751246;-59788;490
201500027562;15;7;28;1645;1;2;1;2;2;7;0, BASSE CHAINE PONT;M;4747013;-56260;490
201500027563;15;7;30;1210;1;2;1;1;6;7;PASTEUR AVENUE;M;4747467;-53610;490
201500027564;15;7;31;1840;1;2;1;1;6;7;0, CHALOUERE;M;4748562;-53326;490
201500027565;15;8;3;925;1;1;1;1;6;7;GRAND LAUNAY;M;4746731;-59727;490
201500027566;15;7;31;1720;1;1;1;1;7;246;0, BOUTTON AVENUE;M;4743832;-50907;490
201500027567;15;8;3;1720;1;2;2;1;3;353;0, RECLUS;M;4745177;-50785;490
201500027568;15;8;11;1731;1;2;1;1;7;7;03, FOCH BOULEVARD;M;4746919;-54493;490
201500027569;15;8;11;2122;5;2;2;1;3;7;0, NEY PLACE;M;4747862;-54453;490
201500027570;15;8;11;1312;1;2;1;1;7;7;12, ARENES;M;4746796;-54905;490
201500027571;15;8;12;504;5;2;1;1;7;246;15, DAVID D'ANGERS;M;4743630;-53099;490
201500027572;15;8;13;1831;1;2;2;1;3;7;RUE PALLACH;M;4744768;-55775;490
201500027573;15;8;15;1055;1;2;4;1;2;7;0, ATLANTIQUE  AVENUE DE;M;4746669;-59190;490
201500027574;15;8;18;1849;1;2;3;1;3;7;0, PAUL BERT;M;4746649;-55306;490
201500027575;15;8;20;1623;1;2;1;1;2;7;142, LAREVELLIERE;M;4747126;-52777;490
201500027576;15;8;22;939;1;2;1;1;7;7;21, JAURES;M;4745822;-52241;490
201500027577;15;8;23;1700;1;2;2;1;3;7;0, LARREY;M;4747867;-55619;490
201500027578;15;8;21;1228;1;2;2;1;3;15;0, SCHWEITZER RUE ALBERT;M;4750104;-58876;490
201500027579;15;8;24;1155;1;2;1;1;5;7;0, PONTS DE CE;M;4744774;-53664;490
201500027580;15;8;24;1400;1;2;2;1;3;7;2, BEDIER BOULEVARD;M;4745063;-55282;490
201500027581;15;8;27;1016;1;2;6;1;6;7;0, DE LATTRE DE TASSIGNY;M;4744848;-55386;490
201500027582;15;8;28;1045;1;2;3;1;7;7;0, BIRGE BOULEVARD;M;4747078;-51908;490
201500027583;15;8;31;1516;1;2;2;1;6;7;1, GASNIER AVENUE;M;4748740;-57358;490
201500027584;15;9;1;1307;1;2;1;1;6;7;0, GRAND MONTREJEAU;M;4746851;-52254;490
201500027585;15;8;31;1841;1;1;1;1;5;7;0, GRAND MONTREJEAU;M;4746862;-52277;490
201500027586;15;8;29;1020;1;2;1;1;6;7;42, ARAGON AVENUE;M;4748313;-57746;490
201500027587;15;9;2;940;1;1;1;1;3;246;0, A87N;M;4743083;-50644;490
201500027588;15;9;2;856;1;1;1;1;1;267;route de SARRIGNE;M;4748737;-47161;490
201500027589;15;9;3;1208;1;2;2;1;1;246;26, CHESNAIE AVENUE;M;4743666;-52664;490
201500027590;15;9;5;1430;1;1;1;1;1;267;RD 116;M;4748694;-47476;490
201500027591;15;9;4;945;1;2;6;1;3;7;0, BON PASTEUR BOULEVARD;M;4747026;-56914;490
201500027592;15;9;6;1802;1;2;3;1;7;7;0, CARNOT;M;4747454;-54675;490
201500027593;15;9;7;945;1;2;1;1;6;7;0, ACADEMIE PLACE;M;4746789;-55927;490
201500027594;15;9;8;1755;1;2;1;1;6;7;0, FOCH BOULEVARD;M;4746791;-55112;490
201500027595;15;9;13;430;5;2;1;1;5;7;44, RECULEE PROMENADE;M;4748615;-55046;490
201500027596;15;9;14;1320;1;2;1;1;5;7;26, NID DE  PIE;M;4747101;-60456;490
201500027597;15;9;15;1740;1;2;2;1;1;353;0, PRINTEMPS ALLEE;M;4744805;-50249;490
201500027598;15;9;15;1231;1;2;2;1;6;7;0, SALPINTE;M;4744882;-55249;490
201500027599;15;9;15;1300;1;2;1;1;1;7;0, BEAUSSIER BOULEVARD;M;4747285;-59979;490
201500027600;15;9;16;815;2;2;1;2;6;246;0, GALLIENI AVENUE;M;4743592;-51976;490
201500027601;15;9;16;1155;1;2;1;3;1;7;0, MOULIN BOULEVARD;M;4749225;-55482;490
201500027602;15;9;17;1746;2;1;1;3;4;246;0, A87N;M;4747427;-54648;490
201500027603;15;9;17;1717;1;2;1;1;6;7;0, BON PASTEUR BOULEVARD;M;4747114;-56495;490
201500027604;15;9;17;724;3;2;2;1;6;7;0, CARNOT;M;4747427;-54648;490
201500027605;15;9;18;1004;1;2;2;2;6;7;0, HOCHE;M;4746778;-55909;490
201500027606;15;9;21;1805;1;2;1;1;6;7;0, CARNOT;M;4747449;-54679;490
201500027607;15;9;22;720;1;1;3;1;7;15;0, MEIGNANNE ROUTE DE LA;M;4749927;-61977;490
201500027608;15;9;24;721;5;2;1;1;7;15;0, MENDES FRANCE AVENUE;M;4750135;-58462;490
201500027609;15;9;24;753;2;2;1;1;1;246;0, CHAUVIN AVENUE;M;4743246;-53339;490
201500027610;15;9;25;1220;1;2;2;1;3;7;0, LARREY;M;4747928;-55562;490
201500027611;15;9;25;1545;1;2;1;1;2;7;32, GAIN ( LOUIS);M;4746861;-53927;490
201500027612;15;9;28;1711;1;2;1;1;4;7;72, MONPLAISIR BOULEVARD;M;4748843;-51793;490
201500027613;15;9;28;1817;1;2;1;1;2;7;77, PARMENTIER;M;4745253;-51624;490
201500027614;15;9;29;2350;5;2;2;1;3;7;0, BRESSIGNY;M;4746638;-54768;490
201500027615;15;9;28;1141;1;2;6;1;6;246;0, PORTE PERRIERE CHEMIN;M;4743850;-50851;490
201500027616;15;9;29;1610;1;2;1;1;1;7;0, CLEMENCEAU BOULEVARD;M;4747614;-56661;490
201500027617;15;9;28;1933;1;2;2;1;6;7;0, ROE;M;4747350;-55403;490
201500027618;15;10;2;350;5;1;9;1;6;7;0, VOIE DES BERGES;M;4746997;-56244;490
201500027619;15;10;2;750;1;2;3;1;3;7;0, BEAUSSIER BOULEVARD;M;4747925;-59755;490
201500027620;15;10;2;1540;1;2;1;1;3;7;0, HANNELOUP;M;4746813;-54687;490
201500027621;15;10;5;1719;1;2;1;1;6;7;0, BARANGE BOULEVARD;M;4745558;-56989;490
201500027622;15;10;6;734;5;2;1;2;6;7;200, GASNIER AVENUE;M;4748911;-57485;490
201500027623;15;10;9;1744;1;2;2;1;3;15;RUE DES CHENES;M;4749872;-58447;490
201500027624;15;10;12;1000;1;2;1;1;4;246;21, MOULIN MARCILLE CHEM;M;4743650;-50349;490
201500027625;15;10;12;1226;1;2;1;1;3;7;0, MONTAIGNE AVENUE;M;4747220;-54087;490
201500027626;15;10;14;1510;1;2;1;1;6;7;32, ROI RENE BOULEVARD;M;4746839;-55795;490
201500027627;15;10;14;1645;1;2;1;1;6;7;19, GAIN ( LOUIS);M;4746917;-54019;490
201500027628;15;10;14;1500;1;2;9;1;6;353;252, REPUBLIQUE AVENUE;M;4745077;-50738;490
201500027629;15;10;15;1735;1;2;3;1;3;7;19, DIDEROT IMPASSE;M;4746704;-53293;490
201500027630;15;10;17;1500;1;2;2;1;3;7;0, BESNADIERE;M;4747937;-54463;490
201500027631;15;10;17;1710;1;2;3;1;3;7;MONPROFIT PLACE;M;4747430;-56789;490
201500027632;15;10;17;953;1;2;1;1;6;7;RUE LEKEU;M;4747156;-52279;490
201500027633;15;10;20;2205;4;2;3;1;3;7;BLANCHERAIE AVENUE;M;4746706;-56101;490
201500027634;15;10;21;1019;1;2;5;1;6;7;MONPROFIT PLACE;M;4747437;-56715;490
201500027635;15;10;22;2040;5;2;3;1;3;7;AYRAULT;M;4747730;-55329;490
201500027636;15;10;23;2300;5;1;2;1;3;7;LAMORICIERE AVENUE;M;4747827;-53448;490
201500027637;15;10;22;1945;5;2;3;1;5;7;Rue QUINET;M;4745983;-54236;490
201500027638;15;10;23;1721;1;2;2;1;3;7;PATTON AVENUE;M;4747318;-59982;490
201500027639;15;10;24;2100;5;2;1;1;2;7;ESTIENNE D'ORVES BOULEVA;M;4745554;-52999;490
201500027640;15;10;27;1719;1;2;1;1;6;7;JEANNE D'ARC AVENUE;M;4746825;-54010;490
201500027641;15;10;27;1225;1;2;9;1;6;7;MANDEL;M;4747030;-60185;490
201500027642;15;10;25;702;1;1;1;1;6;246;00, A87N;M;4742703;-50434;490
201500027643;15;10;28;1832;5;2;2;1;3;7;ARAGO BOULEVARD;M;4747854;-55622;490
201500027644;15;11;3;1730;2;1;1;2;4;267;0, RD 347;M;4747250;-49725;490
201500027645;15;11;3;1722;1;1;1;1;2;7;ATLANTIQUE  AVENUE DE;M;4747296;-61677;490
201500027646;15;11;3;915;1;2;2;1;3;7;CARNOT;M;4747453;-54682;490
201500027647;15;11;3;1506;1;2;1;1;6;353;28, JEAN JAURES RUE;M;4744113;-49115;490
201500027648;15;11;4;738;2;1;1;1;7;15;VIOLETTE AVENUE DE LA;M;4750530;-57752;490
201500027649;15;11;4;1045;1;2;9;1;6;7;0, LAC DE MAINE AVENUE;M;4746840;-58908;490
201500027650;15;11;4;1030;1;2;1;1;6;7;0, BARANGE BOULEVARD;M;4745485;-56846;490
201500027651;15;11;5;2135;5;2;2;1;6;7;BEDIER BOULEVARD;M;4745259;-54057;490
201500027652;15;11;6;745;1;2;1;2;3;267;01, CHAMPFLEUR;M;4747837;-50546;490
201500027653;15;11;6;1145;1;2;1;1;7;7;LAC DE MAINE AVENUE;M;4746638;-59208;490
201500027654;15;11;6;1935;5;2;3;1;3;246;JEMMAPES QUAI;M;4741971;-52349;490
201500027655;15;11;6;1520;1;2;6;1;7;353;Bd Jean Pena;M;4743904;-48666;490
201500027656;15;11;7;1740;1;2;1;1;3;267;BRETONNIERES BOULEVARD;M;4747777;-50981;490
201500027657;15;11;9;1450;1;2;2;1;2;7;GASNIER AVENUE;M;4748743;-57354;490
201500027658;15;11;12;1245;1;1;1;1;3;7;RD 323;M;4748219;-54995;490
201500027659;15;11;16;1130;1;2;2;1;3;7;BASSE CHAINE PONT;M;4747047;-56342;490
201500027660;15;11;14;1455;1;2;2;1;3;7;78, MONTAIGNE AVENUE;M;4746897;-53248;490
201500027661;15;11;14;1120;1;2;2;1;3;7;0, PATTON AVENUE;M;4747358;-58122;490
201500027662;15;11;13;1434;1;1;2;1;2;7;07, CHATEAU D'ORGEMONT R;M;4745460;-54783;490
201500027663;15;11;17;1223;1;2;2;2;1;7;BD AYRAULT;M;4747725;-55332;490
201500027664;15;11;13;830;2;1;1;1;7;15;;M;4750208;-59711;490
201500027665;15;11;15;523;3;1;1;1;7;353;0, ANDARD ROUTE;M;4744619;-45615;490
201500027666;15;11;13;855;2;2;1;1;6;7;0, BARANGE BOULEVARD;M;4745529;-56980;490
201500027667;15;11;17;1908;5;2;4;2;6;7;BEDIER BOULEVARD;M;4745093;-54949;490
201500027668;15;11;18;1350;1;2;4;2;7;7;26, MONTAIGNE AVENUE;M;4747140;-53827;490
201500027669;15;11;18;1350;1;1;1;2;7;7;VOIE DES BERGES;M;4748758;-54671;490
201500027670;15;11;18;1540;1;2;3;2;3;7;TALOT;M;4746740;-55577;490
201500027671;15;11;19;1221;1;2;1;1;6;7;ALLONNEAU(AUGUSTE) Bd;M;4748240;-52673;490
201500027672;15;11;20;900;1;2;6;3;3;7;RABELAIS;M;4745810;-54456;490
201500027673;15;11;20;1918;5;2;1;2;2;7;VOIE DES BERGES;M;4747325;-55680;490
201500027674;15;11;22;1510;1;2;1;1;6;7;PLAC CHAPEAU DE GENDARME;M;4745108;-55571;490
201500027675;15;11;21;1900;5;2;1;1;6;7;3 rue ENGUEHARD;M;4746236;-61577;490
201500027676;15;11;23;1904;5;2;1;1;2;7;1, CUSSONEAU;M;4746946;-53181;490
201500027677;15;11;24;1251;1;2;2;2;6;7;0, TARDAT;M;4745027;-55281;490
201500027678;15;11;25;1440;1;2;2;1;3;15;0, ETANG ROUTE;M;4750724;-60771;490
201500027679;15;11;25;1615;1;2;1;1;7;15;POMPIDOU AVENUE GEORGES;M;4749302;-59155;490
201500027680;15;11;25;1922;3;1;1;1;7;267;BD de la CHANTERIE;M;4748480;-48976;490
201500027681;15;11;26;1715;2;2;1;1;3;7;0, BESSONEAU;M;4747132;-54691;490
201500027682;15;11;26;1545;1;2;3;1;3;7;TALET AVENUE;M;4747520;-54852;490
201500027683;15;11;25;1610;1;2;1;1;7;7;0, PAUL BERT;M;4746581;-55197;490
201500027684;15;11;28;1850;4;2;1;1;2;7;ROI DE POLOGNE QUAI;M;4746895;-56403;490
201500027685;15;11;28;1115;1;1;1;1;6;7;0, VOIE DES BERGES;M;4748930;-54505;490