num_acc;an;mois;jour;hrmn;lum;agg;int;atm;col;com;adr;gps;lat;long;dep
201500027686;15;11;27;1800;2;1;1;2;2;246;A87N;M;4743786;-51022;490
201500027687;15;11;30;920;1;2;1;1;2;7;BD CARNOT;M;4747531;-54851;490
201500027688;15;11;29;1440;1;2;3;8;6;7;17, LISE;M;4747259;-54265;490
201500027689;15;11;30;730;2;1;1;1;7;267;A87N;M;4747099;-51048;490
201500027690;15;11;27;1910;5;1;6;1;7;7;ARAGON AVENUE;M;4747035;-56930;490
201500027691;15;12;2;1115;1;2;2;1;3;7;BRISSET SQUARE;M;4747458;-58511;490
201500027692;15;12;4;1350;1;2;2;1;6;7;MILLOT BOULEVARD JACQUES;M;4745759;-53312;490
201500027693;15;12;3;900;1;2;1;1;3;7;37 BD JEAN  MOULIN;M;4749223;-55433;490
201500027694;15;12;4;2005;1;2;3;1;3;7;1, ROI RENE BOULEVARD;M;4746688;-55433;490
201500027695;15;12;6;1956;1;2;1;1;1;7;103, SAINT MICHEL BOULEV;M;4747355;-54097;490
201500027696;15;12;6;1230;1;2;1;1;7;7;RUE CHAUSSEE ST PIERRE;M;4747083;-55298;490
201500027697;15;12;5;1134;1;2;1;1;6;7;1, TURPIN DE CRISSE AVEN;M;4746477;-55414;490
201500027698;15;12;4;1536;1;2;1;1;3;15;LANGEVIN RUE PAUL;M;4751806;-61059;490
201500027699;15;12;5;1037;1;2;3;1;6;7;LAITERIE IMPASSE ET PLAC;M;4747524;-56257;490
201500027700;15;12;7;1645;1;2;1;1;7;267;ROMANERIE BOULEVARD;M;4748255;-50171;490
201500027701;15;12;8;1250;1;2;2;1;3;7;58 RUE QUINCONCE;M;4746813;-54159;490
201500027702;15;12;11;1320;1;2;1;1;6;15;AV du 11 NOVEMBRE 1918;M;4750681;-59364;490
201500027703;15;12;12;1500;1;2;6;1;3;7;0, GRAND MONTREJEAU;M;4746861;-52758;490
201500027704;15;12;14;1907;5;2;9;1;3;7;0, VIGNE PLACE ET RUE;M;4747552;-58603;490
201500027705;15;12;15;747;3;2;1;1;7;15;La PLESSE;M;4749767;-62073;490
201500027706;15;12;16;1300;1;2;3;1;6;7;Rue du chateau ORGEMONT;M;4744952;-54434;490
201500027707;15;12;16;1940;5;2;1;1;6;246;0, MAISONS ROUGES CHEMIN;M;4743529;-51324;490
201500027708;15;12;16;1355;1;2;2;2;3;7;81, LETANDUERE;M;4745706;-55398;490
201500027709;15;12;17;950;1;2;3;1;3;7;0, ECCE HOMO BOULEVARD;M;4746424;-56484;490
201500027710;15;12;18;1810;2;2;1;1;2;7;RD 323;M;4747553;-55513;490
201500027711;15;12;21;1915;5;2;2;1;3;7;ROMANERIE BOULEVARD;M;4748633;-51420;490
201500027712;15;12;22;1535;1;2;1;1;4;7;00, MONTAIGNE AVENUE;M;4746834;-53064;490
201500027713;15;12;23;1440;1;2;1;1;3;7;BICHON PLACE;M;4747875;-56505;490
201500027714;15;12;27;2022;5;2;2;1;3;7;PONTS DE CE;M;4744862;-53672;490
201500027715;15;12;27;525;4;2;1;1;7;7;5, JEANNE D'ARC AVENUE;M;4746992;-54409;490
201500027716;15;12;26;1930;5;2;1;1;6;7;11, BRIOLLAY ROUTE;M;4748687;-53255;490
201500027717;15;12;25;55;5;2;1;1;1;7;VOLNEY;M;4746233;-54279;490
201500027718;15;12;24;1940;5;2;1;1;1;353;256, REPUBLIQUE AVENUE;M;4745077;-50734;490
201500027719;15;12;29;740;2;2;6;1;7;15;MENDES FRANCE AVENUE;M;4750201;-58509;490
201500027720;15;1;16;750;5;2;3;1;3;99;ARC (BD JEANNE D');M;4706434;-86783;490
201500027721;15;10;3;1755;1;2;1;1;6;99;MOINIE(BOULEVARD DE LA );M;4705606;-90231;490
201500027722;15;2;23;725;1;2;1;8;6;99;COUTELIERS (RUE DES);M;4704950;-90323;490
201500027723;15;1;19;1235;1;2;1;1;6;99;31, CARNOT (RUE SADI);M;4706130;-87062;490
201500027724;15;11;7;1344;1;2;2;1;3;99;PEPINIERE (RUE DE LA);M;4706078;-86535;490
201500027725;15;5;22;1925;1;1;2;1;3;99;CHENE ROND (AVENUE DU);M;4704205;-88510;490
201500027726;15;1;19;1850;5;2;2;1;3;99;LORRAINE (RUE DE);M;4705878;-86621;490
201500027727;15;11;7;1140;1;2;2;1;6;99;RAMBOURG (RUE DE);M;4706734;-88501;490
201500027728;15;2;26;2330;5;2;6;2;6;99;NATIONALE (RUE);M;4700242;-89087;490
201500027729;15;1;21;1745;2;2;1;1;6;99;rue servan;M;4706408;-90047;490
201500027730;15;11;22;1545;1;1;1;1;1;99;SAINT ANTOINE (RUE DE );M;4704999;-90734;490
201500027731;15;3;4;605;3;2;6;1;3;99;SABLES (AVENUE DES );M;4704217;-89872;490
201500027732;15;12;22;1730;5;2;1;1;2;99;NAPOLEON BONAPARTE (AVEN;M;4704787;-89337;490
201500027733;15;1;23;1610;1;2;1;8;6;99;8, DARMAILLACQ (RUE ALPH;M;4706239;-87585;490
201500027734;15;3;11;1115;1;2;1;1;3;99;119, PASTEUR (RUE LOUIS);M;4706740;-89592;490
201500027735;15;1;31;624;5;2;1;1;6;99;TOURS (RUE DE);M;4707234;-85396;490
201500027736;15;3;19;1000;1;2;1;1;6;99;BOCAGE (RUE DU);M;4705316;-86490;490
201500027737;15;12;3;700;5;2;1;1;6;99;134, GIRARDIERE (RUE DE;M;4704066;-90172;490
201500027738;15;3;20;1655;1;2;6;2;6;99;DELHUMEAU PLESSIS (BD);M;4705571;-87630;490
201500027739;15;12;9;800;2;2;2;1;6;99;MINEE(BOULEVARD DE LA);M;4705236;-86927;490
201500027740;15;12;11;1430;1;2;2;8;6;99;MINEE(BOULEVARD DE LA);M;4705244;-86929;490
201500027741;15;3;30;2145;5;1;1;1;3;99;GODINIERE (BOULEVARD DE;M;4707088;-90166;490
201500027742;15;12;14;745;5;2;3;1;3;99;VICTOIRE (BOULEVARD DE L;M;4705948;-87404;490
201500027743;15;4;17;1515;1;2;1;1;6;99;2, RICHARDIERE (AVENUE D;M;4704412;-88136;490
201500027744;15;12;30;815;5;2;1;1;6;99;19, CARNOT (RUE SADI);M;4706106;-87142;490
201500027745;15;4;27;1245;1;2;2;1;3;99;GIRARDIERE (RUE DE LA);M;4704419;-89948;490
201500027746;15;4;30;1815;1;2;3;2;3;99;25, MILLIASSEAU(RUE DU C;M;4705122;-85508;490
201500027747;15;4;10;1240;1;2;1;1;2;99;COUBERTIN (BOULEVARD PIE;M;4704822;-87434;490
201500027748;15;6;25;2230;3;1;1;1;6;99;BOIS LAVAU (BOULEVARD DE;M;4707474;-88091;490
201500027749;15;4;14;1250;1;2;2;1;3;99;PARADIS (RUE DU);M;4706123;-87311;490
201500027750;15;7;7;2000;1;1;1;1;6;99;256, PONEYS (RUE DES);M;4702723;-85308;490
201500027751;15;4;3;1350;1;2;3;2;6;99;TRAVOT (PLACE );M;4706190;-87968;490
201500027752;15;4;20;1835;1;1;1;7;1;99;MAULEVRIER(RUE DE );M;4704952;-83698;490
201500027753;15;4;5;1350;1;2;1;1;6;99;CHARCOT (RUE JEAN-BAPTIS;M;4705473;-86577;490
201500027754;15;4;11;1025;1;2;1;1;6;99;MAUDET(AVENUE);M;4705697;-87957;490
201500027755;15;4;19;140;5;2;6;1;1;99;CARNOT (RUE SADI);M;4706305;-86595;490
201500027756;15;4;24;2010;1;2;3;8;3;99;TOURS (RUE DE);M;4707245;-85572;490
201500027757;15;4;30;1426;1;2;3;2;6;99;SOIXANTE DIX SEPTEME R.I;M;4706566;-87074;490
201500027758;15;4;30;2115;5;2;2;2;5;99;MARNE (AVENUE DE LA);M;4705000;-89102;490
201500027759;15;5;13;1445;1;2;1;1;6;99;5, HERAULT (BOULEVARD);M;4706828;-88036;490
201500027760;15;5;22;1000;1;2;2;1;6;99;MONDEMENT(RUE DE);M;4706404;-88013;490
201500027761;15;5;22;1835;1;1;1;1;1;99;VC 6;M;4707750;-85708;490
201500027762;15;5;13;1530;1;2;6;1;2;99;BICENTENAIRE DE 1793 (PL;M;4705507;-85980;490
201500027763;15;6;12;2340;5;2;3;1;3;99;SOIXANTE DIX SEPTEME R.I;M;4706556;-87075;490
201500027764;15;6;17;1615;1;2;1;7;3;99;PAGANNES (RUE DES);M;4707385;-84749;490
201500027765;15;6;22;1820;1;2;3;1;6;99;RICHARD (BD GUSTAVE);M;4706222;-88059;490
201500027766;15;6;23;1140;1;2;2;1;3;99;RICHELIEU (BOULEVARD DE);M;4704437;-88136;490
201500027767;15;6;24;1840;1;2;6;1;3;99;RD 158;M;4706830;-90509;490
201500027768;15;6;24;1840;1;2;1;1;2;99;LORRAINE (RUE DE);M;4705610;-86085;490
201500027769;15;7;6;1850;1;2;1;1;1;99;EIFFEL (RUE GUSTAVE);M;4706368;-85185;490
201500027770;15;7;10;1545;1;2;1;1;2;99;48, HERAULT (BOULEVARD);M;4707076;-87854;490
201500027771;15;9;5;2030;1;2;1;1;4;99;TOURAINE (BOULEVARD DE);M;4707340;-86539;490
201500027772;15;9;12;1720;1;2;1;1;6;99;2BIS, KLEBER (RUE JEAN-B;M;4706188;-88551;490
201500027773;15;9;15;1730;1;2;1;1;6;99;26, CALINS (AVENUE DES);M;4706069;-87206;490
201500027774;15;9;15;2210;5;2;6;2;6;99;MARENGO (RUE DE);M;4704256;-89962;490
201500027775;15;9;30;920;1;1;1;1;6;99;VC7 - rue de la valliиre;M;4707640;-84873;490
201500027776;15;10;21;700;3;1;1;1;2;99;RN 249;M;4703132;-89616;490
201500027777;15;10;23;2130;5;2;1;1;7;99;65, Bd DELHUMEAU PLESSIS;M;4705454;-87575;490
201500027778;15;10;27;1755;2;2;1;8;2;99;1, JUIN (BD DU MARECHAL);M;4704402;-89033;490
201500027779;15;10;28;1535;1;2;3;1;1;99;RICHELIEU (BOULEVARD DE);M;4704437;-88137;490
201500027780;15;10;28;1710;1;2;1;1;3;99;SABLES (AVENUE DES );M;4704454;-89693;490
201500027781;15;11;4;1950;5;2;1;1;2;99;75, CHOUTEAU (BOULEVARD;M;4706701;-89074;490
201500027782;15;11;5;1910;5;1;1;2;6;99;RICHARD (BOULEVARD GUSTA;M;4706224;-88058;490
201500027783;15;11;7;650;2;2;1;1;6;99;BODIN (RUE JEAN);M;4705549;-85191;490
201500027784;15;2;20;15;5;2;3;1;3;328;ECLUSE (RUE DE L');M;4726400;-10022;490
201500027785;15;3;12;1330;1;2;6;1;3;328;COMMENTRY (AV Andrй);M;4725308;-8040;490
201500027786;15;3;17;1120;1;1;1;1;5;328;D347;M;4726751;-9023;490
201500027787;15;4;17;1510;1;1;1;1;3;328;TUNNEL (RUE DU);M;4724290;-6908;490
201500027788;15;5;2;1545;1;2;3;3;3;328;NOIRETTES (RUE DES);M;4724816;-11168;490
201500027789;15;5;11;1600;1;1;1;1;2;328;ANGERS (ROUTE D');M;4728444;-9673;490
201500027790;15;5;13;1720;1;2;1;1;6;328;14, MAYAUD (QUAI);M;4725598;-6733;490
201500027791;15;5;21;800;1;2;6;1;6;328;sans, TOURS (ROUTE DE);M;4726720;-6974;490
201500027792;15;5;24;1250;1;2;1;1;2;328;24, POMPIDOU (AVENUE GEO;M;4726471;-9831;490
201500027793;15;6;9;1240;1;2;1;1;6;328;8, ROUEN (RUE DE);M;4726795;-6893;490
201500027794;15;6;20;1640;1;2;2;1;5;328;GRANGE COURONNE (R;M;4727336;-6936;490
201500027795;15;7;2;1500;1;1;1;1;1;328;ROCADE D 347;M;4725617;-9864;490
201500027796;15;7;5;215;3;2;1;1;1;328;JAGUENEAU (QUAI DU;M;4725055;-5470;490
201500027797;15;7;10;2030;1;2;1;1;6;328;59, PALUSTRE (RUE LEOPOL;M;4727484;-11095;490
201500027798;15;7;11;2030;1;2;1;1;6;328;MOUTON (RUE DU);M;4725180;-7828;490
201500027799;15;7;27;1530;1;2;9;1;6;328;FONTEVRAUD (ROUTE DE);M;4724442;-6901;490
201500027800;15;7;29;2145;1;2;6;1;6;328;sans, MARECHAUX (RUE DES;M;4726282;-9024;490
201500027801;15;8;16;455;5;2;1;1;7;328;656, FRICOTELLE (RUE);M;4724666;-7588;490
201500027802;15;8;20;1710;1;1;1;1;5;328;ROCADE D 347;M;4726319;-9526;490
201500027803;15;8;22;755;1;2;1;1;3;328;ANGERS (ROUTE D');M;4726733;-7001;490
201500027804;15;8;25;1225;1;2;1;1;1;328;VENDANGES (RUE DES);M;4724756;-6787;490
201500027805;15;8;27;1130;1;2;1;2;6;328;GAUTHIER (QUAI LUC);M;4725951;-7319;490
201500027806;15;9;11;1615;1;2;1;1;3;328;DE GAULLE (AVENUE DU GEN;M;4726468;-7265;490
201500027807;15;9;26;1915;1;2;1;1;6;328;sans, DACIER (RUE);M;4725952;-7859;490
201500027808;15;11;4;1215;1;2;1;1;6;328;GAUTHIER (QUAI LUCIEN);M;4726085;-7582;490
201500027809;15;11;10;805;1;2;1;1;6;328;KLEBER (PLACE);M;4726268;-7913;490
201500027810;15;11;16;750;2;2;1;1;6;328;POMPIDOU AVENUE GEORGES;M;4726498;-9946;490
201500027811;15;11;20;720;5;2;6;2;6;328;MUSEE DU MOTEUR (RD-POIN;M;4725206;-8742;490
201500027812;15;11;24;1555;1;2;1;2;6;328;71, DE GAULLE (AVENUE DU;M;4726516;-7229;490
201500027813;15;12;7;1420;1;1;3;1;1;328;MARNE (BOULEVARD DE LA);M;4724244;-7946;490
201500027814;15;12;9;1425;1;2;1;1;6;328;44, PORTAIL LOUIS (RUE D;M;4725844;-7879;490
201500027815;15;1;7;1800;2;2;1;1;6;328;ROUEN (RUE DE);M;4727117;-6527;490
201500027816;15;1;13;2010;4;2;1;1;3;328;MAYAUD (QUAI);M;4725780;-7048;490
201500027817;15;1;15;1030;1;2;2;2;2;328;50, PONT FOUCHARD (RUE D;M;4724973;-8996;490
201500027818;15;1;27;1600;1;1;1;1;5;328;RD347;M;4724740;-10513;490
201500027819;15;1;29;1200;1;1;1;2;1;328;ROCADE D 347;M;4726196;-9606;490
201500027820;15;1;26;645;3;1;3;1;5;328;ANGERS (ROUTE D') D 952;M;4727472;-8158;490
201500027821;15;2;16;1515;1;2;1;2;7;129;AVENUE DE PARIS;M;4963210;-161761;500
201500027822;15;2;19;1425;1;2;6;1;6;129;AVENUE JF MILLLET;M;4963410;-161440;500
201500027823;15;2;21;1400;1;2;3;1;2;129;RUE BECQUEREL;M;4962810;-163928;500
201500027824;15;2;26;1718;1;2;2;1;1;602;RUE MEDERIC/R A BRIAND;M;4964220;-158831;500
201500027825;15;2;26;1930;4;2;3;1;3;129;AV NORMANDIE/PLYMOUTH;M;4963070;-162299;500
201500027826;15;2;28;2300;5;2;2;3;3;129;MAL TASSIGNY/ R GUYNEMER;M;4963600;-160461;500
201500027827;15;3;1;1655;1;2;2;1;1;602;AV NORTHEIM/R CAPLAIN;M;4964430;-158157;500
201500027828;15;3;2;1500;1;2;3;1;2;129;BD M FRANCE/R SIMON;M;4963490;-162700;500
201500027829;15;3;4;1340;1;2;3;1;7;416;R MESSENT/3 CORNIERES;M;4965890;-171197;500
201500027830;15;3;7;1315;1;2;2;1;3;129;R BECQUEREL/J CURIE;M;4962910;-164110;500
201500027831;15;3;8;1145;1;2;2;1;7;173;RUE MARCEL SEMBAT;M;4965860;-169089;500
201500027832;15;3;9;1445;1;2;3;1;7;129;AV BREMERHAVEN;M;4963110;-160672;500
201500027833;15;3;10;1330;1;2;2;1;3;129;BD ATLANTIQUE/R J MESLIN;M;4962090;-164266;500
201500027834;15;3;13;410;5;2;1;1;2;129;BD G LE CONQUERANT;M;4964100;-163686;500
201500027835;15;3;13;2125;5;2;3;1;7;129;RUE DE L'ABBAYE;M;4964660;-164310;500
201500027836;15;3;11;1445;1;2;2;1;7;173;R GAL LECLERC/J D'ARC;M;4964740;-165097;500
201500027837;15;3;18;845;1;2;1;1;7;203;RUE LEON BLUM;M;4962440;-158675;500
201500027838;15;3;23;1510;1;2;3;1;4;129;BD DE LA SALINE/ 3 HANGA;M;4964760;-164328;500
201500027839;15;3;25;1840;1;2;6;1;3;602;RD POINT JEAN MOULIN;M;4963530;-159191;500
201500027840;15;3;26;1615;1;2;1;1;2;129;AVENUE DE PARIS;M;4962980;-161804;500
201500027841;15;3;28;1400;1;2;1;2;7;129;PONT TOURNANT;M;4963920;-162060;500
201500027842;15;3;29;1640;1;2;1;1;7;129;RUE GUILLAUME FOUACE;M;4963860;-162974;500
201500027843;15;3;31;1950;1;2;1;1;1;602;RUE GAMBETTA;M;4964240;-158434;500
201500027844;15;3;30;855;1;2;1;1;1;602;R BROSSOLETTE;M;4963290;-159153;500
201500027845;15;1;3;1340;1;2;1;1;7;173;BD DE LA SALINE;M;4965770;-166742;500
201500027846;15;3;30;900;1;2;1;1;1;129;RUE DE L'ABBAYE;M;4964550;-163734;500
201500027847;15;3;30;2235;5;2;1;2;7;129;RUE BECQUEREL;M;4962690;-163743;500
201500027848;15;4;1;1505;1;2;1;1;2;129;RUE DE L'ANCIEN QUAI;M;4963740;-162435;500
201500027849;15;4;5;440;5;2;1;1;7;602;;M;4964070;-157289;500
201500027850;15;4;4;1630;1;2;1;1;2;602;RUE DE LA MOIGNERIE;M;4964430;-158906;500
201500027851;15;4;8;1805;1;2;2;1;3;602;RUE DES CHAUDIERES;M;4963750;-156866;500
201500027852;15;4;15;1350;1;2;3;1;2;602;RUE DES ARTISANS;M;4963600;-159061;500
201500027853;15;4;7;1515;1;2;2;1;4;129;AVENUE JF MILLET;M;4963340;-161737;500
201500027854;15;4;20;1330;1;2;1;1;6;129;BOULEVARD DE L'ATLANTIQU;M;4962660;-163676;500
201500027855;15;4;21;1405;1;2;1;1;6;129;BD GUILLAUME LE CONQUERA;M;4963740;-163352;500
201500027856;15;4;21;1830;1;2;1;1;6;416;AVENUE D'ALLMENDINGEN;M;4965690;-170498;500
201500027857;15;4;28;1529;1;2;1;1;7;129;PARKING DE LA TRINITE;M;4964260;-162422;500
201500027858;15;4;28;1630;1;2;1;1;7;129;RUE DES TANNERIES;M;4963340;-162278;500
201500027859;15;4;29;1320;1;2;1;2;7;416;BOULEVARD DE LA HAGUE;M;4966760;-169867;500
201500027860;15;5;2;1640;1;2;2;2;7;602;RUE JEAN BOUIN;M;4963110;-158586;500
201500027861;15;5;2;1910;1;2;1;2;2;129;RUE FRANCOIS LAVIEILLE;M;4964130;-162578;500
201500027862;15;5;6;830;1;2;3;7;7;129;;M;4963810;-162398;500
201500027863;15;5;6;1740;1;2;3;1;5;129;AV NORMANDIE/R BASSIGNY;M;4962680;-162662;500
201500027864;15;5;8;1225;1;2;3;1;7;129;AV DELAVILLE/LOUIS XVI;M;4963570;-162282;500
201500027865;15;5;6;1550;1;2;1;6;6;602;RUE DE VERDUN;M;4963720;-156360;500
201500027866;15;5;12;1830;1;2;1;1;4;129;AVENUE JF MILLET;M;4963340;-161681;500
201500027867;15;5;15;1905;1;2;3;1;7;129;R DU VIEUX PONT/CH PEGUY;M;4963470;-162355;500
201500027868;15;5;15;1420;1;2;3;1;2;129;AV PLYMOUTH/R COLMAR;M;4963110;-162240;500
201500027869;15;5;19;830;1;2;3;1;3;173;AV J PREVERT/DES COUPLET;M;4965270;-166069;500
201500027870;15;5;19;1720;1;2;6;1;2;173;RD POINT LA CAPEL;M;4965750;-166865;500
201500027871;15;5;20;1805;1;2;3;1;2;602;BD DE L'EST/R GRAND PRE;M;4963640;-159620;500
201500027872;15;5;19;1340;1;2;1;1;4;129;RUE GAMBETTA;M;4964670;-164369;500
201500027873;15;5;20;1425;1;2;2;1;3;129;AV CARNOT/R A BRIAND;M;4963890;-161645;500
201500027874;15;5;22;835;1;2;3;1;2;602;BD DE L'EST/R GRAND PRE;M;4963640;-159609;500
201500027875;15;5;22;950;1;2;1;1;7;129;BOULEVARD DE LA SALINE;M;4964700;-164305;500
201500027876;15;5;24;1520;1;2;1;1;7;129;RUE DES FOURCHES;M;4964260;-164451;500
201500027877;15;5;25;1540;1;2;1;1;1;129;AV JEAN FRANCOIS MILLET;M;4963340;-161746;500
201500027878;15;5;27;1205;1;1;1;1;7;203;;M;4961250;-156278;500
201500027879;15;5;27;1725;1;2;6;1;3;602;RD POINT DE PENESME;M;4963580;-157608;500
201500027880;15;5;31;340;5;2;1;1;6;129;RUE DE L'HERMITAGE;M;4963500;-161490;500
201500027881;15;5;30;1835;1;2;1;1;6;203;RUE DES HAUTS VENTS;M;4961880;-160673;500
201500027882;15;6;1;1200;1;2;1;1;2;129;CH DES GRANDS RAGODINS;M;4961330;-165033;500
201500027883;15;6;2;1615;1;2;1;1;7;129;RUE DE L'ABBAYE;M;4964510;-163655;500
201500027884;15;6;5;800;1;2;2;1;7;129;BD ATLANTIQUE/AV DE NORM;M;4962690;-163676;500
201500027885;15;6;5;1350;1;2;2;1;3;602;R GAMBETTA/AV NORTHEIM;M;4964160;-158025;500
201500027886;15;6;9;1300;1;2;6;1;3;602;BD DE L'EST/R J MOULIN;M;4963550;-156667;500
201500027887;15;6;12;1035;1;2;3;8;2;173;BD DE LA SALINE/DES 3 HA;M;4964870;-164400;500
201500027888;15;6;12;1925;1;2;1;1;7;203;RUE LUCET;M;4962330;-161269;500
201500027889;15;6;15;1720;1;2;2;1;3;129;BD ATLANTIQUE/BECQUEREL;M;4962690;-163676;500
201500027890;15;6;21;300;4;1;1;1;7;173;;M;4964560;-169339;500
201500027891;15;6;22;1410;1;2;2;3;6;173;BD DE LA SALINE/R VAUBAN;M;4965390;-164908;500
201500027892;15;6;15;800;1;2;1;1;3;602;RUE DU GNAL DE GAULLE;M;4963870;-156406;500
201500027893;15;6;26;1820;1;2;1;1;2;129;QUAI DE CALIGNY;M;4964040;-162157;500
201500027894;15;7;2;955;1;2;2;2;7;129;AV PLYMOUTH/BD ATLANTIQU;M;4963230;-162376;500
201500027895;15;7;3;530;2;2;1;1;7;602;RUE PIERRE BROSSOLETTE;M;4963230;-158991;500
201500027896;15;7;5;620;2;2;2;3;1;129;BD ATLANTIQUE/BECQUEREL;M;4962690;-163676;500
201500027897;15;7;5;1420;1;1;1;1;7;203;RUE MOULIN DE LA BANQUE;M;4959550;-157912;500
201500027898;15;7;7;1645;1;2;1;1;7;129;RUE DES VOSGES;M;4962870;-162032;500
201500027899;15;7;7;1010;1;2;6;1;3;129;ROND POINT DE THEMIS;M;4963460;-161321;500
201500027900;15;7;10;1140;1;2;1;1;7;602;;M;4965250;-156759;500
201500027901;15;7;11;945;1;1;1;1;1;203;VALLEE DE QUINCAMPOIX;M;4961550;-164026;500
201500027902;15;7;12;1050;1;1;2;2;3;173;AV THIVET/ RUE TOT NEUF;M;4963570;-166571;500
201500027903;15;1;6;1350;1;2;1;1;7;602;RUE CHASSE AUX LOUPS;M;4963860;-159085;500
201500027904;15;7;13;720;1;2;1;2;7;602;BOULEVARD MARITIME;M;4964350;-160258;500
201500027905;15;7;16;1730;1;2;1;1;7;129;QUAI DE CALIGNY;M;4963990;-162152;500
201500027906;15;7;17;1240;1;1;1;2;7;416;;M;4964810;-172161;500
201500027907;15;7;19;1940;1;2;1;2;2;173;BD DE LA SALINE;M;4965140;-164664;500
201500027908;15;7;20;735;1;2;2;2;7;602;RUE A LEMARESQUIER;M;4964590;-158325;500
201500027909;15;7;21;1830;1;2;1;1;7;173;RUE DE LA PAIX;M;4964850;-164933;500
201500027910;15;7;19;2000;1;1;1;2;7;602;;M;4962770;-158196;500
201500027911;15;7;23;1740;1;2;2;1;1;129;BD ATLANTIQUE/TANNERIES;M;4963270;-162344;500
201500027912;15;7;25;1650;1;1;1;1;1;203;;M;4961250;-156270;500
201500027913;15;7;31;2115;1;1;1;1;7;203;;M;4960470;-159439;500
201500027914;15;8;6;2320;5;2;1;1;7;129;QUAI DE L'ENTREPOT;M;4963380;-162031;500
201500027915;15;8;7;1955;1;2;1;1;7;129;RUE DE L'ABBAYE;M;4964570;-163918;500
201500027916;15;8;11;630;1;2;3;2;2;203;LES R TERRES/CURIE;M;4960930;-160027;500
201500027917;15;8;13;1645;1;2;3;1;1;129;R BARBEY A./R BRANLY;M;4963030;-164555;500
201500027918;15;8;13;1800;1;2;3;2;2;129;AV BREMERHAVEN/FEVRES;M;4963130;-160762;500
201500027919;15;8;18;1700;1;2;2;1;3;129;R BECQUEREL/SALENGRO;M;4962910;-164110;500
201500027920;15;8;22;2000;1;2;1;2;6;602;BOULEVARD MARITIME;M;4964340;-160275;500
201500027921;15;8;22;1720;1;2;6;2;2;602;RD POINT DE PENESME;M;4963580;-157607;500
201500027922;15;8;24;213;5;2;1;6;7;129;RUE LOUIS LANSONNEUR;M;4962550;-161717;500
201500027923;15;8;23;100;5;1;1;3;2;602;RUE JEAN GOUBERT;M;4964850;-158562;500
201500027924;15;8;24;730;2;2;1;2;1;129;RUE EMMANUEL LIAIS;M;4964030;-162840;500
201500027925;15;8;24;1315;1;2;1;2;2;129;AVENUE DE PARIS;M;4962710;-161756;500
201500027926;15;8;26;730;1;2;3;3;3;129;R R SALENGRO/V HUGO;M;4962410;-164596;500
201500027927;15;8;29;1500;1;2;1;1;2;129;AVENUE DE PARIS;M;4963040;-161792;500
201500027928;15;8;31;935;1;2;1;2;7;203;RUE LEON BLUM;M;4962410;-158650;500
201500027929;15;8;31;1740;1;2;2;1;7;129;BD ATALNTIQUE/AV NORMAND;M;4962690;-163676;500
201500027930;15;9;6;1645;1;2;1;1;3;129;RUE VAL DE SAIRE;M;4963860;-161250;500
201500027931;15;9;7;1310;1;2;1;1;2;129;AVENUE DE PARIS;M;4962980;-161805;500
201500027932;15;9;9;750;1;2;2;1;7;129;R DES FOURCHES/COUBERTIN;M;4964340;-164427;500
201500027933;15;9;9;1220;1;2;3;1;6;129;R DU MAUPAS/R COLIN;M;4963270;-161185;500
201500027934;15;9;10;1930;1;2;2;1;7;129;R VAL DE SAIRE/VAUTIER;M;4963850;-160937;500
201500027935;15;9;11;1100;1;2;2;1;2;602;R DES CITES/DES METIERS;M;4963670;-158512;500
201500027936;15;1;9;850;1;2;1;2;7;416;RUE DES CLAIRES;M;4966090;-169297;500
201500027937;15;9;13;1635;1;2;2;1;7;129;AV CARNOT/R SALINE;M;4963480;-161716;500
201500027938;15;9;14;1440;1;2;6;3;3;129;ROND POINT DE THEMIS;M;4963460;-161321;500
201500027939;15;9;14;800;1;2;3;3;2;129;AV PARIS/ R A. LEVEEL;M;4962640;-161726;500
201500027940;15;9;18;755;2;2;2;1;7;129;R LOYSEL/DUCHE;M;4963750;-163302;500
201500027941;15;9;18;800;1;2;2;6;7;173;R M. SEMBAT/AV BENECERE;M;4965880;-168784;500
201500027942;15;9;20;535;5;2;1;1;7;129;QUAI DE CALIGNY;M;4964190;-162146;500
201500027943;15;9;23;1530;1;2;4;1;6;129;RUE EMMANUEL LIAIS;M;4963870;-162813;500
201500027944;15;9;26;1000;1;1;4;1;7;203;CH LOGE/CALLOUETTERIE;M;4961640;-161757;500
201500027945;15;9;27;1715;1;2;1;1;7;203;RUE DE BEL AIR;M;4961120;-160789;500
201500027946;15;9;29;1300;1;2;3;1;2;129;R E. LIAIS/A HOTEL DIEU;M;4964050;-162839;500
201500027947;15;9;30;2015;2;2;3;1;3;173;R HERCHES/DES CHARDONS;M;4964390;-166538;500
201500027948;15;10;2;1100;1;2;2;1;3;129;R ABBAYE/DES MACONS;M;4964660;-164310;500
201500027949;15;10;9;700;5;2;2;1;3;129;R DES MACONS/R ABBAYE;M;4964410;-163163;500
201500027950;15;10;11;1810;1;2;1;1;1;602;R DE LA CHASSE AUX LOUPS;M;4963860;-159105;500