num_acc;an;mois;jour;hrmn;lum;agg;int;atm;col;com;adr;gps;lat;long;dep
201500027951;15;10;13;1020;1;2;2;1;3;173;R FAURE/R PASTEUR;M;4964320;-164696;500
201500027952;15;10;13;1335;1;2;3;1;7;129;R B. MESLIN/R AU BLE;M;4964080;-162386;500
201500027953;15;10;15;1405;1;2;3;1;7;129;RUE EMMANUEL LIAIS;M;4964060;-162832;500
201500027954;15;10;14;1950;5;1;1;1;7;203;VALLEE DE QUINCAMPOIX;M;4961930;-162992;500
201500027955;15;10;19;1305;1;2;2;1;3;602;BD MANCHE/PIERRE GUEROUL;M;4964190;-157363;500
201500027956;15;10;21;710;3;1;1;2;7;173;HAMEAU LES PLAINS;M;4964190;-169916;500
201500027957;15;10;22;1655;1;2;1;1;7;129;R DU MARECHAL LECLERC;M;4963690;-163543;500
201500027958;15;10;23;1355;1;2;2;1;7;129;BD SCHUMAN/R P. DOULMER;M;4963640;-162573;500
201500027959;15;10;25;1620;1;2;6;1;1;129;RD POINT DE THEMIS;M;4963440;-161405;500
201500027960;15;10;26;1210;1;2;1;1;7;203;RUE DU V. A. LEMONNIER;M;4961890;-160969;500
201500027961;15;10;28;1815;5;2;3;1;1;173;AV TOURVILLE/ A. FRANCE;M;4965110;-165001;500
201500027962;15;1;11;1550;1;2;2;1;7;129;CH AIGUILLONS/;M;4963910;-163810;500
201500027963;15;10;29;2150;5;2;1;1;7;129;AVENUE CESSART;M;4964460;-163173;500
201500027964;15;1;12;145;5;2;7;1;7;129;PLACE DE LA FONTAINE;M;4963980;-162561;500
201500027965;15;10;31;1735;2;1;6;1;2;602;ROND POINT DE LA BATE;M;4963720;-155013;500
201500027966;15;11;4;1615;1;2;3;1;2;129;PLACE NAPOLEON;M;4964230;-162209;500
201500027967;15;11;6;815;2;2;3;3;7;129;CH DES AIGUILLONS;M;4964040;-163654;500
201500027968;15;11;6;1630;1;2;2;3;3;129;R SALINE/ERMITAGE;M;4963460;-161497;500
201500027969;15;11;9;1330;1;2;1;1;3;129;RUE JOLIOT CURIE;M;4962940;-164197;500
201500027970;15;11;10;1515;1;2;1;1;7;416;RUE DES CLAIRES;M;4965980;-169228;500
201500027971;15;11;15;1745;5;2;3;1;6;129;AVENUE DE NORMANDIE;M;4962770;-162519;500
201500027972;15;11;15;1340;1;2;2;1;3;129;AV CARNOT/AV BRIAND;M;4963890;-161652;500
201500027973;15;11;19;1805;5;2;1;2;7;129;AVENUE  DE BREMERHAVEN;M;4963080;-160500;500
201500027974;15;11;20;510;5;2;1;3;7;129;AVENUE CESSART;M;4964500;-162626;500
201500027975;15;11;20;1650;1;2;3;1;7;173;RUE BARTHELEMY;M;4964770;-168490;500
201500027976;15;11;20;1130;1;2;4;2;7;203;CH DE QUINCAMP/CHATAIGNI;M;4961510;-162611;500
201500027977;15;11;20;1340;1;2;3;1;7;129;R F LAVIEILLE/CHRISTINE;M;4964010;-162611;500
201500027978;15;11;29;2100;4;2;1;1;6;129;RUE DU MAINE;M;4962890;-163142;500
201500027979;15;11;30;1110;1;2;2;1;7;129;R GAMBETTA/AL MAHIEU;M;4963820;-162530;500
201500027980;15;11;16;1215;1;2;3;1;7;129;00, ROBERT LECOUVEY;M;4963180;-161004;500
201500027981;15;11;30;756;1;2;1;2;7;129;;M;4964870;-163379;500
201500027982;15;12;3;1215;1;2;4;1;7;203;LES BRULINS;M;4962000;-158136;500
201500027983;15;12;7;520;3;2;1;1;7;203;RUE TOULORGE LEFEVRE;M;4962360;-160566;500
201500027984;15;12;6;1900;5;2;2;1;3;602;LEMARESQUIER/BD MANCHE;M;4964790;-157873;500
201500027985;15;12;5;1100;1;2;4;1;3;611;BD HAGUE/P CARDRON;M;4966650;-170639;500
201500027986;15;12;7;1635;1;2;1;1;7;203;RUE HELENE BOUCHER;M;4961810;-160563;500
201500027987;15;12;8;1830;5;2;1;1;6;173;;M;4965020;-164967;500
201500027988;15;11;29;10;5;2;1;6;7;129;AVENUE AMIRAL LEMONNIER;M;4963390;-160639;500
201500027989;15;12;9;1840;5;2;3;1;1;129;R CH PEGUY/R VIEUX PONT;M;4963570;-162339;500
201500027990;15;12;12;2145;3;2;1;1;7;602;AXE NORD SUD;M;4963230;-157835;500
201500027991;15;12;14;1230;1;2;2;1;3;173;R BELGIQUE/R PAUL DOUMER;M;4964750;-165485;500
201500027992;15;12;14;1410;1;2;1;1;2;173;BOULEVARD DE LA MER;M;4965930;-167563;500
201500027993;15;12;14;1100;1;2;2;1;7;129;AV MAL TASSIG/BD EST;M;4963460;-160267;500
201500027994;15;12;16;1550;1;2;2;1;3;173;R ARAGO/AV J PREVERT;M;4965340;-166301;500
201500027995;15;12;17;1815;5;2;2;1;3;602;R DU GR PRE/ENTREPRISES;M;4963780;-159495;500
201500027996;15;12;20;500;5;2;1;1;7;129;BOULEVARD DE L'ATLANTIQU;M;4962880;-162718;500
201500027997;15;12;18;1540;1;2;2;1;7;129;BD G LE CONQ/P. GOUBERTI;M;4964250;-163740;500
201500027998;15;12;22;1700;2;2;2;2;1;129;PLACE JEAN JAURES;M;4963400;-162252;500
201500027999;15;12;22;1725;2;2;2;2;7;129;AV NORMANDIE/R MEZIERES;M;4962970;-162332;500
201500028000;15;12;25;1840;5;2;2;1;4;129;BD DE L'EST/R DU BOIS;M;4963520;-160119;500
201500028001;15;12;23;820;5;2;1;1;7;173;RUE DE LA PAIX;M;4965100;-165190;500
201500028002;15;12;25;1930;3;1;6;2;7;602;ROND POINT DES FLAMANDS;M;4965360;-157827;500
201500028003;15;12;26;1935;5;2;2;1;3;129;PLACE NAPOLEON;M;4964380;-162597;500
201500028004;15;12;27;120;5;2;3;1;7;129;AV PLYMOUTH/R DE COLMAR;M;4963100;-162245;500
201500028005;15;12;27;930;1;2;2;1;2;129;R JOLIOT CURIE/SALENGRO;M;4962910;-164110;500
201500028006;15;1;17;2200;5;2;2;1;7;129;PL REPUBLIQUE/R TOUR CAR;M;4964220;-162542;500
201500028007;15;1;19;1220;1;2;1;1;7;129;QUAI DE CALIGNY;M;4963990;-162151;500
201500028008;15;1;20;825;5;2;3;1;1;173;R DE LA PAIX/VAUBAN;M;4965230;-165325;500
201500028009;15;1;20;830;2;2;4;1;2;173;R GAMBETTA/V HUGO;M;4964780;-164800;500
201500028010;15;1;23;915;1;2;1;1;1;602;ROND POINT DES MIELLES;M;4964520;-159896;500
201500028011;15;1;26;1520;1;2;1;1;7;129;RUE PROLONGEE DU ROULE;M;4962370;-161940;500
201500028012;15;1;28;1315;1;2;3;2;7;173;RUE DES HERCHES;M;4964380;-166543;500
201500028013;15;1;29;110;3;2;6;2;7;602;RD POINT DES FLAMANDS;M;4965360;-157827;500
201500028014;15;2;5;806;2;2;1;1;2;173;RUE MARCEL SEMBAT;M;4965820;-168249;500
201500028015;15;2;5;1405;1;2;3;1;3;129;R ABBAYE/BD SALINE;M;4964560;-163886;500
201500028016;15;2;11;1245;1;2;1;1;7;173;;M;4965590;-169957;500
201500028017;15;2;11;1935;5;2;3;1;3;129;AV NORMANDIE/R ANJOU;M;4962690;-163572;500
201500028018;15;3;4;1730;1;1;3;1;2;537;, AMONTOUX;M;4903370;-143534;500
201500028019;15;3;18;1610;1;2;1;1;2;147;AVENUE DIVISION LECLERC;M;4906250;-143393;500
201500028020;15;5;19;1935;1;2;1;1;7;147;RUE DES COURTILLES;M;4904080;-144141;500
201500028021;15;5;29;1030;1;2;6;1;3;147;RD POINT DE L'ARQUERIE;M;4906210;-142699;500
201500028022;15;7;2;650;1;1;1;2;3;147;ROCADE NORD;M;4906710;-141471;500
201500028023;15;7;8;1410;1;2;1;8;7;147;RUE DE L'ECLUSE CHETTE;M;4905390;-144598;500
201500028024;15;7;25;1020;1;1;1;1;6;147;RUE MARECHAL JOFFRE;M;4905170;-144346;500
201500028025;15;9;23;900;1;2;9;7;6;147;RUE DU LYCEE;M;4904600;-144439;500
201500028026;15;9;29;1350;1;2;7;1;7;147;AVENUE DES SAPINS;M;4905220;-143662;500
201500028027;15;10;9;1840;1;2;9;1;6;147;AV DE LA  REPUBLIQUE;M;4905460;-143887;500
201500028028;15;10;13;1425;1;2;3;1;3;147;NORMANDIE;M;4905310;-144101;500
201500028029;15;10;16;1515;1;2;1;2;6;147;COMPLEXE CLAIREFONTAINES;M;4905440;-143013;500
201500028030;15;11;20;1635;2;2;6;8;3;147;RTE CARENTAN/BOISSIERES;M;4906700;-143114;500
201500028031;15;12;7;1840;5;2;3;1;1;147;BOULEVARD DE LA MARNE;M;4904280;-144901;500
201500028032;15;2;21;1545;1;2;1;1;6;218;AVENUE DES MATIGNONS;M;4883800;-158495;500
201500028033;15;1;13;1710;1;2;6;1;3;218;AV MAL LECLERC/AV MATIGN;M;4883800;-158499;500
201500028034;15;1;16;2330;5;2;1;1;6;165;RUE ARISTIDE BRIAND;M;4883700;-158299;500
201500028035;15;2;22;248;5;2;2;1;6;218;AV A BRIAND/W CHURCHILL;M;4883550;-157990;500
201500028036;15;1;26;1605;1;2;1;1;6;218;AVENUE DES MATIGNONS;M;4883780;-156968;500
201500028037;15;3;2;1525;1;2;3;1;6;218;R DU COM. YVON/R COURAYE;M;4883720;-159402;500
201500028038;15;1;29;825;2;2;4;3;6;218;R MARIS/DU BOSQ;M;4883840;-159244;500
201500028039;15;3;13;1634;1;2;1;2;7;218;RUE DU STADE;M;4883710;-155240;500
201500028040;15;4;13;1110;1;2;1;1;6;218;RUE ARISTIDE BRIAND;M;4883690;-158289;500
201500028041;15;2;10;1216;1;2;1;1;6;218;ROND POINT MAISON BRULEE;M;4883770;-156055;500
201500028042;15;4;21;1015;1;2;1;1;6;218;RUE LECAMPION;M;4883720;-159890;500
201500028043;15;5;16;1724;1;2;1;1;3;647;RU DU 8 JUIN 1944;M;4883900;-155123;500
201500028044;15;5;18;1505;1;2;1;2;4;218;AVENUE DES MATIGNONS;M;4883740;-154424;500
201500028045;15;5;30;1735;1;2;1;1;3;218;AVENUE DES MATIGNONS;M;4883780;-156735;500
201500028046;15;6;6;1832;1;2;1;1;2;647;ROUTE DE VILLEDIEU;M;4883770;-155782;500
201500028047;15;6;14;1626;1;2;3;1;7;218;RUE SAINT NICOLAS;M;4883780;-156936;500
201500028048;15;6;25;1907;1;2;1;1;6;218;RUE LECAMPION;M;4883720;-159949;500
201500028049;15;7;5;1905;1;2;1;1;7;218;RUE FONTAINE JOLIE;M;4883360;-155662;500
201500028050;15;7;9;1130;1;2;8;1;7;218;AVENUE DE LA GARE;M;4884150;-158643;500
201500028051;15;7;11;1605;1;2;1;1;2;218;ROUTE DE VILLEDIEU;M;4883750;-154815;500
201500028052;15;7;20;1200;1;2;3;1;6;218;R ROGER MARIS/COURAYE;M;4883720;-159400;500
201500028053;15;7;24;1950;1;2;2;2;3;532;RUE TOMBELAINE;M;4878830;-156548;500
201500028054;15;7;31;1742;1;1;1;1;7;218;;M;4882610;-154538;500
201500028055;15;8;5;1539;1;1;3;1;2;165;RUE DU CHAMP DE COURSE;M;4885720;-157595;500
201500028056;15;8;10;1135;1;2;1;1;3;532;RUE DE L'EUROPE;M;4881510;-157050;500
201500028057;15;8;12;1155;1;1;1;1;2;532;AVENUE D'AVRANCHES;M;4881150;-153976;500
201500028058;15;8;24;1555;1;2;6;3;3;218;ROND POINT DE ST BRELADE;M;4883410;-156840;500
201500028059;15;8;30;1252;1;2;1;1;3;218;RUE DU VIEUX MOULIN;M;4883840;-157882;500
201500028060;15;9;1;1915;1;2;6;1;3;218;RUE DES ECOLES;M;4883390;-157110;500
201500028061;15;9;14;755;1;2;1;2;2;218;RUE COURAYE;M;4883750;-159038;500
201500028062;15;9;15;810;1;2;1;1;6;218;AVENUE DES MATIGNONS;M;4883780;-156611;500
201500028063;15;9;18;1605;1;2;9;1;3;514;RUE DE LA CRETE;M;4875210;-85145;500
201500028064;15;9;20;1850;1;2;1;1;6;218;RUE AMIRAL HUGON;M;4883750;-158804;500
201500028065;15;9;23;1800;1;2;1;1;3;218;AVENUE DES MATIGNON;M;4883790;-157317;500
201500028066;15;9;24;1730;1;2;1;1;6;165;RUE DE LA PIERRE AIGUE;M;4885340;-156191;500
201500028067;15;10;30;1210;1;2;3;1;2;647;R CONILLOT/R DE L'ECOLE;M;4884510;-155879;500
201500028068;15;10;31;1730;1;2;1;1;2;218;BOULEVARD DES AMERIQUES;M;4883130;-157508;500
201500028069;15;11;5;740;1;2;2;1;3;218;AV A BRIAND/R W CHURCHIL;M;4883800;-158499;500
201500028070;15;11;14;1030;1;1;1;1;7;532;ROUTE DE LA COUPERIE;M;4882000;-154178;500
201500028071;15;11;17;1750;5;2;1;2;6;218;RUE COURAYE;M;4883760;-158979;500
201500028072;15;11;30;930;1;2;1;1;2;218;ROUTE DE VILLEDIEU;M;4883750;-155010;500
201500028073;15;12;9;1720;3;1;2;1;5;218;;M;4882850;-154314;500
201500028074;15;12;15;1120;1;1;2;3;2;218;;M;4882470;-155845;500
201500028075;15;12;22;1720;5;1;1;1;3;532;RTE DU GUIGEOIS;M;4879200;-153260;500
201500028076;15;12;17;1200;1;2;3;1;3;165;RUE DE LA PIERRE AIGUE;M;4885320;-156382;500
201500028077;15;12;27;1200;1;1;1;1;7;165;;M;4885350;-156463;500
201500028078;15;2;7;330;3;1;1;1;7;647;LE VAL;M;4884780;-154199;500
201500028079;15;2;26;1440;1;2;1;3;2;2;AVENUE DE VERDUN;M;4911840;-108932;500
201500028080;15;1;7;1245;1;2;1;1;6;34;RUE ANDRE MALRAUX;M;4910140;-108297;500
201500028081;15;2;27;1020;1;2;1;1;2;502;RUE MARECHAL JUIN;M;4911570;-107523;500
201500028082;15;2;4;1315;1;2;2;8;4;502;MAL TASSIGNY/AV PLATANES;M;4911310;-107950;500
201500028083;15;4;1;1325;1;2;1;1;3;502;RUE DE L'EXODE;M;4910480;-108644;500
201500028084;15;2;11;805;1;2;2;1;6;502;RUE LEON JOUHAUX;M;4911070;-105569;500
201500028085;15;4;7;1115;1;2;6;1;1;502;RUE DE L'EXODE;M;4910990;-109011;500
201500028086;15;4;15;1650;1;2;3;1;3;502;RUE DE L'EXODE;M;4910500;-108668;500
201500028087;15;4;22;1210;1;2;3;1;3;502;RTE COUTANCES/V CAGNON;M;4911640;-104150;500
201500028088;15;4;25;1930;1;2;6;2;7;502;RUE DE LA POTERNE;M;4911690;-109803;500
201500028089;15;4;30;1910;1;2;1;1;4;502;ROUTE DE TORIGNI;M;4910570;-106860;500
201500028090;15;5;11;1350;1;2;1;1;6;502;RUE ALSACE LORRAINE;M;4911460;-109902;500
201500028091;15;5;18;1155;1;1;6;2;3;2;PAPIN (RUE DENIS);M;4911080;-113405;500
201500028092;15;6;5;905;1;1;2;1;3;502;AV CERISIERS/AV TILLEULS;M;4911180;-106990;500
201500028093;15;6;13;1735;1;1;1;1;6;502;;M;4910930;-107247;500
201500028094;15;6;23;1550;1;1;1;1;7;321;ROUTE D'ISIGNY;M;4913440;-106579;500
201500028095;15;8;4;1315;1;2;6;1;3;502;PARIS;M;4911570;-107479;500
201500028096;15;8;5;1120;1;2;2;1;3;502;LA DOLLEE/DU PRE DE HAUT;M;4911900;-108659;500
201500028097;15;8;12;1740;1;2;6;1;3;502;BOIS ANDRE  (MONTЙE DU);M;4911890;-108661;500
201500028098;15;8;21;2020;1;1;1;1;3;502;BD DE STRASBOURG;M;4909910;-111193;500
201500028099;15;8;22;1200;1;2;6;1;1;502;MATIGNON (ROND POINT);M;4910580;-106877;500
201500028100;15;9;10;1655;1;2;1;1;3;502;RUE DU MARECHAL JUIN;M;4911570;-107706;500
201500028101;15;9;11;900;1;2;3;1;3;502;R M. LECLERC/MIMOSAS;M;4911560;-108072;500
201500028102;15;9;16;1705;1;1;1;1;7;502;ROUTE DE TESSY;M;4910540;-109409;500
201500028103;15;9;21;1750;1;2;3;2;2;502;RUE DE VILLEDIEU;M;4911300;-110033;500
201500028104;15;10;2;905;1;2;6;1;6;502;DE LATTRE DE TASSIGNY;M;4911550;-108308;500
201500028105;15;10;8;1330;1;2;1;1;6;502;RUE DE L'EXODE;M;4910890;-109007;500
201500028106;15;10;11;1620;1;1;1;1;7;2;RTE DE PERIERS;M;4911800;-114906;500
201500028107;15;11;5;1100;1;1;1;8;7;502;RUE DES MONTS;M;4912380;-106219;500
201500028108;15;11;13;950;1;1;6;1;2;2;RTE DE COUTANCES;M;4910920;-113535;500
201500028109;15;11;25;1120;1;2;1;2;6;502;RUE TORTERON;M;4911440;-109412;500
201500028110;15;12;11;1630;1;2;2;1;6;2;RTE DE COUTANCES;M;4911810;-110725;500
201500028111;15;12;23;1120;1;2;1;1;6;502;RUE DE LAITIERE NORMANDE;M;4911530;-109046;500
201500028112;15;1;6;800;2;2;1;1;6;108;RUE DE LA FRATERNITE;;;;510
201500028113;15;3;7;1820;1;2;1;1;2;108;AVE WINSTON CHURCHILL;M;4894246;439001;510
201500028114;15;4;18;1944;1;2;6;1;3;504;R. R. ARON/RTE DE LOUVOI;M;4897303;434729;510
201500028115;15;4;9;1810;1;2;1;1;6;108;7 R. DU D. SCHWEITZER;M;4894835;434520;510
201500028116;15;5;25;805;1;2;1;1;2;108;D3;M;4895312;437156;510
201500028117;15;6;14;1247;1;1;1;1;7;108;N44;M;4896553;438572;510
201500028118;15;7;9;1600;1;2;1;1;6;108;23 PLACE GODART;M;4895646;436439;510
201500028119;15;7;22;1435;1;1;1;1;5;525;N44;M;4892921;440876;510
201500028120;15;8;21;1720;1;2;1;1;3;108;RUE JEAN SEBASTIEN BACH;M;4896465;438322;510
201500028121;15;10;2;1800;1;1;1;1;6;453;N44;M;4900202;433684;510
201500028122;15;10;27;1016;1;2;1;1;6;108;RUE GARINET;M;4895663;436505;510
201500028123;15;11;8;4;5;2;1;1;6;108;RUE MICHEL MENARD;M;4893935;440011;510
201500028124;15;12;21;1526;1;2;3;1;6;108;2 RUE LOCHET;M;4895619;436052;510
201500028125;15;1;18;2215;5;2;1;1;7;230;96 AVENUE MARECHAL FOCH;;;;510
201500028126;15;4;23;900;1;2;3;1;6;431;ALLEE DE MAXENU;M;4902398;394619;510
201500028127;15;5;22;1721;1;2;7;1;6;230;PLACE FADA N'GOURMA;M;4903726;397149;510
201500028128;15;6;6;1545;1;2;3;1;3;230;R.PLOMB/DOM PERIGNON;M;4903589;395256;510
201500028129;15;5;21;1550;1;2;1;1;6;230;1 AVENUE DE CHAMPAGNE;M;4904350;395775;510
201500028130;15;7;12;1012;1;1;3;1;3;30;D1;M;4904948;401313;510
201500028131;15;10;2;1225;1;2;3;1;6;230;D401;M;4904727;395396;510
201500028132;15;11;11;1702;1;2;3;1;3;230;AVE BEETHOVEN/R G. FAURE;M;4903716;397484;510
201500028133;15;11;14;1545;1;1;1;1;3;230;D3;M;4903578;398542;510
201500028134;15;11;27;1820;5;2;6;1;3;230;PLACE LEON BOURGEOIS;M;4904620;395486;510
201500028135;15;12;14;1730;5;2;1;5;6;230;RUE DU DOCTEUR ROUSSEAU;M;4904592;395701;510
201500028136;15;6;21;2045;1;2;1;1;3;344;D3;M;4905065;393202;510
201500028137;15;3;22;1615;1;2;1;1;3;454;59 BOULEVARD PAUL DOUMER;M;4924751;402885;510
201500028138;15;1;13;1730;5;2;1;2;6;454;RUE DU GENERAL KOENIG;;;;510
201500028139;15;1;15;1805;5;2;1;1;6;454;157 AVENUE JEAN JAURES;;;;510
201500028140;15;3;24;2035;5;2;2;3;3;454;AVE DE PARIS/D EPERNAY;M;4924862;401272;510
201500028141;15;1;26;1145;1;2;3;2;6;454;BD POMMERY/R. DE SILLERY;;;;510
201500028142;15;1;30;730;5;2;1;4;6;454;RUE DU GENERAL MAZILLIER;;;;510
201500028143;15;2;5;1410;1;2;6;1;3;172;RTE DE TAISSY/NIECPE;M;4922052;406378;510
201500028144;15;2;7;230;5;2;1;1;6;454;15 RUE LESAGE;M;4926416;402919;510
201500028145;15;4;20;2019;1;2;2;1;3;454;BD DES BELGES/D966;M;4927628;402689;510
201500028146;15;4;21;2140;5;2;2;1;3;454;RUES DE VENISE/GAMBETTA;M;4924913;403695;510
201500028147;15;2;18;1915;5;2;1;1;3;454;1 RUE PIERRE MEHAULT;M;4922495;402817;510
201500028148;15;4;26;1250;1;2;1;1;6;454;1 RUE PIERRE TAITTINGER;M;4923500;400711;510
201500028149;15;3;9;1710;1;2;1;1;2;454;2 RUE ARMAND BOUXIN;M;4922602;402701;510
201500028150;15;5;23;950;1;2;1;1;6;172;7 PLACE LOUISE MICHEL;M;4922278;405309;510
201500028151;15;3;21;1610;1;2;1;1;4;454;1 RUE DE VENISE;M;4924879;403636;510
201500028152;15;4;5;2050;5;2;1;1;6;454;30 AVE DU GAL BONAPARTE;M;4923047;400654;510
201500028153;15;4;9;2050;3;1;1;1;2;493;D944;M;4922743;409976;510
201500028154;15;4;19;245;5;2;1;1;4;454;AVE DU GAL DE GAULLE;M;4924920;402472;510
201500028155;15;4;24;408;5;2;2;1;1;454;RUE P. MAITRE/VICTOIRE;M;4926301;400183;510
201500028156;15;6;13;1930;1;2;1;1;6;454;87 RUE DE VENISE;M;4924655;403190;510
201500028157;15;6;16;1727;1;2;3;1;3;454;4 RUE SAINT BRICE;M;4925636;401997;510
201500028158;15;5;24;2206;5;2;9;1;3;454;BOULEVARD LOUIS ROEDERER;;;;510
201500028159;15;6;22;106;5;2;1;1;6;454;BOULEVARD JOFFRE;M;4926102;402848;510
201500028160;15;6;27;1545;1;2;1;1;6;454;AVE DU GENERAL BONAPARTE;M;4922718;401351;510
201500028161;15;6;30;2000;1;2;3;1;3;454;RUES J. CELLIER/C. PEGUY;M;4928261;403090;510
201500028162;15;7;1;1935;1;2;1;1;2;454;69 AVENUE DE PARIS;M;4924810;400928;510
201500028163;15;7;3;1650;1;2;3;1;4;454;R. DE CERNAY/SAINT BRUNO;M;4925794;405361;510
201500028164;15;7;7;1830;1;2;3;1;3;454;D'HERBIGNY/DE THIONVILLE;M;4925895;404912;510
201500028165;15;7;13;1950;1;2;1;1;6;454;AVENUE FRANCOIS MAURIAC;M;4923277;400258;510
201500028166;15;6;29;1815;1;2;1;1;6;454;AVE DU GENERAL BONAPARTE;M;4922718;401319;510
201500028167;15;7;24;1710;1;2;2;1;5;454;RUES E. ZOLA/DURUY;M;4926779;402663;510
201500028168;15;8;7;515;5;2;1;1;2;573;28 P. VAILLANT COUTURIER;M;4924773;400580;510
201500028169;15;8;10;2025;1;2;3;1;2;454;DE LOUVOIS/BD D. PHENICI;M;4922615;404223;510
201500028170;15;9;7;2225;5;2;2;1;3;454;R. DU BARBATRE/LT HERDUI;M;4925023;403883;510
201500028171;15;9;8;1405;1;2;3;1;6;454;R. DU MONT D ARENE/N44;M;4926433;402706;510
201500028172;15;9;19;625;5;2;1;1;6;454;PARKING CARREFOUR;M;4926003;406553;510
201500028173;15;9;21;1605;1;2;3;1;3;55;RTE DE BETHENY/GALLIENI;M;4927132;405037;510
201500028174;15;9;23;908;1;2;1;1;6;454;37 RUE DU BOIS D'AMOUR;M;4925688;400793;510
201500028175;15;9;24;1420;1;2;9;1;3;454;2 BOULEVARD DES BELGES;M;4927523;401848;510
201500028176;15;9;25;1420;1;2;1;1;2;454;1 AVE DU MARECHAL JUIN;M;4922013;402064;510
201500028177;15;9;25;1620;1;2;1;1;3;454;1 PLACE DE LA REPUBLIQUE;M;4926168;402984;510
201500028178;15;9;26;1245;1;1;1;1;1;58;AVENUE JEAN MONNET;M;4921517;400204;510
201500028179;15;9;29;620;3;1;1;1;2;454;A34;M;4923803;407681;510
201500028180;15;10;3;1710;1;2;2;1;6;454;182 RUE DE VESLE;M;4925144;402334;510
201500028181;15;10;5;1925;5;2;1;2;4;454;AVENUE DE CHAMPAGNE;M;4923978;404504;510
201500028182;15;10;7;1245;1;2;1;1;3;454;200 BIS AVE JEAN JAURES;M;4926235;405300;510
201500028183;15;10;7;1235;1;2;1;1;6;454;11 AVENUE DE L YSER;M;4924996;405366;510
201500028184;15;10;8;1205;1;2;3;1;5;454;D9/RUE DE LA VILLAGEOISE;M;4922717;403986;510
201500028185;15;10;11;545;5;2;1;1;6;454;26 AVENUE DE PARIS;;;;510
201500028186;15;10;12;1810;1;2;1;1;6;454;1 AVE DU G.DE GAULLE;M;4924823;402137;510
201500028187;15;10;13;740;2;2;1;1;3;454;RUE DU COMMANDANT ARNAUD;M;4927376;402987;510
201500028188;15;10;13;2030;5;2;1;1;2;454;1 AVENUE JEAN JAURES;M;4925755;403960;510
201500028189;15;10;14;720;2;2;9;1;3;454;BOULEVARD DES BELGES;M;4927635;402481;510
201500028190;15;10;14;1300;1;2;1;1;5;454;BOULEVARD ALBERT 1ER;M;4927026;401091;510
201500028191;15;10;14;1800;1;2;6;2;6;454;P. MARCHANDEAU/COURLANCY;M;4924231;402449;510
201500028192;15;10;9;2010;5;2;2;1;3;454;RUES GOUSSIEZ/SALENGRO;M;4927347;402395;510
201500028193;15;10;15;1905;5;2;2;1;1;454;DE NEUFCHATEL/DES BELGES;M;4927625;402686;510
201500028194;15;10;16;1050;1;2;6;2;3;454;ROND POINT FARMAN;M;4923674;407057;510
201500028195;15;10;16;1540;1;2;3;1;3;454;N51/R. DU FOSSE BRIOTIN;M;4926816;406838;510
201500028196;15;10;21;30;5;2;3;1;3;454;DR SCHWEITZER/FOND PATE;M;4927768;402223;510
201500028197;15;10;23;910;1;2;3;1;1;454;24, POINCARE (RUE RAYMON;M;4927997;401891;510
201500028198;15;10;23;1320;1;2;1;1;1;454;32 AVENUE JEAN JAURES;M;4925839;404215;510
201500028199;15;10;24;2142;5;2;6;1;3;454;AV MARCHANDEAU/COURLANCY;M;4924209;402480;510
201500028200;15;10;26;1405;1;2;2;1;1;454;BD ALBERT 1ER/COUTURIER;M;4927340;401488;510
201500028201;15;10;27;1540;1;2;1;1;4;454;BOULEVARD GUSTAVE EIFFEL;M;4926955;407191;510
201500028202;15;10;31;1530;1;2;1;1;3;454;131 AVENUE JEAN JAURES;M;4926069;404847;510
201500028203;15;11;2;1520;1;2;2;1;6;454;71 C, POMMERY (BOULEVARD;M;4925059;405278;510
201500028204;15;11;4;1030;1;2;4;1;3;454;R. D ORVES/CHARBONNIERS;M;4923398;402782;510
201500028205;15;11;4;1545;1;2;1;2;2;454;1 RUE DE COURCELLES;M;4925726;402252;510
201500028206;15;11;6;1210;1;2;2;1;6;454;1, VENISE (RUE);M;4924749;403371;510
201500028207;15;11;8;1440;1;2;2;1;2;454;AV J. JAURES/R. DE WITRY;M;4926286;405448;510
201500028208;15;11;11;2304;5;2;1;1;6;454;AVE DU GEN. EISENHOWER;;;;510
201500028209;15;11;12;810;1;2;3;1;3;454;14 RUE DU RUISSELET;M;4924433;403648;510
201500028210;15;11;12;815;1;2;1;1;6;454;RUE DE L UNION FONCIERE;M;4924572;401501;510
201500028211;15;11;12;1155;1;2;6;1;6;172;RUE LUCIEN TROUSSET;M;4921367;404806;510
201500028212;15;11;12;2035;5;2;2;1;3;454;AVE DE PARIS/D EPERNAY;;;;510
201500028213;15;11;13;1610;1;2;1;1;6;454;3 AVENUE DE L EUROPE;M;4925483;406168;510
201500028214;15;11;16;1010;1;2;2;1;3;454;RUES CHABAUD/LIBERGIER;M;4925090;402602;510