num_acc;an;mois;jour;hrmn;lum;agg;int;atm;col;com;adr;gps;lat;long;dep
201500028215;15;11;16;1320;1;2;1;1;1;573;9 RUE JOSEPH CUGNOT;M;4924123;398720;510
201500028216;15;11;16;1415;1;1;3;1;3;454;RUE GABRIEL VOISIN;M;4923302;406738;510
201500028217;15;11;16;2300;5;2;1;2;1;454;RUE PASSE DEMOISELLES;M;4924405;402121;510
201500028218;15;11;17;750;1;2;1;2;4;454;N244;M;4923375;407387;510
201500028219;15;11;17;1410;1;2;1;1;3;454;4 AVENUE D EPERNAY;M;4924828;401265;510
201500028220;15;11;20;800;5;2;2;3;3;454;R. DE COURCELLES/GERUZEZ;M;4926287;401645;510
201500028221;15;11;22;1945;5;2;2;1;3;454;P. MARCHANDEAU/BOCQUAINE;M;4924415;402747;510
201500028222;15;11;22;2015;5;2;1;1;3;454;RUE DE VENISE;M;4924669;403212;510
201500028223;15;11;23;1535;1;2;1;7;2;454;AVENUE GEORGES POMPIDOU;M;4921989;402212;510
201500028224;15;11;24;825;1;2;2;1;3;454;ALBERT 1ER (BOULEVARD);M;4927081;401112;510
201500028225;15;11;24;1620;1;2;1;2;3;454;131 BOULEVARD POMMERY;M;4924564;405039;510
201500028226;15;11;24;1825;5;2;1;2;3;454;BD DE LA PAIX/N44;M;4925320;404114;510
201500028227;15;11;25;1335;1;2;6;2;6;454;AVENUE HENRI FARMAN;M;4923658;407010;510
201500028228;15;11;27;1210;1;2;1;1;3;454;33 RUE DUMONT D'URVILLE;M;4922585;403835;510
201500028229;15;11;28;1005;1;2;1;1;3;454;ALLEE GEORGES BIZET;M;4923884;401768;510
201500028230;15;11;30;1420;1;2;6;1;3;474;RU DE BERNEX;M;4928073;400506;510
201500028231;15;12;2;400;5;2;1;1;6;454;BOULEVARD JULES CESAR;M;4926427;403425;510
201500028232;15;12;3;800;1;1;6;1;2;454;ROND POINT DE CHAMPAGNE;M;4921251;401546;510
201500028233;15;12;3;1810;5;2;1;1;2;454;13, JUIN (AVENUE DU MARE;M;4922044;401998;510
201500028234;15;12;8;1640;2;2;2;2;6;454;BD DE LA PAIX/RUE PIPER;M;4925499;404035;510
201500028235;15;12;8;1815;5;2;1;3;6;573;1 RUE DU 29 AOUT 1944;M;4924738;399903;510
201500028236;15;12;11;1310;1;2;1;3;6;454;15 BOULEVARD JAMIN;M;4926109;404664;510
201500028237;15;12;11;1935;5;2;1;2;6;454;30 RUE CLOVIS CHEZEL/D9;M;4924045;403282;510
201500028238;15;12;16;40;5;1;9;1;6;573;ROUTE DE SOISSONS;M;4925385;397478;510
201500028239;15;12;16;1030;1;2;2;8;6;454;RUE DE TALLEYRAND/ETAPE;M;4925572;402894;510
201500028240;15;12;15;1750;5;2;1;1;6;454;BD DU PRESIDENT WILSON;M;4923796;402392;510
201500028241;15;12;16;1735;5;2;1;1;4;454;BOULEVARD POMMERY;M;4924861;405183;510
201500028242;15;12;20;700;5;2;1;1;6;454;112 RUE DE COURCELLES;M;4926660;400311;510
201500028243;15;12;21;1410;1;2;1;1;1;454;19 AVENUE JEAN JAURES;M;4925787;404061;510
201500028244;15;12;21;1230;1;2;2;1;3;454;RUE CLOVIS CHEZEL;M;4923911;403127;510
201500028245;15;12;24;1300;1;2;1;1;2;172;6 RUE SIMON DAUPHINOT;M;4922602;404682;510
201500028246;15;12;24;1505;1;2;1;1;7;573;16 RUE NICOLAS APPERT;M;4923941;398870;510
201500028247;15;12;24;1440;1;2;2;1;3;172;DES REMOULEURS/COMMERCE;M;4921560;406397;510
201500028248;15;12;25;255;5;2;2;2;6;454;R. GUICHARD/ST THIERRY;M;4926565;402073;510
201500028249;15;12;26;1630;1;2;2;1;3;454;AVE J. JAURES/R. DE NICE;M;4926505;406016;510
201500028250;15;12;26;1800;5;2;1;1;6;454;RUE DU GRAND CREDO;M;4925487;403524;510
201500028251;15;12;26;2015;5;2;1;1;6;454;83 AVENUE DE PARIS;M;4924799;400842;510
201500028252;15;12;29;1500;1;2;1;1;2;454;AVENUE DU G. DE GAULLE;M;4924215;401437;510
201500028253;15;12;30;1330;1;2;2;1;1;172;R DES LAPS/ACCES MAGASIN;M;4921610;404513;510
201500028254;15;12;30;1315;1;2;2;1;3;172;R. DU DR ROUX/PARMENTIER;M;4922375;404779;510
201500028255;15;12;30;1500;1;2;6;1;2;172;PL. DE L EGALITE:D9;M;4921667;405074;510
201500028256;15;4;7;844;1;2;1;1;2;121;7, LECLERC (AVENUE GENER;M;4810811;514080;520
201500028257;15;11;20;755;2;2;1;2;6;121;0, GAGARINE (RUE YOURI);M;4810727;514770;520
201500028258;15;11;23;1603;1;1;1;1;1;121;RD 200;M;4813252;513248;520
201500028259;15;5;24;600;1;1;1;1;6;125;R.D. 162;M;4810985;516659;520
201500028260;15;11;24;905;1;2;1;1;4;121;RD 619;M;4811803;514020;520
201500028261;15;5;24;500;5;2;1;1;6;121;26, VAL PONCE (RUE DU);M;4808738;514417;520
201500028262;15;11;27;1940;5;2;2;2;6;121;BLONDEL (RUE ANDRE);M;4810940;514014;520
201500028263;15;5;31;808;1;1;1;1;2;121;VOIE COMMUNALE 05;M;4808539;510785;520
201500028264;15;12;11;1120;1;2;3;1;2;121;0, SOUVENIR FRANCAIS (AV;M;4810969;514336;520
201500028265;15;6;14;2305;3;1;1;2;1;121;RD 619;M;4812367;512986;520
201500028266;15;12;16;1250;1;2;1;1;6;121;4, CASSEZ (AVENUE EMILE;M;4811022;512908;520
201500028267;15;6;23;339;3;1;6;1;7;121;RN 67;M;4810875;510973;520
201500028268;15;12;21;2015;5;2;2;1;6;121;0, DIDEROT (BD);M;4810947;514036;520
201500028269;15;7;1;1320;1;2;2;1;3;121;0, ROBESPIERRE (RUE);M;4810306;513322;520
201500028270;15;12;22;1216;1;2;1;1;6;121;R.D. 162;M;4812506;515640;520
201500028271;15;7;21;1209;1;1;1;1;6;121;R.D. 417;M;4810461;521146;520
201500028272;15;7;21;1355;1;2;2;1;5;121;0, PRIMEVERES (Rue DES);M;4809869;514695;520
201500028273;15;8;6;1350;1;2;1;1;6;121;REPUBLIQUE (AVENUE);M;4809891;514514;520
201500028274;15;8;7;1155;1;2;3;1;2;121;R.D. 65;M;4810926;513680;520
201500028275;15;8;11;330;3;2;1;1;7;121;RD 674;M;4811835;515655;520
201500028276;15;9;7;135;3;1;1;1;1;121;;M;4811737;516044;520
201500028277;15;8;26;2130;3;1;1;1;6;121;R.D. 65;M;4811057;510418;520
201500028278;15;9;1;1012;1;1;1;1;7;121;RD 674;M;4850272;495695;520
201500028279;15;10;5;1125;1;2;1;1;2;121;GAMBETTA (BOULEVARD);M;4810965;514315;520
201500028280;15;11;15;1115;1;2;6;1;6;121;RD 619;M;4809234;514537;520
201500028281;15;1;9;1705;3;1;1;2;4;121;R.D. 65;M;4811094;510302;520
201500028282;15;1;28;2205;3;1;1;2;6;121;RD 674;M;4812287;518540;520
201500028283;15;2;12;1014;1;2;2;1;6;121;0, MARECHAL JUIN (BOULEV;M;4809916;515326;520
201500028284;15;2;11;1645;1;2;3;7;6;121;0, BLONDEL (RUE ANDRE);M;4810947;514023;520
201500028285;15;2;28;1706;1;2;1;1;2;121;0, BOURGOGNE (RUE DE);M;4809781;514038;520
201500028286;15;3;21;2310;5;2;4;1;7;121;2, AMPERE (RUE);M;4809529;513324;520
201500028287;15;4;8;2220;5;2;1;1;7;448;1, ALLENDE (BOULEVARD SA;M;4864716;496725;520
201500028288;15;4;27;1640;1;2;1;2;6;448;1, CHENE SAINT AMAND (Z.;M;4862520;496755;520
201500028289;15;5;4;1820;1;2;6;1;3;448;SARRAIL (AVENUE DU GENER;M;4864758;495698;520
201500028290;15;5;17;1320;1;2;3;1;3;448;28, CAMUS (RUE JEAN);M;4863884;497568;520
201500028291;15;6;15;1800;1;2;1;1;6;448;1, Edgar PISANI ( Boulev;M;4863668;497630;520
201500028292;15;9;25;1350;1;2;2;1;5;448;1, Edgar PISANI ( Boulev;M;4863915;497193;520
201500028293;15;10;1;1945;2;1;1;1;4;448;RN4;M;4862439;493717;520
201500028294;15;10;20;755;1;2;1;1;6;448;101, CLEFMONTS (RUE);M;4863187;498523;520
201500028295;15;11;20;1930;5;2;1;3;2;448;1, PLACE DE L'EUROPE;M;4864415;496341;520
201500028296;15;11;30;1455;1;2;1;1;6;448;70, GAMBETTA (RUE) PAIR;M;4864415;496341;520
201500028297;15;12;1;1720;2;2;3;1;3;448;206, REPUBLIQUE (AV DE;M;4863741;494155;520
201500028298;15;2;18;1325;1;2;2;1;3;130;6, MAGENTA ( RUE );M;4807521;-76735;530
201500028299;15;2;21;1820;2;1;1;1;6;130;CHATEAU DU BOIS GAMATS (;M;4804826;-74939;530
201500028300;15;12;12;2130;3;1;1;5;7;54;sans, BREHAUDIERES ( LIE;M;4810718;-84319;530
201500028301;15;2;21;1550;1;2;1;1;3;201;48, HUGO (AVENUE VICTOR);M;4807795;-81980;530
201500028302;15;2;18;1300;1;2;6;1;7;130;DU GUESCLIN ( BOULEVARD;M;4807388;-79547;530
201500028303;15;3;10;1545;1;2;2;2;6;130;6, PAIX ( RUE DE LA );M;4807098;-76926;530
201500028304;15;3;29;2210;5;2;1;2;6;130;ATLANTIQUE ( AVENUE DE L;M;4805902;-78747;530
201500028305;15;4;9;1220;1;2;3;1;6;130;0, BEAUREGARD ( RUE DE );M;4807526;-77892;530
201500028306;15;4;23;951;1;2;1;1;6;130;FLATTERS ( RUE DU COLONE;M;4806728;-77618;530
201500028307;15;3;17;930;1;1;1;1;6;130;ELAIN (BOULEVARD PIERRE);M;4808108;-79544;530
201500028308;15;4;27;1410;1;1;1;1;5;54;VOIE COMMUNALE 6(ROUTE D;M;4810829;-82844;530
201500028309;15;5;29;1645;1;2;1;1;6;130;CHANZY ( AVENUE DE );M;4807324;-73652;530
201500028310;15;6;8;1430;1;2;1;1;1;130;26, DANIEL ( BOULEVARD L;M;4805312;-79493;530
201500028311;15;6;18;1740;1;1;1;1;2;54;RN 162;M;4809976;-74711;530
201500028312;15;7;10;932;1;2;1;1;6;130;CHANZY ( AVENUE DE );M;4806721;-75874;530
201500028313;15;7;30;1830;1;1;1;1;6;34;3, BARBES ( IMPASSE DES;M;4807338;-73404;530
201500028314;15;8;24;1730;1;2;1;1;3;130;HAUTE CHIFFOLIERE ( RUE;M;4807146;-77454;530
201500028315;15;9;3;1900;1;2;6;1;3;130;ATLANTIQUE ( AVENUE DE L;M;4805270;-79386;530
201500028316;15;9;3;1425;1;2;3;1;3;130;2, DEPORTES ( RUE DES );M;4807044;-77321;530
201500028317;15;8;24;1420;1;1;1;3;7;130;TOURS ( ROUTE DE );M;4804854;-73249;530
201500028318;15;10;2;1142;1;2;1;7;6;130;1, GAUCHERIE ( RUE DE LA;M;4807596;-78543;530
201500028319;15;10;30;30;5;2;2;1;6;130;86, BOISSEL ( RUE VICTOR;M;4806423;-76134;530
201500028320;15;11;29;345;5;2;6;1;6;201;LOGES ( BOULEVARD DES );M;4806600;-81204;530
201500028321;15;11;24;710;2;2;2;2;3;130;0, 8 MAI 1945 ( BOULEVAR;;;;530
201500028322;15;12;22;1830;5;2;1;2;6;130;sans, DU GUESCLIN ( BOUL;M;4807074;-79347;530
201500028323;15;1;14;740;5;2;1;2;6;130;0, JAURES ( BOULEVARD JE;M;4806470;-78915;530
201500028324;15;1;19;950;1;2;1;1;6;130;DROUOT ( RUE );M;4805637;-74424;530
201500028325;15;10;28;1700;2;1;1;2;1;36;906 (RD);M;4928002;595961;540
201500028326;15;3;11;800;1;2;1;1;6;99;31, BRIEY (AVENUE ALBERT;M;4925178;593697;540
201500028327;15;10;6;1045;1;2;1;1;6;391;62, METZ (RUE DE);;;;540
201500028328;15;6;11;1645;1;2;1;1;7;99;BRIEY (AVENUE ALBERT DE);;;;540
201500028329;15;12;5;1615;1;2;1;1;6;280;12, FRANCHEPRE (RUE DE);;;;540
201500028330;15;3;23;1300;1;2;1;1;1;99;952A (RD);M;4924306;594115;540
201500028331;15;3;14;1020;1;2;1;1;7;99;346 (RD - VERS POMPIERS);M;4925004;595366;540
201500028332;15;7;9;2245;5;2;2;1;3;263;5, PASTEUR (RUE);M;4921885;599160;540
201500028333;15;7;19;1225;1;2;1;1;7;263;1, COURBET (RUE);M;4921727;599968;540
201500028334;15;7;30;1645;1;2;1;1;6;263;1, QUATRE VENTS (RUE DES;;;;540
201500028335;15;8;9;545;2;1;1;1;7;99;138 (RD);;;;540
201500028336;15;8;20;1830;1;1;1;1;3;36;906 (RD);;;;540
201500028337;15;1;28;1201;1;2;9;8;7;273;2 A, 11 NOVEMBRE (RUE DU;;;;540
201500028338;15;3;23;220;3;1;1;1;7;469;DEPARTEMENTALE 135;M;4915560;600148;540
201500028339;15;2;25;910;1;2;3;1;6;136;0, DESCARTES (RUE);;;;540
201500028340;15;4;22;800;1;2;1;1;6;273;21, PASTEUR (RUE);M;4900000;500000;540
201500028341;15;8;2;940;1;1;1;1;6;542;DEPARTEMENTALE 613;M;4918871;589264;540
201500028342;15;9;28;1710;1;2;1;1;6;273;21, PASTEUR (RUE);M;4900000;500000;540
201500028343;15;9;27;1105;1;1;1;1;6;542;DEPARTEMENTALE 613;M;4922240;592953;540
201500028344;15;12;5;100;3;1;1;5;6;542;DEPARTEMENTALE 613;;;;540
201500028345;15;11;9;1510;1;1;1;7;5;253;DEPARTEMENTALE 613;M;0;0;540
201500028346;15;6;5;948;1;1;1;1;7;544;COYVILLER (ROUTE DE);M;0;0;540
201500028347;15;12;12;1240;1;2;3;1;3;159;GENERAL LECLERC AVENUE;M;4862006;635093;540
201500028348;15;1;25;1845;5;2;4;4;6;483;77, FRANCE (RUE ANATOLE);;;;540
201500028349;15;2;20;1510;1;2;1;1;6;483;04, COURTOIS (RUE CHARLE;M;4863154;630190;540
201500028350;15;3;3;2227;3;2;1;8;7;254;RD 196;M;4949144;580973;540
201500028351;15;12;23;1130;1;1;1;1;2;323;18 (ROUTE NATIONALE);M;;;540
201500028352;15;3;4;939;1;2;3;8;3;323;TIVOLI (RUE DU);;;;540
201500028353;15;12;26;1200;1;2;6;1;6;323;PULVENTEUX (RUE DU);M;4480000;160000;540
201500028354;15;3;4;1210;1;1;1;8;2;367;RD 196 B;M;4949550;579545;540
201500028355;15;12;25;2300;3;1;1;3;5;254;52 (ROUTE NATIONALE);M;;;540
201500028356;15;3;5;1223;1;2;1;8;3;323;RAYMOND POINCARE (AVENUE;;;;540
201500028357;15;3;15;1700;1;2;1;1;6;323;BIVAQUE (AVENUE DU);;;;540
201500028358;15;3;25;2030;2;2;1;9;2;382;ARTS (AVENUE DES);;;;540
201500028359;15;3;25;1500;1;2;3;8;3;323;METZ (RUE DE);;;;540
201500028360;15;4;3;1300;1;1;1;1;1;323;520 (R.D.);;;;540
201500028361;15;4;8;1110;1;2;3;1;3;382;ARTS (AVENUE DES);;;;540
201500028362;15;4;3;850;1;2;1;1;6;493;90 rue de LONGWY;M;4952582;580963;540
201500028363;15;2;24;124;5;2;1;8;6;261;42, CONCORDE (RUE DE LA);;;;540
201500028364;15;4;15;710;2;1;1;1;6;382;52 (ROUTE NATIONALE);M;4955049;577648;540
201500028365;15;4;17;2118;3;1;1;1;6;382;52 (ROUTE NATIONALE);M;4953353;575722;540
201500028366;15;5;4;1600;1;2;1;1;2;254;196 B (ROUTE DEPARTEMENT;;;;540
201500028367;15;5;12;2132;3;1;1;1;6;367;VOIE RAPIDE (R.N. 52);M;4949933;580187;540
201500028368;15;5;20;1545;1;2;1;1;4;323;52 (ROUTE NATIONALE);;;;540
201500028369;15;5;30;210;3;1;1;3;6;323;52 (ROUTE NATIONALE);M;4954254;576174;540
201500028370;15;6;2;1518;1;2;1;1;6;451;MOULIN (RUE DU);M;4900000;500000;540
201500028371;15;6;5;1056;1;2;1;1;6;323;02, HYPPOLITE D'HUART (R;M;4951427;577181;540
201500028372;15;6;5;1206;1;2;1;1;6;323;BIVAQUE (AVENUE DU);M;0;0;540
201500028373;15;6;6;1640;1;2;1;1;4;323;36, PASTEUR (RUE);M;4952786;577685;540
201500028374;15;6;10;1715;1;2;1;1;2;323;FAIENCERIE (RUE DE LA);M;0;0;540
201500028375;15;6;10;1746;1;2;1;1;4;323;RAYMOND POINCARE (AVENUE;M;0;0;540
201500028376;15;6;14;2223;5;2;9;1;1;261;CONCORDE (RUE DE LA);M;0;0;540
201500028377;15;6;24;1134;1;2;3;1;3;261;CONCORDE (RUE DE LA);M;0;0;540
201500028378;15;6;24;1802;1;1;1;1;5;323;RN 52;M;4952250;575312;540
201500028379;15;8;10;1730;1;2;1;2;6;382;BORDEAUX (RUE DE);M;0;0;540
201500028380;15;7;14;115;5;2;1;1;6;323;39, STANISLAS (RUE);M;4952673;576212;540
201500028381;15;7;4;1032;1;2;1;1;3;382;MATHIEU DE DOMBASLE (RUE;M;0;0;540
201500028382;15;7;31;2154;3;1;1;1;7;323;520 (ROUTE DEPARTEMENTAL;M;0;0;540
201500028383;15;9;4;920;1;2;1;1;6;323;00, COLONEL DARCHE (PLAC;M;;;540
201500028384;15;8;9;2226;5;2;1;1;2;254;07, RHONE (RUE DU);M;4951253;580313;540
201500028385;15;8;10;1310;1;2;1;8;6;451;00, CUTRY (ROUTE DE);M;0;0;540
201500028386;15;8;13;1312;1;1;1;1;7;254;52 (ROUTE NATIONALE);M;4948350;581592;540
201500028387;15;8;24;1837;1;2;6;3;6;493;00, MARECHAL FOCH (AVENU;M;4953289;582253;540
201500028388;15;8;22;1915;1;2;1;1;6;382;EUROPE (AVENUE DE L';M;0;0;540
201500028389;15;8;22;330;3;1;1;1;7;493;RD26;M;0;0;540
201500028390;15;8;26;526;5;1;1;1;7;323;52 (ROUTE NATIONALE);M;4954176;575928;540
201500028391;15;8;16;500;5;2;1;1;2;323;00, ALBERT THOMAS (RUE);M;0;0;540
201500028392;15;9;23;1433;1;2;1;1;4;323;73, RAYMOND POINCARE (AV;M;;;540
201500028393;15;9;4;1400;1;2;1;1;6;451;33, LONGWY (RUE DE);M;;;540
201500028394;15;8;25;1740;1;1;1;1;2;382;52 (ROUTE NATIONALE);M;0;0;540
201500028395;15;9;13;1600;1;2;1;1;4;323;47, METZ (RUE DE);M;4951235;576188;540
201500028396;15;9;12;2300;3;1;1;2;5;382;;M;0;0;540
201500028397;15;10;1;1825;2;2;1;1;7;493;00, LONGWY (RUE DE);M;;;540
201500028398;15;9;22;1345;1;2;1;1;4;261;LUXEMBOURG (AVENUE DU);M;;;540
201500028399;15;9;27;1915;1;2;1;1;7;323;RELIGIEUSES (RUE DES);M;;;540
201500028400;15;9;25;1445;1;2;1;1;3;261;114, LUXEMBOURG (AVENUE;M;;;540
201500028401;15;10;8;600;3;1;1;1;7;254;00, 196 (ROUTE DEPARTEME;M;;;540
201500028402;15;10;15;745;4;2;1;2;6;323;01, MERCY (RUE);M;;;540
201500028403;15;10;9;1615;1;2;1;1;6;451;09, MOULIN (RUE DU);M;;;540
201500028404;15;10;14;1850;2;2;1;8;1;382;288, METZ (BOULEVARD DE);M;4955408;578697;540
201500028405;15;10;21;2103;3;1;1;2;7;261;196 (ROUTE DEPARTEMENTAL;M;;;540
201500028406;15;10;21;1650;1;2;1;1;6;493;09, NONNEL (RUE DE);M;;;540
201500028407;15;11;6;1830;5;2;1;3;6;323;30, ALBERT LABRO (RUE);M;4951196;576649;540
201500028408;15;11;30;1330;1;1;6;1;6;382;19, EUROPE (AVENUE DE L';M;4954748;580739;540
201500028409;15;9;10;1315;1;2;1;1;2;323;20, AVIATION (AVENUE DE;M;4951871;575986;540
201500028410;15;11;25;1910;5;2;1;1;6;323;PULVENTEUX (RUE DU);M;0;0;540
201500028411;15;11;21;2200;3;1;1;1;6;261;196 (ROUTE DEPARTEMENTAL;M;0;0;540
201500028412;15;11;19;200;5;2;1;1;6;323;05, BOISMONT (RUE DE);M;4951859;576157;540
201500028413;15;1;10;1800;5;2;1;3;6;323;01, AVIATION (AVENUE DE;;;;540
201500028414;15;1;25;2100;5;2;1;4;7;451;NR, VIRVAUX (RUE DE);;;;540
201500028415;15;1;16;1130;1;2;1;1;6;323;NR, STANISLAS (RUE);;;;540
201500028416;15;1;27;830;1;2;1;1;6;323;01, SAINTIGNON (AVENUE D;;;;540
201500028417;15;2;24;115;5;2;1;1;6;261;42, CONCORDE (RUE DE LA);;;;540
201500028418;15;4;8;1440;1;2;4;1;2;329;19 bis, AVENUE DU 2° BCP;M;4859111;650366;540
201500028419;15;5;27;1505;1;2;2;1;3;329;RUE ERNEST BICHAT;M;4859240;650906;540
201500028420;15;12;12;1126;1;2;6;1;6;329;AVENUE DU 2ш BCP;M;4859079;650370;540
201500028421;15;3;12;1915;5;2;3;1;6;274;DE GAULLE (AVENUE DU GAL;M;4866565;620808;540
201500028422;15;12;29;1215;1;2;3;1;3;395;LIBERATION (AVENUE DE LA;M;;;540
201500028423;15;3;18;1800;1;2;2;1;1;482;0, HAIE-LE-COMTE (RUE DE;M;4870475;620742;540
201500028424;15;12;31;1936;5;2;1;1;6;526;POTIER (RUE EUGENE);;;;540
201500028425;15;3;3;1440;1;2;1;1;2;357;47, LAFAYETTE (RUE);M;4870975;617186;540
201500028426;15;12;23;1855;5;2;1;1;3;547;HEILLECOURT (CHEMIN DE);;;;540
201500028427;15;3;4;830;1;2;1;1;6;395;4, SAINT BODON (RUE);M;4869888;616528;540
201500028428;15;12;18;745;1;2;1;1;3;395;11-13, LIGIER RICHIER (Q;M;4870125;616797;540
201500028429;15;3;4;1645;1;1;1;1;4;547;BOURGOGNE (AVENUE DE);M;4865202;615028;540
201500028430;15;12;21;1215;1;2;1;1;6;357;METZ (ROUTE DE);;;;540
201500028431;15;3;2;718;4;2;1;1;6;184;TARBES (CHEMIN ET RUE DE;M;4870908;624928;540
201500028432;15;11;17;850;1;2;1;1;3;395;23, ALBERT 1ER  (BD);;;;540
201500028433;15;3;7;1610;1;2;1;1;4;547;RD 674;M;4866298;618864;540
201500028434;15;12;22;1525;1;2;1;1;2;395;47, LOBAU (BOULEVARD);M;4868894;619411;540
201500028435;15;11;27;915;1;2;1;5;6;395;FRANCE (AVENUE ANATOLE);;;;540
201500028436;15;3;11;1829;1;1;1;1;6;578;AIGUILLETTES  (BD 5 A 73;M;4867033;615647;540
201500028437;15;3;13;755;1;2;1;1;3;395;19, JACOB (RUE DU CHANOI;M;4869961;617064;540
201500028438;15;12;21;1700;5;2;4;1;3;547;LECLERC (AVENUE DU GENER;M;4866064;616361;540
201500028439;15;3;12;900;1;2;3;1;3;547;LECLERC (AV. DU GENERAL;M;4866000;616667;540
201500028440;15;12;29;1515;1;2;2;1;3;578;CATTENOZ (BD DU DOCTEUR);M;4867723;615642;540
201500028441;15;3;13;12;5;2;1;1;6;395;SAINT GEORGES (RUE);M;4869194;618589;540
201500028442;15;12;24;1900;5;1;1;1;2;265;MIRECOURT (ROUTE DE);;;;540
201500028443;15;3;17;1405;1;2;1;1;2;395;STRASBOURG (AVENUE DE);M;4868236;619183;540
201500028444;15;3;13;2100;5;2;1;2;3;395;DE LA TOUR (RUE GEORGES);M;4869225;619483;540
201500028445;15;3;15;1810;1;2;1;1;6;300;CEZARD (RUE RAOUL);M;4864841;624103;540
201500028446;15;11;20;1925;5;2;4;1;1;395;ISABEY (RUE);M;4869598;616999;540
201500028447;15;3;19;1150;1;2;1;1;6;184;40, BERIN (RUE ROGER);M;4870647;622575;540
201500028448;15;11;23;1905;5;2;1;1;6;395;48, SCARPONE (BD DE);M;4870334;616350;540
201500028449;15;3;19;1225;1;2;1;1;6;395;01, JEANNOT (RUE);M;4868997;618781;540
201500028450;15;3;18;2000;5;2;1;1;6;578;AIGUILLETTES  (BD 5 A 73;M;4867044;615758;540
201500028451;15;3;19;1900;5;2;1;1;3;304;RESISTANCE (AV. DE LA -P;M;4869461;612794;540
201500028452;15;3;17;1045;1;2;1;1;3;357;COURBET (RUE);M;4871275;616772;540
201500028453;15;12;23;1450;1;2;2;2;6;547;EUROPE (BOULEVARD DE L');M;4866558;616733;540
201500028454;15;3;23;1330;1;2;1;1;2;395;70, STANISLAS (RUE);M;4869191;617797;540
201500028455;15;3;21;1320;1;2;2;1;3;482;GAMBETTA (RUE);M;4870475;620747;540
201500028456;15;3;25;1520;1;2;2;1;3;395;SAINT JEAN (RUE);;;;540
201500028457;15;12;28;1845;2;2;1;1;2;547;NORVEGE (RUE DE);;;;540
201500028458;15;3;16;900;1;1;1;1;6;395;31, SAINT NICOLAS (RUE R;M;4868911;618558;540
201500028459;15;3;23;1820;1;2;1;1;3;395;59, FRANCE (AVENUE ANATO;;;;540
201500028460;15;3;2;1735;1;2;1;9;2;578;SAURUPT (AVENUE DE);M;4867733;615622;540
201500028461;15;3;28;2045;5;2;1;2;2;526;POTIER (RUE EUGENE);M;4868641;621786;540
201500028462;15;3;31;1835;1;2;3;1;3;395;SCARPONE (BD DE);M;4870272;616372;540
201500028463;15;3;31;1315;1;2;1;1;6;304;BOIS GRONEE (AVENUE DU);M;4868363;613911;540
201500028464;15;12;3;1548;1;2;1;1;6;395;JARDINIERS (RUE DES;;;;540
201500028465;15;3;13;1620;1;2;1;1;2;304;BOIS GRONEE (AVENUE DU);M;4868311;613967;540
201500028466;15;12;1;1625;1;2;1;1;1;547;BARTHOU (BD LOUIS);;;;540
201500028467;15;4;1;2100;5;2;1;1;2;395;ALBERT 1ER  (BD);M;4869308;616792;540
201500028468;15;12;2;1830;5;2;1;1;2;395;53, LOBAU (BOULEVARD);;;;540
201500028469;15;4;1;1835;1;2;1;1;3;578;189, LECLERC (AVENUE DU;;;;540
201500028470;15;12;15;1020;1;2;1;1;6;395;161, LIBERATION (AVENUE;;;;540
201500028471;15;4;3;1700;1;2;2;2;3;498;RD 674;M;4871381;625087;540
201500028472;15;3;9;1815;2;2;1;1;6;357;PINCHARD (RUE RAYMOND LI;;;;540
201500028473;15;4;5;1320;1;2;1;1;3;495;FORET (RUE DE LA);;;;540
201500028474;15;5;19;1855;1;2;3;1;6;328;98, SAINT EXUPERY (RUE A;M;4861880;616917;540
201500028475;15;4;7;2120;5;2;1;1;2;395;0, LIBERATION (AVENUE DE;M;4869597;614161;540
201500028476;15;4;10;2340;5;2;1;1;1;395;TIERCELINS (RUE DES);M;4869183;619297;540
201500028477;15;4;10;1315;1;2;2;1;3;395;HUGO (RUE VICTOR);;;;540
201500028478;15;4;14;1630;1;2;1;1;6;395;38, CINQ PIQUETS (CHEMIN;M;4868833;619744;540
201500028479;15;4;4;1855;1;2;1;1;6;395;TIERCELINS (RUE DES);;;;540
201500028480;15;4;14;1220;1;1;1;1;2;547;24, LECLERC (AVENUE DU G;M;4866050;616356;540
201500028481;15;4;9;1150;1;2;1;1;6;482;27, JEAN XXIII (RUE);;;;540
201500028482;15;4;10;1310;1;2;1;1;3;547;7, BAVIERE (RUE DE);;;;540
201500028483;15;4;13;1435;1;2;1;1;2;547;0, EUROPE (BOULEVARD DE;;;;540
201500028484;15;12;2;1115;1;2;3;1;3;495;CLOS DES TILLEULS (LOTIS;M;4867689;624704;540
201500028485;15;3;6;2250;5;2;1;1;1;526;JAURES (BOULEVARD JEAN);;;;540
201500028486;15;3;2;1630;1;2;1;2;2;498;50, RD 674;M;4871660;625754;540
201500028487;15;4;17;1750;1;2;1;2;6;395;4, DIEUZE (RUE DE);M;4869690;619303;540