num_acc;an;mois;jour;hrmn;lum;agg;int;atm;col;com;adr;gps;lat;long;dep
201500028488;15;4;18;430;5;2;1;1;6;395;380, LIBERATION (AVENUE;M;4869648;614447;540
201500028489;15;4;10;1953;1;2;1;1;3;482;12, DE GAULLE (PLACE DU;;;;540
201500028490;15;4;20;1435;1;2;1;1;3;482;ALEXANDRE 1ER (RUE);;;;540
201500028491;15;12;22;1925;5;1;6;1;7;184;RD 674;;;;540
201500028492;15;4;24;1650;1;2;2;7;3;395;MANGIN (AVENUE DU GENERA;M;4867191;616128;540
201500028493;15;4;27;940;1;2;1;2;6;184;77, FOCH (AVENUE);M;4870505;622725;540
201500028494;15;12;23;1300;1;2;6;2;3;274;FAURE (RUE GABRIEL);;;;540
201500028495;15;4;27;1715;1;1;1;1;3;304;SORTIE A.31 (bretelle);;;;540
201500028496;15;12;31;1132;1;2;1;1;2;395;LOBAU (BOULEVARD);;;;540
201500028497;15;4;29;1445;1;2;1;1;5;547;EUROPE (BOULEVARD DE L');;;;540
201500028498;15;4;30;1805;1;2;1;2;3;184;96-98, FOCH (AVENUE);M;4870511;622517;540
201500028499;15;3;19;1325;1;2;1;1;6;304;10, MOUZON (RUE DU);;;;540
201500028500;15;3;25;2100;5;2;1;1;6;395;JAURES (BOULEVARD JEAN);M;4868133;617847;540
201500028501;15;3;24;100;5;2;1;1;1;395;10, AUSTRASIE (BOULEVARD;;;;540
201500028502;15;3;28;1035;1;2;1;1;3;395;119, HAUSSONVILLE (BD D';M;4867133;616650;540
201500028503;15;4;29;1630;1;2;1;1;6;395;386, LIBERATION (AVENUE;;;;540
201500028504;15;5;4;1550;1;2;1;1;6;304;32, DEROULEDE (AVENUE PA;M;4868511;615562;540
201500028505;15;5;4;1750;1;2;1;1;4;184;BRIGACHTAL (AVENUE DE);;;;540
201500028506;15;5;7;1700;1;2;2;1;6;395;0, ARC (RUE JEANNE D' N;M;4868341;617344;540
201500028507;15;5;11;1440;1;2;2;1;6;395;HAGUENAUER (RUE DU GRAND;M;4868852;617931;540
201500028508;15;5;9;1155;1;2;1;1;2;395;0, INSURRECTION DU GHETT;M;4868297;618453;540
201500028509;15;5;6;2100;5;2;2;2;3;395;SAINT NICOLAS (RUE RESTE;;;;540
201500028510;15;4;3;750;1;2;1;1;6;304;EUROPE (AVENUE DE L');;;;540
201500028511;15;5;9;1915;1;2;1;1;4;395;SAINT DIZIER (RUE 82 ET;;;;540
201500028512;15;5;10;614;1;2;6;1;6;526;MILLENAIRE (Rond Point A;;;;540
201500028513;15;5;14;100;5;2;1;1;6;395;NEUFCHATEAU (RUE FRANCOI;;;;540
201500028514;15;5;7;1805;1;2;1;1;6;395;47, SAINT DIZIER (RUE 2;;;;540
201500028515;15;5;13;1615;1;2;1;1;2;526;MILLENAIRE (BOULEVARD DU;;;;540
201500028516;15;5;15;1910;1;2;1;1;2;547;ARC (AVENUE JEANNE D');;;;540
201500028517;15;5;19;1640;1;2;1;1;1;395;25, SAINT LAMBERT (IMPAS;;;;540
201500028518;15;5;18;1845;1;2;1;1;2;395;144, SAINT DIZIER (RUE 8;M;4868520;618675;540
201500028519;15;5;19;810;1;2;1;1;6;395;POINCARE (RUE HENRI);;;;540
201500028520;15;5;21;1825;1;2;1;1;2;395;0, FRANCE (AVENUE ANATOL;;;;540
201500028521;15;5;26;1418;1;2;2;1;3;304;POINCARE (RUE RAYMOND);;;;540
201500028522;15;5;9;1343;1;1;1;1;3;547;BARTHOU (BD LOUIS);M;4866841;618925;540
201500028523;15;5;19;1625;1;2;2;1;3;395;GRANDE RUE;;;;540
201500028524;15;5;29;1145;1;2;1;1;3;395;184, ARC ( RUE JEANNE D';;;;540
201500028525;15;5;15;1605;1;2;1;1;6;395;BONSECOURS (RUE DE);;;;540
201500028526;15;4;30;2020;2;1;1;1;6;304;BOIS GRONEE (AVENUE DU);;;;540
201500028527;15;5;12;1800;1;2;1;1;4;395;MOULIN (BOULEVARD JEAN);;;;540
201500028528;15;5;13;1820;1;2;3;1;3;547;CARNOT (RUE);M;4865800;617389;540
201500028529;15;4;29;650;1;2;1;1;6;395;6, SENN (RUE DU RECTEUR);;;;540
201500028530;15;5;21;1544;1;1;1;1;6;395;89, METZ (RUE DE);M;4870350;617022;540
201500028531;15;5;26;830;1;2;1;1;4;395;MIRECOURT (ROUTE DE);;;;540
201500028532;15;5;30;615;5;2;1;1;6;395;ROTONDE (RUE DE LA);;;;540
201500028533;15;5;18;845;1;1;6;1;3;395;BROT (Rue Marcel);;;;540
201500028534;15;6;2;745;1;2;1;1;3;25;CHARTREUSE (AVENUE DE LA;;;;540
201500028535;15;5;26;1130;1;2;2;1;6;328;GENOBOIS (AVENUE DE);M;4861560;617511;540
201500028536;15;5;28;1915;1;2;2;1;3;395;TOMBLAINE (RUE DE);M;4868640;619903;540
201500028537;15;6;8;2111;1;2;2;1;3;395;LOBAU (BOULEVARD);M;4868957;619378;540
201500028538;15;5;13;1720;1;2;4;1;3;395;FOCH (AVENUE 2 A 16/;;;;540
201500028539;15;6;9;655;1;2;1;1;6;184;12, PRES (RUE DES);M;4870316;622205;540
201500028540;15;6;9;1215;1;2;3;1;3;547;PARISOT (RUE DU DOYEN JA;M;4865380;615321;540
201500028541;15;6;4;820;1;2;1;1;2;300;PATTON (RUE DU GENERAL);;;;540
201500028542;15;6;10;1157;1;2;1;1;6;395;SAINT LEON (RUE ET EGLIS;;;;540
201500028543;15;6;10;1850;1;2;2;1;1;395;NABECOR (RUE DE);M;4867960;618977;540
201500028544;15;6;6;410;5;1;1;1;7;197;ERFURT (CHEMIN D');M;4861914;620433;540
201500028545;15;5;20;2110;2;2;3;8;3;304;MEUSE (RUE DE LA);;;;540
201500028546;15;6;4;1240;1;2;1;1;6;395;56, LOBAU (BOULEVARD);M;4868583;619563;540
201500028547;15;6;15;2100;2;2;3;1;6;395;FOUCAULD (RUE CHARLES DE;M;4870213;618218;540
201500028548;15;5;7;900;1;2;1;1;6;547;LECLERC (AVENUE DU GENER;;;;540
201500028549;15;5;15;1530;1;2;2;1;3;495;BLERIOT (RUE LOUIS);M;4868929;624419;540
201500028550;15;6;16;1630;1;2;1;1;2;184;9, SOIXANTE NEUVIEME R.I;M;4870574;623081;540
201500028551;15;6;12;1825;1;2;1;1;3;395;4b, MICHOTTES (RUE DES);M;4869264;617885;540
201500028552;15;6;17;1510;1;1;3;1;5;25;CHARTREUSE (AVENUE DE LA;M;4866176;624302;540
201500028553;15;6;14;1120;1;2;1;1;3;357;49, METZ (ROUTE DE);M;4870952;616718;540
201500028554;15;6;21;2305;5;2;2;1;3;304;AIGUILLETTES  (BD 16 A 2;M;4867935;614261;540
201500028555;15;6;18;1000;1;2;1;1;6;395;97, KELLER (RUE CHARLES);M;4870315;617520;540
201500028556;15;6;15;1220;1;1;1;1;2;526;RN 74;;;;540
201500028557;15;6;22;1445;1;2;1;1;1;395;01, MIRECOURT (ROUTE DE);;;;540
201500028558;15;6;24;1135;1;2;1;1;2;395;23, BOUFFLERS (AVENUE) D;M;4868917;616186;540
201500028559;15;6;24;1740;1;2;2;1;3;395;147b, SAINT DIZIER (RUE;M;4868680;618544;540
201500028560;15;6;23;1745;1;2;3;1;5;495;BOSSERVILLE (ROUTE DE);M;4868654;624526;540
201500028561;15;6;24;1450;1;2;2;1;3;395;BLANDAN (IMPASSE ET RUE;M;4867790;616834;540
201500028562;15;6;25;1225;1;2;1;1;3;184;3, MERE THERESA;M;4870186;622410;540
201500028563;15;6;30;1450;1;2;6;1;3;395;Marcel BROT (Rue et Rond;M;4867693;620607;540
201500028564;15;6;25;1755;1;2;1;1;2;578;MULLER (AVENUE PAUL);;;;540
201500028565;15;6;25;1750;1;2;1;1;2;395;416, LIBERATION (AVENUE;M;4869570;614067;540
201500028566;15;6;30;1720;1;2;1;1;3;395;32, ALBERT 1ER  (BD);M;4869552;616747;540
201500028567;15;6;30;620;1;2;3;1;3;498;RD 674;M;4871886;626354;540
201500028568;15;7;1;1840;1;2;1;1;2;395;29, SAINT NICOLAS (RUE R;M;4868919;618537;540
201500028569;15;6;15;1415;1;2;1;1;2;395;DOMINICAINS (RUE DES);;;;540
201500028570;15;7;3;840;1;2;1;1;6;395;LECLERC (AV. DU GENE;;;;540
201500028571;15;7;3;1510;1;2;1;1;2;395;18, SAINT LAMBERT (IMPAS;M;4868751;616426;540
201500028572;15;7;5;1950;2;2;1;1;3;547;BOURGOGNE (AVENUE DE);;;;540
201500028573;15;7;2;845;1;2;3;1;6;395;38, HULOT (RUE DU GENERA;M;4867250;616536;540
201500028574;15;5;28;1645;1;2;1;1;2;339;14 rue COLONEL DRIANT;;;;540
201500028575;15;7;2;1910;1;2;3;1;3;395;METZ (RUE DE);M;4870160;617147;540
201500028576;15;7;1;1045;1;2;1;1;6;395;POINCARE (RUE RAYMOND 1-;;;;540
201500028577;15;7;4;1145;1;2;2;1;3;357;LAFAYETTE (RUE);M;4871266;616802;540
201500028578;15;7;10;1700;1;2;1;1;2;304;RESISTANCE (AV. DE LA -P;;;;540
201500028579;15;7;13;915;1;1;1;1;3;547;ALSACE  (PLACE GERARD D';;;;540
201500028580;15;7;11;1815;1;2;1;1;3;547;08, BRIAND (RUE ARISTIDE;;;;540
201500028581;15;7;15;1820;1;2;1;1;6;395;119, STRASBOURG (AVENUE;M;4867922;619673;540
201500028582;15;7;17;1130;1;2;2;1;3;395;LOBAU (BOULEVARD);M;4867960;619853;540
201500028583;15;7;16;1649;1;2;2;1;3;184;BRIGACHTAL (AVENUE DE);M;4870300;622797;540
201500028584;15;7;22;1600;1;2;1;1;6;395;VINGT SIXIEME R.I.;;;;540
201500028585;15;7;21;1233;1;2;1;1;3;395;FRANCE (AVENUE ANATOLE);;;;540
201500028586;15;7;24;1910;1;2;2;9;6;304;LIBERATION (AVENUE DE LA;M;4867810;615944;540
201500028587;15;7;26;1915;1;2;1;1;3;395;VICTOR (RUE);;;;540
201500028588;15;7;30;1150;1;2;1;1;3;304;68, MAREVILLE (CHEMIN ET;M;4868080;614532;540
201500028589;15;7;29;550;2;2;1;3;3;395;PINCHARD (AVENUE OMBELLE;;;;540
201500028590;15;7;29;1545;1;2;1;1;4;395;HAUSSONVILLE (BD D');;;;540
201500028591;15;6;18;1730;1;1;1;1;3;257;HAQUIN (AVENUE EMILE);;;;540
201500028592;15;7;9;840;1;2;1;1;6;395;JUIN (AVENUE DU MARECHAL;;;;540
201500028593;15;7;30;1320;1;2;1;1;2;395;79, VINGTIEME CORPS (AVE;M;4869695;619772;540
201500028594;15;8;6;1045;1;2;1;7;6;578;2, FOCH (BOULEVARD MAREC;M;4867745;615628;540
201500028595;15;7;4;1400;1;2;1;1;6;395;JAURES (BOULEVARD JEAN);;;;540
201500028596;15;7;9;1245;1;1;2;1;6;395;METZ (RUE DE);M;4870168;617153;540
201500028597;15;7;13;1730;1;2;1;1;6;395;FRANCE (AVENUE ANATOLE);;;;540
201500028598;15;8;3;1045;1;2;2;1;6;395;BOBILLOT (RUE DU SERGENT;M;4868566;616103;540
201500028599;15;8;4;1700;1;2;1;1;6;547;12, LUXEMBOURG (RUE DU);M;4866435;617013;540
201500028600;15;8;1;2000;1;2;1;1;6;304;RESISTANCE (AV. DE LA -I;;;;540
201500028601;15;8;12;1640;1;2;1;1;2;547;LECLERC (AVENUE DU GENER;;;;540
201500028602;15;8;13;1815;1;2;1;1;7;395;75, VAYRINGE (RUE);M;4870692;617721;540
201500028603;15;8;14;1500;1;2;3;1;3;495;TOMBLAINE (RUE DE);;;;540
201500028604;15;8;11;1340;1;2;2;1;3;395;LAXOU (Rue de);;;;540
201500028605;15;8;22;105;5;2;1;1;6;395;CARRIERE (PLACE DE LA);M;4869465;618250;540
201500028606;15;8;22;1715;1;2;2;1;3;339;CARNOT (RUE SADI);;;;540
201500028607;15;8;13;1050;1;1;1;1;2;395;BROT (Rond-Point Marcel);;;;540
201500028608;15;8;17;845;1;2;2;1;3;395;ABOUT  (RUE EDMOND);;;;540
201500028609;15;8;21;1320;1;2;1;1;4;547;EUROPE (BOULEVARD DE L');;;;540
201500028610;15;8;21;1050;1;2;1;1;3;395;14, VERGER (RUE ET RUELL;M;4869070;616958;540
201500028611;15;8;22;1200;1;2;2;1;3;395;CARMES (RUE DES);M;4869040;618136;540
201500028612;15;8;30;1040;1;2;4;1;6;184;FOCH (AVENUE);;;;540
201500028613;15;8;27;1700;1;2;1;1;6;395;MAILLARD (Rue Louis Cami;;;;540
201500028614;15;8;28;2215;4;1;1;1;7;328;MESSEIN (ROUTE DE);;;;540
201500028615;15;8;31;1640;1;2;1;1;2;547;ARC (AVENUE JEANNE D');;;;540
201500028616;15;9;1;950;1;2;1;1;6;274;SONGEUR (RUE LEON);;;;540
201500028617;15;9;1;1155;1;2;1;1;6;547;BOURGOGNE (AVENUE DE);;;;540
201500028618;15;9;2;1300;1;2;2;1;2;395;CLEMENCEAU (BD GEORGES);M;4867884;618003;540
201500028619;15;9;3;630;2;2;1;1;2;395;NABECOR (RUE DE);M;4868126;619350;540
201500028620;15;9;3;1525;1;2;1;1;6;395;40, SAINT DIZIER (RUE 2;;;;540
201500028621;15;8;21;245;4;2;1;1;6;395;VAYRINGE (RUE);;;;540
201500028622;15;9;1;1905;1;2;3;1;3;395;BADONVILLER (RUE DE);;;;540
201500028623;15;9;10;1750;1;2;1;1;6;578;JARDIN BOTANIQUE (RUE DU;;;;540
201500028624;15;9;11;1925;5;2;1;1;2;526;FRATERNITE (RUE DE LA);;;;540
201500028625;15;8;3;1215;1;1;1;1;2;184;BRIGACHTAL (AVENUE DE);;;;540
201500028626;15;8;14;1055;1;2;1;1;2;304;FOCH (BOULEVARD MARECHAL;;;;540
201500028627;15;8;14;240;5;2;1;1;6;578;MULLER (AVENUE PAUL);;;;540
201500028628;15;9;9;1230;1;2;1;1;6;395;6, CHARLES V (BOULEVARD);;;;540
201500028629;15;9;15;835;1;2;1;1;3;547;EUROPE (BOULEVARD DE L');;;;540
201500028630;15;9;20;1300;1;1;1;1;3;25;SAINT PHLIN (RUE DU FAUB;;;;540
201500028631;15;9;12;1715;1;2;1;2;3;304;72, POINCARE (RUE RAYMON;;;;540
201500028632;15;9;4;2016;2;2;2;1;3;526;RD 2 BIS;;;;540
201500028633;15;9;8;745;1;2;1;1;6;395;11-13, LIGIER RICHIER (Q;;;;540
201500028634;15;9;10;1830;1;2;3;1;3;395;209, LIBERATION (AVENUE;;;;540
201500028635;15;9;10;1220;1;2;1;1;4;395;VINGT SIXIEME R.I. (BOUL;;;;540
201500028636;15;9;11;1740;1;2;1;1;4;526;CONCORDE (AVENUE DE);;;;540
201500028637;15;9;12;1245;1;2;1;1;2;395;SCARPONE (BD DE);;;;540
201500028638;15;9;17;1625;1;2;1;1;2;395;PLACIEUX (RUE DU);;;;540
201500028639;15;9;15;1800;1;2;3;1;3;578;MULLER (AVENUE PAUL);;;;540
201500028640;15;9;21;1840;1;2;3;1;2;274;REPUBLIQUE (RUE DE LA);;;;540
201500028641;15;9;19;2255;5;2;1;1;2;547;EUROPE (BOULEVARD DE L');;;;540
201500028642;15;9;19;2252;5;2;3;1;6;395;PIXERECOURT (RUE GUILBER;;;;540
201500028643;15;9;23;1820;1;2;1;1;2;328;A 330 (Bretelle Sortie);;;;540
201500028644;15;9;24;1150;1;2;3;1;3;395;PFISTER (RUE CHRISTIAN);;;;540
201500028645;15;9;20;1310;1;2;1;1;4;395;47, DE LATTRE DE TASSIGN;;;;540
201500028646;15;9;23;1915;2;2;2;1;3;395;LECLERC (AV. DU GENE;;;;540
201500028647;15;9;24;850;1;2;4;1;3;395;OBERLIN (RUE);;;;540
201500028648;15;9;25;1900;1;2;1;1;2;547;LECLERC (AVENUE DU GENER;;;;540
201500028649;15;9;21;1630;1;2;1;1;2;547;MASSON (AVENUE DESIRE);;;;540
201500028650;15;9;30;115;5;2;1;1;6;395;ARC ( RUE JEANNE D'N;;;;540
201500028651;15;9;28;910;1;2;1;1;2;547;FORET DE HAYE (RUE DE LA;;;;540
201500028652;15;9;28;1030;1;2;1;1;3;257;SONGEUR (RUE LEON);;;;540
201500028653;15;9;30;810;1;2;1;1;3;395;53, BONSECOURS (RUE DE);M;4867510;691961;540
201500028654;15;9;28;859;1;2;3;1;6;395;39, AUSTRASIE (BOULEVARD;;;;540
201500028655;15;10;2;920;1;2;2;1;3;395;BOUFFLERS (AV. DE 74 A 3;;;;540
201500028656;15;9;27;915;1;2;1;1;3;357;PINCHARD (RUE RAYMOND LI;M;4870389;615282;540
201500028657;15;9;29;735;1;2;4;1;6;395;PICHON (RUE);;;;540
201500028658;15;10;5;800;1;2;1;1;6;395;LEOPOLD (COURS);;;;540
201500028659;15;8;28;1830;1;2;1;1;2;395;ADAM  (RUE SIGISBERT);;;;540
201500028660;15;9;30;1239;1;2;3;1;3;547;HUITIEME REGIMENT D'ARTI;;;;540
201500028661;15;10;3;1905;2;2;2;1;3;395;FOCH (AVENUE 18 ET 9 A F;M;4868752;617071;540
201500028662;15;9;30;830;1;2;1;1;4;304;RHIN (AV. DU);;;;540
201500028663;15;9;13;1105;1;1;1;2;6;304;BOIS GRONEE (AVENUE DU);;;;540
201500028664;15;10;6;1300;1;2;1;3;6;328;1411, CURIE (RUE PIERRE;;;;540
201500028665;15;9;14;1841;2;2;1;1;6;395;FOLLER (RUE);;;;540
201500028666;15;10;8;1700;1;2;1;1;2;395;MOLITOR (RUE);;;;540
201500028667;15;9;14;1200;1;2;1;1;4;395;50, LOBAU (BOULEVARD);;;;540
201500028668;15;10;9;1910;5;2;3;1;1;395;JAURES (BOULEVARD JE;;;;540
201500028669;15;10;6;1955;5;2;4;2;3;395;82, TOMBLAINE (RUE DE);;;;540
201500028670;15;10;9;1840;1;1;3;1;3;578;MULLER (AVENUE PAUL);M;4865680;613169;540
201500028671;15;9;14;1955;5;2;2;1;3;395;LEBRUN (RUE ALBERT);;;;540
201500028672;15;10;13;733;2;2;1;1;2;547;0, MIRECOURT (ROUTE DE);M;4866916;619200;540
201500028673;15;10;13;1530;1;2;1;1;2;304;AFFOUAGES  (RUE DES);;;;540
201500028674;15;10;17;1400;1;2;1;8;6;395;91, SAINT DIZIER (RUE 2;;;;540
201500028675;15;10;8;1545;1;2;2;1;6;547;CARNOT (RUE);M;4865920;617313;540
201500028676;15;9;6;655;1;2;2;1;2;395;MOROT (PLACE AIME);M;4869957;616555;540
201500028677;15;10;16;1230;1;2;2;1;1;304;RESISTANCE (AV. DE LA -I;;;;540
201500028678;15;10;19;1650;1;2;1;1;3;257;32, LEMAIRE (RUE GUSTAVE;;;;540
201500028679;15;10;22;1152;1;2;2;2;3;304;SAPINIERE (RUE DE LA);;;;540
201500028680;15;10;10;2025;5;2;1;1;2;395;SABLES (RUE DES);;;;540
201500028681;15;10;26;1520;1;2;1;1;6;395;41, QUATRE EGLISES (RUE;M;4868777;618232;540
201500028682;15;10;23;1615;1;2;1;1;3;395;, LIBERATION (AVENUE DE;M;4869741;615531;540
201500028683;15;10;25;1205;1;2;3;1;3;547;JONQUILLES (AVENUE DES);M;4866192;618531;540
201500028684;15;10;22;1045;1;2;1;1;1;274;6, APOTHICAIRES  (RUE DE;;;;540
201500028685;15;10;26;1825;5;2;7;1;2;395;GIRAUD (PLACE DU GENERAL;;;;540
201500028686;15;9;22;1330;1;2;1;1;6;395;MOLITOR (RUE);;;;540
201500028687;15;10;29;40;5;2;1;1;6;395;PINCHARD (AVENUE - OMBEL;;;;540
201500028688;15;10;23;1910;5;1;1;1;4;495;RD 674;;;;540
201500028689;15;10;24;1640;1;2;1;1;3;495;BOSSERVILLE (ROUTE DE);;;;540
201500028690;15;10;27;1415;1;2;5;1;3;395;AUSTRASIE (BOULEVARD);;;;540
201500028691;15;10;23;1045;1;2;3;1;3;304;0, RESISTANCE (AV. DE LA;M;4869461;613769;540
201500028692;15;10;30;1905;5;2;1;1;3;184;80bis, SOIXANTE NEUVIEME;;;;540
201500028693;15;10;23;1930;5;1;1;1;4;184;0, RD 674;M;4868986;623708;540
201500028694;15;9;23;2010;1;2;1;1;6;304;FOCH (BOULEVARD MARECHAL;M;4868072;615330;540
201500028695;15;11;2;1725;5;2;1;1;4;304;AIGUILLETTES  (BD 16 A 2;;;;540
201500028696;15;10;23;1300;1;2;1;1;6;395;61, MANGIN (AVENUE DU GE;M;4466747;616536;540
201500028697;15;10;30;2005;5;2;1;1;6;395;88, LOBAU (BOULEVARD);M;4868448;619635;540
201500028698;15;11;2;1809;1;2;3;1;6;578;FENELON (RUE);M;4867201;615729;540
201500028699;15;11;4;1703;1;2;2;1;3;578;MULLER (AVENUE PAUL);M;4866976;615695;540
201500028700;15;11;1;1730;5;2;1;1;6;547;0, EUROPE (BOULEVARD DE;M;4866239;617284;540
201500028701;15;11;5;1417;1;2;1;7;6;395;11, LEBRUN (RUE ALBERT);;;;540
201500028702;15;11;6;1910;5;2;1;1;6;395;PINCHARD (AVENUE - OMBEL;;;;540
201500028703;15;11;8;1;5;2;2;1;3;395;BAR (PLACE DES DUCS DE);;;;540
201500028704;15;11;5;755;1;2;1;1;6;395;33, MOUILLERON (RUE GABR;M;4868539;617809;540
201500028705;15;11;5;1410;1;2;1;1;2;395;0, POINCARE (RUE HENRI);M;4869102;617680;540
201500028706;15;11;11;1625;1;2;1;1;6;395;54, COLLINE (RUE DE LA);M;4869861;615775;540
201500028707;15;11;6;1030;1;2;1;2;4;395;8, VINGT SIXIEME R.I. (B;M;4869618;618951;540
201500028708;15;10;3;1050;1;2;1;1;6;526;MITTERAND (RUE FRANCOIS);;;;540
201500028709;15;10;29;1825;5;2;1;1;6;395;18, POINCARE (RUE RAYMON;;;;540
201500028710;15;11;9;1650;2;2;3;1;6;304;61, ZOLA (RUE EMILE);M;4868215;615591;540
201500028711;15;11;9;1810;5;2;1;1;2;395;28, SCARPONE (BD DE);M;4870193;616403;540
201500028712;15;10;8;1540;1;2;1;1;6;395;45, PONT MOUJA (RUE DU);;;;540
201500028713;15;11;12;825;1;2;1;1;6;339;LION D'OR (RUE DU);M;4871211;617784;540
201500028714;15;10;10;1650;1;2;1;1;3;395;51, HAUSSONVILLE (BD D');;;;540
201500028715;15;11;14;1730;5;2;4;1;3;328;GENOBOIS (AVENUE DE);M;4861238;617022;540
201500028716;15;10;11;1505;1;1;1;1;6;197;RD 73;;;;540
201500028717;15;11;13;1815;2;2;1;1;4;395;BONSECOURS (RUE DE);M;4867697;619844;540
201500028718;15;11;14;1950;5;2;1;1;5;395;97, CHARLES III (RUE);M;4868848;619040;540
201500028719;15;11;15;1140;1;2;1;1;3;395;PINCHARD (AVENUE - OMBEL;;;;540
201500028720;15;11;17;2000;5;2;1;2;2;526;HERBUVAUX (PLACE RENE);;;;540
201500028721;15;10;21;830;1;2;1;1;2;395;SABLES (RUE DES);M;4868678;619930;540
201500028722;15;11;19;920;1;1;1;1;6;578;MULLER (AVENUE PAUL);M;4865869;613930;540
201500028723;15;11;20;1700;1;2;1;1;3;395;HERMITE (RUE);M;4869884;617257;540
201500028724;15;11;19;2050;5;2;3;1;2;395;BEGONIAS (RUE DES);M;4868897;618863;540
201500028725;15;11;20;910;1;2;2;2;6;395;VERDUN (rue de);M;4869719;617035;540
201500028726;15;11;20;1755;5;1;3;3;1;578;MULLER (AVENUE PAUL);M;4865684;613164;540
201500028727;15;11;18;708;2;2;1;1;1;300;125, GALTIER (RUE LUCIEN;M;4866399;621805;540
201500028728;15;11;20;1945;5;2;1;2;2;395;31, DIEUZE (RUE DE);;;;540
201500028729;15;11;20;640;5;2;2;3;6;395;MOLITOR (RUE);;;;540
201500028730;15;11;20;2020;5;2;2;2;6;395;MAUVAIS (RUE VIRGINIE);M;4870335;618176;540
201500028731;15;11;7;1140;1;2;1;1;2;395;MAZAGRAN (RUE);M;4868977;617603;540
201500028732;15;11;5;1805;5;2;3;1;6;547;MALINES (RUE DE);M;4866410;617372;540
201500028733;15;11;24;1300;1;2;2;1;2;395;FUSILLES (PONT DES);M;4868596;618106;540
201500028734;15;11;25;1655;5;2;3;2;6;274;5, GALLIENI (RUE DU MARE;M;4866938;619987;540
201500028735;15;11;28;2025;5;2;1;1;3;395;88, LOBAU (BOULEVARD);;;;540
201500028736;15;12;2;753;2;2;1;1;6;526;MILLENAIRE (Rond Point A;;;;540
201500028737;15;11;24;2010;5;2;1;1;2;395;HAUSSONVILLE (BD D');M;4866990;616803;540
201500028738;15;11;29;1255;1;2;2;1;3;526;CAMELINAT (RUE);M;4868833;620905;540
201500028739;15;12;2;1700;5;2;1;1;6;300;GALTIER (RUE LUCIEN);M;4865925;622747;540
201500028740;15;12;7;925;1;1;3;1;2;25;CHARTREUSE (AVENUE DE LA;M;4866172;624300;540
201500028741;15;12;1;1723;5;2;2;1;6;395;CHARLES III (RUE);M;4868776;618829;540
201500028742;15;12;4;1315;1;2;1;1;6;395;RD 674;M;4867430;619672;540
201500028743;15;12;9;1225;1;2;1;1;3;395;35, JUIN (AVENUE DU MARE;;;;540
201500028744;15;11;29;1730;5;2;1;1;6;395;MOTHE (RUE DE LA);;;;540
201500028745;15;12;14;1710;5;2;1;1;4;184;BRIGACHTAL (AVENUE DE);;;;540
201500028746;15;12;4;1550;1;2;1;2;6;395;45, CHARLES III (RUE);M;4868715;618626;540
201500028747;15;12;8;1150;1;2;3;1;3;395;METZ (RUE DE);M;4870350;617025;540
201500028748;15;12;8;1645;1;2;1;1;6;184;BRIGACHTAL (AVENUE DE);M;4870072;622478;540
201500028749;15;12;9;740;5;2;3;2;2;578;AIGUILLETTES  (BD 5 A 73;M;4867232;615485;540
201500028750;15;12;14;1450;1;2;1;1;7;395;FOCH (AVENUE 2 A 16/1 A;;;;540
201500028751;15;12;14;1753;2;2;2;1;6;395;BATAILLE (QUAI DE LA);M;4868259;618439;540
201500028752;15;12;8;910;1;2;1;7;6;395;ESPLANADE DU SOUVENIR FR;;;;540
201500028753;15;12;14;1855;5;2;2;1;1;304;EUROPE (AVENUE DE L');M;4867976;614836;540
201500028754;15;12;17;900;1;2;3;1;6;395;LORRAIN (QUAI CLAUDE LE);M;4869063;617362;540
201500028755;15;12;9;2020;5;2;2;1;6;395;VINGTIEME CORPS (AVENUE;M;4869545;619591;540
201500028756;15;12;16;1930;5;2;3;1;3;395;STANISLAS (RUE);M;4869248;617984;540
201500028757;15;12;19;1355;1;2;1;1;3;300;GALTIER (RUE LUCIEN);M;4865879;622876;540
201500028758;15;12;17;1720;2;2;1;1;6;395;24, CARRIERE (PLACE DE L;;;;540
201500028759;15;12;23;1000;1;2;1;1;6;547;PALISSY (RUE BERNARD);;;;540
201500028760;15;12;23;1955;5;2;3;2;6;304;9, DEROULEDE (AVENUE PAU;;;;540
201500028761;15;12;3;1855;5;2;1;1;3;482;28, CARNOT (AVENUE);;;;540
201500028762;15;1;4;715;5;2;2;1;3;395;JACOB (RUE DU CHANOINE);;;;540
201500028763;15;1;4;2010;5;2;1;1;3;395;146, STRASBOURG (AVENUE;;;;540
201500028764;15;1;5;1030;1;2;2;5;3;357;METZ (ROUTE DE);;;;540
201500028765;15;1;6;1350;1;2;3;1;3;395;STRASBOURG (AVENUE DE);;;;540
201500028766;15;1;6;1600;1;2;1;1;6;547;16, AQUITAINE  (RUE D');;;;540
201500028767;15;1;7;1015;1;2;1;1;2;578;MULLER (AVENUE PAUL);;;;540
201500028768;15;1;8;1330;1;2;1;1;6;526;MOULIN (RUE JEAN);;;;540
201500028769;15;1;8;1135;1;2;1;1;6;395;37, BAZIN (RUE HENRI);;;;540
201500028770;15;1;8;1435;1;2;1;2;6;300;37, PATTON (RUE DU GENER;;;;540
201500028771;15;1;8;1701;5;2;1;3;6;395;632, PINCHARD (AVENUE -;;;;540
201500028772;15;1;8;1905;5;2;4;2;6;547;0, BRIAND (RUE ARISTIDE);M;4867112;617992;540
201500028773;15;1;9;1650;5;2;1;2;3;395;12, BERTIN (RUE EMILE);;;;540