num_acc;an;mois;jour;hrmn;lum;agg;int;atm;col;com;adr;gps;lat;long;dep
201500028774;15;1;10;1140;1;2;1;2;3;184;BRIGACHTAL (AVENUE DE);;;;540
201500028775;15;1;10;1810;5;2;2;1;6;482;CARNOT (AVENUE);;;;540
201500028776;15;1;12;1255;1;2;1;1;3;395;GLACIS (RUE DES);;;;540
201500028777;15;1;13;1345;1;2;1;1;6;339;6, EGLISE (RUE DE L');;;;540
201500028778;15;1;13;1930;5;2;2;2;6;395;DEGLIN (RUE HENRI);;;;540
201500028779;15;1;15;1715;5;2;1;1;4;482;GAMBETTA (RUE);;;;540
201500028780;15;1;16;1410;1;2;1;2;6;184;24 Bis, FOCH (AVENUE);;;;540
201500028781;15;1;16;2230;5;2;1;2;2;395;LIBERATION (AVENUE DE LA;;;;540
201500028782;15;1;18;1000;1;2;2;1;3;395;DESILLES (RUE);;;;540
201500028783;15;1;18;1736;5;2;1;1;2;304;RESISTANCE (AV. DE LA -I;;;;540
201500028784;15;1;19;925;1;2;2;1;3;395;GUIBAL (RUE);;;;540
201500028785;15;1;20;920;1;2;1;1;2;482;17, CARNOT (AVENUE);;;;540
201500028786;15;1;21;1420;1;2;2;1;6;395;POINCARE (RUE RAYMOND 31;;;;540
201500028787;15;1;21;1720;5;2;2;1;6;395;SAINT DIZIER (RUE 82 ET;;;;540
201500028788;15;1;24;1122;1;2;1;4;6;395;34, Rue du General Frere;;;;540
201500028789;15;1;25;1025;1;2;1;1;3;395;46, SCARPONE (BD DE);;;;540
201500028790;15;1;26;1155;1;2;2;2;6;395;CHARLES III (RUE);;;;540
201500028791;15;1;27;919;1;2;1;1;6;395;BLANDAN (IMPASSE ET RUE;;;;540
201500028792;15;1;27;1010;1;2;3;1;6;395;0, CARMES (RUE DES);;;;540
201500028793;15;1;27;1330;1;2;1;1;6;395;160, STRASBOURG (AVENUE;;;;540
201500028794;15;1;27;1550;1;2;1;1;6;547;BARTHOU (BD LOUIS);;;;540
201500028795;15;1;29;805;1;2;2;2;6;395;37, BOUDONVILLE (Rue de);;;;540
201500028796;15;1;30;1750;5;2;1;1;6;395;AIGUILLETTES  (BD DES);;;;540
201500028797;15;1;30;1800;5;2;2;2;6;395;0, VINGTIEME CORPS (AVEN;;;;540
201500028798;15;2;1;1815;5;2;1;2;4;395;104, ARC (RUE JEANNE D';;;;540
201500028799;15;2;2;1030;1;2;1;1;3;395;226, STRASBOURG (AVENUE;;;;540
201500028800;15;2;3;1505;1;2;3;1;5;274;95, REPUBLIQUE (RUE DE L;;;;540
201500028801;15;2;5;720;5;2;1;1;6;578;CLEMENCEAU (RUE GEORGES);;;;540
201500028802;15;2;11;1506;1;2;1;1;4;578;AIGUILLETTES  (BD 5 A 73;;;;540
201500028803;15;2;11;1545;1;2;1;1;6;395;MARQUETTE (RUE);;;;540
201500028804;15;2;12;2255;5;2;2;1;3;395;MONNET (RUE JEAN);;;;540
201500028805;15;2;13;120;5;2;1;1;6;395;MIRECOURT (ROUTE DE);;;;540
201500028806;15;2;13;1425;1;2;2;1;3;498;GRANDS PRES (RUE DES);;;;540
201500028807;15;2;12;2140;5;2;2;1;3;395;VERDUN (rue de);;;;540
201500028808;15;2;17;815;1;1;1;2;6;25;RD 2 Bis;;;;540
201500028809;15;2;19;1630;1;2;1;1;2;395;Marcel BROT (Rue et Rond;;;;540
201500028810;15;2;20;1710;1;2;1;1;6;395;SAINT DIZIER (RUE 2 A 80;;;;540
201500028811;15;2;22;535;5;2;3;1;6;395;1, JOFFRE (Boulevard);;;;540
201500028812;15;2;25;655;2;2;3;1;3;304;RESISTANCE (AV. DE LA -I;;;;540
201500028813;15;2;25;750;1;2;1;1;6;395;DOMBASLE (PLACE);;;;540
201500028814;15;2;25;1720;1;2;3;1;5;304;0, VOLOGNE (RUE DE LA);;;;540
201500028815;15;2;27;115;5;2;3;2;6;395;DUROC (RUE DU GENERAL);;;;540
201500028816;15;2;26;2249;5;2;1;2;5;304;21, RESISTANCE (AV. DE L;;;;540
201500028817;15;2;27;820;1;2;1;2;2;547;9, OPALINSKA (RUE CATHER;;;;540
201500028818;15;2;27;1205;1;2;2;1;3;395;ISABEY (RUE);;;;540
201500028819;15;2;28;1345;1;2;1;1;6;395;AUXONNE (RUE D');;;;540
201500028820;15;3;14;1126;1;2;1;1;7;431;BROSSOLETTE (ALLEE PIERR;M;0;0;540
201500028821;15;4;3;1255;1;2;3;1;7;431;03, NEY (BOULEVARD);M;4890172;605094;540
201500028822;15;5;16;1735;1;1;1;1;3;431;RD 657 CHAMPEY;M;4893694;606327;540
201500028823;15;5;4;925;1;2;1;1;6;431;CAPUCINS (IMPASSE DES);M;4890594;605176;540
201500028824;15;6;19;1907;1;2;3;1;3;79;CLAUDE (AVENUE VICTOR);M;4889037;605259;540
201500028825;15;7;21;1653;1;1;3;1;5;431;BRIEY (ROUTE DE);M;4891291;603737;540
201500028826;15;7;29;1540;1;1;1;1;6;431;RD 910 LESMENILS;M;4892252;609007;540
201500028827;15;8;5;942;1;2;1;1;6;431;JOFFRE (RUE DU MARECHAL);M;4890352;605626;540
201500028828;15;8;19;1225;1;1;1;1;6;431;RD 910 BIS (ROCADE DE LI;M;4891861;605045;540
201500028829;15;9;10;1130;1;2;3;1;6;431;33, GAMBETTA (RUE);M;4890573;605997;540
201500028830;15;11;23;1843;5;2;3;1;1;332;17, Eisenhower ( avenue;M;4890214;603618;540
201500028831;15;12;9;1730;2;2;3;1;3;79;26, PETITE-SUISSE (AVENU;M;4888793;604999;540
201500028832;15;2;3;1740;5;2;2;1;7;431;04, GAMBETTA (RUE);M;4890508;605846;540
201500028833;15;2;22;1015;1;1;6;1;3;431;BRIEY (ROUTE DE);M;4891704;603762;540
201500028834;15;2;26;1230;1;2;3;1;3;431;15, DAMAY (RUE);M;4890830;605794;540
201500028835;15;2;28;1225;1;2;2;1;3;79;PETITE-SUISSE (AVENUE DE;M;4888699;604855;540
201500028836;15;3;14;1210;1;2;3;1;1;528;JEAN JAURES (AVENUE);M;4866729;588303;540
201500028837;15;3;26;1600;1;2;1;1;1;528;ALBERT DENIS;;;;540
201500028838;15;2;21;545;3;1;1;2;7;528;VILLEY SAINT ETIENNE (RO;M;4869197;591819;540
201500028839;15;3;12;1330;1;1;2;7;3;575;RD 125;M;4945986;585843;540
201500028840;15;4;15;2115;3;1;1;1;1;580;AUDUN (ROUTE D');;;;540
201500028841;15;5;4;1915;1;2;3;1;3;580;57b, LIBERATION (AVENUE;M;0;592545;540
201500028842;15;5;30;1350;1;2;6;8;7;580;45, LIBERATION (AVENUE D;M;0;0;540
201500028843;15;7;8;1610;1;2;3;1;6;580;5, LEBRUN ALBERT (RUE);M;4947062;592962;540
201500028844;15;5;17;1940;1;2;1;1;7;580;82, LIBERATION (AVENUE D;M;4945485;592361;540
201500028845;15;9;7;709;2;1;2;1;1;149;DEPARTEMENTAL 521 (ROUTE;M;4943888;591355;540
201500028846;15;9;8;1511;1;2;1;1;7;580;12, ARC JEANNE D' (PLACE;M;4946955;593073;540
201500028847;15;10;30;2250;3;1;1;1;6;575;NATIONALE 52 (ROUTE);M;4947961;582106;540
201500028848;15;10;11;1852;1;1;1;1;1;575;NATIONALE 52 (ROUTE);M;4946502;584728;540
201500028849;15;12;14;914;1;1;1;1;6;575;DEPARTEMENTAL 125 (ROUTE;M;4945268;583956;540
201500028850;15;12;25;1935;5;2;4;1;7;580;10, CHATRIAN ERCKMANN (R;M;4946110;593781;540
201500028851;15;2;6;1020;1;1;1;9;7;575;RN52;M;4948144;581865;540
201500028852;15;1;24;1325;1;1;4;1;1;580;DEPARTEMENTAL 27 (CHEMIN;M;4944784;591910;540
201500028853;15;7;3;2120;1;2;1;1;6;186;BEGARENNE ( RUE DE );;;;550
201500028854;15;7;28;1645;1;2;1;1;6;29;7, DE GAULLE ( RUE DU GE;M;4877214;516435;550
201500028855;15;8;19;1250;1;2;1;1;3;29;RN 1135;;;;550
201500028856;15;1;2;50;3;1;1;4;6;302;RD135;;;;550
201500028857;15;1;6;850;2;2;1;1;6;29;., ALLENDE ( RUE SALVATO;;;;550
201500028858;15;11;12;1545;1;2;1;1;6;29;18, LANDRY-GILLON ( RUE;;;;550
201500028859;15;11;7;930;1;2;1;1;6;29;5, CYGNE ( RUE DU );;;;550
201500028860;15;1;13;1810;5;2;1;1;7;545;METZ ( AVENUE DE );;;;550
201500028861;15;1;23;1850;5;2;1;1;7;545;GENERAL MANGIN;;;;550
201500028862;15;1;29;1815;5;2;3;1;7;545;GAMBETTA (LEON);;;;550
201500028863;15;4;19;1645;1;2;3;1;6;545;POINCARE (DU PRESIDENT);;;;550
201500028864;15;7;4;1825;1;1;1;1;6;236;CD 964;;;;550
201500028865;15;8;11;1320;1;2;1;1;7;545;22, EPARGES ( AVENUE DES;;;;550
201500028866;15;9;6;1820;2;2;1;1;7;545;46, POINCARE (DU PRESIDE;;;;550
201500028867;15;10;26;1805;2;2;1;1;7;545;0, SAINT MICHEL;;;;550
201500028868;15;11;14;2205;3;1;1;2;6;545;ARGONNE ( ROUTE DE L' );;;;550
201500028869;15;6;3;1500;1;1;1;1;7;545;JEAN MONNET ( BOULEVARD;;;;550
201500028870;15;6;19;1440;1;2;1;1;7;545;FRERES BOULHAUT ( DES );;;;550
201500028871;15;6;25;1345;1;2;1;1;7;545;4, REPUBLIQUE ( QUAI DE;;;;550
201500028872;15;2;17;1320;1;2;1;1;3;121;0, KERVARIC (ROND POINT;M;4774794;-338858;560
201500028873;15;2;17;2010;5;2;1;1;1;107;0, LE PORT (ROGER BOULEV;M;4772700;-338219;560
201500028874;15;2;21;1635;1;2;1;1;7;121;0, MONISTROL (RUE);M;4773897;-338070;560
201500028875;15;2;24;855;1;2;1;2;3;98;0, LENINE ( AV. );M;4776178;-334523;560
201500028876;15;2;24;1342;1;2;1;1;3;83;0, MITTERAND ( AV. DU PR;M;4780825;-326168;560
201500028877;15;2;27;705;3;1;1;1;7;162;0, KERGOAT;M;4773238;-348279;560
201500028878;15;2;27;1630;1;2;1;1;7;121;0, JAURES ( AVE JEAN );M;4774519;-337321;560
201500028879;15;2;28;649;5;2;1;1;3;121;0, GUIEYSSE (RUE  PAUL );M;4775694;-336508;560
201500028880;15;3;1;305;5;1;1;1;6;98;19, DUPUY DE LOME ( ET I;M;4775601;-332712;560
201500028881;15;11;19;2213;5;2;6;1;3;121;0, LANVEUR ( ET PL. DE );M;4774304;-338894;560
201500028882;15;3;2;810;1;1;1;1;7;83;0, LOCOYARNE ( R-P DE );M;4779084;-327649;560
201500028883;15;11;20;1156;1;2;1;1;3;121;0, MANIO ( ECHANGEUR ET;M;4775638;-338462;560
201500028884;15;3;3;855;1;1;1;1;2;83;0, HILLION ( AV. DU CDT;M;4781615;-323571;560
201500028885;15;11;21;1217;1;1;3;1;3;121;0, SCORFF ( BD DU );M;4776222;-336672;560
201500028886;15;3;5;1410;1;2;1;1;3;121;0, PERRIERE ( AV DE LA );M;4773402;-336511;560
201500028887;15;11;23;1110;1;2;1;7;4;121;0, YSER ( PL. DE L' );M;4775712;-336780;560
201500028888;15;3;7;1630;1;2;1;1;1;121;0, ERWAN-MAREC (RUE);M;4773325;-337144;560
201500028889;15;11;23;2220;5;2;1;1;2;98;82, DEVILLERS (AVENUE KE;M;4776725;-334054;560
201500028890;15;3;10;1700;1;1;1;1;3;98;RN 165;M;4777840;-335238;560
201500028891;15;11;24;1145;1;1;1;1;7;121;0, DROITS DE L'HOMME (RU;M;4776274;-338497;560
201500028892;15;3;12;1155;1;2;1;1;3;121;0, BELGIQUE (RUE DE);M;4775877;-337795;560
201500028893;15;11;25;734;2;2;4;2;7;83;0, BOTREL (RUE  THEODORE;M;4781361;-326172;560
201500028894;15;3;12;1810;1;1;1;1;6;107;0, KERMELO (PONT);M;4773118;-338611;560
201500028895;15;11;27;1745;5;2;1;2;2;83;0, HOPITAL ( RD-POINT DE;M;4780418;-327331;560
201500028896;15;3;14;919;1;1;2;1;3;162;0, RESISTANCE (RUE DE LA;M;4773797;-342420;560
201500028897;15;11;27;2005;5;1;1;1;7;121;0, GEANT (MONISTROL);M;4773868;-338093;560
201500028898;15;3;14;1211;1;1;1;1;2;98;0, GUEYSSE (AVENUE  GEOR;M;4776791;-335036;560
201500028899;15;11;29;1855;1;2;1;1;6;121;0, LENINE ( AVENUE );M;4776192;-337452;560
201500028900;15;3;19;1020;1;2;1;1;7;121;0, LECLERC ( BD GENERAL;M;4774830;-336528;560
201500028901;15;11;29;850;1;2;1;1;7;121;0, POTTIER (RUE  EUGENE;M;4776275;-339561;560
201500028902;15;3;19;1600;1;1;1;1;7;98;133, JAURES (RUE  JEAN );M;4776705;-335572;560
201500028903;15;3;22;215;4;1;1;1;7;121;27, CLISSON (RUE ET SQUA;M;4775153;-336484;560
201500028904;15;3;22;855;1;1;1;1;3;162;0, D 162;M;4773313;-348847;560
201500028905;15;3;24;816;1;2;1;1;7;98;0, BILLOUX ( AV. FRANCOI;M;4776311;-334933;560
201500028906;15;3;27;920;1;2;1;1;2;98;0, KESLER-DEVILLERS ( AV;M;4776682;-333754;560
201500028907;15;3;28;1245;1;2;1;1;3;121;0, HENAFF ( ET IMP. JOSE;M;4774816;-339333;560
201500028908;15;4;2;1115;1;2;1;2;7;121;0, SVOB ( BOULEVARD EMMA;M;4775006;-336662;560
201500028909;15;4;3;1440;1;2;1;1;7;121;0, PERAULT (RUE );M;4774479;-336350;560
201500028910;15;4;3;2335;5;2;1;1;2;121;03, MERVILLE (RUE  JEAN;M;4774515;-337512;560
201500028911;15;12;3;900;1;1;1;1;5;83;0, RN 165;M;4778861;-327592;560
201500028912;15;4;4;2025;1;2;2;1;3;121;80, DE GAULLE ( AVE DU G;M;4774040;-337579;560
201500028913;15;12;1;920;1;2;1;8;3;98;0, PELLETAN (RUE CAMILLE;M;4775767;-334969;560
201500028914;15;4;7;747;1;1;1;1;7;83;0, POLVERN (LIEU-DIT);M;4782588;-328260;560
201500028915;15;12;1;1855;5;2;1;1;6;98;107, JAURES (RUE  JEAN );M;4776602;-335740;560
201500028916;15;4;7;1444;1;2;2;1;3;121;0, CHAZELLES ( COURS LOU;M;4775272;-336175;560
201500028917;15;12;2;1543;1;2;1;1;6;121;102, BOLLARDIERE (RUE  G;M;4775314;-339152;560
201500028918;15;4;7;1800;1;2;6;1;3;107;0, KERHOAS (RUE DE);M;4772664;-338390;560
201500028919;15;12;3;820;2;2;1;8;6;98;SEMBAT (RUE MARCEL);M;4776570;-334529;560
201500028920;15;4;9;1435;1;2;1;1;7;121;0, TOUR DES PORTES (RUE;M;4774859;-336646;560
201500028921;15;12;3;1205;1;2;3;1;3;83;22, LIBERATION ( AV. DE;M;4780412;-327196;560
201500028922;15;4;11;148;5;2;1;1;7;121;0, THOREZ (RUE  MAURICE;M;4773996;-339335;560
201500028923;15;12;8;1159;1;2;1;7;6;121;03, LE BIHAN (RUE  MOISE;M;4773641;-338288;560
201500028924;15;4;11;1950;1;2;1;1;7;98;0, GUESDES (RUE  JULES );M;4776008;-333764;560
201500028925;15;12;9;920;1;2;1;1;3;121;0, MULLER ( DU COLONEL J;M;4776920;-340631;560
201500028926;15;4;13;950;1;2;3;1;7;98;0, SEMBAT (RUE MARCEL);M;4776855;-334485;560
201500028927;15;12;9;1447;1;2;1;7;2;121;0, JOFFRE ( BD MARECHAL;M;4775095;-336615;560
201500028928;15;4;14;840;1;2;1;1;7;121;35, LAENNEC ( BD );M;4775813;-336138;560
201500028929;15;12;10;1848;5;2;1;1;6;98;0, MAURIAC (RUE  FRANCOI;M;4776527;-334808;560
201500028930;15;4;19;1725;1;2;1;1;7;121;0, INDES ( QUAI DES );M;4774557;-335945;560
201500028931;15;4;18;1930;1;1;6;2;6;162;0, SOYE;M;4774122;-340631;560
201500028932;15;4;20;945;1;2;6;7;3;98;0, TRUDAINE (RUE  DANIEL;M;4777736;-333890;560
201500028933;15;4;25;1803;1;2;6;1;3;121;0, BLUM ( BD LEON );M;4774920;-337368;560
201500028934;15;12;16;2220;5;2;2;1;2;121;0, BELGIQUE (RUE  DE );M;4775976;-338149;560
201500028935;15;4;25;1851;1;2;1;1;2;83;0, MITTERAND ( AV. DU PR;M;4780860;-326194;560
201500028936;15;12;17;1510;1;2;1;1;6;121;0, MULLER ( DU COLONEL J;M;4776413;-339707;560
201500028937;15;4;26;1234;1;1;6;2;3;162;0, DOUET NEUF;M;4770979;-343862;560
201500028938;15;4;27;1730;1;2;1;1;7;98;20fanзois, MITTERRAND (R;M;4776655;-333542;560
201500028939;15;4;28;1720;1;2;1;1;6;98;0, LECLERC (RUE  GENERAL;M;4776168;-335186;560
201500028940;15;4;29;1909;1;2;1;1;2;121;0, MULLER ( DU COLONEL J;M;4776516;-339903;560
201500028941;15;5;2;2030;1;1;1;1;7;162;0, KERBERNES (CHEMIN DE);M;4773702;-340064;560
201500028942;15;5;3;1900;1;2;1;1;7;107;38, PLOEMEUR (RUE DE);M;4771870;-338936;560
201500028943;15;5;4;935;1;2;1;1;2;121;0, TOULLEC (RUE  FRANCOI;M;4773232;-337855;560
201500028944;15;12;18;1800;2;1;1;1;4;98;0, RN 165;M;4777822;-335472;560
201500028945;15;5;3;2338;5;2;1;1;7;98;95, GUESDES (RUE  JULES;M;4775984;-333760;560
201500028946;15;12;20;756;1;2;1;1;6;83;0, KERPOTENCE (RUE  DE );M;4781848;-325411;560
201500028947;15;5;4;2025;1;2;2;1;3;121;0, KERFICHANT (RUE);M;4775133;-338429;560
201500028948;15;12;20;1625;1;1;1;1;3;83;0, VANNES ( ROUTE DE );M;4779830;-325195;560
201500028949;15;5;5;1756;1;2;1;1;5;83;0, REPUBLIQUE ( AV. DE L;M;4779778;-329724;560
201500028950;15;12;21;1645;1;2;1;7;6;98;0, BILLOUX ( AV. FRANCOI;M;4776504;-335180;560
201500028951;15;12;23;1225;1;2;1;1;7;121;0, CHAIGNEAU (RUE);M;4775475;-335951;560
201500028952;15;5;6;855;1;2;2;1;3;121;0, TESTE (RUE  DU CDT );M;4775409;-336122;560
201500028953;15;5;6;1750;1;2;1;1;7;83;0, PICASSO ( AVENUE PABL;M;4780358;-328845;560
201500028954;15;12;28;1540;1;2;1;1;7;98;0, ALLENDE ( AV. PRESIDE;M;4781504;-324517;560
201500028955;15;5;7;1755;1;2;6;1;3;162;0, FORT BLOQUE (ROUTE DU;M;4773695;-343666;560
201500028956;15;12;29;1710;1;1;1;1;3;121;0, LE BIHAN (RUE  MOISE;M;4773626;-338246;560
201500028957;15;5;9;1633;1;1;3;1;3;121;0, VAUBAN (RUE  DE );M;4774956;-336253;560
201500028958;15;12;29;1830;5;2;1;2;6;121;4, JOFFRE ( BD MARECHAL;M;4775078;-336587;560
201500028959;15;12;30;1440;1;1;1;2;7;83;0, GARDELOUPE ( R-P DE L;M;4779956;-326056;560
201500028960;15;5;11;838;1;2;2;1;3;121;0, INDES ( QUAI DES );M;4774590;-336039;560
201500028961;15;5;11;1730;1;2;1;1;7;121;0, FOCH (RUE  MARECHAL );M;4774805;-335850;560
201500028962;15;12;30;1903;5;2;1;2;3;121;0, BELGIQUE (RUE  DE );M;4776312;-339347;560
201500028963;15;5;13;2239;5;2;1;1;3;121;143, BELGIQUE (RUE  DE );M;4776082;-338536;560
201500028964;15;5;18;851;1;1;1;1;2;83;0, RN 165;M;0;0;560
201500028965;15;5;19;825;1;1;1;1;7;162;0, KERHAM;M;4771981;-348045;560
201500028966;15;5;19;1450;1;2;1;1;3;121;99, COSMAO-DUMANOIR ( BD;M;4775408;-336711;560
201500028967;15;5;20;1825;1;2;3;1;1;98;0, GRANDE LANDE ( ROUTE;M;4775316;-333390;560
201500028968;15;5;20;2013;1;2;1;1;7;121;0, BIR-HAKEIM ( RD-PT );M;4773919;-337969;560
201500028969;15;5;21;1650;1;1;1;1;1;121;0, VILLENEUVE (RUE  DE L;M;4774975;-338050;560
201500028970;15;5;24;2215;5;2;4;1;7;162;0, KERYADO (RUE DE);M;4776638;-340138;560
201500028971;15;5;26;1459;1;2;2;1;3;121;0, KERLIN (RUE  DE );M;4774722;-337655;560
201500028972;15;5;27;2110;2;2;1;1;7;98;0, PARIS (RUE COMMUNE DE;M;4777162;-333877;560
201500028973;15;5;30;145;5;2;1;1;7;83;4, REPUBLIQUE ( AV. DE L;M;4780128;-328283;560
201500028974;15;6;1;1005;1;1;2;1;3;98;8, COMBES (RUE  EMILE );M;4777069;-334819;560
201500028975;15;6;2;1805;1;1;1;1;7;98;RN 165;M;4777990;-334419;560
201500028976;15;6;4;1355;1;2;3;1;3;98;0, DU 19 MARS 1962 (RUE);M;4777862;-334042;560
201500028977;15;6;4;1820;1;2;1;1;7;121;0, BOLLARDIERE (RUE  GEN;M;4775320;-339158;560
201500028978;15;6;4;1900;1;2;1;1;7;162;0, ARGOAT (RUE D' );M;4790183;-241239;560
201500028979;15;6;5;906;1;2;1;1;6;121;0, BOLLARDIERE (RUE  GEN;M;4775321;-339159;560
201500028980;15;6;5;1725;1;1;1;1;7;121;0, LE BRAZ ( PL. ANATOLE;M;4774907;-335983;560
201500028981;15;6;5;2010;1;1;1;1;1;98;MARCEL SAMBAT;M;4776328;-334601;560
201500028982;15;6;7;1420;1;2;1;1;7;121;0, THOMAS ( BD ALBERT );M;4773611;-336817;560
201500028983;15;6;8;1300;1;2;2;1;7;121;0, KERLIN (RUE  DE );M;4774723;-337658;560
201500028984;15;6;9;2020;1;2;3;1;3;121;0, JOLIOT-CURIE (RUE  IR;M;4774835;-338063;560
201500028985;15;6;10;1100;1;2;1;7;1;121;0, CHAZELLES ( COURS LOU;M;4775509;-336331;560
201500028986;15;6;12;1510;1;1;1;1;6;98;0, DUCLOS (RUE  JACQUES;M;4777540;-334086;560
201500028987;15;6;13;702;1;2;1;1;7;121;0, KERVARIC (ROND POINT;M;4774832;-338860;560
201500028988;15;6;14;1515;1;2;1;1;3;83;0, GARDELOUPE ( R-P DE L;M;4779986;-326048;560
201500028989;15;6;16;1628;1;2;1;1;2;83;0, REPUBLIQUE ( AV. DE L;M;4780099;-328376;560
201500028990;15;6;16;1723;1;2;1;1;3;98;0, KESLER-DEVILLERS ( AV;M;4776798;-334272;560
201500028991;15;6;18;1410;1;1;6;1;6;121;0, FAURE (RUE  GABRIEL );M;4776513;-337524;560
201500028992;15;6;19;1924;1;2;1;1;5;121;0, SCORFF ( BD DU );M;4776290;-336702;560
201500028993;15;6;20;1700;1;1;1;1;7;98;;M;4778032;-330975;560
201500028994;15;6;23;850;1;1;1;1;3;162;0, FORT BLOQUE (ROUTE DU;M;4773852;-344583;560
201500028995;15;6;25;1112;1;1;1;1;7;162;0, D 162;M;4773835;-344327;560
201500028996;15;6;26;830;1;1;1;1;7;83;0, LOCOYARNE ( R-P DE );M;4779072;-327726;560
201500028997;15;6;27;139;3;1;1;1;7;162;0, QUEVEN (RUE DE);M;4773715;-342890;560
201500028998;15;6;27;1125;1;2;3;1;6;121;0, SCORFF ( BD DU );M;4776110;-336591;560
201500028999;15;6;28;830;1;1;1;1;6;162;0, SOYE;M;4774194;-341164;560
201500029000;15;7;1;825;1;1;1;1;4;83;0, LOCOYARNE ( R-P DE );M;4779065;-327679;560
201500029001;15;7;2;1755;1;2;1;1;5;98;213, JAURES (RUE  JEAN );M;4776975;-335088;560
201500029002;15;7;3;205;5;2;1;1;7;121;144, BELGIQUE (RUE  DE );M;4776048;-338449;560
201500029003;15;7;5;623;1;2;1;2;7;83;186, BALZAC (RUE  HONORE;M;4781492;-324594;560
201500029004;15;7;7;1333;1;2;1;1;7;98;361, TRUDAINE (RUE  DANI;M;4777944;-333522;560
201500029005;15;7;9;1538;1;2;1;1;6;121;0, ROUTE DEPARTEMENTALE;M;0;0;560
201500029006;15;7;9;1705;1;2;3;1;3;162;0, SAINT BIEUZY (RUE DE);M;4773369;-343048;560
201500029007;15;7;16;1938;1;2;1;1;7;98;148, JAURES ( AVE JEAN );M;4776849;-335305;560
201500029008;15;7;19;1747;1;2;1;2;7;121;0, BOLLET ( PAUL );M;4775399;-338427;560
201500029009;15;7;21;800;2;2;1;2;7;121;0, RN 465;M;4775877;-338438;560
201500029010;15;7;21;950;1;1;1;2;7;121;0, BOLLARDIERE (RUE  GEN;M;4775352;-339175;560
201500029011;15;7;22;1245;1;2;1;1;2;121;56, MONISTROL (RUE);M;4773444;-338456;560
201500029012;15;7;22;1545;1;2;1;1;2;83;RN 165;M;0;0;560
201500029013;15;7;25;1415;1;2;1;1;3;121;0, KERFORN (RUE ET PLACE;M;4775356;-338797;560
201500029014;15;7;26;1945;1;2;3;2;3;98;COMBES (RUE  EMILE );M;4777069;-334820;560
201500029015;15;7;29;1600;1;2;1;1;3;121;11, KERMELO ( ET IMP. DE;M;4773798;-338696;560
201500029016;15;7;29;2055;2;1;1;1;2;98;0, JAURES (RUE  JEAN );M;4776318;-336207;560
201500029017;15;7;30;900;1;2;3;1;3;121;0, BOLLARDIERE (RUE  GEN;M;4775365;-339177;560
201500029018;15;7;30;2000;1;2;2;1;2;162;0, SAINTE  ANNE (RUE);M;4773858;-341947;560
201500029019;15;7;31;1803;1;2;6;1;3;107;0, LE PORT (ROGER BOULEV;M;4771692;-337309;560
201500029020;15;8;4;1130;1;1;1;1;3;121;05, TOULLEC (RUE  FRANCO;M;4773321;-337728;560
201500029021;15;8;4;1150;1;2;2;1;3;162;06, KORRIGANS (ALLEE DES;M;4773535;-349706;560
201500029022;15;8;6;1747;1;2;6;1;3;83;0, ALLENDE ( AV. PRES. S;M;4780297;-326558;560
201500029023;15;8;8;1125;1;2;1;1;3;107;0, PINSONS (RUE DES);M;4771524;-337536;560
201500029024;15;8;11;2035;1;2;2;1;6;121;28, JAURES ( AVE JEAN );M;4774525;-337133;560
201500029025;15;8;12;1843;1;2;1;1;7;121;0, SCORFF ( BD DU );M;4776201;-336654;560
201500029026;15;8;14;901;1;2;1;2;3;121;0, BASE DES SOUS-MARINS;M;4773585;-337393;560
201500029027;15;8;14;1051;1;2;1;1;7;121;COLBERT (RUE);M;4775128;-335968;560
201500029028;15;8;14;1410;1;1;1;1;1;162;0, D 163;;;;560
201500029029;15;8;17;1735;1;2;2;1;3;121;0, CREN (RUE  LOUIS );M;4774271;-337950;560
201500029030;15;8;21;1545;1;2;1;1;2;98;199, JAURES (RUE  JEAN );M;4776919;-335188;560
201500029031;15;8;21;1801;1;2;1;1;7;121;14, FRANCE ( AVE ANATOLE;M;4774605;-336703;560
201500029032;15;8;23;1903;1;1;1;2;1;83;0, PASTEUR ( AVENUE );M;4780228;-328407;560
201500029033;15;8;27;1042;1;1;1;1;2;107;0, KERFORNET (CIMETIERE);M;4771186;-339717;560
201500029034;15;8;27;1714;1;2;2;2;6;121;0, GUILLEMOT (RUE  ARMAN;M;4774499;-338984;560
201500029035;15;8;28;820;1;2;1;7;6;121;3, KERPAPE (RUE  DE );M;4773997;-338251;560
201500029036;15;8;30;1755;1;1;6;1;3;162;0, KERSCOUET;M;0;0;560
201500029037;15;9;1;1210;1;2;1;1;3;121;22, SVOB ( BOULEVARD EMM;M;4775043;-336833;560
201500029038;15;9;1;1710;1;2;2;1;6;83;0, FERRY ( ET IMP. JULES;M;4780286;-328500;560
201500029039;15;9;2;1935;1;2;2;1;3;98;0, NORMANDIE NIEMEN ( BD;M;4776257;-336062;560
201500029040;15;9;4;900;1;1;1;1;2;121;0, BASE DE SOUS-MARINS (;M;4773531;-337418;560
201500029041;15;9;5;2005;5;2;1;1;7;98;0, KESLER-DEVILLERS ( AV;M;4776708;-333950;560