num_acc;an;mois;jour;hrmn;lum;agg;int;atm;col;com;adr;gps;lat;long;dep
201500029042;15;9;7;800;1;2;2;1;3;121;42, KERGUESTENEN (RUE  D;M;4775368;-339179;560
201500029043;15;9;7;1128;1;1;3;1;3;162;0, KERSCOUET;M;4770752;-343730;560
201500029044;15;9;9;1615;1;2;4;1;3;121;, COUEDIC (RUE  DU );M;4774982;-336342;560
201500029045;15;9;11;1115;1;2;1;1;2;162;0, KERBRIENT;M;4772560;-341095;560
201500029046;15;9;12;105;5;2;1;1;7;121;0, SVOB ( BOULEVARD EMMA;M;4775036;-336715;560
201500029047;15;9;12;232;5;2;1;2;6;83;20, REPUBLIQUE ( AV. DE;M;4780065;-328540;560
201500029048;15;9;12;1115;1;2;6;1;3;121;0, KERFICHANT (RD POINT;M;4775497;-339157;560
201500029049;15;9;13;1540;1;2;1;1;7;121;0, KERVARIC (ROND POINT;M;4774835;-338862;560
201500029050;15;9;13;1816;1;1;1;1;7;83;0, LOCOYARNE ( R-P DE );M;4779123;-327701;560
201500029051;15;9;14;750;2;1;1;6;5;121;0, RN 465;M;4775078;-338718;560
201500029052;15;9;14;1620;1;2;1;1;7;83;19, SAINT-ANTOINE (RUE;M;4779562;-325683;560
201500029053;15;9;18;2322;5;2;1;1;7;121;0, CALVAIRE (RUE  DU );M;4773651;-336541;560
201500029054;15;9;18;2349;3;1;1;1;7;83;0, RN 165;M;4778911;-327199;560
201500029055;15;9;20;1955;1;2;3;7;3;162;0, STADE (AVENUE DU);M;4773384;-343573;560
201500029056;15;9;24;1425;1;2;1;1;7;121;0, MARNE ( AV DE LA );M;4774236;-336842;560
201500029057;15;9;25;710;5;1;1;1;6;98;123, JAURES (RUE  JEAN );M;4776662;-335643;560
201500029058;15;9;25;1635;1;1;1;1;7;162;0, FORT BLOQUE (ROUTE DU;M;4773831;-344406;560
201500029059;15;9;25;1732;1;1;1;1;7;162;0, MITTERRAND (RUE FRANC;M;4773251;-342233;560
201500029060;15;9;26;542;5;2;1;1;7;121;0, BELGIQUE (RUE  DE );M;4775962;-338112;560
201500029061;15;9;28;1340;1;2;1;1;7;121;0, MASSE (RUE  VICTOR );M;4775078;-336143;560
201500029062;15;9;28;1645;1;1;2;1;3;98;0, GAGARINE (RUE  YOURI;M;4777429;-333818;560
201500029063;15;9;29;850;2;2;6;1;2;121;0, BELLE-FONTAINE (RUE;M;4774532;-336603;560
201500029064;15;9;29;1615;1;1;2;1;3;83;0, 19 MARS 1962 (RUE  DU;M;4781062;-325231;560
201500029065;15;9;30;1225;1;2;3;1;3;121;0, KERGUESTENEN (RUE  DE;M;4775256;-339130;560
201500029066;15;9;30;1700;1;1;1;1;3;162;0, KERVAM (RUE DE);M;4773426;-342704;560
201500029067;15;9;30;2239;5;2;3;1;3;98;189, JAURES (RUE  JEAN );M;4776882;-335245;560
201500029068;15;10;2;2153;5;2;1;1;1;98;0, MAURIAC (RUE  FRANCOI;M;4776548;-334551;560
201500029069;15;10;5;1136;1;2;3;1;2;121;0, PLOEMEUR ( ET IMP DE;M;4776207;-338975;560
201500029070;15;10;5;1150;1;2;1;1;7;121;0, BLUM ( BD LEON );M;4774725;-337634;560
201500029071;15;10;6;845;1;2;3;1;3;162;0, MITTERRAND (RUE FRANC;M;4773256;-342160;560
201500029072;15;10;8;10;3;1;1;1;7;83;0, CD 765;M;4779905;-325682;560
201500029073;15;10;8;910;1;2;6;7;2;121;0, JOALLAND (RUE DU  GEN;M;4774124;-337302;560
201500029074;15;10;8;1240;1;1;1;1;7;83;0, REPUBLIQUE ( AV. DE L;M;4779736;-329858;560
201500029075;15;10;9;800;2;2;6;1;3;121;0, MARIENNE ( AV CAPITAI;M;4773877;-339177;560
201500029076;15;10;9;900;1;2;1;1;2;98;0, FABIEN ( AV. DU COLON;M;4776198;-334106;560
201500029077;15;10;12;1500;1;1;1;1;7;162;0, KERSCOUET;M;4770854;-342134;560
201500029078;15;10;13;1435;1;2;1;1;6;121;101, BELGIQUE (RUE  DE );M;4775992;-338196;560
201500029079;15;10;14;1120;1;2;1;1;2;98;74, CROIZAT ( AVE AMBROI;M;4777539;-334595;560
201500029080;15;10;17;2004;5;2;3;1;2;121;0, BLUM ( BD LEON );M;4774914;-337358;560
201500029081;15;10;18;1700;1;2;3;1;2;83;0, COMMUNE DE PARIS ( AV;M;4780164;-326381;560
201500029082;15;10;21;947;1;2;1;1;6;121;0, DE GAULLE ( AVE DU GE;M;4774125;-337316;560
201500029083;15;10;16;1655;1;2;1;1;6;121;0, PLENENO (RUE  DU );M;4776048;-338718;560
201500029084;15;10;21;1700;1;2;6;1;7;98;0, TRUDAINE (RUE  DANIEL;M;4778002;-333374;560
201500029085;15;10;27;2025;4;2;3;2;6;121;0, COSMAO-DUMANOIR ( BD;M;4775303;-337560;560
201500029086;15;10;28;1010;1;1;1;1;6;83;35, QUELLENEC (RUE  DU );M;4781804;-323809;560
201500029087;15;11;1;545;3;1;1;1;6;121;0, RN 465;M;4775767;-338509;560
201500029088;15;11;1;1630;1;1;4;1;3;83;0, LOCOYARNE ( DU BAS );M;4778613;-327746;560
201500029089;15;11;2;907;1;2;1;7;6;121;98, KERLIN (RUE  DE );M;4774900;-338127;560
201500029090;15;11;3;755;2;2;1;7;3;121;12 TOULLEC (RUE  FRANCOI;M;4773249;-338004;560
201500029091;15;11;3;2145;3;2;1;2;7;83;0, RESISTANCE (AVENUE  D;M;4782254;-324420;560
201500029092;15;11;4;1445;1;2;1;1;6;98;118, JAURES (RUE  JEAN );M;4776726;-335519;560
201500029093;15;11;5;100;3;2;1;1;6;107;0, KENNEDY (AVENUE DU PR;M;4771085;-338520;560
201500029094;15;11;5;745;3;2;1;8;4;121;0, RN 465;M;4776292;-338078;560
201500029095;15;11;6;1958;5;2;1;2;1;162;0, LARMOR (RUE DE);M;4773271;-342150;560
201500029096;15;11;7;1042;1;2;1;1;6;121;0, CHAZELLES ( COURS LOU;M;4775614;-336409;560
201500029097;15;11;7;1525;1;2;1;1;7;121;0, VERDUN (RUE  DE );M;4775918;-336565;560
201500029098;15;11;8;1221;1;1;1;1;7;98;RN 165;M;4778140;-334214;560
201500029099;15;11;9;1335;1;2;1;1;6;83;0, ALLENDE ( AV. PRES. S;M;4780850;-325577;560
201500029100;15;11;9;1945;5;2;1;1;7;83;0, KERPOTENCE (RUE  DE );M;4781139;-324205;560
201500029101;15;11;13;1320;1;2;6;1;3;98;0, LANN-SEVELIN (ROND PO;M;4777743;-334465;560
201500029102;15;11;16;1026;1;2;1;3;3;121;0, RN 465;M;4775688;-338588;560
201500029103;15;11;18;813;1;2;1;1;6;121;0, ZAY (RUE  JEAN );M;4774356;-338858;560
201500029104;15;1;1;656;2;2;1;1;7;162;0, BRIAND ( AV. ARISTIDE;;;;560
201500029105;15;1;8;740;2;2;6;2;2;121;0, KERYADO ( RD-PT DE );M;4776359;-339498;560
201500029106;15;1;9;835;1;2;1;2;3;121;0, CHAZELLES ( COURS LOU;M;4775480;-336317;560
201500029107;15;1;10;15;5;2;1;1;7;121;86, BELGIQUE (RUE  DE );M;4775944;-338097;560
201500029108;15;1;12;720;3;2;1;2;7;98;0, MITTERAND ( AV. FRANC;M;4776632;-330634;560
201500029109;15;1;12;1517;1;2;1;1;3;121;204, BELGIQUE (RUE  DE );M;4776154;-338830;560
201500029110;15;1;16;1837;5;2;2;1;3;98;GUESDES (RUE  JULES );M;4776213;-333753;560
201500029111;15;1;17;1650;1;2;1;1;2;121;0, KERJULAUDE ( RUE DE );M;4774242;-338493;560
201500029112;15;1;19;1635;1;2;6;1;3;121;0, KERVARIC (ROND POINT;M;4774837;-338877;560
201500029113;15;1;23;1735;1;2;1;1;7;107;0, KERMELO (PONT);M;4772674;-338388;560
201500029114;15;1;26;1803;1;2;1;1;7;121;120, GUIEYSSE (RUE  PAUL;M;4775773;-337435;560
201500029115;15;1;28;845;1;2;1;1;7;121;0, KERYADO ( RD-PT DE );M;4776338;-339546;560
201500029116;15;1;29;1705;1;2;1;2;6;98;0, PERI (RUE GABRIEL);M;4775924;-335271;560
201500029117;15;1;30;610;5;2;3;2;3;121;0, SANGNIER (RUE  MARC );M;4774764;-337420;560
201500029118;15;1;30;510;3;1;1;1;7;98;0, MALACHAPPE (LIEU-DIT);M;4779046;-331935;560
201500029119;15;1;30;1930;5;2;1;1;3;121;0, CHAZELLES ( COURS LOU;M;4775483;-336327;560
201500029120;15;2;3;830;1;2;1;1;5;83;0, RN 165;;;;560
201500029121;15;2;4;1319;1;2;1;1;7;121;0, LE COAT SAINT HAOUEN;M;4774708;-339339;560
201500029122;15;2;6;1340;1;2;1;1;7;121;0, BECAM (RUE  EUGENE );M;4773728;-338663;560
201500029123;15;2;6;1450;1;2;1;1;7;83;97, JOFFRE (RUE  DU MARE;M;4780764;-327259;560
201500029124;15;2;6;2045;4;2;1;1;1;98;30, MITTERAND ( AV. FRAN;M;4776605;-333299;560
201500029125;15;2;7;2030;5;2;1;1;3;121;NAYEL ( ET PLACE AUGUSTE;M;4774638;-336146;560
201500029126;15;2;8;1015;1;2;1;1;7;162;0, LAUDE (RUE DE);M;4772105;-341555;560
201500029127;15;2;11;835;1;2;3;1;7;121;0, DUGUAY-TROUIN (RUE RE;M;4774269;-336341;560
201500029128;15;2;13;809;1;2;1;1;7;83;Av Arisde BRUANT;M;4780565;-325944;560
201500029129;15;2;13;1210;1;2;1;2;3;162;0, LECLERC (RUE DU GENER;M;4773854;-341963;560
201500029130;15;5;11;1315;1;2;1;1;6;111;05 rue des arts;M;4393411;370706;340
201500029131;15;5;26;745;1;1;1;1;1;152;;M;4379187;379498;340
201500029132;15;7;2;1745;1;1;1;1;6;42;;M;4386637;374031;340
201500029133;15;11;3;1845;3;1;1;2;6;185;;M;4381256;374353;340
201500029134;15;3;8;1638;1;2;3;1;6;260;., AMPERE(RUE);M;4764661;-275897;560
201500029135;15;3;14;903;1;2;3;1;3;260;., MONNET(AVENUE JEAN);M;4766071;-276064;560
201500029136;15;3;12;1143;1;2;1;1;2;260;28, JUDE(RUE DU CAPITAIN;M;4766345;-276506;560
201500029137;15;3;19;1605;1;2;1;1;2;260;15, FABRE(RUE DU GENERAL;M;4765657;-271972;560
201500029138;15;4;11;1706;1;2;1;1;2;260;21, THIERS(RUE);M;4765523;-275975;560
201500029139;15;4;21;2245;3;2;2;1;1;260;RESISTANCE(BLD DE LA) 4;M;4764786;-278181;560
201500029140;15;4;25;1802;1;1;1;2;2;260;RN 166 -SENS VANNES / RE;M;4766702;-272533;560
201500029141;15;5;21;1350;1;1;2;1;6;260;., ARRADON(RUE JEROME D';M;4765565;-276689;560
201500029142;15;5;20;1740;1;2;1;1;2;260;., R.D. 779 (KERGRAIN/LU;M;4766394;-279447;560
201500029143;15;6;4;1508;1;2;1;1;3;260;10, ILES(BOULEVARD DES);M;4765270;-278492;560
201500029144;15;6;5;2023;1;2;2;1;6;260;., SCHUMAN(RUE ROBERT);M;4764897;-277055;560
201500029145;15;6;18;1513;1;2;3;1;6;260;., THIERS(RUE);M;4765772;-275991;560
201500029146;15;6;23;847;1;2;6;1;6;260;6, FAVREL ET LINCY(AVENU;M;4766403;-275527;560
201500029147;15;6;23;1620;1;2;2;1;1;260;HUGO(AVENUE VICTOR) 1 A;M;4766142;-275706;560
201500029148;15;6;16;1850;1;2;3;1;3;260;PONTIVY(BOULEVARD DE);M;4767083;-277069;560
201500029149;15;6;20;2348;5;2;1;1;6;260;17, VERDUN(AVENUE DE);M;4765860;-274872;560
201500029150;15;6;24;1804;1;2;3;1;6;260;., FORTIN DE BEAUSEJOUR(;M;4765698;-274512;560
201500029151;15;7;18;1553;1;2;1;1;3;260;DECKER(RUE FRANCIS);M;4765682;-275504;560
201500029152;15;7;20;1819;1;1;9;1;6;260;MICHELIN(AVENUE EDOUARD);M;4765971;-270700;560
201500029153;15;8;15;1930;1;2;3;1;3;260;SEGUR(RUE MADAME DE);M;4766702;-277353;560
201500029154;15;9;2;945;1;2;1;1;3;260;., PONTIVY(BOULEVARD DE);M;4768257;-276748;560
201500029155;15;8;25;1040;1;2;1;1;6;260;GARE(PLACE ET ESPLANADE;M;4766472;-275343;560
201500029156;15;9;13;1537;1;2;1;1;3;260;22, FROMENTIN(RUE DU LIE;M;4764907;-276688;560
201500029157;15;9;15;1236;1;2;2;1;3;260;., WILSON(AVENUE);M;4766749;-275685;560
201500029158;15;9;15;630;3;2;1;1;5;260;x, PONTIVY(BOULEVARD DE);M;4767687;-277454;560
201500029159;15;6;11;900;1;2;3;1;3;260;PONTIVY(BOULEVARD DE);M;4767085;-277069;560
201500029160;15;9;19;1745;1;2;1;1;4;260;BOUCICAUT(RUE ARISTIDE);M;4767055;-279166;560
201500029161;15;9;21;2118;3;1;4;8;7;260;., RN 165 -SENS NANTES /;M;4766855;-277284;560
201500029162;15;10;3;1900;1;2;2;1;2;260;XXX, WILSON(AVENUE);M;4766744;-275682;560
201500029163;15;10;6;800;2;2;2;2;1;260;REMY(BOULEVARD DU COLONE;M;4765646;-278235;560
201500029164;15;10;22;1935;1;2;1;1;6;260;., AOUT 1944(RUE DU 4);M;4767606;-276031;560
201500029165;15;10;17;1446;1;2;1;1;1;260;., MONSABERT(BOULEVARD D;M;4766642;-277135;560
201500029166;15;10;29;1410;1;2;3;1;3;260;., AOUT 1944(RUE DU 4);M;4767606;-276035;560
201500029167;15;11;4;725;2;2;3;2;3;260;., PAIX(BLD DE LA) 41 A;M;4766092;-275442;560
201500029168;15;11;4;1435;1;2;1;1;6;260;11B, HOCHE(RUE);M;4765865;-276198;560
201500029169;15;11;7;1150;1;2;7;8;2;260;JEAN XXIII(PLACE);M;4765613;-276456;560
201500029170;15;11;19;1925;5;2;1;1;2;260;60, HUGO(AVENUE VICTOR);M;4766271;-275632;560
201500029171;15;11;13;1920;5;2;1;1;3;260;39, PAIX(BLD DE LA) 1 A;M;4766142;-275808;560
201500029172;15;11;24;1650;1;2;1;1;3;260;., CHURCHILL(RUE WINSTON;M;4764571;-277037;560
201500029173;15;11;28;2015;3;2;4;1;3;260;., VERDUN(AVENUE DE);M;4766715;-273544;560
201500029174;15;12;7;1620;1;2;4;1;3;260;, ROUILLE(RUE VINCENT);M;4765568;-276687;560
201500029175;15;12;11;1955;5;2;1;1;3;260;., R.I.(RUE DU 65EME);M;4766801;-275288;560
201500029176;15;1;31;128;5;2;1;8;6;260;RESISTANCE(BLD DE LA) DD;M;4764180;-277497;560
201500029177;15;2;11;1945;2;2;4;1;3;260;10, VERDUN(AVENUE DE);M;4765867;-274857;560
201500029178;15;12;23;2200;3;1;1;8;6;159;;M;4764804;-32208;490
201500029179;15;7;13;2000;1;2;3;1;1;287;BOURG SUD;M;4456700;3410;330
201500029180;15;8;20;1600;1;1;1;1;2;254;;M;4452940;-4244;330
201500029181;15;10;21;1655;1;1;8;1;3;533;RTE CHATEAU DE MALLE;M;4456230;-28740;330
201500029182;15;10;28;1100;1;1;2;1;3;60;;M;4454894;-33598;330
201500029183;15;12;30;1730;2;2;6;1;2;227;ROND POINT D AQUITAINE;M;4455644;-25268;330
201500029184;15;1;3;1845;3;1;1;2;6;392;;M;4458460;-26924;330
201500029185;15;6;27;845;1;2;8;8;1;30;LD Pleguemate - PN53;M;4460154;-31881;330
201500029186;15;9;13;100;3;1;1;2;7;552;;M;4465885;-37067;330
201500029187;15;10;31;1045;1;1;1;1;1;337;;M;4457485;-28974;330
201500029188;15;12;20;1145;1;2;1;1;3;7;85,Cr du Gal de Gaulle;M;4467343;-39695;330
201500029189;15;8;8;415;3;2;1;1;1;304;Bd front de mer quartier;M;4367205;-143933;400
201500029190;15;3;4;1900;5;2;1;1;6;227;NATIONALE(RUE)R.DE LA CO;;;;570
201500029191;15;12;16;1110;1;1;1;3;7;227;CD31E;;;;570
201500029192;15;11;17;2150;5;2;1;1;3;227;18, NATIONALE (RUE)DU C.;M;4918920;690619;570
201500029193;15;12;6;1535;1;2;1;1;3;227;NATIONALE(RUE)R.DE LA CO;;;;570
201500029194;15;6;24;1750;1;2;1;1;3;537;31, GAULLE(RUE GAL DE)DE;M;4919514;685222;570
201500029195;15;9;2;1525;1;2;6;1;6;227;22, NATIONALE (RUE)DU C.;M;4918905;690599;570
201500029196;15;12;2;1758;5;2;1;1;6;227;213, NATIONALE(RUE)GIRAT;M;4918113;688902;570
201500029197;15;2;7;1805;3;1;1;1;7;227;PARC A BOIS (ROUTE DU );;;;570
201500029198;15;2;11;620;5;2;1;1;6;660;NATIONALE(RUE)LIMITE FOR;M;4919475;692030;570
201500029199;15;3;19;1020;1;2;1;1;6;606;21, AMERICAINS (RUE DES);M;4910440;670742;570
201500029200;15;3;18;1025;1;2;1;1;6;606;7, FOCH (RUE DU MARECHAL;M;4910324;670295;570
201500029201;15;3;27;1755;2;2;1;1;2;240;64, FORBACH (RUE DE);M;4914882;682455;570
201500029202;15;6;27;752;2;1;1;9;1;606;CD 72 (ROUTE DE PORCELET;M;4913756;667867;570
201500029203;15;7;15;845;1;1;1;1;3;332;Route dйpartementale 603;;;;570
201500029204;15;9;24;2230;3;1;1;1;6;606;RD 603;M;4910955;672533;570
201500029205;15;10;24;2029;4;2;1;1;6;606;2, CLEMENCEAU (AVENUE GE;M;4910351;670568;570
201500029206;15;10;28;1920;5;2;1;8;6;240;30, CHARPENTIER (RUE GUS;M;4908000;649000;570
201500029207;15;11;20;1700;5;2;1;3;6;606;19, CLEMENCEAU (AVENUE G;M;4910611;670506;570
201500029208;15;2;2;1940;5;2;8;1;6;591;1, MONDON (RUE);M;4925482;609558;570
201500029209;15;4;19;2158;5;1;2;1;1;19;CD 47;;;;570
201500029210;15;6;4;1145;1;2;7;7;6;591;1, GARE (PLACE);M;4925628;609919;570
201500029211;15;6;1;640;1;1;1;2;2;591;RN 52;M;4926093;610419;570
201500029212;15;6;12;745;1;1;1;1;1;591;CD181;M;4923485;606498;570
201500029213;15;6;28;1920;1;2;3;1;3;19;9, RUE DE GAULLE;M;4925366;614990;570
201500029214;15;7;10;1910;1;2;3;1;2;143;97, FOCH (RUE);M;4926135;610254;570
201500029215;15;9;8;815;1;2;1;1;6;591;82, METZ (DE);M;4924572;610646;570
201500029216;15;11;4;1520;1;2;1;1;6;491;1, AVENIR (RUE DE L');M;4925103;605806;570
201500029217;15;1;3;615;5;1;1;2;2;616;40, PAUL LANGEVIN (AVENU;M;4914353;620106;570
201500029218;15;3;4;1510;1;2;1;1;6;463;84, ARENES (RUE AUX);M;4910655;617629;570
201500029219;15;1;4;1743;3;2;3;1;6;463;00, GUYENNE (BOULEVARD D;M;4911207;621858;570
201500029220;15;3;11;1800;1;2;2;1;1;480;00, SAINT LADRE (RUE );M;4909747;615559;570
201500029221;15;12;31;1620;1;2;9;1;6;487;00, JOUY (ROUTE DE );M;4908169;610770;570
201500029222;15;1;6;1715;5;2;3;1;6;463;3, PHILIPPE DE VIGNEULLE;M;4910657;616638;570
201500029223;15;3;13;1510;1;2;1;1;7;463;25, LOTHAIRE (RUE );M;4909993;617909;570
201500029224;15;1;13;1756;5;2;4;2;6;463;00, FELIX MARECHAL (QUAI;M;4912257;617815;570
201500029225;15;3;15;330;5;2;1;1;6;463;00, PLAPPEVILLE (ROUTE D;M;4912875;614169;570
201500029226;15;1;19;1500;1;2;2;8;6;463;53, HAUTE SEILLE (RUE );M;4911375;618222;570
201500029227;15;3;18;1215;1;2;3;1;1;463;00, HENRI II (AVENUE );M;4912563;615869;570
201500029228;15;1;27;2330;5;2;1;2;6;463;00, VILLARS (RUE );M;4913461;616563;570
201500029229;15;3;19;1730;1;2;3;1;3;463;51, JARDINIERS (RUE DES;M;4909665;617803;570
201500029230;15;1;29;2018;5;2;3;4;6;463;00, LOUIS GANNE (RUE );M;4911566;620463;570
201500029231;15;3;20;1630;1;2;4;1;5;463;00, ALLIES (RUE DES);M;4912664;616244;570
201500029232;15;2;5;735;1;2;1;8;6;463;119, VALLIERES (RUE DE );M;4912325;620421;570
201500029233;15;3;29;1510;1;2;1;2;6;463;2, PIERRE CHEDEAUX (RUE;M;4910116;619591;570
201500029234;15;2;5;1935;5;1;1;1;6;463;87 D, SENTE A MY (RUE );M;4909446;617614;570
201500029235;15;3;30;847;1;1;2;8;3;487;000, RD157B;M;4909550;611919;570
201500029236;15;2;6;845;1;2;1;1;6;412;00, SAINT SYMPHORIEN (BO;M;4911504;615257;570
201500029237;15;4;8;1400;1;1;4;1;1;463;126, JEAN BAUCHEZ (RUE);M;4913680;614381;570
201500029238;15;2;9;1940;5;2;3;1;3;463;00, LAURENT CHARLES MARE;M;4910067;618858;570
201500029239;15;4;9;1210;1;2;1;1;2;49;00, GENERAL DE GAULLE (A;;;;570
201500029240;15;2;19;1905;5;1;1;1;2;545;71, BAUCHEZ (RUE JEAN);M;4913535;613699;570
201500029241;15;4;12;1345;1;2;3;1;6;463;23, XX EME CORPS AMERICA;M;4910317;616477;570
201500029242;15;4;16;1055;1;2;3;1;3;463;7, PLAPPEVILLE (ROUTE DE;M;4912563;615869;570
201500029243;15;2;25;1640;2;2;1;1;6;412;41b, FORT (RUE DU );M;4912048;613439;570
201500029244;15;4;16;1603;1;2;1;1;3;463;15, ALLIES (RUE DES);M;4913025;616566;570
201500029245;15;4;19;150;5;2;1;1;6;463;36, CLAUDE BERNARD (RUE;M;4911061;621822;570
201500029246;15;4;28;1750;1;2;1;1;3;751;32, CHAPITRE (RUE DU );M;4915167;616494;570
201500029247;15;5;4;1050;1;2;1;1;5;463;96, CASTELNAU (RUE );M;4909586;617097;570
201500029248;15;5;4;1630;1;2;3;1;3;463;00, CASERNE (RUE DE LA );M;4912602;617903;570
201500029249;15;5;5;1145;1;2;1;1;6;463;4, SAINT VINCENT DE PAUL;M;4911941;619744;570
201500029250;15;5;13;710;1;1;6;1;3;751;00, HENRY DE LADONCHAMPS;M;4915241;614894;570
201500029251;15;5;13;1416;1;2;3;1;3;463;4, LYON (AVENUE DE );M;4912128;619470;570
201500029252;15;5;16;535;1;2;3;1;6;642;87, LIBERTE (VOIE DE LA);M;4910839;612080;570
201500029253;15;5;18;1525;1;2;3;1;3;463;105, ANDRE MALRAUX (AVEN;M;4909992;618027;570
201500029254;15;5;21;735;1;2;2;1;6;463;103, LORRY (ROUTE DE );M;4913453;615089;570
201500029255;15;5;20;2010;1;2;1;1;3;463;38, WOIPPY (ROUTE  DE );M;4913312;616454;570
201500029256;15;5;21;1415;1;2;3;1;6;463;4, PONT SAINT MARCEL (RU;M;4912172;617007;570
201500029257;15;5;24;1347;1;1;1;1;6;463;5, ARSENAL (RUE  DE L');M;4912284;617947;570
201500029258;15;6;2;1015;1;2;1;1;3;463;5, LAFAYETTE (RUE );M;4910891;617466;570
201500029259;15;6;2;1945;1;2;4;1;3;487;00, RD 157B;M;4909544;611913;570
201500029260;15;6;6;1828;1;1;7;7;6;463;00, REPUBLIQUE (PLACE DE;M;4911483;617227;570
201500029261;15;6;8;725;1;2;3;1;1;480;GENERAL FRANIATTE (RUE D;M;4909147;615525;570
201500029262;15;6;10;850;1;2;6;1;6;463;13, GOETHE (RUE );M;4910610;616452;570
201500029263;15;6;11;1815;1;2;1;1;6;463;24, GUYENNE (BOULEVARD D;M;4910947;622025;570
201500029264;15;6;15;1607;1;2;1;1;6;49;5, SAINT SIGISBERT (RUE;M;4912214;614894;570
201500029265;15;6;15;1820;1;2;3;1;6;463;20, COETLOSQUET (RUE DU;M;4911544;617391;570
201500029266;15;6;22;1345;1;2;1;1;2;463;34, VERDUN (RUE DE );M;4910735;616916;570
201500029267;15;6;22;1434;1;2;1;2;6;463;42, VERDUN (RUE DE );M;4910720;616878;570
201500029268;15;6;23;1854;1;2;1;2;6;412;00, VERDUN (PONT DE );M;4911952;614490;570
201500029269;15;6;25;2315;5;2;3;1;3;463;PIERRE PERRAT (RUE );M;4911054;617198;570
201500029270;15;6;30;1635;1;2;3;1;3;463;00, POUILLY (RUE DE );M;4907128;618485;570
201500029271;15;6;30;2020;1;2;1;1;3;751;00, DOCTEUR CHARCOT (RUE;M;4914738;616581;570
201500029272;15;7;1;1205;1;2;6;7;3;447;METZ (RUE DE);M;4906813;614732;570
201500029273;15;7;15;1610;1;2;1;1;6;463;GENERAL METMAN;M;4911987;621922;570
201500029274;15;7;21;1500;1;2;1;1;6;751;2, TULIPES (ALLEE DES );M;4915008;616827;570
201500029275;15;7;21;1810;1;2;1;1;1;751;3, JEAN JAURES (AVENUE );M;4915401;615316;570
201500029276;15;7;27;1405;1;2;1;1;4;487;00, JOUY (ROUTE DE );M;4908069;610672;570
201500029277;15;7;31;1530;1;2;4;1;3;463;00, GRANGE AUX DAMES (RU;M;4913477;617724;570
201500029278;15;8;4;1550;1;2;6;1;6;447;00, RD5b;M;4908715;614006;570
201500029279;15;8;7;1808;1;2;1;1;5;463;4 Bis, WAD BILLY (RUE DU;M;4911670;618306;570
201500029280;15;8;7;1615;1;2;1;1;2;412;136 bis, GENERAL DE GAUL;M;4911220;613379;570
201500029281;15;8;10;930;1;2;3;1;5;463;55, THIONVILLE (ROUTE DE;M;4913515;616963;570
201500029282;15;8;14;1600;1;2;3;1;3;463;70, EUROPE (BOULEVARD DE;M;4911871;620300;570
201500029283;15;8;17;1610;1;2;1;1;6;463;64, SERPENOISE (RUE );M;4911565;617409;570
201500029284;15;8;18;1120;1;2;1;1;6;463;00, FELIX MARECHAL (QUAI;M;4912159;617615;570
201500029285;15;8;26;1020;1;2;3;1;5;463;3, TREVES (BOULEVARD DE;M;4912111;618836;570
201500029286;15;9;1;1745;1;1;1;1;4;463;00, VOIE RAPIDE EST;M;4911753;621415;570
201500029287;15;9;3;1045;1;2;1;1;3;412;68, GENERAL DE GAULLE (R;M;4911389;613841;570
201500029288;15;9;3;1705;1;1;3;1;6;463;00, LIMOUSIN (RUE DU );M;4911253;622043;570
201500029289;15;9;5;1920;1;2;3;1;6;480;39, GENERAL FRANIATTE (R;M;4909152;615517;570
201500029290;15;9;8;1310;1;2;1;1;6;463;35, FELIX MARECHAL (QUAI;M;4912256;617822;570
201500029291;15;9;11;1857;1;2;2;1;6;463;00, JEAN XXIII (AVENUE);M;4911323;618351;570
201500029292;15;9;25;725;2;2;1;1;3;480;107, GENERAL FRANIATTE (;M;4908715;615158;570
201500029293;15;9;29;1830;1;2;1;1;6;463;11, CLAUDE CHAPPE (RUE );M;4910465;622355;570
201500029294;15;10;5;1225;1;2;2;1;1;463;00, CLAUDE BERNARD (RUE;M;4911570;620474;570
201500029295;15;10;7;1330;1;2;3;1;3;463;42, FOCH (AVENUE );M;4911170;617817;570
201500029296;15;10;10;931;1;2;1;1;6;463;20, PONT A MOUSSON (RUE;M;4910185;616306;570
201500029297;15;10;12;1710;1;1;1;1;6;480;PONT A MOUSSON (RUE DE );M;4909900;614964;570
201500029298;15;10;13;1656;1;2;3;3;6;463;00, CASTELNAU (RUE );M;4909229;617619;570
201500029299;15;11;3;1755;1;2;3;1;6;463;14, JOSEPH HENOT (RUE );M;4910161;619854;570