num_acc;an;mois;jour;hrmn;lum;agg;int;atm;col;com;adr;gps;lat;long;dep
201500029300;15;11;4;1925;1;2;3;1;3;463;37, CHARLES PETRE (RUE );M;4910436;616866;570
201500029301;15;11;4;1920;5;2;3;1;3;49;00, GENERAL DE GAULLE (A;M;4912141;615014;570
201500029302;15;11;6;1835;5;2;1;2;6;463;00, FOCH (AVENUE );M;4911182;618015;570
201500029303;15;11;12;1330;1;2;3;1;3;463;00, CORCHADE (RUE DE LA;M;4912211;621560;570
201500029304;15;11;15;1430;1;2;3;1;3;463;16, GUYENNE (BOULEVARD D;M;4911205;621851;570
201500029305;15;11;18;750;1;2;1;1;6;463;00, MORTS (PONT DES );M;4912026;616967;570
201500029306;15;11;19;1706;2;2;3;1;6;463;00, DEUX FONTAINES (AVEN;M;4914328;617178;570
201500029307;15;11;19;1824;2;2;3;1;6;463;22, SENTE A MY (RUE );M;4910295;617757;570
201500029308;15;11;22;100;3;2;9;2;3;463;00, VOIE RAPIDE EST;M;4911567;619078;570
201500029309;15;11;26;1104;1;2;9;1;6;463;SOLIDARITE (BOULEVARD DE;M;4910715;622699;570
201500029310;15;11;30;1535;1;2;3;2;6;463;42, PATROTTE (RUE DE LA;M;4913514;616633;570
201500029311;15;12;1;1330;1;2;1;1;6;463;7, FOCH (AVENUE );M;4911132;617385;570
201500029312;15;12;3;1106;1;2;9;1;6;480;28, NOMENY (RUE DE );M;4908762;615602;570
201500029313;15;12;3;1655;5;2;3;1;6;463;57, THIONVILLE (ROUTE DE;M;4913519;616943;570
201500029314;15;12;6;415;3;1;1;5;6;545;, CARRIERES (RUE DES);M;0;0;570
201500029315;15;12;8;1426;1;2;1;1;6;447;34A, GARENNES (RUE DES);M;4907533;614584;570
201500029316;15;12;11;815;1;2;3;1;6;447;00, RD 113a;M;4906187;616206;570
201500029317;15;12;16;740;2;2;1;1;6;463;14, PROVENCE (BOULEVARD;M;4911317;621682;570
201500029318;15;12;7;1717;3;2;3;1;6;463;00, DROGON (RUE );M;4909947;619403;570
201500029319;15;12;19;1605;2;2;3;1;3;447;00, METZ (RUE DE);M;4907790;614439;570
201500029320;15;12;29;900;1;2;3;1;6;463;00, QUEULEU (RUE DE );M;4910586;619661;570
201500029321;15;4;26;1856;1;2;1;1;7;344;Neant, CD42;M;4872025;702219;570
201500029322;15;12;26;345;5;2;1;1;3;630;30, PHALSBOURG;M;4873875;706608;570
201500029323;15;5;2;1000;1;2;9;1;3;630;PHALSBOURG;M;4874100;707350;570
201500029324;15;8;11;111;5;2;1;1;6;630;22, SCHWEITZER;M;4873988;705677;570
201500029325;15;8;25;815;1;2;1;1;6;630;ROND POINT SCHIESSER;M;4873469;704308;570
201500029326;15;9;13;1248;1;2;1;2;6;344;RUE DU CHATEAU;M;4871988;702450;570
201500029327;15;9;23;1820;1;2;1;2;6;630;1, JOFFRE (MARECHAL)L;M;4873591;705672;570
201500029328;15;10;3;1640;1;2;9;1;2;630;72, GAULLE (AV GAL DE);M;4872728;704858;570
201500029329;15;12;15;1750;5;2;1;1;6;630;24, FRANCE (AV);M;4873514;704822;570
201500029330;15;12;16;1710;2;2;1;1;6;630;6, PHALSBOURG;M;4873802;706369;570
201500029331;15;12;21;2150;5;2;1;1;7;630;2, Rue Renй DESCARTES;M;4872941;704894;570
201500029332;15;1;15;745;2;2;1;1;6;630;GAULLE (AV GAL DE);M;4873247;705246;570
201500029333;15;2;7;841;1;2;3;1;3;630;15, PECHEURS;M;4873021;703838;570
201500029334;15;12;17;750;5;2;1;2;6;631;77, CLEMENCEAU (RUE);M;4911580;707655;570
201500029335;15;4;1;1730;1;2;1;1;5;631;6, DUMAIRE (RUE);M;4910559;709021;570
201500029336;15;5;6;1130;1;2;1;1;6;631;2, NATIONALE (RUE);M;4911048;706597;570
201500029337;15;8;5;1210;1;2;1;1;3;631;13, ALBERT 1Er (RUE);M;4911633;707208;570
201500029338;15;9;3;2100;3;1;1;1;1;631;BITCHE (RUE DE) DU N° 95;;;;570
201500029339;15;10;2;1040;1;2;1;1;6;631;1, NICOLAS (RUE SAINT);M;4911083;706522;570
201500029340;15;1;6;1304;1;2;2;1;3;672;1, LONGWY (ROUTE DE);M;4935429;615839;570
201500029341;15;3;6;2055;5;2;1;1;6;647;1, LYAUTEY (RUE);M;4931835;609233;570
201500029342;15;1;7;1845;5;2;1;8;6;672;PIERRE MARCHAL (QUAI);;;;570
201500029343;15;3;21;940;1;2;1;1;6;672;63, FOCH (BOULEVARD);M;4935969;616297;570
201500029344;15;1;8;1855;5;2;1;2;6;508;13, LORRAINE (RUE);M;4934232;605311;570
201500029345;15;3;22;1835;1;1;1;1;3;757;BOUZONVILLE (ROUTE DE);M;0;0;570
201500029346;15;1;13;1745;5;2;1;3;6;672;1, GENERAL DE CASTELNAU;M;4935462;616256;570
201500029347;15;3;27;1702;1;2;2;1;3;757;1, FORET (RUE DE LA);M;4934477;620166;570
201500029348;15;1;15;1745;3;2;1;2;6;672;1, 14 JUILLET (AVENUE);M;4935502;613031;570
201500029349;15;3;29;1115;1;2;3;2;3;647;38, GALLIANE (AVENUE);M;4931605;610100;570
201500029350;15;1;19;1745;5;2;2;1;3;672;1, FRERES (RUE DES);M;4935162;615819;570
201500029351;15;4;2;1935;1;2;1;1;6;672;13, SAINTE-BARBE (RUE);M;4937089;615147;570
201500029352;15;1;21;1805;5;2;1;1;6;672;55, FOCH (BOULEVARD);M;4935849;616149;570
201500029353;15;4;13;1105;1;1;1;1;3;672;46, MERLIN (AVENUE) - PA;M;4935733;615644;570
201500029354;15;1;24;1255;1;2;1;4;1;221;26, GARE (RUE DE LA);M;4932811;611731;570
201500029355;15;4;13;2225;5;2;1;1;6;306;97, VERDUN (RUE DE);M;4932694;605525;570
201500029356;15;1;30;800;2;2;1;2;6;672;27, ASIE (CHAUSSEE D') -;M;4936353;614893;570
201500029357;15;4;14;937;1;2;1;1;6;672;1, LUXEMBOURG (PLACE DU);M;4935919;617066;570
201500029358;15;4;17;1055;1;2;1;1;6;672;1, CLEMENCEAU (AVENUE) 1;M;4935933;616994;570
201500029359;15;2;1;1800;5;2;1;2;6;757;7, ROOSEVELT (RUE DU PRE;M;4935347;618071;570
201500029360;15;4;17;1920;1;2;1;1;7;672;16, HORTICULTEURS (RUE D;M;4935250;614558;570
201500029361;15;2;3;715;2;2;1;5;6;672;23, ALBERT 1ER (AVENUE);M;4936184;617029;570
201500029362;15;4;29;1215;1;2;3;1;3;672;1, GENERAL DE CASTELNAU;M;4935478;616294;570
201500029363;15;2;7;1510;1;2;1;1;6;306;30, VERDUN (RUE DE);M;4932854;605906;570
201500029364;15;2;11;950;1;2;1;1;6;672;1, LUXEMBOURG (PLACE DU);M;4935892;616943;570
201500029365;15;5;19;2010;1;2;1;1;6;368;38, REPUBLIQUE (RUE DE L;M;4933886;604308;570
201500029366;15;2;11;1239;1;2;2;1;3;306;1, METROPOLE (AVENUE DE;M;4935372;606912;570
201500029367;15;5;19;930;1;1;1;1;6;368;54, REPUBLIQUE (RUE DE L;M;4934005;604098;570
201500029368;15;2;13;1900;3;1;1;1;5;221;2.7, CD 13;;;;570
201500029369;15;5;21;910;1;2;1;1;6;672;6, CASTELNAU (RUE DE);M;4935217;616116;570
201500029370;15;5;28;1700;1;2;1;1;2;666;67, MARSPICH (ROUTE DE);M;4934594;612422;570
201500029371;15;5;28;2140;5;2;1;1;6;757;14, BRETAGNE (RUE DE);M;4934416;618358;570
201500029372;15;5;28;2230;3;1;1;1;6;508;1, METROPOLE (RUE DE LA);M;4934778;605843;570
201500029373;15;6;4;1250;1;1;1;1;3;666;MARSPICH (ROUTE DE);M;4934468;611726;570
201500029374;15;6;5;1020;1;2;3;1;1;672;1, LONGWY (ROUTE DE);M;4935408;615611;570
201500029375;15;6;12;1115;1;2;1;1;6;306;FOCH (RUE);M;4933218;605400;570
201500029376;15;6;20;1325;1;2;1;1;3;12;84, FOCH (RUE);M;4936596;605206;570
201500029377;15;6;23;1305;1;1;1;1;1;221;1, ETOILE (RUE DE L');M;4933831;611312;570
201500029378;15;7;10;2205;4;1;1;1;6;757;1, TILLY (RUE DU);M;4936576;620934;570
201500029379;15;7;12;1500;1;1;1;1;6;672;1, FUTAIES (ROUTE DES);M;4935294;610082;570
201500029380;15;7;21;1550;1;2;1;1;6;306;1, MIMOSA (RUE DU);M;4935440;606337;570
201500029381;15;7;31;2040;1;2;1;1;3;757;161, ROOSEVELT (RUE DU P;M;4934747;619527;570
201500029382;15;8;2;420;5;2;1;1;3;672;4, JEAN VIGO (RUE);M;4935958;613376;570
201500029383;15;8;22;1005;1;2;1;1;6;757;43, Nations (Avenue);M;4935812;618909;570
201500029384;15;8;25;1125;1;2;1;1;3;221;48, LONGWY (RUE DE);M;4931835;610673;570
201500029385;15;9;7;1705;1;1;1;1;1;672;VOLKRANGE (ROUTE DE);M;4935140;608912;570
201500029386;15;9;9;1010;1;2;1;1;3;757;43, Nations (Avenue);M;4935812;618909;570
201500029387;15;9;21;1651;1;2;1;1;6;672;7, VOLKRANGE (ROUTE DE);M;4936477;609213;570
201500029388;15;9;23;2111;5;2;2;8;3;672;22, OCEANIE (CHAUSSEE D';M;4936809;615733;570
201500029389;15;9;28;1440;1;2;1;1;3;672;30, Bld Robert Schuman;M;4935354;617895;570
201500029390;15;10;1;2205;3;1;1;1;6;441;MAISON  ROUGE (ROUTE DE);M;4938983;616857;570
201500029391;15;10;3;1425;1;2;1;1;3;672;1, ESCH SUR ALZETTE (ROU;M;4935646;614333;570
201500029392;15;10;8;1925;5;2;1;1;3;672;1, ALBERT 1ER (AVENUE) -;M;4936000;617089;570
201500029393;15;10;10;1910;3;2;1;1;6;221;2, METZ (ROUTE DE);M;4931917;615590;570
201500029394;15;10;21;730;2;2;1;1;6;672;50, DE GAULLE (AVENUE CH;M;4936222;617392;570
201500029395;15;10;24;1825;1;2;6;1;7;672;1, ARLON (ROUTE DE);M;4936331;611137;570
201500029396;15;11;3;755;1;2;1;1;6;368;112, REPUBLIQUE (RUE DE;M;4934253;603501;570
201500029397;15;11;6;1610;1;2;1;1;6;672;1, OCEANIE (CHAUSSEE D');M;4936548;615217;570
201500029398;15;11;6;1635;1;2;2;1;3;757;150, ROOSEVELT (RUE DU P;M;4934810;619356;570
201500029399;15;11;6;1810;5;2;1;2;6;221;91, LORRAINE (AVENUE DE);M;4932631;612646;570
201500029400;15;11;7;1000;1;1;1;1;6;672;51, GARCHE (ROUTE DE);M;4939552;619602;570
201500029401;15;11;17;752;1;2;1;2;6;672;1, ROMAINS (ROUTE DS);M;4936435;614124;570
201500029402;15;11;19;1730;5;2;1;2;6;672;42, GUISE (AVENUE DE) -;M;4936558;616602;570
201500029403;15;11;20;1220;1;2;1;3;6;672;24, MARECHAL JOFFRE (RUE;M;4935403;615980;570
201500029404;15;11;24;1720;4;2;1;1;6;368;1, REPUBLIQUE (RUE DE LA;M;4933697;604684;570
201500029405;15;11;28;1730;5;2;1;1;6;672;1, MARCHAL (QUAI);M;4935791;616939;570
201500029406;15;12;1;750;2;1;1;2;6;672;63, FOCH (BOULEVARD);M;4935961;616285;570
201500029407;15;12;1;1035;1;2;1;2;6;672;2, LUXEMBOURG (PLACE DU);M;4935925;617054;570
201500029408;15;12;3;1206;1;2;3;1;3;306;31, WENDEL (RUE DE);M;4932744;606865;570
201500029409;15;12;8;1630;2;2;1;1;6;672;18, GUISE (AVENUE DE) -;M;4936428;616324;570
201500029410;15;12;9;955;1;2;1;1;6;672;2, STRASBOURG (RUE DE);M;4935530;616195;570
201500029411;15;12;14;805;2;1;1;1;1;508;ALGRANGE (RUE D');M;4934578;603777;570
201500029412;15;12;16;1825;5;2;3;2;6;666;1, HAUTE (RUE);M;4934506;613365;570
201500029413;15;12;19;1716;5;2;6;1;3;757;ILLANGE (ROUTE D');M;4934906;617649;570
201500029414;15;12;27;1900;5;2;1;1;6;672;72, METZ (ROUTE DE);M;4934302;616096;570
201500029415;15;8;29;1315;1;1;3;1;3;332;;M;4503389;744;330
201500029416;15;1;30;1945;3;1;1;2;4;68;;M;4317970;256443;110
201500029417;15;4;11;245;3;1;1;1;2;151;;M;4319208;245508;110
201500029418;15;7;9;515;2;1;1;1;6;69;;M;4320146;227605;110
201500029419;15;8;1;1300;1;1;1;1;3;69;;M;4318636;239802;110
201500029420;15;8;10;1045;2;1;1;1;5;69;;M;4319144;237598;110
201500029421;15;11;30;1215;1;1;1;1;2;69;;M;4318716;240245;110
201500029422;15;12;17;1830;3;1;1;1;5;76;;M;4328695;195116;110
201500029423;15;5;10;1730;1;1;9;1;3;371;;M;0;0;570
201500029424;15;11;1;1115;1;1;1;5;1;437;;M;0;0;570
201500029425;15;11;2;1800;3;1;1;5;1;740;;M;0;0;570
201500029426;15;12;24;1830;3;1;1;2;1;371;;M;0;0;570
201500029427;15;7;6;1800;1;1;1;7;4;100;;M;0;0;860
201500029428;15;3;5;1550;1;2;1;1;2;194;MARECHAL JUIN;M;4740000;309000;580
201500029429;15;3;23;820;1;2;3;1;3;194;sans, ARDENETS;;;;580
201500029430;15;3;25;1215;1;2;1;1;6;194;sans, PIERRE EMILE GASPA;;;;580
201500029431;15;1;9;2015;5;2;1;2;7;194;COLBERT;;;;580
201500029432;15;3;26;2055;5;2;1;2;7;194;sans, MARINIERS (QUAI);;;;580
201500029433;15;3;26;755;1;2;1;1;3;194;35, SAINT BENIN;;;;580
201500029434;15;3;31;1510;1;2;3;1;3;194;PONT CIZEAU;;;;580
201500029435;15;12;28;1725;5;2;1;1;1;194;SANS, GRAND PRE DES BORD;M;4699174;312342;580
201500029436;15;4;10;1110;1;2;2;1;6;194;SANS, SAINT EXUPERY (BOU;;;;580
201500029437;15;4;15;1600;1;2;2;1;6;194;52, MONTAPINS;;;;580
201500029438;15;4;10;705;1;2;1;1;7;194;SANS, MARECHAL LECLERC;;;;580
201500029439;15;12;17;900;1;2;1;2;7;194;SANS, PISSEROTTE (BOULEV;M;4697040;312877;580
201500029440;15;1;2;945;1;2;1;8;1;194;MADEMOISELLE BOURGEOIS;;;;580
201500029441;15;4;15;1155;1;2;1;1;6;194;21, SAULAIES (ROUTE);;;;580
201500029442;15;12;20;1700;1;2;1;1;7;194;sans, MARECHAL JUIN;M;;;580
201500029443;15;4;18;1045;1;2;1;1;3;194;SANS, BERNARD PALISSY;;;;580
201500029444;15;2;5;940;1;2;1;1;7;194;sans, ESTUTT DE TRACY;;;;580
201500029445;15;4;17;1610;1;2;1;1;7;194;SANS, JEROME TRESAGUET;M;4699680;314794;580
201500029446;15;5;7;750;1;1;1;1;6;194;PONT DE LOIRE;M;4698483;315794;580
201500029447;15;4;23;1810;1;2;2;1;3;194;SANS, ALFRED BRISSET;;;;580
201500029448;15;2;19;1350;1;2;1;1;7;194;sans, AMIRAL JACQUINOT;;;;580
201500029449;15;5;21;1335;1;2;1;1;7;194;SANS, PRE PLANTIN (BOULE;;;;580
201500029450;15;5;19;1820;1;2;1;1;7;194;sans, COLBERT;;;;580
201500029451;15;6;7;1320;1;2;9;1;6;194;SANS, CLAUDE TILLIER;M;4698805;315349;580
201500029452;15;6;7;1355;1;2;1;1;6;194;SANS, RESISTANCE (SQUARE;M;4699269;316039;580
201500029453;15;6;9;820;1;2;1;1;7;194;REPUBLIQUE (BOULEVARD);M;4699262;317146;580
201500029454;15;6;18;1615;1;2;1;1;1;194;57, MARZY;M;4698756;313768;580
201500029455;15;6;23;1115;1;2;1;1;7;194;SANS, CHEMIN DE FER;M;;;580
201500029456;15;5;13;1405;1;2;1;1;6;194;16TER, LOURDES;M;4699159;315481;580
201500029457;15;7;7;825;1;2;1;1;7;194;21, TREIZIEME DE LIGNE;;;;580
201500029458;15;7;9;1115;1;2;1;1;6;194;SANS, ARDILLIERS;M;4699172;316128;580
201500029459;15;6;26;1530;1;2;2;1;6;194;1, MARCEAU;M;4699233;315971;580
201500029460;15;7;14;955;1;2;1;1;6;194;SANS, RAIE;M;4698288;313179;580
201500029461;15;7;11;902;1;2;2;1;3;194;SANS, REPUBLIQUE (BOULEV;M;4698995;316845;580
201500029462;15;7;17;945;1;2;1;1;6;194;SANS, CHARLES ROY;M;4699480;316258;580
201500029463;15;7;3;1210;1;2;6;1;3;194;SANS, MADEMOISELLE BOURG;M;4699514;316815;580
201500029464;15;7;10;1515;1;2;6;1;3;194;SANS, FONTAINE D'ARGENT;M;4699263;314839;580
201500029465;15;7;18;1310;1;2;1;1;6;194;7, ANDRE PIAUT;M;4698635;313581;580
201500029466;15;7;12;2120;2;2;1;1;2;194;SANS, PONT DE LOIRE;M;4698364;315878;580
201500029467;15;7;25;425;5;2;1;1;7;194;sans, SAULAIES (ROUTE);M;4698271;314828;580
201500029468;15;7;31;750;1;2;1;1;6;194;GENERAL DE GAULLE;M;;;580
201500029469;15;8;6;1350;1;2;1;1;7;194;MONTE CASSINO (ROND POIN;M;4698810;312449;580
201500029470;15;8;6;1415;1;2;1;1;2;194;sans, HENRI BOUQUILLARD;M;;;580
201500029471;15;8;11;1615;1;2;1;1;2;194;GRAND PRE DES BORDES;M;;;580
201500029472;15;8;13;1705;1;2;1;1;2;194;SANS, PIERRE DE COUBERTI;M;;;580
201500029473;15;8;20;2125;5;2;3;1;3;194;SANS, JEAN MOULIN;M;4698470;317778;580
201500029474;15;8;22;1720;1;2;1;1;6;194;5, MAURICE RAVEL (PLACE);M;;;580
201500029475;15;8;31;1655;1;2;1;1;3;194;PAUL VAILLANT COUTURIER;M;;;580
201500029476;15;8;29;1200;1;2;1;1;5;194;sans, TREIZIEME DE LIGNE;M;;;580
201500029477;15;7;30;2215;5;2;1;1;6;194;61, MARZY;M;4698751;313738;580
201500029478;15;9;5;1615;1;2;1;1;7;194;PETIT MOUESSE;;;;580
201500029479;15;9;9;1045;1;2;1;1;6;194;10, GAMBETTA;M;4699067;315902;580
201500029480;15;9;6;1415;1;2;1;1;7;194;HENRI BARBUSSE;M;;;580
201500029481;15;9;15;1420;1;2;1;1;1;194;SANS, CHAMP DE FOIRE (PL;;;;580
201500029482;15;9;18;1530;1;2;1;1;7;194;RENE MARLIN (CARREFOUR);M;;;580
201500029483;15;9;24;1500;1;2;1;1;1;194;SANS, JEAN GAUTHERIN;M;;;580
201500029484;15;9;23;1740;1;2;1;1;6;194;SANS, JEAN MOULIN;M;4698450;317802;580
201500029485;15;10;9;735;1;2;1;1;3;194;SANS, SAINT EXUPERY (BOU;M;4700409;315681;580
201500029486;15;10;12;1500;1;2;1;1;7;194;sans, PIERRE BEREGOVOY;M;;;580
201500029487;15;10;2;1200;1;2;1;1;6;194;SANS, CHAUVELLES;M;4699727;315898;580
201500029488;15;10;17;1555;1;2;2;1;3;194;SANS, MONTOTS;M;4699259;313544;580
201500029489;15;10;27;1630;1;2;1;1;7;194;sans, PRES;M;4700004;318474;580
201500029490;15;10;30;1640;1;2;1;1;3;194;FRANCIS GARNIER;M;;;580
201500029491;15;11;4;1535;1;2;1;1;6;194;sans, VICTOR HUGO (BOULE;M;4699712;315371;580
201500029492;15;11;12;1355;1;2;1;1;1;194;sans, COBLENCE;M;;;580
201500029493;15;11;4;1900;1;2;1;1;3;194;sans, PIERRE EMILE GASPA;M;;;580
201500029494;15;11;12;1215;1;2;1;1;6;194;SANS, MARECHAL LYAUTEY;M;4699292;312897;580
201500029495;15;11;18;1515;1;2;1;1;6;194;SANS, MARECHAL JUIN;M;;;580
201500029496;15;11;24;715;1;2;1;1;6;194;CROIX JOYEUSE (CARREFOUR;M;;;580
201500029497;15;11;25;1220;1;2;1;2;7;194;SANS, BOIS D'ARDENET;M;4698206;313377;580
201500029498;15;11;25;1320;1;2;1;2;1;194;CHARLEVILLE;M;;;580
201500029499;15;11;8;1815;5;2;1;1;1;194;SANS, JEAN MOULIN;M;4698777;317727;580
201500029500;15;12;4;1115;1;2;1;1;7;194;sans, CARNOT (PLACE);M;;;580
201500029501;15;12;4;1250;1;2;1;1;2;194;sans, BERNARD PALISSY;M;;;580
201500029502;15;11;18;2315;5;2;3;2;3;194;SANS, BERNARD PALISSY;M;4698560;317452;580
201500029503;15;12;4;1740;5;2;1;8;6;194;14, DOCTEUR LEVEILLE;M;4700128;314580;580
201500029504;15;12;2;1200;1;2;3;1;3;194;SANS, PAUL VAILLANT COUT;M;4699331;315685;580
201500029505;15;12;7;1505;1;2;1;1;6;194;57, MARZY;M;4698819;311915;580
201500029506;15;11;14;1354;1;2;1;1;1;194;26, ROMAIN BARON;M;4698227;312696;580
201500029507;15;12;7;1820;2;2;1;1;1;194;sans, HENRI BOUQUILLARD;M;;;580
201500029508;15;12;12;1025;1;2;1;1;3;194;sans, MARZY;M;;;580
201500029509;15;12;13;2155;5;2;1;1;7;194;SANS, VERNAI (IMPASSE);M;4698520;318798;580
201500029510;15;1;7;1430;1;2;1;2;6;194;95, GRAND MOUESSE (FAUBO;;;;580
201500029511;15;1;9;1710;2;2;6;2;6;194;sans, GENERAL DE GAULLE;;;;580
201500029512;15;1;17;1025;1;2;1;1;6;194;SANS, COLBERT;;;;580
201500029513;15;1;19;1755;5;2;3;1;3;194;MARZY;;;;580
201500029514;15;1;25;910;1;2;3;9;6;194;sans, EDME LABORDE;;;;580
201500029515;15;1;22;740;2;2;1;2;2;194;13, LYON (FAUBOURG);;;;580
201500029516;15;1;23;1135;1;2;1;8;2;194;GENERAL DE GAULLE;;;;580
201500029517;15;1;26;2130;4;2;1;2;3;194;COLBERT;;;;580
201500029518;15;2;2;1920;5;2;2;2;3;194;sans, MONTOTS;;;;580
201500029519;15;2;11;1505;1;2;1;1;3;194;HENRI BOUQUILLARD;;;;580
201500029520;15;2;23;1850;5;2;3;2;3;194;sans, MARZY;;;;580
201500029521;15;3;5;1715;1;2;1;1;3;313;CHE DE LA MADELEINE;M;4910440;222940;950
201500029522;15;12;17;915;1;2;1;1;6;487;AV GASTON VERMEIRE;M;4915050;227690;950
201500029523;15;12;17;1415;1;2;1;1;6;52;R DE SENLIS;M;4914310;229420;950
201500029524;15;2;27;845;1;1;1;7;4;58;RD 924;M;4915990;231270;950
201500029525;15;4;5;1645;1;2;1;1;6;52;AV PAUL BEJOT;M;4913960;228650;950
201500029526;15;4;10;1730;1;2;1;1;2;487;AV GASTON VERMEIRE;M;4915250;227320;950
201500029527;15;5;31;2245;5;2;1;2;6;487;R PASTEUR;M;4915490;227590;950
201500029528;15;6;6;1900;1;2;1;1;6;436;R DE L'ISLE ADAM;M;4913130;226590;950
201500029529;15;9;2;1500;1;1;1;1;1;52;RD 929;M;4915020;229620;950
201500029530;15;11;17;800;2;2;1;2;6;116;R DES ECOLES;M;4915810;233260;950
201500029531;15;12;4;800;2;1;1;8;1;52;RTE DE CLERMONT;M;4914570;230180;950
201500029532;15;1;22;530;4;2;1;1;6;313;AV GENERAL DE GAULLE;M;4911760;221920;950
201500029533;15;1;30;1730;1;2;1;1;6;504;R HENRI DOUAY;M;4910760;229990;950
201500029534;15;3;14;1630;1;2;1;1;1;313;R DU PRIEURE;M;4911290;221040;950
201500029535;15;5;31;30;3;1;1;1;4;445;RN 184;M;0;0;950
201500029536;15;7;24;1600;1;1;1;1;3;313;RD 922;M;4911920;223180;950
201500029537;15;9;10;1230;1;1;3;1;3;504;RD 64 E;M;4910580;229340;950
201500029538;15;9;11;945;1;2;1;1;3;313;R DE PONTOISE;M;4910880;222220;950
201500029539;15;9;18;930;2;1;1;1;7;504;RN 184;M;0;0;950
201500029540;15;9;21;2145;3;1;1;2;6;445;RN 184;M;0;0;950
201500029541;15;10;23;1745;1;2;1;1;3;313;AV PAUL THOUREAU;M;4911910;221810;950
201500029542;15;10;27;1515;1;2;1;1;6;313;AV DE PARIS;M;4911260;221740;950
201500029543;15;11;19;1600;1;1;1;1;6;445;RN 184;M;4909040;225820;950
201500029544;15;12;3;1900;3;1;1;1;6;313;AV MICHEL PONIATOWSKI;M;4912070;223790;950
201500029545;15;9;12;1730;1;2;1;2;3;47;AVENUE DE LA LIBERATION;M;4661974;376800;710
201500029546;15;10;19;1800;2;2;1;7;6;47;rue du breuil;M;4662346;375558;710
201500029547;15;2;18;955;1;2;1;1;6;143;NATIONALE  ( ROUTE);;;;590
201500029548;15;3;2;835;1;2;1;1;6;17;SAINT VAAST (PLACE);;;;590
201500029549;15;3;13;1025;1;1;1;1;3;17;GUESDE  (PLACE JULES);;;;590
201500029550;15;3;26;910;1;2;1;1;6;17;25, FAIDHERBE (BD );;;;590
201500029551;15;4;3;1620;1;2;1;1;6;431;HOUCKE (AVENUE JULES);;;;590
201500029552;15;2;27;1500;1;2;1;1;6;17;93, RESISTANTS (RUE DES;;;;590
201500029553;15;4;16;1130;1;1;3;1;3;431;HOUCKE (AVENUE JULES);;;;590
201500029554;15;4;21;830;1;1;3;1;6;17;DEPORTES (RUE DES);;;;590
201500029555;15;5;13;2200;5;2;1;1;3;17;71, SANGNIER (AVENUE MAR;;;;590
201500029556;15;6;18;1440;1;2;3;1;6;17;LEBLEU (RUE JULES );;;;590
201500029557;15;6;24;2105;1;2;1;1;6;317;RABELAIS  (RUE);;;;590
201500029558;15;7;3;1750;1;2;1;1;6;17;87, VALMY (RUE DE );;;;590
201500029559;15;8;7;915;1;1;2;1;1;143;1220, NATIONALE  ( ROUTE;;;;590
201500029560;15;8;26;1626;1;1;2;1;3;143;NATIONALE (ROUTE)IWEZ MA;;;;590
201500029561;15;10;15;1540;1;2;1;2;3;17;10, GAMBETTA  (RUE);;;;590
201500029562;15;10;8;1145;1;2;1;1;6;431;ARMENTIERES  (RUE D' );;;;590
201500029563;15;10;26;1450;1;1;1;1;3;17;LECLERC (RUE DU GENERAL;;;;590
201500029564;15;11;6;505;3;1;1;2;5;317;ROUTE DEPARTEMENTALE 945;;;;590
201500029565;15;11;10;2355;3;1;1;1;6;143;NATIONALE  ( ROUTE);;;;590
201500029566;15;11;16;1810;5;2;3;2;6;17;LIS (RUE RAYMOND );;;;590
201500029567;15;11;3;1100;1;1;6;1;3;17;BEAUVAIS (QUAI DE);;;;590
201500029568;15;12;3;900;1;2;2;1;3;17;BLUM  (AVENUE LEON);;;;590
201500029569;15;12;21;1745;1;2;1;1;5;17;2154, RESISTANTS (RUE DE;;;;590
201500029570;15;12;28;1530;1;1;3;1;3;317;ROUTE DEPARTEMENTALE 945;;;;590
201500029571;15;1;6;1530;1;2;1;1;1;17;48, FUSILLES (RUE DES );;;;590
201500029572;15;1;23;2020;5;2;1;1;6;317;LUTUN  (RUE);;;;590
201500029573;15;1;28;1430;1;2;1;3;6;17;RESISTANTS (RUE DES );;;;590
201500029574;15;2;9;1220;1;2;3;1;3;17;MOLINEL (RUE DU );;;;590
201500029575;15;3;2;1630;1;2;1;7;6;33;JEAN JAURES (RUE);M;5019891;384544;590
201500029576;15;3;13;1650;1;2;9;1;6;68;Rue Neuve;M;5020294;381338;590
201500029577;15;10;16;1900;2;2;1;1;3;33;116, HOTEL DE VILLE (RUE;;;;590
201500029578;15;12;11;815;2;2;1;3;6;33;144, HOTEL DE VILLE (RUE;;;;590
201500029579;15;6;30;1630;1;2;1;1;6;43;34, EMILE HIE (Rue);M;5073667;273281;590
201500029580;15;8;10;855;1;1;1;1;6;43;3204 Route de Lille;M;5072819;277012;590
201500029581;15;9;10;700;2;1;3;1;3;43;3867, BELLE CROIX;;;;590
201500029582;15;9;13;1120;1;1;1;1;7;43;CLAVERHELST (LIEU DIT);;;;590