num_acc;an;mois;jour;hrmn;lum;agg;int;atm;col;com;adr;gps;lat;long;dep
201500029583;15;9;26;600;3;1;2;1;3;43;HAZEBROUCK (ROUTE);;;;590
201500029584;15;3;1;1650;1;1;1;1;6;43;25 Route de Locre;M;5076286;275663;590
201500029585;15;4;21;1515;1;1;2;1;3;43;METEREN (ROUTE DE);;;;590
201500029586;15;12;23;1125;1;2;1;1;6;122;132, FAIDHERBE (BOULEVAR;;;;590
201500029587;15;6;3;1130;1;2;1;1;6;122;3, DELATTRE DE TASSIGNY;M;5000000;300000;590
201500029588;15;6;4;1645;1;2;1;1;6;122;86, SAINT DRUON (RUE);;;;590
201500029589;15;6;11;1600;1;2;2;1;3;122;DOCKS (RUE DES);;;;590
201500029590;15;5;11;1757;1;1;1;1;1;122;RD643;M;5015213;325788;590
201500029591;15;8;1;235;3;1;1;1;6;488;route d'Arras;M;5019166;316216;590
201500029592;15;8;26;925;1;2;1;1;6;122;LIBERTE (BOULEVARD DE LA;;;;590
201500029593;15;9;21;755;1;2;1;1;6;122;VICTOIRE (AVENUE DE LA);;;;590
201500029594;15;10;27;1925;5;2;2;1;5;244;ROUTE NATIONALE;;;;590
201500029595;15;9;15;805;1;2;1;1;6;122;PERONNE (RUE DE);;;;590
201500029596;15;11;8;1305;1;2;1;1;5;122;SAINT DRUON (RUE);;;;590
201500029597;15;11;18;1825;5;2;3;1;3;122;CATEAU (AVENUE DU);;;;590
201500029598;15;12;10;1815;3;1;1;1;5;206;NAVES (ROUTE DE) OU DEPA;;;;590
201500029599;15;12;4;1510;1;1;1;1;6;244;BAPAUME (ROUTE DE);;;;590
201500029600;15;2;19;845;1;2;1;1;6;616;971 Rue Anatole France;M;5046491;355293;590
201500029601;15;3;16;950;1;2;1;1;6;616;1166, BAY (RUE AUGUSTIN;;;;590
201500029602;15;12;28;2150;5;2;7;1;6;616;481, FOCH (RUE DU MARECH;M;5047837;357946;590
201500029603;15;8;7;1820;1;2;3;1;2;253;LOUBRY (RUE EDGARD );M;5044083;356731;590
201500029604;15;8;7;1340;1;2;1;1;1;153;116, STRADY (RUE ADOLPHE;M;5047355;357811;590
201500029605;15;8;29;1650;1;2;1;1;5;153;76, BONSECOURS (ROUTE DE;M;5046440;359476;590
201500029606;15;10;11;2040;5;2;1;1;6;253;230, JAURES (RUE JEAN );M;;;590
201500029607;15;9;6;1115;1;2;1;1;3;616;371, HUGO (RUE VICTOR );M;5046070;356765;590
201500029608;15;11;13;1055;1;2;3;1;3;253;98, ZOLA (RUE EMILE );M;5043565;358236;590
201500029609;15;11;14;1720;5;2;1;2;6;616;BETH (RUE RENE );M;5047909;357711;590
201500029610;15;3;6;1025;1;1;1;1;6;288;CD 40;;;;590
201500029611;15;11;4;1330;1;2;1;1;6;172;1, BAUDIN (PL.);M;;;590
201500029612;15;2;21;1931;1;1;1;1;6;632;33, BLANQUI (R.);;;;590
201500029613;15;12;4;1530;1;2;1;1;6;172;LECLERC (R. MARECHAL);;;;590
201500029614;15;2;17;722;1;2;2;1;3;172;BERTHELOT (R.);;;;590
201500029615;15;4;22;1715;1;2;1;1;6;361;HUGO (R. VICTOR);;;;590
201500029616;15;4;23;1920;1;1;1;1;6;504;1, DEPARTEMENTAL (CHEMIN;;;;590
201500029617;15;6;9;1820;1;2;1;1;6;172;21, BERIOT (PIERRE);M;5032569;338055;590
201500029618;15;6;6;1415;1;2;3;1;6;2;BOUCHAIN (RTE DE);M;5019157;655080;590
201500029619;15;5;22;1755;1;2;1;1;6;361;126, BLANQUI (R.);M;;;590
201500029620;15;6;30;1730;1;2;1;1;6;179;18, ELUARD (PL. PAUL);M;5029922;338933;590
201500029621;15;7;7;1130;1;1;1;1;6;302;14, JAURES (R. JEAN);M;5035611;345247;590
201500029622;15;6;18;15;5;2;2;1;2;504;JAURES (R. JEAN);M;5031247;334483;590
201500029623;15;5;19;1400;1;2;1;1;6;172;BLANQUI (R.);M;;;590
201500029624;15;7;11;230;5;2;1;1;6;504;58A, LAMENDIN (R. ARTHUR;M;;;590
201500029625;15;8;10;1800;1;2;2;1;1;172;MOUSSERON (R. JULES);M;;;590
201500029626;15;8;12;1800;1;2;1;1;2;504;LAMENDIN (R. ARTHUR);M;;;590
201500029627;15;9;2;1030;1;2;1;1;6;172;180, VILLARS (R.);M;5032671;339869;590
201500029628;15;10;1;2100;3;1;9;1;1;429;., NATIONALE(R.30);M;5025395;332130;590
201500029629;15;9;10;1930;2;2;1;1;6;172;19, GLORIETTES (ALL.);M;5032500;340380;590
201500029630;15;10;14;1815;2;1;1;3;2;172;RD 630;;;;590
201500029631;15;10;31;1450;1;2;1;1;6;172;VILLARS (R.);M;5032644;338983;590
201500029632;15;12;19;1730;2;2;1;1;6;172;26, VERDUN (BD);M;5031791;339469;590
201500029633;15;1;10;1750;5;2;1;1;6;172;601, NEVE (R. PIERRE);;;;590
201500029634;15;1;17;1800;5;2;1;2;2;172;GAULLE (BD CHARLES DE);;;;590
201500029635;15;2;28;1115;1;2;1;7;6;178;12, CAMBRAI (RUE DE);;;;590
201500029636;15;11;20;2020;3;1;1;1;1;501;RD 957;M;5038220;328417;590
201500029637;15;2;26;1150;1;1;1;1;6;239;CD 35;;;;590
201500029638;15;11;26;2205;5;2;1;8;7;178;BASTION CAUX (RUE DU);M;5037140;306639;590
201500029639;15;4;8;1212;1;2;1;1;6;8;139, KOPIERRE (RUE);;;;590
201500029640;15;11;28;1240;1;2;1;1;1;314;83, GAMBETTA LEON(RUE);M;5036360;334131;590
201500029641;15;3;31;1820;1;2;1;1;6;165;35, PASTEUR (RUE LOUIS);;;;590
201500029642;15;12;5;1400;1;2;1;8;6;8;59, JAURES (RUE JEAN);M;5033180;325386;590
201500029643;15;12;7;2040;3;1;1;1;2;329;JOFFRE (RUE DU MARECHAL);M;5034380;309156;590
201500029644;15;5;17;1750;1;1;1;1;7;24;MOULIN BLANC PROLONGEE(R;M;5032229;324176;590
201500029645;15;4;2;2140;5;2;1;1;1;489;87, PLANTY (RUE DU);;;;590
201500029646;15;12;23;1900;5;2;2;1;6;227;04, HUGO VICTOR(RUE);;;;590
201500029647;15;4;14;2245;5;2;2;1;3;178;R.D 643;;;;590
201500029648;15;12;31;1430;1;2;1;1;5;178;455, FAUBOURG DE PARIS (;M;5035241;308563;590
201500029649;15;5;24;1450;1;1;3;1;3;234;RD 120 (Z.I DES PRES LOR;;;;590
201500029650;15;5;8;1445;1;1;6;1;6;456;D ORVES ESTIENNES(RUE);M;5038053;321957;590
201500029651;15;4;25;1325;1;2;1;1;1;178;276, GUYNEMER (RUE GEORG;;;;590
201500029652;15;6;3;1239;1;2;1;1;6;178;519, REPUBLIQUE (BOULEVA;M;5037652;307630;590
201500029653;15;5;21;1805;1;1;3;1;3;629;RIEULAY (ROUTE DE );;;;590
201500029654;15;6;1;2300;5;1;1;1;1;574;TRAISNEL (ROUTE DE );M;5035383;326177;590
201500029655;15;6;3;1420;1;2;1;1;6;178;CHAPLIN (SQUARE CHARLIE);M;5037369;305311;590
201500029656;15;6;5;1440;1;2;3;1;6;178;GUYNEMER (RUE GEORGES);M;5037208;305466;590
201500029657;15;6;7;2025;1;2;4;1;6;178;BOISSET (QUAI DE);M;5039269;308047;590
201500029658;15;6;26;2245;5;2;1;1;2;7;CHEVALET (RUE DU);M;5040175;315716;590
201500029659;15;6;15;1515;1;2;1;7;1;314;82, GAMBETTA LEON(RUE);M;5036363;334102;590
201500029660;15;6;22;1720;1;2;1;2;3;178;173, EGLISE (RUE DE L');M;5039350;308263;590
201500029661;15;6;21;320;3;1;1;1;1;239;RD 938;M;5042680;315152;590
201500029662;15;6;22;2140;2;1;1;1;7;456;RIEULAY(ROUTE DE);M;5038700;323269;590
201500029663;15;7;5;240;5;2;2;1;3;227;JOLIOT CURIE IRENE(RUE);M;5036655;329583;590
201500029664;15;7;19;1905;1;1;1;1;1;8;DELESTRAINT (RUE DU GENE;M;5033702;327961;590
201500029665;15;7;29;1315;1;2;1;1;1;178;650, CAMBRAI (RUE DE);M;5035744;308127;590
201500029666;15;7;30;1135;1;1;1;3;3;165;RD 621;;;;590
201500029667;15;8;2;1920;1;2;6;1;6;178;02, PASTEUR (BOULEVARD);M;5036316;307805;590
201500029668;15;9;2;110;5;2;1;1;6;234;25, MARTIN (RUE MARCEAU);M;5039952;308877;590
201500029669;15;8;1;1920;1;2;9;1;6;654;270, LANGEVIN (RUE PAUL);M;5038797;310166;590
201500029670;15;8;8;955;1;2;1;1;2;178;616, JEANNE D'ARC (BOULE;M;5036925;306408;590
201500029671;15;8;19;810;1;1;6;1;1;178;FORT DE SCARPE (RUE DU);M;5039138;310583;590
201500029672;15;9;20;1900;1;2;1;1;2;178;CAMBRAI (PONT DE);M;5035588;308202;590
201500029673;15;9;19;1000;1;1;1;1;3;170;14, RICHARD (RUE MAURICE;M;5035391;312400;590
201500029674;15;6;21;2050;1;2;1;1;6;178;ALLEMANDS (CHEMIN DES);M;5034997;308977;590
201500029675;15;10;13;2000;5;2;3;1;1;170;D (ALLEE - LA CROIX DE P;M;5034991;313047;590
201500029676;15;10;2;855;1;2;1;1;6;239;29, ABBE GILLERON (RUE D;M;5042944;317647;590
201500029677;15;9;20;1620;1;1;2;1;3;456;GALIBOT (CHEMIN DU);M;5037208;323636;590
201500029678;15;10;28;1540;1;1;1;8;5;165;RD 621;M;5037677;302891;590
201500029679;15;10;16;1720;1;2;2;1;5;178;222, BARLET (PLACE DU);M;5036463;308311;590
201500029680;15;10;28;1315;1;2;6;1;6;178;LEQUIEN (RUE DU DOCTEUR);M;5038108;308491;590
201500029681;15;10;28;1940;5;2;1;1;6;375;07, DE GAULLE(PLACE);M;5040741;327891;590
201500029682;15;11;4;1710;2;2;1;8;6;185;12, MARAICHONS (RUE DES);M;5034850;321581;590
201500029683;15;11;5;1155;1;2;1;1;3;178;RD 643;M;5037420;306619;590
201500029684;15;11;12;1135;1;2;2;1;6;574;50, MICHEL LOUISE(BOULEV;M;5035380;328308;590
201500029685;15;2;12;1315;1;2;1;1;6;178;467, GUYNEMER (RUE GEORG;;;;590
201500029686;15;1;24;2100;3;1;1;1;6;276;ALLEMANDS (CHEMIN DES);;;;590
201500029687;15;1;16;1620;1;2;1;1;1;28;ROUSSEAU (RUE JEAN-JACQU;;;;590
201500029688;15;2;2;830;1;2;1;1;6;178;176, RAIMBEAUCOURT (RUE;;;;590
201500029689;15;2;6;1130;1;2;3;1;2;654;BULTEZ (RUE MARCEL);;;;590
201500029690;15;1;9;2150;5;2;9;2;6;588;PIERRES;;;;590
201500029691;15;2;22;2130;5;2;2;3;3;183;, REPUBLIQUE - F MITTER;;;;590
201500029692;15;1;9;2210;3;1;1;2;6;340;., GENERAL CATROUX;;;;590
201500029693;15;2;17;2000;5;2;1;1;6;588;20, MAIRIE;;;;590
201500029694;15;12;13;1230;1;2;2;1;1;540;., BERTEAUX MAURICE - AV;M;5101531;220582;590
201500029695;15;1;13;1315;1;2;1;2;6;271;., LORRAINE;;;;590
201500029696;15;1;10;58;5;2;1;9;3;183;., ASSEMAN PAUL - PLACE;;;;590
201500029697;15;3;9;130;4;2;1;1;6;588;., PIERRES;;;;590
201500029698;15;2;5;1210;1;2;1;2;6;155;90, BOERNHOL;;;;590
201500029699;15;3;14;10;5;1;6;1;6;271;, RD 601;;;;590
201500029700;15;3;14;1545;1;2;9;1;6;183;LAROUSSE PIERRE;;;;590
201500029701;15;2;11;1726;2;1;1;1;4;155;., LIBERATION - AVENUE;;;;590
201500029702;15;3;14;2210;5;2;1;1;6;183;., REPUBLIQUE - F MITTER;;;;590
201500029703;15;2;13;1515;1;2;1;1;6;271;24, MOULIN;;;;590
201500029704;15;4;3;1200;1;2;1;2;6;271;26, FLANDRES - BOULEVARD;;;;590
201500029705;15;2;14;1935;5;2;9;2;5;271;., MENDES FRANCE - BOULE;;;;590
201500029706;15;4;21;910;1;2;1;1;6;183;Rue de Calais;M;5102836;236806;590
201500029707;15;4;5;500;5;2;2;1;3;540;., FERRER;;;;590
201500029708;15;5;10;1650;1;2;1;1;2;183;., LIBERATION - AVENUE;M;5104107;238879;590
201500029709;15;5;13;905;1;2;9;1;6;183;., PETITE-SYNTHE CD 940;M;5102045;233224;590
201500029710;15;5;17;1900;1;2;3;1;3;183;., LIBERATION - AVENUE;M;5104649;238775;590
201500029711;15;5;20;1900;1;1;2;1;3;155;., FURNES - ROUTE;M;5103208;239500;590
201500029712;15;5;24;905;1;2;6;1;3;155;., BERANGER;M;5102383;239236;590
201500029713;15;6;11;1355;1;2;1;1;6;183;209, SCHUMAN MAURICE - A;M;5103522;236711;590
201500029714;15;6;14;1840;1;1;1;1;6;155;WALDECK ROUSSEAU;M;5102183;239052;590
201500029715;15;6;19;1930;1;2;1;1;1;131;66, BOURBOURG - ROUTE;M;5100063;235817;590
201500029716;15;7;3;1015;1;1;3;1;6;183;Bd du 8 Mai 1945;M;5105197;240800;590
201500029717;15;4;1;1330;1;2;1;1;6;183;., VANCAUWENBERGUE GEORG;M;5100201;231380;590
201500029718;15;7;11;700;1;2;1;1;2;540;50, REPUBLIQUE;M;5102894;235723;590
201500029719;15;7;11;2035;1;2;2;1;3;540;., FOURNIER;M;4848507;134043;590
201500029720;15;7;12;1230;1;2;3;1;3;155;60, HUGO VICTOR;M;5101905;238424;590
201500029721;15;7;19;145;5;2;1;2;6;155;GHESQUIERE HENRI;M;5102050;239122;590
201500029722;15;7;23;1900;1;1;1;1;3;271;., CD 940 ANCIEN VILLAGE;M;5100856;228305;590
201500029723;15;7;24;805;1;2;1;1;7;183;., MENDES FRANCE - BOULE;M;5103906;240568;590
201500029724;15;7;22;1200;1;2;3;1;3;183;PARIS;M;5102940;237459;590
201500029725;15;7;25;1130;1;2;1;1;6;271;GENERAL DE GAULLE - AVEN;M;5101509;230239;590
201500029726;15;8;5;2000;1;2;1;1;6;271;., SUWALKI - AVENUE;M;5101048;230209;590
201500029727;15;6;15;1930;1;2;9;1;2;183;., PETITE-SYNTHE CD 940;M;5102241;234072;590
201500029728;15;8;12;1125;1;2;9;1;6;183;., PRESIDENT POINCARE;M;5103522;238050;590
201500029729;15;8;16;400;5;2;1;1;6;183;181, DOUVRES;M;5102547;224369;590
201500029730;15;8;27;1130;1;2;1;3;2;183;3510, PETITE-SYNTHE CD 9;M;5101861;232452;590
201500029731;15;8;29;300;5;1;1;1;6;540;58, HUGO VICTOR;M;5101498;220061;590
201500029732;15;8;29;1330;1;2;1;1;6;131;., HOOGHE-PORTE;M;5099475;236686;590
201500029733;15;9;7;1200;1;2;1;1;6;183;14, EGALITE;M;5101791;232336;590
201500029734;15;9;20;710;1;1;2;1;3;155;., MALO CELESTIN;M;5103119;240616;590
201500029735;15;9;13;900;1;2;3;1;3;271;., MOULIN;M;5102333;230455;590
201500029736;15;9;25;1105;1;2;3;1;3;183;., PETITE-SYNTHE CD 940;M;5102566;235536;590
201500029737;15;9;26;1510;1;1;1;1;7;588;., PIERRES;M;5099116;246211;590
201500029738;15;10;2;1300;1;2;1;1;3;271;., DUBEDOUT HUBERT - AVE;;;;590
201500029739;15;10;17;1945;5;2;1;1;6;183;288, REPUBLIQUE - F MITT;M;5103050;232336;590
201500029740;15;10;23;1535;1;2;9;1;6;183;15, PARIS;M;5101791;236686;590
201500029741;15;10;27;1845;5;2;1;1;6;183;., VILLETTE - AVENUE;M;5102405;236025;590
201500029742;15;11;6;2240;5;2;2;2;1;155;., BUFFON;M;5102310;239269;590
201500029743;15;11;5;810;2;2;1;2;2;183;., REPUBLIQUE - F MITTER;M;5102415;224144;590
201500029744;15;10;27;1010;1;2;7;1;3;183;., ABBE BONPAIN - PLACE;M;5104197;240605;590
201500029745;15;10;28;1745;1;2;1;1;6;183;., ZAMENHOF DOCTEUR;M;5102446;224406;590
201500029746;15;11;3;750;2;2;1;1;4;271;., ANCIEN VILLAGE - AVEN;M;5100080;215003;590
201500029747;15;11;20;320;3;1;1;1;6;271;RD 601;M;5100497;226736;590
201500029748;15;11;19;2050;3;1;1;2;7;155;., STEENDAM CD 72 - ROUT;M;5100660;240403;590
201500029749;15;11;21;1600;1;2;6;1;6;540;., 8 MAI 1945 - CARREFOU;M;5101365;220083;590
201500029750;15;11;22;430;3;1;1;1;6;273;., PONT DE L AA;M;5097366;212269;590
201500029751;15;11;26;740;2;2;1;1;6;183;., CALAIS;M;5102838;236808;590
201500029752;15;12;6;1920;3;1;1;1;6;359;., RD601;M;5100008;224341;590
201500029753;15;12;9;1640;1;2;1;1;3;271;GARNAERSTRAETE;M;5100922;229538;590
201500029754;15;12;9;2015;3;1;1;1;3;588;., 32EME DI;M;5103211;243416;590
201500029755;15;12;11;1810;5;2;2;1;6;183;373, REPUBLIQUE - F MITT;M;;;590
201500029756;15;12;15;1700;1;2;2;2;1;540;., CYGNES;M;5101330;219370;590
201500029757;15;12;21;2120;5;2;6;1;6;183;., REPUBLIQUE - F MITTER;M;5103058;225528;590
201500029758;15;12;18;1150;1;2;1;1;6;183;16, BOIS - QUAI;M;5103047;237394;590
201500029759;15;1;14;745;5;2;1;4;6;295;88, NOTRE DAME;;;;590
201500029760;15;4;7;750;1;1;1;5;1;295;Rte dйpartementale;M;5072579;251409;590
201500029761;15;1;16;830;1;2;1;1;6;295;NOTRE DAME;;;;590
201500029762;15;5;11;1705;1;1;1;1;2;295;Route dйpartemenetale;M;5074013;254979;590
201500029763;15;6;3;800;1;2;1;1;6;295;DEPOORTER;;;;590
201500029764;15;6;12;1800;1;1;1;1;1;295;., RD642;;;;590
201500029765;15;9;3;1610;1;2;3;1;3;295;., PASTEUR;;;;590
201500029766;15;9;28;2000;1;2;1;1;6;295;31, HENRI DUNANT;;;;590
201500029767;15;11;25;1040;1;2;6;7;3;295;DE CAESTRE;;;;590
201500029768;15;3;10;1625;1;2;1;1;6;324;554, ERQUELINNES (RUE);;;;590
201500029769;15;6;10;1810;1;2;3;1;2;385;84, VICTOR HUGO (RUE);M;;;590
201500029770;15;6;6;2205;5;2;1;1;6;385;2, PLACE (RUE DE LA);M;5029436;407780;590
201500029771;15;9;14;534;5;2;3;9;3;324;661, LEON BLUM (RUE);M;5029452;408539;590
201500029772;15;11;27;1745;5;2;1;1;6;324;252, RESISTANCE (RUE DE;M;5029500;410585;590
201500029773;15;1;3;120;5;2;9;1;6;350;NC, SOLFERINO RUE N?1 -;;;;590
201500029774;15;2;17;1340;1;2;1;1;6;378;34, EGLISE RUE DE L;;;;590
201500029775;15;12;21;740;5;2;1;1;6;527;GAMBETTA LEON RUE;;;;590
201500029776;15;1;9;515;5;2;1;2;6;350;NC, MOSELLE BOULEVARD N?;;;;590
201500029777;15;11;28;2310;5;2;3;1;6;350;MEHL RUE;M;5064152;308408;590
201500029778;15;3;2;1730;1;2;1;1;6;350;BOSSUET RUE;;;;590
201500029779;15;1;9;855;1;2;3;2;2;350;NC, SOLFERINO RUE N?1 -;;;;590
201500029780;15;3;3;1520;1;2;1;1;6;328;380, DUNKERQUE AVENUE DE;;;;590
201500029781;15;1;10;1920;5;2;4;1;3;368;NC, GAMBETTA LEON RUE;;;;590
201500029782;15;3;5;1435;1;1;2;1;4;560;HENTGES JOSEPH B;;;;590
201500029783;15;1;9;1645;2;2;2;2;3;410;NC, DE GAULLE RUE DU GEN;;;;590
201500029784;15;9;22;1415;1;2;1;2;6;350;131, TURIN BOULEVARD;M;5063886;307647;590
201500029785;15;2;17;2000;2;2;1;1;6;350;GRAND BUT RUE DU;M;5065166;297500;590
201500029786;15;1;13;1420;1;2;2;2;3;350;GARREAU LAZARE RUE;;;;590
201500029787;15;2;17;2025;5;1;1;1;6;350;ROTONDE AVENUE D;M;5000000;259489;590
201500029788;15;1;18;2134;5;2;2;4;6;350;NC, COURBET GUSTAVE  RUE;;;;590
201500029789;15;3;13;1005;1;2;1;1;6;286;56, CARNOT SADI RUE;;;;590
201500029790;15;12;17;1235;1;2;5;1;3;350;SOLFERINO RUE Nш1 - 159;M;5062606;306476;590
201500029791;15;1;17;540;5;1;1;1;6;566;NC, COMMERCE BOULEVARD D;;;;590
201500029792;15;3;4;900;1;2;1;1;6;368;183, DE GAULLE RUE DU GE;;;;590
201500029793;15;1;16;1830;5;2;1;1;1;350;CARREL ARMAND RUE;;;;590
201500029794;15;3;1;2125;4;2;1;2;4;195;FUSILLES RUE DES;M;5062677;296003;590
201500029795;15;1;20;1400;1;2;2;1;6;350;NC, FAUBOURG D'ARRAS RUE;;;;590
201500029796;15;4;8;1540;1;2;1;1;6;196;Rue d' ESCOBECQUES;M;5063150;294000;590
201500029797;15;1;16;1700;1;2;2;1;6;378;0, RIANDERIE RUE DE LA;;;;590
201500029798;15;3;6;250;5;2;1;1;2;350;SOLFERINO RUE N°2 - 108;M;5063436;304886;590
201500029799;15;3;8;2050;5;2;3;1;2;350;HEGEL RUE;M;5063133;302206;590
201500029800;15;1;22;730;1;2;3;8;3;328;NC, SAINT PAUL ALLEE;;;;590
201500029801;15;4;1;1654;1;2;3;1;3;527;74, LECLERC RUE DU GENER;;;;590
201500029802;15;1;24;2230;5;2;2;1;3;350;nc, SOLFERINO RUE N?110;;;;590
201500029803;15;3;10;300;5;2;1;1;2;350;MONTEBELLO  BOULEVARD N°;M;5061947;304853;590
201500029804;15;1;24;1620;1;2;2;1;3;350;NC, SALENGRO ROGER RUE;;;;590
201500029805;15;3;14;255;5;2;3;1;6;350;nc, LEBAS JEAN BAPTISTE;;;;590
201500029806;15;1;30;955;1;2;1;2;7;350;253, GAMBETTA LEON RUE;;;;590
201500029807;15;12;7;1345;1;2;2;1;6;350;68, VAUBAN BOULEVARD Nш;M;5063181;304601;590
201500029808;15;3;12;30;5;2;1;1;6;350;BEETHOVEN AVENUE;M;5061827;303261;590
201500029809;15;1;30;405;5;2;1;4;6;350;NC, MOSELLE BOULEVARD N?;;;;590
201500029810;15;6;19;1625;1;2;1;1;6;350;92, SOLFERINO RUE N°2 -;M;5063372;305000;590
201500029811;15;1;30;800;2;2;1;4;2;350;NC, JAVARY RUE;;;;590
201500029812;15;3;25;1230;1;2;1;1;6;368;KOENING RUE DU GENER;;;;590
201500029813;15;1;27;2230;5;2;9;1;3;378;BONPAIN RUE DE L'ABBE;;;;590
201500029814;15;3;28;550;5;2;2;1;3;350;DUNKERQUE de  AVENUE;;;;590
201500029815;15;1;25;2057;5;2;9;2;6;350;NC, LAMBRET OSCAR AVENUE;;;;590
201500029816;15;3;24;920;1;2;2;1;1;350;Rue MARTYRS DE LA RESIST;M;5063288;300897;590
201500029817;15;2;3;1300;1;2;9;1;3;9;NC, BREUCQ BOULEVARD DU;;;;590
201500029818;15;4;1;1816;1;2;1;1;5;350;170, BRETAGNE AVENUE DE;;;;590
201500029819;15;2;7;245;3;2;1;2;6;350;NC, LAFARGUE PAUL RUE;;;;590
201500029820;15;3;22;2015;2;2;1;1;3;350;ARRAS RUE D;M;5061663;306303;590
201500029821;15;3;9;1645;1;2;6;1;6;350;NC, DOREZ BARTHELEMY PLA;;;;590
201500029822;15;2;7;1725;1;2;1;1;6;350;783, DUNKERQUE AVENUE DE;;;;590
201500029823;15;3;29;2235;5;2;2;1;3;350;RU FENELON;M;5062988;311031;590
201500029824;15;2;6;1935;5;2;9;1;4;350;NC, BEETHOVEN AVENUE;;;;590
201500029825;15;4;15;1536;1;2;2;1;6;350;Rue d' ARBRISSEAU;M;5060255;305127;590
201500029826;15;4;7;1305;1;2;3;1;3;350;CARREL ARMAND RUE;;;;590
201500029827;15;2;1;2325;5;2;1;2;6;350;111, SALENGRO ROGER RUE;;;;590
201500029828;15;4;9;1930;1;2;7;1;6;350;SOLFERINO RUE N°110 - 20;;;;590
201500029829;15;1;28;2015;5;2;9;1;7;328;NC, HIPPODROME AV DE L N;;;;590
201500029830;15;4;6;1700;1;2;6;1;3;350;PL SIMON VOLLANT;;;;590
201500029831;15;4;22;740;1;1;2;7;3;360;PARE AMBROISE RUE;;;;590
201500029832;15;3;14;220;5;2;1;1;2;378;REPUBLIQUE AV DE LA (N?9;M;5000000;300000;590
201500029833;15;2;13;1640;1;2;1;1;6;220;FERRER RUE;;;;590
201500029834;15;4;25;310;5;2;1;2;3;350;146 SOLFERINO RUE N°110;M;5063147;305408;590
201500029835;15;2;14;1515;1;2;1;1;3;350;NC, STRASBOURG PLACE;;;;590
201500029836;15;4;17;1230;1;2;1;1;6;350;02 а 04, CABANIS RUE;M;5063508;309286;590
201500029837;15;11;16;1840;2;2;1;1;7;350;FAIDHERBE RUE;;;;590
201500029838;15;2;13;1925;5;1;1;3;5;560;NC, R.D. 549;;;;590
201500029839;15;3;30;1240;1;2;2;1;3;410;BECQUEREL RUE DU;M;5063566;309999;590
201500029840;15;4;25;2125;5;2;2;1;3;360;LECLERC RUE DU GENERAL;M;5061012;302060;590
201500029841;15;2;10;920;1;2;1;7;7;328;NC, CHATEUBRIAND RUE;;;;590
201500029842;15;3;17;2100;5;2;1;1;6;350;FLERS RUE;M;5063700;309064;590
201500029843;15;4;20;1220;1;2;2;1;3;9;IGNORE, DECUGIS YVES RUE;;;;590
201500029844;15;3;23;830;1;2;1;1;6;350;FLANDRES PONT;M;5063755;307761;590
201500029845;15;5;3;2150;5;2;1;1;6;350;34, ESQUERMES RUE  Nш PA;M;5062430;304447;590
201500029846;15;4;9;930;1;2;1;1;6;527;IGNORE, LAMBERSART RUE D;;;;590
201500029847;15;3;17;1015;1;2;1;1;6;350;MONTEBELLO BD PAIRS DE 7;M;5062072;304714;590
201500029848;15;4;6;1955;1;2;2;1;6;350;SANS PEUR RUE JEAN N°1-6;M;5063403;306108;590
201500029849;15;4;28;1900;1;2;2;1;5;286;NC, VANDERHAGEN ALBERT R;M;5061091;298019;590
201500029850;15;5;12;1200;1;2;1;1;6;378;44, DELATTRE DE TASSIGNY;;;;590
201500029851;15;9;23;1135;1;2;9;1;6;350;NC, NATIONALE RUE N°2 -;M;5038069;3304;590
201500029852;15;3;7;1450;1;1;3;1;3;286;42, LOSTES RUE DES;;;;590
201500029853;15;4;23;1630;1;2;2;7;6;350;52, CARNOT SADI BV. NшPA;M;5063955;306808;590
201500029854;15;5;2;1800;1;2;3;1;3;386;12/14, INDUSTRIELLE AVEN;M;;;590
201500029855;15;5;17;15;5;2;2;1;3;350;LIBERTE BVD N°2 - 90-51;M;5063463;305647;590
201500029856;15;3;22;45;5;2;2;1;6;350;SOLFERINO RUE N°2  - 108;M;5063622;304533;590
201500029857;15;4;7;1515;1;1;1;1;3;9;NC, COLBERT RUE;M;5062630;318483;590
201500029858;15;5;26;1140;1;2;1;1;1;560;nc, RIEUX GERNEZ RUE;M;5054119;302705;590
201500029859;15;5;21;1935;1;2;3;1;3;350;VAUBAN BOULEVARD N° REST;M;5038105;330150;590
201500029860;15;5;24;1350;1;2;2;1;6;350;ARRAS RUE D;;;;590
201500029861;15;5;25;700;1;2;1;1;6;378;53 BIS, HENAUX MARCEL RU;;;;590
201500029862;15;10;1;1555;1;2;1;1;6;9;29, BOIS AVENUE DU PONT;;;;590
201500029863;15;6;5;1540;1;1;1;1;1;566;DE LA PHALECQUE E. IMBER;M;5063401;297416;590
201500029864;15;4;17;1620;1;2;2;1;2;328;HIPPODROME AV DE L Nш237;M;5063941;303305;590
201500029865;15;6;9;1730;1;2;8;1;3;220;KLEBER RUE;M;5059805;306838;590
201500029866;15;5;7;2040;2;2;1;1;6;350;IGNORE, CORBUSIER AVENUE;M;;;590
201500029867;15;6;11;320;5;2;1;1;6;368;258, REPUBLIQUE AVENUE D;;;;590