num_acc;an;mois;jour;hrmn;lum;agg;int;atm;col;com;adr;gps;lat;long;dep
201500029868;15;5;5;1500;1;2;2;7;3;9;TOISON D'OR RUE DE LA;M;5061705;313613;590
201500029869;15;9;10;1450;1;2;3;1;6;9;CHATELLENIE AVENUE DE LA;;;;590
201500029870;15;5;14;2215;5;2;1;1;6;350;8, COURTOIS RUE;M;4885661;235222;590
201500029871;15;5;10;2235;5;2;1;1;7;220;357, ARRAS ROUTE D     N;M;5060022;305386;590
201500029872;15;5;19;1530;1;1;2;1;3;507;CARNOT SADI RUE;;;;590
201500029873;15;10;1;1505;1;2;2;1;6;350;ALSACE BOULEVARD D;M;5061752;306366;590
201500029874;15;6;14;1330;1;2;1;1;3;9;22, BRIGODE AVENUE DE;M;5062408;316138;590
201500029875;15;6;11;1410;1;1;2;1;6;360;AVINEE EUGENE AVENUE;;;;590
201500029876;15;9;24;1515;1;2;9;1;4;9;216, JAURES JEAN RUE DU;M;5066855;314297;590
201500029877;15;7;9;1635;1;2;2;1;3;220;230, JAURES JEAN RUE;M;5060497;307425;590
201500029878;15;6;4;220;5;2;2;1;3;350;VAUBAN BOULEVARD N° REST;M;5063438;304877;590
201500029879;15;6;13;2045;1;2;1;1;6;350;LEGRAND PIERRE RUE;;;;590
201500029880;15;6;16;110;5;2;2;1;3;350;TURENNE RUE;;;;590
201500029881;15;6;21;1150;1;2;1;1;2;9;57, FLANDRE AVENUEE DE;M;5066339;314223;590
201500029882;15;4;17;2310;5;2;1;1;3;350;CARREL ARMAND RUE;M;5061827;307333;590
201500029883;15;6;5;1505;1;2;1;1;6;350;BLANC LOUIS RUE;;;;590
201500029884;15;6;22;1215;1;2;2;2;6;328;7, CARNOY RUE DE LA N°5;M;5065135;302259;590
201500029885;15;5;12;1745;1;2;2;1;3;350;DUNKERQUE AVENUE DE;M;5063030;303511;590
201500029886;15;6;26;2320;5;2;1;1;3;360;IGNOREE, DOUMER PAUL RUE;;;;590
201500029887;15;6;29;2000;1;2;6;1;3;560;BOUVRY ROGER RUE;M;5053450;301580;590
201500029888;15;6;25;1715;1;2;1;1;3;350;108, MOLINEL RUE NшPAIRS;M;5063347;306552;590
201500029889;15;6;29;1700;1;2;1;1;3;9;IGNORE, LIBERTE RUE DE L;M;5062650;314977;590
201500029890;15;6;18;1250;1;2;2;1;3;350;BD VAUBAN;M;5063450;304861;590
201500029891;15;7;3;1210;1;2;3;1;3;350;33 BIS, MITTERIE RUE DE;M;5064822;299069;590
201500029892;15;7;4;2240;5;2;1;1;6;350;149B, HUGO VICTOR  BVD N;M;5062138;305941;590
201500029893;15;10;28;1710;2;2;1;2;3;350;, LECLERCQ JULES BVD DU;M;5036409;301592;590
201500029894;15;7;5;2125;2;2;3;1;3;360;MICHEL RUE DU CAPITAINE;M;5060061;304616;590
201500029895;15;6;12;2315;5;2;1;1;3;350;FAIDHERBE RUE;M;5063680;306875;590
201500029896;15;5;27;1735;1;2;2;1;6;350;NC, CORBUSIER AVENUE LE;M;5063972;307563;590
201500029897;15;7;9;2345;5;2;1;1;6;507;75, DE LATTRE DE TASSIGN;;;;590
201500029898;15;11;13;1655;2;2;1;9;6;350;10, VAUBAN BOULEVARD N°;M;5038068;2571;590
201500029899;15;9;28;1125;1;2;8;7;6;360;52, REPUBLIQUE BOULEVARD;M;5061188;301180;590
201500029900;15;7;3;1455;1;1;1;1;1;560;NC, MARTINSART A AVELIN;M;5053986;304805;590
201500029901;15;9;15;1410;1;2;1;2;6;350;18, JACQUET EUGENE RUE N;M;5063827;307716;590
201500029902;15;7;20;1348;1;2;2;3;6;328;BOURG RUE DU N°9 AU 109;M;5065138;302278;590
201500029903;15;7;22;1745;1;2;1;1;3;350;13, BASSE RUE;M;5063900;306275;590
201500029904;15;7;22;1647;1;2;1;1;2;560;LILLE ROUTE DE;M;5056113;303769;590
201500029905;15;6;30;1015;1;2;2;1;6;350;67, NATIONALE RUE Nш2 -;M;5063575;305972;590
201500029906;15;7;26;520;2;2;1;1;6;368;, REPUBLIQUE AVENUE DE L;M;5064561;307507;590
201500029907;15;7;22;950;1;2;1;1;4;360;67, POTIE GEORGES RUE;M;5061277;300269;590
201500029908;15;7;16;1800;1;2;1;1;6;350;77, DOUAI RUE;M;;;590
201500029909;15;7;18;1030;1;2;2;1;6;368;224, DE GAULLE RUE DU GE;M;5065767;307379;590
201500029910;15;7;29;1555;1;2;2;1;3;350;STATIONS RUE Nш RESTE;M;5063097;305225;590
201500029911;15;6;11;1630;1;2;1;1;6;350;BRETON JULES RUE;M;5060670;304551;590
201500029912;15;6;18;1445;1;2;2;1;3;350;NC, YERSIN RUE DU DOCTEU;M;5062025;305369;590
201500029913;15;8;6;1735;1;2;1;1;3;328;BOIS RUE DU;M;5064872;304591;590
201500029914;15;8;7;230;3;2;1;1;6;350;DEMI LUNE PASSAGE;M;5063474;307174;590
201500029915;15;8;7;145;5;2;1;1;3;350;VAUBAN BOULEVARD N° REST;M;5063000;305170;590
201500029916;15;7;15;1425;1;1;3;1;2;9;BREUCQ BOULEVARD DU;M;5063840;314243;590
201500029917;15;8;13;1040;1;2;3;1;1;220;VERDUN AVENUE DE;M;5059144;308475;590
201500029918;15;8;2;1710;1;2;2;1;3;350;PHILADELPHIE RUE;M;5063275;309783;590
201500029919;15;8;15;645;2;1;1;1;3;350;FAUBOURG DE BETHUNE RUE;M;5061756;302676;590
201500029920;15;7;7;1810;1;2;1;1;6;350;DUBUISSON EMILE BOULEVAR;M;5063125;307697;590
201500029921;15;8;15;1505;1;2;2;1;4;368;175, POMPIDOU G. RUE DU;M;5065685;306434;590
201500029922;15;8;13;1910;1;2;3;2;6;350;CURIE FREDERIC JOLIOT RU;M;5062111;303333;590
201500029923;15;7;15;1330;1;2;6;1;6;350;, FEBVRIER JACQUES PLACE;M;5061751;306172;590
201500029924;15;6;17;1415;1;2;1;1;6;9;TOURNAI BOULEVARD DE;M;5061453;313771;590
201500029925;15;8;24;2015;1;1;1;3;2;350;217, NATIONALE RUE N°RES;;;;590
201500029926;15;8;12;2100;2;1;1;1;6;220;168, CARNOT RUE;M;5060159;306755;590
201500029927;15;7;7;1815;1;2;2;1;6;350;DUBUISSON EMILE BOULEVAR;M;5063130;307716;590
201500029928;15;4;5;1550;1;2;1;1;2;457;LECLERC RUE  DU GENERAL;;;;590
201500029929;15;11;19;1840;5;2;2;2;6;350;FENELON RUE;M;5062990;311025;590
201500029930;15;9;6;2300;5;2;2;1;3;648;292, CLEMENCEAU RUE;M;5058949;305102;590
201500029931;15;8;27;1320;1;1;1;8;1;648;2, HUGO VICTOR RUE;;;;590
201500029932;15;8;6;855;1;2;2;1;3;527;NORD OUEST VOIE INTERCOM;;;;590
201500029933;15;8;5;850;2;2;1;1;3;350;10, BELFORT BOULEVARD DE;M;5062195;307881;590
201500029934;15;9;8;750;1;1;2;1;3;193;0, D. 341;M;5059874;300330;590
201500029935;15;4;7;840;1;2;1;1;6;350;15, BOHIN RUE DE;M;5063136;308800;590
201500029936;15;9;12;1745;1;2;1;2;3;350;1044, DUNKERQUE AVENUE D;M;5064438;297526;590
201500029937;15;8;27;1000;1;2;2;1;6;220;ZOLA EMILE RUE;M;5060831;306573;590
201500029938;15;9;25;605;2;2;1;1;3;350;VANHOENACKER PLACE;M;5061950;306369;590
201500029939;15;8;22;1220;1;2;2;1;7;648;20, DE GIRARD RUE PHILIP;M;5060014;305185;590
201500029940;15;7;2;1745;1;2;1;1;6;350;ROLAND RUE;M;5062932;303653;590
201500029941;15;9;24;1720;1;2;1;2;6;527;LAMBERSART RUE DE;M;5065000;304000;590
201500029942;15;10;10;305;5;2;2;1;3;350;CARNOT SADI RUE;M;;;590
201500029943;15;10;4;1635;1;2;3;1;3;9;, MONS BOULEVARD DE;M;;;590
201500029944;15;10;17;212;5;2;2;2;3;350;TURENNE RUE;;;;590
201500029945;15;10;16;1230;1;2;9;1;3;360;GHESQUIERE HENRI RUE;;;;590
201500029946;15;7;3;1925;1;2;1;1;6;507;CONDE RUE DE;M;5060158;309238;590
201500029947;15;8;7;910;1;2;1;1;6;350;39, TOURNAI RUE DE;M;5063480;307219;590
201500029948;15;7;18;1750;1;2;1;1;6;350;74, SAMAIN ALBERT SQUARE;M;5061864;304290;590
201500029949;15;7;20;645;2;2;2;2;3;350;CORBUSIER AVENUE LE;M;5063950;307580;590
201500029950;15;10;6;910;1;2;2;1;6;360;LECLERC RUE DU GENERAL;M;5061002;302072;590
201500029951;15;9;7;1155;1;2;1;1;6;360;2, CLEMENCEAU RUE;M;5061458;301092;590
201500029952;15;10;15;625;2;1;1;1;3;350;MOSELLE BOULEVARD ° DE 1;M;5062264;302895;590
201500029953;15;10;18;1035;1;2;1;1;3;648;262, CLEMENCEAU RUE;M;5059041;305055;590
201500029954;15;9;23;1840;1;2;2;1;3;9;OUEST BOULEVARD DE L;M;5063709;312181;590
201500029955;15;10;30;2040;5;2;1;1;3;350;STATIONS RUE Nш RESTE;M;5062677;304327;590
201500029956;15;10;31;430;5;2;4;1;6;350;CORDONNIER AVENUE DE;M;5037170;305126;590
201500029957;15;8;22;1010;1;2;1;1;6;368;148, SALENGRO ROGER RUE;M;5065504;305875;590
201500029958;15;7;31;920;1;2;1;1;6;220;ARRAS ROUTE D     N°IMPA;;;;590
201500029959;15;11;7;25;5;2;1;2;6;350;, FEBVRIER JACQUES PLACE;M;;;590
201500029960;15;11;2;850;1;2;1;1;2;9;CANTELEU AVENUE DE;;;;590
201500029961;15;11;13;1540;1;2;2;3;6;350;LORRAINE BOULEVARD;M;4970000;670000;590
201500029962;15;11;7;730;5;2;3;8;3;507;38, LESQUIN RUE DE;M;5059760;309684;590
201500029963;15;10;1;2020;5;2;2;8;3;350;NC, SEGARD NORBERT RUE;M;5063417;304539;590
201500029964;15;11;22;1740;2;2;7;3;6;350;ALSACE BOULEVARD D;;;;590
201500029965;15;11;12;1010;1;2;1;1;6;350;13, JACQUARD RUE;;;;590
201500029966;15;11;7;1330;1;1;1;1;3;193;GUSTAVE DELORY, RUE;;;;590
201500029967;15;11;20;1825;1;1;1;1;6;9;DE VALMY BOULEVARD;M;5061918;312666;590
201500029968;15;11;30;830;1;2;1;2;6;560;, DORMOY MARX RUE;;;;590
201500029969;15;11;14;2000;2;2;1;8;6;350;REPUBLIQUE AVENUE DE LA;M;5063920;301267;590
201500029970;15;12;3;1035;1;1;1;1;6;560;GUISE CHEMIN DE L'ARBRE;;;;590
201500029971;15;11;28;1945;3;1;1;2;3;195;ZONE COMMERCIALE;M;5063394;297124;590
201500029972;15;11;12;1605;1;2;1;1;6;9;83, DETROY ALEXANDRE RUE;M;5063448;312689;590
201500029973;15;11;2;815;1;1;3;1;6;360;PARE AMBROISE RUE;;;;590
201500029974;15;12;11;745;2;2;1;2;6;286;VANDERHAGEN ALBERT RUE;;;;590
201500029975;15;12;11;2350;5;1;3;2;3;648;HUGO VICTOR RUE;M;5059026;303489;590
201500029976;15;12;14;2005;5;2;3;1;3;350;HEGEL RUE;M;5063127;302210;590
201500029977;15;11;26;1340;1;1;2;1;5;286;LOSTES RUE DES;M;5036116;361160;590
201500029978;15;10;30;1605;1;2;1;1;6;410;50, DE GAULLE RUE DU GEN;;;;590
201500029979;15;12;18;710;5;2;3;1;3;350;07, TURENNE RUE;M;5062901;303672;590
201500029980;15;12;10;1750;5;2;1;2;3;350;FUSILLES RUE DES;M;5063853;296905;590
201500029981;15;12;11;2125;5;2;3;9;3;286;ENGLOS RUE D;M;5063499;296493;590
201500029982;15;12;23;1930;5;2;1;1;2;560;172, BURGAULT RUE;M;5054608;304277;590
201500029983;15;12;28;755;5;2;2;1;3;350;FAUBOURG DES POSTES RUE;;;;590
201500029984;15;12;7;1555;2;2;9;1;1;9;VAN GOGH BOULEVARD;M;5062072;313150;590
201500029985;15;11;7;900;1;2;3;1;6;350;RUE DU PONT A FOURCHON;;;;590
201500029986;15;12;20;1720;5;2;1;1;3;392;136, HAUTMONT (RUE D');;;;590
201500029987;15;4;26;1225;1;2;1;8;2;230;3, MARECHAL FOCH (AVENUE;M;5018388;359371;590
201500029988;15;4;24;725;1;2;3;1;6;392;395Boulevard de l' Europ;M;5027488;396842;590
201500029989;15;6;8;1634;1;2;1;1;6;392;35 Rue d’Hautmont;M;5027057;395255;590
201500029990;15;7;13;2340;5;2;1;1;6;291;143, LOUVROIL (RUE DE);M;5025661;393393;590
201500029991;15;9;24;1450;1;2;3;1;1;291;25, MARCEL AIME (AVENUE);;;;590
201500029992;15;11;12;1620;1;2;2;1;7;392;25, CORBEAU (RUE DU);;;;590
201500029993;15;12;31;600;5;2;1;1;1;365;6, LANDRECIES (ROUTE DE);;;;590
201500029994;15;2;10;2115;5;2;1;8;1;543;74 rue d’Hautmont;M;5023583;391241;590
201500029995;15;2;17;1109;1;2;2;1;1;650;PONT,MONT A LEUX (RUE D;M;5071780;319389;590
201500029996;15;2;18;1650;1;2;1;7;6;512;140,  SAINT JEAN  (RUE);M;5068827;318222;590
201500029997;15;2;18;1745;2;2;1;1;6;163;1, JAURES (RUE JEAN);M;5041192;311003;590
201500029998;15;2;19;430;5;2;1;1;6;650;CORNEILLE  (RUE);M;5071336;318878;590
201500029999;15;2;19;1815;5;2;1;1;3;512;36, COMMUNAUTE URBAINE (;M;5042513;311039;590
201500030000;15;2;19;1930;5;2;1;1;6;163;1, ZOLA (BOULEVARD EMILE;M;5040364;311091;590
201500030001;15;2;20;2335;5;2;2;2;3;512;1, MOTTE (AVENUE ALFRED);;;;590
201500030002;15;2;22;1610;1;2;1;1;6;512;128, BEAUREWAERT (RUE DE;;;;590
201500030003;15;2;23;1550;1;2;1;1;6;512;LANNOY (RUE DE );;;;590
201500030004;15;2;25;1045;1;2;2;2;6;512;101,  TOURCOING (RUE DE);M;5070275;317417;590
201500030005;15;2;26;1730;1;2;7;2;2;339;, CARNOT (PLACE SADI);M;5041026;317058;590
201500030006;15;3;2;945;1;2;1;7;6;512;366, LANNOY (RUE DE );;;;590
201500030007;15;3;2;1140;1;2;2;2;3;512;1, DECREME (RUE);;;;590
201500030008;15;3;4;1350;1;2;2;1;3;512;1, VAN DYCK (RUE);;;;590
201500030009;15;3;4;1518;1;2;2;1;6;512;150, SAINT JEAN  (RUE);;;;590
201500030010;15;3;4;1747;1;2;2;1;6;512;459, GRANDE RUE;M;5069666;318778;590
201500030011;15;3;6;1145;1;2;1;1;2;650;LIBERTE (BOULEVARD DE LA;;;;590
201500030012;15;3;7;1615;1;1;1;1;4;339;CD 700;M;5068677;322622;590
201500030013;15;3;8;1945;5;2;2;1;3;512;1, ORAN (RUE D');;;;590
201500030014;15;3;10;1100;1;2;1;1;6;512;GAMBETTA (BOULEVARD);;;;590
201500030015;15;3;11;1400;1;2;2;1;3;512;FRANCE (RUE DE);;;;590
201500030016;15;3;11;1640;1;2;3;1;3;367;EUROPE (AVENUE DE L');;;;590
201500030017;15;3;15;1215;1;2;2;1;3;646;21, FLANDRE (AVENUE DE);;;;590
201500030018;15;3;15;1640;1;1;1;8;3;367;RD 700;;;;590
201500030019;15;3;15;1839;1;2;1;1;4;339;93, CATTEAU (RUE PIERRE);;;;590
201500030020;15;3;16;1110;1;2;1;1;6;512;84, MAUFAIT (RUE DE;;;;590
201500030021;15;3;16;1955;5;2;3;1;3;512;MOREAU (RUE EMILE);;;;590
201500030022;15;3;17;810;1;2;2;1;3;299;33, ECOLES (RUE DES);;;;590
201500030023;15;3;17;1345;1;2;1;1;2;598;9, TRIEU DU QUESNOY (RUE;;;;590
201500030024;15;3;18;1720;1;2;1;1;2;512;166 bis, GRANDE RUE;;;;590
201500030025;15;3;18;1830;1;2;2;1;3;512;ALGER (RUE D');;;;590
201500030026;15;3;22;1635;1;2;1;1;5;512;83, LAGACHE (AVENUE JULI;;;;590
201500030027;15;3;23;700;1;2;3;1;6;650;75, CORNEILLE (RUE);;;;590
201500030028;15;3;23;1045;1;2;1;1;6;512;15, PARABOLES (AVENUE DE;;;;590
201500030029;15;3;25;1320;1;2;3;2;3;512;ARMENTIERES (BOULEVARD D;;;;590
201500030030;15;3;26;1330;1;2;1;2;6;512;46, METZ (BOULEVARD DE);;;;590
201500030031;15;3;27;1350;1;2;1;1;6;512;3, LIMITE (RUE DE LA);;;;590
201500030032;15;3;27;2010;4;2;2;1;3;512;DAUBENTON (RUE);;;;590
201500030033;15;3;30;900;1;1;3;1;6;512;1, PARABOLES (AVENUE DES;;;;590
201500030034;15;3;27;710;1;2;3;1;3;512;LYON (BOULEVARD DE);;;;590
201500030035;15;4;3;1235;1;1;1;1;6;339;45, HUGO (RUE VICTOR);;;;590
201500030036;15;4;3;1345;1;2;1;2;3;512;49, CUVIER (RUE);;;;590
201500030037;15;4;7;1445;1;1;1;1;4;650;FRATERNITE (BOULEVARD DE;;;;590
201500030038;15;4;10;1040;1;2;1;1;3;512;1, ROUSSEAU (RUE JEAN JA;;;;590
201500030039;15;4;12;1150;1;1;3;1;6;512;148, LUXEMBOURG (RUE DU);;;;590
201500030040;15;4;12;1820;1;2;6;1;3;646;JAURES (RUE JEAN);;;;590
201500030041;15;4;13;1000;1;2;1;1;2;512;103, REIMS (BOULEVARD DE;;;;590
201500030042;15;4;14;1630;1;1;2;1;3;650;1, MARTINOIRE (RUE DE LA;;;;590
201500030043;15;4;14;1810;1;2;1;1;6;512;NATIONS UNIES (AVENUE DE;;;;590
201500030044;15;4;15;1840;1;2;1;1;6;512;175, DELORY (AVENUE GUST;;;;590
201500030045;15;4;16;1020;1;2;1;1;6;650;572, SAPIN VERT (RUE DU);;;;590
201500030046;15;4;18;1900;1;2;2;1;6;512;2, METZ (BOULEVARD DE);;;;590
201500030047;15;4;18;330;5;1;1;1;6;299;DELACROIX (AVENUE HENRI);;;;590
201500030048;15;4;19;1715;1;2;1;1;2;367;40, CAVROIS (RUE);;;;590
201500030049;15;4;20;950;1;2;1;1;6;650;0, DELVAINQUIERE (PLACE;;;;590
201500030050;15;4;20;1430;1;2;6;1;6;646;1, GRAND COTTIGNIES (AVE;;;;590
201500030051;15;4;21;1538;1;2;3;1;2;512;12, COLMAR (BOULEVARD DE;;;;590
201500030052;15;4;22;1055;1;2;9;1;6;163;1, GUESDE;;;;590
201500030053;15;4;22;1430;1;2;1;1;6;646;1, MENDES FRANCE (PLACE);;;;590
201500030054;15;4;24;1055;1;2;1;1;6;650;CLE DES CHAMPS  (SENTIER;;;;590
201500030055;15;4;24;1450;1;2;1;1;5;512;0, BOULOGNE (QUAI DE);;;;590
201500030056;15;4;25;1300;1;2;1;1;6;339;41, MICHELET (RUE);;;;590
201500030057;15;4;26;145;5;2;1;1;6;512;60, CAMBRAI (BOULEVARD D;;;;590
201500030058;15;4;28;1130;1;2;9;1;6;650;1, DELECOURT (RUE ALFRED;;;;590
201500030059;15;4;28;2010;1;2;1;1;6;299;COUBRONNE (RUE DU DOCTEU;;;;590
201500030060;15;4;29;1635;1;2;1;1;3;650;33, POILUS (RUE DES);;;;590
201500030061;15;4;30;1310;1;2;2;2;3;512;1, DELORY  (AVENUE GUSTA;;;;590
201500030062;15;4;30;1700;1;2;1;1;6;512;---, LECLERC (BOULEVARD;;;;590
201500030063;15;5;1;1545;1;2;1;1;3;512;169, STRASBOURG (BOULEVA;;;;590
201500030064;15;5;1;1750;1;1;1;1;6;650;45, PHILLIPOT (RUE GEORG;;;;590
201500030065;15;5;2;1320;1;2;1;1;3;650;223, LEERS (RUE DE);;;;590
201500030066;15;5;3;1620;1;2;1;2;2;512;100, MOTTE (AVENUE ALFRE;;;;590
201500030067;15;5;5;1345;1;2;1;1;6;512;NATIONS UNIES (AVENUE DE;;;;590
201500030068;15;5;8;1500;1;2;2;1;3;512;, ORAN (RUE D');;;;590
201500030069;15;5;8;2000;1;2;3;1;6;512;110, ALGER  (RUE D');;;;590
201500030070;15;5;9;815;1;2;1;1;1;650;86, VAILLANT (RUE EDOUAR;;;;590
201500030071;15;5;10;830;1;2;1;1;3;650;109, CARETTE (AVENUE HEN;;;;590
201500030072;15;5;10;1745;1;2;7;1;3;332;BOUCHERS (RUE DES);;;;590
201500030073;15;5;13;900;1;2;2;1;6;512;-, NATIONS UNIES (AVENUE;;;;590
201500030074;15;5;13;1425;1;2;2;1;3;646;1, FLANDRE (AVENUE DE);;;;590
201500030075;15;5;13;1415;1;2;1;1;6;367;1, VERDIERS (RUE DES);;;;590
201500030076;15;5;15;1445;1;1;1;1;3;512;JAURES (AVENUE JEAN);;;;590
201500030077;15;5;15;1730;1;2;3;1;1;512;35, VERDUN (AVENUE DE);;;;590
201500030078;15;5;17;915;1;2;1;1;6;512;COUTEAUX (PONT DES);;;;590
201500030079;15;5;20;1230;1;2;1;1;3;646;GRAND COTTIGNIES (AVENUE;;;;590
201500030080;15;5;21;830;1;2;1;1;6;512;222, DELORY (AVENUE GUST;;;;590
201500030081;15;5;22;1630;1;2;2;1;3;512;NATIONS UNIES (AVENUE DE;;;;590
201500030082;15;5;22;1900;1;2;1;1;6;598;ROUBAIX (RUE DE);;;;590
201500030083;15;5;23;1930;1;2;1;1;6;512;10, COPERNIC (RUE);;;;590
201500030084;15;5;26;1050;1;2;1;1;6;512;59, FOCH (RUE DU MARECHA;;;;590
201500030085;15;5;26;1300;1;2;3;1;6;512;CALMETTE (RUE ALBERT);;;;590
201500030086;15;5;26;1600;1;2;1;1;6;512;64, POTENNERIE (RUE DE L;;;;590
201500030087;15;5;27;1215;1;2;1;1;2;512;24, CUVELLE (RUE);;;;590
201500030088;15;5;27;1615;1;2;1;1;6;512;NOUVEAU MONDE (RUE DU);;;;590
201500030089;15;5;27;1455;1;2;1;1;3;367;51, PAPINERIE (RUE DE LA;;;;590
201500030090;15;5;27;1620;1;2;3;1;1;512;136 AVE LINNE;M;5067851;318986;590
201500030091;15;5;28;1910;1;2;1;1;6;650;COUTEAU (RUE);;;;590
201500030092;15;5;31;1530;1;2;1;2;3;646;30, REPUBLIQUE (PLACE DE;;;;590
201500030093;15;6;1;1650;1;2;9;1;5;512;LACORDAIRE;;;;590
201500030094;15;6;2;530;1;2;1;2;1;299;95, TROIS BAUDETS (RUE D;;;;590
201500030095;15;6;2;800;1;2;2;1;6;339;SALENGRO (RUE ROGER);;;;590
201500030096;15;6;4;1500;1;2;3;1;3;512;25, BLANCHEMAILLE (RUE D;;;;590
201500030097;15;6;7;1700;1;2;1;1;2;650;MENDES FRANCE (BOULEVARD;;;;590
201500030098;15;6;9;1730;1;2;4;1;3;512;JAURES (AVENUE JEAN);;;;590
201500030099;15;6;12;1110;1;2;1;1;3;512;316, LANNOY (RUE DE);;;;590
201500030100;15;6;14;1830;1;2;2;1;6;512;COLMAR (BOULEVARD DE);;;;590
201500030101;15;6;15;1825;1;1;2;1;6;512;4, LUXEMBOURG (RUE DU);;;;590
201500030102;15;6;15;2225;5;2;1;1;6;512;D, MICHELET (RUE JULES);;;;590
201500030103;15;6;16;1645;1;2;1;1;6;650;CARNOT (RUE);;;;590
201500030104;15;6;19;1930;1;2;1;1;6;512;21, MEESCHAERT (RUE ARMA;;;;590
201500030105;15;6;20;2050;5;2;2;3;3;512;154, MONTGOLFIER (RUE);;;;590
201500030106;15;6;22;1515;1;2;1;2;6;512;282, LANNOY (RUE DE);;;;590
201500030107;15;6;22;2015;1;2;2;1;5;512;NATIONS UNIES (AVENUE DE;;;;590
201500030108;15;6;24;1205;1;2;1;1;6;512;45, REPUBLIQUE (BOULEVAR;;;;590
201500030109;15;6;24;1855;1;1;1;1;3;299;1, GUESDE (RUE JULES);;;;590
201500030110;15;6;26;2100;1;2;3;1;3;512;130, METZ (BOULEVARD DE);;;;590
201500030111;15;6;27;430;5;2;1;1;7;650;108, MONT A LEUX (RUE DU;;;;590
201500030112;15;6;30;1120;1;2;3;1;3;646;21, FLANDRE (AVENUE DE);;;;590
201500030113;15;6;30;1715;1;2;1;1;2;650;100, UNION (RUE DE L');;;;590
201500030114;15;6;30;1710;1;2;1;1;3;650;PATRIOTES (RUE DES);;;;590
201500030115;15;6;30;2010;1;2;1;1;3;367;SCHUMAN (RUE ROBERT);;;;590
201500030116;15;4;8;745;2;2;1;1;6;512;50, BLANCHEMAILLE (RUE D;;;;590
201500030117;15;7;3;840;1;2;1;1;2;512;102, LEBAS (AVENUE JEAN);;;;590
201500030118;15;7;3;1555;1;2;1;1;3;650;127, DELORY (RUE GUSTAVE;;;;590
201500030119;15;7;5;1810;1;2;1;1;6;512;164, LEERS (RUE DE);;;;590
201500030120;15;7;6;1740;1;2;2;1;3;339;PICAVET (RUE DU CAPITAIN;;;;590
201500030121;15;7;7;1400;1;2;1;1;3;650;MENDES FRANCE (BOULEVARD;;;;590
201500030122;15;7;7;1410;1;2;1;1;2;512;, GAMBETTA ( BOULEVARD);;;;590
201500030123;15;7;9;1850;1;2;1;1;6;512;189, MOTTE (AVENUE ALFRE;;;;590
201500030124;15;7;19;1440;1;2;1;1;6;512;AVELGHEM (RUE D');;;;590
201500030125;15;7;19;1635;1;2;1;1;6;650;30, VILLAS (RUE DES);;;;590
201500030126;15;7;20;1440;1;1;1;1;7;299;D6D;;;;590
201500030127;15;7;20;1240;1;2;1;2;3;299;CLEMENCEAU (BOULEVARD);;;;590
201500030128;15;7;21;845;1;2;1;1;6;512;MOTTE (RUE PIERRE);;;;590
201500030129;15;7;21;1415;1;2;3;8;6;512;50, BELFORT (BOULEVARD D;;;;590
201500030130;15;7;21;1725;1;2;2;1;3;367;VERDIERS (RUE DES);;;;590
201500030131;15;7;21;1940;1;2;3;1;7;512;83TER, Pierre de ROUBAIX;;;;590
201500030132;15;7;23;1155;1;2;1;1;6;512;180, MOTTE (AVENUE ALFRE;;;;590
201500030133;15;7;26;1810;1;2;1;2;6;299;D6D;;;;590
201500030134;15;7;29;110;5;2;2;1;3;512;ALSACE (AVENUE D');;;;590
201500030135;15;7;29;735;1;1;1;1;6;299;CD 700;;;;590
201500030136;15;7;29;2040;1;2;1;1;3;646;2, SARTRE (AVENUE JEAN P;;;;590
201500030137;15;7;31;845;1;2;2;1;3;512;CHEMIN NEUF  (RUE DU);;;;590
201500030138;15;8;1;15;5;2;2;1;6;512;DELESPAUL (RUE);;;;590
201500030139;15;8;1;1530;1;2;2;1;3;512;LYON (BOULEVARD DE);;;;590
201500030140;15;8;1;1530;1;2;1;1;3;512;226, STRASBOURG (BOULEVA;;;;590
201500030141;15;8;1;2120;2;1;1;1;6;339;CD 700;;;;590
201500030142;15;8;2;1830;1;2;3;1;5;512;66, JAURES (AVENUE JEAN);;;;590
201500030143;15;8;4;1700;1;2;1;1;6;299;ECOLES (RUE DES);;;;590
201500030144;15;8;5;2025;1;2;2;1;1;512;MONTESQUIEU (BOULEVARD);;;;590
201500030145;15;8;7;2110;1;1;1;1;6;299;DELACROIX (AVENUE HENRI);;;;590
201500030146;15;8;8;1700;1;2;1;1;6;512;BRAME (AVENUE JULES);;;;590
201500030147;15;8;11;1330;1;2;1;1;3;650;101, GUESDE (RUE JULES);;;;590
201500030148;15;8;13;2110;5;2;3;2;2;367;56, LEBAS (RUE JEAN BAPT;;;;590
201500030149;15;8;14;1630;1;2;1;1;6;512;LIBERTE (PLACE DE LA);;;;590
201500030150;15;8;15;1315;1;2;1;2;6;367;PAPINERIE (RUE DE LA);;;;590
201500030151;15;8;19;1230;1;2;1;1;6;512;26, DE GAULLE  (BOULEVAR;;;;590
201500030152;15;8;22;1800;1;2;2;1;3;512;101, TOURCOING (RUE DE);;;;590
201500030153;15;8;23;710;1;1;1;1;6;367;104, LECLERC (RUE DU GEN;;;;590
201500030154;15;8;28;1520;1;2;3;1;3;512;26, DAGUESSEAU (RUE);;;;590
201500030155;15;8;28;1730;1;2;1;1;2;512;HOTEL DE VILLE (RUE DE L;;;;590
201500030156;15;8;30;1400;1;2;2;1;1;646;FLANDRE (AVENUE DE);;;;590
201500030157;15;8;31;530;5;2;1;1;1;512;JOUFFROY (RUE);;;;590
201500030158;15;8;31;820;1;2;3;1;3;512;DE GAULLE  (BOULEVARD DU;;;;590