num_acc;an;mois;jour;hrmn;lum;agg;int;atm;col;com;adr;gps;lat;long;dep
201500030159;15;8;28;2050;2;2;1;1;6;339;DE GAULLE (RUE DU GENERA;;;;590
201500030160;15;8;31;1920;1;2;2;9;6;650;UNION (RUE DE L');;;;590
201500030161;15;9;1;1835;1;2;1;1;6;512;80, HOMMELET (RUE DE L');;;;590
201500030162;15;9;3;1135;1;2;2;1;5;512;270, LINNE ( AVENUE);;;;590
201500030163;15;9;3;1825;1;2;1;1;6;512;GAMBETTA ( BOULEVARD);;;;590
201500030164;15;9;4;745;1;2;1;1;1;163;9, CHICAGO (RUE DE);;;;590
201500030165;15;9;4;2250;5;2;2;1;3;512;93, DAUBENTON (RUE);;;;590
201500030166;15;9;6;30;5;1;6;1;3;339;CD 700;;;;590
201500030167;15;9;6;1135;1;2;1;2;2;163;56, GARE (RUE DE LA);;;;590
201500030168;15;9;7;700;1;2;1;1;6;367;DUBLED (RUE GUSTAVE);;;;590
201500030169;15;9;9;750;1;2;1;1;6;650;186, PATRIOTES (RUE DES);;;;590
201500030170;15;9;10;900;1;1;2;1;6;650;DELORY (RUE GUSTAVE);;;;590
201500030171;15;9;10;1045;1;2;6;1;3;512;SAINT JEAN (RUE);;;;590
201500030172;15;9;11;1240;1;2;6;1;3;367;BERT (AVENUE PAUL);;;;590
201500030173;15;9;11;1745;1;2;2;1;3;299;MONTAIGNE (RUE);;;;590
201500030174;15;9;12;1705;1;2;1;1;3;512;65, STRASBOURG (BOULEVAR;;;;590
201500030175;15;9;14;1450;1;1;1;1;1;299;DELACROIX (AVENUE HENRI);;;;590
201500030176;15;9;14;1750;1;2;2;1;3;512;10, LAGACHE (AVENUE JULI;;;;590
201500030177;15;9;15;2140;5;2;2;1;3;512;FOURMIES (BOULEVARD DE);;;;590
201500030178;15;9;16;800;1;2;1;2;6;512;70, LEBAS (AVENUE JEAN);;;;590
201500030179;15;9;16;1910;1;2;2;1;3;512;62, MONTGOLFIER (RUE);;;;590
201500030180;15;9;17;1835;1;2;1;1;1;512;158, HOMMELET (RUE DE L';;;;590
201500030181;15;9;18;39;5;1;1;1;6;339;CD 700;;;;590
201500030182;15;9;18;1330;1;2;2;1;3;512;50, CAMBRAI (BOULEVARD D;;;;590
201500030183;15;9;19;2115;5;2;1;1;6;512;., ALMA (RUE DE L');;;;590
201500030184;15;9;20;1840;1;2;1;1;2;650;EGALITE (BOULEVARD DE L';;;;590
201500030185;15;9;23;1050;1;2;3;1;6;650;69, VALLON (RUE);;;;590
201500030186;15;9;23;1430;1;2;1;1;6;512;1, JACQUARD (RUE);;;;590
201500030187;15;9;24;2120;5;2;2;1;3;512;DAUBENTON (RUE);;;;590
201500030188;15;9;28;1515;1;2;2;1;1;367;PARC DES SPORTS (AVENUE;;;;590
201500030189;15;9;29;1305;1;2;1;1;6;512;185, REIMS (BOULEVARD DE;;;;590
201500030190;15;9;29;1810;1;2;1;1;6;650;STALINGRAD (RUE DE);;;;590
201500030191;15;9;30;1220;1;2;1;1;6;512;DUPUY DE LOME (RUE);;;;590
201500030192;15;10;2;745;1;2;1;1;3;650;PATRIOTES (RUE DES);;;;590
201500030193;15;10;2;1545;1;1;3;1;3;512;DAUBENTON (RUE);;;;590
201500030194;15;10;2;1835;1;2;1;1;6;512;198, GRANDE RUE;;;;590
201500030195;15;10;4;45;5;2;2;1;1;512;101, DELORY  (AVENUE GUS;;;;590
201500030196;15;10;4;2145;5;2;3;1;3;512;MOTTE (AVENUE ALFRED);;;;590
201500030197;15;10;5;1950;5;2;1;2;6;512;1, SAINT JOSEPH (RUE);;;;590
201500030198;15;10;7;1530;1;2;1;1;2;367;3, LECLERC (RUE DU GENER;;;;590
201500030199;15;10;8;145;5;2;1;2;6;650;115-117, MOUSCRON (RUE D;;;;590
201500030200;15;10;8;740;1;2;7;1;6;512;4, TRICHON (PLACE DU);;;;590
201500030201;15;10;10;1525;1;1;1;1;6;646;CARREFOUR (CENTRE COMMER;;;;590
201500030202;15;10;10;1950;3;1;1;1;3;299;CD 700;;;;590
201500030203;15;10;12;1800;1;2;3;1;3;512;LIBERTE (PLACE DE LA);;;;590
201500030204;15;10;13;1440;1;2;2;1;1;650;BRIAND (AVENUE ARISTIDE);;;;590
201500030205;15;10;14;1630;1;2;1;2;3;512;20, BOIS (RUE DU);;;;590
201500030206;15;10;15;1610;1;2;1;2;6;512;LANNOY (RUE DE);;;;590
201500030207;15;10;15;1730;1;2;3;2;3;512;JAURES (AVENUE JEAN);;;;590
201500030208;15;10;16;745;2;2;2;2;3;512;NATIONS UNIES (AVENUE DE;;;;590
201500030209;15;10;22;1030;1;2;1;2;6;339;0, LECLERC (RUE DU MAREC;;;;590
201500030210;15;10;22;1100;1;2;1;2;2;512;60, COLMAR (BOULEVARD DE;;;;590
201500030211;15;10;24;2020;5;2;1;1;1;367;12, LECLERC (RUE DU GENE;;;;590
201500030212;15;10;25;1845;5;2;2;1;3;512;SALENGRO (AVENUE ROGER);;;;590
201500030213;15;10;28;1400;1;2;9;2;2;646;1, MULHOUSE (RUE DE);;;;590
201500030214;15;10;25;1145;1;2;1;1;1;299;DE VLAMINCK (AVENUE MAUR;;;;590
201500030215;15;10;29;1845;3;2;2;8;3;650;1, LERUSTE (RUE);;;;590
201500030216;15;10;30;1200;1;2;1;1;2;367;12, LECLERC (RUE DU GENE;;;;590
201500030217;15;11;1;930;1;2;3;1;3;339;GAND (RUE DE);;;;590
201500030218;15;8;8;2100;1;2;1;1;7;646;CANOTIERS (QUAI DES);;;;590
201500030219;15;11;6;1040;1;2;6;1;3;299;DE GAULLE (AVENUE CHARLE;;;;590
201500030220;15;11;6;2115;3;2;1;8;6;650;ORAN (RUE D');;;;590
201500030221;15;11;8;2030;2;2;2;1;3;512;SALENGRO (AVENUE ROGER);;;;590
201500030222;15;11;9;1600;1;2;3;1;3;650;CASTERMANT (RUE CHARLES);;;;590
201500030223;15;11;12;20;5;2;3;1;1;163;CENTENAIRE (RUE DE LA);;;;590
201500030224;15;11;14;1545;1;2;1;2;6;163;13, GARE (RUE DE LA);;;;590
201500030225;15;11;16;1900;3;1;1;2;5;299;DELACROIX (AVENUE HENRI);;;;590
201500030226;15;11;20;815;1;1;1;1;6;512;42, DUNANT (RUE HENRI);;;;590
201500030227;15;11;23;915;1;2;1;1;5;646;HAUT VINAGE (RUE DU);;;;590
201500030228;15;11;23;945;1;2;1;9;1;650;BOUTILLERIE (RUE DE LA);;;;590
201500030229;15;11;23;1025;1;2;1;1;2;512;114, METZ (BOULEVARD DE);;;;590
201500030230;15;11;24;1545;1;2;1;8;6;512;23, NAIN (RUE);;;;590
201500030231;15;11;25;1830;5;2;1;2;6;512;25, AVELGHEM (RUE D');;;;590
201500030232;15;11;28;1415;1;2;1;1;3;332;1, BOUCHERS (RUE DES);;;;590
201500030233;15;11;27;1600;1;2;3;1;3;163;CREUSOT (RUE DU);;;;590
201500030234;15;11;30;1935;4;1;1;2;6;650;STALINGRAD (RUE DE);;;;590
201500030235;15;12;1;1710;5;2;1;1;1;646;MOLINEL (RUE DU);;;;590
201500030236;15;12;6;945;1;2;1;1;6;646;CARNOT (RUE SADI);;;;590
201500030237;15;12;7;850;1;2;1;1;3;512;49, DE GAULLE  (BOULEVAR;;;;590
201500030238;15;12;9;1415;1;2;1;1;2;650;27, SAINT VINCENT DE PAU;;;;590
201500030239;15;12;9;1415;1;2;1;1;3;299;1, DE GAULLE (AVENUE CHA;;;;590
201500030240;15;12;17;800;2;2;1;1;3;650;, LEBAS (RUE JEAN BAPTIS;;;;590
201500030241;15;12;25;1600;1;2;2;2;3;512;INKERMANN (RUE D');;;;590
201500030242;15;12;26;625;5;2;2;1;3;512;BARBIEUX  (RUE DE );;;;590
201500030243;15;12;29;141;5;2;1;1;6;512;22BIS, JAURES (AVENUE JE;;;;590
201500030244;15;12;31;1220;1;2;2;1;3;512;MICHELET (RUE JULES);;;;590
201500030245;15;1;7;1530;1;2;1;8;1;339;39, SALENGRO (RUE ROGER);;;;590
201500030246;15;1;7;1730;5;2;1;1;6;512;1, LORIENT (QUAI DE);;;;590
201500030247;15;1;8;1555;1;2;2;1;7;512;1, DE GAULLE  (BOULEVARD;;;;590
201500030248;15;1;9;730;5;2;1;2;6;367;38, GUESDE (RUE JULES);;;;590
201500030249;15;1;9;1445;1;2;1;1;6;650;18, DELVAINQUIERE (PLACE;;;;590
201500030250;15;1;8;1530;1;2;1;1;6;512;227, LANNOY (RUE DE);;;;590
201500030251;15;1;13;850;1;2;1;2;3;512;TOURCOING (RUE DE);;;;590
201500030252;15;1;13;1830;5;2;1;2;3;512;1, BEAUREPAIRE (BOULEVAR;;;;590
201500030253;15;1;14;1205;1;2;2;2;5;512;498, LANNOY (RUE DE );;;;590
201500030254;15;1;14;1845;5;2;1;1;6;512;35, COMMUNAUTE URBAINE (;;;;590
201500030255;15;1;15;1400;1;2;2;2;3;512;MOTTE (AVENUE ALFRED);;;;590
201500030256;15;1;16;1900;5;2;1;2;3;512;120, MAUFAIT (RUE DE;;;;590
201500030257;15;1;17;1250;1;2;3;1;3;163;5, JAURES (RUE JEAN);;;;590
201500030258;15;1;20;740;5;2;1;1;6;646;JAURES (RUE JEAN);;;;590
201500030259;15;1;20;830;1;2;1;1;6;367;19, ECHEVIN (RUE);;;;590
201500030260;15;1;22;900;1;2;1;1;6;512;3, MICHELET (RUE JULES);;;;590
201500030261;15;1;23;1830;3;2;2;1;3;512;ANTOING (RUE D');;;;590
201500030262;15;1;23;1820;5;2;1;1;6;512;FOSSE AUX CHENES (AVENUE;;;;590
201500030263;15;1;24;1135;1;2;1;1;6;163;FONDERIE (RUE DE LA);;;;590
201500030264;15;1;24;2000;5;2;1;1;2;512;333, PARC DES SPORTS (AV;;;;590
201500030265;15;1;26;1510;1;2;2;2;6;512;48, BEAUMONT (RUE DE);;;;590
201500030266;15;1;28;2010;5;2;1;1;6;650;., LIBERTE (BOULEVARD DE;;;;590
201500030267;15;1;30;1800;2;2;3;1;3;512;JAURES (AVENUE JEAN);M;0;316354;590
201500030268;15;1;31;2115;5;2;2;1;3;650;SAINT VINCENT DE PAUL (R;;;;590
201500030269;15;2;2;800;2;2;1;2;6;512;29, NATIONS UNIES (AVENU;;;;590
201500030270;15;2;2;745;2;2;2;2;6;512;143, MOTTE (AVENUE ALFRE;;;;590
201500030271;15;2;2;720;2;2;1;9;3;512;176, BEAUREPAIRE  (RUE D;;;;590
201500030272;15;2;6;1230;1;2;1;1;3;512;76, DAUBENTON (RUE);;;;590
201500030273;15;2;8;1145;1;2;1;2;6;512;1, PARABOLES (AVENUE DES;;;;590
201500030274;15;2;8;430;5;2;1;1;6;512;132, LINNE ( AVENUE);;;;590
201500030275;15;2;9;1515;1;2;1;1;6;512;115, DE GAULLE  (BOULEVA;;;;590
201500030276;15;2;13;1545;1;2;1;1;6;512;60, VERDUN (AVENUE DE);;;;590
201500030277;15;2;14;1225;1;2;4;2;6;512;DE GAULLE (BOULEVARD DU;;;;590
201500030278;15;2;14;1420;1;2;1;2;6;650;MONT A LEUX (RUE DU);;;;590
201500030279;15;2;16;1657;1;2;1;1;6;526;PARKING NOTRE DAME DES A;M;;;590
201500030280;15;4;18;1500;1;2;1;1;7;526;Ch communale;M;5043780;341533;590
201500030281;15;4;21;1530;1;2;1;1;6;526;AV D'INTERVILLE;M;5045077;343492;590
201500030282;15;7;24;1605;1;2;1;1;6;526;ROCADE NORD(A PARTIR RUE;M;5045702;343247;590
201500030283;15;8;3;1640;1;2;1;1;2;526;RTE DE THERMAL;M;5000000;327334;590
201500030284;15;9;21;830;1;1;1;1;2;526;ROCADE NORD(JUSQ CROISEM;M;5043585;343930;590
201500030285;15;11;8;420;3;1;6;8;6;526;CD169A GRISE CHEMISE;;;;590
201500030286;15;11;26;1830;5;2;1;1;6;284;49, JEAN JAURES;;;;590
201500030287;15;12;21;1620;1;2;1;1;6;526;PLACE DE LA GARE;;;;590
201500030288;15;1;13;650;5;2;1;2;6;526;DU 18 JUIN 1940;;;;590
201500030289;15;1;26;740;5;2;2;1;6;526;DU DOCTEUR DAVAINE;;;;590
201500030290;15;2;6;1815;5;2;1;1;6;526;466, HENRI DURRE;;;;590
201500030291;15;1;4;1130;1;2;1;9;6;90;41, SIX (ABBE)29A41;;;;590
201500030292;15;2;16;1335;1;2;1;1;7;508;122,  Rue de Tourcoing;M;5073655;312033;590
201500030293;15;1;5;1840;5;2;6;1;3;279;LEMIRE (RUE DE L'ABBE);;;;590
201500030294;15;2;19;1700;1;2;1;1;6;279;NOLLET RUE MARTHE;M;;;590
201500030295;15;2;23;2100;5;2;3;1;3;599;DRAGON  (RUE DU);M;5072152;315011;590
201500030296;15;1;6;1700;2;2;1;1;6;599;FAIDHERBE (RUE );;;;590
201500030297;15;3;6;1750;1;2;2;1;5;279;LILLE (RUE DE);M;5077566;312381;590
201500030298;15;1;13;1950;5;2;9;3;6;421;95, CARNOT (BLD)DE 30A46;;;;590
201500030299;15;4;1;2315;5;2;6;1;3;90;SIX (ABBE);M;5071958;310944;590
201500030300;15;4;7;1820;1;1;1;1;3;599;LILLE RUE DE;M;5072358;314747;590
201500030301;15;1;19;1615;1;2;3;1;6;599;YSER (RUE DE L');;;;590
201500030302;15;4;10;1850;1;1;3;1;3;352;54, BOUSBECQUE RUE DE;M;5074525;307933;590
201500030303;15;1;21;730;2;2;1;1;6;421;ROUBAIX (RUE DE);;;;590
201500030304;15;4;18;420;5;2;1;1;6;599;114, POUTRAINS RUE DES;;;;590
201500030305;15;1;31;1100;1;2;3;1;3;599;MOUVAUX (RUE DE);;;;590
201500030306;15;4;18;1205;1;2;3;1;3;599;VAN DE VEEGAETE RUE;M;5073252;316272;590
201500030307;15;2;4;1900;5;2;2;9;6;352;CLEMENCEAU (RUE);;;;590
201500030308;15;4;18;1540;1;1;2;1;6;152;LYS BD DE LA;;;;590
201500030309;15;2;7;1420;1;2;1;1;6;599;TESTELIN (RUE ACHILLE);;;;590
201500030310;15;4;18;2000;1;2;3;1;6;279;10, LIENART RUE DU CARD;;;;590
201500030311;15;2;11;1145;1;2;1;1;3;599;EGALITE (BOULEVARD DE L';;;;590
201500030312;15;4;20;1410;1;1;3;1;3;508;BARBUSSE RUE HENRI;M;5044251;81280;590
201500030313;15;4;19;1530;1;1;1;1;7;426;RECKEM (RUE DE);M;5075819;316963;590
201500030314;15;4;21;1315;1;2;3;1;6;599;TIBERGHIEN RUE SIMON;M;5073050;316350;590
201500030315;15;4;22;940;1;2;1;1;2;279;108, LILLE (RUE DE);;;;590
201500030316;15;4;22;1530;1;2;1;1;6;599;LEBAS RUE JB;M;5072463;316611;590
201500030317;15;4;23;1725;1;2;1;1;6;599;SOISSONS (RUE DE);;;;590
201500030318;15;4;24;1830;1;2;1;1;2;421;129, LONDRES (RUE DE)2A2;;;;590
201500030319;15;4;29;1315;1;2;1;1;1;90;LEBAS (RUE JEAN BAPTISTE;;;;590
201500030320;15;4;27;550;1;2;1;1;6;599;86, YSER (RUE DE L');;;;590
201500030321;15;5;2;1325;1;2;1;1;6;599;95, EPINE (RUE DE L');;;;590
201500030322;15;5;7;1;5;2;2;1;3;599;46, GUISNES (RUE DE);;;;590
201500030323;15;5;17;1930;1;2;2;1;5;599;GRAMME (CHAUSSEE);;;;590
201500030324;15;5;21;2135;1;2;1;1;2;599;280, EGALITE (BOULEVARD;;;;590
201500030325;15;5;27;1740;1;2;1;1;1;508;235, BARBUSSE (RUE HENRI;;;;590
201500030326;15;6;1;217;5;2;1;8;6;599;LEFRANCOIS (RUE ALFRED);;;;590
201500030327;15;6;6;1700;1;2;1;1;7;508;527, LILLE (RUE DE)MENIN;M;5045310;714600;590
201500030328;15;6;5;800;1;2;2;1;3;599;FLOCON (RUE DU);;;;590
201500030329;15;6;5;1215;1;2;4;1;6;508;HALLUIN (BOULEVARD D');M;5073949;313215;590
201500030330;15;6;16;1630;1;2;3;1;6;599;10, AUSTERLITZ (RUE D');;;;590
201500030331;15;6;18;40;5;2;1;2;6;90;38, HESPEL (RUE RENE D');;;;590
201500030332;15;6;21;1830;1;2;3;1;2;599;ALBERT EINSTEIN;;;;590
201500030333;15;7;3;1600;1;2;3;1;2;152;1, FOCH (RUE DU MARECHAL;;;;590
201500030334;15;7;5;5;5;2;3;1;3;656;42, PERI (RUE GABRIEL);;;;590
201500030335;15;7;10;1300;1;2;1;1;7;421;99, LILLE (RUE DE);;;;590
201500030336;15;7;6;2045;1;2;3;1;3;599;PARIS (RUE DE);;;;590
201500030337;15;7;14;150;5;2;1;1;5;152;FLANDRE (RUE DE);;;;590
201500030338;15;7;4;1730;1;2;6;1;1;90;GAULLE (AVENUE DU GENERA;;;;590
201500030339;15;7;15;2200;2;2;6;1;6;279;168, LYS (RUE DE LA);;;;590
201500030340;15;6;30;2030;2;2;1;1;3;421;LONDRES (RUE DE)2A20-1A9;;;;590
201500030341;15;7;20;700;1;2;1;2;2;599;4, VICTOIRE (PLACE DE LA;;;;590
201500030342;15;7;24;1805;1;2;1;1;6;599;213, GUERRE (RUE FIN DE;;;;590
201500030343;15;7;23;2200;5;2;1;1;6;599;LECLERC (RUE DU MARECHAL;;;;590
201500030344;15;8;3;1600;1;2;1;1;7;599;BAZEILLES (RUE DE);;;;590
201500030345;15;8;6;2010;1;2;1;1;6;599;DUNKERQUE (RUE DE);;;;590
201500030346;15;8;1;1805;1;1;4;1;3;599;FOREST (CHAUSSEE FERNAND;M;5044136;315615;590
201500030347;15;8;2;1000;1;2;1;1;7;599;184, GAMBETTA (BOULEVARD;;;;590
201500030348;15;8;18;1020;1;2;1;8;6;599;63, LEBAS (RUE JEAN BAPT;M;5072461;317080;590
201500030349;15;8;20;1750;1;2;1;1;6;599;CANAL (RUE DU);;;;590
201500030350;15;8;25;1920;1;2;1;2;3;599;59, EGALITE (BOULEVARD D;;;;590
201500030351;15;8;30;1700;1;2;3;1;3;599;VERTUQUET (RUE DU);;;;590
201500030352;15;9;3;1420;1;2;3;1;5;599;230, GAND (RUE DE);;;;590
201500030353;15;9;6;615;5;2;2;1;3;599;YSER (RUE DE L');;;;590
201500030354;15;9;8;1510;1;2;1;1;6;599;66, CAIRE (RUE DU);;;;590
201500030355;15;9;16;2203;3;1;1;1;3;98;LYS (RUE DE LA);M;5076080;307413;590
201500030356;15;9;23;1425;1;2;1;1;6;279;STADE (AVENUE DU);;;;590
201500030357;15;9;25;725;1;2;2;1;6;599;32, ANVERS (RUE D');;;;590
201500030358;15;9;20;2120;2;2;2;1;3;421;ROUBAIX (RUE DE);;;;590
201500030359;15;9;29;1945;5;2;4;1;6;599;MALCENSE (RUE DE LA);M;5073569;316843;590
201500030360;15;10;1;1250;1;2;1;1;6;599;ROUGE (RUE DE LA CROIX);;;;590
201500030361;15;10;2;1630;1;2;8;1;6;599;LECLERCQ (RUE DU GENERAL;;;;590
201500030362;15;10;4;1510;1;1;2;1;3;426;RACCORDEMENT (VOIE DE);;;;590
201500030363;15;10;1;1645;1;2;1;1;6;421;MIRABEAU (RUE);M;5070673;312926;590
201500030364;15;10;5;1810;1;2;2;1;3;152;boulevard de la lys;M;5075222;301355;590
201500030365;15;10;22;815;1;2;1;2;6;599;GUERRE (RUE FIN DE LA);;;;590
201500030366;15;10;24;2315;5;2;1;1;6;599;1, MOUSCRON (RUE);;;;590
201500030367;15;10;21;720;2;2;3;1;3;279;LILLE (RUE DE);;;;590
201500030368;15;10;26;1135;1;2;1;1;3;599;415, YSER (RUE DE L');;;;590
201500030369;15;11;5;135;5;2;1;1;6;98;12, GAULLE (PLACE DU GEN;;;;590
201500030370;15;11;10;1410;1;2;3;1;1;508;LILLE (RUE DE)LATERALE A;M;;;590
201500030371;15;11;11;1100;1;2;1;1;6;90;RUE JEAN BAPTISTE LEBAS;;;;590
201500030372;15;11;18;1145;1;2;1;1;2;599;PAPIN (CHAUSSEE DENIS);;;;590
201500030373;15;11;26;1405;1;2;1;1;6;599;COLBERT (RUE);;;;590
201500030374;15;12;2;110;5;2;2;1;6;508;1, TOURCOING (RUE DE);;;;590
201500030375;15;12;3;1240;1;2;2;1;3;599;VAN DE VEEGAETE (RUE CHA;;;;590
201500030376;15;12;4;1845;5;2;1;1;6;599;BOURGOGNE (RUE DE LA);;;;590
201500030377;15;12;4;1215;1;2;1;1;6;352;CLEMENCEAU (RUE);;;;590
201500030378;15;12;5;1815;5;1;2;1;3;98;LYS (BVD DE LA );;;;590
201500030379;15;11;20;1215;1;2;2;2;2;279;, LEMIRE (RUE DE L'ABBE);;;;590
201500030380;15;12;7;1155;1;1;3;1;3;599;BRUN PAIN (RUE DU);;;;590
201500030381;15;12;7;1615;1;2;3;1;1;426;PURGATOIRE (CARRIERE);M;5075475;317347;590
201500030382;15;12;11;1805;5;2;1;2;6;599;211, GUERRE (RUE FIN DE;;;;590
201500030383;15;12;3;610;3;1;2;1;3;98;LYS (BVD DE LA );;;;590
201500030384;15;12;9;1700;2;2;1;1;6;421;RAVENNES (RUE DES);;;;590
201500030385;15;12;15;1715;2;2;1;2;6;599;212, LILLE (RUE DE);;;;590
201500030386;15;12;22;1210;1;1;1;1;3;426;VERTUQUET (RUE DU);;;;590
201500030387;15;12;24;1450;1;2;3;1;6;279;23, LILLE (RUE DE);;;;590
201500030388;15;12;28;1350;1;2;1;1;6;599;LEVANT (RUE DU);;;;590
201500030389;15;3;20;1000;1;2;1;1;6;606;7, WATTEAU (BOULEVARD);;;;590
201500030390;15;10;2;200;5;2;1;1;6;606;00, VILLARS (PONT);M;5035961;351566;590
201500030391;15;12;24;1520;1;2;1;1;6;459;93, BARBUSSE (RUE HENRI);M;5037063;348669;590
201500030392;15;2;26;2100;3;1;1;2;6;557;Rte dйpartementale;M;5034586;357762;590
201500030393;15;3;22;1730;1;1;3;1;2;369;00, RD 40;;;;590
201500030394;15;3;30;1650;1;1;1;1;1;207;00, RD 50;;;;590
201500030395;15;3;2;230;5;2;1;1;6;383;00, BARBUSSE (AVENUE HEN;;;;590
201500030396;15;4;10;1220;1;2;3;1;3;14;36, MATHIEU (RUE PIERRE);;;;590
201500030397;15;11;12;200;5;2;1;1;6;606;00, ST-AMAND (AVENUE DE);M;5036540;351728;590
201500030398;15;4;1;1045;1;2;1;1;6;606;00, FROISSART (BOULEVARD;;;;590
201500030399;15;11;30;840;2;2;1;1;6;606;45, VILLARS (AVENUE);M;5035790;350883;590
201500030400;15;4;19;1905;1;2;2;1;3;564;00, ZONE COMMERCIALE;;;;590
201500030401;15;3;27;1700;1;2;1;1;6;606;00, VILLARS (PONT);;;;590
201500030402;15;12;30;2130;5;2;1;1;6;603;00, RD 59;;;;590
201500030403;15;4;11;1100;1;2;1;1;6;447;150, JAURES (RUE JEAN);;;;590
201500030404;15;12;16;845;1;2;1;1;6;606;00, CARPEAUX (BOULEVARD);M;;;590
201500030405;15;3;18;1630;1;2;1;1;3;79;116, SALENGRO (RUE ROGER;;;;590
201500030406;15;12;16;1240;1;2;1;1;3;447;00, JAURES (RUE JEAN);M;;;590
201500030407;15;3;25;1615;1;2;9;1;1;606;00, ONZE NOVEMBRE (RUE D;;;;590
201500030408;15;12;15;1730;5;2;1;1;6;606;44, DAMPIERRE (AVENUE);;;;590
201500030409;15;5;4;1630;1;2;2;1;6;606;MILHOMME (RUE);;;;590
201500030410;15;5;5;640;2;2;2;1;3;484;85, JAURES (AVENUE JEAN);;;;590
201500030411;15;5;6;2240;3;1;4;1;3;544;RD 935 N;;;;590
201500030412;15;12;3;1130;1;2;6;2;6;14;145, FRANCE (AVENUE ANAT;M;5037008;350386;590
201500030413;15;5;7;1015;1;2;1;1;6;14;154, FRANCE (AVENUE ANAT;;;;590
201500030414;15;12;24;1915;5;2;2;2;6;32;102, LIBERATION (AVENUE;M;5033336;352355;590
201500030415;15;3;18;1330;1;2;1;1;2;606;00, DENAIN (AVENUE DE);;;;590
201500030416;15;12;1;1715;2;2;1;1;6;14;00, JAURES (RUE JEAN);M;5036833;351177;590
201500030417;15;4;15;930;1;2;1;1;3;606;40, LOMPREZ (RUE);;;;590
201500030418;15;12;3;1700;2;2;1;1;3;447;00, JAURES (RUE JEAN);M;5038658;360038;590
201500030419;15;5;11;1705;1;2;1;1;6;606;52, VILLAS (RUE DU CLOS;;;;590
201500030420;15;5;21;1345;1;2;2;1;1;484;0, JAURES (AVENUE JEAN);;;;590
201500030421;15;5;19;1920;1;2;1;1;6;606;0, LOMPREZ (IMPASSE);;;;590
201500030422;15;4;17;1420;1;2;1;1;6;606;77, HORNE (AVENUE GENERA;;;;590
201500030423;15;4;17;2200;5;2;1;1;1;606;00, HARPIGNIES (BOULEVAR;;;;590
201500030424;15;3;2;1200;1;1;1;2;1;32;00, RD 958;;;;590
201500030425;15;5;13;1420;1;2;1;1;6;79;LEDUC (AVENUE MARGUERITE;;;;590
201500030426;15;5;9;1300;1;2;1;1;6;606;MAGALOTTI (RUE);;;;590
201500030427;15;5;12;1540;1;2;1;1;6;447;BAUDELIERS (CHEMIN DES);;;;590
201500030428;15;5;30;1420;1;2;1;1;6;475;VIAN (RUE BORIS);;;;590
201500030429;15;5;22;1640;1;2;1;1;6;447;DOUMER (RUE PAUL);;;;590
201500030430;15;6;4;830;1;2;1;1;6;606;00, VILLARS (PONT);;;;590
201500030431;15;5;12;1230;1;2;1;1;7;564;80, SALENGRO (RUE ROGER);M;5035194;348263;590
201500030432;15;5;29;1230;1;2;1;1;6;606;00, QUESNOY (RUE DU);;;;590
201500030433;15;5;26;1220;1;2;1;1;6;606;16, DE LATTRE DE TASSIGN;;;;590
201500030434;15;5;29;815;1;2;2;1;3;557;00, BARBUSSE (AVENUE HEN;;;;590
201500030435;15;6;28;650;1;2;2;1;6;14;00, CARNOT (RUE);;;;590
201500030436;15;6;4;1925;1;2;1;1;6;606;00, ALLIES (BOULEVARD DE;M;5036625;352416;590
201500030437;15;6;12;1030;1;2;1;1;6;544;00, SCHWEITZER (AVENUE);;;;590
201500030438;15;6;27;1900;1;2;1;1;6;475;112, LIEGE (RUE DE);;;;590
201500030439;15;7;18;845;1;2;9;1;3;459;00, MITTERAND (Franзois;;;;590
201500030440;15;8;12;1850;1;2;1;1;3;79;37-39, HUIT MAI 1945 (RU;M;5037975;350944;590
201500030441;15;8;30;745;2;2;1;1;6;491;142 rue Jean Jaurиs;M;5039342;347136;590
201500030442;15;7;9;1620;1;1;2;1;3;479;00, RD 50;M;5040469;361875;590
201500030443;15;7;29;1600;1;2;3;1;6;112;00, EUROPE (RUE DE L');M;5039391;353497;590
201500030444;15;9;4;1810;1;2;1;1;6;447;9, RUE HECTOR BERLIOZ;M;5039919;360252;590
201500030445;15;7;19;300;5;2;1;2;6;447;26, PARMENTIER (RUE);M;5038336;360366;590
201500030446;15;8;28;1415;1;2;1;1;6;447;29, JAURES (RUE JEAN);M;5038088;358361;590
201500030447;15;8;21;2220;5;2;3;1;3;491;00, SALENGRO (RUE ROGER);M;5040152;346158;590
201500030448;15;9;29;900;1;2;1;1;6;383;96, BARBUSSE (AVENUE HEN;M;5035063;354288;590
201500030449;15;8;25;20;5;2;1;3;6;606;00, VILLARS (PONT);M;5035938;351502;590
201500030450;15;9;21;1425;1;2;6;1;2;606;0, DUNKERQUE (AVENUE DE);M;5036561;351491;590
201500030451;15;7;28;1800;1;2;1;1;6;479;71, PASTEUR (RUE);M;5039527;361705;590
201500030452;15;8;5;1345;1;2;1;1;6;603;00, RD 88;M;5032550;350455;590
201500030453;15;8;18;2200;5;2;1;1;6;475;00, GARE (RUE DE LA);M;5031544;345494;590
201500030454;15;10;24;2150;5;2;1;1;3;160;46, DEPORTES (RUE DES);M;;;590
201500030455;15;10;10;1020;1;2;1;1;6;606;8, INCAS (RUE DES);M;5035738;352875;590
201500030456;15;11;14;2250;3;1;1;1;1;207;RD 935 N;M;5040850;357942;590
201500030457;15;11;20;1950;2;2;1;2;6;606;22, WATTEAU (BOULEVARD);M;5035530;353018;590
201500030458;15;9;9;500;3;1;1;5;2;479;00, RD 50;M;5040080;363983;590
201500030459;15;9;28;1400;1;1;1;1;6;606;00, LOMPREZ (RUE);M;5035577;350111;590