num_acc;an;mois;jour;hrmn;lum;agg;int;atm;col;com;adr;gps;lat;long;dep
201500030460;15;9;6;1;5;2;1;1;1;544;27, DURRE (RUE HENRI);M;5037953;355173;590
201500030461;15;9;9;1630;1;2;1;1;6;606;00, DUBLED (RUE LEON);;;;590
201500030462;15;12;6;500;5;2;1;1;6;491;2, JAURES (RUE JEAN);M;5039200;348061;590
201500030463;15;10;12;1830;1;2;1;1;6;606;20, DENAIN (AVENUE DE);M;5035608;350283;590
201500030464;15;10;5;1940;4;2;1;2;6;447;00, JAURES (RUE JEAN);M;5038694;360122;590
201500030465;15;10;9;2120;5;2;3;1;3;447;00, JAURES (RUE JEAN);M;;;590
201500030466;15;11;6;1745;5;2;1;2;6;606;00, REPUBLIQUE (PLACE DE;M;;;590
201500030467;15;12;6;1800;2;2;1;1;2;515;47B, NATIONALE (ROUTE);M;5032808;344308;590
201500030468;15;11;27;1200;1;2;1;1;6;14;00, RAISMES (RUE DE);M;;;590
201500030469;15;11;27;1915;5;2;1;1;6;606;00, CARPEAUX (BOULEVARD);M;;;590
201500030470;15;11;27;1950;5;2;1;1;6;484;00, CRONTE VOYE (RUE);M;;;590
201500030471;15;11;27;1805;5;2;2;1;3;606;00, VERDUN (AVENUE DE);M;;;590
201500030472;15;1;4;2025;5;2;2;1;6;14;00, CARNOT (RUE);;;;590
201500030473;15;1;5;730;5;2;1;9;6;606;00, MONS (RUE DE);;;;590
201500030474;15;1;6;730;2;2;1;1;6;32;00, MOUSSERON (RUE JULES;;;;590
201500030475;15;1;7;1750;5;2;3;8;6;14;10, MATHIEU (RUE PIERRE);;;;590
201500030476;15;1;7;1740;2;2;6;1;6;606;00, SENATEUR GIRARD (AVE;;;;590
201500030477;15;1;7;1730;2;1;9;1;3;613;00, RD 50;;;;590
201500030478;15;1;9;1945;5;2;1;1;6;606;00, WATTEAU (BOULEVARD);;;;590
201500030479;15;1;17;1330;1;2;2;1;6;606;104, VERDUN (AVENUE DE);;;;590
201500030480;15;1;10;1035;1;2;3;1;6;459;00, LELEU (rue Yves);;;;590
201500030481;15;1;21;2120;5;2;1;1;6;383;JAURES (RUE JEAN);;;;590
201500030482;15;1;23;1300;1;2;2;1;6;606;00, SERGENT CAIRNS (AVEN;;;;590
201500030483;15;1;23;1350;1;2;3;1;3;606;00, DENAIN (AVENUE DE);;;;590
201500030484;15;1;26;1130;1;2;1;1;2;606;10, EISEN (BOULEVARD);;;;590
201500030485;15;1;27;1830;5;2;1;1;6;606;41, JOLIMETZ (RUE DU);;;;590
201500030486;15;1;29;705;2;2;1;1;6;606;MAISON D'ARRET - RUE LOM;;;;590
201500030487;15;2;3;2340;5;2;1;1;4;14;234, JAURES (RUE JEAN);;;;590
201500030488;15;2;7;920;1;2;3;1;6;459;0, A23 sens Valenciennes;;;;590
201500030489;15;2;6;1605;1;2;1;1;6;603;0, HUIT MAI 1945 (RUE DU;;;;590
201500030490;15;2;11;1730;1;2;3;1;6;606;00, REIMS (AVENUE DE);;;;590
201500030491;15;2;12;2200;5;2;1;5;5;491;47C, SALENGRO (RUE ROGER;;;;590
201500030492;15;2;11;1900;1;2;1;1;2;14;00, BEAULIEUX (RUE DU SO;;;;590
201500030493;15;2;10;1430;1;2;1;1;4;112;128, JAURES (RUE JEAN);;;;590
201500030494;15;6;13;2100;2;2;3;1;3;112;162 rue de la Rйpublique;M;4791289;720699;680
201500030495;15;6;26;2045;2;1;1;1;6;188;;M;4793714;706330;680
201500030496;15;3;21;905;1;2;1;1;7;43;RD83 PR 17+350;M;4785778;724294;680
201500030497;15;5;24;815;1;1;1;1;6;156;;M;4790714;726095;680
201500030498;15;6;17;1145;1;2;2;1;6;315;rue de la marne;M;4788883;722747;680
201500030499;15;9;12;345;3;1;1;1;6;43;;M;4786875;725249;680
201500030500;15;10;30;1400;1;1;6;1;3;315;;M;4787351;724738;680
201500030501;15;5;12;2115;3;1;1;1;2;100;"LIEU-DIT ""LA BARRAQUE""";M;4526690;347908;430
201500030502;15;5;14;1645;1;1;3;1;3;207;;M;4527730;334385;430
201500030503;15;7;5;1215;1;1;1;1;6;262;"LIEU-DIT ""VAZEILLES""";;;;430
201500030504;15;8;7;1015;1;1;3;1;1;117;"LIEU-DIT ""LES LANIERS""";M;4524080;345317;430
201500030505;15;11;8;1300;1;1;1;7;6;207;X;M;4528290;335455;430
201500030506;15;6;26;1500;1;2;1;1;3;228;LE BOURG;;;;430
201500030507;15;10;25;1445;1;1;3;1;1;189;;M;4529280;388319;430
201500030508;15;11;1;230;3;1;1;1;1;128;"LIEU-DIT ""LE BOUTON""";M;4535030;373770;430
201500030509;15;10;8;1500;1;2;1;1;3;194;avenue de villefranche;M;4735300;174700;410
201500030510;15;10;31;1145;1;1;1;1;3;282;;M;4736754;180639;410
201500030511;15;11;19;1215;1;1;1;1;7;194;;M;4732882;177605;410
201500030512;15;4;3;1500;1;1;1;1;1;67;;M;4750900;146300;410
201500030513;15;4;12;1430;1;1;1;1;6;34;;M;4761000;148500;410
201500030514;15;4;1;1930;1;1;1;1;6;50;;M;4748500;148600;410
201500030515;15;4;22;1030;1;1;1;1;3;262;route d'arian;M;4754100;151400;410
201500030516;15;6;20;2200;2;1;1;1;6;160;;M;4755900;157100;410
201500030517;15;7;5;630;1;1;1;1;7;31;;M;4752885;140206;410
201500030518;15;10;2;1030;1;1;1;1;1;150;;M;4756243;143307;410
201500030519;15;12;18;2000;3;1;1;1;2;52;;M;4748951;135965;410
201500030520;15;2;9;1610;1;2;1;1;6;57;12, MARECHAL LECLERC (RU;M;4943380;207727;600
201500030521;15;9;10;1820;1;1;1;1;6;57;COROT (AVENUE);M;4943005;210486;600
201500030522;15;1;22;115;5;2;9;1;6;57;JOHN F. KENNEDY (AV)> RU;M;4942385;210524;600
201500030523;15;12;9;820;2;2;1;1;6;57;1, CHEVALIER (RUE);M;4942805;208108;600
201500030524;15;1;30;1608;1;1;1;1;6;57;ROUTE DE CREVECOEUR (CD;M;4946666;207448;600
201500030525;15;11;29;1800;2;2;1;1;6;57;138, MARCEL DASSAULT (AV;M;4944436;209298;600
201500030526;15;1;29;1500;1;2;1;1;6;57;3, WAGE (RUE DU);M;4942896;210384;600
201500030527;15;5;25;330;5;2;1;1;6;57;PONT D'ARCOLE (RUE DU);M;4942550;209157;600
201500030528;15;4;10;800;2;2;1;1;6;57;7, WAGE (RUE DU);M;4925236;106140;600
201500030529;15;4;18;1823;1;1;1;1;6;57;22, MOULIN JEAN (AVENUE);M;4943798;209422;600
201500030530;15;8;23;1055;1;2;1;1;6;57;JEAN MERMOZ (AVENUE);M;4943635;208241;600
201500030531;15;3;1;1430;1;2;1;8;3;237;route de lamballe;M;4852596;-224861;220
201500030532;15;4;15;1815;1;1;1;1;1;209;;M;4858141;-212775;220
201500030533;15;5;25;315;3;2;1;1;6;172;rue de la madeleine;M;4852341;-224013;220
201500030534;15;6;19;2045;1;1;1;1;3;105;;M;4851594;-214425;220
201500030535;15;7;9;1415;1;1;1;1;2;209;la cornillet;M;4854546;-210398;220
201500030536;15;7;11;1615;1;2;3;1;1;172;10 RUE DE LA MADELEINE;M;4852225;-223670;220
201500030537;15;7;17;1415;1;2;1;1;7;104;LE VIEUX BOURG;M;4839059;-221899;220
201500030538;15;7;29;1800;1;1;1;1;3;209;lisnoble;M;4856129;-216061;220
201500030539;15;8;8;1330;1;1;1;1;1;209;;M;4857334;-215080;220
201500030540;15;10;18;1430;1;1;3;1;3;318;;M;4847340;-222133;220
201500030541;15;10;18;1445;1;1;1;1;6;318;;M;4847351;-222155;220
201500030542;15;11;9;1530;1;1;3;1;1;209;la Coudraie;M;4855370;-216100;220
201500030543;15;12;11;1545;1;1;3;1;3;172;;M;4853745;-222427;220
201500030544;15;1;6;500;3;1;1;1;6;116;;M;4849237;-303686;220
201500030545;15;3;10;1015;1;1;2;8;3;182;SAINT BLAIZE;M;4854738;-293828;220
201500030546;15;4;12;645;2;1;1;1;1;112;Califournie;M;4864331;-300213;220
201500030547;15;6;7;1015;1;1;1;1;6;121;;M;4863395;-297650;220
201500030548;15;7;3;745;1;2;6;1;6;177;Lieu-dit kergalet;M;4863451;-293964;220
201500030549;15;7;7;1945;1;1;1;1;5;361;;M;4859899;-295351;220
201500030550;15;7;22;1100;1;1;1;1;2;182;;M;4853107;-293023;220
201500030551;15;8;26;900;1;1;1;2;1;234;;M;4848752;-295028;220
201500030552;15;9;14;1545;1;1;1;2;6;206;6 hameau de Kerjagu;M;4854289;-300067;220
201500030553;15;10;8;1700;1;2;1;1;7;304;kerbornic;M;4856596;-301776;220
201500030554;15;11;15;1645;1;1;1;1;7;206;kergorno;M;4853272;-302868;220
201500030555;15;12;6;1545;1;1;1;9;7;19;kerimerc'h;M;4858780;-298270;220
201500030556;15;12;25;2000;3;1;1;2;5;112;la boissiиre;M;4864150;-299905;220
201500030557;15;1;6;825;2;1;1;8;6;159;RN 31;M;4942278;285241;600
201500030558;15;2;20;915;1;2;1;1;6;159;172, PARIS (DE);M;4940490;281042;600
201500030559;15;1;6;2015;5;2;3;1;5;159;36 RUE D'AMIENS;M;4942326;282111;600
201500030560;15;4;16;900;1;1;3;7;3;665;LECLERC;M;4941110;279763;600
201500030561;15;1;9;755;4;2;2;8;6;159;AV. DU MARECHAL JOFFRE;M;4940745;282663;600
201500030562;15;4;29;1530;1;1;1;1;1;159;ROYALLIEU (AV. DE);M;4940022;282007;600
201500030563;15;1;26;1645;1;2;6;1;6;382;128, BEAUVAIS (DE);M;4941855;281599;600
201500030564;15;5;13;1235;1;2;1;1;6;159;TROIS BARBEAUX (DES);M;4941807;282382;600
201500030565;15;2;3;1055;1;2;6;1;6;159;CROIX-ROUGE (CARREFOUR D;M;4940437;281030;600
201500030566;15;1;31;1055;1;2;6;1;6;159;CROIX-ROUGE (CARREFOUR D;M;4940459;281072;600
201500030567;15;5;18;935;1;1;1;1;2;665;R.N 131;M;4940814;277695;600
201500030568;15;2;2;1310;1;2;3;1;3;159;, PIERREFONDS (DE);M;4941478;282864;600
201500030569;15;6;1;1410;1;1;1;1;5;159;Route Nationale 31;M;4941690;291103;600
201500030570;15;2;5;1445;1;1;1;1;6;159;;M;4939893;287303;600
201500030571;15;6;18;1415;1;2;1;1;6;159;7, CLERMONT (DE);M;4941880;281931;600
201500030572;15;2;11;1225;1;1;1;1;6;159;8, ADNOT (HENRI);M;4938418;278949;600
201500030573;15;7;2;525;1;1;1;1;6;665;6, EUROPE (AVENUE DE L');M;4940926;278223;600
201500030574;15;2;14;2015;5;2;3;1;3;159;34, SENLIS (DE);M;4939480;280331;600
201500030575;15;7;1;1815;1;1;1;1;3;665;R.N 31;M;4940858;279427;600
201500030576;15;7;25;1925;1;1;3;1;3;665;Rue du Marechal LECLERC;M;4940813;279222;600
201500030577;15;7;28;1145;1;2;1;1;3;159;RU DU DR CALMETTE;M;4940005;279384;600
201500030578;15;7;30;925;1;2;1;1;6;159;12 RUE DU G. LECLERC;M;4941881;282363;600
201500030579;15;8;1;1200;1;2;1;1;3;159;4, CLERMONT (DE);M;4942024;282122;600
201500030580;15;8;8;2010;1;2;6;1;3;159;104 BLD ETATS-UNIS;M;4940873;282098;600
201500030581;15;8;10;1645;1;1;3;1;3;159;FLANDRES-DUNKERQUE (AV.);M;4938578;279633;600
201500030582;15;8;10;1715;1;2;3;1;3;159;45, BATAILLON DE FRANCE;M;4942389;284034;600
201500030583;15;9;8;1145;1;2;1;1;6;159;191 BIS, PARIS (DE);M;4941542;282238;600
201500030584;15;9;24;1230;1;2;1;1;6;159;RUE PHILEAS LEBESGUE;M;4940772;280368;600
201500030585;15;9;25;1335;1;2;3;1;3;159;JUIN (AV. DU MARECHAL);M;4940717;281782;600
201500030586;15;10;3;2150;5;2;3;1;3;159;3, SOUS-PREFECTURE (DE L;M;4941665;282888;600
201500030587;15;10;4;200;3;1;1;1;6;159;Route Nationale 31;M;4942414;286249;600
201500030588;15;11;6;1730;1;1;3;1;1;665;D 202;M;4942389;279913;600
201500030589;15;11;10;2205;5;2;3;1;2;159;57, SENLIS (DE);M;4939358;280315;600
201500030590;15;11;13;1855;5;2;3;1;3;382;987, POINCARE (AV. RAYMO;M;4942837;283267;600
201500030591;15;12;11;2315;5;1;9;1;6;325;01, Place Jacques TATI;M;4940275;277312;600
201500030592;15;12;13;1950;5;1;6;1;6;159;;M;4939820;287290;600
201500030593;15;12;17;750;5;2;6;2;6;159;RUE DE NOYON;M;4942181;282162;600
201500030594;15;1;8;2045;3;1;1;1;5;175;RD 201 PONT DE L'OISE;M;4924580;248555;600
201500030595;15;3;9;810;1;2;1;1;6;175;19, PHILIPPE (RUE MARCEL;M;4926046;247868;600
201500030596;15;1;25;1155;1;2;3;1;7;175;107, JAURES (RUE JEAN);M;4925845;246296;600
201500030597;15;2;28;1850;2;1;2;1;3;175;0.00, ALLENDE (BOULEVARD;M;4924625;247058;600
201500030598;15;1;25;1840;5;2;1;1;6;414;VAYER (RUE MAURICE);M;4926080;243143;600
201500030599;15;5;8;1520;1;2;3;1;3;463;18, DEMAGNEZ (RUE);M;4926991;247639;600
201500030600;15;2;12;715;3;1;6;5;7;175;RD 201_ROND POINT P.BLAN;M;4924521;247551;600
201500030601;15;5;20;1520;1;2;1;1;1;175;3, LAGRANGE (RUE LEO);M;4925221;246769;600
201500030602;15;5;22;1455;1;1;1;1;5;175;RD 201;M;4924575;248507;600
201500030603;15;6;15;1340;1;2;6;1;6;684;RD 200_NORD;M;4929141;250548;600
201500030604;15;7;5;35;5;2;1;1;6;463;ALLEE DE TUILERIE;M;4928167;246214;600
201500030605;15;7;16;1715;1;2;1;1;7;463;GENERAL DE GAULLE (RUE D;M;4927669;247002;600
201500030606;15;7;18;2330;5;2;1;2;4;175;GAMBETTA (RUE);M;4926425;247378;600
201500030607;15;7;26;1720;1;1;1;1;2;175;Pont de l'Oise;M;4925007;245786;600
201500030608;15;7;19;25;5;2;1;8;6;175;NERVAL (RUE GERARD DE);M;4925062;246895;600
201500030609;15;8;2;1905;1;2;1;1;6;414;RUE ROGER SALENGRO;M;4926062;243016;600
201500030610;15;7;6;2020;2;1;1;1;6;175;BLD ALLENDE;M;4924966;247435;600
201500030611;15;8;19;1612;1;2;1;1;6;463;RUE GENERAL DE GAULLE;M;4864806;153292;600
201500030612;15;9;1;845;1;2;1;1;6;175;HAVEZ (BOULEVARD GABRIEL;M;4924845;247052;600
201500030613;15;10;2;1515;1;2;1;1;1;684;NOTAIRE (RUE CHARLES);M;4929154;248782;600
201500030614;15;10;8;725;4;2;2;1;6;463;RD200 RN16;M;4928386;246448;600
201500030615;15;9;21;835;1;1;1;1;5;175;RD 1016 PIERRE BLANCHE;M;4924455;247487;600
201500030616;15;10;16;754;4;2;1;2;6;175;VAUX (ROUTE DE);M;4926236;248391;600
201500030617;15;11;18;2120;3;1;1;1;6;684;RD 200_NORD;M;4929193;250686;600
201500030618;15;11;27;1815;5;2;6;2;6;414;MOCQUET (AVENUE GUY);M;4925604;242818;600
201500030619;15;11;24;1540;1;2;1;2;5;175;201_SORTIE 201_ACCES;M;4924581;246739;600
201500030620;15;12;11;1457;1;2;1;1;6;463;EUROPE (AVENUE DE L');M;4927309;248117;600
201500030621;15;12;17;1750;3;1;1;1;2;414;RD 200_SURPLOMB AVEN LIB;M;4925422;244605;600
201500030622;15;3;15;2345;3;1;1;2;6;11;;M;4399090;511537;840
201500030623;15;10;1;815;1;1;1;1;5;142;;M;0;0;840
201500030624;15;10;16;900;1;1;1;1;1;43;;M;4402038;492541;840
201500030625;15;4;10;1830;1;1;9;1;6;362;;M;0;0;201
201500030626;15;6;27;1130;1;1;1;7;6;285;;M;4173208;909980;201
201500030627;15;2;15;315;3;1;1;3;6;214;;M;0;0;710
201500030628;15;2;28;1615;1;1;1;1;6;79;RD 49;M;0;0;910
201500030629;15;7;16;1315;1;1;1;1;6;186;;M;0;0;740
201500030630;15;10;14;1630;1;1;1;8;2;233;;M;0;0;740
201500030631;15;10;27;2115;3;1;1;2;1;120;;M;0;0;740
201500030632;15;9;26;2330;5;2;2;1;6;1;1, ALBERT 1ER (RUE);M;4842877;8194;610
201500030633;15;2;7;1730;1;2;2;1;6;1;KOUTIALA (AVENUE DE;M;4842234;8927;610
201500030634;15;2;17;1215;1;2;2;1;5;1;KOUTIALA (AVENUE DE;M;4842786;7505;610
201500030635;15;1;12;1810;5;1;1;1;6;1;121, P. ET M. CURIE;M;4843561;10557;610
201500030636;15;3;4;1400;1;2;1;1;2;1;SAINT BLAISE (RUE);M;4843366;9318;610
201500030637;15;3;12;1055;1;2;1;1;2;1;BASINGSTOKE (AVENUE DE);M;4844150;9856;610
201500030638;15;4;9;1720;1;2;1;1;6;1;32, CLEMENCEAU (COURS);M;4843212;8764;610
201500030639;15;4;18;1145;1;2;6;1;6;1;149, REPUBLIQUE (BOULEVA;M;4842334;8992;610
201500030640;15;4;9;1900;1;2;3;1;7;117;13 rue jacques prйvert;M;4843131;5169;610
201500030641;15;5;3;15;5;2;3;2;3;1;114, BRETAGNE (RUE DE);M;4843200;7367;610
201500030642;15;5;6;755;1;2;1;2;2;1;21, VILLENEUVE (RUE DE);M;4842783;7500;610
201500030643;15;5;12;1155;1;1;1;1;2;1;87, COURTEILLE ( AVENUE;M;4843309;10521;610
201500030644;15;5;12;745;1;2;2;1;3;397;KOUTIALA (BOULEVARD);M;4842310;8086;610
201500030645;15;5;20;1135;1;2;1;1;6;1;1, GUYNEMER (RUE);M;4843888;10550;610
201500030646;15;5;27;1725;1;2;3;1;3;1;REPUBLIQUE (BOULEVARD DE;M;4842728;9310;610
201500030647;15;5;18;1115;1;2;7;1;6;1;JEUDI (RUE DU);M;4843084;8827;610
201500030648;15;5;30;1540;1;1;3;1;3;143;LA RIMBLIERE (RUE DE);M;4845179;6680;610
201500030649;15;5;28;1920;1;1;1;1;6;497;RD 438;M;4845046;10013;610
201500030650;15;6;5;1855;1;2;6;1;3;1;GENERAL DE GAULLE (PLACE;M;4843416;9347;610
201500030651;15;6;6;1940;1;2;6;1;3;1;JEAN MANTELET (AVENUE);M;4841816;9756;610
201500030652;15;6;9;915;1;2;1;1;4;77;FRANCIS CAGNARD (AV DE );M;4844526;11167;610
201500030653;15;6;11;1555;1;2;3;1;7;1;FRERES NIVERT (RUE);M;4844245;8361;610
201500030654;15;6;15;1420;1;2;3;1;2;77;FRANCIS CAGNAR (AV  DE );M;4844649;11264;610
201500030655;15;6;6;600;2;2;1;1;7;1;20, DUCHAMP (BOULEVARD);M;4842925;7263;610
201500030656;15;6;9;1650;1;2;1;1;6;143;MILIEU (CHEMIN DU );M;4844179;7618;610
201500030657;15;6;24;1745;1;2;1;1;3;1;27, CLAUDE BERNARD (RUE;M;4843612;10163;610
201500030658;15;6;28;2145;1;1;6;1;3;497;RN 12 (ROUTE NATIONALE);M;4845731;13938;610
201500030659;15;7;21;1100;1;2;6;1;3;143;D'ECOUVES (ROUTE);M;4845421;8459;610
201500030660;15;7;22;1805;1;2;6;1;3;1;GENERAL LECLERC (AVENUE;M;4842236;8945;610
201500030661;15;7;29;1250;1;2;2;1;1;1;SAINT EXUPERY (RUE);M;4843829;10830;610
201500030662;15;8;1;1105;1;2;1;1;3;1;27, PIERRE ET MARIE CURI;M;4843571;10586;610
201500030663;15;8;14;1500;1;2;1;1;6;1;PIERRE ET MARIE CURIE (R;M;4843628;10433;610
201500030664;15;8;17;1120;1;2;3;1;3;1;CERISE (RUE DE);M;4843545;10776;610
201500030665;15;8;21;1950;1;1;1;1;1;117;LALEU (RUE DE);M;4842747;2558;610
201500030666;15;8;25;1645;1;1;3;2;7;143;MONTFOULON (CHEMIN DE);M;4844539;5690;610
201500030667;15;8;27;1250;1;2;2;3;3;1;MARTIN LUTHER KING ( RUE;M;4842567;6314;610
201500030668;15;9;10;1455;1;2;1;1;3;1;21, JEAN MANTELET (AVENU;M;4841777;10103;610
201500030669;15;9;18;1720;1;2;3;2;3;1;D'ARGENTAN (RUE);M;4844654;8729;610
201500030670;15;9;28;1645;1;2;2;1;1;1;COLBERT (BOULEVARD);M;4843620;7743;610
201500030671;15;10;3;1445;1;2;1;1;6;1;VILLENEUVE (RUE DE);M;4842862;6340;610
201500030672;15;10;1;1210;1;2;2;1;6;1;12, PLENITRE (PLACE DU);M;4843006;9138;610
201500030673;15;10;12;2025;3;1;1;1;6;497;RN 12 (ROUTE NATIONALE);M;4845345;9764;610
201500030674;15;10;15;1115;1;2;6;1;7;497;RD 438;M;4845429;10033;610
201500030675;15;10;16;1420;1;2;1;8;7;1;MARECHAL  DE LATTRE DE T;M;4843015;8458;610
201500030676;15;10;31;2350;5;2;1;1;7;397;21, GENERAL LECLERC (RUE;M;4842253;6554;610
201500030677;15;10;30;1835;3;2;1;1;3;117;MOULIN A VENT (RUE DU);M;4843605;5756;610
201500030678;15;11;27;2240;5;2;2;2;3;1;CERISE (RUE DE);M;4843498;10635;610
201500030679;15;12;3;1955;5;2;1;1;3;143;PONT DU FRESNE (RUE DU);M;4844337;6865;610
201500030680;15;12;5;430;3;1;1;5;6;77;PONT DU LONDEAU (RUE DU);M;4845064;11839;610
201500030681;15;12;13;1800;5;2;1;1;6;1;33, PIERRE ET MARIE CURI;M;4843513;10586;610
201500030682;15;12;18;1850;5;2;1;1;2;117;17, D'ALENCON;M;4843590;4723;610
201500030683;15;1;25;1820;5;2;3;1;1;397;ANDRE COUDER (RUE);M;4842363;5543;610
201500030684;15;2;1;1710;1;2;1;1;1;497;D 564;M;4845677;10940;610
201500030685;15;3;9;800;1;2;1;1;7;6;39, REPUBLIQUE (RUE DE L;M;4874482;-2365;610
201500030686;15;4;8;1537;1;2;2;1;3;6;AUCUN, CORDAY (RUE CHARL;M;4873972;-1417;610
201500030687;15;4;19;1910;1;2;1;1;6;6;5, HUGO (BOULEVARD);M;4873243;-2074;610
201500030688;15;7;16;1615;1;2;3;1;6;6;1, UROU (ROUTE D') N° 26;M;4874465;-747;610
201500030689;15;8;13;1930;1;2;1;1;6;6;2, PETITS FOSSES (RUE DE;M;4874912;-2444;610
201500030690;15;8;22;1420;1;1;1;1;6;6;GOULET (ROUTE DE);M;4874488;-3864;610
201500030691;15;8;24;1645;1;2;6;3;6;6;BEREGOVOY (RUE PIERRE) C;M;4874924;-1422;610
201500030692;15;9;30;1035;1;2;7;7;6;6;LATTRE DE TASSIGNY (PLAC;M;4874262;-2371;610
201500030693;15;11;10;1530;1;2;1;1;6;6;ALMENECHES (ROUTE D') CO;M;4874083;-973;610
201500030694;15;11;13;740;2;2;6;2;3;6;AUCUN, EXPANSION (BOULEV;M;4873228;-3551;610
201500030695;15;12;8;625;5;2;1;2;6;6;FORET NORMANDE (AVENUE D;M;4874099;-2187;610
201500030696;15;12;22;1735;5;2;2;2;6;6;22, PASTEUR (RUE LOUIS);M;4874537;-1060;610
201500030697;15;1;1;1110;1;2;3;1;3;6;CHAMPAGNExPETITS FOSSES;M;4874907;-2645;610
201500030698;15;1;15;1815;5;2;1;2;3;6;10, SEES (ROUTE DE);M;4872309;-1195;610
201500030699;15;2;6;1125;1;2;1;1;6;6;17, CARNOT (BOULEVARD);M;4874024;-2467;610
201500030700;15;2;21;1445;1;2;3;1;3;391;203, HENRI VENIARD (RUE);M;4875392;-56647;610
201500030701;15;4;10;1130;1;1;2;1;3;169;LANDES (LES);M;4871846;-53819;610
201500030702;15;5;7;2324;5;2;6;1;6;169;DOMFRONT (ROUTE DE);M;4873011;-57912;610
201500030703;15;5;18;1737;1;2;1;1;6;169;48, RICHARD LENOIR (RUE);M;4875086;-57363;610
201500030704;15;6;23;1500;1;2;3;1;6;169;20, MESSEI (RUE DE);M;4874765;-56653;610
201500030705;15;7;27;1630;1;2;3;1;1;169;60, FOURNIERE (RUE DE LA;M;4873550;-56731;610
201500030706;15;12;5;2255;5;2;1;1;7;391;RAINETTE (RUE DE);M;4875852;-56988;610
201500030707;15;12;15;815;5;2;6;2;6;169;93, BOULE (RUE DE LA);M;4875284;-57164;610
201500030708;15;1;13;1330;1;2;1;2;6;169;33, BELFORT (RUE DE);M;4874538;-56640;610
201500030709;15;1;27;1730;1;2;6;1;2;169;TROMPE SOURIS;M;4872997;-57906;610
201500030710;15;10;3;1245;1;2;6;2;1;90;place Renй Chevalier;M;4559885;-5222;160
201500030711;15;10;21;945;1;1;1;1;6;366;;M;4560573;-23423;160
201500030712;15;11;1;200;3;1;1;1;6;13;Les Rompies;M;4562302;-7686;160
201500030713;15;11;28;1130;1;1;1;1;6;202;Tambourinour;M;4565607;-17190;160
201500030714;15;4;10;1600;1;1;2;1;3;373;;M;4597344;5576;160
201500030715;15;8;3;1630;1;1;1;1;6;409;Fondoume;M;4599692;6786;160
201500030716;15;9;30;1445;1;1;1;1;5;136;Veillemorte;M;4602700;17703;160
201500030717;15;1;22;1615;1;1;1;1;7;702;;M;0;0;20
201500030718;15;6;28;15;3;1;1;1;6;702;;M;0;0;20
201500030719;15;7;23;1745;1;1;1;1;6;615;;M;0;0;20
201500030720;15;10;16;1030;1;2;1;1;3;94;Av du Gйnйral de Gaulle;M;4608077;-108748;170
201500030721;15;10;16;2000;3;1;1;1;6;413;;M;4607987;-104793;170
201500030722;15;10;25;1645;1;2;3;1;3;194;rue du chemin vert;M;4612484;-100818;170
201500030723;15;10;30;1700;1;2;6;1;3;10;AVENUE EDMONT GRASSET;M;4610753;-110516;170
201500030724;15;12;2;830;1;2;1;1;3;94;bld georges clemenceau;M;4607089;-108159;170
201500030725;15;12;8;1045;1;2;1;1;1;94;119 avenue d'angoulins;M;4608430;-109312;170
201500030726;15;12;19;2030;3;1;1;1;6;315;;M;4613507;-99649;170
201500030727;15;2;4;1915;3;1;1;1;3;7;;M;4939337;238027;600
201500030728;15;3;23;1330;1;1;1;1;1;234;;M;4940030;242013;600
201500030729;15;4;30;1430;1;1;3;2;3;157;;M;4937608;241420;600
201500030730;15;5;23;830;1;1;1;1;3;34;;M;4944572;243683;600
201500030731;15;7;3;1845;1;2;1;1;3;7;Rue Philippe Courtial;M;4939393;236927;600
201500030732;15;7;13;2030;1;2;1;7;1;454;Rue du gйnйral De Gaulle;M;4940592;232014;600
201500030733;15;9;14;1030;1;2;1;3;1;157;avenue gambetta;M;4938228;240460;600
201500030734;15;10;5;1700;1;2;1;2;2;157;avenue des dйportйs;M;4938484;241725;600
201500030735;15;11;22;330;3;1;1;2;6;8;;M;4942378;242021;600
201500030736;15;3;5;820;2;2;1;1;3;99;44, JAURES ( JEAN );M;5026340;278928;620
201500030737;15;4;7;1235;1;2;1;1;6;41;17, TILLEULS ( DES );M;5027487;278696;620
201500030738;15;4;3;1505;1;2;6;1;3;41;HIPPODROME ( AVENUE DE L;M;5029252;274117;620
201500030739;15;4;7;815;1;1;1;5;2;764;RD 917;M;5031362;277546;620
201500030740;15;4;25;1635;1;2;7;1;7;41;HEROS ( PLACE DES );M;5029099;277802;620
201500030741;15;4;10;805;1;2;1;1;6;41;CHURCHILL ( AVENUE WINST;M;5029896;274445;620
201500030742;15;4;29;1210;1;2;1;1;3;753;53, BARBOT ( DU GENERAL;M;5030057;279819;620