num_acc;an;mois;jour;hrmn;lum;agg;int;atm;col;com;adr;gps;lat;long;dep
201500030743;15;4;21;955;1;2;1;1;7;41;09, FRANCOIS ( RAOUL );M;5028135;279362;620
201500030744;15;5;12;2045;1;2;1;1;6;99;38, JAURES ( JEAN );M;5026385;278765;620
201500030745;15;5;11;100;5;2;3;1;6;41;23, BAUDIMONT;M;5029344;276689;620
201500030746;15;6;3;1800;1;2;7;1;6;41;0, VAUBAN ( BOULEVARD );M;5028639;276987;620
201500030747;15;7;6;120;5;2;1;1;6;41;0, MEMORIAL DES FUSILLES;M;5028469;275602;620
201500030748;15;7;3;325;3;2;1;1;6;753;31, PAULHAN;M;5030722;281114;620
201500030749;15;6;27;1620;1;1;6;1;3;99;0, CURIE ( PIERRE );M;5025532;278937;620
201500030750;15;7;18;1815;1;2;1;1;7;263;40, BROUSSAIS ( FRANCOIS;M;5028847;273831;620
201500030751;15;7;12;1800;1;2;1;1;6;41;NOTRE DAME DE LORETTE (;M;5029855;276800;620
201500030752;15;7;17;2310;3;1;1;1;7;263;RN 25;M;5026127;269634;620
201500030753;15;6;19;1500;1;2;1;1;7;753;17, BARBOT ( DU GENERAL;M;5030040;280007;620
201500030754;15;7;23;2055;1;2;2;1;3;41;SCHUMAN ( ROBERT );M;5029711;277710;620
201500030755;15;8;10;1905;1;1;1;1;2;115;RN 25;M;5025542;268513;620
201500030756;15;9;9;2240;5;2;1;1;6;4;17, SALENGRO ( ROGER );M;5028076;276720;620
201500030757;15;9;14;1830;1;2;3;1;3;41;COURBET ( PLACE );M;5029172;274759;620
201500030758;15;9;21;2245;5;2;4;2;6;753;DROITS DE L'HOMME ( AVEN;M;5029610;278468;620
201500030759;15;8;30;1151;1;2;3;1;7;41;0, TAILLERIE ( DE LA );M;5029144;277927;620
201500030760;15;10;3;1330;1;2;3;1;2;263;19, ARRAS ( D' );M;5028227;272834;620
201500030761;15;11;8;1815;5;2;1;1;3;41;62, LOBBEDEZ ( AVENUE FE;M;5028182;278030;620
201500030762;15;10;9;1505;1;2;1;1;3;41;CHURCHILL ( AVENUE WINST;M;5029729;275268;620
201500030763;15;11;21;1645;2;2;1;3;6;764;RD 950;M;5030866;279219;620
201500030764;15;12;8;1725;5;2;3;8;3;753;0, IMMERCOURT ( AVENUE D;M;5029096;280686;620
201500030765;15;12;7;745;1;2;1;1;6;41;0, SAINT EXUPERY ( ANTOI;M;5030042;274566;620
201500030766;15;11;6;1750;2;2;1;8;6;753;0, GERS ( LAURENT );M;5029741;280338;620
201500030767;15;12;21;1755;3;1;1;2;2;764;RD 917;M;5030583;278402;620
201500030768;15;1;10;1435;1;1;1;2;3;263;RN 25;M;5027506;270783;620
201500030769;15;1;14;1000;1;2;1;4;7;764;RD 950;M;5030697;279280;620
201500030770;15;1;21;2015;5;2;2;2;3;41;BLD DE STRASBOURG;M;5028844;278068;620
201500030771;15;1;19;900;1;1;1;9;4;263;RN 25;M;5026640;270606;620
201500030772;15;1;29;920;1;2;3;9;3;99;MITTERRAND FRANCOIS ( AV;M;5025668;280311;620
201500030773;15;1;21;2010;5;2;1;1;5;41;27B, SCHUMAN ( ROBERT );M;5029731;277923;620
201500030774;15;2;7;1740;1;2;1;1;7;4;BUCQUOY ( ROUTE DE );M;5027007;277432;620
201500030775;15;2;12;710;5;2;1;1;7;41;06, CAMBRAI (DE);M;5028758;278462;620
201500030776;15;6;10;1910;1;2;1;1;6;48;309, RAOUL BRIQUET (RUE);M;5051599;246124;620
201500030777;15;8;3;1100;1;1;1;1;1;188;ROUTE DEPARTEMENTALE 183;M;5052480;246175;620
201500030778;15;8;16;2135;2;1;3;1;3;516;CD 943;M;5056879;248942;620
201500030779;15;9;18;1930;1;1;1;2;3;516;C.D 916;M;5056362;246376;620
201500030780;15;11;6;2340;5;2;6;1;6;516;CD 943;M;5057039;247520;620
201500030781;15;11;11;210;3;1;1;1;7;516;FERFAY - PLACE DE -;M;5056026;247841;620
201500030782;15;11;19;915;1;2;1;3;7;48;ROUTE DEPARTEMENTALE 183;M;5051250;247492;620
201500030783;15;12;24;645;5;2;1;2;1;48;PAIX (BOULEVARD DE LA);M;5050194;248025;620
201500030784;15;1;3;1720;3;1;1;2;1;188;CD 916;M;5054166;245763;620
201500030785;15;4;10;1410;1;1;1;1;5;65;RN 17;M;5040846;282320;620
201500030786;15;4;13;10;5;2;2;1;6;570;16, FOSSE 3 (AVENUE DE L;M;5041844;288675;620
201500030787;15;4;24;1420;1;2;7;1;6;65;FRANCE (BOULEVARD ANATOL;M;5040052;283514;620
201500030788;15;5;3;940;1;2;1;2;7;724;1, BRIQUET;M;5040628;290775;620
201500030789;15;5;9;915;1;2;1;1;3;570;FLOHA;M;5040612;286186;620
201500030790;15;6;3;1705;1;2;3;1;3;65;MARTEL HENRI( BOULEVARD);M;5039713;280894;620
201500030791;15;6;14;2345;5;2;2;1;3;570;EGLISE (DE L');M;5041745;287933;620
201500030792;15;7;3;2345;5;2;2;1;3;724;JOFFRE (DU MARECHAL);M;5040265;291111;620
201500030793;15;8;24;1945;1;2;2;1;1;65;THUMERELLE ACHILLE;M;5040938;281898;620
201500030794;15;9;2;2205;5;2;1;2;3;724;6, PERI;M;5039889;290724;620
201500030795;15;9;9;910;1;2;3;1;3;65;MARTEL HENRI( BOULEVARD);M;5040391;281197;620
201500030796;15;10;26;1430;1;1;1;1;5;65;RD 917;M;5039650;282233;620
201500030797;15;11;14;540;5;2;1;1;6;724;D 46;M;5040240;291386;620
201500030798;15;12;23;1725;5;2;1;1;2;65;18, DEPRET EDOUARD;M;5040856;282519;620
201500030799;15;12;29;1830;5;1;2;1;5;570;CD 40;M;5039460;286496;620
201500030800;15;1;3;1015;1;2;3;3;3;65;39, SEMARD PIERRE;M;5041437;284286;620
201500030801;15;1;9;750;2;2;1;1;7;65;CACHIN MARCEL;M;5040138;283440;620
201500030802;15;1;14;1800;5;2;1;8;6;65;15, BOVE ALEXANDRE;M;5041378;283674;620
201500030803;15;2;5;1555;1;1;1;1;1;724;CD 40;M;5039585;290718;620
201500030804;15;1;27;915;1;2;1;1;7;570;03, MICHELET;M;5040120;286563;620
201500030805;15;2;15;1920;3;1;1;1;2;427;CD 40 E;M;5039226;294739;620
201500030806;15;6;10;745;1;2;3;1;3;108;FRANCIS TATTEGRAIN;M;5040471;156250;620
201500030807;15;12;1;1110;1;2;1;2;1;688;CD940;M;5042973;160511;620
201500030808;15;12;6;1145;1;2;2;1;6;108;PARIS;M;5040319;159237;620
201500030809;15;2;2;1830;5;2;1;1;6;108;76, IMPERATRICE;M;5040529;156853;620
201500030810;15;3;25;1115;1;2;2;1;6;35;275, SAINT VENANT ( RUE;M;5054184;262408;620
201500030811;15;2;20;1750;1;2;1;3;1;119;36, SAINT EXUPERY ( RUE;M;5053093;262914;620
201500030812;15;12;2;2005;5;2;6;1;7;119;CD 943;M;5052686;262937;620
201500030813;15;1;1;1800;5;2;1;1;7;276;150, LENS ( ROUTE DE );M;5051277;280690;620
201500030814;15;3;11;1500;1;1;1;1;6;863;CD 167 E2;M;5052136;277139;620
201500030815;15;12;11;1945;5;2;1;3;7;119;743, LILLE ( RUE DE );M;5052464;265230;620
201500030816;15;4;2;1010;1;1;1;1;6;401;CD 39;M;5048579;278828;620
201500030817;15;5;19;1655;1;2;1;1;6;119;85, BRUYERES ( RUE DES );M;5052390;265683;620
201500030818;15;5;15;1745;1;2;3;7;6;51;HUMBLOT IGNACE ( RUE );M;5051247;278424;620
201500030819;15;12;12;1540;1;2;1;1;7;35;36 A, MARTYRS ( RUE DES;M;5052957;261834;620
201500030820;15;5;15;1915;1;1;6;1;2;836;D 86;M;5049741;260872;620
201500030821;15;12;24;1745;5;2;1;1;6;119;583, MOULIN ( BOULEVARD;M;5052716;263420;620
201500030822;15;5;16;1440;1;2;1;1;3;34;RD 941;M;5050924;272103;620
201500030823;15;5;27;1530;1;2;4;1;6;119;ZOLA ( RUE EMILE;M;5052700;263807;620
201500030824;15;5;22;1030;1;2;6;1;6;119;JUIN ( RUE DU MARECHAL;M;5052642;263055;620
201500030825;15;7;13;1005;1;2;1;1;6;846;153, NATIONALE ( ROUTE );M;5047558;274168;620
201500030826;15;7;22;1030;1;2;5;1;2;846;REPUBLIQUE ( PLACE DE LA;M;5048759;274578;620
201500030827;15;7;27;2300;3;1;6;1;6;836;D 86;M;5049745;260869;620
201500030828;15;8;3;1100;1;2;3;1;3;119;CARLIER ( RUE );M;5053837;263598;620
201500030829;15;9;14;1830;1;2;3;1;3;262;941 (CD);M;5051339;275225;620
201500030830;15;9;26;1450;1;2;2;1;3;119;HUGO ( RUE VICTOR );M;5053084;264141;620
201500030831;15;9;25;1630;1;2;1;1;6;119;HALAGE ( CHEMIN );M;5053801;264047;620
201500030832;15;9;30;2220;5;2;9;1;7;119;BERTHELOT ( RUE MARCELLI;M;5053152;264523;620
201500030833;15;10;22;1715;1;2;3;1;3;119;BRUAY ( AVENUE DE );M;5051885;262122;620
201500030834;15;10;9;2315;4;2;6;1;7;276;LONDRES (AVENUE DE);M;5052163;281841;620
201500030835;15;10;13;1750;1;2;3;8;3;132;ROME;M;5051135;285494;620
201500030836;15;10;22;1710;1;2;4;1;6;846;38, BRIQUET RAOUL ( RUE;M;5049133;274519;620
201500030837;15;10;26;1525;1;2;1;1;2;126;MORAT ( RUE JACQUES )PON;M;5053652;268775;620
201500030838;15;10;26;1945;5;2;3;1;3;119;HUGO ( RUE VICTOR );M;5053224;264114;620
201500030839;15;12;16;1740;5;2;1;1;6;119;384, BRUAY ( AVENUE DE );M;5052289;262758;620
201500030840;15;1;4;2050;5;2;1;1;6;119;Quai du rivage;M;5053448;264455;620
201500030841;15;1;14;1440;1;1;1;7;3;278;1, CD 72;M;5049576;263135;620
201500030842;15;1;21;1610;1;2;1;1;3;735;cd 941;M;5051270;270118;620
201500030843;15;1;16;1100;1;1;6;1;3;126;CD 941;M;5051318;268190;620
201500030844;15;1;14;830;2;2;1;3;6;119;AIRE ( RUE D' );M;5053900;262917;620
201500030845;15;1;17;1605;1;2;3;1;3;51;ROUTE NATIONALE 41;M;5051759;277907;620
201500030846;15;1;12;1310;1;1;1;1;6;758;157, DESVRES ( Rue de );M;5072315;164131;620
201500030847;15;2;26;715;3;2;1;2;6;160;77, VIVIER (Rue du);M;5072660;160641;620
201500030848;15;1;15;2130;3;2;1;3;6;894;RONVILLE ( Route de la );M;5078452;163387;620
201500030849;15;3;7;1835;2;2;1;1;7;160;101, EURVIN (Bld);M;5072350;161598;620
201500030850;15;1;19;1025;1;2;1;1;6;893;183, CARNOT ( Rue );M;5076175;160659;620
201500030851;15;3;9;1735;1;2;2;8;3;667;33, LOUCHEUR (Rue );M;5071835;158761;620
201500030852;15;3;12;1630;1;2;3;1;6;160;BELTERRE (Rue de);M;5072767;160753;620
201500030853;15;5;4;1910;1;2;1;2;6;160;DAUNOU (Bld);M;5071935;160872;620
201500030854;15;6;11;1400;1;2;1;1;6;160;85, BREQUERECQUE (Rue de;M;5071736;161456;620
201500030855;15;6;11;1720;1;2;1;1;6;893;BASTON ( Rue du );M;5077815;161840;620
201500030856;15;7;7;1330;1;2;1;1;6;160;BRUIX (Rue de l'Amiral);M;5072284;160377;620
201500030857;15;7;25;1500;1;2;2;1;6;643;4, KENNEDY ( Rue du Prйs;M;5070320;159450;620
201500030858;15;7;17;1500;1;2;8;1;6;160;51, NATIONALE (Rue);M;5072201;160759;620
201500030859;15;7;17;1910;1;2;1;1;1;160;49, NATIONALE (Rue);M;5072210;160710;620
201500030860;15;9;11;1615;1;2;1;1;6;667;SAN MARTIN ( Rue du Gйnй;M;5070974;158312;620
201500030861;15;9;13;2100;5;2;2;1;1;758;MARLBOROUGH ( Rue de );M;5073451;162660;620
201500030862;15;10;9;1555;1;1;1;1;6;160;30, PILLONS (Rue du Chan;M;5071872;161605;620
201500030863;15;10;25;5;5;2;6;2;7;893;1, C.D. 940;M;5076153;160654;620
201500030864;15;11;14;2240;5;2;6;6;6;643;INDUSTRIEL ( Bld);M;5070309;160909;620
201500030865;15;11;27;2335;5;2;2;2;3;160;FAIDHERBE (Rue);M;5072625;160748;620
201500030866;15;11;29;2100;5;2;1;6;6;160;24, VICTOIRES (Rue des);M;5072587;160263;620
201500030867;15;12;23;1050;1;1;1;1;3;270;LEGAY (RUE DU DOCTEUR CH;M;5047847;249022;620
201500030868;15;2;20;1500;1;1;1;2;4;270;CD 301;M;5048047;248546;620
201500030869;15;3;26;2040;5;2;1;8;6;178;788, LIBERATION ( AVENUE;M;5049186;256731;620
201500030870;15;4;3;700;3;2;4;2;3;178;REPUBLIQUE ( DE LA );M;5048026;254378;620
201500030871;15;5;15;1400;1;2;1;1;4;178;530, ANATOLE FRANCE;M;5048470;255725;620
201500030872;15;5;1;1400;1;2;3;1;3;178;107, SALENGRO ( ROGER );M;5047400;254394;620
201500030873;15;6;4;2330;4;2;3;1;3;270;107, REPUBLIQUE (RUE DE;M;5047925;247972;620
201500030874;15;6;6;2110;1;2;1;1;2;178;1115, LIBERATION ( AVENU;M;5049403;257281;620
201500030875;15;7;5;150;5;2;1;1;2;457;BRUAY (ROUTE DE);M;5046506;254168;620
201500030876;15;7;10;1950;1;2;1;1;6;457;48, MITRY (RUE DU GENARA;M;5045828;255152;620
201500030877;15;7;18;2345;5;2;1;2;3;178;747, DUSSART ( LOUIS );M;5047748;255902;620
201500030878;15;8;21;1610;1;2;1;1;1;178;131, BLOT ( GASTON );M;5048210;252925;620
201500030879;15;8;27;1905;1;2;6;1;3;178;DIVION ( DE );M;5047850;254214;620
201500030880;15;9;4;1600;1;2;2;1;3;178;TERRE NEUVE;M;5046924;255016;620
201500030881;15;9;9;1915;1;2;3;1;7;178;DUSSART ( LOUIS );M;5047608;255776;620
201500030882;15;9;14;900;1;2;2;1;3;178;756, REPUBLIQUE ( DE LA;M;5047754;253508;620
201500030883;15;10;16;1835;1;2;2;1;3;178;TERRE NEUVE;M;5046925;255015;620
201500030884;15;11;1;1830;5;1;1;1;2;178;88, AMONT ( D');M;5048187;253722;620
201500030885;15;11;3;1520;1;2;1;1;3;178;369, CADOT ( HENRI );M;5048156;254982;620
201500030886;15;11;4;1220;1;2;1;1;2;178;553, REPUBLIQUE ( DE LA;M;5047836;253783;620
201500030887;15;11;2;1815;5;2;3;1;1;178;SALENGRO ( ROGER );M;5047252;254363;620
201500030888;15;11;11;2255;5;2;3;1;6;178;CAVEE ( DE LA );M;5048666;254069;620
201500030889;15;12;4;1830;5;2;3;1;3;400;1054 BIS, ZOLA ( EMILE );M;5046405;255954;620
201500030890;15;12;2;1610;1;2;1;1;1;178;547, MARMOTTAN ( JULES );M;5048625;254279;620
201500030891;15;12;16;1755;5;2;1;2;6;457;426, BRIAND (RUE ARISTID;M;5046659;255300;620
201500030892;15;12;16;2340;3;1;1;1;6;270;LEBACQ;M;5046817;251181;620
201500030893;15;1;25;1640;1;2;1;1;1;178;642, DUSSART ( LOUIS );M;5047803;255794;620
201500030894;15;2;6;2210;5;2;1;9;6;178;180, FESTEUX ( DES );M;5048795;254225;620
201500030895;15;11;24;2146;3;1;1;1;6;193;A216;;;;620
201500030896;15;11;5;2015;5;2;2;3;3;193;GERSCHEL (RUE A.);M;5095891;184805;620
201500030897;15;6;30;1700;1;2;3;1;3;193;ROGER SALENGRO (AVENUE);M;5094517;182971;620
201500030898;15;3;29;2100;3;1;1;3;6;193;SAINT OMER (ROUTE DE);M;5093533;188807;620
201500030899;15;12;13;2155;3;1;9;1;6;193;A216;;;;620
201500030900;15;12;12;135;3;2;1;1;6;244;HALAGE (CHEMIN DE);M;5091911;188864;620
201500030901;15;5;5;1430;1;2;1;6;6;193;GAUGUIN (RUE P.);M;5094745;189824;620
201500030902;15;5;7;2135;5;1;1;1;4;193;A216;M;5097085;188214;620
201500030903;15;4;4;115;5;2;2;1;3;193;EGALITE (BOULEVARD DE L';M;5094591;187908;620
201500030904;15;6;23;1040;1;2;1;1;2;774;Route Dйpartementale 940;M;5095889;182661;620
201500030905;15;12;2;745;5;2;1;1;6;193;COUBERTIN (AVENUE PIERRE;M;5095342;183882;620
201500030906;15;7;3;1840;1;2;2;1;3;244;GUINES (ROUTE DE);M;5091268;187418;620
201500030907;15;8;11;1;5;2;1;1;6;193;PLINE;M;5095431;187336;620
201500030908;15;12;16;1715;3;2;1;1;6;193;GARENNES (RUE DES);M;5096464;187929;620
201500030909;15;5;22;1220;1;2;2;1;3;193;ST EXUPERY (AVENUE);M;5094642;189778;620
201500030910;15;6;5;1850;1;2;2;1;3;193;VINGT NEUF JUILLET (RUE;M;5094307;184770;620
201500030911;15;8;9;1105;1;2;3;1;3;193;Rue CHENIER;M;5093894;187314;620
201500030912;15;7;23;1640;1;2;7;1;2;193;NORVEGE (PLACE DE);M;5095677;185687;620
201500030913;15;8;8;1540;1;1;1;1;1;774;R.D.940;M;5093396;172464;620
201500030914;15;10;27;37;5;1;1;1;6;244;SAINT-OMER (ROUTE DE);M;5091519;192001;620
201500030915;15;10;8;2025;5;2;1;1;6;193;LILLE (RUE DE);M;5093783;185954;620
201500030916;15;11;26;1415;1;2;1;1;2;193;TOUMANIANTZ (AVENUE);M;5095282;188478;620
201500030917;15;10;13;745;1;2;1;3;1;193;BEAU MARAIS (rue du);M;5094492;191080;620
201500030918;15;12;11;515;3;2;2;9;2;193;JACQUARD (BOULEVARD);M;5095169;185344;620
201500030919;15;1;22;1233;1;2;2;1;3;193;BEAU MARAIS (rue du);M;5094415;189823;620
201500030920;15;1;31;1700;1;1;1;1;6;193;A216;;;;620
201500030921;15;2;2;840;1;2;1;1;6;548;avenue de Calais;M;5094745;193644;620
201500030922;15;2;2;930;1;2;1;9;6;193;128, VICTOR HUGO (BOULEV;M;5094283;187240;620
201500030923;15;2;23;1800;2;2;2;2;3;193;BEAU MARAIS (rue du);M;5094372;188768;620
201500030924;15;1;2;1000;1;2;2;1;3;215;SANS, JAURES (PL. JEAN);M;5049351;295714;620
201500030925;15;1;15;820;2;2;1;8;6;637;SANS, LAGRANGE (R LEO);M;5046694;299707;620
201500030926;15;2;7;1530;1;2;2;1;3;215;SANS, REPUBLIQUE (AV. DE;M;5049234;296392;620
201500030927;15;1;17;1000;1;2;1;1;6;33;SANS, MATTEI (R JOSEPH);M;5045968;288326;620
201500030928;15;1;21;850;1;2;2;1;3;624;0, REPUBLIQUE (AVE DE LA;M;5041633;297704;620
201500030929;15;2;9;2050;5;1;2;1;3;249;FERRY (R JULES);M;5040778;301117;620
201500030930;15;2;8;2155;3;1;1;9;1;351;SANS, BEUGNET (R CASIMIR;M;5043627;292423;620
201500030931;15;2;6;1115;1;2;6;1;3;351;0, OUSSEKINE (R MALIK);M;5042741;292054;620
201500030932;15;12;5;1945;5;2;1;1;6;573;82, GUESDE (R JULES);M;5049738;288703;620
201500030933;15;12;17;1630;2;2;1;1;3;427;74, HARNES (R D');M;5042532;294295;620
201500030934;15;2;22;1940;2;2;1;1;3;186;., ALSACE (BD D');M;5044188;273293;620
201500030935;15;11;1;1755;2;2;1;1;6;274;2, HOCHE (R );M;5043213;298994;620
201500030936;15;12;20;1830;2;1;9;1;6;427;454, PERI (BD GABRIEL);M;5041960;293836;620
201500030937;15;12;31;1755;5;2;1;1;6;427;SANS, SCHWEITZER ALBERT;M;5041641;297688;620
201500030938;15;2;27;1355;1;2;1;1;1;274;COURRIERES (rte de);M;5043102;295435;620
201500030939;15;10;9;1215;1;2;1;1;6;624;22, FERRY (R JULES);M;5042025;299705;620
201500030940;15;2;27;1845;2;2;1;1;2;250;SANS, HENIN (RTE D');M;5044885;294397;620
201500030941;15;12;23;1820;1;2;1;1;7;510;., HUGO (R VICTOR);M;5041666;276666;620
201500030942;15;2;18;840;2;2;2;5;6;907;SANS, LEBLANC (R JULES);M;5048536;301477;620
201500030943;15;11;25;1715;1;2;1;1;7;186;sans, MARCHE (R FERNAND);M;5026000;242000;620
201500030944;15;3;14;930;1;2;1;1;3;624;SANS, CENTRE COMMERCIAL;M;5041142;297904;620
201500030945;15;11;21;1700;1;2;1;3;7;186;58, BRASME (R FRANCOIS);M;5043333;271666;620
201500030946;15;3;3;2146;5;2;1;1;5;510;., DELEBECQUE (R GERMAIN;M;5043446;277181;620
201500030947;15;3;12;2140;5;2;1;1;3;523;122, SPAS (R);M;5045299;285056;620
201500030948;15;3;23;1750;1;2;2;1;1;842;sans, NOBEL (R ALFRED);M;5045723;283308;620
201500030949;15;4;12;2045;2;2;1;1;1;386;., LAMENDIN (R ARTHUR);M;5045596;274444;620
201500030950;15;3;7;650;1;2;9;1;1;351;0, SALENGRO (R ROGER);M;5041982;289587;620
201500030951;15;4;10;2000;1;2;1;1;3;186;., SALENGRO (R ROGER);M;5044519;272504;620
201500030952;15;3;4;1615;1;2;1;1;6;413;1, FOSSE (AV. DE LA);M;5044481;288068;620
201500030953;15;11;11;1530;1;2;1;1;1;510;., DELEBECQUE (R GERMAIN;M;5043286;277233;620
201500030954;15;4;8;1515;1;2;3;1;3;215;SANS, ANNOEULLIN (ROUTE;M;5050672;294871;620
201500030955;15;3;17;1650;1;2;1;1;6;249;10, PRESSENCE (R FRANCIS;M;5041718;301818;620
201500030956;15;4;13;1225;1;2;1;1;6;624;SANS, PASTEUR (R );M;5042244;299326;620
201500030957;15;12;5;815;1;1;1;1;6;510;52, HUGO (R VICTOR);M;5041930;278061;620
201500030958;15;3;22;300;5;2;1;8;6;427;COURRIERES (RTE DE;M;5043758;294831;620
201500030959;15;10;11;1625;1;2;6;1;2;498;sans, ARRAS (RTE  D');M;5042036;282018;620
201500030960;15;5;4;2020;1;2;2;2;3;628;SANS, CARVIN (R DE);M;5042862;287703;620
201500030961;15;4;26;1345;1;2;1;1;3;427;114, PASTEUR (R );M;5041805;294696;620
201500030962;15;5;5;2115;2;2;1;1;6;771;10, LAMENDIN (R ARTHUR);M;5042132;285669;620
201500030963;15;4;3;2130;2;1;9;1;3;624;46, CENTRE COMMERCIAL AU;M;5041124;297886;620
201500030964;15;5;17;1300;1;1;3;1;3;250;SANS, OIGNIES (RTE D');M;5046413;296633;620
201500030965;15;4;30;1050;1;2;1;1;2;624;09, BRETON (R);M;5042589;299624;620
201500030966;15;5;21;1315;1;2;1;1;3;510;0, LIBERTE (R DE LA);M;5043785;277497;620
201500030967;15;5;2;1540;1;2;1;1;2;510;0, TASSIGNY (R DU MAL. D;M;5041554;276476;620
201500030968;15;4;25;940;1;1;9;1;3;624;43, CENTRE COMMERCIAL AU;M;5041124;297889;620
201500030969;15;4;24;1120;1;2;9;1;3;133;00, ROUVROY (R DE);M;5041109;291120;620
201500030970;15;6;5;1155;1;2;1;1;2;624;00, REPUBLIQUE (AVE DE L;M;5041160;299608;620
201500030971;15;3;12;1040;1;2;1;1;6;249;SANS, ZOLA (Rue EMILE);M;5042011;301530;620
201500030972;15;5;13;1215;1;2;1;1;6;413;27, DRUON (R SAINT );M;5044888;291216;620
201500030973;15;6;11;830;1;2;1;1;6;895;ROLLAND (R ROMAIN);M;5049647;286403;620
201500030974;15;6;12;1610;1;2;1;1;3;510;., LECLERC (AV DU MARECH;M;5042302;276241;620
201500030975;15;5;30;1100;1;2;1;1;7;186;1, RHIN ET DANUBE (R );M;5045559;271743;620
201500030976;15;6;7;1850;1;1;1;1;4;19;RD 301;M;5043475;270744;620
201500030977;15;6;13;1205;1;2;1;1;7;510;., COURTIN (R FRANCOIS);M;5042198;277824;620
201500030978;15;5;29;1145;1;2;2;1;3;498;MICHEL (R LOUISE;M;5044984;281810;620
201500030979;15;6;16;1400;1;2;1;1;6;498;11, ARTISANAT (R DE L');M;5044076;280563;620
201500030980;15;6;13;1300;1;2;3;1;5;907;408, EPINOY (CITE DU BOI;M;5048623;299606;620
201500030981;15;6;29;2140;1;2;2;1;1;498;sans, OEILLETS (R DES);M;5043782;280481;620
201500030982;15;6;27;1925;1;1;1;1;5;215;8, LENS (RTE DE);M;5047561;292442;620
201500030983;15;6;16;1045;1;2;4;1;6;215;871, COURRIERES (RTE DE);M;5047234;294073;620
201500030984;15;4;9;1725;1;2;6;1;1;427;37, PRUVOST (R LEON);M;5042158;295588;620
201500030985;15;6;22;945;1;2;1;1;1;427;SANS, LEGRAND (R OCTAVE;M;5042477;295432;620
201500030986;15;6;28;2200;5;2;1;1;3;771;28, SEVERINE (R);M;5042207;285393;620
201500030987;15;7;16;2000;1;2;2;1;3;498;sans, VOLTAIRE (R);M;5042753;283573;620
201500030988;15;7;18;1145;1;2;6;1;3;427;SANS, PERI (BD GABRIEL);M;5041949;294453;620
201500030989;15;7;9;935;1;2;1;1;2;133;sans, REPUBLIQUE (AV. DE;M;5041980;291396;620
201500030990;15;7;11;830;1;2;1;1;7;510;153, DEFERNEZ (R JEAN BA;M;5042135;277887;620
201500030991;15;7;23;1425;1;2;1;1;6;498;44, ARRAS (RTE  D');M;5042388;282024;620
201500030992;15;6;13;1445;1;2;4;1;1;771;., FER (R DU CHEMIN DE);M;5041597;287648;620
201500030993;15;6;26;2145;1;2;1;1;3;510;153, DEFERNEZ (R JEAN BA;M;5042137;277890;620
201500030994;15;6;21;1945;1;2;1;1;6;895;148, LAMPIS (R RAYMOND);M;5048502;285174;620
201500030995;15;5;20;2055;1;2;2;1;3;321;SANS, JAURES (R JEAN );M;5043240;304308;620
201500030996;15;7;16;1155;1;2;3;1;6;133;10, FUSILLES (R );M;5041572;291247;620
201500030997;15;8;1;540;2;1;1;1;1;528;., BETHUNE (RTE DE);M;5045874;277340;620
201500030998;15;8;4;1130;1;2;1;1;7;510;0, DEFERNEZ (R JEAN BAPT;M;5042098;277778;620
201500030999;15;7;14;20;3;1;1;1;6;351;PENETRANTE ROCADE;M;5043332;292189;620
201500031000;15;6;23;1915;1;2;1;1;7;528;BLUM (R LEON);M;5044710;278855;620
201500031001;15;8;18;1800;1;1;1;2;6;842;ZONE COMMERCIALE CORA LE;M;5046160;282505;620
201500031002;15;8;9;1130;1;1;1;1;3;215;ENNECOURT (CH D');M;5049249;298615;620
201500031003;15;8;9;1620;1;2;1;1;6;33;91, DEMEESTER (R DESPREZ;M;5045374;287346;620
201500031004;15;8;15;1335;1;2;2;1;3;250;SANS, JAURES (R JEAN);M;5045756;294688;620
201500031005;15;8;1;2120;1;2;1;1;7;523;sans, LILLE (RTE DE);M;5044554;286002;620
201500031006;15;8;25;1135;1;2;3;1;3;771;VAILLANT (R EDOUARD);M;5041974;287262;620
201500031007;15;8;27;1535;1;2;1;3;7;680;SANS, BEAUMONT (R DE );M;5037737;297616;620
201500031008;15;6;30;1350;1;2;9;1;6;427;0, BRANDT(BD Willy);M;5042428;294908;620