num_acc;an;mois;jour;hrmn;lum;agg;int;atm;col;com;adr;gps;lat;long;dep
201500031009;15;7;4;410;5;2;1;1;6;427;DELORY (R GUSTAVE );M;5040397;294005;620
201500031010;15;7;15;1535;1;2;9;1;6;133;129, REPUBLIQUE (AV. DE;M;5041989;291096;620
201500031011;15;9;5;1455;1;1;9;1;4;427;0, THOMAS (BD EUGENE );M;5039559;297319;620
201500031012;15;8;3;1950;1;2;1;1;7;510;., DESCARTES (R );M;5041415;276988;620
201500031013;15;8;23;235;5;2;1;1;6;427;185, rue LAENNEC (Docteu;M;5043215;294594;620
201500031014;15;6;30;1840;1;2;1;1;6;427;THOMAS (BD EUGENE );M;5039916;296818;620
201500031015;15;8;18;1800;1;1;1;1;6;413;SANS, VERMELLES (CHE. DE;M;5044901;289551;620
201500031016;15;7;23;2025;1;2;1;1;3;895;58, COUPIGNIES (R DE LA);M;5049443;284474;620
201500031017;15;5;16;1700;1;2;1;1;2;498;178, BETHUNE (RTE DE);M;5043635;281559;620
201500031018;15;9;22;1400;1;2;1;2;3;528;35, BETHUNE (RTE DE);M;5044583;279668;620
201500031019;15;10;2;1850;2;2;1;1;3;186;., SAGNOL (R MACEL);M;5044220;271196;620
201500031020;15;7;18;1350;1;2;1;1;6;427;212, MONTPENCHER (R);M;5042224;294801;620
201500031021;15;10;7;2140;5;2;4;1;1;427;NATIONS (BD. DES);M;5042862;294146;620
201500031022;15;10;19;1350;1;1;9;1;3;587;0, CD 46;M;5043133;292205;620
201500031023;15;9;26;1120;1;2;1;1;6;624;12, MUSSET (R);M;5042279;299929;620
201500031024;15;8;20;1405;1;2;1;1;2;133;129, REPUBLIQUE (AV. DE;M;5041988;291114;620
201500031025;15;10;5;1923;3;1;1;2;4;842;sans, RN 47;M;5046279;283096;620
201500031026;15;9;11;1755;1;2;1;1;6;427;372, PERI (BD GABRIEL);M;5041957;293947;620
201500031027;15;9;9;900;1;2;1;1;2;510;12, TASSIGNY (R DU MAL.;M;5041409;276251;620
201500031028;15;9;13;1500;1;1;1;2;2;510;CD 58;M;5042167;276478;620
201500031029;15;10;2;1730;1;2;2;1;6;413;FUSILLES (R DES);M;5044716;291120;620
201500031030;15;9;29;945;1;2;1;1;6;498;sana, JAURES (PL. JEAN);M;5042926;283212;620
201500031031;15;10;29;1720;2;2;2;1;1;498;MICHEL (R LOUISE);M;5044983;281808;620
201500031032;15;10;2;2010;2;2;1;1;6;510;., COURTIN (R FRANCOIS);M;5042218;277810;620
201500031033;15;10;22;1745;1;2;2;1;3;563;., RHONE (BD DU);M;5045915;272423;620
201500031034;15;11;17;2220;5;2;2;1;3;413;90, FUSILLES (R DES);M;5044526;290754;620
201500031035;15;10;3;1945;2;2;1;1;6;427;909, BLUM (R LEON);M;5043013;294669;620
201500031036;15;9;27;1715;1;2;1;1;1;464;21 bis, SALENGRO (R ROGE;M;5048859;280892;620
201500031037;15;12;1;1000;1;2;2;1;3;215;COURRIERES (RTE DE);M;5047428;294028;620
201500031038;15;12;4;1110;1;2;2;1;3;215;RN 17;M;5047297;291889;620
201500031039;15;10;26;1525;1;2;1;1;7;510;LECLERC (bld DU MARECHAL;M;5042244;277589;620
201500031040;15;10;8;1750;1;2;9;1;6;498;24, GARE (R DE LA);M;5042783;283205;620
201500031041;15;11;16;1715;2;2;1;3;6;427;SANS, THOMAS (BD EUGENE;M;5039513;297284;620
201500031042;15;12;3;1330;1;2;1;1;6;427;00, FALLIERES (BD);M;5042240;295995;620
201500031043;15;11;7;1910;2;2;1;1;6;497;05, SALENGRO (PL. ROGER);M;5043808;306179;620
201500031044;15;12;12;1320;1;2;2;2;3;215;SANS, OIGNIES (RTE D');M;5047890;296839;620
201500031045;15;10;2;2130;5;2;1;1;3;510;., DELEBECQUE (R GERMAIN;M;5043333;276666;620
201500031046;15;1;17;850;2;2;1;2;7;895;sans, RN 47;M;5048498;283635;620
201500031047;15;1;29;815;2;1;1;2;3;842;SANS, WINGLES (RTE DE);M;5047982;285800;620
201500031048;15;1;11;1700;1;2;1;1;7;19;., ARRAS (RTE D');M;5042695;271039;620
201500031049;15;1;28;1800;2;1;1;1;2;510;., CD58;M;5042656;275882;620
201500031050;15;2;9;722;2;2;1;1;7;19;., ARRAS (RTE D');M;5042696;271039;620
201500031051;15;2;3;2000;2;2;1;1;6;186;., BEUGNET (R CASIMIR);M;5044993;271972;620
201500031052;15;2;11;2300;3;1;1;1;7;186;., SCHWEITZER ( R DU DOC;M;5044799;270343;620
201500031053;15;1;29;1330;1;2;1;1;3;186;., BEUGNET (R CASIMIR);M;5044993;271971;620
201500031054;15;4;6;817;1;2;1;1;6;555;38, PASTEUR ( RUE LOUIS;M;5050247;250739;620
201500031055;15;5;1;1700;1;1;1;1;1;224;RD 943;M;5054337;254812;620
201500031056;15;6;6;1930;1;2;1;1;6;224;273, LILLERS (RUE DE);M;5054061;256611;620
201500031057;15;9;10;820;1;1;1;5;2;23;LILLERS (RUE DE);M;5053227;249581;620
201500031058;15;12;4;1745;3;1;1;1;5;224;RD 943;M;5054315;254970;620
201500031059;15;12;9;1210;1;1;1;1;1;197;;M;5047297;243909;620
201500031060;15;1;15;820;2;2;1;3;6;555;GAMBETTA (RUE LEON );M;5049989;249139;620
201500031061;15;2;6;2020;5;2;1;1;6;194;KATOWICE ( RUE DE );M;5048443;248704;620
201500031062;15;3;9;1655;1;2;1;1;6;617;380, DROUVIN (RUE DE);M;5048293;265712;620
201500031063;15;5;24;110;3;1;1;1;6;83;NOEUX (ROUTE DE) ou CD 1;M;5046336;262675;620
201500031064;15;5;20;1855;1;2;3;1;3;737;1, MUSSET (RUE ALFRED);M;5044651;269370;620
201500031065;15;6;28;2215;2;1;1;1;7;540;D 72;M;5044982;257175;620
201500031066;15;8;7;745;1;2;1;1;6;617;132, BLUM (RUE LEON);M;5047876;267244;620
201500031067;15;9;11;1345;1;1;1;1;3;727;D 188;M;5046977;259865;620
201500031068;15;8;18;1720;1;2;1;2;2;617;136, ROUTE NATIONALE (CD;M;5048045;266298;620
201500031069;15;12;7;1735;2;1;1;1;6;540;D 941;M;5046956;258382;620
201500031070;15;12;9;1840;5;2;1;1;6;617;138 BIS, BLUM (RUE LEON);M;5047811;267536;620
201500031071;15;11;11;440;3;1;6;1;3;727;D 941;M;5047381;259024;620
201500031072;15;11;4;725;5;2;1;1;6;737;201, NATIONALE (ROUTE) C;M;5044992;268827;620
201500031073;15;12;17;1310;1;1;1;1;1;83;NOEUX (ROUTE DE);M;5046712;263353;620
201500031074;15;6;10;1410;1;2;1;1;6;902;21, MITTERAND (RUE FRANC;M;5071205;223210;620
201500031075;15;8;27;1400;1;1;6;1;6;139;CD 77;M;5071493;229868;620
201500031076;15;9;2;1710;1;2;9;1;6;765;7, ST SEPULCRE (RUE....;M;5075182;225446;620
201500031077;15;11;17;740;2;1;1;1;6;525;REMBRANDT (RUE......)COT;M;5074291;227179;620
201500031078;15;12;1;1740;3;1;1;1;4;40;D942;M;5071436;230783;620
201500031079;15;12;7;1745;2;2;7;1;6;765;PERPIGNAN (PLACE.....);M;5074698;226203;620
201500031080;15;12;11;1945;5;2;1;2;6;525;BLUM (AVE LEON....N°53);M;5074017;227628;620
201500031081;15;1;6;1110;1;2;6;1;6;765;ONZE NOVEMBRE (PLACE DU.;M;5074387;226173;620
201500031082;15;1;12;845;2;2;1;1;6;139;41, JAURES (RUE JEAN....;M;5071616;227832;620
201500031083;15;2;8;1345;1;2;1;1;1;765;133, SAINT-OMER (ROUTE D;M;5076356;229314;620
201500031084;15;4;10;1910;1;1;2;1;3;40;RD 942;M;5071827;232586;620
201500031085;15;5;18;1540;1;2;1;1;3;40;104, DE GAULLE (AVE CHAR;M;5073061;230143;620
201500031086;15;2;27;1645;1;2;1;1;6;826;37, ATLANTIQUE (AVENUE D;M;5051665;158474;620
201500031087;15;5;3;1905;1;2;3;1;7;826;PAIX (AVENUE DE LA);M;5052027;159048;620
201500031088;15;6;11;1715;1;2;2;1;3;826;JOSEPH DUBOC (RUE);M;5052495;158964;620
201500031089;15;6;9;1540;1;2;1;1;3;826;105, DR JULES POUGET (BO;M;5052131;158037;620
201500031090;15;6;18;450;3;2;1;2;6;826;FRANCOIS GODIN (AVENUE);M;5049958;159146;620
201500031091;15;6;26;1425;1;2;1;1;2;826;SAINT JEAN (AVENUE);M;5052222;159006;620
201500031092;15;7;14;430;3;1;1;2;6;826;FRANCOIS GODIN (AVENUE);M;5049225;160095;620
201500031093;15;8;14;1940;1;2;1;1;6;826;33, JEAN MONNET (RUE);M;5052043;158430;620
201500031094;15;9;12;1550;1;2;2;1;3;826;1, ATLANTIQUE (AVENUE DE;M;5051716;158019;620
201500031095;15;9;12;1420;1;2;1;1;7;826;1, ANGLAIS (AVENUE DES);M;5051137;159490;620
201500031096;15;11;11;1105;1;2;6;1;3;826;ATLANTIQUE (AVENUE DE L';M;5051661;158498;620
201500031097;15;1;17;420;5;2;1;9;6;318;1, PAQUERETTES (ALLEE DE;M;5052321;164749;620
201500031098;15;3;16;1050;1;2;3;1;3;113;.1, LAFAYETTE (BD);M;4577357;309001;630
201500031099;15;3;29;1805;1;2;1;1;6;113;94, MICHELIN (AVENUE EDO;M;4578060;311056;630
201500031100;15;4;2;2344;5;2;1;1;7;113;65, TRUDAINE (BD);M;4577957;309072;630
201500031101;15;3;18;1830;1;2;1;1;7;113;20, CHATEAU DES VERGNES;M;4581342;312911;630
201500031102;15;4;7;1000;1;2;2;1;6;75;28, BERTHELOT (bd);M;4577843;307221;630
201500031103;15;4;11;2259;5;2;1;1;6;70;61, MARROU (AVENUE JEAN-;M;4573948;305982;630
201500031104;15;4;29;1425;1;2;1;1;6;75;13 BIS, ROYAT (AVENUE DE;M;4577604;307017;630
201500031105;15;5;12;1010;1;1;1;1;2;113;80, ESTIENNE (RUE PIERRE;M;4577046;312904;630
201500031106;15;5;17;1710;1;2;1;1;6;113;CUGNOT (RUE NICOLAS-JOSE;M;4578304;312286;630
201500031107;15;5;10;1420;1;2;2;1;5;113;., CLEMENTEL (BD ETIENNE;M;4579990;311238;630
201500031108;15;3;6;925;1;2;1;1;6;75;49, THERMES (AVENUE DES);M;4577147;306259;630
201500031109;15;6;6;130;5;2;2;1;3;113;1, CHANDIOTS (RUE DES);M;4578930;311676;630
201500031110;15;5;8;1055;1;2;1;2;3;113;01, MOULIN (BD JEAN);;;;630
201500031111;15;5;27;1237;1;2;2;1;3;113;1, DOLET (RUE ETIENNE);M;4576841;308654;630
201500031112;15;6;8;1510;1;2;2;1;3;113;., BARBIER DAUBREE (AVEN;M;4578840;309550;630
201500031113;15;5;29;845;1;2;9;1;3;113;7, CHANCROLE (RUE DE);M;4581678;310771;630
201500031114;15;6;3;734;1;2;1;1;6;113;CRISTAL (AVENUE ERNEST);M;4575906;314419;630
201500031115;15;6;23;745;1;1;1;1;3;113;PUY DE DOME (AVENUE DU);M;4578604;306421;630
201500031116;15;7;6;2020;2;2;2;1;3;113;., COTE BLATIN (BD);M;4577316;309514;630
201500031117;15;5;23;500;5;2;1;1;1;113;., CLAUDIUS (CHAUSSEE);M;4578450;309881;630
201500031118;15;8;8;2208;5;2;2;8;3;113;., DUCLAUX (BD);M;4577633;307320;630
201500031119;15;7;9;1443;1;2;1;1;6;113;DUMAS (BD J.BAPTISTE);;;;630
201500031120;15;8;5;1535;1;2;1;1;3;113;REPUBLIQUE (AVENUE DE LA;M;4578740;310519;630
201500031121;15;9;3;2035;5;2;3;1;3;113;., COTE BLATIN (BD);M;4576940;309094;630
201500031122;15;9;9;842;1;1;2;1;3;113;BARBIER DAUBREE (AVENUE);M;4578788;309430;630
201500031123;15;9;25;1600;1;2;2;1;6;113;1, LAVOISIERS (BD);M;4578400;307610;630
201500031124;15;7;27;1110;1;2;1;1;6;113;1, ITALIE (AVENUE DE L');M;4578201;309544;630
201500031125;15;8;16;1130;1;2;1;1;3;113;CLEMENTEL (BD ETIENNE);M;4580170;311100;630
201500031126;15;9;19;2145;5;2;2;1;3;113;MOULIN (BD JEAN);M;4577295;312092;630
201500031127;15;10;14;1510;1;2;2;1;6;14;GREVENMACHER (RUE DE);M;4575201;311808;630
201500031128;15;10;1;1515;1;2;3;1;6;113;COTE BLATIN (BD);M;4577090;309270;630
201500031129;15;10;10;2223;5;2;2;1;6;113;REPUBLIQUE (AVENUE DE LA;M;4578750;310570;630
201500031130;15;11;3;1935;5;2;1;1;1;113;106, LAFAYETTE (BD);M;4577000;310180;630
201500031131;15;10;18;2015;5;2;1;1;1;113;., CROUZET (CHEMIN DU);;;;630
201500031132;15;11;18;1440;1;2;3;1;1;113;confiance /rouvier;M;4580650;311300;630
201500031133;15;10;28;725;1;1;1;8;3;113;113, FONTGIEVE (RUE);M;4578200;307310;630
201500031134;15;9;11;1648;1;2;1;1;3;75;CLAUSSAT (AVENUE JOSEPH);;;;630
201500031135;15;11;7;2050;5;2;1;1;6;113;1, CHATEAUDUN (RUE DE);;;;630
201500031136;15;11;6;1406;1;2;6;1;2;113;., RECLUS (AVENUE ELISEE;;;;630
201500031137;15;9;14;1230;1;2;2;1;6;14;CURABET (RUE JEAN);M;4575180;311790;630
201500031138;15;12;4;1630;1;2;3;1;6;113;6, BOUSQUET (RUE DR);M;4580179;311020;630
201500031139;15;9;14;1420;1;2;1;1;6;113;ORADOU (RUE DE L');M;4576500;312320;630
201500031140;15;11;20;1400;1;1;2;1;3;113;confiance/verlaine;M;4580350;311230;630
201500031141;15;11;20;2310;5;2;3;1;3;113;., CLOS FOUR (RUE DU);M;4578800;310080;630
201500031142;15;9;16;1524;1;2;1;1;2;113;., POURCHON (BD MAURICE);;;;630
201500031143;15;12;16;2130;1;2;2;1;3;113;SABLON (COURS);M;4577356;309002;630
201500031144;15;1;7;1755;2;2;1;1;6;113;9, JAURES (BD JEAN);M;4576798;308633;630
201500031145;15;1;14;1820;5;2;1;8;6;14;39, NOELLET (AVENUE JEAN;M;4575565;310397;630
201500031146;15;1;17;745;5;2;1;8;1;14;1, COURNON (AVENUE DE);;;;630
201500031147;15;1;16;844;1;2;1;1;6;113;BESSET (RUE PIERRE);M;4578156;307646;630
201500031148;15;1;23;1310;1;2;1;1;7;113;24, BLATIN (RUE);M;4577688;307912;630
201500031149;15;1;23;1958;5;2;1;1;6;113;16, MOINIER (RUE ANDRE);M;4578046;308390;630
201500031150;15;2;9;1458;1;2;4;1;6;113;SAINT ROBERT (RUE);M;4579138;311632;630
201500031151;15;2;12;1050;1;2;2;1;6;113;GUYNEMER (RUE);M;4578074;310921;630
201500031152;15;2;22;1720;1;2;1;1;6;113;43, PLANCHETTES (RUE DES;M;4579910;310740;630
201500031153;15;2;5;1140;1;2;1;1;6;113;99, REPUBLIQUE (AVENUE D;M;4578582;310238;630
201500031154;15;3;4;1525;1;2;3;1;6;113;PUY DE DOME (AVENUE DU);M;4576426;309816;630
201500031155;15;3;10;2234;5;2;1;1;6;113;PUY DE DOME (AVENUE DU);M;4578732;306317;630
201500031156;15;3;12;1700;1;1;1;1;3;14;PAPIN (RUE DENIS);M;4575181;313719;630
201500031157;15;12;3;1645;1;1;1;1;2;124;CHEMIN DE BEAULIEU;M;4575570;315546;630
201500031158;15;6;14;1550;1;2;1;8;3;69;1 A, HORTENSIAS (RUE DES;M;4572639;318939;630
201500031159;15;12;22;1540;1;2;1;7;6;69;MERMOZ (RUE JEAN);M;4572826;318584;630
201500031160;15;7;3;1850;1;2;4;1;3;193;RD 766;M;4577789;320047;630
201500031161;15;7;1;740;1;2;1;1;6;124;5, DOMES (AVENUE DES);M;4573150;319220;630
201500031162;15;8;4;2035;1;1;1;1;6;272;REPUBLIQUE (AVENUE DE);M;4573844;314075;630
201500031163;15;11;5;1830;5;2;2;1;3;124;PONT (AVENUE DU);M;4573533;320578;630
201500031164;15;11;27;1735;2;2;1;1;2;193;3, TREILLE (RUE DE LA);M;;;630
201500031165;15;2;1;1035;1;2;1;8;6;124;CLEMENCEAU (AV. GEORGES);M;4573187;319508;630
201500031166;15;2;19;1430;1;2;1;1;3;124;LIBERATION (AV. DE LA);M;4572880;319024;630
201500031167;15;4;17;1210;1;2;3;1;6;164;GUESDE (RUE JULES);M;4582252;314205;630
201500031168;15;5;16;1130;1;2;1;1;6;164;SOUS LES ORS (RUE);M;4582917;315131;630
201500031169;15;5;26;1730;1;2;1;1;3;164;CHARRIER (RUE FRANCOIS);M;4582640;314796;630
201500031170;15;9;2;830;1;2;1;1;6;19;30, PASTEUR (RUE);M;4579443;316375;630
201500031171;15;10;4;1110;1;2;9;1;3;164;Rond point de COURLANDE;M;4584190;315770;630
201500031172;15;11;11;1745;1;2;1;1;2;63;30, MOULIN (BD JEAN);M;4583120;310520;630
201500031173;15;11;14;1645;1;2;9;1;6;19;HLM LES CHAPELLES;M;4579840;316780;630
201500031174;15;11;17;1640;1;2;3;1;3;164;7, MITTERRAND ( Avenue F;M;4583670;315830;630
201500031175;15;11;19;1945;1;2;3;1;3;63;34, CHANAUD (RUE DE LA);M;4582220;310250;630
201500031176;15;12;11;1715;2;2;1;1;6;63;34, BLANZAT (RUE DE);M;4583148;309181;630
201500031177;15;1;14;430;4;2;1;1;6;63;17 av de la Rйpublique;M;4582847;310176;630
201500031178;15;3;27;1100;1;2;3;1;3;164;BONNET-TIXIER (RUE);M;4582519;314136;630
201500031179;15;4;23;1025;1;1;1;1;1;300;;;;;630
201500031180;15;5;14;310;5;1;6;1;6;300;rd-pt A71;;;;630
201500031181;15;5;22;600;2;1;1;1;1;300;ROCADE RD 446;M;4590781;312069;630
201500031182;15;6;13;1030;1;2;2;1;3;300;CHABRIER EMMANUEL (RUE);M;4588500;310440;630
201500031183;15;7;16;1640;1;2;2;1;1;300;MARCONNET ANTONIN (RUE);M;4588377;309516;630
201500031184;15;8;9;1945;1;2;2;1;3;300;STADE (AVENUE DU);M;4588600;312021;630
201500031185;15;8;29;1820;1;1;2;7;3;103;RD 227;;;;630
201500031186;15;10;2;1840;1;2;2;3;6;300;8, VIRLOGEUX (AVENUE);M;4589023;311817;630
201500031187;15;10;7;1200;1;1;2;1;3;103;RD 227;M;4592699;307489;630
201500031188;15;10;11;2055;3;2;1;1;6;212;RIOM (ROUTE DE);M;4588261;308963;630
201500031189;15;10;21;1030;1;1;1;1;3;224;RD 2009;;;;630
201500031190;15;11;2;1150;1;1;2;1;3;103;RD 227;M;4592700;307480;630
201500031191;15;11;11;2340;3;1;1;1;1;224;RD 6;M;0;0;630
201500031192;15;12;4;1730;5;2;3;1;3;300;CLERMONT (AVENUE DE);M;4588030;311650;630
201500031193;15;12;9;745;2;2;2;1;3;300;CHATELGUYON-GUYON (AVENU;M;4589760;310670;630
201500031194;15;12;17;2030;5;2;2;1;3;300;paris/joaquin;M;4590269;312016;630
201500031195;15;1;19;755;1;2;9;1;6;103;RD 985 B;M;4591923;307303;630
201500031196;15;3;4;2235;5;2;1;1;6;245;33, SARRAZIN (RUE);M;4589707;309690;630
201500031197;15;4;3;1425;1;2;1;1;6;300;23, av libйration;M;4588799;311399;630
201500031198;15;1;1;1500;1;2;1;1;7;24;BOULEVARD DE PLAGES;M;4350718;-153351;640
201500031199;15;3;16;1450;1;2;3;1;3;102;BOULEVARD JEAN D'AMOU;M;4349597;-146551;640
201500031200;15;1;7;755;5;2;3;8;3;102;AVE DUVERGIER DE HAURANN;M;4348412;-146632;640
201500031201;15;3;23;1140;1;2;1;1;2;102;AVENUE MARECHAL SOULT;M;4348710;-148574;640
201500031202;15;1;8;1220;1;2;6;1;3;102;GIRATOIRE BEYRIS;M;4347852;-149269;640
201500031203;15;3;25;1200;1;2;3;1;1;24;AVENUE DE BIARRITZ;M;4348110;-153343;640
201500031204;15;1;12;735;5;2;1;1;2;24;11RUE DE DOUS BOS;M;4349013;-150477;640
201500031205;15;3;28;2340;5;2;3;1;7;102;AV DOCTEUR DELVAILLE;M;4350194;-148092;640
201500031206;15;1;14;1700;1;2;1;1;3;102;AVENUE MARECHAL SOULT;;;;640
201500031207;15;4;2;2050;2;2;1;1;3;24;BUTTE AUX CAILLES;M;4349706;-150982;640
201500031208;15;1;14;2245;5;2;1;1;3;102;AV CAPITAINE RESPLANDY;M;4348424;-144967;640
201500031209;15;4;2;2255;5;2;1;1;6;102;AV DES ALLEES MARINES;M;4349812;-148672;640
201500031210;15;1;17;1700;1;2;1;2;3;102;AVENUE HENRI GRENET;;;;640
201500031211;15;4;8;2045;1;2;2;1;3;102;AVENUE DU ONZE NOVEMBRE;M;4349272;-147864;640
201500031212;15;1;19;1613;1;2;1;8;6;102;AVENUE DU 11 NOVEMBRE;M;4349283;-147882;640
201500031213;15;4;10;2135;5;2;1;1;7;24;RUE DE SALIS;M;4348576;-151587;640
201500031214;15;2;4;2120;5;2;2;1;3;102;AVENUE LEON BONNAT;M;4349404;-147658;640
201500031215;15;4;14;1351;1;2;3;1;3;24;RUE DU MOULIN BARBOT;M;4350103;-153029;640
201500031216;15;2;7;555;5;2;1;1;7;24;GIRATOIRE DE JORLIS;;;;640
201500031217;15;4;15;1630;1;2;1;1;6;102;PONT GRENET;M;4349746;-148278;640
201500031218;15;2;12;1641;1;2;1;1;6;102;AV RAYMOND DE MARTRES;M;4348466;-148260;640
201500031219;15;4;15;1905;1;2;3;1;3;102;AVENUE LEGION TCHEQUE;M;4349270;-148761;640
201500031220;15;2;13;1850;5;2;3;8;3;102;AVENUECAMILLE DELVAILLE;M;4350836;-148645;640
201500031221;15;4;20;1710;1;2;3;1;3;102;AVENUE  ALLEES PAULMY;M;4349134;-148157;640
201500031222;15;4;21;1240;1;2;2;1;6;102;BD ALSACE LORRAINE;M;4349371;-146663;640
201500031223;15;2;16;950;1;2;1;8;1;24;42 AVENUE GUYNEMER;M;4349910;-153967;640
201500031224;15;4;25;1020;1;2;1;1;6;102;AVENUE DU 8 MAI 1945;M;4347636;-148409;640
201500031225;15;2;23;1805;2;2;3;3;6;102;AV SOUS LIEUTENANT IRIBA;M;4349190;-148547;640
201500031226;15;2;27;1810;2;2;6;1;3;24;R P  DE LABORDOTTE;;;;640
201500031227;15;5;2;1120;1;2;1;1;3;24;RUE DU BOIS BELIN;M;4349273;-151918;640
201500031228;15;3;4;1645;1;2;3;1;2;102;AVENUE DES ALLEE PAULMY;M;4349346;-147990;640
201500031229;15;5;4;2145;5;2;1;1;7;102;DUVERGIER DE HAURANNE;M;4348666;-146665;640
201500031230;15;3;6;1615;1;1;1;1;6;24;AVENUE EDITH CAVELL;M;4349173;-154604;640
201500031231;15;5;7;1322;1;2;1;1;1;102;AVENUE MARECHAL FOCH;M;4349347;-148047;640
201500031232;15;3;7;1425;1;2;1;1;2;24;12 BOULEVARD DE LA MER;M;4349593;-154011;640
201500031233;15;5;7;1815;1;2;1;1;5;102;PONT GRENET;M;4349785;-148251;640
201500031234;15;3;11;1605;1;2;1;8;7;140;10 RUE DU BARTHASSOT;M;4352722;-149090;640
201500031235;15;5;10;1418;1;2;1;1;7;24;AVENUE GUYNEMER;M;4349907;-153972;640
201500031236;15;3;15;1740;1;2;1;1;6;102;RUE SAINTE URSULE;M;4349644;-147248;640
201500031237;15;5;13;1435;1;2;3;1;3;102;ALLEES PAULMY;M;4349474;-147878;640
201500031238;15;5;14;1850;1;2;1;1;5;102;AVENUE DU 8 MAI 1945;M;4347554;-148439;640
201500031239;15;5;17;2035;1;2;1;1;3;24;(BOULEVARD DU BAB;M;4349489;-151646;640
201500031240;15;5;16;1039;1;1;1;1;6;24;ALLEE DE L INDUSTRIE;M;4349455;-149719;640
201500031241;15;5;17;2209;5;2;3;1;3;24;AVENUE DES VAGUES;M;4349873;-154271;640
201500031242;15;5;20;1425;1;2;1;1;3;102;COTE DU MOULIN;M;4351164;-146852;640
201500031243;15;6;4;2205;5;2;1;1;7;102;18 AVENUE RESPLANDY;M;4348835;-146522;640
201500031244;15;6;11;1420;1;2;1;3;6;102;REMPARTS LACHEPAILLET;M;4349069;-147897;640
201500031245;15;6;12;1114;1;2;1;1;3;24;03 AVENUE DE BAYONNE;M;4348070;-151392;640
201500031246;15;6;12;1730;1;2;1;1;5;24;20 AVENUE DE BAYONNE;M;4348063;-151392;640
201500031247;15;6;15;851;1;2;1;1;1;102;QUAI DE LA PIECE NOYEE;M;4350003;-148178;640
201500031248;15;6;18;1120;1;2;1;1;6;24;RUE SANTO SUAREZ;M;4348074;-151708;640
201500031249;15;6;24;1205;1;2;1;1;2;102;AVENUE MARECHAL SOULT;M;4348760;-148354;640
201500031250;15;6;25;730;1;2;1;1;7;24;(BOULEVARD DES PLAGES;M;4350014;-153938;640
201500031251;15;6;25;1825;1;2;1;1;3;102;AV HENRI DE AVARRE;M;4351338;-143655;640
201500031252;15;7;14;901;1;2;1;1;7;24;AVENUE EUGENE BERNAIN;;;;640
201500031253;15;7;14;1025;1;2;1;1;7;102;45 AVENU ALLEES MARINES;M;4349863;-148797;640
201500031254;15;7;16;1650;1;2;1;1;3;102;BOULEVARD DU BAB;M;4349814;-149080;640
201500031255;15;7;23;1755;1;2;1;1;4;24;RUE DE HAUSQUETTE;M;4350289;-150346;640
201500031256;15;7;24;1015;1;2;1;1;2;102;AVENUE HENRI DE NAVARRE;M;4350173;-144598;640
201500031257;15;7;24;1246;1;2;6;1;3;24;ROND POINT DU LAVOIR;M;4348412;-151986;640
201500031258;15;7;25;625;5;2;1;1;3;24;AVENUE DE BAYONNE;M;4348136;-151092;640
201500031259;15;7;25;800;1;2;6;8;7;24;ROND POINT DE BAHINOS;M;4349410;-151951;640
201500031260;15;8;4;1230;1;2;3;2;3;102;ALLEES BOUFFLERS;M;4349188;-147006;640
201500031261;15;8;5;1245;1;2;1;1;7;24;RUE GIROUETTE;M;4347050;-150477;640
201500031262;15;8;10;1920;1;2;1;1;3;24;48 AVENUE D ESPAGNE;M;4347881;-152124;640
201500031263;15;8;11;1015;1;2;1;1;7;102;AVENUE FERNAND FORGUES;M;4348662;-147978;640
201500031264;15;8;18;1105;1;1;5;1;3;24;AVENUE DU GOLF;M;4348873;-153926;640
201500031265;15;8;18;1840;1;1;1;1;2;24;BOULEVARD DU BAB;M;4349390;-152407;640
201500031266;15;8;20;1350;1;2;6;1;5;102;RP DU GRAND BASQUE;M;4349127;-145412;640
201500031267;15;8;21;950;1;2;6;1;3;102;GIRATOIRE BEYRIS;M;4347817;-149287;640
201500031268;15;8;31;1805;1;2;1;3;7;102;27 AV MARECHAL FOCH;M;4349411;-148290;640
201500031269;15;9;1;1015;1;2;1;8;6;24;61 RUE DU BOIS BELIN;M;4349316;-151625;640
201500031270;15;9;7;1930;1;2;1;1;3;24;AVENUE JEAN LAPORTE;M;4348398;-150401;640
201500031271;15;9;7;1815;1;2;1;1;3;102;28 AV MARECHAL SOULT;M;4348644;-148840;640
201500031272;15;9;10;1350;1;2;2;1;7;24;BOULEVARD DES PLAGES;M;4351800;-152371;640
201500031273;15;9;11;2225;5;2;1;1;3;102;AV CAPITAINE RESPLANDY;M;4348422;-145019;640
201500031274;15;9;17;1845;1;2;1;1;6;102;16 AVENUE MARECH SOULT;M;4348682;-148671;640