num_acc;an;mois;jour;hrmn;lum;agg;int;atm;col;com;adr;gps;lat;long;dep
201500031275;15;9;26;1650;1;2;6;1;3;102;AVENUE DU 8 MAI 1945;M;4346060;-149616;640
201500031276;15;10;2;1435;1;2;6;1;6;102;AVENUE HENRI GRENET;M;4350236;-147854;640
201500031277;15;10;3;920;1;2;1;1;2;24;30 ROUTE DE SAINT PEE;M;4345696;-150566;640
201500031278;15;10;3;1540;1;2;6;1;6;102;CHEMIN DE HARGOUS;M;4350355;-146374;640
201500031279;15;10;10;1740;1;2;1;1;6;102;AV DU MARECHAL LECLERC;M;4349354;-147462;640
201500031280;15;10;15;1030;1;2;6;1;3;102;GIRATOIRE LES PONTOTS;M;4348802;-149119;640
201500031281;15;10;16;900;1;2;1;8;6;24;103 AVENUE DE MONTBRUN;M;4350330;-151127;640
201500031282;15;10;21;1540;1;2;6;1;3;24;BOULEVARD DES PLAGES;M;4350315;-153639;640
201500031283;15;10;23;1455;1;2;1;1;3;102;18 AVENUE DE MOUNEDE;M;4349924;-145819;640
201500031284;15;10;30;1955;5;2;3;1;5;102;AV RAYMOND DE MARTRES;M;4348550;-148275;640
201500031285;15;11;2;1405;1;2;6;1;3;102;RUE MAUBEC;M;4349999;-146674;640
201500031286;15;11;9;1542;1;1;1;1;3;102;AVENUE DU 14 AVRIL;M;4350209;-146142;640
201500031287;15;11;12;752;1;2;1;1;6;102;60 RUE BOURGNEUF;M;4349079;-147241;640
201500031288;15;11;13;725;2;2;1;1;3;102;AVENUE PAUL PRAS;M;4348402;-147672;640
201500031289;15;11;14;1110;1;1;1;1;7;140;Z.A. DU BAZE;M;4352434;-149328;640
201500031290;15;12;1;1630;1;2;3;1;3;102;AV RAYMOND DE MARTRES;M;4348541;-148274;640
201500031291;15;12;6;1755;5;2;3;1;3;102;68 AV ALLEES MARINES;M;4350073;-149193;640
201500031292;15;12;9;505;5;2;6;1;7;102;BOULEVARD DU BAB;M;4349831;-149369;640
201500031293;15;12;9;745;2;2;3;2;3;102;CAMILLE DELVAILLE;M;4350330;-148311;640
201500031294;15;12;13;1550;1;2;1;1;7;140;Z.A. DU BAZE;M;4352420;-149311;640
201500031295;15;12;13;1745;5;2;2;1;3;102;AVENUE LOUIS DE FOIX;M;4350632;-146720;640
201500031296;15;12;16;850;1;2;1;1;3;102;(AVENUE DU 14 AVRIL;M;4350174;-146022;640
201500031297;15;12;18;1115;1;2;1;8;6;24;66 AVENUE DE BAYONNE;M;4348264;-150487;640
201500031298;15;12;21;1750;1;2;6;1;3;102;CHEMIN DE SABALCE;M;4349376;-149162;640
201500031299;15;12;23;1835;5;2;1;1;6;102;AVENUE MARECHAL SOULT;M;4348575;-149102;640
201500031300;15;1;13;1515;1;2;1;1;6;122;AVENU DE VERDUN;M;4348082;-154134;640
201500031301;15;3;26;115;5;2;1;1;6;122;10 RUE SAINT EXUPERY;M;4347387;-153678;640
201500031302;15;1;21;800;1;2;1;2;6;122;AVENUE DU SABAOU;M;4347362;-154269;640
201500031303;15;4;7;1400;1;2;1;1;7;125;AVENUE DE BIARRITZ;M;4345174;-157409;640
201500031304;15;1;26;1650;1;2;1;1;3;122;96 BD MARCEL DASSAULT;;;;640
201500031305;15;5;11;1030;1;2;1;1;6;122;2 PLACE BELLEVUE;M;4348273;-156096;640
201500031306;15;2;5;745;1;2;1;1;3;122;15 AVENUE DE LA MARNE;M;4348435;-155531;640
201500031307;15;5;25;1620;1;2;1;8;6;122;30 RUE DE MADRID;M;4347114;-156788;640
201500031308;15;2;9;1740;1;2;1;1;3;122;AVENUE DE LA MARNE;M;4348204;-154347;640
201500031309;15;5;28;830;1;2;1;1;2;125;RUE DE L ETAPE;M;4345097;-157451;640
201500031310;15;2;22;1500;1;2;1;1;3;122;RUE DE  PITCHOT;M;4346495;-153585;640
201500031311;15;6;15;815;1;2;1;3;3;122;ROUTE DE BIDART;M;4345833;-154784;640
201500031312;15;3;9;1900;1;2;1;1;7;122;ESPLANANADE ELISABETH II;M;4349344;-155331;640
201500031313;15;6;21;1135;1;2;1;7;1;122;38, AV CARNOT;M;4347904;-156081;640
201500031314;15;6;30;1215;1;2;1;1;2;125;4 AVENUE D' ESPAGNE;M;4342945;-160035;640
201500031315;15;7;14;1350;1;2;1;1;6;122;17 AVENUE IMPERATRICE;M;4348913;-155307;640
201500031316;15;7;17;1225;1;2;1;1;2;122;AV PRESIDENT KENNEDY;M;4346217;-155044;640
201500031317;15;7;19;500;5;2;1;1;6;122;BD MARCEL DASSAULT;M;4346623;-154154;640
201500031318;15;8;3;215;5;2;1;1;6;122;15 RUE LOUIS BARTHOU;M;4348335;-155787;640
201500031319;15;8;5;912;1;2;1;1;3;125;485 AVENUE D'ESPAGNE;M;4342951;-160025;640
201500031320;15;8;5;2245;5;2;1;1;6;122;AVENUE REINE NATHALIE;M;4348444;-154811;640
201500031321;15;8;10;1645;1;2;1;1;6;122;48 AVENUE DU PRE KENNEDY;;;;640
201500031322;15;8;13;1530;1;2;1;1;6;122;AVENUE COULAOUN;M;4347604;-153752;640
201500031323;15;8;15;600;5;2;1;8;6;122;ROND-P LICHTENBERGER;M;4347716;-156547;640
201500031324;15;8;22;1735;1;2;1;1;1;122;13 AVENUE ALAN SEEGER;M;4345775;-154642;640
201500031325;15;9;11;2138;5;2;1;1;3;122;AVENUE DELA REPUBLIQUE;M;4347841;-156143;640
201500031326;15;9;13;250;5;2;1;1;6;122;BD MARECHAL LECLERC;M;4348314;-156681;640
201500031327;15;9;15;1804;1;2;1;2;7;125;55 RUE UHABIA;M;4343245;-159652;640
201500031328;15;9;18;1650;1;2;1;1;3;122;44 AV DU PRES  KENNEDY;M;4347170;-155541;640
201500031329;15;11;3;1215;1;2;1;2;7;122;AVENUE DE LA MARNE;M;4348280;-154535;640
201500031330;15;11;4;900;1;2;1;1;6;122;107 AVENUE DE LA MARNE;M;4348263;-154494;640
201500031331;15;11;4;2120;5;2;1;1;6;122;59 RUE DE SALON;M;4346400;-155571;640
201500031332;15;11;6;1800;1;2;1;1;6;122;AVENUE REINE NATHALIE;M;4348328;-154645;640
201500031333;15;11;18;1050;1;2;1;1;3;122;RUE SAINT MARTIN;M;4347477;-155647;640
201500031334;15;11;18;925;1;2;1;1;3;122;AV CHARLES FLOQUET;M;4347860;-155469;640
201500031335;15;11;24;1520;1;2;1;2;3;122;AV DU JARDIN PUBLIC;M;4348007;-156007;640
201500031336;15;12;5;1445;1;2;1;1;4;122;34 AVENUE D'ANGLET;M;4348681;-154261;640
201500031337;15;12;18;220;5;2;1;1;6;122;56 RUE GAMBETTA;M;4348010;-156406;640
201500031338;15;12;20;500;5;2;1;1;6;122;AV LAROCHEFOUCAULD;M;4348417;-154427;640
201500031339;15;12;23;1450;1;2;1;1;6;122;AVENUE ALAN SEEGER;M;4345772;-154504;640
201500031340;15;12;26;2035;5;2;1;1;6;125;AVENUE SOURCE ROYALE;M;4344156;-157726;640
201500031341;15;12;30;259;5;2;6;1;7;122;CARREFOUR HELIANTHE;;;;640
201500031342;15;1;2;2020;5;2;3;1;3;445;RUE BERLIOZ;M;4331182;-34590;640
201500031343;15;3;14;805;1;2;1;1;2;445;GASTON PHOEBUS;M;4317523;23132;640
201500031344;15;1;3;1350;1;2;1;1;6;284;AVENUE RAUSKI;;;;640
201500031345;15;3;16;915;1;2;2;1;3;445;CATHERINE DE BOURBON;M;4319293;21266;640
201500031346;15;1;7;2140;5;2;1;1;3;445;RUE PALASSOU;M;4330221;-36776;640
201500031347;15;3;16;1720;1;2;1;1;3;445;AVENUE DE SARAGOSSE;M;4330695;-35331;640
201500031348;15;1;12;812;2;2;2;1;6;445;AVENUE DES LILAS;M;4331644;-33957;640
201500031349;15;3;17;905;1;2;7;1;6;445;AV LOUIS SALLENAVE;M;4331642;-36056;640
201500031350;15;1;12;2100;5;2;1;1;3;445;RUE DES FRERES CAMORS;M;4331189;-36879;640
201500031351;15;3;18;745;2;2;2;1;3;445;AVENUE JEAN MERMOZ;M;4331185;-37724;640
201500031352;15;1;13;930;1;1;1;1;7;335;AVENUE SANTOS-DUMONT;M;4332173;-42247;640
201500031353;15;3;18;1013;1;2;1;1;6;445;10 RUE GAMBETTA;M;4329648;-36620;640
201500031354;15;1;14;840;1;2;1;1;1;445;BD CHAMPETIER DE RIBES;;;;640
201500031355;15;3;19;1955;2;2;1;1;6;445;45 BD ALSACE LORRAINE;M;4330396;-36619;640
201500031356;15;1;14;1420;1;2;2;1;6;445;AVENUE DE LA RESISTANCE;M;4330251;-37564;640
201500031357;15;3;22;1114;1;2;2;2;3;445;AVENUE DE SARAGOSSE;M;4330699;-35333;640
201500031358;15;1;14;1623;1;2;2;1;3;445;0, VERDUN DE;M;4329873;-37539;640
201500031359;15;3;23;1600;1;2;6;1;2;445;ROND POINT YITZHAK RABIN;M;4330671;-33317;640
201500031360;15;1;15;1838;5;2;2;1;3;445;BD ALSACE LORRAINE;M;4330240;-36046;640
201500031361;15;3;22;1220;1;2;1;2;2;445;14 EDOUARD VII;M;4329760;-35842;640
201500031362;15;1;16;1357;1;2;2;1;3;445;RUE DU BARON SEGUIER;M;4330785;-36969;640
201500031363;15;3;25;1005;1;2;3;1;3;445;RUE DE BOYRIE;M;4330294;-37563;640
201500031364;15;1;17;630;5;2;1;2;1;445;ALLEE ALFRED DE MUSSET;M;4329577;-36170;640
201500031365;15;3;26;1345;1;2;1;1;6;445;RUE MONSEIGNEUR CAMPO;M;4332015;-34214;640
201500031366;15;1;19;1200;1;2;6;2;6;445;ALLEE CONDORCET;M;4331181;-36293;640
201500031367;15;3;28;1345;1;2;1;2;6;445;AVENUE DU LOUP;M;4330385;-35704;640
201500031368;15;1;19;1429;1;2;1;2;6;445;AVENUE DE L'UNIVERSITE;M;4331128;-36384;640
201500031369;15;3;30;1525;1;2;1;2;1;445;84 BD TOURASSE;M;4331126;-35603;640
201500031370;15;12;29;1355;1;2;6;1;3;373;RP GENERAL DE GAULLE;M;4328078;-35774;640
201500031371;15;1;21;1418;1;2;2;2;3;445;RUE CASTETNAU;M;4330020;-36698;640
201500031372;15;3;31;807;1;2;1;1;6;445;25 COURS LEON BERARD;M;4331620;-37438;640
201500031373;15;1;22;1406;1;2;2;1;3;445;ALLEES DU GRAND TOUR;M;4329986;-37948;640
201500031374;15;3;31;1500;1;2;2;1;1;445;BEZIOU;M;4330433;-37993;640
201500031375;15;1;23;1310;1;2;1;1;6;335;BOULEVARD DE L'EUROPE;M;4332420;-43678;640
201500031376;15;3;31;1725;1;2;2;1;2;445;PLACE GRAMONT;M;4329641;-37428;640
201500031377;15;1;24;645;5;2;2;1;3;445;RUE MATHIEU LALANNE;M;4329674;-36368;640
201500031378;15;4;1;900;1;2;1;1;3;129;AVENUE DE LONS;M;4331254;-38417;640
201500031379;15;1;27;1410;1;2;1;1;2;348;16 CAMI SALIE;M;4333587;-38418;640
201500031380;15;4;2;1800;1;2;1;1;2;445;AVENUE DIDIER DAURAT;M;4333141;-37967;640
201500031381;15;1;30;747;1;2;2;3;6;445;RUE MARCA;M;4329591;-37643;640
201500031382;15;4;3;1110;1;2;2;1;3;445;BD DES PYRENEES;M;4329340;-37061;640
201500031383;15;1;30;1810;4;2;1;3;6;445;17 RUE D' ETIGNY;M;4329590;-38030;640
201500031384;15;4;5;1200;1;2;1;1;2;445;BD DU CAMI SALIE;M;4333332;-37045;640
201500031385;15;1;30;1938;4;2;1;3;6;129;19 AVENUE DE  LONS;M;4331232;-38132;640
201500031386;15;4;8;1623;1;2;1;1;6;445;7, EDOUARD HERRIOT;;;;640
201500031387;15;2;2;1400;1;2;2;1;3;445;15 RUE DE  BOYRIE;M;4330319;-37788;640
201500031388;15;4;9;904;1;2;1;1;3;445;RD PT COMBATTANTS D'AFN;M;4333833;-37931;640
201500031389;15;2;4;1455;1;2;1;4;2;284;AV CORPS FRANC POMMIES;M;4329267;-39742;640
201500031390;15;4;9;1345;1;2;1;1;1;445;8 BD HAUTERIVE;M;4332385;-35156;640
201500031391;15;2;5;814;2;2;1;1;6;445;RUE MICHELET;M;4330050;-37720;640
201500031392;15;4;10;1727;1;2;1;1;2;445;CATHERINE DE BOURBON;M;4332413;-35781;640
201500031393;15;2;5;1650;1;2;1;1;6;445;RU J J DE MONAIX;M;4330342;-35715;640
201500031394;15;4;11;1245;1;2;1;1;3;284;AVENUE DES VALLEES;M;4329317;-38677;640
201500031395;15;2;10;1750;1;2;1;1;6;129;AV DU CHATEAU D'ESTE;M;4330586;-39207;640
201500031396;15;4;11;1655;1;2;1;1;4;445;BD TOURASSE;M;4331103;-35213;640
201500031397;15;2;11;1218;1;2;1;1;2;445;AV DU PRESIDENT KENNEDY;M;4331005;-36601;640
201500031398;15;4;13;1635;1;2;2;1;6;445;RUE RICHELIEU;M;4330338;-35698;640
201500031399;15;2;11;1300;1;2;2;1;6;335;AVENUE DENIS TOUZANNE;M;4334184;-44671;640
201500031400;15;4;14;750;1;2;1;1;5;335;RTE SAULT DE NAVAILLES;M;4334440;-42954;640
201500031401;15;2;12;1817;2;2;1;1;3;269;D817;;;;640
201500031402;15;4;16;1736;1;2;1;1;3;445;318 BOULEVARD DE LA PAIX;M;4332263;-36883;640
201500031403;15;2;20;1357;1;1;1;1;2;445;AVENENUE DE L' EUROPE;M;4332684;-33016;640
201500031404;15;4;18;2155;5;2;1;3;3;445;83 BD ALSACE LORRAINE;M;4330486;-37119;640
201500031405;15;2;4;615;5;2;1;1;1;445;0, ALFRED DE MUSSET;M;4329486;-36294;640
201500031406;15;2;21;1609;1;2;2;1;3;445;BD DU CAMI SALIE;M;4333546;-37968;640
201500031407;15;4;19;920;1;1;1;1;1;445;OLOF PALME;M;4333186;-35842;640
201500031408;15;2;26;2050;5;2;1;2;6;445;8 AVENUE DES ETATS UNIS;M;4330045;-36033;640
201500031409;15;4;20;1305;1;2;1;1;1;445;RUE DU 8 MAI 1945;M;4330822;-36222;640
201500031410;15;4;23;1800;1;2;1;1;3;348;47 CHARLES DE GAULLE;M;4330901;-40886;640
201500031411;15;2;27;1515;1;2;2;1;3;445;PLACE DE VERDUN;M;4329876;-37670;640
201500031412;15;4;23;1829;1;2;1;1;2;445;AVENUE D' ESPAGNE;M;4329453;-38691;640
201500031413;15;3;2;1110;1;2;2;2;5;445;AV DIDIER DAURAT;;;;640
201500031414;15;3;2;1130;1;2;2;2;6;445;3 AVENUE DU LOUP;;;;640
201500031415;15;4;29;1245;1;2;1;1;6;129;16 ROUTE DE  BAYONNE;M;4330052;-39325;640
201500031416;15;3;4;1640;1;2;1;2;2;445;68 AVENUE  PEBOUE;M;4331222;-32741;640
201500031417;15;4;29;1425;1;2;6;1;3;445;RD POINT COMMUNE DE PARI;M;4331125;-36339;640
201500031418;15;3;5;802;1;2;2;1;3;129;RTE DE BAYONNE;M;4330214;-39633;640
201500031419;15;4;29;1530;1;2;1;1;2;348;36 AV ERCKMAN CHATRIAN;M;4332536;-38431;640
201500031420;15;3;8;340;5;2;2;1;3;445;AVENUE DES LILAS;M;4330937;-34414;640
201500031421;15;4;30;1350;1;2;2;1;3;335;AVENUE DE TARBES;M;4333252;-42536;640
201500031422;15;3;8;1707;2;2;1;1;6;335;RD 817;;;;640
201500031423;15;5;5;1940;1;2;2;1;3;335;BD DE L' AVIATION;M;4335748;-41759;640
201500031424;15;3;8;2020;5;2;2;1;5;445;RUE JJ DE MONNAIX;;;;640
201500031425;15;5;6;1530;1;2;6;1;2;445;ROND PT F MITTERAND;M;4332997;-35522;640
201500031426;15;3;9;1210;1;2;3;1;6;445;RUE HENRI FAISANS;M;4330056;-36034;640
201500031427;15;5;11;1840;1;2;1;1;4;445;BOULEVARD HAUTERIVE;M;4332414;-35387;640
201500031428;15;3;10;1930;3;2;1;1;3;335;170 AVENUE  DE L'EUROPE;M;4332397;-43652;640
201500031429;15;5;14;940;1;2;1;2;1;445;PLACE DE LA MONNAIE;M;4329414;-37609;640
201500031430;15;3;10;2155;5;2;1;1;3;445;RUE RENE CASSIN;M;4330019;-36699;640
201500031431;15;5;16;1710;1;2;3;1;3;445;BD BARBANEGRE;M;4329666;-36372;640
201500031432;15;5;22;800;1;2;1;1;2;445;39 BD ALSACE LORRAINE;M;4330350;-36449;640
201500031433;15;5;28;1850;2;2;2;1;3;445;AVENUE DE MONTARDON;M;4331891;-37290;640
201500031434;15;5;29;950;1;2;1;8;6;445;COURS LEON BERARD;M;4331577;-37318;640
201500031435;15;5;29;1650;1;2;3;1;3;129;ROUTE DE BAYONNE;M;4330161;956182;640
201500031436;15;5;30;1500;1;2;2;1;2;445;AVENUE DE BUROS;M;4332253;-34631;640
201500031437;15;6;3;1705;1;2;2;1;3;445;PLACE PEYROULET;M;4330410;-35706;640
201500031438;15;6;4;920;1;2;5;1;6;445;AV PRESIDENT PIERRE ANGO;M;4331920;-36752;640
201500031439;15;6;5;1115;1;2;2;1;3;445;RUE DE LIVRON;M;4330195;-37936;640
201500031440;15;6;8;1438;1;2;1;1;6;445;AV GASTON PHOEBUS;M;4330205;-37584;640
201500031441;15;6;8;2145;5;2;2;8;3;445;COURS CAMOU;M;4329987;-37952;640
201500031442;15;6;10;1020;1;2;1;2;4;335;78 BD DE L EUROPE;M;4333430;-45538;640
201500031443;15;6;10;1805;2;2;6;2;3;445;RUE RONSARD;M;4331878;-35971;640
201500031444;15;6;12;1130;1;2;2;1;3;445;BD CAMI SALIE;M;4333143;-36157;640
201500031445;15;6;16;819;1;2;1;2;2;284;AVENUE DES VALLEES;M;4329163;-38565;640
201500031446;15;6;16;1719;1;2;1;3;6;445;8 RUE DE LIEGE;M;4329737;-37457;640
201500031447;15;6;17;850;1;2;1;1;1;445;AV GENERAL DE GAULLE;M;4330185;-35618;640
201500031448;15;6;17;1215;1;2;1;1;2;335;BD DE L EUROPE;M;4332968;-44651;640
201500031449;15;6;18;820;1;2;2;1;6;445;AVENUE DES LILAS;M;4331319;-34122;640
201500031450;15;6;19;1547;1;2;2;1;3;445;COURS LYAUTEY;M;4330866;-36395;640
201500031451;15;6;20;1445;1;2;1;1;6;445;RUE DU 14 JUILLET;M;4328999;-37940;640
201500031452;15;6;20;2205;5;2;2;1;5;445;JEAN JACQUES DE MONAIX;M;4330345;-35704;640
201500031453;15;6;22;1015;1;2;1;1;6;445;RUE DE LIEGE;M;4329760;-37443;640
201500031454;15;6;23;755;1;2;6;1;3;445;YITZHAK RABIN;M;4330640;-33383;640
201500031455;15;6;23;1327;1;2;2;1;3;348;AV DIDIER DAURAT;M;4332935;-37979;640
201500031456;15;6;23;1545;1;2;1;1;2;348;60 AV CHARLES DE GAULLE;M;4331043;-41143;640
201500031457;15;6;24;1845;1;2;1;1;2;132;CORPS FRANC POMMIES;M;4330409;-31709;640
201500031458;15;6;24;2025;1;2;1;1;2;269;49 RTE DE TARBES;M;4329841;-30376;640
201500031459;15;6;24;2310;5;2;2;1;3;445;RUE RONSARD;M;4331731;-35268;640
201500031460;15;6;25;1135;1;2;2;1;1;445;30 AV JEAN MERMOZ;M;4330792;-37653;640
201500031461;15;6;25;1335;1;2;6;1;3;348;AVENUE DU TONKIN;M;4331714;-39471;640
201500031462;15;6;25;1745;1;2;1;1;6;445;7 RUE MARCA;M;4329437;-37725;640
201500031463;15;6;25;1920;1;2;6;1;6;348;AVENUE DU TONKIN;M;4331713;-39512;640
201500031464;15;6;28;1044;1;2;2;1;3;445;20 RUE MARCA;M;4329637;-37633;640
201500031465;15;6;29;715;1;2;2;1;2;284;AVENUE DES VALLEES;M;4329300;-38666;640
201500031466;15;6;30;1339;1;2;2;1;3;129;ROUTE DE BAYONNE;M;4330218;-39633;640
201500031467;15;7;1;1810;1;2;1;1;6;445;AVENUE DES LILAS;M;4330549;-35074;640
201500031468;15;7;2;1420;1;2;6;1;3;129;ROUTE DE BAYONNE;M;4330505;-40121;640
201500031469;15;7;2;1815;1;2;6;1;2;373;LOUIS BARTHOU;M;4328065;-35755;640
201500031470;15;7;2;2235;5;2;2;1;3;445;RUE BERLIOZ;M;4331787;-34393;640
201500031471;15;7;6;1227;1;2;1;1;3;335;AV ANDRE MARIE AMPERE;M;4331428;-42874;640
201500031472;15;7;7;2005;2;2;2;1;3;445;SERGENT BERNES CAMBOT;M;4330487;-37056;640
201500031473;15;7;8;1920;1;2;4;1;3;445;PLACE GRAMONT;M;4329642;-37422;640
201500031474;15;7;9;1750;1;2;1;1;3;445;RUE JJ DE MONAIX;M;4330365;35629;640
201500031475;15;7;9;1815;1;2;3;1;3;129;RUE DES ENTREPRENEURS;M;4330059;-40611;640
201500031476;15;7;10;1210;1;2;1;1;1;445;BD OLOF PALME;M;4333416;-35858;640
201500031477;15;7;12;1515;1;2;6;1;3;335;BOULEVARD DE L'EUROPE;M;4332026;-43548;640
201500031478;15;7;13;1530;1;2;1;1;6;445;AVENUE GENERAL DE GAULLE;M;4330218;-35439;640
201500031479;15;7;15;1910;1;2;2;1;3;445;RUE CHARLES MACE;M;4330606;-37280;640
201500031480;15;7;16;1140;1;2;1;1;2;445;RAYMOND DE CARBONNIERE;M;4330395;-35221;640
201500031481;15;7;20;2145;2;2;6;1;3;445;MARCA;M;4329626;-37630;640
201500031482;15;7;22;1230;1;2;3;1;3;348;AV DIDIER DAURAT;M;4332940;-37964;640
201500031483;15;7;22;1555;1;2;2;1;3;445;BD LUCIEN FAVRE;M;4331889;-36065;640
201500031484;15;7;22;2305;5;2;3;1;6;445;RUE SERVIEZ;M;4329632;-36830;640
201500031485;15;7;23;1220;1;2;2;1;3;445;AV DE LA RESISTANCE;M;4330153;-37534;640
201500031486;15;7;23;1220;1;2;1;1;2;269;ROUTE DE TARBES;M;4330068;-31051;640
201500031487;15;7;23;1855;1;2;1;1;4;445;403 BOULEVARD DE LA PAIX;M;4332450;-37900;640
201500031488;15;7;29;825;1;2;6;1;3;348;AVENUE DE SANTONA;M;4332075;-39140;640
201500031489;15;7;31;1735;1;2;1;2;2;129;23 RU JEANNE DE LASANSAA;M;4330231;-39294;640
201500031490;15;8;5;1040;1;2;1;1;2;445;AVENUE DU LOUP;M;4330807;-35658;640
201500031491;15;8;5;1210;1;2;1;1;5;348;MARCEL DASSAULT;M;4330191;-41348;640
201500031492;15;8;5;1740;1;2;1;1;6;445;8 RUE  BERLIOZ;M;4331092;-34633;640
201500031493;15;8;6;2015;2;2;2;1;3;445;BOURBAKI;M;4330264;-37453;640
201500031494;15;8;8;1620;1;2;1;2;2;335;BD DE L' EUROPE;M;4332978;-44686;640
201500031495;15;8;12;1750;1;2;6;1;3;348;RD 834;M;4330093;-40941;640
201500031496;15;8;16;2100;5;2;1;1;2;445;OLOF PALME;M;4333081;-357505;640
201500031497;15;8;17;2230;5;2;3;1;3;445;BOULEVARD DES PYRENEES;M;4329336;-37068;640
201500031498;15;8;19;1110;1;2;1;1;6;445;4 TER  GENERAL DE GAULLE;M;4330224;-35423;640
201500031499;15;8;20;715;1;2;1;1;1;445;OLOF PALME;M;4333982;-37693;640
201500031500;15;8;20;845;1;2;6;1;3;445;ROND  DROITS DE L' HOMME;M;4331301;-36897;640
201500031501;15;8;21;115;4;2;1;1;6;284;AVENUE DU18 JUIN 1940;M;4329533;-41431;640
201500031502;15;8;21;2050;2;2;1;1;6;129;37 AVENUE DE  LONS;M;4331149;-38870;640
201500031503;15;8;22;1935;2;2;1;1;3;445;18 AV LEON BLUM;M;4331619;-33155;640
201500031504;15;8;22;2000;2;2;1;1;6;445;14 AVENUE TRIANON;M;4331030;-37862;640
201500031505;15;8;24;1805;1;2;1;1;6;269;D938;M;4331065;-30557;640
201500031506;15;8;26;1240;1;2;1;1;2;445;341 BD DU CAMI SALIE;M;4333129;-35946;640
201500031507;15;8;31;1742;1;1;1;1;1;335;RD 817;M;4334464;-44259;640
201500031508;15;9;3;1155;1;2;2;1;2;445;RUE AMBROISE BORDELONGUE;M;4329875;-37687;640
201500031509;15;9;4;1315;1;2;1;8;2;445;39 AVENUE DU LOUP;M;4330736;-35654;640
201500031510;15;9;4;2150;5;2;1;1;3;445;40 RUE EMILE GARET;M;4330018;-36230;640
201500031511;15;9;7;1020;1;2;1;1;3;335;0, JEAN JAURES;M;4331714;-42963;640
201500031512;15;9;8;200;3;2;2;1;3;284;PONT D'ESPAGNE;M;4329292;-37913;640
201500031513;15;9;10;1739;1;2;2;1;3;445;BD ALSACE LORRAINE;M;4330489;-37055;640
201500031514;15;9;11;822;1;2;3;1;3;445;16 RUE DE VINCENNES;M;4332928;-37826;640
201500031515;15;9;14;1220;1;2;1;1;3;269;43 ROUTE DE TARBES;M;4329880;-30423;640
201500031516;15;9;17;1612;1;2;1;1;6;445;7 RUE LESPY;M;4329961;-36384;640
201500031517;15;9;18;1110;1;2;1;1;6;445;RUE LAVOISIER;M;4331072;-36440;640
201500031518;15;9;18;1700;1;2;1;1;4;335;166 BD DE L'EUROPE;M;4332438;-43699;640
201500031519;15;9;21;1630;1;2;1;1;6;445;RUE  DE CARBONNIER;M;4330390;-35228;640
201500031520;15;9;23;1650;1;2;3;1;3;445;AV DU GENERAL DE GAULLE;M;4330225;-35421;640
201500031521;15;9;24;1135;1;2;1;1;3;445;196 BOULEVARD DE LA PAIX;M;4332015;-35108;640
201500031522;15;9;25;1505;1;2;1;1;4;445;OLOF PALME;M;4333131;-35826;640
201500031523;15;9;26;1300;1;2;2;1;3;348;AVENUE DU MOULIN;M;4332064;-40530;640
201500031524;15;9;27;1325;1;2;1;1;6;237;54 RUE LOUIS BARTHOU;M;4328312;-37217;640
201500031525;15;9;27;1520;1;2;1;1;3;269;5 RUE DE PEYREBLANQUE;M;4329669;-30518;640
201500031526;15;9;29;1020;1;2;1;1;4;445;BOULEVARD OLOF PALME;M;4333659;36553;640
201500031527;15;9;30;1745;1;2;1;1;2;445;74 AVENUE DU LOUP;M;4331461;-35462;640
201500031528;15;10;1;920;1;2;1;1;6;445;PLACE DE LA  REPUBLIQUE;M;4329981;-36926;640
201500031529;15;10;1;1418;1;2;1;1;1;445;RUE BENGHOZI;M;4331918;-36752;640
201500031530;15;10;2;1720;1;2;3;1;2;348;BD CHARLES DE GAULLE;M;4331604;-42177;640
201500031531;15;10;3;1515;1;2;1;1;2;348;BOULEVARD DE L'EUROPE;M;4332110;-39160;640
201500031532;15;10;4;1830;1;2;1;1;6;445;RUE DU MAQUIS DU BEARN;M;4330005;-37708;640
201500031533;15;10;4;2026;5;2;2;1;3;445;AV GENERAL LECLERC;M;4330278;-35196;640
201500031534;15;10;5;655;5;2;3;1;3;445;AVENUE DE SARAGOSSE;M;4330694;-35331;640
201500031535;15;10;5;1355;1;2;1;1;4;284;115 AVENUE RAUSKI;M;4326448;-38992;640
201500031536;15;10;6;945;1;2;1;1;1;445;129 BD LUCIEN FAVRE;M;4331891;-36155;640
201500031537;15;10;8;1348;1;2;2;1;3;445;RUE EMILE GUICHENNE;M;4329877;-36818;640
201500031538;15;10;8;1710;1;2;1;1;2;445;BOULEVARD DE LA PAIX;M;4332101;-35643;640
201500031539;15;10;9;425;5;2;1;1;1;445;JEAN BIRAY;M;4329396;-37604;640
201500031540;15;10;9;1404;1;2;3;1;3;445;123, MARTYRS DU PONT LON;M;4334837;-37994;640
201500031541;15;10;9;2045;1;2;2;1;3;445;RUE JEAN REVEIL;M;4330040;-36513;640
201500031542;15;10;13;1302;1;2;2;1;3;445;48 RUE MONTPENSIER;M;4330209;-37397;640
201500031543;15;10;13;1345;1;2;1;1;2;445;34 ALLEES DE MORLAAS;M;4330640;-34403;640