num_acc;an;mois;jour;hrmn;lum;agg;int;atm;col;com;adr;gps;lat;long;dep
201500031544;15;10;13;1924;2;2;2;1;3;445;PLACE DE VERDUN;M;4329950;-37704;640
201500031545;15;10;13;2140;5;2;6;1;3;445;RUE MARCA;M;4329593;-37650;640
201500031546;15;10;14;1410;1;2;2;1;3;445;RUE D' ORLEANS;M;4329909;-37189;640
201500031547;15;10;15;1715;1;2;2;1;3;445;AV EGLISE ST JOSEPH;M;4330631;-37487;640
201500031548;15;10;15;2205;5;2;6;1;3;445;12 RUE D'ETIGNY;M;4329624;-37656;640
201500031549;15;10;16;735;5;2;2;1;3;445;AVENUE DE LA RESISTANCE;M;4330389;-37573;640
201500031550;15;10;16;1605;1;2;2;1;3;445;RUE MONTPENSIER;M;4329929;-37129;640
201500031551;15;10;16;1955;5;2;2;1;3;445;42 RUE BERLIOZ;M;4331504;-34486;640
201500031552;15;10;17;2006;5;2;2;1;3;445;21, GENERAL DE GAULLE DU;M;4330151;-35737;640
201500031553;15;10;18;1650;1;2;2;1;3;445;RUE SERGENT BERNES CAMBO;M;4330972;-36959;640
201500031554;15;10;18;2012;5;2;2;1;3;445;AVENUE DU LOUP;M;4331474;-35450;640
201500031555;15;10;19;1733;1;2;1;1;3;445;RUE PIERRE MASSE;M;4331597;-35662;640
201500031556;15;10;20;1125;1;2;1;1;2;335;BOULEVARD DE L'EUROPE;M;4332947;-44651;640
201500031557;15;10;21;1400;1;2;2;1;3;445;BOULEVARD DE LA PAIX;M;4332223;-36686;640
201500031558;15;10;24;1725;1;2;1;1;3;445;CHEMIN DE FORET BASTARD;M;4335267;-37781;640
201500031559;15;10;25;1003;1;2;1;1;2;445;26 AVENUE JEAN MERMOZ;M;4330767;-37649;640
201500031560;15;10;27;1800;1;2;1;2;3;445;302 BOULEVARD PAIX;M;4332223;-36665;640
201500031561;15;10;28;1141;1;2;1;1;6;445;RUE EUGENE CARRERE;M;4330477;-36608;640
201500031562;15;10;29;1710;1;2;1;1;1;445;11 AVENUE DES SAYETTES;M;4330834;-34390;640
201500031563;15;10;31;1615;1;2;1;1;2;335;BD DE L' EUROPE;M;4332609;-44042;640
201500031564;15;10;31;2125;5;2;2;1;3;445;AVENUE TRESPOEY;M;4329884;-35191;640
201500031565;15;11;2;1545;1;2;1;1;2;348;2 AV CHARLES DE GAULLE;M;4330622;-40372;640
201500031566;15;11;2;1700;1;2;3;1;3;445;RUE BERNES CAMBOT;M;4330934;-36925;640
201500031567;15;11;3;715;2;2;2;1;5;348;AV FRERES MONTGOLFIER;M;4330973;-42371;640
201500031568;15;11;4;1920;1;2;1;1;1;132;RUE ALBERT 1ER;M;4328537;-34772;640
201500031569;15;11;4;2055;5;2;1;1;2;445;AVENUE DE LA RESISTANCE;M;4330248;-37551;640
201500031570;15;11;6;1436;1;2;1;1;1;348;BD CHARLES DE GAULLE;M;4330916;-40911;640
201500031571;15;11;7;958;1;2;1;1;6;284;AVENUE DES VALLEES;M;4329162;-38563;640
201500031572;15;11;7;1220;1;1;1;1;6;348;BD DE L' EUROPE;M;4331531;-39565;640
201500031573;15;11;7;1931;1;2;1;1;4;445;42 AV JEAN MERMOZ;M;4330902;-37678;640
201500031574;15;11;12;1027;1;2;1;1;4;445;22 BOULEVARD DE LA PAIX;M;4331244;-32706;640
201500031575;15;11;12;1352;1;2;1;1;1;445;21 BOULEVARD DE LA PAIX;M;4331267;-32795;640
201500031576;15;11;12;1550;1;2;1;1;4;284;44 AVENUE RAUSKI;M;4326525;-38987;640
201500031577;15;11;12;2355;5;2;3;1;3;445;AVENUE COPERNIC;M;4332439;-33851;640
201500031578;15;11;13;1900;5;2;2;1;3;445;CHEMIN DE L'AVIATION;M;4330685;-32767;640
201500031579;15;11;14;1050;1;2;1;1;3;445;AVENUE LOUIS SALLENAVE;M;4331637;-36028;640
201500031580;15;11;14;1830;2;2;7;1;3;445;RUE ALFRED NOBEL;M;4331131;-32346;640
201500031581;15;11;14;2245;5;2;1;1;7;445;5 RUE JACQUES TERRIER;M;4328954;-38172;640
201500031582;15;11;15;1733;1;2;2;1;5;445;AVENUE JEAN MERMOZ;M;4331371;-37764;640
201500031583;15;11;16;1755;2;2;1;1;2;445;35 AVENUE FOUCHET;M;4331394;-37484;640
201500031584;15;11;18;855;1;2;1;1;3;445;AVENUE PIERRE MASSE;M;4331463;-35690;640
201500031585;15;11;18;1852;5;2;2;1;3;335;RUE DENIS TOUZANNE;M;4333758;-43897;640
201500031586;15;11;18;2115;5;2;6;1;6;348;AVENUE DE SANTONA;M;4332085;-39236;640
201500031587;15;11;19;1301;1;2;2;1;2;445;ALLEE DU GRAND TOUR;M;4329980;-37949;640
201500031588;15;11;19;1500;1;2;1;7;6;445;10 CORPS FRANC POMMIES;M;4329328;-38777;640
201500031589;15;11;19;1555;1;2;3;1;3;445;RUE DES FRERES WRIGHT;M;4330611;-36689;640
201500031590;15;11;20;855;1;2;6;1;3;445;COURS LEON BERARD;M;4331308;-36897;640
201500031591;15;11;23;1225;1;2;2;1;3;445;AVENUE JEAN MERMOZ;M;4330812;-37657;640
201500031592;15;11;24;945;1;2;2;1;6;445;RUE DE L'EDIT DE NANTES;M;4330153;-37235;640
201500031593;15;11;25;1640;1;2;2;3;3;445;AV DU GENERAL POEYMIRAU;M;4329431;-35901;640
201500031594;15;11;25;1927;5;2;1;3;4;269;22 ROUTE DE  TARBES;M;4329961;-30926;640
201500031595;15;11;25;2155;5;2;1;3;6;445;AVENUE PIERRE MASSE;M;4331613;-35672;640
201500031596;15;11;26;1310;1;2;2;3;3;129;RUE PILAR;M;4331535;-37797;640
201500031597;15;11;27;1419;1;2;1;1;3;445;PLACE DE LA MONNAIE;M;4329418;-37713;640
201500031598;15;11;30;930;1;2;1;1;6;445;ALLEE DU GRAND TOUR;M;4329691;-37899;640
201500031599;15;11;30;1220;1;2;3;1;3;445;AVENUE ALFRED NOBEL;M;4330832;-32938;640
201500031600;15;12;1;845;1;2;1;1;1;445;2 AV GASTON LACOSTE;M;4329334;-36130;640
201500031601;15;12;2;1746;1;2;1;1;6;445;RUE D'ORLEANS;M;4329910;-37231;640
201500031602;15;12;2;2125;5;2;1;1;2;348;BD DE L'EUROPE;M;4332029;-39245;640
201500031603;15;12;3;700;4;2;1;1;6;129;125 AV JEAN MERMOZ;M;4331561;-37800;640
201500031604;15;12;3;1505;1;2;1;1;6;445;AVENUE DUFAU;M;4330780;-36511;640
201500031605;15;12;4;1710;1;2;1;1;6;445;5 RUE JEAN MONNET;M;4329794;-36645;640
201500031606;15;12;5;940;1;2;1;1;3;445;59 RUE CASTETNAU;M;4330042;-36478;640
201500031607;15;12;5;1712;1;2;1;1;3;445;AVENUE LOUIS SALLENAVE;M;4331644;-36057;640
201500031608;15;12;7;1406;1;2;1;1;3;445;46 COURS LYAUTEY;M;4330962;-36352;640
201500031609;15;12;9;1135;1;2;1;1;4;284;PONT D'ESPAGNE;M;4329444;-38692;640
201500031610;15;12;9;1700;1;2;2;1;6;445;RUE DU 14 JUILLET;M;4329267;-37809;640
201500031611;15;12;10;745;5;2;3;1;2;445;AVENUE FOUCHET;M;4331300;-36989;640
201500031612;15;12;10;1742;1;2;1;1;4;269;ROUTE DE TARBES;M;4330011;-31011;640
201500031613;15;12;11;1342;1;2;1;1;3;445;76 ALLEES DE MORLAAS;M;4330259;-35325;640
201500031614;15;12;11;1427;1;2;1;1;3;445;48 COURS LYAUTEY;M;4330966;-36345;640
201500031615;15;12;12;340;5;2;1;1;6;284;AVENUE RAUSKI;M;4326446;-38992;640
201500031616;15;12;12;2001;5;2;1;1;3;445;BD D'ALSACE LORRAINE;M;4330427;-36744;640
201500031617;15;12;15;2016;5;2;1;1;3;445;108 BOULEVARD TOURASSE;M;4331119;-35974;640
201500031618;15;12;16;1430;1;2;1;1;3;445;RUE ALPHONSE CADIER;M;4330583;-36108;640
201500031619;15;12;17;1820;5;2;1;1;2;129;VOIE NORD SUD;M;4329991;-41073;640
201500031620;15;12;18;1530;1;2;1;1;6;41;PLACE DE LA MAIRIE;M;4327831;-260916;640
201500031621;15;12;21;1345;1;2;2;1;3;445;116 AV JEAN MERMOZ;M;4331374;-37761;640
201500031622;15;12;21;1905;5;2;1;1;2;445;RUE RENE CASSAGNE;M;4330594;-35240;640
201500031623;15;12;22;1645;1;2;1;1;5;445;38, ALLEES DE MORLAAS;M;4330610;-34452;640
201500031624;15;12;22;1815;1;2;1;1;1;445;BD DE L'EUROPE;M;4332876;-34145;640
201500031625;15;12;23;1145;1;2;1;1;6;445;54 RUE CARNOT;M;4330296;-36879;640
201500031626;15;12;27;1359;1;2;2;1;3;445;2 RUE RIVARES;M;4329849;-36457;640
201500031627;15;12;27;1435;1;2;1;1;2;445;CORPS FRANC POMMIES;M;4330540;-234953;640
201500031628;15;1;7;900;1;1;1;1;2;483;AVENUE LAHANCHIPIA;M;4340158;-163358;640
201500031629;15;3;18;2120;5;2;1;1;3;260;RUE CHARLES DE GAULLE;M;4335284;-178147;640
201500031630;15;1;8;1055;1;2;1;1;3;260;BD DE LA MER;;;;640
201500031631;15;3;21;1715;1;2;1;2;3;483;ANDRE ITHURRALDE;M;4339279;-165233;640
201500031632;15;1;11;1202;1;2;1;1;6;483;AVENUE DES PYRENEES;;;;640
201500031633;15;3;25;900;1;2;1;2;4;260;ROUTE DE BEHOBIE;M;4335112;-178289;640
201500031634;15;1;12;800;2;2;1;1;2;545;RD810;;;;640
201500031635;15;3;27;1054;1;2;1;2;6;483;BOULEVARD VICTOR HUGO;M;4338800;-166021;640
201500031636;15;1;12;1710;1;2;1;1;6;260;BD CHARLES DE GAULLE;;;;640
201500031637;15;3;27;1640;1;2;1;2;6;260;BD CHARLES DE GAULLE;M;4335740;-177636;640
201500031638;15;1;14;1730;1;2;1;1;3;260;BD DU GENERAL LECLERC;;;;640
201500031639;15;4;5;1825;1;1;1;1;2;249;17 AVENUE GETARIA;M;4342553;-160413;640
201500031640;15;1;21;1845;5;2;3;3;3;260;RUE HAPETENIA;M;4335034;-176995;640
201500031641;15;4;10;1710;1;2;1;1;5;483;AVENUE ITHURRALDE;M;4340321;-163411;640
201500031642;15;1;28;1920;4;2;1;2;6;249;AVENUE GENERAL DE GAULLE;;;;640
201500031643;15;4;12;1735;1;1;1;1;2;249;AVENUE GETARIA;;;;640
201500031644;15;2;2;700;5;2;1;2;3;483;AVENUE ANDRE ITHURRALDE;;;;640
201500031645;15;4;24;1015;1;2;1;1;6;260;RUE CHARLES DE GAULLE;M;4335221;-178231;640
201500031646;15;2;12;1650;1;2;6;1;3;260;2, GAULLE CHARLES (RUE D;;;;640
201500031647;15;4;24;1755;1;2;1;1;3;260;9 RUE DU TUNNEL;M;4335648;-177149;640
201500031648;15;2;14;1605;1;2;1;3;2;249;AVENUE GENERAL DE GAULLE;M;4342527;-160892;640
201500031649;15;4;25;1820;1;2;1;1;3;483;VIEILLE ROUTE SAINT PEE;M;4339059;-162800;640
201500031650;15;4;29;1710;1;2;1;1;4;249;AVENUE GETARIA;M;4342090;-160644;640
201500031651;15;2;22;1435;1;1;3;1;3;483;RD810;M;4340147;-163699;640
201500031652;15;4;30;1735;1;2;1;1;3;483;20 AV ITHURRALDE;;;;640
201500031653;15;3;2;810;1;1;1;2;5;189;RD810;;;;640
201500031654;15;5;2;1300;1;2;1;1;3;189;79 AVENUE JAURES JEAN;M;4337859;-167065;640
201500031655;15;3;8;1305;1;1;1;1;7;545;ROUTE D'IBARDIN;M;4335500;-169069;640
201500031656;15;5;3;1810;1;2;1;8;1;189;PONT GENERAL DE GAULLE;M;4338509;-166370;640
201500031657;15;3;8;1825;1;1;1;1;6;483;VIEILLE ROUTE SAINT PEE;M;4339084;-162853;640
201500031658;15;5;4;1835;1;2;3;1;1;483;14 RUE JOACHIM ABROUCHE;M;4338706;-166128;640
201500031659;15;3;9;1655;1;1;1;1;2;545;RD810;M;4334966;-174379;640
201500031660;15;5;8;1643;1;2;3;1;3;260;RUE DE BEHOBIE;M;4334987;-177938;640
201500031661;15;3;10;1035;1;2;3;1;3;260;AVENUE DES MAGNOLIAS;M;4337115;-177584;640
201500031662;15;5;9;1255;1;1;1;8;1;545;ROUTE DE LA CORNICHE;M;4339144;-169904;640
201500031663;15;3;17;720;1;2;1;1;2;260;BOULEVARD DE L EMPEREUR;;;;640
201500031664;15;5;11;1545;1;1;3;1;1;483;RD810;M;4341355;-161446;640
201500031665;15;5;12;920;1;2;1;1;1;260;RUE D AIZPURDI;M;4335620;-177082;640
201500031666;15;5;17;2340;5;2;1;1;1;260;63 BD DE L EMPEREUR;M;4336242;-176190;640
201500031667;15;5;25;1710;1;2;1;1;1;260;CD 912;M;4337371;-177121;640
201500031668;15;5;27;900;1;2;3;1;3;260;20 RUE D' IRANDATZ;M;4335355;-177258;640
201500031669;15;5;27;1530;1;2;1;1;2;483;AVENUE DE CHANTACO;M;4337578;-163785;640
201500031670;15;5;28;855;1;2;1;1;3;260;ROUTE DE BEHOBIE;M;4334701;-176617;640
201500031671;15;5;28;1700;1;2;1;1;6;483;46, BERNOVILLE GAETAN;M;4340330;-164988;640
201500031672;15;6;1;1800;1;1;1;1;3;545;BRETELLE DE SOCOA RD 913;M;4337756;-168713;640
201500031673;15;6;2;2035;1;2;1;1;3;260;RUE DES ALLEES;M;4335709;-177438;640
201500031674;15;6;3;1640;1;2;1;1;2;483;AVENUE DE JALDAY;M;4340578;-162488;640
201500031675;15;6;5;1010;1;2;1;1;6;483;RUE MAZARIN JULES;M;4338801;-166452;640
201500031676;15;6;5;1404;1;2;1;1;2;483;AVENUE DE CHANTACO;M;4337723;-163773;640
201500031677;15;6;10;1050;1;2;3;1;3;483;28 RUE PHILIPPE VEYRIN;M;4338482;-165749;640
201500031678;15;6;12;1800;1;1;1;1;4;545;(ROUTE DE LA CORNICHE;M;4338464;-172026;640
201500031679;15;6;13;1614;1;1;3;3;3;483;RD810;M;4341271;-161675;640
201500031680;15;6;15;1030;1;2;1;1;3;545;RD810;M;4337800;-167164;640
201500031681;15;6;15;1730;1;2;1;1;1;483;CHEMIN IRACHABAL;M;4339266;-162710;640
201500031682;15;6;18;830;1;2;1;1;6;545;22, BERNARD DE CORAL (RU;M;4336273;-169667;640
201500031683;15;6;20;1725;1;2;1;1;3;260;AVENUE BAIE DE CHINGUDY;M;4337013;-177864;640
201500031684;15;6;22;805;1;1;1;1;1;545;ROUTE DE LA GLACIERE;M;4336048;-174427;640
201500031685;15;6;24;1416;1;2;1;1;1;260;5 RUE DES RESERVOIRS;M;4335381;-177082;640
201500031686;15;6;29;1159;1;2;1;1;3;483;VIEILLE ROUTE SAINT PEE;M;4338865;-164875;640
201500031687;15;7;2;1335;1;2;6;1;2;260;BOULEVARD DE LEMPEREUR;M;4335339;-177125;640
201500031688;15;7;2;1650;1;2;1;1;3;189;44 AVENUE JAURES JEAN;M;4338083;-166839;640
201500031689;15;7;3;1402;1;2;1;1;6;483;BD JEAN MARTIN PASSICOT;M;4338619;-166035;640
201500031690;15;7;5;1830;1;2;1;1;6;260;77 BOULEVARD LECLERC;M;4337192;-177333;640
201500031691;15;7;7;1325;1;2;3;1;3;189;AV F MITTERRAND;M;4337998;-166208;640
201500031692;15;7;7;1810;1;2;3;1;3;260;36 BOULEVARD LECLERC;M;4336877;-177110;640
201500031693;15;7;8;545;5;2;6;1;1;189;20 AVENUE JEAN  JAURES;M;4338448;-166642;640
201500031694;15;7;8;2000;1;2;6;1;1;483;PONT CHARLES DE GAULLE;M;4338521;-166343;640
201500031695;15;7;9;1735;1;2;3;1;1;260;2 RUE DU TUNNEL;;;;640
201500031696;15;7;9;1850;1;1;1;1;2;483;RD810;M;4340150;-163676;640
201500031697;15;7;11;1515;1;2;6;1;6;189;CARREFOUR DES EVADES;M;4338466;-166631;640
201500031698;15;7;12;1920;1;2;1;1;6;260;21 BOULEVARD DE LA MER;M;4337506;-176592;640
201500031699;15;7;16;1105;1;1;3;1;3;483;CHEMIN DE SENIX;M;4341934;-162240;640
201500031700;15;7;18;1805;1;1;3;1;1;545;2010 CHEMIN DES CRETES;M;4336970;-173384;640
201500031701;15;7;20;1700;1;2;1;1;4;483;40 AV ANDRE ITHURRALDE;M;4339675;-164539;640
201500031702;15;7;21;1710;1;1;1;1;2;483;VIEILLE ROUT SAINT PEE;;;;640
201500031703;15;7;27;2305;5;2;1;1;1;483;RD810;M;4338385;-166620;640
201500031704;15;7;26;1110;1;2;1;1;3;483;AVENUE DE CHANTACO;M;4322572;-138526;640
201500031705;15;7;28;1050;1;1;1;1;6;260;23 AVENUE D'ESPAGNE;M;4335062;-178445;640
201500031706;15;7;30;1605;1;2;1;1;6;260;20 RUE D'ORIO;M;4336177;-175648;640
201500031707;15;7;30;1631;1;1;1;1;3;483;RD810;M;4340270;-163497;640
201500031708;15;8;2;1320;1;1;1;1;3;483;ROUTE D'AHETZE;M;4340720;-160816;640
201500031709;15;8;2;1415;1;2;1;1;6;260;AVENUE BAIE DE CHINGUDY;M;4336916;-177239;640
201500031710;15;8;4;1740;1;2;1;1;3;483;AV ANDRE ITHURRALDE;M;4339121;-165616;640
201500031711;15;8;5;1335;1;2;1;1;2;260;ROUTE DE LA CORNICHE;M;4337369;-175584;640
201500031712;15;8;5;1620;1;2;1;1;3;483;RD 810;M;4340716;-162723;640
201500031713;15;8;7;1045;1;1;1;1;3;483;1 RUE DE L'INDUSTRIE;M;4334755;-177032;640
201500031714;15;8;10;1315;1;1;3;1;3;483;AVENUE DE JALDAY;M;4340627;-162434;640
201500031715;15;8;10;1800;1;2;1;1;3;249;RD810;M;4342655;-160376;640
201500031716;15;8;11;1125;1;2;1;1;3;125;AVENUE GETARIA;M;4342780;-160235;640
201500031717;15;8;13;1755;1;2;1;1;3;189;BOULEVAR PIERRE BENOIT;M;4338777;-167059;640
201500031718;15;8;18;1500;1;1;1;1;3;545;RUE DU CAPITAINE PELLOT;M;0;0;640
201500031719;15;8;18;1805;1;2;1;1;3;545;RD810;M;4337476;-167867;640
201500031720;15;8;18;1936;1;2;1;1;2;483;AV ANDRE ITHURRALDE;M;4339526;-164805;640
201500031721;15;8;24;2050;1;1;3;1;3;545;ROUTE DE LA CORNICHE;M;4338637;-171107;640
201500031722;15;8;28;1156;1;2;1;1;3;260;BOULEVARD DE LA MER;M;4337527;-176432;640
201500031723;15;8;28;2010;1;2;1;1;2;189;BOULEVARD PIERRE BENOIT;M;4338847;-167911;640
201500031724;15;8;28;2125;5;2;1;1;3;260;RUE DE BEHOBIE;M;4334927;-177059;640
201500031725;15;8;28;1555;1;2;1;1;4;545;RD 810;M;4337716;-167436;640
201500031726;15;8;30;1700;1;2;1;1;2;545;RD810;M;4335222;-173843;640
201500031727;15;9;3;1500;1;2;3;1;1;260;RUE NOUVELLE;M;4335362;-177424;640
201500031728;15;9;4;1720;1;2;3;1;3;260;1 RUE DES ROSIERS;M;4336880;-177114;640
201500031729;15;9;5;1420;1;2;3;1;3;483;BV COMMANDANT PASSICOT;M;4338615;-166105;640
201500031730;15;9;25;935;1;2;1;1;2;260;ROUTE DE LA CORNICHE;M;4337371;-175585;640
201500031731;15;10;3;2025;2;2;1;1;6;545;13 RUE CHARLES PUCHEU;M;4334570;-176218;640
201500031732;15;10;8;1815;1;2;1;1;2;483;AV GREGORIO MARANON;M;4338496;-166119;640
201500031733;15;10;8;1815;1;2;2;1;3;260;RUE ELISSACILIO;M;4337279;-176859;640
201500031734;15;9;26;1920;1;1;1;1;1;545;ROUTE D'IBARDIN;M;4336176;-169203;640
201500031735;15;10;10;1155;1;2;1;1;3;483;ANDRE ITHURRALDE;M;4340992;-162220;640
201500031736;15;10;10;1745;1;2;1;1;1;545;RD810;M;4336101;-170144;640
201500031737;15;10;10;1820;1;2;1;1;7;545;RD810;M;4335018;-174752;640
201500031738;15;10;15;1219;1;2;1;1;3;260;AV BAIE DE CHINGUDY;M;4336836;-177178;640
201500031739;15;10;23;914;1;2;1;1;6;483;AVENUE DE VERDUN;M;4338651;-166302;640
201500031740;15;10;24;1720;1;2;1;1;3;483;AV ANDRE ITHURRALDE;;;;640
201500031741;15;10;25;125;3;2;1;1;6;189;1930 ROUTE D' ASCAIN;M;4336123;-164047;640
201500031742;15;10;26;1935;5;2;1;1;3;189;RUE ARISTIDE BOUROUSSE;M;4338273;-166547;640
201500031743;15;11;5;902;1;2;1;1;3;189;CARREFOUR DES EVADES;M;4338461;-166620;640
201500031744;15;10;30;1830;5;2;1;1;1;545;RD810;M;4336176;-169618;640
201500031745;15;11;6;930;1;1;1;1;3;189;AV FRANCOIS MITTERRAND;M;4338089;-166274;640
201500031746;15;11;12;1720;1;1;1;1;1;483;VIEILLE ROUTE SAINT PEE;;;;640
201500031747;15;11;13;805;1;2;1;1;1;545;6 ROUTE DE LA CORNICHE;M;4339053;-168594;640
201500031748;15;11;13;1005;1;1;3;1;3;483;RD 810;M;4341349;-161450;640
201500031749;15;10;16;1835;1;2;1;1;5;483;26 AVENUE DE CHANTACO;M;4338252;-164916;640
201500031750;15;11;19;1850;1;2;3;1;3;249;RD810;M;4342431;-160466;640
201500031751;15;11;20;1900;5;2;1;8;2;545;RD810;M;4337763;-167326;640
201500031752;15;11;21;1940;3;2;1;3;2;545;RD810;M;4335692;-173548;640
201500031753;15;11;24;1710;1;2;1;2;5;483;59 AV ANDRE ITHURRALDE;M;4339580;-164718;640
201500031754;15;11;25;1500;1;2;1;3;2;260;BOULEVARD DE L'EMPEREUR;M;4335658;-176602;640
201500031755;15;12;4;1010;1;2;1;1;6;483;AVENUE DE VERDUN;M;4338631;-165980;640
201500031756;15;12;4;1300;1;2;1;1;2;483;RD810;M;4340194;-163636;640
201500031757;15;12;9;855;1;2;1;8;2;189;RD810;M;4338168;-166765;640
201500031758;15;12;12;1325;1;1;1;1;6;483;AVENUE DE JALDAY;M;4340506;-162591;640
201500031759;15;12;19;1000;1;2;1;1;3;260;BOULEVARD DE L'EMPEREUR;M;4336031;-176289;640
201500031760;15;12;21;1535;1;2;1;1;2;483;RD 810;M;4339097;-165421;640
201500031761;15;2;19;1000;1;2;1;7;6;483;AV PIERRE LARRAMENDY;M;4338572;-166269;640
201500031762;15;3;20;1830;2;2;1;3;6;286;1, SAINT-PIERRE (RUE);M;4309685;-4596;650
201500031763;15;4;6;1750;1;1;1;1;4;286;2, PAU (ROUTE  DE);M;4310950;-7002;650
201500031764;15;4;6;1830;1;2;1;1;2;286;3, ABADIE (Avenue Fran?o;M;4310820;-3914;650
201500031765;15;4;10;835;1;2;1;1;6;286;4, ESPAGNE (BOULEVARD D';M;4308820;-4293;650
201500031766;15;4;14;1655;1;2;1;1;6;286;1, CHAMP COMMUN (PLACE );M;4309425;-4733;650
201500031767;15;4;18;1640;1;2;1;1;6;286;12, MARANSIN (CHAUSSEE);M;4309853;-4552;650
201500031768;15;6;11;1415;1;2;2;1;3;286;1, LAPACCA (BOULEVARD DU;M;4309720;-3852;650
201500031769;15;6;17;1140;1;2;1;1;3;286;42, PEYRAMALE (AVENUE);M;4309270;-5517;650
201500031770;15;6;18;845;1;2;1;1;2;286;6, ESPAGNE (BOULEVARD D';M;4308710;-4316;650
201500031771;15;6;22;850;1;1;1;1;2;286;1, Route Nationale 21;M;4311640;-3280;650
201500031772;15;7;5;600;5;2;9;1;6;286;21, FOCH (AVENUE MARECHA;M;4308990;-4622;650
201500031773;15;7;9;1900;1;2;3;1;1;286;1, LAGARDERE (AVENUE FRA;M;4308926;-4611;650
201500031774;15;8;7;1750;1;2;1;1;2;286;VIZENS (AVENUE DE);M;4310570;-6471;650
201500031775;15;8;26;1620;1;2;1;1;6;286;1, MICHELET (RUE EDMOND);M;4308940;-4677;650
201500031776;15;8;28;1125;1;2;1;1;3;286;7, LAGARDERE (AVENUE FRA;M;4308900;-4611;650
201500031777;15;9;3;1550;1;2;7;2;6;286;1, LAURENCE (PLACE MONSE;M;4309670;-5461;650
201500031778;15;8;10;1750;1;2;1;1;1;286;36, ESPAGNE (BOULEVARD D;M;4309320;-3891;650
201500031779;15;9;23;830;1;1;1;2;6;286;15/01/2016, RD921B-COTE;M;4307570;-4085;650
201500031780;15;9;26;700;5;2;1;1;6;286;1, CHAMP COMMUN (PLACE);M;4309350;-4709;650
201500031781;15;9;28;1755;1;2;1;1;3;286;25, LAPACCA (BOULEVARD D;M;4309670;-3809;650
201500031782;15;10;9;1810;1;1;1;1;4;286;1, Route Nationale 21;M;4311620;-3296;650
201500031783;15;10;17;1225;1;1;1;1;1;286;36, FOCH (AVENUE MARECHA;M;4309090;-4617;650
201500031784;15;10;24;1040;1;2;6;1;3;286;1, ROND POINT DE L EUROP;M;4310740;-3976;650
201500031785;15;12;2;1425;1;2;1;1;6;286;1, PYRENEES (PLACE DES);M;4309300;-4866;650
201500031786;15;12;18;1355;1;1;1;1;1;286;RN21;M;4312510;-2697;650
201500031787;15;1;11;1655;1;2;1;1;4;286;43, LAGARDERE (AVENUE FR;M;4308586;-4590;650
201500031788;15;2;19;2025;5;2;1;1;1;286;45, JEAN PRAT(AVENUE);M;4310940;-7001;650
201500031789;15;3;8;1845;2;2;1;1;1;286;58, PAU (RUE DE);M;4309958;-5161;650
201500031790;15;1;2;1010;1;2;1;1;6;440;MARTINET (BOULEVARD DU);M;4323824;8250;650
201500031791;15;3;17;1355;1;2;2;1;5;440;ALSACE LORRAINE (AVENUE);M;4324452;7341;650
201500031792;15;1;6;840;1;2;6;1;3;417;GUINIER (RUE DU DOCTEUR);M;4322386;9426;650
201500031793;15;3;17;1330;1;2;2;1;3;440;., DIDEROT (RUE);M;4324534;7438;650
201500031794;15;1;8;1140;1;2;1;1;2;417;., ALSTHOM (PONT);M;4322338;9249;650
201500031795;15;3;20;1620;1;2;1;8;4;440;JOFFRE (AVENUE DU MARECH;M;4323944;6553;650
201500031796;15;1;20;845;1;1;2;1;3;100;BOURS (ROUTE DE);M;4326807;7649;650
201500031797;15;3;23;830;1;2;2;2;6;47;82, JAURES (AVE JEAN);M;4324340;9565;650
201500031798;15;1;21;745;5;2;1;1;6;440;., DEBUSSY (BOULEVARD CL;M;4322100;6131;650
201500031799;15;3;25;1210;1;2;1;8;3;440;4, LIBERATION (AVENUE DE;M;4324320;6735;650
201500031800;15;2;2;605;5;2;2;1;3;440;1, NELLY (RUE JOSEPH);M;4323993;7709;650
201500031801;15;3;26;900;1;2;1;1;6;440;., ADOUR (QUAI DE L');M;4323128;8754;650
201500031802;15;2;26;1450;1;2;3;2;6;440;1, PASTEUR (RUE);M;4323540;6666;650
201500031803;15;3;29;115;3;1;1;1;6;226;., PAU (ROUTE DE);M;4324161;-2051;650
201500031804;15;2;28;400;5;2;2;1;3;440;FOCH (RUE DU MARECHAL);M;4323220;7837;650
201500031805;15;4;2;1820;1;2;3;1;2;100;., CASSIN (RUE RENE);M;4326699;6758;650
201500031806;15;3;4;1615;1;2;1;1;6;100;5, CROIZAT (RUE A.);M;4325720;5181;650
201500031807;15;4;3;2041;5;2;1;1;6;440;26, VERDUN (PLACE DE);M;4323360;7432;650
201500031808;15;3;5;1020;1;2;2;1;6;440;1ter, BYE (RUE RENE);M;4323510;7166;650
201500031809;15;4;8;2150;5;2;3;1;3;440;4, MARNE (AVENUE DE LA);M;4323171;8546;650
201500031810;15;3;5;1205;1;2;1;1;2;433;23, FOURCADE (RUE ANDRE);M;4320670;9898;650