num_acc;an;mois;jour;hrmn;lum;agg;int;atm;col;com;adr;gps;lat;long;dep
201500031811;15;4;10;2135;5;2;1;1;1;440;2, MAI 1945 (BOULEVARD D;M;4321900;7152;650
201500031812;15;3;11;825;1;2;3;1;3;440;., AMSTRONG (RUE NEIL);M;4321750;8610;650
201500031813;15;4;26;120;5;2;1;1;1;440;., FORGES (AVENUE DES );M;4324080;8210;650
201500031814;15;3;15;1935;4;2;3;1;3;440;29, SEPTEMBRE (RUE DU IV;M;4322890;8053;650
201500031815;15;4;27;2125;5;2;3;1;3;440;74, JOFFRE (AV DU MAR;M;4323950;6570;650
201500031816;15;4;30;1245;1;1;2;1;3;417;., MITTERRAND (AVENUE FR;M;4322416;10167;650
201500031817;15;4;30;1608;1;2;2;1;3;100;., SEMARD (RUE PIERRE);M;4325230;5401;650
201500031818;15;5;6;1140;1;2;1;1;6;440;11, FOULON (RUE DU);M;4322990;8253;650
201500031819;15;5;10;1010;1;2;6;1;3;440;SAINTE-CATHERINE (RUE);M;4323150;6155;650
201500031820;15;5;17;30;5;2;2;1;3;440;., FOULON (RUE DU);M;4323040;8222;650
201500031821;15;5;20;1105;1;2;2;2;6;440;., LASSALLE (RUE GEORGES;M;4323490;7153;650
201500031822;15;5;29;900;1;2;2;1;6;440;., SAINT-EXUPERY (AVENUE;M;4324450;7331;650
201500031823;15;5;30;425;5;2;1;2;6;440;., DEBUSSY (BOULEVARD CL;M;4322120;6052;650
201500031824;15;6;2;1743;1;1;1;1;3;417;145, MITTERRAND (AVENUE;M;4321340;11336;650
201500031825;15;6;3;2040;1;2;2;1;6;440;SOLFERINO (RUE);M;4323810;6571;650
201500031826;15;6;5;2255;5;2;2;1;3;440;., SAINT-EXUPERY (AVENUE;M;4324407;6645;650
201500031827;15;6;9;1600;1;2;1;1;6;440;43, SAINT-EXUPERY (AVENU;M;4324430;7168;650
201500031828;15;6;14;1;3;1;1;2;7;226;, BAGNERES (CHEMIN DU);M;4322460;2656;650
201500031829;15;6;17;1045;1;1;2;1;3;100;., BOURS (ROUTE DE);M;4326830;7686;650
201500031830;15;6;19;1220;1;2;2;1;3;440;FORGES (AVENUE DES);M;4324080;7737;650
201500031831;15;6;22;1500;1;2;2;1;3;100;COMMANDEUR (AVENUE DU);M;4325840;3954;650
201500031832;15;6;22;1845;1;2;1;1;6;251;5, ALLEE (RUE DE L');M;4321020;7486;650
201500031833;15;6;26;1155;1;1;2;1;3;100;5, BOURS (ROUTE DE);M;4326830;7686;650
201500031834;15;6;26;1440;1;1;1;1;3;100;., BORDEAUX (ROUTE DE) C;M;4326440;7139;650
201500031835;15;6;29;1815;1;2;2;1;3;440;., RENAUDET (BOULEVARD P;M;4324440;7326;650
201500031836;15;6;30;825;1;2;1;1;4;100;70, BORDEAUX (ROUTE DE);M;4326550;7128;650
201500031837;15;7;18;2025;1;2;3;3;3;440;., FRATERNITE (RUE DE LA;M;4322190;8474;650
201500031838;15;7;20;1815;1;2;1;1;6;440;18, GONNES (RUE DE);M;4322980;7533;650
201500031839;15;7;24;1830;1;1;1;1;5;226;., PAU (ROUTE DE);M;4324223;55;650
201500031840;15;7;25;1000;1;1;1;1;1;100;BORDEAUX (RTE DE) CD 902;M;4324750;3997;650
201500031841;15;7;30;2040;1;2;2;1;1;440;., FORGES (AVENUE DES);M;4323920;8512;650
201500031842;15;8;5;1530;1;2;2;1;3;226;, PAU (ROUTE DE);M;4324318;-889;650
201500031843;15;8;13;825;1;2;3;1;3;433;., CURIE (BOULEVARD JOLI;M;4320810;9487;650
201500031844;15;8;17;1420;1;1;1;2;3;226;., GABIZOS (Rue du);M;4321970;3079;650
201500031845;15;8;18;1035;1;2;1;1;3;440;39, CORPS FRANC POMMIES;M;4323590;6148;650
201500031846;15;8;21;1550;1;2;5;1;3;440;, LATTRE DE TASSIGNY(BOU;M;4322800;5651;650
201500031847;15;8;28;1910;1;2;1;1;6;440;3, JAURES (PLACE JEAN);M;4323230;7756;650
201500031848;15;9;4;1245;1;2;3;1;5;440;ALSACE LORRAINE (AVENUE);M;4324960;7276;650
201500031849;15;9;8;900;1;2;1;1;3;417;132, MITTERRAND (AVENUE;M;4321350;11334;650
201500031850;15;9;8;1200;1;2;1;1;6;440;8, FOURCADE (RUE ANDRE);M;4323440;7781;650
201500031851;15;9;9;1825;1;2;2;1;3;440;., GAUTIER (RUE THEOPHIL;M;4323360;7565;650
201500031852;15;9;11;900;1;1;2;1;3;226;., DEPARTEMENTALE 64 (RO;M;4324670;4213;650
201500031853;15;9;24;1145;1;2;1;1;5;417;., SAINT FRAI (PONT);M;4322920;9157;650
201500031854;15;9;25;840;1;2;1;1;6;440;9, SEPTEMBRE (RUE DU IV);M;4322840;7685;650
201500031855;15;9;25;1730;1;1;1;1;1;433;., PYRENEES (AVENUE DES;M;4319537;10055;650
201500031856;15;9;28;1805;1;2;3;1;3;440;REGIMENT DE BIGORRE (AVE;M;4322840;7005;650
201500031857;15;9;29;1150;1;1;1;1;2;100;., BORDEAUX (ROUTE DE) C;M;4326833;7113;650
201500031858;15;10;1;905;1;2;2;1;3;440;., MARTINET (BOULEVARD D;M;4323293;8637;650
201500031859;15;10;9;2015;1;1;1;1;3;47;., SPORTS (AVE DES);M;4323520;10411;650
201500031860;15;10;14;755;2;2;1;1;5;433;23, FOURCADE (RUE ANDRE);M;4320670;9909;650
201500031861;15;10;15;1430;1;2;2;1;1;440;MERMOZ (AVENUE JEAN);M;4324350;5893;650
201500031862;15;10;15;1500;1;2;2;1;2;440;PEREIRE (RUE EMILE);M;4323880;7851;650
201500031863;15;10;21;1020;1;2;1;1;6;440;56, MARTINET (BOULEVARD;M;4323750;8326;650
201500031864;15;10;23;1145;1;1;1;1;3;331;78, LOURDES (AVENUE DE);M;4321030;4739;650
201500031865;15;10;27;1340;1;2;1;1;6;440;63, CARNOT (RUE);M;4321910;7083;650
201500031866;15;10;27;1955;2;2;2;1;3;440;., REGIMENT DE BIGORRE (;M;4322540;6943;650
201500031867;15;10;29;1635;1;2;3;1;3;440;14, TORNE (RUE ABBE);M;4323370;7243;650
201500031868;15;11;12;850;1;2;6;8;3;440;SAINT FRAI (ROND POINT);M;4322870;8820;650
201500031869;15;11;15;1755;1;2;1;1;2;251;., ALLEE (RUE DE L');M;4321050;7733;650
201500031870;15;11;19;1435;1;2;6;1;2;440;., FERRE (PLACE);M;4322840;7570;650
201500031871;15;11;23;1700;1;2;1;1;6;440;42, DUPARC (RUE HENRI);M;4322510;5759;650
201500031872;15;11;26;800;1;2;1;1;6;440;22, CRONSTADT (RUE DE);M;4322850;7492;650
201500031873;15;11;26;810;1;2;1;1;6;440;., DREYT (RUE GASTON);M;4323090;6518;650
201500031874;15;11;27;1145;1;2;2;1;3;440;., MARTINET (RUE DU);M;4323460;8409;650
201500031875;15;11;28;1750;2;1;1;1;3;226;., OURSBELILLE (ROUTE D';M;4325110;1880;650
201500031876;15;12;7;1725;1;2;1;1;3;440;., SEPTEMBRE (RUE DU IV);M;4322840;7605;650
201500031877;15;12;11;1300;1;2;3;1;3;440;47, AZEREIX (AVENUE D');M;4322350;4885;650
201500031878;15;12;14;755;5;2;1;1;3;440;13, JOFFRE (AVENUE DU MA;M;4323960;7255;650
201500031879;15;12;19;333;5;2;1;1;2;440;148, REGIMENT DE BIGORRE;M;4322580;6683;650
201500031880;15;12;25;1005;1;2;9;1;6;440;., PAUL (BOULEVARD JEAN;M;4322290;9098;650
201500031881;15;12;26;950;1;2;1;1;3;440;121, CORPS FRANC POMMIES;M;4323660;5538;650
201500031882;15;12;29;1125;1;2;3;1;3;47;., JAURES (AVE JEAN);M;4324340;9565;650
201500031883;15;7;4;1000;1;2;1;1;1;167;RD 919 AV. REPUBLIQUE;M;4327602;134786;90
201500031884;15;8;10;1615;1;1;1;1;6;181;;M;4306709;135544;90
201500031885;15;1;1;250;5;2;1;1;7;136;BENOIT PIERRE;M;4268727;291521;660
201500031886;15;1;6;1100;1;2;1;1;6;136;4, CLEMENCEAU BOULEVARD;M;4270109;289275;660
201500031887;15;1;12;1445;1;2;1;1;6;136;JUGAN;M;4267413;290467;660
201500031888;15;1;15;1109;1;2;1;1;6;136;FOCH MARECHAL;M;4269491;288919;660
201500031889;15;1;16;1917;2;2;1;1;2;136;LANGUEDOC AVENUE DU;M;4273224;288943;660
201500031890;15;1;20;752;2;2;3;1;3;136;WATTEAU ANTOINE;M;4266462;290791;660
201500031891;15;1;20;837;1;1;1;1;3;136;GAUGUIN AVENUE PAUL;M;4271737;289087;660
201500031892;15;1;21;835;1;2;1;1;6;136;MERCADER BOULEVARD FELI;M;4269258;289190;660
201500031893;15;1;20;1335;1;2;1;1;6;136;ANCIEN CHAMP DE MARS AVE;M;4270499;289043;660
201500031894;15;1;22;1130;1;2;1;1;6;136;SAINT-ASSISCLE BOULEVAR;M;4269612;287833;660
201500031895;15;1;23;2200;5;1;1;6;6;136;R D 900;M;4269468;285055;660
201500031896;15;1;26;110;3;2;1;1;2;136;POINCARE BOULEVARD HENR;M;4269115;289867;660
201500031897;15;1;23;1850;5;2;1;1;2;136;ARGELES SUR MER AVENU;M;4268158;291052;660
201500031898;15;2;2;1715;2;1;1;1;2;136;ARCADES RD POINT;M;4267435;288798;660
201500031899;15;2;4;30;5;2;1;1;6;136;8, VARIETES;M;4270221;289394;660
201500031900;15;2;5;1840;5;2;1;1;6;136;KENNEDY BD JOHN-FITZGER;M;4269053;290168;660
201500031901;15;2;6;805;1;1;1;1;4;136;R D 900;;;;660
201500031902;15;2;6;1054;1;1;1;1;6;136;93, FOCH (MARECHAL);M;4269426;288842;660
201500031903;15;2;12;1715;1;2;1;1;3;136;JULIEN PANCHOT (AVENUE);M;4269085;288115;660
201500031904;15;2;13;1245;1;2;1;1;2;136;R D 900;;;;660
201500031905;15;2;14;1106;1;2;1;1;6;136;11, PASSIO-VELLA (CHEMIN;M;4268660;289976;660
201500031906;15;2;16;2322;5;2;1;1;6;136;66, DESNOYE (BOULEVARD D;M;4271390;288610;660
201500031907;15;2;15;1150;1;2;1;1;3;136;DALBIEZ (AVENUE VICTOR);M;4268960;288445;660
201500031908;15;2;13;1955;3;1;1;1;3;136;6, BLANC AVENUE ROSETTE;M;4269898;290643;660
201500031909;15;2;19;900;1;2;1;1;6;136;PERI (PLACE GABRIEL);M;4269867;289127;660
201500031910;15;2;20;1115;1;2;1;1;2;136;60, MERCADER (BOULEVARD;M;4269239;289205;660
201500031911;15;3;1;1950;2;2;1;1;3;136;";, PALAIS-DES-EXPO (AVEN";M;4270777;290241;660
201500031912;15;3;1;925;1;1;1;1;3;136;R D 900;M;4267829;288058;660
201500031913;15;3;3;820;1;1;2;1;3;136;MAS-PASSAMA (CHEMIN DU);M;4265862;287440;660
201500031914;15;3;9;1957;5;2;1;1;6;136;ALDUY (Paul);M;4267862;290472;660
201500031915;15;3;11;720;1;1;1;1;6;136;1935, ESPAGNE (ROUTE D');M;4267200;288645;660
201500031916;15;3;12;1050;1;2;1;1;3;136;., COQUELICOTS (DES);M;4270444;290218;660
201500031917;15;3;13;1000;1;2;1;1;7;136;CLEMENCEAU (BOULEVARD);M;4269934;288859;660
201500031918;15;3;13;1000;1;2;1;1;6;136;., GILLES (AVENUE GENERA;M;4269682;292287;660
201500031919;15;3;13;740;1;2;1;1;6;136;11, PAYRA (JEAN);M;4270179;289330;660
201500031920;15;3;16;1345;1;2;1;2;6;136;10, FRANCE (BOULEVARD AN;M;4269730;290397;660
201500031921;15;3;17;1430;1;2;1;1;3;136;PONT-TRENCAT (CAMI DEL);M;4267024;285928;660
201500031922;15;3;22;1700;1;2;1;1;3;136;., PANCHOT (AVENUE JULIE;M;4268809;287364;660
201500031923;15;3;23;740;1;2;2;2;3;136;VIGNES (DES);M;4270483;288644;660
201500031924;15;3;25;1550;1;2;1;1;3;136;65, AERODROME AVENUE DE;M;4272452;288218;660
201500031925;15;3;29;1140;1;2;1;1;6;136;63, JUIN (AVENUE DU MARE;M;4268740;290108;660
201500031926;15;3;27;645;1;1;1;1;6;136;R D 900;;;;660
201500031927;15;4;1;1220;1;2;1;6;6;136;., ALDUY (Paul);M;4267565;290506;660
201500031928;15;4;5;1230;1;2;1;1;6;136;JOFFRE (AVENUE DU MARECH;M;4271762;288722;660
201500031929;15;4;6;2045;3;2;1;1;3;136;BERGES ARISTIDE;M;4273026;289412;660
201500031930;15;4;10;2342;5;2;1;1;6;136;";, JOFFRE (AVENUE DU MAR";M;4270656;289184;660
201500031931;15;4;9;822;1;2;1;1;2;136;PASCOT (AVENUE PAUL);M;4267548;284836;660
201500031932;15;4;9;1110;1;2;2;1;3;136;JUIN (AVENUE DU MARECHAL;M;4268818;289709;660
201500031933;15;4;13;1700;1;2;1;1;6;136;CASALS Pau (Av);M;4271765;288597;660
201500031934;15;4;15;1041;1;2;1;1;6;136;3, POINCARE (BOULEVARD H;M;4269153;289356;660
201500031935;15;4;23;1810;1;2;1;1;6;136;5, KENNEDY (BD JOHN-FITZ;M;4268978;290260;660
201500031936;15;4;26;445;3;1;1;8;6;136;Dйpartementale  617;;;;660
201500031937;15;4;24;1654;1;2;1;1;6;136;., CLEMENCEAU (BOULEVARD;M;4269860;288740;660
201500031938;15;5;4;1740;1;2;1;1;6;136;GAULLE (AVENUE GENERAL D;M;4269798;288658;660
201500031939;15;5;6;1745;1;1;1;1;6;136;Dйpartementale 914;;;;660
201500031940;15;5;10;645;1;2;2;1;3;136;KENNEDY BD JOHN-FITZ;M;4269063;290132;660
201500031941;15;5;10;1200;1;2;1;1;6;136;MERCADER BOULEVARD F;M;4269165;289300;660
201500031942;15;5;9;1850;1;2;2;1;3;136;., BRUTUS AVENUE GILBERT;M;4269374;289125;660
201500031943;15;5;8;1115;1;2;1;1;6;136;., GUYNEMER (AVENUE GEOR;M;4269523;290244;660
201500031944;15;5;8;1740;1;2;1;1;6;136;31, BRIAND BOULEVARD ARI;M;4269531;290230;660
201500031945;15;5;9;1040;1;1;1;1;2;136;Dйpartementale 914;;;;660
201500031946;15;5;13;1700;1;2;1;1;4;136;Dйpartementale 914;;;;660
201500031947;15;5;18;1215;1;2;2;1;3;136;SAINTE-BARBE CHEMIN;M;4267316;285813;660
201500031948;15;5;25;1140;1;2;1;6;6;136;ZAMENHOP DOCTEUR LUD;M;4269701;289061;660
201500031949;15;5;29;1010;1;2;2;1;1;136;CASSIN AVENUE RENE;M;4268123;289615;660
201500031950;15;6;4;620;1;1;1;1;3;136;., ANCIEN CHEMIN DE BOMP;M;4270942;290554;660
201500031951;15;6;5;2040;2;1;1;1;1;136;rd91;M;0;0;660
201500031952;15;6;7;930;1;2;1;1;5;136;., ESCARGUEL (COURS LAZA;M;4269864;288728;660
201500031953;15;6;9;1400;1;1;1;1;2;136;3170, PRADES AVENUE DE;M;0;0;660
201500031954;15;6;9;1700;1;2;1;1;6;136;., FOMENT DE LA SARDANE;M;4272445;288041;660
201500031955;15;6;10;1610;1;2;1;1;6;136;02, FERMAT (PIERRE DE);M;4270793;289307;660
201500031956;15;11;26;1530;1;1;1;2;6;136;ROUTE NATIONALE 9;M;4269450;284932;660
201500031957;15;6;17;740;1;1;1;1;6;136;., R D 900;M;0;0;660
201500031958;15;6;15;1415;1;2;1;1;3;136;837, INDUSTRIE (AVENUE D;M;4273103;290080;660
201500031959;15;6;17;845;1;2;1;1;1;136;., ESPAGNE (ROUTE D');M;4268308;289524;660
201500031960;15;6;19;1750;1;2;1;1;2;136;., DESNOYE (BOULEVARD DR;M;4270871;288593;660
201500031961;15;7;2;1455;1;2;1;1;6;136;1152, LANGUEDOC (AVENUE;M;4273124;288918;660
201500031962;15;7;3;1243;1;2;1;1;3;136;ALDUY (Paul);M;4267991;290354;660
201500031963;15;7;5;420;5;2;6;1;3;136;FRANCE LIBRE (BOULEVARD;M;4270534;290188;660
201500031964;15;7;8;815;1;2;1;1;2;136;VIELLEDENT (JEAN);M;4269611;289909;660
201500031965;15;7;9;950;1;2;1;1;1;136;R D 900;M;4270230;288536;660
201500031966;15;7;9;1600;1;1;1;1;3;136;R D 900;M;4267044;285706;660
201500031967;15;7;9;1724;1;2;1;1;6;136;CASSIN (AVENUE RENE);M;4268116;289402;660
201500031968;15;7;9;1800;1;1;6;1;2;136;FRANCE LIBRE (BOULEVARD;M;4270763;290907;660
201500031969;15;7;10;1125;1;2;1;1;3;136;NUNGESSER-ET-COLI (BOULE;M;4268180;289267;660
201500031970;15;7;13;2010;2;2;2;1;3;136;AERODROME AVENUE DE L'(C;M;4272194;288509;660
201500031971;15;7;13;1200;1;2;1;1;2;136;ALBERT MARCELLIN;M;4269008;289204;660
201500031972;15;7;16;1620;1;2;1;1;2;136;ROUDAYRE (AVENUE EMILE);M;4270911;289853;660
201500031973;15;7;18;750;1;2;1;1;6;136;JUIN (AVENUE DU MARECHAL;M;4268729;290128;660
201500031974;15;7;25;200;5;2;1;1;6;136;., GUILLAUD (AVENUE GENE;M;4268872;289463;660
201500031975;15;7;26;1915;1;2;1;1;6;136;CARSALADE-DU-PONT(AVENUE;M;4268819;290026;660
201500031976;15;8;21;1801;1;1;1;1;4;136;Dйpartementale 914;M;0;0;660
201500031977;15;8;24;1500;1;1;1;1;4;136;R D 900;M;4267085;285627;660
201500031978;15;8;25;1159;1;1;1;1;3;136;PONT-TRENCAT (CAMI DEL);M;4267085;285606;660
201500031979;15;8;26;1730;1;1;1;1;3;136;43, POINCARE (BOULEVARD;M;4269137;289678;660
201500031980;15;8;29;1415;1;2;1;1;6;136;33, LECLERC (AVENUE DU G;M;4270115;289028;660
201500031981;15;8;30;1924;1;1;1;1;7;136;R D 900;M;4267831;288059;660
201500031982;15;9;3;1028;1;1;1;2;7;136;D 616;M;0;0;660
201500031983;15;9;4;810;1;2;4;1;3;136;17, PIA (TRAVERSE DE);M;4270732;289337;660
201500031984;15;9;5;1430;1;1;1;1;2;136;R D 900;M;0;0;660
201500031985;15;9;6;2250;4;2;1;1;3;136;DESNOYE (BOULEVARD DR. J;M;4271480;288706;660
201500031986;15;9;7;921;1;1;1;1;3;136;Dйpartementale 914;M;0;0;660
201500031987;15;9;7;1330;1;1;1;1;3;136;ANCIEN CHEMIN DE BOMPAS;M;4271331;290587;660
201500031988;15;9;13;850;1;2;1;1;3;136;INDUSTRIE (AVENUE DE L');M;4272973;289814;660
201500031989;15;9;11;810;1;1;1;1;1;136;FAUCEILLE (CHEMIN DE LA);M;4267114;289560;660
201500031990;15;9;11;2320;5;2;1;1;6;136;24, KENNEDY (BD JOHN-FIT;M;4268864;290407;660
201500031991;15;9;14;1950;1;2;1;1;3;136;31, ALDUY (Paul);M;4267075;290501;660
201500031992;15;9;17;1030;1;1;1;1;1;136;MAILLOLES (CHEMIN);M;4268009;286849;660
201500031993;15;9;21;1030;1;2;1;1;3;136;., ALDUY (Paul);M;4268486;290188;660
201500031994;15;9;20;1610;1;1;1;1;6;136;., GRANDE BRETAGNE (AVEN;M;4269804;288659;660
201500031995;15;10;2;900;1;2;1;1;6;136;GAUGUIN (AVENUE PAUL);M;4271731;289084;660
201500031996;15;10;6;1920;1;2;1;1;1;136;., PERRIN (JEAN);M;4273425;288733;660
201500031997;15;10;6;2045;5;2;1;1;1;136;., DALBIEZ (AVENUE VICTO;M;4268554;288213;660
201500031998;15;10;15;1720;1;1;1;1;6;136;., TORCATIS (AVENUE LOUI;M;4270300;288640;660
201500031999;15;10;16;755;1;1;1;1;3;136;FAUCEILLE (CHEMIN DE LA);M;4266995;290496;660
201500032000;15;10;16;1800;2;2;1;1;6;136;., ARGELES SUR MER AVENU;M;4268383;290926;660
201500032001;15;10;17;1800;1;1;1;1;6;136;., ESPAGNE (ROUTE D');M;4267027;288275;660
201500032002;15;10;17;1900;2;2;1;1;6;136;31, MERCADER (BOULEVARD;M;4269261;289196;660
201500032003;15;10;18;2211;3;1;1;1;1;136;SAINT CHARLES (ROCADE);M;0;0;660
201500032004;15;10;23;1530;1;2;1;1;3;136;Dйpartementale  617;M;4269902;292932;660
201500032005;15;10;24;932;1;2;1;1;6;136;MISTRAL (BOULEVARD FREDE;M;4269790;290549;660
201500032006;15;10;27;1840;1;1;1;1;6;136;ROUDAYRE (AVENUE EMILE);M;4270703;290002;660
201500032007;15;11;2;1000;1;2;1;1;6;136;MIRABEAU (VICTOR);M;4269921;289492;660
201500032008;15;11;3;1326;1;1;1;1;3;136;ESPAGNE (ROUTE D');M;0;0;660
201500032009;15;11;3;1100;1;1;1;1;2;136;., COPENHAGUE (ROND POIN;M;4269110;285200;660
201500032010;15;11;4;1359;1;1;1;1;6;136;COURTY (PAUL);M;4269874;288901;660
201500032011;15;11;4;1420;1;1;1;1;3;136;PRADES (AVENUE DE);M;4269301;284845;660
201500032012;15;11;6;1610;1;1;1;1;3;136;CASSIN (AVENUE RENE);M;4268121;289442;660
201500032013;15;11;11;900;1;2;1;1;3;136;SAINT-ASSISCLE (BOULEVAR;M;4269607;287833;660
201500032014;15;11;11;1320;1;2;1;1;3;136;POINCARE (BOULEVARD HENR;M;4269127;289653;660
201500032015;15;11;13;1150;1;2;1;1;6;136;14, GUYNEMER (AVENUE GEO;M;4269425;290405;660
201500032016;15;11;13;1430;1;2;1;1;6;136;PEGUY (CHARLES);M;4269358;290714;660
201500032017;15;11;16;850;1;1;1;1;4;136;Dйpartementale 914;M;0;0;660
201500032018;15;11;16;815;1;2;1;1;6;136;., COQUELICOTS (DES);M;4270306;290341;660
201500032019;15;11;19;900;1;2;1;1;6;136;., SANT-VICENS;M;4269297;291533;660
201500032020;15;11;23;1740;2;2;1;1;4;136;., BLANC AVENUE ROSETTE;M;4269931;291639;660
201500032021;15;12;1;800;1;2;1;1;3;136;BRIAND BOULEVARD ARISTID;M;4269407;290108;660
201500032022;15;12;1;1811;2;2;1;1;6;136;SAINT-ASSISCLE (BOULEVAR;M;4269100;288111;660
201500032023;15;12;3;1015;1;2;1;1;6;136;58, MERCADER (BOULEVARD;M;4269207;289279;660
201500032024;15;12;6;1419;1;2;1;1;3;136;58, MERCADER (BOULEVARD;M;4269212;289262;660
201500032025;15;12;7;1230;1;2;1;1;2;136;ESCARGUEL (COURS LAZARE);M;4269821;288743;660
201500032026;15;12;7;1335;1;2;3;1;3;136;BRUTUS AVENUE GILBERT;M;4269374;289304;660
201500032027;15;12;8;1600;1;2;1;1;6;136;LANGUEDOC (AVENUE DU CD;M;4273939;289158;660
201500032028;15;12;15;915;1;2;2;1;3;136;VIVES (CHEMIN DEL);M;4270865;289641;660
201500032029;15;12;14;735;2;2;1;1;6;136;JULIEN PANCHOT (AVENUE);M;4269118;288181;660
201500032030;15;12;17;1125;1;2;1;1;6;136;CLEMENCEAU (BOULEVARD);M;4269935;288874;660
201500032031;15;6;27;1345;1;1;1;1;6;22;CC La Pelle ou Rouge-Boi;M;4791646;491254;520
201500032032;15;7;20;1745;1;2;1;1;6;365;9 rue du Pragey;M;4808159;492886;520
201500032033;15;4;30;630;2;2;1;1;6;149;quai de la banquiиre;M;0;0;60
201500032034;15;5;12;845;1;2;1;1;3;60;176 avenue de rimiez;M;0;0;60
201500032035;15;6;16;1630;1;2;1;1;6;54;5 vallon des arnulfs;M;0;0;60
201500032036;15;9;1;1245;1;2;6;1;2;149;Bd Gйnйral DE GAULLE;M;0;0;60
201500032037;15;9;3;845;1;1;1;1;1;149;;M;0;0;60
201500032038;15;9;22;1530;1;1;1;1;1;149;;M;0;0;60
201500032039;15;10;3;715;1;1;1;1;6;149;;M;;;60
201500032040;15;12;8;1015;1;2;1;1;1;149;bd gйnйral de gaule;M;0;0;60
201500032041;15;2;7;815;1;1;1;8;6;103;;M;0;0;670
201500032042;15;2;19;1100;1;2;1;1;6;392;;M;0;0;670
201500032043;15;2;27;1200;1;1;1;1;1;347;;M;0;0;670
201500032044;15;6;17;1100;1;1;2;7;3;370;;M;0;0;670
201500032045;15;10;1;1845;3;1;1;1;7;535;;M;0;0;670
201500032046;15;1;29;700;3;1;1;3;3;126;;M;4646554;-84558;850
201500032047;15;2;9;1725;2;2;1;1;1;143;;M;4652190;-76550;850
201500032048;15;3;13;1130;1;2;1;1;2;223;RD 137 GDE RUE DU MAGNY;M;4654620;-106524;850
201500032049;15;5;3;810;1;1;1;2;2;209;;M;4650244;-99360;850
201500032050;15;7;3;1030;1;1;1;1;1;34;;M;4662200;-115300;850
201500032051;15;7;19;1415;1;1;3;1;3;264;;M;4669683;-70830;850
201500032052;15;9;7;1415;1;1;1;1;2;92;;M;4645100;-81400;850
201500032053;15;9;17;830;1;1;9;1;1;91;;M;0;0;850
201500032054;15;1;30;845;1;1;1;4;6;518;;M;0;0;800
201500032055;15;1;31;1015;1;1;1;4;6;600;;M;0;0;800
201500032056;15;4;23;1130;1;1;1;1;6;344;;M;0;0;800
201500032057;15;5;5;1750;1;1;1;6;6;692;;M;0;0;800
201500032058;15;8;3;200;3;1;9;1;2;149;;M;0;0;800
201500032059;15;9;27;530;3;1;9;1;6;126;;M;0;0;800
201500032060;15;12;15;745;2;1;1;2;4;635;;M;0;0;800
201500032061;15;3;30;815;1;1;1;8;7;541;;M;4951144;98672;760
201500032062;15;6;11;1500;1;1;1;1;1;555;;M;4953693;122926;760
201500032063;15;7;17;1230;1;1;1;8;2;756;;M;4958343;127655;760
201500032064;15;9;9;1715;1;1;1;1;5;7;;M;0;0;10
201500032065;15;9;16;1830;1;2;1;1;3;4;rue Aristide Briand;M;0;0;10
201500032066;15;12;30;1230;1;1;1;5;2;7;;M;0;0;10
201500032067;15;2;5;1000;1;1;1;6;7;190;;M;0;0;660
201500032068;15;3;10;245;3;1;1;1;2;136;;M;0;0;660
201500032069;15;8;18;845;1;1;1;1;1;136;;M;0;0;660
201500032070;15;10;8;1430;1;1;1;1;4;136;;M;0;0;660
201500032071;15;8;28;600;3;1;1;2;6;331;D384;M;4849045;477734;520
201500032072;15;9;4;1900;1;1;1;1;6;182;;M;0;0;520
201500032073;15;9;30;1900;1;1;1;1;1;294;;M;4855894;492510;520
201500032074;15;11;13;1245;1;1;1;2;1;182;;M;4853989;482336;520
201500032075;15;5;27;1830;1;2;1;1;5;229;RTE DE DOMONT;M;4903280;235590;950
201500032076;15;6;17;1800;1;2;1;1;6;205;R DE LA LIBERATION;M;4902240;237420;950
201500032077;15;8;8;1015;1;1;1;1;3;229;AV JEAN ROSTAND;M;4903430;234190;950
201500032078;15;8;14;2345;3;1;1;2;6;205;RD 316;M;4902290;238650;950
201500032079;15;8;20;2030;1;2;1;1;1;229;R PAUL FORT;M;4903280;235050;950
201500032080;15;12;14;845;1;1;1;1;5;680;RD 10;M;4901790;241180;950
201500032081;15;3;20;630;2;1;1;1;3;482;;M;0;0;250
201500032082;15;4;16;1945;1;1;1;1;6;474;;M;0;0;250
201500032083;15;8;29;645;2;1;1;1;2;212;;M;0;0;250
201500032084;15;1;6;1115;1;2;6;1;3;180;SCHIRRHEIN (ROUTE DE);;;;670
201500032085;15;3;14;1010;1;2;1;1;1;180;NOTRE DAME (RUE);;;;670
201500032086;15;1;15;715;3;1;1;8;6;180;RD263;;;;670
201500032087;15;3;19;1700;1;2;1;1;6;180;PREFET LEZAY-MARNEZIA (R;;;;670
201500032088;15;1;20;1740;5;2;1;1;6;180;15, MAIRE ANDRE TRABAND;;;;670