num_acc;an;mois;jour;hrmn;lum;agg;int;atm;col;com;adr;gps;lat;long;dep
201500032089;15;3;16;1743;1;2;3;1;3;180;18, EUROPE (BOULEVARD DE;;;;670
201500032090;15;1;27;1910;5;2;1;1;6;180;DESIRE BRUMBT (PLACE);;;;670
201500032091;15;4;15;1450;1;1;1;1;2;180;RD 1063;;;;670
201500032092;15;5;7;1715;1;1;1;1;1;180;RD 1063;;;;670
201500032093;15;5;27;1847;1;2;1;1;6;180;14, ROBERT SCHUMAN (PLAC;;;;670
201500032094;15;6;18;1700;1;2;1;8;6;180;49, CHEMIN LONG;M;4800000;700000;670
201500032095;15;7;8;26;5;2;1;1;6;180;20, MARE AUX CANARDS (RU;;;;670
201500032096;15;9;13;1130;1;2;1;2;3;180;79, BITCHE (ROUTE DE);;;;670
201500032097;15;12;15;834;1;1;1;1;1;180;RD 1063;;;;670
201500032098;15;12;18;2240;5;2;2;1;3;180;12, CHAPELLE DE LA CROIX;;;;670
201500032099;15;7;10;2030;1;2;1;1;7;195;RD 910;M;0;0;860
201500032100;15;7;18;30;3;1;1;1;6;186;La chapelle;M;4685000;62000;860
201500032101;15;10;9;930;1;1;1;1;3;128;;M;0;0;860
201500032102;15;10;15;800;2;1;1;2;7;128;;M;0;0;860
201500032103;15;12;31;930;1;1;1;1;6;19;6 rue de la poussarderie;M;4674360;44649;860
201500032104;15;8;6;2041;2;1;1;1;6;309;BARRIERE PEAGE;M;0;0;740
201500032105;15;9;5;830;1;1;1;1;7;82;;M;0;0;740
201500032106;15;12;24;1945;5;1;1;1;2;201;;M;0;0;740
201500032107;15;9;23;1815;1;2;1;1;3;19;RN7 Le Village;M;0;0;380
201500032108;15;10;29;1800;5;2;1;1;5;336;633 RN7;M;0;0;380
201500032109;15;11;13;2030;3;2;1;1;2;336;montйe du grand pavй;M;0;0;380
201500032110;15;11;20;2145;5;2;1;2;3;19;rue des essarts;M;0;0;380
201500032111;15;12;1;1600;1;2;1;1;6;336;RN7 LE GRAND CHEMIN;M;4547775;482947;380
201500032112;15;12;5;2300;5;2;6;1;7;425;ROND POINT MAIRIE;M;0;0;380
201500032113;15;12;8;1745;3;1;2;1;1;160;RTE VIANNAIS/MARINIERE;M;4549933;497423;380
201500032114;15;4;19;1815;1;1;1;1;3;72;;M;0;0;830
201500032115;15;7;7;715;1;1;1;1;1;72;;M;4348239;629009;830
201500032116;15;7;25;1745;1;1;1;1;3;134;;M;4346121;640687;830
201500032117;15;8;29;1030;1;1;1;1;7;3;;M;0;0;830
201500032118;15;10;19;1945;3;1;1;1;3;72;;M;0;0;830
201500032119;15;11;10;1300;1;1;1;1;1;72;;M;0;0;830
201500032120;15;11;18;1600;1;1;1;1;3;136;;M;0;0;830
201500032121;15;8;6;2145;3;1;1;1;5;33;***;M;0;0;130
201500032122;15;12;5;615;3;1;9;2;5;104;;M;0;0;130
201500032123;15;12;17;700;2;1;1;1;6;14;;M;0;0;130
201500032124;15;1;5;1400;1;2;2;7;6;462;1, MOULINS (PLACE DES);;;;670
201500032125;15;4;21;1227;1;1;1;1;7;462;1, QUATRIEME ZOUAVES (RU;;;;670
201500032126;15;5;18;755;1;1;1;1;3;462;RN 83 SUD;;;;670
201500032127;15;5;29;1810;1;2;1;1;3;462;STRASBOURG (ROUTE DE);;;;670
201500032128;15;6;2;1739;1;2;3;1;1;462;00, SCHWILGUE (RUE);M;4826370;745175;670
201500032129;15;6;3;1732;1;2;1;1;1;462;7, THIERS (BOULEVARD);;;;670
201500032130;15;6;10;940;1;1;9;1;2;462;RN 83 SUD;M;4824180;742844;670
201500032131;15;8;10;2301;3;1;1;1;1;462;RD 424;;;;670
201500032132;15;9;20;1120;1;2;2;1;3;462;STRASBOURG (ROUTE DE);M;4826512;745294;670
201500032133;15;9;24;1745;1;2;1;1;6;462;MAIRE KNOLL (ALLEE DU);M;4826194;745128;670
201500032134;15;10;13;751;1;2;2;1;3;462;LIBERTE (AVENUE DE LA);;;;670
201500032135;15;10;17;2135;3;1;1;1;3;462;COLMAR (ROUTE DE);;;;670
201500032136;15;12;5;915;1;2;1;1;1;462;GRANDE BOUCHERIE (RUE DE;;;;670
201500032137;15;12;31;242;3;1;1;2;6;462;MARCKOLSHEIM (ROUTE DE);;;;670
201500032138;15;1;4;1757;5;2;1;1;3;482;0, JACQUES KABLE (RUE);;;;670
201500032139;15;3;2;1515;1;2;1;1;3;482;0, RACINE (AVENUE);M;4859180;770444;670
201500032140;15;1;5;1205;1;2;1;7;6;482;0, HOCHFELDEN (RUE DE);;;;670
201500032141;15;3;4;1515;1;2;1;1;2;365;0, BOHRIE (ALLEE DU);M;4855086;771050;670
201500032142;15;1;5;1300;1;2;1;1;3;218;0, COR DE CHASSE (RUE DU;;;;670
201500032143;15;12;31;1810;5;2;1;1;1;482;7, DETTWILLER (RUE DE);M;4859529;772681;670
201500032144;15;3;4;2155;5;2;1;1;3;43;0, GEORGES BURGER (RUE);M;4861525;772606;670
201500032145;15;1;7;645;5;2;3;2;6;267;0, SCHUMAN (AVENUE);;;;670
201500032146;15;3;6;1300;1;2;1;1;6;447;12, SAINT CHARLES (RUE);M;4860500;774369;670
201500032147;15;1;7;1705;5;2;3;1;6;447;0, RONSARD (RUE);;;;670
201500032148;15;3;8;2100;1;1;3;1;5;482;0, UNTERELSAU (RUE DE L;M;4856875;772703;670
201500032149;15;1;9;1730;5;2;2;1;3;482;PERTOIS (RUE);;;;670
201500032150;15;3;9;900;1;2;1;1;6;447;4-6, CONTADES (RUE DES);M;4860160;776272;670
201500032151;15;1;11;1420;1;2;1;1;3;482;183, RHIN TORTU (RUE DU);;;;670
201500032152;15;3;9;1020;1;2;3;1;3;482;0, POLYGONE (ROUTE DU);M;4856458;776047;670
201500032153;15;1;12;820;1;2;1;1;6;482;0, GANZAU (RUE DE LA);;;;670
201500032154;15;3;9;1645;1;1;2;1;3;482;0, JEAN JAURES (AVENUE);M;4856966;776317;670
201500032155;15;1;12;915;1;2;2;1;5;43;0, CHANTIERS (RUE DES);;;;670
201500032156;15;3;11;14;5;2;1;2;2;447;0, BISCHWILLER (ROUTE DE;M;4860991;775056;670
201500032157;15;1;13;1050;1;1;1;1;3;267;0, FOULONS (ALLEE DES);;;;670
201500032158;15;3;12;1910;2;2;1;1;3;482;38, RACINE (AVENUE);M;4859138;770639;670
201500032159;15;1;14;615;5;2;1;1;6;482;02, VOSGES (AVENUE DES);;;;670
201500032160;15;3;15;940;1;2;1;1;2;267;64, MARECHAL FOCH (RUE D;M;4855830;768550;670
201500032161;15;1;14;1445;1;2;3;1;6;482;0, HUMANN (RUE);;;;670
201500032162;15;3;17;1800;1;2;1;1;6;482;20, VICTOIRE (BOULEVARD;M;4858297;776250;670
201500032163;15;1;15;420;5;2;3;1;6;482;39, VOSGES (AVENUE DES);;;;670
201500032164;15;3;17;1950;5;2;4;1;3;482;0, KAMPMANN (RUE);M;4853344;777142;670
201500032165;15;1;15;1340;1;2;1;1;6;482;0, ALFRED KASTLER (RUE);;;;670
201500032166;15;3;19;800;1;2;1;1;1;218;100, ESCHAU (ROUTE D );M;4849590;771725;670
201500032167;15;1;16;2005;3;2;1;3;1;218;0, ALFRED KASTLER (ROUTE;;;;670
201500032168;15;3;20;935;1;2;1;1;2;482;0, KOENIGSHOFFEN (RUE DE;M;4858077;770547;670
201500032169;15;1;17;1633;2;2;1;1;6;482;273, COLMAR (AVENUE DE);;;;670
201500032170;15;3;20;1215;1;1;1;1;6;482;114, COLMAR (AVENUE DE);M;4856670;775175;670
201500032171;15;1;17;2120;5;2;3;8;2;482;0, GRAND PONT (RUE DU);;;;670
201500032172;15;3;20;1600;1;2;1;1;3;482;77, FORET NOIRE (AVENUE;M;4858069;777686;670
201500032173;15;1;19;835;1;1;1;8;6;482;4, MAIRE KUSS (RUE DU);;;;670
201500032174;15;3;23;1320;1;2;1;1;6;482;25, GENERAL DE GAULLE (A;M;4857816;776956;670
201500032175;15;1;19;1720;5;2;2;2;3;218;0, FORT UHRICH (ROUTE DU;;;;670
201500032176;15;3;27;2035;5;1;1;1;6;482;1, HOPITAL (PLACE DE L );M;4857738;774903;670
201500032177;15;1;23;1730;5;2;1;1;3;482;0, HERRENSCHMIDT (AVENUE;;;;670
201500032178;15;3;27;2245;5;2;3;1;3;482;, SCHIRMECK (ROUTE DE);M;4857336;771875;670
201500032179;15;1;23;1755;5;2;1;8;6;218;0, STRASBOURG (ROUTE DE);;;;670
201500032180;15;3;30;820;1;2;1;8;6;482;0, VITRY LE FRANCOIS (AV;;;;670
201500032181;15;1;26;725;2;2;1;8;6;204;0, RIED (AVENUE DU);;;;670
201500032182;15;3;30;855;1;2;2;1;3;482;0, ERNEST MUNCH (RUE);M;4858230;775717;670
201500032183;15;1;26;2145;5;2;1;2;3;482;191, ROMAINS (ROUTE DES);;;;670
201500032184;15;3;30;1200;1;1;1;2;6;447;11, 23 NOVEMBRE (AVENUE;M;4860755;773094;670
201500032185;15;1;27;1230;1;2;3;1;6;218;0, CEINTURE (RUE DE LA);;;;670
201500032186;15;3;30;1829;1;2;1;1;2;482;0, JULES VERNE (RUE);M;4859527;771808;670
201500032187;15;1;27;1530;1;2;2;1;3;482;0, HOPITAL (ROUTE DE L );;;;670
201500032188;15;4;1;1140;1;2;1;1;6;482;8, LIEPVRETTE (RUE DE LA;M;4861655;777422;670
201500032189;15;1;29;1915;1;2;1;1;6;482;0, DUCS (RUE DES);;;;670
201500032190;15;4;2;1020;1;2;1;2;3;43;4, ECOLE (RUE DE L );M;4861291;775556;670
201500032191;15;1;30;530;5;2;6;1;3;482;0, PIERRE MENDES FRANCE;;;;670
201500032192;15;4;6;1415;1;2;5;1;3;482;10, REITWILLER (RUE DE);M;4860102;770775;670
201500032193;15;1;30;1840;5;2;1;2;6;447;0, GENERAL DE GAULLE (RO;;;;670
201500032194;15;4;8;1005;1;2;1;1;6;482;1, GENERAL KOENIG (QUAI;M;4857536;775419;670
201500032195;15;1;30;2145;5;2;2;2;6;482;0, HURTIGHEIM (RUE DE);;;;670
201500032196;15;4;11;2030;2;2;1;1;6;43;74, BISCHWILLER (ROUTE D;M;4861582;775311;670
201500032197;15;2;5;830;1;2;1;1;6;447;110, BISCHWILLER (ROUTE;;;;670
201500032198;15;4;12;1700;1;1;2;1;3;482;0, FUSTEL DE COULANGES (;M;;;670
201500032199;15;2;6;2310;5;2;1;1;6;43;0, SOUFFEL (CHEMIN DE LA;;;;670
201500032200;15;4;14;755;1;2;3;1;3;267;127, MARECHAL FOCH (RUE;M;4855497;767822;670
201500032201;15;2;11;1910;5;2;1;1;6;482;0, WISSEMBOURG (RUE DE);;;;670
201500032202;15;4;14;1038;1;2;1;1;1;482;0, HAGUENAU (PLACE DE);M;4859150;774350;670
201500032203;15;4;14;1205;1;2;2;1;3;43;CHARLES DE GAULLE (AVENU;M;4861336;773128;670
201500032204;15;2;12;1210;1;2;1;8;6;482;0, SALLUSTE (RUE);;;;670
201500032205;15;4;14;1724;1;2;1;1;3;482;0, WACKEN (RUE DU);M;4860033;775456;670
201500032206;15;2;12;1500;1;2;1;1;7;482;0, CORDERIE (RUE DE LA);;;;670
201500032207;15;4;15;1620;1;1;3;1;3;482;2, CHARLES PEGUY (RUE);;;;670
201500032208;15;2;13;745;1;1;1;1;6;482;85, BOECKLIN (RUE);;;;670
201500032209;15;4;15;1715;1;2;1;1;6;482;0, SCHIRMECK (ROUTE DE);M;4856160;769517;670
201500032210;15;2;13;1045;1;2;3;1;3;482;0, BISCHWILLER (ROUTE DE;;;;670
201500032211;15;4;17;345;5;2;1;1;6;482;114, POLYGONE (ROUTE DU);M;4856438;776050;670
201500032212;15;2;14;1505;1;2;3;1;3;482;0, ENGELBREIT (RUE DE L;;;;670
201500032213;15;4;17;942;1;1;1;1;6;482;327, COLMAR (AVENUE DE);M;4854911;774158;670
201500032214;15;2;17;1730;5;2;3;1;3;482;6, TOUSSAINT (RUE DE LA);;;;670
201500032215;15;4;18;1855;1;2;1;1;3;482;38, CHARLES PEGUY (RUE);M;;;670
201500032216;15;2;19;840;1;2;3;1;3;447;0, SAINT CHARLES (RUE);;;;670
201500032217;15;4;18;2010;2;1;5;1;6;482;0, VITRY LE FRANCOIS (AV;M;4857094;779556;670
201500032218;15;2;20;1350;1;2;1;1;6;482;0, ILL (RUE DE L );;;;670
201500032219;15;4;23;1735;1;2;1;1;6;482;77, FORET NOIRE (AVENUE;M;4858069;777686;670
201500032220;15;2;21;15;5;2;1;1;6;482;14, MARSEILLAISE (AVENUE;;;;670
201500032221;15;4;23;1830;1;2;1;1;6;482;0, CERVANTES (AVENUE);M;4859338;769872;670
201500032222;15;2;23;1415;1;2;2;8;3;482;0, FRITZ KIEFFER (RUE);;;;670
201500032223;15;4;24;1900;1;2;3;1;3;482;0, PAUL ELUARD (RUE);M;4858772;769783;670
201500032224;15;2;27;1012;1;2;3;2;3;482;0, FREDERIC (RUE);;;;670
201500032225;15;4;25;1800;1;2;1;1;6;482;2, LAURENT BONNEVAY (RUE;M;4852911;777519;670
201500032226;15;2;28;2155;4;2;1;1;3;482;0, HAGUENAU (RUE DE);;;;670
201500032227;15;4;26;535;2;2;1;1;6;204;0, FONTAINE (RUE DE LA);M;4862452;774033;670
201500032228;15;4;27;1705;1;2;1;1;6;482;68, CLEMENCEAU (BOULEVAR;M;4859172;775272;670
201500032229;15;4;29;1420;1;2;1;1;6;482;0, COLMAR (AVENUE DE);M;4855858;774889;670
201500032230;15;4;29;1500;1;2;1;1;2;482;0, LA ROCHELLE (RUE DE);;;;670
201500032231;15;4;29;2105;5;2;2;1;1;482;PRESIDENT WILSON (BOULEV;M;4858747;773858;670
201500032232;15;4;29;2155;5;2;1;1;3;482;0, UNTERELSAU (RUE DE L;M;4856197;773061;670
201500032233;15;4;30;1940;1;2;1;1;4;482;9, GANZAU (RUE DE LA);M;4854369;776494;670
201500032234;15;5;3;1430;1;2;5;2;1;482;0, SANTOS DUMONT (RUE);M;4855433;776949;670
201500032235;15;5;4;745;1;2;1;1;6;482;0, ILE DE FRANCE (PLACE;;;;670
201500032236;15;5;4;1710;1;2;1;1;3;482;67, ZURICH (RUE DE);M;4857880;775931;670
201500032237;15;5;6;1730;1;2;1;1;4;482;0, Edmond MICHELET;M;4857364;776672;670
201500032238;15;5;7;1017;1;2;1;1;6;482;132, SCHIRMECK (ROUTE DE;M;4857063;771137;670
201500032239;15;5;7;1100;1;2;2;1;1;482;0, HERRENSCHMIDT (AVENUE;M;4859880;775281;670
201500032240;15;5;7;1822;1;2;1;1;3;482;18, WASSELONNE (RUE DE);M;4857935;773270;670
201500032241;15;5;8;1920;1;2;2;2;1;482;0, PAUL ELUARD (RUE);M;4858878;769707;670
201500032242;15;5;10;900;1;2;3;1;3;482;0, PIERRE PFLIMLIN (BOUL;M;4859890;777344;670
201500032243;15;5;11;1045;1;2;1;1;6;482;4, FRERES EBERTS (RUE DE;M;4855290;774381;670
201500032244;15;5;14;1845;1;2;1;1;3;482;0, LAURENT BONNEVAY (RUE;M;4854918;775658;670
201500032245;15;5;16;835;1;2;3;1;3;447;120, BISCHWILLER (ROUTE;M;4860642;774893;670
201500032246;15;5;16;1532;1;2;1;1;6;482;26, PRESIDENT WILSON (BO;;;;670
201500032247;15;5;16;1650;1;2;2;1;6;482;0, INGOLD (RUE);M;4854514;776959;670
201500032248;15;5;21;837;1;2;1;1;2;482;4, FINKWILLER (QUAI);M;4857890;774342;670
201500032249;15;5;22;1105;1;2;1;1;2;482;, PAIX (AVENUE DE LA);M;4858983;775572;670
201500032250;15;5;22;1130;1;2;3;1;6;482;0, CURIE (RUE);M;4860150;771464;670
201500032251;15;5;22;1745;1;2;1;1;3;43;56, BISCHWILLER (ROUTE D;M;4861498;775259;670
201500032252;15;5;23;610;1;2;1;1;6;482;0, LA ROCHELLE (RUE DE);M;4851276;777340;670
201500032253;15;5;23;2020;1;2;1;1;1;482;7, BERGERAC (RUE DE);M;4855327;776184;670
201500032254;15;5;25;1020;1;2;2;1;3;218;0, ESCHAU (ROUTE D );M;4851110;771194;670
201500032255;15;5;25;1623;1;2;1;1;6;482;0, RHIN TORTU (RUE DU);M;4855030;775800;670
201500032256;15;5;26;1350;1;1;1;1;6;482;3, RENARDS (RUE DES);M;4859310;771869;670
201500032257;15;5;27;1740;1;2;1;1;6;365;0, BOHRIE (ALLEE DU);M;4855146;770774;670
201500032258;15;5;28;239;5;2;1;1;6;482;225, WANTZENAU (RTE DE L;M;4861772;778870;670
201500032259;15;5;28;520;2;2;1;1;1;482;5, OBERHAUSBERGEN (ROUTE;M;4859890;770181;670
201500032260;15;5;28;1020;1;2;1;1;3;482;44, FORET NOIRE (AVENUE;M;4858442;776970;670
201500032261;15;5;28;1200;1;2;2;1;1;482;GENERAL ZIMMER (RUE DU);M;4858140;776278;670
201500032262;15;5;30;1358;1;2;3;1;1;482;0, HIRONDELLES (RUE DES);M;4854019;776620;670
201500032263;15;5;31;1810;1;2;1;1;6;482;0, JEAN GOEFFROY CONRATH;M;4858679;769451;670
201500032264;15;6;1;1730;1;2;2;1;6;482;0, ALPES (QUAI DES);M;4857422;777119;670
201500032265;15;6;3;1120;1;2;1;1;3;482;21, PIERRE PFLIMLIN (BOU;M;4859060;775597;670
201500032266;15;6;2;1340;1;2;1;1;2;447;95, GENERAL DE GAULLE (R;M;4860640;773608;670
201500032267;15;6;3;1800;1;2;1;1;3;482;75, SCHIRMECK (ROUTE DE);M;4857281;771638;670
201500032268;15;6;3;1820;1;2;1;1;1;482;0, KEMPF (RUE);M;4860400;778750;670
201500032269;15;6;4;2310;5;2;5;1;6;482;0, GOLBERY (PLACE);M;4858710;776647;670
201500032270;15;6;5;1650;1;2;1;1;3;482;06/03/2016, BRUMATH (ROU;M;4859696;774166;670
201500032271;15;6;5;1820;1;2;1;1;3;482;0, BADEN POWELL (RUE);M;4859510;769397;670
201500032272;15;6;6;1155;1;2;1;1;6;482;0, DRESDE (BOULEVARD DE);M;4859918;776297;670
201500032273;15;6;9;2250;5;2;2;1;1;482;0, FRANЗOIS MITTERRAND (;M;4858420;769319;670
201500032274;15;6;10;1305;1;2;1;1;3;482;0, LAMPROIE (RUE DE LA);M;4859896;779090;670
201500032275;15;6;11;1845;1;2;2;1;3;218;0, ALBERT SCHWEITZER (RU;M;4852108;772579;670
201500032276;15;6;12;1008;1;2;1;1;6;482;0, FRANЗOIS MITTERRAND (;M;4858720;769714;670
201500032277;15;6;12;1215;1;2;3;1;3;482;55, FAUBOURG DE PIERRE (;M;4858941;774520;670
201500032278;15;6;12;1742;1;2;1;1;1;482;0, RACINE (AVENUE);M;4859140;770728;670
201500032279;15;6;13;1003;1;2;1;1;2;482;MARECHAL JUIN (RUE DU);M;4857850;775998;670
201500032280;15;6;13;2145;5;2;1;1;3;43;98, BISCHWILLER (ROUTE D;M;4861800;775461;670
201500032281;15;6;14;10;5;2;1;1;6;482;0, RHIN (AVENUE DU);M;4857114;777432;670
201500032282;15;6;16;2220;5;2;1;1;6;204;FONTAINE (RUE DE LA);M;4862430;774211;670
201500032283;15;6;18;1220;1;2;1;3;4;218;0, STRASBOURG (AVENUE DE;M;4854373;773673;670
201500032284;15;6;18;2020;1;2;2;1;3;482;0, BOECKLIN (RUE);M;4860030;778010;670
201500032285;15;6;19;1410;1;2;1;1;3;482;0, VOSGES (AVENUE DES);M;4858831;775590;670
201500032286;15;6;19;1740;1;2;1;1;6;482;6, MATHIAS GRUNEWALD (RU;M;4856758;772540;670
201500032287;15;6;19;2100;1;2;1;1;3;482;15, ALSACE (AVENUE D );M;4858703;776019;670
201500032288;15;6;20;1125;1;2;1;1;6;43;PERIGUEUX (AVENUE DE);M;4861407;775145;670
201500032289;15;6;20;306;5;2;1;1;6;482;103, GRAND RUE;M;4858131;774476;670
201500032290;15;6;25;940;1;2;1;1;6;482;0, ROYAL (PONT);M;4858426;775873;670
201500032291;15;6;25;1700;1;2;1;1;3;482;55, MARCHE GARE (RUE DU);M;4859737;773633;670
201500032292;15;6;25;1850;1;2;1;1;3;482;14, OBERHAUSBERGEN (ROUT;M;4859215;771861;670
201500032293;15;6;25;2000;1;2;3;1;3;218;196, LYON (RTE DE);M;4852133;770523;670
201500032294;15;6;26;1615;1;2;1;1;6;447;93, GENERAL DE GAULLE (R;M;4860616;773605;670
201500032295;15;6;28;1805;1;2;3;1;3;482;ARMANDE BEJART (RUE);M;4859260;771134;670
201500032296;15;6;29;740;1;2;1;1;3;43;20, PERIGUEUX (AVENUE DE;M;4861420;774902;670
201500032297;15;6;29;1923;1;2;1;1;6;482;36, PREMIERE ARMEE (RUE;M;4857577;775292;670
201500032298;15;6;30;830;1;2;1;1;6;482;0, RHIN TORTU (RUE DU);M;4854833;775810;670
201500032299;15;7;1;825;1;2;1;1;5;482;37, PLAINE DES BOUCHERS;M;4856932;773630;670
201500032300;15;7;1;1510;1;2;2;1;3;482;AUSTERLITZ (PLACE D );M;4857756;775300;670
201500032301;15;7;1;1625;1;2;3;1;3;482;0, BORDEAUX (PLACE DE);M;4859367;775805;670
201500032302;15;7;2;2010;1;2;1;1;1;482;0, PAUL DOPF;M;4855504;776812;670
201500032303;15;7;3;930;1;2;3;1;3;482;0, LORIENT (RUE DE);;;;670
201500032304;15;7;3;2345;5;2;2;1;3;482;0, CORBEAU (PONT);M;4857940;775083;670
201500032305;15;7;4;2330;5;2;1;1;6;204;0, TROIS MAIRES (RUE DES;M;4862590;777780;670
201500032306;15;7;6;723;1;2;2;1;3;482;HOPITAL (ROUTE DE L );M;4857463;774980;670
201500032307;15;7;6;945;1;2;1;1;1;482;0, MONTAGNE VERTE (RUE D;M;4856970;772862;670
201500032308;15;7;6;1715;1;2;1;1;3;482;0, COLMAR (AVENUE DE);M;4854858;774094;670
201500032309;15;7;7;1000;1;2;1;1;2;482;0, HEYRITZ (TUNNEL DU);M;4857173;774935;670
201500032310;15;7;7;1850;1;2;2;1;3;482;0, BUCAREST (RUE DE);M;4856886;777707;670
201500032311;15;7;7;2000;1;2;1;1;6;482;182, ROMAINS (ROUTE DES);M;4857879;770019;670
201500032312;15;7;8;810;1;2;2;1;3;447;20, TRIBUNAL (RUE DU);M;4860327;775593;670
201500032313;15;7;8;1540;1;2;1;1;6;482;0, KLEBER (QUAI);M;4858570;0;670
201500032314;15;7;10;1020;1;2;1;1;1;482;0, RACINE (AVENUE);M;4859158;770588;670
201500032315;15;7;10;1740;1;2;2;1;3;218;0, BURKEL (ROUTE);M;4852742;771831;670
201500032316;15;7;11;300;5;2;1;1;6;482;0, MITTELHAUSBERGEN (ROU;M;4859121;772772;670
201500032317;15;7;14;2040;1;2;1;1;6;482;0, NORMANDIE (AVENUE DE);M;4854910;775389;670
201500032318;15;7;15;1040;1;2;1;1;2;482;35, VOSGES (AVENUE DES);M;4858925;775238;670
201500032319;15;7;15;1830;1;2;2;1;3;482;0, KEMPF (RUE);M;4860386;778757;670
201500032320;15;7;16;1346;1;2;3;1;3;43;BISCHWILLER (ROUTE DE);M;4861188;775113;670
201500032321;15;7;17;2050;1;2;3;1;3;482;0, GALILEE (RUE);M;4860085;771583;670
201500032322;15;7;20;930;1;2;1;1;6;482;83, SCHIRMECK (ROUTE DE);M;4857267;771615;670
201500032323;15;7;20;2002;1;2;1;1;3;482;0, GEORGES WODLI (RUE);M;4858801;775880;670
201500032324;15;7;24;1710;1;2;3;1;5;267;0, PIERRE PFIMLIN (ALLEE;M;4855329;769327;670
201500032325;15;7;25;1044;1;2;3;1;3;482;16/18, WASSELONNE (RUE D;M;4857940;773287;670
201500032326;15;7;27;1530;1;2;1;1;3;204;20, BRUMATH (ROUTE DE);M;4862089;773090;670
201500032327;15;7;28;1515;1;2;1;1;3;482;0, HAVRE (RUE DU);M;4856960;778092;670
201500032328;15;7;31;1325;1;2;2;1;3;482;0, COLMAR (AVENUE DE);M;4854903;774101;670
201500032329;15;8;1;45;5;2;1;1;4;447;0, PIERRE MENDES FRANCE;M;4860667;776164;670
201500032330;15;8;1;1750;1;2;2;1;3;482;MOLSHEIM (RUE DE);M;4857908;773489;670
201500032331;15;8;2;1620;1;2;2;1;3;447;0, ZORN (RUE DE LA);M;4860963;776510;670
201500032332;15;8;3;1500;1;2;1;1;4;482;D1004;M;4857230;779807;670
201500032333;15;8;5;800;1;2;2;1;3;482;0, PAIX (AVENUE DE LA);M;4858860;775495;670
201500032334;15;8;5;1705;1;2;1;1;6;482;0, VIENNE (ROUTE DE);M;4857284;775557;670
201500032335;15;8;10;1640;1;2;2;1;6;482;0, COLMAR (AVENUE DE);M;4856135;775151;670
201500032336;15;8;11;1420;1;2;1;1;6;482;0, OBERHAUSBERGEN (ROUTE;M;4859088;772512;670
201500032337;15;8;18;900;1;2;1;1;3;482;COLMAR (AVENUE DE);;;;670
201500032338;15;8;20;35;5;2;2;1;3;482;67, JACQUES KABLE (RUE);M;4859326;775260;670
201500032339;15;8;23;2130;5;2;1;2;3;218;42, LYON (RTE DE);M;4853444;772354;670
201500032340;15;8;25;1335;1;2;1;1;1;482;0, LOUIS PASTEUR (PONT);M;4857477;773657;670
201500032341;15;8;25;2035;2;2;1;1;3;482;89, NEUHOF (ROUTE);;;;670
201500032342;15;8;27;555;5;2;2;1;3;482;0, UNTERELSAU (RUE DE L;M;4856650;772785;670
201500032343;15;8;28;1015;1;2;1;2;6;482;0, COLMAR (AVENUE DE);M;4856375;775294;670
201500032344;15;8;28;2220;5;2;1;1;6;482;0, PRESIDENT WILSON (BOU;M;4858615;773708;670
201500032345;15;8;29;1530;1;2;1;1;5;43;8, BRUMATH (ROUTE DE);M;4861536;773205;670
201500032346;15;8;30;150;5;2;1;1;6;482;14, OBSERVATOIRE (RUE DE;M;4858229;776943;670
201500032347;15;9;2;1340;1;2;2;1;3;365;0, ALFRED KASTLER (RUE);M;4853471;769441;670
201500032348;15;9;3;1500;1;2;1;1;1;482;0, RENAISSANCE (RUE DE L;M;4861368;179141;670
201500032349;15;9;3;1534;1;2;1;1;6;218;93, STRASBOURG (AVENUE D;M;4853120;773266;670
201500032350;15;9;3;1610;1;1;1;1;6;218;0, FORT UHRICH (ROUTE DU;M;4850915;773215;670
201500032351;15;9;3;2000;5;2;1;1;3;482;0, BADEN POWELL (RUE);M;4859544;769185;670
201500032352;15;9;3;2010;5;2;1;1;1;482;4, ALEXANDRE DUMAS (RUE);M;4858970;769840;670
201500032353;15;9;3;2145;5;2;1;1;6;365;119, GENERAL LECLERC (RU;M;4855145;771134;670
201500032354;15;9;6;301;5;2;1;1;6;218;15, ROSEAUX (RUE DES);M;4851881;771926;670
201500032355;15;9;7;911;1;2;1;1;6;482;2bis, MASSENET (RUE);M;4858850;777116;670
201500032356;15;9;7;1200;1;2;1;1;6;447;0, BISCHWILLER (ROUTE DE;M;4859729;774172;670
201500032357;15;9;8;1630;1;2;1;1;6;482;0, ROBERTSAU (ALLEE DE L;M;4858781;776485;670
201500032358;15;9;8;1740;1;2;1;1;2;482;0, KOENIGSHOFFEN (RUE DE;;;;670
201500032359;15;9;8;2145;5;2;1;1;1;267;0, SCHUMANN (AVENUE);;;;670
201500032360;15;9;10;745;1;1;1;1;6;482;0, HAGUENAU (PLACE DE);M;4859271;774367;670
201500032361;15;9;10;1200;1;2;2;1;6;447;0, MARAIS (RUE DU);M;4860962;776515;670
201500032362;15;9;12;1415;1;2;1;1;6;482;0, HELBLING (QUAI JEANNE;M;4857336;776426;670
201500032363;15;9;14;1720;1;2;3;2;5;482;0, FAUBOURG DE PIERRE (P;M;4859422;775330;670