num_acc;an;mois;jour;hrmn;lum;agg;int;atm;col;com;adr;gps;lat;long;dep
201500032364;15;9;14;1720;1;2;2;1;3;204;0, FONTAINE (RUE DE LA);M;4862311;773064;670
201500032365;15;9;14;1730;1;2;2;1;3;218;0, BURKEL (ROUTE);M;4852744;771825;670
201500032366;15;9;15;1400;1;2;1;1;6;482;1, GEORGES WODLI (RUE);M;4873823;773823;670
201500032367;15;9;15;1540;1;2;1;2;3;482;6, JACQUES PREISS (BOULE;M;4859189;776216;670
201500032368;15;9;16;1522;1;2;1;1;3;482;223, COLMAR (AVENUE DE);;;;670
201500032369;15;9;17;820;1;2;2;2;3;204;0, GENERAL DE GAULLE (AV;M;4861948;776463;670
201500032370;15;9;17;1830;2;2;2;1;3;482;15, WASSELONNE (RUE DE);M;4857925;773338;670
201500032371;15;9;18;930;1;2;1;1;3;482;0, RHIN (ROUTE DU);M;4857350;779796;670
201500032372;15;9;18;1245;1;2;1;1;6;482;3, HALDENBOURG (PLACE DE;;;;670
201500032373;15;9;18;1355;1;2;3;1;3;482;, GANZAU (RUE DE LA);;;;670
201500032374;15;9;19;1730;1;2;2;1;3;482;0, DORDOGNE (BOULEVARD D;M;4858979;776716;670
201500032375;15;9;19;2025;5;2;2;1;3;482;0, GARE AUX MARCHANDISES;M;4859204;773335;670
201500032376;15;9;20;20;5;2;2;1;3;482;0, PAPETERIE (RUE DE LA);M;4861136;778120;670
201500032377;15;9;21;1405;1;2;2;1;3;482;0, PRESIDENT POINCARE (B;M;4858989;774241;670
201500032378;15;9;21;1520;1;2;1;1;2;482;0, PRESIDENT WILSON (BOU;M;4858707;773823;670
201500032379;15;9;21;1605;1;2;2;1;6;482;0, LEBLOIS (BOULEVARD);M;4858122;777015;670
201500032380;15;9;22;800;1;2;1;1;2;482;0, DOUBS (RUE DU);M;4855473;773355;670
201500032381;15;9;23;1010;1;2;1;2;1;482;6, ZELLENBERG (RUE DE);M;4856418;776693;670
201500032382;15;9;23;1800;1;2;1;1;1;482;3, DANUBE (PONT DU);M;4860351;771224;670
201500032383;15;9;23;2235;5;2;1;1;6;482;0, SCHIRMECK (ROUTE DE);M;4856267;769971;670
201500032384;15;9;24;1350;1;2;3;1;6;482;161, ROMAINS (ROUTE DES);M;4857809;770080;670
201500032385;15;9;24;2015;5;2;1;1;6;43;4, VERLAINE (RUE);M;4861279;773645;670
201500032386;15;9;24;2035;5;2;2;1;3;482;0, WASSELONNE (RUE DE);M;4857951;773091;670
201500032387;15;9;25;630;5;2;3;1;6;482;1, DOUBS (RUE DU);M;4856930;773539;670
201500032388;15;9;25;1720;1;2;1;1;3;482;9A, CERF BERR (RUE);;;;670
201500032389;15;10;1;815;1;2;1;1;3;482;6, ROMAINS (ROUTE DES);M;4858026;772041;670
201500032390;15;10;1;1230;1;2;3;1;1;218;0, STRASBOURG (AVENUE DE;M;4854342;773634;670
201500032391;15;10;1;1800;1;2;1;1;6;482;ROMAINS (ROUTE DES);M;4857838;770821;670
201500032392;15;10;1;2130;5;2;1;1;6;365;127, GENERAL LECLERC (RU;M;4855240;771183;670
201500032393;15;10;2;815;1;2;3;1;3;482;0, ERNEST MUNCH (RUE);M;4858230;775727;670
201500032394;15;10;3;216;5;2;1;1;6;447;143, GENERAL DE GAULLE (;M;4861045;773389;670
201500032395;15;10;4;1100;1;2;2;1;3;43;0, BISCHWILLER (ROUTE DE;M;4861410;775219;670
201500032396;15;10;5;2000;5;2;1;2;6;482;4, GENERAL OFFENSTEIN (R;M;4855765;774910;670
201500032397;15;10;7;1100;1;2;1;1;6;482;3, FAUBOURG DE PIERRE (R;M;4858725;774631;670
201500032398;15;10;7;1145;1;2;3;1;3;204;0, WANTZENAU (ROUTE DE L;M;4863757;777780;670
201500032399;15;10;7;1715;1;1;2;1;1;482;0, DUCS (RUE DES);M;4859078;771593;670
201500032400;15;10;8;640;5;2;5;1;1;482;0, PRESIDENT POINCARE (B;M;4858953;774089;670
201500032401;15;10;8;1700;1;2;3;1;3;482;0, HOCHFELDEN (RUE DE);M;4859538;772790;670
201500032402;15;10;10;1300;1;2;1;1;4;482;0, HERRENSCHMIDT (AVENUE;M;4859833;775381;670
201500032403;15;10;12;1210;1;2;2;1;3;482;0, ANVERS (BOULEVARD D );M;4858542;777238;670
201500032404;15;10;16;800;2;2;1;1;6;482;0, LANDSBERG (RUE DU);M;4856968;776329;670
201500032405;15;10;19;1105;1;2;1;1;6;482;0, LANDSBERG (RUE DU);M;4857075;776418;670
201500032406;15;10;19;1430;1;2;1;1;6;482;26, HERRADE (RUE);M;4858345;771519;670
201500032407;15;10;19;1800;1;2;6;1;3;482;0, RENAISSANCE (RUE DE L;M;4861247;778781;670
201500032408;15;10;24;2325;5;2;1;1;3;482;0, SEBASTIEN BRANT (PLAC;M;4858652;776222;670
201500032409;15;10;26;1935;5;2;2;5;3;267;0, SCHUMANN (AVENUE);;;;670
201500032410;15;10;30;2005;5;2;3;1;3;447;0, GENERAL DE GAULLE (RO;M;4860506;773758;670
201500032411;15;10;30;1525;1;2;1;1;6;267;21, KOENIGSHOFFEN (RUE D;M;4855997;768161;670
201500032412;15;11;2;1520;1;2;2;1;3;482;0, rue Edmond Michelet;M;4857451;776695;670
201500032413;15;11;2;1925;3;1;1;5;5;482;0, LA ROCHELLE (RUE DE);M;4850410;776802;670
201500032414;15;11;4;1545;1;2;1;1;4;482;0, VAUBAN (PONT);M;4858069;777258;670
201500032415;15;11;4;1735;5;2;3;1;3;218;0, LYON (RTE DE);M;4853337;772187;670
201500032416;15;11;7;350;5;2;2;8;6;482;0, LA ROCHELLE (RUE DE);M;4852498;777883;670
201500032417;15;11;7;1115;1;2;2;1;2;482;FORET NOIRE (AVENUE DE L;M;4858307;777223;670
201500032418;15;11;9;745;1;2;1;1;5;482;0, AUVERGNE (PONT D );M;4858550;776006;670
201500032419;15;11;10;840;1;2;1;1;1;482;56, GRAND RUE;M;4858222;774143;670
201500032420;15;11;10;1700;2;2;2;1;3;482;0, CARPE HAUTE (RUE DE L;M;4859574;778660;670
201500032421;15;11;11;320;5;2;1;1;1;447;136, BISCHWILLER (ROUTE;M;4860761;774977;670
201500032422;15;11;11;1720;5;2;1;1;2;482;35, BALDNER (RUE);M;4856860;776080;670
201500032423;15;11;16;1430;1;2;1;1;3;482;0, ANVERS (BOULEVARD D );M;4858435;777340;670
201500032424;15;11;18;1940;5;2;2;1;3;482;1, JEU DES ENFANTS (RUE;M;4858350;774180;670
201500032425;15;11;19;1955;5;2;1;2;6;482;0, LANDSBERG (RUE DU);M;;;670
201500032426;15;11;20;1000;1;2;3;3;3;482;0, MITTELHAUSBERGEN (ROU;M;4859787;771450;670
201500032427;15;11;21;1130;1;2;1;2;3;218;79, LYON (RTE DE);M;;;670
201500032428;15;11;22;125;5;2;1;1;6;482;BOEUFS (RUE DES);;;;670
201500032429;15;11;24;1730;5;2;2;1;3;482;0, PROVENCE (RUE DE);M;4854589;775822;670
201500032430;15;11;25;1740;5;2;1;2;6;482;0, GANZAU (RUE DE LA);M;4854047;776157;670
201500032431;15;11;25;1910;5;2;1;2;6;482;7, KOCH (QUAI);M;4858510;775873;670
201500032432;15;11;27;2310;5;2;3;1;6;482;0, STOSSWIHR (RUE DE);M;4856808;777360;670
201500032433;15;11;30;1040;1;2;2;1;3;482;0, WISSEMBOURG (RUE DE);M;4898927;774096;670
201500032434;15;12;1;900;1;2;1;1;3;482;0, DANUBE (PONT DU);M;4857848;778283;670
201500032435;15;12;1;1525;1;2;1;1;2;482;0, ALPES (QUAI DES);M;4857496;776360;670
201500032436;15;12;2;1810;5;2;1;1;6;218;0, CEINTURE (RUE DE LA);M;4852340;772514;670
201500032437;15;12;2;2020;5;2;2;1;3;482;0, MOLIERE (AVENUE);M;4859495;770737;670
201500032438;15;12;3;730;2;2;1;1;1;482;0, RHIN (AVENUE DU);M;4857344;779835;670
201500032439;15;12;3;1320;1;2;2;1;6;204;0, GENERAL DE GAULLE (AV;M;4861938;776456;670
201500032440;15;12;5;2310;5;2;2;1;1;482;0, WASSELONNE (RUE DE);M;4857953;773073;670
201500032441;15;12;6;700;2;2;2;1;3;482;0, ROMAINS (ROUTE DES);M;4858008;771899;670
201500032442;15;12;11;950;1;2;1;1;6;482;106, ZIEGELAU (RUE DE LA;M;4856691;777226;670
201500032443;15;12;13;1330;1;2;1;1;6;482;0, HOLTZHEIM (RUE DE);M;4856558;770270;670
201500032444;15;12;14;1320;1;1;1;1;3;447;45, GENERAL DE GAULLE (R;M;4860132;773905;670
201500032445;15;12;15;2200;5;2;2;1;3;482;34, HOPITAL (ROUTE DE L;M;4857312;775018;670
201500032446;15;12;16;1820;5;2;1;1;2;482;ALPES (QUAI DES);;;;670
201500032447;15;12;17;1715;2;2;1;1;3;482;9A, CERF BERR (RUE);M;4858718;769043;670
201500032448;15;12;17;1730;5;2;6;1;6;218;1, PEAGE (PONT DU);M;4851906;770316;670
201500032449;15;12;17;1715;5;2;3;1;6;482;0, NEUHOF (ROUTE);M;4854623;776551;670
201500032450;15;12;18;2155;5;2;1;1;2;482;77, FORET NOIRE (AVENUE;M;4858070;777686;670
201500032451;15;12;19;1415;1;2;1;1;3;482;0, PROVENCE (RUE DE);M;4854585;775803;670
201500032452;15;12;20;1645;5;2;3;1;3;482;0, RHIN (ROUTE DU);M;4857045;778505;670
201500032453;15;12;20;1730;5;2;2;1;3;482;JULES VEDRINES (RUE);M;4855451;776898;670
201500032454;15;12;21;1345;1;2;1;1;3;482;0, BRUMATH (ROUTE DE);M;4859628;774211;670
201500032455;15;12;21;1550;1;2;3;1;3;447;0, GENERAL DE GAULLE (RO;M;4861375;773296;670
201500032456;15;12;23;1145;1;2;3;1;6;204;0, CHENE (RUE DU);M;4862741;775955;670
201500032457;15;12;23;1520;1;2;1;1;3;447;0, LOUIS PASTEUR (RUE);M;4860097;775103;670
201500032458;15;12;27;1520;1;2;1;1;6;482;0, RACINE (AVENUE);M;4859600;769852;670
201500032459;15;12;31;1930;5;1;9;1;3;301;LEOBERT;M;0;0;260
201500032460;15;8;9;200;3;1;1;1;7;648;RD 26;M;4857400;237800;910
201500032461;15;8;29;1115;1;2;1;1;3;235;rue andrй(c) malraux;M;0;0;910
201500032462;15;10;12;845;1;1;1;1;2;86;Rond point dйchetterie;M;0;0;910
201500032463;15;10;14;115;5;2;1;1;1;235;rue Clйment Ader;M;0;0;910
201500032464;15;12;9;800;2;2;1;1;6;340;avenue du 08 mai 1945;M;0;0;910
201500032465;15;9;6;2330;3;1;1;1;6;265;;M;5064747;220067;620
201500032466;15;9;9;845;1;1;1;1;6;837;;M;5064446;201475;620
201500032467;15;12;4;845;1;2;1;1;3;66;1, SELESTAT (ROUTE DE);M;4808169;736382;680
201500032468;15;3;19;2115;5;2;3;1;3;66;68, NORD (RUE DU);M;4808108;735878;680
201500032469;15;12;20;920;1;1;2;1;2;66;115, LADHOF DEVIEE (RUE;M;4810737;738496;680
201500032470;15;3;25;450;5;2;2;1;3;66;52, NEUF BRISACH (ROUTE;M;4808002;736866;680
201500032471;15;4;7;1003;1;2;1;1;6;66;LIBERTE (AVENUE) 39;M;4807714;733696;680
201500032472;15;5;12;1830;1;2;1;1;6;66;1, SCHEURER KESTNER (PLA;M;4808165;735637;680
201500032473;15;5;19;1638;1;2;1;1;6;66;12, 1ERE ARMEE FRANCAISE;M;4808439;735682;680
201500032474;15;11;12;1810;2;2;1;1;6;66;13, STANISLAS (RUE);;;;680
201500032475;15;5;9;1100;1;2;1;1;6;66;11, KIENER (RUE ANDRE);M;4810050;736917;680
201500032476;15;6;24;1435;1;2;1;1;6;66;16, GRUNEWALD (RUE MATHI;M;4808148;736153;680
201500032477;15;6;27;635;2;2;1;1;6;66;20, LIBERTE (AVENUE DE L;M;4807610;733983;680
201500032478;15;7;12;1910;1;1;1;1;1;66;12, RD45;;;;680
201500032479;15;7;23;740;1;2;3;1;6;66;18, POINCARE (AVENUE RAY;M;4807080;735138;680
201500032480;15;8;26;745;1;1;1;1;2;66;16 RD45;M;0;0;680
201500032481;15;9;2;2000;2;1;3;1;1;66;LADHOF DEVIEE (RUE DU);M;4810636;738924;680
201500032482;15;9;15;1620;1;2;3;1;3;66;42, CLEMENCEAU (AVENUE G;M;4806940;735872;680
201500032483;15;10;7;1225;1;1;1;1;6;66;42, HAUSENHARTH-WEG;M;4811710;735000;680
201500032484;15;11;3;1203;1;2;2;1;3;66;7/10, SCHLUMBERGER (RUE;M;4807143;734988;680
201500032485;15;11;9;1005;1;2;1;1;2;66;PREMIERE ARMEE FRANCAISE;M;4808636;735819;680
201500032486;15;11;28;1255;1;1;1;1;6;66;16, RD45;M;4813494;745464;680
201500032487;15;11;30;1324;1;2;1;1;2;66;16, GRENOUILLERE (RUE DE;M;4807715;736288;680
201500032488;15;1;14;1110;1;2;2;1;3;66;2, INGERSHEIM (ROUTE D');M;4808155;735328;680
201500032489;15;1;23;1643;2;2;1;1;6;66;face au 18, POINCARE (AV;M;4807087;735137;680
201500032490;15;2;23;1450;1;1;1;1;6;66;14, RD45;M;4813917;745946;680
201500032491;15;3;25;1745;1;2;1;2;6;66;STRASBOURG ROUTE 18;M;4809066;736022;680
201500032492;15;9;1;1610;1;2;1;1;6;66;Nord RUE DU 32;M;4808029;736074;680
201500032493;15;1;1;15;5;2;3;1;6;224;86, COLMAR (AVENUE DE);M;4775535;733660;680
201500032494;15;3;5;1830;2;2;1;1;6;224;151, KINGERSHEIM (RUE DE;M;4777672;732872;680
201500032495;15;1;7;2355;5;2;1;1;6;224;SIPHON (RUE DU);M;4774925;732891;680
201500032496;15;3;16;1523;1;2;1;1;6;224;54, MARTIN (RUE JEAN);M;4775450;731004;680
201500032497;15;1;11;1655;2;2;1;1;6;224;3, FOCH (PONT);M;4774346;734314;680
201500032498;15;3;17;845;1;2;6;1;6;224;GAY-LUSSAC (RUE);M;4774230;733082;680
201500032499;15;1;14;1900;5;2;2;1;3;224;230, BELFORT (RUE DE);M;4773865;729523;680
201500032500;15;3;23;1638;1;2;1;1;6;224;33, MANEGE (RUE DU);M;4774089;733363;680
201500032501;15;1;21;1417;1;2;3;1;1;224;15, MONTAGNE (RUE DE LA);M;4773619;734072;680
201500032502;15;3;25;815;1;2;2;1;3;224;FRANKLIN (RUE);M;4775042;732995;680
201500032503;15;1;26;1430;1;2;1;2;6;224;24, NATIONS (BOULEVARD D;M;4773690;730192;680
201500032504;15;4;1;1620;1;2;1;1;6;224;3, TROIS-ROIS (RUE DES);M;4774413;733374;680
201500032505;15;1;30;1900;5;2;6;2;6;56;chemin des Cordiers;M;4772982;732146;680
201500032506;15;4;6;1900;1;2;2;1;3;224;STRASBOURG (RUE DE);M;4719416;745082;680
201500032507;15;2;15;550;5;2;1;9;6;224;1, EUROPE (BOULEVARD DE;M;4774946;734122;680
201500032508;15;4;8;1525;1;1;1;1;4;224;VOIE RAPIDE NORD SUD;;;;680
201500032509;15;4;9;1748;1;2;1;1;6;224;BOURGEOIS (RUE LEON);;;;680
201500032510;15;4;14;1815;1;2;2;1;3;224;LOTI PIERRE RUE 9;M;4773539;729784;680
201500032511;15;4;18;1500;1;2;1;1;6;224;22, THENARD (RUE);M;4775023;732578;680
201500032512;15;4;19;1900;1;2;1;1;6;224;10, PORTE DU MIROIR;M;4774249;733667;680
201500032513;15;4;21;1905;1;2;2;1;6;224;DIX-SEPT NOVEMBRE (RUE D;M;4774333;737169;680
201500032514;15;4;22;1935;1;2;1;1;6;224;5, AIGLE (RUE DE L');;;;680
201500032515;15;4;24;1650;1;2;3;1;6;224;1, ZIMMERMANN;M;4777524;732019;680
201500032516;15;4;29;900;1;1;1;1;4;224;AUTOROUTE A 36;M;4775120;728640;680
201500032517;15;4;29;1053;1;2;1;1;6;224;3, LUCELLE (RUE DE);M;4774592;733489;680
201500032518;15;4;29;1335;1;2;3;1;3;224;8, GASCOGNE (RUE DE);M;4772979;733946;680
201500032519;15;5;9;1917;1;2;2;1;6;224;13, CERF (RUE DU);M;4774856;732735;680
201500032520;15;5;10;1315;1;2;1;1;6;271;53, MODENHEIM (RUE DE);M;4775839;736638;680
201500032521;15;5;15;505;5;2;2;2;2;224;53, MARTIN (RUE JEAN);M;4775527;731183;680
201500032522;15;5;16;1205;1;1;1;1;6;224;110, KINGERSHEIM (RUE DE;;;;680
201500032523;15;5;17;1810;1;2;3;1;1;224;53, BRIAND (AVENUE ARIST;M;4774854;732461;680
201500032524;15;5;18;1820;1;2;1;1;6;224;60, BRIAND (AVENUE ARIST;M;4774885;732518;680
201500032525;15;5;19;1843;1;2;1;1;1;224;11, BLUM (RUE LEON);;;;680
201500032526;15;5;26;2200;5;2;2;1;3;224;32b, ROMAINS (RUE DES);M;4777463;731371;680
201500032527;15;5;29;1350;1;2;1;1;1;224;45, STOESSEL (BOULEVARD;M;4773845;731961;680
201500032528;15;5;30;1925;1;1;1;1;3;224;AUTOROUTE A 36;;;;680
201500032529;15;5;30;940;1;2;3;1;3;224;20, SINNE (RUE DE LA);;;;680
201500032530;15;6;2;1328;1;2;1;1;6;224;02, DESCARTES (RUE);M;4774900;732976;680
201500032531;15;6;3;1710;1;2;1;1;6;224;45, GRUNEWALD (RUE MATHI;M;4773614;729626;680
201500032532;15;6;4;1500;1;2;3;1;3;224;FORST (QUAI DU);M;4775311;732754;680
201500032533;15;6;5;1800;1;2;1;1;6;224;91, LEFEBVRE (RUE);M;4776231;733854;680
201500032534;15;6;6;1115;1;1;1;1;6;224;159, BALE (RUE DE);;;;680
201500032535;15;6;4;1230;1;2;3;1;1;224;MARTYRS (RUE DES);;;;680
201500032536;15;6;19;1320;1;2;1;1;6;256;3, KINGERSHEIM (RUE DE);M;4777189;730645;680
201500032537;15;6;19;2310;3;1;1;1;6;224;AUTOROUTE A 36;M;4775644;729954;680
201500032538;15;6;24;1255;1;1;2;1;3;224;61, MEYER (RUE ROBERT);M;4777140;731361;680
201500032539;15;6;24;1755;1;2;1;1;3;224;17, ISLY (QUAI D');M;4773855;733361;680
201500032540;15;6;26;915;1;2;2;1;3;224;126, BRIAND (AVENUE ARIS;M;4774717;732037;680
201500032541;15;6;27;1310;1;2;1;1;6;224;08, EST (RUE DE L');M;4774571;734617;680
201500032542;15;7;6;2215;5;2;1;1;2;224;MITTERRAND (AVENUE FRANC;M;4774280;730942;680
201500032543;15;7;7;950;1;1;1;1;6;224;1, MITTERRAND (AVENUE FR;M;4773980;730311;680
201500032544;15;7;17;945;1;2;1;1;3;56;6, ASHE (rue Arthur);M;4772873;732002;680
201500032545;15;7;21;742;1;2;1;1;6;224;29, BRIAND (AVENUE ARIST;M;4774910;732602;680
201500032546;15;7;23;1915;1;2;2;1;1;224;BALE (RUE DE);M;4775160;735747;680
201500032547;15;7;24;2225;5;2;1;1;3;224;26, THANN (RUE DE);M;4775050;730511;680
201500032548;15;7;26;1520;1;2;1;1;3;224;34, SCHOEN (RUE ANNA);M;4775640;732614;680
201500032549;15;8;1;300;5;1;2;1;1;224;THANN (RUE DE);M;4775007;730567;680
201500032550;15;8;3;930;1;2;6;1;3;224;1, SOLEIL (RUE DU);M;4775393;731833;680
201500032551;15;8;3;2016;1;2;2;1;3;224;59, SCHOEN (RUE ANNA);M;4775729;732527;680
201500032552;15;8;13;1500;1;2;3;1;3;224;GAZ (RUE DU);M;4775306;733520;680
201500032553;15;8;16;1355;1;1;1;2;5;224;AUTOROUTE A 36;M;4776941;734029;680
201500032554;15;8;28;840;1;1;1;1;4;224;AUTOROUTE A 36;M;4777126;734296;680
201500032555;15;8;29;1405;1;2;2;1;1;224;HOFER (RUE JOSUE);;;;680
201500032556;15;9;23;35;5;2;1;2;6;224;31, GUEBWILLER (RUE DE);M;4774438;732219;680
201500032557;15;10;27;1010;1;2;6;1;7;224;02, SINNE (RUE DE LA);M;4774342;733431;680
201500032558;15;11;12;1545;1;2;4;7;5;224;ROMAINS (RUE DES);M;4777122;733143;680
201500032559;15;11;25;1945;5;2;1;3;3;224;5, SOULTZ (RUE DE);M;4776474;732232;680
201500032560;15;12;2;1030;1;2;6;1;6;224;VOIE RAPIDE OUEST;;;;680
201500032561;15;12;14;1006;1;2;1;1;6;224;ARSENAL (RUE DE L');M;4774679;733319;680
201500032562;15;12;18;1140;1;2;1;1;6;271;MULHOUSE (RUE DE);M;4774727;736268;680
201500032563;15;12;26;1105;1;2;2;1;3;224;QUATELBACH (ALLEE);M;4776252;735178;680
201500032564;15;2;12;950;1;2;3;1;6;297;1, CHARITE ( RUE DE LA );M;4757715;754981;680
201500032565;15;3;5;1805;1;2;3;1;1;297;DE GAULLE ( AVE DU GLE );M;4757850;754742;680
201500032566;15;8;3;1830;1;2;3;7;3;297;AEROPORT ( RUE DE );M;4760690;752575;680
201500032567;15;6;25;2215;2;2;3;1;3;297;17, BACHMANN ( RUE THEO;M;4758658;756086;680
201500032568;15;9;14;1205;1;2;1;1;3;149;26, ST-LOUIS ( RUE DE );M;4759190;757575;680
201500032569;15;11;14;1655;2;2;3;1;3;149;FRANCE (RUE DE) 1;M;4759200;758610;680
201500032570;15;12;3;2038;5;2;1;1;6;297;78, MULHOUSE ( RUE DE)JU;M;4759160;755733;680
201500032571;15;12;3;2125;5;2;3;1;6;297;19, PLATT ( RUE GUILLAUM;M;4758607;756035;680
201500032572;15;2;18;1805;5;2;1;1;4;166;0, MULHOUSE (FAUBOURG DE;M;4778327;733104;680
201500032573;15;12;31;1921;5;2;3;2;6;376;68, KINGERSHEIM (RUE DE);M;4780042;733691;680
201500032574;15;6;11;1340;1;2;6;1;3;166;KALIGONE;M;4778995;731528;680
201500032575;15;6;19;855;1;1;3;1;3;376;CROIX (RUE DE LA);M;4781932;733412;680
201500032576;15;10;5;1635;1;2;2;1;5;376;16, SAINT CLOUD (RUE DU);M;4781388;733783;680
201500032577;15;11;8;330;5;1;1;1;2;166;RD 430;M;4778156;732926;680
201500032578;15;12;9;1805;5;2;1;1;6;376;18, KINGERSHEIM (RUE DE);M;4780816;733778;680
201500032579;15;12;10;1600;1;2;6;1;3;166;GUEBWILLER (RUE DE);M;4778916;731555;680
201500032580;15;1;1;2110;5;2;3;2;3;271;0, BOULEVARD DU RAQUIN;M;4574410;497300;690
201500032581;15;1;8;1820;4;2;1;2;6;29;372, ROUTE DE GENAS;;;;690
201500032582;15;1;10;2020;5;2;1;1;1;29;296, ROUTE DE GENAS;M;4574970;491221;690
201500032583;15;1;19;1210;1;2;3;3;6;29;0, RUE LIONEL TERRAY;M;4572580;491316;690
201500032584;15;1;31;1630;1;2;1;2;2;29;., BOULEVARD DE L UNIVER;M;4572390;491725;690
201500032585;15;3;14;1830;1;2;1;1;6;29;0, BOULEVARD DES DROITS;;;;690
201500032586;15;2;13;1945;5;2;1;1;6;34;16, RUE PASTEUR;;;;690
201500032587;15;1;18;1305;1;2;1;1;4;34;74, MONTEE DES SOLDATS;M;4579770;485215;690
201500032588;15;1;19;1800;5;2;1;2;6;34;51 TER, RUE FRANCOIS PEI;M;4579810;484549;690
201500032589;15;1;27;1150;1;2;1;1;2;34;10B, MONTEE DES SOLDATS;M;4579320;485987;690
201500032590;15;2;2;1905;5;2;3;2;3;34;RUE COSTE;;;;690
201500032591;15;2;4;1400;1;2;1;1;3;34;43, RUE COSTE;;;;690
201500032592;15;2;4;2114;5;2;1;1;7;34;QUAI CLEMENCEAU;;;;690
201500032593;15;2;21;1040;1;2;1;2;6;34;AVENUE JEAN MONNET;;;;690
201500032594;15;2;23;1630;1;2;1;1;6;34;56, RUE JEAN MOULIN;;;;690
201500032595;15;3;4;1615;1;2;1;2;2;34;100, ROUTE DE STRASBOURG;;;;690
201500032596;15;3;13;2330;5;2;1;2;6;34;56, RUE COSTE;;;;690
201500032597;15;1;5;830;1;2;3;1;3;91;2 BIS, MARCEL CACHIN ( R;;;;690
201500032598;15;3;19;1815;1;2;1;1;6;91;ALLEE 16, PAIX (DE LA) (;M;4558490;475222;690
201500032599;15;1;13;1150;1;1;1;1;1;91;PAIX (DE LA) ( R );M;4558650;475532;690
201500032600;15;3;24;1830;1;2;9;1;1;91;CANAL (DU) (CH);M;4558880;476128;690
201500032601;15;1;14;1925;5;2;1;1;3;91;X, PAIX (DE LA) ( R );M;4558680;475615;690
201500032602;15;4;11;1755;1;2;7;1;3;91;11, HONORE PETETIN ( R );M;4559110;477261;690
201500032603;15;1;17;1840;5;2;6;8;7;91;MONTROND (DE) ( R );M;4558690;476126;690
201500032604;15;4;13;1450;1;2;1;1;2;96;24, BERTHELOT (MARCELIN);M;4559900;478456;690
201500032605;15;1;22;420;5;2;1;2;6;91;29, HONORE PETETIN ( R );M;4559310;477303;690
201500032606;15;4;20;935;1;2;2;1;3;91;, JEAN LIGONNET ( R );M;4559300;477022;690
201500032607;15;1;24;1840;3;2;1;9;6;96;88, JEAN LIGONNET ( R );M;4559230;477032;690
201500032608;15;4;23;1120;1;2;6;1;2;91;PAIX (DE LA) ( R );M;4558740;475843;690
201500032609;15;2;24;1155;1;2;1;1;2;91;x, VIEILLE DU BOURG  ( R;;;;690
201500032610;15;4;25;1145;1;2;1;1;4;91;x, PAIX (DE LA) ( R );M;4558410;474772;690
201500032611;15;2;24;1745;1;2;2;2;3;91;JEAN LIGONNET ( R );;;;690
201500032612;15;4;30;1550;1;2;3;1;6;91;9, GAGARINE (AV);M;4560010;476961;690
201500032613;15;2;27;910;1;2;2;2;3;91;JEAN LIGONNET ( R );;;;690
201500032614;15;3;6;1120;1;2;1;1;2;91;6, YVES FARGES ( R );;;;690
201500032615;15;3;12;105;5;1;1;1;6;91;24, ANATOLE FRANCE (AV);;;;690
201500032616;15;3;12;750;1;2;3;1;3;91;37, COTE A CAILLOUX (DE;;;;690
201500032617;15;3;13;1200;1;2;1;1;7;91;PAIX (DE LA) ( R );;;;690
201500032618;15;3;13;1625;1;2;1;1;6;91;x, BONNEBOUCHE (DE) (CH);;;;690
201500032619;15;6;5;2030;1;2;1;1;2;91;18, CACHIN ( RUE);M;4559510;476558;690
201500032620;15;6;7;1745;1;2;2;1;1;96;60, PASTEUR ( R );M;4560510;478025;690
201500032621;15;6;7;1745;1;2;3;1;6;91;FRATERNITE (DE LA) ( R );M;4559320;477161;690
201500032622;15;6;11;1252;1;2;1;1;1;91;PAIX (DE LA) ( R );M;4558600;475414;690
201500032623;15;6;20;2117;1;2;1;1;1;96;66, BOUTEILLER ( R );M;4560670;478986;690
201500032624;15;6;30;1545;1;2;1;1;6;91;48, JEAN LIGONNET ( R );M;4559420;476992;690
201500032625;15;7;4;2045;1;2;9;1;3;91;HONORE PETETIN ( R );M;4559100;477300;690
201500032626;15;7;8;1815;1;2;1;1;3;91;2, GEORGES LEVY (Q);M;4558570;477411;690
201500032627;15;7;9;2130;2;2;3;1;3;91;X, ROBICHON MALGONTIER (;M;4558100;477833;690
201500032628;15;7;10;1530;1;2;1;1;3;96;SEMARD (PIERRE) ( R );M;4562060;480161;690
201500032629;15;7;17;2040;1;2;1;1;1;91;13, DOCTEUR ROUX (DU) (;M;4560130;476111;690
201500032630;15;7;28;1735;1;2;3;1;6;96;89, SEMARD (PIERRE) ( R;M;4560910;479226;690