num_acc;an;mois;jour;hrmn;lum;agg;int;atm;col;com;adr;gps;lat;long;dep
201500032631;15;7;31;1100;1;1;1;1;7;91;ECHALAS (D');M;4557660;474982;690
201500032632;15;8;7;2100;2;2;1;1;6;96;19, CARACA ( R );M;4560840;479378;690
201500032633;15;8;8;900;1;1;1;1;6;91;X, LA CLUZELLE (LIEU D);;;;690
201500032634;15;8;11;815;1;2;1;1;6;91;4 TER, MARCEL CACHIN ( R;M;4535467;445592;690
201500032635;15;8;19;2130;5;2;3;1;3;91;22, YVES FARGES ( R );M;4559332;476424;690
201500032636;15;8;27;20;5;2;1;1;6;96;1, AMPERE ( R );M;4560982;478373;690
201500032637;15;9;7;920;1;2;1;1;6;96;68, BERTHELOT (MARCELIN);;;;690
201500032638;15;9;11;1345;1;2;3;1;6;91;1, SEMARD (PIERRE) ( R );;;;690
201500032639;15;9;16;845;1;1;1;1;3;91;, GEORGES LEVY (Q);M;4558610;477307;690
201500032640;15;9;17;1405;1;1;1;8;6;91;x, RIVE DE GIER (DE) (RT;M;4557570;471818;690
201500032641;15;9;22;1345;1;2;3;1;3;96;MARS 1962 (AVENUE DU 19);;;;690
201500032642;15;9;21;1410;1;2;1;1;6;96;1, RD 386 LE BOUTRAS;M;4560570;477189;690
201500032643;15;9;28;800;1;2;1;1;3;91;6, ROSENBERG (Q);M;4557960;478128;690
201500032644;15;10;14;1855;2;2;2;1;5;91;3, EDOUART IDOUX ( R );M;4559170;476183;690
201500032645;15;11;7;300;3;1;1;1;6;91;x, RIVE DE GIER (DE) (RT;M;4557950;472467;690
201500032646;15;11;18;730;1;2;1;1;2;91;45BIS, EDOUART IDOUX ( R;;;;690
201500032647;15;12;2;1525;1;2;1;1;6;91;02, ANATOLE FRANCE (AV);M;4557340;479308;690
201500032648;15;12;4;1405;1;2;1;1;4;96;MOULIN (JEAN) (AV);;;;690
201500032649;15;12;8;1555;1;2;1;1;6;96;05, MAYER  (ANDRE) ( R );M;4560880;479201;690
201500032650;15;12;20;1150;1;2;1;1;1;91;X, SEMARD (PIERRE) ( R );M;4558500;476449;690
201500032651;15;12;25;1430;1;2;1;1;3;91;MARECHAL LECLERC  (AV);M;4558843;477133;690
201500032652;15;12;26;1940;5;2;1;1;6;91;PAIX (DE LA) ( R );M;4558544;475197;690
201500032653;15;1;16;1250;1;2;1;3;6;381;57, REPUBLIQUE (DE LA);M;4577360;483023;690
201500032654;15;1;19;1950;5;2;1;2;6;202;38, VALIOUD;M;4578500;480502;690
201500032655;15;2;8;1112;1;2;1;1;6;202;50, GRANDE RUE;;;;690
201500032656;15;1;25;1700;1;2;1;2;3;202;CHATELAIN;M;4573090;479756;690
201500032657;15;1;26;1345;1;2;1;1;1;202;111-113, COMMANDANT CHAR;M;4574870;479027;690
201500032658;15;1;29;1930;2;2;1;3;2;202;AQUEDUC DE BEAUNANT (DE;;;;690
201500032659;15;2;2;2010;5;2;3;1;3;149;CAMILLE (DE LA);;;;690
201500032660;15;2;12;1610;1;1;1;1;6;152;AUTOROUTE A7;;;;690
201500032661;15;2;18;1140;1;2;1;1;6;149;44, GRANDE RUE;;;;690
201500032662;15;2;19;1300;1;2;1;1;6;149;74, CHARTON;;;;690
201500032663;15;2;27;1520;1;2;1;8;6;202;ST LUC;;;;690
201500032664;15;3;7;1825;2;2;1;1;6;202;37, COMMANDANT CHARCOT (;;;;690
201500032665;15;1;12;1725;5;2;1;1;6;256;., BALLAND;M;4577330;490810;690
201500032666;15;1;30;2000;5;2;3;2;6;256;., ROGER SALENGRO;M;4575610;492971;690
201500032667;15;2;24;1550;1;2;1;8;6;256;142, 8 MAI 1945 (DU);;;;690
201500032668;15;3;5;1850;5;2;1;1;3;256;2, HO CHI MINH;;;;690
201500032669;15;3;9;1140;1;2;8;1;3;256;41, POUDRETTE (DE LA);;;;690
201500032670;15;3;11;1825;2;2;2;1;6;256;0, CANUTS (DES);;;;690
201500032671;15;1;5;1800;3;2;1;1;2;123;RUE DE FOS SUR MER;M;4571300;483673;690
201500032672;15;1;6;740;2;2;1;5;6;259;0, BOULEVARD MARCEL SEMB;;;;690
201500032673;15;1;7;1030;1;2;1;1;6;259;0, AVENUE MARCEL PAUL;;;;690
201500032674;15;1;9;1920;5;2;1;1;6;199;JEAN JAURES;M;4571420;485491;690
201500032675;15;1;18;550;4;2;1;5;6;199;1, QUAI LOUIS AULAGNE;M;4568750;483925;690
201500032676;15;1;18;250;5;2;3;1;6;259;0, ROUTE DE VIENNE;M;4569570;486076;690
201500032677;15;1;20;1100;1;2;1;2;3;259;AVENUE PIERRE SEMARD;M;4570730;488194;690
201500032678;15;1;20;730;5;2;1;2;6;259;RUE DES COMBATS DU 24 AO;M;4571510;488495;690
201500032679;15;1;24;1615;1;2;1;2;1;276;0, ROUTE DE VIENNE;M;4568010;486128;690
201500032680;15;1;23;1700;1;2;1;1;6;123;136, IRENE JOLIOT CURIE;M;4571750;487688;690
201500032681;15;1;19;1120;1;2;1;1;2;259;0, AVENUE PIERRE SEMARD;M;4570720;487869;690
201500032682;15;1;21;950;1;2;6;2;1;290;0, AVENUE JACQUES DUCLOS;M;4569670;489389;690
201500032683;15;1;24;1900;5;2;1;2;6;259;0, BOULEVARD DE JODINO;M;4569150;488701;690
201500032684;15;1;29;720;2;2;1;1;6;259;0, BOULEVARD MARCEL SEMB;M;4571390;488710;690
201500032685;15;1;29;1900;5;2;3;3;5;199;RUE MARCEL SEMBAT;M;4571080;484918;690
201500032686;15;2;12;1730;2;2;2;1;3;259;364, ROUTE DE VIENNE;;;;690
201500032687;15;2;18;715;5;2;1;2;6;199;2, AVENUE JEAN JAURES;;;;690
201500032688;15;2;24;1915;5;2;3;2;3;199;0, AVENUE JEAN JAURES;;;;690
201500032689;15;2;28;1800;1;2;1;1;1;199;BOULEVARD YVES FARGE;;;;690
201500032690;15;4;7;2030;5;2;2;1;6;259;0, AVENUE DE LA REPUBLIQ;;;;690
201500032691;15;3;5;715;1;2;1;1;1;276;26, RUE JEAN BOUIN;;;;690
201500032692;15;3;11;1825;1;2;1;1;4;259;PONT BERLIET;;;;690
201500032693;15;3;12;950;1;2;3;1;6;259;0, AVENUE DE LA REPUBLIQ;;;;690
201500032694;15;3;6;925;1;2;1;1;6;259;20, BOULEVARD MARCEL SEM;;;;690
201500032695;15;3;6;900;1;2;1;1;3;199;RUE MATHIEU DUSSURGEY;;;;690
201500032696;15;3;7;1000;1;2;1;1;6;259;19, RUE GEORGES LYVET;;;;690
201500032697;15;3;9;1315;1;2;2;1;3;259;1, AVENUE MARCEL CACHIN;;;;690
201500032698;15;3;15;1615;1;2;1;1;3;259;82, CHEMIN DU CHARBONNIE;;;;690
201500032699;15;3;10;2200;5;2;1;1;6;259;RUE LEO LAGRANGE;;;;690
201500032700;15;6;1;1930;1;2;1;1;6;259;., JODINO (DE);;;;690
201500032701;15;6;3;2035;1;2;1;1;6;259;14, LEO LAGRANGE;;;;690
201500032702;15;6;4;1300;1;2;1;1;3;259;4, COMBATS DU 24 AOUT 19;;;;690
201500032703;15;6;4;1425;1;2;1;1;4;259;136, IRENE JOLIOT CURIE;;;;690
201500032704;15;6;4;2145;2;2;1;1;6;259;136, IRENE JOLIOT CURIE;;;;690
201500032705;15;6;17;1425;1;2;1;1;2;259;., JODINO (DE);M;4568740;488569;690
201500032706;15;6;15;1925;1;2;1;1;2;259;41, FRANCIS DE PRESSENSE;;;;690
201500032707;15;6;18;1150;1;2;2;1;3;259;., NORBERT KUGLER;;;;690
201500032708;15;6;19;2010;1;2;2;1;3;259;., MARCEL PAUL;;;;690
201500032709;15;6;22;625;1;2;4;1;6;259;., JONQUILLES (DES);;;;690
201500032710;15;6;22;800;1;2;1;1;2;259;., JULES GUESDE;;;;690
201500032711;15;6;22;1800;1;2;1;1;2;259;248, VIENNE (DE);;;;690
201500032712;15;6;29;1745;1;2;1;7;6;259;66, ERNEST RENAN;M;4572400;485828;690
201500032713;15;6;30;1655;1;2;1;1;3;259;341, VIENNE (DE);;;;690
201500032714;15;1;29;1900;5;2;1;3;6;115;353, HERRIOT EDOUARD  AV;M;4597870;472072;690
201500032715;15;4;3;800;1;2;1;8;1;115;560, ANSE (route d');M;4597590;471653;690
201500032716;15;1;23;1435;1;2;1;1;6;115;PONOT (RUE PIERRE);M;4597020;470648;690
201500032717;15;4;8;835;1;2;1;1;6;264;116, BERTHIER  PIERRE;;;;690
201500032718;15;2;12;940;1;2;2;1;6;264;TARARE  RUE DE;;;;690
201500032719;15;4;23;1530;1;1;1;1;6;264;1, BEAUREGARD DE ROUTE;M;4599890;473997;690
201500032720;15;2;23;730;1;2;2;1;6;264;RONCEVAUX R;;;;690
201500032721;15;4;17;1035;1;2;1;1;6;264;61, ANSE D'  (rue);M;4598510;471806;690
201500032722;15;6;9;1415;1;2;1;1;3;264;499, LIBERATION  AV DE L;;;;690
201500032723;15;7;18;1355;1;2;1;1;2;264;599, BERTHIER  PIERRE;M;4598550;472789;690
201500032724;15;6;9;1245;1;2;1;7;6;264;BURDEAU   BD ( HORS GEAN;;;;690
201500032725;15;9;20;1920;2;2;2;1;3;264;239, BERTHIER  PIERRE;;;;690
201500032726;15;10;1;630;3;2;1;1;6;264;925, EUROPE L'  AV DE;M;4599228;474224;690
201500032727;15;11;18;2350;5;1;1;1;7;13;LONGSARD (route de);M;4602760;469799;690
201500032728;15;11;17;710;5;2;1;1;2;92;TARARE (route de);M;4598164;469504;690
201500032729;15;12;3;1810;1;2;1;1;6;264;1520, FRANS ROUTE DE;M;4598399;474045;690
201500032730;15;12;24;1920;3;1;4;1;1;92;150, SOTIZON (chemin du);M;4597980;469447;690
201500032731;15;1;4;2055;5;2;1;1;6;256;185, AVENUE ROGER SALENG;M;4578540;488097;690
201500032732;15;12;31;1755;2;2;2;1;3;275;FRATERNITE (DE LA);M;0;0;690
201500032733;15;3;16;2245;5;2;2;1;1;266;LEON BLUM      (Rue);M;4576030;490081;690
201500032734;15;1;6;1640;1;2;2;1;2;266;0, RUE PIERRE VOYANT;;;;690
201500032735;15;3;17;1400;1;2;2;1;1;266;61, RACINE          (Rue;M;0;0;690
201500032736;15;1;11;1030;1;2;6;1;7;266;0, PLACE ALBERT THOMAS;M;4576880;487756;690
201500032737;15;3;18;1610;1;2;1;1;6;275;10, SULLY;M;4577170;497431;690
201500032738;15;3;18;1850;2;1;1;1;6;282;303, VERDUN (DE);M;4578970;502867;690
201500032739;15;1;17;1815;5;2;2;1;6;266;., AVENUE ROGER SALENGRO;M;4578100;488689;690
201500032740;15;3;19;1720;1;2;1;1;3;282;65, POMMIER (DE);M;4577680;500286;690
201500032741;15;3;24;810;1;2;1;8;6;266;157, TOLSTOI    (Cours);;;;690
201500032742;15;3;24;840;1;2;4;2;1;275;VERDUN (DE);M;4576440;496722;690
201500032743;15;1;31;1910;5;2;4;2;6;266;0, AVENUE ALBERT EINSTEI;M;4578280;488461;690
201500032744;15;3;25;1625;1;2;1;2;3;266;1, LOUIS GALVANI       (;;;;690
201500032745;15;2;3;1140;1;2;1;1;6;266;182, RUE DU 8 MAI 1945;;;;690
201500032746;15;3;27;600;2;2;2;8;3;256;68, BOLHEN   (DE);M;4576620;492850;690
201500032747;15;3;27;1315;1;2;1;1;2;266;LAURENT BONNEVAY    (Bou;M;0;0;690
201500032748;15;3;27;1735;1;2;9;1;6;266;166, FRANCIS DE PRESSENS;M;4576610;489920;690
201500032749;15;2;19;1435;1;2;3;1;2;266;19, RUE JEAN JAURES;;;;690
201500032750;15;3;28;1640;1;2;1;1;6;266;170, ROGER SALENGRO;M;4578135;488562;690
201500032751;15;2;24;550;5;2;3;1;6;266;0, RUE ALFRED DE MUSSET;;;;690
201500032752;15;3;18;750;1;2;1;1;2;271;DAUPHINE (DU);M;4573500;496443;690
201500032753;15;3;4;1715;1;2;2;1;1;266;0, COURS EMILE ZOLA;;;;690
201500032754;15;3;28;2310;5;2;3;1;3;29;0, GENAS (DE);;;;690
201500032755;15;3;31;1440;1;2;2;1;6;282;., VERDUN (DE);M;4577830;499475;690
201500032756;15;3;4;1955;5;2;3;1;3;266;10, RUE LEON BLUM;;;;690
201500032757;15;3;5;1810;1;2;3;1;6;266;117, RUE ANATOLE FRANCE;;;;690
201500032758;15;4;3;1845;1;2;2;1;3;256;0, CUZIN;M;4576920;492437;690
201500032759;15;3;7;2140;5;2;1;1;2;266;169, RUE LEON BLUM;;;;690
201500032760;15;4;5;1205;1;2;1;1;6;275;14, FRATERNITE (DE LA);M;4577140;495817;690
201500032761;15;3;9;2005;5;2;1;1;3;266;22, COURS EMILE ZOLA;;;;690
201500032762;15;4;6;1430;1;2;1;1;4;290;152, GRENOBLE (DE)  -  R;;;;690
201500032763;15;3;10;1430;1;2;3;1;6;266;0, RUE VICTOR SUBIT;;;;690
201500032764;15;4;6;1340;1;2;2;1;3;290;CITE BERLIET (DE LA);M;0;0;690
201500032765;15;4;8;830;1;2;3;1;3;290;JEAN JAURES;M;4569770;492867;690
201500032766;15;4;8;2120;5;2;2;1;3;271;., PROGRES (DU);M;4572440;497386;690
201500032767;15;4;9;327;5;2;6;1;6;266;.0, CANAL    (Rue du);M;4577130;490408;690
201500032768;15;4;8;1120;1;2;3;1;3;266;0, EMILE ZOLA     (Cours;M;4576780;488872;690
201500032769;15;4;9;1400;1;2;1;1;3;290;ALFRED DE VIGNY;M;4569930;493636;690
201500032770;15;4;10;1220;1;2;9;1;6;256;29, GENAS (DE);;;;690
201500032771;15;4;11;1855;1;2;1;1;3;29;., PINEL;M;4572610;488711;690
201500032772;15;4;6;1915;1;2;4;1;6;256;61-63, GENAS (DE);M;4574690;492442;690
201500032773;15;4;13;1840;1;2;1;1;3;282;PETIT MONTOUT (DU);M;4576340;499206;690
201500032774;15;4;13;1720;1;2;3;1;3;271;20, ARSONVAL (D');;;;690
201500032775;15;4;15;715;1;2;2;1;3;282;., POMMIER (DE);M;4578150;502330;690
201500032776;15;4;15;1440;1;2;9;1;6;275;, JEAN JAURES;;;;690
201500032777;15;4;16;2110;5;2;1;1;3;256;GUY MOQUET;;;;690
201500032778;15;4;16;2040;2;2;4;1;3;29;GENAS (DE);M;4574440;493147;690
201500032779;15;3;28;2040;5;2;1;1;3;266;216, LEON BLUM      (Rue;;;;690
201500032780;15;4;21;2030;2;2;2;1;3;256;., MARIUS GROSSO;;;;690
201500032781;15;4;22;640;2;2;1;1;3;266;21, CHARMETTES    (Rue d;M;4577097;486705;690
201500032782;15;4;22;725;2;2;6;1;3;271;0, RENE CASSIN;;;;690
201500032783;15;4;23;945;1;2;9;1;4;256;88, POUDRETTE (DE LA);;;;690
201500032784;15;4;25;1210;1;2;2;1;3;290;0, EDMOND ROSTAND;;;;690
201500032785;15;5;5;1355;1;2;3;1;6;256;., GUY MOQUET;M;4578530;491064;690
201500032786;15;5;6;820;1;2;4;1;3;29;0, FRANKLIN ROOSEVELT;M;4573550;490342;690
201500032787;15;5;6;2040;2;1;1;1;6;29;LAURENT BONNEVAY;M;4574590;490625;690
201500032788;15;5;10;1700;1;2;1;1;3;29;20, PIERRE BROSSOLETTE;M;4574600;491825;690
201500032789;15;5;10;1845;1;2;1;1;6;266;43, EUGENE REGUILLON;M;4576180;489769;690
201500032790;15;5;12;2013;1;2;9;1;6;29;05, MANEGE (DU);M;4572010;491517;690
201500032791;15;5;12;1925;1;2;1;1;3;266;14, ARTS      (Avenue de;;;;690
201500032792;15;5;15;1600;1;2;1;2;6;282;42, GAMBETTA;M;4576290;499536;690
201500032793;15;5;16;2050;1;1;1;1;6;266;LAFONTAINE     (rue);M;4575960;488192;690
201500032794;15;5;17;2145;4;2;6;1;3;266;ANTOINE DE SAINT EXUPERY;M;4575800;488153;690
201500032795;15;5;19;1630;1;2;1;1;3;266;19, ANTONIN PERRIN     (;;;;690
201500032796;15;5;22;2100;5;2;1;1;3;266;135, ROGER SALENGRO;M;4578180;488647;690
201500032797;15;5;23;1010;1;2;1;1;4;266;11, ALBERT EINSTEIN    (;M;4578420;488602;690
201500032798;15;5;26;1955;1;2;1;1;6;266;97, EMILE ZOLA     (Cour;M;4577091;487178;690
201500032799;15;5;27;2025;2;2;7;1;6;266;1, VALMY   (Place de);;;;690
201500032800;15;5;27;2115;5;2;2;1;3;266;121, TOLSTOI    (Cours);M;4576130;488344;690
201500032801;15;5;27;1750;1;2;1;1;3;266;4 AOUT 1789    (Rue du);M;4577046;490652;690
201500032802;15;5;27;633;1;2;6;1;2;290;22, PROGRES (DU);M;4571820;495381;690
201500032803;15;5;25;2210;5;2;2;1;3;275;., VAULX (DE);M;4577590;495308;690
201500032804;15;5;31;1535;1;2;1;1;6;256;51, GABRIEL PERI;M;4577610;491503;690
201500032805;15;5;30;1938;1;1;2;1;3;256;PAUL TESTE;M;4577430;491458;690
201500032806;15;6;1;600;2;2;1;1;6;275;283, JEAN JAURES;M;4577120;496568;690
201500032807;15;6;2;1630;1;2;1;1;6;275;0, FRANCISCO FERRER;M;4577480;497561;690
201500032808;15;6;2;2025;1;2;1;1;1;266;11, CITE SAINT JEAN    (;M;4577657;490120;690
201500032809;15;6;6;1915;1;2;2;1;3;266;22, ALLIES    (Rue des);;;;690
201500032810;15;6;5;1700;1;2;1;1;6;282;GARE (DE LA);M;4576660;502217;690
201500032811;15;5;29;1018;1;2;1;1;2;256;25, 8 MAI 1945 (DU);M;4578830;490436;690
201500032812;15;6;9;1155;1;2;7;1;6;282;LOUIS SAULNIER;M;4577420;501113;690
201500032813;15;6;10;2100;2;1;1;1;7;271;EPINE (DE L');M;4574340;498553;690
201500032814;15;4;28;1700;1;2;1;1;2;266;., GUSTAVE CHAMBOEUF;M;4577020;489925;690
201500032815;15;6;12;2050;1;2;2;2;3;256;GARIBALDI;M;4576650;493033;690
201500032816;15;6;13;1850;1;2;2;1;3;256;ROGER SALENGRO;M;4575352;492801;690
201500032817;15;6;13;2000;1;2;2;1;3;290;PORTE DES ALPES (DE LA);M;4571670;492808;690
201500032818;15;6;14;425;5;2;3;2;3;271;0, JEAN MERMOZ;M;4574320;493728;690
201500032819;15;6;17;2030;1;2;3;1;6;266;30, LEON BLUM      (Rue);;;;690
201500032820;15;6;18;1320;1;2;2;1;6;256;2, EMILE ZOLA;M;4577820;491736;690
201500032821;15;6;20;1510;1;2;1;1;1;256;27, EMILE ZOLA;M;4577750;491906;690
201500032822;15;6;22;1845;1;2;6;1;3;275;386, JEAN JAURES;;;;690
201500032823;15;6;23;1953;1;2;3;1;3;256;MAURICE THOREZ;M;4578780;491120;690
201500032824;15;6;24;910;1;2;2;1;3;290;PORTE DES ALPES (DE LA);;;;690
201500032825;15;6;25;2115;1;2;3;1;3;266;TOLSTOI    (Cours);M;4575990;488886;690
201500032826;15;6;26;1100;1;2;3;1;3;290;, AVIATION (DE L');M;4571760;493477;690
201500032827;15;6;24;820;1;1;1;1;6;290;ROSES (DES);M;4568751;494505;690
201500032828;15;6;7;1925;1;2;2;1;3;275;, EMILE ZOLA;M;4576400;495639;690
201500032829;15;6;23;1000;1;2;1;1;6;266;173, EMILE ZOLA     (Cou;M;4576950;487992;690
201500032830;15;6;18;2110;1;2;1;1;3;271;USINGEN (D');M;4573440;496603;690
201500032831;15;6;24;750;1;2;1;1;6;266;10, ANTONIN PERRIN     (;M;4576010;488478;690
201500032832;15;7;1;1040;1;2;1;1;6;275;1, FRATERNITE (DE LA);;;;690
201500032833;15;7;3;1450;1;2;1;1;4;290;EGALITE (DE L');M;4568670;495693;690
201500032834;15;6;29;1040;1;2;1;1;6;256;25, RABELAIS;M;4578570;491641;690
201500032835;15;7;4;1550;1;2;1;1;3;266;96, JARDINS    (Rue des);M;4577390;490233;690
201500032836;15;7;4;2100;2;2;2;1;3;266;DEDIEU     (Rue);M;4576970;487558;690
201500032837;15;6;16;645;1;1;2;1;1;290;0, DIDEROT;;;;690
201500032838;15;7;2;1200;1;2;3;1;3;266;57, FONTANIERES     (Rue;;;;690
201500032839;15;7;7;1440;1;2;1;1;6;266;69, 4 AOUT 1789    (Rue;M;4576479;488122;690
201500032840;15;7;8;2125;1;2;3;1;3;275;41, JEAN JAURES;M;4576840;494028;690
201500032841;15;7;9;815;1;2;7;1;6;266;., JEAN CHOREL    (Place;M;4577440;486511;690
201500032842;15;7;9;744;1;2;1;1;6;290;191, GRENOBLE (DE)  -  R;M;4571420;496620;690
201500032843;15;7;10;1900;1;2;2;1;2;290;CROIX ROUSSE (DE LA);M;4570450;495003;690
201500032844;15;7;12;2030;1;2;1;1;6;266;19, SOIE     (Rue de la);M;4576220;491669;690
201500032845;15;7;11;2240;4;2;1;1;3;29;GENAS (DE);M;4575102;490719;690
201500032846;15;7;14;310;5;2;1;1;3;275;JEAN JAURES;M;4576840;493942;690
201500032847;15;7;14;200;5;2;2;1;6;266;47, ANTONIN PERRIN     (;;;;690
201500032848;15;7;14;1805;1;2;3;1;3;275;139, JEAN JAURES;M;4576970;495036;690
201500032849;15;7;9;850;1;2;3;1;3;266;126, FRANCIS DE PRESSENS;M;4577100;489588;690
201500032850;15;7;7;1530;1;2;1;1;1;266;193, ROGER SALENGRO;M;4578160;488675;690
201500032851;15;7;16;1200;1;2;6;1;3;266;CHARPENNES    (Rond-P;M;4577700;487961;690
201500032852;15;7;15;1930;1;1;1;1;1;256;LOUIS DUCLOS PROLONGEE;M;4579710;492567;690
201500032853;15;7;18;1120;1;2;1;1;6;266;NIELS BOHR     (Boulevar;M;4578730;488222;690
201500032854;15;7;21;1655;1;2;6;7;2;256;PAUL MARCELLIN;M;4577590;493169;690
201500032855;15;7;21;2045;1;2;2;1;2;266;64, 11 NOVEMBRE 1918;;;;690
201500032856;15;7;22;2040;1;2;1;2;6;29;0, DROITS DE L'HOMME (DE;M;4573270;493108;690
201500032857;15;7;23;35;5;2;1;1;4;266;126, TOLSTOI    (Cours);;;;690
201500032858;15;7;20;730;1;1;1;1;6;290;75, HEYRIEUX (D');M;4568550;494736;690
201500032859;15;7;23;1200;1;2;1;1;3;256;8 MAI 1945 (DU);M;4578700;491822;690
201500032860;15;7;25;1930;1;2;1;1;3;290;0, NORMANDIE NIEMEN;M;4572540;493581;690
201500032861;15;7;25;1926;1;2;1;1;1;275;MACHET (DU);M;4578470;495953;690
201500032862;15;7;26;1915;1;2;2;1;3;29;0, FRANKLIN ROOSEVELT;;;;690
201500032863;15;7;6;1625;1;2;1;1;2;29;95, PINEL;M;4574060;489314;690
201500032864;15;7;28;1235;1;2;1;1;3;266;37, LOUIS GUERIN     (Ru;M;4577565;486005;690
201500032865;15;7;28;1930;1;2;3;1;3;282;VERDUN (DE);M;4578180;500414;690
201500032866;15;7;29;1035;1;2;9;2;2;275;160, JEAN JAURES;M;4576990;495195;690
201500032867;15;8;7;400;5;2;1;1;6;266;4, LOUIS BRAILLE     (Ru;;;;690
201500032868;15;8;8;1350;1;2;3;1;3;290;26, CLAUDE FARRERE;;;;690
201500032869;15;8;9;800;1;2;3;1;6;282;09, GRAVIER BLANC (DU);M;4578710;500265;690
201500032870;15;8;7;815;1;2;3;1;6;290;JEAN JAURES;M;4569690;494075;690
201500032871;15;8;10;1525;1;2;1;8;6;290;21, 8 MAI 1945 (DU);M;4569110;494850;690
201500032872;15;8;11;2045;1;2;2;1;2;256;21, REPUBLIQUE (DE LA);M;4578663;492101;690
201500032873;15;8;12;350;3;2;1;1;6;290;ANDRE BOULLOCHE;M;4572060;492894;690
201500032874;15;8;19;1245;1;2;3;1;3;266;287, LEON BLUM  (Rue;M;4576350;491467;690
201500032875;15;8;20;220;5;2;1;1;6;256;24, ALFRED DE MUSSET;;;;690
201500032876;15;8;20;925;1;2;1;1;2;282;REPUBLIQUE (DE);M;4576920;498861;690
201500032877;15;8;20;2300;5;2;3;1;3;266;287, 4 AOUT 1789    (Rue;M;4576260;490161;690
201500032878;15;8;22;1550;1;2;9;1;6;266;STALINGRAD    (Boulevard;M;4577945;485951;690
201500032879;15;8;24;1605;1;1;1;1;6;256;11, GARIBALDI;M;4576690;493119;690
201500032880;15;8;29;1350;1;2;6;1;3;266;34, FRANCIS DE PRESSENSE;M;4577181;486974;690
201500032881;15;8;28;1545;1;2;2;1;3;266;., 8 MAI 1945   (Rue du);M;4578220;489089;690
201500032882;15;8;31;1752;1;2;1;1;2;266;15, MARC SANGNIER    (Av;M;4575900;487847;690
201500032883;15;7;26;1710;1;1;1;1;3;266;1, CANAL    (Rue du);M;4578563;489383;690
201500032884;15;9;1;1550;1;2;1;8;3;290;12, MIONS (DE);;;;690
201500032885;15;9;3;1020;1;2;3;1;1;266;12, FLACHET    (Rue);;;;690
201500032886;15;7;26;1540;1;2;9;1;6;266;26-28, TOLSTOI    (Cours;;;;690
201500032887;15;9;12;50;5;1;6;1;6;256;8 MAI 1945 (DU);;;;690
201500032888;15;9;12;1415;1;2;1;2;6;266;16, PAUL VERLAINE;M;4576797;488014;690
201500032889;15;9;12;2030;5;2;1;2;6;275;274, JEAN JAURES;M;4577102;496369;690
201500032890;15;9;12;2107;5;2;8;3;6;266;112, LIGNE DE L'EST;M;4575800;490786;690
201500032891;15;9;14;1920;1;2;1;1;7;29;62, LIONEL TERRAY;M;4572530;490850;690
201500032892;15;9;12;1215;1;2;2;1;3;282;REPUBLIQUE (DE);M;4576940;498769;690
201500032893;15;9;12;500;5;2;1;1;6;275;REPUBLIQUE (DE LA);;;;690
201500032894;15;9;11;715;2;2;3;1;3;256;60, 8 MAI 1945 (DU);M;4578970;491418;690
201500032895;15;9;24;815;1;2;1;1;2;266;108, FRANCIS DE PRESSENS;M;4577171;487721;690
201500032896;15;9;24;2000;2;2;2;1;1;266;135, TOLSTOI    (Cours);M;4576094;488492;690
201500032897;15;9;23;1700;1;2;3;1;3;290;0, ST BONNET DE MURE (DE;M;4569192;496713;690
201500032898;15;9;26;1425;1;2;2;1;5;290;GRENOBLE (DE)  -  RN 6;M;4574100;489686;690
201500032899;15;9;26;2120;5;2;9;1;4;29;169, PINEL;M;0;0;690
201500032900;15;9;30;1830;1;1;1;1;6;290;83, JULES VERNE;M;4570790;497763;690
201500032901;15;9;30;1725;1;2;1;1;6;266;158, ROGER SALENGRO;M;4578170;488664;690
201500032902;15;10;2;1000;1;2;1;1;6;266;37, PAUL VERLAINE;M;4576350;488843;690
201500032903;15;10;6;1620;1;2;1;1;6;275;JEAN JAURES;M;4577190;497756;690
201500032904;15;9;25;114;5;2;1;1;6;29;PIERRE MENDES FRANCE;M;4572320;491503;690
201500032905;15;10;9;1700;1;2;1;1;3;256;24, GEORGES DIMITROV;M;4577755;492470;690
201500032906;15;10;8;930;1;2;1;7;3;275;FRATERNITE (DE LA);M;4577438;495452;690
201500032907;15;10;13;2330;5;2;1;1;1;266;8, ROGER SALENGRO     (A;M;4577440;488711;690
201500032908;15;10;15;1210;1;2;1;2;1;266;JEAN CAPELLE   (avenue);M;4578160;487389;690
201500032909;15;10;17;1641;1;2;1;1;1;256;35, 8 MAI 1945 (DU);M;4578870;490833;690
201500032910;15;10;22;1200;1;2;1;8;3;282;6, DOCTEUR SCHWEITZER (D;M;4576350;502717;690
201500032911;15;10;27;1429;1;2;1;1;6;256;11, EUGENE HENAFF;M;4577490;492703;690
201500032912;15;10;27;1544;1;2;2;1;1;275;0, FRANKLIN ROOSEVELT;M;4576360;493706;690