num_acc;an;mois;jour;hrmn;lum;agg;int;atm;col;com;adr;gps;lat;long;dep
201500032913;15;10;28;300;5;2;1;2;6;266;11 NOVEMBRE 1918    (Bou;;;;690
201500032914;15;10;28;2105;5;2;3;1;3;256;EMILE ZOLA;M;4577733;491975;690
201500032915;15;10;30;1400;1;2;1;1;6;266;90, LEON BLUM      (Rue);M;4576080;490421;690
201500032916;15;11;1;1120;1;2;9;1;1;266;326, FRANCIS DE PRESSENS;M;4576695;489707;690
201500032917;15;10;31;2105;5;2;6;1;7;290;EDOUARD HERRIOT;M;4569410;493511;690
201500032918;15;11;8;2200;5;2;1;1;5;266;4 AOUT 1789    (Rue du);;;;690
201500032919;15;11;9;950;1;2;2;1;3;266;JEAN JAURES      (Rue);M;4575572;487616;690
201500032920;15;11;9;1130;1;2;3;1;6;266;EMILE ZOLA     (Cours);;;;690
201500032921;15;11;9;1855;5;2;1;1;6;266;82, TOLSTOI    (Cours);M;4576270;487810;690
201500032922;15;11;10;610;5;2;3;1;7;266;NIELS BOHR     (Boulevar;M;4578440;486739;690
201500032923;15;11;10;1415;1;1;2;1;3;266;0, 11 NOVEMBRE 1918    (;M;4577897;486516;690
201500032924;15;11;10;2230;5;2;1;1;3;290;AVIATION (DE L');M;4572260;449300;690
201500032925;15;11;10;630;5;2;1;1;6;275;, JEAN JAURES;;;;690
201500032926;15;10;14;730;1;2;2;1;6;29;9, JEAN JAURES;M;4573230;490153;690
201500032927;15;11;12;740;2;2;1;1;6;266;21, GABRIEL PERI;;;;690
201500032928;15;11;13;940;1;2;2;1;3;271;GENAS (DE);M;4573660;497301;690
201500032929;15;11;13;1330;1;2;2;1;1;256;CANUTS (DES);M;4576108;492313;690
201500032930;15;11;13;1535;1;2;3;1;3;275;FRATERNITE (DE LA);M;4577320;495422;690
201500032931;15;11;14;1535;1;2;1;1;6;266;74, JULES GRANDCLEMENT;M;4578640;488199;690
201500032932;15;11;14;1815;5;2;1;1;6;275;364, JEAN JAURES;M;4577233;497444;690
201500032933;15;11;16;1045;1;2;3;1;6;266;., MARGUERITE   (Rue);M;4577800;486994;690
201500032934;15;11;17;1120;1;2;1;1;2;266;2, CYPRIAN   (Rue de);M;4576005;490104;690
201500032935;15;11;17;1300;1;2;1;1;3;266;427, EMILE ZOLA     (Cou;;;;690
201500032936;15;11;18;1600;1;2;6;1;3;256;PAUL MARCELLIN;M;4577272;493425;690
201500032937;15;11;19;1158;1;2;1;1;7;290;AUTOROUTE A43 (BRETELLE;M;4572230;493175;690
201500032938;15;11;19;1415;1;2;1;1;1;275;43, SULLY;M;4576900;497588;690
201500032939;15;11;19;1715;2;2;1;1;2;29;6, FRANCOIS MITTERRAND;M;4573898;492626;690
201500032940;15;11;21;1235;1;1;1;8;3;266;8 MAI 1945   (Rue du);M;4578195;498207;690
201500032941;15;11;21;1530;1;2;1;1;2;266;LAURENT BONNEVAY    (Bou;M;4577860;489562;690
201500032942;15;11;17;1730;1;2;3;1;3;290;LYONNAIS (DU);;;;690
201500032943;15;11;22;440;5;2;1;8;6;282;37, GAMBETTA;M;4576930;499296;690
201500032944;15;11;23;745;2;2;3;8;6;266;, JEAN JAURES      (Rue);M;4575691;488035;690
201500032945;15;11;22;650;5;2;1;1;7;275;SALVADOR ALLENDE;;;;690
201500032946;15;11;19;1225;1;2;2;1;3;275;25, JEAN MACE;M;4576672;495630;690
201500032947;15;11;24;1225;1;2;1;1;5;290;LYON (DE) (D 518);;;;690
201500032948;15;11;26;500;5;2;1;1;6;266;3, ALBERT EINSTEIN    (A;M;4578094;487591;690
201500032949;15;11;26;2320;5;2;1;1;6;29;62, LIONEL TERRAY;M;4572626;490700;690
201500032950;15;11;30;745;1;2;1;1;6;29;26, COLONNES (DES);;;;690
201500032951;15;11;30;745;2;2;3;1;6;266;ANATOLE FRANCE     (Rue);M;4576879;488291;690
201500032952;15;11;10;930;1;2;1;1;6;266;5, JEAN CLAUDE VIVANT;M;4577370;486463;690
201500032953;15;12;1;1800;5;2;1;1;6;256;1, CERISIERS (DES);M;4578288;493036;690
201500032954;15;12;1;1800;5;2;3;1;6;275;EGALITE (DE L');M;4576991;496747;690
201500032955;15;12;3;2140;5;2;8;1;1;29;FRANKLIN ROOSEVELT;M;4573290;491036;690
201500032956;15;12;4;1701;2;2;8;1;3;256;0, ROGER SALENGRO;M;4576283;492941;690
201500032957;15;12;4;1705;1;1;1;1;1;256;130, GABRIEL PERI;;;;690
201500032958;15;12;5;1725;1;2;2;1;5;271;0, GENAS (DE);M;4573680;497206;690
201500032959;15;12;3;930;1;2;2;1;6;266;FRANCIS DE PRESSENSE;;;;690
201500032960;15;12;7;2104;5;2;2;1;1;266;0, 1ER MARS 1943    (Rue;;;;690
201500032961;15;12;8;2050;5;2;1;2;3;266;78, REPUBLIQUE   (Cours;;;;690
201500032962;15;12;11;650;5;2;1;1;1;266;25, ANTONIN PERRIN     (;M;4575000;488497;690
201500032963;15;12;11;1713;5;2;2;1;3;256;EMILE ZOLA;M;4577916;491741;690
201500032964;15;12;14;750;1;2;1;1;3;275;7, JONAGE (DE);M;4577261;497719;690
201500032965;15;12;14;2055;5;2;2;1;3;266;149, STALINGRAD  - ESPAC;;;;690
201500032966;15;12;14;1920;5;2;2;1;3;275;AV JEAN JAURES;M;4577040;495603;690
201500032967;15;12;16;1440;1;2;1;1;6;29;34, 8 MAI 1945 (DU);M;4572777;491572;690
201500032968;15;12;18;2345;5;2;3;1;3;271;45BIS, REPUBLIQUE (DE LA;M;4574194;497134;690
201500032969;15;12;19;1800;5;2;6;1;6;275;JEAN JAURES;M;4577160;496859;690
201500032970;15;12;21;1815;5;2;1;1;2;256;27, REPUBLIQUE (DE LA);M;4578666;492191;690
201500032971;15;12;14;1620;1;2;6;1;3;282;REPUBLIQUE (DE);M;4576866;499138;690
201500032972;15;12;17;854;1;2;1;1;2;275;JONAGE (DE);;;;690
201500032973;15;12;22;1520;1;2;2;1;3;29;0, MICHEL LACROIX;;;;690
201500032974;15;12;22;1720;2;2;1;1;1;29;., UNIVERSITE  (DE L');;;;690
201500032975;15;12;18;1715;2;2;2;1;2;256;8 MAI 1945 (DU);M;4578711;491744;690
201500032976;15;12;18;2019;5;2;3;1;6;256;., CUZIN;M;4577120;492517;690
201500032977;15;12;26;140;5;2;1;1;6;29;03, PIERRE BROSSOLETTE;M;4573852;492225;690
201500032978;15;12;26;1700;5;2;2;1;6;266;179, EMILE ZOLA     (Cou;M;4576942;488053;690
201500032979;15;12;27;1910;5;2;1;1;2;266;0, CROIX LUIZET  (Pont d;M;4578323;489394;690
201500032980;15;2;16;1725;1;2;1;1;6;275;209, AVENUE JEAN JAURES;;;;690
201500032981;15;2;18;130;5;2;2;1;6;275;., AVENUE FRANKLIN ROOSE;;;;690
201500032982;15;2;25;1710;1;2;2;1;4;275;129, AVENUE JEAN JAURES;;;;690
201500032983;15;3;3;2150;5;2;2;1;6;282;., RUE ALFRED DE MUSSET;;;;690
201500032984;15;1;8;1350;1;2;1;1;6;286;AVENUE DE L EUROPE;;;;690
201500032985;15;1;16;800;2;2;1;2;2;256;92/94, ROUTE DE GENEVE;M;4580840;490246;690
201500032986;15;1;21;1355;1;2;1;4;1;286;RUE DES MERCIERES;M;4581850;487399;690
201500032987;15;1;30;1026;1;2;1;1;6;286;25, RUE MICHELET;;;;690
201500032988;15;2;3;825;1;2;9;1;6;286;AVENUE DES COMBATTANTS E;;;;690
201500032989;15;2;5;1022;1;2;3;1;2;286;AVENUE DE L AIN;;;;690
201500032990;15;2;19;1650;1;2;1;1;2;286;AVENUE DE L AIN;;;;690
201500032991;15;2;3;1340;1;2;1;8;6;286;62, AVENUE DE L EUROPE;;;;690
201500032992;15;3;4;2000;5;2;1;4;2;286;12, AVENUE DES NATIONS;;;;690
201500032993;15;3;5;1800;2;2;1;1;6;286;63, AVENUE DE L EUROPE;;;;690
201500032994;15;1;5;1335;1;2;1;1;6;290;43, RUE ARISTIDE BRIAND;;;;690
201500032995;15;1;7;1355;1;2;2;1;1;290;98, AVENUE JEAN JAURES;;;;690
201500032996;15;1;10;19;5;2;1;1;6;290;243, ROUTE DE GRENOBLE;M;4571140;497434;690
201500032997;15;1;13;1900;5;2;6;6;6;290;ROND-POINT DES DROITS;M;;;690
201500032998;15;1;20;1050;1;2;2;2;3;290;0, BOULEVARD DE LA PORTE;M;4572010;492649;690
201500032999;15;1;18;955;1;2;1;5;6;290;., RUE DU LYONNAIS;M;4570350;489889;690
201500033000;15;1;20;1750;5;2;6;1;6;290;12, EGALITE (DE L');M;4570230;493450;690
201500033001;15;1;28;1235;1;2;4;8;6;290;., ST SYMPHORIEN D'OZON;M;4570670;494981;690
201500033002;15;2;5;550;5;1;1;6;6;290;18, ROUTE DE MIONS;;;;690
201500033003;15;2;6;930;1;2;3;1;2;290;., LYON (DE) (D 518);;;;690
201500033004;15;2;10;1130;1;2;1;1;6;290;31, RUE DU BEAUJOLAIS;;;;690
201500033005;15;2;18;1050;1;2;3;1;6;290;., CHARLES OTTINA;;;;690
201500033006;15;2;18;1650;1;2;1;8;3;290;0, BOULEVARD ANDRE BOULL;;;;690
201500033007;15;3;13;530;5;2;3;1;3;290;0, AVENUE HENRI GERMAIN;;;;690
201500033008;15;9;23;1745;1;2;3;8;6;285;1, NELSON MANDELA (RUE);M;4758120;676717;700
201500033009;15;10;22;1540;1;2;1;1;3;285;17, SOUS SAROCHE (RUE);M;4756105;677938;700
201500033010;15;1;19;1800;5;2;1;2;6;550;36, GAULLE (BOULEVARD CH;;;;700
201500033011;15;12;30;1825;5;2;1;1;6;550;16, GARE (AVENUE DE LA);M;4761805;615136;700
201500033012;15;4;20;125;3;1;1;1;6;388;CHEMIN DE LA VOIE DU VEA;M;4760860;611417;700
201500033013;15;3;19;825;1;2;2;1;3;550;ALLIES (BOULEVARD DES);M;4762170;616967;700
201500033014;15;4;27;5;5;2;2;1;3;550;TANNEURS (RUE DES);M;4762060;615500;700
201500033015;15;5;2;1400;1;2;3;1;3;388;ORY Noel (RUE);M;4761613;613883;700
201500033016;15;5;21;1735;1;2;1;1;6;550;97, SAINT MARTIN (RUE);M;4762470;614431;700
201500033017;15;7;1;1730;1;2;6;1;3;550;GROSJEAN (RUE);M;4761950;616097;700
201500033018;15;7;13;1805;1;2;1;1;7;550;GROSJEAN (RUE);M;4761970;616097;700
201500033019;15;7;27;1815;1;2;3;1;3;513;CORDELIERS (RUE DES);M;4763060;612117;700
201500033020;15;9;20;1730;1;1;1;1;1;207;RD 457;M;4757704;613238;700
201500033021;15;10;16;1030;1;1;1;1;6;550;2, HEYMES (AVENUE RENE);M;4763563;614172;700
201500033022;15;10;28;2055;5;2;6;3;3;550;LIBERATION (ROND POINT D;M;4761323;615079;700
201500033023;15;10;30;1225;1;2;9;1;6;550;GIRARDOT (RUE DU COMMAND;M;4761758;615389;700
201500033024;15;11;3;450;5;2;1;1;3;388;ORY Noel (RUE);M;4761550;614250;700
201500033025;15;11;18;1635;1;1;1;1;3;550;R.N. 19;M;4763505;615630;700
201500033026;15;11;30;1715;2;1;1;2;1;261;RN19;M;4762771;617766;700
201500033027;15;12;10;1325;1;2;6;1;3;378;VILLERSEXEL (RUE DE);M;4761387;616240;700
201500033028;15;3;8;2010;3;1;1;1;1;118;D68;M;0;0;710
201500033029;15;12;18;1820;5;2;1;1;6;76;1 avenue de verdun;M;4677677;485488;710
201500033030;15;3;30;1740;1;2;1;1;3;475;40 route de  LYON;M;4676668;484286;710
201500033031;15;12;28;1950;5;2;1;1;1;76;163 avenue BOUCICAUT;M;4679022;483219;710
201500033032;15;3;31;1340;1;2;1;2;2;76;114 rue  BOIS DE MENUSE;M;4680832;485172;710
201500033033;15;12;20;1815;5;2;1;1;3;76;avenue de PARIS;M;4679665;484795;710
201500033034;15;4;1;830;1;2;1;2;6;76;rue ARNAL;M;4679271;485692;710
201500033035;15;3;31;1420;1;2;3;1;6;76;33 avenue BOUCICAUT;M;4678454;484457;710
201500033036;15;4;6;1415;1;2;2;1;1;76;rue ARNAL;M;4679252;485697;710
201500033037;15;4;15;1250;1;2;1;1;3;76;102 RUE  BOIS  MENUSE;M;4680719;485233;710
201500033038;15;4;21;1745;1;2;3;1;3;76;rue des POILUS D'ORIENT;M;4679386;483347;710
201500033039;15;4;9;1830;1;2;1;1;2;76;174 avenue BOUCICAUT;M;4679161;482989;710
201500033040;15;4;12;1615;1;1;1;1;7;445;ROND POINT DE BRESSE;M;4676141;487133;710
201500033041;15;4;17;1655;1;2;1;1;6;475;face 66 route de LYON;M;4676369;484239;710
201500033042;15;5;12;800;1;2;1;1;6;76;22 place THEVENIN;M;4677964;486238;710
201500033043;15;4;18;1910;1;2;1;1;1;445;route d OSLON;;;;710
201500033044;15;4;23;1330;1;2;1;1;2;76;avenue KENNEDY;M;4680216;486114;710
201500033045;15;4;18;1230;1;2;9;1;6;76;11 rue COUBERTIN;M;4680877;485181;710
201500033046;15;6;4;1630;1;2;1;1;1;76;AVENUE GENERAL DE GAULLE;M;0;0;710
201500033047;15;6;24;1350;1;1;1;1;2;475;ROUTE NATIONALE 80;M;0;0;710
201500033048;15;8;17;1400;1;2;2;1;3;76;avenue KENNEDY;M;4679970;486165;710
201500033049;15;9;19;840;1;2;1;1;1;475;1ROUTE DE LYON;M;0;0;710
201500033050;15;9;15;620;5;2;1;1;6;76;avenue HUIT MAI 1945;M;4678391;484621;710
201500033051;15;9;7;740;1;2;9;1;6;445;27 route d'OSLON;M;4678306;491389;710
201500033052;15;10;15;725;5;2;1;2;6;76;avenue BLUM;M;4678652;486364;710
201500033053;15;9;25;1620;1;2;1;1;6;76;25 place de  BEAUNE;M;4678497;485464;710
201500033054;15;10;7;1125;1;1;7;1;6;76;place de la GARE;M;4677877;484514;710
201500033055;15;10;20;2015;5;2;9;1;1;76;rue de BELFORT;M;4678658;485762;710
201500033056;15;11;19;1125;1;1;1;1;5;445;RD673;M;0;0;710
201500033057;15;10;25;1525;1;2;1;1;6;445;30 rue de la  VARENNE;M;4678563;490039;710
201500033058;15;1;14;1435;1;2;6;8;3;76;avenue pierre NUGUE;M;4678837;486586;710
201500033059;15;1;31;1100;1;2;1;1;3;475;22 route de  LYON;M;4676847;484350;710
201500033060;15;2;11;1950;3;1;1;1;1;445;RD673;;;;710
201500033061;15;2;26;2005;5;2;3;2;3;76;general DUHESME;M;4679271;484629;710
201500033062;15;2;28;2205;5;2;1;1;6;76;avenue BLUM;M;4678467;486362;710
201500033063;15;1;10;2045;5;2;1;3;6;153;avenue MITTERRAND;;;;710
201500033064;15;1;24;320;5;2;1;1;6;540;LA BARRE;M;4676549;445877;710
201500033065;15;2;26;1745;1;2;1;2;1;59;route de MARMAGNE;;;;710
201500033066;15;3;8;1830;1;2;1;1;1;153;hauteur rue CHAPTAL;M;4681154;442484;710
201500033067;15;4;16;1400;1;2;1;1;2;153;58, MARTYRS DE LA LIBERA;M;4680622;443850;710
201500033068;15;5;15;1100;1;2;9;1;6;153;184 RUE MARECHAL FOCH;M;4680313;445103;710
201500033069;15;5;27;830;1;2;1;1;2;153;;M;4682667;446965;710
201500033070;15;5;29;1015;1;1;1;1;6;59;bois labert;M;4678066;447694;710
201500033071;15;7;3;2200;1;2;1;1;6;153;rue de CORTON;M;4679072;442193;710
201500033072;15;10;19;1415;1;2;2;1;6;153;rue de la COURONNE;M;4680315;441309;710
201500033073;15;11;14;445;3;2;1;5;6;540;le THIELLAY;M;4675845;446966;710
201500033074;15;11;20;1810;5;2;9;3;6;59;route de COUCHES;M;4681008;447957;710
201500033075;15;3;13;2300;3;1;1;1;5;497;BD GENERAL DE GAULLE;;;;710
201500033076;15;3;24;1045;1;2;1;2;6;270;9 rue jean MOULIN;M;4632167;483833;710
201500033077;15;4;17;2335;3;1;1;1;3;497;1 rue  BEAUSOLEIL;M;4633716;483707;710
201500033078;15;5;17;5;3;1;1;1;1;105;route des ALLEMANDS;;;;710
201500033079;15;5;21;2112;1;1;1;1;6;497;1 rue MONT RICHARD;M;4633781;481852;710
201500033080;15;6;24;2030;1;2;2;1;3;270;Rue Jules revillon;M;4632002;481875;710
201500033081;15;7;3;1805;1;1;1;1;6;497;1 rue  BEAUSOLEIL;M;4634742;482966;710
201500033082;15;7;19;1828;1;2;1;1;3;270;1 quai des  MARANS;M;4630135;483237;710
201500033083;15;7;26;30;5;1;1;1;6;270;855 rue  VREMONTOISE;;;;710
201500033084;15;8;14;1800;1;1;1;1;1;105;1 chemin  BOIS MARECHAL;M;4630304;477336;710
201500033085;15;9;6;1240;1;2;1;1;6;270;DE LATTRE DE TASSIGNY;M;4631560;483950;710
201500033086;15;8;24;1855;1;1;1;1;6;105;1 rue du PERTHUIS;;;;710
201500033087;15;9;6;2230;5;2;1;1;6;105;route de CLUNY;;;;710
201500033088;15;9;16;824;2;2;1;3;6;270;Avenue de la GARE;M;4630319;482577;710
201500033089;15;9;30;2055;5;2;1;1;1;270;1 bd ETATS-UNIS;M;4632367;482815;710
201500033090;15;10;6;1510;1;2;1;2;6;270;ROUTE DEPARTEMENTALE 906;;;;710
201500033091;15;11;24;743;2;2;1;1;6;497;1, Rue de la Madone;M;4633606;484464;710
201500033092;15;11;28;1900;5;1;1;1;2;270;1 rue marйchal JUIN;M;4632478;483930;710
201500033093;15;1;13;2325;5;2;1;1;6;270;1 rue  RAMBUTEAU;M;4630636;482892;710
201500033094;15;2;1;15;5;2;6;2;3;270;Rond-Point des Lycees;M;4631545;482391;710
201500033095;15;3;4;1350;1;1;1;8;1;486;RD 974;;;;710
201500033096;15;4;18;1825;1;2;1;1;7;306;route de MACON;M;4667440;438597;710
201500033097;15;6;14;545;3;2;1;1;7;306;quai GENERAL DE GAULLE;M;4667308;436108;710
201500033098;15;6;29;2040;2;2;2;1;3;306;DE LATTRE DE TASSIGNY;M;4667689;437024;710
201500033099;15;10;3;1530;1;2;1;2;3;306;avenue des  ALOUETTES;M;4668781;435810;710
201500033100;15;11;7;705;2;2;1;1;6;306;rue de SAINT VALLIER;M;4666841;437069;710
201500033101;15;11;8;1050;1;2;2;1;3;306;2 rue CLAUDE FOREST;M;4666752;436410;710
201500033102;15;11;26;1920;5;2;9;1;6;306;2 quai JULES CHAGOT;M;4667893;436552;710
201500033103;15;12;11;1805;3;1;4;1;5;40;Bretelle accиs RN 70;M;0;0;710
201500033104;15;12;21;1440;1;2;2;7;3;306;avenue ROGER SALENGRO;M;4666126;435323;710
201500033105;15;2;20;737;2;2;1;2;6;181;CUGNOT NICOLAS (BD);M;4798138;21783;720
201500033106;15;2;25;1210;1;1;1;2;3;181;PREMIERE DIVISION FRANCA;M;4801337;13282;720
201500033107;15;2;26;2145;5;2;2;1;3;181;CUGNOT NICOLAS (BD);M;4798605;22514;720
201500033108;15;3;3;906;1;2;2;1;3;181;BOURG BELE (PONT DU);;;;720
201500033109;15;3;7;1540;1;1;3;1;3;181;CHAMPION HENRI (RUE) N;M;4798469;24017;720
201500033110;15;3;13;1700;1;1;3;2;5;3;SUZE (RTE DE LA);;;;720
201500033111;15;3;19;1410;1;2;3;1;1;181;BARTHOLDI FRED AUGUSTE (;M;0;0;720
201500033112;15;5;2;1910;1;2;1;2;1;181;CLEMENCEAU GEORGES ( BD);M;4797850;21378;720
201500033113;15;5;13;400;5;2;1;1;6;95;27, PAIX (RUE DE LA);M;4802416;20344;720
201500033114;15;6;8;840;1;2;6;1;6;181;EDISON THOMAS (RUE);M;4802420;17667;720
201500033115;15;6;15;1235;1;1;1;1;1;181;ITALIENS (BD DES);M;4794985;20688;720
201500033116;15;6;30;845;1;2;1;1;6;181;303, GENESLAY FELIX (AV);M;4797254;20564;720
201500033117;15;7;4;1145;1;2;4;1;3;181;JAURES JEAN (AV) N° IMP;M;4799480;20292;720
201500033118;15;7;10;2345;5;2;1;1;1;181;BOEUFS PETIT FOUILLET (C;M;4794249;21386;720
201500033119;15;8;1;930;1;1;9;1;6;3;SUZE (RTE DE LA);M;4797520;15598;720
201500033120;15;8;6;1015;1;1;1;1;3;181;PATTON GENERAL RTE ST-AU;M;4802748;17151;720
201500033121;15;8;19;1405;1;2;3;1;1;181;MOULIN JEAN (BD) N° PAIR;M;4797791;21161;720
201500033122;15;8;19;1715;1;2;7;1;6;181;GRENTE CARDINAL (PL DU);M;4801012;19827;720
201500033123;15;9;22;815;1;2;1;2;6;181;31, MUTUEL (BD);M;4800780;21750;720
201500033124;15;10;13;750;1;2;1;1;3;181;PIFFAULT PIERRE (AV) ROC;M;4798330;18341;720
201500033125;15;10;9;1710;1;1;3;1;3;181;GENESLAY FELIX (AV) N° I;M;4797821;20836;720
201500033126;15;11;2;1921;5;2;2;1;3;181;MARIETTE (RUE DE LA) N°;M;4799874;21000;720
201500033127;15;11;22;1600;1;1;1;1;3;3;SUZE (RTE DE LA);M;4795878;12914;720
201500033128;15;11;12;820;1;2;3;5;6;181;145, JAURES JEAN (AV) N°;M;4798824;20801;720
201500033129;15;12;3;1710;1;1;3;1;3;181;LEFAUCHEUX PIERRE (BD);M;4795459;17974;720
201500033130;15;12;4;1755;3;2;3;1;3;181;49, JAURES JEAN (AV) Nш;M;4799150;20561;720
201500033131;15;12;21;800;5;2;2;2;5;181;ARNAGE (RUE D') Nш IMP 1;M;4799043;19396;720
201500033132;15;2;6;1730;1;2;1;1;6;181;130, RHIN ET DANUBE (AV);;;;720
201500033133;15;2;9;2100;3;1;1;1;2;95;PREM DIV FRANCAISE LIBRE;;;;720
201500033134;15;2;11;2340;5;2;1;1;7;181;ESTIENNE D'ORVES (BD D');;;;720
201500033135;15;4;20;835;1;2;2;1;2;8;34, LATTRE DE TASSIGNY A;M;4569473;590318;730
201500033136;15;4;22;910;1;2;1;1;6;8;327, WILSON BOULEVARD;M;4568891;590953;730
201500033137;15;5;12;1335;1;2;6;1;3;8;35, ROOSEVELT FRANKLIN A;M;4570158;590916;730
201500033138;15;5;18;2200;5;2;3;1;3;8;GAULLE GENERAL DE AVENUE;M;4568790;591257;730
201500033139;15;8;12;740;1;2;1;1;6;8;7, MOULIN JEAN SQUARE;M;4568752;591407;730
201500033140;15;10;23;750;1;2;2;1;3;8;FERRIE GENERAL RUE;M;4567637;590772;730
201500033141;15;10;20;1620;1;2;3;1;3;8;GAULLE GENERAL DE AVENUE;M;4568792;591256;730
201500033142;15;11;30;840;1;2;6;1;3;8;GRAND PORT (RONDEAU) AVE;M;4570430;589472;730
201500033143;15;11;13;1740;5;2;4;1;3;8;Av eneral de Gaulle;M;4568790;591256;730
201500033144;15;2;12;1545;1;2;1;7;6;8;3, CLEMENCEAU GEORGES PL;M;4569401;591010;730
201500033145;15;1;23;1715;2;1;1;1;1;11;BEAUFORT (ROUTE DE);M;4567976;639695;730
201500033146;15;2;15;1227;1;2;1;1;6;11;3, UGINE (ROUTE D');M;4568025;639442;730
201500033147;15;4;17;405;5;1;1;3;6;11;2613, TOURS (ROUTE DE);M;4566511;642598;730
201500033148;15;6;1;850;1;2;3;1;7;11;123, DUBOIS (RUE DU CDT);M;4567057;638529;730
201500033149;15;2;22;1510;1;2;6;8;3;11;ALBERT (PLACE CHARLES);M;4567592;639537;730
201500033150;15;7;7;1515;1;2;1;1;2;11;59, CASSINE (CH. DE LA);M;4566185;638120;730
201500033151;15;8;25;1800;1;2;6;1;1;11;1, PIERRE DU ROY (CHEMIN;M;4568221;639544;730
201500033152;15;5;21;1730;1;2;3;1;3;65;LYON (AVENUE DE);;;;730
201500033153;15;7;22;2120;3;2;1;3;3;65;BOISSE (AVENUE DE LA);M;4557424;591697;730
201500033154;15;6;13;2355;5;2;1;2;1;65;REPOS (AVENUE DU);M;4556957;590236;730
201500033155;15;10;4;1530;1;2;1;1;1;65;GRAND CHAMP (RUE DU);M;4559754;592051;730
201500033156;15;1;29;1755;5;2;1;2;6;65;LANDIERS (AVENUE DES);M;4559227;590251;730
201500033157;15;2;2;1830;2;2;1;1;6;65;SAINTE ROSE (RUE);M;4556631;593584;730
201500033158;15;4;12;1250;1;2;3;1;3;93;RUE DE LA PEROLLIERE;;;;740
201500033159;15;5;28;1825;1;2;3;1;6;93;AV REPUBLIQUE/2 RUE PARC;M;;;740
201500033160;15;5;17;950;1;2;6;1;3;10;BD DE LA ROCADE;;;;740
201500033161;15;5;25;1545;1;2;3;1;3;10;AV DE GENEVE / BELLEVUE;;;;740
201500033162;15;6;3;1020;1;2;1;1;2;10;97 bis AVENUE DE GENEVE;;;;740
201500033163;15;6;3;930;1;2;1;1;6;10;80, AVENUE DE LA PLAINE;;;;740
201500033164;15;6;28;1815;1;1;1;1;3;10;BD DE LA CORNICHE;;;;740
201500033165;15;7;15;1755;1;2;3;1;6;10;12 AVENUE DE GENEVE;;;;740
201500033166;15;6;11;1620;1;2;1;1;6;10;AVENUE DE LA  PLAINE;;;;740
201500033167;15;6;9;1020;1;2;3;1;6;10;RUE MARC LEROUX;;;;740
201500033168;15;8;27;1210;1;2;2;1;3;10;80, AVENUE DE FRANCE;;;;740
201500033169;15;10;30;820;1;2;1;1;3;10;36,AVENUE ALBIGNY;M;4590584;614490;740
201500033170;15;10;27;330;5;2;6;1;6;10;AVENUE DE THONES;;;;740
201500033171;15;10;26;745;2;2;6;1;3;10;AVENUE DE GENEVE;;;;740
201500033172;15;11;10;1140;1;2;6;1;3;10;PLACE HENRI DUNANT;M;4590784;613630;740
201500033173;15;11;12;1329;1;2;1;1;3;10;RUE DES MARQUISATS;;;;740
201500033174;15;11;5;1500;1;2;1;1;6;10;CHEMIN DU MAQUIS;;;;740
201500033175;15;11;25;1800;5;2;2;1;6;10;RUE JACQUELINE AURIOL;;;;740
201500033176;15;12;15;1835;1;2;1;1;6;10;66, AVENUE DE LA PLAINE;M;4591591;612891;740
201500033177;15;11;9;1900;5;2;1;1;6;10;BOULEVARD DU LYCEE;M;4590580;612692;740
201500033178;15;12;24;1848;5;2;1;1;6;10;QUAI EUSTACHE CHAPPUIS;M;4589977;612827;740
201500033179;15;1;7;1620;1;2;1;1;6;10;CHEMIN DU MAQUIS;;;;740
201500033180;15;1;20;1800;5;2;1;4;6;10;25,FAUBOURG  BALMETTES;;;;740
201500033181;15;2;19;1910;5;2;2;1;6;10;55, BOULEVARD DU  FIER;;;;740
201500033182;15;3;27;430;5;2;1;2;6;10;84, AVENUE DE FRANCE;;;;740
201500033183;15;11;9;1620;1;2;6;1;3;298;AVENUE DE L'EUROPE;M;4610372;624389;740
201500033184;15;12;8;1900;5;1;9;1;1;133;RUE DE L'INDUSTRIE;M;4611021;621612;740
201500033185;15;12;25;1725;5;2;1;1;6;12;AVENUE DE VERDUN;;;;740
201500033186;15;6;3;2020;1;2;2;1;3;133;RUE D'ARVE / DES VIGNES;M;4618860;621567;740
201500033187;15;5;30;1100;1;2;4;1;6;305;RUE DE MONTREAL;M;4620683;628262;740
201500033188;15;6;17;700;1;2;1;1;1;8;RUE D'ARVE;M;4618810;621639;740
201500033189;15;7;12;1910;1;2;1;1;6;12;11, RUE ADOLPHE MAGNIN;;;;740
201500033190;15;7;9;1725;1;2;1;1;6;12;32, RUE DU BEULET;M;;;740