num_acc;an;mois;jour;hrmn;lum;agg;int;atm;col;com;adr;gps;lat;long;dep
201500033191;15;7;10;900;1;2;7;1;6;12;PLACE DE LA LIBERATION;M;4619320;623622;740
201500033192;15;6;30;1635;1;1;1;1;5;298;ROUTE DE BONNEVILLE;M;4616800;627136;740
201500033193;15;7;3;1425;1;2;3;1;6;12;58, RUE DE SOUS-CASSAN;M;4619336;625534;740
201500033194;15;9;14;730;2;2;6;1;6;298;ROUTE DE LA COLLINE;M;4611249;625101;740
201500033195;15;9;8;2030;5;2;3;1;6;12;AVENUE CHARLES DE GAULLE;;;;740
201500033196;15;8;23;1330;1;2;1;1;3;133;09,RUE DES PEUPLIERS;M;4619000;621000;740
201500033197;15;9;2;1330;1;2;3;1;3;133;RUE DE L'INDUSTRIE;M;4618530;621917;740
201500033198;15;10;5;1925;2;2;1;2;3;12;51, RUE DE GENEVE;M;4619330;622694;740
201500033199;15;10;9;1935;2;2;1;1;6;12;68, ROUTE DES VALLEES;M;4619280;625000;740
201500033200;15;10;10;1750;1;2;3;1;3;8;33, RUE DE GENEVE;M;4619170;621944;740
201500033201;15;10;13;1200;1;2;1;1;3;12;04,AVENUE  BUCHILLONS;M;4619890;626628;740
201500033202;15;10;6;2145;5;2;1;1;3;12;01,RUE DU DOCTEUR FAVRE;M;4619750;623833;740
201500033203;15;10;21;1410;1;2;1;1;3;8;49, AVENUE DE GENEVE;;;;740
201500033204;15;11;13;1640;1;2;3;1;3;12;RUE DE LA RESISTANCE;;;;740
201500033205;15;11;24;2330;5;2;6;1;3;12;ROUTE DE THONON;;;;740
201500033206;15;1;6;1535;1;2;3;1;1;298;ROUTE DE BONNEVILLE;;;;740
201500033207;15;2;2;645;5;2;1;8;7;12;EUROPE (AVENUE DE L');;;;740
201500033208;15;1;29;845;1;2;1;1;6;8;RUE DU JURA;;;;740
201500033209;15;2;12;710;5;2;6;1;3;12;RUE GENEVE / BARON LOE;;;;740
201500033210;15;3;9;2040;5;2;3;1;3;133;RUE DE GENEVE;;;;740
201500033211;15;3;14;2245;5;2;6;1;3;305;RUE DE MONTREAL;;;;740
201500033212;15;3;18;1720;1;2;1;1;6;118;ROUTE DES DEPORTES;;;;740
201500033213;15;4;2;630;3;2;1;1;6;305;ROUTE DE JUVIGNY;;;;740
201500033214;15;4;30;140;5;2;2;1;1;133;GENEVE /LIBERATION;;;;740
201500033215;15;12;27;730;3;2;1;8;7;281;CONTOURNEMENT;;;;740
201500033216;15;3;17;2105;5;2;1;1;3;218;1230, AVENUE DE LA RIVE;M;0;0;740
201500033217;15;3;31;2230;5;1;2;2;1;119;60, AVENUE DE GAVOT;M;0;0;740
201500033218;15;4;10;905;1;2;1;1;6;281;44 AVENUE D' EVIAN;M;0;0;740
201500033219;15;4;16;1645;1;1;1;1;1;218;PONT DE LA BOTTE;;;;740
201500033220;15;5;1;1730;1;2;1;3;6;281;CHEMIN DE RONDE;;;;740
201500033221;15;4;30;1425;1;2;1;1;3;281;GENEVE (AVE DE);;;;740
201500033222;15;5;16;510;5;2;1;1;6;119;33, AV ANNA DENOAILLES;M;4639860;657567;740
201500033223;15;5;18;1210;1;2;1;1;5;281;12, AVENUE DE SENEVULAZ;;;;740
201500033224;15;5;27;1720;1;2;1;1;1;119;AVENUE ANNA DE NOAILLES;M;4639740;656764;740
201500033225;15;5;28;1920;1;2;1;1;3;119;4, ANNA DE NOAILLES;;;;740
201500033226;15;5;28;2135;5;1;1;1;1;281;43, ROUTE DE TULLY;;;;740
201500033227;15;6;19;1250;1;2;2;1;3;281;AVENUE DE LA DRANSE;;;;740
201500033228;15;6;15;1210;1;2;3;1;3;218;350, VIEUX MOTTAY/PLAINE;;;;740
201500033229;15;6;25;657;1;2;1;7;6;119;1 BIS AV DE NOAILLES;;;;740
201500033230;15;6;25;2105;2;2;3;1;1;281;AVENUE DE RIPAILLE;M;4623134;629071;740
201500033231;15;6;26;225;3;2;4;1;1;281;AVENUE DE RIPAILLE;M;4623109;629009;740
201500033232;15;7;6;2110;2;2;1;9;6;281;13 AV  FONTAINE COUVERTE;M;4636700;649678;740
201500033233;15;7;11;1340;1;2;6;1;3;281;PLACE DES  ARTS;;;;740
201500033234;15;7;12;930;1;2;6;1;3;281;BOULEVARD DE LA CORNICHE;M;4635878;643123;740
201500033235;15;7;25;1500;1;2;1;1;1;281;11,BD DES VALLEES;;;;740
201500033236;15;8;7;2130;5;2;1;1;2;119;AVENUE DU GENERAL DUPAS;M;4640030;658306;740
201500033237;15;8;6;1930;1;1;1;1;5;218;AVENUE DE THONON;M;4638600;651700;740
201500033238;15;10;1;1730;1;2;1;1;6;281;50, AVENUE JULES FERRY;M;4637701;648962;740
201500033239;15;10;2;1938;5;2;3;1;5;281;13, AVENUE DES ALLINGES;;;;740
201500033240;15;10;5;1925;5;2;1;3;6;281;23, QUAI DE RIPAILLE;;;;740
201500033241;15;10;12;1520;1;2;1;1;1;281;30, AVENUE DES ROMAINS;;;;740
201500033242;15;10;13;1215;1;1;1;1;5;281;RD 1005;M;4636280;649389;740
201500033243;15;10;26;2020;5;2;3;1;3;281;RUE DES PEUPLIERS;M;4636168;482159;740
201500033244;15;10;21;1545;1;1;3;1;7;218;564, RIVES DU LEMAN;M;4639429;656437;740
201500033245;15;11;2;1640;1;2;1;1;3;281;26, AVENUE DES ALLINGES;M;4636383;647842;740
201500033246;15;11;9;935;1;2;1;1;3;281;6, AVENUE DE  GENEVRIERS;M;;;740
201500033247;15;12;2;1525;1;2;2;1;6;281;28, AVENUE DES ALLINGES;M;4636341;647842;740
201500033248;15;10;22;1910;5;2;8;1;3;281;AVENUE DU CLOS BANDERET;;;;740
201500033249;15;11;23;1045;1;1;1;1;7;119;BD DE LA CORNICHE;;;;740
201500033250;15;1;8;1300;1;2;1;1;6;281;10, AVENUE DU PARC;;;;740
201500033251;15;3;1;2120;5;2;1;2;6;119;46, AVENUE DE GAVOT;;;;740
201500033252;15;2;26;805;1;2;1;1;3;281;RUE VALLON;;;;740
201500033253;15;3;5;1922;5;1;1;1;3;218;AVENUE DE LA RIVE;;;;740
201500033254;15;3;14;1335;1;2;3;1;2;281;20, BD JULES FERRY;;;;740
201500033255;15;3;2;1900;5;2;1;1;3;329;R DE L'ABBAYE;M;4954871;49321;760
201500033256;15;3;13;1900;3;1;1;1;5;384;;M;4952732;52645;760
201500033257;15;3;27;1744;1;1;1;1;3;476;AV DU BOIS;M;4950240;56879;760
201500033258;15;8;7;1850;1;1;3;1;3;382;D6015;M;4958441;52907;760
201500033259;15;8;9;2129;1;1;1;1;6;329;RTE DE LILLEBONNE;M;4953803;50916;760
201500033260;15;9;27;1810;1;1;1;1;1;476;RD 110;M;4949891;57196;760
201500033261;15;10;23;1825;1;1;1;1;5;382;1123, HAMEAU DE LA MAISO;M;4957907;51469;760
201500033262;15;11;19;1920;5;2;2;2;3;114;R CHARLES SOREUIL;M;4957602;47528;760
201500033263;15;12;14;1420;1;2;2;1;3;476;R CLAUDE BERNARD;M;4948115;58182;760
201500033264;15;1;6;1240;1;1;6;1;2;545;RD 154E;M;4990705;110576;760
201500033265;15;3;11;335;5;1;1;1;6;545;RD 154E;M;4990567;110905;760
201500033266;15;1;23;1545;1;1;3;1;4;565;;M;4987136;108048;760
201500033267;15;3;17;1527;1;2;2;1;2;217;ROC DE JANVAL;M;4990896;107257;760
201500033268;15;1;29;750;3;2;4;2;6;217;BD DE GAULLE;M;4992354;108133;760
201500033269;15;3;19;1228;1;2;1;2;1;26;RD 23;M;4987927;112213;760
201500033270;15;2;8;2025;5;2;1;8;2;217;ROC DE JANVAL;M;4990812;107143;760
201500033271;15;3;21;1425;1;2;1;1;4;565;217, RTE DE ROUEN;M;4986738;107089;760
201500033272;15;2;14;954;1;2;4;1;6;26;R DE LA CHAUSSEE;M;4988059;113001;760
201500033273;15;3;24;1745;1;2;2;2;6;217;ROC DE JANVAL;M;4990886;107243;760
201500033274;15;3;28;2220;5;2;6;1;6;217;QU DUQUESNE;M;4992647;108004;760
201500033275;15;4;10;1820;1;2;2;1;3;217;CRS DE DAKAR;M;4992193;108519;760
201500033276;15;4;13;1730;1;2;3;1;6;217;COLBERT (PONT);M;4992729;108592;760
201500033277;15;5;2;1805;1;2;1;1;6;217;30, QU DUQUESNE;M;4992553;108043;760
201500033278;15;5;3;330;3;1;1;1;7;26;HAMEAU DE GRUCHET;M;4987393;111072;760
201500033279;15;5;4;1530;1;2;2;1;2;217;BD GEORGES CLEMENCEAU;M;4992206;108181;760
201500033280;15;5;12;1220;1;2;1;1;3;26;RTE DE SAINT NICOLAS;M;4988264;114506;760
201500033281;15;5;12;1645;1;2;1;1;2;217;R DU COMMANDANT CASEAU;M;4991811;108638;760
201500033282;15;6;10;1010;1;2;1;1;6;217;R JACQUES PREVERT;M;4991889;106135;760
201500033283;15;6;12;1830;1;1;6;1;2;217;RD 485;M;4992274;111127;760
201500033284;15;6;16;1115;1;2;6;1;3;217;;M;4992710;112147;760
201500033285;15;6;22;1050;1;2;4;2;2;217;AV DES CANADIENS;M;4990199;107738;760
201500033286;15;6;26;1250;1;2;1;1;6;217;BD MARECHAL FOCH;M;4993002;107875;760
201500033287;15;6;26;1410;1;1;1;1;6;217;D 485;M;4992425;111295;760
201500033288;15;7;8;2330;5;2;2;1;6;217;165, AV DE LA REPUBLIQUE;M;4992444;110390;760
201500033289;15;7;9;2325;4;2;1;1;6;217;24, CRS DE DAKAR;M;4991714;109169;760
201500033290;15;7;11;310;5;1;1;1;7;545;RD 154E;M;4991160;109732;760
201500033291;15;6;29;1832;1;2;3;1;1;414;D1;M;4990104;113986;760
201500033292;15;7;31;1705;1;1;3;1;2;565;RD54E;M;4987080;107690;760
201500033293;15;8;20;1050;1;1;6;8;7;414;RD 154E;M;4990719;110759;760
201500033294;15;8;20;1325;1;1;3;1;2;565;RD 915;M;4988898;108397;760
201500033295;15;8;22;2045;1;2;1;1;2;217;RD 925;M;4992544;108035;760
201500033296;15;8;23;1130;1;2;1;2;7;26;34, RTE DE MARTIN EGLISE;M;4988654;113828;760
201500033297;15;8;26;1845;1;1;6;1;2;545;RD 154E;M;4990664;110725;760
201500033298;15;9;1;1230;1;2;1;1;2;217;AV DE BREAUTE;M;4991215;108882;760
201500033299;15;9;15;950;1;2;1;1;3;217;38, BD DE VERDUN;M;4992893;107923;760
201500033300;15;9;2;1125;1;1;1;1;7;26;;M;4988030;114756;760
201500033301;15;9;7;835;1;2;2;1;6;349;R DU PARADIS;M;4990192;105157;760
201500033302;15;9;15;1650;1;2;1;1;6;545;AV DE BREAUTE;M;4991475;109433;760
201500033303;15;9;24;100;5;2;1;1;7;217;AV JEAN RIBLET;M;4992013;109601;760
201500033304;15;9;23;1430;1;1;1;1;6;26;RD 56;M;4988252;114851;760
201500033305;15;9;28;425;2;1;1;1;6;349;RD 925;M;4989215;103845;760
201500033306;15;9;28;2030;3;2;1;1;6;217;R ROGER EVRARD;M;4990783;106804;760
201500033307;15;10;5;903;1;2;1;1;6;217;PONT JEHAN ANGO;M;4992644;108128;760
201500033308;15;10;12;1800;1;1;1;1;7;707;RD 23;M;4985164;110080;760
201500033309;15;10;27;1414;1;2;2;1;6;217;13, R THIERS;M;4992110;107693;760
201500033310;15;11;3;1410;1;1;6;1;2;217;;M;4992305;111111;760
201500033311;15;11;13;350;4;2;1;1;6;217;26, PL HENRI DUNANT;M;4992915;110249;760
201500033312;15;11;18;2150;4;2;1;2;6;217;R DES CORMORANS;M;4993088;109832;760
201500033313;15;11;18;1430;1;2;1;1;6;217;9,R SAINT-JEAN;M;4992634;107941;760
201500033314;15;11;23;1800;2;1;1;1;1;324;RD 925;M;4993375;115443;760
201500033315;15;12;10;1749;2;2;3;1;3;217;CH DU GOLF;M;4991812;105919;760
201500033316;15;11;30;1250;1;2;1;1;1;217;12, R DU GENERAL DE GAUL;M;4992180;110244;760
201500033317;15;12;8;1825;5;2;7;1;2;545;R DU CHAMP DE COURSES;M;4990438;109308;760
201500033318;15;12;9;745;2;2;1;1;6;217;1-3, ARC DE LA BOURSE;M;4992680;107952;760
201500033319;15;12;11;1620;2;1;1;2;3;565;R VAL GOSSET;M;4987234;109352;760
201500033320;15;12;19;440;5;2;1;1;6;217;R LOUIS DE BURES;M;4991750;108695;760
201500033321;15;12;19;530;5;2;1;1;6;217;24, AV NORMANDIE SUSSEX;M;4991662;108933;760
201500033322;15;12;19;1455;1;1;3;1;2;565;;M;4988271;109027;760
201500033323;15;12;21;1705;3;1;3;2;2;565;;M;4988890;108398;760
201500033324;15;12;23;1620;1;2;1;1;6;217;BD MARECHAL FOCH;M;4992984;107830;760
201500033325;15;12;28;1900;5;2;6;1;3;217;ARC DE LA POISSONNERIE;M;4992652;107982;760
201500033326;15;1;29;745;3;1;1;1;2;231;R BOURGTHEROULDE;M;4928714;98491;760
201500033327;15;3;21;945;1;2;7;1;6;259;17, PL CHARLES DE GAULLE;M;4975713;37608;760
201500033328;15;3;31;1150;1;2;1;1;6;259;5, R DE BARRY;M;4975691;37176;760
201500033329;15;3;27;1410;1;2;3;1;6;259;CHS GAYANT;M;4976093;37385;760
201500033330;15;5;2;120;5;2;1;1;6;259;266, CH DES MOULINS DE B;M;4975422;40500;760
201500033331;15;5;15;950;1;2;1;1;6;259;750, RTE DU PHARE;M;4976484;37217;760
201500033332;15;5;21;1750;1;2;2;1;6;259;91, RTE DE VALMONT;M;4975782;39240;760
201500033333;15;5;26;1607;1;2;1;1;6;259;145, R GUSTAVE COUTURIER;M;4975239;39396;760
201500033334;15;7;2;1130;1;2;6;2;3;259;MANDELA ( BOULEVARD NELS;M;4974400;38890;760
201500033335;15;8;23;1715;1;2;1;1;6;259;243, R QUEUE DE RENARD;M;4976161;39932;760
201500033336;15;9;17;1215;1;1;1;1;1;259;BD NELSON MANDELA;M;4974638;39611;760
201500033337;15;12;18;1650;1;1;1;1;1;600;RTE DU HAVRE;M;4973881;36965;760
201500033338;15;1;26;1145;1;1;1;2;1;259;;M;4976482;40665;760
201500033339;15;2;16;1615;1;2;3;2;6;351;2,R COMMANDANT CHEF D HO;M;4949696;12586;760
201500033340;15;2;18;20;5;1;1;1;1;351;;M;4952454;18122;760
201500033341;15;12;31;1715;5;2;1;1;5;351;CRS DE LA REPUBLIQUE;M;4950031;13003;760
201500033342;15;2;16;1300;1;2;3;1;7;351;170,AV DU HUIT MAI 1945;M;4951250;17450;760
201500033343;15;1;2;1555;1;2;2;1;6;351;75, AV ROUGET DE LISLE;M;4950552;14283;760
201500033344;15;2;18;1555;1;1;1;1;4;351;AV DU SEIZIEME PORT;M;4948556;17583;760
201500033345;15;2;20;1130;1;2;2;3;2;447;25, R DE LA COMMUNE 1871;M;4954500;18864;760
201500033346;15;2;20;850;1;1;1;2;5;351;R LOUIS BLERIOT;M;4953275;9620;760
201500033347;15;2;19;1945;5;2;1;1;1;351;53, AV DU VAL AUX CORNEI;M;4950910;14573;760
201500033348;15;1;3;1340;1;2;2;2;3;351;61,R LOUIS BRINDEAU;M;4949120;10352;760
201500033349;15;2;21;1005;1;2;3;1;3;351;BD CLEMENCEAU;M;4948965;9772;760
201500033350;15;2;22;2020;3;1;1;3;1;481;;M;4955720;11239;760
201500033351;15;3;4;1415;1;2;3;1;7;351;76, AV RENE COTY;M;4949766;11410;760
201500033352;15;2;21;1405;1;2;2;1;3;351;AV DU BOIS AU COQ;M;4951858;11675;760
201500033353;15;3;7;630;5;2;7;1;4;351;PL JENNER;M;4950874;13592;760
201500033354;15;3;10;1715;1;2;1;1;1;351;214, R LOUIS LUMIERE;M;4952316;12165;760
201500033355;15;3;10;1740;1;2;1;1;6;351;80, R EUGENE MOPIN;M;4951986;15877;760
201500033356;15;3;10;1340;1;2;1;1;7;351;CRS DE LA REPUBLIQUE;M;4950111;13083;760
201500033357;15;3;11;1950;5;2;1;1;6;351;138, R DE VERDUN;M;4950198;15654;760
201500033358;15;3;14;50;5;2;6;1;6;351;R MAGASINS GENERAUX;M;4949153;13326;760
201500033359;15;3;22;145;5;2;2;1;3;351;QU COLBERT;M;4948984;11945;760
201500033360;15;3;21;2145;5;2;1;2;6;351;195, AV JEAN JAURES;M;4950014;16165;760
201500033361;15;3;20;1700;1;1;2;1;3;305;RTE DE LA BREQUE;M;4948775;19613;760
201500033362;15;3;23;1105;1;2;1;1;6;351;104, AV DU BOIS DE BLEVI;M;4952414;12898;760
201500033363;15;3;27;740;1;2;1;1;2;351;326, R PIERRE MENDES FRA;M;4951320;15178;760
201500033364;15;3;31;1840;1;2;1;1;6;305;40, AV DES COTES BLANCHE;M;4949996;22583;760
201500033365;15;1;6;925;1;2;1;2;7;351;71, R DES SPORTS;M;4951719;12959;760
201500033366;15;3;30;2130;5;2;2;1;3;351;R JEAN JACQUES ROUSSEAU;M;4949734;13133;760
201500033367;15;1;6;1250;1;2;3;1;2;351;2, QU LAMBLARDIE;M;4948979;11129;760
201500033368;15;3;28;1245;1;2;3;1;7;351;141, CRS DE LA REPUBLIQ;M;4949884;12884;760
201500033369;15;4;3;2200;5;2;1;2;6;351;PONT AUGUSTE BLANQUI;M;4949969;16246;760
201500033370;15;4;7;1825;1;2;2;1;6;351;161, R DEMIDOFF;M;4949780;13896;760
201500033371;15;4;8;2130;5;2;1;1;6;351;29, AV REAUMUR;M;4950968;17014;760
201500033372;15;1;8;105;5;2;1;2;6;351;35, R CLEMENT MARICAL;M;4950174;9712;760
201500033373;15;4;12;1820;1;2;1;1;1;351;CHS LAMANDE;M;4948731;11623;760
201500033374;15;4;18;1250;1;2;1;1;2;447;110, AV MARECHAL FOCH;M;4953415;18846;760
201500033375;15;4;16;1525;1;2;3;1;2;351;BD FRANCOIS 1ER;M;4949104;9994;760
201500033376;15;4;18;1830;1;2;1;1;7;351;12, R DU FOYER HAVRAIS;M;4950592;13948;760
201500033377;15;4;15;2050;2;2;3;1;3;351;104, R ANATOLE FRANCE;M;4949575;11837;760
201500033378;15;4;19;1710;1;1;6;1;7;447;RD 489 A4;M;4953360;18546;760
201500033379;15;4;21;755;1;2;1;1;6;351;68, AV FOCH;M;4949307;10432;760
201500033380;15;4;21;1505;1;2;1;1;3;351;2, R DE PRESSENSE;M;4949584;14818;760
201500033381;15;4;14;835;1;2;1;1;6;351;32, R DE LA VALLEE;M;4949317;15137;760
201500033382;15;4;23;632;5;2;2;1;6;351;R DE BAYONVILLIERS;M;4950453;11675;760
201500033383;15;4;24;840;1;2;2;1;3;351;R SCRIBE;M;4950818;16965;760
201500033384;15;4;24;1605;1;2;5;1;6;351;R PIERRE FARCIS;M;4951781;9603;760
201500033385;15;4;24;1200;1;2;1;1;7;351;298, R ARISTIDE BRIAND;M;4950042;13791;760
201500033386;15;4;24;1720;1;2;1;1;6;351;93, R GEORGES LAFAURIE;M;4950025;11077;760
201500033387;15;4;28;1210;1;2;2;1;6;351;41, R ANATOLE FRANCE;M;4949525;11309;760
201500033388;15;1;9;2330;5;2;1;1;4;447;25, AV DU MARECHAL FOCH;M;4954123;18804;760
201500033389;15;4;27;1430;1;2;2;1;3;351;85, R DE CRONSTADT;M;4950543;11488;760
201500033390;15;1;10;545;3;1;1;1;6;481;05, CH D EMFRAYETTE;M;4956131;14833;760
201500033391;15;4;27;1220;1;2;3;1;6;351;420, AV DU BOIS AU COQ;M;4951795;11768;760
201500033392;15;4;29;1710;1;2;1;2;3;305;17, AV MARCEL LE MIGNOT;M;4950246;21249;760
201500033393;15;5;3;440;5;2;2;1;6;351;144, AV RENE COTY;M;4949854;11792;760
201500033394;15;1;10;1840;3;1;1;1;6;305;CH DE LA FORGE;M;4951428;24295;760
201500033395;15;5;8;1225;1;2;1;1;6;351;194, R ARISTIDE BRIAND;M;4950009;13190;760
201500033396;15;5;6;2140;1;2;3;1;6;351;275, R ARISTIDE BRIAND;M;4950030;13595;760
201500033397;15;5;11;1800;1;2;2;1;6;351;PARVIS SAINT MICHEL;M;4949666;10991;760
201500033398;15;5;14;2015;1;2;2;1;3;351;113, R MASSILLON;M;4949898;14324;760
201500033399;15;5;16;2235;5;2;2;1;3;351;PL DES MARTYRS;M;4951312;16327;760
201500033400;15;5;14;1010;1;1;6;2;6;305;;M;4951519;23491;760
201500033401;15;5;16;10;3;1;1;1;2;341;RD 489;M;4952164;18836;760
201500033402;15;1;13;855;1;2;1;3;6;351;63, R GUSTAVE BRINDEAU;M;4949135;14060;760
201500033403;15;5;8;500;2;2;2;1;3;351;39, R FRANCOIS MAZELINE;M;4949680;13754;760
201500033404;15;5;20;1830;1;2;2;1;3;351;20,R D INGOUVILLE;M;4949749;10941;760
201500033405;15;5;27;745;1;2;2;1;3;351;1, BD JULES DURAND;M;4948844;15024;760
201500033406;15;5;28;730;1;1;1;2;7;481;RTE DE SAINT BARTHELEMY;M;4955930;14217;760
201500033407;15;5;30;1140;1;2;1;1;3;351;5, R FRANCOISE SAGAN;M;4951645;11867;760
201500033408;15;5;23;1400;1;2;3;1;6;351;75, R BERTHELOT;M;4950024;13582;760
201500033409;15;5;31;2230;5;2;1;1;6;351;R DE LA BIGNE A FOSSE;M;4952405;11211;760
201500033410;15;6;3;2215;3;2;1;1;7;351;50, R ELSA TRIOLET;M;4950326;17839;760
201500033411;15;1;14;1215;1;2;2;1;7;351;R LOUIS SIEFRIDT;M;4951100;9922;760
201500033412;15;6;3;1515;1;2;2;1;3;351;R LIEUTENANT CLERIVET;M;4950706;17501;760
201500033413;15;6;5;1500;1;2;1;1;7;447;46, JEAN JAURES;M;4954430;20054;760
201500033414;15;6;8;1250;1;2;2;1;7;481;;M;4953496;10457;760
201500033415;15;1;14;1620;1;2;2;1;3;351;236, R LOUIS LUMIERE;M;4952414;12286;760
201500033416;15;6;8;900;1;2;1;1;3;351;9, CHS JOHN KENNEDY;M;4948454;10452;760
201500033417;15;6;9;1155;1;1;3;1;2;447;AV DE LA BELLE ETOILE;M;4954501;16919;760
201500033418;15;6;10;1528;1;2;1;1;7;341;;M;4951327;19910;760
201500033419;15;6;11;1500;1;2;1;1;7;351;117, AV JEAN JAURES;M;4949933;15588;760
201500033420;15;6;11;2300;5;2;2;2;3;351;nйant, LOUIS SIEFRIDT;M;4951064;10242;760
201500033421;15;6;14;1402;1;2;1;1;7;351;R GENERAL ROUELLE;M;4950307;13080;760
201500033422;15;6;12;1822;1;2;3;2;3;351;R JEROME BELLARMATO;M;4948965;11488;760
201500033423;15;6;13;1745;1;2;3;1;3;351;133, R DE VERDUN;M;4950208;15767;760
201500033424;15;6;11;1625;1;2;2;1;3;351;236, R LOUIS LUMIERE;M;4952416;12285;760
201500033425;15;6;12;1136;1;1;1;1;2;305;PONT VII (BIS);M;4949814;19666;760
201500033426;15;6;24;1440;1;2;1;1;5;351;24, PARVIS SAINT MICHEL;M;4949656;10952;760
201500033427;15;6;23;2000;1;1;1;1;2;351;AV DU MONT GAILLARD;M;4952292;11061;760
201500033428;15;6;25;830;1;1;1;1;3;447;25, R PABLO PICASSO;M;4955108;17035;760
201500033429;15;1;16;745;5;2;3;1;6;270;22, AV JEAN JAURES;M;4953433;14636;760
201500033430;15;6;25;1910;1;2;2;1;3;351;R DOCTEUR LAMAZE;M;4950127;17247;760
201500033431;15;6;25;1950;1;2;1;1;6;351;63, R GUSTAVE BRINDEAU;M;4949130;14057;760
201500033432;15;6;27;1920;1;2;2;1;3;351;137,R D ESTIENNE D ORVES;M;4951423;9632;760
201500033433;15;6;27;545;2;2;1;1;6;351;13, R OTHON FRIESZ;M;4949501;10097;760
201500033434;15;1;16;2240;5;2;1;3;6;351;TUNNEL JENNER;M;4950255;13171;760
201500033435;15;6;29;1720;1;1;2;1;3;481;CH DE LA MER ET DU  CROQ;M;4955514;11144;760
201500033436;15;6;26;1825;1;2;1;1;7;351;35, R DEMIDOFF;M;4949722;13019;760
201500033437;15;6;27;2350;3;1;1;1;3;305;RTE INDUSTRIELLE;M;4948696;20933;760
201500033438;15;7;5;5;5;2;1;1;7;351;QU COLBERT;M;4949235;12989;760
201500033439;15;7;9;1335;1;2;3;1;2;341;108, R ROBERT ANCEL;M;4952056;21122;760
201500033440;15;7;9;1310;1;1;1;1;7;341;RD 6382;M;4952102;18941;760
201500033441;15;1;17;1050;1;2;1;1;6;351;R THEOPHILE GAUTIER;M;4951634;9234;760
201500033442;15;7;12;2125;1;2;2;1;3;351;R  GENERAL MANGIN;M;4951842;9672;760
201500033443;15;7;11;2130;1;2;4;1;1;351;R DE PRESSENSE;M;4949561;14728;760
201500033444;15;7;18;2235;5;2;1;3;6;351;45, QU DE SOUTHAMPTON;M;4948580;10907;760
201500033445;15;7;17;1540;1;2;1;1;2;351;145, R DE VERDUN;M;4950218;15877;760
201500033446;15;1;17;1920;5;2;3;1;1;351;13, R DE VERDUN;M;4950106;14627;760
201500033447;15;7;21;900;1;1;1;2;6;351;RD 6015;M;4950267;19276;760
201500033448;15;7;25;545;5;2;7;1;6;351;PL JENNER;M;4950841;13672;760
201500033449;15;7;25;230;3;1;1;2;6;305;RTE INDUSTRIELLE;M;4948677;21115;760
201500033450;15;7;27;900;1;2;1;2;7;351;3, R CASIMIR PERIER;M;4949355;11194;760
201500033451;15;7;27;1700;1;2;2;1;6;351;CRS LAFAYETTE;M;4949195;12408;760
201500033452;15;7;28;1335;1;2;1;1;7;351;105, AV JEAN JAURES;M;4949931;15452;760
201500033453;15;7;28;1040;1;2;4;1;6;351;33, R JOSEPH MADEC;M;4950602;14244;760
201500033454;15;7;29;1425;1;1;1;1;7;270;;M;4953046;12642;760
201500033455;15;7;26;2105;1;1;1;2;7;351;RD 6015;M;4950245;19184;760
201500033456;15;8;3;1630;1;2;1;1;7;447;49, AV PRESIDENT WILSON;M;4954229;18107;760
201500033457;15;7;31;1730;1;2;1;1;3;351;300, BD JULES DURAND;M;4949434;17486;760
201500033458;15;8;5;800;1;2;1;1;3;351;370, R DE VERDUN;M;4950234;17458;760
201500033459;15;8;7;155;5;2;1;1;6;351;AV JEAN JAURES;M;4950059;16945;760
201500033460;15;8;9;1740;1;2;2;1;3;351;R IRENE JOLIOT CURIE;M;4951058;10256;760
201500033461;15;8;8;2055;2;2;3;1;3;351;115, R JULES LECESNE;M;4949300;12147;760
201500033462;15;8;7;2030;1;2;3;1;3;351;BD AMIRAL MOUCHEZ;M;4948442;13215;760
201500033463;15;8;11;1105;1;1;1;2;6;341;;M;4950279;19421;760
201500033464;15;8;11;1520;1;2;2;1;3;351;79, R GUSTAVE BRINDEAU;M;4949250;13967;760
201500033465;15;8;15;2230;3;2;1;1;7;351;R EDOUARD VAILLANT;M;4951322;17926;760
201500033466;15;8;16;20;5;2;1;1;3;351;9, R FERRER;M;4948827;13867;760
201500033467;15;8;18;1255;1;2;1;1;3;351;44, AV PAUL VERLAINE;M;4950929;15695;760
201500033468;15;8;20;1930;1;1;1;1;6;351;;M;4950186;18857;760
201500033469;15;8;22;1415;1;2;2;1;3;351;174, R D ETRETAT;M;4949898;9461;760
201500033470;15;8;22;1620;1;2;2;1;6;351;23, R LOUIS BRINDEAU;M;4949125;10166;760
201500033471;15;8;13;1525;1;2;1;1;6;351;134, BD DE GRAVILLE;M;4948384;15227;760
201500033472;15;8;27;1530;1;2;1;2;3;351;AV DU GRAND HAMEAU;M;4952110;11246;760