num_acc;an;mois;jour;hrmn;lum;agg;int;atm;col;com;adr;gps;lat;long;dep
201500033473;15;8;29;1830;1;2;1;1;6;351;64, R DE LA SOUS BRETONN;M;4951136;9331;760
201500033474;15;8;27;1210;1;2;1;2;6;351;237, R IRENE JOLIOT CURI;M;4951617;10580;760
201500033475;15;9;1;1840;1;2;3;1;1;351;R DE LA BOUTEILLERIE;M;4952075;17869;760
201500033476;15;9;6;1130;1;2;1;1;3;351;AV D APLEMONT;M;4950407;17852;760
201500033477;15;9;8;1225;1;1;1;1;6;341;;M;4952166;18833;760
201500033478;15;9;8;1932;1;2;1;1;3;351;34, R CLEMENT MARICAL;M;4950067;9559;760
201500033479;15;9;9;10;5;2;1;1;6;447;8, AV DE DIEPPE;M;4954568;19689;760
201500033480;15;9;14;1935;1;2;3;1;1;351;255, AV JEAN JAURES;M;4950030;16661;760
201500033481;15;9;14;2025;5;2;3;1;3;351;409, AV JEAN JAURES;M;4950084;17822;760
201500033482;15;9;15;1645;1;2;1;1;6;351;505, R IRENE JOLIOT CURI;M;4952929;10327;760
201500033483;15;1;24;1945;5;2;1;1;1;447;13, R DU FAUBOURG ASSIQU;M;4954735;19617;760
201500033484;15;9;15;1020;1;2;2;1;3;351;63, AV PAUL VERLAINE;M;4950931;15884;760
201500033485;15;9;18;1110;1;1;1;2;6;447;;M;4953460;19089;760
201500033486;15;9;20;1025;1;2;1;1;6;305;25, AV MARCEL LE MIGNOT;M;4950155;21702;760
201500033487;15;9;20;140;5;1;1;1;6;341;;M;4951141;19872;760
201500033488;15;9;19;1110;1;2;1;1;1;351;116, R MARECHAL JOFFRE;M;4949993;12471;760
201500033489;15;1;25;608;5;2;1;1;6;351;TUNNEL JENNER;M;4950279;13223;760
201500033490;15;9;18;1805;1;2;1;3;7;351;TUNNEL JENNER;M;4950533;13424;760
201500033491;15;1;25;1930;3;1;1;1;7;351;;M;4952437;16269;760
201500033492;15;9;21;1655;1;2;1;2;1;351;114, R DESRAME;M;4952121;10331;760
201500033493;15;1;25;1940;3;1;1;1;6;341;;M;4951654;20830;760
201500033494;15;9;23;930;1;2;2;1;3;351;R EUGENE MOPIN;M;4951656;15593;760
201500033495;15;9;25;1820;1;2;2;1;7;351;CHE RURAL 47;M;4952391;7974;760
201500033496;15;9;27;1200;1;2;1;1;6;351;46, R SERGENT POMMIER;M;4951897;17281;760
201500033497;15;9;24;1205;1;2;1;1;7;351;21, R DES GLAIEULS;M;4950592;15967;760
201500033498;15;9;29;2005;5;2;1;1;1;351;12, R MICHEL DELAROCHE;M;4950065;10415;760
201500033499;15;9;29;1850;1;2;3;1;6;351;42 bis, R DE LA VALLEE;M;4949339;15204;760
201500033500;15;9;30;1305;1;2;3;1;6;351;294, R FELIX FAURE;M;4950124;11158;760
201500033501;15;10;1;1600;1;2;3;1;2;351;77, QU DE SOUTHAMPTON;M;4948623;11038;760
201500033502;15;10;4;45;5;2;2;1;3;351;R BERNARDIN DE SAINT PIE;M;4948995;10511;760
201500033503;15;10;5;1410;1;1;1;2;7;351;PONT V;M;4948469;15190;760
201500033504;15;10;9;435;5;2;1;1;7;351;TUNNEL JENNER;M;4950314;13231;760
201500033505;15;10;11;1620;1;2;1;1;6;351;21, R DEMIDOFF;M;4949724;12946;760
201500033506;15;1;28;1510;1;2;2;2;7;351;123, QU GEORGE V;M;4949077;11662;760
201500033507;15;10;2;1620;1;2;5;1;3;351;1, R DE LA CROIX BLANCHE;M;4952012;10162;760
201500033508;15;1;28;1655;1;1;4;2;6;305;RD 6382;M;4949851;19815;760
201500033509;15;10;3;1523;1;1;1;1;2;341;;M;4950882;19747;760
201500033510;15;10;8;1600;1;2;1;1;6;351;221, R ARISTIDE BRIAND;M;4950008;13193;760
201500033511;15;10;9;750;1;2;3;1;6;351;R CAMELINAT;M;4951713;17356;760
201500033512;15;10;2;840;1;2;3;1;3;351;184, R COMMANDANT ABADIE;M;4950138;17543;760
201500033513;15;10;12;1600;1;2;3;1;2;351;53, CRS DE LA REPUBLIQUE;M;4949476;12563;760
201500033514;15;1;29;1450;1;2;1;2;7;351;AV D APLEMONT;M;4950202;18539;760
201500033515;15;10;17;2010;5;2;1;2;2;351;BD DE LENINGRAD;M;4950042;17823;760
201500033516;15;1;29;1515;1;2;2;2;6;351;19, R JULES LECESNE;M;4949392;11173;760
201500033517;15;10;15;1600;1;2;1;1;7;447;1, AV JEAN PREVOST;M;4954705;18100;760
201500033518;15;10;19;810;1;1;1;2;3;305;RTE DU PONT VIII;M;4949442;21631;760
201500033519;15;10;17;145;5;2;1;2;7;351;TUNNEL JENNER;M;4950533;13420;760
201500033520;15;1;29;1920;5;1;1;2;6;305;RD 6382;M;4949856;19771;760
201500033521;15;10;20;1400;1;2;1;2;1;351;83, BD JULES DURAND;M;4948988;15654;760
201500033522;15;10;21;1220;1;2;2;1;3;351;AV DU GRAND HAMEAU;M;4952428;9687;760
201500033523;15;10;24;120;5;1;3;1;3;305;RTE INDUSTRIELLE;M;4948504;22497;760
201500033524;15;10;23;810;1;2;1;1;2;552;45, R GENERAL DE GAULLE;M;4950593;8663;760
201500033525;15;10;24;2345;5;2;1;1;6;351;248, R ARISTIDE BRIAND;M;4950024;13480;760
201500033526;15;10;27;1705;1;2;1;1;7;351;328, IRENE JOLIOT CURIE;M;4952160;10503;760
201500033527;15;10;28;1205;1;1;1;1;3;351;AV DU SEIZIEME PORT;M;4948369;17499;760
201500033528;15;10;29;1615;1;2;1;1;6;447;4, R DES MEUNIERS;M;4954322;18637;760
201500033529;15;10;31;2354;5;2;1;1;7;351;R IRENE JOLIOT CURIE;M;4952714;10382;760
201500033530;15;10;30;2320;5;1;1;1;5;341;;M;4950808;19625;760
201500033531;15;10;3;1400;1;1;1;1;3;305;;M;4951472;21032;760
201500033532;15;9;23;1835;1;2;3;1;1;351;194, R IRENE JOLIOT CURI;M;4951485;10508;760
201500033533;15;11;3;1705;1;2;1;1;6;351;46, R HENRI CAYEUX;M;4951648;11810;760
201500033534;15;11;7;1255;1;2;3;1;3;351;156, R TROIS CENT VINGT;M;4950422;13111;760
201500033535;15;11;6;1645;1;2;1;2;3;351;15, R GENERAL FAIDHERBE;M;4948768;11204;760
201500033536;15;1;31;2235;5;2;2;1;3;351;112, R IRENE JOLIOT CURI;M;4951089;10284;760
201500033537;15;11;8;1025;1;2;1;1;6;351;143, AV JEAN JAURES;M;4949970;15774;760
201500033538;15;11;9;2230;5;2;1;1;7;341;6, RTE D OUDALLE;M;4950417;20149;760
201500033539;15;11;4;1610;1;2;2;2;6;351;19, R JULES LECESNE;M;4949390;11164;760
201500033540;15;11;5;1030;1;2;6;2;3;351;118, R MARCEAU;M;4949172;13275;760
201500033541;15;11;18;945;1;2;3;1;3;351;44, AV PABLO PICASSO;M;4950276;15288;760
201500033542;15;11;20;1330;1;2;3;3;6;351;43 bis, R MARECHAL JOFFR;M;4949919;12091;760
201500033543;15;11;10;1430;1;2;2;1;6;351;80, R DES BRIQUETIERS;M;4949362;13880;760
201500033544;15;11;22;1805;5;2;3;2;6;351;R CAMELINAT;M;4951560;17259;760
201500033545;15;11;22;20;5;2;1;1;1;351;43, R SALVADOR ALLENDE;M;4950458;13938;760
201500033546;15;11;23;915;1;2;6;1;7;351;R MARCEAU;M;4949169;13285;760
201500033547;15;11;24;1805;5;2;3;3;6;351;74, R ANDREI SAKHAROV;M;4950483;17171;760
201500033548;15;2;4;750;3;1;1;1;3;481;RTE DE LA CHENAIE;M;4954178;10830;760
201500033549;15;11;28;1308;1;2;2;1;3;351;R MARC BLOCH;M;4951982;11929;760
201500033550;15;11;30;1600;1;2;1;2;6;351;CRS LAFAYETTE;M;4949172;12567;760
201500033551;15;11;25;755;1;2;2;2;2;351;52, AV DU VAL AUX CORNEI;M;4950915;14536;760
201500033552;15;2;4;1920;5;2;2;1;3;351;AV REAUMUR;M;4951044;16953;760
201500033553;15;12;3;1855;5;2;3;1;3;351;101, R DE VERDUN;M;4950175;15427;760
201500033554;15;12;4;1545;1;2;1;1;6;351;53, R DES CHANTIERS;M;4947892;15855;760
201500033555;15;2;5;455;5;2;1;1;6;305;3, CH DU VALLON;M;4950185;23347;760
201500033556;15;12;5;1745;5;2;1;1;4;296;112, R DE LA LIBERATION;M;4951815;26027;760
201500033557;15;12;8;1315;1;2;2;2;6;351;47, R DEMIDOFF;M;4949737;13122;760
201500033558;15;12;10;135;5;2;1;1;7;552;12, BD PRESIDENT FELIX F;M;4950541;7880;760
201500033559;15;12;8;1215;1;2;1;2;6;351;CRS LAFAYETTE;M;4949190;12497;760
201500033560;15;12;8;1650;1;2;1;1;6;351;403, R DE VERDUN;M;4950234;17697;760
201500033561;15;12;9;1515;1;2;6;1;6;351;4, R MARCONI;M;4952192;11898;760
201500033562;15;12;8;1835;5;2;1;1;6;447;AV PIERRE MENDES FRANCE;M;4953180;18031;760
201500033563;15;2;6;2030;5;2;1;1;1;351;58, R ROGER SALENGRO;M;4950746;11196;760
201500033564;15;12;12;1756;5;2;3;1;3;351;AV DU HUIT MAI 1945;M;4951553;17256;760
201500033565;15;12;14;1235;1;2;3;1;3;351;502, R DE VERDUN;M;4950223;18477;760
201500033566;15;12;14;820;1;2;1;1;6;351;48, R MARECHAL JOFFRE;M;4949915;12071;760
201500033567;15;12;13;2220;5;2;1;1;6;351;AV D APLEMONT;M;4950393;17878;760
201500033568;15;12;12;215;3;1;1;3;6;270;;M;4955279;14097;760
201500033569;15;12;11;1920;5;1;1;1;1;305;RTE DES  MARAIS;M;4948616;20639;760
201500033570;15;12;15;1900;5;2;2;3;6;351;CRS LAFAYETTE;M;4949203;12403;760
201500033571;15;12;15;715;5;1;1;2;3;305;;M;4949887;21306;760
201500033572;15;12;11;2220;5;1;6;2;3;481;;M;4953120;10800;760
201500033573;15;12;13;430;5;2;2;1;3;351;110, R IRENE JOLIOT CURI;M;4951059;10255;760
201500033574;15;2;8;1445;1;1;1;1;1;447;110, AV PIERRE MENDES FR;M;4953271;17991;760
201500033575;15;12;17;1800;5;1;1;2;1;351;177, R FLORIMOND LAURENT;M;4952021;11995;760
201500033576;15;12;19;1400;1;2;6;1;6;351;1, R JULES VERNE;M;4950723;12849;760
201500033577;15;2;8;2010;5;2;2;1;3;351;2, R RODIN;M;4951430;10861;760
201500033578;15;12;19;1310;1;1;1;1;1;351;;M;4949888;21154;760
201500033579;15;12;19;1530;1;1;8;1;6;305;RTE INDUSTRIELLE;M;4948772;20115;760
201500033580;15;12;19;1335;1;1;4;1;3;305;PONT VII (BIS);M;4949805;19666;760
201500033581;15;12;15;750;5;2;2;2;6;351;R ARMAND BARBES;M;4950130;15001;760
201500033582;15;11;27;655;2;2;1;1;3;351;13, R SALVADOR ALLENDE;M;4950441;13662;760
201500033583;15;12;18;1845;5;2;2;1;3;341;R PAUL DOUMER;M;4951471;19636;760
201500033584;15;12;26;45;5;2;2;1;3;351;316, R ARISTIDE BRIAND;M;4950054;13921;760
201500033585;15;12;27;1500;1;2;1;1;6;351;177, AV JEAN JAURES;M;4950063;16100;760
201500033586;15;2;10;956;1;2;3;1;3;351;71, R DE L ARTOIS;M;4951260;12464;760
201500033587;15;12;29;1828;5;2;2;1;5;351;16, R LOUIS BLANC;M;4950727;12622;760
201500033588;15;12;24;1815;5;2;2;1;3;351;109, R ROGER SALENGRO;M;4950614;11422;760
201500033589;15;2;12;1440;1;1;1;1;1;305;;M;4949954;19796;760
201500033590;15;2;12;2340;5;2;2;1;3;351;3, R FRANKLIN;M;4949376;11772;760
201500033591;15;2;13;1800;5;2;1;2;1;552;50, R DU GENERAL DE GAUL;M;4950524;8740;760
201500033592;15;2;13;1850;5;2;3;1;3;351;87, AV RENE COTY;M;4949794;11539;760
201500033593;15;2;14;1115;1;2;1;1;6;351;17, R DES CHANTIERS;M;4947891;15591;760
201500033594;15;2;16;1510;1;2;2;1;7;322;AV LEON BLUM;M;4940575;105354;760
201500033595;15;12;26;950;1;2;6;1;3;575;R DU DOCTEUR GALLOUEN;M;4939743;108096;760
201500033596;15;2;22;1525;1;1;2;1;3;498;BD DU 11 NOVEMBRE;M;4942286;106724;760
201500033597;15;12;25;145;5;2;1;1;1;681;28, R DE TRIANON;M;4941737;108102;760
201500033598;15;3;6;1000;1;2;2;1;3;681;23, R DE L INDUSTRIE;M;4942295;108733;760
201500033599;15;12;27;600;5;2;6;1;6;540;RTE DE DARNETAL;M;4943972;113190;760
201500033600;15;2;21;1640;1;2;2;1;3;540;17, R JEANNE D'ARC;M;4944095;108990;760
201500033601;15;10;28;1620;1;1;1;1;3;366;RTE DE SAINT JEAN;M;4951172;102750;760
201500033602;15;2;26;1940;1;1;2;2;6;540;BD DE LA MARNE;M;4944699;109237;760
201500033603;15;11;30;800;1;2;1;1;3;540;01, HAVRE. ROUTE DU;M;4945237;105670;760
201500033604;15;2;28;2015;5;2;2;1;3;322;AV RENE COTY;M;4940547;105338;760
201500033605;15;3;7;1515;1;2;1;1;6;575;6, R SIMONE SIGNORET;M;4939788;107018;760
201500033606;15;2;16;1630;1;2;4;1;6;540;58, RTE DE BONSECOURS;M;4943292;110797;760
201500033607;15;12;18;1400;1;2;1;1;3;231;43, CRS CARNOT;M;4928703;101309;760
201500033608;15;12;16;820;5;1;1;2;1;157;COTE DE CANTELEU;M;4944418;104028;760
201500033609;15;3;16;1905;1;2;2;1;3;540;42, RTE DE NEUFCHATEL;M;4945105;109857;760
201500033610;15;3;14;515;5;2;5;1;6;540;87, AV DE CAEN;M;4942828;107054;760
201500033611;15;3;18;1545;1;1;1;1;6;451;AV DU BOIS DES DAMES;M;4947514;107803;760
201500033612;15;3;20;705;1;2;1;1;6;540;92, R SAINT JULIEN;M;4942769;107939;760
201500033613;15;3;22;1010;1;2;3;1;6;575;PERI SAINT JUST;M;4939365;107010;760
201500033614;15;12;18;2000;1;1;1;1;6;231;PL DU CHAMP DE FOIRE;M;4929023;101284;760
201500033615;15;2;27;1615;1;2;4;1;1;457;342, R DU LIEUTENANT JAC;M;4934236;96853;760
201500033616;15;12;3;1940;5;2;2;1;3;540;AV DE LA PORTE DES CHAMP;M;4944307;110450;760
201500033617;15;3;22;1900;1;2;3;1;1;216;12, R ROBERT SCHUMAN;M;4947053;104552;760
201500033618;15;3;18;1740;1;2;1;1;6;540;26, R D ANVERS;M;4945028;108689;760
201500033619;15;3;17;1205;1;2;3;1;6;451;R EDENBRIDGE;M;4945733;108104;760
201500033620;15;2;21;440;1;1;1;1;6;540;;M;4944889;106166;760
201500033621;15;3;23;750;1;1;1;1;3;575;;M;4936759;110172;760
201500033622;15;3;28;1445;1;2;2;1;3;540;40, R LOUIS RICARD;M;4944615;110015;760
201500033623;15;3;2;2345;5;2;1;8;6;681;457, R DE PARIS;M;4941261;109885;760
201500033624;15;4;8;703;1;2;2;1;3;540;QU CAVELIER DE LA SALLE.;M;4943894;108022;760
201500033625;15;4;8;1740;1;2;2;1;3;540;117, RTE DU HAVRE;M;4945278;105661;760
201500033626;15;4;3;1240;1;1;1;1;4;540;PONT MATHILDE;M;4943169;110325;760
201500033627;15;4;10;1810;1;2;2;1;6;497;1201, R ARISTIDE BRIAND;M;4938799;102278;760
201500033628;15;4;13;1445;1;1;1;1;1;681;BD INDUSTRIEL;M;4941673;110775;760
201500033629;15;4;2;1535;1;2;3;2;2;540;AV DE BRETAGNE;M;4943405;108584;760
201500033630;15;4;12;1120;1;2;1;1;2;681;53, AV JEAN JAURES;M;4941255;108800;760
201500033631;15;3;15;2130;3;1;4;9;6;157;RTE DE QUEVILLON;M;4943330;98838;760
201500033632;15;3;25;1840;1;1;1;1;3;474;145, RTE DE DIEPPE;M;4949047;104917;760
201500033633;15;4;19;330;5;2;6;1;2;540;61, BD DE L EUROPE;M;4942594;108711;760
201500033634;15;4;17;1045;1;1;1;1;3;319;3, R HELENE BOUCHER;M;4934772;102157;760
201500033635;15;4;18;1530;1;2;2;1;2;681;BD INDUSTRIEL;M;4941680;110783;760
201500033636;15;4;24;1600;1;2;1;1;3;540;QU JEAN MOULIN;M;4943633;108886;760
201500033637;15;4;18;1;5;2;2;1;1;540;R DE BAMMEVILLE;M;4943011;109066;760
201500033638;15;3;29;1200;1;2;2;2;3;540;BD DE L EUROPE;M;4942794;109333;760
201500033639;15;4;19;720;1;2;2;1;3;681;AV JEAN JAURES;M;4940949;108372;760
201500033640;15;4;18;540;1;1;1;1;7;391;;M;4934301;93636;760
201500033641;15;4;24;1430;1;2;3;1;3;540;97, CRS CLEMENCEAU;M;4943475;108811;760
201500033642;15;5;7;2155;5;2;4;1;6;212;26, R THIERS;M;4943805;114347;760
201500033643;15;4;18;910;1;1;1;1;3;474;R DES LONGS VALLONS.;M;4949146;106350;760
201500033644;15;4;29;755;1;1;1;1;3;319;166, AV JEAN LAGARRIGUE;M;4934178;101666;760
201500033645;15;5;9;2240;1;2;1;1;7;540;RAMPE GUILLAUME LE CONQU;M;4944116;108147;760
201500033646;15;4;1;220;3;2;1;8;6;451;AV DU BOIS DES DAMES;M;4947391;107606;760
201500033647;15;4;4;917;1;2;2;1;2;540;AV DU MONT RIBOUDET;M;4944833;106666;760
201500033648;15;3;31;830;1;2;1;1;1;540;70, RTE DE NEUFCHATEL;M;4945294;109882;760
201500033649;15;5;11;1500;1;2;1;1;4;540;QU DE PARIS;M;4943647;109897;760
201500033650;15;5;19;1030;1;2;3;1;3;322;1, R EDWIN ALDRIN;M;4941438;105090;760
201500033651;15;5;3;1400;1;1;1;1;2;575;33, AV DES CANADIENS;M;4939936;106336;760
201500033652;15;5;15;1710;1;2;2;1;1;540;117, RTE DU HAVRE;M;4945277;105663;760
201500033653;15;5;21;1105;1;1;6;1;3;484;RTE DES ESSARTS;M;4934569;107721;760
201500033654;15;4;9;829;1;2;3;1;6;681;114, R PIERRE CORNEILLE;M;4942035;109372;760
201500033655;15;4;22;1920;1;2;6;1;3;540;RPT DES HARKIS;M;4943047;107905;760
201500033656;15;5;23;1020;1;2;1;1;6;540;7, R GUILLAUME LE CONQUE;M;4944311;109025;760
201500033657;15;5;26;1700;1;2;1;1;6;319;R VICTOR HUGO;M;4935541;100797;760
201500033658;15;4;13;1850;1;2;3;1;2;540;BD FERDINAND DE LESSEPS;M;4944486;106786;760
201500033659;15;5;29;1100;1;1;3;1;2;575;BD LENINE;M;4939386;111166;760
201500033660;15;5;19;1710;1;2;6;1;1;575;21, AV AMBROISE CROIZAT;M;4937544;110266;760
201500033661;15;5;22;1730;1;1;1;1;2;157;A150;M;4946285;104048;760
201500033662;15;5;17;1109;1;2;1;1;6;540;AV DU GRAND COURS;M;4942815;110246;760
201500033663;15;5;21;1710;1;2;3;1;6;108;3980, RTE  DE NEUFCHATEL;M;4947496;112544;760
201500033664;15;5;29;2346;5;2;2;2;3;498;AV JACQUES PREVERT;M;4942858;106259;760
201500033665;15;6;2;1545;1;2;1;1;6;410;114, R DES MARTYRS;M;4948208;104526;760
201500033666;15;6;8;1700;1;2;2;1;6;540;80, QU DU HAVRE;M;4944093;108268;760
201500033667;15;6;9;2215;3;2;2;1;3;540;AV JEAN RONDEAUX.;M;4943469;107604;760
201500033668;15;6;13;1840;1;2;3;1;3;498;57, BD STANISLAS GIRARDI;M;4941400;106465;760
201500033669;15;6;16;1450;1;2;2;1;3;498;R MARTIAL SPINNEWEBER;M;4941941;106012;760
201500033670;15;6;17;2020;1;2;1;1;3;575;6, BD LENINE;M;4939639;111172;760
201500033671;15;6;20;2005;1;2;1;1;6;575;101, R DE L INDUSTRIE;M;4937572;111014;760
201500033672;15;6;11;10;5;1;1;1;7;322;;M;4941452;104414;760
201500033673;15;6;17;2350;5;2;1;1;2;681;477, R DE PARIS;M;4941070;109993;760
201500033674;15;6;26;1455;1;1;3;1;3;429;RTE DE DARNETAL;M;4941669;114616;760
201500033675;15;6;30;1205;1;2;2;1;6;540;47 bis, R JEAN LECANUET;M;4944460;109239;760
201500033676;15;6;29;1815;1;2;1;1;1;575;;M;4938058;106177;760
201500033677;15;6;27;100;3;1;3;1;5;131;COTE DE LA MAISON BRULEE;M;4934847;93449;760
201500033678;15;7;4;1740;1;2;6;1;3;540;RPT DE MADAGASCAR;M;4943769;106675;760
201500033679;15;6;30;2315;5;2;1;1;2;540;110, R DU MONT GARGAN;M;4943603;111333;760
201500033680;15;6;24;1800;1;2;1;1;3;540;AV PASTEUR;M;4944302;107722;760
201500033681;15;7;10;1845;1;2;1;1;3;540;PONT MATHILDE;M;4942996;110093;760
201500033682;15;7;2;1630;1;1;1;1;6;319;CH DE L ETOILE;M;4933477;100411;760
201500033683;15;7;13;2215;1;2;3;1;1;575;1, CANADIENS. AVENUE DES;M;4940517;106765;760
201500033684;15;7;15;1535;1;2;2;1;3;681;317, R HYACINTHE MENAGE;M;4940840;109534;760
201500033685;15;7;17;1700;1;1;1;1;6;410;;M;4947417;102547;760
201500033686;15;7;17;656;1;2;2;1;3;540;46, R BOUVREUIL;M;4944562;109470;760
201500033687;15;7;20;2040;1;2;1;1;6;484;7, RTE DES ESSARTS;M;4934362;108896;760
201500033688;15;7;20;1910;1;2;1;1;2;402;328, RTE DE DIEPPE;M;4952548;104220;760
201500033689;15;7;20;1220;1;2;1;1;3;157;COTE DE CANTELEU;M;4944158;103238;760
201500033690;15;5;3;105;5;2;2;2;6;231;17, R POUSSIN;M;4928401;100701;760
201500033691;15;5;17;1000;1;2;1;1;6;231;RTE DU NEUBOURG;M;4927711;99973;760
201500033692;15;5;13;1740;1;2;1;1;6;165;770, R DE LA COMMUNE 187;M;4927631;101904;760
201500033693;15;7;28;1610;1;1;1;1;4;575;33, BD LENINE;M;4937134;111551;760
201500033694;15;7;10;100;5;2;1;1;7;540;3, R JACQUES VILLON;M;4944458;109528;760
201500033695;15;7;18;858;1;2;2;1;3;540;R D AMIENS;M;4943941;110539;760
201500033696;15;7;20;1535;1;2;1;1;6;497;CH DU PASSAGE D'EAU;M;4938482;101277;760
201500033697;15;7;29;1900;1;1;6;1;6;95;AV DES HAUTS GRIGNEUX.;M;4946697;113466;760
201500033698;15;7;22;1050;1;2;3;1;3;575;R DE PARIS;M;4939728;110309;760
201500033699;15;7;23;1900;1;2;1;1;6;410;36, R DE LA REPUBLIQUE;M;4947862;104281;760
201500033700;15;8;13;825;1;2;1;1;6;212;82, RTE DE GOURNAY;M;4944236;116147;760
201500033701;15;8;3;1045;1;2;1;1;6;561;55, R DENFERT ROCHEREAU;M;4930044;101476;760
201500033702;15;7;14;43;3;1;1;1;1;319;R DES ESSARTS;M;4934638;101427;760
201500033703;15;8;4;2000;1;2;2;1;3;681;R PIERRE RENAUDEL;M;4941069;108758;760
201500033704;15;8;14;1230;1;2;6;1;2;599;R SAINTE MARGUERITE;M;4943499;114719;760
201500033705;15;7;16;1900;1;1;1;1;3;681;1, R GASTON CONTREMOULIN;M;4941924;109800;760
201500033706;15;8;5;1740;1;2;1;1;6;575;51, AV AMBROISE CROIZAT;M;4937125;110425;760
201500033707;15;8;17;1910;1;2;1;1;5;540;8, BD FERDINAND DE LESSE;M;4944481;106779;760
201500033708;15;8;7;1010;1;2;1;1;3;474;109, RTE DE DIEPPE;M;4948906;104913;760
201500033709;15;8;8;315;5;2;1;1;6;410;48, R DE LA REPUBLIQUE;M;4947667;104289;760
201500033710;15;8;14;1015;1;2;1;1;6;540;34, R DU FARDEAU;M;4944010;109128;760
201500033711;15;8;7;2120;1;2;1;1;3;484;355, AV D ANDERTEN;M;4935136;109191;760
201500033712;15;8;9;1330;1;2;1;1;2;212;98, RTE DE GOURNAY;M;4944293;116339;760
201500033713;15;9;6;1355;1;2;2;1;3;216;393, RTE DE DIEPPE;M;4947304;104910;760
201500033714;15;8;9;1500;1;2;1;1;6;540;64, RTE DE NEUFCHATEL;M;4945317;109832;760
201500033715;15;8;12;1730;1;2;1;1;3;5;R FRANCOIS MITTERRAND;M;4941275;112150;760
201500033716;15;8;11;1645;1;2;1;1;6;216;540, RTE DE DIEPPE;M;4947621;104799;760
201500033717;15;8;5;800;1;1;1;1;3;322;;M;4943197;105910;760
201500033718;15;8;9;1450;1;2;3;1;3;103;RTE DE PARIS;M;4942825;111597;760
201500033719;15;8;24;1755;1;2;6;3;3;497;;M;4938925;105602;760
201500033720;15;9;15;1640;1;2;1;1;6;95;R DE VERDUN;M;4945698;111810;760
201500033721;15;9;1;1020;1;2;2;1;6;540;QU DU HAVRE;M;4943909;108854;760
201500033722;15;7;29;1330;1;2;1;1;2;108;464, R DES CANADIENS;M;4947014;110674;760
201500033723;15;7;10;1200;1;1;1;1;6;402;;M;4951411;100889;760
201500033724;15;8;15;200;5;1;1;3;6;540;;M;4943732;111090;760
201500033725;15;9;1;800;1;2;2;2;5;540;117, RTE DU HAVRE;M;4945276;105662;760
201500033726;15;9;5;615;5;2;1;1;1;212;36, BD DE LA PAIX;M;4944470;115495;760
201500033727;15;9;5;2045;1;2;1;1;7;322;28, R JEAN RACINE;M;4941007;105025;760
201500033728;15;9;6;1800;1;2;3;1;3;540;QU DE BOISGUILBERT;M;4944247;107722;760
201500033729;15;9;7;850;1;1;1;1;3;410;;M;4947112;103126;760
201500033730;15;9;7;1346;1;1;1;1;3;484;;M;4934401;107627;760
201500033731;15;9;9;1605;1;2;2;1;6;540;QU GASTON BOULET;M;4944325;107724;760
201500033732;15;9;10;1530;1;1;1;1;2;157;A150;M;4945806;104719;760
201500033733;15;9;10;1020;1;2;3;1;4;599;4, R SAINTE MARGUERITE;M;4943426;114909;760
201500033734;15;9;14;2220;5;2;1;3;4;540;QU GASTON BOULET;M;4944111;108139;760
201500033735;15;8;10;1535;1;1;1;1;6;705;AV GUSTAVE PICARD;M;4932903;109855;760
201500033736;15;9;17;950;1;2;1;1;6;540;98 bis, R DE LA REPUBLIQ;M;4944202;109830;760
201500033737;15;9;17;1615;1;2;1;1;6;540;39, R JEANNE D'ARC;M;4944265;109107;760
201500033738;15;9;21;920;1;2;1;1;3;108;AV DU MARECHAL JUIN;M;4946345;111722;760
201500033739;15;8;23;605;5;2;3;1;6;216;98, R DE LA REPUBLIQUE;M;4947377;104204;760
201500033740;15;9;27;715;5;1;1;1;6;319;AV DE CAEN;M;4934432;98270;760
201500033741;15;9;26;15;5;1;1;1;6;540;R DE LA MOTTE;M;4943449;107244;760
201500033742;15;9;20;650;5;2;1;1;2;540;AV ARISTIDE BRIAND;M;4943525;110463;760
201500033743;15;10;5;1930;5;2;2;1;6;540;17, BD DE LA MARNE;M;4944693;109237;760
201500033744;15;9;26;205;5;2;1;1;6;540;3, QU JEAN MOULIN;M;4943499;109347;760
201500033745;15;9;29;1840;1;2;1;1;4;540;AV ARISTIDE BRIAND;M;4943523;110461;760