num_acc;an;mois;jour;hrmn;lum;agg;int;atm;col;com;adr;gps;lat;long;dep
201500033746;15;10;5;2200;5;1;1;2;5;212;;M;4945798;114384;760
201500033747;15;10;2;1910;1;1;3;1;6;322;AV DES CANADIENS;M;4939857;106263;760
201500033748;15;10;5;730;2;2;2;1;3;319;;M;4936712;101078;760
201500033749;15;8;3;1130;1;2;1;1;6;178;R DE TOURVILLE;M;4930847;103673;760
201500033750;15;10;6;2355;5;2;6;3;6;540;R SAINT CLEMENT;M;4942709;107756;760
201500033751;15;10;1;1815;1;2;2;1;1;640;89, R DE LOUVIERS;M;4927035;104304;760
201500033752;15;10;16;715;5;2;2;1;6;231;R ANATOLE FRANCE;M;4929085;99999;760
201500033753;15;10;10;1740;1;1;1;1;1;231;VOI DE LA DECLARATION UN;M;4929232;101798;760
201500033754;15;9;14;1210;1;2;3;1;3;561;R DE VERDUN;M;4930417;101043;760
201500033755;15;9;28;1730;1;2;2;1;3;231;55, R DE LA REPUBLIQUE;M;4929085;99999;760
201500033756;15;10;15;2130;5;2;1;1;1;540;80, R GUILLAUME D ESTOUT;M;4945458;105989;760
201500033757;15;10;9;1700;1;2;1;1;6;157;4, AV DU PRESIDENT ALLEN;M;4945044;103482;760
201500033758;15;10;11;1505;1;2;6;1;4;497;;M;4938815;105589;760
201500033759;15;10;15;1125;1;2;2;1;6;540;74, BD DES BELGES;M;4944428;108552;760
201500033760;15;10;13;745;2;1;1;1;2;497;;M;4936598;103950;760
201500033761;15;10;9;1805;1;2;1;1;3;451;77, CH DE CLERES;M;4946261;109615;760
201500033762;15;10;26;1700;1;2;1;1;6;540;65, R D ELBEUF;M;4942614;108284;760
201500033763;15;10;25;1830;1;1;1;1;2;322;;M;4940725;103700;760
201500033764;15;10;29;1855;5;2;1;1;2;474;328, RTE DE DIEPPE;M;4949618;104859;760
201500033765;15;10;29;2100;3;2;1;1;6;681;556, R DE PARIS;M;4940785;110161;760
201500033766;15;9;25;740;1;2;3;1;6;540;134, R SAINT JULIEN;M;4942634;107544;760
201500033767;15;11;4;945;1;2;2;2;6;108;1669, RTE DE NEUFCHATEL;M;4945800;110828;760
201500033768;15;11;6;1500;1;2;1;1;6;540;155, BD DE L YSER;M;4944743;109742;760
201500033769;15;11;1;1610;1;2;3;1;3;540;23, BD DE L EUROPE;M;4942728;109241;760
201500033770;15;11;9;910;1;2;2;1;3;410;2, R PAUL PAINLEVE;M;4948239;104278;760
201500033771;15;11;7;355;5;1;2;1;3;231;R POUSSIN;M;4928485;100547;760
201500033772;15;9;17;1535;1;2;2;1;7;498;107, R JACQUARD;M;4942995;106172;760
201500033773;15;11;2;1350;1;2;1;1;3;540;74, RTE DE BONSECOURS;M;4943364;110716;760
201500033774;15;11;10;750;1;2;4;1;6;212;76, R SADI CARNOT;M;4944068;114567;760
201500033775;15;11;10;900;1;2;1;1;3;540;43, RTE DE NEUFCHATEL;M;4945225;109791;760
201500033776;15;11;10;1422;1;2;2;1;6;681;2, R LEDRU ROLLIN;M;4942596;109337;760
201500033777;15;11;10;1310;1;1;2;1;2;681;BD INDUSTRIEL;M;4942162;110647;760
201500033778;15;11;8;1125;1;2;4;1;3;540;18, BD GAMBETTA;M;4943786;110526;760
201500033779;15;11;10;1120;1;2;6;1;6;681;AV DU 14 JUILLET;M;4941196;107342;760
201500033780;15;11;16;1400;1;2;1;1;6;108;4243, RTE DE NEUFCHATEL;M;4947706;112742;760
201500033781;15;11;8;1520;1;2;6;1;3;540;;M;4943459;107171;760
201500033782;15;11;18;1805;5;2;1;1;3;216;558, RTE DE DIEPPE;M;4947712;104769;760
201500033783;15;10;26;1150;1;2;1;1;3;540;R DE LA MOTTE;M;4943492;107400;760
201500033784;15;11;19;955;1;2;3;1;3;497;R DES MARTYRS;M;4938384;102361;760
201500033785;15;9;29;1840;1;1;1;1;2;212;;M;4945280;114513;760
201500033786;15;11;26;810;2;2;6;2;6;216;R DOCTEUR EMILE BATAILLE;M;4946288;104887;760
201500033787;15;11;30;1450;1;2;1;1;6;108;138, CH DE CLERES;M;4945770;109453;760
201500033788;15;11;28;1445;1;2;1;1;3;575;65, AV OLIVIER GOUBERT;M;4938083;110327;760
201500033789;15;12;2;1830;5;2;2;1;3;108;R DE LA REPUBLIQUE;M;4947025;111786;760
201500033790;15;12;6;200;5;2;1;1;6;540;78, R DE LA REPUBLIQUE;M;4944080;109771;760
201500033791;15;12;5;225;4;1;1;1;6;540;;M;4945931;114345;760
201500033792;15;10;25;1125;1;2;1;1;6;540;QU DE PARIS;M;4943639;109981;760
201500033793;15;12;6;515;5;1;6;1;6;108;RPT DES ROUGES TERRES;M;4948255;113307;760
201500033794;15;12;9;1920;5;2;2;1;2;322;BD MAURICE RAVEL;M;4941184;104742;760
201500033795;15;12;12;1410;1;2;1;1;6;157;20, AV PIERRE CORNEILLE;M;4944558;103034;760
201500033796;15;12;6;1445;1;2;1;1;2;322;;M;4938938;105615;760
201500033797;15;12;12;430;3;1;1;3;6;319;;M;4935156;102582;760
201500033798;15;12;9;1050;1;2;1;1;2;322;11, R JEAN TITELOUZE;M;4940666;104746;760
201500033799;15;12;15;1500;1;1;4;1;3;319;;M;4934508;101472;760
201500033800;15;12;15;1510;1;2;1;3;6;575;AV DU BIC AUBERT;M;4938965;109933;760
201500033801;15;12;14;2240;5;2;2;1;3;410;2, R PAUL PAINLEVE;M;4948234;104276;760
201500033802;15;12;15;730;5;2;3;2;6;540;3, BD DE L YSER;M;4944570;110820;760
201500033803;15;12;18;1020;1;1;1;1;2;212;;M;4945175;114521;760
201500033804;15;12;16;1720;5;2;3;1;6;322;2, AV GEORGES BRAQUE;M;4940341;104202;760
201500033805;15;12;18;1600;1;1;3;1;6;575;55, R DU DOCTEUR COTONI;M;4936963;110733;760
201500033806;15;12;29;1225;1;2;2;1;3;540;102, RTE DU HAVRE;M;4945283;105658;760
201500033807;15;12;18;345;5;2;5;1;1;216;98, R DE LA REPUBLIQUE;M;4947377;104194;760
201500033808;15;1;5;1635;1;2;1;1;6;540;113, R LAFAYETTE;M;4943164;108776;760
201500033809;15;1;4;2123;5;2;6;1;3;5;;M;4940902;112109;760
201500033810;15;1;4;2000;5;2;2;1;3;474;217, RTE DE DIEPPE.;M;4948469;104837;760
201500033811;15;1;8;1745;5;2;1;1;3;540;66, QU DE BOISGUILBERT;M;4944438;107095;760
201500033812;15;1;7;745;3;1;4;5;4;319;;M;4935502;103159;760
201500033813;15;1;13;2050;5;2;2;1;3;540;46, R ARMAND CARREL;M;4943992;110193;760
201500033814;15;1;15;825;5;2;1;2;3;540;RTE DE BONSECOURS;M;4943170;110957;760
201500033815;15;1;13;1725;2;2;1;1;6;451;41,AV DU MONT AUX MALADE;M;4946267;107637;760
201500033816;15;1;16;240;5;2;1;1;7;540;BD GAMBETTA;M;4943886;110850;760
201500033817;15;1;16;825;5;2;1;1;6;484;47A, R JEAN JACQUES ROUS;M;4934446;109509;760
201500033818;15;1;17;120;5;2;3;9;3;540;34, AV JACQUES CARTIER;M;4943601;108690;760
201500033819;15;1;16;1650;1;2;3;1;2;575;AV DES CANADIENS;M;4940499;106755;760
201500033820;15;1;14;1400;1;2;1;1;2;451;105, RTE DE MAROMME;M;4947053;108269;760
201500033821;15;1;18;1705;5;2;2;2;6;498;2, R PAUL FOLIOT;M;4942085;106326;760
201500033822;15;1;14;1735;4;2;3;1;3;540;AV ARISTIDE BRIAND;M;4943519;110501;760
201500033823;15;1;19;2130;5;2;1;1;3;540;49, QU CAVELIER DE LA SA;M;4943787;108379;760
201500033824;15;1;14;1300;1;2;3;1;3;322;AV DES PROVINCES;M;4941147;105293;760
201500033825;15;1;20;1935;5;2;6;1;6;575;22, AV DU VAL L ABBE;M;4938052;110064;760
201500033826;15;1;27;1640;1;2;1;1;2;540;55 bis, JOUVENET;M;4945020;110354;760
201500033827;15;1;28;1230;1;2;5;1;3;498;1, R ETIENE DOLET;M;4943134;104937;760
201500033828;15;2;3;850;1;1;1;1;5;319;;M;4934303;100621;760
201500033829;15;2;9;810;2;2;2;1;6;540;BD D ORLEANS;M;4943642;108160;760
201500033830;15;1;29;735;5;2;3;3;6;540;81, R JEAN LECANUET;M;4944542;108817;760
201500033831;15;2;14;1305;1;2;1;1;5;540;QU DE LA BOURSE;M;4943815;109162;760
201500033832;15;2;5;1315;1;2;3;1;2;575;R JULIAN GRIMAU;M;4938844;108887;760
201500033833;15;2;15;1300;1;2;1;1;1;540;AV DE LA GRAND MARE;M;4944532;113168;760
201500033834;15;2;14;1400;1;2;1;9;6;540;1, R DU BAC;M;4943800;109354;760
201500033835;15;2;8;1350;1;2;3;1;3;498;R ABBE LEMIRE;M;4941173;106006;760
201500033836;15;2;11;1700;1;2;1;1;3;540;R AMEDEE DORMOY;M;4944768;106669;760
201500033837;15;1;30;2225;5;2;1;1;2;322;AV GENERAL LECLERC;M;4941671;104703;760
201500033838;15;2;15;1837;2;2;1;1;6;681;515, R DE PARIS;M;4940823;110136;760
201500033839;15;3;12;845;1;2;1;1;6;108;12,rue A MEUNIER;M;4887241;258951;770
201500033840;15;3;13;745;1;2;2;1;2;108;D934 X RUE DU PORT;M;4886763;257222;770
201500033841;15;3;18;855;1;2;1;1;6;108;8, CHILPERIC (BOULEVARD);M;4887406;258794;770
201500033842;15;4;9;1835;1;2;1;1;2;363;8, CLAYE (RUE DE);M;4891400;262997;770
201500033843;15;4;3;1520;1;2;6;2;6;108;CLAYE (AV DE);;;;770
201500033844;15;4;21;1925;1;2;1;1;3;108;AV. GENDARME CASTERMANT;M;4887781;260338;770
201500033845;15;5;23;1000;1;2;3;8;3;55;D34A X RUE CURIE;M;4888302;262918;770
201500033846;15;4;21;1220;1;2;3;1;6;108;D934 X RUE HOUSSA OUAID;M;4886857;257328;770
201500033847;15;6;29;2255;5;2;1;1;6;108;11-13, NAST (RUE GUSTAVE;M;4887957;258691;770
201500033848;15;6;22;1730;1;2;3;3;6;108;5, RESISTANCE (AVENUE DE;M;4887846;258734;770
201500033849;15;7;29;1345;1;2;1;1;3;139;103, VAN WYNGENE (RUE CH;M;4890940;260326;770
201500033850;15;7;28;755;2;2;9;8;3;108;MARECHAL FOCH (AVENUE DU;M;4887004;257542;770
201500033851;15;8;18;1305;1;2;1;1;6;108;59, GENERAL DE GAULLE (A;M;4887018;258392;770
201500033852;15;8;30;1845;1;2;1;1;6;108;53,RUE ALEXANDRE BICKART;M;4888320;259066;770
201500033853;15;8;12;1715;1;2;1;1;2;108;RUE HENRI POINCARE;M;4887107;258228;770
201500033854;15;7;20;1550;1;2;1;1;6;108;28, RESISTANCE (AVENUE D;M;4887700;258551;770
201500033855;15;10;2;1305;1;2;1;1;3;108;80 bis, MARECHAL FOCH (A;M;4886867;257337;770
201500033856;15;10;19;1935;5;2;6;1;6;108;JAURES (AVENUE JEAN);M;4886551;256412;770
201500033857;15;11;11;1225;1;2;3;1;6;108;26, RUE DE BROU;M;4888483;261825;770
201500033858;15;11;21;130;5;2;6;3;6;108;02, HAUTE BORNE (RUE DE;M;4888437;261426;770
201500033859;15;12;18;1815;2;1;1;2;1;517;CD34;;;;770
201500033860;15;12;23;1645;1;2;1;1;6;108;AV. GENERAL DE GAULLE;M;4887010;258368;770
201500033861;15;1;8;1805;5;1;1;1;6;108;CLAYE (AVENUE DE);M;4888092;259876;770
201500033862;15;1;16;2110;5;2;1;2;6;108;67, GENERAL DE GAULLE (A;M;4887018;258483;770
201500033863;15;1;21;1415;1;1;1;1;2;108;CORPS DE GARDE (CHEMIN D;M;4887195;259618;770
201500033864;15;2;9;1645;1;2;2;1;1;108;D34 X AV F. TRINQUAND;M;4887650;259642;770
201500033865;15;2;15;1920;5;2;3;1;5;479;CH.PECHEURS X R. ECOLES;M;4886907;263079;770
201500033866;15;2;4;1655;1;2;6;7;6;108;D224 X D34A X R. BEL AIR;M;4888675;258521;770
201500033867;15;2;24;1325;1;2;2;1;3;139;38, PASTEUR (AVENUE);M;4890856;259063;770
201500033868;15;2;28;2000;5;2;2;1;3;108;D934 X D34;M;4887568;259628;770
201500033869;15;4;15;1850;1;1;1;1;1;132;D934;M;4888094;278264;770
201500033870;15;8;5;1515;1;1;1;1;6;449;MERIDIENNE ( BLD DE LA );;;;770
201500033871;15;12;24;1310;1;2;1;1;6;111;6, PETITS PRES ( RUE DES;M;4888077;276243;770
201500033872;15;7;1;115;5;2;1;1;2;307;D934;M;4887790;274287;770
201500033873;15;11;27;1615;1;1;1;1;3;307;DEPARTEMENTALE 231 ( ROU;;;;770
201500033874;15;12;11;1720;1;2;1;1;6;132;LESCHES ( RUE ) D45 A;M;4889870;278776;770
201500033875;15;1;11;1740;5;1;1;1;4;320;1542, PARIS (AVENUE DE);M;4881410;307220;770
201500033876;15;3;6;1905;3;1;1;1;4;131;D222;M;4881559;310974;770
201500033877;15;1;14;1005;1;2;1;2;6;131;27, GAMBETTA (COUR);M;4881565;308462;770
201500033878;15;3;7;1045;1;2;1;7;6;131;D934 11, AV. STRASBOURG;M;4880775;308331;770
201500033879;15;2;14;1550;1;1;1;2;7;371;D216 AV G. HUERNE;M;4882123;301973;770
201500033880;15;3;24;1745;1;1;2;2;3;13;RD 402 X RD 19 a1;M;4884350;308832;770
201500033881;15;3;24;1855;5;2;3;2;3;131;1, TEMPLIERS (RUE DES);M;4882457;309473;770
201500033882;15;2;23;1327;1;2;2;1;3;70;D37 X LIEU-DIT MARTROY;M;4881137;313249;770
201500033883;15;2;24;1410;1;2;9;1;6;131;5, LOUIS BRAILLE (RUE);M;4882061;309453;770
201500033884;15;3;25;2110;4;2;3;1;7;371;94, PASTEUR (RUE);M;4881539;299465;770
201500033885;15;3;27;930;1;1;1;1;3;433;D 402;M;4879250;306802;770
201500033886;15;5;4;1540;1;2;1;1;6;131;42, PIDOUX DE MONTANGLAU;M;4882730;308236;770
201500033887;15;5;19;940;1;1;3;1;3;320;D934 X RUE DU CHAMP JOLI;M;4881742;305591;770
201500033888;15;6;25;1955;1;2;1;1;2;70;20, CHATEAU (RUE DU);M;4879026;312163;770
201500033889;15;7;2;1830;1;1;3;1;3;320;PARIS (AVENUE DE);M;4881689;305856;770
201500033890;15;8;15;1001;1;2;3;2;3;131;13, RUE DES MARGATS;M;4880877;310128;770
201500033891;15;9;6;606;5;2;2;1;3;70;MERISIERS (RUE DES );M;4878948;312408;770
201500033892;15;8;29;1625;1;1;2;1;3;371;D 934  - AERODROME;M;4883600;298781;770
201500033893;15;9;21;1330;1;1;1;1;1;433;D 402;M;4879289;306859;770
201500033894;15;9;15;1500;1;1;1;1;6;400;30, SAINTE AUBIERGE (RUE;M;4876489;303155;770
201500033895;15;10;8;1010;1;2;1;8;6;131;10, SAINT DENIS (PLACE);M;4881300;308408;770
201500033896;15;10;29;1835;5;2;1;1;6;131;8, PALAIS DE JUSTICE;M;4881288;308455;770
201500033897;15;11;22;1825;3;1;3;1;1;131;PIDOUX DE MONTANGLAUST (;M;4882595;308724;770
201500033898;15;12;11;2335;5;2;1;1;2;131;85, GENERAL LECLERC (RUE;M;4881347;307400;770
201500033899;15;12;21;1840;5;2;3;2;6;131;PECHERIE (RUE DE LA);M;4881250;308327;770
201500033900;15;1;17;1015;1;1;1;1;6;186;42, FRANCE (RUE DE);M;4840489;269763;770
201500033901;15;12;11;1825;3;1;1;1;7;186;LA FOSSETTE (ROUTE);M;4839538;277008;770
201500033902;15;1;17;1755;3;2;1;2;7;186;1, CHANCELLERIE (RUE DE;M;4840387;270046;770
201500033903;15;12;16;2100;3;1;1;1;1;186;D142;M;4849323;264433;770
201500033904;15;1;20;1830;5;2;2;1;6;14;29BIS, FRANKLIN ROOSEVEL;M;4841490;271840;770
201500033905;15;12;17;1750;3;1;1;1;2;186;RD606. de la rochette а;M;4848505;266556;770
201500033906;15;3;3;1700;1;1;4;1;7;186;D409 X D11;M;4841734;262083;770
201500033907;15;3;5;1650;1;1;1;1;6;186;D142;M;4844956;267040;770
201500033908;15;4;6;1505;1;1;6;1;3;186;RD607 /RD 301/ RD142;M;4843065;266132;770
201500033909;15;4;6;1650;1;1;1;1;3;186;D148;M;4835623;276146;770
201500033910;15;4;12;1150;1;2;1;1;6;186;39BIS, BD GAL LECLERC;M;4841281;271107;770
201500033911;15;4;16;735;1;1;2;1;5;186;D142 X D115;M;4848084;266693;770
201500033912;15;5;3;1635;1;1;1;1;3;186;D301 PROXIMITE FRANCHARD;M;4840735;263822;770
201500033913;15;5;14;2015;1;1;1;1;1;186;D301 ROUTE RONDE;M;4839431;276007;770
201500033914;15;5;22;1715;1;1;2;1;5;186;D148 X D301 (GD MAITRE);M;4837654;273972;770
201500033915;15;5;31;1430;1;1;6;1;7;186;D607 X D142;M;4843026;266153;770
201500033916;15;6;2;2115;1;1;6;1;7;186;D606 X D138  CROIX VITRY;M;4847448;267888;770
201500033917;15;6;5;225;3;1;1;1;7;186;D409;M;4840962;267924;770
201500033918;15;6;10;1515;1;1;2;1;3;186;D148 X D301 (GD MAITRE);M;4837656;273962;770
201500033919;15;6;16;1925;1;2;1;1;6;186;14 TER, ROYALE (RUE);M;4840356;269294;770
201500033920;15;6;29;1205;1;2;1;1;6;186;13, GRANDE (RUE);M;4840435;270051;770
201500033921;15;7;4;1515;1;1;1;8;6;186;D301 ROUTE RONDE;M;4837533;263720;770
201500033922;15;7;17;825;1;2;3;1;3;186;186, GRANDE (RUE);M;4840965;270447;770
201500033923;15;8;2;2000;1;1;2;1;7;186;RD116 PanONF  rte Butte;M;0;0;770
201500033924;15;8;16;945;1;2;1;1;6;226;d39  de champ.  hericy;M;4844235;275778;770
201500033925;15;10;5;815;1;1;1;1;6;186;d301 de chantoiseau /gra;M;4838097;274526;770
201500033926;15;10;22;1305;1;1;1;8;2;186;RD63E.  RD 607  a  RECLO;M;4841879;267260;770
201500033927;15;10;25;35;3;1;1;1;7;186;D137. PanONF thom. carr.;M;4840555;274160;770
201500033928;15;11;25;1045;1;1;1;8;3;186;D301;M;4837542;263695;770
201500033929;15;1;7;1920;5;1;1;1;6;243;03, SAINT DENIS  (RUE;M;4887751;271796;770
201500033930;15;4;1;1355;1;2;1;1;2;58;PLACE DU CLOS St GEORGES;M;4884194;270544;770
201500033931;15;1;16;2145;5;2;2;2;6;243;18, SAINT DENIS  (RUE;M;4887791;271652;770
201500033932;15;2;24;1135;1;2;3;3;5;58;8, AV. DE L'EUROPE;M;4883198;271760;770
201500033933;15;5;15;730;1;2;1;7;6;243;GAMBETTA  (RUE   );M;4887840;270395;770
201500033934;15;5;26;1740;1;2;9;1;6;243;GEORGES CLEMENCEAU  (AVE;M;4887760;272901;770
201500033935;15;6;5;835;1;2;1;1;1;237;59 BIS, LAGNY  (RUE DE;M;4884296;275051;770
201500033936;15;6;26;1040;1;2;3;1;6;243;D10 X BRETELLE D934;M;4886840;270607;770
201500033937;15;7;1;1005;1;2;1;1;6;438;COURTILLIERE (AVENUE DE;M;4887013;267439;770
201500033938;15;9;24;1215;1;2;9;1;5;181;1, RUE DE ROTHSCHILD;M;4882349;270119;770
201500033939;15;9;29;1550;1;2;9;1;6;58;43,Bd  ANTOINE GIROUST;M;4884086;271054;770
201500033940;15;10;6;835;1;2;1;3;2;372;10, RUE CHARTIER;M;4888332;270206;770
201500033941;15;8;30;2025;2;2;1;1;6;464;59, RUE DE DAMPMART;M;4888355;272420;770
201500033942;15;11;5;945;1;1;1;1;5;438;D934;;;;770
201500033943;15;11;6;1400;1;2;1;2;1;243;128, MAL DE LATTRE DE TA;M;4887742;268650;770
201500033944;15;11;12;1745;5;2;1;1;6;181;CHATEAU  (RUE DU  );M;4882047;271508;770
201500033945;15;11;18;740;1;2;3;1;3;124;TOURNAN (ROUTE DE );;;;770
201500033946;15;11;18;1705;2;1;1;1;3;464;CLAYE  (RUE DE  );M;4890041;271333;770
201500033947;15;12;9;1325;1;2;1;1;1;464;2, FONTAINES  (RUE DES;M;4888616;271736;770
201500033948;15;12;10;920;1;2;1;8;6;58;12, LAGNY (BOULEVARD DE);M;4884115;270537;770
201500033949;15;12;17;955;1;2;1;1;3;372;RN 34;;;;770
201500033950;15;1;20;845;1;1;1;5;2;330;D360;M;4894075;287948;770
201500033951;15;3;17;1805;1;2;1;1;2;284;00, VICTOIRE (AV.DE LA);;;;770
201500033952;15;3;23;1425;1;2;3;1;3;199;D33 X RUE BRINCHES;M;4893756;296329;770
201500033953;15;3;25;1600;1;2;1;1;2;284;ALLENDE (AV.SALVADOR);M;4895555;289039;770
201500033954;15;3;29;2100;5;2;1;3;3;284;157, VICTOIRE (AV.DE LA);M;4895690;292137;770
201500033955;15;3;31;830;1;2;1;8;2;284;27, AVENUE GALLIENI;M;4895690;287245;770
201500033956;15;2;16;1945;3;1;1;1;7;475;MONTCEAUX (RUE DE);M;4895705;294752;770
201500033957;15;4;6;1550;1;2;1;1;6;284;22, CHAMPS (IMP.DES);M;4896879;290215;770
201500033958;15;2;17;1030;1;2;3;2;3;284;BD CHARCOT X R. A. CAMUS;M;4894695;290350;770
201500033959;15;4;4;135;5;2;1;1;2;513;7 BIS, CHAUSSEE DE PARIS;M;4895522;286865;770
201500033960;15;4;13;1200;1;2;1;1;6;475;13, NANTEUIL (RUE DE);M;4895158;294112;770
201500033961;15;4;13;1730;1;1;1;1;4;335;RD5;M;4894950;286378;770
201500033962;15;4;14;1155;1;1;1;1;2;284;154, VICTOIRE (AV.DE LA);M;4895694;292030;770
201500033963;15;4;15;1145;1;2;3;1;6;284;1, CLEMENCEAU (AV.);M;4896265;287588;770
201500033964;15;4;15;1010;1;1;1;1;6;513;A 140;;;;770
201500033965;15;3;13;340;3;1;1;1;3;335;RN3 (ROUTE NATIONALE);M;4895890;282652;770
201500033966;15;5;3;125;5;2;3;2;1;369;D17A X RUE DAMPLEGER;M;4896794;293083;770
201500033967;15;7;10;2215;3;1;1;1;3;335;RN3 (ROUTE NATIONALE);M;4895718;285217;770
201500033968;15;10;23;1240;1;2;1;1;6;284;RUE RENЙ BAZIN;M;4895107;291666;770
201500033969;15;10;29;2035;3;2;1;1;6;475;GARE SNCF;M;4896000;295145;770
201500033970;15;11;4;1650;1;1;1;2;7;143;RN 330 (ROUTE NATIONALE);M;4897596;285989;770
201500033971;15;1;5;900;1;1;1;5;3;410;D57;M;4859211;272224;770
201500033972;15;4;7;1703;1;2;1;1;6;288;MONTAIGU  (RUE DE);M;4855090;265300;770
201500033973;15;1;13;1715;2;2;6;1;5;285;D436 X AV. DE CORBEIL;M;4854897;264228;770
201500033974;15;4;14;2040;2;1;2;1;1;152;D142 X D64;M;4849710;263401;770
201500033975;15;4;16;1525;1;2;3;1;3;487;689,RUE DES CARREAUX;M;4851950;269149;770
201500033976;15;4;13;750;1;2;2;1;6;288;D606 X R. DOCT. POUILLOT;M;4853055;265516;770
201500033977;15;1;23;920;1;2;1;1;6;152;FOCH(AVENUE DU MAL)LE RE;M;4851491;263531;770
201500033978;15;4;18;2047;2;2;1;1;6;285;D39E3 RUE DU 8 MAI 1945;M;4853220;263869;770
201500033979;15;4;20;1110;1;1;9;1;2;288;D605 X BRET NORD D636;M;4855287;266574;770
201500033980;15;5;18;1430;1;1;1;1;5;288;D605 MELUN ALMONT;M;4854570;267829;770
201500033981;15;5;26;850;1;1;1;1;5;288;9, 31EME R.I  (RUE DU);M;4854412;265302;770
201500033982;15;6;3;1525;1;2;1;1;6;152;248, AV. CHARLES PRIEUR;M;4851475;262038;770
201500033983;15;6;14;1535;1;2;2;1;6;288;58, ALMONT (BOULEVARD DE;M;4854515;267728;770
201500033984;15;6;21;1620;1;2;1;1;1;285;D39E3  QUAI E. LALLIA;M;4853795;264983;770
201500033985;15;7;21;320;5;2;1;1;6;288;1, GENERAL LECLERC (RUE);M;4852660;265414;770
201500033986;15;8;8;1205;1;1;2;1;3;306;D471 X D57;M;4859747;269216;770
201500033987;15;9;13;1940;2;2;1;1;6;152;560, JAURES(AVENUE JEAN);M;4852638;264629;770
201500033988;15;9;23;1310;1;2;1;1;6;288;51, SAINT LIESNE (RUE);M;4854052;266942;770
201500033989;15;10;14;1850;2;2;1;2;6;288;19, AV dela LIBERATION;M;4852791;265675;770
201500033990;15;10;20;2205;3;1;2;1;3;394;D.471;;;;770
201500033991;15;10;21;1515;1;2;1;1;1;288;17, RUE DU  PARC;M;4854634;264683;770
201500033992;15;11;21;1805;5;2;2;8;6;288;56, AVENUE THIERS;M;4852834;265408;770
201500033993;15;11;21;1825;3;1;1;2;1;447;C.D 50;M;4854284;255112;770
201500033994;15;12;10;1000;1;2;1;1;3;288;20 bis, CHAMBLAIN   (BOU;M;4853354;265480;770
201500033995;15;12;1;750;2;2;6;1;6;285;CORBEIL (GIRATOIRE DE);M;4854899;264238;770
201500033996;15;12;7;730;2;2;1;1;6;96;GALLIENI (AVENUE);M;4848540;269666;770
201500033997;15;12;15;850;1;2;1;2;6;288;ARMAND DE LA ROCHETTE (R;M;4852563;265470;770
201500033998;15;3;2;1836;3;1;1;1;6;495;D.306;;;;770
201500033999;15;12;21;1405;1;1;1;1;1;53;REPUBLIQUE (RUE DE LA);M;4869049;260583;770
201500034000;15;3;17;1655;1;2;1;1;1;445;AV. PALME OLOF;M;4861270;257434;770
201500034001;15;3;23;1350;1;1;2;1;3;384;D57 X D305;M;4861370;262343;770
201500034002;15;3;29;2130;5;2;6;2;6;53;VICTOR HUGO (AVENUE);M;4867950;260944;770
201500034003;15;4;7;1405;1;2;2;1;3;445;NANGIS (RUE DE);M;4857961;258565;770
201500034004;15;4;12;614;3;1;6;5;6;296;D402 X D57;M;4862146;260246;770
201500034005;15;5;13;1515;1;1;2;8;2;384;D.306;;;;770
201500034006;15;5;15;352;3;1;1;1;7;180;CLOS (CHEMIN DES);M;4873031;263274;770
201500034007;15;6;12;1740;1;2;2;1;3;251;ENTRE DEUX (COTE DE L');M;4861422;253330;770
201500034008;15;6;17;940;1;2;3;1;3;296;D57 X ACCES DECHARGE;M;4863687;257697;770
201500034009;15;7;4;2245;3;1;1;1;7;122;D48;M;4865774;261001;770
201500034010;15;7;4;950;1;1;6;7;6;445;HAIE (AVENUE DE LA);M;4857298;259023;770
201500034011;15;7;10;1420;1;1;1;1;6;53;VILLEMENEUX (ROUTE DE);M;4868126;259641;770
201500034012;15;7;11;1535;1;2;1;1;6;296;280, PHILIPPE BUR(AVENUE;M;4862738;258921;770
201500034013;15;8;23;130;3;1;1;1;7;53;RD 319;M;4868380;263426;770
201500034014;15;9;4;1944;1;2;1;1;6;67;, CLOS DU LOUVRE (RUE DU;M;4856701;260550;770
201500034015;15;9;14;820;1;2;1;8;6;122;44, CHENE(RUE DU);M;4866231;257473;770
201500034016;15;9;18;1725;1;1;3;2;3;67;D306;M;4858310;260884;770