num_acc;an;mois;jour;hrmn;lum;agg;int;atm;col;com;adr;gps;lat;long;dep
201500034017;15;10;14;815;1;1;1;1;3;251;PAUL DELOUVRIER (AVENUE);M;4862415;256458;770
201500034018;15;10;14;1830;2;1;1;2;3;114;RD 216;;;;770
201500034019;15;11;9;1235;1;2;3;1;3;445;MENDES-FRANCE (AVENUE PI;M;4859625;257416;770
201500034020;15;11;19;1845;5;2;1;2;1;122;ANDRE MALRAUX (AVENUE);M;4865250;256305;770
201500034021;15;11;20;2100;5;2;1;2;7;495;BOIS VERT (AVENUE DU);M;4856274;262254;770
201500034022;15;11;25;751;2;2;6;3;6;122;ALBERT CAMUS (PLACE);M;4865419;256594;770
201500034023;15;12;4;1638;1;1;1;9;1;296;D 57;;;;770
201500034024;15;12;3;1115;1;1;6;1;3;53;BUTTE AUX BERGERS (RUE D;M;4870370;260707;770
201500034025;15;12;19;1400;1;1;2;1;1;296;D1402;M;4862470;256643;770
201500034026;15;1;23;1300;1;2;3;1;6;53;D216 X ACCES STAT;M;4869199;260328;770
201500034027;15;1;25;900;1;1;1;1;2;114;N 4;;;;770
201500034028;15;1;26;2120;5;1;1;2;6;326;D346;M;4858541;254403;770
201500034029;15;2;5;25;3;1;1;1;1;296;RUE EDOUARD BRANLY;M;4861130;258443;770
201500034030;15;2;15;350;3;1;1;1;6;114;N 4;;;;770
201500034031;15;3;6;1800;1;2;1;1;3;305;5, MONTAIGNE (COURS);M;4839589;295438;770
201500034032;15;3;14;1825;1;2;3;1;6;305;9, MOLIERE (AVENUE);M;4839775;295606;770
201500034033;15;5;26;1120;1;2;6;1;6;305;D403 X AV. G. DE GAULLE;M;4838251;295441;770
201500034034;15;6;5;730;1;1;2;1;6;439;D210 X D29;M;4843587;300646;770
201500034035;15;7;20;2100;1;2;1;1;6;305;3, THOMAS (RUE ANDRE);M;4839580;295439;770
201500034036;15;8;23;800;1;1;1;1;7;210;Route Nationale 105;M;4842510;290802;770
201500034037;15;9;26;1220;1;2;1;1;6;210;12, EGLISE (RUE DE L');M;4838114;290484;770
201500034038;15;10;25;135;5;2;1;1;3;172;18, GRAND FOSSARD (LIEU;M;4835987;297314;770
201500034039;15;10;31;1500;1;1;2;1;1;210;RD 606;M;4836120;288847;770
201500034040;15;12;22;1155;1;1;2;1;3;194;D210 X D67;M;4842431;294712;770
201500034041;15;1;20;1755;5;2;4;1;3;305;D605 x Av de Surville;M;4839026;295552;770
201500034042;15;2;2;2130;3;1;1;1;2;172;D219;M;4834093;295795;770
201500034043;15;2;15;1100;1;2;4;1;1;305;RD 605 X Av de Surville;M;4839030;295540;770
201500034044;15;4;14;800;1;1;6;1;3;494;D210 X D40;M;4841897;284836;770
201500034045;15;8;3;2005;1;1;1;1;7;494;CD 210;M;4841880;287245;770
201500034046;15;9;4;850;1;2;3;1;6;516;CORMIER (RUE DES);M;4833330;288333;770
201500034047;15;9;4;1225;1;2;3;1;3;166;ORVANNE (RUE DE L');M;4836789;282795;770
201500034048;15;9;21;1510;1;1;1;1;7;170;D 148;M;4833563;277974;770
201500034049;15;1;19;1745;2;1;1;1;1;494;D210;M;4841923;283344;770
201500034050;15;2;12;1930;5;2;2;1;3;463;D301 X RUE NEUVE;M;4840890;278388;770
201500034051;15;4;4;1700;1;2;1;8;6;333;11, MOULIN (AVENUE JEAN);M;4826891;270994;770
201500034052;15;6;20;1230;1;2;3;1;3;302;23, ACACIAS (AVENUE DES);M;4829887;270018;770
201500034053;15;6;26;845;1;1;1;1;7;16;29, GLANDELLES  (ROUTE D;M;4820495;271965;770
201500034054;15;8;31;1530;1;2;3;1;6;458;MARECHAL LECLERC (AVENUE;M;4818357;273550;770
201500034055;15;9;24;1350;1;2;6;8;7;302;MORET (ROUTE DE);M;4830745;270860;770
201500034056;15;10;13;1732;1;2;1;1;7;302;34TER, MORET (ROUTE DE);M;4830464;270378;770
201500034057;15;11;1;1505;1;1;1;1;5;458;DEPARTEMENTALE 207;M;4818055;272113;770
201500034058;15;11;24;945;1;1;1;1;6;458;DEPARTEMENTALE 120;M;4818915;276721;770
201500034059;15;12;11;2250;5;2;1;1;6;458;9, CARRIERES (RUE DES);M;4818603;273439;770
201500034060;15;1;17;2310;3;1;1;8;6;156;ROUTE  DE FROMONVILLE;M;4828274;271736;770
201500034061;15;1;8;1710;3;1;1;8;3;458;DEPARTEMENTALE 207;M;4818058;272050;770
201500034062;15;2;14;1210;1;2;2;2;3;431;D403 X D98;M;4826144;269026;770
201500034063;15;3;3;850;1;2;1;1;1;83;4, BD DU BOIS DE GRACE;M;4884794;258557;770
201500034064;15;3;7;1155;1;2;3;1;6;83;25, GALILEE (RUE);M;4883496;259175;770
201500034065;15;3;20;1900;1;1;1;1;3;83;MALNOUE (ROUTE DE);M;4883430;259850;770
201500034066;15;3;24;2100;3;2;1;3;6;468;VPN (A 199);M;4884570;264190;770
201500034067;15;3;27;1745;1;2;6;1;3;146;D10P X D1406;M;4882358;264059;770
201500034068;15;4;9;1210;1;1;3;1;2;121;D471 X FERME LAMIRAULT;M;4882727;267475;770
201500034069;15;4;22;1225;1;2;2;1;2;337;4, LUZARD (COURS DU);M;4884711;261350;770
201500034070;15;5;11;630;1;2;2;1;3;83;D370 X D199;M;4884993;257696;770
201500034071;15;5;11;1155;1;2;3;1;1;258;BD CHOPIN X RUE VERDI;M;4883855;264722;770
201500034072;15;5;18;1930;1;2;1;1;6;468;86,RUE DE PARIS;M;4885015;264713;770
201500034073;15;5;22;1810;1;2;2;1;6;468;D128 X R. PABLO NERUDA;M;4884428;264935;770
201500034074;15;5;23;40;5;2;1;1;2;83;8, COPERNIC (BOULEVARD);M;4884400;258583;770
201500034075;15;6;6;1500;1;2;3;1;6;337;LUZARD (COURS DU);M;4884714;261556;770
201500034076;15;6;18;1835;1;1;2;1;1;169;D406 X BD CLOS AUMONE;M;4882610;261117;770
201500034077;15;6;19;1500;1;1;2;1;1;169;D406 X BD CLOS AUMONE;M;4882610;261117;770
201500034078;15;7;3;1625;1;2;6;1;2;146;D10P X AV JEAN MONNET;M;4882852;264239;770
201500034079;15;7;4;2000;1;2;7;1;6;169;1, RUE D'EMERY;M;4881410;262120;770
201500034080;15;7;15;1250;1;2;1;1;6;146;17, HIRONDELLES (RUE DES;M;4882521;265320;770
201500034081;15;7;21;1950;1;2;3;1;3;337;2, ARCHE GUEDON (COURS D;M;4885130;262272;770
201500034082;15;7;24;1730;1;2;1;1;2;337;COURS DES ROCHES;M;4884470;261539;770
201500034083;15;7;28;1410;1;2;3;1;6;468;CHEVRE (RUE DE);M;4885598;265581;770
201500034084;15;8;27;1920;1;2;3;2;6;337;01, SARTRE (JEAN-PAUL);M;4884370;261547;770
201500034085;15;9;23;1125;1;2;1;1;6;146;12, PELLOUTIER (RUE);M;4882620;263553;770
201500034086;15;9;25;2040;5;2;1;1;6;337;55, ROCHES (COURS DES);M;4884510;261531;770
201500034087;15;9;29;1800;1;1;1;1;7;83;MARNE (BOULEVARD DE LA);M;4884870;258664;770
201500034088;15;9;30;550;1;2;3;1;6;258;Bd DU MANDINET;M;4883924;262473;770
201500034089;15;10;2;1735;1;2;9;1;3;169;25, BEAUBOURG (BOULEVARD;M;4881691;261694;770
201500034090;15;10;10;1930;1;2;6;1;6;83;IRENE ET FREDERIC JOLIOT;M;4885331;258376;770
201500034091;15;10;16;830;2;2;3;2;2;337;BRIE VPO (ROUTE DE LA);M;4883890;262603;770
201500034092;15;11;7;1505;1;2;1;1;6;83;2, PYRAMIDES (AVENUE DES;M;4885478;258339;770
201500034093;15;11;9;1345;1;2;2;1;5;121;40, MELUN (RUE DE);M;4883560;267411;770
201500034094;15;11;27;1810;5;2;3;2;1;83;BOULEVARD DE NESLE;M;4884890;258244;770
201500034095;15;12;2;1500;1;2;6;1;7;258;AVENUE DE LA SOUBRIARDE;M;4883237;264266;770
201500034096;15;12;12;705;5;2;2;1;2;468;GEORGES BRASSENS (AVENUE;M;4884428;264935;770
201500034097;15;12;30;1915;3;1;1;1;5;468;MARNE (RUE DE LA);M;4884555;263986;770
201500034098;15;1;14;1730;5;2;6;1;6;59;D128 X RUE LEON BLUM;M;4884062;265812;770
201500034099;15;1;28;1525;1;2;1;1;6;83;13, PARIS (RUE DE);M;4885232;260158;770
201500034100;15;2;11;1450;1;2;3;1;6;337;83, ROCHES (COURS DES);M;4884373;261540;770
201500034101;15;2;12;1820;2;2;1;1;6;169;2, BD OLOF PALME;M;4880842;261855;770
201500034102;15;2;22;750;1;2;2;1;6;337;Allee Jean Paul SARTRE;M;4884372;261540;770
201500034103;15;2;23;1310;1;2;3;1;6;468;D128 X AV. S. ALLENDE;M;4884366;265474;770
201500034104;15;12;31;2045;3;2;1;2;4;373;PARIS (RUE DE- RN 4 );;;;770
201500034105;15;3;4;910;1;2;6;1;6;373;D361 X RUE DES TILLEULS;M;4880454;262132;770
201500034106;15;3;1;634;5;2;1;2;6;373;D604  24, ROUTE DE PARIS;M;4877710;259508;770
201500034107;15;1;13;1045;1;2;1;1;6;215;Route de Presles-ZI;M;4873326;273849;770
201500034108;15;3;17;835;1;2;1;1;6;249;ARMAINVILLIERS (AVENUE D;M;4874520;259735;770
201500034109;15;1;20;1940;5;2;3;1;2;373;111, LIBERATION (RUE DE;M;4878032;261179;770
201500034110;15;4;7;2100;5;2;9;1;6;373;PARIS (RUE DE D604 );;;;770
201500034111;15;4;23;1350;1;1;1;1;7;350;RN4;M;4876480;265698;770
201500034112;15;2;3;1910;5;2;1;1;6;373;88, PRES ST MARTIN (RUE;M;4879036;261361;770
201500034113;15;4;24;1725;1;1;6;1;2;374;D471 X D21;M;4879596;271375;770
201500034114;15;5;9;1900;1;2;1;1;1;390;D21 AV MARECHAL FOCH;M;4879027;267512;770
201500034115;15;5;11;1720;1;1;1;1;3;215;LIBERTE  (AVENUE DE LA);M;4875472;271227;770
201500034116;15;5;15;950;1;1;9;1;2;350;BRETELLE ACCES D350;M;4876526;265621;770
201500034117;15;3;28;2000;5;2;3;2;3;350;D351 X R. VILLA TUILERIE;M;4876260;266490;770
201500034118;15;6;2;1630;1;2;1;1;1;390;JEAN MONNET (AVENUE);M;4879902;264437;770
201500034119;15;6;10;520;2;2;6;1;6;373;D604 - PARIS (RUE DE );M;4877678;259546;770
201500034120;15;6;9;720;1;2;1;1;3;373;96, PRES ST MARTIN (RUE;M;4878314;261601;770
201500034121;15;7;4;1020;1;2;1;1;6;350;FERME DU PRESBYTERE (RUE;M;4876260;266365;770
201500034122;15;7;11;1500;1;1;1;1;7;215;RN4 HORS AGGLOMERATION;M;4873360;272450;770
201500034123;15;7;20;2300;3;1;1;1;3;350;CD 471;M;4875620;270504;770
201500034124;15;7;27;2205;5;2;1;1;3;373;31, GENERAL DE GAULLE (A;M;4880398;261627;770
201500034125;15;7;27;2305;3;1;1;1;2;350;RN4 HORS AGGLOMERATION;M;4876660;265078;770
201500034126;15;8;29;630;2;2;1;1;6;215;AVENUE DE LA LIBERTE;M;4874385;273202;770
201500034127;15;9;15;1215;1;1;1;1;1;374;RD 471;M;4880187;270726;770
201500034128;15;9;16;2000;4;2;2;1;3;390;11, JB MONET DE LAMARCK;M;4879963;264260;770
201500034129;15;9;21;900;1;2;1;1;6;373;1, LIBERATION (RUE DE LA;M;4878050;259901;770
201500034130;15;9;10;1740;1;2;1;1;2;390;BOULEVARD DE LA MALIBRAN;M;4880000;263621;770
201500034131;15;9;27;2145;5;1;1;1;6;373;55, Av de la REPUBLIQUE;M;4880058;260769;770
201500034132;15;10;3;1220;1;1;1;1;3;350;CD 354;;;;770
201500034133;15;10;22;1155;1;2;1;1;6;350;DESIDERIUS ERASME (AVENU;M;4875810;269463;770
201500034134;15;10;23;1200;1;2;3;1;6;373;139, REPUBLIQUE (AV. DE;M;4879950;260657;770
201500034135;15;10;29;1115;1;2;1;1;7;373;76, LUCIEN BRUNET (RUE);M;4878320;260122;770
201500034136;15;11;2;825;1;1;1;5;2;215;RN4 HORS AGGLOMERATION;M;4873500;274027;770
201500034137;15;11;2;1515;1;2;1;1;5;350;9, GENERAL LECLERC (AVEN;M;4876394;267241;770
201500034138;15;11;3;920;1;1;1;1;4;373;RN4;;;;770
201500034139;15;11;4;1125;1;1;1;8;7;249;CD 51;M;4876132;261497;770
201500034140;15;11;5;910;1;2;1;1;3;373;39, AV. CHARLES ROUXEL;M;4879600;260449;770
201500034141;15;11;4;1150;1;2;1;8;3;215;RN4 HORS AGGLOMERATION;M;4873320;272275;770
201500034142;15;11;8;1805;3;1;1;1;5;373;RN4;M;4877440;260951;770
201500034143;15;11;10;545;3;1;1;1;2;215;RN4 HORS AGGLOMERATION;M;4873330;272247;770
201500034144;15;11;9;1825;3;1;1;1;2;350;CD 471;M;4874365;270258;770
201500034145;15;11;9;2045;5;2;3;1;3;373;MONTHETY (RUE);M;4877776;260847;770
201500034146;15;11;7;1140;1;1;1;1;2;390;ROUTE DE PONTAULT CD 21;M;0;0;770
201500034147;15;11;17;2215;3;2;1;1;1;390;ZONE INDUSTRIELLE CINQUA;;;;770
201500034148;15;11;20;2235;5;2;2;1;3;350;GALLIENI (AVENUE);M;4877413;267986;770
201500034149;15;11;20;1040;1;2;1;2;6;350;084, FRANCOIS DE TESSAN;M;4875790;269959;770
201500034150;15;11;25;1030;1;2;1;2;3;373;5, FORT (RUE DU);M;4877902;260825;770
201500034151;15;11;24;1720;5;2;1;2;6;373;72, AVENUE CH. ROUXEL;M;4879233;260418;770
201500034152;15;12;1;515;3;1;1;1;3;374;CD 471;M;4880555;271083;770
201500034153;15;12;1;1325;1;1;1;1;5;373;RN4 HORS AGGLOMERATION;;;;770
201500034154;15;12;20;345;3;1;1;1;6;215;RN4 HORS AGGLOMERATION;;;;770
201500034155;15;12;22;1730;5;2;1;1;3;350;37, PLUME VERT (RUE DU);M;4875984;267613;770
201500034156;15;6;8;825;1;1;3;1;2;459;D619 - 110, RUE DE PARIS;M;4853368;337176;770
201500034157;15;6;23;1555;1;1;3;1;3;403;D403 X D1A;M;4857371;331761;770
201500034158;15;7;1;1035;1;2;1;1;6;379;05, CHAMPBENOIST (ROUTE;M;4855138;329587;770
201500034159;15;7;3;655;1;1;1;1;7;459;Departementale 74;M;4855752;337371;770
201500034160;15;7;6;1600;1;2;6;1;7;379;D1 X D1E;M;4855549;330374;770
201500034161;15;7;10;415;3;1;1;1;6;459;Route Departementale 619;M;4852837;340395;770
201500034162;15;9;22;1645;1;2;2;1;3;260;8, RUE MICHEL GENDRON;M;4851409;324701;770
201500034163;15;9;30;1105;1;2;1;7;6;379;15, MARECHAL DE LATTRE D;M;4855932;330922;770
201500034164;15;11;1;1650;1;2;1;1;1;459;18, Route Dйpartementale;M;4830000;314000;770
201500034165;15;11;4;1510;1;1;1;1;6;532;Route Dйpartementale 619;M;4856070;323389;770
201500034166;15;11;10;1650;1;1;1;1;6;379;71, SAINT THIBAULT (RUE);M;4856231;329048;770
201500034167;15;12;15;1835;5;2;2;3;6;379;2, CHRISTOPHE OPOIX (RUE;M;4856090;329590;770
201500034168;15;1;9;1900;5;1;3;2;3;459;D 619 X D74A;M;4855160;331950;770
201500034169;15;2;21;1900;3;1;1;8;3;379;D204;M;4858093;330679;770
201500034170;15;3;27;1905;1;2;1;1;6;294;ESTIENNE D'ORVES (RUE D';M;4898023;261256;770
201500034171;15;4;6;1700;1;2;1;1;7;294;FERNAND FOREST (RUE);M;4897780;263090;770
201500034172;15;4;8;2225;3;1;1;1;6;241;CD 404;M;4902474;270149;770
201500034173;15;5;6;1955;1;2;1;1;6;118;MARECHAL JOFFRE (RUE DU);M;4894918;268834;770
201500034174;15;5;20;2030;1;2;2;8;3;514;126, AV.ARISTIDE BRIAND;M;4895037;260505;770
201500034175;15;5;21;1755;1;1;1;1;3;118;ROUTE NATIONALE 3;M;4894323;266119;770
201500034176;15;5;30;720;1;1;1;1;1;294;D9;M;4898210;260475;770
201500034177;15;6;20;1750;1;2;1;1;6;118;22, CHENES (ALLEE DES);M;4893988;263803;770
201500034178;15;6;26;215;5;1;1;1;1;294;CD84;M;4897436;261321;770
201500034179;15;7;9;1455;1;1;1;1;4;294;RN 2;M;4898890;261297;770
201500034180;15;7;19;555;2;2;6;1;6;118;65, PASTEUR (AVENUE);M;4893970;267768;770
201500034181;15;7;18;1310;1;1;1;1;6;462;ROUTE NATIONALE 2;M;4902290;266581;770
201500034182;15;8;4;1130;1;2;3;1;3;294;PARIS (RUE DE);M;4896928;258195;770
201500034183;15;9;10;1830;1;2;2;1;3;294;ROCHELLE (RUE DE LA);M;4895959;259001;770
201500034184;15;8;17;2010;1;2;2;1;1;514;ROGER SALENGRO (AVENUE);M;4895280;260608;770
201500034185;15;10;7;1830;1;1;1;8;6;118;ROUTE NATIONALE 3;M;4894287;265519;770
201500034186;15;12;18;625;3;1;1;2;5;123;1, CD 212;M;4897664;266036;770
201500034187;15;12;28;1550;1;1;1;1;7;123;FUTURE N104 (EX D212);;;;770
201500034188;15;2;5;825;5;2;3;1;3;92;BOISSY D'ANGLAS (QUAI);;;;780
201500034189;15;1;31;1720;2;2;1;2;6;92;14, TOURGUENIEF YVAN (RU;;;;780
201500034190;15;11;19;1150;1;2;3;2;6;642;PASSEREAUX SENTE DES;M;4897759;196948;780
201500034191;15;12;5;1820;2;2;3;1;6;498;1, SCHWEITZER RUE DU DOC;M;4892038;203872;780
201500034192;15;3;21;2030;5;2;3;1;3;15;SCHWEISGUTH (RUE DU GENE;M;4800000;200000;780
201500034193;15;3;1;1755;1;2;2;1;2;498;SAINT SEBASTIEN RUE;;;;780
201500034194;15;12;12;1630;1;2;9;1;3;498;LOGES BD DES;;;;780
201500034195;15;3;9;1135;1;2;1;1;6;498;MALADRERIE AV DE LA;M;4800000;200000;780
201500034196;15;10;8;820;1;2;1;1;6;643;GIRARDIN RUE;;;;780
201500034197;15;4;2;2110;5;2;2;1;6;498;20, DEVAUX BD;;;;780
201500034198;15;11;19;1840;5;2;1;2;4;624;POISSY AVENUE DE;;;;780
201500034199;15;3;13;1945;3;1;1;1;6;642;22, CHEMIN DE FER AVENUE;;;;780
201500034200;15;12;20;2205;5;2;1;2;1;624;242, DOUMER RUE PAUL;M;4800000;200000;780
201500034201;15;12;24;1800;2;2;1;1;1;172;88, CERGY;;;;780
201500034202;15;4;12;1030;1;2;1;1;2;642;71, GRANDE RUE (CENTRE V;;;;780
201500034203;15;4;13;830;1;1;6;1;6;643;RD154;;;;780
201500034204;15;5;2;1700;1;2;1;2;6;498;20, CEP AVENUE DU;M;4892928;204090;780
201500034205;15;4;12;2250;3;1;6;1;6;123;GRANDES TERRES CHEMIN DE;;;;780
201500034206;15;4;24;1355;1;1;6;1;2;624;POISSY AVENUE DE;;;;780
201500034207;15;5;4;1540;1;2;9;1;6;498;BERTEAUX MAURICE AVENUE;M;4893241;204134;780
201500034208;15;4;28;1125;1;2;2;1;6;498;GAMBETTA BD;;;;780
201500034209;15;4;17;950;1;1;2;1;3;498;PONT ANCIEN RUE DU;;;;780
201500034210;15;4;24;1435;1;2;1;1;4;643;GROSSE PIERRE RUE DE LA;;;;780
201500034211;15;9;30;2150;3;1;1;1;6;138;GRANDE RUE (CHEMIN DE LA;;;;780
201500034212;15;5;11;1110;1;2;3;1;6;498;111, VILLIERS RUE DE;M;4892127;202111;780
201500034213;15;12;22;1745;3;2;1;1;3;172;CERGY (RUE DE);;;;780
201500034214;15;5;15;750;1;1;1;1;3;643;LA VALLEE GOUJON (RUE DE;M;4895982;198255;780
201500034215;15;5;26;815;1;2;2;1;3;498;2, PRECHEURS RUE DES;;;;780
201500034216;15;5;6;1844;1;1;6;1;3;643;ORGEVAL ROUTE D';M;4895981;198259;780
201500034217;15;5;12;1733;1;2;3;1;2;498;114, MALADRERIE AV DE LA;M;4891816;202653;780
201500034218;15;5;7;1725;1;2;1;1;6;498;58, LYAUTEY AV DU MARECH;M;4892958;204696;780
201500034219;15;5;7;833;1;2;1;1;3;624;POISSY AVENUE DE;M;4895896;201748;780
201500034220;15;5;12;2310;5;2;1;1;6;498;10, PONT ANCIEN RUE DU;M;4893371;203993;780
201500034221;15;6;15;1830;1;2;6;1;3;498;PLACE VERTE;M;4893292;204338;780
201500034222;15;5;24;1800;1;1;1;1;1;642;RD59;M;4899544;195252;780
201500034223;15;6;7;41;3;1;1;1;6;643;RD1;;;;780
201500034224;15;6;16;1850;1;1;6;1;2;624;POISSY AVENUE DE;M;4896485;201329;780
201500034225;15;6;17;1200;1;1;1;1;6;123;18, SENETTE RUE DE LA;M;4893756;203600;780
201500034226;15;6;21;1036;1;2;2;1;6;498;27, GAMBETTA BD;M;4893213;204463;780
201500034227;15;6;17;1155;1;2;1;1;6;624;398, DOUMER RUE PAUL;M;4899246;198887;780
201500034228;15;6;21;1725;1;2;1;1;6;498;30, AIGREMONT RUE D';M;4891938;203419;780
201500034229;15;7;9;1220;1;2;1;1;3;624;FRERES LEIRIS RUE DES;M;4900717;200735;780
201500034230;15;8;26;55;3;2;1;1;6;643;25, TRIEL AVENUE DE;M;;;780
201500034231;15;8;9;2100;1;2;3;1;3;123;GRANDE RUE;M;;;780
201500034232;15;8;5;1040;1;2;1;1;6;498;13, HUGO BD VICTOR;M;;;780
201500034233;15;7;13;815;1;1;1;1;3;624;00, DOUMER RUE PAUL;M;4897450;200674;780
201500034234;15;8;25;1330;1;2;6;1;7;123;PIERRE DE COUBERTIN (AVE;;;;780
201500034235;15;8;29;515;5;2;1;1;6;624;RD1;M;;;780
201500034236;15;7;20;805;1;2;1;1;7;123;22, CHAPELLE RUE E LA;M;4893700;201900;780
201500034237;15;8;14;2340;5;2;3;1;3;123;GRANDE RUE;M;4895000;204100;780
201500034238;15;9;1;1255;1;2;1;1;6;642;69, MALRAUX BD ANDRE;M;4898104;197200;780
201500034239;15;9;4;2050;5;2;3;1;7;123;34, PARC RUE DU;M;4894158;203364;780
201500034240;15;9;9;850;1;2;1;1;5;498;80, LEFEBVRE AV FERNAND;M;4892430;205273;780
201500034241;15;9;30;1732;1;2;3;1;6;498;81, FOCH AV;M;4893023;205144;780
201500034242;15;10;17;1250;1;2;2;1;6;498;BEZE AVENUE THEODORE DE;;;;780
201500034243;15;10;7;1940;2;2;1;1;6;123;139, HAUTIL AV DE L';M;4894541;203600;780
201500034244;15;10;20;1600;1;2;1;1;3;498;, EISENHOWER AV DU GENER;M;4800000;200000;780
201500034245;15;10;3;1115;1;2;3;1;3;498;1, MALADRERIE AV DE LA;;;;780
201500034246;15;10;3;1300;1;1;1;1;6;123;GRANDE RUE;;;;780
201500034247;15;11;7;1120;1;2;1;1;6;498;16, SAINT LOUIS RUE;M;;;780
201500034248;15;11;6;2000;5;2;3;1;2;123;EUROPE (RN 190) AVENUE D;M;4894140;203222;780
201500034249;15;9;7;100;5;2;2;1;3;172;22, DE GAULLE;;;;780
201500034250;15;9;23;1940;1;2;1;1;1;138;25, POISSY (AVENUE DE);;;;780
201500034251;15;12;22;1643;1;2;4;1;6;498;70, ROBESPIERRE BD;M;4893510;205900;780
201500034252;15;12;27;2020;5;2;6;1;6;498;GAMBETTA BD;M;4893352;204307;780
201500034253;15;3;1;1924;5;2;2;1;4;498;SAINT SEBASTIEN RUE;;;;780
201500034254;15;3;11;1725;1;2;3;1;2;498;MALADRERIE AV DE LA;;;;780
201500034255;15;3;4;1250;1;1;1;1;6;498;avenue du cep;;;;780
201500034256;15;3;28;1630;1;2;1;1;4;498;44, GAMBETTA BD;;;;780
201500034257;15;4;15;800;1;2;1;1;3;498;URSULINES AV DES;;;;780
201500034258;15;12;19;1805;3;1;1;1;1;397;DEPARTEMENTALE 13 (ROUTE;;;;780
201500034259;15;3;2;1100;1;1;1;1;2;383;SORTIE R.N 10 (BRETELLE);;;;780
201500034260;15;11;17;1730;3;2;1;3;1;297;EGLISE (PLACE DE L');;;;780
201500034261;15;3;8;130;5;2;6;1;3;383;VILLEDIEU (AVENUE DE LA);;;;780
201500034262;15;11;19;1300;1;2;1;2;5;688;0, PORT ROYAL (RUE DE);;;;780
201500034263;15;3;12;1300;1;2;1;1;3;208;43 TER, TRAPPES (ROUTE D;;;;780
201500034264;15;10;16;2055;5;2;1;1;6;397;DEPARTEMENTALE 13 (ROUTE;;;;780
201500034265;15;3;6;2150;5;2;1;1;3;297;LE CORBUSIER (RUE);;;;780
201500034266;15;11;27;845;1;2;1;1;6;297;..., FERRE (RUE LEO);;;;780
201500034267;15;4;2;1445;1;2;1;3;4;168;Route nationale 10;;;;780
201500034268;15;3;10;2040;5;2;2;1;2;621;indet, MONMOUSSEAU (RUE;;;;780
201500034269;15;3;8;1625;1;1;1;1;6;297;CD 91;;;;780
201500034270;15;3;23;900;1;2;1;1;3;621;DELACROIX (RUE EUGENE);;;;780
201500034271;15;4;16;1345;1;2;3;1;3;621;POLITZER (AVENUE GEORGES;;;;780
201500034272;15;6;29;1930;2;2;1;1;7;621;INDET, LAGRANGE (RUE LEO;;;;780
201500034273;15;4;26;430;5;2;1;1;2;168;Route nationale 10;;;;780
201500034274;15;4;12;2000;2;2;1;1;3;397;HABERT DE MONTMORT (AVEN;;;;780
201500034275;15;4;7;850;1;2;1;1;6;168;GARE (AVENUE DE LA);;;;780
201500034276;15;7;2;840;1;2;9;1;3;168;Route nationale 10;;;;780
201500034277;15;6;19;830;1;2;1;1;3;208;MESNIL (ROUTE DU) 274;;;;780
201500034278;15;6;1;1610;1;2;2;1;3;621;HENNEQUIN (AVENUE ROGER);;;;780
201500034279;15;8;16;2040;2;2;1;1;3;621;ZAY (RUE JEAN);M;;;780
201500034280;15;8;7;920;1;2;6;1;3;621;CASTIGLIONE DEL LAGO (RU;;;;780
201500034281;15;8;9;2025;1;1;9;1;2;621;DREUX (ROUTE DE);;;;780
201500034282;15;8;27;2005;2;2;1;3;6;383;IGNORE, LANGRES (AVENUE;;;;780
201500034283;15;6;16;1850;1;2;1;1;6;297;ARMSTRONG (RUE NEIL);;;;780
201500034284;15;7;21;1530;1;2;6;1;6;423;PROUST (RUE MARCEL);;;;780
201500034285;15;9;30;1540;1;2;2;1;3;423;11, KESSEL (AVENUE JOSEP;;;;780
201500034286;15;9;11;1400;1;2;1;1;7;208;IDET, HUIT MAI 1945 (AVE;;;;780
201500034287;15;9;20;900;1;2;1;1;6;621;INDT, PASTEUR MARTIN LUT;;;;780
201500034288;15;11;7;2320;5;2;1;1;6;621;59, POLITZER (AVENUE GEO;M;;;780
201500034289;15;11;10;1615;1;2;1;1;5;297;BLERIOT (RUE LOUIS);;;;780
201500034290;15;9;8;1250;1;2;1;1;6;297;CROIZAT (RUE AMBROISE);;;;780
201500034291;15;3;14;15;5;2;1;1;2;621;NATIONALE 10 (ROUTE);;;;780
201500034292;15;4;8;1520;1;1;1;1;7;383;NATIONALE 10 (ROUTE);;;;780
201500034293;15;6;20;1945;1;2;1;1;3;208;DAMPIERRE (ROUTE DE);;;;780
201500034294;15;1;23;1825;5;2;1;1;6;297;BEREGOVOY (PLACE PIERRE);;;;780
201500034295;15;2;17;1730;1;2;1;1;7;297;AVENUE DES GARENN;;;;780
201500034296;15;1;2;1510;1;2;2;1;6;311;45, BAPAUME (RUE DE);;;;780