num_acc;an;mois;jour;hrmn;lum;agg;int;atm;col;com;adr;gps;lat;long;dep
201500034297;15;1;30;1755;5;2;1;1;6;311;110, HENRI BARBUSSE (BOU;;;;780
201500034298;15;3;13;1215;1;2;3;1;3;124;318, SAINT GERMAIN (ROUT;;;;780
201500034299;15;5;4;1710;1;2;2;2;6;311;JEAN JAURES (BOULEVARD);;;;780
201500034300;15;1;12;805;2;2;1;1;6;362;01, RUE JEAN JAOUEN;;;;780
201500034301;15;3;3;1355;1;2;2;1;3;362;00, RUE DES DEUX GARES;M;4859448;142444;780
201500034302;15;1;12;1555;1;2;1;1;6;362;AVENUE DU BREUIL;;;;780
201500034303;15;3;4;1910;5;2;1;1;6;335;06, RUE LAFARGE;;;;780
201500034304;15;2;21;1400;1;2;6;8;2;361;PLACE DU MAL DE LATT;;;;780
201500034305;15;3;5;1500;1;2;1;1;6;354;51, RUE DES GRAVIERS;M;4897305;169267;780
201500034306;15;2;25;1010;1;2;6;8;6;267;00, RUE GABRIEL PERI;;;;780
201500034307;15;3;6;805;1;2;2;1;3;267;00, RUE DES PRES L ABBE;;;;780
201500034308;15;3;21;1110;1;2;1;1;6;267;11, AVENUE DU COLONEL FA;;;;780
201500034309;15;3;29;1655;1;2;2;2;3;354;AVENUE DE L EUROPE;M;4897522;169219;780
201500034310;15;4;5;1430;1;2;1;1;7;335;R.D 146;M;4897925;175264;780
201500034311;15;4;6;1615;1;2;1;1;6;361;BOULEVARD SULLY 3;M;4900744;169722;780
201500034312;15;4;15;1940;1;2;2;1;3;361;00, AVENUE DU GENERAL DE;M;4899625;168358;780
201500034313;15;4;21;1735;1;2;1;1;6;335;12, RUE DES HAUTS CELEST;M;4900438;173678;780
201500034314;15;4;28;630;1;2;1;1;5;217;R.D 130;M;4897061;180956;780
201500034315;15;5;24;1725;1;2;2;1;3;217;CD 113;M;4896110;180792;780
201500034316;15;6;5;1755;1;2;3;1;6;361;00, AVENUE ALBERT CAMUS;M;4900090;169133;780
201500034317;15;7;1;1355;1;2;1;1;6;361;BD SULLY / rue Ch. Gouno;M;4899840;167689;780
201500034318;15;7;28;1520;1;2;1;1;6;362;47, RUE DES MEUNIERS;M;4898600;169597;780
201500034319;15;7;10;2055;1;2;1;1;6;335;41, RUE ABEL PLISSON;M;4899030;174031;780
201500034320;15;8;9;2020;1;1;1;1;7;327;00, RUE DE LA CHARTRE;M;4900438;184183;780
201500034321;15;8;10;1730;1;1;1;1;1;361;113   RD;M;4899811;166127;780
201500034322;15;8;26;825;1;2;3;1;6;354;00, AVENUE PIERRE BEREGO;M;4896250;167911;780
201500034323;15;10;22;1120;1;2;1;1;6;267;57, AVENUE LUCIE DESNOS;M;4898791;181025;780
201500034324;15;10;27;840;1;2;3;1;1;267;56 BIS, AVENUE DU COLONE;;;;780
201500034325;15;11;27;1655;2;2;2;1;3;267;AVENUE DE PARIS;M;4898810;181022;780
201500034326;15;1;7;1715;2;2;9;2;2;350;64, VERSAILLES (ROUTE DE;;;;780
201500034327;15;1;22;1825;5;2;1;1;6;502;11, PARIS (RUE DE);;;;780
201500034328;15;3;9;803;1;1;1;1;2;238;CD 14;;;;780
201500034329;15;3;26;1440;1;2;7;2;6;401;BRIGITTE GROS (PLACE);;;;780
201500034330;15;3;27;1655;1;2;1;1;6;440;EUROPE (AVENUE DE L');;;;780
201500034331;15;4;8;1640;1;1;1;1;7;609;CD 28;;;;780
201500034332;15;4;8;1905;1;2;1;1;7;440;PAUL RAOULT (AVENUE);;;;780
201500034333;15;4;18;1940;1;2;1;1;2;401;RHIN ET DANUBE (PONT);;;;780
201500034334;15;4;20;1508;1;2;1;1;6;401;RHIN ET DANUBE (PONT);;;;780
201500034335;15;4;27;1020;1;1;1;1;1;238;CD 14;;;;780
201500034336;15;5;9;1605;1;2;1;1;5;440;RHIN ET DANUBE (PONT);;;;780
201500034337;15;5;22;815;1;2;1;1;1;401;8, THIERS (BOULEVARD);;;;780
201500034338;15;5;26;1345;1;2;1;1;6;440;JEAN MONNET (RUE);;;;780
201500034339;15;5;27;1745;1;2;2;1;6;440;JEAN-JACQUES ROUSSEAU (R;;;;780
201500034340;15;6;1;1315;1;2;1;1;4;440;MARECHAL FOCH (AVENUE DU;;;;780
201500034341;15;5;16;2310;5;2;3;1;3;401;EVECQUEMONT (CHEMIN D');;;;780
201500034342;15;6;4;1725;1;2;3;1;3;440;VERNEUIL (ROUTE DE);;;;780
201500034343;15;6;6;1720;1;2;6;1;1;299;CHATEAU (RUEDU);;;;780
201500034344;15;6;22;1210;1;2;1;1;6;440;20, JEAN DE LA FONTAINE;;;;780
201500034345;15;6;27;1050;1;2;1;1;5;440;PAUL RAOULT (AVENUE);;;;780
201500034346;15;6;30;1800;1;2;2;1;3;440;AMPERE (RUE);;;;780
201500034347;15;7;5;1915;1;2;1;1;3;440;30, ARISTIDE BRIAND (RUE;;;;780
201500034348;15;7;28;1815;1;2;1;2;6;401;AULNES (AVENUE DES);;;;780
201500034349;15;8;26;1055;1;2;1;1;6;401;THIERS (BOULEVARD);;;;780
201500034350;15;9;6;650;2;2;1;1;3;638;GENERAL DE GAULLE (RUE D;;;;780
201500034351;15;9;10;2015;2;2;3;1;3;440;MARECHAL FOCH (AVENUE DU;;;;780
201500034352;15;9;12;1510;1;1;1;3;3;261;MEULAN A CAUDEBEC (ROUTE;;;;780
201500034353;15;10;7;2020;5;2;1;2;4;440;RHIN ET DANUBE (PONT);;;;780
201500034354;15;10;12;730;2;2;1;1;5;440;RHIN ET DANUBE (PONT);;;;780
201500034355;15;10;13;1300;1;2;1;1;7;29;30, PLATEAU (RUE DU);;;;780
201500034356;15;10;3;5;3;1;1;1;6;638;D 922;;;;780
201500034357;15;10;26;1530;1;2;3;1;6;299;21, MEZY (CHEMIN DE);;;;780
201500034358;15;10;30;1852;1;1;1;1;6;440;92, PAUL RAOULT (AVENUE);;;;780
201500034359;15;10;31;1135;1;2;6;1;6;440;PAUL RAOULT (AVENUE);;;;780
201500034360;15;11;7;1730;2;1;9;1;7;227;CD 922;;;;780
201500034361;15;11;13;1615;1;2;1;1;6;29;1, PEUPLIERS (ALLEE DES;;;;780
201500034362;15;12;4;1130;1;1;1;1;3;401;CD 28;;;;780
201500034363;15;12;17;720;2;2;6;1;3;609;CD 28;;;;780
201500034364;15;12;22;1759;5;2;2;1;7;440;24, PAUL RAOULT (AVENUE);;;;780
201500034365;15;12;30;1515;1;2;5;1;6;440;RђPUBLIQUE (RUE DE LA);;;;780
201500034366;15;1;5;1740;5;2;1;5;6;440;PAUL RAOULT (AVENUE);;;;780
201500034367;15;1;14;1140;1;1;1;4;2;609;CD 28;;;;780
201500034368;15;1;28;1830;5;2;1;2;7;401;19, ANNONCIADES (RUE DES;;;;780
201500034369;15;8;29;1535;1;1;3;1;3;238;C.C. CARREFOUR FLINS;;;;780
201500034370;15;1;14;1345;1;2;2;1;6;401;;;;;780
201500034371;15;1;21;830;1;2;9;1;3;638;PARIS (AVENUE DE);;;;780
201500034372;15;2;21;523;5;2;1;1;7;440;face 3, PAUL RAOULT (AVE;;;;780
201500034373;15;2;27;1140;1;2;6;1;3;440;BECHEVILLE (RUE DE);;;;780
201500034374;15;2;22;1045;1;2;1;1;2;401;ALBERT JOZON (RUE);;;;780
201500034375;15;10;31;1815;2;2;2;1;6;490;SAINT GERMAIN (AVENUE DE;;;;780
201500034376;15;6;4;2130;1;2;2;1;3;490;SAINT GERMAIN (AVENUE D;;;;780
201500034377;15;12;29;1100;1;2;1;1;6;545;2, MANSART (RUE);;;;780
201500034378;15;7;4;35;5;2;1;1;6;545;68, PERI (RUE GABRIEL);;;;780
201500034379;15;4;24;1700;1;2;1;1;2;490;RD 109;M;4883480;195940;780
201500034380;15;7;21;1902;1;2;3;1;3;545;86, CURIE (AVENUE PIERRE;M;4879720;205769;780
201500034381;15;11;22;1550;1;2;1;1;6;490;DEUX PLATEAUX (ROUTE DES;;;;780
201500034382;15;6;19;1705;1;2;1;1;2;545;BARBUSSE (BOULEVARD HENR;;;;780
201500034383;15;4;28;1615;1;2;1;1;6;545;32, BARBUSSE (BOULEVARD;;;;780
201500034384;15;12;5;1710;2;1;1;1;1;490;DEUX PLATEAUX (ROUTE DES;;;;780
201500034385;15;6;26;1930;1;2;3;1;3;545;115, CURIE (AVENUE PIERR;;;;780
201500034386;15;12;8;1210;1;1;1;1;6;674;CD 161;;;;780
201500034387;15;5;29;1600;1;2;1;1;6;674;7, TOURAINE (AVENUE DE);;;;780
201500034388;15;8;25;1210;1;2;1;1;6;73;2 TER, ROBESPIERRE (RUE);;;;780
201500034389;15;8;27;1630;1;2;1;1;2;490;SAINT GERMAIN (AVENUE DE;;;;780
201500034390;15;9;17;1805;1;2;1;1;6;545;10, CURIE (AVENUE PIERRE;;;;780
201500034391;15;9;28;1500;1;2;2;1;3;73;BARBUSSE  (RUE HENRI);;;;780
201500034392;15;9;12;1530;1;1;1;1;6;490;0, VICOMTES (RUE DES);;;;780
201500034393;15;9;17;720;5;2;1;1;6;242;REPUBLIQUE (AVENUE DE LA;M;4880991;204240;780
201500034394;15;11;30;1940;5;2;1;1;6;73;, JAURES (AVENUE JEAN);;;;780
201500034395;15;8;10;1230;1;2;9;1;3;640;SADI LECOINTE (RUE);;;;780
201500034396;15;12;4;1630;1;2;1;1;3;490;HUIT MAI 45;;;;780
201500034397;15;1;30;1550;1;2;3;1;3;490;GEESTHACHT (AVENUE DE);;;;780
201500034398;15;2;13;2025;3;1;1;2;2;674;1, CD 11;;;;780
201500034399;15;1;3;2340;5;2;2;1;6;498;20, PONTOISE AV DE;;;;780
201500034400;15;1;6;850;1;1;1;1;6;643;RD1;;;;780
201500034401;15;1;9;1010;1;2;2;6;1;643;TRIEL AVENUE DE;;;;780
201500034402;15;1;9;1725;5;2;1;1;6;498;1, URSULINES AV DES;;;;780
201500034403;15;1;11;1850;5;2;2;1;3;498;ROBESPIERRE BD;;;;780
201500034404;15;1;27;1625;1;2;2;1;6;498;PONTOISE /Robespierre;;;;780
201500034405;15;1;30;525;5;2;1;6;6;498;GAMBETTA BD;;;;780
201500034406;15;2;4;1830;5;2;2;1;3;642;MEULAN ROUTE DE CD154;;;;780
201500034407;15;2;20;2205;1;2;2;1;3;498;DEVAUX BD;;;;780
201500034408;15;2;22;45;5;2;2;1;3;123;;;;;780
201500034409;15;2;23;1310;1;2;1;1;1;643;1, AMANDIER RUE DE L';;;;780
201500034410;15;2;12;1820;5;2;1;1;6;498;80, CASTILLE AV BLANCHE;;;;780
201500034411;15;2;13;1918;5;2;2;2;6;498;1, HUGO BD VICTOR;;;;780
201500034412;15;4;4;2130;3;1;1;1;1;269;D 906;;;;780
201500034413;15;4;7;2120;3;1;1;1;3;486;RN 10;;;;780
201500034414;15;5;5;1920;1;2;2;1;3;517;CLOS BATANT (RUE DU);M;4864686;185558;780
201500034415;15;6;8;1723;1;2;3;1;3;517;0, LOUVIERE (RUE DE LA);M;4864362;183841;780
201500034416;15;6;25;1315;1;2;1;1;6;486;6, CHARTRES (RUE DE;;;;780
201500034417;15;6;29;750;1;2;3;1;3;517;ETANG DE LA TOUR (RUE DE;M;4864532;185558;780
201500034418;15;9;19;1605;1;1;1;1;6;517;RN 10;M;4864044;183976;780
201500034419;15;10;27;1405;1;1;1;1;4;517;RN 10;M;;;780
201500034420;15;10;30;1720;1;1;1;1;6;517;ETANG DE LA TOUR (RUE DE;M;;;780
201500034421;15;12;4;815;1;1;1;1;6;220;RN 10;;;;780
201500034422;15;1;9;1427;1;2;1;2;2;517;POTEAU DES 3 SEIGNEURS (;;;;780
201500034423;15;1;18;330;3;1;1;1;7;517;D 936;;;;780
201500034424;15;2;25;20;3;1;1;9;3;486;RN 10;;;;780
201500034425;15;2;23;1353;1;2;4;1;3;545;121, PERI (RUE GABRIEL);;;;780
201500034426;15;2;26;1010;1;2;1;2;2;545;MANSART (RUE);;;;780
201500034427;15;2;13;837;1;2;3;1;3;481;01, BELLAVOINE;;;;780
201500034428;15;7;26;1230;1;2;1;1;6;372;11, SAINT GERMAIN (AVENU;;;;780
201500034429;15;11;17;1855;2;1;1;2;1;551;RN 184;M;4891955;207893;780
201500034430;15;4;20;2200;5;2;1;1;3;146;134, MAISONS (ROUTE DE);;;;780
201500034431;15;11;3;1705;1;2;1;1;3;146;29, GAMBETTA (AVENUE);;;;780
201500034432;15;3;24;2125;3;2;1;2;3;551;CENTRALE (ROUTE);;;;780
201500034433;15;11;6;1920;3;1;1;8;3;551;RN 184;;;;780
201500034434;15;4;15;2115;2;2;4;1;3;551;PONTOISE (DE);M;;;780
201500034435;15;3;13;2110;4;2;1;1;6;650;MONTESSON (ROUTE DE);;;;780
201500034436;15;4;21;1100;1;2;2;1;1;650;MONTESSON (ROUTE DE);;;;780
201500034437;15;5;27;1730;1;1;1;1;4;551;RN 184;;;;780
201500034438;15;5;23;1525;1;2;1;1;6;551;23, PONTOISE (DE);M;;;780
201500034439;15;4;14;1530;1;2;1;1;3;350;VIGEE LEBRUN (RUE);M;4886140;212326;780
201500034440;15;6;16;1200;1;1;1;1;6;251;1, CD 98 (CH.DEPARTEMENT;;;;780
201500034441;15;6;20;2315;5;1;1;1;7;551;RN 190;;;;780
201500034442;15;4;11;1800;1;1;1;2;5;551;RN 184;;;;780
201500034443;15;7;11;45;3;1;1;1;7;551;00, V.O.10   (VOIE OUVER;;;;780
201500034444;15;7;24;1730;1;2;1;2;6;372;1, AMIRAL LEMONNIER (AVE;M;4887750;209766;780
201500034445;15;3;29;2100;5;2;1;2;1;372;00, JOHN FITZGERALD KENN;M;4888715;209935;780
201500034446;15;6;22;1910;1;1;1;1;1;551;RD 308;M;;;780
201500034447;15;8;12;615;2;2;3;1;3;372;VERSAILLES (RTE DE);M;4887541;210297;780
201500034448;15;9;9;1220;1;2;2;1;3;502;JEAN JAURES (RUE);;;;780
201500034449;15;9;4;1600;1;2;1;1;6;481;76, SARTROUVILLE (ROUTE;;;;780
201500034450;15;6;14;1154;1;1;1;1;3;551;CROIX DE NOAILLES;;;;780
201500034451;15;9;14;755;2;2;1;2;3;502;SIMON VOUET (AVENUE);;;;780
201500034452;15;7;18;542;5;2;3;1;3;350;CONTI (QUAI);;;;780
201500034453;15;9;26;1155;1;1;1;1;5;551;RD 308;;;;780
201500034454;15;8;24;1350;1;2;2;2;3;133;VIEUX CHEMIN DE MANTES;;;;780
201500034455;15;10;28;1205;1;2;1;8;6;372;VERSAILLES (ROUTE DE);;;;780
201500034456;15;8;10;1435;1;2;9;1;3;481;01, PRESIDENT J.F KENNED;;;;780
201500034457;15;10;28;1720;1;2;1;1;6;502;9 BIS, SAINT GERMAIN (AV;M;4888127;210633;780
201500034458;15;10;21;910;1;1;1;1;3;350;VERSAILLES (ROUTE DE);;;;780
201500034459;15;9;22;1530;1;2;9;1;6;481;46, GENERAL LECLERC (AVE;;;;780
201500034460;15;11;26;2315;3;1;1;1;1;224;CD 98;;;;780
201500034461;15;9;28;1650;1;2;1;7;3;551;PRIOLET (ALBERT);;;;780
201500034462;15;12;9;2355;5;2;2;1;3;551;BONNENFANT  (ANDRE);;;;780
201500034463;15;11;10;1900;3;1;3;1;3;372;1, SAINT CYR (ROUTE DE);;;;780
201500034464;15;10;19;1555;1;1;2;1;3;551;RD 190;M;;;780
201500034465;15;10;27;825;1;2;7;1;3;551;VAUBAN (PLACE);;;;780
201500034466;15;9;6;1530;1;1;1;1;7;481;CHARLES DE GAULLE (AVENU;;;;780
201500034467;15;1;13;755;5;2;1;1;6;367;PROFESSEUR ROUX (RUE DU);;;;780
201500034468;15;2;6;1950;5;2;1;1;5;586;18, CORMEILLES;;;;780
201500034469;15;9;18;1345;1;2;3;1;3;586;12, BRIAND (ARISTIDE);M;;;780
201500034470;15;12;7;755;5;2;2;1;5;586;25, BARIAN;M;;;780
201500034471;15;3;7;2340;5;1;3;1;3;358;MONTESQUIEU (AVENUE);;;;780
201500034472;15;3;2;1310;1;2;3;2;6;586;1, MOULINS;;;;780
201500034473;15;12;28;1900;5;2;1;1;3;586;12, TOBROUK;M;4893111;216425;780
201500034474;15;3;27;1005;1;2;1;1;6;358;11, GENERAL DE GAULLE (A;;;;780
201500034475;15;12;21;1115;1;2;6;1;6;586;1, PAIX Nш IMPAIR;M;4893183;216542;780
201500034476;15;3;19;1605;1;2;3;1;6;586;21, BEZONS;;;;780
201500034477;15;11;25;1750;5;2;8;2;6;586;MERMOZ (JEAN);M;4894546;217344;780
201500034478;15;4;24;2315;3;2;1;2;6;586;182, ROBERT SCHUMAN (AVE;M;4894832;210193;780
201500034479;15;12;23;2110;5;2;3;1;3;586;16, TOBROUK;M;;;780
201500034480;15;3;7;2135;5;2;3;1;3;586;, JAURES (AVENUE JEAN) N;;;;780
201500034481;15;3;2;1730;1;2;3;1;3;358;MONTEBELLO/LAFAYETTE;;;;780
201500034482;15;12;2;1245;1;2;1;1;3;586;06, JAURES (AVENUE JEAN);;;;780
201500034483;15;3;22;1950;5;2;3;1;6;586;80, BERTEAUX (MAURICE) N;;;;780
201500034484;15;5;18;1650;1;2;2;1;3;124;BEZONS (ROUTE DE);M;4891234;219885;780
201500034485;15;12;26;1545;1;2;2;1;1;586;JOUHAUX (LEON);M;4894834;219418;780
201500034486;15;6;1;1842;1;2;3;1;3;124;324, SAINT GERMAIN (ROUT;M;4891173;216703;780
201500034487;15;4;4;2230;1;2;1;1;3;586;207, BERTEAUX (MAURICE);;;;780
201500034488;15;6;5;900;1;2;1;1;3;124;JEAN JACQUES ROUSSEAU (A;M;4891608;217806;780
201500034489;15;12;11;730;5;2;1;1;6;586;96, VOLTAIRE;;;;780
201500034490;15;6;20;1035;1;2;6;7;3;586;0, SAINT-EXUPERY N°1 A 5;;;;780
201500034491;15;12;9;1725;2;2;1;1;3;586;1, PAS DE LA MULE;M;4893415;217501;780
201500034492;15;4;26;1253;1;2;4;1;6;586;DE GAULLE (GENERAL) N°41;;;;780
201500034493;15;7;4;1245;1;2;1;1;6;586;TIMBAUD (JEAN-PIERRE);M;;;780
201500034494;15;5;4;1340;1;2;9;1;6;586;4, MAUPASSANT (GUY DE) N;M;;;780
201500034495;15;6;9;936;1;2;2;1;3;586;REPUBLIQUE (AVENUE) N° P;M;4893378;215114;780
201500034496;15;8;12;233;5;2;6;1;6;396;MAURICE BERTEAUX (RUE);;;;780
201500034497;15;7;6;1647;1;2;1;7;3;358;39, PARIS (RUE DE);;;;780
201500034498;15;8;25;1735;1;2;1;2;6;311;14, GENERAL DE GAULLE (A;M;4892140;218587;780
201500034499;15;8;8;1250;1;2;3;1;1;586;28, DE GAULLE (GENERAL);M;;;780
201500034500;15;9;12;1249;1;2;2;3;6;311;CROIX LION (RUE DE LA);M;4893651;218341;780
201500034501;15;9;4;913;1;2;4;1;3;311;118, HENRI BARBUSSE (BOU;M;4893399;217873;780
201500034502;15;9;17;1645;1;2;2;1;3;311;PRESIDENT KENNEDY (RUE D;M;4892321;217924;780
201500034503;15;10;13;903;1;2;1;1;6;311;HENRI BARBUSSE (BOULEVAR;;;;780
201500034504;15;10;9;1455;1;2;1;1;6;311;1, HENRI BARBUSSE (BOULE;M;4892579;219433;780
201500034505;15;10;24;1548;1;2;1;1;5;586;09, TOBROUK;;;;780
201500034506;15;7;9;1845;1;2;1;1;3;586;102, BEZONS N°88 A 164;M;4894161;218429;780
201500034507;15;5;7;815;1;2;3;1;6;586;62, CONSTITUANTE;;;;780
201500034508;15;11;3;1755;5;2;1;1;6;124;54BIS, CHATOU (ROUTE DE);;;;780
201500034509;15;6;23;1800;1;2;1;1;6;586;6, MARCHE;;;;780
201500034510;15;11;7;1245;1;2;5;1;1;124;JEAN JACQUES ROUSSEAU (A;M;4891597;217783;780
201500034511;15;1;23;220;5;2;6;1;7;586;BERTEAUX (MAURICE);;;;780
201500034512;15;4;6;1430;1;2;1;1;3;586;134, BERTEAUX (MAURICE);M;;;780
201500034513;15;7;31;1850;1;2;3;1;6;311;50, EGALITE (RUE DE L');M;4893056;219618;780
201500034514;15;1;19;1240;1;2;1;1;6;640;ROBERT WAGNER (AVENUE);;;;780
201500034515;15;2;11;1630;1;2;3;1;3;686;41, GENERAL LECLERC (AVE;;;;780
201500034516;15;2;27;1530;1;1;1;1;5;640;GISY (CHEMIN DE);;;;780
201500034517;15;3;5;2030;5;2;3;1;3;92;BOISSY D'ANGLAS (QUAI);;;;780
201500034518;15;3;6;2030;5;2;1;1;6;126;MOULIN JEAN (AVENUE);;;;780
201500034519;15;12;14;1545;1;2;2;1;2;158;ROUTE NAPOLEON III (RD18;M;4908568;112746;780
201500034520;15;3;15;545;3;1;1;8;1;322;CHARLES DE GAULLE (RUE);M;4877600;215203;780
201500034521;15;3;19;1715;1;2;3;1;3;322;JEAN JAURES (AVENUE);M;4876490;216811;780
201500034522;15;12;13;1700;5;2;1;1;3;646;6, INDEPENDANCE AMERICAI;M;4880225;212069;780
201500034523;15;12;16;1305;1;2;1;1;6;646;31, MARECHAL FOCH (RUE D;M;4880750;213277;780
201500034524;15;3;21;1750;1;2;2;1;3;686;202, GENERAL LECLERC (AV;M;4880140;216319;780
201500034525;15;12;23;1515;1;2;1;1;6;646;17, POURVOIERIE (RUE DE;M;4880711;213277;780
201500034526;15;4;13;1248;1;2;9;1;2;646;42, CHANTIERS (RUE DES);M;4879443;214024;780
201500034527;15;12;30;1925;4;2;1;1;6;158;5, SAINT GERMAIN (ROUTE;;;;780
201500034528;15;3;30;703;5;2;1;1;6;524;93, L'HORLOGE (RUE DE);M;4883687;211210;780
201500034529;15;5;4;1725;1;2;2;1;3;646;16, CHANTIERS (RUE DES);M;4879629;213697;780
201500034530;15;3;6;1835;5;2;3;1;6;686;39, GENERAL LECLERC (AVE;M;4880400;217694;780
201500034531;15;5;19;1200;1;2;2;1;3;646;, SAINTE VICTOIRE (RUE);M;;;780
201500034532;15;4;8;1540;1;2;1;1;4;646;93, CHANTIERS (RUE DES);M;4885661;235222;780
201500034533;15;5;27;1837;1;2;1;1;6;646;15, PAROISSE (RUE DE LA);M;4880827;212721;780
201500034534;15;6;2;1805;1;2;1;1;3;646;SAINT CYR (ROUTE DE);;;;780
201500034535;15;1;12;1800;5;2;1;9;6;646;LESSEPS (BOULEVARD DE);M;4880677;214669;780
201500034536;15;1;15;1750;5;2;2;2;6;646;57, MARECHAL FOCH (RUE D;M;4881097;213450;780
201500034537;15;5;18;1115;1;1;1;1;4;524;64, RN 186;;;;780
201500034538;15;5;28;1752;1;2;1;1;6;646;EUROPE (AVENUE DE L');M;4880333;213036;780
201500034539;15;6;7;915;1;2;1;1;2;640;LOUIS BREGUET (AVENUE);M;4878170;218139;780
201500034540;15;5;8;1900;1;2;1;1;2;92;82, BOISSY D'ANGLAS (QUA;;;;780
201500034541;15;5;30;1700;1;2;1;1;3;686;10, GENERAL LECLERC (AVE;M;4880493;218091;780
201500034542;15;6;16;840;1;2;2;1;3;646;104, PARIS (AVENUE DE);M;4879719;201504;780
201500034543;15;6;19;2050;1;2;3;1;3;646;INDEPENDANCE AMERICAINE;M;4880269;212148;780
201500034544;15;6;23;745;1;2;1;7;6;646;47, BONNE AVENTURE (RUE;M;4880693;215104;780
201500034545;15;4;22;1140;1;2;2;1;6;646;MARECHAL FOCH (RUE DU);;;;780
201500034546;15;4;10;1540;1;2;2;1;3;126;AUGIER EMILE (AVENUE );M;4884440;214617;780
201500034547;15;6;30;1855;1;2;1;1;3;646;9, ORANGERIE (RUE DE L');M;4887129;231732;780
201500034548;15;7;7;655;1;2;1;1;5;158;100, VERSAILLES (RUE DE);M;4882380;212816;780
201500034549;15;7;10;1055;1;2;2;1;6;646;CHANTIERS (RUE DES);M;4879683;214241;780
201500034550;15;7;19;1945;1;2;1;1;2;158;CHARLES DE GAULLE (AVENU;M;4882800;212140;780
201500034551;15;6;12;1805;1;2;3;1;3;126;DUCHESNE LUCIEN RENE (AV;;;;780
201500034552;15;7;7;720;1;2;1;1;3;640;4, LORRAINE (RUE DE);M;4878403;217365;780
201500034553;15;7;20;1905;1;2;3;1;3;640;29, VILLACOUBLAY (AVENUE;M;4878252;219523;780
201500034554;15;8;3;1855;1;2;4;1;3;524;L'HORLOGE (RUE DE);M;4879300;211076;780
201500034555;15;8;16;1440;1;2;1;1;3;646;64, CHANTIERS (RUE DES);M;4879300;214371;780
201500034556;15;7;21;1015;1;2;2;1;4;640;06, ARISTIDE BRIAND (RUE;M;4878573;218866;780
201500034557;15;9;2;1820;1;2;1;1;3;646;64, CHANTIERS (RUE DES);M;4885661;235222;780
201500034558;15;9;11;1410;1;2;1;1;2;646;64, CHANTIERS (RUE DES);;;;780
201500034559;15;9;18;1840;2;2;1;2;6;646;RD 91;M;4885661;235222;780
201500034560;15;9;18;1805;1;2;6;2;6;158;LOUIS PELIN (RUE);M;4883509;211995;780
201500034561;15;9;30;1655;1;2;2;1;3;646;16, CHANTIERS (RUE DES);M;4879629;213697;780
201500034562;15;9;30;1905;1;2;1;1;6;640;33 bis, EUROPE (AVENUE D;M;4878268;221945;780
201500034563;15;10;2;2140;5;2;1;1;3;646;110, PAROISSE (RUE DE LA;M;4880562;213513;780
201500034564;15;10;8;2100;5;2;1;1;1;640;MARCEL SEMBAT (RUE);;;;780
201500034565;15;10;15;1540;1;2;1;1;7;640;MORANE-SAULNIER (AVENUE);M;4877962;220429;780
201500034566;15;9;19;1315;1;2;1;1;5;640;EUROPE (AVENUE DE L');M;4877918;220323;780
201500034567;15;10;25;1840;5;2;2;1;3;646;120, PARIS (AVENUE DE);M;4879772;215302;780
201500034568;15;10;2;1800;1;2;1;1;3;117;MINIERE (RUE DE LA);M;4885661;235222;780
201500034569;15;11;3;1755;5;2;1;1;3;646;11, RESERVOIRS (RUE DES);M;4885661;235222;780
201500034570;15;10;9;745;1;2;1;8;7;640;8, MARCEL DASSAULT (RUE);M;4878548;221199;780
201500034571;15;10;27;1255;1;2;1;1;3;646;55, ETATS UNIS (AVENUE D;M;4880140;213012;780
201500034572;15;11;11;1145;1;2;1;1;6;646;5/7, PORTE DE BUC (RUE D;M;4885661;235222;780
201500034573;15;10;23;1640;1;2;1;1;3;92;DRIONNE (AVENUE DE LA);M;4851455;282135;780
201500034574;15;11;20;845;1;2;1;2;5;646;41, VILLENEUVE L'ETANG (;M;4885661;235222;780
201500034575;15;11;27;2215;5;2;1;2;6;646;SAINT MARTIN (RAMPE);M;4879487;213007;780
201500034576;15;11;28;1525;1;2;1;1;3;158;CHARLES DE GAULLE (AVENU;M;4882777;212039;780
201500034577;15;11;30;755;2;2;1;1;6;158;CHARLES DE GAULLE (AVENU;M;4882777;212039;780
201500034578;15;11;28;200;5;2;2;2;3;646;PAROISSE (RUE DE LA);M;4880140;213012;780
201500034579;15;9;11;1430;1;2;3;1;1;640;LOUIS BREGUET (AV);M;;;780
201500034580;15;1;7;1255;1;2;1;1;3;646;5, ECOLE DES POSTES (RUE;;;;780
201500034581;15;1;8;1700;5;2;6;2;7;117;GUYNEMER (AVENUE);;;;780
201500034582;15;1;12;2100;5;2;1;1;1;646;10, MARECHAL JUIN (AVENU;;;;780
201500034583;15;1;27;725;5;2;2;1;6;646;GENERAL DE GAULLE (AVENU;;;;780
201500034584;15;1;31;1745;5;1;1;1;6;158;1, DUTARTRE (AVENUE);;;;780
201500034585;15;2;13;1840;5;2;2;3;2;646;1, PARC DE CLAGNY (RUE D;;;;780
201500034586;15;2;16;1415;1;2;1;1;6;646;2, HOCHE (PLACE);M;4880610;0;780
201500034587;15;2;19;1920;5;2;4;9;6;646;79 ter, MARECHAL FOCH (R;;;;780
201500034588;15;2;24;1005;1;2;6;1;3;158;79, VERSAILLES (RUE DE);;;;780
201500034589;15;3;20;1000;1;2;2;1;2;191;262 ROUTE D'AIFFRES;M;4631125;-44645;790
201500034590;15;3;22;1925;2;2;1;1;6;191;AVENUE DE LIMOGES;M;4631813;-39405;790