num_acc;an;mois;jour;hrmn;lum;agg;int;atm;col;com;adr;gps;lat;long;dep
201500034591;15;3;24;1715;1;2;6;2;6;191;24 RUE DU GRAL LARGEAU;M;4632235;-46684;790
201500034592;15;3;30;925;1;2;6;1;6;191;2 RUE GAMBETTA;M;4632594;-46851;790
201500034593;15;3;31;815;2;2;1;2;2;81;ROUTE DE PARIS;M;4634712;-35778;790
201500034594;15;4;12;2210;5;2;1;1;6;191;45 RUE JEAN JAURES;M;4631638;-46394;790
201500034595;15;4;1;1705;1;2;1;1;7;191;13 ROUTE D' AIFFRES;M;4631631;-45321;790
201500034596;15;4;21;1750;1;2;3;1;3;81;132 RUE CHATEAU DRIGUET;M;4636599;-37704;790
201500034597;15;4;23;1805;1;2;1;1;6;191;51 RUE DU MCHAL LECLERC;M;4633118;-45682;790
201500034598;15;5;10;1845;1;2;1;1;1;191;37 RUE DE SOUCHE;M;4632732;-44379;790
201500034599;15;6;7;430;5;2;1;1;7;191;21 RUE HENRI SELLIER;M;4631442;-48638;790
201500034600;15;6;8;1955;1;2;2;1;3;191;66 ROUTE CHERVEUX;M;4634471;-43842;790
201500034601;15;6;27;1610;1;2;1;1;6;191;193 RUE STRASBOURG;M;4632789;-44870;790
201500034602;15;7;2;1510;1;2;1;1;1;191;107 RUE DU MOULIN D'ANE;M;4635568;-45633;790
201500034603;15;8;7;1550;1;2;1;1;3;191;15 RUE DE LA MOUGANDERIE;M;4632040;-47930;790
201500034604;15;8;11;1210;1;2;1;1;2;191;310B AVENUE DE PARIS;M;4633459;-42817;790
201500034605;15;8;11;720;1;1;1;1;7;191;ROUTE DE COULONGES;M;4635376;-47980;790
201500034606;15;8;13;1025;1;2;6;1;6;191;AVENUE WELLINGBOROUGH;M;4631904;-49310;790
201500034607;15;8;16;1000;1;2;1;1;3;191;256 ROUTE COULONGES;M;4635249;-47904;790
201500034608;15;9;21;1710;1;2;1;1;3;191;43 RUE DE MAISONS ROUGES;M;4633749;-42335;790
201500034609;15;9;26;2125;5;2;1;1;6;191;175 RUE DU MCHAL LECLERC;M;4633488;-45369;790
201500034610;15;9;29;1530;1;2;2;1;3;191;62 RUE DU HUIT MAI 1945;M;4632730;-51509;790
201500034611;15;10;3;1310;1;2;2;1;6;81;RUE DU NAURON;M;4635019;-37336;790
201500034612;15;10;6;2005;5;2;3;2;2;191;168 AV ST JEAN D'ANGELY;M;4631483;-46573;790
201500034613;15;10;12;1820;1;2;3;1;3;191;RUE DES ORS;M;4633099;-42056;790
201500034614;15;10;7;2320;5;2;2;1;3;191;216 AV. DE LA ROCHELLE;M;4631212;-47878;790
201500034615;15;10;20;1925;5;2;3;1;3;191;49 RUE ALSACE LORRAINE;M;4632711;-45810;790
201500034616;15;12;2;2210;5;2;2;1;2;191;BD DE L'ATLANTIQUE;M;4632015;-48623;790
201500034617;15;1;4;1105;1;2;1;1;7;191;222  AV. DE LA ROCHELLE;M;4631168;-47935;790
201500034618;15;1;8;1345;1;2;2;2;3;191;BD DE L'ATLANTIQUE;M;4632651;-48578;790
201500034619;15;1;31;1825;5;2;1;3;6;191;329 AVENUE DE LIMOGES;M;4631681;-43683;790
201500034620;15;3;4;1555;1;2;1;1;3;191;236 AVENUE DE LIMOGES;M;4631697;-44420;790
201500034621;15;1;22;815;2;2;1;1;7;191;171 AVENUE DE PARIS;M;4632731;-44894;790
201500034622;15;1;27;1830;3;2;1;1;4;191;BD PIERRE MENDES FRANCE;M;4631067;-42692;790
201500034623;15;12;11;1300;1;1;1;1;2;81;ROUTE DE PARIS;M;4634062;-39556;790
201500034624;15;12;10;715;5;2;3;1;3;191;136 RUE DE RIBRAY;M;4632202;-47663;790
201500034625;15;1;13;1355;1;2;2;1;3;259;ROUTE DE BRESSUIRE;M;4696185;-21174;790
201500034626;15;3;27;1200;1;2;3;1;3;329;6 RUE CHARLES PEGUY;M;4698822;-20877;790
201500034627;15;4;25;1645;1;2;2;1;3;329;15 BOULEVARD DU 8 MAI;M;4699244;-21700;790
201500034628;15;1;27;1915;5;2;1;1;3;329;AV MARTYRS DE LA RESISTA;M;4696918;-21721;790
201500034629;15;4;25;2156;3;2;1;1;6;258;4 RUE BAILLERGEAU;M;4696692;-22172;790
201500034630;15;1;28;1740;5;2;1;2;2;329;12 RUE GASTON CHERAU;M;4698678;-22949;790
201500034631;15;5;3;1610;1;2;1;1;1;329;BOULEVARD PORT GENTIL;M;4697764;-19810;790
201500034632;15;2;14;450;5;2;1;2;6;329;1 BD JACQUES MENARD;M;4697659;-19560;790
201500034633;15;2;20;855;1;1;6;8;7;329;RUE DU GRAND ROSE;M;4699918;-19430;790
201500034634;15;5;15;1000;1;2;1;1;6;329;31 PLACE DU BOEL;M;4697811;-21226;790
201500034635;15;3;5;1610;1;2;1;1;6;300;145 AVENUE EMILE ZOLA;M;4699746;-20793;790
201500034636;15;5;22;1338;1;2;1;1;2;329;15 RUE BERNARD PALISSY;M;4697462;-21301;790
201500034637;15;6;5;1005;1;2;1;1;6;329;19 BD DE LA REPUBLIQUE;M;4698011;-21360;790
201500034638;15;8;11;1935;1;2;1;1;1;329;7 RUE PIERRE LOTI;;;;790
201500034639;15;9;6;1215;1;2;4;1;3;329;10 RUE RONSARD;M;4697733;-20612;790
201500034640;15;10;12;855;1;2;4;1;6;329;06 BD ERNEST RENAN;M;4697865;-21605;790
201500034641;15;10;29;1800;2;1;1;1;2;329;RUE CAMILLE GUERIN;M;4696957;-18141;790
201500034642;15;11;4;1855;5;1;1;1;2;329;57 RUE MAISON SECHE;M;4697430;17932;790
201500034643;15;12;8;2030;5;2;1;1;6;329;5 BD PIERRE CURIE;M;4697967;-21644;790
201500034644;15;12;15;915;1;1;2;1;5;259;ROUTE DE BRESSUIRE;M;4696185;-21177;790
201500034645;15;12;12;1850;3;1;1;5;1;258;ECAILLERES (RUE DES);M;4696756;-22452;790
201500034646;15;12;25;1800;5;2;6;1;3;329;BOULEVARD PORT GENTIL;M;4697633;-19825;790
201500034647;15;3;28;200;5;2;1;8;6;1;100 RUE DE ST-GILLES;M;5009915;184069;800
201500034648;15;4;8;1605;1;2;5;1;3;1;140 R DU CHATEAU D'EAU;M;5010978;186123;800
201500034649;15;5;1;520;5;2;6;1;6;1;244, Bd de la REPUBLIQUE;M;5011404;182695;800
201500034650;15;6;5;1635;1;2;1;7;6;1;35, AV du CHAMP DE FOIRE;M;5010402;184004;800
201500034651;15;9;7;1025;1;2;1;1;6;1;Park. Clinique St-Isabel;M;5009852;186139;800
201500034652;15;10;8;1450;1;2;1;1;6;1;111,Bd de la REPUBLIQUE;M;5011179;183484;800
201500034653;15;11;11;1755;5;2;1;1;6;1;AV du GENERAL LECLERC;M;5010750;184125;800
201500034654;15;11;21;1120;1;1;1;1;6;1;3, TROIS FILLETTES (des);M;5010332;183253;800
201500034655;15;2;4;1410;1;2;1;1;4;1;51, MENCHECOURT (de);M;5011595;182290;800
201500034656;15;2;5;1420;1;2;2;1;3;1;RUE VENTOSE;M;5010267;186462;800
201500034657;15;2;8;1730;1;2;6;1;6;1;JEAN JAURES;M;5010403;182783;800
201500034658;15;2;19;2240;5;2;6;1;1;21;00, PORT (BOULEVARD DU);M;4989894;229088;800
201500034659;15;12;26;1740;2;2;1;1;2;261;112, AMIENS (ROUTE D');M;4986598;227806;800
201500034660;15;2;19;1355;1;2;1;1;7;21;8, GEORGES GUYNEMER (RU;M;4990888;230049;800
201500034661;15;12;26;945;1;2;2;1;7;21;RUE DE COTTENCHY;M;4988110;231306;800
201500034662;15;2;20;1405;1;2;1;2;2;21;165, GENERAL FOY (AVENUE;M;4988929;228146;800
201500034663;15;12;28;1640;2;2;1;1;7;21;284, BD de SAINT QUENTIN;M;4987895;230278;800
201500034664;15;2;23;1525;1;2;1;1;4;21;30, ALEXANDRE DUMAS (RUE;M;4987095;230405;800
201500034665;15;3;5;830;1;2;1;1;1;21;117, GENERAL FOY (AVENUE;M;4989017;228221;800
201500034666;15;3;7;2045;5;2;1;1;1;21;95, VALENTIN HAUY (RUE);M;4990348;231251;800
201500034667;15;3;8;2030;4;1;1;1;7;21;00, ALLONVILLE (ROUTE D';M;4992063;232704;800
201500034668;15;3;12;2210;5;2;1;1;7;21;00, FAIDHERBE (BOULEVARD;M;4989476;228752;800
201500034669;15;3;13;1012;1;2;1;1;5;21;76, SAINT FUSCIEN (RUE);M;4988326;230426;800
201500034670;15;3;14;2300;5;2;3;2;3;21;RUE  DE LA 2eme DB;M;4989247;229238;800
201500034671;15;3;16;1705;1;2;2;1;7;21;03, CHAUSS SAINT-PIERRE;M;4990210;230018;800
201500034672;15;3;16;1800;1;2;1;1;1;21;00, GEORGES GUYNEMER (RU;M;4990926;230051;800
201500034673;15;3;23;1800;1;2;1;1;4;21;475, ROUEN (RUE DE);M;4988591;227338;800
201500034674;15;3;27;2050;5;2;3;1;1;21;00, ADEODAT LEFEVRE ( RU;M;4989331;230437;800
201500034675;15;4;2;1100;1;2;2;1;6;21;00, HENRI BARBUSSE (RUE);M;4989380;229417;800
201500034676;15;4;10;850;1;2;1;1;3;21;00, FAIDHERBE (BOULEVARD;M;4989433;228662;800
201500034677;15;4;11;1355;1;2;1;1;7;261;00, AMIENS (ROUTE D');M;4986261;227961;800
201500034678;15;4;11;1945;1;2;1;1;7;21;00, BONNARDS (RUE DES);M;4990358;230715;800
201500034679;15;4;23;1705;1;1;1;1;4;261;RD210;M;4986146;226716;800
201500034680;15;5;5;935;1;2;1;2;2;21;00, PAUL CLAUDEL (AVENUE;M;4987470;226446;800
201500034681;15;5;5;1600;1;2;1;1;7;21;00, ALPHONSE FIQUET (PLA;M;4989080;230666;800
201500034682;15;5;5;2150;5;2;3;1;1;21;00, PARMENTIER (PLACE);M;4989533;230615;800
201500034683;15;5;6;1940;1;2;1;1;7;21;6, RUE DE DOULLENS;M;4990387;230714;800
201500034684;15;5;7;1150;1;1;1;1;2;164;RN 25, Rocade Nord;M;4988472;237196;800
201500034685;15;5;9;1600;1;2;3;1;3;21;00, ROUEN (RUE DE);M;4988505;226516;800
201500034686;15;5;18;1915;1;2;1;1;7;21;3, ALBERIC DE CALONNE (R;M;4988747;230269;800
201500034687;15;5;21;1930;1;2;1;1;5;21;JEAN MARC LAURENT;M;4987085;231111;800
201500034688;15;5;24;2020;1;2;1;1;7;21;3, MAURICE RAVEL (RUE);M;4991363;230439;800
201500034689;15;5;26;1205;1;2;2;1;1;21;00, PRES FORETS (RUE DES;M;4989973;228352;800
201500034690;15;5;28;1515;1;2;1;1;3;21;RUE ANDRE DUROUCHEZ;M;4992705;228544;800
201500034691;15;5;30;1545;1;2;2;1;1;21;00, JEAN RACINE (RUE);M;4986446;233838;800
201500034692;15;6;7;1500;1;2;2;1;1;21;29, R DE LA REPUBLIQUE;M;4989155;229680;800
201500034693;15;6;8;1845;1;2;1;1;2;21;93, Bd de SAINT QUENTIN;M;4987930;229707;800
201500034694;15;6;11;1615;1;1;1;1;2;21;00, SAVEUSE (RUE DE);M;4990328;224624;800
201500034695;15;6;11;2305;4;1;1;1;7;21;ROCADE NORD RN 1;M;4992368;228477;800
201500034696;15;6;17;740;1;2;3;1;3;21;00, ROBERT LE COQ (RUE);M;4990064;226944;800
201500034697;15;6;18;815;1;2;3;2;3;21;RUE DHAVERNAS;M;4988473;230035;800
201500034698;15;7;11;1225;1;2;1;1;4;21;1, RUE MONTESQUIEU;M;4990240;229624;800
201500034699;15;7;8;1830;1;2;1;1;6;21;RUE LEO LAGRANGE;M;4991062;231149;800
201500034700;15;6;25;750;1;2;6;1;3;21;00, PIERRE MENDES FRANCE;M;4989871;229026;800
201500034701;15;6;26;1515;1;2;1;1;1;131;4, Rue  ILE MYSTERIEUSE;M;4986634;236470;800
201500034702;15;6;27;1745;2;2;2;1;3;21;Av 14 JUILLET 1789;M;4987535;228169;800
201500034703;15;6;29;1710;1;2;1;1;2;21;44, CARNOT (BOULEVARD);M;4989247;228687;800
201500034704;15;6;30;830;1;2;1;1;2;632;109, ROUEN (ROUTE DE);M;4987993;225609;800
201500034705;15;7;1;950;1;2;3;1;7;21;2, LUCIEN LECOINTE (RUE);M;4990452;230694;800
201500034706;15;7;1;1350;1;2;2;1;3;21;CHAUSSEE SAINT PIERRE;M;4990258;230271;800
201500034707;15;7;3;855;1;2;1;1;3;21;15, PAUL CLAUDEL (AVENUE;M;4987503;227650;800
201500034708;15;7;3;1600;1;2;1;1;6;21;11, RUE LEO LAGRANGE;M;4991058;231021;800
201500034709;15;7;6;1130;1;2;1;1;6;21;4, RUE VOLTAIRE;M;4990757;232072;800
201500034710;15;7;8;2145;2;2;1;2;7;21;AVENUE DE L'EUROPE;M;4991759;230409;800
201500034711;15;7;9;1050;1;2;1;1;7;21;66, SAINT PIERRE (CHAUSS;M;4990281;230398;800
201500034712;15;7;9;1935;1;2;1;1;7;21;AVENUE PAUL CLAUDEL;M;4987462;227031;800
201500034713;15;7;10;1630;1;2;1;1;7;21;8,RUE MAURICE RAVEL;M;4991361;230409;800
201500034714;15;7;11;1025;1;2;6;1;3;21;AV DU 14 JUILLET 1789;M;4987548;228208;800
201500034715;15;7;13;2355;5;2;1;1;7;21;RUE DE LA VALLEE;M;4989220;230794;800
201500034716;15;7;24;1615;1;2;1;1;1;21;RUE LEO LAGRANGE;M;4991060;231057;800
201500034717;15;7;25;100;5;2;1;1;1;21;RUE DOCTEUR LOUIS FAFET;M;4991392;231383;800
201500034718;15;7;25;210;5;2;6;1;3;21;AV DU 14 JUILLET 1789;M;4987539;228169;800
201500034719;15;7;27;1910;1;2;1;1;7;21;55, JULES BARNI (RUE);M;4988905;231085;800
201500034720;15;7;28;1545;1;2;1;1;3;21;39, VOLTAIRE (RUE);M;4990863;232008;800
201500034721;15;7;30;2300;5;2;6;1;1;21;00, MARECHAL FOCH (PLACE;M;4989348;228489;800
201500034722;15;7;31;1240;1;2;1;1;3;725;AVENUE DU GOLF;M;4986204;225607;800
201500034723;15;8;1;1815;1;2;6;1;1;21;00, ROUBAIX (BOULEVARD D;M;4991053;231615;800
201500034724;15;8;2;1850;1;2;1;1;7;21;00, SAINT HONORE (RUE);M;4988644;228698;800
201500034725;15;9;8;1410;1;2;2;1;7;21;BD DES FEDERES;M;4989550;228301;800
201500034726;15;8;26;1645;1;2;1;1;7;21;222, COTTENCHY (RUE DE);M;4988288;231211;800
201500034727;15;8;3;1800;1;2;1;1;1;160;66,RUE HENRI BARBUSSE;M;4985734;234933;800
201500034728;15;8;9;220;5;2;1;1;3;21;14, RUE FRANCS MURIERS;M;4989705;229914;800
201500034729;15;8;15;1125;1;2;2;1;3;489;RUE GENERAL DE GAULLE;M;4986870;235227;800
201500034730;15;8;16;1715;1;2;1;1;1;21;RUE CHARLES DE FOUCAULD;M;4988968;230789;800
201500034731;15;8;18;1425;1;2;1;2;3;21;11 BOULEVARD BARABAN;M;4989907;230498;800
201500034732;15;8;19;1545;1;2;1;1;1;21;RUE ALFRED CATEL;M;4990313;228011;800
201500034733;15;8;20;2230;5;2;1;1;1;21;AVENUE DE l'HIPPODROME;M;4989620;227353;800
201500034734;15;8;22;940;1;2;1;1;1;21;76 rue ELOI MOREL;M;4990194;230597;800
201500034735;15;8;28;1635;1;2;1;1;4;379;RD 1029 (ROUTE DE ST-Q);M;4986805;237695;800
201500034736;15;9;2;245;5;2;1;1;7;21;RUE DE ROUEN;M;4988691;228231;800
201500034737;15;9;10;850;1;2;6;1;3;489;AV DE LA VILLE IDEALE;M;4986577;237341;800
201500034738;15;9;10;1305;1;2;1;1;7;379;17, AVENUE PHILEAS FOGG;M;4986461;237879;800
201500034739;15;9;11;1715;1;2;1;1;2;21;251, CHS JULES FERRY;M;4988384;232387;800
201500034740;15;9;13;1830;1;2;1;8;7;21;RUE VANMARCKE;M;4989637;230221;800
201500034741;15;9;15;955;1;2;1;1;5;21;00, VALENTIN HAUY (RUE);M;4990391;230894;800
201500034742;15;9;16;1140;1;2;1;2;7;21;RUE CAMILLE DESMOULINS;M;4988269;229401;800
201500034743;15;9;16;1225;1;2;1;3;2;21;CHS JULES FERRY;M;4988345;232486;800
201500034744;15;9;17;1850;1;2;6;1;3;489;AV VILLE IDEAL/J.DUCLOS;M;4986804;236903;800
201500034745;15;9;18;840;1;2;2;1;1;21;RUE TERRAL;M;4990859;229157;800
201500034746;15;9;18;1910;1;2;1;1;3;21;16 BIS, PORT D'AMONT;M;4989517;230707;800
201500034747;15;9;21;750;1;2;1;1;3;725;37, ROUTE DE ROUEN;M;4987265;224587;800
201500034748;15;9;23;2045;5;2;1;1;1;21;RUE ROBERT LE COQ;M;4990059;226939;800
201500034749;15;9;24;1335;1;2;1;1;3;21;AV DU 14 JUILLET 1789;M;4987537;228167;800
201500034750;15;9;25;1930;2;2;1;1;7;21;RUE LEO LAGRANGE;M;4991058;231148;800
201500034751;15;9;27;1410;1;2;3;1;3;21;BOULEVARD DE DURY;M;4988075;228745;800
201500034752;15;9;28;2145;5;2;1;1;1;21;00, FRANKLIN ROOSEVELT (;M;4991042;229688;800
201500034753;15;9;29;850;1;1;1;1;5;261;D210;M;4986154;226759;800
201500034754;15;10;1;745;2;2;1;1;7;21;42, BD DES FEDERES;M;4989558;228334;800
201500034755;15;10;1;2025;5;2;2;1;3;21;BD DE DURY;M;4988155;228510;800
201500034756;15;10;2;1525;1;2;1;7;1;21;00, MARECHAL FOCH (PLACE;M;4989351;228505;800
201500034757;15;10;3;1750;1;2;6;1;3;21;00, LIBERATION (CARREFOU;M;4988650;227856;800
201500034758;15;10;4;1740;1;2;6;1;3;21;RUE D' ABBEVILLE;M;4990780;226506;800
201500034759;15;10;5;855;1;2;1;1;3;21;MAIL ALBERT 1er;M;4988872;229673;800
201500034760;15;10;6;2200;5;2;2;1;3;21;Bd de BEAUVILLE;M;4990320;231578;800
201500034761;15;10;8;720;1;1;1;1;5;21;ROCADE NORD RN 1;M;4992841;226424;800
201500034762;15;10;8;1220;1;2;2;1;3;21;RUE JEAN MOULIN;M;4987459;226605;800
201500034763;15;10;9;1420;1;2;1;1;7;21;00, ALSACE LORRAINE (BOU;M;4989215;230761;800
201500034764;15;8;10;1130;1;2;1;1;6;21;PLACE LONGUEVILLE;M;4988843;229467;800
201500034765;15;8;30;2030;2;1;1;1;1;724;RD 210;M;4985489;225205;800
201500034766;15;10;12;1405;1;2;1;1;3;21;AVENUE PAUL CLAUDEL;M;4987479;227458;800
201500034767;15;10;13;1310;1;2;1;1;7;21;RUE DE LA VALLEE;M;4989205;230850;800
201500034768;15;10;13;1530;1;2;6;1;3;21;RUE DESCARTES;M;4987428;231788;800
201500034769;15;10;13;1720;1;2;1;1;7;21;R DU MARCHE AUX CHEVAUX;M;4989748;228782;800
201500034770;15;10;20;1335;1;1;1;2;3;674;RD929;M;4991570;235028;800
201500034771;15;10;22;1500;1;1;2;2;3;724;RD210 / CH DE SALEUX;M;4985227;225041;800
201500034772;15;10;23;745;2;2;1;1;7;21;RUE MARCHE LANSELLES;M;4989669;229783;800
201500034773;15;10;23;2105;5;1;6;1;7;164;ROUTE CORBIE;M;4990116;234104;800
201500034774;15;10;25;1120;1;2;2;1;3;21;RUE DE PARIS;M;4989020;229080;800
201500034775;15;10;27;1940;5;2;2;1;7;21;AVENUE DE LONDRES;M;4988651;232673;800
201500034776;15;10;29;1833;3;1;1;1;4;379;RD 1029 ROUTE DE ST;M;4986816;238257;800
201500034777;15;10;30;1910;3;1;2;1;3;724;RD210 / CH DE DURY;M;4985205;225019;800
201500034778;15;10;31;905;1;2;6;1;1;21;RUE D' ABBEVILLE;M;4990577;227135;800
201500034779;15;11;2;920;1;2;3;5;7;21;RUE DES SERGENTS;M;4989496;229907;800
201500034780;15;11;4;820;1;2;1;2;7;21;BOULEVARD DE ROUBAIX;M;4990788;231773;800
201500034781;15;11;4;1810;5;2;1;2;3;21;599, RUE DE ROUEN;M;4988550;226939;800
201500034782;15;11;5;1525;1;2;3;1;3;21;AV COMMUNE DE PARIS;M;4991438;225491;800
201500034783;15;10;30;845;1;2;1;1;3;21;2, RUE DES DEPORTES;M;4990130;229951;800
201500034784;15;11;8;300;5;2;3;1;7;21;00, ABBE DE L'EPEE (RUE;M;4989968;231572;800
201500034785;15;11;8;1930;5;2;2;1;3;21;RUE ANDRE CHENIER;M;4987762;228636;800
201500034786;15;11;10;1615;1;2;2;1;3;21;RUE MARCHE LANSELLES;M;4989604;229773;800
201500034787;15;11;10;800;2;2;1;1;2;21;41, RUE CROIX DE PIERRE;M;4994296;227297;800
201500034788;15;11;11;930;1;2;2;1;1;21;AV DU 14 JUILLET 1789;M;4987542;228170;800
201500034789;15;9;30;1754;1;2;1;1;7;632;RUE DU CHATEAU;M;4987874;224278;800
201500034790;15;11;12;2245;3;1;1;1;7;21;RTE DE SAVEUSE;M;4990191;223912;800
201500034791;15;11;13;440;5;2;2;1;1;21;AVENUE ROGER DUMOULIN;M;4993523;228413;800
201500034792;15;11;16;1340;1;2;6;1;3;21;RUE ROBERT SCHUMAN;M;4990774;230377;800
201500034793;15;11;20;1730;5;2;2;2;3;21;RUE DE BOVES;M;4988316;231519;800
201500034794;15;11;20;1635;1;2;9;2;6;489;AVENUE VILLE IDEALE;M;4986768;236938;800
201500034795;15;11;20;1010;1;2;1;2;7;21;BD DE ROUBAIX;M;4991177;231555;800
201500034796;15;11;22;1555;1;2;1;1;7;489;RUE CLAUDE CHAPPE;M;4987021;236964;800
201500034797;15;11;25;1740;5;2;6;2;2;21;RUE DES FRANCS MURIERS;M;4989674;230042;800
201500034798;15;11;27;1130;1;2;1;1;7;21;BD DE ROUBAIX;M;4991184;231552;800
201500034799;15;11;27;2310;3;1;6;2;7;131;RD116;M;4985582;235473;800
201500034800;15;12;1;1745;5;2;1;1;2;21;9, RUE DE PARIS;M;4988861;228974;800
201500034801;15;12;4;1900;5;2;2;1;3;21;RUE GENERAL LECLERC;M;4989666;229449;800
201500034802;15;12;9;825;2;2;1;1;3;21;9, Bd MAIGNAN LARIVIERE;M;4988958;229341;800
201500034803;15;12;11;1440;1;2;1;2;3;21;00, BEAUVILLE CENTRE (BO;M;4989436;230900;800
201500034804;15;12;15;845;1;1;6;2;6;131;BD MICHEL STROGOFF;M;4986294;237701;800
201500034805;15;12;15;1720;5;2;1;2;3;21;AV DE L'EUROPE;M;4991153;230264;800
201500034806;15;12;15;1830;3;1;1;2;4;131;RD 934;M;4984810;241357;800
201500034807;15;12;17;1645;2;1;1;1;2;164;RUE RENE GAMBIER;M;4988396;235151;800
201500034808;15;12;19;1440;1;2;3;1;3;21;RUE DE L'ABBE DUMONT;M;4990794;231169;800
201500034809;15;12;19;1205;1;2;1;1;7;21;RUE DE LA HOTOIE;M;4989655;229197;800
201500034810;15;12;18;1700;5;2;3;1;3;21;D8, RUE JEAN MOULIN;M;4987877;227316;800
201500034811;15;12;18;1740;2;2;2;1;3;21;RUE EDMOND ROSTAND;M;4987219;232207;800
201500034812;15;12;21;1155;1;2;1;1;2;21;48, RUE DE VAUX;M;4993231;226616;800
201500034813;15;12;21;1700;5;2;1;2;7;21;273, RUE DE ROUEN;M;4988674;228071;800
201500034814;15;1;3;1420;1;1;1;2;3;131;RD935;M;4984013;240323;800
201500034815;15;1;4;1950;5;2;2;1;3;21;VERDUN (RUE DE );M;4989454;230934;800
201500034816;15;1;6;1640;2;2;1;1;7;21;BEL AIR (RUE DU);M;4987358;233636;800
201500034817;15;1;6;1430;1;2;2;1;1;21;ROGER DUMOULIN (AVENUE);M;4993524;228413;800
201500034818;15;1;7;1550;1;2;1;1;7;21;FENELON (RUE);M;4991394;232249;800
201500034819;15;1;7;1740;5;2;1;8;1;21;218, LUCIEN LECOINTE (RU;M;4990862;231276;800
201500034820;15;1;12;1620;1;2;2;1;3;21;190,LAURENDEAU (RUE);M;4988444;230129;800
201500034821;15;1;13;2210;5;2;1;1;7;21;PARMENTIER (PLACE);M;4989565;230481;800
201500034822;15;1;14;645;3;1;1;2;3;21;RAINNEVILLE  (ROUTE;M;4993122;232286;800
201500034823;15;1;15;1745;5;2;2;1;3;21;SOMME (QUAI DE LA);M;4990347;228698;800
201500034824;15;1;16;1213;1;2;1;1;7;21;20, PASTEUR (BOULEVARD);M;4988910;229249;800
201500034825;15;1;17;1640;1;1;1;1;3;261;00, GRIMAUX (RUE);M;4984828;227579;800
201500034826;15;1;17;1350;1;2;2;1;3;21;00, FEDERES (BOULEVARD D;M;4989414;228388;800
201500034827;15;1;18;2000;5;2;6;3;7;21;00, ALEXANDRE DUMAS (RUE;M;4987177;229562;800
201500034828;15;1;18;1935;5;2;2;2;3;21;00, ALSACE LORRAINE (BOU;M;4989230;230773;800
201500034829;15;1;19;1630;1;2;1;1;3;21;525, ABBEVILLE (RUE D');M;4991158;224974;800
201500034830;15;1;20;600;5;2;2;2;3;21;00, GRESSET (RUE);M;4989407;229307;800
201500034831;15;1;22;1315;1;2;3;1;3;489;00, LOUIS PROT (RUE);M;4987052;235701;800
201500034832;15;1;25;930;1;1;3;1;3;131;00, RD 934;M;4984594;241940;800
201500034833;15;1;23;1835;5;2;1;1;7;164;00, EMILE DEBRIE;M;4988793;234297;800
201500034834;15;1;27;1210;1;2;1;1;7;21;42, FEDERES (BOULEVARD D;M;4989558;228335;800
201500034835;15;1;27;745;2;2;1;1;7;21;17, DEUXIEME DB (RUE DE;M;4989259;229253;800
201500034836;15;1;29;1905;5;2;1;2;7;21;4, ALBERIC DE CALONNE (R;M;4988747;230269;800
201500034837;15;1;29;1725;5;2;1;2;2;724;00, CONTY (ROUTE DE);M;4986699;224888;800
201500034838;15;1;30;1920;5;2;1;2;3;21;224, ABBEVILLE (RUE D');M;4990803;226403;800
201500034839;15;2;2;835;1;2;1;1;6;21;112, LESCOUVE (RUE);M;4988995;227237;800
201500034840;15;2;4;1550;1;2;3;2;3;21;21, BOVES (RUE DE);M;4988279;231572;800
201500034841;15;2;5;1235;1;2;1;1;2;261;00, AUCHAN (ZONE COMMERC;M;4986173;227891;800
201500034842;15;2;5;1710;1;2;1;1;3;21;00, DEJEAN (RUE);M;4989138;231430;800
201500034843;15;2;7;1630;1;2;1;1;7;21;15,AV DE PICARDIE;M;4991438;224890;800
201500034844;15;2;6;1715;1;2;1;1;7;21;4,RUE DE LA RESISTANCE;M;4989823;229587;800
201500034845;15;2;7;1630;1;2;1;1;7;21;00, LE GRECO (RUE);M;4992311;230241;800
201500034846;15;2;10;915;1;2;1;1;3;21;45, JEAN CATELAS (RUE);M;4989596;228977;800
201500034847;15;2;11;1530;1;2;1;1;6;21;1,  Av JULES VALLES;M;4991560;224684;800
201500034848;15;2;11;1555;1;2;1;1;7;21;00, MONTESQUIEU (RUE);M;4990576;229284;800
201500034849;15;2;12;1935;2;2;1;1;3;674;ROBERT PETIT (RUE);M;4989922;232080;800
201500034850;15;2;15;2150;5;2;1;1;7;21;00, LEGRAND D' AUSSY (RU;M;4989241;231251;800
201500034851;15;2;13;1640;1;2;1;1;7;21;32, RUE DU 31 AOUT 1944;M;4988074;232479;800
201500034852;15;2;15;155;5;2;2;1;3;21;00, BONNARDS (RUE DES);M;4990203;230678;800
201500034853;15;2;15;200;5;1;6;1;7;21;00, SAINT FUSCIEN (RUE);M;4987096;230704;800
201500034854;15;2;13;1740;5;2;1;2;7;21;00, CARNOT (BOULEVARD);M;4989187;228799;800