num_acc;an;mois;jour;hrmn;lum;agg;int;atm;col;com;adr;gps;lat;long;dep
201500034855;15;12;21;1850;5;2;1;1;6;4;VERDIER (FRANCOIS);;;;810
201500034856;15;5;28;1300;1;2;1;1;1;4;RIVIERE (DE LA);M;4393054;214565;810
201500034857;15;6;15;1630;1;2;1;1;5;4;STRASBOURG (BD DE);M;4393342;214642;810
201500034858;15;6;23;1030;1;2;1;1;6;4;FOCH (AV ET PASS MARECHA;M;;;810
201500034859;15;7;13;1115;1;2;1;1;1;18;BONAFE ( AVENUE M );M;4395432;220771;810
201500034860;15;7;31;2040;2;2;1;1;6;4;52, JAURES (PL JEAN);M;;;810
201500034861;15;8;5;1340;1;1;1;1;6;144;VALENCE ( ROUTE DE ) D 9;M;4396658;219691;810
201500034862;15;10;23;1250;1;1;1;1;3;4;TEILLET (RTE DE);M;4390960;219747;810
201500034863;15;11;11;1815;5;2;1;1;3;4;THOMAS (AV ALBERT);M;;;810
201500034864;15;12;8;1750;5;1;1;2;6;144;94, HERMET ( AVENUE DE L;M;4395940;217594;810
201500034865;15;2;27;2035;5;2;1;1;3;4;TEYSSIER (AV DU COLONEL);;;;810
201500034866;15;3;20;1600;1;2;3;1;3;4;TEILLET (RTE DE);;;;810
201500034867;15;5;28;1540;1;2;1;1;1;4;MILLAU (RTE DE) DU N° 32;;;;810
201500034868;15;11;13;1200;1;2;2;1;3;60;0, JAURES ( PLACE JEAN );;;;810
201500034869;15;3;26;750;1;2;1;1;1;33;RD 90;;;;810
201500034870;15;12;18;1130;1;2;7;1;6;60;1, SAINTE MARIE ( PLACE;M;4405323;215453;810
201500034871;15;2;8;630;2;1;1;1;7;65;81, ALQUIER  (AV. GEORGE;;;;810
201500034872;15;3;17;905;1;2;1;1;7;65;-, ALBINQUE (PLACE DE L';;;;810
201500034873;15;4;9;2200;5;2;3;1;3;65;133, ALBERT 1° (AV);;;;810
201500034874;15;4;13;1855;1;1;1;1;5;65;622 (ROUTE DEPARTEMENTAL;M;;;810
201500034875;15;4;19;1050;1;1;4;3;7;65;., 622 (ROUTE DEPARTEMEN;;;;810
201500034876;15;5;27;1715;1;2;1;1;2;65;41, SIDOBRE RD 622 (AV.;M;;;810
201500034877;15;6;2;1845;1;2;3;1;3;65;DEPARTEMENTALE 89 (RD);M;;;810
201500034878;15;6;10;1625;1;1;1;1;6;65;1012 (ROUTE DEPARTEMENTA;;;;810
201500034879;15;6;27;2015;1;1;2;1;3;65;VOIE URBAINE SUD;M;;;810
201500034880;15;7;9;750;1;2;1;1;7;65;25, ARIBAT  (BD. DOCTEUR;M;4360446;224483;810
201500034881;15;9;10;2050;5;2;3;1;3;65;FABRE (PLACE PIERRE);M;4360896;223759;810
201500034882;15;11;26;1730;2;2;1;1;7;65;., FOY (RUE SAINTE);M;4360587;224529;810
201500034883;15;3;16;1330;1;2;1;1;6;163;JUIN (MARECHAL);M;4330041;227577;810
201500034884;15;6;14;2155;2;2;1;1;3;163;XXX, JUIN (MARECHAL);M;4350710;237814;810
201500034885;15;7;24;1555;1;2;1;1;6;21;5 BIS, TOULOUSE;M;4349870;236856;810
201500034886;15;9;4;2330;5;2;1;1;3;163;2, FOCH;M;4349830;237606;810
201500034887;15;9;11;1830;1;1;1;1;1;163;RD 118;M;4300000;221151;810
201500034888;15;10;30;1715;1;2;1;1;3;163;XXX, RICHARDE;M;4349796;239221;810
201500034889;15;10;7;1750;1;2;1;1;3;163;24, VANNE;M;4348550;237325;810
201500034890;15;11;13;1730;5;2;1;1;3;163;XXX, CHEVALIERE (AVENUE);;;;810
201500034891;15;2;13;2100;5;2;1;1;3;163;1, REILLE (COURS RENE);;;;810
201500034892;15;3;6;1405;1;2;1;1;3;163;03, REDONDAL;;;;810
201500034893;15;2;5;1850;2;1;1;1;3;33;0, CAUSSADE BAS;;;;820
201500034894;15;3;31;1235;1;2;3;1;3;33;0, DE LATTRE DE TASSIGNY;M;4404220;111146;820
201500034895;15;12;9;930;1;1;1;1;2;33;3663, MONTAUBAN D 958 (R;M;4403430;118178;820
201500034896;15;4;9;1125;1;2;9;1;2;33;0, LECLERC (du Marйchal);M;4405246;110106;820
201500034897;15;5;18;2315;5;2;1;1;6;33;0, TOULOUSE (de);M;4403317;112178;820
201500034898;15;6;2;2053;1;1;1;1;2;33;2812, Route Belleperche;;;;820
201500034899;15;7;20;2200;3;1;1;1;3;33;TOULOUSE (de);M;4402612;114372;820
201500034900;15;9;11;645;5;2;3;1;3;33;4, JUIN (du Marйchal);;;;820
201500034901;15;10;4;615;3;1;1;1;6;33;CD 958 - 3348 route de M;M;4403400;117657;820
201500034902;15;8;18;1130;1;1;1;1;6;33;222, LAFRANCAISE (de);;;;820
201500034903;15;8;31;2000;3;1;1;6;7;33;0, LAFRANCAISE (de);;;;820
201500034904;15;11;17;1830;1;2;1;1;2;121;14, VILLENOUVELLE (GRAND;M;4402161;135546;820
201500034905;15;4;1;1035;1;1;1;1;6;121;34, 10EME DRAGONS (AVENU;M;4402304;134590;820
201500034906;15;12;16;1645;1;2;1;1;6;121;360, BEAUSOLEIL (AVENUE;M;4400781;136512;820
201500034907;15;3;16;1720;1;2;1;1;6;121;50, 11EME REGIMENT D'INF;M;4402470;135614;820
201500034908;15;12;27;1345;1;1;2;1;3;121;NC, MIRABEL D 69 (ROUTE;M;4407075;136685;820
201500034909;15;3;20;1415;1;2;3;1;5;121;NC, DELPOUYS(rue maurice;M;4402991;137436;820
201500034910;15;3;27;1745;1;1;1;1;3;121;NC, MARGUE (CHEMIN DE LA;M;4404440;131092;820
201500034911;15;3;30;1710;1;1;1;1;5;121;3100, CORBARIEU D 21 (RO;M;4396710;135811;820
201500034912;15;4;1;1230;1;2;2;1;3;121;NC, FALGUIERE (AVENUE DE;M;4402589;135392;820
201500034913;15;4;20;727;1;1;1;1;7;121;1231, FAU (ROUTE DU);M;4399256;137579;820
201500034914;15;5;2;1119;1;2;1;1;6;121;205, NEGREPELISSE (AVENU;M;4403092;137375;820
201500034915;15;5;7;1725;1;2;1;1;6;121;NC, HERRIOT (BOULEVARD E;M;4401211;137174;820
201500034916;15;5;11;1815;1;2;2;1;3;121;NC, LEOJAC (AVENUE DE);M;4401788;138599;820
201500034917;15;5;16;1900;1;2;1;1;3;121;219, MOURETS (AVENUE DES;M;4401845;137153;820
201500034918;15;5;26;1735;1;2;3;1;4;121;GASSERAS (AVENUE DE);M;4401729;133785;820
201500034919;15;5;29;2100;1;2;3;1;3;121;ALSACE LORRAINE ( BOULEV;M;4401803;136556;820
201500034920;15;6;16;1400;1;2;1;1;1;121;NC, SABATIE (RUE LOUIS);M;4401469;133981;820
201500034921;15;6;11;1820;1;2;1;1;2;121;17, BRIAND (RUE ARISTIDE;M;4401692;134058;820
201500034922;15;6;17;2255;3;1;1;1;6;121;2100, MOLIERES (ROUTE DE;M;4405744;136023;820
201500034923;15;6;18;1745;1;2;1;1;6;121;197, DOUMERC (BOULEVARD;M;4401391;136424;820
201500034924;15;6;19;1050;1;2;2;1;3;121;nc, VOLTAIRE (RUE);M;4403457;137259;820
201500034925;15;6;7;545;3;1;1;1;7;121;AUTOROUTE A 20;M;4398452;133564;820
201500034926;15;6;28;1306;1;2;3;1;6;121;109, BRIAND (RUE ARISTID;M;4401660;134470;820
201500034927;15;7;19;725;1;2;1;1;7;121;NC, VIGNARNAUD (ROUTE DE;M;4400215;135889;820
201500034928;15;7;26;145;5;1;2;1;3;121;NC, AUCH (ROUTE D');M;4398918;130893;820
201500034929;15;7;29;2145;5;2;2;2;3;121;NC, VOLTAIRE (RUE);M;4403736;136472;820
201500034930;15;9;13;750;2;1;1;1;6;121;SAINT-MARTIAL D 8 (ROUTE;M;4398579;143069;820
201500034931;15;7;24;1023;1;1;1;1;1;121;1970, DE SAINT PIERRE (C;M;;;820
201500034932;15;8;14;955;1;1;1;3;1;121;OULES (CHEMIN DES);;;;820
201500034933;15;8;20;1221;1;1;6;7;3;121;NC, rond point des osage;M;4399561;135061;820
201500034934;15;8;21;1940;1;2;1;7;6;121;70, ALSACE LORRAINE ( BO;M;4401890;136044;820
201500034935;15;8;30;1800;1;2;3;1;3;121;NC, BLANCOUS (CHEMIN DES;M;4402490;138232;820
201500034936;15;8;22;840;1;1;1;1;6;121;NC, ALBEFEUILLE D 72 ( R;M;4403935;129793;820
201500034937;15;8;20;1930;1;2;1;1;6;121;853, RAMIEROU (RUE DU);M;4401654;138319;820
201500034938;15;9;3;1515;1;1;9;1;3;121;AUTOROUTE A 20;M;4397962;133444;820
201500034939;15;11;3;2153;3;1;1;1;6;121;SAINT-NAUPHARY D 999 (RO;M;4397564;140794;820
201500034940;15;9;4;2200;3;1;1;1;6;121;AUCH (ROUTE D');M;4398834;130715;820
201500034941;15;9;8;1812;1;2;3;1;3;121;NC, CAMP D'AVIATION (CHE;M;4402490;138228;820
201500034942;15;11;22;1400;1;1;1;1;1;121;1470, SAINT-NAUPHARY D 9;;;;820
201500034943;15;9;22;1500;1;1;1;1;6;121;1584, AUCH (ROUTE D');M;4399921;132304;820
201500034944;15;9;24;720;5;2;3;1;1;121;38, VILLENOUVELLE (GRAND;M;4402070;135528;820
201500034945;15;9;25;958;1;2;6;1;2;121;NC, AIGLE caroline (gira;M;4403898;138224;820
201500034946;15;9;25;710;5;2;3;1;3;121;NC, VITARELLE (ROUTE DE;M;4404085;137512;820
201500034947;15;9;30;1725;1;1;1;1;1;121;2650, SAINT-ETIENNE DE T;M;4403377;141928;820
201500034948;15;1;5;1740;2;1;1;1;3;121;4553, NAUPHARY ( ROUTE D;;;;820
201500034949;15;9;29;1220;1;2;2;1;3;121;ALIBERT ( RUE DU DOCTEUR;M;4402255;134827;820
201500034950;15;12;10;1850;3;1;2;1;3;121;MONTRICOUX D 115 (ROUTE;M;4403695;142241;820
201500034951;15;10;5;1700;1;2;1;1;3;121;NC, PARIS (route de);M;4403479;137704;820
201500034952;15;10;10;135;3;1;1;1;6;121;1300, ROUTE DE BORDEAUX;M;4402858;132096;820
201500034953;15;10;11;710;3;1;1;1;6;121;1987, AUCH (ROUTE D');M;4399765;131858;820
201500034954;15;10;23;1940;5;2;3;1;3;121;NC, RAMONETS (CHEMIN DES;M;4403698;135702;820
201500034955;15;10;31;1815;3;1;3;1;3;121;NC, ROUTE DE BORDEAUX;M;4405349;129386;820
201500034956;15;11;6;745;2;2;2;1;3;121;NC, LEOJAC (AVENUE DE);M;4401783;138603;820
201500034957;15;10;22;450;5;2;1;1;2;121;60, BRIAND (RUE ARISTIDE;M;4401676;134380;820
201500034958;15;1;22;1650;1;2;1;1;3;121;251, MOULIN N 20 (AVENUE;;;;820
201500034959;15;1;23;1626;1;1;1;1;1;121;nc, EUROPE (AVENUE DE L';;;;820
201500034960;15;2;2;1830;5;1;1;1;1;121;NC, NEGREPELISSE AVENUE;;;;820
201500034961;15;1;31;2050;5;2;1;1;6;121;6, MOUSTIER (FAUBOURG DE;;;;820
201500034962;15;2;3;1900;5;2;2;1;3;121;NC, VOLTAIRE (RUE);;;;820
201500034963;15;2;23;735;5;2;1;1;6;121;HERRIOT (BOULEVARD EDOUA;;;;820
201500034964;15;3;8;1910;5;1;1;1;6;121;NC, SAINT-MARTIAL D 8 (R;M;4399700;141528;820
201500034965;15;3;12;755;1;2;4;1;3;121;NC, RAMIEROU (RUE DU);M;4401737;138574;820
201500034966;15;2;7;2000;3;1;1;1;7;121;nc, ROUTE DE CASTELSARRA;;;;820
201500034967;15;1;2;835;2;1;1;7;6;141;1, RD 1555 (DRAGUIGNAN/;;;;830
201500034968;15;3;23;1740;1;2;6;1;6;50;MICHEL(PLACE LOUISE);M;4353229;646320;830
201500034969;15;1;4;1050;1;2;6;1;3;50;VERDUN( AVENUE DE);M;4353156;647393;830
201500034970;15;4;6;1705;1;1;3;1;3;50;1475, SAINT ESPRIT(CHEMI;M;4351226;643232;830
201500034971;15;1;4;1210;1;1;1;1;2;50;90, VAUGINE(AVE DE LA);M;4353290;648683;830
201500034972;15;1;14;1210;1;2;1;1;6;50;20, QUATRE SEPTEMBRE( AV;M;4353609;645936;830
201500034973;15;4;18;900;1;2;1;1;3;50;10, CARNOT(AVENUE LAZARE;;;;830
201500034974;15;1;15;1510;1;2;1;1;6;50;PAGNOL(BOULEVARD  MARCEL;M;4353295;648240;830
201500034975;15;6;10;930;1;2;1;1;5;50;301, POMPIDOU(VOIE  GEOR;M;4352940;644928;830
201500034976;15;1;16;2257;5;1;1;2;6;141;RD 1555 (DRAGUIGNAN/ LE;;;;830
201500034977;15;6;22;1605;1;2;1;1;3;50;DE GAULLE(AVENUE CHARLES;;;;830
201500034978;15;2;7;1915;3;1;1;1;3;141;ARCS(ROUTE DES);;;;830
201500034979;15;6;22;945;1;2;1;1;6;141;RD 1555 (DRAGUIGNAN/ LE;;;;830
201500034980;15;2;17;2047;5;2;1;1;6;141;14, GARE(AVENUE DE LA);M;4350377;648418;830
201500034981;15;7;2;414;5;2;1;1;2;50;CLEMENCEAU (BD GEORGES);M;4353671;646388;830
201500034982;15;2;19;1435;1;2;1;1;6;50;CARNOT(AVENUE LAZARE);M;0;0;830
201500034983;15;7;21;2300;3;1;9;1;1;50;400, COL DE L'ANGE(RACCO;M;4352826;644152;830
201500034984;15;3;11;1025;1;2;1;1;6;50;CLEMENCEAU(BOULEVARD GEO;M;4353732;646267;830
201500034985;15;7;26;100;3;2;1;1;5;50;1149, MANHES(AVENUE FRED;M;4355430;643339;830
201500034986;15;8;26;855;1;2;3;1;3;50;KENNEDY(BOULEVARD JOHN);;;;830
201500034987;15;9;5;1645;1;1;1;1;5;50;908, SCAMARONI(AVENUE FR;;;;830
201500034988;15;9;7;1525;1;2;3;1;3;50;TUTTLINGEN(AVENUE DE);M;4352828;644148;830
201500034989;15;9;14;935;1;2;5;1;1;50;GRANDE ARMEE(AVENUE DE L;;;;830
201500034990;15;9;19;1440;1;2;1;1;7;50;BEAUSSARET(CHEMIN DU);M;4352792;644343;830
201500034991;15;9;21;750;1;1;1;1;3;50;69, ALLENDE (avenue Salv;;;;830
201500034992;15;9;25;740;1;1;1;1;2;50;ALLENDE (avenue Salvador;;;;830
201500034993;15;9;28;1320;1;2;1;1;6;50;BLUM(BOULEVARD LEON);M;4352803;648158;830
201500034994;15;9;29;1135;1;2;3;1;1;50;97, REMPARTS(BOULEVARD;M;4354054;646883;830
201500034995;15;10;2;735;2;2;1;3;6;50;VERDUN( AVENUE DE);;;;830
201500034996;15;10;19;1415;1;2;1;1;3;50;109, CAZELLES(AVENUE JUL;M;4353088;647287;830
201500034997;15;11;5;1940;5;2;3;1;3;50;POMPIDOU(VOIE  GEORGES);M;4352646;644858;830
201500034998;15;11;3;737;1;1;1;1;2;50;434, ALLENDE (avenue Sal;;;;830
201500034999;15;12;2;1735;5;2;1;1;6;50;VERDUN( AVENUE DE);M;4353386;647788;830
201500035000;15;12;14;2030;5;2;9;1;6;50;7, CLEMENCEAU(BOULEVARD;M;4353759;646243;830
201500035001;15;12;17;710;2;2;9;1;3;50;1, PREMIERE ARMEE(AVENUE;M;4353153;647392;830
201500035002;15;12;14;1220;1;2;1;1;6;50;DE TRANS (BD BERNARD);M;4353595;646736;830
201500035003;15;12;16;735;2;2;6;1;3;50;CAZELLES(AVENUE JULIEN);M;4353148;647381;830
201500035004;15;2;24;1605;1;1;1;1;6;118;BD DU CERCERON;M;4343696;678493;830
201500035005;15;3;25;1013;1;2;1;1;6;61;188, AVENUE DE VERDUN;M;4343302;672989;830
201500035006;15;4;8;150;3;1;1;1;6;61;0, RN7;M;4343958;670780;830
201500035007;15;3;23;1405;1;2;1;1;3;61;0, BOULEVARD S?VERIN DEC;M;4342866;673631;830
201500035008;15;4;13;1740;1;1;1;1;2;61;RN98 ST AYGULF;;;;830
201500035009;15;5;1;2220;5;2;1;1;6;118;ROUTE DE LA CORNICHE;;;;830
201500035010;15;5;3;1815;1;2;1;1;3;118;667, BD GEN DE GAULLE;;;;830
201500035011;15;5;6;1135;1;1;1;1;3;61;0, RUE DE LA VERNИDE;M;4345360;671286;830
201500035012;15;5;13;1149;1;2;1;1;1;61;0, RUE DU CAPORAL EL HAD;M;4346760;672350;830
201500035013;15;5;14;1620;1;1;1;1;1;118;ROUTE DE SAINT-BARTHЙLEM;;;;830
201500035014;15;5;8;1933;1;2;2;1;3;61;0, AV DE LA CORNICHE;;;;830
201500035015;15;5;1;1350;1;1;1;1;1;61;RN7;;;;830
201500035016;15;5;10;1035;1;2;1;1;5;61;AVENUE DU HUIT MAI 1945;;;;830
201500035017;15;5;26;1233;1;2;1;8;6;118;57, AVENUE DE VALESCURE;M;4342845;677237;830
201500035018;15;5;21;1115;1;2;6;1;3;61;0, AVENUE DE PROVENCE;;;;830
201500035019;15;4;30;1100;1;2;1;1;3;61;0, AVENUE DE LATTRE DE T;M;4343143;675287;830
201500035020;15;6;1;1719;1;2;1;1;3;118;0, BOULEVARD GENERAL DE;M;0;0;830
201500035021;15;6;18;900;1;2;1;1;6;118;9, BD G. CLEMENCEAU;M;4342429;677164;830
201500035022;15;6;13;545;2;2;1;1;6;61;0, AVENUE DE PROVENCE;;;;830
201500035023;15;7;10;2010;1;1;1;1;3;61;CD8;M;4342543;671448;830
201500035024;15;7;15;1620;1;1;1;1;6;61;RDN7;M;4351067;683096;830
201500035025;15;7;25;1415;1;2;1;1;6;61;., AVENUE VICTOR HUGO;M;4342626;675861;830
201500035026;15;7;26;2000;1;2;2;1;3;118;., BOULEVARD MARЙCHAL JU;M;4341434;679042;830
201500035027;15;6;21;1037;1;1;1;1;1;61;2700, RD4;;;;830
201500035028;15;7;21;1615;1;2;1;1;3;61;RD559  ST AYGULF;M;4340326;672977;830
201500035029;15;8;11;2055;2;1;1;1;1;61;RN98 ST AYGULF;M;4339343;672817;830
201500035030;15;8;14;1530;1;2;1;1;2;61;RDN7;M;4343984;670735;830
201500035031;15;8;21;1155;1;2;1;1;6;61;., RUE GEORGES BESSE;M;4343920;671837;830
201500035032;15;9;16;1122;1;2;1;1;6;61;., AVENUE DE L'ARGENS;M;4342738;673553;830
201500035033;15;9;8;1750;1;2;1;1;3;61;D37;M;4344692;675798;830
201500035034;15;9;10;1745;1;2;1;1;6;61;37 AVENUE A. SAHKAROV;M;4343885;674201;830
201500035035;15;9;29;1740;1;2;4;1;3;61;1163, AVENUE DU GЙNЙRAL;;;;830
201500035036;15;9;27;925;1;1;1;1;3;118;., ROUTE DES GOLFS;M;4345181;683367;830
201500035037;15;10;22;945;1;2;1;1;6;61;77, AV ARISTIDE BRIAND;M;4343211;673777;830
201500035038;15;11;16;1700;2;1;1;1;5;61;XXXX, CD8;M;4342918;672028;830
201500035039;15;11;12;1700;1;2;1;1;3;61;243, RUE DU CAPITAINE BL;M;4343150;673342;830
201500035040;15;12;1;1350;1;2;1;1;6;61;RUE WILLIAM SHAKESPEARE;M;4342611;674846;830
201500035041;15;12;9;1505;1;2;3;1;3;118;RUE JULES BARBIER;M;4342219;676860;830
201500035042;15;12;10;1135;1;1;1;1;6;118;BOULEVARD DE L'ASPђ;M;4342969;679469;830
201500035043;15;11;12;1020;1;2;1;1;6;118;BOULEVARD DE LA LIBђRATI;M;4342389;675736;830
201500035044;15;12;1;1210;1;2;6;1;6;61;RUE DE L'AVELAN;M;4343080;674926;830
201500035045;15;2;8;825;1;2;1;1;6;61;382, AVE ANDRE LEOTARD;;;;830
201500035046;15;2;1;1835;5;1;1;1;7;118;1371, AVE  DU GD DEFENDS;M;4342568;680783;830
201500035047;15;2;26;1025;1;2;4;1;2;118;AVENUE DE VALESCURE;;;;830
201500035048;15;3;4;1530;1;2;1;1;5;118;0, BD DU CERCERON;;;;830
201500035049;15;1;6;655;5;1;9;1;3;61;RN98 ST AYGULF;;;;830
201500035050;15;3;8;1410;1;1;1;1;3;61;RN98;M;4335286;671259;830
201500035051;15;12;31;1035;1;2;1;1;6;69;3, DE LATTRE DE TASSIGNY;M;4312354;614586;830
201500035052;15;3;30;2230;5;2;6;1;7;69;JUIN ( BOULEVARD DU MARE;M;4311469;611108;830
201500035053;15;4;4;1610;1;2;6;1;3;69;DECUGIS (AVENUE ALFRED);M;4310569;617581;830
201500035054;15;4;6;1845;1;2;9;1;6;69;1, FERRARI (RUE SOLDAT);M;4312052;613269;830
201500035055;15;12;21;1820;5;2;1;1;2;69;BEAUREGARD (AV ANDREE);M;4311761;612527;830
201500035056;15;4;15;1800;1;2;1;1;3;69;1, DECUGIS (AVENUE ALFRE;M;4311094;616761;830
201500035057;15;4;23;2315;5;1;3;1;2;69;1, MARINE (BOULEVARD DE;M;4310000;617036;830
201500035058;15;4;25;2135;3;1;1;1;7;69;786, MACRI (CHEMIN SOLDA;M;4311452;617822;830
201500035059;15;5;3;245;5;2;1;1;3;69;TOULON RD 554 (AVENUE DE;M;0;0;830
201500035060;15;5;9;2010;2;1;9;1;1;69;LOUBES (ROUTE DES);M;0;0;830
201500035061;15;5;15;840;1;1;3;7;1;69;chemin de Pomponiana;M;0;0;830
201500035062;15;5;25;1653;1;2;3;1;3;69;CAWELL (AVENUE EDITH);M;4311047;612583;830
201500035063;15;5;30;1935;1;2;4;1;4;69;CH Petit Traversier du P;M;4311470;615624;830
201500035064;15;6;7;425;5;2;3;1;7;69;BART (AVENUE JEAN);M;4307470;615315;830
201500035065;15;7;5;55;5;2;1;1;1;69;AEROPORT (AVENUE DE L');M;4308636;614669;830
201500035066;15;7;2;1140;1;1;1;1;6;69;THOMAS (AVENUE AMBROISE);M;4311547;613330;830
201500035067;15;7;5;2119;2;1;1;1;5;69;ALMANARRE (ROUTE DE L');;;;830
201500035068;15;7;5;1825;1;2;1;1;2;69;MARINE (BOULEVARD DE LA);M;4309811;616847;830
201500035069;15;7;16;1240;1;2;1;1;6;34;11, GENERAL TOUZET DU VI;M;4309519;607722;830
201500035070;15;7;25;140;5;2;1;1;7;69;21, CORPS (AVENUE DU XVE;M;4312214;614142;830
201500035071;15;7;23;1920;1;1;1;1;6;69;1029, SALINS ( ROUTE DES;M;4311880;618620;830
201500035072;15;8;10;2312;5;2;1;1;6;69;1, THOMAS (AVENUE AMBROI;M;4311850;613227;830
201500035073;15;9;3;250;3;1;1;1;6;69;1, BORDS DU GAPEAU (CHEM;M;4312256;617560;830
201500035074;15;9;12;1315;1;2;1;1;2;69;11, MISTRAL (BOULEVARD F;M;4312443;613653;830
201500035075;15;9;14;1320;1;1;1;1;5;69;1, PIERREFEU (ROUTE DE);M;4315502;612883;830
201500035076;15;9;15;2200;5;2;1;1;6;69;571, TOULON RD 554 (ROUT;M;4312622;610038;830
201500035077;15;9;17;920;1;1;1;1;2;69;GIENS (ROUTE DE );M;4308025;614933;830
201500035078;15;9;29;1740;1;2;1;1;6;69;JAURES (AVENUE JEAN);M;4311945;613198;830
201500035079;15;10;11;1505;1;2;9;1;2;69;2031, FONT DES HORTS (CH;M;4308536;612194;830
201500035080;15;10;15;850;1;2;1;1;6;69;CLOTIS (AVENUE JOSEPH);M;4312010;613047;830
201500035081;15;10;30;935;1;1;1;1;3;69;1588, MARINE (BOULEVARD;M;4309314;616350;830
201500035082;15;11;2;1520;1;1;2;1;3;69;NICE (ROUTE DE);M;4313072;616641;830
201500035083;15;11;10;1703;1;2;1;1;1;69;565, ARBANAIS (AVENUE DE;;;;830
201500035084;15;1;4;2050;5;1;6;1;3;34;RUE DES 3 PINS;;;;830
201500035085;15;11;28;2115;3;2;1;1;1;69;PIERREFEU (ROUTE DE) RD;M;4319394;612994;830
201500035086;15;12;10;20;3;1;1;1;1;69;640, CRAU (ROUTE DE LA );M;4312873;692161;830
201500035087;15;12;10;1835;5;1;1;1;1;34;CD559;M;4309586;606925;830
201500035088;15;12;18;1000;1;2;1;1;3;69;ARROMANCHES ( ROND POINT;M;4308285;614968;830
201500035089;15;1;10;2240;3;1;1;1;6;69;FRONT DE MER (BOULEVARD);;;;830
201500035090;15;1;15;1900;3;1;1;1;1;69;10924, PIERREFEU (ROUTE;;;;830
201500035091;15;1;13;1055;1;1;1;1;6;34;RUE DES 3 PINS;;;;830
201500035092;15;1;16;1100;1;2;1;1;6;69;35, CAWELL (AVENUE EDITH;M;4310996;612527;830
201500035093;15;2;4;2155;5;2;6;2;7;69;ARROMANCHES ( ROND POINT;;;;830
201500035094;15;2;20;910;1;2;1;1;6;69;1, THOMAS (AVENUE AMBROI;;;;830
201500035095;15;3;14;235;3;1;1;1;6;69;1574, BORDS DU GAPEAU (C;M;4312109;617751;830
201500035096;15;1;1;1845;5;2;1;1;6;129;426, LAENNEC (AVENUE DE);;;;830
201500035097;15;3;21;2045;5;2;1;2;7;9;350, ONZE NOVEMBRE 1945;M;4313864;575111;830
201500035098;15;1;30;1330;1;2;1;1;6;129;LERY (BOULEVARD DE);M;4311661;584869;830
201500035099;15;3;27;2230;3;1;1;1;6;9;1874, BEAUSSET (ROUTE DU;M;4315352;576383;830
201500035100;15;2;2;1145;1;2;1;1;6;129;10, ROC FONT DE FILLOL;;;;830
201500035101;15;4;1;1900;1;2;1;6;3;129;60, KENNEDY (AVENUE J.)N;M;4310794;581472;830
201500035102;15;4;9;1530;1;1;6;1;3;9;0, DEPARTEMENTALE 559 (R;M;4314927;575067;830
201500035103;15;2;19;1610;1;2;1;1;3;123;BANDOL (ROUTE)N? IMPAIRS;;;;830
201500035104;15;4;28;2135;5;2;1;1;3;129;500, LERY (BOULEVARD DE);M;4311325;584894;830
201500035105;15;2;17;1600;1;1;1;1;6;129;2195, KENNEDY (AVE JF.);;;;830
201500035106;15;5;5;1740;1;2;1;1;3;123;2256, BANDOL (ROUTE)N° P;M;4313779;577501;830
201500035107;15;2;26;1025;1;2;1;1;3;129;COUDOULIERE (LA);M;4309753;581205;830
201500035108;15;5;15;1030;1;2;1;1;7;123;1700, TOULON (ANCIEN CHE;M;4312892;580361;830
201500035109;15;3;3;1200;1;2;1;1;7;123;574, LANGE (CHEMIN);M;4312668;579716;830
201500035110;15;5;19;955;1;2;1;1;6;9;11, TONNELIERS (RUE DES);M;4313629;575391;830
201500035111;15;5;23;1555;1;2;1;1;3;129;MER (AVENUE DE LA) N° PA;M;4309727;582970;830
201500035112;15;5;20;1140;1;2;1;1;6;129;550, MER (AVENUE DE LA);M;4309792;582867;830
201500035113;15;6;5;1815;1;2;1;1;2;129;768, DE GAULLE (PROMENAD;M;4311110;581342;830
201500035114;15;6;3;1210;1;2;6;1;2;9;ARMEE D'AFRIQUE (ROND PO;M;4314900;576374;830
201500035115;15;6;5;1505;1;2;1;1;2;129;267, SOLVIOU (CORNICHE D;M;4310450;581307;830
201500035116;15;6;13;2225;5;2;1;8;6;129;1183, MER (AVENUE DE LA);M;4310201;582185;830
201500035117;15;6;14;2105;2;2;1;1;3;129;1735, MER (AVENUE DE LA);M;4310505;581695;830
201500035118;15;6;14;2015;1;2;1;1;6;123;18, MARIE ESMENARD (QUAI;M;4311700;580021;830
201500035119;15;6;27;1115;1;2;1;1;3;129;1963, KENNEDY (AVENUE J.;M;4310812;583496;830
201500035120;15;6;29;1040;1;2;9;1;3;129;MER (AVENUE DE LA) N° PA;M;4310240;582137;830
201500035121;15;7;2;2330;5;2;6;1;2;129;255, JUIN MARECHAL (AV D;M;4309485;584714;830
201500035122;15;7;6;1850;1;2;1;1;6;123;730, RESISTANCE (AVENUE);M;4312183;579615;830
201500035123;15;6;11;2200;2;2;1;1;7;129;1327, LAENNEC (AVENUE DE;M;4308552;582386;830
201500035124;15;7;8;845;1;2;9;1;6;129;125, LAENNEC (AVENUE DE);M;4309367;583280;830
201500035125;15;7;7;1605;1;2;1;1;3;123;134, TOULON (ANCIEN CHEM;M;4312659;582129;830
201500035126;15;7;11;1355;1;1;3;1;7;9;DEPARTEMENTALE 559 (ROUT;M;4315381;574580;830