num_acc;an;mois;jour;hrmn;lum;agg;int;atm;col;com;adr;gps;lat;long;dep
201500035127;15;7;9;1945;1;2;3;1;3;129;COUDOULIERE (LA);M;4309750;581718;830
201500035128;15;7;8;1050;1;2;1;1;2;129;DE LATTRE DE TASSIGNY (A;M;4309371;583915;830
201500035129;15;7;19;2130;2;2;1;1;6;123;2034, BANDOL (ROUTE)N° P;M;4315206;576417;830
201500035130;15;7;15;1825;1;1;1;1;1;129;61, KENNEDY (AVENUE J.)N;M;4310825;581450;830
201500035131;15;7;21;2100;1;2;1;1;3;129;596, DE LATTRE DE TASSIG;M;4309423;583690;830
201500035132;15;7;26;430;5;2;1;1;6;9;PARE (RUE AMBROISE);M;4314080;574968;830
201500035133;15;7;27;35;5;2;1;1;2;123;347, GARE (ROUTE);M;4312055;581454;830
201500035134;15;7;29;1900;1;2;1;1;1;123;TOULON (ANCIEN CHEMIN DE;M;4312695;581988;830
201500035135;15;7;30;1900;1;2;1;1;7;123;35, RESISTANCE (AVENUE);M;4311771;579738;830
201500035136;15;7;29;810;1;1;1;1;6;9;73, BEAUSSET (ROUTE DU);M;4314942;576453;830
201500035137;15;8;2;820;1;2;1;1;3;9;10, PIERRE PUGET (BD);M;4313956;575584;830
201500035138;15;8;13;1110;1;2;1;1;6;129;2279, KENNEDY (AVENUE J.;M;4310810;583835;830
201500035139;15;8;19;2050;2;2;1;1;7;9;50, ONZE NOVEMBRE 1918;M;4313645;575309;830
201500035140;15;8;26;1117;1;2;1;1;6;123;186, SAINT ROCH (CHEMIN);M;4312294;580634;830
201500035141;15;8;28;905;1;2;1;1;6;129;77, ROUVEAU (RUE DU);M;4311614;580877;830
201500035142;15;9;1;1610;1;2;1;1;6;129;DE LATTRE DE TASSIGNY (A;M;4309430;583776;830
201500035143;15;9;5;440;5;1;1;1;7;123;1912, BANDOL (ROUTE)N° P;M;4312843;578409;830
201500035144;15;9;10;2100;4;2;3;1;3;123;405, BANDOL (ROUTE)N° IM;M;4312475;578911;830
201500035145;15;9;25;1905;1;2;1;1;6;129;330, KENNEDY (AVENUE J.);M;4310749;581794;830
201500035146;15;9;24;845;1;2;1;1;1;129;12, COUDOULIERE (LA);M;4308817;580997;830
201500035147;15;10;4;315;5;2;9;2;6;123;326, SOLEIL (CORNICHE) N;M;4312240;580153;830
201500035148;15;10;6;1110;1;2;1;1;6;129;165, MER (AVENUE DE LA);M;4309601;583124;830
201500035149;15;10;10;55;5;2;1;1;6;129;466, PALMIERS (AVENUE DE;M;4307755;580980;830
201500035150;15;10;11;1550;1;2;1;1;6;123;40, EUROPE UNIE (AVENUE);M;4311633;580629;830
201500035151;15;10;11;1000;1;2;1;1;3;123;BAD SACKINGEN (ROND POIN;M;4312160;580524;830
201500035152;15;10;17;2005;5;2;1;1;1;129;55, FONT DE FILLOL;M;4309781;582600;830
201500035153;15;10;27;1705;2;2;1;2;6;123;546, GARE (ROUTE);M;4312083;58164;830
201500035154;15;10;26;1903;2;2;6;1;3;123;513, RESISTANCE (AVENUE);M;4312165;579711;830
201500035155;15;11;2;1500;1;2;1;1;6;129;100, RAYOLET (CORNICHE D;M;4308672;580806;830
201500035156;15;11;10;1030;1;2;1;1;6;9;ALBERT 1ER (AVENUE);M;4313531;574472;830
201500035157;15;11;17;1855;2;2;1;1;6;123;2186, BANDOL (ROUTE);M;4313714;577618;830
201500035158;15;11;19;1500;1;2;1;1;6;123;513, RESISTANCE (AV) N°;M;4313145;584449;830
201500035159;15;11;20;1830;5;2;1;1;6;9;235, PARE (RUE AMBROISE);M;4314103;575124;830
201500035160;15;11;20;1435;1;2;1;1;6;129;446, ECOLES (BD DES);M;4311204;581315;830
201500035161;15;11;24;850;1;2;1;7;6;129;16, LYCEE DE LA COUDOULI;M;4309826;582082;830
201500035162;15;12;7;1600;1;2;3;8;3;129;FONT DE FILLOL (RC ET T);M;4309461;582337;830
201500035163;15;12;12;300;5;2;1;1;6;123;237, GARE (ROUTE);M;4311969;581295;830
201500035164;15;12;13;145;5;2;1;1;6;123;559, BANDOL (ROUTE);M;4312600;578809;830
201500035165;15;12;6;115;5;1;1;2;3;129;120, CHARMETTES (AV ET T;M;4307822;580818;830
201500035166;15;12;14;2200;5;2;2;1;3;129;ECOLES (BD DES);M;4310825;581430;830
201500035167;15;12;18;2045;5;2;1;1;6;129;183, MER (AVENUE DE LA);;;;830
201500035168;15;1;6;745;2;2;6;1;6;126;Pablo Neruda;;;;830
201500035169;15;4;1;1610;1;2;2;6;3;126;1544, LA SEYNE A BASTIAN;M;4308946;586881;830
201500035170;15;1;12;1706;2;2;1;1;3;126;GAGARINE (AV YOURI);;;;830
201500035171;15;4;6;1126;1;2;6;1;5;126;391, RENOIR (AV AUGUSTE);;;;830
201500035172;15;1;28;1350;1;2;1;1;2;126;SANTIERI (CHEMIN DE);M;4310678;586992;830
201500035173;15;4;10;1630;1;2;3;1;3;126;55, QUATRE SEPTEMBRE (BD;M;4310386;587190;830
201500035174;15;2;14;1645;1;2;1;3;1;126;DE BUSSY (RUE CLAUDE);M;4308133;589175;830
201500035175;15;4;15;750;1;2;1;8;6;126;1327, ANCIENS COMBATANTS;;;;830
201500035176;15;2;26;1150;1;2;2;1;3;126;ZOLA (AV EMILE);;;;830
201500035177;15;5;12;2105;5;2;1;1;7;126;Ytzhak Rabin - D18;;;;830
201500035178;15;3;10;1120;1;2;3;1;3;126;PACHA (CORNICHE MICHEL);M;4308874;589894;830
201500035179;15;5;18;2330;3;1;1;1;7;126;LA SEYNE A OLLIOULES (CH;M;4309083;586842;830
201500035180;15;5;19;905;1;2;6;1;6;126;LACROIX (RUE PIERRE);M;4310103;588391;830
201500035181;15;5;20;1250;1;2;1;1;6;126;1951, POMPIDOU (CORNICHE;M;4308322;589542;830
201500035182;15;5;26;1135;1;2;1;1;3;126;154, LAMARQUE (AV JEAN A;M;4310897;586158;830
201500035183;15;5;27;1745;1;2;3;1;3;126;, GUILLAUME (AV HENRI);M;4308905;589505;830
201500035184;15;5;29;1935;1;2;2;1;3;126;50, ZOLA (AV EMILE);M;4310579;587789;830
201500035185;15;6;2;1740;1;2;1;1;6;126;50, BARTOLINI (AV JEAN);M;4311460;586149;830
201500035186;15;5;28;1030;1;2;1;1;3;126;30, EVESCAT AUX SABLETTE;M;4308836;589057;830
201500035187;15;6;10;900;1;1;1;1;6;126;50, BARTOLINI (AV JEAN);M;4311460;586166;830
201500035188;15;6;19;1430;1;2;1;1;5;126;510, JUIN (AV MARECHAL);M;4310708;587055;830
201500035189;15;6;19;2040;1;2;1;1;6;126;, EUROPE (BD DE L');M;4311458;585591;830
201500035190;15;6;14;1830;1;1;1;1;3;126;271, PAUL (AV MARCEL);;;;830
201500035191;15;6;23;1030;1;2;1;1;6;126;105, GAMBETTA (AV);M;4310734;587751;830
201500035192;15;6;2;1015;1;2;1;1;3;126;DE LATTRE DE TASSIGNY (R;;;;830
201500035193;15;7;14;2110;1;2;1;1;7;126;CURET (AV LOUIS);M;4310397;588019;830
201500035194;15;7;14;950;1;2;1;1;6;126;16, CARMILLE ( AV DU GEN;M;4309682;588839;830
201500035195;15;7;7;1615;1;2;3;1;3;126;POMPIDOU (CORNICHE GEORG;M;4308879;589899;830
201500035196;15;7;16;1630;1;1;1;1;6;126;15, EUROPE (BD DE L');M;4311287;585843;830
201500035197;15;8;2;1613;1;1;1;1;3;126;0, ECHANGEUR D'OLLIOULES;M;4312011;585309;830
201500035198;15;8;5;1830;1;2;1;1;3;126;ALLENDE (AV. SALVADOR);M;4308697;588098;830
201500035199;15;8;5;1710;1;2;1;1;2;126;MATTEI (AV J.B.);M;4308117;589460;830
201500035200;15;8;25;1705;1;2;1;1;6;126;780, ANCIENS COMBATANTS;M;4310506;585568;830
201500035201;15;10;28;1525;1;2;5;1;1;126;, HUIT MAI 1945 ( CARREF;M;4310765;587709;830
201500035202;15;11;3;1025;1;2;1;3;6;126;9, FABRE (QUAI SATURNIN);M;4310211;588133;830
201500035203;15;11;6;1755;3;1;1;1;3;126;924, JUIN (AV MARECHAL);M;4310704;587480;830
201500035204;15;11;14;835;1;2;1;1;2;126;81, STALINGRAD (BD);M;4310725;586466;830
201500035205;15;11;23;1610;1;1;1;1;6;126;25, MARTINI (RUE J BAPTI;M;4310009;588073;830
201500035206;15;12;17;1800;5;2;1;1;3;126;50, MENDES FRANCE (AV PI;M;4310909;587519;830
201500035207;15;12;17;805;1;1;1;1;3;126;1, ECHANGEUR D'OLLIOULES;M;4311939;585341;830
201500035208;15;12;23;1800;3;2;1;1;1;126;200, VAROISE (CORNICHE);M;4306158;586477;830
201500035209;15;1;3;1730;1;2;1;1;7;137;LE BELLEGOU (AVE EDOUARD;M;4311667;594134;830
201500035210;15;1;2;1515;1;2;1;1;1;137;0, RESISTANCE (AVE / IMP;;;;830
201500035211;15;3;13;1350;1;1;1;1;7;98;LE LEAP (AVENUE ALAIN);M;4310697;602522;830
201500035212;15;1;6;750;1;2;1;1;1;98;36, GIONO (RUE JEAN);M;4310940;601037;830
201500035213;15;3;18;151;5;2;6;8;3;137;0, TOESCA (BD PIERRE);M;4312814;592913;830
201500035214;15;1;10;20;5;2;1;1;2;62;91, LURCAT (AVENUE ANDRE;M;4313935;602037;830
201500035215;15;3;17;1150;1;2;1;1;1;137;JAUJARD (RUE AMIRAL);M;4312472;593791;830
201500035216;15;1;13;1735;5;2;9;1;2;137;BROSSET (BD GENERAL);;;;830
201500035217;15;3;18;1735;1;2;1;1;2;137;49, PICOT (AVE DU COLON;M;4312486;593582;830
201500035218;15;1;8;1200;1;2;1;1;6;103;RIPELLE (VIEUX CHEMIN;;;;830
201500035219;15;3;19;850;1;2;9;1;2;137;2885, RESISTANCE (AVE /;M;4311016;597744;830
201500035220;15;1;15;1655;1;2;2;1;6;137;DUPRAT (RUE HIPPOLYTE);M;4312469;593078;830
201500035221;15;3;20;910;1;2;1;1;6;90;REPUBLIQUE (RUE DE LA);M;4312156;592959;830
201500035222;15;1;15;1700;2;2;1;1;3;62;10, DRAGUIGNAN (AVENUE D;;;;830
201500035223;15;3;20;2200;5;2;1;1;6;103;206, COLOMBIER (ROUTE DU;M;4317502;592630;830
201500035224;15;1;15;1825;5;2;2;1;3;90;0, MONNET (AVE JEAN);;;;830
201500035225;15;3;21;1000;1;2;1;8;6;62;22, ROBESPIERRE (BLD);M;4312575;594815;830
201500035226;15;1;16;1740;3;2;1;8;6;137;5, MONTEBELLO (RUE DE);M;4312847;593081;830
201500035227;15;3;21;1510;1;2;1;1;7;137;0, DARDANELLES (AVE DES);M;4312840;592434;830
201500035228;15;1;21;2052;5;2;1;2;6;137;140, LECLERC (AVE GEN);;;;830
201500035229;15;3;24;1720;1;2;6;2;6;90;LA GOUBRAN (ROND POINT);;;;830
201500035230;15;1;26;1500;1;2;1;1;6;137;ARMARIS (BD DES);M;4312715;598154;830
201500035231;15;3;24;1940;5;2;1;2;2;137;0, PICOT (AVE DU COLONEL;M;4313114;597308;830
201500035232;15;1;23;1210;1;2;1;1;6;144;LECLERC (BD MARECHAL);M;4313608;598346;830
201500035233;15;3;27;1945;2;1;1;1;7;90;0, NATIONALE 8 (ROUTE);;;;830
201500035234;15;1;26;1445;1;2;1;1;3;137;0, LE BELLEGOU (AVE EDOU;M;4311571;594209;830
201500035235;15;3;28;1250;1;2;3;1;3;137;0, PICOT (AV DU COLONEL);;;;830
201500035236;15;1;27;1040;1;2;3;1;3;137;0, NOMY (RUE AMIRAL);M;4312186;595555;830
201500035237;15;4;4;1115;1;1;1;1;6;90;0, GORGES (ROUTE DES);M;;;830
201500035238;15;1;28;730;2;2;1;1;6;137;16, FRANCE (RUE ANATOLE);M;4312322;592975;830
201500035239;15;4;7;2310;5;2;1;1;6;137;48, JANVIER (RUE);M;4313405;591261;830
201500035240;15;1;28;745;1;2;1;1;3;62;322, DELAGE (RUE MARC);M;4312501;600511;830
201500035241;15;4;9;810;1;2;1;1;6;137;99, CHENIER (RUE ANDRE);M;4312808;596155;830
201500035242;15;1;31;700;5;2;1;1;6;137;4, PICOT (AVE DU COL);M;4312570;593139;830
201500035243;15;4;10;820;1;2;1;1;6;137;0, CHARLEUX (AVE JULES);M;4311713;598142;830
201500035244;15;1;30;940;1;2;3;1;3;98;BROSSET (AVE DU GEN);;;;830
201500035245;15;4;12;1140;1;2;1;1;6;137;PICOT (AVE DU COLONEL);M;4312562;593178;830
201500035246;15;1;12;1820;4;2;2;1;3;137;0, GASQUET (AVE JOSEPH D;;;;830
201500035247;15;4;12;1528;1;2;1;1;6;137;CHURCHILL (AVE WINSTON);M;4312505;592636;830
201500035248;15;1;22;845;1;2;1;1;3;137;0, MALON (AVE BENOIT);M;4312275;595535;830
201500035249;15;4;14;735;1;2;6;1;3;137;BRIAND (AVE ARISTIDE PRO;;;;830
201500035250;15;2;3;1125;1;2;1;1;3;137;MIRASOULEOU (AVE / ROND;M;4313349;598125;830
201500035251;15;4;14;1300;1;2;4;1;2;137;1703, PICOT (AVE DU COLO;;;;830
201500035252;15;2;7;150;5;2;1;2;7;137;CUZIN (AVE FRANCOIS);;;;830
201500035253;15;4;11;1925;1;2;3;1;7;137;466, ABEL (BD J- BAPT);M;4311630;596104;830
201500035254;15;2;5;1245;1;2;1;2;2;62;0, LURCAT (AVENUE ANDRE);M;4313853;602175;830
201500035255;15;4;8;1225;1;2;1;1;6;62;SANDRO (AVENUE CHARLES);M;4312708;601097;830
201500035256;15;2;7;1910;5;2;1;2;2;62;0, PREMIER (BAT.INF.DU P;;;;830
201500035257;15;4;14;1915;1;2;3;1;6;137;15EME CORPS (AVE DU);M;4312839;590935;830
201500035258;15;2;12;450;3;2;3;1;6;144;0, BLANC (BD DR EUGENE);M;4322569;595660;830
201500035259;15;4;15;2217;5;2;1;1;5;137;PICOT (AVE DU COLONEL);;;;830
201500035260;15;1;20;550;5;2;1;3;6;137;522, REPUBLIQUE (AVE DE;M;4311899;593470;830
201500035261;15;4;15;2000;5;2;1;1;3;137;127, TESSE (BD DE);M;4312742;593099;830
201500035262;15;2;8;349;5;1;9;1;3;144;0, BLANC (BD DR EUGENE);;;;830
201500035263;15;4;16;1205;1;2;1;1;6;137;638, BRIAND (AVE ARISTID;M;4312627;589939;830
201500035264;15;2;12;1930;5;2;1;1;6;62;620, DRAGUIGNAN (AVENUE;;;;830
201500035265;15;4;18;1900;1;1;1;1;6;137;404, CUZIN (AVE FRANCOIS;;;;830
201500035266;15;1;16;1930;5;2;1;2;1;137;0, LEYGUES (ALLEE / IMP;M;4312296;596399;830
201500035267;15;4;19;1745;1;1;1;8;6;90;1624, MONNET (AVE JEAN);;;;830
201500035268;15;2;20;1225;1;1;1;1;2;137;389, FAVIERES (CHEMIN DE;;;;830
201500035269;15;4;21;800;1;2;1;1;3;137;199, VICTOIRE DU 8 MAI 1;M;4313088;592901;830
201500035270;15;2;19;2235;5;2;1;1;6;137;860, PICON (BD LOUIS);M;4313666;591194;830
201500035271;15;4;20;900;1;2;1;1;2;137;0, DEMOCRATIE (BD DE LA);M;4312599;593894;830
201500035272;15;2;22;1050;1;2;3;1;3;137;0, TIRAILLEURS SENEGALAI;M;4311061;593224;830
201500035273;15;4;24;1820;1;2;1;1;6;137;240, LECLERC (AVE GENERA;;;;830
201500035274;15;2;24;1500;1;1;1;1;3;90;0, MERMOZ (AVE JEAN);M;4313749;585059;830
201500035275;15;5;3;2025;2;2;3;1;1;137;420, 15EME CORPS (AVE DU;M;4312830;590916;830
201500035276;15;2;25;1505;1;2;1;1;6;137;506, lUBAC (CHEMIN DE);M;4315579;592194;830
201500035277;15;4;29;1135;1;2;1;1;6;137;0, PAUL (RUE DU CHEVALIE;M;4312225;593094;830
201500035278;15;2;25;1145;1;2;2;7;1;137;954, RESISTANCE (AVE);;;;830
201500035279;15;5;10;1000;1;2;2;1;3;137;0, RESISTANCE (AVE / IMP;M;4311830;594583;830
201500035280;15;2;28;950;1;2;1;1;3;137;ROUTES (AVE DES);;;;830
201500035281;15;5;11;745;1;2;3;1;5;137;0, PICOT (AVE DU COLONEL;;;;830
201500035282;15;2;26;1244;1;2;1;1;3;144;0, JEAN (AVE DU DOCTEUR);M;4313398;598917;830
201500035283;15;5;12;1140;1;1;1;1;3;62;0, FABRI DE PEIRESC (AVE;M;4313847;602719;830
201500035284;15;3;4;910;1;1;1;1;3;62;1811, ASTOURET (CHED');M;4311476;604711;830
201500035285;15;5;13;1430;1;1;1;1;6;137;1, BONNETIERES (RUE DES);M;4312097;593267;830
201500035286;15;2;22;1745;1;2;3;1;6;137;0, 15EME CORPS (AVE DU);;;;830
201500035287;15;5;14;1415;1;2;1;1;6;137;0, DAUDET (RUE ALPHONSE);M;4312136;593883;830
201500035288;15;2;27;1440;1;2;1;1;6;137;BOURGET (RUE DU);M;4312362;595265;830
201500035289;15;5;14;1445;1;2;1;1;6;137;0, SAINT BERNARD (RUE /;M;4312270;593670;830
201500035290;15;2;23;1940;5;2;1;1;6;137;0, BRIAND (AVE ARISTIDE;;;;830
201500035291;15;5;16;1806;1;2;1;1;6;137;53, DROUET (RUE / CITE);M;4314142;590141;830
201500035292;15;3;4;940;1;2;1;1;3;62;BERTHELOT (RUE MARCELIN);M;4314852;604115;830
201500035293;15;5;8;1830;1;1;1;1;2;90;1500, SANARY (ROUTE DE);;;;830
201500035294;15;3;12;1130;1;2;1;1;3;144;59, LAVOISIER (AV / IMP);M;4313852;599868;830
201500035295;15;5;16;1110;1;2;1;1;4;144;1, LIBERATION (AVE DE LA;M;4314308;598755;830
201500035296;15;2;18;1730;1;2;6;1;6;137;0, ARTILLERIE DE MARINE;M;4311233;593370;830
201500035297;15;5;17;1450;1;1;1;1;6;98;0, GAVARESSE (CHEMIN DE;M;4308698;603957;830
201500035298;15;3;3;1830;2;2;1;1;1;137;0, POINCARE (RUE HENRI);M;4311965;594052;830
201500035299;15;5;18;810;1;2;1;1;6;137;1, GUES (BD DE L'ENSEIGN;M;4311601;598096;830
201500035300;15;5;20;2025;1;1;1;1;1;90;0, CAPELLANE (ROND POINT;M;4312297;584765;830
201500035301;15;3;1;1205;1;2;3;2;3;137;0, MALON (AVE BENOIT);M;4312189;595562;830
201500035302;15;5;31;140;5;2;2;1;1;137;NICOLAS (BD COMMANDANT);M;4312626;593678;830
201500035303;15;6;2;720;1;2;1;1;4;144;0, LUMIERE (AVE DES FRER;M;4313635;600017;830
201500035304;15;6;1;1945;1;1;1;1;6;103;170, DE GAULLE (ROUTE GE;M;0;0;830
201500035305;15;6;2;1230;1;2;1;1;2;137;32, 21EME R.I.C. (AVE DU;M;4311345;594011;830
201500035306;15;6;2;1625;1;1;1;1;3;90;762, FAVEYROLLES (CHE);M;4313574;587270;830
201500035307;15;6;3;1700;1;1;1;1;1;62;151, LAVALLEE (AVENUE);M;4314990;603784;830
201500035308;15;6;3;1200;1;2;1;1;7;137;0, LEGION ETRANGERE (ALL;M;4312155;593725;830
201500035309;15;6;6;10;3;1;1;1;7;144;0, NATIONALE 97 (ROUTE);M;4314766;603011;830
201500035310;15;6;6;145;5;2;1;1;3;137;0, BRIAND (AVE ARISTIDE;M;4312531;589827;830
201500035311;15;6;6;2100;2;2;3;1;3;137;405, DEMON PARADIS (CHE);M;4313250;589485;830
201500035312;15;6;8;2104;2;2;2;1;3;137;0, RESISTANCE (AVE / IMP;;;;830
201500035313;15;6;13;920;1;2;2;1;6;137;0, 15EME CORPS (AVE DU);M;4312850;591479;830
201500035314;15;6;13;1700;1;1;1;1;1;62;0, THOUAR MONTEE;M;4312800;601305;830
201500035315;15;6;15;1530;1;2;1;1;6;137;0, LAVENNE (RUE PIERRE);M;4311718;593564;830
201500035316;15;6;17;2000;1;2;1;1;6;137;0, CURIE (RUE);M;4313038;591325;830
201500035317;15;6;18;930;1;2;1;1;3;98;117, DE LATTRE (BD DE TA;M;4310329;602369;830
201500035318;15;6;18;930;1;2;1;1;2;62;0, EOLE (RUE);M;4313603;600152;830
201500035319;15;6;21;422;5;2;1;1;7;137;549, DE GAULLE (CORNICHE;M;4310884;595927;830
201500035320;15;6;24;1230;1;2;2;1;1;62;Route d'Hyиres D98;M;4313750;602627;830
201500035321;15;6;25;1140;1;2;1;1;3;144;0, CURIE (AVE / IMP PIER;M;4310275;587276;830
201500035322;15;6;26;1220;1;2;3;1;3;144;0, LAVOISIER (AVE / IMP);M;4313869;599933;830
201500035323;15;6;27;2135;2;1;1;1;6;62;LURCAT (AVENUE ANDRE);M;4313922;602067;830
201500035324;15;6;29;1400;1;2;9;1;3;137;GASQUET (AVE JOSEPH DE 1;M;4311891;597911;830
201500035325;15;6;29;2300;5;2;3;1;3;137;SAINT BERNARD (RUE / PAS;M;4312165;593672;830
201500035326;15;6;30;1720;1;2;1;1;5;137;72, FOCH (AVE DU MARECHA;M;4307354;555278;830
201500035327;15;7;1;1400;1;2;1;1;6;90;0, LEMOYNE (PLACE PAUL);M;4308158;550518;830
201500035328;15;6;29;1745;1;2;6;1;2;144;UNIVERSITE (AVE DE L');;;;830
201500035329;15;7;3;1500;1;2;1;1;2;62;104, GANCE (AVENUE ABEL);M;4312288;600370;830
201500035330;15;7;3;1635;1;1;1;1;4;90;2128, MONNET (AVE JEAN);;;;830
201500035331;15;7;5;2110;1;2;1;1;3;137;65, ROOSEVELT (AVE FRANK;M;4312064;594009;830
201500035332;15;7;6;1850;1;2;1;1;3;144;MIRASOULEOU (AVE);M;4313380;598063;830
201500035333;15;7;10;1600;1;2;1;1;3;137;131, STE CLAIRE DEVILLE;M;4312578;597559;830
201500035334;15;7;13;2353;5;2;3;1;3;137;0, MALON (AVE BENOIT);M;4312204;595567;830
201500035335;15;7;24;1515;1;2;1;1;2;137;0, BRIAND (AVE ARISTIDE;M;4307139;553201;830
201500035336;15;7;24;1455;1;2;1;1;4;144;104, MIRASOULEOU (AVE);M;4313370;598097;830
201500035337;15;7;24;1700;1;2;1;1;6;137;face au 3, PASTOUREAU (R;M;4312520;593089;830
201500035338;15;7;26;2300;5;2;1;1;6;137;0, PERI  (PLACE GABRIEL);M;4312626;592571;830
201500035339;15;7;28;845;1;2;3;1;3;137;0, GASQUET (AV JOSEPH D;M;4312203;597356;830
201500035340;15;7;31;1740;1;2;1;1;6;62;0, PREMIER (BAT.INF.DU P;M;4313580;602277;830
201500035341;15;8;1;2240;5;2;1;1;6;137;314, ARMARIS (BD DES);M;4312119;598093;830
201500035342;15;8;2;910;1;2;1;1;3;137;0, PRUNEAU (AVE GENERAL);M;4312182;595560;830
201500035343;15;8;3;840;1;2;3;1;6;137;BARNIER (BD DU DR CHARLE;M;4313057;592839;830
201500035344;15;8;5;1830;1;2;3;1;3;62;FABRI DE PEIRESC (AVENUE;M;4314106;603006;830
201500035345;15;8;6;1200;1;2;1;1;3;137;59, HERRIOT (AV EDOUARD);M;4312929;589945;830
201500035346;15;8;13;1515;1;2;1;1;6;137;3, DUQUESNE (RUE);M;4310890;593745;830
201500035347;15;8;14;1855;1;2;1;1;6;144;420, COUPIANE (AVE DE LA;M;4313114;598993;830
201500035348;15;8;17;715;1;1;1;1;3;137;497, LOTI (AVE PIERRE);M;4311355;594774;830
201500035349;15;8;17;1510;1;2;1;1;3;137;0, 15EME CORPS (AVE DU);M;4312851;591502;830
201500035350;15;8;19;2215;5;2;1;1;3;137;0, HERRIOT (AVE EDOUARD);M;4312923;589853;830
201500035351;15;8;20;1350;1;2;1;1;2;137;0, DEVOUCOUX (AVE ROGER);M;4312133;594017;830
201500035352;15;8;21;120;5;2;1;1;7;137;611, LE CHATELIER (AVE A;M;4313706;589737;830
201500035353;15;8;24;1510;1;2;3;1;1;137;0, CUNEO (BD DOCTEUR);M;4310756;593307;830
201500035354;15;8;27;1700;1;2;1;1;2;144;0, 11 NOVEMBRE 1918 (AVE;M;4314078;600032;830
201500035355;15;8;27;1545;1;1;1;1;6;62;849, PLANTADES (CHEMIN D;M;4314260;602142;830
201500035356;15;8;29;1725;1;2;1;1;1;137;0, LULLI (RUE);M;4311929;594313;830
201500035357;15;9;1;1730;1;1;1;1;3;90;0, SANARY (ROUTE DE);M;4312570;583680;830
201500035358;15;9;1;2247;5;2;1;1;3;137;0, BROSSET (BD GENERAL);M;4312901;590224;830
201500035359;15;9;2;1450;1;2;1;1;6;137;0, CARMI (SQUARE / ALLEE;M;4311622;593734;830
201500035360;15;9;2;1530;1;2;1;1;6;137;COLBERT (AVE);M;4312580;593300;830
201500035361;15;9;4;1715;1;2;1;1;5;90;0, GORGES (ROUTE DES);M;4314391;584694;830
201500035362;15;9;9;825;1;2;1;1;6;137;108, DEMOCRATIE (BD DE L;M;4312643;594020;830
201500035363;15;9;9;1545;1;2;1;1;2;98;0, GANZIN (AVENUE DE);M;0;0;830
201500035364;15;9;11;2000;2;2;1;1;1;137;0, DESCARTES (RUE / AVE);M;4312686;589481;830
201500035365;15;9;12;1920;1;1;1;1;7;137;1438, GASQUET (AVE JOSEP;M;4312346;597023;830
201500035366;15;9;14;1030;1;1;1;1;6;98;0, GANZIN (AVENUE DE);M;4310793;603131;830
201500035367;15;9;15;845;1;1;3;1;3;62;0, ST JUST (AVENUE LT AN;M;4314272;601241;830
201500035368;15;9;22;655;1;2;1;1;1;137;0, CUZIN (AVE FRANCOIS);M;4312257;594511;830
201500035369;15;9;22;1630;1;2;1;1;2;137;FONTAN (AVE DU DOCTEUR);M;4313122;591800;830
201500035370;15;9;24;1240;1;2;1;1;4;137;484, JOFFRE (BLD);M;4312392;595367;830
201500035371;15;9;24;1710;1;2;1;1;2;137;771, FLORENT (CHEMIN BAR;M;4315366;591683;830
201500035372;15;9;25;1050;1;2;1;1;6;137;467, MICHELETC (BD JULES;M;4311294;594574;830
201500035373;15;9;23;1140;1;2;3;1;3;137;0, SAINTE ANNE (BD / RUE;M;4313464;593208;830
201500035374;15;10;1;940;1;2;3;1;3;137;0, VICTOIRE DU 8 MAI 194;M;4313109;593257;830
201500035375;15;10;3;1710;1;2;2;1;3;137;, NOMY (RUE AMIRAL);M;4312000;594916;830
201500035376;15;10;3;2200;3;1;1;2;1;98;706, FOUX (CHEMIN DE LA);M;4311428;603108;830
201500035377;15;10;4;535;1;1;1;1;2;137;JOFFRE (BD MARECHAL);M;4311666;595000;830
201500035378;15;10;5;1720;1;2;1;1;1;137;98, BRIAND (AVE ARISTIDE;;;;830
201500035379;15;10;6;1820;1;2;1;1;4;144;RN98;M;0;0;830
201500035380;15;10;10;1715;1;2;1;1;3;137;385, PAGNOL (QUAI MARCEL;M;4311421;594040;830
201500035381;15;10;9;2010;4;2;1;1;6;137;14, PASSY (AVE FREDERIC);M;4312169;594799;830
201500035382;15;10;12;1630;1;2;1;1;6;137;0, DUNANT (HENRI);M;4312306;594639;830
201500035383;15;10;16;2145;5;2;9;1;3;137;BRIAND (AVE ARISTIDE DE;M;4312550;589710;830
201500035384;15;10;18;700;2;2;1;1;3;137;0, COURBET (ALLEE AMIRAL;M;4312320;593594;830
201500035385;15;10;21;1230;1;1;1;1;4;90;0, DEPARTEMENTALE 11 (RO;M;4312573;583131;830
201500035386;15;10;23;1345;1;1;1;1;6;90;0, NATIONALE 8 (ROUTE);M;4313060;587350;830