num_acc;an;mois;jour;hrmn;lum;agg;int;atm;col;com;adr;gps;lat;long;dep
201500035387;15;10;26;810;1;2;4;1;7;137;ROUTES (AVE DES);M;4313734;591441;830
201500035388;15;10;28;1000;1;2;1;2;1;137;242, RICHARD (TRAVERSE);M;4313787;589824;830
201500035389;15;10;30;1700;1;1;3;1;3;90;0, SANARY (ROUTE DE);M;4312573;583131;830
201500035390;15;11;3;105;5;2;1;1;6;137;HERRIOT (AVE EDOUARD);M;4312899;589545;830
201500035391;15;11;4;1245;1;2;3;1;3;137;0, PICOT (AVE DU COLONEL;M;4312912;596778;830
201500035392;15;11;8;620;5;2;1;1;7;62;JAURES (AVENUE JEAN);M;4311976;601089;830
201500035393;15;11;8;1925;1;2;2;1;3;137;0, GUILLEMARD (RUE ROBER;M;4312451;592613;830
201500035394;15;11;9;1005;1;1;1;1;1;90;0, SANARY (ROUTE DE);M;4312570;583335;830
201500035395;15;11;12;1545;1;1;1;1;6;137;2040, GASQUET (AVE JOSEP;M;4312028;597627;830
201500035396;15;11;16;1400;1;2;6;1;3;62;90, DELAGE (RUE MARC);M;4312488;600810;830
201500035397;15;11;17;815;1;2;1;1;6;137;192, PICOT (AVE DU COLON;;;;830
201500035398;15;11;21;1720;2;2;5;6;3;137;0, MICHELETC (BD JULES);;;;830
201500035399;15;11;22;1740;5;1;1;1;2;137;0, CUNEO (BD DOCTEUR);M;4310692;593520;830
201500035400;15;11;28;1450;1;2;1;1;2;98;470, BROSSET (AVENUE DU;M;0;0;830
201500035401;15;11;29;1205;1;1;1;1;6;137;0, BEAUSSIER (RUE);M;4310827;593741;830
201500035402;15;11;25;1345;1;2;1;1;3;62;1600, DRAGUIGNAN (AVENUE;M;4314590;603984;830
201500035403;15;11;30;1700;2;2;1;1;4;144;0, LIBERATION (AVE DE LA;M;4314295;598886;830
201500035404;15;12;1;730;1;2;1;1;2;62;DE LATTRE DE TASSIGNY (A;M;4311302;599669;830
201500035405;15;12;2;1020;1;2;1;1;3;62;194, SANDRO (AVENUE CHAR;M;4312696;601072;830
201500035406;15;11;27;1555;1;2;1;1;6;137;100, BAZEILLES (BD / RON;M;4311272;593909;830
201500035407;15;12;7;1805;5;2;1;2;6;62;PREMIER (BAT.INF.DU PACI;M;4308044;601092;830
201500035408;15;12;8;1910;5;2;1;1;6;137;0, JOFFRE (BD MARECHAL);M;4312411;596722;830
201500035409;15;12;13;30;5;2;1;2;1;62;HOUOT (AVENUE CDT);;;;830
201500035410;15;12;15;1220;1;2;2;1;6;62;0, GAMBETTA (RUE LEON);M;4312450;600921;830
201500035411;15;12;18;700;2;2;1;1;5;137;0, DE LA GRAVIERE (PLACE;M;4312668;592084;830
201500035412;15;12;19;1100;1;2;1;1;6;144;2, BRIAND (AVE ARISTIDE);M;4313791;598536;830
201500035413;15;12;27;1830;4;2;1;1;6;137;BLONDEL (RUE ANDRE);M;4312517;597230;830
201500035414;15;12;30;1730;1;1;1;1;3;62;0, PLANQUETTE (CHEMIN DE;M;4313363;602891;830
201500035415;15;12;30;1840;4;2;1;1;1;137;0, RIGOUMEL (CHEMIN DE);M;4314383;590692;830
201500035416;15;12;31;1710;1;2;1;1;3;90;0, SANARY (ROUTE DE);M;4312577;583032;830
201500035417;15;2;7;715;5;1;1;1;6;7;CHARLES DE GAULLE;M;4392894;481226;840
201500035418;15;4;17;1850;1;2;1;1;6;7;29, MONCLAR (Avenue);M;4393963;480588;840
201500035419;15;12;31;2045;5;2;1;2;6;7;RHONE (Boulevard du );M;4395202;480394;840
201500035420;15;3;26;1635;1;2;1;1;6;7;17, CHARLES DE GAULLE;M;4393150;482784;840
201500035421;15;7;27;1210;1;2;4;1;3;11;NORD BOULEVARD DU;M;4396394;477541;300
201500035422;15;4;28;1456;1;2;1;1;6;7;RENE CASSIN (rue);M;4394633;484288;840
201500035423;15;4;16;1315;1;2;4;1;3;7;PICASSO (rue Pablo);M;4394354;484343;840
201500035424;15;5;5;1250;1;2;1;1;1;7;MONTFAVET (Route);M;4394095;482670;840
201500035425;15;3;31;2030;5;1;1;1;3;7;MARSEILLE (Route de );M;4391060;488343;840
201500035426;15;12;16;940;1;2;2;1;6;7;SAINT MICHEL (Boulevard);M;4394387;481503;840
201500035427;15;5;15;1830;1;1;1;1;2;351;ARAMON ROUTE D';M;4393346;474556;300
201500035428;15;12;16;2005;5;1;1;1;6;7;MARSEILLE (Route de );M;4392244;485724;840
201500035429;15;4;30;2100;2;2;1;1;6;11;795, CARRIERES BOULEVARD;;;;300
201500035430;15;6;17;1930;1;2;3;1;3;7;PIERRE SEMARD (avenue);M;4393936;482122;840
201500035431;15;5;4;1255;1;2;1;1;6;7;188 av des VERTES RIVES;M;4393616;487418;840
201500035432;15;6;10;1715;1;1;1;1;5;7;MARSEILLE (ROUTE DE );M;4392220;485819;840
201500035433;15;3;28;2245;5;2;1;1;6;7;47-49, SIXTE ISNARD (Bou;M;4393783;481505;840
201500035434;15;6;1;1956;2;2;1;1;6;7;220, MONCLAR (Avenue);M;4392809;479932;840
201500035435;15;7;6;1900;1;2;7;1;2;7;CHARLES DE GAULLE;;;;840
201500035436;15;6;30;55;3;1;1;1;6;7;MARSEILLE (ROUTE DE );M;4389050;491081;840
201500035437;15;8;25;1951;1;2;1;1;6;7;MONCLAR (Avenue);M;4393525;480416;840
201500035438;15;6;28;149;5;2;1;1;2;7;4725, C.De GAULLE (Rocad;M;4392869;481167;840
201500035439;15;11;13;1119;1;2;1;1;6;351;61, PASTEUR AVENUE;M;4395936;477788;300
201500035440;15;5;7;1945;1;2;1;1;6;7;OULLE (Allйes de l');;;;840
201500035441;15;11;24;940;1;1;1;1;1;7;Islon (Chemin de l');M;4397577;482066;840
201500035442;15;4;4;1640;1;1;1;1;3;7;SAINT RUF (AVENUE);M;4393280;480982;840
201500035443;15;10;15;1645;1;1;1;1;3;7;rue Ss Marin Casablanca;M;4392278;485938;840
201500035444;15;6;10;1050;1;2;3;1;3;7;PIERRE SEMARD (avenue);M;4394138;481788;840
201500035445;15;12;2;1515;1;2;6;1;4;7;, MARSEILLE (Route de );;;;840
201500035446;15;8;21;2324;5;2;1;1;1;7;pont de l'europe;M;4394379;479637;840
201500035447;15;12;10;1200;1;2;9;1;6;7;Bd Limbert (ex RN570);;;;840
201500035448;15;8;22;740;1;2;1;1;6;7;58, SAINT RUF (Avenue);M;4393770;481022;840
201500035449;15;12;25;1750;2;2;1;1;1;7;bd du quai Saint Lazare;;;;840
201500035450;15;9;12;1518;1;1;1;1;6;11;NATIONALE 100  (ROUTE);M;4394920;478522;300
201500035451;15;9;3;725;1;2;1;1;2;7;EX RN 100;M;4395325;481375;840
201500035452;15;7;13;1130;1;2;1;1;7;7;SOUSPIROUS (Avenue des );;;;840
201500035453;15;9;21;820;1;1;1;1;7;11;ARAMON ROUTE D';;;;300
201500035454;15;7;29;1910;1;2;5;1;3;351;PONT DU ROYAUME;M;4395446;478153;300
201500035455;15;9;21;1322;1;2;1;1;6;7;Avenue de la trillade;;;;840
201500035456;15;10;23;1730;1;2;2;1;3;7;Route de MONTFAVET;M;4394388;481922;840
201500035457;15;7;19;2020;2;2;1;1;1;7;PIERRE SEMARD (avenue);M;4393504;483017;840
201500035458;15;10;30;1924;2;2;1;1;3;7;MORIERES (Route de );;;;840
201500035459;15;11;5;640;4;2;1;1;2;7;Pierre Semard (avenue);;;;840
201500035460;15;10;30;420;3;1;1;1;5;11;R.N. 100;M;4395649;475470;300
201500035461;15;5;8;2025;2;2;5;1;3;7;C.De GAULLE (Rocade);M;4393419;483191;840
201500035462;15;10;28;24;5;2;2;1;3;7;SAINT MICHEL (Boulevard);M;4394326;481240;840
201500035463;15;11;7;1759;2;2;1;1;6;7;, SAINT DOMINIQUE (Boule;M;4394742;479985;840
201500035464;15;10;27;1015;1;1;1;1;5;11;RD 6100;;;;300
201500035465;15;6;2;1745;1;2;9;1;3;7;PIERRE SEMARD (avenue);M;4393936;482125;840
201500035466;15;7;17;1035;1;2;1;1;6;7;5, RUE DES GROTTES;M;4395134;480513;840
201500035467;15;11;28;846;1;2;2;1;3;7;, Midi (boulevard du);M;4393588;482317;840
201500035468;15;10;3;1250;1;2;1;1;2;7;PIERRE BEREGOVOY (AVENUE;M;4392361;486505;840
201500035469;15;10;31;1548;1;1;1;1;3;7;MARCOU DELANGLADE (AVENU;M;4392133;486822;840
201500035470;15;8;2;630;2;2;1;1;6;7;23, SIXTE ISNARD (Boule;M;4393750;481244;840
201500035471;15;12;15;1635;1;2;1;2;4;7;LYON (route de );M;4395041;482377;840
201500035472;15;12;14;1850;5;2;1;1;6;7;4, PAMARD (Rue Paul);M;4392863;481311;840
201500035473;15;1;13;1100;1;2;1;1;6;7;LIMBERT (Boulevard);M;4394451;481588;840
201500035474;15;1;30;1358;1;2;7;1;6;7;138, TARASCON ( Avenue d;M;4392560;480938;840
201500035475;15;10;6;1730;1;2;1;1;6;31;GARE BOULEVARD DE LA;M;4404888;504480;840
201500035476;15;3;22;1320;1;1;1;1;7;80;SARRIANS ROUTE DE;M;4406388;497522;840
201500035477;15;8;23;1015;1;2;8;1;6;31;Comtat Venaissin;M;4405212;504871;840
201500035478;15;4;15;1320;1;1;1;1;7;31;CHEMIN DE SAINT GENS;M;4403176;505086;840
201500035479;15;4;20;1200;1;2;9;1;1;31;61, PASSET BOULEVARD JEA;M;4405113;505040;840
201500035480;15;5;16;1630;1;2;1;6;7;31;AV JEAN HENRI FABRE;M;4404768;503157;840
201500035481;15;9;10;1700;1;2;1;1;2;31;FABRE AVENUE JEAN HENRI;M;4404666;503025;840
201500035482;15;6;10;505;3;1;1;8;2;80;CD 942 DE CARPENTRAS A R;M;4404530;500583;840
201500035483;15;5;24;1400;1;2;1;1;1;31;SAINT ROCH AVENUE;M;4407077;505519;840
201500035484;15;8;17;2025;1;1;1;1;5;31;CD 942;M;4404657;502399;840
201500035485;15;10;19;455;3;2;1;1;6;35;AVIGNON (AVENUE D');M;4385366;502407;840
201500035486;15;4;15;920;1;2;6;1;3;35;SEBASTIANI (BOULEVARD);M;4382796;503371;840
201500035487;15;11;25;1955;3;1;1;1;6;35;2900 chemin des Mulets;M;4387299;506938;840
201500035488;15;3;29;1700;1;2;1;1;6;35;COTY (AVENUE RENE);M;4383848;504662;840
201500035489;15;6;23;1734;1;2;2;1;3;35;FOLLEREAU (AVENUE RAOUL);M;4384057;504734;840
201500035490;15;10;8;1545;1;2;1;1;6;35;BOURNISSAC (COURS);M;4383483;503764;840
201500035491;15;5;13;1940;1;2;1;1;3;87;FACE  7, VERCORS (IMPASS;M;4414150;481271;840
201500035492;15;5;22;1440;1;2;1;1;6;87;SAINT-CLEMENT;M;4413070;480346;840
201500035493;15;5;23;2000;1;2;4;1;5;87;TASSIGNY (AVENUE DE LATT;M;4414550;480342;840
201500035494;15;9;30;1815;1;1;1;1;3;87;RAMAS (CHEMIN);M;4413110;485006;840
201500035495;15;10;21;1300;1;2;1;1;6;87;ROUTE DE LYON;M;4415237;480281;840
201500035496;15;5;18;1110;1;2;1;1;6;87;07, MISTRAL (AVENUE FRED;M;4413760;481226;840
201500035497;15;5;22;2140;5;2;1;1;6;87;E 3, DESCARTES (RUE RENE;M;4414984;480613;840
201500035498;15;7;25;2155;1;2;1;1;3;87;1, MOULIN (RUE JEAN);M;4414890;480828;840
201500035499;15;7;3;2020;1;2;1;1;3;87;327, DALADIER (BD EDOUAR;M;4413826;480983;840
201500035500;15;8;8;1215;1;1;1;1;6;87;FAUBOURG (RUE DU);M;4414224;480819;840
201500035501;15;8;10;805;1;2;3;1;2;87;SULLY (PARKING);M;4414224;480819;840
201500035502;15;8;7;1545;1;2;1;1;3;87;TASSIGNY (AVENUE DE LATT;M;4415031;480292;840
201500035503;15;9;7;1510;1;1;1;1;7;87;235, CHENES VERTS (RUE D;M;4412051;482701;840
201500035504;15;10;13;815;1;2;3;1;6;87;PAINLEVE (RUE PAUL);M;4413190;481600;840
201500035505;15;11;26;1920;5;2;3;1;3;87;TASSIGNY (AVENUE DE LATT;M;4415032;480296;840
201500035506;15;12;11;1545;1;1;1;1;2;87;AVIGNON (ROUTE D');M;4411134;484767;840
201500035507;15;1;28;1225;1;2;1;1;4;87;227, VERDUN (AVENUE DE);M;4412740;482208;840
201500035508;15;1;29;2300;3;1;1;8;6;87;1358, CHATEAUNEUF DU PAP;M;4410930;482049;840
201500035509;15;1;31;1735;3;1;1;1;6;87;1541, CHATEAUNEUF DU PAP;M;4410845;482055;840
201500035510;15;1;30;1845;2;1;1;1;1;87;ROUTE DE CHATEAUNEUF;;;;840
201500035511;15;2;14;1035;1;2;3;8;3;87;1, FRERES MOUNET (PLACE;M;4413624;480942;840
201500035512;15;2;27;2150;5;2;3;1;3;87;FACE 739, DALADIER (BD E;M;4413536;481221;840
201500035513;15;12;3;1225;1;1;1;1;1;191;42 route des Sables;M;4639477;-127260;850
201500035514;15;2;16;1940;5;2;1;2;6;191;31 BD DU MAL LECLERC;M;4666983;-143674;850
201500035515;15;2;1;1535;1;1;1;1;1;191;ROUTE DE NESMY;M;4663313;-140588;850
201500035516;15;2;11;1510;1;2;2;1;3;191;24 RUE DU P. DE GAULLE;M;4667138;-142117;850
201500035517;15;4;3;820;1;2;1;1;2;191;AVENUE RABIN YITZHAK;M;4669771;42966;850
201500035518;15;4;10;1755;1;2;1;1;3;191;32RUE PIERRE BROSSOLETTE;M;4668309;-143776;850
201500035519;15;4;16;10;5;2;6;1;3;191;PLACE OLIVIER DE SERRES;M;4668140;-143554;850
201500035520;15;4;27;800;1;2;9;1;6;191;81 BOULEVARD DES BELGES;M;4667429;-142218;850
201500035521;15;5;4;1715;1;2;2;2;3;191;2 RUE DE LA LOGE;M;4666579;-144987;850
201500035522;15;5;4;1024;1;2;9;1;6;191;RUE RAYMOND POINCARE;M;4666893;-143360;850
201500035523;15;5;20;1740;1;2;2;1;3;191;FOCH RUE DU MARECHAL;M;4667375;-142830;850
201500035524;15;5;28;1615;1;2;1;1;1;191;1, GABORY RUE EMILE;;;;850
201500035525;15;6;18;1310;1;2;3;1;3;191;1, SAVARY DE L'EPINERAYE;M;4665479;-144581;850
201500035526;15;6;24;1847;1;1;1;1;6;191;1  BOULEVARD DU S DURAND;M;4666370;-145462;850
201500035527;15;7;2;1209;1;2;1;1;6;191;91, LEBON RUE PHILIPPE;M;4641358;-125579;850
201500035528;15;8;9;2210;3;1;1;1;6;191;D160;M;4639421;-128294;850
201500035529;15;9;23;830;1;2;1;1;6;191;81, SERPENTINE RUE;M;4639444;-126026;850
201500035530;15;9;24;740;5;1;2;2;6;191;MAZURELLE RUE GEORGES;;;;850
201500035531;15;10;9;1610;1;2;9;1;6;191;56, rue d'Aubigny;M;4639204;-125564;850
201500035532;15;10;12;1625;1;2;3;1;3;191;149 bd d'ITALIE;M;4640129;-124513;850
201500035533;15;10;13;810;1;1;2;1;1;191;Bd Gaston GUITTON;M;4639345;-126253;850
201500035534;15;10;13;1355;1;2;1;1;6;191;Tournefou;M;4638463;-126052;850
201500035535;15;11;17;1735;2;1;1;3;6;191;Bd Louis Blanc;;;;850
201500035536;15;10;29;1845;5;2;6;1;1;191;1 giratoire du Cotteau;;;;850
201500035537;15;12;17;1205;1;1;1;1;3;191;Route de Nesmy;;;;850
201500035538;15;12;20;1840;5;2;1;1;6;191;Bd Arago;;;;850
201500035539;15;12;25;2330;5;1;1;1;6;166;Bd Vendйe Globe;M;4650365;175910;850
201500035540;15;3;14;1135;1;2;1;1;3;194;59 AVENUE D'AQUITAINE;M;4649368;-176356;850
201500035541;15;12;29;1330;1;2;2;1;3;166;Rue du Marйchal Joffre;M;4652913;-175543;850
201500035542;15;3;25;830;1;1;1;1;1;166;RD 32;M;4653419;-175095;850
201500035543;15;12;28;630;5;1;6;1;3;166;Giratoire de la Vannerie;M;4651541;-175845;850
201500035544;15;3;21;1520;1;2;6;1;1;166;ROND-POINT MITTERRAND;M;4651341;-177667;850
201500035545;15;4;25;1820;1;2;2;1;3;194;AVENUE DU Gnl GAULLE;M;4649852;-178130;850
201500035546;15;4;28;1950;1;2;1;1;6;194;04 PLACE DE STRASBOURG;M;4649117;-177310;850
201500035547;15;8;12;1300;1;1;1;1;6;60;HERRIOT (PROMENADE EDOUA;M;4647037;174251;850
201500035548;15;6;7;1155;1;2;1;1;6;194;PLACE DE SCHWABACH;M;4648783;-176528;850
201500035549;15;5;7;1020;1;2;1;1;6;60;RUE DES PLESSES;M;4649385;-174943;850
201500035550;15;5;16;1420;1;1;1;1;2;166;BOULEVARD VENDEE GLOBE;M;4651475;-175818;850
201500035551;15;5;25;2045;1;2;1;1;6;194;13, SEMARD (RUE PIERRE);M;4649692;-178235;850
201500035552;15;5;14;2250;5;2;6;2;3;166;ROND-POINT VANNERIE;M;4651545;-175905;850
201500035553;15;6;10;1115;1;2;6;1;3;194;R-P ESTIENNE D'ORVES;M;4650283;-179852;850
201500035554;15;6;27;1020;1;2;1;1;6;194;37 PROMENADE KENNEDY;M;4648812;-176872;850
201500035555;15;7;9;1645;1;2;2;1;6;194;DELVAUT (RUE ERNEST);M;4649807;178047;850
201500035556;15;7;8;1525;1;1;1;1;7;166;09, MARAICHERS (ROUTE DE;M;4652208;-179315;850
201500035557;15;7;14;1130;1;2;1;1;1;194;21, BRETAGNE (AVENUE DE);;;;850
201500035558;15;7;19;445;5;2;1;1;6;60;165, CLEMENCEAU (RUE GEO;M;4649106;-174782;850
201500035559;15;7;20;1745;1;2;7;1;6;166;VENDEE GLOBE (BOULEVARD;M;4651328;-177878;850
201500035560;15;8;20;1750;1;1;1;1;5;60;LATTRE DE TASSIGNY (BOUL;M;4647836;-175991;850
201500035561;15;8;22;540;5;2;3;1;7;194;LAFARGUE (PROMENADE DE L;M;4647836;175991;850
201500035562;15;9;28;1235;1;2;1;1;7;166;66, MITTERAND (AVENUE FR;M;0;0;850
201500035563;15;8;22;1740;1;2;3;1;6;194;NICOT (RUE JEAN);M;4649875;-178332;850
201500035564;15;8;7;1645;1;2;6;1;3;166;VENDEE GLOBE (BOULEVARD;M;4651371;178210;850
201500035565;15;8;10;935;1;2;1;1;7;194;19, GARNIER (QUAI EMMANU;M;4649588;179072;850
201500035566;15;8;14;1650;1;2;1;1;6;194;4, COLLINEAU (PLACE DU G;M;4649760;-178171;850
201500035567;15;8;24;2018;1;2;1;1;2;194;13, ROUSSEAU-MECHIN (QUA;M;4649849;179676;850
201500035568;15;10;13;1500;1;2;3;1;3;166;22, MITTERAND (AVENUE FR;M;4650799;-177719;850
201500035569;15;10;23;1945;1;1;1;1;7;166;26, CHARMELLERIE (RUE DE;M;4652117;-176070;850
201500035570;15;11;5;1645;1;2;3;2;6;166;ADER (RUE CLEMENT);M;4651787;-178093;850
201500035571;15;11;3;1940;5;2;1;2;6;166;LANSIER (RUE EMILE);M;4653757;-177068;850
201500035572;15;9;29;1645;1;2;1;1;6;166;100, MITTERAND (AVENUE F;M;4651254;177656;850
201500035573;15;10;24;1245;1;2;1;1;6;194;18, ROUSSEAU-MECHIN (QUA;M;4649867;-179672;850
201500035574;15;12;13;1240;1;2;1;1;6;166;120 rue G Clemenceau;M;4651492;179048;850
201500035575;15;1;10;1835;5;2;1;2;6;194;RUE DU DOCTEUR LAENNEC;M;4649821;-176653;850
201500035576;15;1;17;745;5;2;1;1;6;166;302 AVENUE F. MITTERAND;M;4653150;-177405;850
201500035577;15;1;23;1245;1;2;2;1;3;166;253 AVENUE F. MITTERAND;M;4652855;-177442;850
201500035578;15;1;27;1035;1;2;1;1;3;60;13 RUE G. CLEMENCEAU;M;4650309;-174452;850
201500035579;15;1;28;1455;1;2;1;1;7;194;46 BD CASTELNEAU;M;4649300;-177429;850
201500035580;15;2;11;1615;1;2;6;1;3;194;ROUTE DU TOUR DE FRANCE;M;4648556;-175396;850
201500035581;15;1;5;1255;1;2;1;1;7;66;CORBY (AVENUE DE);;;;860
201500035582;15;3;25;1722;1;2;3;2;2;66;42, BORDES (rue des);M;4678279;52833;860
201500035583;15;1;8;1345;1;2;1;1;6;66;ABELIN (AVENUE PIERRE);;;;860
201500035584;15;3;29;1000;1;2;3;2;3;66;CHATEAU (QUAI DU);M;4681886;54163;860
201500035585;15;1;17;1606;1;2;1;1;2;66;6, HERSE (RUE DE L');M;4682512;55929;860
201500035586;15;4;13;1840;1;2;1;2;2;66;10, HERSE (RUE DE L');M;4682521;55920;860
201500035587;15;1;20;2036;5;2;1;1;2;66;36, LENCLOITRE (ROUTE DE;M;4681958;51234;860
201500035588;15;4;15;1140;1;1;1;7;6;66;20, NAPOLEON 1ER (QUAI);M;4681673;54093;860
201500035589;15;1;26;1340;1;2;1;1;3;66;12, RIPAULT (AVENUE LOUI;M;4682602;54507;860
201500035590;15;4;25;2235;5;2;1;1;6;66;5, GRAVELINES (RUE DE);M;4680532;53317;860
201500035591;15;5;5;1015;1;2;1;1;6;66;27, ABELIN (AVENUE PIERR;M;4680820;54323;860
201500035592;15;5;6;1235;1;2;1;1;3;66;135, PAGE (AVENUE CAMILL;M;4680546;52913;860
201500035593;15;5;16;1450;1;1;1;1;7;66;21, PLESSARD (RUE CHARLE;M;4680137;53338;860
201500035594;15;5;29;1010;1;2;1;1;3;66;51, ANGELARDE (RUE DE L';M;4681419;53971;860
201500035595;15;6;8;1120;1;1;9;1;6;66;DANGEARD (RUE);M;4683635;54232;860
201500035596;15;6;22;1510;1;2;3;1;3;66;FOCH (AVENUE DU MAREC;M;4682571;56144;860
201500035597;15;6;30;1835;1;2;1;1;2;66;Av Pierre MENDES FRANCEI;M;4679235;57031;860
201500035598;15;7;3;2015;1;1;1;1;2;66;18, ABELIN (AVENUE PIERR;;;;860
201500035599;15;7;7;1515;1;2;1;1;6;66;99, BLOSSAC (BOULEVARD D;M;4681814;54484;860
201500035600;15;7;9;1830;1;2;1;1;3;66;76 GRENADIER FRANCAIS;M;4681973;57840;860
201500035601;15;7;15;1140;1;2;1;1;6;66;16, ABELIN (AVENUE PIERR;M;4680717;54297;860
201500035602;15;7;23;1050;1;2;1;1;6;66;1, MILET (RUE JEANINE);M;4681759;52031;860
201500035603;15;8;4;2345;5;2;1;1;7;66;LYAUTEY (PONT);M;4679973;53800;860
201500035604;15;8;15;800;1;2;1;2;7;66;0, DUPLEIX (PLACE);;;;860
201500035605;15;9;12;1100;1;2;1;2;6;66;20, NAPOLEON 1ER (QUAI);M;4681673;54093;860
201500035606;15;9;16;1350;1;2;1;3;7;66;FOMBEURE (RUE MAURICE);M;0;0;860
201500035607;15;9;18;700;5;2;3;1;3;66;34, BLOSSAC (BOULEVARD D;M;4681625;54570;860
201500035608;15;9;23;830;1;2;1;1;7;66;31, ABELIN (AVENUE PIERR;M;4680878;54335;860
201500035609;15;9;23;1110;1;2;2;1;3;66;1, ALSACE LORRAINE (QUAI;M;4681693;53842;860
201500035610;15;9;23;1732;1;2;1;1;2;66;42, ABELIN (AVENUE PIERR;M;4681045;54369;860
201500035611;15;9;25;1610;1;1;2;1;3;66;GAILLARD (RUE ROBERT);M;4680492;51783;860
201500035612;15;9;26;1606;1;2;1;1;6;66;42, ABELIN (AVENUE PIERR;M;4681054;54371;860
201500035613;15;9;29;1325;1;1;6;1;7;66;CHARLET(rond point de);M;4681871;56661;860
201500035614;15;10;7;1210;1;2;1;2;1;66;30, NOBEL (RUE ALFRED);M;4683361;53665;860
201500035615;15;10;22;1830;1;2;1;1;6;66;*, HUGO (BOULEVARD VICTO;M;4681657;54914;860
201500035616;15;10;27;1706;1;1;1;2;7;66;PLEUMARTIN (ROUTE DE);M;4681315;56973;860
201500035617;15;11;3;1330;1;2;1;1;3;66;34, CORBY (AVENUE DE);M;4682220;52987;860
201500035618;15;11;4;1613;1;1;2;1;3;66;***, STADES (AVENUE DES);M;4681129;52739;860
201500035619;15;11;5;1020;1;2;1;1;6;66;59, RIPAULT (AVENUE LOUI;M;4682842;54542;860
201500035620;15;11;13;1740;2;2;6;2;6;66;***, WILTZER (ROND POINT;M;4681472;54464;860
201500035621;15;11;15;2020;3;2;1;1;1;66;79, GAILLARD (RUE ROBERT;M;4680604;51993;860
201500035622;15;11;18;1211;1;2;1;1;6;66;83, PAGE (AVENUE CAMILLE;M;4680343;52864;860
201500035623;15;11;20;1620;1;2;2;3;6;66;***, TROIS PIGEONS (RUE;M;4681300;54512;860
201500035624;15;11;21;1020;1;1;6;1;1;66;LE PAUTRON (RD 749);M;4678604;54653;860
201500035625;15;11;27;1730;2;2;1;1;1;66;GUERIN (AVENUE PROF;M;4680262;54530;860
201500035626;15;12;2;1150;1;2;1;1;6;66;AVENUE PIERRE ABELIN;M;4680543;54264;860
201500035627;15;12;9;1340;1;2;1;1;6;66;16, ABELIN (AVENUE PIERR;M;4680716;54306;860
201500035628;15;12;12;430;5;2;1;1;6;66;111, BLOSSAC (BOULEVARD;M;4681861;54526;860
201500035629;15;1;7;1540;1;1;1;2;4;194;ROCADE EST (RD 162);;;;860
201500035630;15;3;21;555;5;2;2;1;6;194;PAILLERIE (RUE DE LA);M;0;0;860
201500035631;15;1;10;655;5;2;6;2;2;194;JACQUES COEUR (AVENUE);M;4655869;39003;860
201500035632;15;3;20;1825;1;2;1;2;5;194;ANDRE MALRAUX (VOIE);M;4658460;34567;860
201500035633;15;1;10;1850;5;2;1;2;6;194;., ANDRE MALRAUX (VOIE);;;;860
201500035634;15;3;23;940;1;2;1;1;2;157;908, CHAUVIGNY (ROUTE DE;M;4656383;40561;860
201500035635;15;1;11;1845;5;2;1;1;1;194;89, ANATOLE FRANCE (BOUL;M;4657658;34542;860
201500035636;15;3;23;1650;1;2;1;1;6;41;VINCENDERIE (RUE DE LA);M;4659584;34026;860
201500035637;15;1;12;1800;5;2;2;1;2;194;., JEAN RICHARD BLOCH (R;M;4656835;34376;860
201500035638;15;3;25;2025;5;2;2;1;2;194;PONT JOUBERT (BOULEVARD);M;4658106;35285;860
201500035639;15;1;14;735;3;2;1;3;3;158;RN.149;;;;860
201500035640;15;3;26;1210;1;2;6;2;5;194;NOUAILLE (ROUTE DE);M;4656377;36525;860
201500035641;15;1;14;1025;1;2;1;1;6;194;7, PIERRE LEVEE (RUE DE;M;4657565;35486;860
201500035642;15;3;26;1620;1;1;1;1;6;214;GENCAY (ROUTE DE);M;0;0;860
201500035643;15;1;14;1155;1;2;1;1;6;194;LAFAYETTE (AVENUE DE);M;4657596;37546;860
201500035644;15;4;3;1320;1;2;1;1;2;194;7, MARAT (BOULEVARD);M;4658647;37872;860
201500035645;15;1;14;1835;5;2;1;1;2;194;7, REMPARTS (RUE DES);M;4657627;32934;860
201500035646;15;4;6;1040;1;2;2;1;3;194;JACQUES COEUR (AVENUE);M;4656361;38202;860
201500035647;15;1;14;2200;3;2;3;1;3;157;RN 147;;;;860
201500035648;15;4;7;1740;1;2;2;1;3;194;11 NOVEMBRE (AVENUE DU);M;0;0;860
201500035649;15;1;17;1100;1;2;1;1;3;194;22, LIBERATION (AVENUE D;M;4657277;32760;860
201500035650;15;4;8;1905;1;2;1;1;4;214;ROCADE SUD EST (RD 162);M;4655188;32058;860
201500035651;15;1;18;315;5;2;1;1;6;194;71, GRAND CERF (BOULEVAR;;;;860