num_acc;an;mois;jour;hrmn;lum;agg;int;atm;col;com;adr;gps;lat;long;dep
201500035652;15;4;9;1155;1;2;2;1;1;194;KLEBER (RUE);M;4658752;37439;860
201500035653;15;1;23;1810;5;2;2;1;3;194;ROCADE EST (RD 162);;;;860
201500035654;15;4;12;2225;5;2;3;1;2;194;119, PLATEAU DES GLIERES;M;4660529;32192;860
201500035655;15;1;23;1920;5;2;1;1;4;194;13, BOIS D'AMOUR (RUE DU;M;4655551;30958;860
201500035656;15;4;15;1305;1;1;1;1;6;214;ROCADE SUD EST (RD 162);M;4633066;0;860
201500035657;15;1;24;1510;1;2;1;1;2;194;., ROCADE OUEST (RD 910);;;;860
201500035658;15;4;17;1725;1;2;4;1;2;194;ROCADE EST (RD 162);M;0;0;860
201500035659;15;1;24;1545;1;1;1;1;3;194;ROCADE OUEST (RD 910);;;;860
201500035660;15;4;21;1245;1;2;3;1;2;194;., IASSY (AVENUE DE);M;4657219;39160;860
201500035661;15;1;25;250;5;2;1;9;6;194;11 NOVEMBRE (AVENUE DU);;;;860
201500035662;15;4;22;857;1;2;3;1;3;194;PONT ACHARD (BOULEVARD);M;4657781;33123;860
201500035663;15;1;26;600;4;1;1;1;6;194;ROCADE OUEST (RD 910);;;;860
201500035664;15;4;26;1855;1;2;1;1;2;194;76, GEORGES GUYNEMER (RU;M;4657737;32627;860
201500035665;15;1;29;830;1;1;1;2;3;194;RN 147;;;;860
201500035666;15;4;23;1700;1;2;2;1;3;157;RD 951;;;;860
201500035667;15;1;29;1310;1;2;3;3;3;194;., GENETS (RUE DES);M;4656870;37008;860
201500035668;15;4;27;1030;1;2;1;1;3;194;ROCADE EST (RD 162);M;4656719;36592;860
201500035669;15;2;4;2045;5;2;3;1;3;194;FAUBOURG PONT NEUF (RUE;;;;860
201500035670;15;5;3;1130;1;1;1;2;6;194;., ANDRE MALRAUX (VOIE);M;0;0;860
201500035671;15;2;5;850;1;1;1;1;7;194;ROCADE EST (RD 162);;;;860
201500035672;15;5;5;1945;1;1;1;1;6;194;169, FAUBOURG PONT NEUF;M;4657275;35867;860
201500035673;15;2;9;1335;1;2;2;1;3;194;., FAUBOURG PONT NEUF (R;;;;860
201500035674;15;5;9;1700;1;1;1;1;4;41;RN 147 BUXEROLLES;M;0;0;860
201500035675;15;2;10;1550;1;2;1;1;3;194;24, GARENNE (RUE DE LA);;;;860
201500035676;15;5;7;1145;1;2;1;1;2;194;NANTES (AVENUE DE);;;;860
201500035677;15;2;10;1845;5;2;2;1;6;194;CONCORDE (BOULEVARD DE L;M;4656623;35207;860
201500035678;15;5;9;1650;1;1;1;1;2;194;JACQUES COEUR (AVENUE);;;;860
201500035679;15;2;11;1330;1;2;1;1;6;194;2, FIEF DE GRIMOIRE (RUE;M;4657217;33835;860
201500035680;15;5;11;840;1;2;1;1;3;194;46, CHASSEIGNE (BOULEVAR;M;4658948;34680;860
201500035681;15;2;14;2315;5;2;3;8;3;194;ANATOLE FRANCE (BOULEVAR;M;4657659;34512;860
201500035682;15;5;11;1550;1;2;1;1;6;194;04, SALVADOR ALLENDE (RU;M;4658190;36976;860
201500035683;15;2;16;730;2;1;2;5;3;194;BONNEUIL MATOURS (ROUTE;;;;860
201500035684;15;5;7;1800;1;2;3;1;3;194;., IASSY (AVENUE DE);M;4656919;38862;860
201500035685;15;2;19;1550;1;2;1;1;3;158;3, Rue de Chardonchamps;;;;860
201500035686;15;5;17;100;3;1;1;8;6;157;RN 147;M;4652640;44213;860
201500035687;15;2;20;1330;1;1;3;2;6;194;., NIMEGUE (RUE DE);;;;860
201500035688;15;4;30;1930;1;1;1;1;6;194;6, ANCIENNE COMEDIE (RUE;M;4658085;34262;860
201500035689;15;2;20;1650;1;1;1;2;4;194;RN 147;;;;860
201500035690;15;5;20;1310;1;2;1;6;6;214;OCADE SUD EST (RD 162);M;0;0;860
201500035691;15;2;22;130;3;1;1;9;6;41;RN 147 BUXEROLLES;;;;860
201500035692;15;5;25;1645;1;2;1;1;2;194;40, LIBERATION (AVENUE D;M;4657194;32633;860
201500035693;15;2;22;550;5;2;3;1;6;194;ROCADE EST (RD 162);;;;860
201500035694;15;5;23;1012;1;2;1;1;2;194;152, FAUBOURG PONT NEUF;M;4657295;35817;860
201500035695;15;2;24;850;1;2;2;1;6;194;VICTOR HUGO (RUE);;;;860
201500035696;15;5;22;1455;1;2;2;1;3;194;ROCADE EST (RD 162);M;4656730;36588;860
201500035697;15;2;27;15;5;1;1;1;6;158;RN.147;;;;860
201500035698;15;5;26;1845;1;1;1;1;6;41;FRERES LUMIERE (RUE DES);M;4660973;36703;860
201500035699;15;2;28;2100;5;2;2;2;3;194;., ROCADE OUEST (RD 910);;;;860
201500035700;15;5;29;2145;5;2;3;1;6;194;5, SAINTE CATHERINE (RUE;M;4657851;34358;860
201500035701;15;3;2;900;1;2;1;1;2;194;ROCADE OUEST (RD 910);;;;860
201500035702;15;6;1;855;1;1;1;1;1;157;RN.147;;;;860
201500035703;15;3;2;1215;1;1;1;1;6;88;;;;;860
201500035704;15;6;1;1815;1;2;2;1;2;157;CHAUVIGNY (ROUTE DE);M;4656345;40873;860
201500035705;15;3;4;630;5;2;3;1;3;214;ROCADE SUD EST (RD 162);;;;860
201500035706;15;6;2;2300;3;2;1;1;6;194;2, LAFAYETTE (AVENUE DE);;;;860
201500035707;15;3;5;1610;1;2;1;1;2;194;JOHN KENNEDY (AVENUE);;;;860
201500035708;15;6;1;1755;1;1;1;1;5;133;D 611;M;4652480;26900;860
201500035709;15;3;5;2235;5;2;1;1;6;41;., FRANCOIS MITTERAND (A;M;4659746;36934;860
201500035710;15;6;4;1815;1;2;2;1;6;194;ROCADE EST (RD 162);;;;860
201500035711;15;3;8;2200;3;2;1;1;6;158;PARTHENAY (Rte de) RD 30;;;;860
201500035712;15;6;12;1800;1;1;1;1;3;194;BONNES (ROUTE DE);M;4658700;43152;860
201500035713;15;3;11;1500;1;2;1;1;4;194;ANATOLE FRANCE (BOULEVAR;M;4657787;35021;860
201500035714;15;6;12;1925;1;2;1;1;6;194;131, GRAND CERF (BOULEVA;M;4658239;33423;860
201500035715;15;3;11;2220;4;2;1;1;6;194;., RENE CASSIN (BOULEVAR;M;4657387;37734;860
201500035716;15;6;12;1720;1;1;1;1;6;41;RN 147 BUXEROLLES;M;0;0;860
201500035717;15;3;12;2105;5;2;1;1;3;194;48, CHASSEIGNE (BOULEVAR;M;4658843;34786;860
201500035718;15;6;12;1800;1;1;1;1;6;194;111, GEORGES GUYNEMER (R;M;4657800;32161;860
201500035719;15;3;13;150;5;2;1;1;6;194;ANDRE MALRAUX (VOIE);M;4657600;38914;860
201500035720;15;6;15;1125;1;1;1;1;6;194;67, CHASSEIGNE (BOULEVAR;M;4635253;44417;860
201500035721;15;6;13;1650;1;2;1;3;6;194;2, SAINTE CROIX (PLACE);M;4657986;34978;860
201500035722;15;6;14;35;3;2;2;1;3;41;., ROMAINE (VOIE);M;4659768;35631;860
201500035723;15;6;19;115;5;2;1;1;6;194;27 BIS, SOUS BLOSSAC (BO;M;4657202;32918;860
201500035724;15;6;17;1845;1;2;1;1;3;194;RUE D' OSMOY;M;4656450;35111;860
201500035725;15;6;18;1245;1;2;3;1;6;194;JOHN KENNEDY (AVENUE);M;0;0;860
201500035726;15;6;19;1520;1;2;3;1;3;194;133, GEORGES GUYNEMER (R;M;4657824;31982;860
201500035727;15;6;23;1925;1;2;1;1;4;194;ROCADE OUEST (RD 910);;;;860
201500035728;15;6;24;1920;1;1;1;1;4;158;RN.147;M;0;0;860
201500035729;15;6;25;1845;1;2;1;7;3;194;29, GEORGES GUYNEMER (RU;M;4657745;32691;860
201500035730;15;6;26;1030;1;2;2;1;4;194;MILETRIE (RUE DE LA);M;4656352;38187;860
201500035731;15;6;27;2030;1;2;1;1;2;194;FAUBOURG PONT NEUF (RUE;M;4657581;35394;860
201500035732;15;6;26;2000;1;2;1;1;6;194;JOHN KENNEDY (AVENUE);M;0;0;860
201500035733;15;6;29;1550;1;1;1;1;2;158;RN.147;M;0;0;860
201500035734;15;6;30;1840;1;2;1;1;3;194;28 BIS, CHAMPS BALAIS (R;M;4656724;37147;860
201500035735;15;7;1;820;1;2;1;1;4;194;16, MAILLOCHON (RUE DE);M;4658438;33243;860
201500035736;15;7;6;1715;1;2;2;1;4;194;11 NOVEMBRE (AVENUE DU);M;4656470;35575;860
201500035737;15;7;7;845;1;2;1;1;3;194;40, PIERRE DE COUBERTIN;M;4658852;36538;860
201500035738;15;7;6;2025;1;1;1;1;6;214;GENCAY (ROUTE DE);M;4654400;35411;860
201500035739;15;7;2;1845;1;2;1;1;4;194;67, ANATOLE FRANCE (BOUL;M;4657675;34635;860
201500035740;15;7;9;2130;1;2;3;1;6;214;11 NOVEMBRE (AVENUE DU);M;0;0;860
201500035741;15;7;12;945;1;1;1;1;1;88;RN.10;M;0;0;860
201500035742;15;7;10;1250;1;2;1;1;6;194;., GASTON HULIN (RUE);M;4658260;34050;860
201500035743;15;7;16;920;1;2;2;1;6;194;11 NOVEMBRE (AVENUE DU);M;0;0;860
201500035744;15;7;18;1310;1;2;2;1;3;194;11 NOVEMBRE (AVENUE DU);M;0;0;860
201500035745;15;7;19;805;1;2;2;1;1;194;., RHIN ET DANUBE (AVENU;M;4656830;34377;860
201500035746;15;7;20;800;1;2;1;1;2;194;RN 147;M;0;0;860
201500035747;15;7;16;1349;1;2;1;1;4;194;47, CHASSEIGNE (BOULEVAR;M;4658890;34747;860
201500035748;15;7;21;1810;1;2;1;1;6;194;COMMERCE (RUE DU);M;4656610;34942;860
201500035749;15;7;22;1355;1;2;1;1;2;194;123, PLATEAU DES GLIERES;M;4660547;32172;860
201500035750;15;7;21;1445;1;2;2;1;2;194;Route de Parthenay;;;;860
201500035751;15;7;22;705;1;1;1;1;3;194;RN 147;M;0;0;860
201500035752;15;7;23;1425;1;2;1;1;1;41;95, DEUX COMMUNES (RUE D;M;4659357;36496;860
201500035753;15;7;27;1745;1;1;1;1;4;157;RN 147;;;;860
201500035754;15;7;27;1830;1;2;1;1;6;158;1, LOUIS PASTEUR (RUE);M;4662076;31127;860
201500035755;15;7;29;2240;3;1;1;1;7;158;VOUILLE (RUE DE);;;;860
201500035756;15;7;31;535;5;2;3;1;6;41;16, CHARLETTERIE (RUE DE;M;4659029;36891;860
201500035757;15;8;5;1615;1;2;2;1;2;194;JACQUES COEUR (AVENUE);M;4657085;37008;860
201500035758;15;8;6;1330;1;2;1;1;3;194;46, CHASSEIGNE (BOULEVAR;M;4658912;34715;860
201500035759;15;8;6;1410;1;2;1;1;3;194;237, PARIS (AVENUE DE);M;4661764;35119;860
201500035760;15;8;8;530;3;1;1;1;6;194;GENCAY (ROUTE DE);M;4655504;34983;860
201500035761;15;8;8;1510;1;2;2;1;3;214;ROCADE SUD EST (RD 162);M;4633116;18349;860
201500035762;15;8;12;2050;1;2;1;1;6;194;141, PARIS (AVENUE DE);M;4660517;34466;860
201500035763;15;8;13;730;2;2;3;1;6;194;IASSY (AVENUE DE);M;4657137;39262;860
201500035764;15;8;15;1520;1;2;1;1;3;194;NORTHAMPTON (AVENUE DE);M;4658384;38186;860
201500035765;15;8;15;1945;1;2;1;1;6;194;ROCADE OUEST (RD 910);M;4657130;31172;860
201500035766;15;8;18;605;5;2;2;1;6;194;PLATEAU DES GLIERES;M;4660151;32428;860
201500035767;15;8;18;2215;4;2;1;1;3;194;171, PARIS (AVENUE DE);M;4660787;34660;860
201500035768;15;8;19;1530;1;1;1;1;2;194;BONNES (ROUTE DE);M;4658433;39370;860
201500035769;15;8;26;2205;5;2;1;1;6;194;1, VAUDOUZIL (RUE DE);M;4650000;36000;860
201500035770;15;8;27;1450;1;1;1;1;4;194;89, GRAND CERF (BOULEVAR;M;4658337;33518;860
201500035771;15;8;28;905;1;2;2;1;1;194;JOHN KENNEDY (AVENUE);M;4650000;36000;860
201500035772;15;8;30;600;3;1;1;1;7;158;RN.149;;;;860
201500035773;15;8;30;140;5;2;1;1;1;194;30/40, COURONNERIES (RUE;M;4659128;35450;860
201500035774;15;8;31;2350;5;2;3;1;6;194;COURS (PROMENADE DES);M;4657248;33833;860
201500035775;15;9;2;1530;1;2;1;1;2;158;., POITIERS (RUE DE);M;4661000;31000;860
201500035776;15;8;8;1650;1;2;2;1;6;194;Rue de la Marne;M;4658204;33818;860
201500035777;15;9;3;1255;1;2;3;1;3;194;., RECTEUR PINEAU (AVENU;M;4657070;37600;860
201500035778;15;6;25;445;3;1;1;1;1;133;RN.10;;;;860
201500035779;15;9;6;1755;1;2;1;1;3;194;156, PARTHENAY (Rte de);M;0;0;860
201500035780;15;9;5;650;5;1;1;1;6;194;RN 147;M;4661960;34122;860
201500035781;15;9;8;1840;1;2;3;1;3;194;CONCORDE BOULEVARD;M;4656558;34831;860
201500035782;15;9;9;1805;1;1;1;1;6;158;RN.149;M;4637000;14000;860
201500035783;15;9;9;1315;1;1;2;1;2;194;ROCADE OUEST (RD 910);M;4659940;32122;860
201500035784;15;9;12;1145;1;2;3;1;2;157;RN.147;;;;860
201500035785;15;9;11;1415;1;2;1;1;1;194;SAVARI (BOULEVARD);M;4657410;38461;860
201500035786;15;9;7;1400;1;2;3;1;5;194;THEODORE LEFEBVRE (RUE);M;4656910;38864;860
201500035787;15;9;16;740;2;1;1;3;6;194;ROCADE OUEST (RD 910);M;4657570;31394;860
201500035788;15;9;16;1125;1;1;1;3;1;214;GENCAY (ROUTE DE);;;;860
201500035789;15;9;15;815;1;2;1;2;6;158;RICHELIEU (RUE DE);M;4663850;30236;860
201500035790;15;9;17;849;1;2;1;1;3;194;79, LIBERATION (AVENUE D;M;4656890;32194;860
201500035791;15;9;17;1210;1;2;3;1;3;194;NANTES (AVENUE DE);;;;860
201500035792;15;9;17;2050;5;2;3;1;3;194;., PONT ACHARD (BOULEVAR;M;4634402;119522;860
201500035793;15;9;17;1355;1;2;2;1;1;194;NANTES (AVENUE DE);M;4658501;33036;860
201500035794;15;9;18;1920;1;1;1;1;4;194;RN 147;M;0;0;860
201500035795;15;9;21;805;1;2;3;1;6;194;73, LIBERATION (AVENUE D;M;0;0;860
201500035796;15;9;18;1405;1;2;1;1;2;194;8 MAI 1945 (AVENUE DU);M;4655420;30680;860
201500035797;15;9;22;1330;1;2;1;1;2;194;CHARLES MARTEL (PLACE);M;4659060;33938;860
201500035798;15;9;24;1425;1;1;1;1;6;158;RN.149;;;;860
201500035799;15;9;25;1830;1;1;1;1;6;194;BONNEUIL MATOURS (ROUTE;;;;860
201500035800;15;9;26;1535;1;2;2;1;3;194;JOHN KENNEDY (AVENUE);M;4658936;65977;860
201500035801;15;9;26;1935;1;2;1;1;6;194;., LAFAYETTE (AVENUE DE);M;4657000;37331;860
201500035802;15;9;28;830;1;2;2;1;2;194;JOHN KENNEDY (AVENUE);M;4658200;36760;860
201500035803;15;9;29;1655;1;2;7;1;2;194;JEAN DE BERRY (PLACE);M;4659009;34077;860
201500035804;15;10;3;2320;5;2;8;1;2;194;JOHN KENNEDY (AVENUE);M;0;0;860
201500035805;15;10;5;715;2;2;2;2;3;194;PARTHENAY (Rte de) (RD 3;M;4659950;32155;860
201500035806;15;10;6;715;2;2;1;1;3;194;2, PLATEAU DES GLIERES (;M;4659792;32669;860
201500035807;15;10;6;1725;1;2;3;1;1;194;MONTBERNAGE (RUE DE);M;4658331;36204;860
201500035808;15;10;14;1145;1;1;1;1;6;194;250, SAINT ELOI (RUE DE);M;4658989;37768;860
201500035809;15;10;7;1420;1;2;1;1;6;194;250, 8 MAI 1945 (AVENUE;M;4655123;30131;860
201500035810;15;10;11;1420;1;2;7;1;2;194;11, SALVADOR ALLENDE (RU;M;4658162;37344;860
201500035811;15;10;10;1745;1;2;1;1;6;194;2, REVOLUTION (AVENUE DE;M;4658647;38150;860
201500035812;15;10;9;2150;5;2;3;1;4;194;348, NANTES (AVENUE DE);M;4659293;32871;860
201500035813;15;10;12;1830;1;2;1;1;2;194;100, PLATEAU DES GLIERES;M;4660431;32255;860
201500035814;15;10;14;2108;5;2;2;1;3;194;11 NOVEMBRE (AVENUE DU);M;0;0;860
201500035815;15;10;14;1805;1;2;1;1;6;194;., JEAN DE BERRY (PLACE);M;4659036;34000;860
201500035816;15;10;16;1850;2;2;1;1;6;194;235/237, NANTES (AVENUE;M;4658806;33011;860
201500035817;15;10;17;1950;5;1;1;1;6;214;ROCADE SUD EST (RD 162);M;0;0;860
201500035818;15;10;20;750;1;2;2;1;6;194;IASSY (AVENUE DE);M;4657049;39058;860
201500035819;15;10;20;1030;1;1;1;1;4;194;RN 147;;;;860
201500035820;15;10;20;1650;1;1;3;1;3;157;RN 147;M;0;0;860
201500035821;15;10;20;1540;1;1;6;1;3;194;JACQUES COEUR (AVENUE);M;4655343;39928;860
201500035822;15;10;20;1640;1;2;2;1;3;194;Route de Parthenay;M;0;0;860
201500035823;15;10;21;2012;2;1;1;1;2;214;NOUAILLE (ROUTE DE);M;4653220;39841;860
201500035824;15;10;21;1220;1;2;1;1;6;194;33, RECTEUR PINEAU (AVEN;M;4657169;37172;860
201500035825;15;10;23;1315;1;2;1;1;6;194;40, RECTEUR PINEAU (AVEN;M;4650000;38600;860
201500035826;15;10;23;1619;1;2;2;1;3;194;., DOLMEN (RUE DU);M;4657433;36173;860
201500035827;15;10;27;1025;1;2;2;1;3;194;., CARMES (RUE DES);M;4658172;35014;860
201500035828;15;10;29;1740;1;1;3;1;3;157;., Rue des Entrepreneurs;M;4653000;40200;860
201500035829;15;10;30;1740;2;2;1;1;6;194;33, PAUL VERLAINE (RUE);M;4656725;35951;860
201500035830;15;10;30;358;5;2;1;1;6;194;169, PARIS (AVENUE DE);M;4660714;34610;860
201500035831;15;10;30;1825;5;2;1;1;6;194;48, JEAN JAURES (RUE);M;4658081;34579;860
201500035832;15;11;2;755;1;2;3;1;3;194;14, MARAT (BOULEVARD);M;4658687;37823;860
201500035833;15;11;2;1900;5;2;1;1;4;194;77, LIBERATION (AVENUE D;M;4656980;32344;860
201500035834;15;11;3;1220;1;2;1;1;6;194;9, TRAIT TABOULEAU (RUE;M;4659647;33535;860
201500035835;15;10;30;1515;1;2;2;1;3;194;JACQUES COEUR (AVENUE);M;4656358;38200;860
201500035836;15;11;3;1845;5;2;3;2;3;194;11 NOVEMBRE (AVENUE DU);M;4656670;36666;860
201500035837;15;11;1;1615;1;1;1;1;2;194;PARTHENAY (Rte de) (RD 3;;;;860
201500035838;15;11;5;1545;1;2;1;1;3;194;2, MILETRIE (RUE DE LA);M;4656028;37722;860
201500035839;15;11;6;1705;1;2;1;1;6;194;ROBERT SCHUMAN (AVENUE);M;4658950;35871;860
201500035840;15;11;6;2300;5;2;1;2;6;194;4 bis, HENRI OUDIN (RUE);M;4658190;34211;860
201500035841;15;11;7;1935;5;2;1;1;3;194;11 NOVEMBRE (AVENUE DU);M;4656730;36588;860
201500035842;15;11;11;715;2;2;1;1;6;194;79, LIBERATION (AVENUE D;M;4534108;19238;860
201500035843;15;11;15;2250;5;2;1;1;6;194;2, MILETRIE (RUE DE LA);M;4655620;38689;860
201500035844;15;11;13;1800;1;1;1;1;6;194;JOHN KENNEDY (AVENUE);;;;860
201500035845;15;11;13;1655;1;2;1;1;6;194;JOHN KENNEDY (AVENUE);;;;860
201500035846;15;11;16;1355;1;2;1;1;2;194;47, CONDORCET (RUE);M;4659192;33478;860
201500035847;15;11;17;1745;1;2;1;2;3;194;BONNES (ROUTE DE);;;;860
201500035848;15;11;18;920;1;1;3;1;4;157;NOUAILLE (ROUTE DE);M;4654532;38724;860
201500035849;15;11;18;1715;2;2;1;2;6;194;., ANDRE MALRAUX (VOIE);M;4658692;35024;860
201500035850;15;11;18;1915;5;2;2;2;6;194;11 NOVEMBRE (AVENUE DU);M;4656488;35688;860
201500035851;15;11;19;840;1;1;1;1;3;41;RN 147 BUXEROLLES;M;4661730;36075;860
201500035852;15;11;19;800;1;2;1;1;4;194;87, PONT JOUBERT (BOULEV;M;4657832;35108;860
201500035853;15;11;23;525;5;2;1;2;6;41;PIC VERT (RUE DU);M;4659358;37410;860
201500035854;15;11;20;2150;1;1;1;1;6;194;8, SABLONNIERES (RUE DES;M;4656727;33836;860
201500035855;15;11;23;1340;1;2;1;1;1;194;79, NANTES (AVENUE DE);M;4658690;33584;860
201500035856;15;11;24;2050;5;2;3;2;6;194;0, BEAULIEU (RUE DE);M;4657564;36804;860
201500035857;15;11;25;1900;3;1;3;2;3;214;NOUAILLE (ROUTE DE);M;4654549;38698;860
201500035858;15;11;26;815;5;2;1;1;6;194;46, JACQUES COEUR (AVENU;M;4657110;36916;860
201500035859;15;11;26;1105;1;2;2;1;5;194;ROCADE EST (RD 162);;;;860
201500035860;15;12;1;1727;2;2;1;1;7;27;ERMITAGE (RUE DE L');M;4657561;30165;860
201500035861;15;12;1;2020;3;1;1;1;2;157;3229, LIMOGES (ROUTE DE);M;4653351;43089;860
201500035862;15;12;3;1910;5;2;1;1;6;194;16, RECTEUR PINEAU (AVEN;M;4656824;38629;860
201500035863;15;12;3;1330;1;2;1;1;3;194;28,BOUL  JEANNE D'ARC;M;4658791;33992;860
201500035864;15;12;6;1700;1;1;1;1;2;157;141, LIMOGES (ROUTE DE);M;4654337;41477;860
201500035865;15;12;7;810;1;2;1;1;1;194;., CHASSEIGNE (BOULEVARD;M;4658956;34653;860
201500035866;15;12;7;1650;1;2;1;1;6;194;ROCADE EST (RD 162);M;4656933;36965;860
201500035867;15;12;12;235;5;2;2;1;6;194;1, HOPITAL DES CHAMPS (R;M;4659249;34040;860
201500035868;15;12;12;1415;1;2;3;1;1;194;., RENE CASSIN (BOULEVAR;M;4657540;37630;860
201500035869;15;12;15;1705;5;2;2;2;3;194;ROBERT SCHUMAN (AVENUE);M;4658990;35547;860
201500035870;15;12;15;1840;5;2;2;1;3;194;11 NOVEMBRE (AVENUE DU);M;4656720;36555;860
201500035871;15;12;15;1710;1;2;1;2;2;194;SALVADOR ALLENDE (RUE;M;4658210;36867;860
201500035872;15;12;16;1540;1;2;3;1;3;194;8 MAI 1945 (AVENUE DU);M;4655611;30861;860
201500035873;15;12;18;800;2;2;1;1;2;194;7, JEANNE D'ARC (BOULEVA;M;4658954;34032;860
201500035874;15;12;18;830;1;2;1;1;4;194;194, PARIS (AVENUE DE);M;4661046;34827;860
201500035875;15;12;22;1810;5;2;1;1;6;194;32, GRAND CERF (BOULEVAR;M;4658627;33827;860
201500035876;15;12;31;1152;1;2;3;2;3;85;97, BRIAND (RUE ARISTIDE;;;;870
201500035877;15;3;17;1712;1;2;2;1;3;50;0, BUXEROLLES (ROUTE DE);;;;870
201500035878;15;3;19;834;1;2;1;1;6;85;40, FRANCE (RUE ANATOLE);;;;870
201500035879;15;3;19;1629;1;2;3;1;3;85;48, THOMAS (AVENUE ALBER;;;;870
201500035880;15;3;23;1847;2;2;1;1;2;65;0, LIBERATION (AVENUE DE;;;;870
201500035881;15;3;20;1345;1;2;1;2;1;85;94, SAINT GENCE (RUE DE);;;;870
201500035882;15;3;19;1250;1;2;1;1;6;85;VALOINE (BOULEVARD DE LA;;;;870
201500035883;15;1;3;1245;1;2;1;2;1;85;RD 947;M;4585590;124767;870
201500035884;15;3;18;2114;5;2;2;1;3;85;21, HUGO (BOULEVARD VICT;;;;870
201500035885;15;3;20;1814;1;2;2;2;6;85;51, GAMBETTA (BOULEVARD);;;;870
201500035886;15;1;3;2105;4;1;1;3;6;85;AUTOROUTE;M;4582780;128307;870
201500035887;15;3;24;2243;5;2;1;2;6;50;134, LIMOGES (AVENUE DE);;;;870
201500035888;15;3;26;1050;1;2;3;1;3;85;9, ISLY (RUE D');;;;870
201500035889;15;3;31;1218;1;2;1;2;2;65;VALIN (AVENUE MARTIAL);M;4581800;130207;870
201500035890;15;4;1;1217;1;2;3;1;3;85;20, BEAUBLANC (BOULEVARD;;;;870
201500035891;15;4;1;1702;1;2;1;1;6;85;9, ISLY (RUE D');;;;870
201500035892;15;4;6;2005;1;2;1;1;6;114;6, BETOULLE (AVENUE LEON;;;;870
201500035893;15;4;5;1425;1;1;1;1;1;75;RN 21;M;4578520;118907;870
201500035894;15;4;6;2353;5;2;2;1;3;85;24, MONTEGUT (RUE EMILE);;;;870
201500035895;15;4;6;1917;1;2;1;1;5;85;107, BAUDIN ( AVENUE) (V;;;;870
201500035896;15;4;3;503;5;1;1;1;6;85;AUTOROUTE A20;M;4583990;128089;870
201500035897;15;4;8;1518;1;2;1;1;1;85;26BIS, NEXON (RUE DE);M;4581890;126462;870
201500035898;15;4;8;1106;1;1;1;1;2;85;28, ESSARTS (RUE DES);M;4589520;129723;870
201500035899;15;4;12;1232;1;2;1;1;6;85;53, DUMAS (AVENUE GEORGE;;;;870
201500035900;15;4;13;1445;1;2;1;1;3;85;246, LECLERC (AVENUE DU;;;;870
201500035901;15;4;9;1706;1;2;1;1;2;85;RD941 (OUEST);M;4583450;122576;870
201500035902;15;4;5;1310;1;2;1;1;6;113;CARNOT (AVENUE SADI);M;4586720;132438;870
201500035903;15;4;9;1721;1;2;1;1;6;85;23, BUISSON (RUE FERDINA;;;;870
201500035904;15;4;11;833;1;2;2;1;3;85;BORIE (BOULEVARD DE LA);;;;870
201500035905;15;4;12;1740;1;2;1;1;6;85;114, LECLERC (AVENUE DU;;;;870
201500035906;15;4;13;1713;1;2;1;1;2;85;17, LABUSSIERE (AVENUE E;;;;870
201500035907;15;4;13;1128;1;1;1;1;1;65;RD 979 LES CHABANNES;M;4580750;135569;870
201500035908;15;4;15;1707;1;2;3;1;3;85;150, NEXON (RUE DE);M;4581210;125776;870
201500035909;15;4;15;1554;1;2;1;1;3;85;18, JAURES (RUE JEAN);;;;870
201500035910;15;11;18;1842;2;2;2;2;6;85;29, GARIBALDI (AVENUE);;;;870
201500035911;15;4;18;306;5;2;1;1;6;85;116, LECLERC (AVENUE DU;;;;870
201500035912;15;1;6;1800;5;2;1;2;2;85;31, FOUCAUD (AVENUE);;;;870
201500035913;15;4;21;1442;1;2;1;1;6;114;03, BETOULLE (AVENUE LEO;;;;870
201500035914;15;4;21;1313;1;2;1;1;3;85;23, MAUVENDIERE (RUE DE;;;;870
201500035915;15;1;7;1240;1;1;1;1;2;85;0, GROSSEREIX (ROND POIN;;;;870
201500035916;15;4;20;940;1;1;1;1;1;50;0, BUXEROLLES (ROUTE DE);;;;870
201500035917;15;4;4;425;3;1;1;1;6;85;347, BAUDIN ( AVENUE) (V;M;4580750;123862;870
201500035918;15;1;8;915;1;1;1;1;3;85;AUTOROUTE A20;M;4585040;127616;870
201500035919;15;4;24;1720;1;1;1;1;4;85;AUTOROUTE A20;M;4587680;128780;870
201500035920;15;4;26;2149;5;2;2;2;3;85;141, PERRIN (RUE FRANCOI;;;;870
201500035921;15;4;27;914;1;2;1;2;6;85;12, TROMPILLON (RUE LEON;;;;870
201500035922;15;4;30;1030;1;2;1;1;6;85;48, JAURES (RUE JEAN);;;;870
201500035923;15;5;1;1825;1;1;1;2;6;85;ANGUERNAUD (RUE D');M;4588330;131828;870
201500035924;15;5;3;1144;1;2;1;2;6;85;ALLENDE (QUAI SALVADOR);M;4582110;126283;870
201500035925;15;5;2;1644;1;2;1;3;6;85;33, COMTE (RUE AUGUSTE);;;;870
201500035926;15;5;2;1915;2;2;2;3;3;85;0, LEBON (RUE PHILIPPE);;;;870
201500035927;15;5;5;1548;1;2;1;1;3;85;11, TARRADE (AVENUE ADRI;;;;870
201500035928;15;1;9;750;2;2;1;2;6;114;75, BLUM (AVENUE LEON-);M;4583150;130173;870
201500035929;15;5;6;226;5;2;1;1;6;85;18, LOCARNO (AVENUE);;;;870