num_acc;an;mois;jour;hrmn;lum;agg;int;atm;col;com;adr;gps;lat;long;dep
201500035930;15;5;6;1527;1;2;1;1;3;65;VALIN (AVENUE MARTIAL);M;4581440;131873;870
201500035931;15;5;7;718;1;2;1;1;2;85;0, EUROPE (CARREFOUR DE;;;;870
201500035932;15;1;9;1814;5;2;2;1;3;85;32, HUGO (BOULEVARD VICT;;;;870
201500035933;15;5;8;1544;1;2;2;1;3;85;8BIS, JAURES (RUE JEAN);;;;870
201500035934;15;5;9;1215;1;2;1;1;6;85;89, BAC (RUE THEODORE);;;;870
201500035935;15;5;18;740;1;1;1;1;2;50;D35;M;4588950;118411;870
201500035936;15;5;19;2111;2;2;2;1;3;85;MAS-BOUYOL  (CITE ET BOU;;;;870
201500035937;15;5;22;743;1;1;3;1;3;48;NEXON (ROUTE DE);M;4579830;125198;870
201500035938;15;5;21;1940;1;2;1;1;6;85;11, VALADON (RUE SUZANNE;;;;870
201500035939;15;5;23;953;1;2;1;1;6;85;04, PISSARO (RUE CAMILLE;;;;870
201500035940;15;1;10;1420;1;2;1;2;3;85;30, GAY-LUSSAC (COURS);;;;870
201500035941;15;5;28;946;1;2;1;1;3;85;57, BAUDIN ( AVENUE) (VC;;;;870
201500035942;15;5;20;1831;1;2;1;1;2;50;81, LIMOGES (AVENUE DE);M;4586830;123818;870
201500035943;15;1;10;1931;5;1;1;2;6;85;AUTOROUTE A20;M;4582820;128273;870
201500035944;15;6;2;1811;1;2;1;1;6;85;141, SOLIGNAC (RUE DE);;;;870
201500035945;15;1;10;2123;5;2;3;2;3;85;117, THUILLAT (RUE VICTO;;;;870
201500035946;15;6;3;1730;1;2;1;1;2;85;0, BEAUBREUIL (AVENUE DE;;;;870
201500035947;15;6;5;207;3;1;1;1;6;48;0, SOLIGNAC (RUE DE);;;;870
201500035948;15;6;6;46;3;1;1;1;6;85;76, FRAUD (RUE DU);;;;870
201500035949;15;1;11;1800;5;2;1;1;6;85;53, DUMAS (AVENUE GEORGE;;;;870
201500035950;15;6;8;1633;1;2;1;1;6;85;22, VAUBAN (BOULEVARD);;;;870
201500035951;15;6;11;153;5;2;1;1;6;85;220, DUTREIX (RUE ARMAND;;;;870
201500035952;15;6;10;801;1;2;1;1;6;85;10, JOLIOT CURIE (RUE IR;;;;870
201500035953;15;6;10;1329;1;2;1;1;6;85;94, SAINT GENCE (RUE DE);;;;870
201500035954;15;6;11;1520;1;2;6;1;3;85;RD914;M;4589600;130203;870
201500035955;15;6;5;705;2;2;3;1;3;85;137, LATTRE-DE-TASSIGNY;M;4582560;127882;870
201500035956;15;6;9;424;5;1;1;1;2;85;AUTOROUTE A20;M;4583890;128180;870
201500035957;15;6;8;907;1;2;1;1;6;85;28, VIGENAL (BOULEVARD D;;;;870
201500035958;15;6;10;1216;1;2;2;1;3;85;46, ISLE (RUE D');;;;870
201500035959;15;6;13;1923;1;2;6;1;1;85;MONNET (RUE JEAN);M;4586000;128737;870
201500035960;15;6;13;1429;1;2;3;1;3;85;0, LATTRE-DE-TASSIGNY (A;M;4582700;128335;870
201500035961;15;1;12;1917;5;2;2;1;3;85;PONT NEUF;M;4582600;126802;870
201500035962;15;6;14;1844;1;2;1;1;3;85;70, RUBEN (AVENUE ERNEST;;;;870
201500035963;15;6;16;745;1;2;3;1;3;85;49, MONTJOVIS (AVENUE);;;;870
201500035964;15;6;10;1223;1;1;1;2;6;65;AUTOROUTE A20;M;4581970;129163;870
201500035965;15;1;13;1101;1;2;1;1;6;85;0, BROGLIE (AVENUE LOUIS;;;;870
201500035966;15;6;17;1712;1;2;1;1;6;85;7, GAGNANT (AVENUE JEAN);;;;870
201500035967;15;6;18;2333;5;2;2;1;1;85;32, BAUDIN ( AVENUE) (VC;;;;870
201500035968;15;6;22;1135;1;2;6;1;3;85;116, SABLARD (AVENUE DE);;;;870
201500035969;15;6;19;1556;1;2;1;1;6;65;RD979;M;4581850;129969;870
201500035970;15;6;22;2206;5;1;6;1;3;85;0, GROSSEREIX (ROND POIN;M;4589330;129139;870
201500035971;15;6;23;1850;1;2;3;1;3;85;2, KING (AVENUE MARTIN L;;;;870
201500035972;15;6;24;1840;1;2;1;1;2;114;3, WALLON (AVENUE HENRI-;;;;870
201500035973;15;6;24;2015;1;2;1;1;2;85;9, FEYTIAT (RUE DE);M;4582510;127930;870
201500035974;15;6;26;1632;1;2;6;1;6;65;FEYTIAT (RUE DE);M;4581800;129487;870
201500035975;15;1;15;1339;1;2;1;1;6;85;06, JAURES (RUE JEAN);;;;870
201500035976;15;6;26;1658;1;2;1;1;6;85;4, SAINTE CLAIRE (RUE);;;;870
201500035977;15;6;28;1034;1;1;1;1;6;48;NEXON (ROUTE DE);M;4578300;122619;870
201500035978;15;1;15;1718;1;2;1;1;7;113;05, FERRY (RUE JULES);;;;870
201500035979;15;6;30;1402;1;1;1;1;1;85;353, BAUDIN (AVENUE) ( R;M;4578230;119693;870
201500035980;15;6;30;1528;1;2;1;1;6;85;21, LECLERC (AVENUE DU G;;;;870
201500035981;15;7;1;1724;1;2;1;1;6;85;2, FABRE EGLANTINE (ALLE;;;;870
201500035982;15;7;3;1017;1;2;1;1;6;85;53, GAMBETTA (BOULEVARD);;;;870
201500035983;15;7;3;1811;1;2;3;1;3;85;23, THOMAS (AVENUE ALBER;;;;870
201500035984;15;7;4;949;1;2;1;1;1;85;86, MONTJOVIS (AVENUE);;;;870
201500035985;15;7;8;1618;1;2;1;1;6;85;01, CORDERIE (BOULEVARD;;;;870
201500035986;15;7;9;2109;2;1;3;1;3;65;65, THAVENOT (RUE GABRIE;;;;870
201500035987;15;7;11;2011;1;2;6;1;3;85;25, VAUCANSON (RUE DE);;;;870
201500035988;15;7;10;1821;1;2;1;1;6;85;01, MAS-BOUYOL  (CITE ET;;;;870
201500035989;15;1;16;1107;1;2;1;2;6;113;74, JAURES (RUE JEAN);M;4586180;132257;870
201500035990;15;7;15;1700;1;2;1;1;3;85;07, GODDET (RUE JACQUES);;;;870
201500035991;15;1;16;1346;1;1;3;1;3;85;22, RD39;M;4590590;129117;870
201500035992;15;7;13;2009;1;2;1;1;3;85;71, SABLARD (AVENUE DE);;;;870
201500035993;15;7;17;1559;1;2;3;1;3;114;27, LAGRANGE (AVENUE LEO;;;;870
201500035994;15;7;19;1748;1;2;1;1;2;85;BOURNEVILLE (RUE DE);;;;870
201500035995;15;7;20;1118;1;1;1;1;6;85;45, CONQUE (RUE DE LA);;;;870
201500035996;15;1;19;754;2;2;2;2;6;65;GUINGOUIN ( ROND POINT G;M;4581390;132110;870
201500035997;15;7;21;1113;1;2;1;1;3;85;47BIS, MONTJOVIS (AVENUE;;;;870
201500035998;15;7;18;1531;1;1;1;1;4;85;AUTOROUTE A20;M;4592390;130136;870
201500035999;15;7;11;2146;2;2;1;1;6;85;06, DUSSOUBS (PLACE DENI;;;;870
201500036000;15;7;23;1733;1;1;1;1;2;85;RD220;M;4589590;129430;870
201500036001;15;7;24;1409;1;1;1;1;6;65;0, TAUBAYES (RUE DES);;;;870
201500036002;15;7;26;1806;1;1;1;1;6;48;0, FERRY (RUE JULES);;;;870
201500036003;15;7;24;100;5;2;3;1;3;85;142, PERRIN (RUE FRANCOI;;;;870
201500036004;15;7;29;1025;1;2;1;2;6;50;0, LIMOGES (AVENUE DE);M;4585660;124516;870
201500036005;15;7;30;1724;1;2;3;1;6;85;16, JAURES (RUE JEAN);;;;870
201500036006;15;8;2;1906;1;2;1;1;6;85;246B, LECLERC (AVENUE DU;M;4585420;126611;870
201500036007;15;8;8;815;1;2;1;2;6;85;1, CROIX BUCHILIEN (RUE);M;4583440;124861;870
201500036008;15;8;8;1348;1;2;1;2;6;85;FRACHON ( AVE BENOIT);M;4585080;129847;870
201500036009;15;8;13;826;1;2;1;2;1;85;86, RUE ABBE PIERRE;M;4584080;119336;870
201500036010;15;1;19;826;1;2;1;2;4;65;RD979;M;4581300;132496;870
201500036011;15;8;13;1913;1;2;1;1;2;85;0, LEBON (RUE PHILIPPE);M;4587830;127581;870
201500036012;15;1;19;2138;5;2;3;2;6;85;96, LABUSSIERE (AVENUE E;;;;870
201500036013;15;8;15;550;5;2;2;1;3;85;ORADOUR SUR GLANE (CARRE;;;;870
201500036014;15;8;20;748;1;2;1;1;3;85;19, GARIBALDI (AVENUE);M;4583350;126147;870
201500036015;15;8;8;425;5;2;1;2;6;85;55,  RUE BABYLONE;M;4582200;126997;870
201500036016;15;8;21;1904;1;1;1;1;7;85;0, FRAUD (RUE DU);M;4585180;120122;870
201500036017;15;8;21;1800;1;2;2;1;1;85;REVOLUTION (AVENUE DE LA;M;4582110;126286;870
201500036018;15;1;21;1040;1;2;1;1;2;85;69, LECLERC (AVENUE DU G;;;;870
201500036019;15;8;25;202;3;1;1;1;2;85;AUTOROUTE A20;M;4581900;129250;870
201500036020;15;1;21;1824;5;2;1;1;3;85;25, LEOBARDY (AVE DU PRO;;;;870
201500036021;15;8;26;1839;1;1;1;1;2;85;0, BROGLIE (AVENUE LOUIS;M;4588280;128725;870
201500036022;15;8;26;1543;1;1;1;1;1;85;RN520 - LANDOUGE;M;4588010;117561;870
201500036023;15;8;27;832;1;2;1;1;5;114;AV. JOURDAN (MARECHAL);M;4583700;131467;870
201500036024;15;1;22;1617;1;2;1;1;6;85;39, DUMAS (AVENUE GEORGE;;;;870
201500036025;15;8;28;1922;1;2;1;1;5;85;152, BELLAC (RUE DE);M;4584890;125564;870
201500036026;15;8;26;1117;1;1;1;1;1;65;0, BRUGES (ROUTE DES);M;4580420;133014;870
201500036027;15;8;30;2127;5;1;1;1;6;85;18, BELLEGARDE (CHEMIN D;M;4586680;117853;870
201500036028;15;8;31;1904;1;2;1;1;6;85;0, SARTRE (RUE JEAN-PAUL;M;4579890;126447;870
201500036029;15;9;2;1620;1;2;1;1;6;85;29, PROVINCIALES (RUE LE;M;4586910;129164;870
201500036030;15;9;2;2005;1;2;6;1;3;85;1, GALLIENI (RUE);M;4584240;124292;870
201500036031;15;9;4;1530;1;2;1;1;6;85;363, PERRIN (RUE FRANCOI;M;4582310;122006;870
201500036032;15;1;24;1211;1;2;1;1;7;85;32, AURIOL (AVENUE DU PR;;;;870
201500036033;15;9;5;2101;5;1;1;1;4;85;AUTOROUTE A20;M;4584030;128053;870
201500036034;15;9;3;1826;1;2;3;1;3;85;05, TARRADE (AVENUE ADRI;;;;870
201500036035;15;1;24;2229;5;2;1;1;6;85;245, BRIAND (RUE ARISTID;;;;870
201500036036;15;9;6;1606;1;2;2;1;3;85;MAS-BOUYOL  (CITE ET BOU;M;4583450;122653;870
201500036037;15;8;15;2252;5;2;1;1;6;85;1, CLOUET (RUE);M;4582640;122686;870
201500036038;15;9;8;1212;1;2;1;1;7;65;LIBERATION (AVENUE DE LA;M;4581270;132631;870
201500036039;15;9;10;1300;1;2;1;1;2;85;179, LECLERC (AVENUE DU;M;4584990;126289;870
201500036040;15;9;10;2032;5;2;1;1;6;85;170, BRIAND (RUE ARISTID;M;4584690;127958;870
201500036041;15;9;12;802;1;2;3;3;3;85;89, RUBEN (AVENUE ERNEST;M;4582360;125114;870
201500036042;15;9;10;1753;1;2;2;1;6;85;53, SAINTE CLAIRE (RUE);M;4582410;124539;870
201500036043;15;9;13;1017;1;2;3;1;6;85;0, GAGNANT (AVENUE JEAN);M;4583420;127344;870
201500036044;15;1;26;740;2;2;1;1;6;85;BLANC LOUIS (BOULEVARD);;;;870
201500036045;15;9;12;904;1;2;1;3;6;85;273, DUTREIX (RUE ARMAND;M;4583440;122706;870
201500036046;15;9;12;1142;1;1;1;1;2;85;RN520;M;4589320;129136;870
201500036047;15;1;26;1737;1;1;1;2;2;85;AUTOROUTE A20;M;4585040;127616;870
201500036048;15;9;19;1958;2;2;1;1;6;85;18, RUBEN (AVENUE ERNEST;M;4581960;125206;870
201500036049;15;9;21;815;1;1;1;1;1;65;0, BOISSEUIL (RUE DE);M;4579500;130019;870
201500036050;15;9;22;1811;1;2;1;3;1;85;0, LANDOUGE (AVENUE DE);M;4583830;121411;870
201500036051;15;9;22;1526;1;2;6;3;6;65;35, ALSACE (RUE D');M;4581010;132644;870
201500036052;15;9;25;732;5;2;1;1;6;113;0, CHATENET (RUE DU);M;4587210;130594;870
201500036053;15;9;23;1554;1;1;1;1;1;48;0, LOTISSEMENT LES JONCH;M;4578730;126194;870
201500036054;15;9;26;1902;1;2;1;1;4;114;CARNOT (AVENUE PRESIDENT;M;4582690;129164;870
201500036055;15;1;27;1744;2;1;1;1;2;85;AUTOROUTE A20;M;4589250;129268;870
201500036056;15;9;25;1316;1;2;1;1;3;85;101, FEYTIAT (RUE DE);M;4581980;128547;870
201500036057;15;9;23;1339;1;2;1;1;3;85;08, BAUDIN ( AVENUE) (VC;;;;870
201500036058;15;9;28;823;1;1;1;1;6;85;PETIT-BELLEGARDE (DU);M;4587580;119269;870
201500036059;15;9;29;20;5;2;1;1;2;85;76, CHENIEUX (RUE FRANCO;M;4583860;125700;870
201500036060;15;9;29;1429;1;2;1;1;2;85;01BIS, FOCH (RUE DU MARE;M;4583770;125644;870
201500036061;15;9;30;1150;1;2;3;1;6;85;38, VIGENAL (BOULEVARD D;M;4585240;125297;870
201500036062;15;9;27;1731;1;1;1;1;5;85;AUTOROUTE A20;M;4586410;128742;870
201500036063;15;10;1;747;1;2;1;1;2;85;246B, LECLERC (AVENUE DU;M;4585410;126614;870
201500036064;15;10;1;1714;1;2;2;1;6;85;119, SAINTE CLAIRE (RUE);M;4582350;124044;870
201500036065;15;10;2;1735;1;2;1;1;6;85;RD 142 FOUGERAS (RUE DE);M;4586030;128764;870
201500036066;15;1;30;908;1;1;1;8;6;114;06, PEYRAZET - LIEU DIT;;;;870
201500036067;15;10;3;1420;1;2;2;1;3;85;42, PERI (AVENUE GABRIEL;M;4582850;126264;870
201500036068;15;1;30;1155;1;2;1;2;3;85;ALLENDE (QUAI SALVADOR);M;4582120;126299;870
201500036069;15;10;9;741;3;1;4;1;1;50;0, CIDRERIE (RUE DE LA);M;4589360;121461;870
201500036070;15;1;30;2034;5;2;1;1;3;85;04, CARNOT (PLACE SADI);;;;870
201500036071;15;10;4;1909;1;2;1;2;6;85;8, MALRAUX (RUE ANDRE);M;4580120;126464;870
201500036072;15;10;4;1740;1;2;1;1;6;48;20TER, AIXE (RUE D');M;4579530;122833;870
201500036073;15;10;4;1820;1;2;1;1;6;48;20TER, AIXE (RUE D');M;4579530;122828;870
201500036074;15;10;5;1153;1;2;2;1;3;85;1, CHASTAING (RUE JEAN B;M;4584390;125256;870
201500036075;15;10;6;750;1;2;1;1;2;85;22BIS, BLANC LOUIS (BOUL;M;4582840;126158;870
201500036076;15;2;1;707;2;1;1;2;6;85;SCHUMAN (BOULEVARD ROBER;;;;870
201500036077;15;10;6;808;1;2;1;2;2;85;BEAUBLANC (BOULEVARD DE);M;4584560;124200;870
201500036078;15;10;9;827;1;2;1;1;6;85;08, GAMBETTA (BOULEVARD);M;4582800;125747;870
201500036079;15;10;7;854;1;2;1;1;2;85;59, GAMBETTA (BOULEVARD);M;4582890;125572;870
201500036080;15;10;13;1703;1;2;1;1;2;85;25, DE GAULLE (AVENUE DU;M;4583510;126636;870
201500036081;15;2;2;1251;1;2;3;1;3;85;81, BELLAC (RUE DE);;;;870
201500036082;15;10;10;1427;1;1;1;1;6;65;PLAISANCE (RUE DE);M;4579570;129453;870
201500036083;15;10;9;1730;1;2;2;1;2;85;13, JOURDAN (PLACE);M;4583210;126483;870
201500036084;15;10;13;1838;2;1;1;1;2;65;0, BOISSEUIL (RUE DE);M;4579400;130231;870
201500036085;15;10;15;810;2;2;1;2;6;85;22, GAGNANT (AVENUE JEAN;M;4583350;126975;870
201500036086;15;10;16;1327;1;2;3;1;3;85;10, BELFORT (RUE DE);M;4584120;126186;870
201500036087;15;10;16;2029;3;1;1;1;1;65;PLAISANCE (RUE DE);M;4579470;129511;870
201500036088;15;10;18;2124;5;2;1;1;6;85;16, LOSTENDE (RUE DE);M;4584420;125892;870
201500036089;15;10;20;1607;1;2;3;1;2;85;02, CHARENTES (PLACE DES;M;4583740;125208;870
201500036090;15;2;5;729;5;2;2;1;4;85;120, VANTEAUX (BOULEVARD;;;;870
201500036091;15;10;12;1051;1;2;1;1;6;85;13, AURIOL (AVENUE DU PR;M;4583790;123031;870
201500036092;15;2;5;1001;1;2;3;1;3;85;BEAUBLANC (BOULEVARD DE);;;;870
201500036093;15;10;22;1255;1;2;1;2;1;85;0, POMPIDOU (AVENUE GEOR;M;4581880;126550;870
201500036094;15;10;27;658;3;1;1;1;6;85;RN520;M;4589040;127181;870
201500036095;15;2;5;1214;1;2;3;1;6;85;133, DUTREIX (RUE ARMAND;;;;870
201500036096;15;10;22;1416;1;1;1;2;1;50;LIMOGES (AVENUE DE);M;4585740;124417;870
201500036097;15;10;29;1817;1;1;1;1;2;85;NEXON (RUE DE);M;4581020;125686;870
201500036098;15;10;31;1920;5;2;1;1;2;85;28, TOULOUSE (RUE DE);M;4582390;127747;870
201500036099;15;10;31;2353;5;2;1;1;6;85;45, PUY LAS RODAS (RUE D;M;4582780;125506;870
201500036100;15;11;3;1516;1;2;2;1;6;85;15, LIBERATION (AVENUE D;;;;870
201500036101;15;10;30;1527;1;2;3;1;3;85;120, RUBEN (AVENUE ERNES;M;4582410;125111;870
201500036102;15;11;6;2341;5;2;3;1;3;85;0, SABLARD (AVENUE DE);M;4582700;128335;870
201500036103;15;11;7;1119;1;2;1;1;6;85;31, TURGOT (RUE);;;;870
201500036104;15;11;7;1159;1;2;2;1;3;85;0, ALLENDE (QUAI SALVADO;M;4581740;125244;870
201500036105;15;11;8;2303;3;1;1;1;6;85;ESSARTS (RUE DES);M;4589510;129675;870
201500036106;15;11;7;1428;1;2;1;1;6;85;26, AMPERE (RUE);;;;870
201500036107;15;11;9;1538;1;2;1;1;6;85;05, GAMBETTA (BOULEVARD);;;;870
201500036108;15;11;10;1946;5;2;1;1;3;85;252, LECLERC (AVENUE DU;;;;870
201500036109;15;11;11;1207;1;2;2;1;6;85;39, MAS-LOUBIER (RUE DU);;;;870
201500036110;15;11;12;1324;1;2;1;1;7;85;4, BLANC LOUIS (BOULEVAR;;;;870
201500036111;15;11;13;1840;2;2;3;1;3;85;03, CHARENTES (PLACE DES;;;;870
201500036112;15;2;9;836;1;1;1;1;6;75;RN 21;M;4579010;117172;870
201500036113;15;11;14;535;5;2;3;1;6;85;25, CLAUDEL (RUE PAUL);;;;870
201500036114;15;11;13;1730;1;2;1;1;4;85;151, NEXON (RUE DE);M;4581130;125742;870
201500036115;15;11;15;1605;1;2;2;1;3;85;0, ARMAND (AVE Z.A.C;;;;870
201500036116;15;10;23;300;5;1;1;2;6;114;CROIX-DE-LA-LIEUE (AVENU;M;4584340;133650;870
201500036117;15;11;17;827;1;2;1;1;4;85;23, POMPIDOU (AVENUE GEO;;;;870
201500036118;15;11;17;1837;3;1;1;2;2;50;RN520;M;4589110;126064;870
201500036119;15;10;24;2028;5;2;1;1;3;85;49, CHENIEUX (RUE FRANCO;M;4583880;125692;870
201500036120;15;2;10;1038;1;2;1;1;6;85;12, CONSULAT (RUE DU);;;;870
201500036121;15;10;31;1520;1;2;3;1;3;85;242, LATTRE-DE-TASSIGNY;M;4582710;128350;870
201500036122;15;11;18;1504;1;1;1;2;2;85;AUTOROUTE A20;M;4587530;128777;870
201500036123;15;11;16;1846;2;2;2;1;4;85;0, SCHUMAN (BOULEVARD RO;;;;870
201500036124;15;11;20;1425;1;2;2;3;3;85;27, THOMAS (AVENUE ALBER;;;;870
201500036125;15;11;23;2250;5;2;1;1;6;85;01, COURAUD (RUE RAYMOND;;;;870
201500036126;15;11;23;1729;1;1;1;1;6;85;AUTOROUTE A20;M;4589240;129256;870
201500036127;15;11;25;746;3;1;1;2;6;85;15, PRE SAINT YRIEIX ( R;M;4579780;125463;870
201500036128;15;2;11;825;1;2;1;1;6;85;27, DOMNOLET LAFARGE (RU;;;;870
201500036129;15;11;24;815;1;2;1;1;6;85;6-10, GAMBETTA (BOULEVAR;;;;870
201500036130;15;2;11;1402;1;2;1;1;4;85;RD941 (OUEST);M;4583460;122473;870
201500036131;15;11;25;1003;1;2;1;2;6;85;14, JAURES (RUE JEAN);;;;870
201500036132;15;11;26;810;5;2;1;1;6;85;33, CHARPENTIER (RUE);;;;870
201500036133;15;11;24;2137;5;2;1;2;6;85;01, BERTHELOT (AVENUE);;;;870
201500036134;15;11;26;854;1;2;3;1;6;85;70, LABUSSIERE (AVENUE E;;;;870
201500036135;15;11;27;811;1;2;1;1;6;85;50, MONTJOVIS (AVENUE);;;;870
201500036136;15;11;26;1949;2;2;3;1;3;85;119, ISLE (RUE D');;;;870
201500036137;15;11;29;1529;1;1;1;2;6;75;RN 21;M;4579500;122337;870
201500036138;15;11;27;1316;1;2;3;1;3;85;24, SAINT ELOI (AVENUE);;;;870
201500036139;15;11;20;1445;1;2;2;2;3;85;01, GALLIENI (RUE);;;;870
201500036140;15;2;12;1920;5;1;1;1;2;85;AUTOROUTE A20;M;4585690;128169;870
201500036141;15;11;29;1926;2;2;1;2;5;85;74, BAUDIN ( AVENUE) (VC;;;;870
201500036142;15;12;2;738;5;2;2;1;3;114;3, GUILLOT (AVENUE PIERR;;;;870
201500036143;15;12;3;1459;1;2;1;1;2;85;209, LECLERC (AVENUE DU;;;;870
201500036144;15;12;2;824;2;2;1;1;6;85;0, GENEVE (RUE DE);;;;870
201500036145;15;12;4;1522;1;2;2;1;3;114;3, GUILLOT (AVENUE PIERR;;;;870
201500036146;15;12;6;617;5;2;1;1;5;48;0, MONNET (ZA JEAN);;;;870
201500036147;15;12;5;1020;1;2;1;1;3;85;51, CHENIEUX (RUE FRANCO;;;;870
201500036148;15;12;4;1819;2;2;1;1;5;114;03, CARNOT (AVENUE PRESI;M;4583000;129816;870
201500036149;15;12;9;1614;1;2;3;1;3;85;72, PALAIS (ROUTE DU);M;4585110;130035;870
201500036150;15;12;11;1302;1;2;1;1;6;85;110, LECLERC (AVENUE DU;;;;870
201500036151;15;2;13;1501;1;1;1;1;6;85;0, LANDES (RUE DES);;;;870
201500036152;15;12;9;1720;2;2;1;1;3;85;73, RANSON (RUE LOUIS CA;;;;870
201500036153;15;12;12;1210;1;2;3;1;3;50;126, LIMOGES (AVENUE DE);M;4587250;123818;870
201500036154;15;12;15;1514;1;2;3;1;3;85;11, BAC (RUE THEODORE);;;;870
201500036155;15;12;17;1553;1;2;1;1;6;85;0, BUGEAUD (COURS);;;;870
201500036156;15;12;11;1054;1;2;3;1;3;85;101, BRIAND (RUE ARISTID;;;;870
201500036157;15;12;14;1314;1;2;2;1;3;85;24, SAINT ELOI (AVENUE);;;;870
201500036158;15;2;16;1502;1;1;1;1;3;85;AUTOROUTE A20;M;4586290;128711;870
201500036159;15;12;19;1111;1;1;1;1;6;21;RD 32;M;4576980;122413;870
201500036160;15;2;16;1532;1;1;2;1;3;65;RD 704A;M;4579240;128217;870
201500036161;15;12;20;1940;5;2;2;1;3;85;ALLENDE (QUAI SALVADOR);M;4582120;126297;870
201500036162;15;2;17;743;2;2;1;1;7;85;43, PETIT TOUR (RUE DU);;;;870
201500036163;15;12;21;1530;1;1;1;1;4;85;AUTOROUTE A20;M;4591910;129742;870
201500036164;15;12;22;1329;1;2;1;1;1;85;0, BEAUBREUIL (AVENUE DE;;;;870
201500036165;15;12;24;953;1;2;1;1;6;85;, BEAUBREUIL (AVENUE DE);;;;870
201500036166;15;12;24;1350;1;2;1;1;6;85;43, LECLERC (AVENUE DU G;;;;870
201500036167;15;12;26;1616;1;1;1;1;6;50;39, BARRIERES LIEU DIT L;;;;870
201500036168;15;12;26;1341;1;2;3;1;3;85;24, REFORME (RUE DE LA);;;;870
201500036169;15;12;28;1020;1;1;1;1;7;85;28, DELIADE (RUE DE LA );;;;870
201500036170;15;12;29;1205;1;2;1;1;6;85;79, GARIBALDI (AVENUE);;;;870
201500036171;15;2;18;855;1;2;3;1;3;65;VALIN (AVENUE MARTIAL);M;4581580;131277;870
201500036172;15;12;30;911;1;2;3;1;1;85;231, LANDOUGE (AVENUE DE;;;;870
201500036173;15;12;31;1008;1;2;3;2;6;85;0, DONZELOT (RUE);;;;870
201500036174;15;2;18;1638;1;2;1;1;6;85;01, FOURNIER (PLACE);;;;870
201500036175;15;2;20;2020;5;2;3;3;3;85;28, GARIBALDI (AVENUE);;;;870
201500036176;15;2;21;1306;1;1;2;2;6;48;RD 11;M;4579830;125198;870
201500036177;15;2;24;2125;5;2;1;2;6;85;01, BOSSUET (RUE);;;;870
201500036178;15;2;26;1205;1;1;1;2;6;85;AUTOROUTE A20;M;0;0;870
201500036179;15;2;28;908;1;2;1;1;6;85;08, TROMPILLON (RUE LEON;;;;870
201500036180;15;2;28;2326;5;2;2;2;1;85;33, BLANC LOUIS (BOULEVA;;;;870
201500036181;15;3;5;2119;5;1;2;9;6;85;01, ENZO FERRARI (RUE);;;;870
201500036182;15;3;6;1226;1;2;1;1;6;85;0, LIAISON SUD ( VOIE DE;;;;870
201500036183;15;3;6;1810;1;2;1;1;3;85;65, MIDI (AVENUE DU);;;;870
201500036184;15;3;8;1757;1;2;1;1;6;85;0, BEAUBREUIL (AVENUE DE;;;;870
201500036185;15;3;9;2027;5;2;2;1;3;85;5, GAMBETTA (BOULEVARD);;;;870
201500036186;15;3;10;1736;1;1;1;1;3;85;AUTOROUTE A20;M;4588070;128911;870
201500036187;15;3;12;1142;1;2;1;1;6;85;83, VIGENAL (BOULEVARD D;;;;870
201500036188;15;3;12;1848;1;2;1;1;6;85;3, MAUPAS (RUE DU);;;;870
201500036189;15;3;12;1921;5;2;1;1;6;50;176, STADE (ALLEE DU);;;;870
201500036190;15;3;14;845;1;2;1;2;6;85;40, CHENIEUX (RUE FRANCO;;;;870
201500036191;15;3;15;2100;5;2;3;1;3;85;115, DUTREIX (RUE ARMAND;;;;870
201500036192;15;4;14;650;1;2;1;1;7;209;0, JARDINIERS (RUE DES);M;4819339;644634;880
201500036193;15;4;22;2055;5;1;1;1;3;209;17, MOSELLE (RUE DE LA);M;4819351;644211;880
201500036194;15;4;30;2230;3;1;1;9;2;160;0, GERARDMER (route de);M;4817658;650306;880
201500036195;15;12;23;1824;5;2;1;2;6;160;REMIREMONT (RUE DE);M;4816111;645071;880
201500036196;15;12;18;1745;4;2;1;1;3;160;13, FONTENELLE (AV. DE L;M;4818991;644205;880
201500036197;15;5;28;725;1;2;1;1;6;160;17, VITU (RUE ANDRE-);M;4817717;646751;880
201500036198;15;6;7;2005;1;2;1;1;6;160;0, HAXO (RUE DU GAL-);M;4818834;643414;880
201500036199;15;6;9;1605;1;1;1;1;1;160;12, QUATRE VENTS (RUE DE;M;4814012;644991;880
201500036200;15;7;8;841;1;2;3;1;6;160;1, GILBERT (RUE);M;4817065;644842;880
201500036201;15;7;20;1720;1;2;1;1;7;160;56, REMIREMONT (RUE DE);M;4816434;644925;880
201500036202;15;7;20;1125;1;2;1;1;6;209;JEAN MERMOZ (RUE+IMP.);M;4819787;643559;880
201500036203;15;8;4;1035;1;2;3;3;3;160;0, CHAR-D'ARGENT (RUE DU;M;4815023;645535;880
201500036204;15;9;1;1110;1;2;2;1;6;160;0, LYAUTEY (RUE MARECHAL;M;4817674;644602;880
201500036205;15;9;11;1515;1;2;2;1;3;160;0, BLUM (AV. LEON);M;4819058;645988;880
201500036206;15;9;8;1100;1;2;2;1;1;209;0, JEAN-JACQUES ROUSSEAU;M;4818813;641948;880
201500036207;15;9;17;810;1;2;2;2;1;209;7, PAUL DOUMER (RUE);M;4820236;643741;880
201500036208;15;10;1;1627;1;2;2;1;6;160;1, BOULEAUX (ALL.DES);M;4818608;645359;880
201500036209;15;9;30;1204;1;2;1;1;6;160;HUGO (AV. VICTOR-);M;4817344;644513;880
201500036210;15;10;9;1750;1;1;1;1;4;160;JEUXEY (RTE DE);M;4819628;646781;880
201500036211;15;10;20;2040;5;2;6;1;6;160;ZOLA (RUE EMILE-);M;4818393;646733;880