num_acc;an;mois;jour;hrmn;lum;agg;int;atm;col;com;adr;gps;lat;long;dep
201500036212;15;11;17;1515;1;2;2;2;6;160;2, LATTRE-DE-TASSIGNY (A;M;4817630;644555;880
201500036213;15;11;14;1610;1;1;1;1;2;160;GERARDMER (route de);M;4816993;652325;880
201500036214;15;11;16;1040;1;2;2;1;6;160;, GUILGOT (PL.);M;4817686;645019;880
201500036215;15;11;12;1315;1;2;2;1;6;209;0, GRANDRUPT (RUE DE LA);M;4818968;642918;880
201500036216;15;12;19;853;1;2;1;2;6;160;Route de Gйrardmer;M;4817196;651488;880
201500036217;15;12;23;1200;1;2;1;2;6;160;59, REMIREMONT (RUE DE);M;4816111;645077;880
201500036218;15;1;24;1250;1;2;2;4;3;209;0, FONTENELLE (AV. DE LA;M;4819240;643890;880
201500036219;15;1;31;1830;5;2;1;2;6;160;8, ROUX (RUE DU PROFESSE;M;4817820;643379;880
201500036220;15;2;5;1640;1;2;1;1;6;160;23, JEUXEY (RTE DE);M;4819396;645576;880
201500036221;15;5;23;1650;1;2;1;1;3;383;38, faubourg d'alsace;M;4800896;660656;880
201500036222;15;7;15;1035;1;2;3;1;6;383;23, faubourd d'EPINAL;;;;880
201500036223;15;9;13;1045;1;2;4;2;3;429;faubourg de Remiremont;M;4802752;657940;880
201500036224;15;11;1;1352;1;1;1;1;1;462;RD 417;M;4804093;668103;880
201500036225;15;3;18;1940;5;2;1;1;1;413;26, Rue d' Epinal;M;4828069;692367;880
201500036226;15;3;29;1410;1;2;2;2;3;424;Alsace ( Rue d ' );M;4826939;697616;880
201500036227;15;3;24;1510;1;1;1;1;2;424;RD 415;M;4827229;696167;880
201500036228;15;3;29;2215;5;2;1;3;6;413;7, Rue de LA GARE;M;4828214;694957;880
201500036229;15;6;3;1610;1;2;1;1;3;424;225, Rue de La Gare;M;4826593;698116;880
201500036230;15;6;2;1845;1;2;1;1;3;413;7, Rue des Jardins;M;4828767;695380;880
201500036231;15;6;5;1335;1;2;6;7;6;413;35, AVENUE JEAN JAURES;M;4828084;695901;880
201500036232;15;6;4;2330;3;2;1;1;7;519;124, Grand' Rue;M;4833296;690053;880
201500036233;15;6;10;1830;1;2;1;1;6;424;330, AVENUE DU GENERAL D;M;4827205;697076;880
201500036234;15;6;16;1405;1;2;9;9;6;413;1, Rue SAINT CHARLES;M;4828852;695010;880
201500036235;15;6;26;2100;1;2;1;1;7;413;21, Rue Marie Curie;M;4828394;697656;880
201500036236;15;6;29;2119;2;1;1;1;7;463;RD 420;M;4834457;688339;880
201500036237;15;6;30;1155;1;2;1;1;1;424;18, Rue de l'йtang;M;4827844;696973;880
201500036238;15;6;25;1810;1;2;1;1;1;413;chemin du bois basselin;M;4827472;686611;880
201500036239;15;6;30;1720;1;1;1;1;3;519;RN 59;M;4829257;688938;880
201500036240;15;7;8;1135;1;2;1;1;3;413;20, Rue d' Epinal;M;4828904;692644;880
201500036241;15;7;28;855;1;2;1;1;6;413;17, THIERS (RUE);M;4828642;694941;880
201500036242;15;8;24;2238;5;2;1;1;1;413;08, RUE ROVEL;M;4829239;694772;880
201500036243;15;10;4;2150;3;1;1;1;6;463;RD 420;M;4827455;686385;880
201500036244;15;9;30;815;1;2;2;1;5;413;11, Rue de la Mйnantille;M;4828671;694147;880
201500036245;15;10;7;1910;2;2;6;1;3;413;2, Rond point Georges SA;M;4828403;694892;880
201500036246;15;10;28;649;5;2;1;1;6;413;23, Rue SAINT CHARLES;M;4828815;695244;880
201500036247;15;11;4;720;1;2;2;1;3;424;Rue de COLMAR;M;4826830;696143;880
201500036248;15;11;27;1435;1;1;1;1;6;463;Col du Haut Jacques;M;4827374;687789;880
201500036249;15;1;14;1745;5;2;1;1;6;413;09, Rue STANISLAS;M;4828725;694833;880
201500036250;15;1;18;400;3;1;1;5;6;413;RN 59;M;4826667;694167;880
201500036251;15;3;25;1145;1;2;1;1;6;24;1, FRANCOIS GUILLIET (RU;M;4780517;358261;890
201500036252;15;4;8;1905;1;1;1;1;2;24;TOUCY (ROUTE DE);M;4778843;353635;890
201500036253;15;5;16;2245;5;2;2;1;1;24;REPUBLIQUE (QUAI DE LA);M;4779539;357776;890
201500036254;15;6;15;1055;1;2;2;1;6;24;43, TOURNELLE (AVENUE DE;M;4779900;358272;890
201500036255;15;6;25;1345;1;2;3;1;6;24;8, POTERNE (RUE DE LA);M;4779630;357521;890
201500036256;15;6;25;845;1;1;1;1;1;24;0, VENOY (RUE DE);M;4782028;361599;890
201500036257;15;7;20;920;1;2;1;1;6;24;GALLIENI (BOULEVARD) N°;M;4779802;355238;890
201500036258;15;7;30;750;1;1;1;1;6;24;EGRISELLES (AVENUE D');M;4780492;360276;890
201500036259;15;1;1;1830;3;1;3;5;3;24;VALLAN (ROUTE DE) N? PAI;M;4777952;356014;890
201500036260;15;9;15;1635;1;2;1;1;6;24;34, CHARLES DE GAULLE (A;M;4780767;356463;890
201500036261;15;9;21;1750;1;1;1;1;5;24;R.N.6;M;4781916;359160;890
201500036262;15;9;22;1700;1;2;1;1;6;24;MONTOIS (BOULEVARD DE);M;4780523;355509;890
201500036263;15;10;1;1810;1;2;1;1;4;24;15, CHARLES DE GAULLE (A;M;4780393;356642;890
201500036264;15;10;14;1310;1;1;1;1;2;24;R.N.6;M;4778911;360104;890
201500036265;15;11;25;1735;2;2;3;1;3;24;00, CAILLOTTES (RUE DES);M;4782087;358289;890
201500036266;15;12;26;2150;5;2;1;1;6;24;3, BOBILLOT (RUE);M;4779442;356364;890
201500036267;15;1;13;755;2;2;6;1;6;24;60, HAUSSMANN (AVENUE);M;4781183;357243;890
201500036268;15;2;3;735;5;2;1;1;3;24;34-36 av JEAN MERMOZ;M;4781799;358496;890
201500036269;15;4;19;930;1;2;1;1;3;387;59-61, MAIL (BOULEVARD D;M;4819921;328989;890
201500036270;15;5;22;1530;1;2;2;1;3;387;LORRACH (AVENUE DE);M;4819294;330521;890
201500036271;15;5;27;1610;1;2;1;1;2;387;0, VERDUN (BOULEVARD DE);M;4820439;329082;890
201500036272;15;5;30;1605;1;2;1;1;6;387;12, ECRIVAIN (RUE DE L');M;4819651;328027;890
201500036273;15;6;4;1620;1;2;1;1;2;387;LORRACH (AVENUE DE);M;4819323;330393;890
201500036274;15;6;17;1550;1;2;2;1;6;387;0, THENARD (RUE);M;4819870;328700;890
201500036275;15;6;16;1830;1;2;1;1;6;287;31, MONT SAINT BERNARD (;M;4819128;326006;890
201500036276;15;6;15;1030;1;2;2;1;3;387;JEAN MOULIN (QUAI);M;4819838;327707;890
201500036277;15;7;10;1815;1;2;1;1;2;387;0, LORRACH (AVENUE DE);M;4819211;330757;890
201500036278;15;7;21;1720;1;2;1;1;6;387;0, GARIBALDI (BOULEVARD;M;4819996;328248;890
201500036279;15;7;23;1605;1;1;2;1;3;387;0, BD DES NOYERS POMPONS;M;4820522;332003;890
201500036280;15;8;1;2030;1;2;1;1;6;387;0, VICTOR GUICHARD (RUE);M;4820068;328416;890
201500036281;15;9;10;2030;5;2;2;1;3;387;0, VAUBAN (AVENUE);M;4819798;327101;890
201500036282;15;9;22;1730;1;1;1;1;2;338;0, D606;M;4822552;328384;890
201500036283;15;9;19;2040;5;1;1;2;6;287;RD660;M;4817400;322576;890
201500036284;15;9;28;1332;1;2;2;1;3;387;0, EMILE ZOLA (RUE);M;4819732;327132;890
201500036285;15;11;17;1140;1;2;2;1;1;387;0, PIERRE DE COUBERTIN (;M;4819671;330311;890
201500036286;15;11;18;1110;1;1;1;1;1;387;0, D606;M;4817237;329496;890
201500036287;15;12;22;1230;1;2;1;1;6;236;21, RUE DU CHATEAU;M;4817709;331134;890
201500036288;15;12;22;1715;5;2;1;1;3;287;125, ARISTIDE BRIAND (RU;M;4818953;325483;890
201500036289;15;1;27;1205;1;1;1;1;2;387;0, D606;M;4818158;330236;890
201500036290;15;2;23;1645;1;1;1;1;3;338;REPUBLIQUE (RUE DE LA);M;4822574;329053;890
201500036291;15;1;3;2115;5;2;3;2;3;10;66, JAURES (AVENUE JEAN);;;;900
201500036292;15;1;5;851;1;2;1;7;2;39;14, DE GAULLE (RUE DU GE;;;;900
201500036293;15;1;5;1150;1;2;1;7;6;99;30, CARNOT (RUE);;;;900
201500036294;15;10;5;919;1;1;3;1;3;10;4, LACAILLE (RUE LOUIS);;;;900
201500036295;15;3;20;1805;1;2;1;1;3;10;22, VOLTAIRE (RUE);M;4764630;685003;900
201500036296;15;1;8;1101;1;2;1;1;6;10;2, PREMIERE ARMEE FRANCA;;;;900
201500036297;15;1;11;1320;1;2;1;2;6;75;BRIAND (RUE ARISTIDE);;;;900
201500036298;15;3;24;1650;1;2;3;1;3;10;2, BAVILLIERS (RUE DE);;;;900
201500036299;15;1;12;1913;5;2;1;1;6;8;GRAND'RUE;;;;900
201500036300;15;3;27;1610;1;2;1;1;6;99;4, DE GAULLE (RUE DU GEN;M;0;0;900
201500036301;15;1;16;1430;1;2;2;3;3;10;1, MENDES FRANCE (RUE);;;;900
201500036302;15;3;28;1100;1;2;1;1;4;10;5, REISET (RUE);M;4763960;686067;900
201500036303;15;1;16;2015;5;2;1;1;3;10;152, JAURES (AVENUE JEAN;;;;900
201500036304;15;4;7;1620;1;1;2;1;3;10;2, CHOPIN (RUE);M;4762290;684861;900
201500036305;15;1;18;625;5;2;3;8;3;10;CLEMENCEAU (BOULEVARD);;;;900
201500036306;15;4;8;1417;1;2;9;1;6;10;5, ZAPOROJIE (RUE DE);M;0;0;900
201500036307;15;1;20;1713;2;2;1;1;6;10;JAURES (AVENUE JEAN) A 1;;;;900
201500036308;15;4;13;1120;1;2;3;1;3;10;10, BORDEAUX (RUE DE);;;;900
201500036309;15;1;24;1845;3;2;1;2;2;8;1, ENGEL (RUE ALFRED);;;;900
201500036310;15;4;13;1713;1;2;1;1;6;10;2, CASSIN (RUE);M;4764090;687825;900
201500036311;15;1;24;2025;3;1;1;2;2;76;CD419;;;;900
201500036312;15;4;13;1700;1;1;1;1;2;39;73, DE GAULLE (RUE DU GE;M;0;0;900
201500036313;15;1;27;715;5;2;1;4;6;10;7, RIBEAUVILLE (RUE DE);;;;900
201500036314;15;4;19;1755;1;2;1;1;3;99;CARNOT (RUE);M;4766250;684306;900
201500036315;15;1;27;1901;5;2;2;4;5;32;CHARMEUSE (RUE DE LA);;;;900
201500036316;15;1;29;1054;1;2;1;2;6;10;53, LECLERC (AVENUE);;;;900
201500036317;15;4;30;1644;1;2;1;1;6;39;DE GAULLE (RUE DU GENERA;M;4763420;681744;900
201500036318;15;1;31;2035;5;2;1;1;2;10;2, CLEMENCEAU (BOULEVARD;;;;900
201500036319;15;5;2;1112;1;2;1;2;3;75;5, CERISIERS (RUE DES);M;0;0;900
201500036320;15;2;4;1450;1;2;1;1;6;10;REPUBLIQUE (RUE DE LA);M;0;0;900
201500036321;15;5;5;1615;1;2;3;2;3;10;13, BOHN (AVENUE CHARLES;M;0;0;900
201500036322;15;2;6;900;1;1;1;1;7;76;MARONNIERS (RUE DES);;;;900
201500036323;15;5;6;1426;1;2;1;1;2;10;10, RICHELIEU (PONT);M;4763060;686522;900
201500036324;15;2;9;1715;1;2;1;1;7;10;1, STROLZ (RUE);M;0;0;900
201500036325;15;5;22;753;1;1;1;1;3;32;15, Rue de BAVILLIERS;M;0;0;900
201500036326;15;2;9;2000;5;2;1;1;2;10;5, JUIN (AVENUE DU MAREC;M;0;0;900
201500036327;15;3;3;1510;1;2;1;1;4;10;8, AS DE CARREAU (RUE DE;M;0;0;900
201500036328;15;6;4;2010;1;2;3;1;3;10;LONDRES (RUE DE);;;;900
201500036329;15;3;9;2209;5;2;1;1;6;10;ZAPOROJIE (RUE DE);M;0;0;900
201500036330;15;6;7;1121;1;2;1;1;3;10;33, BOHN (AVENUE CHARLES;M;4765070;684585;900
201500036331;15;3;14;840;1;2;1;1;6;10;120, JAURES (AVENUE JEAN;M;0;0;900
201500036332;15;6;8;1020;1;2;3;1;3;10;WILSON (AVENUE);M;4763290;685455;900
201500036333;15;6;18;1705;1;2;3;2;3;10;rue des sciences et des;M;4765220;683694;900
201500036334;15;6;19;2020;1;2;1;1;3;32;ANCIEN COMBATTANT (RUE D;;;;900
201500036335;15;6;20;1430;1;2;1;1;6;32;ZONE INDUSTRIELLE;;;;900
201500036336;15;4;8;810;1;2;1;1;6;10;2, LYON (FAUBOURG DE);M;;;900
201500036337;15;6;23;1910;1;2;1;1;3;32;24B, DE GAULLE (RUE DU G;M;4761183;685945;900
201500036338;15;6;23;2030;1;2;1;1;2;10;JAURES (AVENUE JEAN) A 1;M;4764680;685489;900
201500036339;15;7;3;905;1;1;3;1;3;39;DE GAULLE (RUE DU GENERA;;;;900
201500036340;15;7;3;1918;1;2;1;1;2;99;05, EHRET (RUE);M;;;900
201500036341;15;7;11;359;5;2;2;1;6;10;CHATEAU D'EAU (AVENUE DU;;;;900
201500036342;15;7;14;1830;1;2;1;1;3;99;48, TURENNE (RUE DE);;;;900
201500036343;15;7;13;1930;1;2;1;1;4;10;MONTBELIARD (FAUBOURG DE;;;;900
201500036344;15;7;18;2239;5;2;1;1;7;1;15, MONTBELIARD (ROUTE D;;;;900
201500036345;15;7;24;942;1;2;1;1;6;10;, BRIAND (RUE ARISTIDE);;;;900
201500036346;15;7;24;1846;1;2;3;1;3;10;1, STROLZ (RUE);;;;900
201500036347;15;7;20;1640;1;2;2;1;5;10;6, PREMIERE ARMEE FRANCA;;;;900
201500036348;15;6;3;1650;1;2;6;1;2;10;01, ROME (RUE DE);;;;900
201500036349;15;8;1;1058;1;2;1;2;6;10;138, JAURES (AVENUE JEAN;M;4765140;685136;900
201500036350;15;8;13;1729;1;2;1;1;1;10;23, ALTKIRCH (AVENUE);;;;900
201500036351;15;8;17;1330;1;2;1;1;6;10;34, RUE DE VALDOIE;M;4765760;684833;900
201500036352;15;8;23;2013;2;2;1;2;3;10;JAURES (AVENUE JEAN) A 1;M;4765340;684944;900
201500036353;15;8;30;2104;2;2;1;1;2;10;11, ANCETRES (FAUBOURG D;;;;900
201500036354;15;9;2;1600;1;2;1;1;4;1;12BIS, MONTBELIARD (ROUT;;;;900
201500036355;15;9;3;1710;1;2;1;1;2;8;76, GRAND'RUE;M;4761778;683090;900
201500036356;15;9;10;1800;1;2;1;1;1;39;48, DE GAULLE (RUE DU GE;M;4763418;681696;900
201500036357;15;9;10;1900;2;2;1;1;1;10;21, AS DE CARREAU (RUE D;M;4738165;631158;900
201500036358;15;9;15;1045;1;2;1;8;7;10;01, DE GAULLE (AVENUE DU;;;;900
201500036359;15;9;16;1130;1;2;1;1;6;99;22, TURENNE (RUE DE);M;4766850;684189;900
201500036360;15;9;24;1033;1;2;3;1;3;10;FRANCE (FAUBOURG DE);M;4763470;685364;900
201500036361;15;9;24;1720;1;2;1;1;3;10;MARSEILLE (RUE DE);;;;900
201500036362;15;9;11;1728;1;2;1;1;2;10;KENNEDY (BOULEVARD);;;;900
201500036363;15;9;19;1234;1;2;6;1;3;39;DE GAULLE (RUE DU GENERA;;;;900
201500036364;15;9;26;1800;1;2;1;1;2;10;ALTKIRCH (AVENUE);;;;900
201500036365;15;9;29;1706;1;2;1;1;6;29;COMMANDOS D'AFRIQUE (RUE;;;;900
201500036366;15;9;30;1145;1;1;1;1;1;10;MENDES FRANCE (RUE);M;4763720;687992;900
201500036367;15;10;2;948;1;2;3;1;3;75;80, BRIAND (RUE ARISTIDE;;;;900
201500036368;15;10;2;1254;1;2;1;1;6;10;SARRAIL (AVENUE);;;;900
201500036369;15;10;2;1620;1;2;1;1;6;10;DE GAULLE (AVENUE DU GEN;;;;900
201500036370;15;10;6;1806;1;2;2;1;6;10;LECLERC (AVENUE);;;;900
201500036371;15;10;8;1110;1;2;5;1;3;10;1, CLEMENCEAU CAR.;;;;900
201500036372;15;10;9;1100;1;2;1;1;2;10;1, RENAUD DE BOURGOGNE (;;;;900
201500036373;15;10;11;2003;5;2;1;1;6;10;1, SARRAIL (AVENUE);;;;900
201500036374;15;10;18;935;1;2;1;1;6;10;49, MONTBELIARD (FAUBOUR;M;4762947;685644;900
201500036375;15;10;10;1738;1;1;1;1;3;32;2, ALSACE ( RUE D');M;4761980;686386;900
201500036376;15;10;19;1410;1;2;1;1;6;10;1, RENAUD DE BOURGOGNE (;;;;900
201500036377;15;10;21;1455;1;2;2;1;3;10;20, EST (RUE DE L');M;4764972;685416;900
201500036378;15;10;15;2110;5;2;6;1;7;10;1, ALTKIRCH (AVENUE);;;;900
201500036379;15;10;27;1912;2;2;2;1;3;10;1, KENNEDY (BOULEVARD);M;4762972;684288;900
201500036380;15;11;1;1740;5;2;3;1;1;10;1, JAURES (AVENUE JEAN);;;;900
201500036381;15;11;2;845;1;2;3;5;5;10;1, LA FONTAINE (RUE JEAN;;;;900
201500036382;15;11;5;1751;1;2;1;1;3;10;1, FRANCE BOULEVARD ANAT;;;;900
201500036383;15;11;5;1654;1;2;2;1;1;10;1, LONG (RUE JAMES);;;;900
201500036384;15;11;5;1727;1;2;1;1;2;10;17  bis, RICHELIEU (BOUL;;;;900
201500036385;15;11;6;1034;1;2;1;1;1;10;1, MONTBELIARD (FAUBOURG;;;;900
201500036386;15;10;25;905;1;2;1;1;3;75;1, BRIAND (RUE ARISTIDE);;;;900
201500036387;15;11;6;1912;3;1;1;1;3;10;1, MENDES FRANCE (RUE);;;;900
201500036388;15;11;6;1950;5;2;1;1;6;10;6 BIS, TOULOUSE (RUE DE);;;;900
201500036389;15;11;8;345;5;2;3;1;6;75;53, BRIAND (RUE ARISTIDE;;;;900
201500036390;15;11;9;1100;1;2;1;1;2;32;38, DE GAULLE (RUE DU GE;;;;900
201500036391;15;11;10;1835;5;2;9;1;3;10;1, LECLERC (AVENUE);;;;900
201500036392;15;11;13;1900;5;2;1;1;6;8;BELFORT (RUE DE);;;;900
201500036393;15;6;29;1820;1;2;1;1;4;10;1, BESANCON (FAUBOURG DE;M;4762755;685783;900
201500036394;15;11;11;1135;1;2;1;1;2;10;FRANCE BOULEVARD ANATOLE;M;4764025;684022;900
201500036395;15;8;26;1445;1;2;1;1;3;1;1, MONTBELIARD (ROUTE DE;;;;900
201500036396;15;9;3;2100;3;1;1;1;6;75;CERISIERS (RUE DES);M;0;0;900
201500036397;15;11;15;2300;5;1;1;1;6;10;10, PARANT (RUE);;;;900
201500036398;15;6;25;2110;1;2;2;1;7;10;1, KENNEDY (BOULEVARD);;;;900
201500036399;15;6;15;2135;5;2;1;1;6;32;1, REPUBLIQUE (RUE DE LA;;;;900
201500036400;15;9;29;1645;1;2;1;1;2;10;1, REISET (RUE);M;4763977;686069;900
201500036401;15;11;20;1723;5;2;1;3;6;8;CHARMEUSE (RUE DE LA);M;4762211;684586;900
201500036402;15;11;16;1145;1;2;1;1;6;10;1, CHAMPION (RUE);;;;900
201500036403;15;11;28;1556;1;2;7;1;3;10;1, ANCETRES (FAUBOURG DE;;;;900
201500036404;15;11;28;1512;1;2;1;1;6;10;1, GAMBETTA (RUE);;;;900
201500036405;15;11;28;1739;5;1;1;1;7;10;1, LONDRES (RUE DE);;;;900
201500036406;15;12;2;1441;1;2;1;1;1;10;1, FOUR A CHAUX (RUE DU);;;;900
201500036407;15;12;4;1305;1;2;1;2;5;10;1, KENNEDY (BOULEVARD);;;;900
201500036408;15;12;6;1744;5;2;1;1;3;10;JOFFRE (BOULEVARD MARECH;;;;900
201500036409;15;12;9;735;5;2;1;2;2;10;17, ALTKIRCH (AVENUE);;;;900
201500036410;15;12;9;700;5;2;6;2;1;8;3, ENGEL (RUE ALFRED);;;;900
201500036411;15;12;9;1515;1;2;2;1;3;10;JOFFRE (BOULEVARD MARECH;M;4764133;685375;900
201500036412;15;12;10;752;2;2;3;1;3;99;DE GAULLE (RUE DU GENERA;M;4766433;684663;900
201500036413;15;12;16;1645;2;2;1;3;4;10;1, LAURENCIE (AVENUE CAP;;;;900
201500036414;15;12;9;1825;4;2;1;1;7;10;02, USINES (AVENUE DES);;;;900
201500036415;15;12;17;1735;3;2;2;1;3;10;1, WILSON (AVENUE);;;;900
201500036416;15;12;18;805;2;2;1;8;6;8;53, GRAND'RUE;;;;900
201500036417;15;12;23;1555;1;1;1;1;3;8;BUC (RUE DE);;;;900
201500036418;15;1;4;530;5;2;1;1;6;103;BROSSOLETTE PIERRE (RUE);;;;910
201500036419;15;3;6;1645;1;2;1;1;3;103;23, BABIN (RUE DU DOCTEU;;;;910
201500036420;15;12;30;2300;3;2;1;2;6;339;RN 20;M;4862894;226289;910
201500036421;15;1;5;1305;1;2;1;1;1;425;TEMPLIERS (ROUTE DES);;;;910
201500036422;15;3;6;1700;1;2;1;1;7;347;VERDUN (RUE DE);;;;910
201500036423;15;1;10;255;3;2;1;2;6;457;CD 19;;;;910
201500036424;15;3;11;245;5;2;1;1;2;425;RN 20;;;;910
201500036425;15;1;19;840;1;2;1;2;5;21;32BIS, CHARCOT (R DU DOC;;;;910
201500036426;15;3;20;1730;1;2;1;1;6;103;51, ALLENDE SALVADOR (RU;;;;910
201500036427;15;1;20;1130;1;2;1;1;3;425;MARCOUSSIS (ROUTE DE);;;;910
201500036428;15;3;21;1810;1;2;1;1;5;425;NATIONALE 20 (ROUTE);;;;910
201500036429;15;1;20;1630;1;2;1;1;6;103;BROSSOLETTE PIERRE (RUE);;;;910
201500036430;15;3;25;1150;1;2;1;1;2;425;NATIONALE 20 (ROUTE);;;;910
201500036431;15;1;21;1205;1;2;1;1;3;103;ALLENDE SALVADOR (AV);;;;910
201500036432;15;4;1;1815;1;1;1;1;2;425;99, NATIONALE 20 (ROUTE);;;;910
201500036433;15;1;21;2140;3;2;1;1;6;339;42, RN 20;;;;910
201500036434;15;4;1;1920;1;2;1;1;2;552;64, VIEUX PAVE DE BRUYER;;;;910
201500036435;15;1;26;1200;1;2;6;2;3;552;RD PT DU 19 MARS 1962;;;;910
201500036436;15;4;3;1645;1;2;1;2;6;552;CORBEIL (ROUTE DE);;;;910
201500036437;15;1;26;1435;1;2;1;1;3;21;ABEL CORNATON (BOUL);;;;910
201500036438;15;4;3;1805;1;2;1;2;3;103;25, COMMUNE DE PARIS (Av;;;;910
201500036439;15;1;27;945;1;1;1;1;3;552;RN 20;;;;910
201500036440;15;4;4;2300;5;2;1;1;2;425;NATIONALE 20 (ROUTE);;;;910
201500036441;15;1;28;1800;2;2;1;1;2;103;5, BLUM LEON (RUE);;;;910
201500036442;15;4;5;1830;1;2;1;1;6;552;NATIONALE 20 (ROUTE);;;;910
201500036443;15;1;30;310;5;2;1;2;6;103;CHAMPCUEILS (CHEMIN DES);;;;910
201500036444;15;4;8;1235;1;2;1;1;6;103;2, CIGOGNES (AVENUE DES);;;;910
201500036445;15;1;30;840;1;2;1;2;7;103;LENORMAND LOUIS SEBASTIE;;;;910
201500036446;15;4;11;1600;1;2;1;1;1;339;18, GUILLERVILLE (RUE DE;;;;910
201500036447;15;1;30;1210;1;2;1;4;6;339;2, LEUVILLE (ROUTE DE);;;;910
201500036448;15;4;14;700;1;2;1;1;6;457;ACACIAS  (RUE DES);;;;910
201500036449;15;2;1;1215;1;2;6;2;3;21;VERDUN (AVENUE DE);;;;910
201500036450;15;4;14;1345;1;2;1;1;2;103;DAUMONES (RUE DES);;;;910
201500036451;15;2;2;705;5;1;1;2;7;552;RN 20;;;;910
201500036452;15;4;17;150;3;2;1;1;2;339;10, RN 20;;;;910
201500036453;15;2;4;1930;5;2;1;1;6;103;MERMOZ JEAN (AV);;;;910
201500036454;15;4;18;1244;1;2;1;1;6;103;MAISON NEUVE (AVENUE DE;;;;910
201500036455;15;2;5;1515;1;2;1;1;2;425;NATIONALE 20 (ROUTE);;;;910
201500036456;15;4;21;1700;1;2;1;1;6;103;06, PINS (RUE DES);;;;910
201500036457;15;2;7;2315;5;2;1;1;2;425;64/66, RN 20;;;;910
201500036458;15;4;21;1750;1;2;1;1;4;339;RN 20;;;;910
201500036459;15;2;21;545;5;2;1;2;2;425;RN 20;;;;910
201500036460;15;4;23;1545;1;2;1;1;3;103;35, COMMUNE DE PARIS (Av;;;;910
201500036461;15;2;23;755;1;1;1;1;7;552;RN 20;;;;910
201500036462;15;4;30;1735;1;2;2;2;3;21;JAURES JEAN (BOULEVARD);;;;910
201500036463;15;2;23;1850;5;2;1;1;6;103;MORVAN (RUE DU);;;;910
201500036464;15;5;3;2315;5;2;1;1;6;103;105, PRES D'AULNAY (RUE;;;;910
201500036465;15;2;26;1250;1;2;1;2;7;103;75, BLUM LEON (RUE);;;;910
201500036466;15;5;4;2325;5;2;1;2;6;552;75, MESNIL (RUE DU);;;;910
201500036467;15;2;27;15;3;2;1;2;7;552;BOIS DES FOSSES (CHEMIN;;;;910
201500036468;15;5;5;1745;1;2;1;1;3;347;60, RN 20;;;;910
201500036469;15;2;27;1435;1;2;1;1;3;552;DECLE RENE (RUE);;;;910
201500036470;15;5;6;1805;1;2;1;1;2;339;RN 20;;;;910
201500036471;15;2;27;1815;1;2;1;1;6;425;29, PLAINE (RUE DE LA);;;;910
201500036472;15;5;9;1430;1;2;3;1;3;339;DIVISION LECLERC (RUE DE;;;;910
201500036473;15;2;28;1105;1;2;1;1;6;425;TEMERAIRE (AV DU);;;;910
201500036474;15;5;11;829;1;2;1;1;6;21;CASSIN RENE (RUE);;;;910
201500036475;15;2;12;1545;1;2;1;1;6;103;LEBLANC ALFRED (RUE);;;;910
201500036476;15;5;11;1145;1;1;2;1;3;103;SAUSSAIE (RUE DE LA);;;;910
201500036477;15;5;12;840;1;1;1;1;1;425;47, NATIONALE 20 (ROUTE);;;;910
201500036478;15;5;12;1925;1;2;1;1;5;552;3, DECLE RENE (RUE);;;;910
201500036479;15;5;19;1537;1;2;1;1;4;457;FERTE ALAIS (ROUTE DE LA;;;;910
201500036480;15;5;22;1050;1;2;3;1;3;103;BLUM LEON (RUE);;;;910
201500036481;15;5;22;1430;1;2;1;1;7;552;LATERAL AU CHEMIN DE FER;;;;910
201500036482;15;5;25;1620;1;2;6;1;3;21;VERDUN (AVENUE DE);;;;910
201500036483;15;5;30;1515;1;2;1;1;1;425;TEMPLIERS (ROUTE DES);;;;910
201500036484;15;5;31;45;5;2;1;1;6;339;36, TABOR (CHEMIN DE);;;;910
201500036485;15;5;31;1110;1;2;1;1;1;347;LONGPONT (RUE DE);;;;910
201500036486;15;6;2;825;1;2;1;1;6;347;PONT AUX PINS (RUE DU);;;;910
201500036487;15;6;2;1835;1;2;1;1;3;103;BROSSOLETTE PIERRE (R;;;;910
201500036488;15;6;4;705;1;2;1;1;4;425;NATIONALE 20 (ROUTE);;;;910
201500036489;15;6;6;628;1;2;1;1;7;552;DECLE RENE (RUE);;;;910
201500036490;15;6;6;1008;1;2;1;1;7;552;138, CORBEIL (ROUTE DE);;;;910
201500036491;15;6;6;1500;1;2;1;1;6;339;DIVISION LECLERC (RUE DE;;;;910
201500036492;15;6;8;1235;1;2;1;1;2;103;MAISON NEUVE (AVENUE DE;;;;910
201500036493;15;6;12;1600;1;2;1;1;3;103;DE GAULLE (ROND POINT DU;;;;910
201500036494;15;6;13;1250;1;2;1;1;3;552;42, DECLE RENE (RUE);;;;910
201500036495;15;6;18;1420;1;2;1;1;5;457;FERTE ALAIS (ROUTE DE LA;;;;910
201500036496;15;6;21;1515;1;2;1;1;6;552;134, CORBEIL (ROUTE DE);;;;910
201500036497;15;6;22;2210;5;2;1;1;6;552;120, CORBEIL (ROUTE DE);;;;910
201500036498;15;6;23;940;1;1;2;1;3;425;ARCHERS (RUE DES);;;;910
201500036499;15;6;25;600;1;2;1;1;1;552;CORBEIL (ROUTE DE);;;;910
201500036500;15;6;25;1920;1;2;1;1;7;552;CINQUANTE ARPENTS (CHEMI;;;;910
201500036501;15;6;26;1100;1;2;1;1;3;425;NATIONALE 20 (ROUTE);;;;910
201500036502;15;6;27;1605;1;2;1;1;2;552;NATIONALE 20 (ROUTE);;;;910
201500036503;15;6;29;1210;1;2;1;1;2;425;ORLEANS (ROUTE D');;;;910
201500036504;15;7;1;40;5;2;1;1;2;552;21 BIS, NATIONALE 20 (RO;;;;910