num_acc;an;mois;jour;hrmn;lum;agg;int;atm;col;com;adr;gps;lat;long;dep
201500036505;15;7;3;1610;1;2;1;1;2;425;NATIONALE 20 (ROUTE);;;;910
201500036506;15;7;6;1330;1;2;1;1;2;425;NATIONALE 20 (ROUTE);;;;910
201500036507;15;7;6;1635;1;2;1;1;4;552;67, NATIONALE 20 (ROUTE);;;;910
201500036508;15;7;15;910;1;2;1;1;6;339;GRACE DE DIEU (CHEMIN DE;;;;910
201500036509;15;7;17;2235;5;2;1;1;6;425;MARCOUSSIS (ROUTE DE);;;;910
201500036510;15;7;20;1210;1;2;3;1;3;21;JAURES JEAN (BOULEVARD);;;;910
201500036511;15;7;22;1640;1;2;1;1;2;552;25, NATIONALE 20 (ROUTE);;;;910
201500036512;15;7;22;1910;1;2;1;1;2;552;NATIONALE 20 (ROUTE);;;;910
201500036513;15;7;24;1815;1;2;1;1;1;425;ORLEANS (ROUTE D');;;;910
201500036514;15;7;25;2305;5;2;1;1;3;457;FERTE ALAIS (ROUTE DE LA;;;;910
201500036515;15;7;28;1630;1;2;1;2;1;103;MARRONNIERS  (AVENUE DES;;;;910
201500036516;15;8;1;630;1;2;1;1;6;21;5, EGLY (ROUTE D');;;;910
201500036517;15;8;7;1145;1;2;1;1;6;103;12, POITOU (RUE DU);;;;910
201500036518;15;8;8;30;5;2;1;1;6;425;TEMPLIERS (ROUTE DES);;;;910
201500036519;15;8;15;745;1;2;1;2;6;21;DIVISION LECLERC (AVENUE;;;;910
201500036520;15;8;16;2140;3;1;1;1;6;457;CD 19;;;;910
201500036521;15;8;19;2235;5;2;1;1;7;347;PERRAY (RUE DU);;;;910
201500036522;15;8;28;1550;1;1;1;1;2;347;RN 20;;;;910
201500036523;15;8;29;1230;1;2;1;1;3;425;MOUCHY (BOULEVARD);;;;910
201500036524;15;8;30;1810;1;1;1;1;2;552;RN 20;;;;910
201500036525;15;9;2;1513;1;2;1;1;6;21;100, GRANDE (RUE);;;;910
201500036526;15;9;2;2106;5;2;1;1;2;425;RN20;;;;910
201500036527;15;9;6;1650;1;2;4;1;6;425;CROIX DU MESNIL (CHEMIN;;;;910
201500036528;15;9;10;1800;1;2;1;1;2;425;PONT DES BELLES DAMES;;;;910
201500036529;15;9;14;1400;1;1;1;2;3;339;RN 20;;;;910
201500036530;15;9;14;1820;1;2;1;2;2;425;66-68,RN20 (R. ORLEANS);;;;910
201500036531;15;9;16;1025;1;2;1;3;3;103;SAUSAIE (RUE DE LA);;;;910
201500036532;15;9;24;450;5;2;6;1;1;103;COMMUNE DE PARIS (AV DE;;;;910
201500036533;15;9;24;708;1;1;1;1;6;457;LOGES (ROUTE DES);;;;910
201500036534;15;9;24;945;1;2;2;1;3;333;ROYAL (CHEMIN);;;;910
201500036535;15;9;24;2255;3;1;1;2;6;457;RD 19;;;;910
201500036536;15;9;25;1840;1;2;1;1;3;425;BOURGUIGNONS (RUE DES;;;;910
201500036537;15;9;26;1400;1;1;1;1;6;457;CD 19;;;;910
201500036538;15;10;2;1130;1;2;3;1;6;103;LUCIEN CLAUSE(AVENUE);;;;910
201500036539;15;10;4;1650;1;2;1;1;1;347;PONT AUX PINS (RUE DU;;;;910
201500036540;15;10;6;757;1;2;1;3;3;425;18, TEMPLIERS (ROUTE DES;;;;910
201500036541;15;10;6;1045;1;2;1;1;2;21;SAINT DENIS (RUE);;;;910
201500036542;15;10;7;2055;5;2;1;1;2;347;60, CROIX ROUGE FER (CHE;;;;910
201500036543;15;10;11;2140;5;2;1;1;7;425;ORLEANS (ROUTE D');;;;910
201500036544;15;10;12;1515;1;2;1;1;2;425;29, RN 20;;;;910
201500036545;15;10;13;1130;1;2;1;1;6;103;BRANLY EDOUARD (AVENUE);;;;910
201500036546;15;10;16;815;1;1;1;2;3;339;ROBERT BENOIST (AVENUE);;;;910
201500036547;15;10;18;45;5;2;1;1;2;347;88, RN 20;;;;910
201500036548;15;10;18;1400;1;2;1;1;3;425;PONT DES BELLES DAMES;;;;910
201500036549;15;10;21;1922;5;2;1;3;3;425;RN 20;;;;910
201500036550;15;10;22;1922;5;2;2;2;3;103;DANAUX EDOUARD (RUE);;;;910
201500036551;15;10;25;2300;5;2;1;1;2;425;ORLEANS (ROUTE D');;;;910
201500036552;15;10;26;750;1;2;1;1;5;347;76, DIVISION LECLERC (AV;;;;910
201500036553;15;10;28;925;1;1;1;2;7;552;RN 20;;;;910
201500036554;15;11;1;1400;1;1;1;1;2;425;RN 20 (ROUTE);;;;910
201500036555;15;11;3;830;1;2;1;2;3;425;78, MARCOUSSIS (ROUTE DE;;;;910
201500036556;15;11;5;845;1;2;7;1;6;425;MARCHE (PLACE DU);;;;910
201500036557;15;11;7;1500;1;2;1;1;2;425;19, ORLEANS (ROUTE D');;;;910
201500036558;15;11;17;1735;5;2;2;2;2;21;CORNATON ABEL (BLD);;;;910
201500036559;15;11;19;1200;1;2;6;2;6;333;BRETIGNY (ROUTE DE);;;;910
201500036560;15;11;20;510;5;2;1;3;1;339;2, JUBILE (ROUTE DU);;;;910
201500036561;15;11;23;1430;1;2;1;1;3;103;BROSSOLETTE PIERRE (R;;;;910
201500036562;15;11;25;725;2;2;1;1;7;103;CAMUS ALBERT (RUE);;;;910
201500036563;15;11;26;1000;1;2;1;1;3;347;ORMOY (RUE DE L');;;;910
201500036564;15;11;28;140;5;2;1;2;6;425;TEMPLIERS (ROUTE DES);;;;910
201500036565;15;12;2;2015;3;1;1;1;6;457;RD 19;M;4857676;228181;910
201500036566;15;12;4;730;1;1;1;2;3;425;RN20;;;;910
201500036567;15;12;4;1310;1;2;1;1;7;425;TEMPLIERS (ROUTE DES);;;;910
201500036568;15;12;10;815;1;2;1;1;6;339;77, VIEUX PAVE DE BRUYER;;;;910
201500036569;15;12;13;35;3;1;1;5;6;103;RD 19;;;;910
201500036570;15;12;13;2105;5;2;1;5;6;425;BOURGUIGNONS (RUE DES;;;;910
201500036571;15;12;16;820;5;2;4;1;6;333;Chemin Royal;M;4861886;226062;910
201500036572;15;12;16;1820;5;2;1;3;4;347;MONTLHERY (ROUTE DE);M;4863486;228820;910
201500036573;15;12;19;2200;5;2;4;1;3;347;TEMPLIERS (ROUTE DES);M;4864431;228204;910
201500036574;15;12;23;110;3;1;1;1;6;552;RN20;;;;910
201500036575;15;1;10;1900;5;2;1;2;3;27;VALLES (AVENUE JULES);;;;910
201500036576;15;12;21;1920;5;2;1;1;1;27;INDUSTRIE (QUAI DE L');M;4841000;223000;910
201500036577;15;4;22;745;1;2;2;1;5;27;DIX HUIT AVRIL (AVENUE);;;;910
201500036578;15;2;13;1630;1;2;3;1;3;27;6, VALLES (AVENUE JULES);;;;910
201500036579;15;12;26;930;1;2;4;1;3;27;SEMBAT (AVENUE MARCEL);M;4870777;237899;910
201500036580;15;5;20;1805;1;2;1;1;3;27;BRIAND (AVENUE ARISTIDE);M;4870595;238898;910
201500036581;15;2;17;1245;1;2;2;8;3;27;MITTERAND (AVENUE FRA;;;;910
201500036582;15;5;29;1730;1;1;1;1;3;479;FONTAINEBLEAU (BOULEVARD;;;;910
201500036583;15;3;3;1745;1;1;1;1;5;479;FONTAINEBLEAU (BOULEVARD;;;;910
201500036584;15;6;12;1510;1;2;3;1;6;27;VALLES (AVENUE JULES);;;;910
201500036585;15;3;6;1735;1;2;2;1;3;479;JAURES (AVENUE JEAN);;;;910
201500036586;15;6;18;600;1;2;1;1;2;27;MITTERAND (AVENUE FRANCO;;;;910
201500036587;15;8;5;340;5;2;1;1;2;479;FONTAINEBLEAU (BOULEV;;;;910
201500036588;15;7;8;1105;1;2;1;1;3;27;MITTERAND (AVENUE FRANCO;;;;910
201500036589;15;9;4;1120;1;2;1;1;6;479;VERDUN (AVENUE DE);;;;910
201500036590;15;9;10;1935;1;2;2;1;5;479;VAILLANT-COUTURIER (AVEN;;;;910
201500036591;15;1;6;1830;5;2;6;1;2;114;WITTLICH (ROND POINT);;;;910
201500036592;15;3;10;1720;1;2;1;1;6;114;9, MONTGERON (RUE DE);;;;910
201500036593;15;12;20;2155;5;2;1;1;3;114;ROUTE NATIONALE 6;M;4868136;249258;910
201500036594;15;1;8;1810;3;2;1;1;2;114;4, GENERAL DE GAULLE (BO;;;;910
201500036595;15;3;17;1745;1;2;3;1;3;514;VIEILLET (RESIDENCE);M;4867947;253439;910
201500036596;15;1;22;1340;1;2;6;1;3;114;WITTLICH (ROND POINT);;;;910
201500036597;15;3;17;1800;1;1;1;1;1;514;CD 33;M;4867322;252478;910
201500036598;15;1;26;1950;3;2;9;3;6;97;Centre commercial Val d';;;;910
201500036599;15;3;18;1430;1;2;2;1;3;114;LIEVRES (RUE DES);M;4870988;251128;910
201500036600;15;1;30;2025;3;1;1;1;3;514;RD 33;;;;910
201500036601;15;3;19;1550;1;2;6;1;2;514;BOUSSY ST ANTOINE (RO;M;4868072;253808;910
201500036602;15;1;31;1220;1;2;1;1;2;114;ROUTE NATIONALE 6;;;;910
201500036603;15;4;10;1815;1;2;1;1;6;114;23, BELVEDERE (AVENUE DU;;;;910
201500036604;15;2;11;1740;1;2;1;1;2;114;ROUTE NATIONALE 6;;;;910
201500036605;15;5;12;2000;1;2;1;1;2;114;LILAS (AVENUE DU);M;4868094;249322;910
201500036606;15;2;12;500;5;2;1;1;6;97;MOULIN NEUF (RUE DU);;;;910
201500036607;15;5;17;1215;1;2;1;1;6;97;JEAN MOULIN (AVENUE);M;4867840;252703;910
201500036608;15;2;20;2025;5;2;1;3;6;114;3, TALMA (RUE);;;;910
201500036609;15;2;25;1250;1;2;1;2;2;114;ROUTE NATIONALE 6;;;;910
201500036610;15;5;21;1810;1;1;1;1;3;114;ROUTE NATIONALE 6;M;4868570;248714;910
201500036611;15;2;26;1025;1;2;6;2;3;97;FRICHES (CARREFOUR DES);;;;910
201500036612;15;5;28;1700;1;2;1;1;3;97;103, ROCHOPT (RUE);M;4869560;254861;910
201500036613;15;3;5;2030;5;2;1;1;6;97;CORA ET SON PARKING;;;;910
201500036614;15;5;30;1945;1;2;3;1;6;114;VILLECRESNES (RUE);M;4870710;250367;910
201500036615;15;12;7;820;1;2;1;1;5;514;RD 33;M;4866771;253054;910
201500036616;15;3;7;1030;1;2;1;1;2;114;PIERRE PROST (AVENUE);;;;910
201500036617;15;6;8;925;1;2;1;1;2;114;TALMA (RUE);M;4869340;250192;910
201500036618;15;6;11;1820;1;1;1;1;2;514;ROUTE NATIONALE 6;;;;910
201500036619;15;6;13;1405;1;1;1;1;6;215;JACQUES TATI (ALLEE);M;4870010;252858;910
201500036620;15;6;17;1320;1;2;1;1;4;114;ROUTE NATIONALE 6;M;4868160;249236;910
201500036621;15;6;26;1750;1;2;1;1;3;514;BOISSY (RUE DE);M;4867270;253708;910
201500036622;15;6;29;1305;1;1;1;1;4;114;BRIE (ROUTE DE);M;4870410;251258;910
201500036623;15;7;1;1930;1;2;1;1;4;114;PIERRE PROST (AVENUE);M;4869840;249514;910
201500036624;15;7;4;1605;1;2;1;1;1;514;5, COMBS LA VILLE (RUE D;M;4867120;254042;910
201500036625;15;7;18;2035;1;2;1;1;2;114;ROUTE NATIONALE 6;M;4867810;249661;910
201500036626;15;8;20;2250;5;2;1;1;1;114;35 bis, VILLECRESNES (RU;M;4870730;250614;910
201500036627;15;9;4;910;1;2;1;1;6;114;POSTE (RUE DE LA);M;4869670;250447;910
201500036628;15;8;27;1450;1;2;6;1;3;114;PYRAMIDE (PLACE DE LA);M;4868320;249017;910
201500036629;15;9;21;955;1;2;1;1;2;215;HUIT MAI QUARANTE CINQ (;M;4869680;252442;910
201500036630;15;9;22;1410;1;2;1;8;3;97;JEAN MOULIN (AVENUE);M;4868360;253328;910
201500036631;15;9;22;1645;1;2;1;2;4;114;PIERRE PROST (AVENUE);;;;910
201500036632;15;9;22;1820;1;2;1;2;6;114;23, REPUBLIQUE (RUE DE L;M;4869940;250533;910
201500036633;15;9;28;805;1;2;2;1;3;114;FORET (AVENUE DE LA);M;4868470;249283;910
201500036634;15;9;28;1435;1;2;1;1;2;97;13, C. DE GAULLE (AVENUE;M;4868540;252950;910
201500036635;15;10;4;1130;1;2;3;1;1;97;MOULIN NEUF (RUE DU);M;4868870;253286;910
201500036636;15;10;11;1450;1;1;1;1;1;514;RD 33;M;4866300;252245;910
201500036637;15;10;8;1730;1;2;1;1;4;514;RD 33;M;4866358;252361;910
201500036638;15;10;16;650;5;2;1;1;6;215;8 MAI 1945 (AVENUE;M;4869690;252411;910
201500036639;15;11;5;1745;2;1;1;1;4;514;ROUTE NATIONALE 6;M;4866250;251560;910
201500036640;15;11;4;1440;1;2;1;1;1;114;GENERAL LECLERC (AVENUE;M;4841131;934400;910
201500036641;15;11;9;1820;2;2;6;1;3;97;ROCHOPT (RUE);M;4869090;252570;910
201500036642;15;11;17;810;2;2;1;8;4;114;QUINCY (RUE DE);M;4868810;250497;910
201500036643;15;11;25;1825;3;1;1;2;3;514;RD 33;M;4866410;252444;910
201500036644;15;11;26;1755;5;1;1;1;6;514;93, FRANKLIN ROOSEVELT (;M;4810013;231524;910
201500036645;15;11;27;2045;5;2;1;2;2;114;ROUTE NATIONALE 6;M;4840180;229391;910
201500036646;15;11;29;1805;5;2;1;1;3;114;CHATEAU (AVENUE DU);M;4868870;249951;910
201500036647;15;12;15;1740;5;2;6;2;2;97;CHARLES DE GAULLE(EPINAY;M;4869088;252533;910
201500036648;15;12;15;1900;5;2;1;2;1;114;VILLECRESNES (RUE);M;4870769;251013;910
201500036649;15;11;7;1840;1;2;1;1;6;174;160, RUE GEORGES LEDU;M;4859113;247438;910
201500036650;15;5;18;1545;1;1;1;1;6;174;FERAY ( rue );M;4860817;247474;910
201500036651;15;2;8;1935;5;2;1;1;6;174;PERE LEGRIS(RUE DU);;;;910
201500036652;15;11;21;1515;1;2;1;3;6;174;Emile ZOLA (rue);M;4861538;246983;910
201500036653;15;5;9;2230;5;2;2;1;3;174;1, PARIS (RUE);M;4860260;246919;910
201500036654;15;5;19;1230;1;2;1;1;6;174;4, FERAY ( rue );M;4861190;248092;910
201500036655;15;7;2;1030;1;2;3;1;3;174;56, JEAN JAURES (BOULEVA;M;4860900;246372;910
201500036656;15;7;15;1520;1;1;1;1;6;174;24, PARIS (RUE);M;4860390;246800;910
201500036657;15;7;17;700;2;2;3;1;3;174;01, CHEVALIER SAINT JEAN;M;4860650;247647;910
201500036658;15;7;17;1855;1;2;1;1;6;174;01, rue gustave courbet;;;;910
201500036659;15;10;9;2018;5;2;3;1;3;174;31, BRIAND(ALLEE ARISTID;M;4860984;247519;910
201500036660;15;1;11;1410;1;2;1;1;6;174;7, PARIS (RUE);;;;910
201500036661;15;8;20;1045;1;2;1;1;6;174;JEAN COCTEAU (RUE);M;4860910;244894;910
201500036662;15;1;20;950;1;2;1;5;6;174;Emile ZOLA (rue);;;;910
201500036663;15;10;25;1208;1;2;3;1;3;174;AVENIR (RUE DE L');M;4858075;247633;910
201500036664;15;1;19;930;1;2;1;4;6;174;REPUBLIQUE (RUE DE);;;;910
201500036665;15;10;5;1400;1;2;3;3;3;174;JACQUES BOURGOIN(QUAI);M;4860577;248983;910
201500036666;15;1;9;1745;5;2;1;1;3;174;46, 08 MAI 1945 (AVENUE);;;;910
201500036667;15;9;10;1140;1;2;1;1;6;174;7, RUE HELOISE;;;;910
201500036668;15;2;28;1600;1;2;1;1;3;174;37, ST LAZARE(RUE DE);;;;910
201500036669;15;2;28;1925;5;2;1;1;2;174;1, PATTON (PONT);;;;910
201500036670;15;3;4;800;1;2;1;1;6;657;FREDERIC JOLIOT CURIE (A;;;;910
201500036671;15;3;8;1655;1;2;1;1;6;201;52, GENERAL DE GAULLE(BO;;;;910
201500036672;15;3;16;2000;5;2;2;1;6;657;CONCORDE (AVENUE);;;;910
201500036673;15;3;24;858;1;2;2;1;2;201;HENRI BARBUSSE(AV);;;;910
201500036674;15;3;25;500;1;2;2;1;3;201;PIERRE BROSSOLETTE (RUE);;;;910
201500036675;15;3;27;1130;1;2;4;1;6;201;HENRI BARBUSSE(BOULEVARD;M;4866469;241958;910
201500036676;15;3;29;255;5;2;2;1;3;201;HENRI BARBUSSE(AV);;;;910
201500036677;15;3;30;1345;1;2;1;1;6;201;99, FERDINAND BUISSON(RU;;;;910
201500036678;15;3;30;1930;1;2;1;1;6;657;CEDRES (RUE DES);;;;910
201500036679;15;3;31;1915;1;2;3;1;3;657;TOURELLE (AVENUE DE LA );M;0;0;910
201500036680;15;4;1;1420;1;2;1;1;6;201;Rue FERDINAND BUISSON;M;4867891;240353;910
201500036681;15;4;2;1635;1;2;2;1;6;657;2, CONCORDE (AVENUE);;;;910
201500036682;15;4;10;1730;1;1;1;1;6;201;PORT AUX CERISES (RUE DU;;;;910
201500036683;15;4;14;1230;1;2;1;1;3;657;54, HENRI BARBUSSE (AVEN;M;4842007;251130;910
201500036684;15;4;14;1025;1;2;1;1;4;201;196, HENRI BARBUSSE(Av;;;;910
201500036685;15;4;18;1850;1;2;6;1;3;657;TOURELLE (AVENUE DE LA;M;4868911;243639;910
201500036686;15;4;22;715;1;2;1;1;1;201;WALDECK ROUSSEAU (RUE);;;;910
201500036687;15;4;27;2150;5;2;3;1;3;201;EUROPE(AVENUE DE L');;;;910
201500036688;15;4;28;1730;1;2;1;1;2;201;Av Eugиne Delacroix;;;;910
201500036689;15;4;29;1530;1;2;7;1;6;657;PETIT NOISY (CHEMIN);;;;910
201500036690;15;4;29;1840;1;2;3;1;3;657;HENRI BARBUSSE (AVENUE);;;;910
201500036691;15;5;1;805;1;1;1;3;1;201;15, HENRI BARBUSSE(BOULE;;;;910
201500036692;15;5;4;1820;1;2;1;2;1;657;MARCEL CACHIN (RUE);;;;910
201500036693;15;5;5;1405;1;2;1;1;6;201;18, GENERAL DE GAULLE(BO;;;;910
201500036694;15;5;8;1430;1;2;2;1;2;657;JULES VERNE (RUE);;;;910
201500036695;15;5;17;1440;1;2;1;1;3;201;GENERAL DE GAULLE(BOULEV;M;4868724;239882;910
201500036696;15;5;29;1005;1;2;4;2;3;201;EUGENE DELACROIX(AVENUE);M;0;0;910
201500036697;15;6;3;1750;1;2;2;1;5;201;124, GENERAL DE GAULLE(B;M;0;0;910
201500036698;15;6;15;1200;1;1;1;1;3;201;50, HENRI BARBUSSE(BOULE;M;4867379;241221;910
201500036699;15;6;18;1948;1;2;1;1;2;657;14, CONCORDE (AVENUE);M;4870733;241652;910
201500036700;15;6;19;1345;1;2;3;1;3;201;MAINVILLE(RUE DE);M;0;0;910
201500036701;15;6;19;1130;1;2;1;1;6;201;HENRI BARBUSSE(BOULEVARD;;;;910
201500036702;15;6;23;1750;1;2;1;1;3;657;HENRI BARBUSSE (AVENUE);M;4870034;243156;910
201500036703;15;6;24;2105;1;2;1;1;3;201;6 bis, HENRI BARBUSSE(BO;;;;910
201500036704;15;6;28;1455;1;2;5;1;1;201;PIERRE BROSSOLETTE (RUE);M;4868392;241513;910
201500036705;15;6;30;1120;1;2;2;1;2;657;LONGUERAIE (RUE DE LA );M;4871685;243736;910
201500036706;15;6;29;2020;1;1;1;1;1;657;83, JULES VERNE (RUE);M;4869800;243967;910
201500036707;15;7;1;1940;1;2;1;1;3;657;54, HENRI BARBUSSE (AVEN;M;4870023;242025;910
201500036708;15;7;2;845;1;2;2;1;3;201;JEAN JAURES(AVENUE);M;4868970;241331;910
201500036709;15;7;9;1101;1;2;1;1;6;201;28, REPUBLIQUE (PLACE DE;M;4868584;241031;910
201500036710;15;7;15;2135;1;2;1;1;6;657;2 bis, HENRI CHARON (AVE;M;4870655;242192;910
201500036711;15;7;16;1020;1;2;2;1;6;201;02, MAINVILLE(RUE DE);M;4868580;241139;910
201500036712;15;7;17;1145;1;2;1;1;1;201;EUROPE(AVENUE DE L');M;4868360;243219;910
201500036713;15;7;20;1625;1;2;2;1;1;657;ROGER SALENGRO (RUE);M;4870300;243620;910
201500036714;15;8;1;1445;1;2;2;1;3;657;HENRI CHARON (AVENUE);M;4870475;242709;910
201500036715;15;6;24;1510;1;2;1;1;3;201;02, ALPHONSE DAUDET(RUE);;;;910
201500036716;15;8;4;1600;1;2;2;1;3;201;HENRI BARBUSSE(BOULEVARD;M;4867410;241203;910
201500036717;15;8;8;1525;1;2;1;1;6;657;26, PIERRE MARIN (RUE);M;4870226;241439;910
201500036718;15;8;14;1230;1;2;1;1;6;657;CHARLES DE GAULLE (PLACE;;;;910
201500036719;15;8;31;1955;1;2;1;1;3;201;32, REPUBLIQUE (PLACE DE;;;;910
201500036720;15;9;2;1135;1;2;1;1;2;657;FREDERIC JOLIOT CURIE (R;M;4870444;242098;910
201500036721;15;9;4;1500;1;2;1;1;6;657;15, PAUL LANGEVIN (RUE);M;0;0;910
201500036722;15;9;16;2200;5;2;5;1;3;657;TOURELLE (AVENUE DE LA );M;0;0;910
201500036723;15;9;20;2225;5;2;7;1;6;201;REPUBLIQUE (PLACE DE LA);M;0;0;910
201500036724;15;1;4;632;5;2;1;1;6;657;PIERRE MARIN (RUE);;;;910
201500036725;15;9;22;2130;5;2;1;2;4;201;5, RIS (RUE DE);M;4380000;250000;910
201500036726;15;9;24;1125;1;2;1;1;1;657;2A, HENRI CHARON (AVENUE;M;0;0;910
201500036727;15;9;29;1930;1;2;1;1;3;201;HENRI BARBUSSE(AV;M;4869020;241111;910
201500036728;15;9;11;1800;1;2;1;1;1;201;14, AUGUSTE BLANQUI(AVEN;M;4868864;241663;910
201500036729;15;10;14;1737;1;2;2;8;3;201;EUGENE DELACROIX(AVENUE);M;4867790;242314;910
201500036730;15;10;17;1440;1;2;3;1;6;657;127, PIERRE BROSSOLETTE;M;4870123;243840;910
201500036731;15;10;17;1140;1;2;1;1;2;657;80, HENRI BARBUSSE (AVEN;M;4870150;242414;910
201500036732;15;10;26;1845;1;2;1;1;4;201;149, HENRI BARBUSSE(BOUL;M;4869451;241382;910
201500036733;15;10;28;705;2;2;3;2;3;657;TOURELLE (AVENUE DE LA );M;4869256;244501;910
201500036734;15;11;2;2115;5;2;1;1;1;657;114, HENRI BARBUSSE (AVE;M;0;0;910
201500036735;15;11;3;2130;5;2;6;1;6;657;LONGUERAIE (RUE DE LA );M;4871383;243296;910
201500036736;15;11;6;1520;1;2;2;3;3;657;17, CHENES (RUE DES );M;4869419;243636;910
201500036737;15;11;6;2215;5;2;1;2;7;201;39, HENRI BARBUSSE(AV;;;;910
201500036738;15;11;12;1500;1;2;3;1;3;657;HENRI BARBUSSE (AVENUE);M;4870059;242107;910
201500036739;15;11;14;1720;5;2;1;1;3;201;65, HENRI BARBUSSE(AV;M;4867470;241177;910
201500036740;15;11;18;1055;1;2;1;1;2;657;96, HENRI BARBUSSE (AVEN;M;0;0;910
201500036741;15;11;22;1450;1;2;1;1;3;657;72, HENRI BARBUSSE (AVEN;M;4870090;242219;910
201500036742;15;11;25;2125;5;2;6;2;7;201;GENERAL DE GAULLE(BOULEV;M;4868827;239070;910
201500036743;15;11;26;1200;1;2;3;1;6;201;GRANGER (AVENUE);M;4868382;240848;910
201500036744;15;11;27;710;5;2;1;5;7;201;GENERAL DE GAULLE(BOULEV;M;4868822;239196;910
201500036745;15;11;26;1905;5;2;1;1;4;201;EUROPE(AVENUE DE L');M;4868644;243350;910
201500036746;15;12;5;1920;5;2;1;1;3;657;HENRI BARBUSSE (AVENUE);M;0;0;910
201500036747;15;12;5;2010;5;2;1;1;3;657;2 BIS, HENRI CHARON (AVE;M;4870672;242116;910
201500036748;15;12;8;1610;1;2;2;2;6;201;PIERRE BROSSOLETTE (RUE);M;4868383;241527;910
201500036749;15;12;12;2340;5;2;1;1;2;201;80-82, HENRI BARBUSSE(AV;M;4867777;241060;910
201500036750;15;12;17;1055;1;2;1;1;6;201;44, FERDINAND BUISSON(RU;M;4867452;240806;910
201500036751;15;12;18;1340;1;2;1;1;6;657;2, CONCORDE (AVENUE);M;4870805;241605;910
201500036752;15;12;18;2155;5;2;1;8;3;657;PIERRE MARIN (RUE);M;4870334;241357;910
201500036753;15;12;20;1845;2;2;3;1;3;201;EUGENE DELACROIX(AVENUE);M;4867547;241603;910
201500036754;15;12;22;1830;5;1;1;1;6;201;230, HENRI BARBUSSE(BOUL;M;4868694;240894;910
201500036755;15;12;28;1435;1;2;1;1;4;201;149 bis, HENRI BARBUSSE(;M;4869461;241397;910
201500036756;15;12;30;1800;5;2;1;1;6;201;PORT AUX DAMES(QUAI+RUE;M;4868051;239774;910
201500036757;15;1;11;1645;1;2;2;1;6;201;HENRI BARBUSSE(AV);;;;910
201500036758;15;2;13;1330;1;2;2;1;6;201;HENRI BARBUSSE(AV);;;;910
201500036759;15;2;19;1830;1;2;2;1;1;657;MARECHAL FOCH (RUE);;;;910
201500036760;15;1;24;1145;1;2;2;9;3;657;JULES VERNE (RUE);;;;910
201500036761;15;1;25;1530;1;2;9;9;4;201;GENERAL DE GAULLE(BOULEV;;;;910
201500036762;15;1;28;2005;4;2;2;9;3;201;MAINVILLE(RUE DE);;;;910
201500036763;15;2;7;1815;5;2;2;1;1;657;PAUL VAILLANT COUTURIER;;;;910
201500036764;15;1;7;1545;1;2;1;1;7;223;32, MOULIN A TAN (RUE DU;;;;910
201500036765;15;3;7;1600;1;2;1;1;1;223;08 MAI 1945 (AVENUE);;;;910
201500036766;15;1;18;200;4;2;1;1;6;223;6, SAINT MARTIN (RUE);;;;910
201500036767;15;3;10;1230;1;1;1;1;7;223;RN20;;;;910
201500036768;15;1;20;930;1;1;1;1;7;223;RD63;;;;910
201500036769;15;3;11;1600;1;2;1;1;2;433;G. DE GAULLE (av);;;;910
201500036770;15;1;22;2025;5;2;1;1;6;223;4, PONT SAINT JEAN (RUE;;;;910
201500036771;15;3;23;1725;1;2;1;1;6;223;6, SAINT ANTOINE (RUE);;;;910
201500036772;15;1;28;1545;1;1;1;2;7;433;RD 191;;;;910
201500036773;15;3;28;2340;5;2;3;1;1;223;SAINT MARTIN (RUE;;;;910
201500036774;15;1;30;1510;1;1;1;1;7;433;RUE GRANGE DES NOYERS;;;;910
201500036775;15;4;3;1820;1;1;1;1;4;223;RN20;;;;910
201500036776;15;2;4;1154;1;2;1;1;3;223;11, HENRI IV (BOULEVARD);;;;910
201500036777;15;4;6;1630;1;1;1;1;7;433;3, AUVERS (RUE D');;;;910
201500036778;15;2;11;1135;1;2;1;1;6;223;BERCHERE (BOULEVARD);;;;910
201500036779;15;4;8;1200;1;1;1;1;1;223;RN20;;;;910
201500036780;15;2;14;1830;2;1;1;1;7;223;RD PT  AV C. DE GAULLE;;;;910
201500036781;15;4;9;25;3;2;3;1;6;223;SAINT MICHEL (Bld);;;;910
201500036782;15;2;15;1150;1;1;1;1;6;223;RN20;;;;910
201500036783;15;4;10;1550;1;2;1;1;7;223;39, CORDELIERS (RUE DES);;;;910
201500036784;15;2;18;1050;1;2;1;1;6;223;RD 191;;;;910
201500036785;15;4;13;1400;1;2;1;1;2;223;01, SAINT MICHEL (BOULEV;;;;910
201500036786;15;2;19;1055;1;2;7;1;6;223;HOTEL DE VILLE (PLCE);;;;910
201500036787;15;4;14;1530;1;2;1;1;7;109;LARIS (CHEMIN DU);;;;910
201500036788;15;4;17;2240;3;2;1;1;6;469;GRANDES NEIGES (chemin);;;;910
201500036789;15;2;21;345;5;1;9;1;7;433;RD63;;;;910
201500036790;15;4;22;135;3;1;1;1;7;223;RN20;;;;910
201500036791;15;2;24;740;2;1;1;1;7;433;CD 63;;;;910
201500036792;15;2;25;1430;1;2;3;2;3;223;MOREAU (RUE LOUIS;;;;910
201500036793;15;4;28;1248;1;1;1;1;6;223;1, DE GAULLE (AVENUE CHA;;;;910
201500036794;15;4;29;1730;1;2;3;1;3;223;1, BERCHERE (BOULEVARD);;;;910
201500036795;15;2;27;1920;5;2;1;1;2;223;1, MAI 1945 (AVENUE DU 8;;;;910
201500036796;15;2;27;1945;5;2;1;1;1;223;MONTFAUCON (BOULE;;;;910
201500036797;15;5;11;1355;1;2;1;1;6;223;154, REPUBLIQUE (RUE DE;;;;910