num_acc;an;mois;jour;hrmn;lum;agg;int;atm;col;com;adr;gps;lat;long;dep
201500036798;15;5;18;1255;1;2;1;1;2;223;40, REPUBLIQUE (RUE DE L;M;4843455;216462;910
201500036799;15;5;21;255;3;1;6;1;6;433;RN20;M;4846684;218279;910
201500036800;15;5;28;1830;1;2;1;1;6;223;4, REVERSELEUX (RUE);M;4842308;214660;910
201500036801;15;6;2;1300;1;2;1;1;6;223;Av. GEOFFROY ST HILAIRE;;;;910
201500036802;15;6;6;1125;1;2;1;1;6;223;MOREAU (RUE LOUIS);;;;910
201500036803;15;6;6;2015;1;1;1;1;1;433;RD 191;;;;910
201500036804;15;6;12;1120;1;1;1;1;6;433;10, RUE DE LA LIBERATION;;;;910
201500036805;15;6;14;1640;1;2;1;1;2;223;COQUERIVE (AVENUE;;;;910
201500036806;15;6;16;1600;1;2;2;1;3;223;MOREAU (RUE LOUIS;;;;910
201500036807;15;6;21;1540;1;2;1;1;3;223;8, RUE JEAN MERMOZ;;;;910
201500036808;15;6;24;1843;1;1;3;1;3;433;RD63;;;;910
201500036809;15;7;6;45;5;1;1;1;7;223;R.N.20;;;;910
201500036810;15;7;11;1800;1;1;1;1;7;223;RN20;;;;910
201500036811;15;7;13;1650;1;2;6;1;3;223;BONNEVAUX (AVENUE;;;;910
201500036812;15;7;13;1940;1;1;1;1;7;223;RD63;;;;910
201500036813;15;7;21;1215;1;1;1;1;5;223;RN20;;;;910
201500036814;15;7;23;45;3;2;1;1;6;223;SAINT ANTOINE (RUE);;;;910
201500036815;15;7;26;1440;1;1;1;2;6;223;RN20;;;;910
201500036816;15;7;26;1525;1;2;1;2;6;223;164, SAINT JACQUES (RUE);;;;910
201500036817;15;8;3;1515;1;2;1;1;2;433;PONTS (RUE DES);;;;910
201500036818;15;8;12;1210;1;2;7;1;2;223;PLCE GENERAL ROMANET;;;;910
201500036819;15;8;17;1500;1;2;1;1;7;433;3, ROCHES (CHEMIN DES);;;;910
201500036820;15;8;19;1900;1;1;1;1;3;223;RN20;;;;910
201500036821;15;8;21;1755;1;1;2;1;1;223;RD 721;;;;910
201500036822;15;8;27;2140;5;2;1;3;1;223;1, COQUERIVE (AVENUE DE);;;;910
201500036823;15;8;28;1820;1;2;1;1;6;223;37, REVERSELEUX (RUE);;;;910
201500036824;15;8;31;1730;1;2;1;1;7;223;135, PARIS (AVENUE DE);;;;910
201500036825;15;9;12;840;1;1;1;1;7;223;RN20;;;;910
201500036826;15;9;13;430;5;2;1;2;7;223;8 MAI 1945 (AVENUE;;;;910
201500036827;15;9;16;2000;5;2;1;1;6;433;TILLEULS (RUE DES;;;;910
201500036828;15;9;18;1425;1;2;3;1;2;223;PERRAY (RUE DU);;;;910
201500036829;15;9;18;1800;1;2;3;1;3;223;162, SAINT JACQUES (RUE);;;;910
201500036830;15;9;20;2010;1;2;3;1;3;223;NEUVE ST-GILLES (RUE);;;;910
201500036831;15;9;25;1725;1;1;6;1;5;433;RN20;;;;910
201500036832;15;9;29;1020;1;2;1;1;2;223;LYS (RUE DES);;;;910
201500036833;15;9;30;1440;1;1;1;1;7;433;RD 191;;;;910
201500036834;15;10;1;1825;1;2;1;1;6;223;3, HENRI IV (BOULEVARD);;;;910
201500036835;15;10;6;705;2;2;1;2;6;223;9, SAINT JACQUES (RUE);;;;910
201500036836;15;10;6;1100;1;1;1;2;7;223;RD721;;;;910
201500036837;15;10;6;2030;5;2;1;1;6;223;8 MAI 1945 (AVENUE;;;;910
201500036838;15;10;9;955;1;2;1;1;6;223;AVENUE DE LA LIBERATION;;;;910
201500036839;15;10;12;1400;1;1;1;1;6;469;CARNAUX (RUE DES);;;;910
201500036840;15;10;13;1730;1;2;3;1;3;223;Av. GEOFFROY ST HILAIRE;;;;910
201500036841;15;10;16;1420;1;1;2;1;1;223;RD721;;;;910
201500036842;15;10;18;1455;1;2;1;1;7;223;LYS (RUE DES);;;;910
201500036843;15;10;20;1715;1;2;3;1;2;223;FILOIR (RUE DU);;;;910
201500036844;15;10;27;1900;1;2;1;2;4;223;8 MAI 1945 (AVENUE;;;;910
201500036845;15;10;31;340;5;2;1;1;6;223;LIBERATION (SQUARE;;;;910
201500036846;15;11;1;1120;1;2;1;1;6;223;ST JACQUES DE BEZEGOND;;;;910
201500036847;15;11;5;1750;2;2;1;2;6;223;03, CHARPENTIER (AVENUE;;;;910
201500036848;15;11;9;1700;1;1;1;1;2;433;RN20;;;;910
201500036849;15;11;14;1750;2;2;1;1;6;223;PONT SAINT JEAN (RUE);;;;910
201500036850;15;11;17;1000;1;1;1;2;7;223;RN20;;;;910
201500036851;15;11;17;1830;5;2;1;2;6;223;BERCHERE (BOULEVARD;;;;910
201500036852;15;11;17;2235;3;1;3;1;3;469;D721;;;;910
201500036853;15;11;22;1220;1;1;1;1;1;469;D721;;;;910
201500036854;15;11;27;740;2;1;1;1;6;433;RN20;;;;910
201500036855;15;11;27;2030;3;1;1;1;7;223;RN20;;;;910
201500036856;15;12;3;651;3;1;1;1;5;469;D721;;;;910
201500036857;15;12;4;655;3;1;1;1;4;223;RN20;;;;910
201500036858;15;12;8;805;3;1;1;1;4;223;RN20;;;;910
201500036859;15;12;13;1930;3;1;3;1;5;223;RN20;;;;910
201500036860;15;12;15;1730;1;1;1;1;6;223;FARMAN (AVENUE HENRI);;;;910
201500036861;15;12;16;1245;1;2;1;1;6;223;BONNEVAUX (AVENUE;M;4842988;215792;910
201500036862;15;12;19;510;3;1;1;1;7;223;RN20;M;4843344;216744;910
201500036863;15;12;19;1740;2;1;1;1;7;223;RN20;M;4839855;211890;910
201500036864;15;12;20;1510;1;2;1;1;6;223;100, SAINT JACQUES (RUE);M;4843372;215602;910
201500036865;15;12;21;830;1;1;1;1;6;433;RD 191;M;4844479;222265;910
201500036866;15;12;23;1715;2;1;1;1;3;433;RN20;M;4846839;218391;910
201500036867;15;12;23;1920;5;2;1;1;4;223;8 MAI 1945 (AVENUE;M;4844022;215548;910
201500036868;15;12;27;205;5;2;6;1;6;223;72, SAINT MICHEL (BOULEV;M;4844500;217060;910
201500036869;15;12;29;1645;1;2;3;1;1;223;NEANT, SAINT JACQUES (RU;M;4843326;215529;910
201500036870;15;12;30;1720;2;1;1;1;7;223;RN20;M;4842414;214157;910
201500036871;15;8;30;2030;1;2;1;1;6;228;1, MARECHAL DE LATTRE DE;;;;910
201500036872;15;7;7;1330;1;1;1;1;6;228;1, BARRE DE NANTEUIL (R.;;;;910
201500036873;15;7;17;35;5;2;2;1;6;228;MITTERAND (BD FRANCOIS);;;;910
201500036874;15;7;22;1948;1;2;2;1;6;228;EUROPE (BD) N) IMPAIR;;;;910
201500036875;15;11;12;2030;5;2;1;1;6;521;1, BROSSOLETTE (RUE PIER;M;4864559;240612;910
201500036876;15;11;21;1130;1;2;3;1;1;182;BEREGOVOY (AVENUE PIERRE;M;4861899;241039;910
201500036877;15;10;30;1912;1;2;2;1;3;228;1, DEBUSSY (RUE CLAUDE);M;4862816;244811;910
201500036878;15;9;22;1350;1;2;1;1;6;228;6, JARLAN (RUE PERE ANDR;;;;910
201500036879;15;5;28;2050;5;2;2;1;1;434;PINS (AVENUE DES);M;4864698;235859;910
201500036880;15;3;31;1045;1;2;1;1;6;687;MARMONT (AVENUE);M;4866313;237497;910
201500036881;15;4;3;2200;5;1;1;1;6;286;CORBEIL (ROUTE DE);M;4865432;238952;910
201500036882;15;9;28;2050;5;2;2;1;5;434;PINS (AVENUE DES);M;4864700;235861;910
201500036883;15;5;19;1630;1;2;1;1;1;687;VICTOR SCHOELCHER (AVENU;M;4865416;237097;910
201500036884;15;12;31;500;1;1;1;1;7;326;7, COUR DE FRANCE (AVENU;M;4868847;237122;910
201500036885;15;4;8;1600;1;2;1;1;6;326;RASPAIL (Av);;;;910
201500036886;15;12;28;815;1;2;1;1;1;286;17, CORBEIL (ROUTE DE);M;4865658;238397;910
201500036887;15;4;4;1610;1;2;3;1;3;687;PRESIDENT KENNEDY (AVENU;;;;910
201500036888;15;3;17;1505;1;2;1;1;7;326;HOCHE (RUE);M;4868677;238041;910
201500036889;15;5;31;1300;1;2;3;3;5;326;MONTTESSUY (RUE DE);M;4868446;238282;910
201500036890;15;5;30;1610;1;2;2;1;3;687;GENERAL DE GAULLE (AVENU;M;4867590;238533;910
201500036891;15;12;29;1150;1;2;1;1;1;687;VICTOR BASCH (RUE);M;4868298;238115;910
201500036892;15;6;8;1500;1;2;3;1;3;434;COMMANDANT BARRE (AVENUE;M;4866250;236006;910
201500036893;15;1;12;1430;1;2;7;1;3;434;AIMEE ET MARIE GEOFFREY;M;4864601;235354;910
201500036894;15;6;16;1510;1;2;1;1;1;286;RN7;M;4866894;239338;910
201500036895;15;11;23;720;2;2;3;2;3;687;BOULEAUX (AVENUE DES);M;4865452;236409;910
201500036896;15;7;11;1830;1;2;2;1;3;326;ALEXANDRE PIVER (RUE);;;;910
201500036897;15;6;8;1800;1;2;1;1;2;687;2, DE CHATILLON (QUAI);M;4868200;228500;910
201500036898;15;8;10;1440;1;2;1;1;6;687;CHARLES PEGUY (ALLEE);M;4865989;236553;910
201500036899;15;9;2;455;5;2;2;1;6;286;1, CORBEIL (ROUTE DE);M;4865690;238958;910
201500036900;15;1;9;1550;1;2;1;2;2;687;CHATILLON (RUE DE);;;;910
201500036901;15;1;21;830;2;2;1;1;2;286;PREMIERE ARMEE (AVENUE);;;;910
201500036902;15;1;27;820;1;2;1;1;6;326;GAMBETTA (QUAI);;;;910
201500036903;15;2;14;735;1;2;1;1;6;687;PRESIDENT KENNEDY (AVENU;;;;910
201500036904;15;2;27;1710;1;2;1;1;6;326;MONTTESSUY (RUE DE);;;;910
201500036905;15;1;9;1840;5;2;3;8;6;345;CORBEIL (ROUTE DE);;;;910
201500036906;15;1;14;750;2;2;1;8;6;345;159, PRESIDENT FRANCOIS;;;;910
201500036907;15;2;12;1650;1;2;1;1;6;161;38, Rue P. MENDES FRANCE;;;;910
201500036908;15;3;2;1930;4;2;1;1;3;161;MAZARIN (AVENUE);;;;910
201500036909;15;2;13;1315;1;1;6;1;5;161;JEAN MOULIN (ROND POINT;;;;910
201500036910;15;3;8;1200;1;2;2;1;3;345;rue de l'Yvette;;;;910
201500036911;15;2;17;530;3;2;3;1;3;345;84, PRESIDENT FRANCOIS M;;;;910
201500036912;15;3;13;835;1;2;1;1;6;161;3, PIERRE BROSSOLETTE (A;;;;910
201500036913;15;2;25;1150;1;2;1;2;6;161;87, GRAVIGNY (RUE DE);;;;910
201500036914;15;4;2;1233;1;2;1;2;3;161;GRAVIGNY (RUE DE);M;0;0;910
201500036915;15;4;3;1405;1;2;3;3;1;345;HOTEL DES POSTES (RUE DE;M;0;0;910
201500036916;15;4;9;1920;1;2;1;1;5;161;36, PIERRE BROSSOLETTE (;M;0;0;910
201500036917;15;4;28;815;1;2;1;1;3;161;9, LONGJUMEAU (route de);M;0;0;910
201500036918;15;4;30;1940;1;2;1;2;2;161;PIERRE BROSSOLETTE (AVEN;M;0;0;910
201500036919;15;5;13;1620;1;2;3;1;1;345;27, CORBEIL (ROUTE DE);M;0;0;910
201500036920;15;5;20;845;1;2;1;1;3;161;CD 120;M;0;0;910
201500036921;15;5;16;2135;2;2;1;1;6;345;CORBEIL (ROUTE DE);M;0;0;910
201500036922;15;5;27;1900;1;2;2;1;1;161;PIERRE BROSSOLETTE (AVEN;M;0;0;910
201500036923;15;6;5;1600;1;2;9;1;3;161;32, PIERRE BROSSOLETTE (;M;0;0;910
201500036924;15;6;9;1635;1;2;1;1;6;345;ROUX DR (RUE DU);M;0;0;910
201500036925;15;6;24;1910;1;2;1;1;3;161;3, LONGJUMEAU (route de);M;0;0;910
201500036926;15;6;25;1854;1;2;9;1;3;161;18, PASSERELLE (RUE DE L;M;;;910
201500036927;15;6;26;1453;1;2;3;1;2;345;GENERAL DE GAULLE (AVENU;M;0;0;910
201500036928;15;4;23;2005;1;2;1;1;6;345;RUE RENE CASSIN;M;0;0;910
201500036929;15;6;29;1700;1;2;1;1;3;345;CORBEIL (ROUTE DE);;;;910
201500036930;15;5;30;600;2;2;1;1;6;161;MAZARIN (AVENUE);M;4870575;231404;910
201500036931;15;7;3;1705;1;2;2;1;6;345;1, Yvette rue de l';M;4869500;229417;910
201500036932;15;7;8;1745;1;2;6;1;3;161;JEAN MOULIN (ROND POINT;M;0;0;910
201500036933;15;7;20;600;1;2;2;1;3;161;MAZARIN (AVENUE);;;;910
201500036934;15;9;11;1835;1;2;1;1;4;161;MAZARIN (AVENUE);;;;910
201500036935;15;9;15;1300;1;2;2;1;6;345;LIEVAIN (BOULEVARD);;;;910
201500036936;15;9;18;730;1;2;2;1;6;161;MITTERRAND PDT FRANCOIS;;;;910
201500036937;15;9;23;1150;1;1;1;1;6;161;WISSOUS (ROUTE DE);;;;910
201500036938;15;9;27;1125;1;2;1;1;6;161;PIERRE BROSSOLETTE (AVEN;;;;910
201500036939;15;9;29;900;1;2;3;1;3;161;38, LONGJUMEAU (route de;;;;910
201500036940;15;10;16;630;5;2;1;2;3;161;28, LONGJUMEAU (route de;;;;910
201500036941;15;10;20;1940;5;2;2;2;3;345;GENERAL DE GAULLE (AVENU;M;4869771;229907;910
201500036942;15;10;31;1615;1;2;6;1;6;161;DIEMA (CARREFOUR DE);;;;910
201500036943;15;11;5;800;1;1;1;1;4;345;rue Maurice;;;;910
201500036944;15;11;26;2140;5;2;1;1;6;345;4, CATHELIN DR (BOULEVAR;M;4868714;229006;910
201500036945;15;12;14;1920;5;2;2;1;6;161;PASSERELLE (RUE DE LA);M;4870028;231800;910
201500036946;15;12;15;900;1;1;6;2;3;161;JEAN MOULIN (ROND POINT;M;4871184;231019;910
201500036947;15;12;16;1810;5;2;1;2;6;161;11, PIERRE BROSSOLETTE (;M;4870126;231927;910
201500036948;15;12;19;1000;1;2;2;1;6;345;6, PRESIDENT FRANCOIS MI;M;4869974;229615;910
201500036949;15;12;18;1540;1;1;3;2;3;345;157, CORBEIL (ROUTE DE);M;4868095;231366;910
201500036950;15;12;29;1750;3;1;3;1;1;161;4, HELENE BOUCHER (RUE);M;4871517;230370;910
201500036951;15;2;12;1530;1;2;1;1;6;377;AMPERE (RUE);;;;910
201500036952;15;10;21;1620;1;1;1;1;1;689;FRESNES (CHEMIN);M;4874352;232979;910
201500036953;15;3;18;750;1;2;1;1;6;377;BASCH (RUE VICTOR);;;;910
201500036954;15;3;20;2020;1;2;6;1;4;377;DIX-NEUF MARS 1962 (ROND;;;;910
201500036955;15;3;28;955;1;2;6;1;2;377;ALLENDE (ROND POINT SALV;;;;910
201500036956;15;4;3;1615;1;2;1;1;4;377;ORLEANS (IMPASSE D');;;;910
201500036957;15;4;6;35;5;2;1;1;2;377;SERGENT (RUE LUCIEN);;;;910
201500036958;15;11;5;1845;2;1;2;1;3;377;CHAMPARTS (RUE DES);M;4871666;228333;910
201500036959;15;4;8;1350;1;2;1;1;2;377;NATIONALE (AVENUE);;;;910
201500036960;15;4;8;1350;1;2;1;1;2;377;AULNAY DRACOURT (IMPASSE;;;;910
201500036961;15;4;14;1335;1;2;1;1;1;689;BERTHELOT (RUE MARCELIN);;;;910
201500036962;15;4;15;1225;1;2;1;1;1;377;KENNEDY (AVENUE DU PRESI;;;;910
201500036963;15;8;6;1300;1;2;1;1;1;689;06, EUROPE (BOULEVARD DE;M;4873636;233653;910
201500036964;15;4;17;1645;1;2;1;1;6;377;7, ROME (RUE DE);;;;910
201500036965;15;4;29;1945;2;2;1;1;3;689;5-6, ANTONY (ROUTE D');;;;910
201500036966;15;5;9;45;5;2;1;1;2;377;KENNEDY (AVENUE DU PRESI;;;;910
201500036967;15;5;29;1120;1;2;1;1;6;377;CARNOT (AVENUE);M;0;0;910
201500036968;15;5;23;1630;1;2;2;1;3;377;MONTPELLIER (RUE DE);;;;910
201500036969;15;6;3;1800;1;2;1;1;2;377;EUROPE (AVENUE DE L');M;4871670;226667;910
201500036970;15;6;9;1805;1;2;1;1;6;377;SAINT-MARC (AVENUE);M;4871670;228333;910
201500036971;15;6;11;1630;1;2;3;1;5;377;LONGJUMEAU (RUE DE);M;4871670;226667;910
201500036972;15;6;12;1720;1;2;1;1;3;689;10, ARAGO (BOULEVARD);M;4843000;219000;910
201500036973;15;1;13;1820;5;2;1;1;3;377;84, PARIS (RUE DE);;;;910
201500036974;15;6;19;948;1;2;2;1;1;377;KENNEDY (AVENUE DU PRESI;M;4873333;228333;910
201500036975;15;1;14;835;5;2;1;2;3;377;1, EFFORT-MUTUEL (RUE DE;;;;910
201500036976;15;1;17;2035;5;2;1;1;3;377;LECLERC (AVENUE DU;;;;910
201500036977;15;7;17;1820;1;2;1;1;6;377;DE LATTRE DE TASSIGNY (A;;;;910
201500036978;15;1;21;2110;1;2;1;1;3;377;KENNEDY (AVENUE DU PRESI;;;;910
201500036979;15;7;26;1935;1;2;3;2;3;377;DE LATTRE DE TASSIGNY (A;M;4840000;216000;910
201500036980;15;1;26;1420;1;2;1;1;4;377;EUROPE (AVENUE DE L');;;;910
201500036981;15;1;28;1225;1;2;1;1;6;377;2, FRANCE (AVENUE DE);;;;910
201500036982;15;7;30;1225;1;2;1;1;2;377;PALAISEAU (ROUTE DE);;;;910
201500036983;15;3;7;1055;1;2;1;1;3;689;EUROPE (BOULEVARD DE L');;;;910
201500036984;15;9;1;1930;1;2;1;1;3;377;EUROPE (AVENUE DE L');M;4872675;227805;910
201500036985;15;3;9;1750;1;2;1;1;3;377;CARNOT (AVENUE);;;;910
201500036986;15;9;6;1340;1;2;1;1;3;377;BEL-AIR (AVENUE DU);M;4873033;230261;910
201500036987;15;3;13;2025;2;2;1;1;6;377;EUROPE (AVENUE DE L');;;;910
201500036988;15;9;9;1820;1;2;1;1;3;377;BAUDOT (RUE EMILE);M;4843000;215000;910
201500036989;15;9;16;604;5;2;1;2;1;377;EUROPE (AVENUE DE L');;;;910
201500036990;15;8;14;1730;1;2;1;3;6;377;BASCH (RUE VICTOR);;;;910
201500036991;15;10;13;820;1;2;1;1;2;377;DE LATTRE DE TASSIGNY (A;M;4871670;228333;910
201500036992;15;10;14;1545;1;2;1;1;6;377;CANADIENS (RUE DES);;;;910
201500036993;15;10;26;1905;2;2;2;1;3;377;MIGNEAUX (RUE DES);;;;910
201500036994;15;11;3;750;1;2;1;2;3;377;35, PALAISEAU (ROUTE DE);M;4843000;214000;910
201500036995;15;11;16;1608;1;2;1;2;6;377;ALLENDE (AVENUE DU PRESI;M;4873100;225642;910
201500036996;15;12;2;1730;5;2;1;1;6;377;REPUBLIQUE (AVENUE DE LA;M;4873471;229551;910
201500036997;15;12;9;1600;1;1;1;7;1;689;2, EUROPE (BOULEVARD DE;;;;910
201500036998;15;12;15;1840;5;2;1;3;6;377;EUROPE (AVENUE DE L');M;4872683;227802;910
201500036999;15;12;18;1950;5;2;3;1;7;377;KENNEDY (AVENUE DU PRESI;M;4873972;230081;910
201500037000;15;10;16;1220;1;2;1;2;1;691;MARCEAU BAILLIOT (RUE);M;4870863;249473;910
201500037001;15;6;7;2300;5;2;1;1;4;421;NATIONALE 6 ( FORET);M;4868384;248938;910
201500037002;15;12;31;1740;1;2;1;1;2;421;CORBEIL (ROUTE DE);M;4871813;244319;910
201500037003;15;6;6;1850;1;2;2;1;3;691;GABRIEL PERI(RUE) DU N°4;M;4870655;248808;910
201500037004;15;1;7;1740;1;2;1;1;6;421;BOIS (RUE DES);;;;910
201500037005;15;6;20;1055;1;2;1;1;6;421;CHARLES DE GAULLE (AVENU;M;4869632;245640;910
201500037006;15;6;30;45;3;1;1;1;2;421;RN 6 (GLACIERE);M;4869458;244717;910
201500037007;15;1;13;820;1;2;1;1;4;421;REPUBLIQUE (AVENUE DE LA;;;;910
201500037008;15;7;3;1710;1;2;1;1;1;691;14, ABBAYE(RUE);M;4871077;249816;910
201500037009;15;1;14;1950;5;2;1;1;6;691;181, GABRIEL PERI(RUE);;;;910
201500037010;15;11;26;1400;1;2;1;1;6;691;RENE COTY(RUE);;;;910
201500037011;15;7;10;1725;1;1;1;1;2;421;NATIONALE 6 (CES POMPIDO;;;;910
201500037012;15;1;16;1935;5;2;3;1;3;691;RAYMOND POINCARE(RUE);;;;910
201500037013;15;6;12;1905;1;2;1;1;2;691;4, GABRIEL PERI(RUE) DU;M;4871199;248800;910
201500037014;15;1;31;1805;2;1;1;1;7;421;NATIONALE 6 (CES POMPIDO;;;;910
201500037015;15;7;24;1745;1;2;6;1;1;691;CONCY(RUE);M;4870819;248250;910
201500037016;15;2;2;1730;2;2;1;1;3;421;REPUBLIQUE (AVENUE DE LA;;;;910
201500037017;15;8;7;1715;1;1;1;3;4;421;NATIONALE 6 (PARTIE FORE;M;4868218;249105;910
201500037018;15;2;12;855;1;2;1;1;6;421;01, CHARLES DE GAULLE (A;;;;910
201500037019;15;6;16;1725;1;1;1;1;4;421;NATIONALE 6 ( FORET);M;4868619;248665;910
201500037020;15;2;16;130;4;1;1;1;2;421;NATIONALE 6 (GLACIERE);;;;910
201500037021;15;12;16;1220;1;2;1;2;3;691;MARCEAU BALLIOT (RUE);M;4870768;249551;910
201500037022;15;8;21;1825;1;2;2;1;3;421;PIERRE CURIE (RUE);M;4870731;243860;910
201500037023;15;2;28;2110;5;2;1;1;2;691;GABRIEL PERI(RUE);;;;910
201500037024;15;9;9;1025;1;1;1;1;2;421;CHARLES DE GAULLE (AV;;;;910
201500037025;15;3;7;1510;1;1;1;1;2;421;RN 6 (REVEIL MATIN);;;;910
201500037026;15;12;17;2045;1;2;1;1;2;421;JEAN JAURES (AVENUE);M;4871560;244706;910
201500037027;15;9;10;1635;1;1;1;1;1;691;33, CORNEILLE(RUE);M;4869648;248035;910
201500037028;15;3;7;1720;1;2;1;1;4;421;CHARLES DE GAULLE (AVENU;;;;910
201500037029;15;9;11;815;1;2;3;1;2;691;GRANGE(AVENUE);M;4872259;249849;910
201500037030;15;2;23;910;1;1;1;2;3;691;RD 94;;;;910
201500037031;15;9;17;1530;1;2;4;1;1;691;06, RENE COTY(RUE);M;4871850;248833;910
201500037032;15;3;8;2230;4;1;1;1;4;421;RN 6 (CES POMPIDOU);;;;910
201500037033;15;9;21;1045;1;2;1;1;6;691;GARE (RUE DE LA);M;4870690;248403;910
201500037034;15;3;25;1755;1;2;1;2;2;421;110, REPUBLIQUE (AVENUE;;;;910
201500037035;15;9;22;1730;1;1;1;1;1;421;SAULES (CHEMIN DES);M;4869360;244747;910
201500037036;15;3;25;1830;2;2;1;2;6;691;1, MARECHAL FOCH;;;;910
201500037037;15;9;30;820;1;1;1;1;2;421;RN 6 (REVEIL MATIN);M;4871841;244304;910
201500037038;15;1;12;855;1;2;3;1;3;191;., LEON JOUHAUX (AVENUE);;;;910
201500037039;15;10;1;1950;1;2;1;1;2;421;RAYMOND PAUMIER (RUE);M;4870420;244639;910
201500037040;15;3;30;1730;1;2;3;1;1;691;RESISTANCE(AVENUE);;;;910
201500037041;15;10;3;710;5;2;1;1;1;691;MARCEAU BAILLIOT (RUE);M;4870920;249361;910
201500037042;15;3;14;1300;1;2;1;1;2;691;GOURGAUD(AVENUE);;;;910
201500037043;15;9;19;2105;3;2;1;1;6;691;MARCEAU BAILLOT (RUE);M;4870800;249525;910
201500037044;15;4;2;1630;1;2;3;1;3;691;;;;;910
201500037045;15;10;13;2025;5;2;1;1;6;421;130, REPUBLIQUE (AVENUE;M;4870320;246217;910
201500037046;15;4;5;1900;1;2;2;1;3;691;GUILLAUME BUDE(RUE);;;;910
201500037047;15;7;5;120;5;1;1;1;6;421;NATIONALE 6 (PARTIE FORE;M;4869082;245419;910
201500037048;15;4;12;1530;1;2;6;1;3;691;GARE(RUE);;;;910
201500037049;15;10;14;2015;4;2;1;1;1;421;SENART (AVENUE DE);M;4870050;247603;910
201500037050;15;4;12;2135;2;2;1;1;3;691;06, PASTEUR (RUE);;;;910
201500037051;15;4;18;925;1;2;1;1;6;421;CHARLES DE GAULLE (AVENU;;;;910
201500037052;15;10;30;1550;1;1;1;1;4;421;RN 6 (PARTIE FORET);M;4872130;244300;910
201500037053;15;10;30;2035;5;2;1;1;6;421;DOCTEUR BESSON (RUE DU);M;4869915;245525;910
201500037054;15;4;21;1825;1;2;1;1;4;691;RAYMOND POINCARE(RUE);;;;910
201500037055;15;4;24;1400;1;2;1;1;2;421;CORBEIL (ROUTE DE);;;;910
201500037056;15;11;17;1030;1;2;3;2;5;691;CHARLE DE GAULLE(RUE);M;4871604;249070;910
201500037057;15;4;26;1900;1;2;1;1;6;691;MARC SANGNIER(RUE);;;;910
201500037058;15;11;17;1350;1;1;1;2;2;421;NATIONALE 6 (PARTIE FORE;M;4869154;245189;910
201500037059;15;2;19;700;5;2;2;1;3;421;95, JEAN JAURES (AVENUE);;;;910
201500037060;15;11;6;1800;5;2;1;1;4;421;JEAN JAURES (AVENUE);M;4871440;244806;910
201500037061;15;5;3;500;3;2;1;1;2;421;REVEIL MATIN (RUE DU);;;;910
201500037062;15;11;8;1505;1;2;1;1;6;691;10, JULIEN(RUE);M;4869760;247519;910
201500037063;15;11;8;1535;1;2;3;1;3;421;CHARLES DE GAULLE (AVENU;M;4869680;245786;910
201500037064;15;5;17;745;1;2;1;1;2;691;200, RAYMOND POINCARE(RU;;;;910
201500037065;15;5;1;1820;1;1;1;1;3;421;NATIONALE 6 (PARTIE FORE;;;;910
201500037066;15;11;10;810;2;2;1;1;2;421;BOIS (RUE DES);M;4870630;245411;910
201500037067;15;12;1;1535;1;2;1;1;6;691;4, MARC SANGNIER(RUE);M;4871388;248918;910
201500037068;15;5;24;1615;1;1;1;1;2;421;NATIONALE 6 ( FORET);;;;910
201500037069;15;5;24;2300;5;2;1;1;6;421;151, REPUBLIQUE (AVENUE;;;;910
201500037070;15;10;16;1150;1;2;1;1;1;691;5, RENE COTY(RUE);M;4871788;249655;910
201500037071;15;5;26;1635;1;2;1;1;6;421;VIGNES (IMPASSE DES);;;;910
201500037072;15;10;16;1620;1;2;1;1;1;691;GRANGE(AVENUE);M;0;0;910
201500037073;15;12;21;1810;1;1;1;1;5;421;NATIONALE 6 (PARTIE FORE;M;4869049;245745;910
201500037074;15;12;23;1615;1;2;1;1;3;421;CORBEIL (ROUTE DE);M;4870570;243930;910
201500037075;15;12;27;1840;2;1;1;1;6;421;NATIONALE 6 (PARTIE FORE;M;4868263;249088;910
201500037076;15;1;1;335;3;2;1;8;6;692;TROPIQUES (AVENUE DES);;;;910
201500037077;15;12;26;1711;1;1;6;1;3;692;RD35;M;4867533;219276;910
201500037078;15;4;1;1325;1;2;2;1;2;477;STALINGRAD (AVENUE DE);;;;910
201500037079;15;1;23;750;2;2;3;1;1;477;PALAISEAU (BOULEVARD;;;;910
201500037080;15;4;3;630;3;1;1;2;3;692;CD35;;;;910
201500037081;15;1;22;750;2;2;1;1;6;477;31, GENERAL LECLERC (AVE;;;;910
201500037082;15;4;3;1045;1;1;1;1;3;692;OCEANIE (AVENUE DE L');;;;910
201500037083;15;1;26;1910;5;2;1;2;6;645;CHATENAY (VOIE DE);;;;910
201500037084;15;4;7;1530;1;1;1;1;6;645;12, allйe des meuniers;;;;910
201500037085;15;1;31;1220;1;2;6;2;2;477;2, GUTENBERG (RUE);;;;910
201500037086;15;4;10;820;1;2;1;1;1;645;38, MARECHAL FOCH (BOULE;;;;910
201500037087;15;12;30;1600;1;2;1;1;3;477;07, PREMIER MAI (AVENUE;M;4871224;225696;910
201500037088;15;1;27;1810;5;2;1;1;6;692;DORDOGNE (AVENUE DE);;;;910
201500037089;15;4;28;805;1;2;1;1;6;122;CHARLES DE GAULLE(RUE;;;;910
201500037090;15;2;8;1345;1;2;1;1;3;312;DOCTEUR ROUX (RUE DU);;;;910
201500037091;15;11;6;1640;1;1;1;1;1;122;16 BIS, GUYONNERIE (rue;M;4870376;216158;910
201500037092;15;5;12;1030;1;2;1;1;2;645;103, ESTIENNES D ORVES (;;;;910
201500037093;15;12;16;1340;1;2;3;1;6;122;4, FOCH (AVENUE DU MAREC;M;4869347;215606;910