num_acc;an;mois;jour;hrmn;lum;agg;int;atm;col;com;adr;gps;lat;long;dep
201500037094;15;2;25;855;1;2;1;2;4;122;132, CHARTRES (ROUTE DE);;;;910
201500037095;15;5;27;2245;5;2;2;1;5;692;05, CEVENNES (RUE DES);M;4867850;217486;910
201500037096;15;2;15;2000;5;2;1;1;2;645;GEORGES POMPIDOU (AVE;;;;910
201500037097;15;5;30;2052;1;1;1;1;3;692;OCEANIE (AVENUE DE L';M;4867876;219961;910
201500037098;15;2;15;2030;5;2;1;1;6;477;Bld GRANDE CEINTURE;;;;910
201500037099;15;4;21;1430;1;1;1;1;6;692;Bat F, CHARENTES (RUE DE;;;;910
201500037100;15;3;3;1940;5;2;3;9;3;312;FERRY (RUE JULES);;;;910
201500037101;15;6;5;1300;1;2;1;1;2;477;7 bis, STALINGRAD (AVENU;;;;910
201500037102;15;2;19;1930;5;2;1;1;2;645;FOCH (BOULEVARD DU MAREC;;;;910
201500037103;15;6;7;1235;1;2;1;1;6;477;37, HOCHE (RUE LAZARE);;;;910
201500037104;15;7;1;2130;1;2;4;1;3;471;52, VERSAILLES (RUE DE);M;0;0;910
201500037105;15;7;1;2340;5;2;2;1;1;471;CHARTRES (ROUTE DE);M;4841430;841430;910
201500037106;15;3;16;735;1;2;1;1;6;122;DUBREUIL (BOULEVARD);;;;910
201500037107;15;7;3;1400;1;2;1;1;1;471;40, TERRASSE (BOULEVARD;;;;910
201500037108;15;7;3;1350;1;2;6;7;2;692;OCEANIE (AVENUE DE L';;;;910
201500037109;15;5;29;1935;1;2;1;1;2;692;TROPIQUES (AVENUE DES);;;;910
201500037110;15;7;26;418;3;1;1;1;6;692;RD35;M;0;0;910
201500037111;15;5;28;1620;1;2;3;1;3;692;CANADA (AVENUE DU);;;;910
201500037112;15;3;18;1930;5;2;1;1;6;692;15, BOURGOGNE (AVENUE DE;;;;910
201500037113;15;8;9;335;5;2;3;1;6;645;20, JEAN JAURES (RUE);M;4874888;226324;910
201500037114;15;3;16;1235;1;2;1;1;5;477;8, HUIT MAI 1945 (AVENUE;;;;910
201500037115;15;6;15;1920;1;1;6;1;2;692;OCEANIE (AVENUE DE L';M;4867632;219430;910
201500037116;15;3;20;1630;1;2;4;1;1;312;66, PERI (RUE GABRIEL);;;;910
201500037117;15;9;1;940;1;2;2;1;3;312;COQUILLIERE (RUE DE L;M;0;0;910
201500037118;15;3;27;1030;1;2;1;1;2;312;58, JEAN JAURES (AVENUE);;;;910
201500037119;15;9;2;825;1;2;2;1;6;471;BELLEVUE (RUE);;;;910
201500037120;15;1;30;815;1;2;1;1;6;645;MARECHAL FOCH (BO;;;;910
201500037121;15;9;5;1840;1;2;1;1;1;471;LACS (AVENUE DES);;;;910
201500037122;15;9;8;1545;1;1;1;1;1;477;RD 128;;;;910
201500037123;15;1;12;840;2;2;1;1;6;477;PEGUY (RUE CHARLES);;;;910
201500037124;15;2;21;1350;1;2;3;1;6;692;BELFORT (RUE DE);;;;910
201500037125;15;6;5;2215;1;2;7;1;6;471;GARE RER ORSAY VILLE;M;5070000;470000;910
201500037126;15;3;31;920;1;2;1;1;6;471;2, LOUIS SCOCARD (RUE);;;;910
201500037127;15;6;6;30;5;2;1;1;2;645;BLIN (RUE);M;0;0;910
201500037128;15;3;24;945;1;2;1;1;6;471;2, GUICHET (RUE DU);;;;910
201500037129;15;9;2;1445;1;2;2;1;3;692;RD 446;M;4867000;219560;910
201500037130;15;9;27;1243;1;2;1;1;6;477;29, NICOLAS SAMSON (BOUL;;;;910
201500037131;15;9;10;855;1;2;1;1;3;477;29, HUIT MAI 1945 (AVENU;;;;910
201500037132;15;9;28;1615;1;2;1;1;6;692;1, CEVENNES (AV DES);;;;910
201500037133;15;9;27;1005;1;1;9;1;3;692;POMPIERS (LE GRAND VIVIE;M;4867630;219419;910
201500037134;15;10;5;1655;1;2;1;3;2;477;56, GENERAL LECLERC (AVE;;;;910
201500037135;15;10;9;1550;1;2;1;1;3;645;70, GABRIEL PERI (Av);;;;910
201500037136;15;10;27;1835;2;2;1;2;5;692;AUBRAC (AVENUE DE L');M;4867776;217104;910
201500037137;15;11;1;15;5;2;3;1;3;477;GEORGE SAND (RUE);M;4870953;224615;910
201500037138;15;11;3;1850;1;2;1;1;6;471;GUICHET (RUE DU);;;;910
201500037139;15;11;4;930;1;2;1;2;3;477;59, ALLIES (AVENUE DES);;;;910
201500037140;15;11;16;830;1;2;1;1;6;471;13, FLORIAN (RUE);;;;910
201500037141;15;11;17;750;2;1;1;8;1;64;VERSAILLES (ROUTE DE);;;;910
201500037142;15;11;20;900;1;2;5;2;3;312;PLAINE (RUE DE LA);;;;910
201500037143;15;11;1;1345;1;2;1;1;6;477;22, LECLERC (AVENUE DU G;;;;910
201500037144;15;11;24;2130;3;1;1;2;2;64;JOUY (ROUTE DE);M;4875224;220547;910
201500037145;15;11;26;1310;1;2;1;1;3;312;71, QUATRE SEPTEMBRE (RU;;;;910
201500037146;15;11;27;2310;5;2;2;2;3;471;53, MONDETOUR (BOULEVARD;M;4868246;218302;910
201500037147;15;12;2;1610;1;1;1;1;6;64;VERSAILLES (ROUTE DE);M;4876672;219449;910
201500037148;15;12;2;1630;1;2;7;1;6;477;1, CARDON (VOIE DE LA);M;4870725;225711;910
201500037149;15;12;9;1730;2;2;1;1;6;122;FONTAINE SAINT MATHIE;;;;910
201500037150;15;12;7;1945;5;2;6;1;1;471;FERME (RUE DE LA);;;;910
201500037151;15;12;14;1700;2;1;1;1;1;64;VERSAILLES (ROUTE DE);;;;910
201500037152;15;12;19;1915;5;2;1;1;6;477;9, ALLIES (AVENUE DES);M;4872127;224833;910
201500037153;15;12;23;220;3;1;1;1;6;692;RD35;M;4867508;218594;910
201500037154;15;1;27;1900;5;2;1;1;6;549;13, GABRIEL PERI (AVENUE;;;;910
201500037155;15;2;8;1745;1;2;1;1;6;549;61, PAUL VAILLANT-COUTUR;;;;910
201500037156;15;4;10;710;1;1;1;1;3;570;ROSIERES (RUE);;;;910
201500037157;15;4;12;705;2;2;6;1;1;549;1, ABBE BOURSIER (PLACE;;;;910
201500037158;15;3;7;1655;1;2;2;1;3;549;JACQUES DUCLOS (AVENUE);;;;910
201500037159;15;4;29;1920;1;2;2;1;3;549;1, CORBEIL (ROUTE DE);;;;910
201500037160;15;3;10;1210;1;1;1;1;1;570;1, ROSIERES (RUE);;;;910
201500037161;15;3;10;1400;1;2;1;1;6;549;LIBERTE (AVENUE DE LA);;;;910
201500037162;15;5;6;900;1;2;1;1;2;216;CHARAINTRU (RUE DE);M;4867904;233385;910
201500037163;15;5;30;2305;5;2;1;1;3;549;41 bis, SAINT MICHEL (BO;M;4865072;230973;910
201500037164;15;6;3;2300;5;2;1;1;6;549;173, GABRIEL PERI (AVENU;M;4864727;232726;910
201500037165;15;6;10;1205;1;2;2;1;6;549;201, GABRIEL PERI (AVENU;M;4864656;232973;910
201500037166;15;6;25;810;1;2;2;1;1;549;1, EPERON (AVENUE DE L');M;4864035;233567;910
201500037167;15;6;28;2005;1;2;2;1;3;549;1, CORBEIL (ROUTE DE);M;4864311;233406;910
201500037168;15;7;4;1840;1;2;1;1;6;570;14, SAINT SAENS (RUE);M;4863653;231696;910
201500037169;15;7;10;2008;1;2;1;1;6;570;26, ENFER (RUE);;;;910
201500037170;15;7;26;1753;1;1;1;8;1;549;ROND POINT RD 117;;;;910
201500037171;15;8;7;1750;1;2;1;1;2;570;LIERS (RUE);M;4863489;231164;910
201500037172;15;8;27;1930;1;2;1;2;3;570;BIZET (RUE);;;;910
201500037173;15;9;3;1345;1;2;1;1;6;549;26, SEQUIGNY (RUE DE);;;;910
201500037174;15;9;5;200;5;2;6;1;3;549;HOTEL DE VILLE (PLACE;M;4864705;232589;910
201500037175;15;9;16;1925;2;2;3;1;3;549;163, LONGPONT (ROUTE DE);M;4864724;230214;910
201500037176;15;9;21;1900;2;2;1;1;3;570;3, GAMBETTA (RUE + PTT);;;;910
201500037177;15;9;24;1850;2;2;1;1;6;549;LONGPONT (ROUTE DE);;;;910
201500037178;15;9;25;930;1;1;1;1;6;549;139, CORBEIL (ROUTE DE);M;4863878;233283;910
201500037179;15;9;28;1630;1;2;1;1;6;549;5, JEAN COCTEAU (RUE);M;4864197;234280;910
201500037180;15;10;2;1800;1;2;1;1;6;549;REPUBLIQUE (AVENUE DE LA;M;4864488;233447;910
201500037181;15;10;12;1100;1;2;1;1;6;549;61, REGIMENT NORMANDIE-N;M;0;0;910
201500037182;15;11;25;1740;5;2;1;2;2;570;6, CONDORCET (AVENUE);M;4864288;232723;910
201500037183;15;12;8;920;1;2;1;1;2;216;RD 257;M;4866792;233853;910
201500037184;15;4;3;1850;1;2;1;3;1;589;CHATEAUBRIAND (RUE);;;;910
201500037185;15;4;15;820;1;2;1;1;2;432;10, GENERAL WARABIOT (AV;;;;910
201500037186;15;1;19;740;2;2;7;1;6;589;DAVOUT (PLACE);;;;910
201500037187;15;1;9;1810;5;2;1;1;1;589;155, BRIAND (BOULEVARD A;;;;910
201500037188;15;3;25;850;1;1;1;2;3;432;D 118;;;;910
201500037189;15;1;20;1615;1;2;3;1;6;589;56, BRIAND (BOULEVARD AR;;;;910
201500037190;15;10;5;2255;5;2;1;1;6;589;RD 25;M;4867655;233695;910
201500037191;15;3;25;1735;1;2;1;1;6;432;SAVIGNY (RUE DE);;;;910
201500037192;15;1;28;840;1;1;2;1;3;589;BRIAND (BOULEVARD ARISTI;;;;910
201500037193;15;10;11;1845;2;2;1;1;6;589;47, GAMBETTA (AVENUE);M;4867213;234384;910
201500037194;15;3;20;1200;1;2;1;1;1;589;120, BOILEAU (RUE);M;4868541;234528;910
201500037195;15;2;3;900;2;2;1;8;6;589;LEBON (RUE RAOUL);;;;910
201500037196;15;10;30;1555;1;2;1;1;6;589;20, BRIAND (BOULEVARD AR;M;4868290;234425;910
201500037197;15;4;2;1829;1;2;1;1;6;589;01, OUZILLEAU (AV HENRI;;;;910
201500037198;15;11;4;1710;2;2;2;1;3;589;PERI (AVENUE GABRIEL);M;4868874;235581;910
201500037199;15;2;17;1710;1;2;1;1;6;432;09, LAVOISIER (ALLEE);;;;910
201500037200;15;4;3;2010;2;2;1;1;3;432;01, FRAMBOISIERS (AVENUE;;;;910
201500037201;15;11;20;825;5;2;3;2;2;589;BRIAND (BOULEVARD ARISTI;M;4868943;235987;910
201500037202;15;4;7;2125;2;1;1;1;6;589;CD 25;M;4867749;233891;910
201500037203;15;2;13;1845;1;2;2;1;3;589;47, BRIAND (BOULEVARD AR;;;;910
201500037204;15;12;4;1245;1;2;1;1;3;589;23, DE GAULLE  (AVENUE C;M;4867742;234881;910
201500037205;15;4;7;2255;5;2;2;1;3;589;34, DUNANT (RUE HENRI);;;;910
201500037206;15;12;8;1000;1;2;1;1;6;589;VAN GOGH (RUE);M;4867642;233777;910
201500037207;15;4;14;1340;1;2;2;1;3;432;DE GAULLE  (AVENUE CHARL;;;;910
201500037208;15;12;9;1740;5;2;1;1;6;589;18, ECOLES (AVENUE DES);M;4868771;235095;910
201500037209;15;4;21;1111;1;2;3;1;1;432;GENERAL WARABIOT (AVENUE;;;;910
201500037210;15;12;9;1845;5;2;4;1;3;589;86, BRIAND (BOULEVARD AR;M;4868728;235453;910
201500037211;15;5;25;2130;1;2;2;1;3;589;DUNANT (RUE HENRI);;;;910
201500037212;15;4;28;2150;2;2;1;1;7;589;CHAMPAGNE (RUE DE);;;;910
201500037213;15;4;28;1935;1;2;2;1;6;589;126, BRIAND (BOULEVARD A;;;;910
201500037214;15;4;28;2325;5;2;6;1;6;589;ALLEMANE (AV JEAN);;;;910
201500037215;15;4;19;1010;1;2;2;1;5;589;BRIAND (BOULEVARD ARISTI;;;;910
201500037216;15;5;5;1015;1;2;3;1;3;589;65, DE GAULLE (AVENUE CH;M;4867991;234412;910
201500037217;15;5;11;1900;1;2;1;1;6;589;Av Robert LEUTHREAU;M;4869179;234443;910
201500037218;15;5;17;2150;1;2;6;1;2;432;100, DE GAULLE  (AVENUE;;;;910
201500037219;15;5;25;1815;1;2;7;1;3;432;DE GAULLE  (AVENUE CHARL;M;4870528;233974;910
201500037220;15;6;3;1132;1;2;2;1;3;432;LAVOISIER (RUE);M;4800000;200000;910
201500037221;15;6;3;2050;1;2;3;1;3;432;DE GAULLE  (AVENUE CH;M;4800000;200000;910
201500037222;15;6;11;1615;1;2;1;1;3;589;55, BRIAND (BOULEVARD AR;M;4868000;235000;910
201500037223;15;6;22;1515;1;1;1;1;3;589;06, ROSSIGNOL (RUE CHARL;M;4867528;235430;910
201500037224;15;7;7;2030;1;1;3;2;3;589;RD 25 / A6;M;4840000;220000;910
201500037225;15;7;8;1305;1;2;3;1;3;432;85, DE GAULLE  (AVENUE C;M;4870000;233333;910
201500037226;15;7;4;515;2;1;1;1;7;432;D 118;M;4870000;235000;910
201500037227;15;9;25;2100;5;2;1;1;6;589;15, BELLEVUE (RUE DE);M;4868413;235754;910
201500037228;15;9;30;1200;1;2;6;1;2;589;50, MARRONNIERS (AVENUE;M;0;0;910
201500037229;15;7;1;1945;1;2;1;1;5;589;31, BRIAND (BOULEVARD AR;M;4868278;234397;910
201500037230;15;7;1;2115;1;1;2;1;3;432;BOILEAU (PLACE LUCIEN);M;4870526;233555;910
201500037231;15;10;2;1900;1;2;2;1;3;589;89, PERI (AVENUE GABRIEL;M;4869112;235022;910
201500037232;15;7;11;500;5;2;1;1;6;432;DE GAULLE  (AVENUE CHARL;M;4870000;234000;910
201500037233;15;7;7;5;5;2;1;1;6;589;210, ARMEE LECLERC (AVEN;M;4869000;234000;910
201500037234;15;7;4;1940;1;2;1;1;3;589;CAILLES (RUE DES);M;4869000;236000;910
201500037235;15;7;4;1400;1;1;1;1;6;589;DUNANT (RUE HENRI);M;4867000;233000;910
201500037236;15;8;20;855;1;2;1;3;6;589;ROSSIGNOL (RUE CHARLES);M;0;0;910
201500037237;15;8;7;1800;1;1;1;1;7;432;RD 118;M;4870000;235000;910
201500037238;15;8;31;1805;1;2;1;1;3;589;MARECHAL FOCH (AVENUE DU;M;4868330;235000;910
201500037239;15;9;3;905;1;2;6;1;3;589;1, GALLOIS (AVENUE EVARI;M;4868330;233333;910
201500037240;15;9;19;2020;4;2;3;1;3;589;DE GAULLE  (AVENUE CHARL;M;4870538;234620;910
201500037241;15;10;12;2050;5;2;6;1;2;589;Avenue evariste gallois;M;4869040;233928;910
201500037242;15;7;21;1630;1;2;1;1;6;432;55 bis, DE GAULLE  (AVEN;M;0;0;910
201500037243;15;10;6;1315;1;2;2;1;3;432;CHARAINTRU (Rue);M;4869512;233452;910
201500037244;15;7;24;1520;1;2;4;1;3;589;PENSEES (RUE DES);M;4868001;233448;910
201500037245;15;10;7;1248;1;2;3;1;3;589;63, JUVISY COTTAGES (AV;M;4869334;236026;910
201500037246;15;10;8;750;1;2;1;1;1;589;163, BRIAND (BOULEVARD A;M;4868712;235402;910
201500037247;15;10;27;945;1;2;1;1;6;589;44, DE GAULLE (AVENUE CH;M;4867893;234609;910
201500037248;15;11;8;1540;1;2;1;1;2;589;DUNANT (RUE HENRI);M;4867808;234004;910
201500037249;15;11;25;800;1;2;1;1;6;589;305, BRIAND (BOULEVARD A;M;4869282;236468;910
201500037250;15;11;21;945;1;2;6;1;3;432;DE LESSEPS (AVENUE FERDI;M;4870019;233863;910
201500037251;15;11;26;1735;5;2;1;8;1;589;41, ROSSIGNOL (RUE CHARL;M;4867631;235608;910
201500037252;15;12;4;1430;1;2;1;1;6;589;GARE (PLACE DE LA);M;4867610;235140;910
201500037253;15;12;8;905;1;2;1;1;6;589;ALLEMANE (RUE JEAN);M;4869023;233942;910
201500037254;15;12;8;1815;5;2;1;2;3;589;2 bis, CHATEAUBRIAND (RU;M;4867738;235627;910
201500037255;15;12;8;1955;5;2;1;1;6;589;02, DAVOUT (PLACE);M;4867599;235232;910
201500037256;15;12;11;1900;5;2;6;1;3;589;146, ARMEE LECLERC (AVEN;M;4869047;233927;910
201500037257;15;12;14;1810;5;2;2;1;5;589;DE GAULLE  (AVENUE CHARL;M;4870531;233973;910
201500037258;15;9;4;1235;1;1;2;1;3;589;BARBUSSE (RUE HENRI);M;4840000;220000;910
201500037259;15;9;18;800;1;2;4;1;6;589;BELLES FONTAINES (AVENUE;M;4840000;221000;910
201500037260;15;9;18;2210;5;2;1;1;4;589;6, DUNANT (RUE HENRI);M;4840000;220000;910
201500037261;15;9;19;2020;2;2;1;1;1;589;83, DE GAULLE  (AVENUE C;M;4842000;220000;910
201500037262;15;9;20;325;5;2;1;1;6;589;15, BRANLY (RUE EDOUARD);M;4868330;233333;910
201500037263;15;12;23;1840;5;2;1;1;3;432;35, SAVIGNY (RUE DE);M;4870298;233513;910
201500037264;15;12;24;1325;1;2;1;2;3;589;89, SALENGRO (AVENUE ROG;M;4868110;234190;910
201500037265;15;1;13;1954;5;2;1;2;3;2;., ARMAND GUILLEBAUD (AV;;;;920
201500037266;15;1;26;2030;5;2;1;1;3;14;69, BIEVRE (RUE DE LA);;;;920
201500037267;15;1;27;1225;1;2;3;1;6;2;ADOLPHE PAJEAUD (RUE);;;;920
201500037268;15;1;29;1110;1;2;2;2;3;14;GENERAL LECLERC (AV.) (1;;;;920
201500037269;15;1;31;1200;1;2;2;1;3;14;62, BIEVRE (RUE DE LA);;;;920
201500037270;15;2;4;745;1;2;2;1;6;14;55, GENERAL LECLERC (AV.;;;;920
201500037271;15;2;12;1310;1;2;1;1;7;2;3, JEAN MONNET (AVENUE);;;;920
201500037272;15;2;23;1710;1;2;1;8;6;2;12, ARISTIDE BRIAND (AVE;;;;920
201500037273;15;3;6;1705;1;2;6;1;3;2;6, FRANCOIS SOMMER (AVEN;;;;920
201500037274;15;3;7;2150;5;2;3;1;3;2;LEON JOUHAUX (AVENUE);;;;920
201500037275;15;3;17;1515;1;2;1;1;6;2;7, EINSTEIN (RUE);;;;920
201500037276;15;3;31;920;1;2;4;1;2;2;ADOLPHE PAJEAUD (RUE);;;;920
201500037277;15;4;2;945;1;2;1;2;1;2;EGLISE (RUE DE L');;;;920
201500037278;15;4;9;1810;1;2;1;1;6;14;157, GENERAL LECLERC (AV;;;;920
201500037279;15;4;14;1815;1;2;1;1;6;2;2, BLANCHE DE CASTILLE (;;;;920
201500037280;15;4;14;1810;1;2;3;1;6;2;VELPEAU (RUE);;;;920
201500037281;15;4;30;940;1;2;2;2;6;14;HUIT MAI 1945 (RUE DU);;;;920
201500037282;15;4;30;1430;1;2;3;3;6;14;GENERAL LECLERC (AV.) (5;;;;920
201500037283;15;5;22;810;1;2;1;1;5;2;191, DIVISION LECLERC (5;;;;920
201500037284;15;6;13;1750;1;2;2;1;2;2;83, ARISTIDE BRIAND (AVE;;;;920
201500037285;15;6;21;930;1;2;2;1;3;14;GENERAL LECLERC (AV.) (1;;;;920
201500037286;15;7;12;1155;1;2;1;1;2;2;ARMAND GUILLEBAUD (AVENU;;;;920
201500037287;15;8;28;1530;1;2;3;1;6;14;GENERAL LECLERC (AV.) (1;;;;920
201500037288;15;9;5;105;5;2;3;1;6;2;5, CROIX BRISEE (CHEMIN;;;;920
201500037289;15;9;5;1345;1;2;3;1;3;2;58, DIVISION LECLERC (31;;;;920
201500037290;15;9;8;1830;1;2;6;1;6;2;55, LEON JOUHAUX (AVENUE;;;;920
201500037291;15;9;22;635;3;2;3;1;6;14;HUIT MAI 1945 (RUE DU);;;;920
201500037292;15;9;22;1245;1;2;6;2;3;14;LIBERATION (PLACE DE LA);;;;920
201500037293;15;9;28;845;1;2;1;1;6;14;29, LEON BLOY (RUE);;;;920
201500037294;15;10;2;1530;1;2;2;1;6;14;33, ARISTIDE BRIAND (AVE;;;;920
201500037295;15;10;10;2005;5;2;6;1;3;2;BOIS DE VERRIERES (AVENU;;;;920
201500037296;15;10;12;1350;1;2;3;1;3;2;., RABELAIS (AVENUE);;;;920
201500037297;15;10;18;1855;5;2;1;1;1;2;JULES FERRY (AVENUE);;;;920
201500037298;15;10;23;1633;1;2;6;1;3;2;DIVISION LECLERC (53 A 2;;;;920
201500037299;15;11;3;1345;1;2;6;1;3;14;134, GENERAL LECLERC (AV;;;;920
201500037300;15;11;17;1935;1;2;3;2;3;2;112, ARISTIDE BRIAND (AV;;;;920
201500037301;15;11;26;1805;5;2;2;1;6;14;70, MARECHAL JOFFRE (BD;;;;920
201500037302;15;12;8;2310;5;1;2;1;3;2;DIVISION LECLERC (53 A 2;;;;920
201500037303;15;12;15;1040;1;2;3;2;6;14;HUIT MAI 1945 (RUE DU);;;;920
201500037304;15;12;16;1215;1;2;2;1;6;14;HUIT MAI 1945 (RUE DU);;;;920
201500037305;15;12;27;1650;1;2;1;1;6;2;46, ADOLPHE PAJEAUD (RUE;;;;920
201500037306;15;1;2;1130;1;2;1;8;7;4;50, ARGENTEUIL AV D';;;;920
201500037307;15;1;7;2010;5;2;2;1;3;4;20, CHATEAU ( RUE DU );;;;920
201500037308;15;1;7;1430;1;2;1;1;3;4;25, AULAGNIER ( QUAI );;;;920
201500037309;15;1;12;1800;5;2;3;1;3;4;9, FAIDHERBE ( AVENUE );;;;920
201500037310;15;1;14;1350;1;2;2;1;3;4;ns, REDOUTE ( AVENUE DE;;;;920
201500037311;15;1;22;1910;5;2;2;1;6;4;76, MARNE   ( AVENUE DE;;;;920
201500037312;15;1;26;1725;4;2;1;2;3;4;71, AULAGNIER ( QUAI );;;;920
201500037313;15;1;30;930;1;2;1;2;2;4;65, DOCTEUR DERVAUX  ( Q;;;;920
201500037314;15;2;9;700;1;2;1;1;7;4;NS, PONT DE GENNEVILLIER;;;;920
201500037315;15;2;9;855;1;2;1;1;3;4;04, GAMBETTA (RUE);;;;920
201500037316;15;2;9;2050;5;2;1;1;6;4;121, BAS ( RUE DES );;;;920
201500037317;15;2;9;1340;1;2;2;1;3;4;190, GRESILLONS ( AVENUE;;;;920
201500037318;15;2;12;750;1;2;3;1;6;4;NS, STATION ( RUE );;;;920
201500037319;15;2;17;1400;1;2;1;8;3;4;106, ARGENTEUIL AV D';;;;920
201500037320;15;2;18;1625;1;2;7;1;6;4;30, LOUIS VION;;;;920
201500037321;15;2;19;1505;1;2;1;1;6;4;354, ARGENTEUIL N? 176 A;;;;920
201500037322;15;2;19;2355;5;2;6;1;3;4;NS, EMILE ZOLA ( RUE );;;;920
201500037323;15;2;23;1220;1;2;1;1;2;4;, DOCTEUR DERVAUX  ( QUA;;;;920
201500037324;15;2;23;2110;5;2;2;1;3;4;NS, QUATRE ROUTES ( CARR;;;;920
201500037325;15;2;25;1920;5;2;1;2;6;4;NS, CHANZY ( RUE DE );;;;920
201500037326;15;2;27;1645;1;2;1;1;6;4;177, ARGENTEUIL N? 176 A;;;;920
201500037327;15;3;2;2255;5;2;1;1;7;4;ns, PONT DE CLICHY;;;;920
201500037328;15;3;6;1615;1;2;1;1;6;4;119, COLOMBES ( RUE DE 3;;;;920
201500037329;15;3;7;1835;2;2;1;1;2;4;NS, PONT DE CLICHY;;;;920
201500037330;15;3;9;2045;1;2;3;1;3;4;44, FAIDHERBE ( AVENUE );;;;920
201500037331;15;3;12;1125;1;2;1;1;6;4;18, SAINTE ANNE (AVENUE);;;;920
201500037332;15;3;12;1800;1;2;2;1;6;4;NS, PIERRE BROSSOLETTE;;;;920
201500037333;15;3;16;1240;1;2;2;1;3;9;NS, EUROPE (AVENUE);;;;920
201500037334;15;3;16;1910;5;2;1;1;6;9;315, ARGENTEUIL ( AVENUE;;;;920
201500037335;15;3;23;820;1;2;1;1;6;4;10, VOLTAIRE  ( BD 01 A;;;;920
201500037336;15;3;23;1735;1;2;1;1;6;4;80, ARGENTEUIL AV D';;;;920
201500037337;15;3;27;1940;2;2;1;1;6;4;48, HENRI POINCARE;;;;920
201500037338;15;3;27;2011;5;2;1;1;6;4;32, MARNE   ( AVENUE DE;;;;920
201500037339;15;3;29;1445;1;2;2;2;6;4;174, VOLTAIRE ( BD );;;;920
201500037340;15;3;30;1810;1;2;3;1;3;9;41, GENERAL LECLERC ( RU;;;;920
201500037341;15;4;2;1820;1;2;1;2;6;9;NS, BOIS COLOMBES ( RUE;;;;920
201500037342;15;4;3;1655;1;2;1;1;6;4;56, EMILE ZOLA ( RUE );;;;920
201500037343;15;4;4;1350;1;2;1;1;6;9;02, EUROPE (AVENUE);;;;920
201500037344;15;4;4;1540;1;2;1;1;6;4;34, MAX DE NANSOUTY;;;;920
201500037345;15;4;4;1830;1;2;2;1;3;4;91, ARGENTEUIL AV D';;;;920
201500037346;15;4;4;1950;3;2;3;1;3;4;90, GRESILLONS ( AVENUE;;;;920
201500037347;15;4;8;1000;1;2;1;1;6;4;29, GRANDE RUE CHARLES D;;;;920
201500037348;15;4;9;1730;3;2;3;1;3;4;31, PAUL DEROULEDE;;;;920
201500037349;15;4;10;1300;1;2;1;1;2;4;150, MENIL;;;;920
201500037350;15;4;11;850;1;2;9;1;2;4;257 BIS, ARGENTEUIL N? 1;;;;920
201500037351;15;4;11;1125;1;2;1;1;6;4;19, GRANDE RUE CHARLES D;;;;920
201500037352;15;4;14;1805;1;2;1;1;6;9;1, HISPANO SUIZA;;;;920
201500037353;15;4;15;810;1;2;1;1;3;4;NS, PONT DE CLICHY;;;;920
201500037354;15;4;16;1130;1;2;1;1;6;4;NS, PIERRE DURAND;;;;920
201500037355;15;4;17;910;1;2;3;1;6;4;364, ARGENTEUIL N° 176 A;;;;920
201500037356;15;4;20;1600;1;2;1;1;3;9;2, MARCEL BINET ( RUE );;;;920
201500037357;15;4;21;2015;1;2;1;1;3;4;79, VOLTAIRE ( BD );;;;920
201500037358;15;4;22;810;1;2;1;1;2;4;NS, DOCTEUR DERVAUX  ( Q;;;;920
201500037359;15;4;26;1435;1;2;2;2;3;4;NS, PIERRE DE COUBERTIN;;;;920
201500037360;15;4;27;2240;5;2;1;1;6;4;23, ROBERT DUPONT;;;;920
201500037361;15;4;29;1205;1;2;2;1;6;4;NS, PIERRE BROSSOLETTE;;;;920
201500037362;15;4;30;1020;1;2;3;3;6;4;NS, REDOUTE ( AVENUE DE;;;;920
201500037363;15;4;30;1940;1;2;1;2;6;4;NS, GRANDE RUE CHARLES D;;;;920
201500037364;15;5;1;1220;1;2;2;3;6;4;1, ARGENTEUIL AV D';;;;920
201500037365;15;5;3;1730;1;2;2;1;3;24;NS, RUE CASTERES;;;;920
201500037366;15;5;7;1310;1;2;2;1;3;4;NS, ARGENTEUIL AV D';;;;920
201500037367;15;5;13;1910;1;2;1;1;6;4;36, ABBE LEMIRE DE L';;;;920
201500037368;15;5;14;1530;1;2;3;2;3;4;NS, JEAN JAURES;;;;920
201500037369;15;5;20;1530;1;2;1;1;6;4;16, PIERRE BROSSOLETTE;;;;920
201500037370;15;5;20;1650;1;2;1;1;6;4;02, HOTEL DE VILLE   ( P;;;;920
201500037371;15;5;21;820;1;2;1;1;2;4;NS, DOCTEUR DERVAUX  ( Q;;;;920
201500037372;15;5;21;1607;1;2;2;1;3;36;NS, boulevard galliйni;;;;920
201500037373;15;5;23;920;1;2;1;1;6;4;04, MAURICE BOKANOWSKI;;;;920
201500037374;15;5;25;2000;1;2;3;1;3;4;NS, VOLTAIRE ( BD );;;;920
201500037375;15;5;26;2340;1;2;2;1;3;4;364, ARGENTEUIL N° 176 A;;;;920
201500037376;15;5;27;1425;1;2;6;1;6;4;26, VOLTAIRE ( BD );;;;920
201500037377;15;6;1;1855;1;2;1;1;6;4;NS, AULAGNIER ( QUAI );;;;920
201500037378;15;6;1;2130;1;2;1;1;7;4;84, ARGENTEUIL AV D';;;;920
201500037379;15;6;1;1615;1;2;1;1;6;4;107, DOCTEUR DERVAUX  (;;;;920
201500037380;15;6;4;955;1;2;3;1;3;4;NS, PONT DE CLICHY;;;;920
201500037381;15;6;4;1605;1;2;1;1;2;4;186, ARGENTEUIL N° 176 A;;;;920
201500037382;15;6;5;1400;1;2;3;1;3;4;103, ARGENTEUIL AV D';;;;920
201500037383;15;6;6;1250;1;2;1;1;4;4;163, AULAGNIER ( QUAI );;;;920
201500037384;15;6;12;1430;1;2;1;1;3;4;252, GRESILLONS ( AVENUE;;;;920
201500037385;15;6;14;1415;1;2;2;1;3;4;NS, PONT D'ASNIERES;;;;920
201500037386;15;6;15;1605;1;2;2;1;2;9;ns, HOCHE ( RUE );;;;920
201500037387;15;6;16;1725;1;2;1;1;2;4;15, GRANDE RUE CHARLES D;;;;920