num_acc;an;mois;jour;hrmn;lum;agg;int;atm;col;com;adr;gps;lat;long;dep
201500037388;15;6;17;900;1;2;3;1;2;4;NS, GRANDE RUE CHARLES D;;;;920
201500037389;15;6;19;1355;1;2;2;1;3;4;ns, EMILE ZOLA ( RUE );;;;920
201500037390;15;6;19;2040;1;2;1;1;2;4;125, AULAGNIER ( QUAI );;;;920
201500037391;15;6;22;843;1;2;3;1;3;4;NS, ARGENTEUIL AV D';;;;920
201500037392;15;6;22;1920;1;2;1;3;3;4;24, GRANDE RUE CHARLES D;;;;920
201500037393;15;6;23;1401;1;2;3;1;3;9;131, PIERRE JOIGNEAU ( R;;;;920
201500037394;15;6;19;2245;1;2;3;1;3;9;NS, BOURGUIGNONS ( RUE 3;;;;920
201500037395;15;7;1;1420;1;2;2;1;3;4;122, VOLTAIRE ( BD );;;;920
201500037396;15;7;3;1445;1;2;1;1;3;4;PONT DE CLICHY;;;;920
201500037397;15;7;6;10;5;2;1;1;2;4;NS, AULAGNIER ( QUAI );;;;920
201500037398;15;7;10;920;1;2;2;1;3;4;NS, LAURENT-CELY  ( AVEN;;;;920
201500037399;15;7;11;900;1;2;1;1;2;4;54, BOURGUIGNONS (RUE 2;;;;920
201500037400;15;7;13;2305;5;2;2;1;3;4;NS, EMILE ZOLA ( RUE );;;;920
201500037401;15;7;15;1930;1;2;2;1;3;4;NS, DIX HUIT JUIN 40 ( R;;;;920
201500037402;15;7;24;1450;1;2;1;1;1;4;20, BOURGUIGNONS (RUE 2;;;;920
201500037403;15;7;24;1035;1;2;1;1;6;9;83, BOURGUIGNONS ( RUE 3;;;;920
201500037404;15;7;25;850;1;2;1;3;6;4;158, ARGENTEUIL AV D';;;;920
201500037405;15;7;26;1340;1;2;1;1;6;4;40, REDOUTE ( AVENUE DE;;;;920
201500037406;15;7;27;740;1;2;4;2;7;4;NS, AULAGNIER ( QUAI );;;;920
201500037407;15;7;27;904;1;2;1;1;3;4;NS, PONT D'ASNIERES;;;;920
201500037408;15;7;30;1605;1;2;6;1;3;4;NS, VOLTAIRE  ( PLACE );;;;920
201500037409;15;7;31;1250;1;2;1;1;3;4;46bis, ROBERT DUPONT;;;;920
201500037410;15;7;31;1430;1;2;2;1;3;4;NS, MARNE   ( AVENUE DE;;;;920
201500037411;15;8;14;1910;1;2;1;1;6;4;07, REDOUTE ( AVENUE DE;;;;920
201500037412;15;8;21;215;5;2;1;1;6;4;117-119, AULAGNIER ( QUA;;;;920
201500037413;15;8;24;745;1;2;2;2;6;9;NS, MINIMES ( RUE DES );;;;920
201500037414;15;8;24;1005;1;2;1;2;7;4;59, DOCTEUR DERVAUX  ( Q;;;;920
201500037415;15;8;22;2200;5;2;1;1;7;9;02, VERDUN ( AVENUE DE );;;;920
201500037416;15;8;30;815;1;2;1;1;6;4;27, STEFEN;;;;920
201500037417;15;9;1;1150;1;2;2;1;6;9;NS, ADOLPHE GUYOT ( RUE;;;;920
201500037418;15;9;1;1350;1;2;3;1;6;9;102, CHARLES CHEFSON ( R;;;;920
201500037419;15;9;4;1250;1;2;2;1;3;4;NS, GRESILLONS ( AVENUE;;;;920
201500037420;15;9;5;1425;1;2;3;1;4;4;NS, GABRIEL PERI (AVE );;;;920
201500037421;15;9;10;150;5;2;1;1;6;4;NS, DOCTEUR DERVAUX  ( Q;;;;920
201500037422;15;9;11;1316;1;2;3;1;6;9;NS, R. P.CORENTIN-CLOARE;;;;920
201500037423;15;9;14;1545;1;2;3;1;7;4;NS, PIERRE DE COUBERTIN;;;;920
201500037424;15;9;15;120;5;2;2;1;3;4;NS, PONT D'ASNIERES;;;;920
201500037425;15;9;17;1510;1;2;1;1;6;4;32, ARGENTEUIL AV D';;;;920
201500037426;15;9;23;920;1;2;1;1;3;4;49, COMETE  ( RUE DE LA;;;;920
201500037427;15;9;29;1340;1;2;1;1;3;4;NS, PONT DE CLICHY;;;;920
201500037428;15;10;2;930;1;2;2;1;6;4;41, ROBERT DUPONT;;;;920
201500037429;15;10;6;1420;1;2;2;1;3;4;NS, DOCTEUR DERVAUX  ( Q;;;;920
201500037430;15;10;9;1740;1;2;1;1;6;4;18, DIX HUIT JUIN 40 ( R;;;;920
201500037431;15;10;10;750;1;2;1;1;6;4;52, BOURGUIGNONS (RUE 2;;;;920
201500037432;15;10;15;838;1;2;2;1;6;9;NS, PASTEUR  ( RUE );;;;920
201500037433;15;10;16;910;1;2;1;2;6;4;104, ARGENTEUIL AV D';;;;920
201500037434;15;10;16;1500;1;2;1;1;3;4;90, MENIL;;;;920
201500037435;15;10;16;1515;1;2;1;1;6;4;45, PIERRE BROSSOLETTE;;;;920
201500037436;15;10;17;2150;5;2;3;1;3;4;ns, FAIDHERBE ( AVENUE );;;;920
201500037437;15;10;20;1220;1;2;4;1;6;4;NS, AULAGNIER ( QUAI );;;;920
201500037438;15;10;20;1730;1;2;2;2;6;4;03, REDOUTE ( AVENUE DE;;;;920
201500037439;15;10;23;1635;1;2;2;1;7;4;NS, LAURENT-CELY  ( AVEN;;;;920
201500037440;15;10;22;2235;5;2;1;1;1;4;5, MARNE   ( AVENUE DE L;;;;920
201500037441;15;10;27;940;1;2;1;1;6;4;NS, ROBERT DUPONT;;;;920
201500037442;15;10;30;1045;1;2;4;1;6;4;68, SABLIERE;;;;920
201500037443;15;11;2;1215;1;2;1;1;6;4;24, VOLTAIRE ( BD );;;;920
201500037444;15;11;3;1710;5;2;1;1;2;4;91, GABRIEL PERI (AVE );;;;920
201500037445;15;11;5;845;1;1;1;1;2;36;A86 EXT;;;;920
201500037446;15;11;11;1730;2;2;1;1;2;9;NS, BOURGUIGNONS ( RUE 0;;;;920
201500037447;15;11;14;2220;3;2;1;1;6;4;219, AULAGNIER ( QUAI );;;;920
201500037448;15;11;16;1415;1;2;2;1;3;4;NS, PONT DE CLICHY;;;;920
201500037449;15;11;19;840;1;2;2;1;6;4;NS, COMETE  ( RUE DE LA;;;;920
201500037450;15;11;19;1230;1;2;1;1;6;4;338, ARGENTEUIL N° 176 A;;;;920
201500037451;15;11;19;1700;2;2;1;1;6;4;NS, GALLIENI ( RUE );;;;920
201500037452;15;11;24;1930;5;2;2;2;6;4;NS, PIERRE BROSSOLETTE;;;;920
201500037453;15;11;27;845;1;2;2;1;3;4;NS, GALLIENI ( RUE );;;;920
201500037454;15;12;3;1430;1;2;4;1;6;4;107, DOCTEUR DERVAUX  (;;;;920
201500037455;15;12;4;2355;5;2;2;1;3;4;NS, ARGENTEUIL AV D';;;;920
201500037456;15;12;6;1655;5;2;1;1;6;9;40, PASTEUR  ( RUE );;;;920
201500037457;15;12;7;1450;1;2;2;1;1;4;24, HENRI POINCARE;;;;920
201500037458;15;12;8;1515;1;2;3;2;5;4;178, VOLTAIRE ( BD );;;;920
201500037459;15;12;8;1800;2;2;2;2;6;4;NS, ARGENTEUIL AV D';;;;920
201500037460;15;12;9;910;1;2;1;1;3;4;47, DOCTEUR DERVAUX  ( Q;;;;920
201500037461;15;12;13;1500;1;2;1;1;7;4;77, PIERRE BOUDOU;;;;920
201500037462;15;12;14;1210;1;2;5;1;3;9;NS, PEUPLIERS  ( RUE DES;;;;920
201500037463;15;12;15;2045;1;2;1;2;6;4;189, ARGENTEUIL AV D';;;;920
201500037464;15;12;15;2140;5;2;2;2;3;9;NEANT, CHARLES-DE-GAULLE;;;;920
201500037465;15;12;17;1730;2;2;1;1;2;4;02, REDOUTE ( AVENUE DE;;;;920
201500037466;15;12;19;1300;1;2;3;1;3;9;54, CHEVREUL ( AVENUE );;;;920
201500037467;15;12;21;1700;1;2;1;2;3;4;24, MOURINOUX ( RUE DES;;;;920
201500037468;15;12;27;1200;1;2;1;1;2;4;32, AULAGNIER ( QUAI );;;;920
201500037469;15;12;27;1415;1;2;1;1;6;4;01, REDOUTE ( AVENUE DE;;;;920
201500037470;15;12;29;1220;1;2;1;1;6;4;18, VOLTAIRE ( BD );;;;920
201500037471;15;1;9;1500;1;2;1;1;6;7;32, BARBUSSE (AVENUE HEN;;;;920
201500037472;15;1;10;2010;3;2;1;1;6;7;208, BRIAND (AVENUE ARIS;;;;920
201500037473;15;1;13;1910;5;2;3;2;3;7;BRIAND (AVENUE ARISTIDE);;;;920
201500037474;15;2;9;1115;1;2;1;1;2;7;31, PASTEUR (AVENUE LOUI;;;;920
201500037475;15;2;11;1520;1;2;9;1;6;7;4, FORTIN (AVENUE JEAN-B;;;;920
201500037476;15;2;12;1915;1;2;1;1;3;7;28, BRIAND (AVENUE ARIST;;;;920
201500037477;15;2;15;855;1;2;1;2;2;7;54 ter, PETIT (AVENUE AL;;;;920
201500037478;15;2;20;1500;1;2;1;2;6;7;122, RAVERA (AVENUE HENR;;;;920
201500037479;15;2;16;1500;1;2;1;2;6;7;122, RAVERA (AVENUE HENR;;;;920
201500037480;15;3;6;1235;1;2;1;1;2;7;18, BRIAND (AVENUE ARIST;;;;920
201500037481;15;3;7;1415;1;2;2;1;6;7;PASTEUR (AVENUE LOUIS) A;;;;920
201500037482;15;3;17;1730;1;2;2;1;7;7;BRIAND (AVENUE ARISTIDE);;;;920
201500037483;15;3;31;2230;5;2;1;3;2;7;14, PASTEUR (AVENUE LOUI;;;;920
201500037484;15;4;9;2050;5;2;3;1;3;7;BRIAND (AVENUE ARISTIDE);;;;920
201500037485;15;4;15;1335;1;2;6;1;3;7;CHARTRES (RUE DE);;;;920
201500037486;15;4;24;1820;1;2;1;1;2;7;2, RAVERA (AVENUE HENRI);;;;920
201500037487;15;5;29;800;1;2;1;1;2;7;75, BOURG-LA-REINE (AVEN;;;;920
201500037488;15;6;24;1050;1;2;2;1;6;7;FORTIN (AVENUE JEAN-BAPT;;;;920
201500037489;15;6;29;1900;1;2;2;1;3;7;BRIAND (AVENUE ARISTIDE);;;;920
201500037490;15;7;25;1445;1;2;4;1;3;7;HUGO (AVENUE VICTOR);;;;920
201500037491;15;8;1;1615;1;2;3;1;3;7;2, BARBUSSE (AVENUE HENR;;;;920
201500037492;15;8;4;850;1;2;9;1;3;7;10, MEUNIERS (RUE DES);;;;920
201500037493;15;8;4;1815;1;1;9;1;3;7;BRIAND (AVENUE ARISTIDE);;;;920
201500037494;15;8;24;1300;1;2;9;1;3;7;DORMOY (AVENUE MARX);;;;920
201500037495;15;8;24;1930;1;2;9;2;5;7;150, BRIAND (AVENUE ARIS;;;;920
201500037496;15;9;7;1600;1;2;1;1;6;7;170, BRIAND (AVENUE ARIS;;;;920
201500037497;15;9;11;1630;1;2;1;1;2;7;102, BRIAND (AVENUE ARIS;;;;920
201500037498;15;9;14;1650;1;2;1;1;6;7;2, REPUBLIQUE (RUE DE LA;;;;920
201500037499;15;9;15;1950;5;2;6;1;3;7;45, DORMOY (AVENUE MARX);;;;920
201500037500;15;9;29;1720;1;2;1;1;7;7;96 bis AV BOURG LA REINE;;;;920
201500037501;15;9;30;1415;1;2;2;1;6;7;1, ALLENDE (RUE SALVATOR;;;;920
201500037502;15;9;30;1955;5;2;1;1;6;7;208, RAVERA (AVENUE HENR;;;;920
201500037503;15;10;1;1420;1;2;1;7;3;7;61, PASTEUR (AVENUE LOUI;;;;920
201500037504;15;10;3;1245;1;2;2;7;6;7;13, ALLENDE (RUE SALVATO;;;;920
201500037505;15;10;9;1125;1;2;1;1;3;7;13, PORT GALAND (RUE DU);;;;920
201500037506;15;11;12;1730;5;2;3;1;3;7;DE GAULLE (AVENUE CHARLE;;;;920
201500037507;15;11;16;1650;1;2;2;2;3;7;142, BRIAND (AVENUE ARIS;;;;920
201500037508;15;11;14;2000;3;2;3;1;3;7;BRIAND (AVENUE ARISTIDE);;;;920
201500037509;15;11;12;801;1;2;3;5;6;7;ALLENDE (RUE SALVATOR);;;;920
201500037510;15;11;27;1630;1;2;2;1;3;7;MARIN-NAUDIN (RUE JEAN);;;;920
201500037511;15;11;28;1635;1;2;9;1;6;7;PASTEUR (AVENUE LOUIS) N;;;;920
201500037512;15;11;20;1837;5;2;1;1;6;7;26, AV LOUIS PASTEUR;;;;920
201500037513;15;12;21;1240;1;2;1;1;2;7;1, DE GAULLE (AVENUE CHA;;;;920
201500037514;15;12;21;1740;4;2;1;1;6;7;21, BRANLY (RUE EDOUARD);;;;920
201500037515;15;12;23;2110;5;2;9;1;3;7;254, BRIAND (AVENUE ARIS;;;;920
201500037516;15;11;28;2355;5;2;9;1;3;7;RAVERA (AVENUE HENRI) N°;;;;920
201500037517;15;12;3;1025;1;2;1;1;6;7;5, MARTYRS DE CHATEAUBRI;;;;920
201500037518;15;12;16;2230;5;1;9;1;3;7;CROIZAT (ROND-POINT AMBR;;;;920
201500037519;15;1;2;1745;5;2;1;1;3;12;46, ALPHONSE LE GALLO (Q;;;;920
201500037520;15;1;4;1735;5;2;1;8;6;12;PONT DE SEVRES (METRO);;;;920
201500037521;15;1;6;2030;5;2;1;1;6;12;95, PIERRE GRENIER (AVEN;;;;920
201500037522;15;1;6;2100;5;2;1;1;6;12;15, PIERRE GRENIER (AVEN;;;;920
201500037523;15;1;7;815;1;2;2;1;3;12;CHARLES DE GAULLE (AVENU;;;;920
201500037524;15;1;7;830;1;2;1;1;6;12;REINE (ROUTE DE LA) 82/F;;;;920
201500037525;15;1;9;1510;1;2;1;2;6;12;PONT DE SEVRES (ROND POI;;;;920
201500037526;15;1;10;30;5;2;1;1;6;12;QUATRE SEPTEMBRE (QUAI D;;;;920
201500037527;15;1;11;1720;5;2;1;1;2;12;/, MARECHAL DE LATTRE DE;;;;920
201500037528;15;1;13;1000;1;2;1;1;3;12;8, REPUBLIQUE (BOULEVARD;;;;920
201500037529;15;1;14;1250;1;2;1;2;6;12;176, JEAN JAURES (BOULEV;;;;920
201500037530;15;1;16;823;1;2;1;2;7;12;27, GENERAL LECLERC (AVE;;;;920
201500037531;15;1;18;1905;5;2;1;2;3;12;100, VICTOR HUGO (AVENUE;;;;920
201500037532;15;1;20;1045;1;2;2;1;3;12;JEAN BAPTISTE CLEMENT (A;;;;920
201500037533;15;1;21;1940;5;2;3;1;3;12;VICTOR HUGO (AVENUE) 49/;;;;920
201500037534;15;1;23;1255;1;2;2;1;3;12;REINE (ROUTE DE LA) 82/F;;;;920
201500037535;15;1;23;1425;1;2;1;1;6;12;44, ESCUDIER (RUE) 49/FI;;;;920
201500037536;15;1;24;1515;1;2;3;1;3;12;QUATRE SEPTEMBRE (QUAI D;;;;920
201500037537;15;1;26;1215;1;2;1;2;3;12;69, BONTEMPS (rue Marcel;;;;920
201500037538;15;1;30;2255;5;2;1;1;2;12;3, ANDRE MORIZET (AVENUE;;;;920
201500037539;15;2;5;800;1;2;1;1;7;12;5, ANATOLE FRANCE (BOULE;;;;920
201500037540;15;2;6;946;1;2;1;1;6;12;1818, YVES KERMEN (RUE);;;;920
201500037541;15;2;11;1430;1;2;1;1;2;12;21, GENERAL LECLERC (AVE;;;;920
201500037542;15;2;11;1300;1;2;1;1;6;12;36, REINE (ROUTE DE LA);;;;920
201500037543;15;2;13;1000;1;2;6;1;5;12;RHIN ET DANUBE (ROND POI;;;;920
201500037544;15;2;16;1815;2;2;1;1;2;12;28, ANDRE MORIZET (AVENU;;;;920
201500037545;15;2;19;2115;5;2;1;1;6;12;60, REPUBLIQUE (BOULEVAR;;;;920
201500037546;15;2;20;1115;1;2;2;3;7;12;BELLEVUE (RUE DE) 1/71BI;;;;920
201500037547;15;2;21;1340;1;2;3;1;2;12;7, REINE (ROUTE DE LA) 1;;;;920
201500037548;15;2;23;650;4;2;1;2;6;12;130, VICTOR HUGO (AVENUE;;;;920
201500037549;15;2;23;1625;1;2;6;2;3;12;ANCIENS COMBATTANT (ROND;;;;920
201500037550;15;2;26;2305;1;2;3;1;3;12;ALPHONSE LE GALLO (QUAI);;;;920
201500037551;15;3;2;1845;2;2;3;1;3;12;39, PIERRE GRENIER (AVEN;;;;920
201500037552;15;3;7;810;1;2;2;1;3;12;98, REINE (ROUTE DE LA);;;;920
201500037553;15;3;7;1015;1;2;1;1;6;12;88, JEAN BAPTISTE CLEMEN;;;;920
201500037554;15;3;10;1630;1;2;3;1;2;12;27, QUATRE SEPTEMBRE (QU;;;;920
201500037555;15;3;13;1850;4;2;1;1;2;12;55, POINT DU JOUR (QUAI;;;;920
201500037556;15;3;14;2050;5;2;2;1;2;12;34, ANDRE MORIZET (AVENU;;;;920
201500037557;15;3;15;1045;1;2;1;1;6;12;159, VIEUX PONT DE SEVRE;;;;920
201500037558;15;3;15;1920;5;2;1;1;1;12;ANGLE, JEAN JAURES (BOUL;;;;920
201500037559;15;3;16;1730;1;2;1;1;6;12;39, JEAN BAPTISTE CLEMEN;;;;920
201500037560;15;3;17;1325;1;2;6;1;7;12;PONT DE BILLANCOURT (PLA;;;;920
201500037561;15;3;17;1800;1;2;1;1;3;12;66, REPUBLIQUE (BOULEVAR;;;;920
201500037562;15;3;24;2230;5;2;2;2;6;12;ESCUDIER (RUE) 1/47 - 2/;;;;920
201500037563;15;3;27;1955;5;2;1;1;7;12;84, GENERAL LECLERC (AVE;;;;920
201500037564;15;3;28;1510;1;2;1;1;3;12;GEORGES GORSE (QUAI);;;;920
201500037565;15;4;3;1550;1;2;2;3;3;12;ESCUDIER (RUE) 1/47 - 2/;;;;920
201500037566;15;4;15;810;1;2;1;1;2;12;16, ALPHONSE LE GALLO (Q;;;;920
201500037567;15;4;18;1550;1;2;1;1;2;12;33, EDOUARD VAILLANT (AV;;;;920
201500037568;15;4;23;2034;1;2;1;1;6;12;54, MEUDON (RUE DE) - CO;;;;920
201500037569;15;4;24;1005;1;2;3;1;3;12;PIERRE GRENIER (AVENUE);;;;920
201500037570;15;4;24;1058;1;2;1;1;6;12;86, REPUBLIQUE (BOULEVAR;;;;920
201500037571;15;4;24;1135;1;2;1;1;3;12;49, GEORGES GORSE (QUAI);;;;920
201500037572;15;4;27;1215;1;2;2;1;3;12;791, GENERAL LECLERC (AV;;;;920
201500037573;15;4;30;1730;1;2;1;2;6;12;98, GENERAL LECLERC (AVE;;;;920
201500037574;15;5;1;745;1;2;1;2;6;12;PONT DE SEVRES (ROND POI;;;;920
201500037575;15;5;1;1755;1;2;1;1;3;12;71, BELLEVUE (RUE DE) 1/;;;;920
201500037576;15;5;3;1330;1;2;1;2;5;12;33, EDOUARD VAILLANT (AV;;;;920
201500037577;15;5;4;845;1;2;1;1;3;12;17, QUATRE SEPTEMBRE (QU;;;;920
201500037578;15;5;4;1730;1;2;2;3;3;12;24, ANDRE MORIZET (AVENU;;;;920
201500037579;15;5;5;1120;1;2;1;2;6;12;140, AGUESSEAU (RUE D');;;;920
201500037580;15;5;5;1900;1;2;1;1;3;12;38, REPUBLIQUE (BOULEVAR;;;;920
201500037581;15;5;5;1930;1;2;1;1;6;12;2, TILLEULS (RUE DES) 1/;;;;920
201500037582;15;5;6;1645;1;2;1;8;6;12;39, GENERAL LECLERC (AVE;;;;920
201500037583;15;5;6;2025;1;2;1;5;6;12;55, GEORGES GORSE (QUAI);;;;920
201500037584;15;5;7;1800;1;2;1;1;6;12;65, JEAN BAPTISTE CLEMEN;;;;920
201500037585;15;5;9;1445;1;2;3;1;5;12;85, EDOUARD VAILLANT (AV;;;;920
201500037586;15;5;11;2020;1;2;1;1;3;12;100, YVES KERMEN (RUE) 5;;;;920
201500037587;15;5;17;1405;1;2;1;1;6;12;114, ANDRE MORIZET (AVEN;;;;920
201500037588;15;5;19;1515;1;2;1;1;6;12;231, JEAN JAURES (BOULEV;;;;920
201500037589;15;5;22;810;1;2;1;1;6;12;44, JEAN BAPTISTE CLEMEN;;;;920
201500037590;15;5;24;920;1;2;2;1;7;12;VICTOR HUGO (AVENUE) 49/;;;;920
201500037591;15;5;27;1830;1;2;1;1;6;12;ANATOLE FRANCE (BOULEVAR;;;;920
201500037592;15;5;27;2140;1;2;2;1;3;12;745, GENERAL LECLERC (AV;;;;920
201500037593;15;5;29;1900;1;2;2;1;4;12;ALPHONSE LE GALLO (QUAI);;;;920
201500037594;15;5;30;2035;1;2;1;1;3;12;860, STALINGRAD (QUAI DE;;;;920
201500037595;15;6;1;1600;1;2;1;1;6;12;34, PIERRE GRENIER (AVEN;;;;920
201500037596;15;6;2;1020;1;2;2;1;3;12;EDOUARD VAILLANT (AVENUE;;;;920
201500037597;15;6;5;1110;1;2;2;1;3;12;DENFERT ROCHEREAU (RUE);;;;920
201500037598;15;6;7;2005;1;2;1;1;7;12;15, ANATOLE FRANCE (BOUL;;;;920
201500037599;15;6;8;1700;1;2;1;1;3;12;122, GENERAL LECLERC (AV;;;;920
201500037600;15;6;9;1245;1;2;1;1;2;64;1, RUE GOUNOT;;;;920
201500037601;15;6;11;1630;2;2;1;1;2;12;25, SILLY (RUE DE) 1/87;;;;920
201500037602;15;6;12;1500;1;2;1;1;2;12;85, EDOUARD VAILLANT (AV;;;;920
201500037603;15;6;16;1920;1;2;1;1;6;12;POINT DU JOUR (QUAI DU);;;;920
201500037604;15;6;16;1935;1;2;1;1;6;12;14, SILLY (RUE DE) 1/87;;;;920
201500037605;15;6;14;1420;1;2;1;1;7;12;48, POINT DU JOUR (QUAI;;;;920
201500037606;15;6;19;1800;1;2;1;1;3;12;60, VICTOR HUGO (AVENUE);;;;920
201500037607;15;6;22;1425;1;2;1;1;6;12;18, PEUPLIERS (RUE DES);;;;920
201500037608;15;6;22;1930;1;2;1;2;6;12;145, JEAN JAURES (BOULEV;;;;920
201500037609;15;6;24;1340;1;2;1;1;3;12;61, PIERRE GRENIER (AVEN;;;;920
201500037610;15;6;26;45;5;2;1;1;3;12;80, REINE (ROUTE DE LA);;;;920
201500037611;15;6;26;1055;1;2;1;1;4;12;14, PIERRE GRENIER (AVEN;;;;920
201500037612;15;6;26;1500;1;2;1;1;2;12;59, REINE (ROUTE DE LA);;;;920
201500037613;15;6;27;2050;1;2;2;1;3;12;GENERAL LECLERC (AVENUE;;;;920
201500037614;15;6;28;2030;1;2;1;1;2;12;64, REPUBLIQUE (BOULEVAR;;;;920
201500037615;15;6;30;220;5;2;1;1;6;12;1562, VIEUX PONT DE SEVR;;;;920
201500037616;15;7;1;1810;1;2;1;1;6;12;257, JEAN JAURES (BOULEV;;;;920
201500037617;15;7;2;5;4;2;1;1;2;12;127, GALLIENI (RUE) 55/1;;;;920
201500037618;15;7;2;1700;1;2;1;1;6;12;62, PIERRE GRENIER (AVEN;;;;920
201500037619;15;7;3;610;1;2;1;1;3;12;56, GEORGES GORSE (QUAI);;;;920
201500037620;15;7;3;2125;2;2;1;1;5;12;54 bis, EDOUARD VAILLANT;;;;920
201500037621;15;7;6;650;1;2;1;1;2;12;4, POINT DU JOUR (QUAI D;;;;920
201500037622;15;7;7;1120;1;2;1;1;3;12;2, REPUBLIQUE (BOULEVARD;;;;920
201500037623;15;7;10;144;5;2;1;1;2;12;24, REINE (ROUTE DE LA);;;;920
201500037624;15;7;10;1420;1;2;1;1;3;12;8, ANDRE MORIZET (AVENUE;;;;920
201500037625;15;7;21;1740;1;2;1;1;2;12;26, ANDRE MORIZET (AVENU;;;;920
201500037626;15;7;21;2130;1;2;1;1;3;12;27, QUATRE SEPTEMBRE (QU;;;;920
201500037627;15;7;22;2015;1;2;1;1;3;12;36, PIERRE GRENIER (AVEN;;;;920
201500037628;15;7;23;840;1;2;1;1;7;12;109, VICTOR HUGO (AVENUE;;;;920
201500037629;15;7;25;1935;1;2;1;1;4;12;49, ALPHONSE LE GALLO (Q;;;;920
201500037630;15;7;27;930;1;2;1;1;6;12;48, ALPHONSE LE GALLO (Q;;;;920
201500037631;15;7;26;1925;1;2;2;1;3;12;GALLIENI (RUE) 1/53 - 2/;;;;920
201500037632;15;7;29;2140;1;2;1;1;6;12;37, GENERAL LECLERC (AVE;;;;920
201500037633;15;7;31;2035;1;2;1;1;6;12;79, JEAN BAPTISTE CLEMEN;;;;920
201500037634;15;8;11;1705;1;2;1;1;7;12;45, ALPHONSE LE GALLO (Q;;;;920
201500037635;15;8;13;805;1;2;3;1;3;12;QUATRE SEPTEMBRE (QUAI D;;;;920
201500037636;15;8;16;1145;1;2;1;1;6;12;11, QUATRE SEPTEMBRE (QU;;;;920
201500037637;15;8;18;1350;1;2;1;1;2;12;27, GENERAL LECLERC (AVE;;;;920
201500037638;15;8;18;1815;1;2;1;1;4;12;79, EDOUARD VAILLANT (AV;;;;920
201500037639;15;8;19;1429;1;2;1;1;2;12;33ter, EDOUARD VAILLANT;;;;920
201500037640;15;8;20;50;5;2;6;2;2;12;RHIN ET DANUBE (ROND POI;;;;920
201500037641;15;8;21;20;5;2;1;1;6;12;GENERAL LECLERC (AVENUE;;;;920
201500037642;15;8;21;1600;1;2;1;1;6;12;93, REPUBLIQUE (BOULEVAR;;;;920
201500037643;15;8;23;745;1;2;1;1;6;12;29, GEORGES GORSE (QUAI);;;;920
201500037644;15;8;24;940;1;2;1;2;7;12;PONT DE SEVRES (ROND POI;;;;920
201500037645;15;8;24;1110;1;2;3;1;3;12;QUATRE SEPTEMBRE (QUAI D;;;;920
201500037646;15;8;28;1620;1;2;1;1;3;12;52, REINE (ROUTE DE LA);;;;920
201500037647;15;8;28;1850;1;2;1;1;3;12;114-116, JEAN BAPTISTE C;;;;920
201500037648;15;9;1;1143;1;2;2;1;3;12;AGUESSEAU (RUE D') 1/89;;;;920
201500037649;15;9;1;2045;2;2;1;1;6;12;1, DIAZ (RUE);;;;920
201500037650;15;9;2;1150;1;2;2;1;6;12;GEORGES SOREL (RUE);;;;920
201500037651;15;9;4;1615;1;2;1;1;2;12;7, ALPHONSE LE GALLO (QU;;;;920
201500037652;15;9;5;1955;1;2;1;1;2;12;5, MARECHAL DE LATTRE DE;;;;920
201500037653;15;9;9;830;1;2;1;1;6;12;EMILE ZOLA (RUE);;;;920
201500037654;15;9;12;1847;1;2;1;2;7;12;115, REINE (ROUTE DE LA);;;;920
201500037655;15;9;14;1015;1;2;3;2;3;12;VAUTHIER (RUE);;;;920
201500037656;15;9;15;5;3;2;1;1;4;12;125, REINE (ROUTE DE LA);;;;920
201500037657;15;9;16;915;1;2;1;5;6;12;96, GENERAL LECLERC (AVE;;;;920
201500037658;15;9;17;1020;1;2;1;1;7;12;1, BILLANCOURT (RUE DE);;;;920
201500037659;15;9;19;1150;1;2;1;1;6;12;14, ANDRE MORIZET (AVENU;;;;920
201500037660;15;9;22;1700;1;2;1;2;3;12;REPUBLIQUE (BOULEVARD DE;;;;920
201500037661;15;9;24;1730;1;2;1;1;6;12;240, JEAN JAURES (BOULEV;;;;920
201500037662;15;9;25;1755;1;2;1;1;3;12;1, PONT DE BILLANCOURT (;;;;920
201500037663;15;9;28;230;5;2;1;1;7;12;12, STALINGRAD (QUAI DE);;;;920
201500037664;15;9;28;1410;1;2;1;1;6;12;85, SILLY (RUE DE) 1/87;;;;920
201500037665;15;9;28;2100;5;2;1;1;6;12;8, CHARLES DE GAULLE (AV;;;;920
201500037666;15;9;30;1120;1;2;1;1;7;12;56, EDOUARD VAILLANT (AV;;;;920
201500037667;15;9;30;1824;1;2;1;1;6;12;68, THIERS (RUE) 67/FIN;;;;920
201500037668;15;10;1;720;1;2;2;1;3;12;1, ANDRE MALRAUX (ROND P;;;;920
201500037669;15;10;2;1335;1;2;1;1;6;12;8, PARCHAMP (RUE DU) 9BI;;;;920
201500037670;15;10;5;2200;5;2;2;2;6;12;36, SILLY (RUE DE) 1/87;;;;920
201500037671;15;10;6;1430;1;2;1;1;6;12;24, SILLY (RUE DE) 1/87;;;;920
201500037672;15;10;6;1010;1;2;1;2;1;12;23, QUATRE SEPTEMBRE (QU;;;;920
201500037673;15;10;6;1855;5;2;1;1;5;12;32, EDOUARD VAILLANT (AV;;;;920
201500037674;15;10;7;1400;1;2;2;1;6;12;JAURES/REINE;;;;920
201500037675;15;10;8;1630;1;2;1;1;3;12;33, EDOUARD VAILLANT (AV;;;;920
201500037676;15;10;7;1420;1;2;1;1;6;12;76, REPUBLIQUE (BOULEVAR;;;;920
201500037677;15;10;9;1200;1;2;1;1;2;12;40 bis, TILLEULS (RUE DE;;;;920
201500037678;15;10;9;1440;1;2;1;1;2;12;12, GENERAL LECLERC (AVE;;;;920
201500037679;15;10;11;1025;1;2;1;1;1;12;38, GEORGES GORSE (QUAI);;;;920
201500037680;15;10;11;1130;1;2;1;1;2;12;21, STALINGRAD (QUAI DE);;;;920
201500037681;15;10;14;2210;5;2;1;1;7;12;1, ALFRED LAURANT (RUE);;;;920
201500037682;15;10;16;1230;1;2;1;2;2;12;1, EDOUARD VAILLANT (AVE;;;;920
201500037683;15;10;16;1510;1;2;2;2;3;12;ANGLE, LE CORBUSIER (RUE;;;;920
201500037684;15;10;16;1530;1;2;2;1;6;12;69bis, VICTOR HUGO (AVEN;;;;920
201500037685;15;10;16;1610;1;2;2;1;3;12;LE JOUR SE LEVE (AVENUE);;;;920
201500037686;15;10;16;1940;5;2;1;1;3;12;9-13, REPUBLIQUE (BOULEV;;;;920
201500037687;15;10;17;2250;5;2;1;2;6;12;1, GENERAL LECLERC (AVEN;;;;920
201500037688;15;10;19;1230;1;2;1;1;6;12;90, REINE (ROUTE DE LA);;;;920
201500037689;15;10;19;1137;1;2;1;1;3;12;160, PARIS (RUE DE) 97BI;;;;920
201500037690;15;10;22;605;5;2;2;2;3;12;VICTOR HUGO (AVENUE) 49/;;;;920
201500037691;15;10;22;1300;1;2;1;2;3;12;219, GALLIENI (RUE) 1/53;;;;920
201500037692;15;10;25;217;5;2;1;1;6;12;26, MARECHAL DE LATTRE D;;;;920
201500037693;15;10;27;1300;1;2;1;1;6;12;67, GENERAL LECLERC (AVE;;;;920