num_acc;an;mois;jour;hrmn;lum;agg;int;atm;col;com;adr;gps;lat;long;dep
201500037694;15;10;28;645;2;2;2;2;3;12;CHATEAU (RUE DU) 1/125 -;;;;920
201500037695;15;10;31;800;2;2;1;1;6;12;45, ALPHONSE LE GALLO (Q;;;;920
201500037696;15;10;30;1930;5;2;1;1;3;12;3, REINE (ROUTE DE LA) 1;;;;920
201500037697;15;11;9;1920;5;2;1;1;3;12;17, SILLY (RUE DE) 1/87;;;;920
201500037698;15;11;2;2115;5;2;1;1;3;12;247 BIS, JEAN JAURES (BO;;;;920
201500037699;15;11;3;150;5;2;1;1;6;12;JEAN BAPTISTE CLEMENT (A;;;;920
201500037700;15;11;5;1900;5;2;1;2;6;12;1, PONT DE SEVRES (ROND;;;;920
201500037701;15;11;7;1520;1;2;1;1;3;12;109, REINE (ROUTE DE LA);;;;920
201500037702;15;11;8;140;5;2;3;1;2;12;ALPHONSE LE GALLO (QUAI);;;;920
201500037703;15;11;9;1005;1;2;1;1;3;12;3, YVES KERMEN (RUE) 3/4;;;;920
201500037704;15;11;12;345;5;2;1;1;6;12;35, ALPHONSE LE GALLO (Q;;;;920
201500037705;15;11;14;1425;1;2;1;1;6;12;118, POINT DU JOUR (RUE;;;;920
201500037706;15;11;16;2021;5;2;1;2;6;12;178, JEAN JAURES (BOULEV;;;;920
201500037707;15;11;17;950;1;1;1;2;3;12;72, JEAN BAPTISTE CLEMEN;;;;920
201500037708;15;11;17;1800;5;2;1;2;1;12;9, JEAN BAPTISTE CLEMENT;;;;920
201500037709;15;11;18;1830;5;2;1;1;3;12;65, PIERRE GRENIER (AVEN;;;;920
201500037710;15;11;20;954;1;2;1;2;3;12;87, PIERRE GRENIER (AVEN;;;;920
201500037711;15;11;24;1030;1;2;1;2;3;12;37, YVES KERMEN (RUE) 3/;;;;920
201500037712;15;11;24;1055;1;2;1;2;6;12;52, JEAN BAPTISTE CLEMEN;;;;920
201500037713;15;11;25;1255;1;2;1;8;7;12;1, GEORGES GORSE (QUAI);;;;920
201500037714;15;11;25;1255;1;2;1;8;6;12;1, PARIS (RUE DE) 1/97 -;;;;920
201500037715;15;11;25;2151;5;2;1;2;6;12;52, POINT DU JOUR (QUAI;;;;920
201500037716;15;11;27;1030;1;2;1;1;2;12;27, GENERAL LECLERC (AVE;;;;920
201500037717;15;11;27;925;1;2;1;1;6;12;142, CHATEAU (RUE DU) 12;;;;920
201500037718;15;11;28;2120;5;2;2;1;3;12;CHARLES DE GAULLE (AVENU;;;;920
201500037719;15;11;30;1750;2;2;1;1;6;12;18, DANJOU (RUE) 1/15 -;;;;920
201500037720;15;12;1;1155;1;2;1;1;6;12;1, SILLY (RUE DE) 1/87 -;;;;920
201500037721;15;12;1;1430;1;2;1;1;4;12;27, QUATRE SEPTEMBRE (QU;;;;920
201500037722;15;12;2;1550;1;2;1;1;3;12;127, AGUESSEAU (RUE D');;;;920
201500037723;15;12;7;1100;1;2;2;1;3;12;CARNOT (RUE);;;;920
201500037724;15;12;16;2335;5;2;1;1;6;12;132, GALLIENI (RUE) 55/1;;;;920
201500037725;15;12;17;1820;5;2;1;1;5;12;1, QUATRE SEPTEMBRE (QUA;;;;920
201500037726;15;12;18;1030;1;2;1;1;2;12;38, GEORGES GORSE (QUAI);;;;920
201500037727;15;12;29;810;1;2;1;1;7;12;11, JEAN JAURES (BOULEVA;;;;920
201500037728;15;1;4;1615;1;2;1;1;6;32;DORMOY MAX (AVENUE);;;;920
201500037729;15;1;25;1420;1;2;1;1;2;19;72, SALENGRO ROGER (RUE);;;;920
201500037730;15;1;30;1200;1;2;1;1;3;71;13 bis, GENERAL DE GAULL;;;;920
201500037731;15;2;12;1615;1;2;1;1;6;19;17, LONGUET CHARLES (RUE;;;;920
201500037732;15;2;14;910;1;2;1;2;6;19;BOIS (AVENUE DU);;;;920
201500037733;15;3;9;1705;1;2;1;1;6;19;48, DEPREUX EDOUARD (RUE;;;;920
201500037734;15;3;9;2030;5;2;1;8;3;19;112, LECLERC DIVISION (A;;;;920
201500037735;15;4;8;1940;1;2;2;1;6;32;DOLIVET J ET M (AVENUE);;;;920
201500037736;15;4;9;1030;1;2;1;1;4;19;340, DIVISION LECLERC (A;;;;920
201500037737;15;4;12;1655;1;2;1;1;6;19;1, SELLIER HENRI (PLACE);;;;920
201500037738;15;4;14;1130;1;2;1;1;3;19;129, JAURES JEAN (RUE);;;;920
201500037739;15;4;15;1510;1;2;1;1;6;71;138, GENERAL LECLERC (AV;;;;920
201500037740;15;4;21;840;1;2;6;1;6;19;VIGNES (GRANDE VOIE DES);;;;920
201500037741;15;5;16;1545;1;2;3;1;2;19;LECLERC DIVISION (AVENUE;;;;920
201500037742;15;5;20;1440;1;2;1;1;3;71;138, HOUDAN (RUE);;;;920
201500037743;15;5;24;1815;1;2;1;1;3;19;418, LECLERC DIVISION (A;;;;920
201500037744;15;5;29;1600;1;2;1;1;6;19;1, DE VINCI LEONARD (AVE;;;;920
201500037745;15;6;2;905;1;2;1;1;3;32;19 bis, LANGEVIN PAUL (A;;;;920
201500037746;15;6;5;655;1;2;1;1;2;19;143, SALENGRO ROGER (RUE;;;;920
201500037747;15;6;9;1845;1;2;3;1;3;71;QUATRES CHEMINS (AVENUE;;;;920
201500037748;15;6;22;1730;1;2;3;3;6;32;DORMOY MAX (AVENUE);;;;920
201500037749;15;6;26;834;1;1;3;1;3;32;LOMBARD (AVENUE);;;;920
201500037750;15;7;11;1920;1;2;1;1;6;71;47, ROUX DOCTEUR (RUE DU;;;;920
201500037751;15;8;1;1915;1;2;1;1;6;19;153, DIVISION LECLERC (A;;;;920
201500037752;15;8;10;1530;1;2;1;1;7;32;135, BOUCICAUT (RUE);;;;920
201500037753;15;8;27;2105;5;2;3;3;3;71;VOLTAIRE (RUE);;;;920
201500037754;15;9;6;1145;1;2;1;1;2;71;1, GENERAL LECLERC (AVEN;;;;920
201500037755;15;9;10;1235;1;2;1;1;6;19;SALENGRO ROGER (RUE);;;;920
201500037756;15;9;27;1920;1;1;1;1;7;19;171, LECLERC DIVISION (A;;;;920
201500037757;15;10;1;1845;1;2;6;1;3;19;ALLENDE SALVATOR (CARREF;;;;920
201500037758;15;10;2;815;1;2;1;1;6;32;66, PLATEAU (RUE DU);;;;920
201500037759;15;10;2;1710;1;2;1;1;4;19;140, LECLERC DIVISION (A;;;;920
201500037760;15;11;5;1940;5;2;3;2;6;19;DIVISION LECLERC (AVENUE;;;;920
201500037761;15;11;19;1750;1;2;1;1;6;32;23, LANGEVIN PAUL (AVENU;;;;920
201500037762;15;12;2;2335;5;2;1;1;6;19;317, LECLERC DIVISION (A;;;;920
201500037763;15;12;4;1755;4;2;1;1;6;19;VIGNES (GRANDE VOIE DES);;;;920
201500037764;15;12;9;1325;1;2;6;1;2;19;LOUP PENDU CHEMIN);;;;920
201500037765;15;12;20;30;5;2;6;1;3;71;170, GENERAL LECLERC (AV;;;;920
201500037766;15;1;8;1945;5;2;3;2;3;23;., NOUVELLE POSTE (ALLEE;;;;920
201500037767;15;1;9;2020;5;2;2;1;3;23;., JEAN BAPTISTE CLEMENT;;;;920
201500037768;15;1;16;1845;5;2;2;3;3;23;233, GENERAL DE GAULLE (;;;;920
201500037769;15;1;24;1225;1;2;1;1;3;23;157, PORTE DE TRIVAUX (R;;;;920
201500037770;15;1;28;1750;5;2;3;3;6;23;., PORTE DE TRIVAUX (RUE;;;;920
201500037771;15;1;22;810;1;2;3;1;6;23;., HENRI BARBUSSE (AVENU;;;;920
201500037772;15;1;30;945;1;2;2;1;7;60;PAUL LANGEVIN (AVENUE) (;;;;920
201500037773;15;2;2;830;1;2;1;4;7;23;15, JEAN BAPTISTE CLEMEN;;;;920
201500037774;15;2;5;1930;5;2;1;1;6;23;., ROUTE DE VERSAILLES;;;;920
201500037775;15;2;9;1215;1;2;1;1;4;23;329, GENERAL DE GAULLE (;;;;920
201500037776;15;2;10;740;1;2;2;1;6;60;., PAUL LANGEVIN (AVENUE;;;;920
201500037777;15;2;12;1025;1;2;2;1;6;23;1, VICTOR HUGO (AVENUE);;;;920
201500037778;15;2;13;840;1;2;1;1;3;23;1 ter, CHATILLON (RUE DE;;;;920
201500037779;15;2;13;1440;1;2;1;1;6;23;17, PIERRE LOUVRIER (RUE;;;;920
201500037780;15;2;17;1650;1;2;1;1;6;23;138, GENERAL DE GAULLE (;;;;920
201500037781;15;2;19;1505;1;2;1;1;2;23;., CLAUDE TREBIGNAUD (AV;;;;920
201500037782;15;2;27;1005;1;2;1;1;3;23;461, GENERAL DE GAULLE (;;;;920
201500037783;15;3;3;1510;1;2;1;1;2;23;GENERAL DE GAULLE (AV DU;;;;920
201500037784;15;3;9;1800;1;2;1;1;2;60;17, PAUL LANGEVIN (AVENU;;;;920
201500037785;15;3;11;1940;1;2;1;1;6;23;92, JEAN JAURES (AVENUE);;;;920
201500037786;15;3;12;1745;1;2;1;1;2;23;38, MEUDON (RUE DE);;;;920
201500037787;15;3;13;1000;1;2;1;1;2;23;92, JEAN BAPTISTE CLEMEN;;;;920
201500037788;15;3;17;1630;1;1;1;1;6;23;MARQUIS (PLACE) SANS N?;;;;920
201500037789;15;3;27;1051;1;2;1;2;2;23;157, PORTE DE TRIVAUX (R;;;;920
201500037790;15;3;27;745;1;2;1;1;2;23;80, PORTE DE TRIVAUX (RU;;;;920
201500037791;15;3;26;1835;1;2;1;2;5;23;PAVE BLANC (ROUTE DU) N?;;;;920
201500037792;15;3;30;1900;1;2;1;1;2;60;PAUL LANGEVIN (AVENUE) (;;;;920
201500037793;15;3;31;2037;5;2;1;1;2;60;03, VICTOR VERNADAT (RUE;;;;920
201500037794;15;4;1;1000;1;2;1;1;7;23;123, HENRI BARBUSSE (AVE;;;;920
201500037795;15;4;4;1720;1;2;1;1;6;23;VICTOR HUGO (AVENUE);;;;920
201500037796;15;4;7;1325;1;2;1;1;3;60;NEWTON (AVENUE);;;;920
201500037797;15;4;8;1555;1;2;1;1;2;23;HENRI BARBUSSE (AVENUE);;;;920
201500037798;15;4;9;1605;1;2;1;1;6;23;27, PAUL VAILLANT COUTUR;;;;920
201500037799;15;4;10;1825;1;2;1;1;3;23;1, FOSSE BAZIN (CHEMIN D;;;;920
201500037800;15;4;15;1905;1;2;1;1;3;23;, HENRI BARBUSSE (AVENUE;;;;920
201500037801;15;4;17;1220;1;2;1;1;2;60;11, PAUL LANGEVIN (AVENU;;;;920
201500037802;15;4;20;800;1;1;1;1;2;23;01, CHAMPAGNE (RUE);;;;920
201500037803;15;4;21;1922;1;2;1;1;6;23;229, GENERAL DE GAULLE (;;;;920
201500037804;15;4;22;930;1;2;1;1;2;60;01, CHARLES DE GAULLE (P;;;;920
201500037805;15;4;22;1025;1;2;1;1;6;60;1, PAUL LANGEVIN (AVENUE;;;;920
201500037806;15;4;23;1004;1;2;1;1;6;23;01, GARE (PLACE DE LA);;;;920
201500037807;15;5;2;900;1;2;1;1;7;23;PLAINE (RUE DE LA);;;;920
201500037808;15;5;6;1920;1;2;1;1;7;23;, GARDE (PLACE DU) S101;;;;920
201500037809;15;5;13;1915;1;2;1;1;7;23;01, CLAUDE TREBIGNAUD (A;;;;920
201500037810;15;5;29;1340;1;2;1;1;3;23;05, PAUL VAILLANT COUTUR;;;;920
201500037811;15;6;1;2030;1;2;1;1;6;60;VICTOR VERNADAT (RUE) CO;;;;920
201500037812;15;6;10;1740;1;2;1;1;6;23;01, ILE DE FRANCE (RUE D;;;;920
201500037813;15;6;11;905;1;2;1;1;3;23;115, GENERAL DE GAULLE (;;;;920
201500037814;15;6;17;1551;1;2;1;1;6;23;07, PAUL VAILLANT COUTUR;;;;920
201500037815;15;6;17;1825;1;2;1;1;3;23;367, GENERAL DE GAULLE (;;;;920
201500037816;15;6;19;1514;1;2;1;1;6;23;PORTE DE TRIVAUX (RUE DE;;;;920
201500037817;15;6;19;1840;1;2;1;1;3;23;173, HENRI BARBUSSE (AVE;;;;920
201500037818;15;6;23;1515;1;2;1;1;6;60;06, GRANDE RUE;;;;920
201500037819;15;6;23;1830;1;2;1;1;3;23;05, BRETAGNE (RUE DE);;;;920
201500037820;15;6;24;1110;1;2;1;1;3;23;01, SYGRIE (AVENUE DE LA;;;;920
201500037821;15;6;26;1345;1;2;1;1;2;23;81, HENRI BARBUSSE (AVEN;;;;920
201500037822;15;6;30;920;1;2;1;1;7;23;01, GENERAL EISENHOWER (;;;;920
201500037823;15;6;26;1609;1;2;1;1;6;23;191, VICTOR HUGO (AVENUE;;;;920
201500037824;15;7;2;1620;1;2;1;1;6;23;65, VIGNES (RUE DES);;;;920
201500037825;15;7;7;2040;1;2;1;1;7;60;22, LIBERATION (AVENUE D;;;;920
201500037826;15;7;12;2230;5;2;1;1;3;23;01, PAVE BLANC (ROUTE DU;;;;920
201500037827;15;7;15;1550;1;2;1;1;6;60;08TER, LEON BLUM (AVENUE;;;;920
201500037828;15;7;18;1350;1;2;1;1;6;23;197, PORTE DE TRIVAUX (R;;;;920
201500037829;15;7;20;705;2;2;1;8;6;60;0, GRANDE RUE;;;;920
201500037830;15;7;21;1805;1;2;2;1;3;23;0, SYGRIE (AVENUE DE LA);;;;920
201500037831;15;7;27;2130;2;2;1;1;6;23;1, HENRI BARBUSSE (AVENU;;;;920
201500037832;15;7;29;841;1;2;1;1;6;23;33, JEAN BAPTISTE CLEMEN;;;;920
201500037833;15;7;25;1240;1;2;1;1;6;23;PAUL VAILLANT COUTURIER;;;;920
201500037834;15;8;20;830;1;2;1;2;7;23;104, HENRI BARBUSSE (AVE;;;;920
201500037835;15;8;9;2230;5;2;1;1;6;23;57, JEAN JAURES (AVENUE);;;;920
201500037836;15;8;24;1835;1;2;1;2;3;23;157, PORTE DE TRIVAUX (R;;;;920
201500037837;15;8;24;1720;1;2;1;2;3;23;78, GENERAL EISENHOWER (;;;;920
201500037838;15;8;29;1230;1;2;1;1;3;23;341, GENERAL DE GAULLE (;;;;920
201500037839;15;8;31;1800;1;2;2;1;3;23;0, HENRI BARBUSSE (AVENU;;;;920
201500037840;15;9;5;1610;1;2;1;1;1;23;01, REPUBLIQUE (AVENUE D;;;;920
201500037841;15;9;10;1340;1;2;2;1;3;23;HENRI BARBUSSE (AVENUE);;;;920
201500037842;15;9;10;1820;1;2;1;1;3;23;233, GENERAL DE GAULLE (;;;;920
201500037843;15;9;11;1632;1;2;1;1;3;60;HUIT MAI 1945 (PLACE DU);;;;920
201500037844;15;9;15;645;3;2;2;2;3;23;0, GENERAL DE GAULLE (AV;;;;920
201500037845;15;9;16;2350;4;2;1;1;6;23;141, RODIN (BOULEVARD);;;;920
201500037846;15;9;17;900;1;2;4;1;3;23;154, AV V HUGO/ALL HUGO;;;;920
201500037847;15;9;18;1540;1;2;1;3;7;23;93, PORTE DE TRIVAUX (RU;;;;920
201500037848;15;9;26;1430;1;2;1;1;2;60;01, GALILEE (AVENUE);;;;920
201500037849;15;9;26;1910;1;2;1;1;3;23;340, GENERAL DE GAULLE (;;;;920
201500037850;15;9;25;1420;1;2;1;1;6;23;215, GENERAL DE GAULLE (;;;;920
201500037851;15;9;26;1920;1;2;1;1;6;23;11, ALBERT NEVEU (RUE);;;;920
201500037852;15;9;27;1555;1;2;1;1;6;23;01, RENE SAMUEL (AVENUE);;;;920
201500037853;15;9;27;2230;5;2;1;1;2;60;115, EDOUARD HERRIOT (AV;;;;920
201500037854;15;9;29;915;1;2;1;1;1;23;381, GENERAL DE GAULLE (;;;;920
201500037855;15;9;30;1610;1;2;2;1;3;60;HERRIOT/LANGEVIN;;;;920
201500037856;15;9;30;930;1;2;1;1;7;23;, MOULIN DE LA TOUR (BOU;;;;920
201500037857;15;10;1;1330;1;2;1;1;6;23;162, GENERAL DE GAULLE (;;;;920
201500037858;15;10;4;1450;1;2;1;1;6;23;329, GENERAL DE GAULLE (;;;;920
201500037859;15;10;6;1115;1;2;2;2;6;23;1, PAUL VAILLANT COUTURI;;;;920
201500037860;15;11;18;1730;5;2;2;1;3;23;1, GENERAL DE GAULLE (AV;;;;920
201500037861;15;10;27;2055;5;2;2;2;6;23;75, HENRI BARBUSSE (AVEN;;;;920
201500037862;15;10;29;2045;5;2;7;1;6;23;138, PORTE DE TRIVAUX (R;;;;920
201500037863;15;11;3;1115;1;2;1;1;6;23;0, ILE DE FRANCE (RUE DE;;;;920
201500037864;15;11;5;1500;1;2;1;1;3;60;0, PAUL LANGEVIN (AVENUE;;;;920
201500037865;15;11;6;1500;1;2;1;1;6;23;0, PICARDIE (RUE DE);;;;920
201500037866;15;11;7;1345;1;2;1;1;2;23;01, ANDREAS BECK (RUE);;;;920
201500037867;15;11;10;1735;2;2;1;1;3;23;01, MOULIN DE LA TOUR (B;;;;920
201500037868;15;11;11;2000;5;2;1;1;2;60;01, PAUL LANGEVIN (AVENU;;;;920
201500037869;15;11;11;1545;1;2;1;1;6;23;233, GENERAL DE GAULLE (;;;;920
201500037870;15;11;10;745;2;2;1;1;6;60;01, PAUL LANGEVIN (AVENU;;;;920
201500037871;15;11;12;1640;1;1;1;1;3;23;87, HENRI BARBUSSE (AVEN;;;;920
201500037872;15;11;13;830;1;2;1;1;7;23;220, JEAN JAURES (AVENUE;;;;920
201500037873;15;11;17;900;1;2;6;1;2;60;0, PAUL LANGEVIN (AVENUE;;;;920
201500037874;15;11;24;740;5;2;1;1;6;23;462, GENERAL DE GAULLE (;;;;920
201500037875;15;12;4;1800;5;2;1;1;6;60;01, EDOUARD HERRIOT (AVE;;;;920
201500037876;15;12;7;1830;5;2;3;1;6;23;GENERAL DE GAULLE (AV DU;;;;920
201500037877;15;12;8;1930;5;2;6;1;3;60;01, CHARLES DE GAULLE (P;;;;920
201500037878;15;12;4;1727;5;2;1;1;7;23;01, CLAUDE TREBIGNAUD (A;;;;920
201500037879;15;11;26;630;5;2;1;2;7;23;1, HEBERT (RUE);;;;920
201500037880;15;11;26;1842;5;2;1;1;6;23;FLEURY (CARREFOUR DE) BO;;;;920
201500037881;15;12;11;1145;1;2;1;1;1;23;15, HENRI BARBUSSE (AVEN;;;;920
201500037882;15;12;17;1015;1;2;1;1;6;60;75, CHARLES DE GAULLE (A;;;;920
201500037883;15;12;17;1050;1;2;1;1;6;23;5/9, CARNETS (RUE DES);;;;920
201500037884;15;12;17;1220;1;2;1;1;6;23;HENRI BARBUSSE (AVENUE);;;;920
201500037885;15;12;23;1745;5;2;1;1;6;23;0, VILLACOUBLAY (AVENUE;;;;920
201500037886;15;12;23;1900;5;2;1;1;5;23;12, PAUL VAILLANT COUTUR;;;;920
201500037887;15;7;25;1430;1;2;2;1;6;24;24, JEAN JAURES (BD) DE;;;;920
201500037888;15;1;8;730;5;2;1;1;3;24;72, JEAN JAURES (BD) DE;;;;920
201500037889;15;1;16;920;1;2;3;1;2;24;30, MOREL (RUE);;;;920
201500037890;15;1;21;1830;1;2;1;1;6;24;99, JEAN JAURES (BD) DE;;;;920
201500037891;15;1;23;1830;5;2;6;1;6;24;1, REPUBLIQUE (PLACE DE;;;;920
201500037892;15;1;30;1440;1;2;1;1;6;24;80, JEAN JAURES (BD) DE;;;;920
201500037893;15;2;2;955;1;2;2;1;6;24;8, GEORGES BOISSEAU (RUE;;;;920
201500037894;15;2;2;1245;1;2;2;1;3;24;47, GENERAL LECLERC (BD;;;;920
201500037895;15;2;4;1500;1;2;1;1;6;24;90, GENERAL ROGUET (RUE;;;;920
201500037896;15;2;8;830;1;2;2;1;1;24;50, GENERAL LECLERC (BD;;;;920
201500037897;15;2;13;2030;5;2;3;1;3;24;128, VICTOR HUGO (BD);;;;920
201500037898;15;2;24;925;1;2;2;2;3;24;24, MARTRE DE (4 A 54);;;;920
201500037899;15;3;7;305;5;2;6;1;6;24;114, CLICHY (QUAI DE) DE;;;;920
201500037900;15;3;9;2115;5;2;1;1;3;24;99, MARTRE DE (4 A 54);;;;920
201500037901;15;3;9;2330;5;2;1;1;2;24;64, MARTRE DE (4 A 54);;;;920
201500037902;15;3;11;2005;5;2;3;1;3;24;54-56, VICTOR HUGO (BD);;;;920
201500037903;15;3;12;1605;1;2;2;1;3;24;1, RUE DU 08 MAI 1945;;;;920
201500037904;15;3;14;2210;5;2;3;1;7;24;1, DOCTEUR EMILE ROUX (R;;;;920
201500037905;15;3;15;1901;5;2;2;1;6;24;42, GENERAL LECLERC (BD;;;;920
201500037906;15;3;17;110;5;2;3;1;6;24;83, HENRI BARBUSSE (RUE);;;;920
201500037907;15;3;18;1340;1;2;2;1;3;24;86, MARTRE (RUE) DE (59;;;;920
201500037908;15;3;30;1805;1;2;2;1;6;24;5, CLAUDE DEBUSSY (AVENU;;;;920
201500037909;15;3;31;1810;1;2;1;1;6;24;94, GENERAL LECLERC (RUE;;;;920
201500037910;15;4;1;1730;1;2;2;1;2;24;85, JEAN JAURES (BD) DE;;;;920
201500037911;15;4;2;1850;1;2;2;1;3;24;87, HENRI BARBUSSE (RUE);;;;920
201500037912;15;4;3;1000;1;2;2;1;6;24;46, GENERAL LECLERC (BD;;;;920
201500037913;15;4;7;1955;5;2;2;1;2;24;46, GENERAL ROGUET (RUE;;;;920
201500037914;15;4;10;1000;1;2;6;1;3;24;119, GENERAL LECLERC (RU;;;;920
201500037915;15;4;20;2040;5;2;2;1;2;24;36, GENERAL LECLERC (BD;;;;920
201500037916;15;4;29;1716;1;2;1;1;2;24;110, CLICHY (QUAI DE) DE;;;;920
201500037917;15;4;30;1413;1;2;1;1;6;24;59, JEAN JAURES (BD) DE;;;;920
201500037918;15;5;4;1900;1;2;1;3;6;24;63, MADAME DE SANZILLON;;;;920
201500037919;15;5;6;1700;1;2;1;1;6;24;12, CHANCE MILLY (RUE);;;;920
201500037920;15;5;7;1110;1;2;1;1;3;24;1, ASNIERES (PONT D');;;;920
201500037921;15;5;15;910;1;2;1;1;6;24;59, VILLENEUVE (RUE) DE;;;;920
201500037922;15;5;17;1115;1;2;2;1;6;24;106, MARTRE (RUE) DE (59;;;;920
201500037923;15;5;13;1045;1;2;1;1;6;24;21, JEAN JAURES (BD) DE;;;;920
201500037924;15;5;19;1200;1;2;6;1;2;24;97, GENERAL ROGUET (RUE;;;;920
201500037925;15;5;26;1810;1;2;2;1;3;24;64, MARTRE (RUE) DE (59;;;;920
201500037926;15;5;26;2040;1;2;1;1;6;24;119, HENRI BARBUSSE (RUE;;;;920
201500037927;15;5;29;115;5;2;4;1;6;24;1, ASNIERES (ROUTE D');;;;920
201500037928;15;5;31;1330;1;2;3;1;6;24;1, JEAN JAURES (BD) DE (;;;;920
201500037929;15;6;2;845;1;2;1;1;1;24;28, FERNAND PELLOUTIER (;;;;920
201500037930;15;6;2;1755;1;2;1;1;3;24;119, MARTRE (RUE) DE (11;;;;920
201500037931;15;5;4;1930;1;2;3;2;3;24;1, ASNIERES (ROUTE D');;;;920
201500037932;15;6;6;1000;1;2;1;1;3;24;54, CLICHY (QUAI DE) DE;;;;920
201500037933;15;6;8;1830;1;2;1;1;3;24;04, MADAME DE SANZILLON;;;;920
201500037934;15;7;9;2015;5;2;1;1;2;24;140, MARTRE (RUE) DE (11;;;;920
201500037935;15;5;15;930;1;2;1;1;3;24;47, GEORGES BOISSEAU (RU;;;;920
201500037936;15;6;16;1830;5;2;1;1;7;24;04, CLICHY (QUAI DE) DE;;;;920
201500037937;15;6;9;1025;1;2;3;1;3;24;124, VICTOR HUGO (BD);;;;920
201500037938;15;6;11;1125;1;2;3;1;7;24;73, GENERAL LECLERC (RUE;;;;920
201500037939;15;6;28;840;1;2;2;1;6;24;24, LEON GAMBETTA (ALLEE;;;;920
201500037940;15;6;28;40;5;2;1;1;3;24;61, HENRI BARBUSSE (RUE);;;;920
201500037941;15;6;30;1600;1;2;2;1;5;24;1, PIERRE DREYFUS (RUE);;;;920
201500037942;15;7;1;925;1;2;2;1;5;24;54, MARTRE DE (4 A 54);;;;920
201500037943;15;7;6;1600;1;2;2;1;3;24;9, PAUL SIGNAC (ALLEE);;;;920
201500037944;15;7;17;110;5;2;2;1;3;24;22, LANDY (RUE DU) DE (2;;;;920
201500037945;15;7;6;1430;1;2;3;1;7;24;142, MARTRE (RUE) DE (11;;;;920
201500037946;15;7;19;1930;1;2;2;1;7;24;8, GEORGES BOISSEAU (RUE;;;;920
201500037947;15;8;6;2040;2;2;2;1;3;24;7, ALSACE (RUE D') DE (1;;;;920
201500037948;15;8;10;1940;1;2;2;1;1;24;110, MARTRE (RUE) DE (59;;;;920
201500037949;15;8;17;720;1;2;2;1;3;24;62, VILLEVEUVE (RUE) DE;;;;920
201500037950;15;8;20;1310;1;2;1;2;7;24;2, GENERAL ROGUET (RUE D;;;;920
201500037951;15;8;25;2025;5;2;2;2;3;24;23, GENERAL LECLERC (BD;;;;920
201500037952;15;8;28;1030;1;2;1;1;6;24;1, LEON BLUM (RUE);;;;920
201500037953;15;8;3;2100;2;2;3;1;4;24;1, CLICHY (PONT DE);;;;920
201500037954;15;8;24;825;1;2;1;3;3;24;69, GENERAL LECLERC (RUE;;;;920
201500037955;15;9;9;950;1;2;2;1;6;24;86, MARTRE (RUE) DE (59;;;;920
201500037956;15;9;3;2150;5;2;3;1;2;24;60, MARTRE (RUE) DE (59;;;;920
201500037957;15;9;11;840;1;2;1;1;6;24;11, CASTERES (RUE);;;;920
201500037958;15;9;17;1626;1;2;2;1;3;24;34, HENRI BARBUSSE (RUE);;;;920
201500037959;15;9;18;835;1;2;1;1;3;24;52, PIERRE BEREGOVOY (RU;;;;920
201500037960;15;9;18;1045;1;2;3;1;3;24;200, CLICHY (QUAI DE) DE;;;;920
201500037961;15;9;21;1045;1;2;3;1;1;24;1, ASNIERES (ROUTE D');;;;920
201500037962;15;9;23;2250;5;2;6;1;3;24;114, CLICHY (QUAI DE) DE;;;;920
201500037963;15;9;24;1430;1;2;1;1;6;24;97, MARTRE (RUE) DE (59;;;;920
201500037964;15;9;30;820;1;2;1;1;4;24;13, LANDY (RUE DU) DE (1;;;;920
201500037965;15;9;8;1840;1;2;1;1;7;24;57, VICTOR HUGO (BD);;;;920
201500037966;15;10;10;1500;1;2;3;1;7;24;141-143, VICTOR HUGO (BD;;;;920
201500037967;15;10;16;1625;1;2;2;1;3;24;78, VICTOR HUGO (BD);;;;920
201500037968;15;10;21;2110;5;2;2;2;3;24;8, MARTISSOT (RUE);;;;920
201500037969;15;10;24;1730;1;2;1;1;4;24;124, JEAN JAURES (BD) DE;;;;920
201500037970;15;10;31;1430;1;2;1;1;2;24;1, CLICHY (PONT DE);;;;920
201500037971;15;10;14;1010;1;2;2;1;2;24;102, JEAN JAURES (BD) DE;;;;920
201500037972;15;11;3;1625;1;2;2;1;6;24;68, HENRI BARBUSSE (RUE);;;;920
201500037973;15;11;6;1930;5;2;1;2;6;24;83, JEAN JAURES (BD) DE;;;;920
201500037974;15;11;8;615;5;2;2;1;3;24;69, MARTRE (RUE) DE (59;;;;920
201500037975;15;11;17;845;2;2;1;2;4;24;1, CLICHY (PONT DE);;;;920
201500037976;15;11;17;1650;1;2;1;1;6;24;30, GEORGES BOISSEAU (RU;;;;920
201500037977;15;11;17;1845;5;2;1;2;5;24;108, MARTRE (RUE) DE (59;;;;920
201500037978;15;11;18;1700;2;2;1;1;6;24;14, SIMONNEAU (RUE);;;;920
201500037979;15;12;4;945;1;1;3;1;6;24;72, VICTOR HUGO (BD);;;;920
201500037980;15;11;16;1300;1;2;3;1;6;24;65, VICTOR HUGO (BD);;;;920
201500037981;15;12;8;1410;1;2;1;3;3;24;101, MARTRE (RUE) DE (59;;;;920
201500037982;15;12;16;1750;1;2;2;1;6;24;45, JEAN JAURES (BD) DE;;;;920
201500037983;15;12;5;1220;1;2;1;1;6;24;20, CHARLES ET RENE AUFF;;;;920
201500037984;15;12;21;1745;5;2;1;3;6;24;10, REPUBLIQUE (PLACE DE;;;;920
201500037985;15;12;24;1110;1;2;3;1;3;24;112, VICTOR HUGO (BD);;;;920
201500037986;15;12;20;1215;1;2;1;1;7;24;159, JEAN JAURES (BD) DE;;;;920
201500037987;15;1;9;1326;1;2;1;1;6;25;0, PAUL BERT (RUE);;;;920
201500037988;15;1;11;35;5;2;2;1;3;25;0, G.GRES<> 150 A 190 &;;;;920
201500037989;15;1;12;1300;1;2;2;1;6;25;DE GAULLE/GRES;;;;920
201500037990;15;1;13;940;1;2;1;1;6;25;0, PRESIDENT SALVADOR AL;;;;920
201500037991;15;1;12;1415;1;2;9;1;3;25;20, EUROPE (AV DE L');;;;920
201500037992;15;1;20;935;1;2;2;1;6;25;BOURNARD (RUE DU);;;;920
201500037993;15;1;23;2245;5;2;2;1;7;25;65, PAUL BERT (RUE);;;;920
201500037994;15;1;27;900;1;2;1;1;2;25;21, GABRIEL PERI (RUE);;;;920
201500037995;15;1;29;1805;2;2;1;2;6;25;0, BOURNARD (RUE DU);;;;920
201500037996;15;2;3;915;1;2;1;1;6;25;117, CHAMPARONS & (PETIT;;;;920