num_acc;an;mois;jour;hrmn;lum;agg;int;atm;col;com;adr;gps;lat;long;dep
201500037997;15;2;3;1925;5;2;2;1;6;25;77, BOURNARD (RUE DU);;;;920
201500037998;15;2;5;1005;1;2;2;1;6;25;2, GAMBETTA (BD);;;;920
201500037999;15;2;5;1105;1;2;1;1;7;25;555, GABRIEL PERI (RUE);;;;920
201500038000;15;2;5;2010;1;2;2;1;2;25;0, CHARLES DE GAULLE (BD;;;;920
201500038001;15;2;6;1250;1;2;2;1;6;25;155, HENRI BARBUSSE (AV);;;;920
201500038002;15;1;28;1525;1;2;1;2;3;25;96, HENRI BARBUSSE (AV);;;;920
201500038003;15;2;6;2145;5;2;3;1;6;25;FERRY/LEGE;;;;920
201500038004;15;2;9;645;5;2;2;1;3;25;0, PAUL BERT (RUE);;;;920
201500038005;15;2;11;1015;1;2;1;1;6;25;454, GABRIEL PERI (RUE);;;;920
201500038006;15;2;11;1415;1;2;1;1;7;25;35, EUROPE (AV DE L');;;;920
201500038007;15;2;14;1915;1;2;1;1;6;25;55, GABRIEL PERI (RUE);;;;920
201500038008;15;2;7;1910;5;2;1;1;6;25;0, CHARLES DE GAULLE (BD;;;;920
201500038009;15;2;19;1440;1;2;1;1;2;25;0, EUROPE (AV DE L');;;;920
201500038010;15;2;21;1920;5;2;2;1;3;25;0, KLEBER (AV);;;;920
201500038011;15;2;20;1455;1;2;1;2;6;25;12, VALMY (BD DE);;;;920
201500038012;15;2;25;1245;1;2;1;2;7;25;220, ESTIENNE D'ORVES (R;;;;920
201500038013;15;2;26;855;1;2;1;2;7;25;17, HENRI LITTOLFF N? PA;;;;920
201500038014;15;3;4;1930;5;2;1;1;6;25;22, GABRIEL PERI (RUE);;;;920
201500038015;15;3;4;1145;1;2;1;1;6;25;28, EGALITE (RUE DE L');;;;920
201500038016;15;3;13;1250;1;2;1;1;3;25;308, PRESIDENT SALVADOR;;;;920
201500038017;15;3;9;1525;1;2;3;1;3;25;0, METZ (RUE DE);;;;920
201500038018;15;3;14;2055;5;2;1;1;2;25;0, CHARLES DE GAULLE (BD;;;;920
201500038019;15;3;16;840;1;2;1;1;3;25;76, BOURNARD (RUE DU);;;;920
201500038020;15;3;17;830;1;2;2;1;3;25;20, VALMY (BD DE);;;;920
201500038021;15;3;23;850;1;2;2;1;6;25;0, PAUL BERT (RUE);;;;920
201500038022;15;3;23;915;1;2;1;1;3;25;0, BOURNARD (RUE DU);;;;920
201500038023;15;3;24;2200;5;2;3;2;6;25;0, G.GRES<>2 A 148 & 1 A;;;;920
201500038024;15;3;28;1345;1;2;5;1;6;25;94, MARCEAU (BD);;;;920
201500038025;15;3;31;1935;1;2;2;1;3;25;0, BOURNARD (RUE DU);;;;920
201500038026;15;4;5;1655;1;2;1;1;3;25;27, STALINGRAD (AV DE);;;;920
201500038027;15;4;6;1940;1;2;1;1;1;25;146, VOIES DU BOIS (RUE;;;;920
201500038028;15;4;6;2005;1;2;1;1;6;25;51, VICTOR HUGO (AV.VILL;;;;920
201500038029;15;4;7;1715;1;2;1;1;6;25;18, HENRI BARBUSSE (AV);;;;920
201500038030;15;4;8;635;5;2;2;1;3;25;0, VALMY (BD DE);;;;920
201500038031;15;4;10;930;1;2;3;1;1;25;76, HENRI BARBUSSE (AV);;;;920
201500038032;15;4;10;1215;1;2;1;1;7;25;0, ROUTE DU PORT DE PARI;;;;920
201500038033;15;4;11;1100;1;2;1;1;3;25;73, PAUL BERT (RUE);;;;920
201500038034;15;4;11;1720;1;2;2;2;2;25;49, EUROPE (AV DE L');;;;920
201500038035;15;4;14;2040;1;2;2;1;3;25;0, VALMY (BD DE);;;;920
201500038036;15;2;21;2025;5;2;1;1;7;25;0, EGALITE (RUE DE L');;;;920
201500038037;15;4;28;1720;1;2;2;1;7;25;0, LABOURET (RUE);;;;920
201500038038;15;4;2;1215;1;2;3;2;7;25;49, PROGRES (RUE DU);;;;920
201500038039;15;5;5;1030;1;2;2;2;3;25;77, PAUL BERT (RUE);;;;920
201500038040;15;5;12;1540;1;2;2;1;3;25;0, LABOURET (RUE);;;;920
201500038041;15;5;19;1235;1;2;2;1;3;25;0, GAMBETTA (BD);;;;920
201500038042;15;5;29;905;1;2;1;1;6;25;151, PRESIDENT SALVADOR;;;;920
201500038043;15;5;29;1720;1;2;1;1;6;25;357/359, ESTIENNE D'ORVE;;;;920
201500038044;15;6;1;1050;1;2;1;1;6;25;0, BUFFON (RUE);;;;920
201500038045;15;6;1;1920;1;2;1;1;3;25;34, JEAN JACQUES ROUSSEA;;;;920
201500038046;15;6;4;710;1;2;1;1;3;25;555, GABRIEL PERI (RUE);;;;920
201500038047;15;6;8;1745;1;2;1;1;6;25;137, STALINGRAD (AV DE);;;;920
201500038048;15;6;8;2030;1;2;3;1;6;25;105, VALMY (BD DE);;;;920
201500038049;15;6;10;1930;1;2;1;1;1;25;50, STALINGRAD (AV DE);;;;920
201500038050;15;6;12;1550;1;2;1;1;6;25;1, EUROPE (AV DE L');;;;920
201500038051;15;6;19;10;5;2;2;1;3;25;0, MOSLARD (RUE);;;;920
201500038052;15;6;22;1155;1;2;1;1;6;25;0, BOURNARD (RUE DU);;;;920
201500038053;15;6;26;1650;1;2;1;1;1;25;175, STALINGRAD (AV DE);;;;920
201500038054;15;6;27;1645;1;2;1;1;3;25;115, STALINGRAD (AV DE);;;;920
201500038055;15;6;28;1755;1;2;2;1;3;25;, GABRIEL PERI (RUE);;;;920
201500038056;15;7;7;1205;1;2;1;1;3;25;312, GABRIEL PERI (RUE);;;;920
201500038057;15;7;6;1855;1;1;1;1;3;25;PAUL BERT (RUE);;;;920
201500038058;15;7;9;1032;1;2;1;1;2;25;0, VERDUN (RUE DE);;;;920
201500038059;15;7;13;2115;2;2;1;1;7;25;125, MARECHAL JOFFRE (RU;;;;920
201500038060;15;7;17;1140;1;1;1;1;6;25;GABRIEL PERI (RUE);;;;920
201500038061;15;7;18;1153;1;2;1;1;6;25;VIS A VIS, CHARLES DE GA;;;;920
201500038062;15;7;27;1630;1;2;1;1;3;25;PAUL BERT (RUE);;;;920
201500038063;15;7;28;755;2;2;3;1;3;25;0, GABRIEL PERI (RUE);;;;920
201500038064;15;8;8;1300;1;2;1;1;6;25;0, CHARLES DE GAULLE (BD;;;;920
201500038065;15;8;14;23;5;2;3;2;3;25;0, CHARLES DE GAULLE (BD;;;;920
201500038066;15;7;30;1310;1;2;1;1;2;25;0, GABRIEL PERI (RUE);;;;920
201500038067;15;8;20;1035;1;1;2;2;6;25;0, CHARLES DE GAULLE (BD;;;;920
201500038068;15;9;3;1745;1;2;1;1;3;25;0, FRATERNITE (RUE DE LA;;;;920
201500038069;15;9;4;40;5;2;1;1;1;25;0, GABRIEL PERI (RUE);;;;920
201500038070;15;9;4;1530;1;2;2;1;3;25;0, PAUL BERT (RUE);;;;920
201500038071;15;9;7;950;1;2;1;1;5;25;0, HENRI BARBUSSE (AV);;;;920
201500038072;15;9;11;2142;5;2;2;1;3;25;0, PAUL BERT (RUE);;;;920
201500038073;15;7;5;2030;1;2;1;1;6;25;PBERT  ST YVES DU MANOIR;;;;920
201500038074;15;9;19;1510;1;1;1;1;3;25;36, EDGARD QUINET (BD);;;;920
201500038075;15;9;19;1910;1;2;1;1;3;25;1, CHARLES DE GAULLE (BD;;;;920
201500038076;15;9;23;1635;1;2;1;1;6;25;87, VARSOVIE (RUE DE);;;;920
201500038077;15;9;24;1610;1;2;1;1;6;25;, CHARLES DE GAULLE (BD);;;;920
201500038078;15;9;25;1630;1;2;1;1;6;25;0, COMMERCE (RUE DU);;;;920
201500038079;15;9;27;2155;5;2;1;1;3;25;24, VALMY (BD DE);;;;920
201500038080;15;9;29;1000;1;2;2;1;3;25;0, GABRIEL PERI (RUE);;;;920
201500038081;15;9;29;800;1;2;1;1;2;25;178, RENOUILLERS  (RUE D;;;;920
201500038082;15;9;30;840;1;2;2;1;3;25;0, PAUL BERT (RUE);;;;920
201500038083;15;9;30;1445;1;2;1;1;2;25;0, PONT DE BEZONS;;;;920
201500038084;15;10;5;1740;1;2;1;2;6;25;130, CHARLES DE GAULLE (;;;;920
201500038085;15;10;8;20;3;2;1;1;3;25;0, CHARLES DE GAULLE (BD;;;;920
201500038086;15;10;8;1640;1;2;1;1;3;25;5, GABRIEL PERI (RUE);;;;920
201500038087;15;10;9;1110;1;2;2;1;3;25;0, GENERAL LECLERC (PLAC;;;;920
201500038088;15;10;10;2315;5;2;1;1;1;25;57, COLBERT <> 55 A 113;;;;920
201500038089;15;10;10;1410;1;2;1;1;7;25;86, VARSOVIE (RUE DE);;;;920
201500038090;15;10;10;1510;1;1;2;1;3;25;0, A86;;;;920
201500038091;15;10;12;1615;1;1;1;1;3;25;0, CHARLES DE GAULLE (BD;;;;920
201500038092;15;10;12;1920;2;2;1;1;2;25;0, PIERRE BADUEL (RUE);;;;920
201500038093;15;10;13;850;1;2;1;1;6;25;86, SOLFERINO (RUE & AV);;;;920
201500038094;15;10;18;1800;1;2;1;8;6;25;88, HOCHE (RUE);;;;920
201500038095;15;10;13;1940;1;2;1;1;3;25;153, HENRI BARBUSSE (AV);;;;920
201500038096;15;10;9;1850;5;2;2;1;3;25;0, MARCELIN BERTHELOT (R;;;;920
201500038097;15;10;14;1500;1;2;9;1;6;25;0, BOURNARD (RUE DU);;;;920
201500038098;15;10;28;1830;1;2;1;1;2;25;81, AGENT SARRE (AV DE L;;;;920
201500038099;15;10;16;755;2;2;1;3;6;25;155, HENRI BARBUSSE (AV);;;;920
201500038100;15;10;22;2225;5;2;1;1;2;25;130, C.DE G.> 130 & 1103;;;;920
201500038101;15;10;14;2230;5;2;2;1;5;25;0, CHARLES DE GAULLE (BD;;;;920
201500038102;15;10;24;1835;1;2;2;1;6;25;0, CHARLES DE GAULLE (BD;;;;920
201500038103;15;11;2;2250;5;2;3;1;3;25;0, STALINGRAD (AV DE);;;;920
201500038104;15;11;5;1050;1;2;1;1;6;25;74, BOURNARD (RUE DU);;;;920
201500038105;15;11;6;1515;1;2;1;1;6;25;05, GABRIEL PERI (RUE);;;;920
201500038106;15;11;6;1830;5;2;2;1;6;25;0, AUDRA (AV);;;;920
201500038107;15;11;6;2230;5;2;1;1;7;25;41, DENIS PAPIN (RUE);;;;920
201500038108;15;11;8;2105;4;2;1;1;6;25;109, ESTIENNE D'ORVES (R;;;;920
201500038109;15;11;10;2156;5;2;2;1;1;25;0, HENRI LITTOLFF N° PAI;;;;920
201500038110;15;11;12;900;1;2;1;1;6;25;59, E.D'ORVES <>2A198 &;;;;920
201500038111;15;11;19;1540;1;2;1;1;6;25;20, EUROPE (AV DE L');;;;920
201500038112;15;11;20;716;5;2;1;2;1;25;123, VALMY (BD DE);;;;920
201500038113;15;11;20;1800;4;2;1;2;7;25;33, E.D'ORVES <>2A198 &;;;;920
201500038114;15;11;20;1435;1;2;1;1;6;25;0, COTES D'AUTY (RUE DES;;;;920
201500038115;15;11;23;1750;5;1;1;1;6;25;238, E.D'ORVES <>200A328;;;;920
201500038116;15;10;9;2315;5;2;3;1;1;25;0, CUGNET (RUE);;;;920
201500038117;15;11;18;850;1;2;1;1;6;25;28, STALINGRAD (AV DE);;;;920
201500038118;15;12;2;1300;1;2;1;1;6;25;137, STALINGRAD (AV DE);;;;920
201500038119;15;12;2;1835;5;2;1;1;3;25;254, RENOUILLERS  (RUE D;;;;920
201500038120;15;12;3;800;2;2;2;1;3;25;, GABRIEL PERI (RUE);;;;920
201500038121;15;12;3;2105;5;1;2;1;6;25;0, STALINGRAD (AV DE);;;;920
201500038122;15;12;6;1730;1;2;1;1;6;25;0, PARC DEPARTEMENTAL;;;;920
201500038123;15;12;8;300;5;2;1;1;7;25;185, PDT S.ALLENDE> 278;;;;920
201500038124;15;12;8;1425;1;2;2;3;3;25;0, AGRICULTURE (RUE DE L;;;;920
201500038125;15;12;8;1410;1;2;1;2;3;25;1, CHARLES DE GAULLE (BD;;;;920
201500038126;15;12;8;1844;2;2;1;1;6;25;0, STALINGRAD (AV DE);;;;920
201500038127;15;12;9;1910;5;2;3;1;3;25;0, STALINGRAD (AV DE);;;;920
201500038128;15;12;15;1850;5;2;3;2;6;25;0, TAILLADE (RUE);;;;920
201500038129;15;12;16;1130;1;2;1;1;6;25;38, FELIX FAURE (RUE);;;;920
201500038130;15;12;17;2230;5;2;3;1;3;25;0, HOCHE (RUE);;;;920
201500038131;15;12;18;1355;1;2;1;1;6;25;9, VALMY (BD DE);;;;920
201500038132;15;12;24;1430;1;2;1;1;3;2;;;;;920
201500038133;15;12;22;1300;1;2;1;1;7;25;15, CHARLES DE GAULLE (B;;;;920
201500038134;15;12;23;1350;1;2;2;1;6;25;0, CHARLES DE GAULLE (BD;;;;920
201500038135;15;12;24;2150;5;2;1;1;6;25;STALINGRAD (AV DE);;;;920
201500038136;15;12;26;1500;1;2;1;1;3;25;0, KLEBER (AV);;;;920
201500038137;15;1;2;1755;5;2;1;1;3;26;34 BIS, MARCEAU;;;;920
201500038138;15;1;7;2015;5;2;3;1;3;26;63, GAMBETTA;;;;920
201500038139;15;1;11;1235;1;2;6;1;7;26;VICTOR HUGO (PLACE;;;;920
201500038140;15;1;11;1410;1;2;1;9;6;26;83, JOFFRE ( DE 52 A FIN;;;;920
201500038141;15;1;15;1820;2;2;3;1;6;26;PR?SIDENT PAUL DOUMER (Q;;;;920
201500038142;15;1;16;1750;2;2;5;1;6;26;VERDUN (DE 01 A 61);;;;920
201500038143;15;1;21;730;2;2;2;1;3;26;MARCEAU;;;;920
201500038144;15;1;22;1530;1;2;6;1;7;26;BELGIQUE ( PLACE DE );;;;920
201500038145;15;1;24;2110;5;2;1;1;2;26;26, PAIX;;;;920
201500038146;15;1;27;1210;1;2;1;1;1;26;20, PRESIDENT KRUGER;;;;920
201500038147;15;2;4;820;5;2;3;1;3;26;MARCEAU;;;;920
201500038148;15;2;6;2010;5;2;1;1;4;26;103, MARECHAL JOFFRE (QU;;;;920
201500038149;15;2;6;1245;1;2;1;1;6;26;14, LOUVAIN;;;;920
201500038150;15;2;13;1705;1;2;1;2;6;26;72, VERDUN (DE 62 A FIN);;;;920
201500038151;15;2;14;1600;1;2;1;1;6;26;08, BAUDIN;;;;920
201500038152;15;2;16;1020;1;2;1;1;3;26;114, VERDUN (DE 62 A FIN;;;;920
201500038153;15;2;19;930;1;2;1;1;6;26;10, LOUIS BLANC ( RUE );;;;920
201500038154;15;2;20;1752;5;2;1;2;6;26;02, H?TEL DE VILLE (RUE);;;;920
201500038155;15;2;20;1440;1;2;1;1;6;2;14 BD DE LA MISSION MARC;;;;920
201500038156;15;2;23;1240;1;2;1;9;2;26;76, GAMBETTA;;;;920
201500038157;15;2;25;855;1;2;1;1;6;26;58, COLOMBES;;;;920
201500038158;15;3;3;2020;5;2;1;1;2;26;82-84, MARECHAL JOFFRE (;;;;920
201500038159;15;3;9;1820;1;2;1;1;3;26;02, GAMBETTA;;;;920
201500038160;15;3;9;750;1;2;1;1;7;26;01, COLOMBES;;;;920
201500038161;15;3;10;825;1;2;2;1;3;26;SABLI?RE;;;;920
201500038162;15;3;13;220;5;2;1;1;7;26;89, VICTOR HUGO (DE 47 A;;;;920
201500038163;15;3;13;2150;5;2;6;1;3;26;BELGIQUE ( PLACE DE );;;;920
201500038164;15;3;17;830;1;2;1;1;6;26;19, MARCEAU;;;;920
201500038165;15;3;22;1700;1;2;2;1;2;26;VERDUN (DE 01 A 61);;;;920
201500038166;15;3;27;2020;5;2;1;1;7;26;47, MISSION MARCHAND (CO;;;;920
201500038167;15;3;25;1010;1;2;1;1;6;26;51, VICTOR HUGO (DE 47 A;;;;920
201500038168;15;4;2;1045;1;2;1;2;7;26;27, GEORGES CLEMENCEAU;;;;920
201500038169;15;4;7;930;1;2;1;1;7;26;6-8, GEORGES CLEMENCEAU;;;;920
201500038170;15;4;8;1130;1;2;3;1;6;26;----------, VICTOR HUGO;;;;920
201500038171;15;4;12;1230;1;2;1;1;7;26;25, BAUDIN;;;;920
201500038172;15;4;13;400;5;2;3;1;7;26;21, COLOMBES;;;;920
201500038173;15;4;13;945;1;2;1;1;3;26;17, VERDUN (DE 01 A 61);;;;920
201500038174;15;4;25;2115;2;2;1;1;7;26;4, 11 NOVEMBRE ( AVENUE;;;;920
201500038175;15;4;15;750;1;2;1;1;3;26;199, SAINT DENIS BD (120;;;;920
201500038176;15;4;23;825;1;2;3;1;3;26;VERDUN (DE 62 A FIN);;;;920
201500038177;15;5;11;1700;1;2;1;1;6;26;MARECHAL JOFFRE (QUAI DU;;;;920
201500038178;15;5;12;1240;1;2;1;1;6;26;61, VERDUN (DE 01 A 61);;;;920
201500038179;15;5;14;1700;1;2;2;1;7;26;BEZONS (DE 23 A FIN);;;;920
201500038180;15;5;17;615;2;2;1;1;6;26;88, GAMBETTA;;;;920
201500038181;15;5;20;1152;1;2;1;1;2;26;266, SAINT DENIS BD (120;;;;920
201500038182;15;5;22;1745;1;2;1;1;6;26;182, SAINT DENIS BD (120;;;;920
201500038183;15;5;27;1420;1;2;3;1;6;26;1, INDUSTRIE (RUE DE L');;;;920
201500038184;15;6;1;1600;1;2;2;1;4;26;112, VERDUN (DE 62 A FIN;;;;920
201500038185;15;6;3;820;1;2;2;1;6;26;ALMA;;;;920
201500038186;15;6;2;950;1;2;2;1;3;26;BAUDIN;;;;920
201500038187;15;6;2;1720;1;2;1;1;4;26;11, BEZONS  (DE 01 A 22);;;;920
201500038188;15;6;3;1635;1;2;2;1;3;26;MARCEAU;;;;920
201500038189;15;6;3;1730;1;2;4;1;3;26;97, MARCEAU;;;;920
201500038190;15;6;4;1305;1;2;2;1;3;26;BAUDIN;;;;920
201500038191;15;6;8;950;1;2;1;1;6;26;36, VERDUN (DE 01 A 61);;;;920
201500038192;15;6;8;1615;1;2;1;1;6;26;5, ARISTIDE BRIAND;;;;920
201500038193;15;6;10;2110;1;2;1;1;2;26;42, MISSION MARCHAND (CO;;;;920
201500038194;15;6;11;850;1;2;1;1;6;26;233, SAINT DENIS BD (120;;;;920
201500038195;15;6;13;1420;1;2;2;1;3;26;MARCEAU;;;;920
201500038196;15;6;14;1730;1;2;1;1;1;26;53, MARCEAU;;;;920
201500038197;15;6;14;530;1;2;1;1;6;26;MISSION MARCHAND (COTE I;;;;920
201500038198;15;6;16;1239;1;2;1;1;6;26;39, PRЙSIDENT PAUL DOUME;;;;920
201500038199;15;6;19;1330;1;2;1;1;7;26;272, SAINT DENIS BD (120;;;;920
201500038200;15;6;19;1245;1;2;2;1;3;26;VERDUN (DE 62 A FIN);;;;920
201500038201;15;6;19;1350;1;2;1;1;2;26;19, PRЙSIDENT PAUL DOUME;;;;920
201500038202;15;6;19;1730;1;2;1;1;7;26;VICTOR HUGO (DE 47 A FIN;;;;920
201500038203;15;6;25;305;5;2;1;1;7;26;242, SAINT DENIS BD (120;;;;920
201500038204;15;6;29;2140;5;2;1;1;6;26;37, VERDUN (DE 01 A 61);;;;920
201500038205;15;6;30;1830;1;2;1;1;3;26;----------, PRЙSIDENT PA;;;;920
201500038206;15;7;7;1200;1;2;1;1;4;26;107, VERDUN (DE 62 A FIN;;;;920
201500038207;15;7;15;1740;1;2;1;1;4;26;PAUL DOUMER;;;;920
201500038208;15;7;18;1525;1;2;9;1;3;26;VERDUN (DE 62 A FIN);;;;920
201500038209;15;7;25;1634;1;2;1;1;6;26;MARCEAU;;;;920
201500038210;15;7;27;2150;5;2;1;1;2;26;133, VERDUN (DE 62 A FIN;;;;920
201500038211;15;7;28;1350;1;2;1;8;5;26;121, VERDUN (DE 62 A FIN;;;;920
201500038212;15;8;13;1415;1;2;3;1;7;26;PUVIS DE CHAVANNES;;;;920
201500038213;15;8;20;715;1;2;1;2;6;26;04, PAIX;;;;920
201500038214;15;8;31;1120;1;2;1;1;6;26;77 BIS, BEZONS (DE 23 A;;;;920
201500038215;15;9;3;1045;1;2;1;1;6;26;25, PRЙSIDENT PAUL DOUME;;;;920
201500038216;15;9;7;1950;5;2;2;1;3;26;HФTEL DE VILLE (RUE);;;;920
201500038217;15;9;21;1715;1;2;1;1;3;26;VERDUN (DE 62 A FIN);;;;920
201500038218;15;9;22;820;1;2;1;1;6;26;56, PAIX;;;;920
201500038219;15;9;29;900;1;2;3;1;6;26;22 SEPTEMBRE ( RUE DU );;;;920
201500038220;15;10;21;1845;2;2;3;1;3;26;68, MISSION MARCHAND (CO;;;;920
201500038221;15;10;23;2240;5;2;1;1;3;26;20, DUBONNET;;;;920
201500038222;15;10;16;1300;1;2;1;1;2;26;82-84, MARECHAL JOFFRE (;;;;920
201500038223;15;10;16;1135;1;2;1;1;6;26;28, BEZONS (DE 23 A FIN);;;;920
201500038224;15;10;27;1425;1;2;1;1;6;26;54, GAULTIER;;;;920
201500038225;15;10;29;1725;1;2;3;1;2;26;PRЙSIDENT PAUL DOUMER (Q;;;;920
201500038226;15;10;30;1500;1;2;3;1;7;26;VERDUN (DE 01 A 61);;;;920
201500038227;15;11;1;1715;2;2;3;1;6;26;VICTOR HUGO (DE 01 A 45);;;;920
201500038228;15;11;6;1530;1;2;1;2;7;26;25, BEZONS (DE 23 A FIN);;;;920
201500038229;15;11;6;1730;1;2;1;2;3;26;31, ALMA;;;;920
201500038230;15;11;13;1610;1;2;2;1;3;26;VERDUN (DE 62 A FIN);;;;920
201500038231;15;11;14;2130;5;2;1;2;3;26;143, SAINT DENIS BD (120;;;;920
201500038232;15;11;19;1930;5;2;2;2;3;26;VERDUN (DE 62 A FIN);;;;920
201500038233;15;11;24;1800;1;2;1;2;6;26;65, GAMBETTA;;;;920
201500038234;15;11;26;810;2;2;1;1;6;26;42, REPUBLIQUE (DE 29 A;;;;920
201500038235;15;11;25;1500;1;2;3;2;3;26;GEORGES CLEMENCEAU;;;;920
201500038236;15;11;27;2150;5;2;1;1;2;26;89, VERDUN (DE 62 A FIN);;;;920
201500038237;15;11;28;1955;5;2;2;1;3;26;----------, VERDUN (DE 6;;;;920
201500038238;15;12;1;1855;5;2;1;1;3;26;PRЙSIDENT PAUL DOUMER (Q;;;;920
201500038239;15;12;1;1252;1;2;2;8;3;26;----------, VERDUN (DE 6;;;;920
201500038240;15;11;30;1830;5;2;1;1;6;26;238, SAINT DENIS BD (120;;;;920
201500038241;15;12;1;1915;5;2;1;1;3;26;89, VERDUN (DE 62 A FIN);;;;920
201500038242;15;12;4;1705;5;2;1;1;6;26;28, PRЙSIDENT PAUL DOUME;;;;920
201500038243;15;12;8;750;5;2;1;1;6;26;67, GAMBETTA;;;;920
201500038244;15;12;17;2215;5;2;2;1;3;26;VERDUN (DE 62 A FIN);;;;920
201500038245;15;1;4;10;5;2;4;1;2;35;102, G?n?ral de Gaulle;;;;920
201500038246;15;1;9;1740;1;2;1;1;6;35;9, National ( boulevard;;;;920
201500038247;15;1;10;1820;5;2;3;2;6;35;., Foch ( avenue );;;;920
201500038248;15;1;13;1840;5;2;1;1;6;35;74, R?publique ( bouleva;;;;920
201500038249;15;1;14;705;2;2;3;1;7;35;14, G?n?ral de Gaulle  (;;;;920
201500038250;15;1;15;1150;1;2;1;6;6;35;102, R?publique ( boulev;;;;920
201500038251;15;1;17;2310;5;2;1;1;6;35;11, Verdun 1916 ( avenue;;;;920
201500038252;15;1;21;1515;1;2;1;1;6;35;35, Aigle ( rue de l' );;;;920
201500038253;15;1;24;1310;1;2;4;2;2;35;102, G?n?ral de Gaulle;;;;920
201500038254;15;1;31;1220;1;2;3;2;3;35;44, National ( boulevard;;;;920
201500038255;15;1;31;1425;1;2;1;1;7;35;27, R?publique ( bouleva;;;;920
201500038256;15;3;12;1900;1;2;3;1;6;35;4, 11 Novembre 1918 ( ru;;;;920
201500038257;15;3;7;1120;1;2;2;1;3;35;13, Verdun 1916 ( avenue;;;;920
201500038258;15;3;3;2000;5;2;1;1;7;35;90 bis, R?publique ( bou;;;;920
201500038259;15;3;4;1015;1;2;1;1;2;35;47, G?n?ral de Gaulle  (;;;;920
201500038260;15;3;14;2056;5;2;1;1;3;35;18, G?n?ral de Gaulle  (;;;;920
201500038261;15;4;3;1650;1;2;2;2;6;35;2, A et M.L Roure (rue);;;;920
201500038262;15;4;7;1500;1;2;2;1;1;35;47, Foch ( avenue );;;;920
201500038263;15;4;19;1730;1;2;5;1;1;35;39, G?n?ral de Gaulle  (;;;;920
201500038264;15;5;24;2000;1;2;1;1;4;35;87, National ( boulevard;;;;920
201500038265;15;5;21;1750;1;2;6;1;6;35;Rйpublique ( boulevard d;;;;920
201500038266;15;5;3;1255;1;2;1;2;4;35;78, Gйnйral de Gaulle  (;;;;920
201500038267;15;6;15;1730;1;2;2;1;3;35;Jean Bonal ( rue );;;;920
201500038268;15;6;18;1825;1;2;1;1;7;35;22, Verdun 1916 ( avenue;;;;920
201500038269;15;6;22;1800;1;2;3;2;3;35;Europe ( avenue de l' );;;;920
201500038270;15;6;22;1810;1;2;1;2;2;35;18BIS, Rйpublique ( boul;;;;920
201500038271;15;6;28;2000;1;2;3;1;2;35;Alsace Lorraine (rue d';;;;920
201500038272;15;7;7;1030;1;2;1;1;7;35;26, Gйnйral de Gaulle  (;;;;920
201500038273;15;7;16;1400;1;2;1;1;6;35;80, Gйnйral de Gaulle  (;;;;920
201500038274;15;7;20;750;1;2;2;1;3;35;Verdun 1916 ( avenue de;;;;920
201500038275;15;7;23;950;1;2;1;1;3;35;12, Rйpublique ( bouleva;;;;920
201500038276;15;8;6;650;1;2;1;1;3;50;156, avenue de la rйpubl;;;;920
201500038277;15;8;8;16;5;2;7;1;3;35;National ( boulevard );;;;920
201500038278;15;9;1;1915;1;2;9;1;6;35;98, Aigle ( rue de l' );;;;920
201500038279;15;9;12;1820;1;2;1;2;3;35;49, Rйpublique ( bouleva;;;;920
201500038280;15;9;14;1750;1;2;1;8;3;35;77, Rйpublique ( bouleva;;;;920
201500038281;15;9;21;1230;1;2;2;1;2;35;National ( boulevard );;;;920
201500038282;15;10;7;1440;1;2;2;1;3;35;National ( boulevard );;;;920
201500038283;15;10;16;1345;1;2;1;2;3;35;75, Rйpublique ( bouleva;;;;920
201500038284;15;10;20;2230;5;2;2;1;3;35;National ( boulevard );;;;920
201500038285;15;11;1;2115;5;2;5;1;3;35;Rйpublique ( boulevard d;;;;920
201500038286;15;11;4;1020;1;2;3;2;6;35;103, Gйnйral de Gaulle;;;;920
201500038287;15;11;4;1245;1;2;2;2;6;35;89, National ( boulevard;;;;920
201500038288;15;11;13;2245;5;2;6;1;3;35;Belgique ( Place de );;;;920
201500038289;15;11;16;2045;5;2;2;2;3;35;National ( boulevard );;;;920
201500038290;15;11;22;1350;1;2;3;1;3;35;National ( boulevard );;;;920
201500038291;15;12;11;1500;1;2;1;1;2;35;50, Rйpublique ( bouleva;;;;920
201500038292;15;12;29;1440;1;2;1;1;3;35;14, Rйpublique ( bouleva;;;;920
201500038293;15;1;7;1055;1;2;2;1;6;36;0, GABRIEL PERI (AVENUE);;;;920
201500038294;15;1;7;2140;5;2;3;1;6;36;52, GABRIEL PERI (AVENUE;;;;920
201500038295;15;1;7;1905;5;2;3;1;6;36;0, PRINCIPALE DU PORT (R;;;;920
201500038296;15;1;22;1300;1;2;2;1;3;36;0, LAURENT CELY (AVENUE);;;;920
201500038297;15;1;22;1955;5;2;6;1;6;36;0, CHAMPS FOURGONS (RUE;;;;920
201500038298;15;1;28;1410;1;2;6;2;7;36;0, PRINCIPALE DU PORT (R;;;;920
201500038299;15;2;2;1720;1;2;3;1;3;36;0, GRESILLONS (AVENUE DE;;;;920
201500038300;15;2;13;1400;1;1;2;1;6;36;0, sortie A86;;;;920
201500038301;15;2;18;2012;5;2;1;1;7;36;0, VIEUX CHEMIN DE SAINT;;;;920
201500038302;15;2;19;1405;1;2;1;1;6;36;12, GENERAL DE GAULLE (A;;;;920
201500038303;15;2;20;1310;1;2;3;2;7;36;0, PIERRE DE COUBERTIN (;;;;920
201500038304;15;2;24;1715;1;2;1;1;6;36;161, GRESILLONS (AVENUE;;;;920
201500038305;15;2;27;2150;5;2;3;1;3;36;0, LUTH (AVENUE DU) (1);;;;920
201500038306;15;3;4;900;1;2;2;1;2;36;0, LUCIEN LANTERNIER (AV;;;;920
201500038307;15;3;5;1630;1;1;1;1;6;36;113, LAURENT CELY (AVENU;;;;920
201500038308;15;3;7;1330;1;2;3;1;6;36;0, bretelle de sortie A8;;;;920
201500038309;15;3;10;1130;1;2;2;1;1;36;0, LOUIS ROCHE (AVENUE);;;;920
201500038310;15;3;12;1815;1;2;1;1;6;36;23, GRESILLONS (AVENUE D;;;;920