num_acc;an;mois;jour;hrmn;lum;agg;int;atm;col;com;adr;gps;lat;long;dep
201500038311;15;3;13;545;5;2;3;1;6;36;0, LAURENT CELY (AVENUE);;;;920
201500038312;15;3;13;1220;1;2;2;1;6;36;0, CHANDON (AVENUE) (1/6;;;;920
201500038313;15;3;16;1405;1;2;2;1;6;36;0, LOUIS ROCHE (AVENUE);;;;920
201500038314;15;3;16;1700;1;2;1;1;6;36;MARCEL PAUL (AVENUE) (52;;;;920
201500038315;15;3;23;1655;1;2;3;1;6;36;0, GABRIEL PERI (AVENUE);;;;920
201500038316;15;3;31;905;1;2;3;2;7;36;0, LOUIS ROCHE (AVENUE);;;;920
201500038317;15;4;1;2055;5;2;2;1;3;36;0, MOULIN DE CAGE (RUE D;;;;920
201500038318;15;4;3;955;1;2;3;1;4;36;0, LOUIS ROCHE (AVENUE);;;;920
201500038319;15;4;8;2010;1;2;1;1;6;36;177, GABRIEL PERI (AVENU;;;;920
201500038320;15;4;9;245;5;2;2;1;3;36;0, GRESILLONS (AVENUE DE;;;;920
201500038321;15;4;12;635;1;2;1;1;6;36;0, DEQUEVAUVILLIERS (BOU;;;;920
201500038322;15;4;12;1220;1;2;6;1;6;36;0, PIERRE TIMBAUD (ROND;;;;920
201500038323;15;4;15;1320;1;2;1;1;2;36;0, BONGARDE (RUE DE LA);;;;920
201500038324;15;4;15;2325;5;2;3;1;1;36;0, JEAN JAURES (RUE) (2);;;;920
201500038325;15;4;24;2230;5;2;3;1;6;36;0, CLAUDE DEBUSSY (AVENU;;;;920
201500038326;15;4;26;1435;1;2;1;1;6;36;0, GENEAL DE GAULLE (AVE;;;;920
201500038327;15;5;4;1350;1;2;3;1;6;36;BD INTERCOMMUNAL/A86;;;;920
201500038328;15;5;5;1425;1;2;3;1;3;36;0, LOUISE MICHEL (PAIRS);;;;920
201500038329;15;5;15;1520;1;2;1;1;5;36;0, MARCEL PAUL (AVENUE);;;;920
201500038330;15;5;17;1700;1;2;1;1;6;36;128-130, GABRIEL PERI (A;;;;920
201500038331;15;5;17;1845;1;2;3;1;2;36;0, LOUIS CALMEL (RUE) (1;;;;920
201500038332;15;5;20;1235;1;2;3;1;2;36;0, Ormeteau;;;;920
201500038333;15;5;30;2015;1;2;1;1;4;36;0, LOUIS ROCHE (AVENUE);;;;920
201500038334;15;5;30;1510;1;2;1;1;7;36;14, PIERRE TIMBAUD (RUE);;;;920
201500038335;15;6;8;1110;1;2;1;1;7;36;46, GENERAL DE GAULLE (A;;;;920
201500038336;15;6;10;1200;1;2;1;1;1;36;84, GABRIEL PERI (AVENUE;;;;920
201500038337;15;6;17;2010;1;2;6;1;4;36;0, GENEAL DE GAULLE (AVE;;;;920
201500038338;15;6;25;2210;5;2;1;1;6;36;, MARCEL PAUL (AVENUE) (;;;;920
201500038339;15;6;27;40;3;2;1;1;6;36;CAMELINAT (BOULEVARD) (2;;;;920
201500038340;15;6;13;2330;5;2;3;1;7;36;sortie A86;;;;920
201500038341;15;7;1;320;5;2;3;1;6;36;0, MARCEL PAUL (AVENUE);;;;920
201500038342;15;7;2;1815;1;2;2;1;3;36;0, BASSIN N°6 (ROUTE DU);;;;920
201500038343;15;7;4;2119;1;2;9;1;7;36;157, GABRIEL PERI (AVENU;;;;920
201500038344;15;7;5;1447;1;2;6;2;6;36;0, LOUIS CALMEL (RUE) (1;;;;920
201500038345;15;7;8;930;1;2;2;1;2;36;0, MARCEL PAUL (AVENUE);;;;920
201500038346;15;7;13;2015;1;2;1;1;2;36;0, GRESILLONS (AVENUE DE;;;;920
201500038347;15;7;25;1305;1;2;3;1;6;36;0, JAFFEUX (RUE);;;;920
201500038348;15;7;25;1555;1;2;1;1;1;36;80, HENRI BARBUSSE (RUE);;;;920
201500038349;15;7;27;1900;1;2;6;1;3;36;0, BAS (RUE DES) (64 AU;;;;920
201500038350;15;8;2;2020;1;2;1;1;7;36;0, CAMELINAT (BOULEVARD);;;;920
201500038351;15;8;7;1325;1;1;1;1;7;36;0, DEQUEVAUVILLIERS (BOU;;;;920
201500038352;15;8;9;1135;1;2;9;1;6;36;10, GENERAL DE GAULLE (A;;;;920
201500038353;15;8;18;1740;1;2;2;1;3;36;0, PRINCIPALE DU PORT (R;;;;920
201500038354;15;8;21;2045;5;2;1;1;6;36;136, HENRI BARBUSSE (RUE;;;;920
201500038355;15;8;25;1725;1;2;3;1;6;36;0, LIBERATION (AVENUE DE;;;;920
201500038356;15;8;25;2100;1;2;2;1;3;36;0, BOULEVARD INTERCOMMUN;;;;920
201500038357;15;8;28;1615;1;2;3;1;6;36;0, PIERRE DE COUBERTIN (;;;;920
201500038358;15;9;2;625;1;2;6;1;6;36;0, LAURENT CELY (AVENUE);;;;920
201500038359;15;8;19;2230;5;2;3;1;3;36;0, PIERRE TIMBAUD (RUE);;;;920
201500038360;15;9;10;1640;1;2;1;1;6;36;10, GENERAL DE GAULLE (A;;;;920
201500038361;15;9;22;1600;1;2;1;1;6;36;5, BEAUMARCHAIS (BOULEVA;;;;920
201500038362;15;9;23;1800;1;2;1;1;6;36;7, PRINCIPALE DU PORT (R;;;;920
201500038363;15;9;25;1055;1;2;1;1;7;36;0, PIERRE TIMBAUD (RUE);;;;920
201500038364;15;10;1;2105;5;2;3;1;6;36;0, LAURENT CELY (AVENUE);;;;920
201500038365;15;10;8;2105;5;2;3;1;6;36;0, LAURENT CELY (AVENUE);;;;920
201500038366;15;10;14;1530;1;2;3;1;5;36;27, LOUISE MICHEL (IMPAI;;;;920
201500038367;15;10;28;1545;1;2;1;1;7;36;21, GRESILLONS (QUAI DES;;;;920
201500038368;15;10;30;1300;1;2;1;1;6;36;10, GENERAL DE GAULLE (A;;;;920
201500038369;15;11;3;1635;1;2;9;1;6;36;112, GENERAL DE GAULLE (;;;;920
201500038370;15;11;4;1915;5;2;3;1;6;36;0, JEAN JAURES (RUE) (2);;;;920
201500038371;15;11;5;2315;4;2;1;1;2;36;0, ARGENTEUIL (AVENUE D';;;;920
201500038372;15;11;6;2045;1;2;3;1;3;36;0, LOUIS CALMEL (RUE) (1;;;;920
201500038373;15;11;11;1545;1;2;1;1;6;36;08, BRENU (RUE);;;;920
201500038374;15;11;13;1535;1;2;2;1;3;36;0, COUTURE D'AUXERRE (RU;;;;920
201500038375;15;11;17;1855;5;2;9;3;6;36;0, MARCEL PAUL (AVENUE);;;;920
201500038376;15;11;19;1540;1;2;3;2;7;36;0, JULES LAROSE (RUE);;;;920
201500038377;15;11;20;1710;2;2;2;2;3;36;0, PIERRE DE COUBERTIN (;;;;920
201500038378;15;11;21;2219;5;2;3;1;3;36;0, GABRIEL PERI (AVENUE);;;;920
201500038379;15;11;23;1740;5;2;6;1;6;36;0, PIERRE TIMBAUD (ROND;;;;920
201500038380;15;11;26;1230;1;2;1;1;6;36;118, MOULIN DE CAGE (RUE;;;;920
201500038381;15;11;26;2220;5;2;2;1;7;36;0, BOULEVARD INTERCOMMUN;;;;920
201500038382;15;12;1;725;2;2;1;1;6;36;0, sortie A86;;;;920
201500038383;15;12;5;1307;1;2;2;1;6;36;0, LUCIEN LANTERNIER (AV;;;;920
201500038384;15;12;6;145;5;2;6;1;7;36;0, PIERRE TIMBAUD (ROND;;;;920
201500038385;15;12;8;1800;5;2;6;1;6;36;0, PIERRE DE COUBERTIN (;;;;920
201500038386;15;12;9;1930;5;2;1;1;6;36;112, GENERAL DE GAULLE (;;;;920
201500038387;15;12;10;2030;5;2;6;1;6;36;0, PIERRE TIMBAUD (ROND;;;;920
201500038388;15;12;13;1015;1;2;3;1;2;36;114, GRESILLONS (AVENUE;;;;920
201500038389;15;12;16;1515;1;2;1;1;6;36;21, DESLANES (RUE) (1);;;;920
201500038390;15;12;18;1750;1;2;1;1;6;36;0, Pont des sйvines (A11;;;;920
201500038391;15;12;20;1145;1;2;6;1;6;36;0, HENRI BARBUSSE (RUE);;;;920
201500038392;15;12;20;2045;5;2;3;1;6;36;0, ARTHUR RIMBAUD (RUE);;;;920
201500038393;15;12;21;1120;1;2;1;1;7;36;0, PIERRE TIMBAUD (RUE);;;;920
201500038394;15;12;29;1530;1;2;1;1;6;36;10, LOTS COMMUNAUX (AVEN;;;;920
201500038395;15;10;26;1900;5;2;2;1;3;40;xx, PAIX (AVENUE DE LA);;;;920
201500038396;15;10;30;330;5;2;1;1;6;40;70, RODIN (BOULEVARD);;;;920
201500038397;15;11;2;130;5;2;1;1;3;40;47-103, PDT ROOSEVELT (Q;;;;920
201500038398;15;11;17;2350;5;2;3;2;3;40;13, GENERAL LECLERC;;;;920
201500038399;15;11;20;1820;5;2;1;2;7;40;251, STALINGRAD (QUAI DE;;;;920
201500038400;15;11;24;1750;5;2;2;2;7;40;XX, EGALITE ( DE L');;;;920
201500038401;15;11;6;1200;1;2;2;1;2;40;57BIS, GALLIENI (BOULEVA;;;;920
201500038402;15;11;25;1940;5;2;2;2;3;40;XX, ERNEST RENAN;;;;920
201500038403;15;11;19;645;2;2;3;1;3;40;VERDUN (AVENUE DE) DU 11;;;;920
201500038404;15;11;24;1500;1;2;1;2;7;40;132, VERDUN (AVENUE DE);;;;920
201500038405;15;11;27;1200;1;2;1;1;7;40;6, RODIN (BOULEVARD);;;;920
201500038406;15;11;2;1625;1;2;1;1;3;40;ABBE DERRY (DE L');;;;920
201500038407;15;12;16;1206;1;2;1;8;2;40;XX, STALINGRAD (QUAI DE);;;;920
201500038408;15;12;9;1940;3;2;1;1;3;40;245, STALINGRAD (QUAI DE;;;;920
201500038409;15;12;19;1440;1;2;1;1;6;40;4, ARISTIDE BRIAND;;;;920
201500038410;15;12;21;1610;1;2;1;1;7;40;XX, GALLIENI (BOULEVARD);;;;920
201500038411;15;12;22;1110;1;2;1;1;6;40;76-80, RODIN (BOULEVARD);;;;920
201500038412;15;12;10;1715;2;2;1;1;3;40;155, JEAN JACQUES ROUSSE;;;;920
201500038413;15;2;26;830;1;2;3;2;6;40;43, GOUVERNEUR GAL EBOUE;;;;920
201500038414;15;3;3;855;1;2;1;1;5;40;PONT D ISSY;;;;920
201500038415;15;3;18;1850;1;2;1;1;7;40;251, STALINGRAD (QUAI DE;;;;920
201500038416;15;1;3;2025;5;2;2;2;3;40;-, ERNEST RENAN;;;;920
201500038417;15;1;8;2010;5;2;1;2;3;40;178, STALINGRAD (QUAI DE;;;;920
201500038418;15;3;20;2330;5;2;2;1;3;40;PAIX (AVENUE DE LA);;;;920
201500038419;15;1;8;945;1;2;1;1;3;40;105, VERDUN (AVENUE DE);;;;920
201500038420;15;1;9;1600;1;2;3;1;2;40;FRERES VOISIN (BOULEVARD;;;;920
201500038421;15;1;11;1745;1;2;1;8;3;40;92, RODIN (BOULEVARD);;;;920
201500038422;15;1;12;1500;1;2;3;1;6;40;HORACE VERNET;;;;920
201500038423;15;1;12;1745;1;2;3;1;6;40;103, GENERAL DE GAULLE (;;;;920
201500038424;15;1;15;1040;1;2;6;1;3;40;VICTOR HUGO (ROND-POINT);;;;920
201500038425;15;1;22;1345;1;2;3;1;3;40;33, GENERAL LECLERC;;;;920
201500038426;15;1;24;1510;1;2;3;8;3;40;MEUDON (DE);;;;920
201500038427;15;1;29;720;5;2;2;1;2;40;72, GALLIENI (BOULEVARD);;;;920
201500038428;15;4;3;250;5;2;2;1;7;40;STALINGRAD (QUAI DE);;;;920
201500038429;15;4;12;2300;5;2;3;1;3;40;BAS MEUDON (AVENUE DU);;;;920
201500038430;15;2;8;1300;1;2;1;1;7;40;24/26, BOURGAIN (AVENE);;;;920
201500038431;15;2;10;1140;1;2;1;1;3;40;35, GAMBETTA (BOULEVARD);;;;920
201500038432;15;2;13;1925;5;2;2;2;6;40;60, GENERAL DE GAULLE (A;;;;920
201500038433;15;4;22;245;5;2;1;1;7;40;STALINGRAD (QUAI DE);;;;920
201500038434;15;3;2;930;1;2;1;1;2;40;6, DOCTEUR LOMBARD (DU);;;;920
201500038435;15;3;10;940;1;2;2;1;3;40;HORACE VERNET;;;;920
201500038436;15;3;11;930;1;2;2;1;3;40;ROUGET DE L'ISLE;;;;920
201500038437;15;3;11;1000;1;2;1;1;3;40;76, GALLIENI (BOULEVARD);;;;920
201500038438;15;3;17;840;1;2;2;1;6;40;1, LASSERRE;;;;920
201500038439;15;3;19;1225;1;2;2;1;6;40;JEAN-PIERRE TIMBAUD;;;;920
201500038440;15;3;20;1330;1;2;1;1;6;40;GUSTAVE EIFFEL (ALLEE);;;;920
201500038441;15;3;23;2130;5;2;2;1;3;40;GENERAL DE GAULLE (AVE D;;;;920
201500038442;15;3;26;1030;1;2;3;1;3;40;6, BOURGAIN (AVENE);;;;920
201500038443;15;4;14;1900;1;2;1;1;3;40;JEAN JACQUES ROUSSEAU;;;;920
201500038444;15;5;21;1400;1;2;2;1;3;40;1, CAMILLE DESMOULINS;;;;920
201500038445;15;5;20;1725;1;2;1;9;2;40;16, AUGUSTE GERVAIS;;;;920
201500038446;15;5;28;2140;5;2;5;1;6;40;xx, RESISTANCE (PLACE DE;;;;920
201500038447;15;5;30;30;5;2;1;1;6;40;XX, STALINGRAD (QUAI DE);;;;920
201500038448;15;6;8;1020;1;2;3;1;2;40;XX, GALLIENI (BOULEVARD);;;;920
201500038449;15;5;28;1830;1;2;1;1;6;40;4, VICTOR CRESSON (AVENU;;;;920
201500038450;15;6;9;930;1;2;3;1;3;40;20, ROUGET DE L'ISLE;;;;920
201500038451;15;4;14;1825;1;2;2;1;3;40;xx, LEON BLUM (PLACE);;;;920
201500038452;15;5;17;1930;1;2;1;1;2;40;10, PASTEUR (AVENUE);;;;920
201500038453;15;4;29;1900;1;2;2;1;6;40;GALLIENI (BOULEVARD);;;;920
201500038454;15;4;29;1820;1;2;3;1;6;40;ARISTIDE BRIAND;;;;920
201500038455;15;6;21;755;1;2;1;1;6;40;15, AUGUSTE GERVAIS;;;;920
201500038456;15;6;23;1600;1;2;1;1;6;40;34, GAMBETTA (BOULEVARD);;;;920
201500038457;15;6;29;1345;1;2;1;1;6;40;115, RODIN (BOULEVARD);;;;920
201500038458;15;7;2;1250;1;2;1;1;7;40;XX, ACCES A LA GARE (CHE;;;;920
201500038459;15;5;20;1110;1;2;1;1;7;40;15, AUGUSTE GERVAIS;;;;920
201500038460;15;5;22;1520;1;2;1;1;7;40;GALLIENI (BOULEVARD);;;;920
201500038461;15;6;17;915;1;2;1;1;6;40;04, VAUGIRARD (DE);;;;920
201500038462;15;7;9;1830;1;2;1;1;6;40;52, GALLIENI (BOULEVARD);;;;920
201500038463;15;6;20;1630;1;2;1;1;7;40;MAXIMILIEN ROBESPIERRE;;;;920
201500038464;15;7;4;2010;2;2;1;1;3;40;59, VICTOR CRESSON (AVEN;;;;920
201500038465;15;7;17;1430;1;2;2;1;6;40;PEUPLIERS/ACACIAS;;;;920
201500038466;15;6;28;2315;5;2;2;1;2;40;22, ERNEST RENAN;;;;920
201500038467;15;7;26;1800;1;2;1;1;3;40;139BIS, RODIN (BOULEVARD;;;;920
201500038468;15;7;30;200;3;2;3;1;3;40;GENERAL DE GAULLE (AVE D;;;;920
201500038469;15;7;29;1745;1;2;2;1;3;40;xx, GALLIENI (BOULEVARD);;;;920
201500038470;15;6;25;1115;1;2;2;1;3;40;MARCEAU;;;;920
201500038471;15;7;30;515;5;2;1;1;6;40;KLEBER;;;;920
201500038472;15;8;2;1230;1;2;1;1;3;40;150, VERDUN (AVENUE DE);;;;920
201500038473;15;8;1;1503;1;2;1;1;6;40;62, GENERAL LECLERC (DU);;;;920
201500038474;15;8;14;2115;5;2;1;2;7;40;38, GARIBALDI (BOULEVARD;;;;920
201500038475;15;8;15;2340;5;2;1;1;6;40;13, ROUGET DE L'ISLE;;;;920
201500038476;15;8;20;1830;1;2;1;1;2;40;16 R GUYNEMER;;;;920
201500038477;15;7;4;1920;1;2;1;1;3;40;67, GALLIENI (BOULEVARD);;;;920
201500038478;15;8;30;535;5;2;1;1;6;40;PDT ROOSEVELT (QUAI DU);;;;920
201500038479;15;8;28;10;5;2;1;8;6;40;27, GAMBETTA (BOULEVARD);;;;920
201500038480;15;9;4;1250;1;2;5;1;2;40;xx, GALLIENI (BOULEVARD);;;;920
201500038481;15;9;4;1515;1;2;3;1;2;40;XX, GENERAL DE GAULLE (A;;;;920
201500038482;15;9;10;1100;1;2;1;1;3;40;68 AV DE LA PAIX;;;;920
201500038483;15;9;21;2015;5;2;1;1;6;40;34, GUYNEMER;;;;920
201500038484;15;9;24;1330;1;2;2;1;3;40;VAUDETARD;;;;920
201500038485;15;8;31;915;1;2;1;1;3;40;70, GALLIENI (BOULEVARD);;;;920
201500038486;15;9;25;1450;1;2;3;1;3;40;143, VERDUN (AVENUE DE);;;;920
201500038487;15;9;22;637;5;2;5;1;7;40;XX, AUGUSTE GERVAIS;;;;920
201500038488;15;9;15;910;1;2;1;1;7;40;127, RODIN (BOULEVARD);;;;920
201500038489;15;10;14;1315;1;2;1;1;6;40;47, STALINGRAD (QUAI DE);;;;920
201500038490;15;10;26;1010;1;2;2;1;3;40;GALLIENI (BOULEVARD);;;;920
201500038491;15;9;11;840;1;2;1;1;2;40;22/24, RUE DU PASSEUR DE;;;;920
201500038492;15;9;29;1900;1;2;3;1;6;40;100, GALLIENI (BOULEVARD;;;;920
201500038493;15;11;9;1350;1;2;1;1;6;40;xx, GENERAL LECLERC;;;;920
201500038494;15;11;9;1645;1;2;1;1;6;40;1, ABBE GREGOIRE (DE L');;;;920
201500038495;15;10;14;1145;1;2;2;1;6;40;GOUVERNEUR GAL EBOUE DU;;;;920
201500038496;15;11;24;1500;1;2;1;2;5;40;14, PASTEUR (AVENUE);;;;920
201500038497;15;11;28;1215;1;2;1;1;6;40;XX, ABBE GREGOIRE (DE L';;;;920
201500038498;15;11;29;1430;1;2;3;1;3;40;FRERES VOISIN (BOULEVARD;;;;920
201500038499;15;10;27;755;1;2;2;1;3;40;73, GENERAL DE GAULLE (A;;;;920
201500038500;15;12;15;1515;1;2;1;1;3;40;32, GENERAL LECLERC (DU);;;;920
201500038501;15;12;15;1900;5;2;1;2;6;40;11, GALLIENI (BOULEVARD);;;;920
201500038502;15;12;16;2050;5;2;2;8;3;40;PAIX (AVENUE DE LA);;;;920
201500038503;15;12;29;1045;1;2;1;1;7;40;15, AUGUSTE GERVAIS;;;;920
201500038504;15;12;30;1350;1;2;1;1;7;40;16, AUGUSTE GERVAIS;;;;920
201500038505;15;11;19;1330;1;2;2;3;2;44;53, MICHELET (QUAI) 32 A;;;;920
201500038506;15;1;13;1850;2;2;2;1;3;44;103, ARISTIDE BRIAND(RUE;;;;920
201500038507;15;1;17;315;5;2;1;1;6;44;32, MICHELET (QUAI) 32 A;;;;920
201500038508;15;1;22;1755;1;2;2;1;6;44;63, LOUIS ROUQUIER(RUE)4;;;;920
201500038509;15;1;23;1135;1;2;2;1;6;44;36, GABRIEL PERI(RUE) 1A;;;;920
201500038510;15;1;27;1915;5;2;1;1;3;44;19, GEO.POMPIDOU(AVE) 1A;;;;920
201500038511;15;1;20;1610;1;2;2;1;6;44;38, GABRIEL PERI(RUE) 25;;;;920
201500038512;15;1;30;1220;1;2;2;1;6;44;58, P.V.COUTURIER(RUE)65;;;;920
201500038513;15;2;6;1550;1;2;2;1;6;44;17, J. GUESDES(RUE)103A1;;;;920
201500038514;15;2;7;1000;1;2;2;1;3;44;80, BAUDIN (RUE) 27A83 E;;;;920
201500038515;15;2;9;1250;1;2;1;1;3;44;54, RASPAIL(RUE) 41A65 E;;;;920
201500038516;15;2;12;1005;1;2;1;1;6;44;78, J. GUESDE(RUE)59A69;;;;920
201500038517;15;2;28;240;5;2;2;1;7;44;23, PDT WILSON(RUE)23A49;;;;920
201500038518;15;2;23;1820;5;2;1;1;7;44;51, PDT WILSON(RUE)51A75;;;;920
201500038519;15;3;16;1735;1;2;1;1;3;44;166, VIC. HUGO(RUE)115A1;;;;920
201500038520;15;3;18;1605;1;2;2;1;6;44;46, BAUDIN (RUE) 27A83 E;;;;920
201500038521;15;3;21;1455;1;2;2;1;6;44;24, DEGUINGAND(RUE);;;;920
201500038522;15;3;23;1655;1;2;2;1;3;44;48, LOUIS ROUQUIER(RUE);;;;920
201500038523;15;3;26;2120;1;2;1;1;3;44;32, MICHELET (QUAI) 32 A;;;;920
201500038524;15;3;27;1015;1;2;1;1;6;44;141, ANA.FRANCE(RUE) 141;;;;920
201500038525;15;3;31;1720;1;2;2;1;6;44;2, PDT WILSON(RUE) 2A24;;;;920
201500038526;15;4;1;1020;1;2;3;1;7;44;41, RIVAY(RUE)41A71 ET38;;;;920
201500038527;15;4;1;2130;2;2;2;1;3;44;62, PDT WILSON(RUE)51A75;;;;920
201500038528;15;4;11;855;1;2;2;1;3;44;30, BAUDIN (RUE) 27A83 E;;;;920
201500038529;15;4;14;1820;1;2;3;1;5;44;42, JACQUES IBERT(RUE)26;;;;920
201500038530;15;4;17;1500;1;2;1;1;2;44;47, MICHELET (QUAI) 32 A;;;;920
201500038531;15;4;18;1000;1;2;1;1;3;44;77, ANA.FRANCE(RUE)77A13;;;;920
201500038532;15;4;15;750;1;2;2;1;3;44;49, ARISTIDE BRIAND(RUE);;;;920
201500038533;15;4;22;1920;2;2;2;1;6;44;62, BAUDIN (RUE) 27A83 E;;;;920
201500038534;15;4;28;2345;5;2;2;1;3;44;51, GABRIEL PERI(RUE) 51;;;;920
201500038535;15;5;13;920;1;2;2;1;2;44;23, PDT WILSON(RUE) 2A24;;;;920
201500038536;15;4;6;2040;1;2;2;1;7;44;146, VIC. HUGO(RUE)115A1;;;;920
201500038537;15;5;19;910;1;2;1;1;7;44;1, RIVAY(RUE)1A23 ET 2A2;;;;920
201500038538;15;5;20;950;1;2;2;1;6;44;19, ANTONIN RAYNAUD(RUE);;;;920
201500038539;15;5;21;1445;1;2;2;1;6;44;141, J. GUESDERUE)141A15;;;;920
201500038540;15;6;2;1400;1;2;2;1;6;44;71, J. GUESDE(RUE)59A69;;;;920
201500038541;15;6;2;1630;1;2;2;1;3;44;57, JEAN JAURES(RUE) 57A;;;;920
201500038542;15;6;3;1200;1;2;2;1;6;44;22, RIVAY(RUE)1A23 ET 2A;;;;920
201500038543;15;6;3;1400;1;2;2;1;2;44;51, VILLIERS(RUE DE)  2A;;;;920
201500038544;15;6;4;1720;1;2;1;1;6;44;49, MICHELET (QUAI) 32 A;;;;920
201500038545;15;6;8;1205;1;1;2;1;3;44;48, RIVAY(RUE)41A71 ET38;;;;920
201500038546;15;6;9;1545;1;2;3;1;3;44;47, LOUIS ROUQUIER(RUE)4;;;;920
201500038547;15;6;12;1140;1;2;2;1;6;44;38, BAUDIN (RUE) 27A83 E;;;;920
201500038548;15;6;13;2300;5;2;1;1;7;44;31, ALSACE (RUE) N°19 +;;;;920
201500038549;15;6;16;1900;1;2;1;1;3;44;58, MICHELET (QUAI) 58 A;;;;920
201500038550;15;6;17;950;1;2;1;1;2;44;114, VIC. HUGO(RUE)091A1;;;;920
201500038551;15;6;17;2100;1;2;2;1;3;44;143, VIC. HUGO(RUE)091A1;;;;920
201500038552;15;5;5;1200;1;2;1;1;2;44;VIC. HUGO(RUE)115A149 ET;;;;920
201500038553;15;6;25;1520;1;2;2;1;6;44;62, LOUISE MICHEL(RUE) 4;;;;920
201500038554;15;6;27;1905;1;2;6;1;2;44;31, MICHELET (QUAI) 32 A;;;;920
201500038555;15;6;29;1350;1;2;2;1;6;44;113, P.V.COUTURIER(RUE)8;;;;920
201500038556;15;7;7;1335;1;2;1;1;6;44;54, VOLTAIRE(RUE)53A81 E;;;;920
201500038557;15;7;14;38;5;2;2;1;6;44;21, MICHELET(QUAI) 2 A 3;;;;920
201500038558;15;7;17;1120;1;2;2;1;6;44;164, VIC. HUGO(RUE)115A1;;;;920
201500038559;15;7;29;915;1;2;2;1;3;44;66, CHAPTAL(RUE) 81+ ET;;;;920
201500038560;15;7;20;1335;1;2;1;1;6;44;113, VIC. HUGO(RUE)091A1;;;;920
201500038561;15;7;30;2355;5;2;1;1;7;44;60, BAUDIN (RUE) 27A83 E;;;;920
201500038562;15;8;10;945;1;2;1;1;6;44;45, VIC. HUGO(RUE)001A06;;;;920
201500038563;15;9;5;2200;1;2;2;1;3;44;35, GABRIEL PERI(RUE) 1A;;;;920
201500038564;15;9;11;1830;1;2;2;2;3;44;40, VOLTAIRE(RUE)1A51 ET;;;;920
201500038565;15;8;10;810;1;2;1;1;6;44;90, MICHELET (QUAI) 58 A;;;;920
201500038566;15;9;14;2245;5;2;1;1;7;44;7, LORRAINE (RUE DE);;;;920
201500038567;15;9;21;900;1;2;2;1;3;44;75, DANTON(RUE)75A123 ET;;;;920
201500038568;15;9;26;1920;2;2;1;1;6;44;105, VIC. HUGO(RUE)091A1;;;;920
201500038569;15;9;26;2020;5;2;2;1;3;44;48, P.V.COUTURIER(RUE)41;;;;920
201500038570;15;9;29;1114;1;2;2;1;6;44;108, PDT WILSON(RUE)107A;;;;920
201500038571;15;9;30;2244;5;2;1;1;6;44;38, PDT WILSON(RUE)23A49;;;;920
201500038572;15;10;12;1400;1;2;1;1;6;44;52, LOUIS ROUQUIER(RUE)4;;;;920
201500038573;15;10;14;40;5;2;1;1;7;44;134, LOUIS ROUQUIER (RUE;;;;920
201500038574;15;10;15;1500;1;2;2;1;3;44;60, P.V.COUTURIER(RUE)81;;;;920
201500038575;15;10;20;1915;5;2;1;1;6;44;77, MICHELET (QUAI) 58 A;;;;920
201500038576;15;10;27;2330;5;2;1;1;6;44;46, GABRIEL PERI(RUE) 25;;;;920
201500038577;15;10;30;1620;1;2;2;2;3;44;52, ARISTIDE BRIAND(RUE);;;;920
201500038578;15;9;8;854;1;2;4;1;1;44;58, P.V.COUTURIER(RUE)65;;;;920
201500038579;15;11;3;800;2;2;2;1;6;44;42, DANTON(RUE) 1A73 ET;;;;920
201500038580;15;11;3;930;1;2;1;1;6;44;HUIT MAI 1945 (PLACE DU);;;;920
201500038581;15;9;17;1630;1;2;2;1;3;44;ALBERT DE VATIMESNIL (RU;;;;920
201500038582;15;11;5;1820;2;2;1;1;6;44;15, GABRIEL PERI(RUE) 1A;;;;920
201500038583;15;11;6;1200;1;2;2;1;6;44;21, PDT WILSON(RUE) 2A24;;;;920
201500038584;15;11;7;1134;1;2;1;1;6;44;42, PDT WILSON(RUE)23A49;;;;920
201500038585;15;11;22;200;5;2;2;1;6;44;02, ANA. FRANCE(RUE)1A75;;;;920
201500038586;15;11;23;2030;5;2;2;1;3;44;148, VIC. HUGO(RUE)115A1;;;;920
201500038587;15;11;24;1430;1;2;1;1;2;44;120, VILLIERS(RUE DE)  8;;;;920
201500038588;15;11;25;1925;2;2;2;2;3;44;111, RIVAY(RUE)97A107 ET;;;;920
201500038589;15;11;27;1555;1;2;1;1;3;44;106, VIC. HUGO(RUE)077A0;;;;920
201500038590;15;11;27;2050;5;2;1;2;1;44;5, THIERRY LE LURON(RUE);;;;920
201500038591;15;12;4;150;5;2;2;1;6;44;50, LOUIS ROUQUIER(RUE)4;;;;920
201500038592;15;12;23;845;1;2;1;2;7;44;58, MICHELET (QUAI) 58 A;;;;920
201500038593;15;12;16;1020;1;2;2;1;6;44;23, GEO.POMPIDOU(AVE) 21;;;;920
201500038594;15;12;18;2147;5;2;1;1;6;44;51, MICHELET (QUAI) 32 A;;;;920
201500038595;15;12;19;600;5;2;2;1;1;44;58, MARJOLIN (RUE)47A59;;;;920
201500038596;15;12;22;1015;1;2;1;1;6;44;4, KLEBER (RUE);;;;920
201500038597;15;12;10;1935;5;2;2;1;6;44;40, VOLTAIRE(RUE)1A51 ET;;;;920
201500038598;15;4;5;920;1;2;7;1;6;48;02, PARIS (RUE DE) N? 2;;;;920
201500038599;15;9;21;815;1;2;3;1;6;48;., MAL DE LATTRE DE TASS;;;;920
201500038600;15;9;24;45;5;2;1;1;6;48;08, TRIVAUX (AVENUE DE);;;;920
201500038601;15;11;10;1945;5;2;3;1;3;48;., GENERAL DE GAULLE (AV;;;;920
201500038602;15;1;25;2200;5;2;2;1;3;48;PEPINIERE/PEPINIERE;;;;920
201500038603;15;11;17;1250;1;2;3;1;7;48;3, VILLACOUBLAY (AVENUE;;;;920
201500038604;15;3;30;1830;5;2;1;2;3;48;24, NATIONS UNIES (BOULE;;;;920
201500038605;15;3;11;2320;5;2;2;1;6;48;04, LOUVOIS (AVENUE);;;;920
201500038606;15;3;10;1400;1;2;6;1;3;48;., GENERAL DE GAULLE (AV;;;;920
201500038607;15;3;17;855;1;2;1;1;6;48;;;;;920
201500038608;15;3;31;2050;5;1;6;1;3;48;TRIVAUX (AVENUE DE) N? 9;;;;920
201500038609;15;4;4;2350;5;2;1;2;6;48;., TRIVAUX (AVENUE DE) N;;;;920
201500038610;15;4;15;1755;1;2;1;1;3;48;01, VERTUGADINS (RUE DES;;;;920
201500038611;15;4;3;1400;1;2;2;2;3;48;., MARECHAL JUIN (AVENUE;;;;920
201500038612;15;5;4;1150;1;2;2;1;6;48;., RABELAIS (RUE);;;;920
201500038613;15;5;10;145;5;2;2;1;7;48;., JEAN JAURES (PLACE);;;;920
201500038614;15;6;10;935;1;2;2;1;1;48;., GENERAL GALLIENI (AVE;;;;920
201500038615;15;6;16;1655;1;2;2;1;3;48;., COLONEL MORAINE (ROUT;;;;920
201500038616;15;6;18;1635;1;2;1;1;6;48;55, GARDES (ROUTE DES) N;;;;920