num_acc;an;mois;jour;hrmn;lum;agg;int;atm;col;com;adr;gps;lat;long;dep
201500038617;15;6;18;1635;1;2;1;1;6;48;02, ROBERT SCHUMAN (AVEN;;;;920
201500038618;15;6;22;1645;1;2;1;1;3;48;13, MAL DE LATTRE DE TAS;;;;920
201500038619;15;6;30;710;1;2;3;1;1;48;03, GENERAL DE GAULLE (A;;;;920
201500038620;15;7;12;1510;1;2;1;1;1;48;32, MAL DE LATTRE DE TAS;;;;920
201500038621;15;7;16;734;2;2;7;1;6;48;., CHATEAU (AVENUE DU) N;;;;920
201500038622;15;7;17;1540;1;2;3;1;6;48;51, GENERAL DE GAULLE (A;;;;920
201500038623;15;8;21;1400;1;2;3;1;6;48;., GENERAL DE GAULLE (AV;;;;920
201500038624;15;7;17;1900;1;2;3;1;2;48;., TRONCHET (CARREFOUR D;;;;920
201500038625;15;9;15;1838;1;2;3;1;3;48;151, VERDUN (AVENUE DE);;;;920
201500038626;15;9;22;1249;1;2;3;2;6;48;., GALONS (RUE DES);;;;920
201500038627;15;9;30;1630;1;2;7;1;2;48;., NATIONS UNIES (BOULEV;;;;920
201500038628;15;9;30;1520;1;2;1;1;6;48;., CAPUCINS (RUE DES) N°;;;;920
201500038629;15;10;6;1155;1;2;1;1;6;48;20, ABEL VACHER (RUE);;;;920
201500038630;15;10;6;1015;1;2;2;1;6;48;., GARDES (ROUTE DES) N°;;;;920
201500038631;15;10;9;1015;1;2;2;1;6;48;., TERRE NEUVE (RUE);;;;920
201500038632;15;10;15;1610;1;2;1;1;6;48;29, ALEMBERT (RUE D');;;;920
201500038633;15;10;17;1515;1;2;1;1;6;48;51, GARDES (ROUTE DES) N;;;;920
201500038634;15;10;21;2110;5;2;1;1;6;48;15, HENRI SAVIGNAC (RUE);;;;920
201500038635;15;9;25;1510;1;2;2;1;7;48;01 bis, REPUBLIQUE (RUE;;;;920
201500038636;15;10;22;2040;5;2;3;2;6;48;15, PAUL DEMANGE (RUE);;;;920
201500038637;15;10;20;850;1;2;3;1;7;48;71, ANDRE SCHOCK;;;;920
201500038638;15;10;27;1120;1;2;1;1;2;48;45bis, GARDES (ROUTE DES;;;;920
201500038639;15;11;4;1225;1;2;3;1;6;48;02, ALBERT DE MUN (RUE);;;;920
201500038640;15;11;5;1800;5;2;3;1;6;48;37, GENERAL GALLIENI (AV;;;;920
201500038641;15;11;10;1100;1;2;3;2;3;48;., GENERAL DE GAULLE (AV;;;;920
201500038642;15;11;23;1610;1;2;2;1;3;48;., PORTO RICHE (RUE);;;;920
201500038643;15;11;25;2027;5;2;2;1;7;48;., REPUBLIQUE (RUE DE LA;;;;920
201500038644;15;11;27;1800;1;2;1;1;6;48;24, BANES (RUE) N° 2 A 1;;;;920
201500038645;15;12;2;1710;5;2;3;1;6;48;18, MAIL (ALLEE DU);;;;920
201500038646;15;12;22;2100;5;2;2;1;3;48;., BANES (RUE) N° 2 A 10;;;;920
201500038647;15;12;28;1805;5;2;1;1;7;48;., TRIVAUX (AVENUE DE) N;;;;920
201500038648;15;1;2;1600;1;2;1;1;2;49;128, ARNOUX AVENUE MAURI;;;;920
201500038649;15;1;12;745;2;2;1;1;1;20;121, VERDUN AVENUE DE AU;;;;920
201500038650;15;1;16;2000;5;2;2;3;6;20;PERRIERE AVENUE CLEMENT;;;;920
201500038651;15;1;23;1435;1;2;2;1;3;20;144, PARIS AVENUE DE N?8;;;;920
201500038652;15;1;29;1030;1;2;1;2;7;20;200, PARIS AVENUE DE N?8;;;;920
201500038653;15;2;2;1820;5;2;1;8;3;49;106, DORMOY AVENUE MARX;;;;920
201500038654;15;2;12;800;1;2;1;1;2;20;67, REPUBLIQUE AV. N?27;;;;920
201500038655;15;2;12;1030;1;2;1;1;7;20;, BROSSOLETTE RUE PIERRE;;;;920
201500038656;15;2;14;1830;2;2;1;1;6;20;98, PARIS AVENUE DE N?84;;;;920
201500038657;15;2;15;1519;1;2;5;1;3;49;;;;;920
201500038658;15;2;16;1520;1;2;1;1;7;49;54, BRIAND AVENUE ARISTI;;;;920
201500038659;15;2;20;1445;1;2;1;1;2;20;8 MAI 45 CARREFOUR DU;;;;920
201500038660;15;2;24;120;5;2;3;1;3;20;PARIS AVENUE DE N? IMPAI;;;;920
201500038661;15;2;25;1230;1;2;3;2;6;20;FAURE BLD FELIX N?1 A 35;;;;920
201500038662;15;2;28;1210;1;2;3;1;7;49;PERIER RUE N?1 A 33 ET 2;;;;920
201500038663;15;3;2;1050;1;2;1;1;6;49;172, DORMOY AVENUE MARX;;;;920
201500038664;15;3;6;2230;5;2;2;1;6;20;PARIS AVENUE DE N? IMPAI;;;;920
201500038665;15;2;15;105;5;2;1;9;7;49;70, BRIAND AVENUE ARISTI;;;;920
201500038666;15;3;10;1750;1;2;1;1;6;20;77, VERDUN AVENUE DE AUT;;;;920
201500038667;15;3;12;900;1;2;1;1;7;20;71, VERDUN AVENUE DE AUT;;;;920
201500038668;15;3;15;205;5;2;2;2;3;49;BARBES/FRANCOIS ORY;;;;920
201500038669;15;3;19;1355;1;2;3;1;3;49;42, VERDIER AVENUE AUTRE;;;;920
201500038670;15;3;31;1715;1;2;2;6;3;49;13, MARNE AVENUE DE LA;;;;920
201500038671;15;4;1;945;1;2;1;1;6;49;43, REPUBLIQUE AVENUE DE;;;;920
201500038672;15;4;1;1910;1;2;3;1;2;20;VERDUN AVENUE DE AUTRES;;;;920
201500038673;15;4;3;850;1;2;1;2;6;49;PERI RUE GABRIEL AUTRES;;;;920
201500038674;15;4;3;915;1;2;2;2;3;20;PARIS AVENUE DE N? IMPAI;;;;920
201500038675;15;4;3;1745;1;2;1;9;2;20;9, EXUPERY AVENUE SAINT;;;;920
201500038676;15;4;9;1430;1;2;1;1;6;20;1, PARIS AVENUE DE N? IM;;;;920
201500038677;15;4;10;905;1;2;1;1;6;20;43, BROSSOLETTE RUE PIER;;;;920
201500038678;15;4;11;650;2;2;1;1;6;49;153, BROSSOLETTE AVENUE;;;;920
201500038679;15;4;11;2000;1;2;1;1;6;49;11, BARBES RUE;;;;920
201500038680;15;4;13;1420;1;2;3;1;5;20;15, PARIS AVENUE DE N? I;;;;920
201500038681;15;4;14;820;1;2;1;1;6;49;183, BROSSOLETTE AVENUE;;;;920
201500038682;15;4;15;810;1;2;1;1;6;20;37, REPUBLIQUE AV. N?27;;;;920
201500038683;15;4;17;210;5;2;3;1;6;20;BROSSOLETTE RUE PIERRE A;;;;920
201500038684;15;4;19;1350;1;2;2;1;3;20;VERDUN AVENUE DE AUTRES;;;;920
201500038685;15;4;20;1845;1;2;4;1;6;49;BROSSOLETTE AVENUE PIERR;;;;920
201500038686;15;4;23;1810;1;2;1;1;6;20;188, PARIS AVENUE DE N°8;;;;920
201500038687;15;4;30;2150;2;2;4;2;3;20;PARIS AVENUE DE N° IMPAI;;;;920
201500038688;15;5;10;1905;1;2;2;1;3;20;LASSEGUE RUE N° IMPAIRS;;;;920
201500038689;15;5;7;1230;1;2;2;1;3;49;DORMOY AVENUE MARX N°2 A;;;;920
201500038690;15;5;20;1900;1;2;1;1;6;49;56, PERI RUE GABRIEL N°3;;;;920
201500038691;15;5;26;1832;1;2;1;1;7;49;23, REPUBLIQUE AVENUE DE;;;;920
201500038692;15;5;30;1920;1;2;2;1;6;49;11 bis, VERDIER AVENUE N;;;;920
201500038693;15;6;2;850;1;2;3;1;3;49;BROSSOLETTE AVENUE PIERR;;;;920
201500038694;15;6;4;2230;5;2;2;1;3;49;PERI RUE GABRIEL N°38 A;;;;920
201500038695;15;6;6;20;5;2;2;1;3;49;BARBES RUE;;;;920
201500038696;15;6;10;1300;1;2;3;1;1;20;13, PARIS AVENUE DE N° I;;;;920
201500038697;15;6;10;1805;1;2;1;1;7;20;PERROTIN RUE;;;;920
201500038698;15;6;14;220;5;2;1;1;3;49;32, ARNOUX AVENUE MAURIC;;;;920
201500038699;15;6;19;1820;1;2;1;1;2;20;95, REPUBLIQUE AV. AUTRE;;;;920
201500038700;15;6;19;2205;2;2;1;1;3;20;99, PARIS AVENUE DE N°84;;;;920
201500038701;15;6;28;1207;1;2;2;1;5;20;LIBERTE BOULEVARD DE LA;;;;920
201500038702;15;6;30;805;1;2;3;1;6;49;PERI RUE GABRIEL AUTRES;;;;920
201500038703;15;7;3;10;5;2;3;1;3;49;43, REPUBLIQUE AVENUE DE;;;;920
201500038704;15;7;7;1810;1;2;1;1;6;20;69, PARIS AVENUE DE N°2;;;;920
201500038705;15;7;9;905;1;2;1;1;3;49;112, REPUBLIQUE AVENUE D;;;;920
201500038706;15;7;9;830;1;2;3;1;3;49;BROSSOLETTE AVENUE PIERR;;;;920
201500038707;15;7;9;1900;1;2;2;1;2;49;BARBES RUE;;;;920
201500038708;15;7;9;1905;1;2;3;1;7;49;BROSSOLETTE AVENUE PIERR;;;;920
201500038709;15;7;10;1003;1;2;3;1;2;20;VERDUN AVENUE DE AUTRES;;;;920
201500038710;15;7;13;1835;1;2;1;1;6;49;200, DORMOY AVENUE MARX;;;;920
201500038711;15;7;16;2340;5;2;3;1;3;49;BARBES RUE;;;;920
201500038712;15;7;22;944;1;2;1;1;7;20;29, DIVISION LECLERC AVE;;;;920
201500038713;15;7;28;1930;1;2;1;1;6;20;74, PARIS AVENUE DE N°2;;;;920
201500038714;15;8;3;1350;1;2;2;1;3;49;PERI RUE GABRIEL AUTRES;;;;920
201500038715;15;8;4;1055;1;2;2;1;6;49;REPUBLIQUE AVENUE DE LA;;;;920
201500038716;15;8;7;1750;1;2;1;1;6;20;44, PARIS AVENUE DE N°2;;;;920
201500038717;15;8;13;2205;5;2;1;2;3;20;21, REPUBLIQUE AV. N°1 A;;;;920
201500038718;15;8;14;1535;1;2;3;1;3;49;BROSSOLETTE AVENUE PIERR;;;;920
201500038719;15;8;16;1740;1;2;1;1;6;49;132, BRIAND AVENUE ARIST;;;;920
201500038720;15;8;17;1540;1;2;3;8;2;20;PARIS AVENUE DE N° IMPAI;;;;920
201500038721;15;8;20;1232;1;2;3;2;3;49;BRIAND AVENUE ARISTIDE A;;;;920
201500038722;15;8;21;1145;1;2;1;1;3;49;17, HUGO RUE VICTOR N°1;;;;920
201500038723;15;8;24;1350;1;2;1;3;6;20;03, ESTIENNE D'ORVES RUE;;;;920
201500038724;15;8;26;1144;1;2;3;1;2;20;89, BROSSOLETTE RUE PIER;;;;920
201500038725;15;9;3;1300;1;2;1;1;2;20;76, BERTHELOT AVENUE MAR;;;;920
201500038726;15;9;10;1715;1;2;3;1;3;49;DORMOY AVENUE MARX N°2 A;;;;920
201500038727;15;9;10;1730;1;2;1;1;3;49;80, GINOUX AV. HENRI N°1;;;;920
201500038728;15;9;11;800;1;2;3;1;3;49;DORMOY AVENUE MARX N°2 A;;;;920
201500038729;15;9;11;2330;5;2;1;1;1;20;VERDUN AVENUE DE AUTRES;;;;920
201500038730;15;9;12;1630;1;2;1;2;7;20;20, PERI RUE GABRIEL;;;;920
201500038731;15;9;13;1400;1;2;2;2;3;20;SAMPAIX RUE LUCIEN;;;;920
201500038732;15;9;15;1510;1;2;1;1;7;49;14, PERIER RUE N°1 A 33;;;;920
201500038733;15;9;16;1450;1;2;2;2;3;49;PERI RUE GABRIEL AUTRES;;;;920
201500038734;15;9;17;2030;5;2;1;1;6;49;205, BROSSOLETTE AVENUE;;;;920
201500038735;15;9;26;1235;1;2;1;1;6;20;11, PARIS AVENUE DE N° I;;;;920
201500038736;15;9;30;1415;1;2;1;1;6;20;11, PARIS AVENUE DE N° I;;;;920
201500038737;15;10;5;1350;1;2;3;3;6;49;85, BROSSOLETTE AVENUE P;;;;920
201500038738;15;10;5;1430;1;2;1;3;6;49;10, BARTHELEMY RUE RENE;;;;920
201500038739;15;10;8;840;1;2;1;1;7;20;VERDUN AVENUE DE AUTRES;;;;920
201500038740;15;10;9;145;5;2;2;1;3;49;ARNOUX AVENUE MAURICE AU;;;;920
201500038741;15;10;10;10;5;2;3;1;3;20;VERDUN AVENUE DE AUTRES;;;;920
201500038742;15;10;11;1810;1;2;1;1;6;49;3, PERI RUE GABRIEL N°1;;;;920
201500038743;15;10;12;943;1;2;2;1;6;49;68, BRIAND AVENUE ARISTI;;;;920
201500038744;15;10;19;1230;1;2;3;1;6;20;FAURE BLD FELIX N°1 A 35;;;;920
201500038745;15;10;14;930;1;2;1;1;6;49;22, PERI RUE GABRIEL N°2;;;;920
201500038746;15;10;25;1145;1;2;3;1;6;49;48, REPUBLIQUE AVENUE DE;;;;920
201500038747;15;10;27;850;1;2;2;1;6;49;51, BRIAND AVENUE ARISTI;;;;920
201500038748;15;10;30;2350;5;2;3;1;2;49;38, BRIAND AVENUE ARISTI;;;;920
201500038749;15;11;2;1230;1;2;3;1;3;20;PARIS AVENUE DE N° IMPAI;;;;920
201500038750;15;11;3;1815;5;2;6;1;3;49;02, JAURES PLACE JEAN;;;;920
201500038751;15;11;5;1545;1;2;1;1;6;20;40, FAURE BLD FELIX N°40;;;;920
201500038752;15;11;11;1600;1;2;1;1;6;20;122, VERDUN AVENUE DE AU;;;;920
201500038753;15;11;18;1301;1;2;2;1;3;49;94, PERI RUE GABRIEL AUT;;;;920
201500038754;15;11;19;1125;1;2;2;2;3;49;BROSSOLETTE AVENUE PIERR;;;;920
201500038755;15;11;19;1200;1;2;2;2;6;49;VERDIER AVENUE AUTRES N°;;;;920
201500038756;15;11;19;1650;2;2;3;2;7;20;6, MERMOZ RUE JEAN;;;;920
201500038757;15;11;20;1845;2;2;1;2;6;49;47, VERDIER AVENUE N°25;;;;920
201500038758;15;11;21;215;5;2;1;1;7;20;VERDUN AVENUE DE AUTRES;;;;920
201500038759;15;11;29;610;2;2;1;1;6;49;74, ARNOUX AVENUE MAURIC;;;;920
201500038760;15;12;1;845;1;2;1;1;7;20;13, KLEBER TUE;;;;920
201500038761;15;12;2;845;1;2;1;1;7;20;03, STALINGRAD BOULEVARD;;;;920
201500038762;15;12;2;1230;1;2;1;1;6;49;40, PERI RUE GABRIEL N°3;;;;920
201500038763;15;12;3;1808;5;2;2;1;3;20;ESTIENNE D'ORVES RUE D';;;;920
201500038764;15;12;5;315;5;2;1;1;6;20;35, BERTHELOT AVENUE MAR;;;;920
201500038765;15;12;9;900;1;2;1;1;3;49;93, REPUBLIQUE AVENUE DE;;;;920
201500038766;15;12;10;1220;1;2;2;8;2;49;FORT AVENUE DU;;;;920
201500038767;15;12;17;2150;5;2;1;1;6;49;57, BROSSOLETTE AVENUE P;;;;920
201500038768;15;12;18;2010;5;2;3;1;5;20;VERDUN AVENUE DE AUTRES;;;;920
201500038769;15;12;21;1805;5;2;1;1;3;49;95, PERI RUE GABRIEL N°3;;;;920
201500038770;15;12;26;1920;5;2;2;1;2;49;PERI RUE GABRIEL AUTRES;;;;920
201500038771;15;12;28;1840;5;2;1;1;6;49;JAURES AVENUE JEAN N°53;;;;920
201500038772;15;12;29;1900;5;2;1;1;3;20;35, BROSSOLETTE RUE PIER;;;;920
201500038773;15;12;30;1710;2;2;7;1;6;49;32, JAURES AV. JEAN N°1;;;;920
201500038774;15;12;31;950;1;2;1;1;7;49;133, ARNOUX AVENUE MAURI;;;;920
201500038775;15;12;31;2355;5;2;2;1;3;20;PERI RUE GABRIEL;;;;920
201500038776;15;1;6;1540;1;1;1;1;3;50;BOULE PLACE DE LA;;;;920
201500038777;15;1;7;715;5;2;1;5;7;50;VAILLANT COUTURIER PAUL;;;;920
201500038778;15;1;8;730;5;2;1;2;6;50;PREMIER MAI RUE DU;;;;920
201500038779;15;1;8;1255;1;2;1;9;3;50;PEUPLIERS RUE DES;;;;920
201500038780;15;1;10;1050;1;2;1;9;6;50;LENINE VLADIMIR ILITCH A;;;;920
201500038781;15;1;11;1235;1;2;1;1;3;50;VAILLANT COUTURIER PAUL;;;;920
201500038782;15;1;14;1220;1;2;1;8;6;50;17, NEUILLY RUE DE;;;;920
201500038783;15;1;19;1005;1;2;1;2;6;50;167, JOILIOT CURIE F. ET;;;;920
201500038784;15;1;23;900;1;2;1;1;3;50;PICASSO PABLO AVENUE;;;;920
201500038785;15;1;7;840;1;2;1;5;6;50;NEANT, DEQUEANT ALFRED R;;;;920
201500038786;15;1;28;2005;5;2;1;2;6;50;LENS RUE DE;;;;920
201500038787;15;1;29;2055;5;2;1;9;3;50;GUILLERAIES AVENUE DES;;;;920
201500038788;15;1;8;1205;1;2;1;2;3;50;403, REPUBLIQUE AVENUE D;;;;920
201500038789;15;2;5;1235;1;2;2;1;6;50;PREMIER MAI RUE DU;;;;920
201500038790;15;2;6;1450;1;2;3;8;3;50;DEFENSE BOULEVARD DE LA;;;;920
201500038791;15;2;20;1445;1;2;1;2;6;50;MARGUERITES AVENUE DES;;;;920
201500038792;15;2;19;1625;1;2;1;9;2;50;132, FONTANOT RUE DES TR;;;;920
201500038793;15;2;24;1715;1;2;2;1;1;50;VAILLANT COUTURIER PAUL;;;;920
201500038794;15;3;4;1920;5;2;1;9;3;50;86, SURESNES RUE DE;;;;920
201500038795;15;3;4;2100;5;2;1;1;6;50;VAILLANT COUTURIER PAUL;;;;920
201500038796;15;3;9;1740;1;2;1;1;3;50;GUILLERAIES AVENUE DES;;;;920
201500038797;15;3;13;500;5;2;1;9;3;50;CLEMENCEAU GEORGES AVENU;;;;920
201500038798;15;3;15;1420;1;2;1;8;7;50;0000000000, FRACHON BENO;;;;920
201500038799;15;3;25;830;1;2;1;2;3;50;108, CLEMENCEAU GEORGES;;;;920
201500038800;15;3;30;2055;2;2;1;1;6;50;NEANT, THOREZ MAURICE RU;;;;920
201500038801;15;4;2;1620;1;2;1;2;7;50;5, GAMBETTA RUE;;;;920
201500038802;15;3;29;1940;5;2;1;2;4;50;HAVRE BOULEVARD DU;;;;920
201500038803;15;4;5;1925;1;1;2;1;3;50;DIDEROT RUE;;;;920
201500038804;15;4;8;825;1;2;2;1;6;50;ARAGO FRANCOIS AVENUE;;;;920
201500038805;15;4;3;2100;5;2;2;2;1;50;HAVRE BOULEVARD DU;;;;920
201500038806;15;4;14;2125;2;2;3;1;6;50;DEFENSE BOULEVARD DE LA;;;;920
201500038807;15;4;13;1425;1;2;1;1;1;50;LECLERC GENERAL AVENUE D;;;;920
201500038808;15;4;14;910;1;2;1;1;2;50;100, LENINE VLADIMIR ILI;;;;920
201500038809;15;4;15;1900;1;2;1;1;3;50;136, GARCHES RUE DE;;;;920
201500038810;15;4;13;1840;1;2;1;9;6;50;115, PICASSO PABLO AVENU;;;;920
201500038811;15;4;21;1630;1;2;2;7;3;50;CHAILLIERS RUE DES;;;;920
201500038812;15;4;16;845;1;2;1;1;3;50;JOLIOT CURIE F. ET IRENE;;;;920
201500038813;15;4;20;1740;1;2;9;1;6;50;FACE AU 10, LIBERTE AVEN;;;;920
201500038814;15;4;21;945;1;2;1;1;6;50;RD 914;;;;920
201500038815;15;4;23;1245;1;2;1;7;3;50;CLEMENCEAU GEORGES AVENU;;;;920
201500038816;15;4;22;1140;1;2;1;9;2;50;175, VAILLANT COUTURIER;;;;920
201500038817;15;4;24;1600;1;2;1;9;6;50;27, MARTIN HENRI AVENUE;;;;920
201500038818;15;4;29;745;1;2;1;7;3;50;HAVRE BOULEVARD DU;;;;920
201500038819;15;4;29;1520;1;2;1;9;6;50;403, REPUBLIQUE AVENUE D;;;;920
201500038820;15;4;30;1125;1;2;1;2;2;50;72, CLEMENCEAU GEORGES A;;;;920
201500038821;15;4;30;2145;3;1;1;2;1;50;3, BARBUSSE HENRI RUE;;;;920
201500038822;15;5;13;1445;1;2;2;1;2;50;REPUBLIQUE AVENUE DE LA;;;;920
201500038823;15;5;18;1705;1;2;3;9;3;50;neant, PONS NOEL RUE;;;;920
201500038824;15;5;21;1250;1;2;1;9;6;50;37, LIBERTE AVENUE DE LA;;;;920
201500038825;15;5;26;705;1;2;1;9;6;50;PLACE NELSON MANDELA;;;;920
201500038826;15;5;22;1240;1;2;1;7;2;50;nйant, ARAGO FRANCOIS AV;;;;920
201500038827;15;5;25;1650;1;1;1;1;6;50;NEANT, REPUBLIQUE AVENUE;;;;920
201500038828;15;5;29;1145;1;2;1;9;7;50;neant, RD 914;;;;920
201500038829;15;5;29;1940;1;2;1;8;6;50;NEANT, CHATOU ROUTE DE;;;;920
201500038830;15;6;2;1220;1;1;1;1;6;50;nйant,  Route Nationale;;;;920
201500038831;15;6;2;1045;1;2;1;1;6;50;178, CLEMENCEAU GEORGES;;;;920
201500038832;15;6;3;1210;1;2;6;8;6;50;SOUFFLOT J-GERMAIN BOULE;;;;920
201500038833;15;6;4;1800;1;2;1;9;2;50;NEANT, ARAGO FRANCOIS AV;;;;920
201500038834;15;6;8;1520;1;2;1;9;2;50;PEUPLIERS RUE DES;;;;920
201500038835;15;6;9;1700;1;2;1;1;6;50;JOFFRE MARECHAL AVENUE D;;;;920
201500038836;15;6;5;1820;1;2;1;1;2;50;43, JOLIOT CURIE F. ET I;;;;920
201500038837;15;6;10;1550;1;2;1;1;2;50;neant, VAILLANT COUTURIE;;;;920
201500038838;15;6;16;2130;1;2;1;1;7;50;354, CLEMENCEAU GEORGES;;;;920
201500038839;15;6;20;2140;1;2;1;1;7;50;58, CLEMENCEAU GEORGES A;;;;920
201500038840;15;6;19;1825;1;2;1;9;3;50;neant, MANDELA NELSON MA;;;;920
201500038841;15;6;21;100;5;2;1;9;2;50;JOILIOT CURIE F. ET IREN;;;;920
201500038842;15;6;22;1440;1;2;1;9;7;50;DEFENSE BOULEVARD DE LA;;;;920
201500038843;15;6;22;1840;1;2;1;2;2;50;JOILIOT CURIE F. ET IREN;;;;920
201500038844;15;6;23;1335;1;2;1;1;6;50;neant, POLITZER GEORGES;;;;920
201500038845;15;6;26;1920;1;2;1;1;2;50;VAILLANT COUTURIER PAUL;;;;920
201500038846;15;6;29;930;1;2;1;7;7;50;CLEMENCEAU GEORGES AVENU;;;;920
201500038847;15;6;24;1915;1;2;2;9;3;50;VAILLANT COUTURIER PAUL;;;;920
201500038848;15;6;30;830;1;2;1;1;7;50;VAILLANT COUTURIER PAUL;;;;920
201500038849;15;7;1;1935;1;2;3;9;3;50;VAILLANT COUTURIER PAUL;;;;920
201500038850;15;7;2;935;1;2;1;7;6;50;NERUDA PABLO RUE;;;;920
201500038851;15;7;3;730;1;2;1;1;6;50;15, ZOLA EMILE BOULEVARD;;;;920
201500038852;15;7;6;1520;1;2;1;1;3;50;64, CLEMENCEAU GEORGES A;;;;920
201500038853;15;7;10;2000;1;2;2;1;2;50;REPUBLIQUE AVENUE DE LA;;;;920
201500038854;15;7;15;1550;1;2;3;7;1;50;ONZE NOVEMBRE RUE DU;;;;920
201500038855;15;7;22;1420;1;2;1;1;6;50;1, JOFFRE MARECHAL AVENU;;;;920
201500038856;15;7;18;2240;5;2;1;3;7;50;177, JOILIOT CURIE F. ET;;;;920
201500038857;15;7;16;2320;5;2;1;1;1;50;124, PICASSO PABLO AVENU;;;;920
201500038858;15;7;24;1110;1;2;1;1;2;50;01, VAILLANT COUTURIER P;;;;920
201500038859;15;7;23;1815;1;2;1;9;2;50;neant, FUSILLES DE LA RE;;;;920
201500038860;15;7;25;1040;1;2;1;1;6;50;LIBERTE AVENUE DE LA;;;;920
201500038861;15;8;2;1315;1;2;1;1;6;50;nйant, DEQUEANT ALFRED R;;;;920
201500038862;15;8;3;900;1;2;1;1;3;50;nйant, PONS NOEL RUE;;;;920
201500038863;15;8;4;1700;1;2;1;9;1;50;CHAMPS PIERREUX AVENUE D;;;;920
201500038864;15;8;6;1930;1;2;2;1;3;50;GALLIENI GENERAL AVENUE;;;;920
201500038865;15;8;14;1830;1;2;1;2;4;50;RD 914;;;;920
201500038866;15;8;27;750;2;2;1;1;7;50;67, SADI CARNOT RUE;;;;920
201500038867;15;8;29;1550;1;2;1;1;6;50;NEANT, MARTIN HENRI AVEN;;;;920
201500038868;15;8;16;1300;1;2;1;1;3;50;29, JOFFRE MARECHAL AVEN;;;;920
201500038869;15;9;4;1510;1;2;1;1;6;50;MARTIN HENRI AVENUE;;;;920
201500038870;15;9;8;1615;1;1;1;1;2;50;NEANT, RD 914;;;;920
201500038871;15;9;8;1635;1;2;1;1;6;50;135, PICASSO PABLO AVENU;;;;920
201500038872;15;9;10;1000;1;1;1;1;2;50;TUNNEL DE LA DЙFENSE;;;;920
201500038873;15;9;11;805;1;2;1;1;2;50;JOLIOT CURIE F. ET IRENE;;;;920
201500038874;15;9;15;820;1;2;1;1;1;50;PONS NOEL RUE;;;;920
201500038875;15;9;16;315;5;2;3;3;6;50;RD 914;;;;920
201500038876;15;9;14;1530;1;2;1;2;6;2;46 AV DE LA LIBERTE;;;;920
201500038877;15;9;3;820;1;1;1;1;2;50;72, CLEMENCEAU GEORGES A;;;;920
201500038878;15;9;14;1430;1;2;2;1;3;50;QUENTIN JULES AVENUE;;;;920
201500038879;15;9;15;1320;1;2;1;1;1;50;BOULEVARD AIMЙ CЙSAIRE;;;;920
201500038880;15;9;17;830;1;2;1;2;2;50;NEANT, CLEMENCEAU GEORGE;;;;920
201500038881;15;9;18;900;1;2;1;1;6;50;UNION RUE DE L';;;;920
201500038882;15;9;18;930;1;2;1;1;2;50;PONS NOEL RUE;;;;920
201500038883;15;9;23;220;5;2;1;2;3;50;257, CLEMENCEAU GEORGES;;;;920
201500038884;15;9;27;900;1;2;1;1;3;50;86 R P V COUTURIER;;;;920
201500038885;15;9;27;620;5;2;3;1;6;50;REPUBLIQUE AVENUE DE LA;;;;920
201500038886;15;9;29;2000;5;2;1;9;3;50;HAVRE BOULEVARD DU;;;;920
201500038887;15;9;30;30;5;2;1;9;3;50;CLEMENCEAU GEORGES AVENU;;;;920
201500038888;15;10;2;1245;1;2;1;1;2;50;VAILLANT COUTURIER PAUL;;;;920
201500038889;15;10;3;1535;1;2;1;1;2;50;VAILLANT COUTURIER PAUL;;;;920
201500038890;15;10;2;1820;1;2;1;1;7;50;71, TILLON Germaine;;;;920
201500038891;15;10;2;1800;5;2;1;1;3;50;CLEMENCEAU GEORGES AVENU;;;;920
201500038892;15;10;3;1600;1;2;1;1;2;50;34, VAILLANT COUTURIER P;;;;920
201500038893;15;10;7;915;1;2;3;1;3;50;1, PONS NOEL RUE;;;;920
201500038894;15;10;9;1245;1;2;1;8;7;50;NEANT, DEFENSE BOULEVARD;;;;920
201500038895;15;10;9;1900;1;2;1;1;7;50;NEANT, REPUBLIQUE AVENUE;;;;920
201500038896;15;10;10;920;1;2;1;1;7;50;186, CLEMENCEAU GEORGES;;;;920
201500038897;15;10;9;1605;1;2;1;7;7;50;136, JOLIOT CURIE F. ET;;;;920
201500038898;15;10;15;1830;1;2;1;2;3;50;RD 914;;;;920
201500038899;15;10;15;1445;1;2;1;9;1;50;SADI CARNOT RUE;;;;920
201500038900;15;10;16;2344;5;2;1;2;3;50;60, CLEMENCEAU GEORGES A;;;;920
201500038901;15;10;18;1510;1;2;3;8;1;50;CHATOU ROUTE DE;;;;920
201500038902;15;10;28;925;1;2;1;1;6;50;FRACHON BENOIT AVENUE;;;;920
201500038903;15;10;29;1950;5;2;1;9;6;50;69, CLEMENCEAU GEORGES A;;;;920
201500038904;15;10;30;1515;1;2;3;7;3;50;VAILLANT COUTURIER PAUL;;;;920
201500038905;15;10;31;1330;1;2;1;1;3;50;neant, DROITS DE L'HOMME;;;;920
201500038906;15;11;6;740;1;2;1;1;7;50;NEANT, PESARO BOULEVARD;;;;920
201500038907;15;10;31;300;5;2;1;8;6;50;10, PESARO BOULEVARD DE;;;;920
201500038908;15;11;9;1425;1;2;3;7;6;50;VAILLANT COUTURIER PAUL;;;;920
201500038909;15;11;19;2130;5;2;1;2;2;50;neant, DOUCET ANDRE RUE;;;;920
201500038910;15;11;18;1945;5;2;1;1;6;50;14, ARAGO FRANCOIS AVENU;;;;920
201500038911;15;11;19;1415;1;2;2;8;7;50;FONTENELLES RUE DES;;;;920
201500038912;15;11;21;2110;5;2;1;9;2;50;DEFENSE BOULEVARD DE LA;;;;920
201500038913;15;11;23;1105;1;2;1;9;7;50;SOUFFLOT J-GERMAIN BOULE;;;;920
201500038914;15;11;26;930;1;2;2;1;4;50;SAULES/SARTROUVILLE;;;;920
201500038915;15;11;24;1900;5;2;1;3;7;50;125, CLEMENCEAU GEORGES;;;;920
201500038916;15;11;25;2020;5;2;2;9;2;50;645, CLEMENCEAU GEORGES;;;;920
201500038917;15;11;24;940;1;2;1;1;7;50;VERNET HORACE RUE;;;;920
201500038918;15;12;6;300;5;2;1;9;6;50;125, SAINT CLOUD RUE DE;;;;920
201500038919;15;12;6;1030;1;2;1;9;7;50;JOLIOT CURIE F. ET IRENE;;;;920
201500038920;15;12;5;1810;5;2;1;9;1;50;neant, ONZE NOVEMBRE RUE;;;;920
201500038921;15;12;7;1430;1;2;2;7;3;50;DEFENSE BOULEVARD DE LA;;;;920
201500038922;15;12;9;1625;1;2;1;7;7;50;91, JOILIOT CURIE F. ET;;;;920
201500038923;15;12;14;815;1;2;1;1;2;50;115, ONZE NOVEMBRE RUE D;;;;920
201500038924;15;12;11;1810;5;2;1;9;6;50;CHAMPS PIERREUX AVENUE D;;;;920