num_acc;an;mois;jour;hrmn;lum;agg;int;atm;col;com;adr;gps;lat;long;dep
201500038925;15;12;14;1650;5;2;1;8;6;50;CLEMENCEAU GEORGES AVENU;;;;920
201500038926;15;12;17;1757;5;2;1;1;7;50;neant, HEBERT CELESTIN R;;;;920
201500038927;15;12;18;1240;1;2;1;1;7;50;256, CLEMENCEAU GEORGES;;;;920
201500038928;15;12;18;2215;5;2;1;1;2;50;NEANT, HAVRE BOULEVARD D;;;;920
201500038929;15;12;27;1540;1;2;1;9;7;50;133, COMMUNE DE PARIS AV;;;;920
201500038930;15;12;24;1810;5;2;2;8;6;50;NEANT, JOLIOT CURIE F. E;;;;920
201500038931;15;12;23;1040;1;2;2;9;7;50;VAILLANT COUTURIER PAUL;;;;920
201500038932;15;12;17;1950;5;2;1;1;6;51;83, CHARLES DE GAULLE (A;;;;920
201500038933;15;11;18;945;1;2;1;1;3;51;03, RICHARD WALLACE (BOU;;;;920
201500038934;15;1;13;1600;1;2;3;1;6;51;128, CHARLES DE GAULLE (;;;;920
201500038935;15;1;15;1550;1;2;1;2;6;51;116, CHARLES DE GAULLE (;;;;920
201500038936;15;1;10;1930;5;2;1;2;2;51;82, BOURDON (BOULEVARD);;;;920
201500038937;15;1;16;1900;2;2;3;3;6;51;101, ROULE (AVENUE DU, N;;;;920
201500038938;15;1;19;1300;1;2;1;1;6;51;109, CHARLES DE GAULLE (;;;;920
201500038939;15;1;16;1025;1;2;1;1;3;51;31, CHATEAU (BOULEVARD D;;;;920
201500038940;15;1;16;1530;1;2;1;1;2;51;32, GENERAL LECLERC (BOU;;;;920
201500038941;15;1;28;940;1;2;1;1;3;51;106, CHARLES DE GAULLE (;;;;920
201500038942;15;1;30;1255;1;2;1;1;6;51;73, COMMANDANT CHARCOT (;;;;920
201500038943;15;2;5;1850;5;2;3;1;6;51;1, THEOPHILE-GAUTHIER (R;;;;920
201500038944;15;2;6;825;1;2;1;1;6;51;168, CHARLES DE GAULLE (;;;;920
201500038945;15;2;12;1535;1;2;3;1;6;51;1, BAILLY (RUE);;;;920
201500038946;15;2;14;15;5;2;1;2;3;51;71, CHARLES DE GAULLE (A;;;;920
201500038947;15;2;17;1715;1;2;1;8;6;51;1 bis, ERNEST DELOISON (;;;;920
201500038948;15;2;22;1110;1;2;1;1;6;51;61, ROULE (AVENUE DU, N?;;;;920
201500038949;15;3;1;650;5;2;1;1;6;51;22 ter, CHATEAU (BOULEVA;;;;920
201500038950;15;3;1;1000;1;2;3;1;3;51;140, ACHILLE PERETTI (AV;;;;920
201500038951;15;2;22;1720;1;2;2;1;6;51;31, CHATEAU (BOULEVARD D;;;;920
201500038952;15;3;6;1730;1;2;1;1;6;51;221, CHARLES DE GAULLE (;;;;920
201500038953;15;3;5;1555;1;2;2;1;3;51;131, BINEAU (BOULEVARD,;;;;920
201500038954;15;3;10;2050;5;2;1;1;6;51;51, GENERAL KOENIG (BOUL;;;;920
201500038955;15;3;13;1225;1;2;1;1;6;51;44, CHATEAU (BOULEVARD D;;;;920
201500038956;15;3;19;1900;5;2;1;1;6;51;141, GENERAL KOENIG (BOU;;;;920
201500038957;15;3;2;830;1;2;1;1;6;51;25, INKERMANN (BOULEVARD;;;;920
201500038958;15;3;31;1715;1;2;1;1;6;51;29, VICTOR HUGO (BOULEVA;;;;920
201500038959;15;3;19;950;1;2;1;1;3;51;114, PERRONET (RUE, N? 9;;;;920
201500038960;15;4;10;1800;1;2;1;1;3;51;66/68, BINEAU (BOULEVARD;;;;920
201500038961;15;4;15;855;1;2;2;1;3;51;182, BINEAU (BOULEVARD,;;;;920
201500038962;15;4;7;1825;1;2;1;1;3;51;150, CHARLES DE GAULLE (;;;;920
201500038963;15;4;23;1800;1;2;1;1;5;51;133, BINEAU (BOULEVARD,;;;;920
201500038964;15;4;21;1235;1;2;1;1;6;51;37, CHEZY (RUE DE, N° 21;;;;920
201500038965;15;4;17;915;1;2;2;1;3;51;200, BINEAU (BOULEVARD,;;;;920
201500038966;15;4;14;1625;1;2;1;1;6;51;5, GENERAL LECLERC (BOUL;;;;920
201500038967;15;4;16;1050;1;2;2;1;3;51;65, CHATEAU (BOULEVARD D;;;;920
201500038968;15;5;7;700;1;2;1;1;2;51;116, CHARLES DE GAULLE (;;;;920
201500038969;15;5;10;1;5;2;3;1;6;51;116, CHARLES DE GAULLE (;;;;920
201500038970;15;3;22;1820;1;2;2;1;3;51;SAUSSAYE/D'ARGENSON;;;;920
201500038971;15;5;11;1905;1;2;3;1;2;51;117, GENERAL KOENIG (BOU;;;;920
201500038972;15;5;12;2010;1;2;2;1;3;51;191, ROULE (AVENUE DU, N;;;;920
201500038973;15;5;30;45;5;2;1;2;3;51;65, BINEAU (BOULEVARD, N;;;;920
201500038974;15;4;14;1300;1;2;1;1;6;51;65, CHARLES DE GAULLE (A;;;;920
201500038975;15;5;26;1055;1;2;1;1;6;51;03, MIDI (RUE DU);;;;920
201500038976;15;5;12;1840;1;2;2;1;6;51;14, MADRID (AVENUE DE);;;;920
201500038977;15;5;26;2040;2;2;1;1;2;51;115, CHARLES DE GAULLE (;;;;920
201500038978;15;5;27;2345;5;2;6;1;3;51;168, CHARLES DE GAULLE (;;;;920
201500038979;15;5;29;1333;1;2;1;1;6;51;19, SAINTE FOY (AVENUE);;;;920
201500038980;15;5;30;1240;1;2;1;1;4;51;46, CHARLES DE GAULLE (A;;;;920
201500038981;15;6;4;1515;1;2;1;1;6;51;43, CHARTRES (RUE DE );;;;920
201500038982;15;6;14;645;2;2;1;1;6;51;18, CHARLES DE GAULLE (A;;;;920
201500038983;15;6;18;920;1;2;1;1;2;51;135, BINEAU (BOULEVARD,;;;;920
201500038984;15;6;19;1130;1;2;1;1;6;51;105, CHARLES DE GAULLE (;;;;920
201500038985;15;6;17;2150;2;2;1;1;6;51;141, GENERAL KOENIG (BOU;;;;920
201500038986;15;7;11;1625;1;2;1;1;2;51;24, ARGENSON (BOULEVARD,;;;;920
201500038987;15;6;2;943;1;2;1;1;3;51;50, CHEZY (RUE DE , N°14;;;;920
201500038988;15;6;19;2008;1;2;1;1;2;51;113, CHARLES DE GAULLE (;;;;920
201500038989;15;7;29;1045;1;2;1;1;4;51;197, CHARLES DE GAULLE (;;;;920
201500038990;15;7;17;2015;1;2;1;7;5;51;102, CHARLES DE GAULLE (;;;;920
201500038991;15;7;2;2050;1;2;1;1;3;51;163, CHARLES DE GAULLE (;;;;920
201500038992;15;7;22;1120;1;2;1;1;6;51;107, BINEAU (BOULEVARD,;;;;920
201500038993;15;7;31;1010;1;2;2;1;2;51;MARECHAL JUIN (PONT DU);;;;920
201500038994;15;8;3;1025;1;2;1;1;6;51;107, CHARLES DE GAULLE (;;;;920
201500038995;15;8;15;2030;1;2;1;1;2;51;104, CHARLES DE GAULLE (;;;;920
201500038996;15;9;2;1840;1;2;1;1;6;51;54, BINEAU (BOULEVARD, N;;;;920
201500038997;15;9;3;1030;1;2;3;1;6;51;PAULINE BORGHESE (RUE);;;;920
201500038998;15;9;4;1000;1;2;3;1;3;51;21, RICHARD WALLACE (BOU;;;;920
201500038999;15;9;10;1405;1;2;1;1;6;51;82, PERRONET (RUE, N°1 A;;;;920
201500039000;15;9;15;1448;1;2;3;1;6;51;200, BINEAU (BOULEVARD,;;;;920
201500039001;15;10;6;1100;1;2;1;1;6;51;110, PERRONET (RUE, N° 9;;;;920
201500039002;15;10;9;2000;5;2;1;1;6;51;55, BINEAU (BOULEVARD, N;;;;920
201500039003;15;9;8;1630;1;2;1;1;4;51;131, CHARLES DE GAULLE (;;;;920
201500039004;15;9;13;50;5;2;3;1;6;51;103, ACHILLE PERETTI (AV;;;;920
201500039005;15;10;15;2322;5;2;1;1;3;51;64, MAURICE BARRES (BOUL;;;;920
201500039006;15;10;18;245;5;2;2;1;3;51;93, CHARLES DE GAULLE (A;;;;920
201500039007;15;10;1;750;1;2;1;1;6;51;100, MAURICE BARRES (BOU;;;;920
201500039008;15;10;12;1200;1;2;1;1;6;51;42, MADELEINE MICHELIS (;;;;920
201500039009;15;10;1;1240;1;2;3;1;3;51;62, VICTOR HUGO (BOULEVA;;;;920
201500039010;15;10;9;2030;5;2;1;1;6;51;42-44, CHARLES DE GAULLE;;;;920
201500039011;15;10;10;2020;5;2;3;1;3;51;77, ROULE (AVENUE DU, N°;;;;920
201500039012;15;10;2;1855;2;2;1;1;3;51;27, VICTOR HUGO (BOULEVA;;;;920
201500039013;15;10;6;736;2;2;1;3;6;51;CHARLES DE GAULLE (AVENU;;;;920
201500039014;15;11;4;2015;5;2;1;1;6;51;47, PERRONET (RUE, N°1 A;;;;920
201500039015;15;11;5;1845;5;2;3;2;3;51;73, COMMANDANT CHARCOT (;;;;920
201500039016;15;11;6;1720;5;2;1;2;6;51;16bis, MADRID (AVENUE DE;;;;920
201500039017;15;11;15;355;5;2;2;1;3;51;15, CHEZY (RUE DE,  N° 1;;;;920
201500039018;15;11;11;1910;5;2;2;1;3;51;199, CHARLES DE GAULLE (;;;;920
201500039019;15;11;10;750;2;2;1;1;5;51;133 BD BINEAU;;;;920
201500039020;15;10;8;840;1;2;1;8;6;51;25, RICHARD WALLACE (BOU;;;;920
201500039021;15;11;22;1925;5;2;2;1;3;51;92, BINEAU (BOULEVARD, N;;;;920
201500039022;15;11;24;935;1;2;3;2;2;51;21, WALLACE/BAGATELLE;;;;920
201500039023;15;11;4;945;1;2;3;2;6;51;06, GENERAL LECLERC (BOU;;;;920
201500039024;15;11;24;1935;5;2;3;2;6;51;12, BERTEAUX-DUMAS (RUE);;;;920
201500039025;15;11;28;55;5;2;2;2;3;51;130, BINEAU (BOULEVARD,;;;;920
201500039026;15;11;30;945;1;2;1;1;6;51;79, CHARLES LAFFITTE (RU;;;;920
201500039027;15;12;6;10;4;2;2;1;6;51;HUGO/PARMENTIER;;;;920
201500039028;15;12;6;820;5;2;4;1;6;51;DE GAULLE/DULUD;;;;920
201500039029;15;12;2;1215;1;2;1;1;6;51;10, R YBRY;;;;920
201500039030;15;12;4;1030;1;2;2;1;3;51;MADRID/PIERRET;;;;920
201500039031;15;11;19;1410;1;2;1;1;2;51;131, CHARLES DE GAULLE (;;;;920
201500039032;15;11;27;1200;1;2;1;1;3;51;110, BINEAU (BOULEVARD,;;;;920
201500039033;15;11;26;1826;5;2;3;1;3;51;107, GENERAL KOENIG (BOU;;;;920
201500039034;15;11;22;1520;1;2;1;1;6;51;02, BOIS DE BOULOGNE (RU;;;;920
201500039035;15;12;27;345;5;2;1;1;6;51;143, CHARLES DE GAULLE (;;;;920
201500039036;15;1;2;1005;1;2;3;8;6;62;2, BERTHELOT (RUE MARCEL;;;;920
201500039037;15;1;5;1330;1;2;3;8;6;62;11, FRANCE (RUE ANATOLE);;;;920
201500039038;15;1;9;1310;1;2;3;8;3;62;DE DION BOUTON (QUAI) DU;;;;920
201500039039;15;1;20;1705;5;2;1;1;6;62;1, LECLERC (RUE GENERAL);;;;920
201500039040;15;1;23;1930;5;2;1;8;6;62;16, BERTHELOT (RUE MARCE;;;;920
201500039041;15;1;26;945;1;2;3;2;3;62;14, WALLACE (BD RICHARD);;;;920
201500039042;15;2;4;1830;5;2;3;1;3;62;6, DE DION BOUTON (QUAI);;;;920
201500039043;15;2;20;700;5;2;1;8;6;62;8, DE DION BOUTON (QUAI);;;;920
201500039044;15;2;22;1500;1;2;1;8;3;62;8, PALISSY (RUE BERNARD);;;;920
201500039045;15;3;4;1435;1;2;3;1;6;62;1, CHANTE COQ (RUE);;;;920
201500039046;15;3;7;1440;1;2;1;1;5;62;6/8, DE DION BOUTON (QUA;;;;920
201500039047;15;3;11;1440;1;2;2;1;6;62;REPUBLIQUE/FRANCE;;;;920
201500039048;15;3;10;1930;5;2;3;1;6;62;CARTAULT (RUE);;;;920
201500039049;15;3;23;1330;1;2;1;1;3;62;GENERAL DE GAULLE (AV) D;;;;920
201500039050;15;3;16;1850;2;2;3;1;2;62;3, DE DION BOUTON (QUAI);;;;920
201500039051;15;4;1;855;2;2;3;1;6;62;69, GENERAL DE GAULLE (A;;;;920
201500039052;15;4;8;2000;5;2;3;1;3;62;123, REPUBLIQUE (RUE DE;;;;920
201500039053;15;4;17;1540;1;2;2;1;6;62;FRANCE (RUE  ANATOLE) N°;;;;920
201500039054;15;4;18;130;5;2;3;1;3;62;108, BERGERES RD-PT DES);;;;920
201500039055;15;4;30;1730;1;2;3;3;3;62;GENERAL DE GAULLE (AV) D;;;;920
201500039056;15;5;12;1905;1;2;1;1;3;62;1, PUTEAUX (PONT DE);;;;920
201500039057;15;5;27;1713;1;2;3;1;3;62;HASSOUX (VOIE GEORGES) I;;;;920
201500039058;15;5;28;1740;1;2;1;1;6;62;34/36, DE DION BOUTON (Q;;;;920
201500039059;15;6;4;1445;1;2;1;1;6;62;58, DE DION BOUTON (QUAI;;;;920
201500039060;15;6;16;1850;1;2;1;1;1;62;172, REPUBLIQUE (RUE DE;;;;920
201500039061;15;6;19;1115;1;2;1;1;3;62;140, VERDUN (RUE DE) N°;;;;920
201500039062;15;6;20;1324;1;2;1;1;2;62;17, DE DION BOUTON (QUAI;;;;920
201500039063;15;6;22;1100;1;2;1;8;6;62;174, REPUBLIQUE (RUE DE;;;;920
201500039064;15;7;2;825;1;2;1;1;6;62;74, REPUBLIQUE (RUE DE L;;;;920
201500039065;15;7;3;800;1;2;3;1;6;62;62/64, JAURES (RUE JEAN);;;;920
201500039066;15;7;3;940;1;2;6;1;3;62;ROND POINT DE LA LIBERTE;;;;920
201500039067;15;7;10;1430;1;2;1;1;2;62;1, PUTEAUX (PONT DE);;;;920
201500039068;15;7;11;950;1;2;1;1;2;62;10bis, FUSILLES DE LA RE;;;;920
201500039069;15;7;29;1345;1;2;3;1;3;62;106, GENERAL DE GAULLE (;;;;920
201500039070;15;8;11;1810;2;2;1;1;3;62;63, GENERAL DE GAULLE (A;;;;920
201500039071;15;8;20;1622;1;2;1;1;2;62;19, WALLACE (BD RICHARD);;;;920
201500039072;15;8;18;1900;1;2;1;1;3;62;BELLINI (RUE);;;;920
201500039073;15;8;26;820;1;2;1;1;2;62;GENERAL DE GAULLE (AV) D;;;;920
201500039074;15;9;22;1640;1;2;1;1;2;62;DE DION BOUTON (QUAI) DU;;;;920
201500039075;15;9;8;1840;1;2;1;1;5;62;1, FRANCE (RUE  ANATOLE);;;;920
201500039076;15;9;28;1830;1;2;1;1;7;62;81, GENERAL DE GAULLE (A;;;;920
201500039077;15;10;2;45;5;2;3;1;1;62;165, JAURES (RUE JEAN) D;;;;920
201500039078;15;9;11;1310;1;2;1;1;6;62;53/55, WALLACE (BD RICHA;;;;920
201500039079;15;9;22;1335;1;2;1;1;2;62;DE DION BOUTON (QUAI) DU;;;;920
201500039080;15;10;2;930;1;2;1;1;6;62;16, BERTHELOT (RUE MARCE;;;;920
201500039081;15;10;23;1230;1;2;1;1;3;62;52, DE DION BOUTON (QUAI;;;;920
201500039082;15;11;1;405;5;2;3;1;3;62;REPUBLIQUE (RUE DE LA );;;;920
201500039083;15;11;3;750;5;2;3;2;6;62;WALLACE (BD RICHARD) DU;;;;920
201500039084;15;11;1;2100;5;2;3;1;5;62;DE DION BOUTON (QUAI) DU;;;;920
201500039085;15;11;5;1100;1;2;3;1;6;62;, DE DION BOUTON (QUAI);;;;920
201500039086;15;11;9;945;1;2;1;1;1;62;106, REPUBLIQUE (RUE DE;;;;920
201500039087;15;11;23;1800;5;2;1;1;3;62;6, DE DION BOUTON (QUAI);;;;920
201500039088;15;11;24;1845;5;2;1;1;2;62;45, WALLACE (BD RICHARD);;;;920
201500039089;15;11;27;1023;1;2;3;1;6;62;VOILIN (RUE LUCIEN);;;;920
201500039090;15;12;1;1400;1;2;3;1;6;62;23, FRANCE (RUE  ANATOLE;;;;920
201500039091;15;12;1;2145;5;2;3;1;3;62;REPUBLIQUE (RUE DE LA );;;;920
201500039092;15;12;21;730;1;2;1;1;2;62;30, CARTAULT (RUE);;;;920
201500039093;15;1;5;800;5;2;1;1;6;63;183, DIX-HUIT JUIN 1940;;;;920
201500039094;15;1;7;900;1;2;1;5;3;63;64, DIDEROT (RUE);;;;920
201500039095;15;1;6;1155;1;2;3;1;3;63;DANTON (RUE);;;;920
201500039096;15;1;12;1655;2;2;1;1;2;63;178, DOUMER (AVENUE PAUL;;;;920
201500039097;15;1;20;1605;1;2;1;1;6;63;144, DOUMER (AVENUE PAUL;;;;920
201500039098;15;1;21;1040;1;2;1;1;2;63;N?ant, CHATOU (PONT DE);;;;920
201500039099;15;1;21;1300;1;2;1;1;6;63;COLMAR (AVENUE DE);;;;920
201500039100;15;1;24;1845;5;2;3;1;6;63;48, HUGO (AVENUE VICTOR);;;;920
201500039101;15;1;29;1430;1;2;1;1;6;63;05, DE GAULLE (BOULEVARD;;;;920
201500039102;15;2;6;740;2;2;1;1;2;63;N?ant, CHATOU (PONT DE);;;;920
201500039103;15;2;5;1500;1;2;1;1;3;63;28, BELLE RIVE (BOULEVAR;;;;920
201500039104;15;2;13;1850;2;2;1;3;6;63;177, DIX-HUIT JUIN 1940;;;;920
201500039105;15;2;16;910;1;2;6;1;3;63;CORIOLIS (RUE DU MARQUIS;;;;920
201500039106;15;2;19;1550;1;2;3;1;3;63;****, BONAPARTE (AVENUE;;;;920
201500039107;15;2;21;1730;1;2;1;1;3;63;N?ant, CHATOU (PONT DE);;;;920
201500039108;15;2;21;2315;5;2;1;1;3;63;344, BONAPARTE (AVENUE N;;;;920
201500039109;15;3;3;1006;1;2;1;1;6;63;9, CHATAIGNERAIE (AVENUE;;;;920
201500039110;15;3;11;1925;2;2;1;1;7;63;30, VAUSSOURDS (RUE DES);;;;920
201500039111;15;3;16;2205;5;2;1;1;6;63;1/3, BUZENVAL (AVENUE DE;;;;920
201500039112;15;3;21;1930;5;2;1;1;6;63;****, FOUILLEUSE (AVENUE;;;;920
201500039113;15;3;31;910;1;2;3;2;3;63;NATIONAL (BOULEVARD);;;;920
201500039114;15;3;31;810;1;2;4;1;3;63;17, COLMAR (AVENUE DE);;;;920
201500039115;15;3;31;1645;1;2;1;1;6;63;89, DOUMER (AVENUE PAUL);;;;920
201500039116;15;4;9;840;1;2;1;1;3;63;41, DUNANT (RUE HENRI);;;;920
201500039117;15;4;14;846;1;2;1;1;6;63;13, SUE (RUE EUGENE);;;;920
201500039118;15;4;16;1720;1;2;1;1;3;63;64, DIX-HUIT JUIN 1940 (;;;;920
201500039119;15;4;19;150;5;2;6;1;3;63;****, LECLERC DE HAUTECL;;;;920
201500039120;15;4;18;1900;1;2;1;1;2;63;107, DOUMER (AVENUE PAUL;;;;920
201500039121;15;4;22;1200;1;2;3;1;3;63;78, HABY SOMMER (RUE);;;;920
201500039122;15;4;30;1855;1;2;1;2;3;63;21, RICHELIEU (BOULEVARD;;;;920
201500039123;15;5;15;650;1;2;3;1;3;63;COLMAR (AVENUE DE);;;;920
201500039124;15;5;20;1950;1;2;2;1;3;63;DIX-HUIT JUIN 1940 (AVEN;;;;920
201500039125;15;5;27;1840;1;2;1;1;6;63;51, HOUTRAITS (RUE DES);;;;920
201500039126;15;5;29;1630;1;2;6;1;7;63;****, RENAULT (PLACE);;;;920
201500039127;15;6;5;1615;1;2;6;1;6;63;81, CARREY DE BELLEMARE;;;;920
201500039128;15;6;5;2105;1;2;1;2;7;63;****, ESTIENNE D'ORVES (;;;;920
201500039129;15;6;6;1745;1;2;1;1;2;63;Nйant, POMPIDOU (AVENUE;;;;920
201500039130;15;6;8;835;1;2;3;1;3;63;100, MIRIBEL (RUE DU GEN;;;;920
201500039131;15;6;9;2111;2;2;1;1;2;63;29, GALLIENI (RUE);;;;920
201500039132;15;6;12;1245;1;2;3;1;4;63;****, DIX-HUIT JUIN 1940;;;;920
201500039133;15;6;12;1340;1;2;1;1;3;63;2, REUNION (RUE DE LA);;;;920
201500039134;15;6;12;1955;1;2;1;1;4;63;153, DIX-HUIT JUIN 1940;;;;920
201500039135;15;6;19;2220;5;2;1;1;3;63;215, BONAPARTE (AVENUE N;;;;920
201500039136;15;6;22;2130;2;2;1;2;7;63;23, DUNANT (RUE HENRI);;;;920
201500039137;15;6;23;1340;1;2;1;1;1;63;37, MONTBRISON (RUE DU L;;;;920
201500039138;15;6;29;820;1;2;2;1;3;63;25, ACACIAS (AVENUE DES);;;;920
201500039139;15;6;29;1910;1;2;1;1;2;63;COLMAR (AVENUE DE);;;;920
201500039140;15;6;30;2130;1;2;1;1;6;63;Nйant, SOLFERINO (BOULEV;;;;920
201500039141;15;7;1;1250;1;2;1;1;1;63;****, TUCK STELL (AVENUE;;;;920
201500039142;15;7;10;2050;1;2;3;1;3;63;****, HOUTRAITS (RUE DES;;;;920
201500039143;15;7;17;1620;1;2;3;1;3;63;****, HOPITAL STELL (BOU;;;;920
201500039144;15;7;26;1410;1;1;3;2;7;63;312, BONAPARTE (AVENUE N;;;;920
201500039145;15;7;28;1430;1;2;1;1;3;63;70, POMPIDOU (AVENUE DU;;;;920
201500039146;15;7;28;2155;5;2;2;1;6;63;****, BONAPARTE (AVENUE;;;;920
201500039147;15;7;30;1000;1;2;1;1;3;63;66, MONT VALERIEN (AVENU;;;;920
201500039148;15;8;10;718;1;2;1;1;6;63;21, GALLIENI (RUE);;;;920
201500039149;15;8;18;1640;1;2;1;1;2;63;192, DOUMER (AVENUE PAUL;;;;920
201500039150;15;8;25;1850;1;2;1;2;7;63;****, TUCK STELL (AVENUE;;;;920
201500039151;15;9;5;2045;2;2;3;2;3;63;GODARDES (RUE DES);;;;920
201500039152;15;9;6;1415;1;1;3;1;3;63;****, COLMAR (AVENUE DE);;;;920
201500039153;15;9;8;1645;1;2;1;1;6;63;86, VOLTAIRE (RUE);;;;920
201500039154;15;9;9;1745;1;2;1;1;6;63;38, GALLIENI (RUE);;;;920
201500039155;15;9;9;2330;5;2;1;1;6;63;85, DIX-HUIT JUIN 1940 (;;;;920
201500039156;15;9;21;1020;1;2;1;1;6;63;91, NATIONAL (BOULEVARD);;;;920
201500039157;15;9;22;605;5;2;2;2;3;63;COLMAR (AVENUE DE);;;;920
201500039158;15;9;22;2050;5;2;3;1;3;63;****, DIX-HUIT ARPENTS (;;;;920
201500039159;15;9;23;810;1;2;1;1;3;63;91, DIX-HUIT JUIN 1940 (;;;;920
201500039160;15;9;25;1355;1;2;3;1;2;63;****, HOPITAL STELL (BOU;;;;920
201500039161;15;9;25;1700;1;2;1;1;6;63;03, RICHELIEU (PLACE);;;;920
201500039162;15;9;29;1730;1;2;1;1;6;63;04, RACINE (RUE);;;;920
201500039163;15;10;2;1530;1;2;1;1;6;63;28, MYGATT (AVENUE OTIS);;;;920
201500039164;15;10;5;1930;5;2;3;3;6;63;****, DIX-HUIT JUIN 1940;;;;920
201500039165;15;10;14;1700;1;2;3;1;3;63;****, FOUILLEUSE (AVENUE;;;;920
201500039166;15;10;16;1220;1;2;3;2;7;63;****, FOUILLEUSE (AVENUE;;;;920
201500039167;15;11;4;820;2;2;1;2;1;63;****, RICHELIEU (PLACE);;;;920
201500039168;15;11;5;1630;2;2;2;1;6;63;196, MONTBRISON (RUE DU;;;;920
201500039169;15;11;5;1810;5;2;1;1;6;63;44, SOLFERINO (BOULEVARD;;;;920
201500039170;15;11;6;905;1;2;1;1;3;63;43, ALBERT 1ER (AVENUE);;;;920
201500039171;15;11;12;900;1;2;1;1;6;63;48, DOUMER (AVENUE PAUL);;;;920
201500039172;15;11;16;1355;1;2;3;1;7;63;****, FLOQUET (RUE CHARL;;;;920
201500039173;15;11;19;1800;5;2;2;1;6;63;****, COLMAR (AVENUE DE);;;;920
201500039174;15;11;22;1355;1;2;1;1;4;63;382, BONAPARTE (AVENUE N;;;;920
201500039175;15;11;22;1505;1;2;6;1;3;63;02, RENAULT (PLACE);;;;920
201500039176;15;11;24;1910;5;2;2;3;3;63;****, COLMAR (AVENUE DE);;;;920
201500039177;15;11;24;2135;5;2;1;2;6;63;144, DOUMER (AVENUE PAUL;;;;920
201500039178;15;11;28;710;5;2;1;1;5;63;230, DOUMER (AVENUE PAUL;;;;920
201500039179;15;12;1;1955;5;2;3;1;3;63;****, DOUMER (AVENUE PAU;;;;920
201500039180;15;12;7;1220;1;2;3;1;3;63;28, POMPIDOU (AVENUE DU;;;;920
201500039181;15;12;8;1120;1;2;2;1;3;63;****, COLMAR (AVENUE DE);;;;920
201500039182;15;12;8;1945;5;2;1;2;3;63;42 bis, DIX-HUIT JUIN 19;;;;920
201500039183;15;12;9;820;5;2;1;1;6;63;27, BONS RAISINS (RUE DE;;;;920
201500039184;15;12;12;1345;1;2;1;1;4;63;10, DIX-HUIT JUIN 1940 (;;;;920
201500039185;15;12;15;1705;2;2;1;2;6;63;58, DIX-NEUF JANVIER (RU;;;;920
201500039186;15;12;17;1000;1;2;2;1;6;63;****, DAGUERRE (RUE JACQ;;;;920
201500039187;15;1;5;805;2;2;3;8;6;33;PORTE JAUNE;;;;920
201500039188;15;1;5;950;1;2;1;1;6;64;09, REPUBLIQUE;;;;920
201500039189;15;1;8;920;1;2;1;1;5;64;1756, MARCEL DASSAULT;;;;920
201500039190;15;1;12;1450;1;2;1;1;2;47;JARDY;;;;920
201500039191;15;1;12;1955;5;2;1;1;6;64;25 BIS, MONT VALERIEN;;;;920
201500039192;15;1;19;1715;1;2;1;1;6;33;06, REPUBLIQUE;;;;920
201500039193;15;1;23;955;1;2;1;1;6;33;6, ATHIME RUE;;;;920
201500039194;15;1;26;930;1;2;1;2;3;64;67, MARCEL DASSAULT;;;;920
201500039195;15;1;28;1925;5;2;1;1;6;64;1, pont de saint-cloud;;;;920
201500039196;15;1;30;2015;5;2;1;2;7;33;GRANDE RUE;;;;920
201500039197;15;2;1;1250;1;2;1;1;6;33;64-66, COLONEL DE ROCHEB;;;;920
201500039198;15;2;4;1500;1;2;1;1;6;33;11, CIVIALE;;;;920
201500039199;15;2;14;1300;1;2;1;1;6;33;151 R DE BUZENVAL;;;;920
201500039200;15;2;15;730;2;2;1;1;6;64;103 AV DU MARECHAL FOCH;;;;920
201500039201;15;2;17;1450;1;2;1;1;3;64;DAILLY;;;;920
201500039202;15;2;17;2115;5;2;2;1;3;76;PUITS;;;;920
201500039203;15;2;19;945;1;2;9;1;3;64;DAILLY;;;;920
201500039204;15;3;2;920;1;2;3;1;3;64;06 BIS, GOUNOD;;;;920
201500039205;15;3;3;750;1;2;9;1;3;64;1, MAGENTA PLACE;;;;920
201500039206;15;3;4;735;1;2;3;1;3;64;MARCEL DASSAULT;;;;920
201500039207;15;3;10;1645;1;2;1;2;3;64;16, PASTEUR;;;;920
201500039208;15;3;11;940;1;2;1;1;3;64;106, REPUBLIQUE;;;;920
201500039209;15;3;13;900;1;2;3;1;3;33;LYAUTEY;;;;920
201500039210;15;3;16;2100;5;2;1;1;6;33;66, RAYMOND POINCARE;;;;920
201500039211;15;3;20;1855;1;2;1;1;2;64;35, DAILLY;;;;920
201500039212;15;3;26;812;1;2;1;1;3;64;26, DAILLY;;;;920
201500039213;15;3;26;920;1;2;1;1;3;64;, ROUTE DE PARIS A VERSA;;;;920
201500039214;15;4;1;1200;1;2;1;1;3;64;FRANCIS CHAVETON;;;;920
201500039215;15;4;3;1900;1;2;1;3;2;64;LOUIS LOUCHEUR;;;;920
201500039216;15;4;11;1320;1;2;9;1;3;33;177, BUZENVAL;;;;920
201500039217;15;4;12;1515;1;2;2;1;3;76;JARDY;;;;920
201500039218;15;4;13;635;2;2;9;1;2;76;CAZES;;;;920
201500039219;15;4;13;1940;1;2;3;1;6;64;HENRI REGNAULT;;;;920
201500039220;15;4;15;1230;1;2;3;1;7;64;MARECHAL FOCH;;;;920
201500039221;15;4;20;1700;1;2;3;1;6;64;75, REPUBLIQUE;;;;920
201500039222;15;5;4;1910;1;2;1;2;7;64;14, SILLY;;;;920
201500039223;15;5;5;1240;1;2;2;1;3;64;148, REPUBLIQUE;;;;920
201500039224;15;5;7;1010;1;2;1;1;6;64;96, MARECHAL FOCH;;;;920
201500039225;15;5;8;1540;1;2;1;1;3;64;GENERAL LECLERC;;;;920
201500039226;15;5;10;1500;1;2;1;1;6;64;89, MARECHAL FOCH;;;;920
201500039227;15;5;11;1550;1;2;9;1;3;33;13bis, PORTE JAUNE;;;;920
201500039228;15;5;11;1945;1;2;9;1;7;64;PARC SAINT CLOUD;;;;920
201500039229;15;5;16;1310;1;2;1;8;6;64;56, GOUNOD;;;;920
201500039230;15;5;20;1210;1;2;2;2;3;33;DIX NEUF JANVIER;;;;920
201500039231;15;5;26;930;1;2;1;1;2;33;78, RAYMOND POINCARE;;;;920
201500039232;15;5;30;155;3;2;1;2;7;64;MARECHAL JUIN;;;;920
201500039233;15;5;31;1845;1;2;1;2;6;64;64, REPUBLIQUE;;;;920
201500039234;15;6;5;1615;1;1;1;1;1;64;PARC SAINT CLOUD;;;;920