num_acc;an;mois;jour;hrmn;lum;agg;int;atm;col;com;adr;gps;lat;long;dep
201500039235;15;6;11;915;1;2;1;1;3;64;03, D'ORLEANS;;;;920
201500039236;15;6;11;1340;1;2;1;1;6;64;11, DAILLY;;;;920
201500039237;15;6;15;2258;5;2;1;1;1;64;, MARECHAL JUIN;;;;920
201500039238;15;6;17;1630;1;2;1;1;5;76;6, GARCHES;;;;920
201500039239;15;6;19;550;2;2;1;1;6;64;LOUIS LOUCHEUR;;;;920
201500039240;15;6;23;2100;1;2;1;1;3;33;104, RAYMOND POINCARE;;;;920
201500039241;15;6;23;1600;1;2;1;1;6;64;140, REPUBLIQUE;;;;920
201500039242;15;6;25;1130;1;2;1;1;6;64;10, ALEXANDRE COUTUREAU;;;;920
201500039243;15;6;27;1240;1;2;1;1;6;64;17, DAILLY;;;;920
201500039244;15;7;2;100;5;2;1;1;6;64;26, FRANCIS CHAVETON;;;;920
201500039245;15;7;2;2150;5;1;1;1;2;64;, ROUTE DE PARIS A VERSA;;;;920
201500039246;15;7;6;1000;1;2;1;1;7;33;4TER, GENERAL DE GAULLE;;;;920
201500039247;15;7;8;1730;1;2;1;1;3;64;70, SENARD;;;;920
201500039248;15;7;9;1020;1;1;1;1;3;47;JARDY;;;;920
201500039249;15;7;29;1120;1;2;1;1;6;64;140, REPUBLIQUE;;;;920
201500039250;15;8;1;1905;1;2;1;1;3;33;117, BUZENVAL;;;;920
201500039251;15;8;5;1806;1;2;1;1;4;64;31, CARNOT;;;;920
201500039252;15;8;10;1350;1;2;1;1;3;33;153, BUZENVAL;;;;920
201500039253;15;8;13;2300;5;2;1;2;7;33;23, PORTE JAUNE;;;;920
201500039254;15;8;15;715;1;2;1;1;6;64;84, SENARD;;;;920
201500039255;15;8;21;1210;1;2;9;1;3;64;30, PASTEUR;;;;920
201500039256;15;8;22;1740;1;2;1;1;7;64;28, ANDRE CHEVRILLON;;;;920
201500039257;15;8;31;1530;1;2;1;1;6;64;31, CALVAIRE;;;;920
201500039258;15;8;31;2100;5;2;1;1;7;33;80, RAYMOND POINCARE;;;;920
201500039259;15;9;1;1830;1;1;1;1;3;47;35, JARDY;;;;920
201500039260;15;9;3;1410;1;2;1;1;2;64;7210, MARECHAL JUIN;;;;920
201500039261;15;9;8;1640;1;2;1;1;3;64;66, MARCEL DASSAULT;;;;920
201500039262;15;9;10;1030;1;2;1;1;6;64;54, REPUBLIQUE;;;;920
201500039263;15;9;12;1410;1;2;1;2;2;64;41, PASTEUR;;;;920
201500039264;15;9;12;1500;1;2;1;8;6;64;2, VILLES JUMELLEES;;;;920
201500039265;15;9;30;955;1;2;1;1;6;64;61, MARCEL DASSAULT;;;;920
201500039266;15;9;30;2035;5;2;1;1;2;64;69, MARCEL DASSAULT;;;;920
201500039267;15;10;2;1545;1;2;2;1;2;76;59, PUITS;;;;920
201500039268;15;10;2;1630;1;2;1;1;6;64;84, REPUBLIQUE;;;;920
201500039269;15;10;2;1815;1;2;1;1;6;76;59, REPUBLIQUE;;;;920
201500039270;15;10;5;2015;5;2;1;2;2;64;2355, MARCEL DASSAULT;;;;920
201500039271;15;10;6;1820;1;2;9;1;6;64;3, LOUIS LOUCHEUR;;;;920
201500039272;15;10;7;1600;1;2;1;1;6;64;33, CARNOT;;;;920
201500039273;15;10;9;1530;1;2;1;1;7;64;1, MARECHAL JUIN;;;;920
201500039274;15;10;11;1750;2;2;2;1;3;64;1bis, GENERAL LECLERC;;;;920
201500039275;15;10;16;855;1;2;3;2;3;64;1, MONTRETOUT;;;;920
201500039276;15;10;21;2015;5;2;1;2;7;33;168, GENERAL DE GAULLE;;;;920
201500039277;15;10;22;2200;5;2;1;2;3;76;JARDY;;;;920
201500039278;15;10;27;1830;2;2;1;1;6;64;101, BUZENVAL;;;;920
201500039279;15;10;28;1900;5;2;6;1;3;64;MAGENTA PLACE;;;;920
201500039280;15;10;29;1930;5;2;1;1;4;76;JARDY;;;;920
201500039281;15;10;30;915;1;2;1;1;6;64;38, DAILLY;;;;920
201500039282;15;11;4;1850;5;2;1;1;6;64;16, MONT VALERIEN;;;;920
201500039283;15;11;8;1705;5;2;1;1;5;64;1521, MARCEL DASSAULT;;;;920
201500039284;15;11;10;950;1;2;1;1;1;64;29, MONT VALERIEN;;;;920
201500039285;15;11;10;1430;1;2;1;1;6;64;1655, MARCEL DASSAULT;;;;920
201500039286;15;11;10;1800;5;2;1;1;2;76;1, NAPOLEON III;;;;920
201500039287;15;11;15;1015;1;2;1;1;6;64;15, GATE - CEPS;;;;920
201500039288;15;11;16;1340;1;1;1;1;3;64;GENERAL LECLERC;;;;920
201500039289;15;11;18;830;1;2;1;1;3;33;, DIX NEUF JANVIER;;;;920
201500039290;15;11;19;1505;1;2;1;1;3;33;78, COLONEL DE ROCHEBRUN;;;;920
201500039291;15;11;22;1140;1;2;1;1;6;33;02, SUISSES;;;;920
201500039292;15;11;23;735;5;2;1;1;6;64;06, DAILLY;;;;920
201500039293;15;11;23;1825;5;2;3;1;6;33;04, DOCTEUR DEBAT;;;;920
201500039294;15;11;26;745;1;2;1;1;6;33;129, BUZENVAL;;;;920
201500039295;15;11;28;905;1;2;3;1;5;76;PUITS;;;;920
201500039296;15;12;4;755;1;2;3;1;3;47;JARDY;;;;920
201500039297;15;12;4;1505;1;2;1;1;6;33;20, GAUDONNES;;;;920
201500039298;15;12;8;1840;5;2;2;3;5;64;VAL D' OR;;;;920
201500039299;15;12;8;2030;5;2;2;2;3;64;REPUBLIQUE;;;;920
201500039300;15;12;14;825;1;2;3;1;2;64;0, CARNOT;;;;920
201500039301;15;12;14;1035;1;2;1;1;2;64;02, DAILLY;;;;920
201500039302;15;12;15;1635;1;2;1;1;7;64;83, GARCHES;;;;920
201500039303;15;12;16;1325;1;2;1;1;3;76;55, PUITS;;;;920
201500039304;15;12;20;1510;1;2;1;1;3;64;178, PORTE JAUNE;;;;920
201500039305;15;12;20;2250;5;2;1;2;7;76;03, BOIS DES DAMES;;;;920
201500039306;15;12;23;640;2;2;1;2;7;76;REPUBLIQUE;;;;920
201500039307;15;12;25;1750;5;2;1;1;5;64;78, MARCEL DASSAULT;;;;920
201500039308;15;12;27;545;5;2;1;1;6;76;JARDY;;;;920
201500039309;15;12;30;1620;1;2;1;1;2;22;144, SALENGRO (AVENUE RO;;;;920
201500039310;15;12;31;2;5;2;1;2;2;72;56, MONESSE (RUE DE LA);;;;920
201500039311;15;1;3;1330;1;2;1;2;6;72;., SEVRES (PONT DE);;;;920
201500039312;15;1;10;1655;1;2;1;2;3;22;826, SALENGRO (AVENUE RO;;;;920
201500039313;15;1;15;720;2;2;2;1;6;22;., RESISTANCE (AVENUE DE;;;;920
201500039314;15;1;19;900;1;2;1;1;7;72;80, VILLE D'AVRAY (RUE D;;;;920
201500039315;15;1;22;1245;1;2;1;1;6;72;82, GRANDE RUE;;;;920
201500039316;15;1;26;1900;5;2;1;2;6;77;22, VERSAILLES (RUE DE);;;;920
201500039317;15;2;2;1805;5;2;1;1;2;77;179, VERSAILLES (RUE DE);;;;920
201500039318;15;2;4;1130;1;2;1;1;3;72;34, TROYON (RUE);;;;920
201500039319;15;2;9;850;1;2;2;1;6;22;., PERE-KOMITAS (RUE);;;;920
201500039320;15;2;14;1835;2;2;1;2;6;72;SEVRES (PONT DE);;;;920
201500039321;15;3;2;800;2;2;1;1;7;77;DESVALLIERES (CHEMIN);;;;920
201500039322;15;3;2;1350;1;2;1;1;2;72;28, PAVE DES GARDES (ROU;;;;920
201500039323;15;3;11;1230;1;2;1;1;6;72;., CHEVIRON (RUE DU PARC;;;;920
201500039324;15;3;14;10;5;2;1;1;6;77;ST CLOUD (RUE DE);;;;920
201500039325;15;3;22;415;5;2;1;8;7;22;., PAVE DES GARDES (ROUT;;;;920
201500039326;15;3;24;2045;5;2;2;2;6;77;., VERSAILLES (RUE DE);;;;920
201500039327;15;4;14;1740;1;2;2;1;3;22;., SALENGRO (AVENUE ROGE;;;;920
201500039328;15;4;16;1245;1;2;3;1;3;72;., EUROPE (AVENUE DE L');;;;920
201500039329;15;4;18;2155;1;2;1;1;6;72;01, GRANDE RUE;;;;920
201500039330;15;4;21;1610;2;2;1;1;6;72;., BRUYERES (CARREFOUR D;;;;920
201500039331;15;4;23;1150;1;2;1;1;6;22;04, PAVE DES GARDES (ROU;;;;920
201500039332;15;5;4;1810;1;2;1;2;6;72;01, GRANDE RUE;;;;920
201500039333;15;5;10;1030;1;2;3;1;3;22;., PAVE DES GARDES (ROUT;;;;920
201500039334;15;5;5;1230;1;2;1;1;2;72;47, GRANDE RUE;;;;920
201500039335;15;5;7;833;1;2;1;1;6;72;17, FREVILLE LE VINGT (R;;;;920
201500039336;15;5;13;835;1;2;1;1;7;72;WOLFENBUTTEL (RUE DE);;;;920
201500039337;15;5;13;1320;1;2;1;1;6;77;123-125, VERSAILLES (RUE;;;;920
201500039338;15;5;12;1600;1;2;1;1;6;77;., ST CLOUD (RUE DE);;;;920
201500039339;15;5;15;1300;1;2;1;1;6;72;05 TER, LEDERMANN (RUE D;;;;920
201500039340;15;5;28;915;1;2;1;1;6;72;01, GRANDE RUE;;;;920
201500039341;15;6;7;1220;1;2;1;1;6;77;61, SEVRES (RUE DE);;;;920
201500039342;15;6;20;2230;5;2;1;1;7;72;., SAINT CLOUD (RUE DE);;;;920
201500039343;15;6;25;1620;1;2;1;1;6;72;131, GRANDE RUE;;;;920
201500039344;15;7;14;645;5;2;1;1;7;72;., MANUFACTURE NATIONALE;;;;920
201500039345;15;7;28;2100;1;2;1;2;7;72;19, GARENNE (RUE DE LA);;;;920
201500039346;15;8;26;900;1;2;1;1;3;22;484, SALENGRO (AVENUE RO;;;;920
201500039347;15;8;28;1850;1;2;1;1;6;72;82, GRANDE RUE;;;;920
201500039348;15;8;31;2040;5;2;1;1;6;22;., AUDONNET (PLACE GASTO;;;;920
201500039349;15;9;4;1640;1;2;1;1;6;72;20, LEDERMANN (RUE DU DO;;;;920
201500039350;15;9;21;1110;1;2;1;1;6;72;39, GRANDE RUE;;;;920
201500039351;15;9;21;2115;5;2;1;2;1;72;168, GRANDE RUE;;;;920
201500039352;15;9;24;1910;5;2;1;1;3;77;., LAROCHE (PLACE CHARLE;;;;920
201500039353;15;10;1;1640;1;2;1;1;6;22;06 Bis, FRANCE (RUE ANAT;;;;920
201500039354;15;10;7;615;5;2;1;2;6;72;., SEVRES (PONT DE);;;;920
201500039355;15;10;21;1600;1;2;3;1;3;72;., LECLERC (AVENUE DE LA;;;;920
201500039356;15;11;1;1800;5;2;2;1;6;77;LAROCHE (PLACE CHARLES);;;;920
201500039357;15;11;4;1130;1;2;1;2;6;72;., SEVRES (PONT DE);;;;920
201500039358;15;11;9;2020;5;2;2;1;3;77;09, HALPHEN (AVENUE);;;;920
201500039359;15;11;13;1700;1;2;1;1;6;72;52, PAVE DES GARDES (ROU;;;;920
201500039360;15;11;24;1702;5;2;1;2;6;77;02, MARNES (RUE DE);;;;920
201500039361;15;11;24;1910;5;2;1;2;3;22;31, COTEAU (RUE DU);;;;920
201500039362;15;12;8;1730;5;2;1;2;6;72;176, GRANDE RUE;;;;920
201500039363;15;12;12;2050;5;2;2;1;3;72;., GRANDE RUE;;;;920
201500039364;15;12;17;10;5;2;2;1;3;72;., GRANDE RUE;;;;920
201500039365;15;12;23;740;5;2;1;2;3;72;., SAINT CLOUD (RUE DE);;;;920
201500039366;15;1;18;2000;5;2;6;1;3;73;24, CROIX-DU-ROY (CARREF;;;;920
201500039367;15;1;19;1220;1;2;4;1;6;73;14, TUILERIE (RUE DE LA);;;;920
201500039368;15;1;24;1800;5;2;1;1;3;73;183, JAURES (AVENUE JEAN;;;;920
201500039369;15;1;26;1820;5;2;2;2;7;73;70, JAURES (AVENUE JEAN);;;;920
201500039370;15;1;27;815;2;2;1;1;3;73;93, FUSILLES DE LA RESIS;;;;920
201500039371;15;1;27;850;1;2;3;1;7;73;01, NIEUPORT (RUE EDOUAR;;;;920
201500039372;15;1;27;1500;1;2;6;1;3;73;1, HENRI IV (PLACE);;;;920
201500039373;15;2;6;1635;1;2;1;1;7;73;8, FIZEAU (RUE);;;;920
201500039374;15;2;9;950;1;2;3;1;6;73;, SELLIER (BOULEVARD HEN;;;;920
201500039375;15;2;13;1830;5;2;1;2;7;73;15, BAC (RUE DU);;;;920
201500039376;15;2;20;545;5;2;3;2;3;73;174, SELLIER (BOULEVARD;;;;920
201500039377;15;3;3;1705;1;2;3;2;3;73;45, JAURES (AVENUE JEAN);;;;920
201500039378;15;3;12;1845;2;2;1;1;6;73;20, JAURES (AVENUE JEAN);;;;920
201500039379;15;3;12;1930;5;2;2;1;3;73;12, MONGE (RUE MARCEL);;;;920
201500039380;15;3;18;1850;1;2;3;1;3;73;20, SELLIER (BOULEVARD H;;;;920
201500039381;15;3;27;1924;2;2;3;1;3;73;119, WASHINGTON (BOULEVA;;;;920
201500039382;15;3;29;1555;1;2;1;2;7;73;131, SELLIER (BOULEVARD;;;;920
201500039383;15;4;8;1540;1;2;1;1;6;73;7, COURTIEUX (ESPLANADE;;;;920
201500039384;15;4;8;1910;1;2;3;1;6;73;96, FOUILLEUSE (AVENUE D;;;;920
201500039385;15;4;10;1540;1;2;1;1;7;73;41, JAURES (AVENUE JEAN);;;;920
201500039386;15;4;17;1524;1;2;3;1;3;73;31, GALLIENI (QUAI);;;;920
201500039387;15;4;18;850;1;2;3;1;2;73;24, GALLIENI (QUAI);;;;920
201500039388;15;4;20;1940;1;2;1;1;3;73;2, SAINT CLOUD (RUE DE);;;;920
201500039389;15;4;23;1604;1;2;1;1;6;73;2 bis, ESTIENNE D'ORVES;;;;920
201500039390;15;4;24;955;1;2;1;1;6;73;5/7, CHEVREUL (RUE);;;;920
201500039391;15;5;7;1410;1;2;3;1;3;73;27, DE GAULLE (AVENUE GE;;;;920
201500039392;15;5;11;1435;1;2;1;1;3;73;1, PONT DE SURESNES;;;;920
201500039393;15;5;18;1445;1;2;3;1;1;73;61, BAS ROGERS (RUE DES);;;;920
201500039394;15;5;19;1435;1;2;1;1;3;73;1, BERNARD (AVENUE DU PR;;;;920
201500039395;15;6;1;1930;1;2;3;1;3;73;14, BLUM (QUAI LEON);;;;920
201500039396;15;6;4;2010;1;2;3;1;3;73;47, DE LATTRE DE TASSIGN;;;;920
201500039397;15;6;4;2010;1;2;3;1;6;73;39, BAS ROGERS (RUE DES);;;;920
201500039398;15;6;5;1550;1;2;3;1;6;73;12, CARNOT (RUE);;;;920
201500039399;15;6;7;205;5;2;1;1;6;73;161, SELLIER (BOULEVARD;;;;920
201500039400;15;6;8;1800;1;2;1;1;4;73;21, GALLIENI (QUAI);;;;920
201500039401;15;6;9;825;1;2;3;1;1;73;82, DE LATTRE DE TASSIGN;;;;920
201500039402;15;6;10;1200;1;2;1;1;2;73;152, SELLIER (BOULEVARD;;;;920
201500039403;15;6;11;1920;1;2;3;1;3;73;16, DESBASSAYNS DE RICHE;;;;920
201500039404;15;6;17;1800;1;2;3;1;3;73;21, RIVIERE (RUE DU COMM;;;;920
201500039405;15;6;23;902;1;2;3;1;3;73;15, GALLIENI (QUAI);;;;920
201500039406;15;6;23;1740;1;2;1;1;5;73;166, SELLIER (BOULEVARD;;;;920
201500039407;15;6;29;1700;1;2;1;1;3;73;194, WASHINGTON (BOULEVA;;;;920
201500039408;15;6;30;1930;1;2;6;1;2;73;24, CROIX-DU-ROY (CARREF;;;;920
201500039409;15;7;2;1945;1;2;3;1;3;73;1, GALLIENI (QUAI);;;;920
201500039410;15;7;3;2042;1;2;1;1;3;73;7, DASSAULT (QUAI MARCEL;;;;920
201500039411;15;7;5;2130;2;2;3;1;7;73;, DE GAULLE (AVENUE GENE;;;;920
201500039412;15;7;6;1027;1;2;1;1;4;73;140, SELLIER (BOULEVARD;;;;920
201500039413;15;7;7;835;1;2;1;1;3;73;46, CARNOT (RUE);;;;920
201500039414;15;7;15;1635;1;2;1;1;6;73;120, SELLIER (BOULEVARD;;;;920
201500039415;15;8;13;1930;1;2;3;2;6;73;, BERNARD (AVENUE DU PRO;;;;920
201500039416;15;8;16;2030;1;2;1;1;7;73;2, POTERIE (RUE DE LA);;;;920
201500039417;15;8;24;1545;1;2;1;1;3;73;90, BAS ROGERS (RUE DES);;;;920
201500039418;15;9;5;120;5;2;3;1;4;73;1, DASSAULT (QUAI MARCEL;;;;920
201500039419;15;9;5;1645;1;2;3;1;6;73;1, BERNARD (AVENUE DU PR;;;;920
201500039420;15;9;16;1805;1;2;3;2;6;73;5, PAYRET DORTAIL (RUE M;;;;920
201500039421;15;9;19;1545;1;2;3;1;3;73;55, SELLIER (BOULEVARD H;;;;920
201500039422;15;10;2;1840;1;2;3;1;6;73;4, POMPIDOU (AVENUE GEOR;;;;920
201500039423;15;10;6;1340;1;2;1;2;2;73;148, LATTRE DE TASSIGNY;;;;920
201500039424;15;10;8;1000;1;2;1;1;6;73;57, SELLIER (BOULEVARD H;;;;920
201500039425;15;10;16;910;1;2;1;3;7;73;29, SELLIER (BOULEVARD H;;;;920
201500039426;15;10;18;1937;2;2;1;1;2;73;1, GALLIENI (QUAI);;;;920
201500039427;15;10;20;1625;1;2;1;1;3;73;159, SELLIER (BOULEVARD;;;;920
201500039428;15;10;21;845;1;2;3;1;6;73;02, TOURNEROCHES (RUE DE;;;;920
201500039429;15;10;22;1145;1;2;3;2;2;73;57, ROOSVELT (AVENUE FRA;;;;920
201500039430;15;10;26;1710;2;2;3;1;6;73;2, JUIN (RUE DU MARECHAL;;;;920
201500039431;15;10;29;1215;1;2;3;1;3;73;27, DE GAULLE (AVENUE GE;;;;920
201500039432;15;10;30;1855;3;2;3;1;6;73;1, LONGCHAMP (ALLEE DE);;;;920
201500039433;15;11;11;1055;1;2;3;1;6;73;10, BRIAND (BOULEVARD AR;;;;920
201500039434;15;11;21;1055;1;2;2;1;3;73;SELLIER (BOULEVARD HENRI;;;;920
201500039435;15;11;25;1510;1;2;3;3;5;73;7, DASSAULT (QUAI MARCEL;;;;920
201500039436;15;11;27;1940;5;2;2;2;3;73;26, NOUVELLES (RUE DES);;;;920
201500039437;15;12;1;1210;1;2;1;1;5;73;1, BLUM (QUAI LEON);;;;920
201500039438;15;12;3;1730;2;2;2;1;3;73;1, CROIX-DU-ROY (CARREFO;;;;920
201500039439;15;12;9;1320;1;2;1;1;3;73;116, SELLIER (BOULEVARD;;;;920
201500039440;15;12;10;1015;1;2;2;8;7;73;66, JAURES (AVENUE JEAN);;;;920
201500039441;15;12;10;1900;5;2;1;1;3;73;5, DASSAULT (QUAI MARCEL;;;;920
201500039442;15;12;15;1400;1;2;2;2;3;73;2, SELLIER (BOULEVARD HE;;;;920
201500039443;15;12;28;1300;1;2;3;1;3;73;167, JAURES (AVENUE JEAN;;;;920
201500039444;15;1;8;1900;5;2;1;2;7;75;13 bis, LARMEROUX (RUE);;;;920
201500039445;15;1;17;1150;1;2;7;1;3;46;., CLOS MONTHOLON (PLACE;;;;920
201500039446;15;1;26;1535;1;2;2;1;7;75;., MARCEL MARTINIE (AVEN;;;;920
201500039447;15;1;29;1755;5;2;3;2;6;46;., RAYMOND DAVID;;;;920
201500039448;15;2;3;815;1;2;1;1;2;75;., ALBERT LEGRIS (CARREF;;;;920
201500039449;15;1;27;730;2;2;2;1;7;46;134, PIERRE BROSSOLETTE;;;;920
201500039450;15;2;8;1130;1;2;1;1;6;46;52, GABRIEL PERI;;;;920
201500039451;15;2;11;1825;5;1;3;1;3;46;., Charles de gaulle;;;;920
201500039452;15;2;13;2000;5;2;1;2;3;46;FACE 126, CAMELINAT;;;;920
201500039453;15;2;25;1150;1;2;1;1;3;75;51-53, JEAN BLEUZEN;;;;920
201500039454;15;2;28;1350;1;2;4;1;2;75;., JULLIEN (RUE);;;;920
201500039455;15;3;4;845;1;2;1;1;3;46;210, PIERRE BROSSOLETTE;;;;920
201500039456;15;3;4;1335;1;2;1;1;7;46;10, Jules Ferry;;;;920
201500039457;15;3;6;2200;5;2;1;1;6;75;1, JACQUES JEZEQUEL (AVE;;;;920
201500039458;15;3;11;1730;1;2;3;1;6;75;33, RAYMOND MARCHERON (R;;;;920
201500039459;15;3;16;2150;5;2;1;1;3;75;44, RAYMOND MARCHERON (R;;;;920
201500039460;15;3;30;1400;1;2;1;1;7;46;4, HENRI BARBUSSE (BOULE;;;;920
201500039461;15;3;31;1700;1;2;1;1;6;75;1, place du g?n?ral LECL;;;;920
201500039462;15;4;1;1500;1;2;1;1;7;75;24, JEAN BLEUZEN;;;;920
201500039463;15;4;1;1655;1;2;6;1;3;75;., CARREFOUR DE L'INSURR;;;;920
201500039464;15;3;31;1900;1;2;3;1;3;46;., GABRIEL PERI;;;;920
201500039465;15;4;3;1530;1;2;5;3;6;75;., REPUBLIQUE (RUE DE LA;;;;920
201500039466;15;4;2;2310;5;2;1;2;6;46;2/4, PIERRE BROSSOLETTE;;;;920
201500039467;15;4;13;830;1;2;1;1;2;75;., ERNEST LAVAL (RUE);;;;920
201500039468;15;4;15;1830;1;2;1;1;2;75;47, LYCEE (BOULEVARD DU);;;;920
201500039469;15;4;23;1040;1;2;4;1;7;46;1, CAMELINAT;;;;920
201500039470;15;4;23;1830;2;2;3;1;2;46;1, RAYMOND DAVID;;;;920
201500039471;15;4;30;1255;1;2;1;3;6;75;108, VICTOR HUGO (AVENUE;;;;920
201500039472;15;5;5;720;2;2;6;2;7;75;., DE L'INSURRECTION CAR;;;;920
201500039473;15;5;21;818;1;2;1;1;7;46;35, DE STALINGRAD;;;;920
201500039474;15;5;26;850;1;2;7;1;3;75;1, CARREFOUR DE L'INSURR;;;;920
201500039475;15;6;1;1030;1;2;3;1;7;46;122, Paul vaillant coutu;;;;920
201500039476;15;6;1;840;1;2;3;1;7;75;12, PAIX (AVENUE DE LA);;;;920
201500039477;15;6;7;1655;1;2;2;1;7;46;1, CAMELINAT;;;;920
201500039478;15;6;8;645;1;2;4;1;2;75;20, VICTOR HUGO (AVENUE);;;;920
201500039479;15;6;9;1920;1;1;3;1;3;75;5, JULLIEN (RUE);;;;920
201500039480;15;6;14;2155;2;2;1;1;7;46;55, Charles de gaulle;;;;920
201500039481;15;6;16;1930;1;2;6;1;7;46;., DE STALINGRAD;;;;920
201500039482;15;6;23;1840;1;2;1;2;6;75;5, FRERES CHAPELLE (RUE;;;;920
201500039483;15;6;29;100;5;2;1;1;6;75;35, PAIX (AVENUE DE LA);;;;920
201500039484;15;6;30;1610;1;2;2;1;2;46;63, GABRIEL PERI;;;;920
201500039485;15;7;6;1840;1;2;3;1;7;46;75, PIERRE LAROUSSE (AVE;;;;920
201500039486;15;7;7;830;1;2;3;1;2;46;13, FRERES VIGOUROUX (RU;;;;920
201500039487;15;7;8;330;5;2;2;1;3;46;1, GABRIEL PERI;;;;920
201500039488;15;7;11;1950;1;2;3;1;7;46;1, VOLTAIRE (RUE);;;;920
201500039489;15;7;17;2030;1;2;3;1;7;75;., VICTOR HUGO (AVENUE);;;;920
201500039490;15;7;18;1215;1;2;2;1;7;46;RAYMOND FASSIN (RUE);;;;920
201500039491;15;8;10;1620;1;2;3;1;7;46;2, ETIENNE DOLET (RUE);;;;920
201500039492;15;8;26;1435;1;2;1;1;7;75;., ANTOINE FRATACCI (RUE;;;;920
201500039493;15;9;13;1420;1;2;1;1;3;46;177, PIERRE BROSSOLETTE;;;;920
201500039494;15;9;16;835;1;2;1;1;7;46;124, GABRIEL PERI;;;;920
201500039495;15;9;20;1925;1;2;3;1;3;46;1, DE STALINGRAD;;;;920
201500039496;15;9;21;1555;1;2;3;1;3;46;1, PIERRE BROSSOLETTE;;;;920
201500039497;15;9;22;2030;5;2;6;2;7;75;1, ERNEST LAVAL (RUE);;;;920
201500039498;15;9;25;1245;1;2;6;1;7;75;71, JEAN JAURES (AVENUE);;;;920
201500039499;15;9;29;1730;1;2;3;1;3;75;., JEAN BLEUZEN;;;;920
201500039500;15;10;2;1030;1;2;2;1;3;46;., NICOMEDES PASCUAL (RU;;;;920
201500039501;15;10;2;2120;5;2;1;1;7;75;40, LYCEE (BOULEVARD DU);;;;920
201500039502;15;10;9;2110;5;2;1;1;7;46;33, DE STALINGRAD;;;;920
201500039503;15;10;10;1130;1;2;3;1;3;46;1, GABRIEL PERI;;;;920
201500039504;15;10;14;1830;1;2;4;1;3;75;3, LYCEE (BOULEVARD DU);;;;920
201500039505;15;10;16;1300;1;2;1;1;7;46;32, DE STALINGRAD;;;;920
201500039506;15;10;16;1140;1;2;1;1;7;75;13, LARMEROUX (RUE);;;;920
201500039507;15;10;21;1850;2;2;3;1;3;75;13, LYCEE (BOULEVARD DU);;;;920
201500039508;15;10;25;2035;5;2;2;1;3;46;GABRIEL PERI;;;;920
201500039509;15;10;28;1405;1;1;1;1;7;75;20, MARCEL YOL (RUE);;;;920
201500039510;15;10;28;1945;5;2;3;1;3;46;1, Avenue Pierre Larouss;;;;920
201500039511;15;10;31;2115;5;2;1;1;3;75;12, LARMEROUX (RUE);;;;920
201500039512;15;11;2;1450;1;2;3;1;3;46;1, Charles de gaulle;;;;920
201500039513;15;11;5;940;1;2;3;1;7;46;2, ANDRE COIN (RUE);;;;920
201500039514;15;11;6;310;5;2;2;1;7;46;1, FRERES VIGOUROUX (RUE;;;;920
201500039515;15;11;18;805;1;2;1;1;2;75;18, DE GAULLE (AVENUE DU;;;;920
201500039516;15;11;24;1400;1;2;6;1;2;75;CARREFOUR DE L'INSURRECT;;;;920
201500039517;15;11;25;1830;5;2;4;2;7;46;153, GABRIEL PERI;;;;920
201500039518;15;11;26;1155;1;2;2;1;1;46;1, AVAULEE (RUE);;;;920
201500039519;15;12;1;1350;1;2;1;1;7;75;24, LARMEROUX (RUE);;;;920
201500039520;15;12;2;1550;1;2;1;1;6;75;92, SADI CARNOT (RUE);;;;920
201500039521;15;12;10;1905;5;2;1;1;2;46;., CAMELINAT;;;;920
201500039522;15;12;11;1745;5;2;1;1;2;75;14, VICTOR HUGO (AVENUE);;;;920
201500039523;15;12;18;1510;1;2;1;1;7;46;1, DE STALINGRAD;;;;920
201500039524;15;1;2;1640;1;2;1;1;2;78;0, LONGUE BERTRANE (RUE);;;;920
201500039525;15;1;4;1340;1;2;1;1;7;78;20, HAUT DE LA NOUE (RUE;;;;920
201500039526;15;1;9;940;1;2;1;8;3;78;36, MARC SANGNIER (AVENU;;;;920
201500039527;15;1;15;755;2;2;2;1;3;78;VERDUN (AVENUE) (IMPAIRS;;;;920
201500039528;15;1;22;2005;5;2;1;1;6;78;0, ASNIERES (QUAI);;;;920
201500039529;15;2;2;1130;2;2;2;1;3;78;1, VERDUN (AVENUE) (IMPA;;;;920
201500039530;15;3;28;2330;5;2;1;1;6;78;4, GALLIENI (BD) (1 A 79;;;;920
201500039531;15;4;14;1130;1;2;1;1;6;78;35, JEAN MOULIN (AVENUE);;;;920
201500039532;15;4;14;1645;1;2;1;1;6;78;28, VERDUN (AVENUE) (IMP;;;;920
201500039533;15;4;26;2025;2;2;1;9;3;78;0, VERDUN (AVENUE) (IMPA;;;;920
201500039534;15;5;6;1435;1;2;2;1;3;78;0, VERDUN (AVENUE) (N° P;;;;920
201500039535;15;5;14;1140;1;2;1;1;4;78;60, CHARLES DE GAULLE (B;;;;920
201500039536;15;5;13;1215;1;2;1;1;6;78;4, GALLIENI (BD) (1 A 79;;;;920
201500039537;15;6;1;1515;1;2;2;1;3;78;1, VIEUX CHEMIN DE ST DE;;;;920
201500039538;15;6;10;1735;1;2;1;1;6;78;10, HAUT DE LA NOUE (RUE;;;;920
201500039539;15;7;8;1315;1;2;1;2;4;78;1, MOULIN CAGE (QUAI);;;;920
201500039540;15;7;9;1135;1;2;1;1;7;78;VERDUN (AVENUE) (PAIRS 2;;;;920
201500039541;15;7;9;1535;1;2;1;1;7;78;287, CHARLES DE GAULLE (;;;;920
201500039542;15;7;13;1740;1;2;1;1;4;78;0, MOULIN CAGE (QUAI);;;;920
201500039543;15;7;18;230;5;2;1;1;3;78;2, GEORGES POMPIDOU (AVE;;;;920
201500039544;15;7;18;1840;1;2;3;1;3;78;VIEUX CHEMIN DE ST DENIS;;;;920
201500039545;15;7;23;1005;1;2;1;1;3;78;28, VERDUN (AVENUE) (PAI;;;;920
201500039546;15;8;15;1200;1;2;1;1;3;78;2, VIEUX CHEMIN DE ST DE;;;;920
201500039547;15;9;21;1840;1;2;1;1;3;78;42, VERDUN (AVENUE) (N°;;;;920
201500039548;15;10;2;1015;1;2;1;1;3;78;28, VERDUN (AVENUE) (PAI;;;;920
201500039549;15;10;19;1431;1;2;6;1;3;78;0, RENIERS (AVENUE CHEMI;;;;920
201500039550;15;10;31;1045;1;2;1;1;3;78;27, LONGUE BERTRANE (RUE;;;;920
201500039551;15;11;3;1525;1;2;1;1;6;78;4, GALLIENI (BD) (1 A 79;;;;920
201500039552;15;12;8;1345;1;2;3;2;1;78;0, VERDUN (AVENUE) (PAIR;;;;920