num_acc;an;mois;jour;hrmn;lum;agg;int;atm;col;com;adr;gps;lat;long;dep
201500039553;15;11;7;1940;3;2;1;1;2;78;5, MOULIN CAGE (QUAI);;;;920
201500039554;15;12;16;1220;1;2;1;1;7;78;38, VERDUN (AVENUE) (N°;;;;920
201500039555;15;12;21;2310;5;2;3;2;1;78;0, FOND DE LA NOUE (RUE);;;;920
201500039556;15;12;27;1705;5;2;1;1;7;78;1, GALLIENI (BD) (154 ET;;;;920
201500039557;15;12;29;1400;1;2;1;1;6;78;60, CHARLES DE GAULLE (B;;;;920
201500039558;15;1;21;2055;5;2;1;1;6;62;*****, DEFENSE (ROND POI;;;;920
201500039559;15;1;28;1830;5;2;1;2;6;26;01, HENRI REGNAULT (PLAC;;;;920
201500039560;15;2;19;1240;1;2;2;1;7;26;BOULEVARD CIRCULAIRE;;;;920
201500039561;15;3;12;1830;1;2;1;1;3;26;20, ANDRE PROTHIN (AVENU;;;;920
201500039562;15;4;7;1630;1;2;3;1;2;62;RCE CHERBOURG/CIRCULAIRE;;;;920
201500039563;15;4;22;1500;1;2;1;1;7;62;01, MICHELET (RUE);;;;920
201500039564;15;4;24;130;5;2;2;1;3;26;BOULEVARD CIRCULAIRE;;;;920
201500039565;15;5;20;1230;1;2;1;1;3;26;BOULEVARD CIRCULAIRE;;;;920
201500039566;15;5;27;300;5;2;1;1;7;26;BOULEVARD CIRCULAIRE;;;;920
201500039567;15;6;1;1310;1;2;1;1;7;26;BOULEVARD CIRCULAIRE;;;;920
201500039568;15;7;2;850;1;2;1;1;4;62;****, RN314;;;;920
201500039569;15;7;15;2110;1;1;1;1;2;62;BOULEVARD CIRCULAIRE;;;;920
201500039570;15;7;17;1935;1;2;1;1;3;26;BOULEVARD CIRCULAIRE;;;;920
201500039571;15;8;5;2030;2;2;1;1;7;62;Paul LAFARGUE;;;;920
201500039572;15;8;29;130;5;2;3;1;3;26;9, ANDRE PROTHIN (AVENUE;;;;920
201500039573;15;9;18;1800;1;2;1;1;7;26;MEDIANE;;;;920
201500039574;15;9;24;2020;2;2;1;1;6;62;GENERAL DE GAULLE (AVENU;;;;920
201500039575;15;10;13;1220;1;2;3;1;3;26;BOULEVARD CIRCULAIRE;;;;920
201500039576;15;10;13;1835;1;2;1;1;7;62;BLD KUPKA;;;;920
201500039577;15;11;10;955;1;2;1;1;2;26;ALBERT GLEIZES (AVENUE);;;;920
201500039578;15;11;10;1530;1;2;1;1;7;62;1, GENERAL DE GAULLE (AV;;;;920
201500039579;15;11;18;710;2;2;2;1;5;26;1, BOULEVARD CIRCULAIRE;;;;920
201500039580;15;12;29;1900;5;2;1;1;3;62;VOIE PERONNET NORD;;;;920
201500039581;15;11;30;1900;2;2;1;1;3;62;PERRONET NORD ET SUD;;;;920
201500039582;15;12;5;1100;1;2;1;1;4;26;06, DIVISION LECLERC (AV;;;;920
201500039583;15;12;15;1940;2;2;1;3;3;26;BOULEVARD CIRCULAIRE;;;;920
201500039584;15;12;29;655;2;2;1;2;6;26;DIVISION LECLERC (AVENUE;;;;920
201500039585;15;1;14;1505;1;2;1;1;2;1;10, ADRIEN AGNES (QUAI);;;;930
201500039586;15;1;16;845;2;2;1;1;2;1;110, DANIELLE CASANOVA (;;;;930
201500039587;15;1;19;2050;5;2;2;1;6;1;JEAN JAURES (AVE)  => 53;;;;930
201500039588;15;1;14;210;5;2;3;2;6;1;JEAN JAURES  (AVE)  157;;;;930
201500039589;15;1;22;1200;1;2;1;1;6;1;118, HELENE COCHENNEC (R;;;;930
201500039590;15;1;24;1930;5;2;3;1;6;1;LOPEZ ET JULES MARTIN (R;;;;930
201500039591;15;1;25;1643;1;2;1;1;6;1;8, MOUTIER (RUE DU)  =>;;;;930
201500039592;15;1;26;1430;1;2;1;2;2;1;121, VICTOR HUGO (AVE);;;;930
201500039593;15;1;30;1320;1;2;2;2;2;1;ACHILLE DOMART (RUE);;;;930
201500039594;15;2;4;1420;1;2;1;1;6;1;2, EDOUARD POISSON  (RUE;;;;930
201500039595;15;2;7;1605;1;2;1;1;6;1;120, VICTOR HUGO (AVE);;;;930
201500039596;15;2;9;1648;1;2;1;1;2;1;52, PRESIDENT ROOSEVELT;;;;930
201500039597;15;2;10;1435;1;2;1;1;6;1;21-23, ANATOLE FRANCE  (;;;;930
201500039598;15;2;11;1010;1;2;1;1;3;1;21/23, LUCIEN LEFRANC (Q;;;;930
201500039599;15;2;12;1810;5;2;1;1;6;1;58, CITES (RUE DES)  =>9;;;;930
201500039600;15;2;14;120;5;2;3;2;3;1;FELIX FAURE (BLD) => 121;;;;930
201500039601;15;2;18;1120;1;2;1;1;6;1;14, FILLETTES (RUE DES);;;;930
201500039602;15;2;19;2040;5;2;1;1;3;1;51 JEAN JAURES (AVE)  =;;;;930
201500039603;15;2;20;1020;1;2;1;2;6;1;10 BIS, COURNEUVE (RUE D;;;;930
201500039604;15;2;20;1810;5;2;1;2;6;1;6, EMILE RAYNAUD (RUE);;;;930
201500039605;15;2;25;1115;1;2;1;1;2;1;75, FELIX FAURE (BLD) =>;;;;930
201500039606;15;3;1;1545;1;2;1;1;6;1;145, DANIELLE CASANOVA (;;;;930
201500039607;15;3;2;1500;1;2;3;7;2;1;FELIX FAURE (BLD)  => 11;;;;930
201500039608;15;2;25;1220;1;2;1;1;2;1;44, ANATOLE FRANCE (BLD);;;;930
201500039609;15;3;4;1250;1;2;1;1;6;1;127, JEAN JAURES (AVE) 5;;;;930
201500039610;15;3;10;945;1;2;1;1;2;1;221, FELIX FAURE (BLD) =;;;;930
201500039611;15;3;13;1645;1;2;3;1;3;1;JEAN JAURES  (AVE)  157;;;;930
201500039612;15;3;15;5;5;2;3;2;3;1;DANIELLE CASANOVA (RUE);;;;930
201500039613;15;3;16;1120;1;2;1;1;6;1;148, VICTOR HUGO (AVE);;;;930
201500039614;15;3;18;1120;1;2;1;1;6;1;50, PONT BLANC.CHARLES T;;;;930
201500039615;15;3;22;1635;1;2;1;1;2;1;217, JEAN JAURES (AVE) 5;;;;930
201500039616;15;3;23;815;1;2;1;1;3;1;172, JEAN JAURES (AVE);;;;930
201500039617;15;3;30;1055;1;2;1;1;6;1;23, FIRMIN GEMIER (RUE);;;;930
201500039618;15;4;3;1430;1;2;1;2;2;1;23, JEAN JAURES (AVE)  =;;;;930
201500039619;15;4;3;1900;2;2;1;2;5;1;52, SAINT-DENIS (RUE DE);;;;930
201500039620;15;4;7;1825;1;2;1;1;6;1;130, HENRI BARBUSSE (RUE;;;;930
201500039621;15;4;8;1745;1;2;1;1;6;1;39, ALFRED JARRY (RUE);;;;930
201500039622;15;4;17;1800;1;1;9;1;6;1;07, PAUL ELUARD (ALLEE);;;;930
201500039623;15;4;20;1420;1;2;1;1;6;1;16/22, LEOPOLD RECHOSSIE;;;;930
201500039624;15;4;21;1500;1;2;1;1;6;1;100, REPUBLIQUE (AVE DE;;;;930
201500039625;15;4;22;1700;1;2;1;1;6;1;HAIE COQ (RUE DE LA ) 93;;;;930
201500039626;15;4;26;1910;1;2;3;2;3;1;10, REPUBLIQUE (AVE DE L;;;;930
201500039627;15;4;28;1150;1;2;2;1;6;1;45 bis, PRESIDENT ROOSEV;;;;930
201500039628;15;4;29;1150;1;2;1;1;2;1;213, JEAN JAURES  (AVE);;;;930
201500039629;15;4;30;1350;1;2;1;3;3;1;36, LANDY (RUE DU) 34/29;;;;930
201500039630;15;5;2;1115;1;2;3;2;3;1;10, REPUBLIQUE (AVE DE L;;;;930
201500039631;15;5;9;920;1;2;1;1;6;1;165, JEAN JAURES (AVE) 5;;;;930
201500039632;15;5;18;1045;1;2;1;1;6;1;27, FIRMIN GEMIER (RUE);;;;930
201500039633;15;5;21;1715;1;2;1;1;6;1;30 BIS, POSTES (RUE DES);;;;930
201500039634;15;6;5;1709;1;2;9;1;6;1;243, JEAN JAURES (AVE);;;;930
201500039635;15;6;8;1830;1;2;1;1;5;1;63, JEAN JAURES  (AVE);;;;930
201500039636;15;6;10;1800;1;2;1;1;6;1;6, WALDECK ROCHET (RUE);;;;930
201500039637;15;6;12;1645;1;2;1;1;6;1;156, DANIELLE CASANOVA (;;;;930
201500039638;15;6;12;1900;1;2;1;1;6;1;, REGINE GOSSET (RUE);;;;930
201500039639;15;6;12;1900;1;2;1;1;3;1;, LEOPOLD RECHOSSIERE (R;;;;930
201500039640;15;6;13;2030;1;2;3;1;6;1;JEAN JAURES  (AVE)  157;;;;930
201500039641;15;6;16;1840;1;2;1;1;6;1;SAINT-DENIS (RUE DE);;;;930
201500039642;15;6;17;800;1;2;1;1;3;1;51, PRESLES (RUE DE);;;;930
201500039643;15;6;17;1807;1;2;1;1;3;1;139, VICTOR HUGO (AVE);;;;930
201500039644;15;6;20;2100;2;2;3;1;6;1;213, JEAN JAURES  (AVE);;;;930
201500039645;15;6;21;930;1;2;2;1;3;1;DANIELLE CASANOVA (RUE);;;;930
201500039646;15;6;23;1100;1;2;1;1;6;1;9, DOCTEUR PESQUE (RUE D;;;;930
201500039647;15;6;23;1945;1;2;3;1;3;1;64, ANATOLE FRANCE (BLD);;;;930
201500039648;15;6;24;930;1;2;1;1;4;1;211, JEAN JAURES  (AVE);;;;930
201500039649;15;6;29;1545;1;2;1;1;3;1;54, PRESIDENT ROOSEVELT;;;;930
201500039650;15;6;29;2050;1;2;1;1;3;1;158, VICTOR HUGO (AVE);;;;930
201500039651;15;7;1;1220;1;2;1;1;6;1;156, DANIELLE CASANOVA (;;;;930
201500039652;15;7;8;34;5;2;1;1;6;1;JEAN JAURES (AVE)  215 =;;;;930
201500039653;15;7;9;1028;1;2;1;1;4;1;187, JEAN JAURES  (AVE);;;;930
201500039654;15;7;9;1525;1;2;1;1;2;1;25, PONT BLANC.CHARLES T;;;;930
201500039655;15;7;9;1915;1;2;1;1;2;1;21, PONT BLANC.CHARLES T;;;;930
201500039656;15;7;11;955;1;2;1;1;6;1;101, JEAN JAURES (AVE) 5;;;;930
201500039657;15;7;11;1650;1;2;1;1;2;1;185, JEAN JAURES  (AVE);;;;930
201500039658;15;7;12;335;5;2;2;1;2;1;131, JEAN JAURES (AVE) 5;;;;930
201500039659;15;7;23;1730;1;2;3;1;3;1;114, PONT BLANC.CHARLES;;;;930
201500039660;15;7;29;105;5;2;1;1;6;1;185, JEAN JAURES  (AVE);;;;930
201500039661;15;7;29;2330;5;2;1;1;2;1;21, PONT BLANC.CHARLES T;;;;930
201500039662;15;8;4;135;5;2;1;1;3;1;PRESLES (RUE DE);;;;930
201500039663;15;8;7;1055;1;2;1;1;6;1;84 BIS, REPUBLIQUE (AVE;;;;930
201500039664;15;8;10;1810;1;2;1;1;3;1;55, VICTOR HUGO (AVE)  =;;;;930
201500039665;15;8;12;1340;1;2;1;1;2;1;66, SCHAEFFER (RUE);;;;930
201500039666;15;8;13;1950;1;2;9;2;6;1;140, REPUBLIQUE (AVE DE;;;;930
201500039667;15;8;15;1310;1;2;1;1;3;1;127, JEAN JAURES (AVE) 5;;;;930
201500039668;15;8;19;235;5;2;2;1;3;1;93, HEURTAULT (RUE);;;;930
201500039669;15;8;20;1655;1;2;2;8;3;1;18, CREVECOEUR  (RUE) =>;;;;930
201500039670;15;8;21;1400;1;2;2;1;3;1;178, JEAN JAURES (AVE);;;;930
201500039671;15;8;22;2015;2;2;1;1;5;1;39, REPUBLIQUE (AVE DE L;;;;930
201500039672;15;8;24;1400;1;2;1;2;1;1;27, VICTOR HUGO (AVE)  N;;;;930
201500039673;15;8;25;1000;1;2;6;1;6;1;, LUCIEN LEFRANC (QUAI);;;;930
201500039674;15;8;26;930;1;2;2;1;6;1;WALDECK ROCHET (RUE);;;;930
201500039675;15;8;26;2100;5;2;3;2;3;1;ECOLES (RUE DES)  => 23/;;;;930
201500039676;15;8;28;1950;1;2;1;1;3;1;10, LATERAL-NORD (CHEMIN;;;;930
201500039677;15;9;10;910;1;2;1;1;2;1;JEAN JAURES (AVE)  => 53;;;;930
201500039678;15;9;12;1845;1;2;1;2;6;1;95, JEAN JAURES (AVE) 55;;;;930
201500039679;15;9;13;1650;1;2;2;1;6;1;213, JEAN JAURES  (AVE);;;;930
201500039680;15;9;13;1835;1;2;1;1;6;1;20, ANATOLE FRANCE (BLD);;;;930
201500039681;15;9;14;1250;1;2;1;1;6;1;157, ANDRE KARMAN (RUE);;;;930
201500039682;15;9;17;1035;1;2;1;1;6;1;39, REPUBLIQUE (AVE DE L;;;;930
201500039683;15;9;21;40;5;2;1;1;5;1;23, REPUBLIQUE (AVE DE L;;;;930
201500039684;15;9;30;1850;1;2;1;1;6;1;117, VICTOR HUGO (AVE);;;;930
201500039685;15;10;1;2015;5;2;1;1;6;1;66, HENRI BARBUSSE (RUE);;;;930
201500039686;15;10;2;1720;1;2;1;1;6;1;156, DANIELLE CASANOVA (;;;;930
201500039687;15;10;7;920;1;2;1;1;3;1;84, SAINT-DENIS (RUE DE);;;;930
201500039688;15;10;8;1155;1;2;1;1;3;1;142, FELIX FAURE (BLD);;;;930
201500039689;15;10;9;1530;1;2;1;1;6;1;21-23, LUCIEN LEFRANC (Q;;;;930
201500039690;15;10;11;1140;1;2;1;1;3;1;113/115, FELIX FAURE (BL;;;;930
201500039691;15;10;13;1950;2;2;1;1;3;1;218, FELIX FAURE (BLD) =;;;;930
201500039692;15;10;19;1800;2;2;5;1;6;1;90, VICTOR HUGO (AVE)  =;;;;930
201500039693;15;10;20;1745;1;2;1;1;6;1;65, CITES (RUE DES)  =>;;;;930
201500039694;15;10;22;1030;1;2;1;8;2;1;70, FELIX FAURE (BLD) =>;;;;930
201500039695;15;10;23;1340;1;1;1;1;2;1;, WALDECK ROCHET (RUE);;;;930
201500039696;15;10;24;1305;1;2;9;1;6;1;1, REPUBLIQUE (AVE DE LA;;;;930
201500039697;15;10;24;1325;1;2;1;1;6;1;55, JEAN JAURES (AVE) 55;;;;930
201500039698;15;10;27;1130;1;2;1;1;6;1;80, REPUBLIQUE (AVE DE L;;;;930
201500039699;15;10;30;1615;1;2;2;1;6;1;19, VICTOR HUGO (AVE)  N;;;;930
201500039700;15;10;31;1340;1;2;1;1;6;1;193, VICTOR HUGO (AVE);;;;930
201500039701;15;11;7;1250;1;2;1;1;6;1;02, REPUBLIQUE (AVE DE L;;;;930
201500039702;15;11;8;1410;1;2;2;1;6;1;x, COTTIN (PLACE);;;;930
201500039703;15;11;8;1815;3;2;1;1;6;1;5, JEAN JAURES (AVE)  =>;;;;930
201500039704;15;11;11;1850;5;2;1;1;6;1;106, REPUBLIQUE (AVE DE;;;;930
201500039705;15;11;20;815;1;2;1;3;6;1;136, REPUBLIQUE (AVE DE;;;;930
201500039706;15;11;22;1355;1;2;2;1;3;1;22, ANATOLE FRANCE (BLD);;;;930
201500039707;15;11;22;2325;5;2;1;1;3;1;183, JEAN JAURES  (AVE);;;;930
201500039708;15;11;26;1510;1;2;1;1;6;1;80, REPUBLIQUE (AVE DE L;;;;930
201500039709;15;11;26;1805;5;2;2;1;6;1;149, LEOPOLD RECHOSSIERE;;;;930
201500039710;15;11;29;528;5;2;9;2;2;1;213BIS, JEAN JAURES  (AV;;;;930
201500039711;15;12;3;1420;1;2;1;1;3;1;27, FILLETTES (RUE DES);;;;930
201500039712;15;12;5;2250;5;2;1;1;6;1;HELENE COCHENNEC (RUE);;;;930
201500039713;15;12;9;1330;1;2;2;1;6;1;VICTOR HUGO (AVE)  => 12;;;;930
201500039714;15;12;10;520;5;2;2;1;3;1;48, HENRI BARBUSSE (RUE);;;;930
201500039715;15;12;13;1220;1;2;1;1;6;1;171, CITES (RUE DES)  =>;;;;930
201500039716;15;12;13;2010;5;2;1;1;6;1;39, REPUBLIQUE (AVE DE L;;;;930
201500039717;15;12;17;1145;1;2;3;1;3;1;67 VICTOR HUGO (AVE)  =;;;;930
201500039718;15;12;18;1130;1;2;1;1;2;1;23, MADELEINE VIONNET(RU;;;;930
201500039719;15;12;28;1245;1;2;6;1;3;1;HENRI-ROL TANGUY (PLACE);;;;930
201500039720;15;1;9;1800;3;1;1;8;4;5;RAOUL DUFY (AVENUE);;;;930
201500039721;15;1;13;1415;1;2;1;2;1;5;6, AUGUSTE BLANQUI (RUE);;;;930
201500039722;15;1;20;1239;1;2;1;1;6;5;MITRY [CD115] (ROUTE DE);;;;930
201500039723;15;1;20;1900;5;2;8;1;6;5;PREFET CHALEIL (CD44) (R;;;;930
201500039724;15;2;4;840;1;1;1;4;7;5;ROBERT BREMOND (RUE);;;;930
201500039725;15;2;5;1430;1;2;1;1;6;5;FERNAND HERBAUD (RUE);;;;930
201500039726;15;2;6;1515;1;2;1;1;3;5;COttAGE (AVENUE du;;;;930
201500039727;15;2;6;1715;1;2;1;1;2;5;ANDRE CITROEN (BOULEVARD;;;;930
201500039728;15;2;9;1310;1;2;1;1;1;5;LEFEVRE (BOULEVARD);;;;930
201500039729;15;2;11;2225;5;2;3;1;1;5;108, MITRY [CD115] (RUE;;;;930
201500039730;15;2;13;915;1;2;1;1;3;5;GEORGES BRAQUE (BOULEVAR;;;;930
201500039731;15;2;20;850;1;2;1;2;6;5;JACQUES DUCLOS [CD44] (R;;;;930
201500039732;15;2;21;2145;5;2;1;1;3;5;JACQUES DUCLOS [CD44] (R;;;;930
201500039733;15;2;24;750;1;2;1;1;6;5;PREFET CHALEIL (CD44) (R;;;;930
201500039734;15;2;24;2030;5;2;2;1;2;5;MOULIN A VENT (RUE DU);;;;930
201500039735;15;2;24;2030;5;2;1;1;6;5;MITRY [CD115] (ROUTE DE);;;;930
201500039736;15;2;27;115;3;2;9;2;6;5;RAOUL DUFY (AVENUE);;;;930
201500039737;15;3;4;1530;1;2;1;1;1;5;29, LEFEVRE (BOULEVARD);;;;930
201500039738;15;3;12;1110;1;2;3;1;6;5;RAOUL DUFY (AVENUE);;;;930
201500039739;15;3;16;1620;1;2;2;1;6;5;SALVADOR ALLENDE (COURS);;;;930
201500039740;15;3;22;1235;1;2;1;1;4;5;GEORGES BRAQUE (BOULEVAR;;;;930
201500039741;15;3;23;30;5;2;1;1;3;5;JEAN CHARCOT [CD115] (RU;;;;930
201500039742;15;3;23;1400;1;2;1;1;3;5;15, JACQUES DUCLOS [CD44;;;;930
201500039743;15;3;23;1910;2;2;9;1;6;5;EDGAR DEGAS (RUE);;;;930
201500039744;15;3;24;2200;2;2;1;2;1;5;JACQUES DUCLOS [CD44] (R;;;;930
201500039745;15;3;26;1150;1;2;1;2;6;5;25, ARTHUR CHEVALIER (RU;;;;930
201500039746;15;3;27;620;1;2;1;1;6;5;PAUL CEZANNE (RUE);;;;930
201500039747;15;3;27;1620;1;2;1;1;2;5;RAOUL DUFY (AVENUE);;;;930
201500039748;15;3;28;1430;1;2;1;1;6;5;19, MOULIN DE LA VILLE (;;;;930
201500039749;15;3;29;1920;2;1;1;2;2;5;, EUROPE (CARREFOUR DE L;;;;930
201500039750;15;3;30;1625;1;2;1;1;6;5;46, MOULIN DE LA VILLE (;;;;930
201500039751;15;4;2;1220;1;2;9;2;3;5;ANDRE CITROEN (BOULEVARD;;;;930
201500039752;15;4;11;917;1;2;1;1;6;5;JACQUES DUCLOS [CD44] (R;;;;930
201500039753;15;4;13;1500;1;2;1;1;5;5;MARC CHAGALL (BOULEVARD);;;;930
201500039754;15;4;14;2045;2;2;1;1;6;5;GEORGES BRAQUE (BOULEVAR;;;;930
201500039755;15;4;15;900;1;2;3;1;3;5;PREFET CHALEIL (CD44) (R;;;;930
201500039756;15;4;27;1540;1;2;1;1;6;5;EDGAR DEGAS (RUE);;;;930
201500039757;15;4;28;1940;1;2;1;1;2;5;PAUL CEZANNE (RUE);;;;930
201500039758;15;4;28;2217;5;2;4;1;6;5;MARC CHAGALL (BOULEVARD);;;;930
201500039759;15;7;28;1710;1;2;1;1;6;71;0 DUMONT D'URVILLE (AVE;;;;930
201500039760;15;4;30;1000;1;2;2;2;3;5;43, PIERRE JOUHET (AVENU;;;;930
201500039761;15;5;2;1730;1;2;1;2;3;5;SALVADOR ALLENDE (COURS);;;;930
201500039762;15;5;4;850;1;2;1;1;6;5;LEON (RUE);;;;930
201500039763;15;5;4;1400;1;2;1;1;3;5;JEAN MONET (CARREFOUR);;;;930
201500039764;15;5;5;800;1;2;2;2;6;5;33, DIVISION LECLERC (RU;;;;930
201500039765;15;5;8;1030;1;2;9;1;5;5;EUROPE (CARREFOUR DE L');;;;930
201500039766;15;5;9;1200;1;2;9;1;1;5;JULES PRINCET [CD115] (R;;;;930
201500039767;15;5;13;10;5;2;2;1;6;5;105, JACQUES DUCLOS [CD4;;;;930
201500039768;15;5;13;2345;5;2;1;2;6;5;CLOS D'ARCON (RUE DU);;;;930
201500039769;15;5;14;2300;5;2;1;2;6;5;PREFET CHALEIL (CD44) (R;;;;930
201500039770;15;5;16;950;1;2;1;1;2;5;JACQUES DUCLOS [CD44] (R;;;;930
201500039771;15;5;17;150;5;2;1;1;5;5;SUZANNE LENGLEN (AVENUE);;;;930
201500039772;15;5;17;2135;5;2;1;1;3;5;59, PAUL CEZANNE (RUE);;;;930
201500039773;15;5;24;1543;1;2;3;1;6;5;101, MITRY [CD115] (ROUT;;;;930
201500039774;15;5;25;2140;5;2;3;1;3;5;EDGAR DEGAS (RUE);;;;930
201500039775;15;5;26;1158;1;2;1;1;2;5;ROBERT SCHUMAN (CARREFOU;;;;930
201500039776;15;5;30;1725;1;2;1;1;6;5;neant, REMBRANDT (RUE);;;;930
201500039777;15;5;31;1610;1;2;3;2;6;5;89, MAXIMILIEN ROBESPIER;;;;930
201500039778;15;12;4;1709;2;2;2;1;3;71;0 EDISON (RUE);;;;930
201500039779;15;6;1;1149;1;2;1;1;6;5;20, SEVERINE (RUE);;;;930
201500039780;15;6;2;1320;1;2;1;1;3;5;JACQUES DUCLOS [CD44] (R;;;;930
201500039781;15;6;9;1715;1;1;1;1;6;5;JEAN MONET (CARREFOUR);;;;930
201500039782;15;6;9;1905;1;2;1;1;6;5;PARINOR;;;;930
201500039783;15;6;13;2000;1;2;1;1;6;5;GENERAL DE GAULLE (PLACE;;;;930
201500039784;15;12;15;940;1;2;1;1;2;71;0 GABRIEL PERI (RUE);;;;930
201500039785;15;6;15;1135;1;2;1;1;3;5;MARC CHAGALL (BOULEVARD);;;;930
201500039786;15;6;15;1701;1;2;1;1;6;5;DIVISION LECLERC (RUE DE;;;;930
201500039787;15;6;17;1430;1;1;1;1;6;5;PAUL CEZANNE (RUE);;;;930
201500039788;15;6;18;1510;1;2;1;1;3;5;JEAN CHARCOT [CD115] (RU;;;;930
201500039789;15;6;19;1700;1;2;1;1;6;5;EDGAR DEGAS (RUE);;;;930
201500039790;15;6;26;2006;1;2;1;1;6;5;MAXIMILIEN ROBESPIERRE (;;;;930
201500039791;15;6;28;1520;1;2;1;1;6;5;MITRY [CD115] (RUE DE);;;;930
201500039792;15;6;30;200;3;1;1;1;7;5;MARC CHAGALL (BOULEVARD);;;;930
201500039793;15;6;30;1600;1;2;1;1;2;5;MITRY [CD115] (ROUTE DE);;;;930
201500039794;15;7;1;830;1;2;1;1;6;5;JULES PRINCET [CD115] (R;;;;930
201500039795;15;7;1;1630;1;2;2;1;3;5;CHARLES FLOQUET (BOULEVA;;;;930
201500039796;15;7;7;1916;1;2;1;1;3;5;EDGAR DEGAS (RUE);;;;930
201500039797;15;7;9;1139;1;2;2;1;3;5;NONNEVILLE (AVENUE DE);;;;930
201500039798;15;7;12;1900;1;2;1;1;6;5;JACQUES DUCLOS [CD44] (R;;;;930
201500039799;15;7;13;1420;1;2;2;1;3;5;GAMBETTA (AVENUE);;;;930
201500039800;15;7;15;1710;1;2;4;1;6;5;HENRI BARBUSSE (RUE);;;;930
201500039801;15;7;17;2000;1;2;1;1;5;5;ROSIERS (AVENUE DES);;;;930
201500039802;15;7;23;2220;5;2;2;1;3;5;, STRASBOURG (BOULEVARD;;;;930
201500039803;15;7;25;2125;2;2;2;1;3;5;HENRI BARBUSSE (RUE);;;;930
201500039804;15;7;26;240;5;2;9;1;3;5;CHARLES DE GAULLE [CD115;;;;930
201500039805;15;7;27;1900;1;2;1;1;2;5;LOUISE MICHEL (RUE);;;;930
201500039806;15;7;29;1700;1;2;2;1;3;5;HONORE SOHIER (RUE);;;;930
201500039807;15;7;29;1345;1;2;1;1;6;5;MARC CHAGALL (BOULEVARD);;;;930
201500039808;15;7;30;2045;1;2;1;1;3;5;MITRY [CD115] (ROUTE DE);;;;930
201500039809;15;8;9;1515;1;2;1;1;6;5;3, SAGITTAIRE (ALLEE DU);;;;930
201500039810;15;8;18;1755;1;2;1;1;2;5;JACQUES DUCLOS [CD44] (R;;;;930
201500039811;15;8;20;1155;1;2;6;2;3;5;, WALDECK ROUSSEAU (RUE);;;;930
201500039812;15;8;22;735;1;2;1;1;6;5;GEORGES BRAQUE (BOULEVAR;;;;930
201500039813;15;8;24;835;1;2;1;2;6;5;ANATOLE FRANCE (AVENUE);;;;930
201500039814;15;8;27;1200;1;2;1;2;3;5;SUZANNE LENGLEN (AVENUE);;;;930
201500039815;15;8;28;1520;1;2;1;1;6;5;40, QUATORZE JUILLET (AV;;;;930
201500039816;15;8;28;1630;1;2;1;1;2;5;MITRY [CD115] (ROUTE DE);;;;930
201500039817;15;9;8;820;1;2;1;1;6;5;STRASBOURG (BOULEVARD DE;;;;930
201500039818;15;9;8;1950;1;2;1;1;6;5;74, ALIX (RUE);;;;930
201500039819;15;9;9;2235;5;2;3;1;3;5;60, AUGUSTE RENOIR (RUE);;;;930
201500039820;15;9;10;1520;1;1;6;1;3;5;ANDRE CITROEN (BOULEVARD;;;;930
201500039821;15;9;12;1950;5;2;1;2;3;5;CHARLES DE GAULLE [CD115;;;;930
201500039822;15;9;13;1345;1;2;1;3;4;5;RAOUL DUFY (AVENUE);;;;930
201500039823;15;9;18;2050;5;2;1;2;2;5;RAOUL DUFY (AVENUE);;;;930
201500039824;15;9;18;1955;5;2;1;2;1;5;JULES VALLES (RUE);;;;930
201500039825;15;9;23;520;5;2;6;2;7;5;ANDRE CITROEN (BOULEVARD;;;;930
201500039826;15;9;23;1000;1;2;1;1;3;5;SEVRAN (CD44) (RUE DE);;;;930
201500039827;15;9;25;820;1;2;1;1;3;5;ANATOLE FRANCE (AVENUE);;;;930
201500039828;15;9;27;1820;1;1;1;1;4;5;JEAN MONET (CARREFOUR);;;;930
201500039829;15;9;29;1615;1;2;3;1;3;5;JULES VALLES (RUE);;;;930
201500039830;15;9;30;1205;1;2;1;1;2;5;SEVRAN (CD44) (RUE DE);;;;930
201500039831;15;10;1;1800;1;2;3;1;7;5;INDUSTRIE (RUE DE L');;;;930
201500039832;15;10;2;1425;1;2;1;1;6;5;PARINOR;;;;930
201500039833;15;10;4;800;1;2;3;1;3;5;MAXIMILIEN ROBESPIERRE (;;;;930
201500039834;15;10;2;940;1;1;1;1;2;5;JEAN MONET (CARREFOUR);;;;930
201500039835;15;10;5;1800;2;2;1;3;6;5;MITRY [CD115] (ROUTE DE);;;;930
201500039836;15;10;6;750;2;2;1;3;2;5;KENNEDY [RN370] (BOULEVA;;;;930
201500039837;15;10;7;1800;1;2;1;1;2;5;MITRY [CD115] (ROUTE DE);;;;930
201500039838;15;10;7;1932;5;2;2;2;3;5;MARC CHAGALL (BOULEVARD);;;;930
201500039839;15;10;10;950;1;2;2;1;3;5;NONNEVILLE (AVENUE DE);;;;930
201500039840;15;10;12;1615;1;2;1;1;6;5;MARECHAL JUIN (AVENUE DU;;;;930
201500039841;15;10;13;1810;1;2;1;1;6;5;54, SAVIGNY (AVENUE DE);;;;930
201500039842;15;10;14;945;1;2;1;1;6;5;LEON (RUE);;;;930
201500039843;15;10;14;1300;1;2;1;1;1;5;JULES PRINCET [CD115] (R;;;;930
201500039844;15;10;15;1500;1;2;1;1;3;5;JEAN CHARCOT [CD115] (RU;;;;930
201500039845;15;10;20;1110;1;2;1;1;6;5;CHARLES FLOQUET (BOULEVA;;;;930
201500039846;15;10;22;1050;1;2;1;2;1;5;30, ALSACE (RUE D');;;;930
201500039847;15;10;25;1716;1;2;1;1;6;5;22, AUGUSTE RENOIR (RUE);;;;930
201500039848;15;10;26;2040;5;2;2;1;3;5;JACQUES DUCLOS [CD44] (R;;;;930
201500039849;15;10;27;1230;1;2;1;1;3;5;55, JULES PRINCET [CD115;;;;930
201500039850;15;10;28;1720;2;2;1;1;6;5;AMBOURGET (RUE);;;;930
201500039851;15;10;28;2230;5;2;1;1;6;5;ONZE NOVEMBRE (RUE DU);;;;930
201500039852;15;10;31;1155;1;2;2;1;3;5;LELIEVRE (AVENUE);;;;930
201500039853;15;11;2;1810;5;2;1;1;1;5;89, CAMILLE PELLETAN (RU;;;;930
201500039854;15;11;5;2125;5;2;1;2;2;5;80, ANATOLE FRANCE (AVEN;;;;930
201500039855;15;11;11;1800;5;1;1;1;6;5;PARINOR;;;;930
201500039856;15;11;12;1815;5;2;1;1;6;5;, MAXIMILIEN ROBESPIERRE;;;;930
201500039857;15;11;15;1515;1;2;1;1;7;5;18, PLANT D'ARGENT (RUE;;;;930
201500039858;15;11;16;1558;1;2;1;1;6;5;MARECHAL JUIN (AVENUE DU;;;;930
201500039859;15;11;25;900;1;2;1;2;3;5;, JULES PRINCET [CD115];;;;930
201500039860;15;11;25;1115;1;2;1;2;2;5;JACQUES DUCLOS [CD44] (R;;;;930
201500039861;15;12;4;1110;1;2;1;1;1;5;LOUISE MICHEL (RUE);;;;930
201500039862;15;12;4;1455;1;2;1;1;7;5;39bis, ANATOLE FRANCE (A;;;;930