num_acc;an;mois;jour;hrmn;lum;agg;int;atm;col;com;adr;gps;lat;long;dep
201500039863;15;12;4;1930;5;2;1;1;3;5;63, JACQUES DUCLOS [CD44;;;;930
201500039864;15;12;5;2000;5;2;1;1;3;5;BONDY (ROUTE DE);;;;930
201500039865;15;12;6;1110;1;2;1;1;6;5;GEORGES BRAQUE (BOULEVAR;;;;930
201500039866;15;12;6;1937;5;2;1;1;2;5;ANDRE CITROEN (BOULEVARD;;;;930
201500039867;15;12;7;1830;5;2;2;1;3;5;NEANT, STRASBOURG (BOULE;;;;930
201500039868;15;12;8;800;2;2;1;1;6;5;MARECHAL JUIN (AVENUE DU;;;;930
201500039869;15;12;8;1510;1;2;1;2;6;5;MARECHAL JUIN (AVENUE DU;;;;930
201500039870;15;12;17;1700;2;2;1;1;3;5;ANDRE CITROEN-(BOULEVARD;;;;930
201500039871;15;12;31;2000;5;2;1;1;6;5;12, JACQUES DUCLOS [CD44;;;;930
201500039872;15;1;10;1753;5;2;1;2;6;7;PROFESSEUR FLEMING (AVEN;;;;930
201500039873;15;1;16;1640;1;2;1;1;3;7;CHARLES FLOQUET (AVENUE);;;;930
201500039874;15;1;30;1915;5;2;1;1;3;7;CHARLES FLOQUET (AVENUE);;;;930
201500039875;15;1;31;700;5;2;1;1;7;7;"""DESCARTES (AVENUE """"DU";;;;930
201500039876;15;1;23;2055;5;2;1;3;6;7;PABLO NERUDA (AVENUE);;;;930
201500039877;15;2;5;850;1;2;1;1;6;7;"""PAUL VAILLANT COUTURIER";;;;930
201500039878;15;2;6;1520;1;2;1;1;6;7;20, CHARLES FLOQUET (AVE;;;;930
201500039879;15;2;6;1655;1;2;3;1;3;7;CHARLES GOUNOD (RUE);;;;930
201500039880;15;2;9;1440;1;2;6;1;7;7;145, CHARLES FLOQUET (AV;;;;930
201500039881;15;2;9;2110;5;2;1;1;6;7;"""HENRI BARBUSSE (AVENUE";;;;930
201500039882;15;2;11;1210;1;2;2;1;6;7;DOCTEUR CALMETTE (RUE DU;;;;930
201500039883;15;2;11;1450;1;2;1;1;7;7;35, COSMONAUTES (AVENUE;;;;930
201500039884;15;2;15;1700;1;2;1;1;3;7;"""HENRI BARBUSSE (AVENUE";;;;930
201500039885;15;2;27;1425;1;2;1;1;2;7;PABLO NERUDA (AVENUE);;;;930
201500039886;15;3;3;1330;1;2;3;1;3;7;"""DESCARTES (AVENUE """"DU";;;;930
201500039887;15;3;3;1755;2;2;1;2;6;7;"72, ""HENRI BARBUSSE (AVE";;;;930
201500039888;15;3;2;1720;1;2;1;1;3;7;"88, ""DESCARTES (AVENUE """;;;;930
201500039889;15;3;10;800;1;2;1;1;6;7;39 PIERRE MONTAUFIER (A;;;;930
201500039890;15;3;10;745;1;2;1;1;6;7;"""REPUBLIQUE (AVENUE DE L";;;;930
201500039891;15;3;18;1000;1;2;3;1;3;7;"""JEAN BART (AVENUE """"COT";;;;930
201500039892;15;3;23;2100;3;2;1;1;3;7;8 MAI 45 (AVENUE DU 184;;;;930
201500039893;15;3;29;1836;1;2;3;2;3;7;ARISTIDE BRIAND (AVENUE;;;;930
201500039894;15;4;10;810;1;2;1;1;6;7;"""pIERRE SEMARD (RUE """"CO";;;;930
201500039895;15;4;10;1930;1;2;1;1;3;7;8 MAI 45 (AVENUE DU 184;;;;930
201500039896;15;4;12;140;5;2;1;1;6;7;43 CHARLES FLOQUET (AVE;;;;930
201500039897;15;4;13;1450;1;2;6;1;3;7;PABLO NERUDA (ROND-POINT;;;;930
201500039898;15;4;15;1350;1;2;2;1;3;7;RICHARD WAGNER (RUE);;;;930
201500039899;15;4;22;1534;1;2;3;1;6;7;ARISTIDE BRIAND (AVENUE;;;;930
201500039900;15;4;22;1847;1;2;6;1;1;7;ABBE NIORT (RUE DE L');;;;930
201500039901;15;4;27;1010;1;2;1;1;6;7;ARISTIDE BRIAND (AVENUE;;;;930
201500039902;15;5;2;1920;1;2;1;2;6;7;118, 8 MAI 45 (AVENUE DU;;;;930
201500039903;15;5;6;1600;1;2;1;1;6;7;1, GEORGES SAND (ALLEE);;;;930
201500039904;15;5;15;1015;1;2;1;1;7;7;216, 8 MAI 45 (AVENUE DU;;;;930
201500039905;15;5;21;1645;1;2;1;1;6;7;66, CASANOVA (AVENUE);;;;930
201500039906;15;5;22;1608;1;2;1;1;6;7;4, MARCEL CACHIN (AVENUE;;;;930
201500039907;15;5;26;830;1;2;3;1;3;7;"""DESCARTES (AVENUE """"DU";;;;930
201500039908;15;5;27;20;5;2;1;1;3;7;8 MAI 45 (AVENUE DU 1 AU;;;;930
201500039909;15;6;2;1545;1;2;1;1;2;7;ABBE NIORT (RUE DE L');;;;930
201500039910;15;6;3;1720;1;2;1;1;7;7;"""DIDEROT (RUE """"DU 02 AU";;;;930
201500039911;15;6;6;1600;1;2;1;1;2;7;92, 8 MAI 45 (AVENUE DU;;;;930
201500039912;15;6;8;745;1;2;3;1;6;7;"""DESCARTES (AVENUE """"DU";;;;930
201500039913;15;6;8;900;1;2;6;1;3;7;PABLO NERUDA (ROND-POINT;;;;930
201500039914;15;6;9;2240;5;2;1;1;3;7;21, ALBERT EINSTEIN (AVE;;;;930
201500039915;15;6;10;1900;1;2;1;1;2;7;35, COLONEL FABIEN (RUE;;;;930
201500039916;15;6;14;950;1;2;3;1;3;7;PEGOUD (RUE);;;;930
201500039917;15;6;16;1120;1;2;1;1;2;7;145, ARISTIDE BRIAND (AV;;;;930
201500039918;15;6;20;2350;5;2;3;1;3;7;"""PAUL VAILLANT COUTURIER";;;;930
201500039919;15;6;21;2230;5;2;1;1;3;7;DE LA REPUBLIQUE (AVENUE;;;;930
201500039920;15;6;21;2308;5;2;1;1;6;7;"""DESCARTES (AVENUE """"DU";;;;930
201500039921;15;6;24;1815;1;2;3;1;6;7;DOCTEUR CALMETTE (RUE DU;;;;930
201500039922;15;6;25;200;5;2;1;1;1;7;BLES D'OR (RUE DES);;;;930
201500039923;15;6;28;1800;1;2;1;1;6;7;10, PETRODVORETZ (RUE);;;;930
201500039924;15;7;3;1640;1;2;1;1;7;7;"""JEAN JAURES (AVENUE """"D";;;;930
201500039925;15;7;9;2330;5;2;6;1;1;7;DANIEL CASANOVA (CITE);;;;930
201500039926;15;7;10;1100;1;2;1;1;6;7;9 ALTRINCHAM (RUE);;;;930
201500039927;15;7;25;1;5;2;2;1;3;7;, 8 MAI 45 (AVENUE DU 18;;;;930
201500039928;15;7;24;2005;1;2;1;1;2;7;DIVISION LECLERC (AVENUE;;;;930
201500039929;15;8;2;1730;1;2;1;1;4;7;"""DESCARTES (AVENUE """"DU";;;;930
201500039930;15;8;2;2040;1;2;4;1;7;7;"""PIERRE SEMARD (RUE """"CO";;;;930
201500039931;15;8;5;1045;1;2;1;1;6;7;45, HENRI BARBUSSE (AVEN;;;;930
201500039932;15;8;6;1930;1;2;2;1;3;7;MATHILDE EMILIE (AVENUE);;;;930
201500039933;15;8;24;1710;1;2;1;8;6;7;"00, ""PIERRE SEMARD (RUE";;;;930
201500039934;15;8;28;1300;1;2;9;1;6;7;CHARLES FLOQUET (AVENUE);;;;930
201500039935;15;9;7;1440;1;2;1;1;6;7;"""PAUL VAILLANT COUTURIER";;;;930
201500039936;15;9;8;525;5;2;1;1;6;7;62, 8 MAI 45 (AVENUE DU;;;;930
201500039937;15;9;10;2240;5;2;1;1;6;7;76, ARISTIDE BRIAND (AVE;;;;930
201500039938;15;9;18;1720;1;2;1;1;7;7;, MARCEL CACHIN (AVENUE);;;;930
201500039939;15;9;18;2115;5;2;1;2;6;7;ALTRINCHAM (RUE);;;;930
201500039940;15;9;21;1030;1;2;1;1;4;7;8, 8 MAI 45 (AVENUE DU 1;;;;930
201500039941;15;9;21;1420;1;2;3;1;1;7;149 PASTEUR (AVENUE);;;;930
201500039942;15;9;22;615;5;2;6;2;3;7;"""PAUL VAILLANT-COUTURIER";;;;930
201500039943;15;9;23;855;1;2;1;1;6;7;PASTEUR (AVENUE);;;;930
201500039944;15;9;24;915;1;2;2;1;1;7;JULIEN GRIMAU (RUE);;;;930
201500039945;15;10;5;1530;1;2;1;3;3;7;05, FRERES LUMIERE (RUE);;;;930
201500039946;15;10;14;2000;5;2;2;2;6;7;1, CHARLES FLOQUET (AVEN;;;;930
201500039947;15;10;15;2105;5;2;2;2;3;7;DIDEROT;;;;930
201500039948;15;10;18;2135;4;1;1;1;4;7;PABLO NERUDA (AVENUE);;;;930
201500039949;15;10;20;2110;5;2;1;1;6;7;32-34, PIERRE ET MARIE C;;;;930
201500039950;15;10;25;1915;5;2;1;1;6;7;"""PIERRE SEMARD (PLACE """"";;;;930
201500039951;15;10;26;1720;1;2;1;1;2;7;"""PAUL VAILLANT COUTURIER";;;;930
201500039952;15;11;6;800;1;2;1;1;6;7;PABLO NERUDA (ROND-POINT;;;;930
201500039953;15;11;6;1720;2;2;6;2;3;7;"""PIERRE SEMARD (ROND-POI";;;;930
201500039954;15;11;22;1545;1;2;2;1;3;7;GENERAL GIRAUD (RUE);;;;930
201500039955;15;12;12;1800;5;2;2;2;6;7;DANIEL CASANOVA (CITE);;;;930
201500039956;15;12;19;1050;1;2;1;1;6;7;2, 8 MAI 45 (AVENUE DU 1;;;;930
201500039957;15;12;19;2340;5;2;1;1;3;7;SURCOUF (AVENUE);;;;930
201500039958;15;12;22;1210;1;2;3;1;2;7;"""DESCARTES (AVENUE """"DU";;;;930
201500039959;15;12;27;1820;4;2;1;1;6;7;"37, ""PIERRE SEMARD (PLAC";;;;930
201500039960;15;12;28;2345;5;2;3;1;3;7;8 MAI 45 (AVENUE DU 184;;;;930
201500039961;15;1;3;515;5;2;1;5;6;8;MENDES DES CARMES (RUE);;;;930
201500039962;15;1;7;820;1;2;1;1;6;8;CACHIN (RUE MARCEL);;;;930
201500039963;15;1;7;955;1;2;1;5;6;8;JAURES (AVENUE JEAN);;;;930
201500039964;15;1;10;1810;3;1;2;2;2;8;VAILLANT COUTURIER (AVEN;;;;930
201500039965;15;1;12;855;1;2;9;1;6;8;PICASSO (RUE PABLO);;;;930
201500039966;15;1;17;2130;5;2;1;1;4;8;VAILLANT COUTURIER (AVEN;;;;930
201500039967;15;1;26;645;5;2;6;2;6;8;VAILLANT COUTURIER (AVEN;;;;930
201500039968;15;1;30;720;5;2;1;1;6;8;CHABLIS (RUE DE);;;;930
201500039969;15;2;4;1345;1;2;1;1;2;8;VAILLANT COUTURIER (AVEN;;;;930
201500039970;15;2;8;240;5;2;1;2;4;8;2-24, BARBUSSE (AVENUE H;;;;930
201500039971;15;2;8;2000;4;1;1;1;6;8;VAILLANT COUTURIER (AVEN;;;;930
201500039972;15;2;9;630;5;2;1;1;6;8;, DIVISION LECLERC (AVEN;;;;930
201500039973;15;2;9;845;1;2;1;1;6;8;SEMARD (RUE PIERRE);;;;930
201500039974;15;2;12;1050;1;2;1;1;2;8;0, SEMARD (AVENUE PIERRE;;;;930
201500039975;15;2;15;2305;5;2;3;1;2;8;66, BARBUSSE (AVENUE HEN;;;;930
201500039976;15;2;16;725;2;2;3;1;3;8;SEMARD (RUE PIERRE);;;;930
201500039977;15;2;20;1505;1;2;3;2;3;8;SAINT-ANDRE (RUE);;;;930
201500039978;15;2;21;2324;5;2;1;1;6;8;VAILLANT (AVENUE EDOUARD;;;;930
201500039979;15;2;22;1000;1;2;9;1;3;8;SEMARD (RUE PIERRE);;;;930
201500039980;15;3;2;1752;1;2;2;1;1;8;DEVIATION (RUE DE LA);;;;930
201500039981;15;3;6;1940;5;2;2;1;3;8;JAURES (AVENUE JEAN);;;;930
201500039982;15;3;14;2240;5;2;2;1;3;8;CALLAS (RUE MARIA);;;;930
201500039983;15;3;19;1945;1;2;3;1;1;8;GROSLAY (CHEMIN DE) D20;;;;930
201500039984;15;3;20;1350;1;2;3;1;3;8;SEMARD (RUE PIERRE);;;;930
201500039985;15;3;27;416;5;2;1;1;1;8;48, GROSLAY (CHEMIN DE);;;;930
201500039986;15;3;29;755;1;2;1;2;6;8;VAILLANT COUTURIER (AVEN;;;;930
201500039987;15;4;1;1927;1;2;1;8;6;8;0, CONVENTION (AVENUE DE;;;;930
201500039988;15;4;4;1526;1;2;1;1;6;8;00, VALLES (RUE JULES);;;;930
201500039989;15;4;15;1320;1;2;9;1;6;8;0000, VAILLANT COUTURIER;;;;930
201500039990;15;5;1;2215;5;2;2;2;3;8;0000, GRANDE DENISE (RUE;;;;930
201500039991;15;5;10;2008;1;2;2;1;3;8;4, CALLAS (RUE MARIA);;;;930
201500039992;15;5;10;2340;5;2;1;1;6;8;VAILLANT COUTURIER (AVEN;;;;930
201500039993;15;5;11;1350;1;2;1;1;1;8;86, SEMARD (AVENUE PIERR;;;;930
201500039994;15;5;18;1420;1;2;3;1;6;8;205, JAURES (AVENUE JEAN;;;;930
201500039995;15;5;22;1410;1;2;1;1;6;8;BARBUSSE (AVENUE HENRI);;;;930
201500039996;15;5;31;1430;1;2;2;2;3;8;125, VAILLANT (AVENUE ED;;;;930
201500039997;15;6;2;1045;1;2;1;1;5;8;0, VAILLANT COUTURIER (A;;;;930
201500039998;15;6;10;1303;1;2;1;1;6;8;25, LENINE (BOULEVARD);;;;930
201500039999;15;6;14;1030;1;2;1;1;5;8;362, VAILLANT COUTURIER;;;;930
201500040000;15;6;14;1440;1;2;1;1;6;8;STALINGRAD (RUE DE) A10;;;;930
201500040001;15;6;19;740;1;2;2;1;3;8;00, REPUBLIQUE (RUE DE L;;;;930
201500040002;15;6;22;530;1;2;1;1;6;8;000, BARBUSSE (AVENUE HE;;;;930
201500040003;15;6;30;1935;1;2;1;1;3;8;000, HUATS (CHEMIN DES);;;;930
201500040004;15;7;1;1805;1;2;1;1;6;8;19, LENINE (BOULEVARD);;;;930
201500040005;15;7;3;615;1;2;1;1;6;8;324, VAILLANT COUTURIER;;;;930
201500040006;15;7;9;1650;1;2;1;1;6;8;3, BERNARD (RUE);;;;930
201500040007;15;7;9;2352;5;2;1;1;6;8;01, LILLE (RUE DE);;;;930
201500040008;15;7;10;845;1;2;1;1;6;8;PARIS (RUE DE);;;;930
201500040009;15;7;15;1308;1;2;1;1;3;8;00, PICASSO (RUE PABLO);;;;930
201500040010;15;7;16;10;5;2;1;9;4;8;00, PLACE SAINT JUSTE;;;;930
201500040011;15;8;3;1425;1;2;1;1;6;8;23, LENINE (BOULEVARD);;;;930
201500040012;15;8;3;2015;1;2;1;1;6;8;16 VAILLANT (AVENUE EDO;;;;930
201500040013;15;8;3;2100;2;2;3;1;3;8;BUREAU (RUE MAURICE);;;;930
201500040014;15;12;4;1750;5;2;1;1;2;8;00 DEVIATION (RUE DE LA;;;;930
201500040015;15;12;6;200;2;2;2;1;6;8;68, BARBUSSE (AVENUE HEN;;;;930
201500040016;15;12;12;1355;1;2;1;2;6;8;ESTIENNE D'ORVES (RUE D';;;;930
201500040017;15;12;14;1440;1;2;1;1;6;8;125, STALINGRAD (RUE DE);;;;930
201500040018;15;12;14;1820;3;2;1;1;2;8;163, BARBUSSE (AVENUE HE;;;;930
201500040019;15;12;18;1705;5;2;1;1;6;8;0 GAGARINE (AVENUE YOUR;;;;930
201500040020;15;7;19;1730;1;2;1;1;3;8;45, ARAGON (AVENUE LOUIS;;;;930
201500040021;15;12;19;1230;1;1;1;1;2;8;00, PARIS (RUE DE);;;;930
201500040022;15;12;21;1820;5;2;8;2;6;8;0 VAILLANT COUTURIER (A;;;;930
201500040023;15;12;28;2045;5;2;9;1;6;8;0 RENARD (RUE EDOUARD);;;;930
201500040024;15;8;6;2110;1;2;1;1;6;8;VAILLANT COUTURIER (AVEN;;;;930
201500040025;15;12;29;1055;1;2;2;2;3;8;0 REPUBLIQUE (RUE DE LA;;;;930
201500040026;15;8;9;2300;5;2;9;1;6;8;187, BARBUSSE (AVENUE HE;;;;930
201500040027;15;12;29;1450;1;2;1;1;3;8;4 UNION (RUE DE L');;;;930
201500040028;15;8;10;1816;1;2;1;1;3;8;00 BARBUSSE (AVENUE HEN;;;;930
201500040029;15;8;13;215;5;2;1;1;6;8;0 VAILLANT COUTURIER (A;;;;930
201500040030;15;8;16;140;5;1;1;1;2;8;A86 en tunnel avt sortie;;;;930
201500040031;15;8;16;40;3;2;1;1;6;8;ILLUSTRATION (AVENUE DE;;;;930
201500040032;15;8;24;1210;1;2;1;3;5;8;442, VAILLANT COUTURIER;;;;930
201500040033;15;8;24;1210;1;2;1;3;4;8;450, VAILLANT COUTURIER;;;;930
201500040034;15;8;26;1125;1;2;1;1;3;8;247, VAILLANT COUTURIER;;;;930
201500040035;15;8;27;1700;1;2;1;2;2;8;DIVISION LECLERC (AVENUE;;;;930
201500040036;15;9;2;920;1;2;1;1;3;8;VAILLANT (AVENUE EDOUARD;;;;930
201500040037;15;9;2;1725;1;2;9;1;6;8;000, SATIE (RUE ERIK);;;;930
201500040038;15;9;8;700;1;2;3;1;6;8;000, STADE AUGUSTE DELAU;;;;930
201500040039;15;9;12;1510;1;2;6;3;2;8;000, GAGARINE (AVENUE YO;;;;930
201500040040;15;9;14;1405;1;2;1;1;2;8;147, VAILLANT COUTURIER;;;;930
201500040041;15;9;17;1620;1;2;1;1;6;8;147, SEMARD (RUE PIERRE);;;;930
201500040042;15;9;20;530;3;2;1;1;6;8;302, VAILLANT COUTURIER;;;;930
201500040043;15;9;21;1835;1;2;1;1;7;8;195, JAURES (AVENUE JEAN;;;;930
201500040044;15;10;3;1330;1;2;1;1;6;8;00, VAILLANT COUTURIER (;;;;930
201500040045;15;10;6;2107;5;2;1;1;3;8;0, VAILLANT COUTURIER (A;;;;930
201500040046;15;10;7;1730;1;2;1;1;1;8;63, PARIS (RUE DE);;;;930
201500040047;15;10;14;2030;5;2;3;2;2;8;149, VAILLANT COUTURIER;;;;930
201500040048;15;10;22;425;5;2;1;2;7;8;000, VAILLANT COUTURIER;;;;930
201500040049;15;10;22;455;5;2;6;2;3;8;00, PLACE SAINT JUSTE;;;;930
201500040050;15;10;24;2315;5;2;1;1;6;8;73, UNION (RUE DE L');;;;930
201500040051;15;10;27;2320;5;2;1;2;6;8;00, VAILLANT COUTURIER (;;;;930
201500040052;15;11;3;1140;1;2;1;2;6;8;0, VAILLANT COUTURIER (A;;;;930
201500040053;15;11;3;1630;1;2;1;1;6;8;0, VAILLANT COUTURIER (A;;;;930
201500040054;15;11;3;1845;3;2;1;1;6;8;00, VAILLANT COUTURIER (;;;;930
201500040055;15;11;6;845;1;2;1;1;6;8;0, MADELEINE (CHEMIN DE;;;;930
201500040056;15;11;7;1210;1;1;1;1;3;8;0, VAILLANT COUTURIER (A;;;;930
201500040057;15;11;30;1400;1;2;1;1;3;8;42 BELWO (RUE PAUL);;;;930
201500040058;15;10;26;1830;5;2;1;1;3;8;STALINGRAD (RUE DE) A10;;;;930
201500040059;15;11;12;2330;4;2;1;1;6;8;10, RENARD (RUE EDOUARD);;;;930
201500040060;15;11;13;1230;1;2;9;1;3;8;0, GRANDE DENISE (RUE DE;;;;930
201500040061;15;11;21;810;1;2;1;3;6;8;0, VAILLANT COUTURIER (A;;;;930
201500040062;15;11;21;1020;1;2;1;2;3;8;0, GRAND AIR (RUE DU);;;;930
201500040063;15;3;12;847;1;2;2;1;6;57;10, LOUIS XIV (AL.);;;;930
201500040064;15;1;4;210;5;2;1;9;4;10;113, GALLIENI (AV.) DE 1;;;;930
201500040065;15;1;10;1340;1;2;1;1;3;10;AULNAY (ROUTE) DE 47 A 1;;;;930
201500040066;15;1;15;1120;1;2;1;2;3;10;GATINE (RUE);;;;930
201500040067;15;1;22;950;1;2;1;1;6;10;BARBUSSE (AV. HENRI) DE;;;;930
201500040068;15;1;22;1755;5;2;1;1;6;57;47, BRIAND ( AV. ARISTID;;;;930
201500040069;15;2;2;1740;5;2;1;1;6;10;ignor?, STAINS (RTE DE);;;;930
201500040070;15;2;2;2015;5;2;1;1;4;57;12, MESANGES (AL. DES);;;;930
201500040071;15;2;4;1730;1;2;1;1;2;57;76, BRIAND (AV. ARISTIDE;;;;930
201500040072;15;2;8;900;1;2;1;8;2;57;0000000000, BRIAND (AV.;;;;930
201500040073;15;2;11;1645;1;2;3;1;6;10;inc, PASTEUR (AV.);;;;930
201500040074;15;2;12;840;1;2;1;1;2;57;46, MONTYON (AL.) 1 A 74;;;;930
201500040075;15;2;18;1220;1;2;1;8;6;10;GUESDES (RUE JULES);;;;930
201500040076;15;2;22;2135;5;2;2;4;6;10;0000000000, GUESDES (rUE;;;;930
201500040077;15;2;25;2220;5;2;2;8;2;10;VARAGNAT (AVENUE HENRI);;;;930
201500040078;15;2;26;1215;1;2;1;2;4;57;JAURES (AV. JEAN) 125 A;;;;930
201500040079;15;2;26;1950;5;2;1;3;6;10;0000000000, POTAGER (RUE;;;;930
201500040080;15;3;11;1040;1;2;1;1;6;10;GALLIENI (AV.) DE 111 A;;;;930
201500040081;15;3;13;1630;1;2;1;1;6;57;105, WILSON (AV. DU PRES;;;;930
201500040082;15;3;15;937;2;2;1;1;3;57;140 FRANKLIN (AV.) 104;;;;930
201500040083;15;3;18;1725;1;2;3;1;6;10;BLUM (AV. LEON);;;;930
201500040084;15;3;25;2030;5;2;6;1;6;10;BLUM (AV. LEON);;;;930
201500040085;15;3;26;2216;5;2;2;1;6;57;64, BRIAND (AV. ARISTIDE;;;;930
201500040086;15;3;29;945;1;2;1;2;3;10;28, DOLET (RUE ETIENNE);;;;930
201500040087;15;4;3;1500;1;2;4;2;6;57;AUFFRET (AL.JULES) 1 A 6;;;;930
201500040088;15;4;3;2045;5;2;1;3;2;57;59 BRIAND ( AV. ARISTID;;;;930
201500040089;15;4;13;1725;1;2;1;1;6;10;FRANCE (AV. ANATOLE) D;;;;930
201500040090;15;4;9;1820;1;2;1;1;3;57;0000000000, BRIAND ( AV.;;;;930
201500040091;15;3;11;1320;1;2;6;1;3;10;000000000, BLUM (AV. LEO;;;;930
201500040092;15;4;14;1720;1;2;1;1;3;10;0000000000 FRANCE (AV.;;;;930
201500040093;15;4;21;1020;1;2;1;1;3;10;VERDUN (AV. DE) 1 A 33;;;;930
201500040094;15;5;2;935;1;2;1;1;2;10;, BARBUSSE (AV. HENRI) D;;;;930
201500040095;15;5;5;720;1;2;1;1;2;57;BRIAND ( AV. ARISTIDE) 3;;;;930
201500040096;15;5;7;1710;1;2;1;1;6;10;07, LEBAS (AV. JEAN);;;;930
201500040097;15;5;14;1410;1;2;9;8;3;10;13, GATINE (RUE);;;;930
201500040098;15;5;7;740;1;2;1;1;3;10;BONDY (PONT);;;;930
201500040099;15;5;19;1515;1;2;1;1;3;57;140 BRIAND ( AV. ARISTI;;;;930
201500040100;15;5;13;1640;1;2;1;1;6;10;BUISSON (AV. SUZANNE);;;;930
201500040101;15;5;19;1835;1;2;3;1;3;57;BRIAND ( AV. ARISTIDE) 1;;;;930
201500040102;15;5;21;1710;1;2;1;1;6;10;LYSSANDRE (PL. GEORGES);;;;930
201500040103;15;5;22;1940;1;2;1;1;2;10;QUATORZE-JUILLET (AV. DU;;;;930
201500040104;15;5;31;1400;1;2;1;2;2;10;15, GALLIENI (AV.) DE 1;;;;930
201500040105;15;6;4;1110;1;2;1;1;6;10;BARBUSSE (AV. HENRI) DE;;;;930
201500040106;15;6;3;1755;1;2;1;1;6;10;181, GALLIENI (AV.) DE 2;;;;930
201500040107;15;6;5;705;1;2;5;7;7;57;BRIAND ( AV. ARISTIDE) 2;;;;930
201500040108;15;6;7;2125;2;2;2;1;3;57;JAURES (AV. JEAN) 125 A;;;;930
201500040109;15;6;9;1805;1;2;1;1;2;57;126, BRIAND (AV. ARISTID;;;;930
201500040110;15;6;10;1240;1;2;1;1;4;57;137, JAURES (AV. JEAN) 1;;;;930
201500040111;15;6;11;1417;1;2;9;1;1;10;VERDUN (AV. DE) 12 A FIN;;;;930
201500040112;15;6;12;2345;5;2;2;1;3;10;9 VAILLANT (RUE EDOUARD;;;;930
201500040113;15;6;15;1255;1;2;9;8;3;10;BARBUSSE (AV. HENRI) DE;;;;930
201500040114;15;6;15;1000;1;2;3;1;6;57;FABIEN (AL. DU COLONEL);;;;930
201500040115;15;6;18;1820;1;2;3;1;3;10;98, FRANCE (AV. ANATOLE);;;;930
201500040116;15;6;20;1905;1;2;1;1;1;10;22, GUEUGNON (AV.);;;;930
201500040117;15;6;22;1300;1;2;3;1;3;57;68, JAURES (AV. JEAN) 1;;;;930
201500040118;15;6;27;1752;1;2;1;7;6;57;MARAIS (AL. FRANCOIS);;;;930
201500040119;15;6;29;1100;1;2;6;1;3;10;GROSLAY (CHEM. DE);;;;930
201500040120;15;6;29;1441;1;2;1;1;3;57;262, BRIAND ( AV. ARISTI;;;;930
201500040121;15;7;4;1210;1;2;1;1;2;10;IGNORE, NEUBURGER (PL. N;;;;930
201500040122;15;7;5;2355;5;2;2;1;3;10;152, VAILLANT (RUE EDOUA;;;;930
201500040123;15;7;8;940;1;2;1;1;3;57;JAURES (AV. JEAN) 118 A;;;;930
201500040124;15;7;10;2350;5;2;1;1;7;10;GALLIENI (AV.) CONFORAMA;;;;930
201500040125;15;7;13;1545;1;2;1;1;3;10;108, GALLIENI (AV.) DE 1;;;;930
201500040126;15;7;22;910;1;2;2;1;3;10;GALLIENI (AV.) DE 177 A;;;;930
201500040127;15;7;24;125;5;2;1;1;7;10;FORET (PONT DE LA);;;;930
201500040128;15;7;26;505;5;2;1;1;3;57;230, BRIAND (AV. ARISTID;;;;930
201500040129;15;7;26;1240;1;2;2;2;3;57;MONTYON (AL.) 1 A 74;;;;930
201500040130;15;7;27;2020;1;2;1;1;6;10;53, GALLIENI (AV.) CONFO;;;;930
201500040131;15;7;31;815;1;2;1;1;3;10;47, BLANQUI (R. LOUIS-AU;;;;930
201500040132;15;7;31;1500;1;2;1;1;2;10;GALLIENI (AV.) DE 1 A 10;;;;930
201500040133;15;7;31;1550;1;2;1;1;3;10;0000000000, GALLIENI (AV;;;;930
201500040134;15;8;7;1725;1;2;1;2;6;57;278, BRIAND ( AV. ARISTI;;;;930
201500040135;15;8;11;1335;1;2;3;1;2;57;278, BRIAND ( AV.  ARIST;;;;930
201500040136;15;8;22;1545;1;2;1;1;1;10;20, VARAGNAT (AVENUE HEN;;;;930
201500040137;15;6;18;1810;1;2;1;1;6;10;36, GUESDES (RUE JULES);;;;930
201500040138;15;8;25;2150;5;2;1;2;3;10;0, GALLIENI (AV.) DE 177;;;;930
201500040139;15;8;30;2230;5;2;1;1;2;57;262, BRIAND (AV. ARISTID;;;;930
201500040140;15;9;9;1450;1;2;2;1;1;10;ROSNY (AV. DE);;;;930
201500040141;15;9;10;900;1;2;1;1;6;57;2, CALMANOVIC (AL. LOUIS;;;;930
201500040142;15;9;18;1809;1;2;1;2;2;10;130, GALLIENI (AV.) DE 9;;;;930
201500040143;15;9;25;915;1;2;4;1;3;10;GALLIENI (AV.) DE 1 A 10;;;;930
201500040144;15;9;28;820;1;2;1;1;6;57;BRIAND ( AV. ARISTIDE) 2;;;;930
201500040145;15;10;2;1158;1;1;1;1;2;10;GALLIENI (AV.) CONFORAMA;;;;930
201500040146;15;10;8;1430;1;2;9;1;3;10;27, QUATORZE-JUILLET (AV;;;;930
201500040147;15;10;9;1315;1;2;1;1;3;57;119, JAURES (AV. JEAN) 1;;;;930
201500040148;15;10;11;1625;1;2;1;1;2;57;108, BRIAND (AV. ARISTID;;;;930
201500040149;15;10;13;1700;1;2;1;1;3;10;52, GALLIENI (AV.) DE 2;;;;930
201500040150;15;10;16;2120;5;2;2;8;3;57;ESTIENNE (AL. ROBERT);;;;930
201500040151;15;10;21;900;1;2;2;1;3;10;VERDUN (AV. DE) 1 A 33;;;;930
201500040152;15;10;27;945;1;2;3;1;2;57;JAURES (AV. JEAN) 1 A 12;;;;930
201500040153;15;11;2;910;1;2;1;1;3;57;BRIAND ( AV.  ARISTIDE);;;;930
201500040154;15;11;4;1955;5;2;1;1;2;10;196, GALLIENI (AV.) DE 1;;;;930
201500040155;15;11;9;2350;5;2;1;1;2;10;60, GALLIENI (AV.) DE 17;;;;930
201500040156;15;11;12;1020;1;2;1;8;3;57;BRIAND (AV. ARISTIDE) 2;;;;930
201500040157;15;11;19;815;1;2;1;1;6;10;GALLIENI (AV.) DE 1 A 10;;;;930
201500040158;15;11;19;1835;5;2;1;2;2;57;68, JAURES (AV. JEAN) 11;;;;930
201500040159;15;11;22;1845;2;2;1;1;6;10;GATINE (RUE);;;;930
201500040160;15;11;25;1630;2;2;3;2;3;57;, BOUVINES ( AL. DE);;;;930
201500040161;15;11;27;1345;1;2;2;8;3;10;ROSNY (AV. DE);;;;930
201500040162;15;11;30;1615;1;2;1;1;6;10;PASTEUR (AV.);;;;930
201500040163;15;11;30;1950;5;2;1;1;3;10;AULNAY (ROUTE) COTE PAIR;;;;930
201500040164;15;12;1;1355;1;2;2;1;6;57;JAURES (AV. JEAN) 1 A 12;;;;930
201500040165;15;12;4;750;2;2;2;2;3;10;GALLIENI (AV.) DE 2 A 96;;;;930
201500040166;15;12;8;900;1;2;1;1;2;10;01, GUESDES (RUE JULES);;;;930
201500040167;15;12;12;1350;1;2;1;2;6;10;5, BLUM (AV. LEON);;;;930
201500040168;15;12;3;1725;5;2;1;1;6;10;10, BENHAMOU (R. MAURICE;;;;930
201500040169;15;12;15;1920;3;2;8;2;6;10;03, LIBERTE (RUE DE LA);;;;930