num_acc;an;mois;jour;hrmn;lum;agg;int;atm;col;com;adr;gps;lat;long;dep
201500040170;15;12;17;1150;1;2;3;1;6;10;1, VAILLANT (RUE EDOUARD;;;;930
201500040171;15;12;17;1840;5;2;1;1;6;10;GALLIENI (AV.) DE 1 A 10;;;;930
201500040172;15;12;20;30;5;2;9;1;3;57;272, BRIAND ( AV. ARISTI;;;;930
201500040173;15;12;21;1335;1;2;1;1;2;57;JAURES (AV. JEAN) 125 A;;;;930
201500040174;15;12;22;1200;1;2;1;1;4;10;GALLIENI (AV.) DE 1 A 10;;;;930
201500040175;15;12;24;705;5;2;2;1;3;57;JAURES (AV. JEAN) 118 A;;;;930
201500040176;15;12;24;1310;1;2;1;1;6;10;8, VARAGNAT (AVENUE HENR;;;;930
201500040177;15;12;25;1920;5;2;1;8;3;10;MOULIN (AV. JEAN) COTE P;;;;930
201500040178;15;12;27;550;5;2;1;1;6;57;BRIAND ( AV. ARISTIDE) 1;;;;930
201500040179;15;12;28;1400;1;2;1;1;6;10;GALLIENI (AV.) DE 177 A;;;;930
201500040180;15;5;15;915;1;2;1;1;2;57;183, PASTEUR (BD) 141 A;;;;930
201500040181;15;3;31;855;1;2;1;1;6;14;112, POSTES (CHEMIN DES);;;;930
201500040182;15;12;22;1415;1;2;1;1;3;47;JEAN MOULIN  (RUE);;;;930
201500040183;15;1;11;1425;1;2;5;1;3;14;MONTFERMEIL (ALLEE DE);;;;930
201500040184;15;1;14;2242;5;2;1;1;7;14;3, CHAPELLE (ALLEE DE LA;;;;930
201500040185;15;1;30;2150;3;2;1;2;1;14;STRATEGIQUE (ROUTE);;;;930
201500040186;15;2;1;1910;5;2;1;2;6;47;27, MESANGES  (AVENUE DE;;;;930
201500040187;15;2;6;1920;3;2;1;1;7;14;MAURICE AUDIN (ALLEE);;;;930
201500040188;15;2;6;2005;5;2;1;1;7;14;SEVIGNE (AVENUE DE);;;;930
201500040189;15;2;9;1628;1;2;1;1;6;47;61, HARDY  (BOULEVARD);;;;930
201500040190;15;2;17;1545;1;2;1;2;6;14;FREDERIC LADRETTE (ALLEE;;;;930
201500040191;15;2;22;1730;1;2;3;1;2;47;JEAN JAURES (AVENUE);;;;930
201500040192;15;3;15;1350;1;2;2;1;3;47;GABRIEL PERI  (AVENUE);;;;930
201500040193;15;3;17;1310;1;2;3;1;3;14;PIERRE SIMON (ALLEE);;;;930
201500040194;15;3;18;1615;1;2;3;1;3;14;COCHIN (ALLEE);;;;930
201500040195;15;3;21;1830;1;2;1;1;2;47;EUROPE (BOULEVARD DE L');;;;930
201500040196;15;3;27;2025;5;2;2;1;3;47;97, ARTS  (AVENUE DES);;;;930
201500040197;15;4;1;1930;1;2;3;1;3;47;GENERAL LECLERC  (RUE DU;;;;930
201500040198;15;4;3;910;1;2;1;1;2;14;, GAGARINE (BOULEVARD);;;;930
201500040199;15;4;6;2145;5;2;1;1;6;14;JEAN MOULIN (AVENUE);;;;930
201500040200;15;4;9;1300;1;2;2;1;3;47;JEAN JAURES (AVENUE);;;;930
201500040201;15;4;12;1615;1;2;1;1;6;14;GAGNY (ALLEE DE);;;;930
201500040202;15;4;15;1300;1;2;1;1;6;47;135, COUBRON (RUE DE );;;;930
201500040203;15;4;15;2000;1;2;1;1;4;47;153, JEAN JAURES (AVENUE;;;;930
201500040204;15;4;19;1135;1;2;1;1;2;47;JEAN JAURES (AVENUE);;;;930
201500040205;15;4;20;600;1;2;1;1;7;47;HARDY  (BOULEVARD);;;;930
201500040206;15;4;20;1815;1;2;1;1;7;14;16, SEVIGNE (RESIDENCE );;;;930
201500040207;15;4;20;2025;2;2;2;1;1;14;TOURELLE (CHEMIN DE LA);;;;930
201500040208;15;4;23;1645;1;2;1;1;6;47;GENERAL LECLERC  (RUE DU;;;;930
201500040209;15;4;27;1445;1;2;2;1;3;47;CHARMILLES (AVENUE DES);;;;930
201500040210;15;5;19;850;1;2;1;1;6;47;101, HARDY  (BOULEVARD);;;;930
201500040211;15;6;1;1820;1;2;1;1;7;47;BARGUE  (BOULEVARD);;;;930
201500040212;15;6;5;2100;2;2;1;1;7;14;SEVIGNE (AVENUE DE);;;;930
201500040213;15;6;7;1340;1;2;1;1;2;47;JEAN JAURES (AVENUE);;;;930
201500040214;15;6;8;1710;1;2;1;1;6;14;GAGNY (ALLEE DE);;;;930
201500040215;15;6;22;930;1;2;2;1;3;14;DUNAND (ALLEE);;;;930
201500040216;15;6;29;5;5;2;3;1;6;47;JEAN JAURES-(AVENUE);;;;930
201500040217;15;6;29;1820;1;2;1;1;3;47;GABRIEL PERI (AVENUE);;;;930
201500040218;15;6;29;2330;5;2;1;1;6;14;EMILE ZOLA (BOULEVARD);;;;930
201500040219;15;7;4;1820;1;2;1;9;6;14;SEVIGNE (AVENUE DE);;;;930
201500040220;15;7;18;2205;5;2;3;1;6;14;67, BELLEVUE (ALLEE DE);;;;930
201500040221;15;7;20;1845;1;2;1;1;6;47;JEAN JAURES (AVENUE);;;;930
201500040222;15;7;22;2215;5;2;1;1;2;14;MONTFERMEIL (ALLEE DE);;;;930
201500040223;15;7;26;1835;1;2;2;8;3;47;PAUL BERT  (RUE);;;;930
201500040224;15;7;31;1730;1;2;1;1;6;14;10, WILLIAM GUTSCHMIDT (;;;;930
201500040225;15;8;1;1300;1;2;3;1;2;47;EUROPE (BOULEVARD DE L');;;;930
201500040226;15;8;27;1315;1;2;5;2;3;47;CHEVREFEUILLES  (AVENUE;;;;930
201500040227;15;8;28;2115;3;2;1;1;3;14;136 MONTFERMEIL (ALLEE;;;;930
201500040228;15;9;4;1330;1;2;1;1;2;14;18, GAGNY (ALLEE DE);;;;930
201500040229;15;9;9;1735;1;2;1;1;6;14;0, ALBERT CAMUS (ALLEE);;;;930
201500040230;15;9;11;740;1;2;3;1;1;47;0, CALMETTE (RUE DU DR);;;;930
201500040231;15;9;24;1540;1;2;1;1;3;14;221, MONTFERMEIL (ALLEE;;;;930
201500040232;15;9;27;1330;1;2;1;1;6;47;18, BARGUE  (BOULEVARD);;;;930
201500040233;15;12;6;2015;5;2;1;1;3;47;SCIENCES   (AVENUE DES);;;;930
201500040234;15;8;11;1310;1;2;1;1;3;14;171, MONTFERMEIL (ALLEE;;;;930
201500040235;15;9;22;1130;1;2;1;2;6;14;TOURELLE (CHEMIN DE LA);;;;930
201500040236;15;9;28;1900;2;2;1;1;2;14;0, GAGARINE (BOULEVARD);;;;930
201500040237;15;10;6;900;1;2;1;3;3;14;00, AUGUSTE GENEVIEVE (A;;;;930
201500040238;15;10;9;1840;1;2;1;7;6;14;4, EMILE ZOLA (BOULEVARD;;;;930
201500040239;15;10;10;1315;1;2;9;1;3;14;MONTFERMEIL (ALLEE DE);;;;930
201500040240;15;10;11;1515;1;2;2;1;6;14;SEVIGNE (AVENUE DE);;;;930
201500040241;15;10;20;1450;1;2;1;1;2;14;COUBRON (ALLEE DE);;;;930
201500040242;15;10;25;1815;5;2;2;1;1;14;EMILE ZOLA (BOULEVARD);;;;930
201500040243;15;10;28;1045;1;2;2;2;3;47;GABRIEL PERI  (AVENUE);;;;930
201500040244;15;10;30;1920;5;2;1;1;6;14;ANATOLE FRANCE-(ALLEE);;;;930
201500040245;15;11;3;1850;5;2;4;1;5;47;191, JEAN JAURES (AVENUE;;;;930
201500040246;15;11;5;1720;5;2;5;1;6;14;GAGARINE (BOULEVARD);;;;930
201500040247;15;11;6;800;1;2;3;1;2;47;COUBRON  (VIEUX CHEMIN D;;;;930
201500040248;15;11;6;1710;1;2;2;2;3;14;GAGNY (ALLEE DE);;;;930
201500040249;15;11;12;1830;5;2;1;1;6;14;CHENE POINTU (ALLEE DU);;;;930
201500040250;15;11;13;1620;1;2;9;1;6;14;JEAN JAURES (ALLEE);;;;930
201500040251;15;11;26;1640;1;2;1;1;3;14;MONTFERMEIL (ALLEE DE);;;;930
201500040252;15;12;5;630;5;2;7;1;6;47;AMPERE  (PLACE);;;;930
201500040253;15;12;5;1210;1;2;1;1;2;47;66, COUBRON (RUE DE );;;;930
201500040254;15;12;8;1510;1;2;1;3;6;14;AUGUSTE GENEVIEVE (ALLEE;;;;930
201500040255;15;12;9;1300;1;2;1;1;3;47;GENERAL DE GAULLE (RUE D;;;;930
201500040256;15;12;10;2135;5;2;1;1;6;47;46, ROSSIGNOLS  (AVENUE;;;;930
201500040257;15;1;1;405;5;2;2;1;2;27;RASPAIL (RUE);;;;930
201500040258;15;1;3;1;5;2;1;8;6;13;139, LECLERC (AVENU DE L;;;;930
201500040259;15;1;11;1515;1;2;1;1;2;27;29, QUINET (RUE EDGAR);;;;930
201500040260;15;1;13;935;1;2;1;1;6;27;66, VAILLANT-COUTURIER (;;;;930
201500040261;15;1;22;1210;1;2;3;1;3;13;CAVILLON (RUE ANIZAN);;;;930
201500040262;15;1;22;1455;1;2;1;1;3;13;JAURES (AVENUE JEAN) DE;;;;930
201500040263;15;1;27;1700;1;2;1;1;6;13;32, JAURES (AVENUE JEAN);;;;930
201500040264;15;1;28;924;1;2;6;1;3;27;0, SALENGRO (AVENUE ROGE;;;;930
201500040265;15;1;28;1340;1;2;1;1;6;27;101, MERMOZ (AVENUE JEAN;;;;930
201500040266;15;2;16;1528;1;2;1;1;6;27;GENEVE (RUE DE);;;;930
201500040267;15;3;2;820;1;2;6;1;2;30;SEIZE-AOUT-1943 (PLACE D;;;;930
201500040268;15;3;5;1320;1;2;1;1;3;27;SAINT-DENIS (RUE DE);;;;930
201500040269;15;3;6;1840;2;2;1;1;4;27;100, VAILLANT-COUTURIER;;;;930
201500040270;15;3;13;1615;1;2;3;1;6;27;, LECLERC (AVENUE DU GEN;;;;930
201500040271;15;3;14;755;1;2;2;1;6;27;PALMERS (PONT);;;;930
201500040272;15;3;16;930;1;2;2;1;6;13;JAURES (AVENUE JEAN) DE;;;;930
201500040273;15;3;16;1700;1;2;6;1;3;27;LECLERC (AVENUE DU GENER;;;;930
201500040274;15;3;25;1420;1;2;2;1;3;13;KENNEDY (AVENUE JOHN FIT;;;;930
201500040275;15;3;26;1615;1;2;2;2;3;27;ROCHET (RUE WALDECK);;;;930
201500040276;15;3;30;940;1;2;1;1;3;13;JAURES (AVENUE JEAN) DE;;;;930
201500040277;15;3;31;1930;1;2;3;1;3;27;JAURES (AVENUE JEAN);;;;930
201500040278;15;4;1;840;1;2;1;6;3;13;47, ROLLAND (RUE DU CDT);;;;930
201500040279;15;4;1;655;2;2;1;6;6;27;SALENGRO (AVENUE ROGER);;;;930
201500040280;15;4;7;2142;5;2;3;1;6;13;10, VAILLANT (RUE EDOUAR;;;;930
201500040281;15;4;13;845;1;2;2;1;4;27;PASTEUR (BOULEVARD) DE 4;;;;930
201500040282;15;4;14;1410;1;2;1;1;6;27;59, CONVENTION (RUE DE L;;;;930
201500040283;15;4;16;1815;1;2;1;8;6;13;LINDBERGH (CARREFOUR);;;;930
201500040284;15;4;16;1840;1;2;1;1;3;27;114, RATEAU (RUE);;;;930
201500040285;15;4;18;721;2;2;1;1;7;27;2, CACHIN (AVENUE MARCEL;;;;930
201500040286;15;5;7;1930;1;2;1;1;7;27;5, TREFILERIE (RUE DE LA;;;;930
201500040287;15;5;7;2215;5;2;2;1;5;30;LECLERC DE HAUTECLOQUE (;;;;930
201500040288;15;5;12;630;1;2;1;1;2;27;62/64, CAVILLON (RUE ANI;;;;930
201500040289;15;5;15;100;5;2;1;2;4;13;LINDBERGH (CARREFOUR);;;;930
201500040290;15;5;19;740;1;2;1;1;5;13;ROLLAND (RUE DU CDT);;;;930
201500040291;15;5;19;1840;1;2;1;1;6;13;29, LECLERC (AVENU DE LA;;;;930
201500040292;15;5;26;1650;1;2;1;1;3;13;LINDBERGH (CARREFOUR);;;;930
201500040293;15;5;30;105;5;2;2;2;5;27;133, VAILLANT-COUTURIER;;;;930
201500040294;15;5;31;2100;2;2;1;2;2;13;63, LECLERC (AVENU DE LA;;;;930
201500040295;15;5;22;1735;1;2;2;1;3;27;FERRY (RUE JULES);;;;930
201500040296;15;6;2;2333;5;2;6;1;3;27;HUIT-MAI-1945 (PLACE DU);;;;930
201500040297;15;6;4;1050;1;2;1;1;1;27;JAURES (AVENUE JEAN);;;;930
201500040298;15;6;10;1415;1;2;2;1;1;27;VAILLANT-COUTURIER (AVEN;;;;930
201500040299;15;6;18;815;1;2;3;1;2;27;18, LENINE (AVENUE);;;;930
201500040300;15;6;18;1740;1;2;1;1;6;13;JAURES (AVENUE JEAN) DE;;;;930
201500040301;15;6;19;1250;1;2;2;1;2;13;JAURES (AVENUE JEAN) DE;;;;930
201500040302;15;6;24;1620;1;2;1;1;6;27;CACHIN (AVENUE MARCEL);;;;930
201500040303;15;6;25;1750;1;2;1;1;3;30;26, GUYNEMERS (RUE GEORG;;;;930
201500040304;15;7;1;2015;1;2;1;1;6;27;32, ROCHET (RUE WALDECK);;;;930
201500040305;15;7;6;2209;3;2;1;1;7;27;07, BALZAC (RUE HONORE D;;;;930
201500040306;15;7;6;1750;1;2;3;1;3;13;18, JAURES (AVENUE JEAN);;;;930
201500040307;15;7;7;2245;5;2;1;1;6;13;58, JAURES (AVENUE JEAN);;;;930
201500040308;15;7;8;2010;1;2;1;1;3;27;LECLERC (PLACE DU GENERA;;;;930
201500040309;15;7;9;715;1;2;1;1;1;27;SAINT-DENIS (RUE DE);;;;930
201500040310;15;7;13;2030;1;2;1;1;6;27;76, CONVENTION (RUE DE L;;;;930
201500040311;15;7;16;2120;2;1;6;1;6;13;LINDBERGH (CARREFOUR);;;;930
201500040312;15;7;20;2210;5;2;1;1;6;27;BARBUSSE (AVENUE HENRI);;;;930
201500040313;15;7;27;1715;1;2;1;1;4;27;46, QUINET (RUE EDGAR);;;;930
201500040314;15;8;2;1255;1;2;1;1;7;13;JAURES (AVENUE JEAN) DE;;;;930
201500040315;15;8;6;730;1;2;6;1;3;27;PASTEUR (BOULEVARD) DE 1;;;;930
201500040316;15;8;6;1000;1;2;1;1;6;27;VAILLANT-COUTURIER (AVEN;;;;930
201500040317;15;8;8;1950;1;2;1;1;7;27;CONVENTION (RUE DE LA);;;;930
201500040318;15;8;11;2015;1;2;3;1;2;27;Av Jean JAURES-SortieA86;;;;930
201500040319;15;8;19;2030;5;2;1;1;6;27;LENINE (AVENUE);;;;930
201500040320;15;8;30;720;1;2;1;1;2;27;167, VAILLANT-COUTURIER;;;;930
201500040321;15;9;4;1410;1;2;3;1;3;27;nйant, PRESOV (AVENUE DE;;;;930
201500040322;15;9;6;940;1;2;2;1;3;27;X, PASTEUR (BOULEVARD) D;;;;930
201500040323;15;9;7;1830;1;2;1;1;6;13;25, JAURES (AVENUE JEAN);;;;930
201500040324;15;9;12;1730;1;2;7;3;4;27;LECLERC (PLACE DU GENERA;;;;930
201500040325;15;9;14;1920;2;2;1;8;2;27;SALENGRO (AVENUE ROGER);;;;930
201500040326;15;9;23;1805;1;2;1;1;2;13;22, LECLERC (AVENU DE LA;;;;930
201500040327;15;9;23;2135;5;2;1;1;5;27;127, VAILLANT-COUTURIER;;;;930
201500040328;15;9;28;1335;1;2;1;1;5;27;57, MERMOZ (AVENUE JEAN);;;;930
201500040329;15;10;2;910;1;1;6;1;6;13;LINDBERGH (CARREFOUR);;;;930
201500040330;15;10;9;1555;1;2;1;1;2;30;, SEIZE-AOUT-1943 (PLACE;;;;930
201500040331;15;10;11;1650;1;2;1;1;3;27;68, LECLERC (AVENUE DU G;;;;930
201500040332;15;10;13;1945;5;2;1;1;3;27;44, QUINET (RUE EDGAR);;;;930
201500040333;15;10;16;700;3;1;2;2;6;13;Av Div LECLERC-entrйe A1;;;;930
201500040334;15;10;20;1350;1;2;1;8;7;27;CONVENTION (RUE DE LA);;;;930
201500040335;15;10;21;1400;1;2;1;1;3;27;PRESOV (AVENUE DE);;;;930
201500040336;15;10;23;1155;1;2;1;1;3;27;VAILLANT-COUTURIER (AVEN;;;;930
201500040337;15;10;24;1635;1;2;1;1;3;27;LECLERC (PLACE DU GENERA;;;;930
201500040338;15;10;28;1650;1;2;3;1;3;27;RATEAU (RUE);;;;930
201500040339;15;11;5;1312;1;2;1;1;3;27;89, PASTEUR (BOULEVARD);;;;930
201500040340;15;11;8;1128;1;2;1;1;6;27;100, VAILLANT-COUTURIER;;;;930
201500040341;15;11;9;2151;5;2;1;1;3;27;LECLERC (AVENUE DU GENER;;;;930
201500040342;15;11;12;335;5;2;1;1;7;13;89, LECLERC (AVENU DE LA;;;;930
201500040343;15;11;13;5;5;2;3;1;1;27;85, PASTEUR (BOULEVARD);;;;930
201500040344;15;11;20;1930;5;2;1;2;2;30;, HUIT-MAI-1945 (AVENUE;;;;930
201500040345;15;11;21;2005;5;2;1;2;2;30;CROIZAT (AVENUE AMBROISE;;;;930
201500040346;15;12;1;840;1;2;1;1;3;13;43 bis, ROLLAND (RUE DU;;;;930
201500040347;15;11;21;920;1;2;1;2;6;27;80 A 98, REPUBLIQUE (AVE;;;;930
201500040348;15;11;27;2020;5;2;1;2;6;13;LECLERC (AVENU DE LA DIV;;;;930
201500040349;15;12;2;830;1;2;1;1;2;30;HUIT-MAI-1945 (AVENUE DU;;;;930
201500040350;15;12;2;1618;1;2;1;1;6;13;10, ELISE DEROCHE (Avenu;;;;930
201500040351;15;12;2;1810;2;2;4;1;6;13;60, JAURES (AVENUE JEAN);;;;930
201500040352;15;12;5;1540;1;2;6;8;4;27;LECLERC (AVENUE DU GENER;;;;930
201500040353;15;12;8;1410;1;2;1;2;2;27;CONVENTION (RUE DE LA);;;;930
201500040354;15;12;11;1420;1;2;1;8;7;27;PREVOTE (RUE DE LA);;;;930
201500040355;15;12;24;1905;5;2;2;1;3;30;FALLIERES (RUE FELIX);;;;930
201500040356;15;12;18;1550;1;2;1;1;6;27;85, REPUBLIQUE (AVENUE D;;;;930
201500040357;15;12;9;510;5;2;1;1;7;13;LINDBERGH (CARREFOUR);;;;930
201500040358;15;12;10;1236;1;2;9;1;2;27;VAILLANT-COUTURIER (AVEN;;;;930
201500040359;15;1;6;1950;5;2;1;1;7;29;STATION (DE LA);;;;930
201500040360;15;1;14;1945;3;2;1;1;1;29;84, REPUBLIQUE (DE LA) N;;;;930
201500040361;15;1;22;2010;5;2;1;1;2;29;89, MARCEAU (AVENUE) N?;;;;930
201500040362;15;1;26;1400;1;2;6;2;2;29;STALINGRAD (DE);;;;930
201500040363;15;1;28;2100;3;2;3;1;3;29;HENRI BARBUSSE (AVE) N?2;;;;930
201500040364;15;2;4;1718;1;2;3;1;3;29;124, FAIDHERBE;;;;930
201500040365;15;2;4;2024;5;2;1;1;3;29;, CHARLES GIDE;;;;930
201500040366;15;2;5;1405;1;2;1;1;6;29;02, MARCELIN BERTHELOT;;;;930
201500040367;15;2;18;1350;1;2;3;8;3;29;4, REPUBLIQUE (DE LA) N?;;;;930
201500040368;15;3;3;1130;1;2;8;1;6;29;197, ANATOLE FRANCE;;;;930
201500040369;15;3;5;1255;1;2;1;1;1;29;30, HENRI BARBUSSE (AVE);;;;930
201500040370;15;3;7;1520;1;2;3;1;3;29;PAUL VAILLANT COUTURIER;;;;930
201500040371;15;3;7;130;5;2;2;1;3;29;28, EDMOND GILLETTE;;;;930
201500040372;15;3;8;1358;1;2;2;1;6;29;JEAN JAURES (AVENUE);;;;930
201500040373;15;3;9;1850;5;2;1;1;6;29;24, PAUL VAILLANT COUTUR;;;;930
201500040374;15;3;9;1930;5;2;3;1;6;29;MARCEAU (AVENUE) N° 1-27;;;;930
201500040375;15;3;20;1353;1;2;1;1;6;29;81, MARCEAU (AVENUE) N°;;;;930
201500040376;15;3;21;1845;1;2;1;1;6;29;115, CHARLES GIDE;;;;930
201500040377;15;3;21;2145;5;2;1;1;2;29;244, HENRI BARBUSSE (AVE;;;;930
201500040378;15;3;29;2100;5;2;3;2;3;29;120, HENRI BARBUSSE (AVE;;;;930
201500040379;15;4;14;1830;1;2;1;1;7;29;86, SAINT-STENAY;;;;930
201500040380;15;4;17;425;5;2;1;1;6;29;60, ALSACE LORRAINE;;;;930
201500040381;15;4;21;1830;1;2;1;1;1;29;55, ANATOLE FRANCE;;;;930
201500040382;15;4;22;1025;1;2;1;7;6;29;118, HENRI BARBUSSE (AVE;;;;930
201500040383;15;5;10;2140;5;2;4;1;1;29;195, MAURICE BERNARD;;;;930
201500040384;15;5;11;805;1;2;9;1;2;29;133, SADI CARNOT;;;;930
201500040385;15;5;11;1717;1;2;3;1;6;29;48, ROGER SALENGRO N° 02;;;;930
201500040386;15;5;13;930;1;2;1;1;6;29;169, ANATOLE FRANCE;;;;930
201500040387;15;5;16;210;5;2;1;1;6;29;21, LIBERTE (DE LA);;;;930
201500040388;15;5;16;2238;5;2;2;1;3;29;167, HENRI BARBUSSE (AVE;;;;930
201500040389;15;5;18;1325;1;2;3;1;3;29;34, LIBERTE (DE LA);;;;930
201500040390;15;5;31;335;4;2;1;8;6;29;STALINGRAD (DE);;;;930
201500040391;15;6;1;830;1;2;1;1;2;29;12, STALINGRAD (DE);;;;930
201500040392;15;6;15;700;1;2;2;1;3;29;2, SADI CARNOT;;;;930
201500040393;15;6;17;1615;1;2;2;1;6;29;118, HENRI BARBUSSE (AVE;;;;930
201500040394;15;6;21;1110;1;2;9;1;6;29;38, HENRI BARBUSSE (AVE);;;;930
201500040395;15;6;26;1600;1;2;1;1;6;29;4, DIVISION LECLERC (AV.;;;;930
201500040396;15;6;30;930;1;2;1;7;6;29;ROGER SALENGRO N° 02-92;;;;930
201500040397;15;7;3;2215;5;2;7;1;3;29;179, HENRI BARBUSSE (AVE;;;;930
201500040398;15;7;5;1;5;2;1;1;6;29;44 CONCORDE (AVENUE DE;;;;930
201500040399;15;7;9;1045;1;2;2;1;1;29;10, EMILE DESPREZ;;;;930
201500040400;15;7;28;1530;1;2;9;1;6;29;115, HENRI BARBUSSE (AVE;;;;930
201500040401;15;7;31;1940;1;2;1;1;6;29;76, JEAN JAURES (AVENUE);;;;930
201500040402;15;8;21;1710;1;2;9;1;6;29;15, BOIS DE GROSLAY (DES;;;;930
201500040403;15;8;31;815;1;2;1;1;6;29;7, GRAND AIR (DU);;;;930
201500040404;15;8;31;1815;1;2;1;1;6;29;160, JEAN JAURES (AVENUE;;;;930
201500040405;15;9;6;1410;1;2;3;1;3;29;66, DIVISION LECLERC (AV;;;;930
201500040406;15;9;9;1900;1;2;1;1;6;29;103 HENRI BARBUSSE (AVE;;;;930
201500040407;15;9;14;1840;1;2;1;2;6;29;234, ANATOLE FRANCE;;;;930
201500040408;15;9;18;1330;1;2;6;2;6;29;170, STALINGRAD (DE);;;;930
201500040409;15;9;27;1645;1;2;6;1;6;29;80, SAINT-STENAY;;;;930
201500040410;15;10;1;1815;2;2;1;1;2;29;1, GATEAU LAMBLIN;;;;930
201500040411;15;10;3;1620;1;2;1;1;6;29;37, AMBROISE CROIZAT;;;;930
201500040412;15;10;12;1315;1;2;2;1;6;29;71, HENRI LANGLOIS;;;;930
201500040413;15;10;12;1340;1;2;1;1;6;29;142, ROGER SALENGRO N° 9;;;;930
201500040414;15;10;13;1710;1;2;3;1;3;29;87, SADI CARNOT;;;;930
201500040415;15;10;16;635;5;2;2;2;3;29;78, JEAN JAURES (AVENUE);;;;930
201500040416;15;10;19;1900;5;2;1;1;6;29;ROGER PETIEU;;;;930
201500040417;15;10;19;1930;5;2;2;1;3;29;1, MARCEAU (AVENUE) N° 1;;;;930
201500040418;15;10;22;1315;1;2;1;2;6;29;79, SADI CARNOT;;;;930
201500040419;15;10;22;1915;5;2;3;2;6;29;85, HENRI BARBUSSE (AVE);;;;930
201500040420;15;10;24;205;3;2;1;1;6;29;42, ALSACE LORRAINE;;;;930
201500040421;15;10;29;2250;5;2;2;1;3;29;139, HENRI BARBUSSE (AVE;;;;930
201500040422;15;11;1;145;5;2;1;1;6;29;10, PARMENTIER;;;;930
201500040423;15;11;5;2100;5;2;1;2;4;29;150, STALINGRAD (DE);;;;930
201500040424;15;11;10;1326;1;2;3;1;3;29;REPUBLIQUE (DE LA) N° 1-;;;;930
201500040425;15;11;22;1730;5;2;9;1;3;29;294, JEAN JAURES (AVENUE;;;;930
201500040426;15;12;6;2115;5;2;0;1;2;29;80, STALINGRAD (DE);M;0;0;930
201500040427;15;12;19;925;1;2;3;1;3;29;BOIS D'AMOUR (AVENUE DU);;;;930
201500040428;15;12;20;455;5;2;9;1;6;29;ALSACE LORRAINE;;;;930
201500040429;15;12;27;25;5;2;2;1;3;29;LOUIS GREUZARD;;;;930
201500040430;15;1;5;625;5;2;2;1;6;31;0, JEAN JAURES (AVENUE);;;;930
201500040431;15;1;13;1530;1;2;3;3;3;79;62, SAINT LEU (ROUTE);;;;930
201500040432;15;1;15;1740;5;2;1;2;2;31;209, SAINT LEU (ROUTE DE;;;;930
201500040433;15;1;26;1700;2;2;2;2;6;31;00, DIX HUIT JUIN 1940 (;;;;930
201500040434;15;1;30;1940;5;2;1;1;6;31;134, JOFFRE (AVENUE);;;;930
201500040435;15;1;30;2000;5;2;1;1;6;31;27, MARSEILLE (RUE DE);;;;930
201500040436;15;2;5;800;1;2;1;1;6;31;85, JEAN JAURES (AVENUE);;;;930
201500040437;15;2;16;1230;1;2;1;1;6;79;00, SAINT LEU (ROUTE);;;;930
201500040438;15;2;16;1610;1;2;1;8;6;31;16, REPUBLIQUE (AVENUE);;;;930
201500040439;15;2;16;2345;4;2;1;1;6;31;118, PARIS (RUE DE);;;;930
201500040440;15;2;20;1100;1;2;1;2;3;31;00, REPUBLIQUE (AVENUE);;;;930
201500040441;15;2;21;1105;1;2;2;3;3;31;160, REPUBLIQUE (AVENUE);;;;930
201500040442;15;2;22;125;5;2;2;1;1;31;00, REPUBLIQUE (AVENUE);;;;930
201500040443;15;2;23;1505;1;2;1;1;6;31;00, ARGENTEUIL (ROUTE D';;;;930
201500040444;15;3;2;1815;1;2;1;1;3;31;88, DE LATTRE DE TASSIGN;;;;930
201500040445;15;3;5;900;1;2;1;1;6;31;14, FOCH (BOULEVARD);;;;930
201500040446;15;3;5;1245;1;2;3;1;6;31;00, GOUNOD (RUE);;;;930
201500040447;15;3;7;2340;5;2;1;1;2;31;00, REPUBLIQUE (AVENUE);;;;930
201500040448;15;3;13;2000;5;2;2;1;2;31;00, PARIS (RUE DE);;;;930
201500040449;15;3;23;1535;1;2;2;1;3;31;00, REPUBLIQUE (AVENUE);;;;930
201500040450;15;3;26;1710;1;2;3;1;6;31;22, ORMESSON (RUE D');;;;930
201500040451;15;3;27;1815;1;2;3;1;6;31;22, PARIS (RUE DE);;;;930
201500040452;15;3;30;1700;1;2;1;1;6;31;00, DE LATTRE DE TASSIGN;;;;930
201500040453;15;4;6;1755;1;2;1;1;6;31;67, ENGHIEN (AV D');;;;930
201500040454;15;4;10;2345;5;2;3;1;3;31;187, SAINT LEU (ROUTE DE;;;;930
201500040455;15;4;15;825;1;2;3;1;6;31;, PRESLES (RUE DES);;;;930
201500040456;15;4;15;1625;1;2;2;1;1;31;0, ALLENDE (AVENUE SALVA;;;;930
201500040457;15;4;25;1100;1;2;1;1;3;79;00, JEAN ALLEMANE;;;;930
201500040458;15;4;24;2150;5;2;1;1;6;79;00, NOUVELLE;;;;930
201500040459;15;4;25;1555;1;2;2;1;3;31;1, REPUBLIQUE (AVENUE);;;;930
201500040460;15;5;2;1300;1;2;3;1;3;31;00, REPUBLIQUE (AVENUE);;;;930
201500040461;15;5;4;1400;1;2;9;1;1;79;00, SAINT LEU (ROUTE);;;;930
201500040462;15;5;5;1430;1;2;1;1;6;31;81, MARNE (AVENUE DE LA);;;;930
201500040463;15;5;8;1645;1;2;2;1;1;79;98, SAINT LEU (ROUTE);;;;930
201500040464;15;5;13;730;1;2;1;1;1;31;112, REPUBLIQUE (AVENUE);;;;930
201500040465;15;5;13;1800;1;2;2;1;2;31;00, ESPACE LUMIERE-DELAT;;;;930
201500040466;15;5;15;835;1;2;1;1;6;31;32, MARNE (AVENUE DE LA);;;;930
201500040467;15;6;1;1315;1;2;1;1;6;79;47, ROGER SALENGRO;;;;930
201500040468;15;6;2;800;1;2;3;8;4;31;00, NANCY (RUE DE);;;;930
201500040469;15;6;8;2100;2;2;1;1;5;79;187, SAINT LEU (ROUTE);;;;930
201500040470;15;6;16;955;1;2;2;1;3;31;1, PARIS (RUE DE);;;;930
201500040471;15;6;17;955;1;2;1;1;3;31;197, ESPACE LUMIERE-DELA;;;;930
201500040472;15;6;19;1610;1;2;1;1;3;79;133, DIVISION LECLERC (A;;;;930
201500040473;15;6;26;1540;1;2;2;1;1;79;00, SAINT LEU (ROUTE);;;;930
201500040474;15;6;29;2100;1;2;1;1;6;31;00, SAINT LEU (ROUTE DE);;;;930
201500040475;15;7;6;1730;1;2;1;1;6;31;102, REPUBLIQUE (AVENUE);;;;930
201500040476;15;7;6;1950;1;2;1;1;3;31;00, REPUBLIQUE (AVENUE);;;;930
201500040477;15;7;6;1400;1;2;1;1;6;31;24, REPUBLIQUE (AVENUE);;;;930
201500040478;15;7;9;1900;1;2;1;1;3;31;53, FOCH (BOULEVARD);;;;930
201500040479;15;7;11;1950;1;2;1;1;6;31;24, MARSEILLE (RUE DE);;;;930