num_acc;an;mois;jour;hrmn;lum;agg;int;atm;col;com;adr;gps;lat;long;dep
201500040480;15;7;11;1400;1;2;1;1;3;31;00, FELIX MERLIN;;;;930
201500040481;15;7;11;1830;1;2;3;1;6;31;160, REPUBLIQUE (AVENUE);;;;930
201500040482;15;7;16;1105;1;2;9;1;6;31;0, DE LATTRE DE TASSIGNY;;;;930
201500040483;15;7;21;520;2;2;1;1;2;31;160, REPUBLIQUE (AVENUE);;;;930
201500040484;15;7;22;2150;2;2;1;1;1;79;00, MARCEL SEMBAT;;;;930
201500040485;15;7;27;5;5;2;2;2;1;31;00, JEAN JAURES (AVENUE);;;;930
201500040486;15;7;27;1255;1;2;1;8;6;31;00, FELIX MERLIN;;;;930
201500040487;15;7;30;2200;5;2;1;1;3;31;160, REPUBLIQUE (AVENUE);;;;930
201500040488;15;8;8;1440;1;2;1;1;6;31;20, FELIX MERLIN;;;;930
201500040489;15;8;8;1730;1;2;1;1;6;31;81, GALLIENI (AVENUE);;;;930
201500040490;15;8;11;1305;1;2;1;1;5;31;61, GALLIENI (AVENUE);;;;930
201500040491;15;8;15;1730;1;2;2;1;3;31;REPUBLIQUE (AVENUE);;;;930
201500040492;15;8;16;1300;1;2;7;1;1;31;65, ORGEMONT (RUE D');;;;930
201500040493;15;8;21;2220;5;2;9;1;1;31;EGLISE (RUE DE L');;;;930
201500040494;15;8;27;2004;5;2;1;3;6;79;112, MAURICE GRANDCOING;;;;930
201500040495;15;9;2;1018;1;2;3;1;2;31;19, DE LATTRE DE TASSIGN;;;;930
201500040496;15;9;2;1140;1;2;3;1;3;31;129, JEAN JAURES (AVENUE;;;;930
201500040497;15;9;3;1330;1;2;4;1;3;31;160, REPUBLIQUE (AVENUE);;;;930
201500040498;15;9;6;1200;1;2;1;1;6;31;FELIX MERLIN;;;;930
201500040499;15;9;7;850;1;2;1;1;6;31;DE LATTRE DE TASSIGNY (1;;;;930
201500040500;15;9;8;1310;1;2;1;1;3;31;REPUBLIQUE (AVENUE);;;;930
201500040501;15;9;10;2000;1;2;1;1;3;31;84, REPUBLIQUE (AVENUE);;;;930
201500040502;15;9;12;1345;1;2;3;3;3;31;DIX HUIT JUIN 1940 (AVEN;;;;930
201500040503;15;9;12;1735;1;2;9;3;7;31;, JOFFRE (AVENUE);;;;930
201500040504;15;9;14;1900;1;2;1;2;6;79;JEAN ALLEMANE;;;;930
201500040505;15;9;16;2225;5;2;2;1;3;31;REPUBLIQUE (AVENUE);;;;930
201500040506;15;9;19;1120;1;2;1;1;6;31;23, GALLIENI (AVENUE);;;;930
201500040507;15;9;20;650;5;2;4;1;6;31;FOCH (BOULEVARD);;;;930
201500040508;15;9;21;1030;1;2;1;1;6;79;JEAN BAPTISTE CLEMENT;;;;930
201500040509;15;9;22;1150;1;1;1;2;3;79;JEAN BAPTISTE CLEMENT;;;;930
201500040510;15;9;26;120;5;2;4;1;1;31;JOFFRE (AVENUE);;;;930
201500040511;15;9;28;1850;1;2;1;1;6;79;162, DIVISION LECLERC (A;;;;930
201500040512;15;10;2;1255;1;2;1;1;6;31;34, DE LATTRE DE TASSIGN;;;;930
201500040513;15;10;3;1350;1;2;2;1;3;31;160, REPUBLIQUE (AVENUE);;;;930
201500040514;15;10;5;1820;1;2;1;3;3;79;99, JEAN BAPTISTE CLEMEN;;;;930
201500040515;15;10;6;2015;5;2;1;1;3;31;1/3, SAINT LEU (ROUTE DE;;;;930
201500040516;15;10;9;2220;5;2;1;1;2;31;22, CDT LOUIS BOUCHET (A;;;;930
201500040517;15;10;12;1750;1;2;1;1;6;79;8, ROGER SALENGRO;;;;930
201500040518;15;10;31;1305;1;2;2;1;3;31;PARIS (RUE DE);;;;930
201500040519;15;11;3;730;2;2;5;8;6;31;0, REPUBLIQUE (AVENUE);;;;930
201500040520;15;11;5;1650;2;2;1;1;6;79;1, JEAN BAPTISTE CLEMENT;;;;930
201500040521;15;11;7;2325;5;2;1;1;6;31;29, MARSEILLE (RUE DE);;;;930
201500040522;15;11;9;1800;5;2;4;1;1;31;REPUBLIQUE (AVENUE);;;;930
201500040523;15;11;20;1710;5;2;1;2;6;31;209, SAINT LEU (ROUTE DE;;;;930
201500040524;15;11;21;700;2;2;9;2;3;31;153, REPUBLIQUE (AVENUE);;;;930
201500040525;15;11;26;1250;1;2;1;1;6;31;161, REPUBLIQUE (AVENUE);;;;930
201500040526;15;12;4;1215;1;2;1;1;3;31;0, SAINT LEU (ROUTE DE);;;;930
201500040527;15;12;10;1915;5;2;2;1;3;31;MARNE (AVENUE DE LA);;;;930
201500040528;15;12;15;1800;3;2;1;2;6;79;114, SAINT LEU (ROUTE);;;;930
201500040529;15;12;20;2245;5;2;1;2;3;79;52, SAINT LEU (ROUTE);;;;930
201500040530;15;12;29;1110;1;2;3;1;6;31;FELIX MERLIN;;;;930
201500040531;15;12;30;1405;1;2;1;1;1;79;SAINT LEU (ROUTE);;;;930
201500040532;15;1;5;1610;1;2;3;1;3;32;HIPPOLYTE  PINA  (RUE);;;;930
201500040533;15;1;28;745;1;2;2;1;3;32;CENTRALE   (AVENUE);;;;930
201500040534;15;2;2;1610;1;2;1;1;6;32;38, JEAN JAURES (AVENUE);;;;930
201500040535;15;2;11;1710;1;2;1;1;3;32;86, ARISTIDE BRIAND (RUE;;;;930
201500040536;15;3;2;1610;1;2;1;1;4;32;115, PAUL VAILLANT COUTU;;;;930
201500040537;15;3;14;400;5;2;3;1;3;32;96, CHEMIN DE FER   (RUE;;;;930
201500040538;15;3;19;20;5;2;1;1;6;32;55, MAISON ROUGE  (RUE D;;;;930
201500040539;15;3;30;810;1;2;3;2;6;32;TOULOUSE  (AVENUE DE);;;;930
201500040540;15;4;4;1600;1;2;1;8;1;32;55, JEAN JAURES (AVENUE);;;;930
201500040541;15;4;9;1740;1;2;3;1;3;32;81, ARISTIDE BRIAND (RUE;;;;930
201500040542;15;4;13;2005;1;2;1;1;6;32;38 b, JEAN JAURES (AVENU;;;;930
201500040543;15;4;15;1415;1;2;7;1;6;32;38, JEAN JAURES (AVENUE);;;;930
201500040544;15;5;15;1820;1;2;1;1;6;32;86, DIX NEUF MARS   (RUE;;;;930
201500040545;15;5;24;1905;1;2;1;1;6;32;DHUYS   (ALLEE DE LA);;;;930
201500040546;15;6;2;2040;1;2;2;7;2;32;PAUL VAILLANT COUTURIER;;;;930
201500040547;15;6;5;1920;1;2;1;1;2;32;50, HENRI BARBUSSE   (AV;;;;930
201500040548;15;6;9;2155;2;2;3;1;3;32;CHENES (ALLEE DES);;;;930
201500040549;15;6;14;123;5;2;1;1;3;32;JEAN JAURES (AVENUE);;;;930
201500040550;15;6;17;1550;1;2;2;1;3;32;05, PARMENTIER   (RUE);;;;930
201500040551;15;6;24;750;1;2;1;1;3;32;PAUL VAILLANT COUTURIER;;;;930
201500040552;15;7;7;850;1;2;2;1;3;32;HAUTE CARRIERE   (RUE DE;;;;930
201500040553;15;7;15;1130;1;2;1;7;6;32;149, VERSAILLES (AVENUE;;;;930
201500040554;15;7;17;45;5;2;1;1;6;32;26bis, JEAN JAURES (AVEN;;;;930
201500040555;15;7;22;1950;1;2;1;1;6;32;08, ALBERT CAMUS   (RUE);;;;930
201500040556;15;8;5;1120;1;2;1;1;3;32;ABBESSES  (CHEMIN D'ACCE;;;;930
201500040557;15;8;9;2015;1;2;1;1;3;32;ARISTIDE BRIAND (RUE);;;;930
201500040558;15;8;8;1900;1;2;3;1;3;32;11, LOUIS BOUCHET   (RUE;;;;930
201500040559;15;8;26;1115;1;2;2;1;3;32;GAITE   (AVENUE DE LA);;;;930
201500040560;15;8;30;134;5;2;1;1;6;32;43, CHENES (ALLEE DES);;;;930
201500040561;15;9;5;115;5;2;1;1;3;32;53, JEAN JAURES (AVENUE);;;;930
201500040562;15;9;10;2100;5;2;1;1;6;32;HENRI BARBUSSE   (AVENUE;;;;930
201500040563;15;9;17;1405;1;2;3;8;1;32;DIX NEUF MARS   (RUE DU);;;;930
201500040564;15;9;17;1810;1;2;6;1;6;32;47, CONTANT   (RUE);;;;930
201500040565;15;9;19;1240;1;2;1;1;3;32;20, PARIS  (RUE DE);;;;930
201500040566;15;9;20;210;5;2;1;1;2;32;JEAN JAURES (AVENUE);;;;930
201500040567;15;9;29;1225;1;2;1;1;6;32;26, RENE BASCHET   (RUE);;;;930
201500040568;15;10;4;35;5;2;2;1;3;32;PAUL VAILLANT COUTURIER;;;;930
201500040569;15;10;6;815;1;2;1;3;6;32;MAISON ROUGE  (RUE DE LA;;;;930
201500040570;15;10;31;2010;5;2;3;1;3;32;JEAN PIERRE GARDEBLED (R;;;;930
201500040571;15;11;2;1710;3;2;1;1;2;32;136, JULES GUESDES  (RUE;;;;930
201500040572;15;11;20;1830;5;2;9;2;6;32;30, SAINT DIZIER   (BOUL;;;;930
201500040573;15;11;20;2220;5;2;1;8;3;32;182, MONTFERMEIL   (ALLE;;;;930
201500040574;15;11;22;1120;1;2;2;1;6;32;162, MONTFERMEIL   (ALLE;;;;930
201500040575;15;11;28;1500;1;2;2;1;3;32;30, MADELEINE    (ALLEE);;;;930
201500040576;15;12;4;1455;1;2;1;1;6;32;DIX NEUF MARS   (RUE DU);;;;930
201500040577;15;12;15;1040;1;2;3;2;3;32;VICTOR AUBRY  (RUE);;;;930
201500040578;15;12;16;1930;5;2;3;2;6;32;JEAN JAURES (AVENUE);;;;930
201500040579;15;12;20;2117;5;2;3;2;3;32;CHATEAU   (AVENUE DU);;;;930
201500040580;15;12;25;2000;5;2;3;1;3;32;HENRI BARBUSSE   (AVENUE;;;;930
201500040581;15;12;29;1725;5;2;1;1;6;32;06, DRAGON   (AVENUE DU);;;;930
201500040582;15;1;1;1950;5;2;1;1;1;45;34, LIBERTE BD DE LA;;;;930
201500040583;15;1;6;900;1;2;1;1;3;63;16, BENFLEET RUE DE;;;;930
201500040584;15;1;6;1815;5;2;1;1;3;63;57, KERAUTRET AVENUE PIE;;;;930
201500040585;15;1;7;100;5;2;1;5;6;63;BERLIOZ AVENUE;;;;930
201500040586;15;1;14;1315;1;2;1;1;2;6;FERRY JULES RUE;;;;930
201500040587;15;1;16;2118;5;2;1;2;3;45;LECLERC BOULEVARD DU GEN;;;;930
201500040588;15;1;19;1745;5;2;2;1;6;6;19/21, DELESCLUSE CHARLE;;;;930
201500040589;15;1;22;1250;1;2;1;1;6;63;, METZ AVENUE DE;;;;930
201500040590;15;1;28;345;5;2;1;8;6;45;12, JAURES BD JEAN;;;;930
201500040591;15;1;29;1635;1;2;1;2;6;6;GAL DE GAULLE AV. DU;;;;930
201500040592;15;1;30;1650;2;1;2;8;3;63;BRANLY BD EDOUARD;;;;930
201500040593;15;2;4;1230;1;2;1;1;5;61;11, PERI GABRIEL RUE;;;;930
201500040594;15;2;16;1400;1;1;1;1;6;63;138, FABIEN AVENUE DU CO;;;;930
201500040595;15;2;25;1455;1;2;3;2;3;6;50, GAL LECLERC AV. DU;;;;930
201500040596;15;2;27;1620;1;2;3;7;6;63;ROMAINVILLE RUE DE;;;;930
201500040597;15;3;3;1330;1;2;3;1;3;63;KERAUTRET AVENUE PIERRE;;;;930
201500040598;15;3;5;745;1;2;1;1;5;63;60, BARBUSSE HENRI BOULE;;;;930
201500040599;15;3;7;2140;5;1;1;1;6;45;1, CALMETTE ALLEE DU DOC;;;;930
201500040600;15;3;14;2305;5;2;3;1;3;63;LENINE AVENUE;;;;930
201500040601;15;3;20;1030;1;2;1;1;6;45;RENAULT LEON RUE;;;;930
201500040602;15;3;24;1525;1;2;1;2;6;6;26, GAL DE GAULLE AV. DU;;;;930
201500040603;15;3;29;1750;1;2;1;2;6;45;LIBERTE BD DE LA;;;;930
201500040604;15;3;29;1420;1;2;2;8;3;63;REPUBLIQUE RUE DE LA;;;;930
201500040605;15;4;7;1000;1;2;1;1;6;45;BRUYERES RUE DES;;;;930
201500040606;15;4;12;1200;1;2;1;1;6;45;BRUYERES RUE DES;;;;930
201500040607;15;4;15;900;1;2;1;1;3;45;10, BRUYERES RUE DES;;;;930
201500040608;15;4;23;2345;5;2;1;1;7;61;34, ESTIENNE D'ORVES RUE;;;;930
201500040609;15;5;15;1350;1;2;2;1;3;45;LECLERC BOULEVARD DU GEN;;;;930
201500040610;15;6;11;815;1;2;1;1;6;63;12, BARBUSSE HENRI BOULE;;;;930
201500040611;15;6;12;1403;1;2;1;1;6;63;5, VAILLANT-COUTURIER RU;;;;930
201500040612;15;6;14;1900;1;2;2;1;5;6;ROBESPIERRE RUE;;;;930
201500040613;15;6;22;2020;1;2;1;1;6;6;GAL DE GAULLE AV. DU;;;;930
201500040614;15;7;2;900;1;2;1;1;6;6;01, REPUBLIQUE AVENUE DE;;;;930
201500040615;15;7;3;1015;1;2;2;7;2;6;0, CAPSULERIE RUE DE LA;;;;930
201500040616;15;7;6;630;1;2;2;1;6;6;MICHEL LOUISE RUE;;;;930
201500040617;15;8;5;657;2;2;1;1;6;45;131, PARIS RUE DE;;;;930
201500040618;15;8;7;1150;1;2;2;1;3;6;103, STALINGRAD AV.;;;;930
201500040619;15;8;10;1745;1;2;1;1;6;6;40, GAL DE GAULLE AV. DU;;;;930
201500040620;15;8;18;2230;5;2;2;1;3;6;GAMBETTA AV.;;;;930
201500040621;15;8;19;1300;1;2;1;1;2;63;BARBUSSE HENRI-BOULEVARD;;;;930
201500040622;15;8;20;815;2;1;9;2;6;6;1, FIORENTINO RUE DE SES;;;;930
201500040623;15;8;20;1150;1;2;2;2;3;63;BENFLEET RUE DE;;;;930
201500040624;15;8;22;1330;1;2;2;1;3;6;STALINGRAD AV.;;;;930
201500040625;15;8;29;255;5;2;2;1;6;63;NOISY ROUTE DE;;;;930
201500040626;15;8;30;1410;1;2;1;1;6;63;8, KERAUTRET AVENUE PIER;;;;930
201500040627;15;9;11;1335;1;2;1;1;6;63;BARBUSSE HENRI BOULEVARD;;;;930
201500040628;15;9;24;1200;1;2;2;1;3;6;RASPAIL AVENUE;;;;930
201500040629;15;9;26;1615;1;2;2;1;1;45;PARIS RUE DE;;;;930
201500040630;15;9;28;1730;1;2;1;1;6;61;PERI GABRIEL RUE;;;;930
201500040631;15;9;30;1545;1;2;2;1;3;6;GAMBETTA AV.;;;;930
201500040632;15;9;30;2120;5;2;9;1;3;6;7, GAMBETTA AV.;;;;930
201500040633;15;10;1;910;1;2;2;1;3;45;BARBUSSE HENRI RUE;;;;930
201500040634;15;10;2;1010;1;2;1;1;2;6;1, REPUBLIQUE AVENUE DE;;;;930
201500040635;15;10;8;1235;1;2;1;1;6;45;PASTEUR AV.;;;;930
201500040636;15;10;9;1615;1;2;1;1;3;6;36, GAL DE GAULLE AV. DU;;;;930
201500040637;15;10;10;1839;1;2;1;1;6;63;1, KERAUTRET AVENUE PIER;;;;930
201500040638;15;10;14;1410;1;2;1;1;6;45;PARIS RUE DE;;;;930
201500040639;15;10;19;1620;1;2;1;1;6;63;11, VAILLANT-COUTURIER A;;;;930
201500040640;15;10;26;900;1;2;1;1;3;45;10, SCHUMAN RUE DU PDT R;;;;930
201500040641;15;10;30;1620;1;2;1;1;3;63;METZ AVENUE DE;;;;930
201500040642;15;11;1;2200;5;2;1;1;2;6;148 GALLIENI  AV;;;;930
201500040643;15;11;6;1440;1;2;1;2;6;45;1, LIBERTE BD DE LA;;;;930
201500040644;15;11;11;1340;1;2;3;1;3;63;122, REPUBLIQUE RUE DE L;;;;930
201500040645;15;11;13;1920;5;2;2;1;1;63;80, BARBUSSE HENRI BOULE;;;;930
201500040646;15;11;13;2020;5;2;1;1;6;6;50, ROBESPIERRE RUE;;;;930
201500040647;15;11;16;2100;5;2;3;2;3;6;0, REPUBLIQUE AVENUE DE;;;;930
201500040648;15;11;19;1640;2;2;1;2;6;63;85, BARBUSSE HENRI BOULE;;;;930
201500040649;15;11;19;1720;5;2;1;2;6;63;00, METZ AVENUE DE;;;;930
201500040650;15;6;16;1820;1;1;1;1;6;61;25, JAURES AVENUE JEAN;;;;930
201500040651;15;11;29;2300;5;2;2;1;1;63;BRANLY BD EDOUARD;;;;930
201500040652;15;12;4;1800;5;2;1;1;3;6;REPUBLIQUE AVENUE DE LA;;;;930
201500040653;15;12;8;1745;5;2;2;2;6;6;49, PANTIN RUE DE;;;;930
201500040654;15;12;9;830;1;2;1;8;3;63;42, VAILLANT AVENUE DU D;;;;930
201500040655;15;12;9;845;1;2;1;1;6;45;63, PARIS RUE DE;;;;930
201500040656;15;12;11;1140;1;2;1;8;3;63;79, NOISY ROUTE DE;;;;930
201500040657;15;12;12;1630;2;2;1;1;6;63;01, FABIEN AVENUE DU COL;;;;930
201500040658;15;12;17;2110;5;2;1;1;6;63;1, MONTREUIL ROUTE DE;;;;930
201500040659;15;12;21;1900;5;2;1;2;2;63;1, METZ AVENUE DE;;;;930
201500040660;15;12;28;1230;1;2;1;1;1;63;01, METZ AVENUE DE;;;;930
201500040661;15;8;10;2245;5;2;3;1;2;63;76, BRETAGNES AVENUE DES;;;;930
201500040662;15;5;10;1130;1;2;2;1;3;6;FERRY JULES RUE;;;;930
201500040663;15;5;16;1130;1;2;1;1;7;45;88, PARIS RUE DE;;;;930
201500040664;15;5;26;905;1;2;1;1;3;45;21, BRUYERES RUE DES;;;;930
201500040665;15;6;1;1830;1;2;1;1;4;6;REPUBLIQUE AVENUE DE LA;;;;930
201500040666;15;6;5;1420;1;2;2;1;3;6;77, GAMBETTA AV.;;;;930
201500040667;15;6;6;1400;1;2;1;1;6;45;COMBATTANTS EN AF. DU NO;;;;930
201500040668;15;6;9;1245;1;2;2;7;1;45;1, DECROS EUGENE BOULEVA;;;;930
201500040669;15;6;12;1000;1;2;1;1;6;6;120, PASTEUR AV.;;;;930
201500040670;15;1;2;910;1;2;2;8;3;46;JEAN JAURES BOULEVARD;;;;930
201500040671;15;1;6;2235;5;2;1;1;6;46;26, QUESNAY AVENUE;;;;930
201500040672;15;1;7;800;1;2;1;8;6;46;, EUROPE BOULEVARD DE L';;;;930
201500040673;15;1;13;830;1;2;1;1;6;46;1, FERRER AVENUE;;;;930
201500040674;15;1;23;1345;1;2;2;1;3;74;140, MEAUX RUE DE;;;;930
201500040675;15;1;23;2055;5;2;2;9;3;46;LUCIE AUBRAC ALLEE;;;;930
201500040676;15;1;24;2150;5;2;2;1;3;46;ORLEANS AVENUE;;;;930
201500040677;15;1;30;2220;5;2;9;1;3;46;REPUBLIQUE AVENUE DE LA;;;;930
201500040678;15;2;1;2050;5;2;1;2;6;46;51, ARISTIDE BRIAND AVEN;;;;930
201500040679;15;2;5;1640;1;2;1;1;2;46;34, JULES GUESDES AVENUE;;;;930
201500040680;15;2;6;1019;1;2;1;1;6;46;21, MARX DORMOY BOULEVAR;;;;930
201500040681;15;2;7;2030;5;2;2;1;1;46;LUCIE AUBRAC ALLEE;;;;930
201500040682;15;2;8;2040;5;2;2;1;1;46;CONSUL GENERAL NORDLING;;;;930
201500040683;15;2;21;1730;1;2;1;1;6;46;74, REPUBLIQUE AVENUE DE;;;;930
201500040684;15;2;27;1700;1;2;1;1;7;46;EUROPE BOULEVARD DE L';;;;930
201500040685;15;3;6;1940;5;2;2;1;3;46;130, GAMBETTA AVENUE;;;;930
201500040686;15;3;11;1900;5;2;1;1;3;74;81, MEAUX RUE DE;;;;930
201500040687;15;3;13;1005;1;2;1;1;3;46;83, MARX DORMOY BOULEVAR;;;;930
201500040688;15;3;16;1325;1;2;1;1;6;74;30, BOUCHER RUE ALEXANDR;;;;930
201500040689;15;3;17;855;1;2;2;1;1;74;144, MEAUX RUE DE;;;;930
201500040690;15;3;17;1650;1;2;1;1;6;46;COLONEL FABIEN AVENUE DU;;;;930
201500040691;15;3;17;1730;1;2;1;1;3;46;20, VOLTAIRE AVENUE;;;;930
201500040692;15;3;20;1315;1;2;5;1;1;46;BENOIT MALON AVENUE;;;;930
201500040693;15;3;22;2210;5;2;1;1;2;46;23, CHARLES DE GAULLE AV;;;;930
201500040694;15;3;30;850;1;2;3;1;7;46;CAMILLE DESMOULINS AVENU;;;;930
201500040695;15;4;2;1155;1;2;1;2;4;46;167, ARISTIDE BRIAND AVE;;;;930
201500040696;15;4;3;1915;1;2;1;2;6;46;32, JEAN JACQUES ROUSSEA;;;;930
201500040697;15;4;5;640;2;2;2;1;2;46;17, ARISTIDE BRIAND AVEN;;;;930
201500040698;15;3;26;1530;1;2;1;2;6;46;52, ARISTIDE BRIAND AVEN;;;;930
201500040699;15;4;11;1945;1;2;3;1;6;46;52, CONSUL GENERAL NORDL;;;;930
201500040700;15;4;18;1610;1;2;1;1;6;46;13, CHEVALIER DE LA BARR;;;;930
201500040701;15;4;18;2130;5;2;2;1;3;46;WINSTON CHURCHILL AVENUE;;;;930
201500040702;15;4;24;815;1;2;1;1;3;74;40, MEAUX RUE DE;;;;930
201500040703;15;4;25;445;5;2;2;2;2;46;82, CONSUL GENERAL NORDL;;;;930
201500040704;15;5;1;120;5;2;2;2;3;46;ARISTIDE BRIAND AVENUE;;;;930
201500040705;15;5;2;2130;5;2;3;2;6;46;88/90, ARISTIDE BRIAND A;;;;930
201500040706;15;5;4;750;1;2;1;1;3;15;PASTEUR AVENUE;;;;930
201500040707;15;5;13;1700;1;2;1;1;3;46;ROBERT SCHUMANN BOULEVAR;;;;930
201500040708;15;5;19;740;1;2;2;7;1;15;JAURES RUE JEAN;;;;930
201500040709;15;5;20;820;1;2;2;1;3;46;, GAMBETTA AVENUE;;;;930
201500040710;15;5;20;1656;1;2;1;8;6;46;FRANCOIS VILLON RUE;;;;930
201500040711;15;5;27;1920;1;2;2;1;6;46;CONSUL GENERAL NORDLING;;;;930
201500040712;15;5;30;1720;1;2;1;1;2;46;77, ROSNY ALLEE DE;;;;930
201500040713;15;5;31;1100;1;1;1;3;2;74;Route Nationale 3;;;;930
201500040714;15;6;7;2020;1;2;2;1;3;46;FAIDHERBE ALLEE;;;;930
201500040715;15;6;11;1910;1;2;1;1;2;74;59, AMYOT BOULEVARD JACQ;;;;930
201500040716;15;6;15;1450;1;2;3;1;6;46;22, JEAN JACQUES ROUSSEA;;;;930
201500040717;15;6;17;1010;1;2;1;1;2;46;45, ARISTIDE BRIAND AVEN;;;;930
201500040718;15;6;17;1938;1;2;2;7;1;46;MARECHAL LECLERC AVENUE;;;;930
201500040719;15;6;18;1405;1;2;2;8;3;46;CONSUL GENERAL NORDLING;;;;930
201500040720;15;6;19;1325;1;2;2;1;3;46;MONTESQUIEU AVENUE;;;;930
201500040721;15;6;25;1900;1;2;5;1;1;46;00, JEAN JAURES BOULEVAR;;;;930
201500040722;15;6;26;2041;1;2;2;1;3;46;ROCHER ALLEE DU;;;;930
201500040723;15;7;2;1830;1;2;1;1;6;46;17, ARISTIDE BRIAND AVEN;;;;930
201500040724;15;7;2;1935;1;2;2;1;3;46;SCHACHER ALLEE;;;;930
201500040725;15;7;5;2050;2;1;1;1;6;46;EUROPE BOULEVARD DE L';;;;930
201500040726;15;7;5;2340;5;2;1;1;4;46;59 Bis, ARISTIDE BRIAND;;;;930
201500040727;15;7;6;905;1;2;1;1;2;46;115, ARISTIDE BRIAND AVE;;;;930
201500040728;15;7;7;1130;1;2;2;1;6;46;MONTGOLFIER AVENUE;;;;930
201500040729;15;7;8;1412;1;2;1;8;4;46;19, LEON LUM AVENUE;;;;930
201500040730;15;7;10;810;1;2;2;1;3;74;140, MEAUX RUE DE;;;;930
201500040731;15;7;15;1422;1;1;1;1;7;74;Route Nationale 3;;;;930
201500040732;15;7;16;2215;5;2;1;1;3;46;20, BERTHE ALLEE;;;;930
201500040733;15;7;18;320;3;1;1;1;7;74;Route Nationale 3;;;;930
201500040734;15;7;19;2225;5;2;1;1;3;46;175, ARISTIDE BRIAND AVE;;;;930
201500040735;15;7;21;1530;1;2;3;1;2;46;00, ARISTIDE BRIAND AVEN;;;;930
201500040736;15;8;5;1925;1;2;2;1;5;46;MARX DORMOY BOULEVARD;;;;930
201500040737;15;8;10;1725;1;2;1;1;6;74;245, MEAUX RUE DE;;;;930
201500040738;15;8;13;1501;1;2;1;1;6;74;DE GAULLE AVENUE DU GENE;;;;930
201500040739;15;7;27;1045;1;2;2;8;3;46;JEANNE D'ARC ALLEE;;;;930
201500040740;15;8;13;1725;1;2;2;1;1;46;REPUBLIQUE AVENUE DE LA;;;;930
201500040741;15;8;18;1650;1;2;2;1;3;46;KENNEDY AVENUE DU PRESID;;;;930
201500040742;15;8;22;1830;1;2;1;1;6;46;49, ROSNY ALLEE DE;;;;930
201500040743;15;9;3;1410;1;2;2;1;3;46;JEAN MOULIN BOULEVARD;;;;930
201500040744;15;9;6;920;1;2;1;1;3;46;15, CAMILLE DESMOULINS A;;;;930
201500040745;15;9;9;2130;5;2;2;1;1;46;MARX DORMOY BOULEVARD;;;;930
201500040746;15;9;12;2015;5;2;2;2;3;46;CAMILLE DESMOULINS AVENU;;;;930
201500040747;15;9;15;2350;5;2;1;2;5;46;2, ARISTIDE BRIAND AVENU;;;;930
201500040748;15;9;19;655;1;2;1;1;6;46;83, ARISTIDE BRIAND AVEN;;;;930
201500040749;15;9;26;105;5;2;2;1;4;46;1, CAMILLE DESMOULINS AV;;;;930
201500040750;15;9;27;1840;1;2;2;1;3;46;LUCIE AUBRAC ALLEE;;;;930
201500040751;15;9;27;1750;1;2;3;1;3;46;7, JEAN JACQUES ROUSSEAU;;;;930
201500040752;15;9;27;2110;5;2;1;1;1;74;MEAUX RUE DE;;;;930
201500040753;15;9;29;1705;1;1;1;1;2;46;STRATEGIQUE ROUTE;;;;930
201500040754;15;9;30;930;1;2;3;1;6;46;LA FONTAINE ALLEE;;;;930
201500040755;15;10;2;1050;1;2;1;1;6;46;21, MARC SANGNIER RUE;;;;930
201500040756;15;10;7;1110;1;2;2;1;3;15;60, JAURES RUE JEAN;;;;930
201500040757;15;10;13;645;5;2;1;1;2;46;9, CHARLES DE GAULLE AVE;;;;930
201500040758;15;10;15;830;1;2;1;1;6;46;28, CONSUL GENERAL NORDL;;;;930
201500040759;15;10;22;2155;3;1;1;2;2;74;Route Nationale 3;;;;930
201500040760;15;10;23;1640;1;2;1;1;2;46;02, FURSTENFELDBRUCK RUE;;;;930
201500040761;15;10;28;1825;5;2;2;1;6;46;FRANCOIS VILLON RUE;;;;930
201500040762;15;10;18;1820;1;2;1;1;3;46;WINSTON CHURCHILL AVENUE;;;;930
201500040763;15;11;7;1155;1;2;1;1;3;46;CONSUL GENERAL NORDLING;;;;930
201500040764;15;11;11;615;5;2;2;5;6;15;LARCHE RUE RAOUL;;;;930
201500040765;15;11;23;835;1;2;1;1;1;46;SULLY AVENUE;;;;930
201500040766;15;11;20;1610;2;2;1;2;1;74;MEAUX RUE DE;;;;930
201500040767;15;11;28;928;1;2;3;9;3;46;JEAN BAPTISTE CLEMENT RU;;;;930
201500040768;15;11;30;2035;5;2;5;1;3;46;112, JEAN JAURES BOULEVA;;;;930
201500040769;15;12;7;1945;5;2;1;1;3;46;WINSTON CHURCHILL AVENUE;;;;930
201500040770;15;12;11;1745;5;2;1;2;6;46;176, EDOUARD VAILLANT BO;;;;930
201500040771;15;12;12;855;1;2;9;1;2;46;MARECHAL LECLERC AVENUE;;;;930
201500040772;15;12;17;855;1;2;6;1;3;74;LATTRE DE TASSIGNY AVENU;;;;930
201500040773;15;12;21;1802;5;2;1;2;6;46;EUROPE BOULEVARD DE L';;;;930
201500040774;15;12;23;2310;5;2;2;1;3;46;JEAN JAURES BOULEVARD;;;;930
201500040775;15;12;25;1855;5;2;1;2;6;46;79, ROGER SALENGRO BOULE;;;;930
201500040776;15;12;30;2130;5;2;2;1;4;46;LIBERATION PLACE DE LA;;;;930
201500040777;15;9;5;2125;5;2;2;1;6;46;ARISTIDE BRIAND AVENUE;;;;930
201500040778;15;9;8;1830;1;2;1;1;3;46;MARX DORMOY BOULEVARD;;;;930
201500040779;15;1;4;2210;5;2;2;1;3;48;., SAINT DENIS (RUE);;;;930
201500040780;15;1;5;1850;5;2;1;1;6;48;., RESISTANCE (AVENUE DE;;;;930
201500040781;15;1;12;1440;1;2;3;1;3;48;PIERRE DE MONTREUIL (RUE;;;;930
201500040782;15;1;14;1710;1;2;1;1;3;48;., RESISTANCE (AVENUE DE;;;;930
201500040783;15;1;16;1245;1;2;2;1;3;48;ROBESPIERRE (RUE);;;;930
201500040784;15;1;21;1940;3;2;2;1;6;48;., MAURICE BOUCHOR (RUE);;;;930
201500040785;15;1;26;1620;1;2;4;2;6;48;., CONDORCET (RUE);;;;930
201500040786;15;1;28;1630;1;2;3;2;6;48;., MEUNIERS (RUE DES);;;;930
201500040787;15;1;28;2045;3;2;1;2;3;48;14, MARE A L'ANE (RUE DE;;;;930
201500040788;15;1;29;1145;1;2;1;1;3;48;BOISSIERE (BOULEVARD DE;;;;930
201500040789;15;1;30;1550;1;2;1;9;3;48;208, THEOPHILE SUEUR (BO;;;;930
201500040790;15;2;4;1815;5;2;1;1;6;48;10, PARMENTIER (RUE);;;;930
201500040791;15;2;11;1340;1;2;1;1;2;48;12, PAUL VAILLANT COUTUR;;;;930
201500040792;15;2;11;2050;5;2;2;1;3;48;48, MARCEAU (RUE);;;;930