num_acc;an;mois;jour;hrmn;lum;agg;int;atm;col;com;adr;gps;lat;long;dep
201500040793;15;2;12;800;1;2;1;1;6;48;3, ETIENNE DOLET (RUE);;;;930
201500040794;15;2;16;1730;1;2;1;1;6;48;0, EDOUARD BRANLY (RUE);;;;930
201500040795;15;2;25;1430;1;1;1;2;1;48;0 NOUVELLE FRANCE (RUE;;;;930
201500040796;15;3;11;850;1;2;1;1;6;48;28, ARISTIDE BRIAND (BOU;;;;930
201500040797;15;3;12;1700;1;2;1;1;6;48;76, PARIS (RUE DE);;;;930
201500040798;15;3;22;2330;5;2;1;1;6;48;158, PARIS (RUE DE);;;;930
201500040799;15;3;27;1200;1;2;1;1;6;48;CHANZY (BOULEVARD);;;;930
201500040800;15;3;30;2335;5;2;1;1;6;48;130 CHANZY (BOULEVARD);;;;930
201500040801;15;4;2;1540;1;2;3;3;3;48;CARNOT (RUE);;;;930
201500040802;15;4;2;1700;1;2;1;2;2;48;262, ARISTIDE BRIAND S2;;;;930
201500040803;15;4;13;1105;1;2;1;1;6;48;21, EMILE ZOLA (RUE);;;;930
201500040804;15;4;14;1855;1;2;1;1;6;48;PAUL VAILLANT COUTURIER;;;;930
201500040805;15;4;15;745;1;2;1;1;6;48;., PIERRE BROSSOLETTE (A;;;;930
201500040806;15;4;15;1755;1;2;1;1;6;48;60, MESSIERS (RUE DES);;;;930
201500040807;15;4;20;830;1;2;3;1;2;48;97, PIERRE DE MONTREUIL;;;;930
201500040808;15;4;21;932;1;2;1;1;2;48;ARISTIDE BRIAND (BOULEVA;;;;930
201500040809;15;4;25;5;3;2;1;2;3;48;28, RESISTANCE (AVENUE D;;;;930
201500040810;15;5;7;730;1;2;1;7;1;48;32, PIERRE DE MONTREUIL;;;;930
201500040811;15;5;18;2035;1;1;2;8;6;48;ARISTIDE BRIAND (BOULEVA;;;;930
201500040812;15;5;19;810;1;2;1;1;6;48;ROUGET DE L'ISLE (BOULEV;;;;930
201500040813;15;5;22;1215;1;2;3;1;3;48;., VICTOR HUGO (AVENUE);;;;930
201500040814;15;5;22;1445;1;2;1;1;6;48;10 EMILE ZOLA (RUE);;;;930
201500040815;15;5;22;2000;1;2;2;1;6;48;57, PARIS (RUE DE);;;;930
201500040816;15;5;27;710;1;2;1;1;1;48;32, STALINGRAD (RUE DE);;;;930
201500040817;15;6;2;1750;1;2;1;1;2;48;50 bis, ROBESPIERRE (RUE;;;;930
201500040818;15;6;4;1900;1;2;1;1;2;48;., MOLIERE (RUE);;;;930
201500040819;15;6;7;1127;1;2;2;1;3;48;33, SAINT DENIS (RUE);;;;930
201500040820;15;6;8;1520;1;2;3;1;7;48;., AUGUSTE BLANQUI (RUE);;;;930
201500040821;15;6;15;1850;1;2;9;1;6;48;., ARISTIDE BRIAND (BOUL;;;;930
201500040822;15;6;18;1315;1;2;1;1;6;48;16, PAUL VAILLANT COUTUR;;;;930
201500040823;15;6;19;805;1;2;2;1;3;48;., LE NAIN DE TILLEMONT;;;;930
201500040824;15;6;25;2305;5;2;1;1;3;48;64, JEAN LOLIVE (RUE);;;;930
201500040825;15;7;3;910;1;2;9;1;6;48;15-19, FRANKLIN (RUE);;;;930
201500040826;15;7;10;1700;1;2;2;1;6;48;52, PAUL VAILLANT COUTUR;;;;930
201500040827;15;7;13;1530;1;2;1;1;6;48;., PARIS (RUE DE);;;;930
201500040828;15;7;21;1830;1;2;2;1;6;48;., ARMAND CARREL (RUE);;;;930
201500040829;15;8;3;2345;5;2;2;1;3;48;HENRI BARBUSSE (BOULEVAR;;;;930
201500040830;15;8;5;1945;1;2;1;1;3;48;GABRIEL PERI (AVENUE);;;;930
201500040831;15;8;8;120;5;2;2;1;3;48;77, PARIS (RUE DE);;;;930
201500040832;15;8;15;1030;1;1;4;2;6;64;0 GENERAL DE GAULE (PLA;;;;930
201500040833;15;8;21;1310;1;2;3;1;7;48;52, VINCENNES (RUE DE);;;;930
201500040834;15;9;1;755;2;2;1;2;3;48;290, ETIENNE MARCEL (RUE;;;;930
201500040835;15;9;6;2140;5;2;4;1;3;48;., COLONEL FABIEN (AVENU;;;;930
201500040836;15;9;8;1215;1;2;1;1;3;48;14, JEAN-JACQUES ROUSSEA;;;;930
201500040837;15;9;10;2230;5;2;3;1;3;48;SERGENT BOBILLOT-(RUE DU;;;;930
201500040838;15;9;11;1045;1;2;1;1;6;48;20 RESISTANCE (AVENUE D;;;;930
201500040839;15;9;11;2145;5;2;1;1;6;48;0, THEOPHILE SUEUR (BOUL;;;;930
201500040840;15;9;13;1245;1;2;2;3;3;48;VALMY (RUE DE);;;;930
201500040841;15;9;20;2000;5;2;1;1;3;48;75, COLONEL FABIEN (AVEN;;;;930
201500040842;15;9;27;1220;1;2;1;1;3;48;0 PIERRE DE MONTREUIL (;;;;930
201500040843;15;9;28;920;1;2;1;1;6;48;0, CHANZY (BOULEVARD);;;;930
201500040844;15;9;26;1027;1;2;2;1;6;48;0, COLONEL RAYNAL (RUE D;;;;930
201500040845;15;9;29;1535;1;2;1;1;3;48;16, ARISTIDE BRIAND (BOU;;;;930
201500040846;15;9;30;1950;5;2;3;1;6;48;0, PROGRES (RUE DU);;;;930
201500040847;15;10;2;1645;1;2;1;1;3;48;68, PARIS (RUE DE);;;;930
201500040848;15;10;5;1837;5;2;1;3;6;48;55, ROSNY (RUE DE);;;;930
201500040849;15;10;10;1315;1;2;1;1;6;48;15, STALINGRAD (RUE DE);;;;930
201500040850;15;10;12;850;1;2;9;8;6;48;06 EDOUARD VAILLANT (RU;;;;930
201500040851;15;10;12;920;1;2;2;8;3;48;GABRIEL PERI (AVENUE);;;;930
201500040852;15;10;15;730;2;2;1;2;1;48;0, FERDINAND (AVENUE);;;;930
201500040853;15;10;15;1200;1;2;2;1;3;48;0, PAUL VAILLANT COUTURI;;;;930
201500040854;15;10;15;1335;1;2;1;1;6;48;RUFFINS (RUE DES);;;;930
201500040855;15;10;15;1940;3;2;1;2;6;48;0, PASTEUR S3 (AVENUE);;;;930
201500040856;15;10;27;1930;5;2;1;2;3;48;157, CHANZY (BOULEVARD);;;;930
201500040857;15;10;30;1345;1;2;1;1;3;48;CHANZY (BOULEVARD);;;;930
201500040858;15;10;31;1105;1;2;1;8;6;48;89, CHANZY (BOULEVARD);;;;930
201500040859;15;11;1;1605;1;2;1;1;3;48;3, RAMENAS (RUE DES);;;;930
201500040860;15;11;1;2330;5;2;1;1;1;48;PAUL VAILLANT COUTURIER;;;;930
201500040861;15;11;3;2225;5;2;2;2;3;48;CHANZY S3 (BOULEVARD);;;;930
201500040862;15;11;5;800;1;2;2;1;6;48;49, JEAN MOULIN (AVENUE);;;;930
201500040863;15;11;6;235;5;2;1;2;6;48;21, JEAN MOULIN (AVENUE);;;;930
201500040864;15;11;9;910;1;2;3;1;3;48;PARIS (RUE DE);;;;930
201500040865;15;11;11;1730;5;2;1;1;3;48;117, PRESIDENT WILSON (A;;;;930
201500040866;15;11;12;1430;1;2;1;1;3;48;69, ROCHES (RUE DES);;;;930
201500040867;15;11;17;1950;5;2;3;2;6;48;THEOPHILE SUEUR (BOULEVA;;;;930
201500040868;15;11;18;1720;5;2;2;1;3;48;230, BOISSIERE (BOULEVAR;;;;930
201500040869;15;11;23;940;1;2;1;1;3;48;01, SAIGNE (RUE);;;;930
201500040870;15;11;23;1220;1;2;2;1;3;48;0, JEAN LOLIVE (RUE);;;;930
201500040871;15;11;23;1955;5;2;1;1;6;48;0, GENERAL DE GAULE (PLA;;;;930
201500040872;15;11;26;1745;5;2;3;1;3;48;34, GAMBETTA (RUE);;;;930
201500040873;15;11;28;1600;1;2;1;1;3;48;31, ERNEST RENAN (AVENUE;;;;930
201500040874;15;11;29;1905;3;2;2;1;3;48;EDOUARD VAILLANT (RUE);;;;930
201500040875;15;12;1;810;2;2;2;1;6;48;MARCEAU (RUE);;;;930
201500040876;15;12;1;1415;1;2;1;1;3;48;40, RESISTANCE (AVENUE D;;;;930
201500040877;15;12;4;750;1;2;3;8;6;48;BELAIR (RUE DU);;;;930
201500040878;15;12;4;1730;2;2;1;1;6;48;28, RAPATEL (RUE);;;;930
201500040879;15;12;8;1045;1;2;3;1;3;48;EMILE ZOLA (RUE);;;;930
201500040880;15;12;9;1830;5;2;1;3;6;48;ERNEST SAVART (AVENUE);;;;930
201500040881;15;12;9;1555;1;2;1;1;6;48;14, RAPATEL (RUE);;;;930
201500040882;15;12;16;730;1;2;1;2;2;48;41, HENRI BARBUSSE (BOUL;;;;930
201500040883;15;12;16;1430;1;2;3;1;3;48;JEAN BATISTE LAMARCK (RU;;;;930
201500040884;15;12;17;910;1;2;1;1;6;48;117, PARIS (RUE DE);;;;930
201500040885;15;1;5;730;5;2;3;1;3;49;0, HUIT MAI 1945 (RUE);;;;930
201500040886;15;1;9;1450;1;2;1;9;3;49;MEAUX (CHEMIN);;;;930
201500040887;15;1;14;1625;1;2;4;8;6;50;ROBERT SCHUMANN (AVENUE);;;;930
201500040888;15;1;15;1400;1;2;1;2;6;49;6, VINCENT VAN GOGH (RUE;;;;930
201500040889;15;1;24;30;5;2;1;1;2;50;JEAN JAURES (AVENUE) COT;;;;930
201500040890;15;1;23;1655;1;2;1;8;6;50;72, GASTON NAVAILLE (RUE;;;;930
201500040891;15;1;22;1345;1;2;1;1;6;50;LOUIS ARMAND (RUE);;;;930
201500040892;15;1;28;2100;4;2;2;1;3;49;OUEST (AVENUE);;;;930
201500040893;15;2;12;910;1;2;1;1;2;50;4, GASTON NAVAILLE (RUE);;;;930
201500040894;15;2;12;1345;1;2;3;1;3;50;51, GASTON NAVAILLE (RUE;;;;930
201500040895;15;2;16;1915;5;2;1;1;6;49;GALLIENI (BOULEVARD);;;;930
201500040896;15;2;28;2120;5;2;1;1;6;50;LOUIS VANNINI (RUE);;;;930
201500040897;15;3;2;920;1;2;3;1;2;50;PAUL VAILLANT COUTURIER;;;;930
201500040898;15;3;9;530;5;2;1;1;2;50;126 MARECHAL LECLERCQ (;;;;930
201500040899;15;3;13;855;1;2;3;1;3;50;VILLE BOIS MAREUIL (RUE);;;;930
201500040900;15;3;30;2130;5;2;1;1;6;50;MARECHAL LECLERCQ (AVENU;;;;930
201500040901;15;4;8;1730;1;2;3;1;6;49;EDGAR QUINET (RUE) FAIDH;;;;930
201500040902;15;4;8;1745;1;2;1;1;3;50;118, MARECHAL LECLERCQ (;;;;930
201500040903;15;4;10;1940;2;2;3;1;3;50;LOUIS ARMAND (RUE);;;;930
201500040904;15;4;23;650;1;2;2;1;3;49;GALLIENI (BOULEVARD);;;;930
201500040905;15;4;24;740;1;2;2;1;3;49;PELOUSE (RUE);;;;930
201500040906;15;5;4;1630;1;2;1;3;6;50;MARX DORMOY (RUE);;;;930
201500040907;15;5;6;1700;1;2;2;1;6;50;LEON BLUM (AVENUE);;;;930
201500040908;15;5;7;1545;1;2;3;1;3;50;05, LEON BLUM (AVENUE);;;;930
201500040909;15;5;10;1045;1;2;1;1;2;50;3, JEAN JAURES (AVENUE);;;;930
201500040910;15;5;16;1020;1;2;2;1;6;49;CARNOT (AVENUE) DU 1-2 A;;;;930
201500040911;15;5;17;2005;1;2;1;1;6;50;157, MARECHAL LECLERCQ (;;;;930
201500040912;15;5;20;1200;1;2;1;3;6;49;0, EDGAR QUINET (RUE) FA;;;;930
201500040913;15;5;24;1745;1;2;1;1;6;49;RENOUILLIERES (RUE);;;;930
201500040914;15;5;26;730;1;2;1;7;4;50;PAUL ET CAMILLE THOMOUX;;;;930
201500040915;15;5;27;1540;1;2;1;1;3;50;1-9, MARECHAL FOCH (AVEN;;;;930
201500040916;15;5;29;1400;1;2;3;1;1;49;BAC (RUE);;;;930
201500040917;15;6;2;145;5;2;2;1;3;50;163, MARECHAL LECLERCQ (;;;;930
201500040918;15;6;12;2030;5;2;1;1;6;49;9, GALLIENI (BOULEVARD);;;;930
201500040919;15;6;14;2355;5;2;1;1;6;50;48, GENERAL DE GAULLE (A;;;;930
201500040920;15;6;18;1715;1;2;1;1;6;50;480, HUIT MAI 1945;;;;930
201500040921;15;6;22;1138;1;2;1;1;2;50;PAUL ET CAMILLE THOMOUX;;;;930
201500040922;15;6;26;1025;1;2;1;1;6;50;17, FRANCOIS MAURIAC (AV;;;;930
201500040923;15;6;30;2140;1;2;1;1;6;50;111, GENERAL DE GAULLE (;;;;930
201500040924;15;7;1;800;1;2;2;1;3;50;PAUL ET CAMILLE THOMOUX;;;;930
201500040925;15;7;9;1130;1;1;3;1;3;50;16, PAUL ET CAMILLE THOM;;;;930
201500040926;15;7;8;1640;1;2;1;1;4;50;175, MARECHAL LECLERCQ (;;;;930
201500040927;15;7;10;730;1;2;1;1;4;50;118, MARECHAL LECLERCQ (;;;;930
201500040928;15;8;11;1615;1;2;1;1;7;50;ALFERD KASTLER (RUE);;;;930
201500040929;15;8;22;1110;1;2;1;1;2;49;21 BIS, MARECHAL FOCH (A;;;;930
201500040930;15;8;22;2130;5;2;3;1;3;50;HUIT MAI 1945;;;;930
201500040931;15;8;5;1150;1;2;3;1;3;49;MARECHAL FOCH (AVENUE) P;;;;930
201500040932;15;8;23;1730;1;2;1;1;6;50;ECLUSE (CHEMIN);;;;930
201500040933;15;8;25;2125;5;2;2;2;3;50;PAUL ET CAMILLE THOMOUX;;;;930
201500040934;15;8;30;1345;1;2;1;1;6;50;109 BIS, PAUL ET CAMILLE;;;;930
201500040935;15;9;9;1559;1;2;1;1;6;50;23, ROBERT SCHUMANN (AVE;;;;930
201500040936;15;9;10;1205;1;2;1;1;6;49;24, PAUL VAILLANT COUTUR;;;;930
201500040937;15;9;10;1730;1;2;1;1;3;50;05, LEON BLUM (AVENUE);;;;930
201500040938;15;9;13;1500;1;2;1;1;2;50;34, MARECHAL FOCH (AVENU;;;;930
201500040939;15;9;14;800;1;2;2;3;6;50;115, LAVOISIER (AVENUE);;;;930
201500040940;15;9;16;1140;1;2;1;3;3;50;1-9, MARECHAL FOCH (AVEN;;;;930
201500040941;15;9;17;1545;1;2;3;1;3;50;DUGUAY TROUIN (RUE);;;;930
201500040942;15;9;19;1420;1;2;4;1;3;50;43, PAUL ET CAMILLE THOM;;;;930
201500040943;15;9;28;1550;1;2;1;1;4;50;108, PAUL ET CAMILLE THO;;;;930
201500040944;15;9;28;1115;1;2;2;1;3;49;15BIS, COMMANDANT RAYNAL;;;;930
201500040945;15;10;3;1700;1;2;1;1;6;50;462, HUIT MAI 1945;;;;930
201500040946;15;10;8;1445;1;2;1;1;6;50;JEAN JAURES (AVENUE) COT;;;;930
201500040947;15;10;9;1140;1;2;1;1;1;50;DAUPHINE (PLACE);;;;930
201500040948;15;10;4;1800;1;2;1;1;6;49;4ter, GALLIENI (BOULEVAR;;;;930
201500040949;15;10;12;805;1;2;1;1;2;50;125, MARECHAL FOCH (AVEN;;;;930
201500040950;15;10;29;1845;5;2;1;1;6;50;35, MARECHAL FOCH (AVENU;;;;930
201500040951;15;11;6;2130;5;2;1;2;6;50;47, PAUL ET CAMILLE THOM;;;;930
201500040952;15;10;29;1800;2;2;1;1;3;49;JEAN MERMOZ (PLACE);;;;930
201500040953;15;11;4;1335;1;2;2;1;3;49;51, MARECHAL JOFFRE (AVE;;;;930
201500040954;15;11;12;640;5;2;1;1;6;50;ARISTIDE BRIAND (BOULEBA;;;;930
201500040955;15;11;19;915;1;2;1;8;3;50;33, MARECHAL FOCH (AVENU;;;;930
201500040956;15;11;25;1045;1;2;1;2;5;50;RESISTANCE (PLACE);;;;930
201500040957;15;12;10;1155;1;2;3;1;3;49;MEAUX (CHEMIN);;;;930
201500040958;15;12;4;920;1;2;2;1;3;49;MARECHAL JOFFRE (AVENUE);;;;930
201500040959;15;12;9;1710;5;2;1;1;1;50;10, WINSTON CHURCHILL (A;;;;930
201500040960;15;1;12;1330;1;2;2;1;3;51;49, CHAPELLE;;;;930
201500040961;15;1;13;2345;3;2;9;2;3;51;MEDERIC (AVENUE);;;;930
201500040962;15;1;17;1850;5;2;3;1;3;51;5, VILLIERS (ROUTE);;;;930
201500040963;15;1;28;1830;5;2;1;2;3;51;MONT D'EST (BD);;;;930
201500040964;15;2;1;1;5;2;1;2;6;51;21, MEDERIC (AVENUE);;;;930
201500040965;15;2;3;1750;5;2;1;1;6;51;MONT D'EST (BD);;;;930
201500040966;15;2;4;1635;1;2;1;1;2;51;PAVE NEUF (AVENUE);;;;930
201500040967;15;2;9;850;1;2;1;1;6;51;FORT (AVE);;;;930
201500040968;15;2;13;845;1;2;1;1;6;51;144, PIERRE BROSSOLETTE;;;;930
201500040969;15;2;14;1935;5;2;1;2;6;51;HAUTS CHATEAUX;;;;930
201500040970;15;2;22;1350;1;2;1;1;3;51;NEUILLY (ROUTE);;;;930
201500040971;15;2;26;1600;1;2;3;2;3;33;BRAS SAINT ARNOULT;;;;930
201500040972;15;3;2;1135;1;2;2;1;6;51;64, EMILE COSSONNEAU (AV;;;;930
201500040973;15;3;4;440;3;2;1;1;1;51;NEUILLY (ROUTE);;;;930
201500040974;15;3;9;1655;1;2;2;1;3;51;GRAHAM BELL;;;;930
201500040975;15;3;20;2356;5;2;1;1;7;51;17, VAUBAN;;;;930
201500040976;15;3;24;850;1;2;2;2;3;51;BAS HEURTS;;;;930
201500040977;15;3;30;730;2;2;3;8;3;51;UNIVERSITE;;;;930
201500040978;15;4;1;840;1;2;3;1;3;51;ARTISANS;;;;930
201500040979;15;4;2;1120;1;2;2;1;3;51;MEDERIC (AVENUE);;;;930
201500040980;15;4;9;1430;1;2;1;1;6;51;ROGER SALENGRO;;;;930
201500040981;15;4;29;2120;5;2;1;1;6;51;49, MEDERIC (AVENUE);;;;930
201500040982;15;4;30;1918;1;2;1;2;6;51;VILLIERS (ROUTE);;;;930
201500040983;15;5;7;1215;1;2;2;1;6;51;MEDERIC (AVENUE);;;;930
201500040984;15;5;29;1615;1;2;1;1;6;51;BATAILLON HILDEVERT (ALL;;;;930
201500040985;15;6;2;2235;3;2;9;1;3;51;PIERRE BROSSOLETTE;;;;930
201500040986;15;6;3;1140;1;2;1;1;6;51;LUCIEN SALLES (AVENUE);;;;930
201500040987;15;6;6;1630;1;2;3;1;3;51;REPUBLIQUE;;;;930
201500040988;15;6;7;1230;1;2;1;1;6;51;AUGUSTE RODIN (ALLEE);;;;930
201500040989;15;6;17;1625;1;2;3;1;3;51;CHAMPY RICHARDETS (BOULE;;;;930
201500040990;15;6;22;1210;1;2;1;1;3;51;VICTOR BALTARD;;;;930
201500040991;15;7;1;1250;1;2;1;1;6;51;50, PAVE NEUF (AVENUE);;;;930
201500040992;15;7;3;1145;1;2;1;7;6;51;MEDERIC (AVENUE);;;;930
201500040993;15;7;4;2040;1;2;1;1;2;51;MONT D'EST (BD);;;;930
201500040994;15;7;7;1230;1;2;2;1;5;51;1, MALNOUE (NR 1 A 93);;;;930
201500040995;15;7;16;1600;1;2;9;1;4;51;AUGUSTE RODIN (ALLEE);;;;930
201500040996;15;8;3;1455;1;2;3;1;3;51;MALNOUE (NR 1 A 93);;;;930
201500040997;15;8;10;2300;5;2;1;1;6;51;01, LEVANT (BD);;;;930
201500040998;15;8;15;2115;2;2;3;1;6;51;LIBERATION (PLACE);;;;930
201500040999;15;8;18;1505;1;2;1;1;2;51;CHAMPY RICHARDETS (BOULE;;;;930
201500041000;15;9;2;1830;1;2;1;1;6;51;10, CENTRE;;;;930
201500041001;15;9;3;1807;1;2;3;1;3;51;MEDERIC (AVENUE);;;;930
201500041002;15;9;3;1900;1;2;1;1;2;33;JEAN JAURES;;;;930
201500041003;15;9;6;1030;1;2;1;1;3;33;JOFFRE (AVENUE);;;;930
201500041004;15;9;6;1325;1;2;1;1;7;51;11, MARNOIS (NR 21 A FIN;;;;930
201500041005;15;9;10;115;5;2;1;1;6;51;NEUILLY (ROUTE);;;;930
201500041006;15;9;12;1445;1;2;3;3;3;51;VICTOR BASCH (AVENUE);;;;930
201500041007;15;9;15;930;1;2;6;1;3;51;PAVE NEUF (AVENUE);;;;930
201500041008;15;9;18;1615;1;2;1;3;6;51;PAVE NEUF (AVENUE);;;;930
201500041009;15;9;22;2011;5;2;3;2;1;51;, PAUL PAMBRUN (BOULEVAR;;;;930
201500041010;15;9;28;835;1;2;1;1;6;51;6, FRERES NOGER;;;;930
201500041011;15;9;29;1410;1;2;1;1;2;33;CHAMPS (AVENUE);;;;930
201500041012;15;10;4;100;5;2;1;1;3;33;ARISTIDE BRIAND;;;;930
201500041013;15;10;7;1525;1;2;1;2;6;51;JULES FERRY (NR PAIRS );;;;930
201500041014;15;10;11;1625;1;2;1;1;6;51;132, MARECHAL FOCH (BOUL;;;;930
201500041015;15;10;13;2040;5;2;1;1;2;33;8, PAUL DOUMER (AVENUE);;;;930
201500041016;15;10;13;2000;5;2;2;1;3;51;MALNOUE (NR 1 A 93);;;;930
201500041017;15;10;14;1330;1;2;1;1;6;51;GRAVIERS;;;;930
201500041018;15;10;14;1611;1;2;1;1;3;51;2, MARECHAL JUIN (AVENUE;;;;930
201500041019;15;10;15;2215;5;2;1;2;6;51;12 bis, LEO LAGRANGE;;;;930
201500041020;15;10;15;2000;5;2;1;2;6;51;20, GLACIS (ALLEE);;;;930
201500041021;15;10;19;1935;5;2;1;1;6;51;11, PAVE NEUF (AVENUE);;;;930
201500041022;15;10;21;1620;1;2;1;2;1;33;MARECHAL JOFFRE (AVENUE);;;;930
201500041023;15;10;25;1820;1;2;1;1;3;51;28, BALLON;;;;930
201500041024;15;11;17;1330;1;2;4;2;3;51;NEUILLY (ROUTE);;;;930
201500041025;15;11;17;1250;1;2;1;2;3;51;MONT D'EST (BD);;;;930
201500041026;15;11;17;1450;1;2;3;8;3;51;NEUILLY-(ROUTE);;;;930
201500041027;15;11;19;2255;5;2;2;2;2;51;NEUILLY (ROUTE);;;;930
201500041028;15;11;25;1150;1;2;9;2;6;51;RU DE NESLE (BOULEVARD);;;;930
201500041029;15;11;27;910;1;2;6;5;6;51;VICTOR BASCH (AVENUE);;;;930
201500041030;15;11;27;1445;1;2;1;1;6;51;36, REPUBLIQUE;;;;930
201500041031;15;12;8;1820;5;2;1;2;6;51;12, PAVE NEUF (AVENUE);;;;930
201500041032;15;12;12;1645;2;2;3;8;3;51;MICHEL GOUTIER (NR PAIRS;;;;930
201500041033;15;12;18;1840;5;2;1;2;6;51;ARMAND GUNDHARDT;;;;930
201500041034;15;12;20;1950;5;2;1;2;7;51;0, BLAISE PASCAL (BD);;;;930
201500041035;15;12;26;2055;5;2;2;1;5;51;NEUILLY (ROUTE);;;;930
201500041036;15;1;18;1450;1;2;3;1;3;53;BREMENT (RUE DE) 1 A 83;;;;930
201500041037;15;1;24;1725;5;2;1;1;5;53;141, PARIS (RUE DE);;;;930
201500041038;15;1;25;1610;1;2;2;1;3;53;PARIS (RUE DE);;;;930
201500041039;15;2;11;1045;1;2;1;1;7;53;87, JEAN JAURES (RUE);;;;930
201500041040;15;2;21;2240;5;2;1;1;4;53;170, PARC (RUE DU);;;;930
201500041041;15;2;23;1130;1;2;1;2;6;53;BREMENT (RUE DE) 109 A 2;;;;930
201500041042;15;3;3;1115;1;2;2;1;3;53;PARIS (RUE DE);;;;930
201500041043;15;3;5;1550;1;2;1;1;3;53;102, ROSNY (AVENUE DE) N;;;;930
201500041044;15;3;6;1955;5;2;2;1;3;53;PARC (RUE DU);;;;930
201500041045;15;3;10;930;1;2;1;2;6;53;2, PARIS (RUE DE);;;;930
201500041046;15;3;12;1550;1;2;3;1;3;53;PARIS (RUE DE);;;;930
201500041047;15;3;24;1237;1;2;1;1;1;53;01, JULES FERRY (RUE);;;;930
201500041048;15;4;2;1600;1;2;2;2;6;53;JEAN JAURES (RUE);;;;930
201500041049;15;4;27;1350;1;2;1;1;2;53;PARC (RUE DU);;;;930
201500041050;15;5;20;1735;1;2;1;1;2;53;BREMENT (RUE DE) 109 A 2;;;;930
201500041051;15;5;13;1305;1;2;1;1;6;53;32, ROSNY (AVENUE DE) N°;;;;930
201500041052;15;4;13;1630;1;2;1;1;3;53;164/168, PARIS (RUE DE);;;;930
201500041053;15;4;21;1330;1;2;3;1;3;53;VAILLANT COUTURIER (RUE);;;;930
201500041054;15;5;9;1455;1;2;4;1;3;53;PARIS (RUE DE);;;;930
201500041055;15;5;11;1655;1;2;1;1;6;53;16, PIERRE BROSSELETTE (;;;;930
201500041056;15;5;22;920;1;2;1;1;3;53;ANATOLE FRANCE (RUE);;;;930
201500041057;15;5;22;1500;1;2;1;1;3;53;1, BREMENT (RUE DE) 1 A;;;;930
201500041058;15;5;30;1610;1;2;1;1;6;53;219, BREMENT (RUE DE) 10;;;;930
201500041059;15;6;5;1425;1;2;1;1;3;53;51, VAILLANT COUTURIER (;;;;930
201500041060;15;6;9;1740;1;2;1;1;6;53;15, NEUILLY (RUE DE) N°;;;;930
201500041061;15;6;13;1445;1;2;3;1;3;53;PROGRES (RUE DU) N° 33 A;;;;930
201500041062;15;6;20;1850;1;2;1;1;2;53;121, PARC (RUE DU);;;;930
201500041063;15;6;22;1015;1;2;1;8;6;53;189 Bis BREMENT (RUE DE;;;;930
201500041064;15;6;30;950;1;2;6;1;3;53;JEAN COQUELIN (PLACE);;;;930
201500041065;15;7;4;1955;1;2;1;1;6;53;DECOUVERTES (PLACE DES);;;;930
201500041066;15;7;19;2240;5;2;1;1;3;53;63, JEAN JAURES (RUE);;;;930
201500041067;15;7;22;1330;1;2;1;1;6;53;20, JEAN JAURES (RUE);;;;930
201500041068;15;7;23;815;1;2;1;1;2;53;ANATOLE FRANCE (RUE);;;;930
201500041069;15;7;26;1;5;2;2;1;3;53;ROSNY (AVENUE DE) N° 56;;;;930
201500041070;15;7;26;740;1;2;1;1;2;53;3, GAGNY (AVENUE DE);;;;930
201500041071;15;7;29;950;1;2;1;1;3;53;ROSNY (AVENUE DE) N° 53;;;;930
201500041072;15;8;8;800;1;2;1;1;3;53;10 ROGER SALENGRO (BLD);;;;930
201500041073;15;9;3;1630;1;2;1;1;2;53;18, PARC (RUE DU);;;;930
201500041074;15;9;10;1910;1;2;1;1;4;53;58, PARIS (RUE DE);;;;930
201500041075;15;9;14;600;5;2;2;1;3;53;., BREMENT (RUE DE) 109;;;;930
201500041076;15;9;18;1731;1;2;2;8;3;53;PROGRES (RUE DU) N° 33 A;;;;930
201500041077;15;9;20;235;5;2;1;1;7;53;104, VAILLANT COUTURIER;;;;930
201500041078;15;9;23;1142;1;2;2;1;3;53;1, VAILLANT COUTURIER (R;;;;930
201500041079;15;9;26;1615;1;2;1;1;6;53;15, FREPILLON (RUE);;;;930
201500041080;15;9;30;920;1;2;1;1;2;53;., JEAN COQUELIN (PLACE);;;;930
201500041081;15;10;7;1615;1;2;1;1;6;53;45, VAILLANT COUTURIER (;;;;930
201500041082;15;10;11;1730;1;2;1;1;3;53;127, ANATOLE FRANCE (RUE;;;;930
201500041083;15;10;14;950;1;2;1;1;5;53;04, VERDUN (AVENUE DE);;;;930
201500041084;15;10;21;1700;1;2;1;1;6;53;11, NEUILLY (RUE DE) N°;;;;930
201500041085;15;10;23;1825;1;2;3;1;2;53;., ROSNY (AVENUE DE) N°;;;;930
201500041086;15;10;29;2130;5;2;3;1;3;53;., FONTAINE (RUE DE LA);;;;930
201500041087;15;10;31;30;5;2;3;1;2;53;ROSNY (AVENUE DE) N° 53;;;;930
201500041088;15;11;3;1920;5;2;9;1;3;53;106BIS, BREMENT (RUE DE);;;;930
201500041089;15;11;21;1440;1;2;1;2;2;53;17, REPUBLIQUE (BLD DE L;;;;930
201500041090;15;12;4;740;2;2;2;2;3;53;PARIS (RUE DE);;;;930
201500041091;15;12;4;820;2;2;1;8;3;53;40, BOBIGNY (AVENUE DE);;;;930
201500041092;15;12;4;2140;5;2;1;9;1;53;01, ROGER SALENGRO (BLD);;;;930
201500041093;15;12;7;1900;5;2;1;1;2;53;184, PARIS (RUE DE);;;;930
201500041094;15;12;9;1835;1;2;1;1;6;53;68 JEAN JAURES (RUE);;;;930
201500041095;15;12;16;1255;1;2;1;1;7;53;8, DIX HUIT AVRIL 1944 (;;;;930
201500041096;15;12;18;1005;1;2;1;2;2;53;9, BREMENT (RUE DE) 1 A;;;;930
201500041097;15;12;20;1830;5;2;1;1;4;53;108 MICHELET (bld) N  8;;;;930
201500041098;15;1;23;1800;5;2;1;1;6;55;25, EDOUARD VAILLANT DU;;;;930
201500041099;15;1;30;1745;2;2;1;1;6;55;91, EDOUARD VAILLANT DU;;;;930
201500041100;15;1;31;2330;5;2;1;1;3;55;109, JEAN JAURES (AVENUE;;;;930
201500041101;15;2;9;1015;1;2;1;1;1;55;71, CARTIER BRESSON DU 4;;;;930
201500041102;15;2;10;1830;5;2;1;8;6;55;1, FORMAGNE;;;;930
201500041103;15;2;16;2020;5;2;4;1;6;55;39, EDOUARD VAILLANT DU;;;;930
201500041104;15;2;24;2010;5;2;1;1;6;55;134, JEAN LOLIVE (AVENUE;;;;930
201500041105;15;2;27;1144;1;2;2;1;3;55;31, PIERRE BROSSOLETTE;;;;930
201500041106;15;3;2;1645;1;2;1;1;6;55;JULES AUFFRET (1/49 ET 2;;;;930
201500041107;15;3;9;135;5;2;1;1;7;55;200, JEAN LOLIVE (AVENUE;;;;930