num_acc;an;mois;jour;hrmn;lum;agg;int;atm;col;com;adr;gps;lat;long;dep
201500041108;15;3;9;1815;1;2;1;1;6;55;170, JEAN JAURES (AVENUE;;;;930
201500041109;15;3;11;1820;1;2;1;1;3;55;14, SCANDICCI;;;;930
201500041110;15;3;13;1815;1;2;1;1;6;55;6, VICTOR HUGO (1/63 . 2;;;;930
201500041111;15;4;13;1200;1;2;9;1;6;55;42, DIVISION LECLERC (AV;;;;930
201500041112;15;4;18;855;1;2;1;1;2;55;100, GENERAL LECLERC(AVE;;;;930
201500041113;15;5;1;1345;1;2;1;2;2;55;124, GENERAL LECLERC(AVE;;;;930
201500041114;15;5;14;1140;1;2;2;1;2;55;111, JEAN LOLIVE (AVENUE;;;;930
201500041115;15;5;29;1700;1;2;1;1;2;55;16, VIGNES (CHEMIN DES);;;;930
201500041116;15;6;1;840;1;2;1;1;4;55;231, JEAN LOLIVE (AVENUE;;;;930
201500041117;15;6;2;2020;2;2;1;1;3;55;73, JULES AUFFRET (51/FI;;;;930
201500041118;15;6;19;930;1;2;1;1;3;55;171, JEAN LOLIVE (AVENUE;;;;930
201500041119;15;6;22;1805;1;2;1;3;3;55;192, JEAN LOLIVE (AVENUE;;;;930
201500041120;15;6;25;1650;1;2;1;1;1;55;77, FAIDHERBE (AVENUE);;;;930
201500041121;15;6;28;2130;5;2;1;1;3;55;132, JEAN LOLIVE (AVENUE;;;;930
201500041122;15;7;6;1;5;2;1;1;6;55;162, GENERAL LECLERC(AVE;;;;930
201500041123;15;7;7;30;5;2;1;1;2;55;171, JEAN LOLIVE (AVENUE;;;;930
201500041124;15;7;15;1915;1;2;2;1;3;55;67, VICTOR HUGO (65/FIN;;;;930
201500041125;15;7;16;1719;1;2;1;1;7;55;72, VICTOR HUGO (65/FIN;;;;930
201500041126;15;8;2;1215;1;2;1;1;6;55;51, GENERAL LECLERC(AVE;;;;930
201500041127;15;8;8;840;1;2;1;1;6;55;105, JEAN LOLIVE (AVENUE;;;;930
201500041128;15;8;11;1015;1;2;1;1;3;55;67, GENERAL LECLERC(AVE;;;;930
201500041129;15;8;17;1640;1;2;1;1;3;55;4, DIVISION LECLERC (AVE;;;;930
201500041130;15;8;19;815;1;2;9;1;6;55;GENERAL LECLERC(AVE DU)(;;;;930
201500041131;15;8;24;1850;1;2;1;2;2;55;103, GENERAL LECLERC(AVE;;;;930
201500041132;15;9;2;2125;5;2;1;1;6;55;86, JEAN LOLIVE (AVENUE);;;;930
201500041133;15;9;12;1120;1;2;1;3;3;55;48, DIVISION LECLERC (AV;;;;930
201500041134;15;9;14;1500;1;2;1;3;7;55;MEHUL (1/37. 2/24);;;;930
201500041135;15;9;14;1530;1;2;1;1;6;55;34, JEAN JAURES (AVENUE);;;;930
201500041136;15;9;15;1910;1;2;3;2;3;55;CHARLES AURAY DU 55/FIN.;;;;930
201500041137;15;9;23;740;1;2;1;1;3;55;18bis, DELIZY (DU 15 AU;;;;930
201500041138;15;9;28;1120;1;2;1;1;3;55;1, ANATOLE FRANCE (AVENU;;;;930
201500041139;15;10;12;715;5;2;2;1;6;55;95, EDOUARD VAILLANT DU;;;;930
201500041140;15;10;14;1310;1;2;1;1;3;55;158, JEAN LOLIVE (AVENUE;;;;930
201500041141;15;10;16;1115;1;2;1;2;6;55;32, JEAN JAURES (AVENUE);;;;930
201500041142;15;10;19;2030;5;2;1;1;2;55;COURTILLIERES(AVENUE DES;;;;930
201500041143;15;10;27;825;1;2;2;1;6;55;JEAN JAURES (AVENUE) (2/;;;;930
201500041144;15;11;8;530;5;2;3;1;3;55;0, GENERAL LECLERC(AVE D;;;;930
201500041145;15;11;8;1935;5;2;1;1;2;55;JEAN LOLIVE (AVENUE)(55/;;;;930
201500041146;15;11;30;820;1;2;3;1;3;55;0, DIVISION LECLERC (AVE;;;;930
201500041147;15;12;2;1820;5;2;2;1;3;55;GENERAL LECLERC (AVENUE);M;0;0;930
201500041148;15;12;9;815;1;2;2;1;1;55;76, JEAN JAURES (AVENUE);;;;930
201500041149;15;1;3;1405;1;2;1;3;3;77;41, ROSNY (AVENUE DE);;;;930
201500041150;15;1;6;1720;2;2;1;1;6;62;125, RESISTANCE (AVENUE;;;;930
201500041151;15;1;13;1720;5;2;2;1;2;62;., GAMBETTA (ALLEE);;;;930
201500041152;15;1;15;1225;1;2;1;2;2;77;01, GALLIENI (AVENUE DU;;;;930
201500041153;15;1;20;724;2;2;1;1;6;77;21, AULNAY (BOULEVARD D';;;;930
201500041154;15;1;26;1345;1;2;2;2;3;77;55, FRANKLIN (AVENUE) 1-;;;;930
201500041155;15;2;7;1420;1;2;5;1;3;77;55, GALLIENI (AVENUE DU;;;;930
201500041156;15;2;20;2245;5;2;1;3;7;77;98, GRANDE RUE;;;;930
201500041157;15;2;27;2040;5;2;3;1;4;62;43, LIVRY (AVENUE DE);;;;930
201500041158;15;3;8;100;5;2;1;1;3;77;1BIS, OUTREBON (AVENUE);;;;930
201500041159;15;3;14;1130;1;2;1;1;6;77;156, GRANDE RUE;;;;930
201500041160;15;3;18;1705;1;2;2;1;3;77;60, LIMITES (AVENUE DES);;;;930
201500041161;15;4;2;1240;1;2;1;2;2;62;55, THIERS (AVENUE);;;;930
201500041162;15;4;10;805;1;2;1;1;6;77;63, ROSNY (AVENUE DE);;;;930
201500041163;15;4;11;1615;1;2;2;1;3;77;xxxx, GRANDE RUE;;;;930
201500041164;15;4;11;1735;1;2;1;2;2;77;124 T, GRANDE RUE;;;;930
201500041165;15;4;17;1810;1;2;1;1;6;77;1, GUITLEVITCH (RUE SIMO;;;;930
201500041166;15;4;28;1235;1;2;1;1;3;62;85, OUEST (BOULEVARD DE;;;;930
201500041167;15;4;29;930;1;2;1;1;3;77;45, PLATEAU (RUE DU);;;;930
201500041168;15;5;8;2030;1;2;2;1;3;77;xx, GIRARDOT (AVENUE DE);;;;930
201500041169;15;5;11;1530;1;2;1;1;3;77;xx, LIMITES (AVENUE DES);;;;930
201500041170;15;5;12;855;1;2;1;1;5;77;20 bis, GALLIENI (AVENUE;;;;930
201500041171;15;5;19;2136;2;2;2;2;7;77;39, ROSES (AVENUE DES);;;;930
201500041172;15;5;23;800;1;2;7;1;3;62;xx, GENERAL DE GAULLE (P;;;;930
201500041173;15;5;23;1625;1;2;1;1;3;62;11, GAGNY (ALLEE DE);;;;930
201500041174;15;5;25;1720;1;2;1;1;7;77;34, STATION (AVENUE DE L;;;;930
201500041175;15;5;29;2230;5;2;1;1;6;77;2, LAENNEC (RUE) COTE PA;;;;930
201500041176;15;5;30;1015;1;2;2;1;3;62;--, MONTFERMEIL (ALLEE D;;;;930
201500041177;15;6;4;1210;1;2;1;1;6;62;THIERS (AVENUE);;;;930
201500041178;15;6;7;137;5;2;6;1;6;62;xx, MONTFERMEIL (ROND PO;;;;930
201500041179;15;6;8;2100;2;2;2;1;3;62;47, MIDI (BOULEVARD DU);;;;930
201500041180;15;6;10;1220;1;2;1;1;3;62;22 BIS, THIERS (AVENUE);;;;930
201500041181;15;6;19;1825;1;2;1;1;6;77;BENONI (RUE EUSTACHE);;;;930
201500041182;15;6;30;1017;1;2;2;1;3;77;14, MONTAGNE SAVART (RUE;;;;930
201500041183;15;6;30;1725;1;2;1;1;6;77;90, GRANDE RUE;;;;930
201500041184;15;6;30;1825;1;2;1;1;6;62;45 bis, JARDIN ANGLAIS E;;;;930
201500041185;15;7;3;1630;1;2;1;1;6;77;24, GRANDE RUE;;;;930
201500041186;15;7;9;715;1;2;2;1;5;77;29, GRANDE RUE;M;4888384;345699;930
201500041187;15;7;10;2125;2;2;2;1;3;77;90, ROSNY (AVENUE DE);M;4888398;345699;930
201500041188;15;7;11;650;1;2;1;1;7;62;108, THIERS (AVENUE);;;;930
201500041189;15;7;15;1856;1;2;1;1;7;62;50, PLATEAU (ALLEE DU);;;;930
201500041190;15;7;16;1949;1;2;6;1;3;62;74, RESISTANCE (AVENUE D;;;;930
201500041191;15;7;23;647;1;2;1;8;7;77;7, RAINCY (AVENUE DU);;;;930
201500041192;15;7;23;1700;1;2;2;1;3;77;47, AULNAY (BOULEVARD D';;;;930
201500041193;15;7;24;1945;1;2;2;1;3;77;TOUR (ALLEE DE LA);;;;930
201500041194;15;7;29;550;1;2;2;1;3;77;26, RAINCY (AVENUE DU);;;;930
201500041195;15;7;29;1405;1;2;1;1;6;62;06, MONTFERMEIL (ROND PO;;;;930
201500041196;15;8;4;2000;1;2;2;1;3;62;96, MONTFERMEIL (ALLEE D;;;;930
201500041197;15;8;7;1955;1;2;2;1;3;77;xx, NOISY (ROUTE DE) JUS;;;;930
201500041198;15;8;24;1320;1;2;1;2;6;62;130 BIS, RESISTANCE (AVE;;;;930
201500041199;15;8;24;1425;1;2;4;2;3;77;xx, GUITLEVITCH (RUE SIM;;;;930
201500041200;15;8;31;925;1;2;1;1;6;62;62, THIERS (AVENUE);;;;930
201500041201;15;9;2;1845;1;2;1;1;6;77;24, GRANDE RUE;;;;930
201500041202;15;9;4;1805;1;2;1;1;6;62;90, RESISTANCE (AVENUE D;;;;930
201500041203;15;9;7;1200;1;2;1;1;3;62;18, LIVRY (AVENUE DE);;;;930
201500041204;15;9;15;725;1;2;1;2;6;77;1, PARC (RUE DU);;;;930
201500041205;15;9;16;1530;1;2;1;2;2;62;119, RESISTANCE (AVENUE;;;;930
201500041206;15;9;22;1250;1;1;1;3;6;77;, AVRON (RUE D');;;;930
201500041207;15;9;22;1905;1;2;2;2;3;77;21, ADELE (RUE);;;;930
201500041208;15;9;28;625;5;2;2;1;3;77;25, REGLEY (RUE);;;;930
201500041209;15;9;28;1124;1;2;2;1;6;77;124ter, GRANDE RUE;;;;930
201500041210;15;10;1;1245;1;2;2;1;3;77;20, FALLAY (RUE JEAN);;;;930
201500041211;15;10;8;920;1;2;2;1;3;77;123, BONDY (AVENUE DE) J;;;;930
201500041212;15;10;9;1705;1;2;1;1;6;62;78, RESISTANCE (AVENUE D;;;;930
201500041213;15;10;11;1350;1;1;3;1;3;77;GRANDE RUE;;;;930
201500041214;15;10;15;1313;1;2;2;1;3;77;CHARTON (RUE RENE ET PIE;;;;930
201500041215;15;10;16;1230;1;2;1;1;3;77;11, GALLIENI (AVENUE DU;;;;930
201500041216;15;11;16;1424;1;2;3;1;2;77;77, ROSNY (AVENUE DE);;;;930
201500041217;15;11;16;1815;5;2;1;1;3;62;10, EST (BOULEVARD DE L';;;;930
201500041218;15;11;17;1725;5;2;4;2;6;77;00, GALLIENI (AVENUE DU;;;;930
201500041219;15;11;18;1815;5;2;2;1;3;77;15, LONGPERRIER (AVENUE;;;;930
201500041220;15;11;20;2200;5;2;2;2;3;62;98, RESISTANCE (AVENUE D;;;;930
201500041221;15;11;24;1942;5;2;3;2;3;77;45, GALLIENI (AVENUE DU;;;;930
201500041222;15;11;27;210;5;2;2;1;3;77;34, NOISY (ROUTE DE) JUS;;;;930
201500041223;15;11;30;1017;1;2;2;1;3;62;16 bis, EGLISE (ALLEE DE;;;;930
201500041224;15;1;7;1230;1;2;1;1;6;64;DE GAULLE (AV DU GENERAL;;;;930
201500041225;15;1;23;1850;5;2;1;1;6;64;46, BERTHAUDS (RUE DES);;;;930
201500041226;15;1;24;1530;1;2;1;1;6;64;2, REPUBLIQUE (AVENUE DE;;;;930
201500041227;15;1;29;915;1;2;1;1;6;64;96, DE GAULLE (AV DU GEN;;;;930
201500041228;15;2;12;1520;1;2;1;1;6;64;43, QUATRIEME ZOUAVES (R;;;;930
201500041229;15;2;12;1730;1;2;1;1;6;64;00, FERRY (RUE JULES);;;;930
201500041230;15;2;13;1000;1;2;1;1;6;64;56, TIMBAUD (RUE JEAN PI;;;;930
201500041231;15;2;14;2050;5;2;2;3;6;64;1, ROCHEBRUNE (RUE);;;;930
201500041232;15;2;27;1150;1;2;1;1;2;64;DE GAULLE (AV DU GENERAL;;;;930
201500041233;15;5;2;1600;1;2;2;2;6;64;0, BLUM (RUE LEON);;;;930
201500041234;15;5;6;1035;1;2;1;1;6;64;15, GALLIENI (RUE DU GEN;;;;930
201500041235;15;5;12;1455;1;2;1;1;6;64;00, ALSACE-LORRAINE (BOU;;;;930
201500041236;15;5;28;1915;1;2;1;1;3;64;ALSACE-LORRAINE (BOULEVA;;;;930
201500041237;15;5;30;2130;1;2;1;1;3;64;00, DE GAULLE (AV DU GEN;;;;930
201500041238;15;7;6;1025;1;2;1;1;6;64;00, PERI (BOULEVARD GABR;;;;930
201500041239;15;7;26;2210;5;2;1;8;6;64;55 REPUBLIQUE (AVENUE D;;;;930
201500041240;15;7;28;1205;1;2;1;1;6;64;20, WALESA (AVENUE LECH);;;;930
201500041241;15;7;31;1940;1;2;3;1;6;64;00, DHUYS (RUE DE LA);;;;930
201500041242;15;8;3;1625;1;2;9;1;6;64;00, PERI (BOULEVARD GABR;;;;930
201500041243;15;8;11;1500;1;2;2;1;3;64;1, ROUX (RUE DU DOCTEUR);;;;930
201500041244;15;8;24;1755;1;2;1;3;6;64;00, MONTGOLFIER (RUE J E;;;;930
201500041245;15;9;21;1455;1;2;3;1;3;64;6, WALESA (AVENUE LECH);;;;930
201500041246;15;9;22;1425;1;2;3;1;6;64;00, MICHEL (RUE LOUISE);;;;930
201500041247;15;9;29;930;1;2;1;1;2;64;5, FERRY (RUE JULES);;;;930
201500041248;15;9;30;1805;1;2;1;1;6;64;101, KENNEDY (AVENUE DU;;;;930
201500041249;15;10;3;1600;1;2;1;1;6;64;2, HOFFMANN (RUE PHILIBE;;;;930
201500041250;15;11;13;1050;1;2;1;2;6;64;08, BOISSIERE (RUELLE DE;;;;930
201500041251;15;11;26;1800;5;2;2;1;6;64;00, ALSACE-LORRAINE (BOU;;;;930
201500041252;15;11;26;1920;5;2;1;1;6;64;2, REPUBLIQUE (AVENUE DE;;;;930
201500041253;15;12;21;1230;1;2;3;1;6;64;FERRY (RUE JULES);;;;930
201500041254;15;12;31;1500;1;2;4;1;3;64;1, PERI (BOULEVARD GABRI;;;;930
201500041255;15;12;18;215;5;2;2;2;3;64;00, ALSACE-LORRAINE (BOU;;;;930
201500041256;15;12;21;2150;5;2;1;2;6;64;BLUM (RUE LEON);;;;930
201500041257;15;1;3;2349;5;2;1;2;6;66;QUARTIER FORT DE LA BRIC;;;;930
201500041258;15;1;5;730;5;2;1;1;2;66;67, FRANCE ANATOLE (BOUL;;;;930
201500041259;15;1;9;1835;5;2;1;1;6;66;BERNE;;;;930
201500041260;15;1;11;2000;5;2;1;1;6;66;WILSON (AVENUE DU PRESID;;;;930
201500041261;15;1;12;1815;5;2;1;1;6;66;1, REPUBLIQUE;;;;930
201500041262;15;1;13;1900;5;2;3;2;3;39;PAUL MARCEL (BOULEVARD);;;;930
201500041263;15;1;13;2000;5;2;2;8;3;66;LENINE (AVENUE) NR 28 A;;;;930
201500041264;15;1;15;720;2;2;2;1;6;66;PRESSENCE FRANCIS (AVENU;;;;930
201500041265;15;1;12;1500;1;2;1;1;6;66;SAUSSAIE;;;;930
201500041266;15;1;23;1620;1;2;1;1;6;66;LENINE (AVENUE) NR 2 A 2;;;;930
201500041267;15;1;27;725;5;2;1;1;3;66;56 BIS, CROISAT AMBROISE;;;;930
201500041268;15;1;27;1150;1;2;1;1;3;66;DELAUNAY JULES;;;;930
201500041269;15;1;28;630;5;2;3;2;6;66;31, COLONEL FABIEN (AVEN;;;;930
201500041270;15;1;28;1320;1;2;2;8;3;66;MITERRAND FRANCOIS (AVEN;;;;930
201500041271;15;1;29;1700;2;2;1;2;6;66;GORKI MAXIME;;;;930
201500041272;15;2;4;735;1;2;3;1;6;66;CASANOVA DANIELLE NR 2 A;;;;930
201500041273;15;2;5;1900;5;2;1;1;4;66;CROIZAT AMBROISE RD 29 B;;;;930
201500041274;15;2;8;2100;5;2;1;1;6;66;COMMUNE DE PARIS;;;;930
201500041275;15;2;9;850;1;2;2;1;4;66;17, CASANOVA DANIELLE NR;;;;930
201500041276;15;2;10;645;5;2;3;1;6;66;2, SAINT JUST (ALLEE);;;;930
201500041277;15;2;10;1730;1;2;1;1;6;66;DELAUNAY JULES;;;;930
201500041278;15;2;11;1300;1;2;1;1;6;66;110, CROISAT AMBROISE RD;;;;930
201500041279;15;2;11;1330;1;2;1;1;6;66;4, DOURDIN GASTON (PLACE;;;;930
201500041280;15;2;12;745;2;2;1;1;6;66;GUYNEMER;;;;930
201500041281;15;2;12;1320;1;2;4;1;6;66;"2, ""GUESDE JULES (BD), N";;;;930
201500041282;15;2;14;1940;5;2;3;2;6;66;GORKI MAXIME;;;;930
201500041283;15;2;17;1900;4;2;3;1;3;66;39, LENINE (AVENUE) NR 2;;;;930
201500041284;15;2;19;1300;1;2;3;1;3;66;"76, ""LANDY RD 20, NR PAI";;;;930
201500041285;15;2;24;1300;1;2;1;2;6;66;BOULOGNE;;;;930
201500041286;15;2;25;2145;5;1;1;1;6;66;GORKI MAXIME;;;;930
201500041287;15;3;4;1237;1;2;3;3;3;66;275, WILSON (AVENUE DU P;;;;930
201500041288;15;3;5;1200;1;2;6;1;6;66;2, MOULIN JEAN (AVENUE);;;;930
201500041289;15;3;6;1530;1;2;1;1;4;66;COURNEUVE (ROUTE);;;;930
201500041290;15;3;13;1655;1;2;1;1;6;66;COMMUNE DE PARIS;;;;930
201500041291;15;3;16;2225;5;2;1;1;6;66;227, WILSON (AVENUE DU P;;;;930
201500041292;15;3;17;1135;1;2;1;1;3;39;60, MARINE (QUAI DE LA );;;;930
201500041293;15;3;17;1600;1;2;1;1;6;66;1, VANHOLLEBEKE FERNAND;;;;930
201500041294;15;3;18;1310;1;2;2;1;3;66;"""LANDY RD 20, NR IMPAIRS";;;;930
201500041295;15;3;20;825;1;2;1;1;6;66;"37, ""BARBUSSE HENRI, NR";;;;930
201500041296;15;3;19;1200;1;2;3;1;3;66;FRANCE ANATOLE ENTREE A8;;;;930
201500041297;15;3;20;1610;1;2;4;1;4;66;LENINE (AVENUE) NR 2 A 2;;;;930
201500041298;15;3;22;1920;5;2;1;1;6;66;SAULNIER JULES;;;;930
201500041299;15;3;25;1415;1;2;1;1;6;66;2, MOULIN BASSET (CHEMIN;;;;930
201500041300;15;3;26;1330;1;2;1;2;6;66;81, WILSON (AVENUE DU PR;;;;930
201500041301;15;3;26;2025;5;2;1;1;6;66;GENERAL DE GAULLE;;;;930
201500041302;15;3;28;1700;1;2;1;1;2;66;03, BRICHE NR 2 A 38;;;;930
201500041303;15;3;31;850;1;2;1;2;6;66;COLONEL FABIEN (AVENUE);;;;930
201500041304;15;4;4;345;5;2;1;1;3;66;WILSON (AVENUE DU PRESID;;;;930
201500041305;15;4;7;1700;1;2;1;1;6;66;"149, ""PERI GABRIEL, NR 1";;;;930
201500041306;15;4;8;1545;1;2;1;1;6;66;43, GARCIA CHRISTINO;;;;930
201500041307;15;4;9;2155;5;2;1;1;3;66;CROIZAT AMBROISE RD 29 B;;;;930
201500041308;15;4;10;1945;1;2;1;1;6;66;"""STALINGRAND (AV), NR 2-";;;;930
201500041309;15;4;12;1610;1;2;1;1;6;66;CITE ROMAIN ROLLAND;;;;930
201500041310;15;4;12;2300;5;2;1;1;6;66;"136, ""LANDY RD 20, NR IM";;;;930
201500041311;15;4;13;1630;1;2;1;1;3;66;41, FRANCE ANATOLE (BOUL;;;;930
201500041312;15;4;14;1320;1;2;1;1;6;66;15, VAILLANT EDOUARD;;;;930
201500041313;15;4;20;1555;1;2;1;1;6;66;ECOUEN;;;;930
201500041314;15;5;2;1540;1;2;1;2;1;66;MONDIAL 98;;;;930
201500041315;15;5;3;1320;1;2;1;2;2;66;COURNEUVE (ROUTE);;;;930
201500041316;15;5;5;1900;1;2;1;1;6;66;220, WILSON (AVENUE DU P;;;;930
201500041317;15;5;6;1645;1;2;2;1;3;66;CROISAT AMBROISE RD 29 B;;;;930
201500041318;15;5;7;1305;1;2;1;1;6;39;SEINE (QUAI DE );;;;930
201500041319;15;5;8;2255;5;2;1;1;6;66;STADE DE FRANCE (AVENUE;;;;930
201500041320;15;5;9;1840;1;2;1;1;6;66;"132, ""PERI GABRIEL, NR 2";;;;930
201500041321;15;5;11;1800;1;2;1;1;3;66;"146, ""LANDY RD 20, NR IM";;;;930
201500041322;15;5;11;1340;1;2;1;1;2;66;138, CROISAT AMBROISE RD;;;;930
201500041323;15;5;12;1830;1;2;1;1;6;66;JAURES JEAN;;;;930
201500041324;15;5;14;1820;1;2;1;1;3;66;GENERAL DE GAULLE;;;;930
201500041325;15;5;14;2015;1;2;2;1;3;66;METALLURGIE (AVENUE);;;;930
201500041326;15;5;18;1515;1;2;1;1;7;66;380, WILSON (AVENUE DU P;;;;930
201500041327;15;5;18;2310;5;2;1;2;6;66;STADE DE FRANCE (AVENUE;;;;930
201500041328;15;5;19;2000;1;2;1;2;3;66;41, FRANCE ANATOLE (BOUL;;;;930
201500041329;15;5;21;2010;1;2;1;1;6;66;COMMUNE DE PARIS (BOULEV;;;;930
201500041330;15;5;29;1045;1;2;2;1;3;66;1, LAMAZE DOCTEUR;;;;930
201500041331;15;5;29;1540;1;2;1;1;6;66;LIBERATION RD14 (BOULEVA;;;;930
201500041332;15;5;30;720;1;2;1;1;6;66;BAILLY;;;;930
201500041333;15;5;30;2155;5;2;1;1;3;66;FRANCE ANATOLE (BOULEVAR;;;;930
201500041334;15;5;31;2240;5;2;2;3;3;66;PARIS (PORTE);;;;930
201500041335;15;6;11;1230;1;2;3;1;3;66;OWENS JESSE;;;;930
201500041336;15;6;15;1825;1;2;1;1;6;66;STADE DE FRANCE-(AVENUE;;;;930
201500041337;15;6;16;1145;1;2;1;1;6;66;1, MONTJOIE;;;;930
201500041338;15;6;17;1140;1;2;4;1;6;66;MOULIN BASSET (CHEMIN);;;;930
201500041339;15;6;17;1815;1;2;6;1;6;66;PRESSENCE FRANCIS (AVENU;;;;930
201500041340;15;6;18;1600;1;2;1;1;2;66;CROISAT AMBROISE RD 29 B;;;;930
201500041341;15;6;19;30;5;2;1;1;3;66;120, WILSON (AVENUE DU P;;;;930
201500041342;15;6;19;1340;1;2;1;1;6;66;FRANC MOISIN (AVENUE);;;;930
201500041343;15;6;21;1430;1;2;1;1;3;66;14, ORNANO (BOULEVARD);;;;930
201500041344;15;6;22;140;5;2;1;1;3;66;CARNOT (BOULEVARD);;;;930
201500041345;15;6;22;1445;1;2;1;2;6;66;"68, ""PERI GABRIEL, NR 2";;;;930
201500041346;15;6;22;1440;1;2;1;8;6;66;BRICHE NR 2 A 38;;;;930
201500041347;15;6;22;1745;1;2;1;2;2;66;POULBOT FRANCISQUE;;;;930
201500041348;15;6;22;2145;2;2;1;2;5;66;FRANCE ANATOLE (BOULEVAR;;;;930
201500041349;15;6;23;1130;1;2;6;1;3;66;CACHIN MARCEL (AVENUE);;;;930
201500041350;15;6;23;1525;1;2;1;1;3;66;FRANCE ANATOLE ENTREE A1;;;;930
201500041351;15;6;23;1200;1;2;1;1;3;66;GENERAL DE GAULLE;;;;930
201500041352;15;6;24;2255;5;2;1;1;6;66;BEC A LOUE;;;;930
201500041353;15;6;29;1520;1;2;1;1;3;66;MITERRAND FRANCOIS (AVEN;;;;930
201500041354;15;7;1;1320;1;2;2;1;6;66;200, WILSON (AVENUE DU P;;;;930
201500041355;15;7;1;2025;1;2;3;1;5;66;ELUARD PAUL - AUTRES;;;;930
201500041356;15;7;2;1945;1;1;1;1;3;66;CROISAT AMBROISE RD 29 B;;;;930
201500041357;15;7;3;1030;1;2;3;1;3;66;MOULIN JEAN (AVE)-NR 10;;;;930
201500041358;15;7;3;1715;1;2;1;1;3;66;72 CROIZAT AMBROISE RD;;;;930
201500041359;15;7;3;2035;1;2;1;1;2;66;"""BARBUSSE HENRI, NR 2 A";;;;930
201500041360;15;7;4;2050;2;2;1;1;6;66;CROIZAT AMBROISE RD 29 B;;;;930
201500041361;15;7;4;2300;5;2;1;1;3;66;FRANCE ANATOLE ENTREE A1;;;;930
201500041362;15;7;11;1930;1;2;1;1;3;66;COURNEUVE (ROUTE);;;;930
201500041363;15;7;11;2000;1;2;3;1;3;66;REVOLTE;;;;930
201500041364;15;7;14;1520;1;2;1;1;6;66;JACOB MAX;;;;930
201500041365;15;7;16;1515;1;2;1;1;6;66;JAURES JEAN;;;;930
201500041366;15;7;17;1430;1;2;3;1;6;66;BEC A LOUE;;;;930
201500041367;15;7;22;1800;1;2;2;1;3;66;LENINE (AVENUE) NR 2 A 2;;;;930
201500041368;15;7;25;1900;1;2;1;1;3;66;SAINT OUEN (QUAI DE );;;;930
201500041369;15;7;29;1911;1;2;2;1;3;66;130, CASANOVA DANIELLE N;;;;930
201500041370;15;7;30;2100;2;2;1;1;1;66;4, PRESSENCE FRANCIS (AV;;;;930
201500041371;15;8;1;40;5;2;2;1;3;66;"""STALINGRAND (AV), NR 2-";;;;930
201500041372;15;8;1;1500;1;2;4;1;2;66;LIBERATION RD14 (BOULEVA;;;;930
201500041373;15;8;5;100;5;1;1;1;2;66;"""LANDY RD 20, NR IMPAIRS";;;;930
201500041374;15;8;6;1915;1;2;1;1;3;66;OWENS JESSE;;;;930
201500041375;15;8;7;1400;1;2;1;1;6;66;LAMAZE DOCTEUR;;;;930
201500041376;15;8;7;1730;1;2;2;1;3;66;"""PERI GABRIEL, NR 2  A 1";;;;930
201500041377;15;8;7;2155;5;2;1;1;1;66;CASANOVA DANIELLE NR 52-;;;;930
201500041378;15;8;8;1505;1;2;1;1;4;66;LIBERATION RD14 (BOULEVA;;;;930
201500041379;15;8;14;250;5;2;1;1;4;66;211, GORKI MAXIME;;;;930
201500041380;15;8;20;1725;1;2;1;1;3;66;MITERRAND FRANCOIS (AVEN;;;;930
201500041381;15;8;22;1450;1;2;1;1;6;66;"""STRASBOURG, NR 1 A 71 E";;;;930
201500041382;15;8;22;2110;3;2;1;1;3;66;COURNEUVE (ROUTE);;;;930
201500041383;15;8;24;430;5;2;9;1;6;66;COURNEUVE (ROUTE);;;;930
201500041384;15;8;25;1000;1;2;1;1;2;66;MOULIN JEAN (AVE) NR 10;;;;930
201500041385;15;8;27;15;5;2;2;2;3;66;WILSON (AVENUE DU PRESID;;;;930
201500041386;15;8;30;1515;1;2;1;1;6;66;01, COMMUNE DE PARIS (BO;;;;930
201500041387;15;9;7;610;2;2;1;1;1;66;CROISAT AMBROISE RD 29 B;;;;930
201500041388;15;9;7;1215;1;2;2;1;3;66;MITERRAND FRANCOIS (AVEN;;;;930
201500041389;15;9;11;1740;1;2;1;1;3;66;17, LIBERATION RD14 (BOU;;;;930
201500041390;15;9;12;745;1;2;1;1;2;66;FRANCE ANATOLE ENTREE A8;;;;930
201500041391;15;9;11;1440;1;2;1;1;1;66;111, PRESSENCE FRANCIS (;;;;930
201500041392;15;9;18;150;5;2;2;1;2;66;GORKI MAXIME;;;;930
201500041393;15;9;18;1715;1;2;3;2;3;66;VAILLANT COUTURIER PAUL;;;;930
201500041394;15;9;18;2145;5;2;3;1;3;66;MOULIN JEAN (AVENUE) NR;;;;930
201500041395;15;9;24;2115;5;2;1;2;3;66;RU DE MONTFORT (CHEMIN);;;;930
201500041396;15;9;28;1845;1;2;1;1;6;66;CASANOVA DANIELLE NR 2 A;;;;930
201500041397;15;9;29;1520;1;2;1;1;6;66;CROIZAT AMBROISE RD 29 B;;;;930
201500041398;15;9;30;830;1;2;1;1;3;66;2, SAINT OUEN (QUAI DE );;;;930
201500041399;15;10;2;1700;1;2;1;1;3;66;64, WILSON (AVENUE DU PR;;;;930
201500041400;15;10;3;2130;5;2;1;1;6;66;163, FRANCE ANATOLE (BOU;;;;930
201500041401;15;10;5;920;1;2;2;1;3;66;"117, ""LANDY RD 20, NR IM";;;;930
201500041402;15;10;10;2335;5;2;1;1;6;66;379, WILSON (AVENUE DU P;;;;930
201500041403;15;10;12;1810;1;2;1;1;6;66;3, HENAFF EUGENE;;;;930
201500041404;15;10;13;1815;1;2;1;1;3;66;STADE DE FRANCE (AVENUE;;;;930
201500041405;15;10;13;1820;1;2;1;1;6;66;56bis CROISAT AMBROISE;;;;930
201500041406;15;10;13;2115;5;2;1;1;3;66;36, COLONEL FABIEN (AVEN;;;;930
201500041407;15;10;14;215;5;2;3;1;6;66;12, SEMAT ROGER;;;;930
201500041408;15;10;16;1615;1;2;1;2;6;66;34, COLONEL FABIEN (AVEN;;;;930
201500041409;15;10;17;1830;1;2;1;1;6;66;"19, ""PERI GABRIEL, NR 2";;;;930
201500041410;15;10;18;50;5;2;1;1;6;66;6, CACHIN MARCEL (AVENUE;;;;930
201500041411;15;10;17;540;5;2;1;1;6;66;LAMAZE DOCTEUR;;;;930
201500041412;15;10;20;2140;4;2;2;2;1;66;CASANOVA DANIELLE NR 52-;;;;930
201500041413;15;10;22;1935;3;2;1;2;3;66;FRANCE ANATOLE (BOULEVAR;;;;930
201500041414;15;10;24;2100;5;2;4;1;2;66;"""STALINGRAD (AVENUE), NR";;;;930
201500041415;15;10;26;1750;1;2;1;1;6;66;"55, ""GUESDE JULES (BOULE";;;;930
201500041416;15;10;27;1135;1;2;1;1;3;66;14, SAULNIER JULES;;;;930
201500041417;15;10;28;2340;5;2;1;1;2;66;COURNEUVE (ROUTE);;;;930