num_acc;an;mois;jour;hrmn;lum;agg;int;atm;col;com;adr;gps;lat;long;dep
201500041418;15;10;29;1700;1;2;1;1;3;39;CHATELIER (QUAI DU );;;;930
201500041419;15;11;1;430;5;2;1;1;6;66;FRANCE ANATOLE (BOULEVAR;;;;930
201500041420;15;11;3;1130;1;2;3;1;2;66;CASANOVA DANIELLE NR 2 A;;;;930
201500041421;15;11;1;1100;1;2;1;1;5;66;ELUARD PAUL - AUTRES;;;;930
201500041422;15;11;3;1955;5;2;1;1;6;66;COMMUNE DE PARIS (BOULEV;;;;930
201500041423;15;11;5;1215;1;2;1;1;7;66;142, CASANOVA DANIELLE N;;;;930
201500041424;15;11;2;2050;5;2;1;1;3;66;FORT DE LA BRICHE;;;;930
201500041425;15;11;5;1940;5;2;9;2;3;66;11, MITERRAND FRANCOIS (;;;;930
201500041426;15;11;7;1230;1;2;6;1;3;66;LIBERATION RD14 (BOULEVA;;;;930
201500041427;15;11;8;200;5;2;1;1;3;66;"""STALINGRAND (AV), NR 2-";;;;930
201500041428;15;11;9;1325;1;2;1;1;6;66;"""STALINGRAND (AV), NR 2-";;;;930
201500041429;15;11;10;900;1;2;1;1;1;66;RIMET JULES;;;;930
201500041430;15;11;10;1225;1;2;1;1;3;39;PONT DE SAINT OUEN;;;;930
201500041431;15;11;11;921;1;2;8;1;6;66;10, GORKI MAXIME;;;;930
201500041432;15;11;13;120;5;2;2;1;3;66;"""LANDY RD 20, NR IMPAIRS";;;;930
201500041433;15;11;13;1450;1;2;1;1;6;39;7, SAULE FLEURI (QUAI DU;;;;930
201500041434;15;11;13;1720;5;2;1;1;2;66;58, LENINE (AVENUE) NR 2;;;;930
201500041435;15;11;16;830;1;2;1;1;3;66;FRANCE ANATOLE ENTREE A1;;;;930
201500041436;15;11;17;1150;1;2;3;1;3;66;PRESSENCE FRANCIS (AVENU;;;;930
201500041437;15;11;18;1730;5;2;2;1;6;39;THOREZ MAURICE;;;;930
201500041438;15;11;19;844;1;2;1;2;3;66;67, FRANCE ANATOLE (BOUL;;;;930
201500041439;15;11;20;750;2;2;3;3;6;66;CHEMINOTS;;;;930
201500041440;15;11;26;1000;1;2;1;1;3;66;15, RIMET JULES;;;;930
201500041441;15;11;27;2050;5;2;1;2;2;66;"72, ""BARBUSSE HENRI, NR";;;;930
201500041442;15;11;28;145;3;2;6;2;6;66;COKERIE;;;;930
201500041443;15;12;1;2125;5;2;1;1;7;66;STADE DE FRANCE (AVENUE;;;;930
201500041444;15;12;5;1550;1;2;1;1;4;39;MECHIN;;;;930
201500041445;15;12;7;910;1;2;2;1;2;66;378, WILSON (AVENUE DU P;;;;930
201500041446;15;12;7;1340;1;2;1;1;6;66;16, COMMUNE DE PARIS (BO;;;;930
201500041447;15;12;7;1810;5;2;1;1;3;66;5 bis, PRESSENCE FRANCIS;;;;930
201500041448;15;12;7;2015;3;2;1;1;1;66;PORT (QUAI DU);;;;930
201500041449;15;12;8;1200;1;2;1;2;1;66;05, LIBERTE;;;;930
201500041450;15;12;13;1325;1;2;3;1;3;66;CARNOT (BOULEVARD);;;;930
201500041451;15;12;15;2115;3;2;3;3;3;66;PLOUICH;;;;930
201500041452;15;12;17;1650;2;2;1;1;2;66;38, BRICHE NR 2 A 38;;;;930
201500041453;15;12;17;2250;5;2;3;1;3;66;LIBERATION RD14 (BOULEVA;;;;930
201500041454;15;12;23;1830;5;2;1;1;6;66;COMMUNE DE PARIS (BOULEV;;;;930
201500041455;15;12;23;2245;5;2;3;1;7;66;VAILLANT COUTURIER PAUL;;;;930
201500041456;15;12;25;1900;5;2;1;1;3;66;GUYNEMER;;;;930
201500041457;15;12;26;1045;1;2;1;1;2;66;"39, ""GUESDE JULES (BD),";;;;930
201500041458;15;12;27;825;1;2;1;1;1;66;CROIZAT AMBROISE RD 29 B;;;;930
201500041459;15;12;29;520;5;2;1;2;7;39;MARINE (QUAI DE LA );;;;930
201500041460;15;12;29;1850;5;2;1;1;3;66;"""STALINGRAND (AV), NR 2-";;;;930
201500041461;15;12;30;1000;1;2;2;1;6;66;3, METALLURGIE (AVENUE);;;;930
201500041462;15;6;11;137;5;2;3;1;3;66;PDT WILSON / METALLURGIE;;;;930
201500041463;15;1;4;550;5;2;2;2;6;70;33-35, PAUL-BERT(RUE);;;;930
201500041464;15;1;7;105;5;2;1;1;6;70;156 bis, ROSIERS(DES) :;;;;930
201500041465;15;1;10;1825;5;2;1;2;3;70;122, VICTOR-HUGO (BD);;;;930
201500041466;15;1;14;1530;1;2;3;1;3;70;DOCTEUR BAUER(RUE DU) :N;;;;930
201500041467;15;1;27;1800;5;2;1;2;6;70;142, GABRIEL-PERI (AV);;;;930
201500041468;15;2;2;935;1;2;1;2;3;70;50, ARDOIN(RUE);;;;930
201500041469;15;2;3;1500;1;2;1;1;6;70;49, GABRIEL-PERI (AV);;;;930
201500041470;15;2;3;2105;5;2;1;8;3;70;56, MICHELET(AV):N?1AU 1;;;;930
201500041471;15;2;6;1150;1;2;1;1;3;70;56, GABRIEL-PERI (AV);;;;930
201500041472;15;2;6;1820;2;2;1;1;3;70;ARDOIN(RUE);;;;930
201500041473;15;2;9;1930;3;2;3;1;3;70;GABRIEL-PERI (AV);;;;930
201500041474;15;2;11;1028;1;2;1;1;3;70;MICHELET(AV):N?1AU 103;;;;930
201500041475;15;2;13;2135;5;2;1;2;6;70;52, MICHELET (AVE) : DU;;;;930
201500041476;15;2;15;1645;1;2;1;1;3;70;05, GABRIEL-PERI (AV);;;;930
201500041477;15;2;19;940;1;2;2;1;6;70;132, GABRIEL-PERI (AV);;;;930
201500041478;15;2;20;1805;5;2;1;2;3;70;30, REPUBLIQUE (PL DE LA;;;;930
201500041479;15;3;8;1815;2;2;1;1;6;70;106, MICHELET (AVE) : DU;;;;930
201500041480;15;3;13;1410;1;2;1;1;6;70;01, ALBERT-DHALENNE (RUE;;;;930
201500041481;15;3;13;1440;1;2;1;1;6;70;15, GABRIEL-PERI (AV);;;;930
201500041482;15;3;20;525;2;2;6;1;3;70;SEINE (QUAI DE);;;;930
201500041483;15;3;30;955;1;2;1;1;6;70;MICHELET (AVE) : DU 1 AU;;;;930
201500041484;15;3;31;1225;1;2;1;1;6;70;50, GABRIEL-PERI (AV);;;;930
201500041485;15;4;4;1240;1;2;1;1;6;70;PIERRE-CURIE(RUE);;;;930
201500041486;15;4;6;1400;1;2;1;1;2;70;SEINE (QUAI DE);;;;930
201500041487;15;4;13;1500;1;2;3;1;6;70;MICHELET (AVE) : DU 1 AU;;;;930
201500041488;15;4;17;1125;1;2;1;1;6;70;MICHELET (AVE) : DU 1 AU;;;;930
201500041489;15;4;17;1205;1;2;1;1;3;70;GABRIEL-PERI (AV);;;;930
201500041490;15;4;29;755;1;2;1;1;3;70;122, MICHELET(AV):N?1AU;;;;930
201500041491;15;5;2;1000;1;2;1;8;1;70;100, DOCTEUR BAUER(RUE D;;;;930
201500041492;15;5;13;1935;1;2;1;1;2;70;VICTOR-HUGO (BD);;;;930
201500041493;15;5;16;1000;1;2;1;1;6;70;110, ROSIERS(DES) : APRE;;;;930
201500041494;15;5;20;715;1;2;1;2;1;70;VICTOR-HUGO (BD);;;;930
201500041495;15;5;20;1730;1;2;3;1;3;70;132, VICTOR-HUGO (BD);;;;930
201500041496;15;5;21;940;1;2;1;1;3;70;19, MICHELET (AVE) : DU;;;;930
201500041497;15;5;22;1715;1;2;2;1;6;70;MICHELET (AVE) : DU 1 AU;;;;930
201500041498;15;5;22;2108;3;2;7;1;6;70;GABRIEL-PERI (AV);;;;930
201500041499;15;6;5;730;1;2;2;1;3;70;CAPITAINE-GLARNER (AV);;;;930
201500041500;15;6;10;840;1;2;2;1;3;70;SEINE (QUAI DE);;;;930
201500041501;15;6;10;830;1;2;9;1;6;70;MICHELET (AVE) : DU 1 AU;;;;930
201500041502;15;6;11;1130;1;2;5;1;6;70;ADRIEN-LESESNE (RUE);;;;930
201500041503;15;6;15;1240;1;2;1;1;3;70;59, MICHELET(AV):N°1AU 1;;;;930
201500041504;15;6;15;2120;1;2;1;1;3;70;CACHIN (RUE MARCEL);;;;930
201500041505;15;6;17;1940;1;2;1;1;3;70;7, CLICHY (RUE DE);;;;930
201500041506;15;6;23;1220;1;2;1;1;2;70;139, MICHELET (AVE) : DU;;;;930
201500041507;15;6;29;1040;1;2;1;1;6;70;DOCTEUR BAUER(RUE DU):AP;;;;930
201500041508;15;6;30;950;1;2;1;1;6;70;19, MICHELET(AV):N°1AU 1;;;;930
201500041509;15;1;16;910;1;2;1;1;2;70;, SEINE (QUAI DE);;;;930
201500041510;15;7;2;1500;1;2;1;1;1;70;73/78, SAINT-DENIS(RUE);;;;930
201500041511;15;7;10;1930;1;2;1;1;2;70;9, DULCIE SEPTEMBER (RUE;;;;930
201500041512;15;7;14;1250;1;2;2;1;3;70;MICHELET (AVE) : DU 1 AU;;;;930
201500041513;15;7;21;1855;1;2;3;1;2;70;35, CHARLES SCHMIDT(RUE);;;;930
201500041514;15;7;21;945;1;2;1;1;3;70;61, MICHELET (AVE) : DU;;;;930
201500041515;15;7;27;1915;1;2;1;1;7;70;DORA MAAR (RUE);;;;930
201500041516;15;8;12;1810;1;2;2;1;3;70;GABRIEL-PERI (AV);;;;930
201500041517;15;8;27;1725;1;2;1;3;2;70;NICOLAU(RUE);;;;930
201500041518;15;9;13;625;1;2;1;1;4;70;GABRIEL-PERI (AV);;;;930
201500041519;15;9;20;1530;1;2;1;1;6;70;34, CHARLES SCHMIDT(RUE);;;;930
201500041520;15;9;23;1620;1;2;1;1;7;70;36, GABRIEL-PERI (AV);;;;930
201500041521;15;10;12;745;2;2;1;1;3;70;VICTOR-HUGO (BD);;;;930
201500041522;15;10;19;1005;1;2;1;1;6;70;28, ALBERT-DHALENNE (RUE;;;;930
201500041523;15;10;22;2100;5;1;1;1;6;70;DOCKS (RUE DES);;;;930
201500041524;15;10;29;710;2;2;1;1;6;70;VICTOR-HUGO (BD);;;;930
201500041525;15;11;5;2250;5;2;1;2;6;70;39, CHARLES SCHMIDT(RUE);;;;930
201500041526;15;11;5;920;1;2;1;1;3;70;MICHELET(AV):N°1AU 103;;;;930
201500041527;15;11;6;1615;1;2;1;2;2;70;45, MICHELET (AVE) : DU;;;;930
201500041528;15;11;6;1800;5;2;1;2;7;70;ETIENNE-DOLET (BD);;;;930
201500041529;15;11;9;1020;1;2;3;1;6;70;CHARLES SCHMIDT(RUE) : D;;;;930
201500041530;15;11;9;1101;1;2;9;1;6;70;108, DOCTEUR BAUER(RUE D;;;;930
201500041531;15;11;10;1520;1;2;1;1;6;70;54, CHARLES SCHMIDT(RUE);;;;930
201500041532;15;11;13;1815;5;2;1;2;6;70;NEUVE-PIERRE-CURIE(RUE);;;;930
201500041533;15;11;17;855;1;2;9;2;3;70;19, MICHELET (AVE) : DU;;;;930
201500041534;15;11;18;1610;1;2;1;1;2;70;1, ALBERT-DHALENNE (RUE);;;;930
201500041535;15;11;20;1410;1;2;1;2;6;70;JEAN-JAURES (BD);;;;930
201500041536;15;11;26;825;1;2;1;2;6;70;SEINE (QUAI DE);;;;930
201500041537;15;11;30;2020;5;2;3;1;1;70;ARDOIN(RUE);;;;930
201500041538;15;12;4;1740;5;2;2;1;3;70;VICTOR-HUGO (BD);;;;930
201500041539;15;12;15;1530;1;2;1;1;3;70;41, ALBERT-DHALENNE (RUE;;;;930
201500041540;15;12;17;1050;1;2;3;1;3;70;ROSIERS(DES) :N° 1 AU 59;;;;930
201500041541;15;12;18;1230;1;2;1;1;3;70;72, MICHELET (AVE) : DU;;;;930
201500041542;15;12;19;1545;1;2;1;1;3;70;MICHELET (AVE) : DU 1 AU;;;;930
201500041543;15;12;29;1440;1;2;1;1;3;70;117, MICHELET (AVE) : DU;;;;930
201500041544;15;1;4;2250;5;2;2;1;3;71;0, JOHN F. KENNEDY (AVEN;;;;930
201500041545;15;1;23;840;1;2;1;1;6;71;0, LEON JOUHAUX (AVENUE);;;;930
201500041546;15;3;1;1800;1;2;3;1;3;71;0, RONSARD (IMPASSE);;;;930
201500041547;15;3;2;1015;1;2;3;1;6;71;0, MARCHE (AVENUE DU);;;;930
201500041548;15;2;6;1630;1;2;1;1;2;5;EUROPE-(CARREFOUR DE L');;;;930
201500041549;15;3;6;1400;1;2;1;1;6;71;0, VICTOR HUGO (AVENUE);;;;930
201500041550;15;3;11;1050;1;2;1;1;6;71;0, VICTOR HUGO (AVENUE);;;;930
201500041551;15;3;19;2005;5;2;1;1;6;71;0, HOCHE (AVENUE);;;;930
201500041552;15;3;20;2215;5;2;2;1;6;71;0, WESTINGHOUSE (BOULEVA;;;;930
201500041553;15;3;27;1700;1;2;3;1;6;71;0, COMMANDANT CHARCOT (A;;;;930
201500041554;15;3;28;1907;1;2;3;1;3;71;0, JOHN F. KENNEDY (AVEN;;;;930
201500041555;15;4;7;2245;5;2;1;1;6;71;0, AULNAY (RUE D');;;;930
201500041556;15;4;12;2220;5;2;3;1;3;71;0, PIERRE BROSSOLETTE (R;;;;930
201500041557;15;4;14;1420;1;2;2;1;1;71;0, JEAN MOULIN (AVENUE);;;;930
201500041558;15;4;14;1615;1;2;3;1;6;71;0, JOHN F. KENNEDY (AVEN;;;;930
201500041559;15;4;20;1755;1;2;1;1;2;71;0, BALLANGER ROBERT (AVE;;;;930
201500041560;15;4;30;1715;1;2;3;2;1;71;0, COMMANDANT CHARCOT (A;;;;930
201500041561;15;5;1;2105;5;2;2;8;3;71;0, AULNAY (RUE D');;;;930
201500041562;15;5;6;1715;1;2;3;1;2;71;0, BALLANGER ROBERT (AVE;;;;930
201500041563;15;5;10;1745;1;2;1;1;1;71;0, MARAIS DU SOUCI (CHEM;;;;930
201500041564;15;5;12;1737;1;2;1;1;6;71;0, GENERAL LECLERC (AVEN;;;;930
201500041565;15;5;16;1245;1;2;1;1;3;71;0, LIVRY (AVENUE DE);;;;930
201500041566;15;5;22;1745;1;2;3;1;4;71;37, HENRI DUNANT (AVENUE;;;;930
201500041567;15;6;3;1130;1;2;1;1;7;71;0, BERLIOZ HECTOR (AVENU;;;;930
201500041568;15;6;11;857;1;2;1;1;6;71;0, SALVADOR ALLENDE (AVE;;;;930
201500041569;15;6;18;1600;1;2;1;1;6;71;10, AMPERE (AVENUE);;;;930
201500041570;15;6;19;2200;5;2;3;1;3;71;0, AULNAY (RUE D');;;;930
201500041571;15;6;23;1835;1;2;1;1;2;71;0, GENERAL LECLERC (AVEN;;;;930
201500041572;15;7;3;1205;1;2;1;1;6;71;0, RAOUL DAUTRY (AVENUE);;;;930
201500041573;15;7;8;1615;1;2;2;1;3;71;0, JEAN MOULIN (AVENUE);;;;930
201500041574;15;7;10;1715;1;2;1;1;2;71;0, DE LATTRE DE TASSIGNY;;;;930
201500041575;15;7;13;1030;1;2;1;1;6;71;70, AULNAY (RUE D');;;;930
201500041576;15;7;14;1915;1;2;3;1;3;71;0, DANTON (RUE);;;;930
201500041577;15;7;17;910;1;2;1;1;2;71;0, HENRI BARBUSSE (AVENU;;;;930
201500041578;15;7;18;1940;1;2;3;1;3;71;0, LUCIEN GELOT (BOULEVA;;;;930
201500041579;15;7;22;1540;1;2;1;1;2;71;57, LIVRY (AVENUE DE);;;;930
201500041580;15;7;29;1740;1;2;3;1;1;71;0, LIVRY (AVENUE DE);;;;930
201500041581;15;7;31;15;5;2;2;1;2;71;0, WESTINGHOUSE (BOULEVA;;;;930
201500041582;15;8;5;2030;2;2;2;1;3;71;0, HENRI BARBUSSE (AVENU;;;;930
201500041583;15;8;10;2310;5;2;1;1;6;71;0, STALINGRAD (BOULEVARD;;;;930
201500041584;15;8;20;2010;1;2;1;2;2;71;0, JOHN F. KENNEDY (AVEN;;;;930
201500041585;15;8;22;1110;1;2;3;1;3;71;0, WESTINGHOUSE (BOULEVA;;;;930
201500041586;15;8;24;1510;1;2;3;2;3;71;0, PETITS PONTS (ROUTE D;;;;930
201500041587;15;8;27;2105;5;2;2;3;2;71;0, AULNAY (RUE D');;;;930
201500041588;15;9;5;225;5;2;1;1;1;71;0, PEUPLIERS (ALLEE DES);;;;930
201500041589;15;9;7;1915;1;2;2;1;3;71;0, ANDRE BRETON (ALLEE);;;;930
201500041590;15;9;9;900;1;2;3;1;5;71;0, JULES VERNE (AVENUE);;;;930
201500041591;15;9;13;1315;1;2;3;3;6;71;0, SAVIGNY (CHEMIN DE);;;;930
201500041592;15;9;16;1257;1;2;2;3;5;71;0, AULNAY (RUE D');;;;930
201500041593;15;10;3;1640;1;2;1;1;1;71;0, JOHN F. KENNEDY (AVEN;;;;930
201500041594;15;10;15;1939;5;2;3;2;3;71;0, SAVIGNY (CHEMIN DE);;;;930
201500041595;15;10;22;915;1;2;2;2;5;71;0, VILLENAUT (ALLEE DE);;;;930
201500041596;15;11;1;1950;5;2;3;1;6;71;0, CHARLES CONRAD (RUE);;;;930
201500041597;15;11;21;1915;5;2;2;2;6;71;0, BALLANGER ROBERT (AVE;;;;930
201500041598;15;11;26;735;2;2;1;1;6;71;0, LIEGEARD (AVENUE);;;;930
201500041599;15;11;26;2330;5;2;1;1;3;71;0, AULNAY (RUE D');;;;930
201500041600;15;12;4;2150;5;2;1;1;6;71;54, GALLIENI (RUE);;;;930
201500041601;15;12;5;1315;1;2;1;1;7;71;0, MARCHE (AVENUE DU);;;;930
201500041602;15;12;9;850;1;2;1;1;2;71;0, JOHN F. KENNEDY (AVEN;;;;930
201500041603;15;12;10;1232;1;2;3;1;6;71;0, GASTON BUSSIERE (PLAC;;;;930
201500041604;15;12;15;1950;5;2;2;2;6;71;0, JEAN MOULIN (AVENUE);;;;930
201500041605;15;1;16;1545;1;2;1;1;6;72;0, NELSON MANDELA (AVENU;;;;930
201500041606;15;2;10;1215;1;2;1;1;6;72;00, JEAN DURAND (RUE) CO;;;;930
201500041607;15;2;24;928;1;2;2;1;3;72;AMIENS (RUE D') COTE DES;;;;930
201500041608;15;3;16;1655;1;2;1;1;1;59;0, MARECHAL FOCH (AVENUE;;;;930
201500041609;15;3;25;555;5;2;3;2;3;72;STALINGRAD (AVENUE DE) D;;;;930
201500041610;15;3;27;1215;1;2;1;1;6;72;24, CARNOT (RUE) COTE N?;;;;930
201500041611;15;3;31;1445;1;2;1;1;1;59;7, GABRIEL PERI (AVENUE);;;;930
201500041612;15;4;2;1905;1;2;2;1;6;59;7, JULES CHATENAY (RUE);;;;930
201500041613;15;4;9;1900;1;2;1;1;6;72;33, LOUIS BORDES (RUE);;;;930
201500041614;15;4;9;1915;1;2;1;1;6;72;80, MAXIME GORKI (BOULEV;;;;930
201500041615;15;4;22;1300;1;2;1;1;6;59;15, GENERAL GALLIENI (AV;;;;930
201500041616;15;4;27;1755;1;2;1;1;4;59;59, GABRIEL PERI (AVENUE;;;;930
201500041617;15;5;9;2320;5;2;2;1;6;59;CHARLES DE GAULLE (BOULE;;;;930
201500041618;15;5;22;1820;1;2;1;1;6;72;0, STALINGRAD (AVENUE) D;;;;930
201500041619;15;5;26;420;5;2;3;1;3;59;0, CHARLES DE GAULLE (BO;;;;930
201500041620;15;6;10;1955;1;2;2;1;6;72;0, AMIENS (RUE D') N° IM;;;;930
201500041621;15;6;14;110;5;2;2;1;7;72;0, PIERRE DE GEYTER (RUE;;;;930
201500041622;15;6;15;1610;1;2;3;1;2;72;0, MAXIME GORKI (BOULEVA;;;;930
201500041623;15;6;29;1240;1;2;1;1;2;72;148, STALINGRAD (AVENUE;;;;930
201500041624;15;7;21;945;1;2;3;1;6;59;00, CHARLES DE GAULLE (B;;;;930
201500041625;15;7;21;1600;1;2;2;1;2;72;86, MAXIME GORKI (BOULEV;;;;930
201500041626;15;7;27;1710;1;2;1;1;6;72;21, STALINGRAD (AVENUE D;;;;930
201500041627;15;7;31;2330;5;2;1;1;3;72;6 bis, MAXIME GORKI (BOU;;;;930
201500041628;15;8;12;1130;1;2;2;1;3;59;54, CHARLES DE GAULLE (B;;;;930
201500041629;15;8;20;1030;2;2;1;3;7;72;0, FLEURS (RUE DES) JEAN;;;;930
201500041630;15;9;4;1700;1;2;1;1;1;72;0, GASTON MONMOUSSEAU (A;;;;930
201500041631;15;9;9;1200;1;2;1;1;3;59;32, JEAN MERMOZ (BOULEVA;;;;930
201500041632;15;9;10;625;5;2;3;1;6;59;00, EMILE ZOLA (AVENUE);;;;930
201500041633;15;9;11;730;1;2;1;1;3;72;0, MAXIME GORKI (BOULEVA;;;;930
201500041634;15;9;11;1500;1;2;2;1;3;59;00, PARIS (RUE DE);;;;930
201500041635;15;9;14;1752;1;2;1;2;6;72;20, BEL AIR (RUE DU);;;;930
201500041636;15;9;15;1630;1;2;1;1;2;59;0, LAENNEC (AVENUE);;;;930
201500041637;15;9;15;1820;1;2;1;1;6;72;86, JULES GUESDE (AVENUE;;;;930
201500041638;15;9;17;950;1;2;2;1;6;72;0, MAXIME GORKI (BOULEVA;;;;930
201500041639;15;9;28;1740;1;2;7;1;6;72;25, MAXIME GORKI (BOULEV;;;;930
201500041640;15;10;1;830;1;2;1;1;6;59;1, GABRIEL PERI (AVENUE);;;;930
201500041641;15;9;30;1256;1;2;3;1;3;72;0, MAXIME GORKI (BOULEVA;;;;930
201500041642;15;10;8;905;1;2;3;1;6;72;0, NELSON MANDELA (AVENU;;;;930
201500041643;15;10;16;740;5;2;1;2;6;72;0, STALINGRAD (AVENUE DE;;;;930
201500041644;15;10;18;1910;5;2;1;1;2;59;GENERAL GALLIENI (AVENUE;;;;930
201500041645;15;11;2;1213;1;2;1;1;1;72;35/39, ARISTIDE BRIAND (;;;;930
201500041646;15;11;2;2330;5;2;3;1;3;72;0, MAXIME GORKI (BOULEVA;;;;930
201500041647;15;11;10;1805;5;2;1;1;5;59;0, LENINE (AVENUE) N°36;;;;930
201500041648;15;11;11;1505;1;2;1;1;6;59;149, ELYSEE RECLUS (AVEN;;;;930
201500041649;15;11;12;2150;5;2;3;1;1;72;0, MARCEL CACHIN (AVENUE;;;;930
201500041650;15;11;15;1745;3;2;1;1;1;72;0, AMIENS (RUE D') COTE;;;;930
201500041651;15;11;28;1136;1;2;1;1;6;59;0, JEAN MERMOZ (BOULEVAR;;;;930
201500041652;15;12;5;1705;1;2;3;1;3;72;0, PAROUZETS (RUE DES);;;;930
201500041653;15;12;20;2025;3;2;3;2;3;72;0, STALINGRAD (AVENUE DE;;;;930
201500041654;15;5;27;1745;1;2;3;1;3;59;88, JULES CHATENAY (RUE);;;;930
201500041655;15;5;23;1230;1;2;2;1;3;59;0, AMIENS (RUE D') N° 02;;;;930
201500041656;15;7;17;2200;5;2;3;1;3;59;, AMIENS (RUE D') N° 130;;;;930
201500041657;15;1;7;2300;5;2;1;9;6;78;DELATTRE DE TASSIGNY (AV;;;;930
201500041658;15;1;9;1625;1;2;1;1;2;78;PLAINE DE FRANCE (AVENUE;;;;930
201500041659;15;1;23;1600;1;2;1;1;2;78;23, VAILLANT (AVENUE CHA;;;;930
201500041660;15;1;29;1815;3;1;1;2;6;78;VAUBAN (AVENUE);;;;930
201500041661;15;1;31;855;1;2;1;1;6;78;SAUSSET (AVENUE DU);;;;930
201500041662;15;1;31;1500;1;2;1;2;3;73;PASTEUR (AVENUE);;;;930
201500041663;15;2;1;334;5;2;1;3;6;78;1/3, CLEMENCEAU (AVENUE;;;;930
201500041664;15;2;12;2205;5;2;1;1;1;78;BALLANGER (BD ROBERT);;;;930
201500041665;15;2;17;2000;5;2;1;1;3;73;BROSSOLETTE (RUE PIERRE);;;;930
201500041666;15;2;20;1500;1;2;3;3;3;78;LEDOUX (RUE CLAUDE NICOL;;;;930
201500041667;15;3;1;150;5;2;1;2;7;73;, RESISTANCE (RUE DE LA);;;;930
201500041668;15;3;8;2006;5;2;1;1;6;78;CLEMENCEAU (AVENUE GEORG;;;;930
201500041669;15;3;10;1540;1;2;2;1;1;78;LAFARGUE (RUE PAUL);;;;930
201500041670;15;3;11;1145;1;2;1;1;3;73;DEQUET (RUE LOUIS);;;;930
201500041671;15;3;12;1610;1;2;1;1;3;78;176, BALLANGER (BD ROBER;;;;930
201500041672;15;3;12;1745;1;2;1;1;6;78;DAMBEL (AVENUE EMILE);;;;930
201500041673;15;3;18;1315;1;2;3;1;6;78;DELACROIX (RUE EUGENE);;;;930
201500041674;15;3;25;615;1;2;1;2;3;73;PETITS PONTS (ROUTE DES);;;;930
201500041675;15;3;29;1900;1;2;2;2;3;73;125, COLONGO (RUE PIERRE;;;;930
201500041676;15;4;12;1815;1;2;1;1;2;78;BALLANGER (BD ROBERT);;;;930
201500041677;15;4;27;1320;1;2;2;1;3;73;SARRAULT (AVENUE ALBERT);;;;930
201500041678;15;4;29;1635;1;2;1;1;6;78;BEREGOVOY (AVENUE);;;;930
201500041679;15;4;30;1040;1;2;6;2;6;78;CLEMENCEAU (AVENUE GEORG;;;;930
201500041680;15;5;7;1010;1;2;1;1;3;78;100, COUTURIER (AVENUE P;;;;930
201500041681;15;5;7;1100;1;2;9;1;3;78;CLEMENCEAU (AVENUE GEORG;;;;930
201500041682;15;5;7;1210;1;2;1;1;4;78;178, BALLANGER (BD ROBER;;;;930
201500041683;15;5;18;1640;1;2;1;1;6;73;VACHES (CHEMIN DES);;;;930
201500041684;15;5;18;1945;1;2;2;1;3;78;BARBES (AVENUE);;;;930
201500041685;15;5;20;1730;1;2;1;1;6;73;NATIONS (AVENUE DES);;;;930
201500041686;15;5;22;840;1;2;1;1;3;73;VAILLANT (BOULEVARD CHAR;;;;930
201500041687;15;5;26;620;1;2;1;1;3;78;BALLANGER (BD ROBERT);;;;930
201500041688;15;6;3;1740;1;2;1;1;3;73;RAPERIE (RUE DE LA);;;;930
201500041689;15;6;5;1430;1;2;9;1;4;73;RESISTANCE (RUE DE LA);;;;930
201500041690;15;6;6;1645;1;2;1;1;6;73;53, VERDUN (RUE DE);;;;930
201500041691;15;6;10;930;1;2;1;1;2;73;00, PETITS PONTS (ROUTE;;;;930
201500041692;15;6;12;1615;1;2;2;1;3;78;BALLANGER (BD ROBERT);;;;930
201500041693;15;6;13;1658;1;2;1;1;3;73;DE GAULLE (RUE CHARLES);;;;930
201500041694;15;6;14;2030;1;2;1;1;6;78;BALLANGER (BD ROBERT);;;;930
201500041695;15;6;15;1640;1;2;1;1;2;78;CLEMENCEAU (AVENUE GEORG;;;;930
201500041696;15;6;23;2345;1;2;1;1;6;78;10, GARE (AVENUE DE LA);;;;930
201500041697;15;6;23;1300;1;2;1;1;2;78;BALLANGER (BD ROBERT);;;;930
201500041698;15;7;2;1700;1;2;9;1;2;78;32 BALLANGER (BD ROBERT;;;;930
201500041699;15;7;10;1230;1;2;1;1;2;78;CHEMIN DEPARTEMENTAL;;;;930
201500041700;15;7;11;820;1;2;1;1;6;78;SAUSSET (AVENUE DU);;;;930
201500041701;15;7;17;2200;5;2;1;1;3;78;BALLANGER (BD ROBERT);;;;930
201500041702;15;7;21;1730;1;2;1;1;4;78;54, BALLANGER (BD ROBERT;;;;930
201500041703;15;7;21;2000;1;2;2;1;3;78;CLEMENCEAU (AVENUE GEORG;;;;930
201500041704;15;7;22;1410;1;2;1;1;3;78;CLEMENCEAU (AVENUE GEORG;;;;930
201500041705;15;7;24;300;5;2;3;1;3;78;KENNEDY (BOULEVARD DU PR;;;;930
201500041706;15;7;26;1550;1;1;1;2;2;78;SAUSSET (AVENUE DU);;;;930
201500041707;15;7;27;1045;1;2;2;2;3;78;REPUBLIQUE (AVENUE DE LA;;;;930
201500041708;15;7;30;1455;1;2;1;1;3;73;BARBUSSE (RUE HENRI);;;;930
201500041709;15;8;10;800;1;2;1;1;6;78;SAUSSET (AVENUE DU);;;;930
201500041710;15;8;10;950;1;2;2;1;3;73;BERRY (RUE DE);;;;930
201500041711;15;8;11;2004;1;2;2;1;3;78;CLEMENCEAU (AVENUE GEORG;;;;930
201500041712;15;8;23;930;1;2;4;1;6;78;LEDOUX (RUE CLAUDE NICOL;;;;930
201500041713;15;8;29;2220;5;2;1;1;3;78;BALLANGER (BD ROBERT);;;;930
201500041714;15;8;30;1050;1;2;3;1;6;78;DAMBEL (AVENUE EMILE);;;;930
201500041715;15;9;3;1330;1;2;2;1;6;78;20, ROUX (RUE DU DOCTEUR;;;;930
201500041716;15;9;5;1100;1;2;1;1;3;78;BALLANGER (BD ROBERT);;;;930
201500041717;15;9;23;1030;1;2;2;1;5;78;PLAINE (AVENUE DE LA);;;;930
201500041718;15;9;24;1845;1;2;1;8;7;73;133, BERGER (RUE GILBERT;;;;930
201500041719;15;10;2;1600;1;2;1;1;5;73;PETITS PONTS (ROUTE DES);;;;930
201500041720;15;10;2;2050;5;2;3;1;3;73;RESISTANCE (RUE DE LA);;;;930
201500041721;15;10;3;1300;1;2;1;1;6;73;ROISSY (ROUTE DE);;;;930
201500041722;15;10;6;855;1;2;5;2;3;78;BALLANGER (BD ROBERT);;;;930
201500041723;15;10;7;1644;1;2;1;1;3;78;111, BALLANGER (BD ROBER;;;;930
201500041724;15;10;7;2050;5;2;1;1;2;73;PETITS PONTS (ROUTE DES);;;;930
201500041725;15;10;9;1340;1;2;2;1;3;73;DIX NEUF MARS 62 (AVENUE;;;;930
201500041726;15;10;19;1720;1;2;1;1;4;78;CLEMENCEAU (AVENUE GEORG;;;;930