num_acc;an;mois;jour;hrmn;lum;agg;int;atm;col;com;adr;gps;lat;long;dep
201500041727;15;10;23;1215;1;2;6;1;3;78;GARE (AVENUE DE LA);;;;930
201500041728;15;10;25;1200;1;2;2;1;6;73;PARC (AVENUE DU);;;;930
201500041729;15;11;6;740;1;2;1;1;3;73;DE GAULLE (RUE CHARLES);;;;930
201500041730;15;11;11;2045;5;2;1;2;6;73;DEBUSSY (RUE CLAUDE);;;;930
201500041731;15;11;16;2051;5;2;1;2;6;78;77, BALLANGER (BD ROBERT;;;;930
201500041732;15;11;30;1830;5;2;1;1;3;78;156, BALLANGER (BD ROBER;;;;930
201500041733;15;12;3;2225;5;2;1;1;2;78;BALLANGER (BD ROBERT);;;;930
201500041734;15;12;4;823;1;2;2;1;6;78;BALLANGER (BD ROBERT);;;;930
201500041735;15;12;4;1615;1;2;1;1;2;73;BOIS DE LA PIE (AVENUE D;;;;930
201500041736;15;12;9;1140;1;2;1;1;3;73;, BERGER (RUE GILBERT);;;;930
201500041737;15;12;19;100;5;2;1;8;6;73;PETITS PONTS (ROUTE DES);;;;930
201500041738;15;12;23;1450;1;2;1;1;5;78;77, BALLANGER (BD ROBERT;;;;930
201500041739;15;12;31;1120;1;2;2;1;3;78;CLEMENCEAU (AVENUE GEORG;;;;930
201500041740;15;1;11;1250;1;2;1;1;6;2;REVOLUTION (QU DE LA);;;;940
201500041741;15;1;9;1650;2;2;1;1;6;2;17, R DES LILAS;;;;940
201500041742;15;2;2;1755;5;2;3;1;6;2;163 B, VAILLANT COUTURIE;;;;940
201500041743;15;2;14;2015;5;2;2;2;3;2;CAMELIAS (R DES);;;;940
201500041744;15;3;13;1830;1;2;1;1;6;2;03, DIJON (R DE);;;;940
201500041745;15;3;21;1100;1;2;3;8;3;2;VERDUN (R DE);;;;940
201500041746;15;3;24;2155;5;2;3;2;3;2;146, VAILLANT COUTURIER;;;;940
201500041747;15;3;25;1125;1;2;3;1;2;2;REVOLUTION (QU DE LA);;;;940
201500041748;15;4;13;1515;1;2;1;7;6;2;40, BLANQUI (QU);;;;940
201500041749;15;4;14;1810;1;2;1;1;6;2;28, GRENOBLE (R DE);;;;940
201500041750;15;4;17;1840;1;2;9;1;6;2;GENERAL CHARLES DE GAULL;;;;940
201500041751;15;4;18;1825;1;2;1;1;6;2;46, LOUIS BLANC (R);;;;940
201500041752;15;4;18;2025;1;2;2;1;3;2;LOUIS BLANC (R);;;;940
201500041753;15;4;24;1215;1;2;4;1;6;2;ROME (R DE);;;;940
201500041754;15;5;6;910;1;2;2;1;1;2;EMILE ZOLA (R);;;;940
201500041755;15;5;19;2235;5;2;2;8;7;2;VAILLANT COUTURIER (R);;;;940
201500041756;15;5;24;1150;1;2;1;1;6;2;JULES CUILLERIER (R);;;;940
201500041757;15;5;25;500;5;2;3;2;3;2;101,QU BLANQUI/LILAS;;;;940
201500041758;15;5;28;1930;1;2;1;1;6;2;1, GENEVE (R DE);;;;940
201500041759;15;6;1;1830;1;2;1;1;6;2;ETIENNE DOLET (R);;;;940
201500041760;15;6;18;840;1;2;1;1;6;2;94, ETIENNE DOLET (R);;;;940
201500041761;15;6;22;1350;1;2;1;1;6;2;3, GENEVE (R DE);;;;940
201500041762;15;6;25;2030;1;2;3;1;6;2;REVOLUTION (QU DE LA);;;;940
201500041763;15;7;1;1035;1;2;1;1;2;2;11, PASTEUR (R);;;;940
201500041764;15;7;6;1815;1;2;2;1;2;2;EMILE ZOLA (R);;;;940
201500041765;15;7;6;1855;1;2;2;1;3;2;5, VAILLANT COUTURIER (R;;;;940
201500041766;15;7;8;135;5;2;1;1;7;2;VICTOR HUGO (R);;;;940
201500041767;15;7;13;1645;1;2;3;1;3;2;BLANQUI (QU);;;;940
201500041768;15;7;17;1440;1;2;2;7;3;2;37, CAMELIAS (R DES);;;;940
201500041769;15;7;24;1530;1;2;1;1;6;2;SEINE (R DE);;;;940
201500041770;15;7;30;2220;5;2;1;1;2;2;70, BLANQUI (QU);;;;940
201500041771;15;8;2;740;1;2;1;1;6;2;9, VAILLANT COUTURIER (R;;;;940
201500041772;15;8;7;830;1;2;2;7;3;2;VAILLANT COUTURIER (R);;;;940
201500041773;15;8;11;2230;5;2;2;1;3;2;CAMELIAS (R DES);;;;940
201500041774;15;8;24;2240;5;2;1;2;6;2;40, BLANQUI (QU);;;;940
201500041775;15;8;28;1230;1;2;1;1;6;2;Face au 28, VERON (R);;;;940
201500041776;15;8;30;1550;1;2;2;1;3;2;VAILLANT COUTURIER (R);;;;940
201500041777;15;8;30;2130;5;2;2;1;3;2;CARNOT (BD);;;;940
201500041778;15;9;3;1300;1;2;2;1;3;2;BLANQUI (QU);;;;940
201500041779;15;9;17;930;1;2;2;1;6;2;89, VAILLANT COUTURIER (;;;;940
201500041780;15;9;21;1800;1;2;1;1;6;2;43, EMILE ZOLA (R);;;;940
201500041781;15;9;29;930;1;2;3;1;6;2;27, VICTOR HUGO (R);;;;940
201500041782;15;9;30;1640;1;2;1;1;3;2;07, REVOLUTION (QU DE LA;;;;940
201500041783;15;10;2;1345;1;2;1;1;3;2;7, REVOLUTION (QU DE LA);;;;940
201500041784;15;10;3;1230;1;2;2;1;6;2;, GENERAL CHARLES DE GAU;;;;940
201500041785;15;10;8;1655;1;2;1;1;6;2;VAILLANT COUTURIER (R);;;;940
201500041786;15;10;8;1725;1;2;7;1;6;2;ETIENNE DOLET (R);;;;940
201500041787;15;10;15;700;5;2;1;2;2;2;GENERAL CHARLES DE GAULL;;;;940
201500041788;15;10;22;1030;1;2;3;2;3;2;JEAN BAPTISTE CLEMENT (Q;;;;940
201500041789;15;10;24;1045;1;2;2;1;5;2;EMILE ZOLA (R);;;;940
201500041790;15;11;3;740;1;2;2;1;3;2;EMILE ZOLA (R);;;;940
201500041791;15;11;12;620;2;2;1;8;2;2;BLANQUI (QU);;;;940
201500041792;15;11;18;45;5;2;1;1;6;2;, REVOLUTION (QU DE LA);;;;940
201500041793;15;11;19;1500;1;2;1;2;2;2;177, VAILLANT COUTURIER;;;;940
201500041794;15;11;25;420;5;2;2;3;3;2;EMILE ZOLA (R);;;;940
201500041795;15;11;26;825;1;2;1;1;6;2;10, CARNOT (BD);;;;940
201500041796;15;12;11;2345;5;2;3;1;3;2;VAILLANT COUTURIER (R);;;;940
201500041797;15;12;17;1910;5;2;1;1;3;2;GENERAL CHARLES DE GAULL;;;;940
201500041798;15;12;30;650;5;2;1;1;1;2;REVOLUTION (QU DE LA);;;;940
201500041799;15;10;2;1013;1;2;1;1;6;47;PAUL DOUMER (R);;;;940
201500041800;15;10;2;1650;1;2;2;1;6;47;1, FRANCOIS COPPEE (R);;;;940
201500041801;15;10;4;1020;1;2;1;1;6;4;., EGLISE (R DE L);;;;940
201500041802;15;10;6;700;5;2;2;3;1;44;VERDUN (AV DE);;;;940
201500041803;15;10;6;1545;1;2;3;1;6;71;03, PONT DE CHENNEVIERES;;;;940
201500041804;15;10;9;925;1;2;1;1;2;44;38, GABRIEL PERI (AV);;;;940
201500041805;15;10;9;1530;1;2;1;1;6;71;7 TER, GEORGES POMPIDOU;;;;940
201500041806;15;10;12;1625;1;2;2;1;3;4;PARKING CCR BOISSY 2;M;4875300;250229;940
201500041807;15;10;19;655;4;2;3;1;2;75;TASSIGNY/DAGORNO;M;4872750;253101;940
201500041808;15;10;23;2110;5;2;4;1;3;4;LECLERC/CHIROL;M;4875160;250682;940
201500041809;15;10;29;2115;5;2;3;1;1;75;TASSIGNY/FOREAU;M;4872740;253584;940
201500041810;15;1;11;1200;1;2;2;1;6;71;QUEUE EN BRIE (RTE DE LA;;;;940
201500041811;15;11;1;207;5;2;1;1;6;48;33, BRUYERES (AV DES);;;;940
201500041812;15;11;2;1130;1;2;1;1;6;4;PL DE LA GARE;M;4875280;250538;940
201500041813;15;3;11;845;1;2;3;1;3;71;00, TILLEUL (R DU);;;;940
201500041814;15;11;4;725;1;2;9;1;2;71;10, VILLENEUVE (R DE);;;;940
201500041815;15;1;5;1250;1;2;6;8;6;44;VERDUN (AV DE);;;;940
201500041816;15;1;7;855;1;2;6;5;7;71;WINSTON CHURCHILL (R);;;;940
201500041817;15;11;6;2240;5;2;3;1;3;71;., GARE (PL DE LA);;;;940
201500041818;15;11;9;910;1;2;1;1;3;71;98, GENERAL LECLERC (R D;;;;940
201500041819;15;11;9;835;1;2;1;1;3;71;62, GRAND VAL (R DU);;;;940
201500041820;15;1;13;1515;1;2;3;2;2;75;TASSIGNY/GRANGE;M;4873440;252044;940
201500041821;15;1;16;1930;5;2;2;2;3;71;3 ter, BREVANNES (R DE);;;;940
201500041822;15;11;20;1250;1;2;1;3;6;75;91, LATTRE DE TASSIGNY;M;4873310;252151;940
201500041823;15;1;20;2045;3;1;1;4;6;4;AV DU GENERAL LECLERC;M;4875550;250504;940
201500041824;15;11;21;2145;5;2;3;1;6;71;00, VILLENEUVE (R DE);;;;940
201500041825;15;11;23;1345;1;2;2;1;3;75;13, HENRI DUNANT (R);;;;940
201500041826;15;11;23;1830;5;2;3;1;3;44;EUGENE VARLIN (R);;;;940
201500041827;15;11;24;1835;5;2;1;3;6;71;22, VILLENEUVE (R DE);;;;940
201500041828;15;11;26;645;3;1;2;1;3;4;LECLERC/REVILLON;M;4874480;251175;940
201500041829;15;11;27;650;5;2;4;1;3;71;GENERAL LECLERC (R DU);;;;940
201500041830;15;1;29;740;2;2;6;8;6;4;BREVANNES/DE GAULLE;;;;940
201500041831;15;1;29;850;1;2;1;2;3;71;3, PONT DE CHENNEVIERES;;;;940
201500041832;15;1;29;1910;3;1;2;2;6;48;RN19/GROSBOIS;M;4872750;253934;940
201500041833;15;11;30;740;1;2;3;1;2;75;TASSIGNY/FOREAU;M;4872740;253584;940
201500041834;15;12;2;1030;1;2;1;1;6;71;PIERRE SEMARD (R);;;;940
201500041835;15;12;3;2045;5;2;1;1;2;4;AV DU GENERAL LECLERC;M;4876080;249724;940
201500041836;15;12;4;1940;5;2;1;1;6;4;7, CHARLES DE GAULLE (AV;;;;940
201500041837;15;12;5;1145;1;2;1;1;2;44;FACE 16, GABRIEL PERI (A;;;;940
201500041838;15;5;22;1809;1;2;1;1;7;71;19, VLAMINCK (ALL);;;;940
201500041839;15;6;22;1820;1;1;1;3;6;4;AV DU GENERAL LECLERC;M;4875610;250472;940
201500041840;15;12;8;2025;5;2;1;1;3;75;16, MANDRES (R DE);;;;940
201500041841;15;12;9;1200;1;2;3;1;1;44;AUVERGNE (R D);;;;940
201500041842;15;1;21;1745;5;2;1;1;6;44;22, VERDUN (AV DE);;;;940
201500041843;15;2;12;930;1;2;6;1;6;4;00, TILLEULS (PL DES);;;;940
201500041844;15;2;12;1825;2;2;1;1;6;4;PL DE LA GARE;M;4875290;250542;940
201500041845;15;2;14;1517;1;2;1;2;3;44;38, ALBERT GARRY (R);;;;940
201500041846;15;12;14;905;5;2;1;1;3;4;03, PARIS (R DE);;;;940
201500041847;15;2;15;2010;5;2;1;1;2;75;1, TOURNELLE (R DE LA);;;;940
201500041848;15;12;15;2130;5;2;2;2;3;4;2, STANISLAS REVILLON (R;;;;940
201500041849;15;12;16;1225;1;2;1;8;6;71;20, MAURICE BERTEAUX (R);;;;940
201500041850;15;12;19;2210;5;2;3;1;6;44;DESCARTES (AV);;;;940
201500041851;15;12;16;1710;5;2;1;1;7;71;39, PARIS (R DE);;;;940
201500041852;15;2;19;800;1;2;3;9;7;4;LECLERC/FFI;M;4875440;250600;940
201500041853;15;2;27;935;1;2;3;1;6;70;RTE DE PARIS;M;4872040;256534;940
201500041854;15;1;3;1820;2;2;3;2;3;4;LECLERC/FFI;M;4875440;250600;940
201500041855;15;3;3;1345;1;2;3;1;3;71;BOISSY (R DE);;;;940
201500041856;15;3;3;1840;5;2;2;8;2;4;LECLERC/POMPIDOU;M;4874480;251175;940
201500041857;15;3;6;855;1;2;1;1;2;4;0, FFI (ALL DES);;;;940
201500041858;15;3;7;1425;1;2;1;1;2;44;VALENTON (AV DE);;;;940
201500041859;15;8;13;1345;1;2;1;8;6;4;AV DU GENERAL LECLERC;M;4875320;250657;940
201500041860;15;10;3;2050;5;2;1;1;2;75;79,DE LATTRE DE TASSIGNY;M;4873010;252596;940
201500041861;15;11;3;1505;1;2;1;1;3;44;00, VALENTON (AV DE);;;;940
201500041862;15;3;14;1025;1;2;2;1;6;44;JEAN MONNET (R);;;;940
201500041863;15;3;16;850;1;2;9;1;6;4;6, LEON REVILLON (BD);;;;940
201500041864;15;3;16;1635;1;2;1;1;6;44;GABRIEL PERI (AV);;;;940
201500041865;15;3;21;630;5;2;3;1;3;71;00, BONNEUIL (AV DE);;;;940
201500041866;15;3;23;1430;1;2;3;1;1;4;LECLERC/FFI;M;4875440;250600;940
201500041867;15;3;24;1940;5;2;1;2;6;44;1, GABRIEL PERI (AV);;;;940
201500041868;15;3;25;2020;5;2;1;8;3;44;36, GABRIEL PERI (AV);;;;940
201500041869;15;3;27;1050;1;2;4;1;3;71;0, GABRIEL PERI (AV);;;;940
201500041870;15;3;29;425;5;2;1;1;6;71;31, NOISEAU (R DE);;;;940
201500041871;15;4;1;1440;1;2;1;1;3;4;03, CHARLES DE GAULLE (A;;;;940
201500041872;15;2;24;1420;1;2;1;1;6;47;10, PAUL DOUMER (R);;;;940
201500041873;15;4;3;35;3;1;1;1;6;48;BRUYERES (AV DES);;;;940
201500041874;15;4;3;1805;1;2;3;2;3;75;35, STATION (R DE LA);;;;940
201500041875;15;4;8;2145;5;2;1;1;7;71;39, PARIS (R DE);;;;940
201500041876;15;4;10;1815;1;2;1;1;3;44;0, DESCARTES (AV);;;;940
201500041877;15;11;4;1800;5;2;1;1;6;71;15, CHARLES DE GAULLE (R;;;;940
201500041878;15;4;12;840;1;2;1;5;6;4;39, LOUIS WALLE (AV);;;;940
201500041879;15;4;13;1245;1;2;3;1;3;4;GEORGES BRASSENS (AV);;;;940
201500041880;15;4;14;440;5;2;3;1;1;75;TASSIGNY/DAGORNO;M;4872750;253101;940
201500041881;15;4;18;1630;1;2;6;1;6;71;CHARLES DE GAULLE (R);;;;940
201500041882;15;4;20;1010;1;2;1;1;3;71;39, PARIS (R DE);;;;940
201500041883;15;4;26;1746;1;1;1;8;3;71;ALBERT SARRAULT (AV);;;;940
201500041884;15;4;26;2100;1;1;1;2;6;4;FFI (ALL DES);;;;940
201500041885;15;4;26;425;5;2;1;1;6;71;84, BOISSY (R DE);;;;940
201500041886;15;4;30;1550;1;2;9;3;7;47;PAUL DOUMER (R);;;;940
201500041887;15;5;3;1420;1;2;4;2;2;75;GRANGE (RTE DE LA);;;;940
201500041888;15;5;5;1730;1;2;8;1;6;75;27, CERCAY (R DE);;;;940
201500041889;15;5;10;227;5;2;4;1;7;75;67bis, ETOILE (R DE L);;;;940
201500041890;15;11;25;820;1;1;1;8;2;4;AV DU GENERAL LECLERC;M;4875250;250659;940
201500041891;15;5;12;850;1;2;3;1;2;71;MAROLLES (R DE);;;;940
201500041892;15;5;12;1905;1;2;1;1;6;71;15, LUDOVIC HALEVY (R);;;;940
201500041893;15;5;17;1640;1;2;3;1;7;75;TASSIGNY/;M;4872750;253101;940
201500041894;15;5;19;825;1;2;1;1;6;47;FRANCOIS COPPEE (R);;;;940
201500041895;15;5;19;2140;2;2;3;2;1;71;19, GENERAL LECLERC (R D;;;;940
201500041896;15;5;24;2158;5;2;1;1;3;56;R DE BRIE;;;;940
201500041897;15;5;27;900;1;1;2;1;3;4;LECLERC/REVILLON;M;4874480;251175;940
201500041898;15;5;28;1310;1;2;1;1;1;4;4bis, PARIS (R DE);;;;940
201500041899;15;5;29;1730;1;2;3;1;6;75;64, LIEUTENANT DAGORNO (;;;;940
201500041900;15;5;31;1710;1;2;1;2;7;4;27, HENRI LEGROS (R);;;;940
201500041901;15;6;1;1436;1;2;1;1;2;75;9, DE LATTRE DE TASSIGNY;M;4872740;253524;940
201500041902;15;2;6;1800;5;2;1;1;6;75;2, JUBENNES (R DES);;;;940
201500041903;15;6;4;915;1;2;1;1;6;4;FFI (ALL DES);;;;940
201500041904;15;6;4;1820;1;2;1;1;1;75;5, JEAN MOULIN (R);;;;940
201500041905;15;6;5;830;1;2;1;1;3;44;13, GABRIEL PERI (AV);;;;940
201500041906;15;6;8;1336;1;2;1;1;3;44;DIVISION LECLERC (AV DE;;;;940
201500041907;15;9;26;1505;1;2;3;1;3;75;TASSIGNY/TASSIGNY;M;4872750;253101;940
201500041908;15;10;16;820;1;2;3;2;3;75;., YERRES (R D);;;;940
201500041909;15;6;10;1610;1;2;3;1;3;4;LECLERC/CHIROL;M;4875160;250682;940
201500041910;15;11;25;1245;1;2;1;8;6;44;18, LOUISE CHENU (R);;;;940
201500041911;15;6;21;1350;1;2;1;1;6;4;14, CHARLES DE GAULLE (A;;;;940
201500041912;15;6;16;1935;1;2;1;9;3;44;DESCARTES (AV);;;;940
201500041913;15;6;17;1125;1;2;1;1;6;56;BRIE COMTE ROBERT (RTE D;;;;940
201500041914;15;6;23;1920;1;2;1;1;6;44;JEAN MONNET (R);;;;940
201500041915;15;6;25;1910;1;2;1;7;6;44;16, ROGER SALENGRO (R);;;;940
201500041916;15;6;28;215;4;2;1;1;6;48;UZELLES (AV DES);;;;940
201500041917;15;3;7;1020;1;2;1;1;6;71;PARIS (R DE);;;;940
201500041918;15;5;27;1615;1;2;1;1;6;44;VALENTON (AV DE);;;;940
201500041919;15;7;7;1345;1;2;1;8;5;44;AV DU GENERAL LECLERC;M;4874590;251086;940
201500041920;15;3;10;1725;1;2;6;1;7;44;VALENTON (AV DE);;;;940
201500041921;15;7;10;720;1;2;3;8;2;4;VALENTON/PROCESSION;;;;940
201500041922;15;7;14;2055;1;2;1;1;2;71;PIPLE (AV DU);;;;940
201500041923;15;7;16;1219;1;2;3;7;3;71;103, BOISSY (R DE);;;;940
201500041924;15;7;19;1555;1;2;3;1;4;71;75, GENERAL LECLERC (R D;;;;940
201500041925;15;7;20;845;1;2;3;8;4;75;., GRANGE (RTE DE LA);;;;940
201500041926;15;7;21;2015;1;2;6;1;1;71;00, LESIGNY (RTE DE);;;;940
201500041927;15;7;24;2110;2;2;1;1;2;47;117, VERDUN (R DE);;;;940
201500041928;15;8;2;1515;1;2;3;1;3;71;BOISSY (R DE);;;;940
201500041929;15;8;3;1540;1;2;1;7;3;71;78bis, GENERAL LECLERC (;;;;940
201500041930;15;8;7;1235;1;2;6;1;1;4;SUCY (R DE);;;;940
201500041931;15;8;7;1800;1;2;1;8;5;4;AV DU GENERAL LECLERC;M;4875030;250770;940
201500041932;15;8;28;1100;1;2;1;1;6;71;02, BONNEUIL (AV DE);;;;940
201500041933;15;8;11;1630;1;2;1;1;6;71;5, GARE (PL DE LA);;;;940
201500041934;15;8;12;630;1;2;1;1;4;44;EUGENE VARLIN (R);;;;940
201500041935;15;8;13;1915;1;1;1;2;6;4;FFI (ALL DES);;;;940
201500041936;15;8;26;1805;1;2;3;8;2;71;MARAIS (CHE DES);;;;940
201500041937;15;8;26;1950;1;2;3;8;3;71;MAURICE BERTEAUX (R);;;;940
201500041938;15;11;21;455;5;2;1;2;7;4;CHARLES DE GAULLE (AV);;;;940
201500041939;15;12;17;1100;1;2;1;1;6;4;24, AV DU GENERAL LECLER;M;4875050;250761;940
201500041940;15;1;19;1530;1;2;1;1;6;4;PL DES TILLEULS;;;;940
201500041941;15;9;1;1630;1;2;1;1;6;44;2, DEUX CLOCHERS (AV DES;;;;940
201500041942;15;9;2;850;1;2;1;1;5;71;VERT (CHE);;;;940
201500041943;15;9;10;1500;1;2;1;1;2;4;AV DU GENERAL LECLERC;M;4875800;250366;940
201500041944;15;9;12;2025;5;2;1;2;6;75;12, MANDRES (R DE);;;;940
201500041945;15;12;9;1540;1;2;1;1;5;75;GENERAL LECLERC (R DU);;;;940
201500041946;15;9;16;1245;1;2;3;3;2;75;TASSIGNY/GRANGE;M;4873440;252044;940
201500041947;15;9;17;1453;1;2;3;1;3;4;LECLERC/DE GAULLE;M;4875510;250528;940
201500041948;15;9;18;1630;1;2;1;3;6;71;., GRAND VAL (R DU);;;;940
201500041949;15;9;19;1600;1;2;2;1;3;71;ROOSEVELT/LIBERTE;;;;940
201500041950;15;9;22;948;1;2;2;2;3;75;., GARENNE (R DE LA);;;;940
201500041951;15;9;22;1810;1;2;1;8;6;4;AV DU GENERAL LECLERC;M;4875310;250657;940
201500041952;15;9;26;1050;1;2;1;1;6;44;63, VALENTON (AV DE);;;;940
201500041953;15;9;27;1420;1;2;3;1;3;4;00, 8 MAI 1945 (AV DU);;;;940
201500041954;15;9;28;1605;1;2;1;1;3;44;8 bis, VERDUN (AV DE);;;;940
201500041955;15;9;30;45;5;2;1;1;6;47;109, VERDUN (R DE);;;;940
201500041956;15;9;30;1210;1;2;3;1;2;75;TASSIGNY/GRANGE;M;4873440;252044;940
201500041957;15;1;2;1920;4;2;2;1;3;17;PLESSIS TREVISE (R DU);;;;940
201500041958;15;1;9;855;1;2;3;2;1;17;BUISSON (CHE DU);;;;940
201500041959;15;1;9;1715;1;2;1;1;1;17;ALEXANDRE FOURNY (R);;;;940
201500041960;15;1;11;1520;1;2;1;1;1;17;PAUL LAFARGUE (AV);;;;940
201500041961;15;1;11;1900;4;2;1;1;3;17;79, GENERAL DE GAULLE (A;;;;940
201500041962;15;1;14;1325;1;2;1;2;1;17;52-54, MUSSELBURGH (R DE;;;;940
201500041963;15;1;17;1150;1;2;2;1;7;17;GENERAL DE GAULLE (AV DU;;;;940
201500041964;15;1;20;1400;1;2;1;1;2;17;104, REPUBLIQUE (AV DE L;;;;940
201500041965;15;1;21;2245;5;2;1;1;3;17;11, GENERAL DE GAULLE (A;;;;940
201500041966;15;1;22;715;2;2;2;1;3;17;MAURICE THOREZ (AV);;;;940
201500041967;15;1;26;1400;1;2;3;1;1;17;236, MAURICE THOREZ (AV);;;;940
201500041968;15;1;27;915;1;2;1;1;6;17;LOUIS TALAMONI (R);;;;940
201500041969;15;1;29;935;1;2;1;1;6;17;12, ALBERT THOMAS - PONT;;;;940
201500041970;15;1;31;930;1;2;1;1;6;17;STALINGRAD (BD DE);;;;940
201500041971;15;2;1;1545;1;2;2;1;3;17;1, ROGER SALENGRO (AV);;;;940
201500041972;15;2;2;750;5;2;2;4;6;17;ALEXANDRE FOURNY (R);;;;940
201500041973;15;2;2;813;2;2;1;1;6;17;BOILEAU (AV);;;;940
201500041974;15;2;2;1225;1;2;1;1;3;17;010, JULIETTE DE WILLS (;;;;940
201500041975;15;2;3;820;1;2;3;1;6;17;MARX DORMOY (AV);;;;940
201500041976;15;2;4;750;1;2;6;1;2;17;HENRI-MARIE LE BOURSICAU;;;;940
201500041977;15;2;11;1900;5;2;3;1;1;17;ROGER SALENGRO (AV);;;;940
201500041978;15;2;15;120;5;2;1;1;1;17;HENRI-MARIE LE BOURSICAU;;;;940
201500041979;15;2;17;125;5;2;1;1;6;17;BOILEAU (AV);;;;940
201500041980;15;2;24;730;1;2;1;1;3;17;139, GENERAL LECLERC (AV;;;;940
201500041981;15;2;27;2050;5;2;1;1;6;17;20, REPUBLIQUE (AV DE LA;;;;940
201500041982;15;3;5;820;1;2;1;1;6;17;SALVADOR ALLENDE (AV);;;;940
201500041983;15;3;5;915;1;2;3;1;3;17;GENERAL DE GAULLE (AV DU;;;;940
201500041984;15;3;5;1220;1;2;1;1;3;17;ARISTIDE BRIAND (R);;;;940
201500041985;15;3;6;1700;1;2;1;1;2;17;297, GENERAL DE GAULLE (;;;;940
201500041986;15;3;7;1145;1;2;3;1;1;17;MARX DORMOY (AV);;;;940
201500041987;15;3;8;845;1;2;1;1;6;17;161, STALINGRAD (BD DE);;;;940
201500041988;15;3;8;1150;1;2;1;1;2;17;BERNAU (R DE);;;;940
201500041989;15;3;11;1555;1;2;1;1;2;17;157, GENERAL DE GAULLE (;;;;940
201500041990;15;3;12;1850;1;2;1;1;6;17;BERNAU (R DE);;;;940
201500041991;15;3;18;1140;1;2;2;1;3;17;EDMOND (AV);;;;940
201500041992;15;3;23;830;1;2;1;1;2;17;32, ALEXANDRE FOURNY (R);;;;940
201500041993;15;3;24;2020;5;2;1;2;6;17;10, STALINGRAD (BD DE);;;;940
201500041994;15;3;26;1130;1;2;5;2;3;17;GENERAL DE GAULLE (AV DU;;;;940
201500041995;15;4;3;1030;1;2;2;1;1;17;12, ILE D AMOUR (AV DE L;;;;940
201500041996;15;4;4;1230;1;2;1;1;6;17;45, JEAN JAURES (R);;;;940
201500041997;15;4;11;1500;1;2;2;1;1;17;, AVENIR (R DE L);;;;940
201500041998;15;4;13;1455;1;2;1;1;6;17;ROGER SALENGRO (AV);;;;940
201500041999;15;4;16;1000;1;2;1;1;6;17;20, ALBERT THOMAS (R);;;;940
201500042000;15;4;22;1045;1;2;2;1;6;17;MAURICE THOREZ (AV);;;;940
201500042001;15;4;27;1650;1;2;2;1;3;17;MARX DORMOY (AV);;;;940
201500042002;15;4;27;1855;1;2;1;1;6;17;3, SAVOIE (R DE);;;;940
201500042003;15;4;27;2215;5;2;2;1;3;17;ALBERT THOMAS (R);;;;940
201500042004;15;4;30;1145;1;2;6;3;3;17;1, BOIS L ABBE (R DU);;;;940
201500042005;15;5;1;1300;1;2;3;1;6;17;MAURICE THOREZ (AV);;;;940
201500042006;15;5;1;1645;1;2;1;2;2;17;ALFRED GREVIN (R);;;;940
201500042007;15;5;1;1920;1;2;1;2;6;17;235/237, CHARLES DE GAUL;;;;940
201500042008;15;5;2;2200;5;2;1;1;2;17;51, GENERAL DE GAULLE (A;;;;940
201500042009;15;5;2;2255;5;2;1;2;6;17;104, REPUBLIQUE (AV DE L;;;;940
201500042010;15;5;4;1230;1;2;1;1;2;17;2, ALEXANDRE FOURNY (R);;;;940
201500042011;15;5;6;1525;1;2;1;1;6;17;CHARLES DE GAULLE (VLA);;;;940
201500042012;15;5;8;2200;4;2;2;1;3;17;DANIELLE CASANOVA (R);;;;940
201500042013;15;5;9;1800;1;2;1;1;6;17;12, JACQUES COPEAU (AV);;;;940
201500042014;15;5;11;855;1;2;2;1;6;17;1, PARC (AV DU);;;;940
201500042015;15;5;18;655;2;2;1;1;6;17;102, GENERAL DE GAULLE (;;;;940
201500042016;15;5;22;1555;1;2;1;1;4;17;156, ALEXANDRE FOURNY (R;;;;940
201500042017;15;5;26;2250;5;2;1;1;3;17;71, ROGER SALENGRO (AV);;;;940
201500042018;15;5;27;1350;1;2;2;1;3;17;FELIX FAURE (R);;;;940
201500042019;15;5;29;1245;1;2;1;1;6;17;35, LOUIS TALAMONI (R);;;;940
201500042020;15;6;3;1730;1;2;2;1;4;17;PLESSIS TREVISE (R DU);;;;940
201500042021;15;6;5;1010;1;2;1;1;6;17;1, STALINGRAD (BD DE);;;;940
201500042022;15;6;5;1300;1;2;2;1;3;17;PONT NOGENT/STALINGRAD;M;4882980;249321;940
201500042023;15;6;11;900;1;2;2;1;2;17;MOQUET/FOURNY;;;;940
201500042024;15;6;13;1400;1;2;1;1;6;17;18, AV DE COEUILLY;;;;940
201500042025;15;6;13;1940;5;2;1;1;5;17;1, Franзois Mittйrrand (;;;;940
201500042026;15;6;13;2300;5;2;1;1;6;17;382, HENRI BARBUSSE (R);;;;940
201500042027;15;6;16;1945;1;2;1;1;6;17;12, JACQUES COPEAU (AV);;;;940
201500042028;15;6;18;730;1;2;1;1;1;17;145, GALLIENI (QU);;;;940
201500042029;15;6;15;850;1;2;1;1;2;17;150, STALINGRAD (BD DE);;;;940
201500042030;15;6;27;1800;1;2;1;1;3;17;97, GENERAL DE GAULLE (A;;;;940
201500042031;15;6;28;1800;1;2;1;1;6;17;ONZE NOVEMBRE 1918 (AV D;;;;940
201500042032;15;7;4;1915;1;2;1;1;5;17;247, CHARLES DE GAULLE (;;;;940
201500042033;15;7;6;630;1;2;2;1;3;17;01, GENERAL DE GAULLE (A;;;;940
201500042034;15;7;9;1200;1;2;2;1;3;17;LIEUTENANT ANDRE OHRESSE;;;;940
201500042035;15;7;10;1245;1;2;2;1;6;17;DUPERTUIS (R);;;;940
201500042036;15;7;15;1750;1;2;2;1;3;17;MARCHE (R DU);;;;940
201500042037;15;7;16;1810;1;2;9;1;2;17;100, JACK GOUREVITCH (AV;;;;940
201500042038;15;7;21;1840;1;2;1;1;3;17;PIERRE BROSSOLETTE (AV);;;;940
201500042039;15;7;23;2000;1;2;1;1;5;17;247, GENERAL DE GAULLE (;;;;940
201500042040;15;7;24;950;1;2;1;1;6;17;80, ROGER SALENGRO (AV);;;;940