num_acc;an;mois;jour;hrmn;lum;agg;int;atm;col;com;adr;gps;lat;long;dep
201500042041;15;7;25;1410;1;2;1;1;2;17;52, JEAN JAURES (R);;;;940
201500042042;15;7;25;1925;2;2;2;1;3;17;ALEXANDRE FOURNY (R);;;;940
201500042043;15;7;30;710;1;2;2;1;3;17;01, ROGER SALENGRO (AV);;;;940
201500042044;15;8;1;2040;1;2;2;1;3;17;PIERRE MARIE DERRIEN (R);;;;940
201500042045;15;8;3;850;1;2;6;1;6;17;231, ROGER SALENGRO (AV);;;;940
201500042046;15;8;5;1500;1;2;1;1;3;17;ROGER SALENGRO (AV);;;;940
201500042047;15;8;14;1300;1;2;1;1;3;17;50, ROGER SALENGRO (AV);;;;940
201500042048;15;8;22;1420;1;2;1;1;1;17;176, GENERAL DE GAULLE (;;;;940
201500042049;15;8;22;1815;1;2;2;1;3;17;01, GENERAL DE GAULLE (A;;;;940
201500042050;15;9;7;1600;1;2;1;1;6;17;90, ROGER SALENGRO (AV);;;;940
201500042051;15;9;16;855;1;2;1;1;1;17;, EUGENE VARLIN (R);;;;940
201500042052;15;9;17;1255;1;2;1;1;6;17;120, STALINGRAD (BD DE);;;;940
201500042053;15;9;18;2040;1;2;1;2;3;17;1, STALINGRAD (BD DE);;;;940
201500042054;15;9;22;1315;1;2;1;3;6;17;DIDEROT (R);;;;940
201500042055;15;9;25;1240;1;2;1;1;3;17;COEUILLY (AV DE);;;;940
201500042056;15;9;29;1745;1;2;1;1;6;17;32, LOUIS TALAMONI (R);;;;940
201500042057;15;9;29;2010;5;2;1;1;4;17;STALINGRAD (BD DE);;;;940
201500042058;15;10;1;1815;2;2;1;1;3;17;PIPEE (R DE LA);;;;940
201500042059;15;10;2;1855;5;2;1;1;6;17;139, ALEXANDRE FOURNY (R;;;;940
201500042060;15;10;6;825;1;2;1;2;3;17;45, LOUIS TALAMONI (R);;;;940
201500042061;15;10;7;1340;1;2;1;1;3;17;39, STALINGRAD (BD DE);;;;940
201500042062;15;10;12;2005;5;2;6;1;2;17;01, MAURICE THOREZ (AV);;;;940
201500042063;15;10;14;1830;2;2;1;1;2;17;Franзois Mittйrrand (ave;;;;940
201500042064;15;10;28;1415;1;2;2;1;6;17;89, JEAN JAURES (R);;;;940
201500042065;15;10;31;1;5;2;1;1;3;17;148, MAURICE THOREZ (AV);;;;940
201500042066;15;11;1;1935;5;2;2;1;1;17;43, REPUBLIQUE (AV DE LA;;;;940
201500042067;15;11;2;35;5;2;3;1;2;17;01, STALINGRAD (BD DE);;;;940
201500042068;15;11;8;1700;1;2;1;1;6;17;40, VICTOR HUGO (QU);;;;940
201500042069;15;11;10;1810;5;2;1;1;6;17;42, REPUBLIQUE (AV DE LA;;;;940
201500042070;15;11;12;1845;5;2;6;2;3;17;01, MAURICE THOREZ (AV);;;;940
201500042071;15;11;17;705;2;2;2;1;3;17;91, STALINGRAD (BD DE);;;;940
201500042072;15;11;17;1320;1;2;1;1;2;17;100, MONUMENT (R DU);;;;940
201500042073;15;11;17;1720;5;2;1;2;6;17;26, PERROQUETS (R DES);;;;940
201500042074;15;11;18;2255;5;2;1;1;3;17;180, GENERAL DE GAULLE (;;;;940
201500042075;15;11;18;1115;1;2;1;1;6;17;124, STALINGRAD (BD DE);;;;940
201500042076;15;11;27;2238;5;2;1;8;1;17;01, EUGENE VARLIN (R);;;;940
201500042077;15;11;28;1030;1;2;1;1;3;17;CHARLES DE GAULLE (VLA);;;;940
201500042078;15;11;29;1200;1;2;1;1;6;17;80, ALBERT THOMAS (R);;;;940
201500042079;15;11;29;1215;1;2;6;1;6;17;01, SONIA DE LAUNAY (VOI;;;;940
201500042080;15;11;30;1615;1;2;1;1;3;17;DOCTEUR ROUX (R DU);;;;940
201500042081;15;12;7;1655;1;2;1;1;6;17;2, PAUL BERT (R);;;;940
201500042082;15;12;8;1205;1;2;2;1;3;17;01, CHARLES BAUDIN (AV);;;;940
201500042083;15;12;9;915;1;2;1;1;3;17;4, STALINGRAD (BD DE);;;;940
201500042084;15;12;12;1955;5;2;1;1;3;17;ARTHUR ADAMOV (R);;;;940
201500042085;15;12;18;920;1;2;1;1;3;17;01, ALLIES (BD DES);;;;940
201500042086;15;12;27;2000;5;2;1;1;2;17;HENRI-MARIE LE BOURSICAU;;;;940
201500042087;15;9;22;1025;1;2;1;2;3;18;15, SAINT PIERRE (R);;;;940
201500042088;15;1;8;2100;5;2;1;1;3;69;SAINT MAURICE DU VALAIS;;;;940
201500042089;15;1;11;2240;5;2;1;1;3;18;GRAVELLE (AV DE);;;;940
201500042090;15;1;23;2325;5;2;1;1;6;18;45, GRAVELLE (AV DE);;;;940
201500042091;15;1;29;1940;5;2;3;1;3;18;96, PARIS (R DE);;;;940
201500042092;15;1;30;750;2;2;2;2;3;69;GRAVELLE (AV DE);;;;940
201500042093;15;2;6;1440;1;2;1;1;6;18;1, REPUBLIQUE (R DE LA);;;;940
201500042094;15;2;23;1500;1;2;1;8;6;18;37, MARECHAL DE LATTRE D;;;;940
201500042095;15;2;25;2015;5;2;1;2;1;18;BERCY (QU DE);;;;940
201500042096;15;3;2;945;1;2;1;1;6;18;., CARRIERES (QU DES);;;;940
201500042097;15;3;10;1220;1;2;1;1;6;18;2/4, PONT (R DU);;;;940
201500042098;15;3;12;1630;1;2;1;1;3;69;16, CANADIENS (AV DES);;;;940
201500042099;15;3;13;1650;1;2;2;1;6;18;36, VICTOR HUGO (R);;;;940
201500042100;15;3;20;1900;5;2;3;1;3;69;107, GRAVELLE (AV DE);;;;940
201500042101;15;3;21;1950;5;2;1;1;6;18;6, BORDEAUX (R DES);;;;940
201500042102;15;4;2;1850;1;2;1;1;7;18;10, VALMY (R DE);;;;940
201500042103;15;4;20;1200;1;2;1;1;6;18;PRESIDENT KENNEDY (R DU);;;;940
201500042104;15;5;2;2015;5;1;1;2;2;69;AV DES CANADIENS;;;;940
201500042105;15;5;4;1940;1;2;1;2;2;18;40, GRAVELLE (AV DE);;;;940
201500042106;15;5;4;2040;5;2;2;2;3;18;40, PONT (R DU);;;;940
201500042107;15;4;25;1045;1;2;1;1;6;18;12, ARTHUR CROQUETTE (R);;;;940
201500042108;15;5;21;1945;1;2;1;1;1;18;CARRIERES (QU DES);;;;940
201500042109;15;6;11;1330;1;2;1;1;3;18;89, PARIS (R DE);;;;940
201500042110;15;6;11;2025;1;2;3;1;3;18;BERCY (QU DE);;;;940
201500042111;15;6;12;1850;1;2;9;1;6;18;7, REPUBLIQUE (R DE LA);;;;940
201500042112;15;6;15;1815;1;1;1;1;6;69;BIR HAKEIM (QU DE);;;;940
201500042113;15;6;16;1345;1;2;2;1;6;18;PAUL ELUARD/BORDEAUX;;;;940
201500042114;15;6;18;830;1;2;1;2;6;69;113, GRAVELLE (AV DE);;;;940
201500042115;15;6;28;205;3;2;1;1;7;18;ARTHUR CROQUETTE (R);;;;940
201500042116;15;8;19;905;1;2;1;1;6;18;3, ARCADE (R DE L);;;;940
201500042117;15;8;22;2230;5;2;8;1;7;18;26, CARRIERES (QU DES);;;;940
201500042118;15;8;23;2345;5;2;1;1;6;18;21, GRAVELLE (AV DE);;;;940
201500042119;15;9;12;1330;1;2;1;3;6;18;ARTHUR CROQUETTE (R);;;;940
201500042120;15;9;18;1310;1;2;1;1;2;18;40, CARRIERES (QU DES);;;;940
201500042121;15;9;23;940;1;2;1;1;2;69;34 bis, MARECHAL LECLERC;;;;940
201500042122;15;9;27;1635;1;2;1;1;6;18;72/76, CARRIERES (QU DES;;;;940
201500042123;15;10;8;2033;5;2;1;1;3;69;162bis, MARECHAL LECLERC;;;;940
201500042124;15;10;13;1405;1;2;3;1;5;18;LIBERTE (AV DE LA);;;;940
201500042125;15;10;15;855;1;2;1;2;3;69;REPUBLIQUE (QU DE LA);;;;940
201500042126;15;10;19;925;1;2;1;1;2;18;7, BERCY (QU DE);;;;940
201500042127;15;10;25;1755;5;2;1;1;3;18;116, PARIS (R DE);;;;940
201500042128;15;10;26;1630;1;2;1;1;6;18;ALFRED SAVOURE (R);;;;940
201500042129;15;10;27;1000;1;2;9;1;3;18;7, BERCY (QU DE);;;;940
201500042130;15;10;28;1915;5;2;1;9;6;69;57, MARECHAL LECLERC (R;;;;940
201500042131;15;11;5;825;1;2;3;1;3;18;BERCY - PTE DE BERCY (QU;;;;940
201500042132;15;11;9;1110;1;2;3;1;3;18;VICTOR HUGO (R);;;;940
201500042133;15;11;12;1820;5;2;1;1;6;18;2-4, GENERAL DE GAULLE (;;;;940
201500042134;15;11;15;1245;1;2;1;1;6;18;18, RESERVOIRS (R DES);;;;940
201500042135;15;11;20;1830;5;2;1;8;7;18;ARTHUR CROQUETTE (R);;;;940
201500042136;15;11;20;2050;5;2;3;8;3;18;CARRIERES (QU DES);;;;940
201500042137;15;11;26;1415;1;2;1;1;6;69;1, PAUL VERLAINE (R);;;;940
201500042138;15;12;3;1850;5;2;1;1;3;69;09, SAINT MAURICE DU VAL;;;;940
201500042139;15;12;8;1720;2;2;3;2;6;18;WINSTON CHURCHILL (AV);;;;940
201500042140;15;1;10;1840;5;2;2;2;6;19;PLESSIS (RTE DU);;;;940
201500042141;15;1;24;1355;1;2;1;1;6;79;07, MULHOUSE (BD DE);;;;940
201500042142;15;1;27;810;2;2;4;1;6;55;61, PINCE VENT/;M;4879090;255247;940
201500042143;15;1;27;2020;3;2;1;1;6;59;MAURICE BERTEAUX (AV);;;;940
201500042144;15;1;30;1720;2;2;3;2;2;59;MAURICE BERTEAUX (AV);;;;940
201500042145;15;2;6;2300;5;2;1;1;6;19;45, PONT (R DU);;;;940
201500042146;15;2;9;2000;5;2;1;8;1;59;100, Andre Rouy (AV);;;;940
201500042147;15;2;11;800;1;2;2;1;6;59;GENERAL DE GAULLE (AV DU;;;;940
201500042148;15;2;19;940;1;2;1;1;2;59;GONZALVE (AV);;;;940
201500042149;15;2;22;1350;1;2;3;1;1;19;ARISTIDE BRIAND (R);;;;940
201500042150;15;2;25;1945;4;2;6;1;6;59;Andre Rouy (AV);;;;940
201500042151;15;3;16;1300;1;2;6;1;6;79;JEAN MONNET (BD);;;;940
201500042152;15;3;22;610;2;2;2;1;2;19;LIBERATION (RTE DE LA);;;;940
201500042153;15;3;24;955;1;2;2;1;3;19;LIBERATION (RTE DE LA);;;;940
201500042154;15;3;24;1530;1;2;3;3;3;19;D'AMBOILE (R);;;;940
201500042155;15;3;28;1130;1;2;3;2;6;79;GENERAL DE GAULLE (R DU);;;;940
201500042156;15;3;31;1720;1;2;1;1;7;79;JEAN MONNET (BD);;;;940
201500042157;15;4;8;2225;5;2;3;1;3;79;Rue du General Gallieni;;;;940
201500042158;15;4;12;130;5;2;1;8;3;19;PINCE VENT (AV DE);;;;940
201500042159;15;4;15;1255;1;2;1;1;6;79;10, CHENNEVIERES (R DE);;;;940
201500042160;15;4;19;630;1;2;1;1;6;60;GENERAL DE GAULLE (R DU);;;;940
201500042161;15;4;20;1920;2;2;1;7;6;19;79, FUSILLES DE CHATEAUB;;;;940
201500042162;15;4;22;700;1;2;1;1;3;55;39, PROVINS (RTE DE);;;;940
201500042163;15;5;16;1435;1;2;1;1;1;79;BISHOP S STORDFORD (BD D;;;;940
201500042164;15;5;14;2130;5;2;2;3;2;79;FRIEDBERG (BD DE);;;;940
201500042165;15;5;17;1930;1;2;1;1;3;19;14 bis, PONT (R DU);;;;940
201500042166;15;5;17;220;2;2;1;1;6;79;10, COEUILLY (R DE);;;;940
201500042167;15;5;15;1620;1;2;1;1;1;55;PINCE VENT - CAR DE PINC;;;;940
201500042168;15;5;17;1235;1;2;1;1;6;19;RABELAIS (R);;;;940
201500042169;15;5;20;1540;1;2;1;1;2;60;face 32, GENERAL DE GAUL;;;;940
201500042170;15;5;21;1215;1;2;6;1;6;79;STRASBOURG (BD DE);;;;940
201500042171;15;5;22;255;5;2;1;1;6;19;PONT (R DU);;;;940
201500042172;15;5;24;2015;1;2;2;1;6;79;BISHOP'S STORDFORD (BD D;;;;940
201500042173;15;5;24;1115;1;2;1;7;6;60;GENERAL DE GAULLE (R DU);;;;940
201500042174;15;5;29;1720;1;2;1;1;6;60;MARRONNIERS (ALL DES);;;;940
201500042175;15;5;30;1435;1;2;1;1;2;59;MAURICE BERTEAUX (AV);;;;940
201500042176;15;6;1;1430;1;2;4;1;6;79;FOSSES (R DES);;;;940
201500042177;15;6;5;1310;1;2;2;7;3;79;CHAMPIGNY (RTE DE);;;;940
201500042178;15;6;8;1850;1;2;1;7;6;79;MAXIMILIEN (R);;;;940
201500042179;15;6;10;755;1;2;6;1;3;59;JEAN KIFFER (AV);;;;940
201500042180;15;6;11;1920;1;2;2;1;6;60;BORDES (AV DES);;;;940
201500042181;15;6;12;1320;1;2;2;1;1;19;LIBERATION (RTE DE LA);;;;940
201500042182;15;6;12;1930;1;2;6;7;6;79;02, STRASBOURG (BD DE);;;;940
201500042183;15;6;15;1056;1;2;1;1;6;19;CHENNEVIERES (RTE DE);;;;940
201500042184;15;6;23;1518;1;2;1;1;1;19;14 ter, PONT (R DU);;;;940
201500042185;15;7;1;1430;1;2;1;1;6;79;TROIS MUSICIENS (ALL DES;;;;940
201500042186;15;7;3;850;1;2;2;1;3;55;CENTRE (R DU);;;;940
201500042187;15;7;4;1935;1;2;3;1;1;79;TROIS MUSICIENS (ALL DES;;;;940
201500042188;15;7;5;1330;1;2;2;1;3;55;OLIVIER D ORMESSON (AV);;;;940
201500042189;15;7;5;1820;1;2;1;1;2;79;GENERAL LECLERC (R DU);;;;940
201500042190;15;7;9;1935;1;2;3;1;3;59;DAME BLANCHE (AV DE LA);;;;940
201500042191;15;7;12;2235;5;2;2;1;3;59;DAME BLANCHE (AV DE LA);;;;940
201500042192;15;7;19;240;5;2;2;1;2;59;GENERAL LECLERC (AV DU);;;;940
201500042193;15;7;21;1930;1;2;6;1;6;79;JEAN MONNET (BD);;;;940
201500042194;15;7;22;1630;1;2;1;1;2;55;220, OLIVIER D ORMESSON;;;;940
201500042195;15;7;23;1710;1;2;3;1;6;79;ANDREA PALLADIO (ALL);;;;940
201500042196;15;7;29;1620;1;2;1;1;3;55;17, WLADIMIR D ORMESSON;;;;940
201500042197;15;8;4;620;2;2;1;2;2;55;OLIVIER D ORMESSON (AV);;;;940
201500042198;15;8;21;1750;1;2;3;1;3;79;COMBAULT (RTE DE);;;;940
201500042199;15;8;21;1955;1;2;1;1;6;79;NAIADES (ALL DES);;;;940
201500042200;15;8;21;2350;5;2;3;1;3;53;CONDORCET (R);;;;940
201500042201;15;8;25;910;1;2;3;1;2;55;DANIELLE CASANOVA (R);;;;940
201500042202;15;8;27;1935;5;2;1;2;2;59;MARECHALE (AV DE LA);;;;940
201500042203;15;9;3;900;1;2;1;7;6;79;71, GENERAL DE GAULLE (R;;;;940
201500042204;15;9;6;1930;2;2;1;1;3;59;15, THERESE (AV);;;;940
201500042205;15;9;7;2155;5;2;3;1;3;79;FRIEDBERG (BD DE);;;;940
201500042206;15;9;9;1805;1;2;1;1;6;19;19, SUCY (R DE);;;;940
201500042207;15;9;9;1800;1;2;1;1;3;53;84 BIS, GRANDE RUE PIERR;;;;940
201500042208;15;9;19;1245;1;2;2;1;2;55;51, OLIVIER D ORMESSON (;;;;940
201500042209;15;9;20;30;5;2;3;1;3;55;OLIVIER D ORMESSON (AV);;;;940
201500042210;15;9;24;1910;1;2;2;1;6;55;105, AMBOILE (R D);;;;940
201500042211;15;9;26;1450;1;2;2;1;2;79;COMBAULT (RTE DE);;;;940
201500042212;15;9;29;1935;2;2;9;1;1;55;MOQUE BOUTEILLE (CHE DU);;;;940
201500042213;15;9;29;2010;5;2;1;1;6;79;3, GENERAL LECLERC (R DU;;;;940
201500042214;15;10;1;1845;2;2;1;1;3;19;52, ARISTIDE BRIAND (R);;;;940
201500042215;15;10;6;900;1;2;1;2;6;60;COMBAULT (RTE DE);;;;940
201500042216;15;10;6;1210;1;2;1;1;2;19;L'HIPPODROME (AV DE);;;;940
201500042217;15;10;6;1730;1;2;6;2;3;79;JEAN MONNET (BD);;;;940
201500042218;15;10;12;13;5;2;1;1;6;19;14 BIS, R DU PONT;M;4879280;252656;940
201500042219;15;10;13;1500;1;1;1;1;6;79;29, NOISY (R DE);;;;940
201500042220;15;10;13;1718;1;2;1;1;6;79;STRASBOURG (BD DE);;;;940
201500042221;15;10;22;40;5;2;2;2;3;59;DAME BLANCHE (AV DE LA);;;;940
201500042222;15;10;22;1250;1;2;2;2;3;79;JEAN MONNET (BD);;;;940
201500042223;15;10;27;1235;1;2;1;1;3;55;51, PROVINS (RTE DE);;;;940
201500042224;15;10;30;1755;5;2;1;1;6;55;GENERAL DE GAULLE (AV DU;;;;940
201500042225;15;10;31;1720;1;2;4;1;3;55;WLADIMIR D ORMESSON (AV);;;;940
201500042226;15;11;2;1950;5;2;2;1;3;79;CHAPELLES (R DES);;;;940
201500042227;15;11;5;1830;5;2;3;2;6;79;57 а 63, ANDRE ROUY (R);;;;940
201500042228;15;11;9;1440;1;2;6;1;3;55;PINCE VENT - CAR DE PINC;;;;940
201500042229;15;11;10;1827;5;2;1;1;6;79;1/3, AUGUSTE RODIN (AV);;;;940
201500042230;15;11;25;1030;1;2;1;2;2;19;102, LIBERATION (RTE DE;;;;940
201500042231;15;11;17;735;1;2;1;9;2;79;JEAN MONNET (BD);;;;940
201500042232;15;11;29;625;5;2;7;1;6;19;LIBERATION (RTE DE LA);;;;940
201500042233;15;11;30;1700;5;2;3;2;3;79;CHAMPIGNY (RTE DE);;;;940
201500042234;15;11;30;1925;5;2;6;1;2;59;EUROPE (AV DE L);;;;940
201500042235;15;12;11;1015;1;2;1;1;6;60;47, MARECHAL HORTIER (AV;;;;940
201500042236;15;12;15;1915;5;2;7;3;6;59;GAMBETTA (PL);;;;940
201500042237;15;12;17;1800;5;2;2;1;1;55;OLIVIER D ORMESSON (AV);;;;940
201500042238;15;12;18;750;5;2;1;8;2;19;LIBERATION (RTE DE LA);;;;940
201500042239;15;12;21;710;5;2;2;1;6;53;PIERRE BROSSOLETTE - PL;;;;940
201500042240;15;12;28;1120;1;2;1;9;3;59;192, MARECHALE (AV DE LA;;;;940
201500042241;15;12;30;1555;1;2;1;1;5;79;JEAN MONNET (BD);;;;940
201500042242;15;12;30;2125;5;2;1;1;3;79;GENERAL DE GAULLE (R DU);;;;940
201500042243;15;9;4;810;1;2;1;1;6;22;HUIT MAI 1945 (AV DU);;;;940
201500042244;15;1;2;920;1;2;3;2;3;54;REPUBLIQUE (AV DE LA);;;;940
201500042245;15;9;5;1320;1;2;1;1;3;22;HUIT MAI 1945 (AV DU);;;;940
201500042246;15;5;1;145;5;2;3;2;2;22;STALINGRAD/STALINGRAD;;;;940
201500042247;15;12;31;1525;1;2;2;1;6;22;PABLO PICASSO (AV);;;;940
201500042248;15;5;3;645;2;2;3;8;3;54;VICTOIRE (AV DE LA);;;;940
201500042249;15;6;3;1915;1;1;1;1;6;22;A86;M;4877370;240566;940
201500042250;15;2;7;2200;5;2;1;9;1;54;BAS MARIN (R DU);;;;940
201500042251;15;1;13;912;1;2;1;1;1;54;CHARLES TILLON (route);;;;940
201500042252;15;5;4;1520;1;2;1;1;3;22;ANATOLE FRANCE (AV);;;;940
201500042253;15;1;6;910;1;2;1;1;6;22;2, GAMBETTA (AV);;;;940
201500042254;15;1;6;2000;3;1;1;2;2;81;BRETELLE A86;M;4877340;240225;940
201500042255;15;2;19;1345;1;2;1;1;7;22;58, VICTOR HUGO (AV);;;;940
201500042256;15;1;8;820;2;2;1;9;2;22;9, LEON GOURDAULT (AV);;;;940
201500042257;15;9;12;1940;2;2;4;3;6;54;BAS MARIN (R DU);;;;940
201500042258;15;3;22;1645;1;2;3;1;3;54;MARTYRS DE CHATEAUBRIANT;;;;940
201500042259;15;9;13;2020;5;2;2;8;3;22;78, ANATOLE FRANCE (AV);;;;940
201500042260;15;5;13;800;1;2;3;1;3;54;BAS MARIN (R DU);;;;940
201500042261;15;9;18;1930;4;2;1;2;6;22;LUCIE (R);;;;940
201500042262;15;9;19;1710;1;2;2;1;3;22;GAMBETTA (AV);;;;940
201500042263;15;6;2;1600;1;2;1;1;6;22;GAMBETTA (AV);;;;940
201500042264;15;6;7;1335;1;2;1;1;2;22;APPEL DU DIX HUIT JUIN 1;;;;940
201500042265;15;6;9;1100;1;2;1;1;6;54;18, KEFIR (R DU);;;;940
201500042266;15;6;14;115;5;2;3;1;2;22;01, MARECHAL DE LATTRE D;;;;940
201500042267;15;6;15;1835;1;2;3;1;3;22;03, JEAN JAURES (R);;;;940
201500042268;15;6;16;810;1;2;1;1;2;22;16, JEAN JAURES (R);;;;940
201500042269;15;6;17;1610;1;2;1;1;2;22;26, REPUBLIQUE (AV DE LA;;;;940
201500042270;15;6;22;1920;1;2;1;2;4;22;JEAN JAURES (R);;;;940
201500042271;15;6;23;1520;1;2;1;1;6;22;HUIT MAI 1945 (AV DU);;;;940
201500042272;15;6;30;910;1;2;2;7;3;22;ALLIES (BD DES);;;;940
201500042273;15;5;23;825;1;2;1;1;6;54;73, ADRIEN RAYNAL (AV);;;;940
201500042274;15;9;27;1715;1;1;2;1;2;22;A86 BRETELLE/LUGO;M;4877340;240927;940
201500042275;15;5;23;1625;1;2;1;1;6;22;99, VILLENEUVE ST GEORGE;;;;940
201500042276;15;8;26;430;5;2;1;8;2;22;58, STALINGRAD (BD DE);;;;940
201500042277;15;1;25;705;5;2;1;1;5;22;4, JEAN JAURES (R);;;;940
201500042278;15;5;26;2010;1;2;1;1;6;22;11-13, POMPADOUR (R);;;;940
201500042279;15;10;1;940;1;2;3;1;3;54;DOCTEUR LECENE (R DU);;;;940
201500042280;15;5;28;1620;1;2;1;1;2;22;111, ALFORTVILLE (AV D);;;;940
201500042281;15;10;2;808;1;2;1;1;3;22;ALFORTVILLE (AV D);;;;940
201500042282;15;10;3;1500;1;2;1;1;6;22;112, VICTOR HUGO (AV);;;;940
201500042283;15;11;5;1845;5;2;1;9;6;22;34-36, ALLIES (BD DES);;;;940
201500042284;15;10;6;1735;1;2;1;1;6;22;33, VICTOR HUGO (AV);;;;940
201500042285;15;11;21;1845;5;2;1;2;7;22;GAMBETTA (AV);;;;940
201500042286;15;10;6;2010;5;2;3;1;3;22;VICTOR HUGO (AV);;;;940
201500042287;15;2;3;1140;1;2;3;1;6;54;BAS MARIN (R DU);;;;940
201500042288;15;2;4;1915;5;2;1;1;3;22;VICTOR HUGO (AV);;;;940
201500042289;15;2;6;720;2;2;2;1;6;22;NEWBURN/FOUR;M;4875490;241155;940
201500042290;15;4;10;1715;1;2;1;1;6;54;9, SAULES (VOI DES);;;;940
201500042291;15;10;17;1345;1;2;3;8;3;54;VICTOIRE (AV DE LA);;;;940
201500042292;15;10;18;730;5;2;2;1;3;22;31, ALLIES (GAL DES);;;;940
201500042293;15;2;14;2020;5;2;1;2;3;22;124, STALINGRAD (BD DE);;;;940
201500042294;15;10;20;115;5;2;2;1;3;22;STALINGRAD (BD DE);;;;940
201500042295;15;2;16;2120;5;2;1;1;3;22;79, VICTOR HUGO (AV);;;;940
201500042296;15;2;19;1200;1;2;1;1;6;22;ALLIES (BD DES);;;;940
201500042297;15;10;24;2150;5;2;2;1;3;54;VICTOIRE (AV DE LA);;;;940
201500042298;15;7;14;2000;1;2;1;1;3;54;CHARLES TILLON (route);;;;940
201500042299;15;10;28;950;1;2;9;2;6;54;8, FER A CHEVAL (R DU);;;;940
201500042300;15;10;30;303;5;2;1;1;1;54;CHARLES TILLON (route);;;;940
201500042301;15;2;25;2330;5;2;2;1;3;22;LEON GOURDAULT (AV);;;;940
201500042302;15;3;1;1535;1;2;7;1;6;22;EGLISE (R DE L);;;;940
201500042303;15;3;2;1949;5;2;1;1;2;54;CHARLES TILLON (route);;;;940
201500042304;15;11;5;1215;1;2;1;8;2;22;24, ALFORTVILLE (AV D);;;;940
201500042305;15;3;8;1320;1;2;1;1;6;22;JEAN JAURES (R);;;;940
201500042306;15;3;8;2140;5;2;3;1;6;54;ERNEST DE LA TOUR (R);;;;940
201500042307;15;7;7;1755;1;2;2;1;6;22;AUGUSTE BLANQUI (R);;;;940
201500042308;15;7;8;2019;1;2;1;1;6;54;58, ADRIEN RAYNAL (AV);;;;940
201500042309;15;3;11;1010;1;2;3;1;3;54;ADRIEN RAYNAL (AV);;;;940
201500042310;15;3;13;1745;1;2;1;1;6;22;28, VICTOR HUGO (AV);;;;940
201500042311;15;11;14;1720;2;1;1;1;2;22;NON DENOMMEE (VOI);;;;940
201500042312;15;3;14;1100;1;2;1;1;6;22;58, VICTOR HUGO (AV);;;;940
201500042313;15;3;16;1645;1;2;1;1;3;22;JEAN JAURES (R);;;;940
201500042314;15;7;18;1850;1;2;3;1;3;22;LEON GOURDAULT (AV);;;;940
201500042315;15;3;20;1750;1;2;1;1;6;22;19, VICTOR HUGO (AV);;;;940
201500042316;15;11;22;1450;1;2;3;7;6;22;GAMBETTA (AV);;;;940
201500042317;15;5;4;1800;1;2;1;1;6;22;VICTOR HUGO (AV);;;;940
201500042318;15;3;25;1025;1;2;2;1;6;22;HUIT MAI 1945 (AV DU);;;;940
201500042319;15;11;24;2332;5;2;4;2;7;22;3, JEAN JAURES (R);;;;940
201500042320;15;7;29;1615;1;2;1;1;1;54;R DU FER A CHEVAL;;;;940
201500042321;15;9;29;630;2;1;3;1;7;54;DIX-NEUF MARS 1962 (R DU;;;;940
201500042322;15;12;4;1800;5;2;1;1;6;22;05, VILLENEUVE ST GEORGE;;;;940
201500042323;15;4;6;2050;5;2;2;1;3;22;GENERAL LECLERC (AV);;;;940
201500042324;15;4;7;735;1;2;1;1;6;22;HUIT MAI 1945 (AV DU);;;;940
201500042325;15;8;7;1500;1;2;1;1;3;22;126, STALINGRAD (BD DE);;;;940
201500042326;15;8;7;2220;5;2;2;1;1;22;48, DOCTEUR ROUX (R DU);;;;940
201500042327;15;12;8;1713;5;2;1;3;3;22;8, LEON GOURDAULT (AV);;;;940
201500042328;15;4;11;1100;1;1;1;1;3;54;CHAUDRONNIERS (CHE DES);;;;940
201500042329;15;4;11;1940;1;2;1;1;6;54;9, PIERRE SEMARD (R);;;;940
201500042330;15;12;11;1845;5;2;1;1;7;54;, AMUNDSEN (R);;;;940
201500042331;15;4;14;1450;1;2;3;1;3;22;ANATOLE FRANCE (AV);;;;940
201500042332;15;12;14;740;2;2;2;8;3;22;36, STALINGRAD (BD DE);;;;940
201500042333;15;4;16;1410;1;2;6;1;2;54;MARCEL CACHIN (AV);;;;940
201500042334;15;12;15;1640;1;2;1;2;3;22;FERNAND PELLOUTIER (ALL);;;;940
201500042335;15;4;17;1600;1;2;1;1;3;22;ALFORTVILLE (AV D);;;;940
201500042336;15;12;15;1930;5;2;1;3;6;22;LUGO (AV DE);;;;940
201500042337;15;8;21;750;1;2;1;1;4;54;CHARLES TILLON (route);;;;940
201500042338;15;12;16;1040;1;1;1;1;6;54;2, ANTOINE DE SAINT EXUP;;;;940
201500042339;15;8;22;1555;1;2;2;1;3;22;STALINGRAD (BD DE);;;;940
201500042340;15;12;17;755;1;2;9;8;3;54;MARCEL CACHIN (AV);;;;940
201500042341;15;12;17;800;1;2;1;1;6;22;76, VICTOR HUGO (AV);;;;940
201500042342;15;12;17;1339;1;2;1;1;6;54;20? R PIERRE CORNEILLE;M;4874860;240238;940
201500042343;15;12;19;255;5;2;1;1;3;22;59, STALINGRAD (BD DE);;;;940
201500042344;15;8;31;1855;1;2;1;1;3;54;MARCEL CACHIN (AV);;;;940
201500042345;15;1;1;2140;5;2;6;1;2;28;FOCH/MECHES;M;4878450;243667;940
201500042346;15;1;8;800;1;2;1;1;1;11;0, CHOISY.(AVENUE DE);;;;940
201500042347;15;1;14;1215;1;2;1;1;3;28;0, COMPAGNONS DE LA LIBE;;;;940
201500042348;15;1;16;1730;1;2;1;1;3;28;0, VERDUN.(AVENUE DE);;;;940
201500042349;15;1;14;1440;1;2;1;1;6;28;NC, MESLY.(RUE DE);;;;940
201500042350;15;1;21;1420;1;1;6;1;4;28;A86/CARREFOUR POMPADOUR;M;4877430;243879;940
201500042351;15;1;26;1940;5;2;1;2;6;11;NC, BOISSY.(AVENUE DE);;;;940
201500042352;15;1;27;2300;3;2;1;1;7;11;0, BOISSY.(AVENUE DE);;;;940
201500042353;15;1;29;1545;1;2;1;1;6;28;nc, POMPADOUR(ROUTE DE L;;;;940
201500042354;15;1;29;2050;5;2;1;2;1;28;51, TASSIGNY(AVE DU MARE;;;;940
201500042355;15;1;29;1340;1;2;1;2;1;11;nc, ROSTAND.(RUE JEAN);;;;940
201500042356;15;1;31;1845;5;2;1;1;3;11;0, CATALAS.(RUE JEAN);;;;940