num_acc;an;mois;jour;hrmn;lum;agg;int;atm;col;com;adr;gps;lat;long;dep
201500042668;15;6;2;1800;1;2;2;1;1;76;6/8, LOUIS ARAGON (AV);;;;940
201500042669;15;6;5;1725;1;2;1;1;3;76;49, MAXIME GORKI (BD);;;;940
201500042670;15;6;6;1530;1;2;1;1;3;43;79, FONTAINEBLEAU (AV DE;;;;940
201500042671;15;6;8;830;1;2;1;1;3;37;3, GALLIENI (AV);;;;940
201500042672;15;6;9;930;1;1;1;1;3;16;13, ARISTIDE BRIAND (AV);;;;940
201500042673;15;6;10;1230;1;2;1;1;3;76;92, MARCEL GROSMESNIL (R;;;;940
201500042674;15;6;10;1728;1;2;1;1;6;76;11-17, EPI D OR (AV DE L;;;;940
201500042675;15;6;11;1055;1;2;1;1;2;76;21, JEAN JAURES (R);;;;940
201500042676;15;6;12;1435;1;2;1;1;2;76;40, MAXIME GORKI (BD);;;;940
201500042677;15;6;15;2200;5;2;1;1;3;76;148, MAXIME GORKI (BD);;;;940
201500042678;15;6;16;2030;1;2;3;1;3;16;1, COUSIN DE MERICOURT (;;;;940
201500042679;15;6;17;1130;1;2;1;1;6;76;16, REPUBLIQUE (AV DE LA;;;;940
201500042680;15;6;18;1140;1;2;1;2;2;3;ARISTIDE BRIAND (AV);;;;940
201500042681;15;6;18;1645;1;2;2;1;6;76;PARIS (AV DE);;;;940
201500042682;15;6;18;1730;1;2;1;1;3;3;127, ARISTIDE BRIAND (AV;;;;940
201500042683;15;6;19;900;1;2;1;1;6;76;12, PAUL VAILLANT COUTUR;;;;940
201500042684;15;6;21;1515;1;2;1;1;3;43;27, FONTAINEBLEAU (AV DE;;;;940
201500042685;15;6;21;1715;1;2;1;1;6;76;26, REPUBLIQUE (AV DE LA;;;;940
201500042686;15;6;21;1900;1;2;1;1;3;76;22, KARL LIEBNECHT (SEN);;;;940
201500042687;15;6;22;1500;1;2;1;1;1;37;AVENUE (PREMIERE);;;;940
201500042688;15;6;23;1830;1;2;1;1;6;37;17, PAUL VAILLANT COUTUR;;;;940
201500042689;15;7;2;1525;1;2;1;1;2;43;44, GABRIEL PERI (R);;;;940
201500042690;15;7;3;1000;1;2;1;1;5;3;6, PRESIDENT SALVADOR AL;;;;940
201500042691;15;7;3;2235;5;2;1;1;7;43;74, FONTAINEBLEAU (AV DE;;;;940
201500042692;15;7;4;1605;1;2;2;1;3;76;163, MAXIME GORKI (BD);;;;940
201500042693;15;7;7;1120;1;2;1;1;5;76;118, MAXIME GORKI (R);;;;940
201500042694;15;7;17;1520;1;2;2;1;3;3;10-12, CONVENTION (AV DE;;;;940
201500042695;15;7;18;1850;1;2;1;1;2;76;55, LOUIS ARAGON (AV);;;;940
201500042696;15;7;18;2040;1;2;1;1;7;37;18, RAYMOND LEFEBVRE (R);;;;940
201500042697;15;7;22;1340;1;1;2;1;5;43;EUGENE THOMAS (AV);;;;940
201500042698;15;7;10;2050;1;2;3;1;3;76;24, REPUBLIQUE (AV DE LA;;;;940
201500042699;15;7;25;1425;1;2;2;1;3;16;79, LEON BLUM (AV);;;;940
201500042700;15;7;28;1752;1;2;1;8;1;76;11/13, CHASTENET DE GERY;;;;940
201500042701;15;7;29;1720;1;2;1;1;6;16;43, CARNOT (AV);;;;940
201500042702;15;8;1;820;1;2;3;1;3;76;50, REPUBLIQUE (AV DE LA;;;;940
201500042703;15;8;1;2000;1;2;1;1;6;16;02, VIGNES (R DES);;;;940
201500042704;15;8;5;1337;1;2;3;1;3;76;70, CHEVILLY (R DE);;;;940
201500042705;15;8;7;2250;5;2;1;1;3;76;2, JEAN BAPTISTE BAUDIN;;;;940
201500042706;15;8;11;1735;1;2;1;1;2;43;40, CHARLES GIDE (AV);;;;940
201500042707;15;8;12;345;5;2;1;1;7;16;2, CARNOT (AV);;;;940
201500042708;15;8;12;1600;1;2;1;1;4;76;70, PARIS (AV DE);;;;940
201500042709;15;8;18;1845;1;2;1;1;7;3;104, JEAN JAURES (AV);;;;940
201500042710;15;8;20;1230;1;2;2;2;6;43;56, CONVENTION (R DE LA);;;;940
201500042711;15;8;24;630;5;2;1;4;3;43;167, GABRIEL PERI (R);;;;940
201500042712;15;8;24;1430;1;2;1;1;7;76;23, PAUL VAILLANT COUTUR;;;;940
201500042713;15;8;26;1035;1;2;2;2;2;76;1, DANIEL FERY (R);;;;940
201500042714;15;8;30;1430;1;2;1;1;6;76;76, CONDORCET (R);;;;940
201500042715;15;8;31;145;5;2;2;1;3;3;1, ASPASIE JULES CARON (;;;;940
201500042716;15;8;31;1924;1;2;1;1;7;43;40, CHARLES GIDE (AV);;;;940
201500042717;15;9;5;1750;1;2;1;1;7;43;36, CONVENTION (R DE LA);;;;940
201500042718;15;9;8;1210;1;1;2;1;3;76;42, JEAN LURCAT (R);;;;940
201500042719;15;9;8;1500;1;2;1;1;3;76;PARIS (AV DE);;;;940
201500042720;15;9;9;1115;1;2;3;1;7;76;2, CHARDONS (AV DES);;;;940
201500042721;15;9;10;900;1;2;1;1;2;16;78, PRESIDENT WILSON (AV;;;;940
201500042722;15;9;10;1530;1;2;1;1;4;76;111, CHEVILLY (R DE);;;;940
201500042723;15;9;10;1930;1;2;3;1;7;76;4, AUGUSTE RENOIR (R);;;;940
201500042724;15;9;11;1155;1;2;1;1;7;76;61, VEROLLOT (R);;;;940
201500042725;15;9;12;1210;1;2;3;3;3;3;67, VLADIMIR ILLITCH LEN;;;;940
201500042726;15;9;12;1725;1;2;1;3;2;43;63, FONTAINEBLEAU (AV DE;;;;940
201500042727;15;9;14;25;5;2;1;1;2;76;185, MAXIME GORKI (BD);;;;940
201500042728;15;9;17;819;1;2;1;1;1;16;6, MARECHAL DE LATTRE DE;;;;940
201500042729;15;9;20;1600;1;2;1;1;3;76;19BIS, PARIS (AV DE);;;;940
201500042730;15;9;24;1114;1;1;3;1;3;76;126, STALINGRAD (AV DE);;;;940
201500042731;15;9;25;1910;1;2;3;1;7;37;141, PAUL VAILLANT COUTU;;;;940
201500042732;15;9;26;1615;1;2;1;1;6;43;19, FONTAINEBLEAU (AV DE;;;;940
201500042733;15;9;27;1900;2;2;3;1;7;76;18, DIVISION DU GENERAL;;;;940
201500042734;15;9;28;715;2;2;1;1;2;43;13, FONTAINEBLEAU (AV DE;;;;940
201500042735;15;9;29;1600;1;1;2;7;3;76;13, LOUIS ARAGON (AV);;;;940
201500042736;15;9;29;1540;1;2;9;1;7;76;141, PARIS (AV DE);;;;940
201500042737;15;10;5;2150;5;2;3;2;3;16;149, ARISTIDE BRIAND (AV;;;;940
201500042738;15;10;6;825;2;2;1;3;3;43;16, CHASTENET DE GERY (B;;;;940
201500042739;15;10;7;1016;1;2;9;1;7;76;17, PAUL VAILLANT COUTUR;;;;940
201500042740;15;10;7;1315;1;2;1;1;7;3;108, JEAN JAURES (AV);;;;940
201500042741;15;10;7;1245;1;2;1;1;7;3;10, PAUL DOUMER (ALL);;;;940
201500042742;15;10;8;1910;5;1;3;1;1;16;49, PAUL VAILLANT COUTUR;;;;940
201500042743;15;10;8;2050;4;2;3;1;6;43;1, VERDUN (R DE);;;;940
201500042744;15;10;9;1200;1;2;1;1;7;43;29, FONTAINEBLEAU (AV DE;;;;940
201500042745;15;10;12;1620;1;2;1;1;6;16;31, PRESIDENT WILSON (AV;;;;940
201500042746;15;10;13;1756;1;1;1;1;6;16;4, EUROPE (AV DE L);;;;940
201500042747;15;10;15;830;1;1;1;2;3;76;15, PARIS (AV DE);;;;940
201500042748;15;10;18;200;5;2;2;2;3;76;163, MAXIME GORKI (BD);;;;940
201500042749;15;10;18;1335;1;2;1;1;3;76;65, LOUIS ARAGON (AV);;;;940
201500042750;15;10;22;1415;1;2;1;2;6;76;50, PRESIDENT ALLENDE (A;;;;940
201500042751;15;10;23;1845;2;2;3;1;5;3;8, PAUL VAILLANT COUTURI;;;;940
201500042752;15;10;24;240;5;2;1;1;6;37;2, CHARLES FREROT (R);;;;940
201500042753;15;10;24;2320;5;1;2;8;1;76;79, LOUIS ARAGON (AV);;;;940
201500042754;15;10;26;1330;1;2;1;8;3;3;53, GABRIEL PERI (AV);;;;940
201500042755;15;10;27;1800;5;2;3;1;1;16;29, ARISTIDE BRIAND (AV);;;;940
201500042756;15;11;2;1921;5;2;1;1;7;76;25, SAINTE COLOMBE (R);;;;940
201500042757;15;11;3;1615;1;2;1;1;3;76;116, MAXIME GORKI (R);;;;940
201500042758;15;11;5;1145;1;2;2;1;3;43;19, CONVENTION (R DE LA);;;;940
201500042759;15;11;5;2025;5;2;1;1;3;76;159, PARIS (AV DE);;;;940
201500042760;15;11;8;610;2;2;2;1;3;76;49, REPUBLIQUE (AV DE LA;;;;940
201500042761;15;11;10;2135;5;2;1;1;1;3;1, GENERAL MALLERET JOIN;;;;940
201500042762;15;11;16;1400;1;2;2;1;2;3;COUTURIER/DELAUNE;;;;940
201500042763;15;11;19;1015;1;2;1;1;3;43;167, GABRIEL PERI (R);;;;940
201500042764;15;11;20;1930;5;2;1;2;3;76;60, STALINGRAD (AV DE);;;;940
201500042765;15;11;23;1810;5;2;1;1;3;76;48, LOUIS ARAGON (AV);;;;940
201500042766;15;11;24;1;5;2;1;1;6;3;36, LAPLACE (AV);;;;940
201500042767;15;11;25;1330;1;2;3;8;3;37;161, PAUL VAILLANT COUTU;;;;940
201500042768;15;11;27;1620;1;2;3;8;1;37;12, LAFOUGE (R);;;;940
201500042769;15;11;27;2130;3;2;1;2;3;76;1, REPUBLIQUE (AV DE LA);;;;940
201500042770;15;11;28;940;1;2;1;1;6;76;175, KARL MARX (AV);;;;940
201500042771;15;11;29;50;5;2;1;2;7;37;95, PAUL VAILLANT COUTUR;;;;940
201500042772;15;11;30;1140;1;2;1;2;6;76;1, JULES JOFFRIN (R);;;;940
201500042773;15;12;1;820;1;2;3;1;7;76;24, VERDUN (R DE);;;;940
201500042774;15;12;3;1825;5;2;3;1;7;16;1, CAMILLE DESMOULINS (R;;;;940
201500042775;15;12;4;1232;1;2;1;1;6;76;101, PAUL VAILLANT COUTU;;;;940
201500042776;15;12;4;1520;1;2;1;1;4;3;9, LAPLACE (AV);;;;940
201500042777;15;12;7;520;5;1;1;1;2;76;172, MAXIME GORKI (BD);;;;940
201500042778;15;12;7;1630;1;2;2;1;3;37;61, BENOIT MALON (R);;;;940
201500042779;15;12;7;1650;5;2;1;1;3;16;33, LEON BLUM (AV);;;;940
201500042780;15;12;8;2140;5;2;1;2;3;3;136, VACHE NOIRE (LA);;;;940
201500042781;15;12;9;1330;1;2;1;7;7;76;88, JEAN JAURES (R);;;;940
201500042782;15;12;10;1720;4;2;2;1;3;37;PAUL VAILLANT COUTURIER;;;;940
201500042783;15;12;10;1715;2;2;1;1;7;43;5, VERDUN (R DE);;;;940
201500042784;15;12;13;1400;1;2;1;1;3;76;20, VERDUN (R DE);;;;940
201500042785;15;12;15;730;5;2;1;1;6;3;85, PAUL VAILLANT COUTUR;;;;940
201500042786;15;12;17;1825;5;2;3;1;3;37;9, CHARLES FREROT (R);;;;940
201500042787;15;12;19;1215;1;1;1;1;3;43;123, FONTAINEBLEAU (AV D;;;;940
201500042788;15;12;23;1000;1;2;1;1;7;3;03, MARX DORMOY (AV);;;;940
201500042789;15;12;24;255;5;2;1;1;6;76;41, PARIS (AV DE);;;;940
201500042790;15;2;2;1655;1;2;3;1;6;76;3, FONTAINE (PAS DE LA);;;;940
201500042791;15;4;29;1645;1;2;3;1;3;3;1, GENERAL MALLERET JOIN;;;;940
201500042792;15;4;30;1010;1;2;1;2;2;43;25 BIS, EUGENE THOMAS (A;;;;940
201500042793;15;12;23;1855;5;1;1;1;7;76;1, DIVISION DU GENERAL L;;;;940
201500042794;15;1;2;1350;1;2;1;1;2;73;AV DE VERSAILLES;M;4875620;238709;940
201500042795;15;1;2;1610;1;2;1;8;6;38;., ALBERT WATEL (R);;;;940
201500042796;15;1;5;1055;1;2;5;1;3;65;TROIS MARCHES (Av des);;;;940
201500042797;15;1;5;1635;1;2;3;8;6;38;31, SAUSSAIES (VOI DES);;;;940
201500042798;15;1;6;750;2;2;1;2;3;21;., MONTPELLIERS (RUE DE);;;;940
201500042799;15;1;8;1100;1;2;2;8;1;38;LARROUMES (AV);;;;940
201500042800;15;1;8;1320;1;2;1;2;6;38;48, DIVISION LECLERC (AV;;;;940
201500042801;15;1;8;1930;5;2;1;1;3;73;LUXEMBOURG (AV DU);;;;940
201500042802;15;1;9;915;1;2;1;2;6;21;., STALINGRAD (AV DE);;;;940
201500042803;15;1;13;1300;1;2;1;2;6;73;38, HELENE MULLER (R);;;;940
201500042804;15;1;13;1455;1;2;3;2;7;38;LARROUMES (AV);;;;940
201500042805;15;1;14;645;5;2;2;2;3;73;., BAS MARIN (R DU);;;;940
201500042806;15;1;14;1250;1;1;1;3;6;38;., PAUL VAILLANT COUTURI;;;;940
201500042807;15;1;15;715;2;2;2;1;2;34;PASTEUR (BD);;;;940
201500042808;15;1;16;1230;1;2;1;1;3;38;124, PAUL VAILLANT COUTU;;;;940
201500042809;15;1;16;1900;3;2;1;1;2;73;BAS MARIN (R DU);;;;940
201500042810;15;1;21;1145;1;2;2;1;3;38;BICETRE (R DE);;;;940
201500042811;15;1;24;1648;1;2;2;1;1;73;rond point d'Espagne;;;;940
201500042812;15;1;27;2045;5;2;1;1;1;34;PAIX (AV DE LA);;;;940
201500042813;15;1;29;1830;4;2;4;2;6;34;ROGER SALENGRO (R);;;;940
201500042814;15;1;30;1800;3;2;1;8;2;65;RN 186;M;4875390;236543;940
201500042815;15;1;31;2130;5;1;1;2;6;73;RN 186;M;4875370;237607;940
201500042816;15;2;6;645;5;1;1;1;3;65;., CHARLES LINDBERGH (AV;;;;940
201500042817;15;2;6;1350;1;2;1;1;3;73;38, GENERAL DE GAULLE (A;;;;940
201500042818;15;2;6;1800;5;2;1;1;6;38;35, CHEVILLY (R DE);;;;940
201500042819;15;2;10;1115;1;2;2;1;2;73;12, BAS MARIN (R DU);;;;940
201500042820;15;2;10;1920;3;1;1;1;4;65;RN 186;M;4875380;235842;940
201500042821;15;2;12;800;1;2;1;1;7;21;., STALINGRAD (AV DE);;;;940
201500042822;15;2;12;1600;1;2;3;1;3;21;., RUE PAUL HOCHART;;;;940
201500042823;15;2;13;730;1;1;1;1;6;65;RN 186;M;4875330;236747;940
201500042824;15;2;13;1030;1;1;1;1;2;65;., RUE DE NORMANDIE;;;;940
201500042825;15;2;14;1120;1;2;1;2;1;38;122, HENRI BARBUSSE (AV);;;;940
201500042826;15;2;20;840;1;1;2;2;3;73;., LEON MARCHAND (AV);;;;940
201500042827;15;2;25;410;5;2;2;1;1;65;., TROIS MARCHES (AV) /;;;;940
201500042828;15;2;26;1850;5;2;3;2;3;65;., CHARLES LINDBERGH (AV;;;;940
201500042829;15;2;28;510;5;1;1;1;6;65;., PONT DES HALLES (R DU;;;;940
201500042830;15;3;3;820;1;2;1;1;7;38;., CHEVILLY (R DE);;;;940
201500042831;15;3;4;1100;1;2;1;1;6;38;DISPAN (R);;;;940
201500042832;15;3;4;1715;1;2;1;1;7;65;., BOULEVARD CIRCULAIRE;;;;940
201500042833;15;3;5;525;5;2;1;1;3;73;RN 186;M;4875400;237937;940
201500042834;15;3;7;1300;1;2;1;1;4;38;., FLOUQUET (AV);;;;940
201500042835;15;3;13;1930;5;2;1;1;6;65;., RUE DU VIADUC;;;;940
201500042836;15;3;14;1535;1;2;2;1;3;38;., PAUL VAILLANT COUTURI;;;;940
201500042837;15;3;18;1340;1;2;1;1;3;38;18, HUIT MAI 1945 (R DU);;;;940
201500042838;15;3;19;900;1;2;1;1;7;38;., HENRI BARBUSSE (AV);;;;940
201500042839;15;3;21;1820;2;2;1;1;6;65;., CHARLES LINDBERGH (AV;;;;940
201500042840;15;3;23;25;5;2;1;1;6;38;., LARROUMES (AV);;;;940
201500042841;15;3;24;2115;5;1;1;3;6;73;RN 186;M;4875370;237595;940
201500042842;15;3;26;830;1;2;9;1;3;73;17, ALOUETTES (R DES);;;;940
201500042843;15;3;26;1530;1;2;6;2;2;34;., STALINGRAD (AV DE);;;;940
201500042844;15;3;27;815;1;2;1;1;6;38;3, SAINTE COLOMBE (R);;;;940
201500042845;15;3;27;1405;1;2;1;1;2;73;FONTAINEBLEAU (AV DE);;;;940
201500042846;15;3;28;800;1;2;6;2;3;38;1, BELVEDERE (R DU);;;;940
201500042847;15;3;29;2100;5;2;1;2;4;38;CHEVILLY (R DE);;;;940
201500042848;15;3;30;1115;1;2;9;1;3;38;40, BICETRE (R DE);;;;940
201500042849;15;3;30;1130;1;2;1;1;6;21;, EDITH PIAF (R);;;;940
201500042850;15;4;5;1100;1;2;1;1;1;73;02, HELENE MULLER (R);;;;940
201500042851;15;4;6;1355;1;2;1;1;7;73;., ALOUETTES (R DES);;;;940
201500042852;15;4;10;1130;1;2;1;1;6;65;CHATEAU (R DU);;;;940
201500042853;15;4;11;1630;1;1;1;1;6;73;boulevard de l'europe;;;;940
201500042854;15;4;13;1800;1;2;1;1;6;73;7, JEAN JAURES (R);;;;940
201500042855;15;4;20;730;1;2;2;1;3;21;., DES MARAICHERS (AVENU;;;;940
201500042856;15;4;20;1615;1;2;1;1;3;73;., ALOUETTES (R DES);;;;940
201500042857;15;4;20;1810;1;2;3;1;7;73;., VICTOR BASCH (R);;;;940
201500042858;15;4;25;2020;2;2;1;2;6;21;09, PICARDIE (R DE);;;;940
201500042859;15;4;26;750;1;2;6;9;6;73;., GENERAL DE GAULLE (AV;;;;940
201500042860;15;4;28;800;1;2;9;7;3;34;., PAIX (AV DE LA);;;;940
201500042861;15;5;3;1415;1;2;1;2;6;73;VERSAILLES (AV DE);;;;940
201500042862;15;5;5;1750;1;2;1;1;6;34;37, REPUBLIQUE (AV DE LA;;;;940
201500042863;15;5;12;2310;5;2;1;1;2;73;GABRIEL PERI (R);;;;940
201500042864;15;5;13;1700;1;2;1;1;3;65;CHARLES LINDBERGH (AV);;;;940
201500042865;15;5;15;2005;2;2;2;1;3;73;LEON MARCHAND (AV);;;;940
201500042866;15;5;19;450;5;2;3;1;7;65;., CHARENTES (AVENUE DES;;;;940
201500042867;15;5;22;750;1;2;3;9;6;73;., GENERAL DE GAULLE (AV;;;;940
201500042868;15;5;22;1814;1;1;8;1;6;38;., PAUL HOCHART (R);;;;940
201500042869;15;5;25;1730;1;2;1;1;7;73;., FONTAINEBLEAU (AV DE);;;;940
201500042870;15;5;27;1755;1;2;1;1;6;73;., GENERAL DE GAULLE (AV;;;;940
201500042871;15;5;29;1755;1;2;3;1;3;73;., HENRI DUNANT (R);;;;940
201500042872;15;5;29;2000;1;2;1;1;2;73;., VERSAILLES (AV DE);;;;940
201500042873;15;5;30;1857;1;2;2;1;2;38;2, HENRI BARBUSSE (AV);;;;940
201500042874;15;6;1;2230;3;2;3;1;6;38;FLOUQUET (AV);;;;940
201500042875;15;6;1;2345;5;2;2;1;2;65;angle, CHARLES LINDBERGH;;;;940
201500042876;15;6;3;1605;1;2;6;1;5;21;., GENERAL DE GAULLE (AV;;;;940
201500042877;15;6;5;1600;1;2;1;1;2;34;STALINGRAD (AV DE);;;;940
201500042878;15;6;5;1610;1;2;1;1;3;73;LUXEMBOURG (AV DU);;;;940
201500042879;15;6;11;1555;1;2;9;1;3;21;45, FRANKLIN ROOSEVELT (;;;;940
201500042880;15;6;11;2120;2;2;9;1;3;73;LUXEMBOURG (AV DU);;;;940
201500042881;15;6;12;825;1;2;1;1;3;21;PETIT LEROY (R DU);;;;940
201500042882;15;6;12;1600;1;2;4;1;2;21;PERE MAZURIE (R DU);;;;940
201500042883;15;6;12;1815;1;2;1;1;3;21;125, JEAN MERMOZ (BD);;;;940
201500042884;15;6;15;2220;5;2;2;1;3;38;PAUL VAILLANT COUTURIER;;;;940
201500042885;15;6;15;2255;5;2;9;1;2;21;CITE (AV DE LA);;;;940
201500042886;15;6;16;800;1;2;6;1;3;65;HALLIERS/LINDBERGH;M;4875310;234984;940
201500042887;15;6;18;1140;1;2;1;8;3;65;., CHARLES LINDBERGH (AV;;;;940
201500042888;15;6;1;1135;1;2;1;1;6;73;193, STALINGRAD (BD DE);;;;940
201500042889;15;6;22;1705;1;2;1;2;6;38;124, PAUL VAILLANT COUTU;;;;940
201500042890;15;6;25;830;1;2;1;1;4;21;FRANKLIN ROOSEVELT (AV);;;;940
201500042891;15;6;25;1750;1;2;1;1;4;73;7, ALOUETTES (R DES);;;;940
201500042892;15;6;26;800;1;2;1;1;4;34;02, PIERRE CURIE (PL);;;;940
201500042893;15;6;26;915;1;2;1;1;3;21;., 11 novembre 1918 (Rue;;;;940
201500042894;15;6;26;1805;1;1;1;1;5;65;RN 186;M;4875380;236165;940
201500042895;15;6;27;2230;5;2;2;1;7;21;BEARN (R DU);;;;940
201500042896;15;6;28;545;2;2;9;1;6;73;FONTAINEBLEAU (AV DE);;;;940
201500042897;15;6;28;1225;1;2;1;1;4;73;FONTAINEBLEAU (AV DE);;;;940
201500042898;15;7;5;1100;1;2;1;1;4;65;., CIRCULAIRE (boulevard;;;;940
201500042899;15;7;10;1805;1;2;1;1;6;73;22, FREDERIC MISTRAL PRO;;;;940
201500042900;15;7;15;830;1;2;4;1;6;38;4, SAINTE COLOMBE (R);;;;940
201500042901;15;7;19;1925;1;1;1;1;2;73;., FONTAINEBLEAU (AV DE);;;;940
201500042902;15;7;19;2010;1;2;1;1;6;21;., BEARN (R DU);;;;940
201500042903;15;7;20;1100;1;2;2;1;3;73;PARKING CCR BELLE EPINE;;;;940
201500042904;15;7;23;1445;1;2;9;1;3;21;5 ter, GENERAL DE GAULLE;;;;940
201500042905;15;7;23;2130;2;2;1;1;6;38;112, HENRI BARBUSSE (AV);;;;940
201500042906;15;7;24;935;1;2;1;1;4;65;AV CHARLES LINDBERGH;;;;940
201500042907;15;7;26;1750;1;2;1;2;7;38;., PAUL VAILLANT COUTURI;;;;940
201500042908;15;7;31;1240;1;2;1;1;3;38;107, PAUL VAILLANT COUTU;;;;940
201500042909;15;7;31;1700;1;2;2;1;3;38;HENRI THIRARD (R);;;;940
201500042910;15;8;2;5;5;1;1;1;2;73;., FONTAINEBLEAU - CAR B;;;;940
201500042911;15;8;13;1855;1;2;3;3;3;73;., VERSAILLES (AV DE);;;;940
201500042912;15;8;17;1130;1;2;3;1;3;21;., GEORGES GUYNEMER (AV);;;;940
201500042913;15;8;19;2155;2;2;2;1;3;38;PAUL VAILLANT COUTURIER;;;;940
201500042914;15;8;21;1040;1;2;9;1;2;38;., LARROUMES (AV);;;;940
201500042915;15;8;21;2125;5;1;1;1;6;65;5, LONGJUMEAU (R DE);;;;940
201500042916;15;8;23;1755;1;1;4;1;3;73;., Boulevard du Nord;;;;940
201500042917;15;8;23;1830;1;1;1;1;6;34;., ABREUVOIR (R DE L);;;;940
201500042918;15;8;26;755;1;2;2;1;3;73;., FONTAINEBLEAU (AV DE);;;;940
201500042919;15;8;26;840;1;2;1;1;7;65;., TRAVERSIERE (R);;;;940
201500042920;15;8;26;2150;5;1;1;2;3;21;., STALINGRAD (AV DE);;;;940
201500042921;15;8;27;920;1;2;3;2;6;65;PIROUETTE (R DE LA);;;;940
201500042922;15;8;28;1200;1;2;1;1;7;65;ALPES (R DES);;;;940
201500042923;15;8;28;1300;1;1;1;1;1;73;12, BAS MARIN (R DU);;;;940
201500042924;15;9;2;915;1;2;1;1;4;73;RN 186;M;4875390;237262;940
201500042925;15;9;3;1854;1;2;1;1;6;38;150, CHEVILLY (R DE);;;;940
201500042926;15;9;4;1540;1;2;3;1;2;38;., CHEVILLY (R DE);;;;940
201500042927;15;9;7;1330;1;2;1;1;6;73;126, MARECHAL DE LATTRE;;;;940
201500042928;15;9;9;110;5;1;1;1;2;73;., FONTAINEBLEAU (AV DE);;;;940
201500042929;15;9;9;1735;1;2;1;1;6;21;64, RUE PAUL HOCHART;;;;940
201500042930;15;9;9;1845;1;2;1;1;6;21;2, BRETAGNE (R DE);;;;940
201500042931;15;9;10;1205;1;2;6;1;3;38;., GABRIEL PERI (R);;;;940
201500042932;15;9;10;1455;1;2;1;1;3;73;., ALOUETTES (R DES);;;;940
201500042933;15;9;10;1830;1;2;1;1;6;73;88, GENERAL DE GAULLE (A;;;;940
201500042934;15;9;14;1345;1;1;3;1;3;65;., ARCUEIL (R D);;;;940
201500042935;15;9;14;1350;1;2;1;1;3;21;GENERAL DE GAULLE (AV DU;;;;940
201500042936;15;9;16;1445;1;1;1;2;3;65;RN 186;M;4875370;235975;940
201500042937;15;9;16;1600;1;2;2;1;2;38;PAUL VAILLANT COUTURIER;;;;940
201500042938;15;9;19;1300;1;2;1;1;2;21;., PERE MAZURIE (R DU);;;;940
201500042939;15;9;19;1555;1;2;1;1;6;34;., LIBERTE (AV DE LA);;;;940
201500042940;15;9;24;835;1;2;1;1;6;38;., BICETRE (R DE);;;;940
201500042941;15;9;26;730;1;2;2;1;3;73;., VERSAILLES (AV DE);;;;940
201500042942;15;9;30;505;5;2;1;1;7;73;38, PRESIDENT ROOSEVELT;;;;940
201500042943;15;10;3;2150;5;2;1;1;6;73;., Boulevard du Nord;;;;940
201500042944;15;10;5;1740;2;2;1;3;6;38;., FRESNES (R DE);;;;940
201500042945;15;10;6;1630;1;2;1;2;3;21;, FRANKLIN ROOSEVELT (AV;;;;940
201500042946;15;10;13;1640;1;2;1;1;2;73;2-18, HELENE MULLER (R);;;;940
201500042947;15;10;15;2015;5;2;3;2;5;73;., REPUBLIQUE (AV DE LA);;;;940
201500042948;15;10;16;1650;1;2;1;8;6;34;14, HENRI BARBUSSE (R);;;;940
201500042949;15;10;20;1820;2;2;1;8;1;65;., GLACIERES (R DES);;;;940
201500042950;15;10;26;1515;1;2;1;1;7;73;., ONZE NOVEMBRE (R DU);;;;940
201500042951;15;10;26;1820;5;2;1;1;6;34;54, DIVISION LECLERC - C;;;;940
201500042952;15;10;31;1720;5;2;2;1;3;73;MARCEL BIERRY (R);;;;940
201500042953;15;11;1;535;5;2;1;1;6;73;., GEORGES HALGOULT (R);;;;940
201500042954;15;11;2;1410;1;2;1;1;3;65;., CHARLES LINDBERGH (AV;;;;940
201500042955;15;11;2;2130;4;1;1;1;2;65;RN186 BRET ORLY/CRETEIL;M;4875330;236745;940
201500042956;15;11;3;830;1;2;1;2;2;73;., VERSAILLES (AV DE);;;;940
201500042957;15;11;5;1235;1;2;1;1;7;38;157, FLOUQUET (AV);;;;940
201500042958;15;11;7;1530;1;2;1;1;2;73;7, ALOUETTES (R DES);;;;940
201500042959;15;11;7;1800;5;2;2;1;6;38;., HENRI THIRARD (R);;;;940
201500042960;15;11;9;2050;5;2;1;1;7;73;., LUXEMBOURG (AV DU);;;;940
201500042961;15;11;13;1300;1;2;1;2;2;73;9, R GUSTAVE LEVEILLE;;;;940
201500042962;15;11;18;435;5;2;1;1;6;34;38, BD PASTEUR;;;;940
201500042963;15;11;19;1700;5;1;1;2;6;65;RN 186 B;M;4875380;235679;940
201500042964;15;11;19;1910;5;2;1;2;6;73;R GUY MOQUET;;;;940
201500042965;15;11;20;2205;5;2;3;8;1;73;JAURES/CEZANNE;;;;940
201500042966;15;11;27;1930;5;2;6;2;6;34;DIV LECLERC/STALINGRAD;;;;940
201500042967;15;11;29;10;5;2;2;2;6;73;., VERSAILLES (AV DE);;;;940
201500042968;15;11;29;50;5;2;2;1;3;73;PARKING CCR BELLE EPINE;;;;940
201500042969;15;11;30;1640;1;2;1;1;6;34;ALL DE L'OSERAIE;;;;940
201500042970;15;12;2;1500;1;2;1;1;3;73;., BAS MARIN (R DU);;;;940
201500042971;15;12;3;1240;1;2;1;1;3;21;368, AV DE STALINGRAD;;;;940
201500042972;15;12;4;1215;1;2;4;1;3;73;MARCHAND/BEL AIR;;;;940
201500042973;15;12;5;1000;1;2;1;1;6;21;., PROVENCE (R DE);;;;940
201500042974;15;12;5;1600;2;2;1;1;4;73;., LUXEMBOURG (AV DU);;;;940
201500042975;15;12;7;1215;1;2;1;1;3;73;., REPUBLIQUE (AV DE LA);;;;940
201500042976;15;12;12;1854;5;2;1;1;6;73;., LUXEMBOURG (AV DU);;;;940
201500042977;15;12;15;1830;5;2;3;3;3;21;., RUE PAUL HOCHART;;;;940
201500042978;15;12;19;255;5;2;1;1;3;73;59, STALINGRAD (BD DE);;;;940
201500042979;15;12;23;848;1;2;1;1;6;65;37, NOTRE DAME (R);;;;940
201500042980;15;12;25;500;5;2;1;2;7;73;RN 186;M;4875370;237604;940