num_acc;an;mois;jour;hrmn;lum;agg;int;atm;col;com;adr;gps;lat;long;dep
201500042981;15;12;25;2005;5;2;1;1;7;34;08, WISSOUS (R DE);;;;940
201500042982;15;1;1;2035;5;2;1;1;6;41;23, BARBES (R);;;;940
201500042983;15;7;30;2200;5;2;1;1;7;41;70, GEORGES GOSNAT (AV);;;;940
201500042984;15;1;5;910;2;2;3;5;3;41;0, VERDUN (AV DE);;;;940
201500042985;15;7;10;100;5;2;1;1;1;41;42, REPUBLIQUE (AV DE LA;;;;940
201500042986;15;1;11;1615;1;2;1;1;7;41;STALINGRAD (BD DE);;;;940
201500042987;15;4;20;1705;1;2;1;1;6;41;69, MOLIERE (R);;;;940
201500042988;15;8;10;340;5;2;1;1;6;41;20, R LOUIS BERTRAND;;;;940
201500042989;15;4;30;2305;5;2;1;2;2;41;03, AMEDEE HUON (R);;;;940
201500042990;15;5;1;1600;1;2;1;2;6;41;36, VERDUN (AV DE);;;;940
201500042991;15;8;11;1041;1;2;1;1;6;41;74, VERDUN (AV DE);;;;940
201500042992;15;1;20;900;1;2;1;1;6;41;VICTOR HUGO (R);;;;940
201500042993;15;1;20;1620;1;2;1;8;6;41;23, SAINT JUST (R);;;;940
201500042994;15;8;25;1855;1;2;1;1;6;41;34, HENRI BARBUSSE (AV);;;;940
201500042995;15;8;25;2145;3;2;2;2;3;41;COMPAGNON/MANDELA;;;;940
201500042996;15;8;27;2220;5;2;9;1;6;41;, COLONEL FABIEN - PONT;;;;940
201500042997;15;9;16;2110;5;2;9;1;5;41;2, HENRI BARBUSSE (AV);;;;940
201500042998;15;8;28;1800;1;2;9;1;6;41;GEORGES GOSNAT (AV);;;;940
201500042999;15;8;31;1410;1;2;1;1;3;41;42, PIERRE ET MARIE CURI;;;;940
201500043000;15;9;1;1138;1;2;1;1;6;41;44, VERDUN (AV DE);;;;940
201500043001;15;11;29;1920;5;2;3;1;5;41;49, MAURICE GUNSBOURG (R;;;;940
201500043002;15;9;2;2045;5;2;9;1;6;41;72, VERDUN (AV DE);;;;940
201500043003;15;12;15;1920;5;2;1;3;6;41;2, MARAT;;;;940
201500043004;15;2;5;1215;1;2;1;1;6;41;86, MOLIERE (R);;;;940
201500043005;15;2;5;2110;4;2;3;1;3;41;132, DANIELLE CASANOVA (;;;;940
201500043006;15;9;8;2230;5;2;1;1;6;41;32, MARCEL BOYER (QU);;;;940
201500043007;15;2;9;1350;1;2;1;1;3;41;25, BAUDIN (R);;;;940
201500043008;15;2;9;1440;1;2;1;8;6;41;35, WESTERMEYER (R);;;;940
201500043009;15;2;10;1305;1;2;2;8;3;41;, GEORGES GOSNAT (AV);;;;940
201500043010;15;2;11;1825;5;2;1;1;6;41;83, GEORGES GOSNAT (AV);;;;940
201500043011;15;2;13;1705;1;2;1;2;6;41;3, REPUBLIQUE (AV DE LA);;;;940
201500043012;15;2;14;1250;1;2;2;2;3;41;74, PIERRE SEMARD (AV);;;;940
201500043013;15;9;19;155;5;2;9;9;7;41;JEAN-BAPTISTE RENOULT (R;;;;940
201500043014;15;2;18;125;5;2;1;1;3;41;02, MARCEL BOYER (QU);;;;940
201500043015;15;9;21;1310;1;2;3;1;3;41;JEAN JAURES (AV);;;;940
201500043016;15;9;21;1610;1;2;1;1;6;41;39, MARAT (R);;;;940
201500043017;15;9;24;800;1;2;1;1;6;41;20, MAURICE THOREZ (AV);;;;940
201500043018;15;9;24;1910;1;2;1;1;6;41;61, LOUIS BERTRAND (R);;;;940
201500043019;15;9;27;1440;1;2;1;1;6;41;45, MAURICE COUTANT (R);;;;940
201500043020;15;10;1;1010;1;2;1;1;6;41;07, BARBES (R);;;;940
201500043021;15;5;21;735;1;2;1;1;3;41;113, AV DE VERDUN;M;4881100;237186;940
201500043022;15;3;3;1840;2;2;1;2;2;41;11, GAGNEE (R);;;;940
201500043023;15;3;4;915;1;2;1;1;6;41;70, GEORGES GOSNAT (AV);;;;940
201500043024;15;10;12;2010;5;2;2;1;1;41;1, VICTOR HUGO (R);;;;940
201500043025;15;6;10;1135;1;2;1;1;6;41;AV DE VERDUN;M;4880880;237371;940
201500043026;15;10;15;2040;5;2;1;2;6;41;03, MARCEL CACHIN (PL);;;;940
201500043027;15;9;26;2200;5;2;1;1;2;41;COLONEL FABIEN - PONT D';;;;940
201500043028;15;3;17;855;1;2;2;1;6;41;, GENERAL LECLERC (AV DU;;;;940
201500043029;15;3;17;1815;1;2;1;1;6;41;06-08, REPUBLIQUE (AV DE;;;;940
201500043030;15;10;25;1834;5;2;1;1;6;41;107, VICTOR HUGO (R);;;;940
201500043031;15;3;22;115;5;2;2;1;3;41;19, AMEDEE HUON (R);;;;940
201500043032;15;3;24;1955;5;2;1;2;1;41;, GASTON MONMOUSSEAU (R);;;;940
201500043033;15;10;30;830;1;2;1;1;3;41;70, GEORGES GOSNAT (AV);;;;940
201500043034;15;11;1;25;5;2;2;1;3;41;CASANOVA/LEDRU ROLLIN;;;;940
201500043035;15;11;1;1350;1;2;9;1;6;41;3, GARE (R DE LA);;;;940
201500043036;15;3;27;2250;5;2;3;1;1;41;42, REPUBLIQUE (AV DE LA;;;;940
201500043037;15;3;29;730;2;2;9;2;2;41;, MARCEL BOYER (QU);;;;940
201500043038;15;11;4;1345;1;2;3;1;6;41;7, LOUIS BERTRAND (R);;;;940
201500043039;15;11;9;1640;1;2;2;1;3;41;GEORGES GOSNAT (AV);;;;940
201500043040;15;11;13;2300;5;2;1;1;1;41;02, GASTON CORNAVIN (R);;;;940
201500043041;15;4;9;915;1;2;1;1;6;41;, VERDUN (AV DE);;;;940
201500043042;15;8;15;2100;1;2;1;1;3;41;, GEORGES GOSNAT (AV);;;;940
201500043043;15;8;6;2015;1;2;1;1;1;41;GEORGES GOSNAT (AV);;;;940
201500043044;15;4;11;2225;3;2;1;1;3;41;VICTOR HUGO (R);;;;940
201500043045;15;11;21;1100;1;2;1;1;6;41;96, GEORGES GOSNAT (AV);;;;940
201500043046;15;4;14;1245;1;2;1;1;6;41;94, VERDUN (AV DE);;;;940
201500043047;15;4;14;1720;1;2;1;1;6;41;31/33, JULES VANZUPPE (R;;;;940
201500043048;15;4;15;600;2;2;1;1;7;41;142, JEAN JAURES (AV);;;;940
201500043049;15;4;17;1515;1;2;1;1;6;41;19, GAGNEE (R);;;;940
201500043050;15;4;19;2020;2;2;1;1;3;41;face au 77, VERDUN (AV D;;;;940
201500043051;15;11;28;1145;1;2;3;1;1;41;2, GASTON MONMOUSSEAU (R;;;;940
201500043052;15;11;30;1615;2;2;1;1;6;41;55, LENINE (R);;;;940
201500043053;15;4;23;2100;5;2;3;1;1;41;70, GEORGES GOSNAT (AV);;;;940
201500043054;15;12;10;1200;1;2;2;8;7;41;ALBERT EINSTEIN (R);;;;940
201500043055;15;12;10;1920;5;2;1;1;6;41;38, MAURICE THOREZ (AV);;;;940
201500043056;15;5;3;1645;1;2;1;1;6;41;166, MARCEL HARTMANN (R);;;;940
201500043057;15;5;3;1745;1;2;1;1;2;41;134, DANIELLE CASANOVA (;;;;940
201500043058;15;12;12;2055;5;2;1;1;6;41;32, MARCEL BOYER (QU);;;;940
201500043059;15;5;4;1920;1;2;1;2;6;41;138, DANIELLE CASANOVA (;;;;940
201500043060;15;10;16;2350;5;2;9;1;5;41;83-85, GEORGES GOSNAT (A;;;;940
201500043061;15;5;7;1230;1;2;2;1;3;41;40, PAUL VAILLANT COUTUR;;;;940
201500043062;15;12;18;1530;1;2;1;2;6;41;108, DANIELLE CASANOVA (;;;;940
201500043063;15;12;19;50;5;2;3;1;3;41;01, LENINE (R);;;;940
201500043064;15;12;19;935;1;2;1;1;6;41;177, STALINGRAD (BD DE);;;;940
201500043065;15;5;14;1430;1;2;2;1;2;41;N16, PENICHES (R DES);;;;940
201500043066;15;12;28;1810;5;2;1;1;2;41;21, COLONEL FABIEN (BD D;;;;940
201500043067;15;5;18;2115;2;2;1;2;2;41;81, GEORGES GOSNAT (AV);;;;940
201500043068;15;6;1;2015;1;2;1;1;1;41;FRANCOIS MITTERAND;;;;940
201500043069;15;6;6;1530;1;2;1;1;6;41;61, LENINE (R);;;;940
201500043070;15;6;18;1710;1;2;6;1;3;41;128, PAUL VAILLANT COUTU;;;;940
201500043071;15;6;19;1325;1;2;1;1;3;41;15, WESTERMEYER (R);;;;940
201500043072;15;6;23;855;1;2;2;1;6;41;34, VERDUN (AV DE);;;;940
201500043073;15;6;26;2330;3;2;3;1;1;41;REPUBLIQUE (AV DE LA);;;;940
201500043074;15;7;1;1510;1;2;3;1;6;41;2, GENERAL LECLERC (AV D;;;;940
201500043075;15;7;2;1230;1;2;1;1;6;41;12, MAURICE THOREZ (AV);;;;940
201500043076;15;7;8;1320;1;2;1;1;6;41;46, RASPAIL (R);;;;940
201500043077;15;7;10;1427;1;2;1;1;6;41;11, TRUILLOT (R);;;;940
201500043078;15;7;10;2045;1;2;1;1;6;41;102, VICTOR HUGO (R);;;;940
201500043079;15;7;16;2010;1;2;1;1;6;41;83, GEORGES GOSNAT (AV);;;;940
201500043080;15;7;17;1550;1;2;1;1;6;41;62, MAURICE GUNSBOURG (R;;;;940
201500043081;15;7;21;1736;1;2;1;1;6;41;70, GEORGES GOSNAT (AV);;;;940
201500043082;15;7;24;1125;1;2;1;1;6;41;31, LENINE (R);;;;940
201500043083;15;4;9;1645;1;2;1;1;3;46;7 quater, GENERAL DE GAU;;;;940
201500043084;15;1;22;550;5;2;1;1;3;46;158, JEAN JAURES (R);;;;940
201500043085;15;7;18;1825;1;2;1;1;2;46;31, PROFESSEUR CADIOT (A;;;;940
201500043086;15;2;11;1330;1;2;1;1;6;46;70, REPUBLIQUE (AV DE LA;;;;940
201500043087;15;9;15;1645;1;2;1;1;6;46;05, REPUBLIQUE (AV DE LA;;;;940
201500043088;15;7;22;2200;5;2;2;1;3;46;., GAMBETTA (AV);;;;940
201500043089;15;2;13;1915;5;2;1;3;6;46;36, GENERAL LECLERC (AV;;;;940
201500043090;15;2;13;1650;1;2;1;2;3;46;172, JEAN JAURES (R);;;;940
201500043091;15;2;21;425;5;2;1;1;6;46;28, EUGENE SUE (R);;;;940
201500043092;15;2;24;1300;1;2;1;2;2;46;., GENERAL LECLERC (AV D;;;;940
201500043093;15;9;16;1215;1;2;1;2;3;46;300, JEAN JAURES (R);;;;940
201500043094;15;3;7;1250;1;2;1;1;6;46;23, VICTOR HUGO (R);;;;940
201500043095;15;1;30;1750;5;2;1;9;6;46;., GENERAL DE GAULLE (AV;;;;940
201500043096;15;3;12;935;1;2;3;1;3;46;286, JEAN JAURES (R);;;;940
201500043097;15;4;15;840;1;2;1;1;3;46;01, GENERAL DE GAULLE (A;;;;940
201500043098;15;9;17;1025;1;2;1;1;6;46;211, GENERAL LECLERC (AV;;;;940
201500043099;15;9;19;340;5;2;1;1;2;46;08, EUGENE RENAULT (R);;;;940
201500043100;15;4;8;1935;1;2;1;1;3;46;95, GEORGES CLEMENCEAU (;;;;940
201500043101;15;11;12;1140;1;2;3;1;3;46;LECLERC/RENAN;;;;940
201500043102;15;4;22;1935;1;2;3;1;6;46;JEAN JAURES (R);;;;940
201500043103;15;5;11;1405;1;2;1;1;4;46;233, GENERAL LECLERC (AV;;;;940
201500043104;15;5;16;720;2;2;1;1;6;46;1, GENERAL DE GAULLE (AV;;;;940
201500043105;15;5;29;1640;1;2;1;8;3;46;158, JEAN JAURES (R);;;;940
201500043106;15;1;15;1610;1;2;1;8;6;46;56, GENERAL DE GAULLE (A;;;;940
201500043107;15;3;5;830;1;2;2;1;6;46;., JEAN JAURES (R);;;;940
201500043108;15;9;24;1730;1;2;1;1;3;46;149, REPUBLIQUE (AV DE L;;;;940
201500043109;15;4;22;1420;1;2;1;1;3;46;., GENERAL DE GAULLE (AV;;;;940
201500043110;15;6;27;1540;1;2;1;1;3;46;FERNET (CITE);;;;940
201500043111;15;1;16;1610;1;2;1;1;6;46;EUGENE RENAULT (R);;;;940
201500043112;15;1;17;1100;1;2;1;1;6;46;245, REPUBLIQUE (AV DE L;;;;940
201500043113;15;1;19;1935;5;2;1;1;6;46;., REPUBLIQUE (AV DE LA);;;;940
201500043114;15;4;25;2345;5;2;1;1;6;46;174, REPUBLIQUE (AV DE L;;;;940
201500043115;15;8;4;615;5;2;2;9;5;46;REPUBLIQUE/LYON;;;;940
201500043116;15;8;15;1425;1;2;1;1;3;46;50, GENERAL LECLERC (AV;;;;940
201500043117;15;11;20;1410;1;2;1;2;6;46;16, MESLY (R DE);;;;940
201500043118;15;3;6;1425;1;2;1;1;3;46;96/98, VICTOR HUGO (R);;;;940
201500043119;15;9;17;1045;1;2;1;1;3;46;7, GENERAL DE GAULLE (AV;;;;940
201500043120;15;1;22;55;5;2;3;1;3;46;., GENERAL LECLERC (AV D;;;;940
201500043121;15;1;8;1600;1;2;1;8;2;46;117, JEAN JAURES (R);;;;940
201500043122;15;10;3;640;3;2;1;1;6;46;162, JEAN JAURES (R);;;;940
201500043123;15;10;5;1540;1;2;1;2;6;46;111, ROGER FRANCOIS (R);;;;940
201500043124;15;11;25;1845;5;2;1;2;2;46;., BUSTEAU (AV);;;;940
201500043125;15;11;24;1940;5;2;1;1;2;46;180, JEAN JAURES (R);;;;940
201500043126;15;5;3;310;5;2;1;1;2;46;, EUGENE RENAULT (R);;;;940
201500043127;15;11;2;1310;1;2;1;1;3;46;07, GENERAL DE GAULLE (A;;;;940
201500043128;15;11;1;335;5;2;2;1;3;46;., FERNET (R);;;;940
201500043129;15;12;4;750;1;2;1;1;6;46;., MARC SANGNIER (R);;;;940
201500043130;15;12;17;1500;1;2;1;1;2;46;5, GENERAL LECLERC (AV D;;;;940
201500043131;15;10;9;800;1;2;1;1;7;46;18, GENERAL LECLERC (AV;;;;940
201500043132;15;10;9;725;2;2;3;1;6;46;137, JEAN JAURES (R);;;;940
201500043133;15;5;9;1450;1;2;2;1;5;46;., GAMBETTA (AV);;;;940
201500043134;15;3;6;1630;1;2;3;1;3;46;GENERAL LECLERC (AV DU);;;;940
201500043135;15;7;2;915;1;2;1;1;7;46;1, JOFFRE (AV);;;;940
201500043136;15;8;28;50;5;2;2;2;3;46;VINCENNES (R DE);;;;940
201500043137;15;12;14;2030;5;2;1;1;3;46;14, LEON BLUM (AV);;;;940
201500043138;15;9;3;2230;5;2;1;1;3;46;., GENERAL LECLERC (AV D;;;;940
201500043139;15;7;10;1110;1;2;1;1;2;46;71, GEORGES CLEMENCEAU (;;;;940
201500043140;15;7;12;825;1;2;1;1;2;46;18, GENERAL LECLERC (AV;;;;940
201500043141;15;7;11;2140;2;2;2;1;3;46;., GAMBETTA (AV);;;;940
201500043142;15;4;1;1240;1;2;1;1;3;46;33, PROFESSEUR CADIOT (A;;;;940
201500043143;15;4;4;1300;1;2;1;2;6;46;34, GENERAL DE GAULLE (A;;;;940
201500043144;15;5;31;2300;5;2;1;2;3;46;., GENERAL LECLERC - CAR;;;;940
201500043145;15;6;1;2255;5;2;1;1;3;46;141, REPUBLIQUE (AV DE L;;;;940
201500043146;15;6;3;1750;1;2;1;1;6;46;243, GENERAL LECLERC (AV;;;;940
201500043147;15;6;6;2040;1;2;3;1;2;46;., MARC SANGNIER (R);;;;940
201500043148;15;6;5;1125;1;2;1;1;6;46;137, JEAN JAURES (R);;;;940
201500043149;15;6;6;1240;1;2;1;1;3;46;21, EUGENE RENAULT (R);;;;940
201500043150;15;6;14;105;3;2;1;1;7;46;10, VALENTON (R DE);;;;940
201500043151;15;6;13;500;2;2;3;1;3;46;., GENERAL LECLERC (AV D;;;;940
201500043152;15;6;25;920;1;2;1;1;6;46;50, GENERAL DE GAULLE (A;;;;940
201500043153;15;6;30;1315;1;2;9;1;7;46;87, GAMBETTA (AV);;;;940
201500043154;15;1;2;1511;1;2;1;1;6;42;MARNE (QU DE);;;;940
201500043155;15;1;3;1330;1;1;1;2;2;52;HOCHE (R);;;;940
201500043156;15;1;14;1250;1;2;2;2;6;58;120 BROSSOLETTE/LECOCQ;;;;940
201500043157;15;1;10;1030;1;2;3;1;3;52;54, CHARLES DE GAULLE (G;;;;940
201500043158;15;7;2;1730;1;2;1;1;3;58;89, PIERRE BROSSOLETTE (;;;;940
201500043159;15;7;2;1905;1;2;1;1;3;58;ONZE NOVEMBRE (AV DU);;;;940
201500043160;15;7;6;600;1;2;1;1;4;42;JEAN JAURES (AV);;;;940
201500043161;15;1;16;1720;5;2;1;1;3;42;PIERRE MENDES FRANCE (AV;;;;940
201500043162;15;1;17;2210;5;2;1;1;3;58;210, PIERRE BROSSOLETTE;;;;940
201500043163;15;6;24;955;1;2;1;1;3;52;31 bis, STRASBOURG (BD D;;;;940
201500043164;15;7;8;1545;1;2;4;1;3;58;242, GENERAL DE GAULLE (;;;;940
201500043165;15;1;19;1420;1;2;9;1;3;15;PERES CAMILLIENS (R DES);;;;940
201500043166;15;1;20;1555;1;2;1;8;6;58;LEDRU ROLLIN (AV);;;;940
201500043167;15;1;20;1540;1;2;1;1;6;58;71, GAITE (R DE LA);;;;940
201500043168;15;7;20;852;1;2;1;2;3;15;CLOTAIS (R DES);;;;940
201500043169;15;1;22;755;2;2;1;1;6;52;147terA, STRASBOURG (BD;;;;940
201500043170;15;7;13;1655;1;2;3;1;3;58;PIERRE BROSSOLETTE (AV);;;;940
201500043171;15;1;23;1600;1;2;2;8;6;15;PIERRE CURIE (R);;;;940
201500043172;15;7;16;1815;1;2;1;1;2;58;177, ALSACE LORRAINE (BD;;;;940
201500043173;15;10;1;1630;1;2;1;1;6;58;115, LEDRU ROLLIN (AV);;;;940
201500043174;15;1;27;1310;1;2;1;1;6;58;21, LEDRU ROLLIN (AV);;;;940
201500043175;15;1;29;2025;5;2;1;2;6;52;1, HOCHE (R);;;;940
201500043176;15;1;30;1615;1;2;1;8;6;52;15, JOINVILLE (AV DE);;;;940
201500043177;15;1;30;1745;5;2;2;1;6;42;JEAN MERMOZ (R);;;;940
201500043178;15;7;22;1345;1;2;1;1;7;42;43, GENERAL GALLIENI (AV;;;;940
201500043179;15;2;3;1030;1;2;5;1;2;15;PASTEUR (BD);;;;940
201500043180;15;2;3;1250;1;2;7;1;3;42;VERDUN (PL DE);;;;940
201500043181;15;7;25;2000;1;2;1;1;3;42;FOCH (AV);;;;940
201500043182;15;2;4;1410;1;2;1;1;6;58;113, LEDRU ROLLIN (AV);;;;940
201500043183;15;2;4;1100;1;2;1;1;3;52;2, GAMBETTA (BD);;;;940
201500043184;15;2;8;555;5;2;3;8;6;42;MARNE (QU DE);;;;940
201500043185;15;8;4;1920;1;2;1;1;1;15;06 bis, RIGNY (AV DE);;;;940
201500043186;15;8;5;1415;1;2;1;1;3;58;MONTAIGNE (AV);;;;940
201500043187;15;8;12;1630;1;2;1;1;6;42;14, GENERAL GALLIENI (AV;;;;940
201500043188;15;5;14;1330;1;2;1;1;6;52;136, STRASBOURG (BD DE);;;;940
201500043189;15;3;3;750;1;2;1;1;2;15;2, PASTEUR (BD);;;;940
201500043190;15;3;6;1400;1;2;1;1;6;58;40bis, MARECHAL JOFFRE (;;;;940
201500043191;15;3;6;1430;1;2;1;1;6;15;74, GENERAL LECLERC (AV);;;;940
201500043192;15;8;27;1130;1;2;1;3;3;42;VERDUN (PL DE);;;;940
201500043193;15;3;7;1845;5;2;1;1;2;58;185, ALSACE LORRAINE (BD;;;;940
201500043194;15;3;8;2230;5;2;2;1;1;52;ALBERT 1ER/KABLE;M;4883560;249382;940
201500043195;15;3;11;1525;1;2;1;1;6;58;159, PIERRE BROSSOLETTE;;;;940
201500043196;15;3;11;1610;1;2;1;1;2;42;EUROPE (BD DE L);;;;940
201500043197;15;9;2;850;1;2;1;1;6;58;67, ONZE NOVEMBRE (AV DU;;;;940
201500043198;15;3;12;855;1;2;3;1;6;52;THIERS (R);;;;940
201500043199;15;3;13;1410;1;2;9;1;3;52;JOINVILLE (AV DE);;;;940
201500043200;15;3;14;1745;1;2;2;1;3;42;EUROPE (BD DE L);;;;940
201500043201;15;9;6;1430;1;1;1;1;6;42;3, POLANGIS (QU DE);;;;940
201500043202;15;3;16;830;1;2;1;1;6;52;STRASBOURG (BD DE);;;;940
201500043203;15;3;17;1500;1;2;1;1;2;42;VERDUN (PL DE);;;;940
201500043204;15;9;9;1100;1;2;1;1;7;58;111, ALSACE LORRAINE (BD;;;;940
201500043205;15;9;9;1600;1;2;2;1;3;58;PIERRE BROSSOLETTE (AV);;;;940
201500043206;15;3;20;1520;1;2;1;1;7;15;62, RIGNY (AV DE);;;;940
201500043207;15;9;13;2045;5;2;4;1;2;52;DE GAULLE/GALBRUN;;;;940
201500043208;15;9;16;830;1;2;9;2;3;52;AMIRAL COURBET (R DE L);;;;940
201500043209;15;3;24;1530;1;1;1;2;2;15;PASTEUR (BD);;;;940
201500043210;15;3;24;1550;1;2;1;2;6;52;163, CHARLES DE GAULLE (;;;;940
201500043211;15;3;24;1800;5;2;1;2;2;52;80, STRASBOURG (BD DE);;;;940
201500043212;15;3;25;1745;1;2;1;3;6;15;RIGNY (AV DE);;;;940
201500043213;15;3;25;1930;5;2;2;8;1;58;GENERAL DE GAULLE (AV DU;;;;940
201500043214;15;3;28;1205;1;2;1;2;2;42;27, PARIS (R DE);;;;940
201500043215;15;9;23;840;1;2;3;2;3;15;LOUIS FERBER (QU);;;;940
201500043216;15;9;26;1330;1;2;1;1;3;58;143, GENERAL DE GAULLE (;;;;940
201500043217;15;4;4;935;1;2;2;2;2;52;JACQUES KABLE/ALBERT 1ER;M;4883560;249382;940
201500043218;15;4;4;1820;1;2;2;1;3;42;GENERAL GALLIENI (AV DU);;;;940
201500043219;15;4;5;1130;1;2;1;1;2;58;16, LIBERTE (BD DE LA);;;;940
201500043220;15;4;7;1030;1;2;1;1;3;42;PARIS (R DE);;;;940
201500043221;15;4;8;910;1;2;1;1;2;42;38, GENERAL GALLIENI (AV;;;;940
201500043222;15;4;8;1450;1;2;3;1;3;15;ARISTIDE BRIAND (R);;;;940
201500043223;15;4;8;2130;5;2;3;1;3;58;ALSACE LORRAINE (BD D);;;;940
201500043224;15;10;2;1845;1;2;1;1;3;15;-, DENIS LAVOGADE (R);;;;940
201500043225;15;10;8;950;1;2;1;1;1;52;12, MARECHAL FAYOLLE (R;;;;940
201500043226;15;10;9;1845;1;2;3;1;3;52;JOINVILLE (AV DE);;;;940
201500043227;15;4;16;1245;1;2;1;1;3;58;33, BRY (AV DE);;;;940
201500043228;15;4;16;1315;1;2;1;1;6;58;161, PIERRE BROSSOLETTE;;;;940
201500043229;15;10;12;1210;1;2;1;1;1;42;17, EUROPE (BD DE L);;;;940
201500043230;15;10;2;1110;1;2;2;1;6;42;GALLIENI/PLATANES;M;4882010;247936;940
201500043231;15;10;10;5;5;2;1;1;6;15;218, PASTEUR (BD);;;;940
201500043232;15;10;16;740;2;2;1;2;3;15;20, JEAN GRANDEL (R);;;;940
201500043233;15;4;23;2320;5;2;1;1;3;52;74-76, STRASBOURG (BD DE;;;;940
201500043234;15;10;19;1240;1;2;1;1;6;52;STRASBOURG - PL DU GENER;;;;940
201500043235;15;10;19;2025;5;2;3;1;3;58;ONZE NOVEMBRE (AV DU);;;;940
201500043236;15;10;20;1815;1;2;9;1;3;52;42, CHARLES DE GAULLE (G;;;;940
201500043237;15;10;22;1920;5;2;1;2;2;58;3, ALSACE LORRAINE (BD D;;;;940
201500043238;15;4;29;935;1;2;2;1;3;42;JEAN JAURES (AV);;;;940
201500043239;15;10;23;1650;2;2;1;1;6;58;105, GENERAL DE GAULLE (;;;;940
201500043240;15;10;25;1215;1;2;1;1;6;58;128, GENERAL DE GAULLE (;;;;940
201500043241;15;10;26;1300;1;2;1;1;3;42;63, GENERAL GALLIENI (AV;;;;940
201500043242;15;5;4;1800;1;2;1;2;3;15;29, GENERAL LECLERC (AV);;;;940
201500043243;15;11;9;1225;1;2;2;1;3;42;EUROPE/KENNEDY;;;;940
201500043244;15;10;30;1600;1;2;1;1;3;42;CANADIENS (AV DES);;;;940
201500043245;15;11;5;1815;5;2;1;2;3;42;1, GENERAL GALLIENI (AV;;;;940
201500043246;15;11;7;1440;1;2;1;1;3;42;GENERAL GALLIENI - PONT;;;;940
201500043247;15;11;9;1230;1;2;2;1;3;42;EUROPE (BD DE L);;;;940
201500043248;15;5;18;755;1;2;1;1;6;15;PIERRE BROSSOLETTE (R);;;;940
201500043249;15;11;10;2120;5;2;1;1;6;42;24, HENRI BARBUSSE (R);;;;940
201500043250;15;11;12;730;1;2;4;1;6;58;LEDRU ROLLIN (AV);;;;940
201500043251;15;11;12;1930;5;2;1;1;3;52;BD ALBERT 1ER;M;4883250;249293;940
201500043252;15;11;13;1920;5;2;2;1;3;42;BROSSOLETTE/MERMOZ;;;;940
201500043253;15;5;23;1330;1;2;1;1;6;42;BETHUNE (QU DE);;;;940
201500043254;15;11;17;1830;5;2;2;2;6;15;GEORGES MELIES (BD);;;;940
201500043255;15;5;25;1755;1;2;3;1;3;58;75, GABRIEL PERI (AV);;;;940
201500043256;15;5;26;1820;1;2;1;1;6;52;39, CHARLES DE GAULLE (G;;;;940
201500043257;15;11;20;1150;1;2;3;2;3;58;ALSACE LORRAINE/FERRY;;;;940
201500043258;15;5;28;1700;1;2;1;1;6;58;105, GENERAL DE GAULLE (;;;;940
201500043259;15;11;22;1255;1;2;2;1;1;58;face au 13, BORDS DE MAR;;;;940
201500043260;15;6;2;1730;1;2;1;1;6;52;MADELEINE SMITH CHAMPION;;;;940
201500043261;15;6;5;930;1;2;1;1;3;42;50, GENERAL GALLIENI (AV;;;;940
201500043262;15;6;5;945;1;2;1;7;3;58;25, ALSACE LORRAINE (BD;;;;940
201500043263;15;11;29;1235;1;2;2;1;3;58;LEDRU ROLLIN (AV);;;;940
201500043264;15;6;5;1015;1;2;1;1;6;15;181, PASTEUR (BD);;;;940
201500043265;15;12;1;1945;5;2;1;1;2;58;6, RAYMOND POINCARE (BD);;;;940
201500043266;15;12;1;2145;5;2;1;1;1;42;6 bis, JEAN MERMOZ (R);;;;940
201500043267;15;6;8;815;1;2;1;1;3;52;NAZARE (R DE);;;;940
201500043268;15;6;8;1945;1;2;3;1;3;52;GALLIENI (BD);;;;940
201500043269;15;12;3;1150;1;2;1;1;1;52;STRASBOURG - RPT DU MARE;;;;940
201500043270;15;6;9;1010;1;2;9;1;3;58;ALSACE LORRAINE (BD D);;;;940
201500043271;15;6;9;2115;1;2;1;1;6;15;ETIENNE DE SILHOUETTE (A;;;;940
201500043272;15;12;4;1610;1;2;1;1;6;52;GALLIENI (BD);;;;940
201500043273;15;6;11;750;1;2;1;1;3;58;134, PIERRE BROSSOLETTE;;;;940
201500043274;15;12;5;1730;2;2;3;1;6;52;21, HEROS NOGENTAIS (R D;;;;940
201500043275;15;6;11;1600;1;2;3;1;3;52;GENERAL FAIDHERBE (R DU);;;;940
201500043276;15;12;7;750;2;2;1;1;2;42;CANADIENS (AV DES);;;;940
201500043277;15;12;7;1955;5;2;6;1;3;15;GEORGES MELIES (BD);;;;940
201500043278;15;12;9;1950;5;2;1;1;5;42;12, GENERAL GALLIENI (AV;;;;940
201500043279;15;6;15;2210;5;2;1;1;2;58;162, PIERRE BROSSOLETTE;;;;940
201500043280;15;12;10;1550;1;2;1;1;3;52;GEORGES CLEMENCEAU - PL;;;;940
201500043281;15;12;10;2050;5;2;1;1;1;58;194, MARECHAL JOFFRE (AV;;;;940
201500043282;15;6;19;1840;1;2;9;1;6;52;85, HEROS NOGENTAIS (R D;;;;940
201500043283;15;6;23;1645;1;2;1;1;6;58;124, GENERAL DE GAULLE (;;;;940
201500043284;15;6;26;1630;1;2;3;1;1;42;GENERAL GALLIENI (AV DU);;;;940
201500043285;15;6;29;1125;1;2;1;1;6;42;43, GENERAL GALLIENI (AV;;;;940
201500043286;15;6;30;1920;1;2;1;1;2;52;BD ALBERT 1ER;M;4883240;249311;940
201500043287;15;1;6;930;1;2;1;1;3;68;33, PORT DE CRETEIL (QU;;;;940
201500043288;15;1;8;1050;1;2;2;2;3;68;ROCHER (AV DU);;;;940
201500043289;15;1;9;800;2;2;1;2;6;68;NOEL (AV);;;;940
201500043290;15;1;9;2055;5;2;2;2;3;68;MARNE (BD DE LA);;;;940
201500043291;15;1;14;840;1;2;2;1;6;68;RABELAIS (BD);;;;940
201500043292;15;1;14;1640;1;2;1;1;3;68;MAURICE BERTEAUX (BD);;;;940
201500043293;15;1;19;2120;5;2;2;1;3;68;CHEVALIER (R);;;;940
201500043294;15;1;20;1235;1;2;2;1;3;68;LIBERATION (AV DE LA);;;;940
201500043295;15;1;21;1310;1;2;1;1;6;68;6, MAURICE BERTEAUX (BD);;;;940