num_acc;an;mois;jour;hrmn;lum;agg;int;atm;col;com;adr;gps;lat;long;dep
201500043296;15;1;25;1340;1;2;1;1;6;68;2, CORNEILLES (BD DES);;;;940
201500043297;15;1;26;1900;5;2;1;2;6;68;GALLIENI (AV);;;;940
201500043298;15;1;27;2050;5;2;1;1;3;68;66, CHAMPIGNY (BD DE);;;;940
201500043299;15;1;29;1840;5;2;1;2;6;68;63, REPUBLIQUE (AV DE LA;;;;940
201500043300;15;2;1;2320;5;2;2;1;3;68;PARC (QU DU);;;;940
201500043301;15;2;7;1345;1;2;2;1;3;68;CAFFIN (AV);;;;940
201500043302;15;2;9;2145;5;2;1;1;3;68;34, BAC (AV DU);;;;940
201500043303;15;2;17;1540;1;2;1;1;2;68;121, CHAMPIGNY (BD DE);;;;940
201500043304;15;2;23;1150;1;2;1;1;3;68;LOUIS BLANC (AV);;;;940
201500043305;15;2;23;2145;5;2;3;1;3;68;MAURICE BERTEAUX (BD);;;;940
201500043306;15;2;24;1725;1;2;1;1;7;68;12, CLOS (AV DU);;;;940
201500043307;15;2;28;1530;1;2;2;1;2;68;PONT DE CRETEIL (R DU);;;;940
201500043308;15;3;6;840;1;2;2;1;3;68;MIDI (AV DU);;;;940
201500043309;15;3;10;1620;1;2;1;1;6;68;MAURICE BERTEAUX (BD);;;;940
201500043310;15;3;13;5;5;2;2;1;3;68;CRETEIL (BD DE);;;;940
201500043311;15;3;13;1845;1;2;1;1;6;68;PONT DE CRETEIL (R DU);;;;940
201500043312;15;3;16;1315;1;2;2;1;3;68;FOCH (AV);;;;940
201500043313;15;3;20;1310;1;2;1;1;6;68;04, BOURDIGNON (R);;;;940
201500043314;15;3;23;1220;1;2;1;1;3;68;CHAMPIGNY (BD DE);;;;940
201500043315;15;3;27;1030;1;2;2;1;3;68;CRETEIL (BD DE);;;;940
201500043316;15;3;29;950;1;2;2;3;3;68;PILIERS (AV DES);;;;940
201500043317;15;4;4;1125;1;2;1;1;3;68;12, MARRONNIERS (PL DES);;;;940
201500043318;15;4;5;230;5;2;2;1;3;68;CRETEIL (BD DE);;;;940
201500043319;15;4;8;1610;1;2;2;1;3;68;BELLECHASSE (BD DE);;;;940
201500043320;15;4;9;910;1;2;1;1;6;68;22bis, FOCH (AV);;;;940
201500043321;15;4;15;935;1;2;1;1;6;68;ALMA (AV DE L);;;;940
201500043322;15;4;28;1025;1;2;1;1;6;68;BEAUBOURG (QU);;;;940
201500043323;15;4;30;850;1;2;1;3;6;68;FOCH (AV);;;;940
201500043324;15;5;2;1415;1;2;1;2;6;68;INKERMANN (R D);;;;940
201500043325;15;5;6;530;2;2;1;1;6;68;CRETEIL (BD DE);;;;940
201500043326;15;5;6;840;1;2;1;1;3;68;50, PARC (QU DU);;;;940
201500043327;15;5;14;2025;1;2;2;2;3;68;GENERAL GIRAUD (BD DU);;;;940
201500043328;15;5;18;1430;1;2;1;1;6;68;148 bis, GARIBALDI (R);;;;940
201500043329;15;5;26;1750;1;2;1;1;6;68;33, GENERAL GIRAUD (BD D;;;;940
201500043330;15;5;27;1025;1;2;2;1;3;68;FOCH (AV);;;;940
201500043331;15;5;29;1020;1;2;1;1;6;68;82, CRETEIL (BD DE);;;;940
201500043332;15;5;30;2145;2;2;1;1;1;68;CHAMPIGNY (BD DE);;;;940
201500043333;15;6;2;1800;1;2;2;1;6;68;CONDE (AV DE);;;;940
201500043334;15;6;12;1340;1;2;2;1;3;68;LOUIS BLANC (AV);;;;940
201500043335;15;6;13;2105;1;2;1;1;3;68;10, PARC (QU DU);;;;940
201500043336;15;6;15;1400;1;2;1;1;4;68;35, FOCH (AV);;;;940
201500043337;15;6;13;1430;1;2;2;1;3;68;CRETEIL (BD DE);;;;940
201500043338;15;6;19;820;1;2;1;1;2;68;CHAMPIGNY (BD DE);;;;940
201500043339;15;6;22;1650;1;2;2;2;3;68;PIERRE BROSSOLETTE (AV);;;;940
201500043340;15;6;28;1650;1;2;1;1;3;68;30, SAINT HILAIRE (R);;;;940
201500043341;15;6;29;1940;1;2;2;1;3;68;36, BELLECHASSE (BD DE);;;;940
201500043342;15;7;2;1030;1;2;2;1;6;68;BARATTE CHOLET (R);;;;940
201500043343;15;7;2;1955;1;2;1;1;6;68;84, GABRIEL PERI (AV);;;;940
201500043344;15;7;6;1455;1;2;1;1;6;68;96, BAC (AV DU);;;;940
201500043345;15;7;14;2105;2;2;1;1;3;68;BAC (AV DU);;;;940
201500043346;15;7;18;830;1;2;2;1;3;68;FOCH (AV);;;;940
201500043347;15;7;21;1705;1;2;1;1;2;68;BAC (AV DU);;;;940
201500043348;15;7;22;1415;1;2;1;1;2;68;GAMBETTA (AV);;;;940
201500043349;15;7;22;1840;1;2;2;1;3;68;VALLON (R DU);;;;940
201500043350;15;7;23;1145;1;2;1;1;3;68;BAC (AV DU);;;;940
201500043351;15;7;24;1830;1;2;1;1;6;68;SAINT LOUIS (AV);;;;940
201500043352;15;7;29;1515;1;2;1;1;3;68;70, PETIT PARC (QU DU);;;;940
201500043353;15;7;29;1815;1;2;1;1;7;68;56, SEVIGNE (R DE);;;;940
201500043354;15;8;19;2140;5;2;1;1;2;68;WINSTON CHURCHILL (QU);;;;940
201500043355;15;8;28;940;1;2;2;1;3;68;VICTORINE (R);;;;940
201500043356;15;9;4;1245;1;2;1;1;6;68;22, FOUR (R DU);;;;940
201500043357;15;9;7;1853;1;2;2;1;3;68;LOUIS BLANC (AV);;;;940
201500043358;15;9;8;1000;1;2;1;1;3;68;GALLIENI (AV);;;;940
201500043359;15;9;8;1110;1;2;1;1;3;68;CHAMPIGNY (BD DE);;;;940
201500043360;15;9;8;1345;1;2;1;1;3;68;8, ALMA (AV DE L);;;;940
201500043361;15;9;10;1835;1;2;1;1;4;68;BAC (AV DU);;;;940
201500043362;15;9;12;2000;2;2;2;2;3;68;BELLECHASSE (BD DE);;;;940
201500043363;15;9;14;1615;1;2;2;1;6;68;SULLY (R DE);;;;940
201500043364;15;9;16;2015;5;2;1;8;6;68;7, MAURICE BERTEAUX (BD);;;;940
201500043365;15;9;21;2245;3;2;2;8;2;68;GENERAL GIRAUD (BD DU);;;;940
201500043366;15;9;23;1515;1;2;9;1;6;68;61, PONT DE CRETEIL (R D;;;;940
201500043367;15;9;24;905;1;2;6;1;3;68;8 MAI 1945 (CARR DU);;;;940
201500043368;15;10;4;1700;1;2;1;1;6;68;20, BALZAC (AV);;;;940
201500043369;15;10;6;745;2;2;1;2;2;68;88, CHAMPIGNY (BD DE);;;;940
201500043370;15;10;7;1225;1;2;3;1;3;68;CONDE (AV DE);;;;940
201500043371;15;10;9;650;2;2;1;1;2;68;52, GENERAL GIRAUD (BD D;;;;940
201500043372;15;10;9;1015;1;2;2;1;3;68;RAYMOND POINCARE (AV);;;;940
201500043373;15;10;13;1250;1;2;2;1;3;68;CRETEIL (BD DE);;;;940
201500043374;15;10;13;1845;5;2;1;1;6;68;13, ALMA (AV DE L);;;;940
201500043375;15;10;16;1640;1;2;1;1;6;68;03, VARENNE (R DE LA);;;;940
201500043376;15;10;19;1525;1;2;9;1;2;68;6, MAURICE BERTEAUX (BD);;;;940
201500043377;15;10;25;1230;1;2;1;1;6;68;5, MARRONNIERS (AV DES);;;;940
201500043378;15;10;30;1615;1;2;3;1;3;68;RABELAIS (BD);;;;940
201500043379;15;11;5;1050;1;2;2;1;3;68;RASPAIL (AV);;;;940
201500043380;15;11;9;1200;1;2;1;1;6;68;PONT DE CRETEIL (R DU);;;;940
201500043381;15;11;15;1420;1;2;1;7;3;68;38 BIS, SAINT HILAIRE (R;;;;940
201500043382;15;11;19;845;1;2;1;8;2;68;49, GAMBETTA (AV);;;;940
201500043383;15;11;20;1540;1;2;2;2;3;68;CHATEAU (AV DU);;;;940
201500043384;15;11;22;2000;5;2;1;1;6;68;03, INKERMANN (R D);;;;940
201500043385;15;11;28;2131;5;2;2;1;3;68;21, GODEFROY CAVAIGNAC (;;;;940
201500043386;15;11;28;310;5;2;2;1;3;68;DIDEROT (AV);;;;940
201500043387;15;12;7;1535;1;2;1;1;6;68;face 15, D'ADAMVILLE KEN;;;;940
201500043388;15;12;8;940;1;2;2;1;3;68;ALFRED DE MUSSET (R);;;;940
201500043389;15;12;11;1500;1;2;1;1;6;68;46, PONT DE CRETEIL (R D;;;;940
201500043390;15;12;14;1730;5;2;1;1;6;68;15, MARINVILLE (AV DE);;;;940
201500043391;15;12;14;1745;5;2;1;1;6;68;40, BAC (AV DU);;;;940
201500043392;15;12;15;910;1;2;1;2;2;68;PONT DE CRETEIL (R DU);;;;940
201500043393;15;12;15;1800;5;2;1;3;6;68;MAURICE BERTEAUX (BD);;;;940
201500043394;15;12;15;1940;5;2;1;3;6;68;ANDRE BOLLIER (R);;;;940
201500043395;15;12;16;750;1;2;1;2;5;68;111, CHAMPIGNY (BD DE);;;;940
201500043396;15;12;19;1630;1;2;1;1;7;68;55BIS, WINSTON CHURCHILL;;;;940
201500043397;15;12;21;1225;1;2;1;1;2;68;GARE DE CHAMPIGNY (PL DE;;;;940
201500043398;15;12;23;1240;1;2;1;1;6;68;02, PIERRE BROSSOLETTE (;;;;940
201500043399;15;12;16;1235;1;2;1;1;6;68;6BIS, MAURICE BERTEAUX (;;;;940
201500043400;15;12;30;1530;1;2;2;1;3;68;FALONNIERES (AV DES);;;;940
201500043401;15;1;13;830;1;2;3;1;6;68;ANDRE BOLLIER (R);;;;940
201500043402;15;1;16;2050;5;2;1;2;5;68;BONNEUIL (PONT DE);;;;940
201500043403;15;1;22;2250;5;2;1;1;6;68;BD MAURICE BERTEAUX;M;4881130;246915;940
201500043404;15;2;12;2240;5;2;2;1;6;68;CHANZY (AV);;;;940
201500043405;15;3;3;1015;1;2;1;1;6;68;3, MARNE (BD DE LA);;;;940
201500043406;15;4;6;330;5;2;1;1;6;68;43, LOUIS BLANC (AV);;;;940
201500043407;15;4;22;1515;1;2;1;1;6;68;46, BONNEUIL (AV DE);;;;940
201500043408;15;4;24;20;5;2;1;1;3;68;140, FOCH (AV);;;;940
201500043409;15;6;4;1920;1;2;1;1;6;68;41, RABELAIS (BD);;;;940
201500043410;15;6;28;1130;1;2;2;1;3;68;8 MAI 1945 (CARR DU);;;;940
201500043411;15;7;5;650;1;2;1;1;7;68;26, PETIT PARC (QU DU);;;;940
201500043412;15;7;14;145;5;2;1;1;3;68;PONT DE CRETEIL (R DU);;;;940
201500043413;15;7;28;1830;1;2;1;2;6;68;61, LATTRE DE TASSIGNY (;;;;940
201500043414;15;8;2;315;5;2;3;1;6;68;90, AV BARBES/ADAM;M;4879300;248938;940
201500043415;15;8;7;2205;2;2;2;1;3;68;MAURICE BERTEAUX (BD);;;;940
201500043416;15;8;12;1215;1;2;1;1;2;68;59, MARINVILLE (AV DE);;;;940
201500043417;15;9;16;1415;1;2;1;1;4;68;CHEMIN VERT (R DU);;;;940
201500043418;15;11;4;1840;5;2;1;8;6;68;86, BONNEUIL (AV DE);;;;940
201500043419;15;11;10;105;5;2;1;1;7;68;ARMES (PL D);;;;940
201500043420;15;11;12;1510;1;2;1;8;1;68;JOFFRE (AV);;;;940
201500043421;15;11;17;2155;5;2;2;8;3;68;BANQUE (AV DE LA);;;;940
201500043422;15;11;24;1130;1;2;1;2;6;68;FOCH (AV);;;;940
201500043423;15;11;30;1240;1;2;2;1;3;68;MAURICE BERTEAUX (BD);;;;940
201500043424;15;12;1;130;5;2;1;1;6;68;PONT DE CRETEIL (R DU);;;;940
201500043425;15;12;4;430;5;2;1;2;6;68;81, MARINVILLE (AV DE);;;;940
201500043426;15;12;13;845;2;2;1;1;6;68;BONNEUIL (QU DE);;;;940
201500043427;15;12;28;2300;5;2;1;1;3;68;GARIBALDI (R);;;;940
201500043428;15;7;16;940;1;2;3;7;3;74;JOURDAIN/VASCO GAMA;M;4876690;245176;940
201500043429;15;1;1;400;5;2;2;8;2;78;8 MAI 1945/IMP ST GEORGE;M;4872470;244499;940
201500043430;15;1;1;730;5;2;3;5;3;78;8 MAI 1945/PT VILLENEUVE;M;4872760;244561;940
201500043431;15;1;2;1030;1;2;1;2;3;78;ANATOLE FRANCE (AV);;;;940
201500043432;15;1;5;1045;1;2;1;2;1;78;PRESIDENT WILSON (R DU);;;;940
201500043433;15;2;26;930;1;2;3;2;5;78;APPEL 18JUIN1940/ARMAND;M;4875940;244324;940
201500043434;15;1;7;1720;5;2;2;5;6;77;PARMENTIER (AV);;;;940
201500043435;15;1;7;1810;5;2;1;2;6;78;REPUBLIQUE (AV DE LA);;;;940
201500043436;15;12;25;1440;1;2;6;1;3;74;VASCO DE GAMA ( avenue d;;;;940
201500043437;15;1;8;905;1;2;3;1;6;78;14, PARIS (R DE);;;;940
201500043438;15;12;26;943;1;2;1;1;6;77;ALBERT LARME (R);;;;940
201500043439;15;12;27;1950;5;2;1;3;6;78;116, GAMBETTA (ALL);;;;940
201500043440;15;3;15;745;1;2;1;1;6;77;65, MARECHAL GALLIENI (R;;;;940
201500043441;15;1;10;1420;1;2;1;1;6;78;4, FUSILLES (AV DES);;;;940
201500043442;15;1;10;1450;1;2;1;8;3;78;31, REPUBLIQUE (AV DE LA;;;;940
201500043443;15;3;28;1255;1;2;3;8;3;78;154, PARIS/ZOLA;M;4873560;244680;940
201500043444;15;1;19;1405;1;2;3;1;1;78;8 MAI 1945/PT VILLENEUVE;M;4872760;244561;940
201500043445;15;1;23;1255;1;2;1;8;6;77;PAUL DOUMER (AV);;;;940
201500043446;15;1;24;210;5;2;1;1;6;78;18, AV DE CHOISY;M;4873890;244430;940
201500043447;15;11;22;1120;1;2;3;1;2;74;38, BARBUSSE/MICHELET;M;4876360;244198;940
201500043448;15;11;12;150;4;1;1;1;7;74;., VASCO DE GAMA ( avenu;;;;940
201500043449;15;2;5;1655;2;2;1;4;7;78;REPUBLIQUE (AV DE LA);;;;940
201500043450;15;2;11;925;1;2;6;9;3;74;, COLONEL FABIEN (R);;;;940
201500043451;15;10;16;1915;5;2;1;1;5;74;AV HENRI BARBUSSE;M;4876740;244102;940
201500043452;15;2;12;1800;1;2;1;1;6;78;PL PIERRE SEMARD;M;4873000;244689;940
201500043453;15;9;10;1550;1;2;1;1;3;78;57, PRESIDENT JOHN FITZG;;;;940
201500043454;15;2;13;1305;1;2;1;1;6;78;PL PIERRE SEMARD;M;4873000;244689;940
201500043455;15;2;15;1230;1;2;3;1;4;74;BARBUSSE/RASPAIL;M;4876470;244182;940
201500043456;15;2;15;605;5;2;1;8;1;74;JULIEN DURANTON (avenue);;;;940
201500043457;15;10;17;2135;5;2;1;2;6;78;19, CHOISY (AV DE);;;;940
201500043458;15;12;23;110;5;2;1;1;6;78;02, CHOISY (AV DE);;;;940
201500043459;15;7;9;2030;1;2;4;1;2;78;APPEL 18 JUIN/CHURCHILL;M;4875510;244413;940
201500043460;15;2;23;2040;5;2;3;2;1;78;APPEL 18JUIN1940/ARMAND;M;4876050;244291;940
201500043461;15;3;3;1920;5;2;1;2;2;77;VERDUN (COUR DE);;;;940
201500043462;15;3;4;2325;5;2;1;1;3;78;PRESIDENT JOHN FITZGERAL;;;;940
201500043463;15;3;7;705;1;1;1;1;1;77;DIDIER DAURAT (rue);;;;940
201500043464;15;3;7;1100;1;2;1;1;6;78;36 bis, RAYMOND DE LA GR;;;;940
201500043465;15;3;20;530;5;2;1;1;6;77;VERDUN (COUR DE);;;;940
201500043466;15;3;22;2115;5;2;3;1;5;78;PT VILLENEUVE/8 MAI 1945;M;4872760;244546;940
201500043467;15;3;24;2040;5;2;1;3;3;78;85, PRESIDENT JOHN FITZG;;;;940
201500043468;15;3;28;1650;1;2;1;1;6;78;51, ANATOLE FRANCE (AV);;;;940
201500043469;15;3;27;635;1;2;2;1;6;74;CHAMP SAINT-JULIEN (AV D;;;;940
201500043470;15;4;1;1800;1;2;1;1;6;74;DIVISION GENERAL LECLERC;;;;940
201500043471;15;4;2;900;1;2;1;2;6;78;78, R DE PARIS;M;4872580;244600;940
201500043472;15;4;2;1545;1;2;1;3;7;77;19, MARECHAL LYAUTEY (R;;;;940
201500043473;15;4;5;245;5;2;1;1;6;74;84, HENRI BARBUSSE (AV);;;;940
201500043474;15;4;6;130;5;2;3;1;6;74;34, H BARBUSSE/MICHELET;M;4876360;244198;940
201500043475;15;4;10;2027;1;2;1;1;6;78;13,R VICTOR HUGO;;;;940
201500043476;15;8;2;700;1;2;1;1;2;78;EUROPE (AV DE L);;;;940
201500043477;15;4;10;2230;5;2;1;1;6;78;PL PIERRE SEMARD;M;4873040;244686;940
201500043478;15;8;7;1720;1;2;4;3;6;78;SEMARD/SEMARD;M;4872970;244687;940
201500043479;15;4;13;1325;1;2;1;7;1;74;JULIEN DURANTON (avenue);;;;940
201500043480;15;4;14;1930;1;2;1;1;3;78;40, SOURCE (ALL DE LA);;;;940
201500043481;15;4;15;1650;1;2;3;7;6;78;34, FRANCIS MARTIN (R);;;;940
201500043482;15;4;17;1500;1;2;1;1;6;74;1, GUY MOQUET (AV);;;;940
201500043483;15;4;20;140;5;2;1;1;6;74;BARBUSSE/FERME DE LATOUR;M;4877080;244031;940
201500043484;15;4;20;925;1;2;3;1;6;78;PIERRE SEMARD (PL);;;;940
201500043485;15;4;21;1850;1;2;2;1;3;77;150, REPUBLIQUE/LAIRE;;;;940
201500043486;15;4;22;1130;1;2;1;1;3;74;RU DE GIRONDE (AV DU);;;;940
201500043487;15;4;24;1840;1;2;1;1;5;77;47, REPUBLIQUE (AV DE LA;;;;940
201500043488;15;5;2;1835;1;2;1;8;2;74;RU DE GIRONDE (AV DU);;;;940
201500043489;15;5;3;930;1;2;1;3;3;78;1, CHOISY (AV DE);;;;940
201500043490;15;5;3;1700;1;2;1;1;5;74;JOURDAIN THEODULE (rue);;;;940
201500043491;15;5;6;1840;1;2;1;1;6;77;, GARE (R DE LA);;;;940
201500043492;15;5;8;1930;1;2;3;1;3;74;12, GABRIEL PERI (R);;;;940
201500043493;15;5;11;2015;1;2;2;1;3;77;HUIT MAI 1945 (R DU);;;;940
201500043494;15;5;16;1017;1;2;1;1;3;77;5, LATERAL (CHE);;;;940
201500043495;15;5;19;1500;1;2;6;1;5;74;SALVADOR ALLENDE (AV);;;;940
201500043496;15;5;20;1807;1;2;1;1;2;77;148 TER, REPUBLIQUE (AV;;;;940
201500043497;15;5;29;1800;1;2;3;1;3;78;SEMARD/SEMARD;M;4872970;244687;940
201500043498;15;5;29;1835;1;2;3;1;5;78;APPEL 18JUIN1940/ARMAND;M;4875940;244324;940
201500043499;15;5;31;1305;1;2;3;2;2;74;BARBUSSE/MICHELET;M;4876370;244213;940
201500043500;15;6;1;804;1;2;1;1;3;78;6, SAINT EXUPERY (R);;;;940
201500043501;15;10;28;1515;1;2;1;1;3;78;57 B, EUROPE (AV DE L);;;;940
201500043502;15;6;9;310;5;2;1;1;7;78;., JULES FERRY (R);;;;940
201500043503;15;6;9;1850;1;2;1;1;6;1;., VILLENEUVE (route de;;;;940
201500043504;15;6;10;1426;1;2;1;1;2;78;AV DE MELUN;M;4872280;244380;940
201500043505;15;6;13;1855;1;2;3;1;6;78;., THIMONNIER (R);;;;940
201500043506;15;6;14;635;1;2;3;1;5;78;8 MAI 1945/PT VILLENEUVE;M;4872760;244546;940
201500043507;15;6;17;1725;1;2;1;1;3;77;., SEINE (VOI DE);;;;940
201500043508;15;6;26;1830;1;2;1;1;1;77;., JEAN PIERRE TIMBAUD (;;;;940
201500043509;15;6;30;1930;1;2;1;1;6;74;., GABRIEL PERI (R);;;;940
201500043510;15;6;30;1915;1;2;1;7;6;78;., TILLEULS (R DES);;;;940
201500043511;15;7;1;1725;1;2;1;1;6;74;RU DE GIRONDE (AV DU);;;;940
201500043512;15;7;2;2200;1;2;3;1;7;77;., LE FOLL (AV);;;;940
201500043513;15;7;3;930;1;2;1;1;3;74;173, DIVISION GENERAL LE;;;;940
201500043514;15;1;16;2145;5;2;3;2;3;78;8 MAI 1945/SEMARD;M;4872970;244687;940
201500043515;15;7;7;2040;1;2;4;3;4;78;APPEL 18 JUIN/CHURCHILL;M;4875510;244413;940
201500043516;15;7;8;1905;1;2;1;8;6;78;1, GUSTAVE FLAUBERT (R);;;;940
201500043517;15;7;16;1345;1;2;1;1;6;74;6, HENRI JANIN (R);;;;940
201500043518;15;7;20;1530;1;2;3;1;3;78;PARIS/;M;4873300;244681;940
201500043519;15;9;18;2100;3;2;1;2;1;78;1, CHOISY (AV DE);;;;940
201500043520;15;7;30;1755;1;2;2;1;3;74;62 AV DURANTON/MICHELET;;;;940
201500043521;15;7;31;740;1;2;1;1;1;77;1, HAUTE SEINE (R DE LA);;;;940
201500043522;15;7;31;1635;1;2;3;1;3;78;15, CARNOT (AV);;;;940
201500043523;15;8;3;1830;1;2;1;1;7;78;FONTAINE SAINT-MARTIN (R;;;;940
201500043524;15;8;22;1230;1;2;3;1;3;78;VALENTON (AV DE);;;;940
201500043525;15;8;5;2010;1;2;1;1;6;78;VALENTON (AV DE);;;;940
201500043526;15;8;6;836;1;2;3;1;1;78;13, CARNOT (AV);;;;940
201500043527;15;8;9;50;4;2;4;1;2;78;PARIS/CHURCHILL;M;4875510;244413;940
201500043528;15;8;15;405;5;2;3;3;3;78;8 MAI 1945/SAINT-GEORGES;M;4872470;244499;940
201500043529;15;8;20;2110;2;2;4;1;3;78;SEMARD/SEMARD;M;4872970;244687;940
201500043530;15;8;20;1240;1;2;3;2;2;78;MELUN/BELLE PLACE;M;4872410;244478;940
201500043531;15;8;16;1855;1;2;1;1;6;78;AV DU 8 MAI 1945;M;4872600;244454;940
201500043532;15;8;27;935;1;2;1;2;1;78;CHOISY (AV DE);;;;940
201500043533;15;8;28;1500;1;2;1;1;6;77;, AMEDEE SOUPPAULT (Plac;;;;940
201500043534;15;9;6;555;5;2;3;1;6;74;BARBUSSE/PASTEUR;M;4876690;244128;940
201500043535;15;9;7;1135;1;2;2;1;7;78;154, PARIS/CHOISY;M;4873560;244665;940
201500043536;15;9;9;1220;1;2;6;1;3;78;., WINSTON CHURCHILL (AV;;;;940
201500043537;15;9;11;25;5;2;1;1;5;78;AV DE MELUN;M;4872190;244308;940
201500043538;15;9;12;59;5;2;1;1;7;78;184, R DE PARIS;M;4873850;244683;940
201500043539;15;9;14;1735;1;2;2;7;6;77;30, PASTEUR (AV);;;;940
201500043540;15;9;14;2040;5;2;1;1;6;74;., FONTAINE SAINT-MARTIN;;;;940
201500043541;15;9;15;2230;5;2;8;2;6;74;., RU DE GIRONDE (AV DU);;;;940
201500043542;15;9;17;1740;1;2;2;1;3;78;158, R PARIS/ZOLA;M;4873560;244680;940
201500043543;15;9;18;2120;5;2;1;2;7;78;246, R DE PARIS;M;4874360;244657;940
201500043544;15;9;21;1040;1;2;1;1;2;78;82, CHOISY (AV DE);;;;940
201500043545;15;9;22;1530;1;2;1;1;6;74;., JULIEN DURANTON (aven;;;;940
201500043546;15;7;18;705;1;2;1;1;6;74;JULIEN DURANTON (avenue);;;;940
201500043547;15;7;18;1320;1;2;1;1;2;78;AV WINSTON CHURCHILL;;;;940
201500043548;15;9;25;2000;5;2;1;1;6;74;., SALVADOR ALLENDE (AV);;;;940
201500043549;15;7;20;1050;1;2;3;1;3;78;PARIS/CARNOT;M;4873300;244681;940
201500043550;15;10;5;1425;1;2;1;3;6;74;173, DIVISION GENERAL LE;;;;940
201500043551;15;9;30;840;1;2;1;1;6;78;., YERRES (R DE L);;;;940
201500043552;15;10;9;1330;1;2;1;1;2;74;5, RU DE GIRONDE (AV DU);;;;940
201500043553;15;10;20;1940;5;2;1;1;6;78;4, PL PIERRE SEMARD;M;4873000;244688;940
201500043554;15;10;20;2030;5;2;1;2;6;77;103, LE FOLL (AV);;;;940
201500043555;15;10;21;210;5;2;2;1;3;74;., ONZE NOVEMBRE 1918 (R;;;;940
201500043556;15;10;24;1310;1;2;3;1;3;78;8 MAI 1945/PT VILLENEUVE;M;4872760;244561;940
201500043557;15;10;26;850;1;2;4;1;1;74;., CHAMP SAINT-JULIEN (A;;;;940
201500043558;15;10;31;2335;5;2;1;1;5;78;AV DE MELUN;M;4872330;244399;940
201500043559;15;11;3;1800;1;2;1;1;4;78;5, EGLISE (R DE L);;;;940
201500043560;15;11;4;2317;5;2;6;1;6;78;., PRESIDENT JOHN FITZGE;;;;940
201500043561;15;11;5;2150;5;2;1;1;6;1;11 bis R MARECHAL FOCH;;;;940
201500043562;15;11;6;1510;1;2;1;2;6;74;08, COLONEL FABIEN (R);;;;940
201500043563;15;11;6;625;2;2;4;1;6;78;SEMARD/SEMARD;M;4872970;244687;940
201500043564;15;11;8;1640;1;2;1;1;3;77;22, HONORE OURSEL (R);;;;940
201500043565;15;10;17;1230;1;2;1;1;3;77;., PONT (R DU);;;;940
201500043566;15;11;15;1940;5;2;4;1;1;78;PARIS/'APPEL DU 18 JUIN;M;4875520;244426;940
201500043567;15;11;17;730;1;2;1;2;3;1;., VILLENEUVE (route de;;;;940
201500043568;15;11;17;800;1;2;3;2;2;77;., SEINE (VOI DE);;;;940
201500043569;15;6;1;1700;1;2;1;1;6;78;., PRESIDENT JOHN FITZGE;;;;940
201500043570;15;11;29;135;5;2;1;1;6;74;AV HENRI BARBUSSE;M;4876350;244202;940
201500043571;15;12;1;1310;1;2;4;1;3;78;PL P SEMARD/PL P SEMARD;M;4872970;244687;940
201500043572;15;12;6;1650;2;2;1;1;2;74;84, AV HENRI BARBUSSE;M;4876740;244102;940
201500043573;15;12;7;1815;2;2;1;1;4;74;4, AV HENRI BARBUSSE;M;4876200;244239;940
201500043574;15;12;14;1830;5;2;1;1;6;74;., RU DE GIRONDE (AV DU);;;;940
201500043575;15;12;15;1820;5;2;1;3;6;78;2, HENRI JANIN (R);;;;940
201500043576;15;12;21;1530;1;2;1;1;6;77;04, MARECHAL LYAUTEY (R;;;;940
201500043577;15;1;8;845;1;2;3;1;2;80;., FAYS LIM COM (R);;;;940
201500043578;15;1;15;1955;5;2;1;1;7;80;16, PARIS (AV DE);;;;940
201500043579;15;1;21;1540;1;2;2;1;3;80;., REPUBLIQUE (AV DE LA);;;;940
201500043580;15;1;21;1615;1;2;1;1;3;80;155, FONTENAY (R DE);;;;940
201500043581;15;2;1;815;1;2;3;1;6;67;57, DAUMESNIL (AV);;;;940
201500043582;15;2;11;1235;1;2;1;1;7;80;MIDI (R DU);;;;940
201500043583;15;2;11;1425;1;2;1;1;3;80;STRASBOURG (R DE);;;;940
201500043584;15;2;14;1900;5;2;2;1;2;80;98, PARIS (AV DE);;;;940
201500043585;15;3;18;1905;3;2;1;1;2;67;0, PARIS (av. de);;;;940
201500043586;15;3;19;1730;1;2;1;1;6;67;67BIS, PARIS (av. de);;;;940
201500043587;15;4;7;925;1;2;1;1;3;80;., LAGNY (R DE);;;;940
201500043588;15;4;13;1500;1;2;1;1;3;80;106, FONTENAY (R DE);;;;940
201500043589;15;4;9;1020;1;2;2;1;3;80;DIDEROT (R);;;;940
201500043590;15;5;6;1335;1;2;1;1;6;80;29, PREVOYANCE (R DE LA);;;;940
201500043591;15;5;11;1920;1;2;1;1;2;80;., NOGENT (AV DE);;;;940
201500043592;15;5;13;1600;1;2;2;1;6;67;DE GAULLE/LIEGE;M;4884360;241761;940
201500043593;15;5;15;110;5;2;2;1;3;80;PARIS (AV DE);;;;940
201500043594;15;5;30;1000;1;2;1;1;3;80;MINIMES (AV DES);;;;940
201500043595;15;5;31;1130;1;2;2;1;3;80;LIBERATION (BD DE LA);;;;940
201500043596;15;6;9;1815;1;2;1;1;2;80;81, FRANCE (R DE);;;;940
201500043597;15;6;10;1945;1;2;3;1;3;80;., BELFORT (R DE);;;;940
201500043598;15;6;17;1525;1;2;1;1;1;67;13, ALOUETTE (R DE L);;;;940
201500043599;15;6;19;1700;1;2;1;1;2;80;21, VICTOR BASCH (R);;;;940
201500043600;15;6;25;1735;1;2;3;1;6;80;56, FONTENAY (R DE);;;;940
201500043601;15;7;5;2230;5;2;3;1;1;80;., PARIS (AV DE);;;;940
201500043602;15;7;6;835;1;2;1;1;6;80;33, LIBERATION (BD DE LA;;;;940
201500043603;15;7;9;1915;1;2;1;1;2;80;., MARIGNY (COUR);;;;940
201500043604;15;6;28;1220;1;2;3;1;3;80;., MEUNIERS (R DES);;;;940
201500043605;15;7;28;1720;1;2;3;2;2;80;., PASTEUR (R);;;;940
201500043606;15;7;31;1940;1;2;2;1;1;80;204, FONTENAY (R DE);;;;940
201500043607;15;8;27;2200;5;2;2;3;3;67;100, GENERAL DE GAULLE (;;;;940