num_acc;an;mois;jour;hrmn;lum;agg;int;atm;col;com;adr;gps;lat;long;dep
201500043608;15;8;28;1210;1;2;1;1;6;80;30, CHATEAU (AV DU);;;;940
201500043609;15;9;1;1630;1;2;1;1;6;80;8, RAYMOND DU TEMPLE (R);;;;940
201500043610;15;9;1;1835;1;2;1;1;6;80;MIDI (R DU);;;;940
201500043611;15;9;11;1805;1;2;1;1;3;80;31BIS, FELIX FAURE (R);;;;940
201500043612;15;9;14;1700;1;2;2;1;1;80;BERAULT (PL);;;;940
201500043613;15;9;16;1015;1;2;1;3;2;80;24, PARIS (AV DE);;;;940
201500043614;15;9;21;34;5;2;1;1;1;80;, PARIS (AV DE);;;;940
201500043615;15;9;21;1905;2;2;5;2;6;80;PAIX (R DE LA);;;;940
201500043616;15;9;27;1610;1;2;2;1;6;80;MINIMES (AV DES);;;;940
201500043617;15;10;1;1850;1;2;1;1;6;80;60, MONTREUIL (R DE);;;;940
201500043618;15;10;2;1330;1;2;2;1;3;67;GENERAL DE GAULLE (AV DU;;;;940
201500043619;15;10;6;1130;1;2;1;8;7;80;30, PARIS (AV DE);;;;940
201500043620;15;10;9;715;3;2;7;1;3;80;., MINIMES (AV DES);;;;940
201500043621;15;10;10;1655;1;2;1;1;2;67;5, DAUMESNIL (AV);;;;940
201500043622;15;10;14;2235;5;2;1;2;7;80;25, PARIS (AV DE);;;;940
201500043623;15;10;15;850;1;2;3;2;6;67;10, JOFFRE (AV);;;;940
201500043624;15;10;15;2200;5;2;2;2;2;67;DAUMESNIL (AV);;;;940
201500043625;15;10;22;845;1;2;2;2;3;80;135, FRANCE (R DE);;;;940
201500043626;15;10;27;2210;5;2;2;1;3;67;CHARLES DIGEON (PL);;;;940
201500043627;15;11;5;1700;1;2;1;8;7;67;35, JOFFRE (AV);;;;940
201500043628;15;11;6;1000;1;2;1;1;3;67;94, GENERAL DE GAULLE (A;;;;940
201500043629;15;11;19;1850;5;2;3;2;6;80;59, MASSUE (R);;;;940
201500043630;15;11;25;1110;1;2;2;2;3;80;26, PARIS (AV DE);;;;940
201500043631;15;11;29;1455;1;2;1;1;1;67;39, DAUMESNIL (AV);;;;940
201500043632;15;12;1;1755;5;2;4;1;2;67;GENERAL DE GAULLE (AV DU;;;;940
201500043633;15;12;2;1045;1;2;1;1;6;67;09, GENERAL DE GAULLE (A;;;;940
201500043634;15;12;9;1140;1;2;1;1;2;67;4, VICTOR HUGO (AV);;;;940
201500043635;15;12;10;855;1;2;1;1;3;67;108, GENERAL DE GAULLE (;;;;940
201500043636;15;12;10;1940;5;2;1;1;6;80;39 BIS, MONTREUIL (R DE);;;;940
201500043637;15;12;12;2010;5;2;3;1;1;67;LAGNY (R DE);;;;940
201500043638;15;12;15;1300;1;2;2;2;2;67;GENERAL DE GAULLE (AV DU;;;;940
201500043639;15;12;15;2025;5;2;2;2;3;80;., PAUL DEROULEDE (AV);;;;940
201500043640;15;12;18;915;1;2;1;1;3;80;199, FONTENAY (R DE);;;;940
201500043641;15;12;18;1150;1;2;2;1;7;80;., JULES MASSENET (R);;;;940
201500043642;15;12;29;1015;1;2;3;1;3;80;DE GAULLE/MINIMES;;;;940
201500043643;15;12;31;2345;5;2;9;1;6;67;168, PARIS (av. de);;;;940
201500043644;15;1;3;2200;5;2;1;2;6;81;139, PAUL VAILLANT COUTU;;;;940
201500043645;15;1;4;2240;5;2;3;1;6;81;angle, FONTAINEBLEAU (RT;;;;940
201500043646;15;1;7;1910;3;2;3;8;6;81;angle, PETITE SAUSSAIE (;;;;940
201500043647;15;1;10;1620;1;2;3;1;3;81;angle, MOULIN DE SAQUET;;;;940
201500043648;15;1;16;620;4;2;1;1;6;81;162, ROUGET DE L ISLE (A;;;;940
201500043649;15;1;23;2115;5;2;1;1;6;81;QU JULES GUESDE;M;4878110;241618;940
201500043650;15;1;26;1215;1;2;3;1;3;81;angle, ODESSA (R D);;;;940
201500043651;15;1;26;2000;4;2;1;2;6;81;Quai, JULES GUESDE (QU);;;;940
201500043652;15;1;28;805;3;2;3;1;3;81;A, PRES (R DES);;;;940
201500043653;15;1;28;1320;1;2;1;1;7;81;a, ABBE ROGER DERRY (AV;;;;940
201500043654;15;1;29;2100;5;2;1;2;2;81;18, MOULIN DE SAQUET (AV;;;;940
201500043655;15;1;30;1905;5;2;2;1;2;81;1, ABBE ROGER DERRY (AV;;;;940
201500043656;15;1;31;1450;1;2;3;1;3;81;60, PAUL VAILLANT COUTUR;;;;940
201500043657;15;2;2;500;3;1;1;2;2;81;A86, BRETELLE A86;M;4877450;240455;940
201500043658;15;2;5;1205;1;2;1;1;6;81;85 BIS, LOUISE AGLAE CRE;;;;940
201500043659;15;2;6;1755;5;2;1;1;6;81;JULIAN GRIMAU (R);;;;940
201500043660;15;2;9;1000;1;2;6;8;3;81;17, ERNEST HAVET (AV);;;;940
201500043661;15;2;15;2100;5;2;3;1;3;81;52, FORT (R DU);;;;940
201500043662;15;2;17;1750;5;2;1;8;6;81;1, JULES FERRY (R);;;;940
201500043663;15;2;23;1400;1;2;3;1;3;81;39, MOULIN DE SAQUET (AV;;;;940
201500043664;15;2;26;1905;5;2;2;2;6;81;angle, MAXIMILIEN ROBESP;;;;940
201500043665;15;2;27;1220;1;2;2;1;6;81;., LUCIEN FRANCAIS (AV);;;;940
201500043666;15;3;3;1310;1;2;2;1;3;81;., LEON GEFFROY (R);;;;940
201500043667;15;3;4;725;1;2;1;1;7;81;., GENERAL MALLERET JOIN;;;;940
201500043668;15;3;4;1745;1;2;2;1;6;81;., YOURI GAGARINE (AV);;;;940
201500043669;15;3;7;1950;5;2;1;1;3;81;60, LESUEUR (R);;;;940
201500043670;15;3;11;2050;5;2;1;1;6;81;113, CAMILLE GROULT (R);;;;940
201500043671;15;3;15;1450;1;2;3;1;6;81;GENERAL MALLERET JOINVIL;;;;940
201500043672;15;3;23;1315;1;1;1;1;6;81;146, LEON GEFFROY (R);;;;940
201500043673;15;3;24;1840;1;2;1;2;2;81;30, EDITH CAVELL (R);;;;940
201500043674;15;3;24;1140;1;2;1;2;2;81;13, ABBE ROGER DERRY (AV;;;;940
201500043675;15;3;26;1145;1;2;1;2;6;81;13, ABBE ROGER DERRY (AV;;;;940
201500043676;15;3;28;1005;1;2;1;2;6;81;117, ANSELME RONDENAY (R;;;;940
201500043677;15;3;28;1450;1;2;2;1;3;81;., PAUL VAILLANT COUTURI;;;;940
201500043678;15;4;10;1200;1;2;1;1;6;81;GENERAL MALLERET JOINVIL;;;;940
201500043679;15;4;10;2130;5;2;1;1;6;81;14, ABBE ROGER DERRY (AV;;;;940
201500043680;15;4;11;40;4;2;1;1;6;81;15, LEBRUN (R);;;;940
201500043681;15;4;11;1005;1;2;3;1;6;81;Angle, PRESIDENT SALVADO;;;;940
201500043682;15;4;13;915;1;2;3;1;6;81;Angle, GABRIEL PERI (R);;;;940
201500043683;15;4;13;1715;1;2;1;1;6;81;60, PAUL VAILLANT COUTUR;;;;940
201500043684;15;4;14;700;1;2;3;1;6;81;Angle, WATTEAU (VOI);;;;940
201500043685;15;4;18;1800;1;2;1;1;6;81;35, AMPERE (R);;;;940
201500043686;15;4;20;1400;1;2;3;1;6;81;Angle, MARGUERITES (R DE;;;;940
201500043687;15;4;24;1625;1;2;1;1;6;81;27, MAXIMILIEN ROBESPIER;;;;940
201500043688;15;5;2;1540;1;2;1;1;6;81;29BIS, AV ROUGET DE LISL;;;;940
201500043689;15;5;2;1640;1;1;1;1;2;22;BRETELLE A86;M;4877340;240911;940
201500043690;15;5;4;730;1;2;3;1;6;81;20, ABBE ROGER DERRY (AV;;;;940
201500043691;15;5;9;915;1;2;1;1;6;81;., STALINGRAD (BD DE);;;;940
201500043692;15;5;9;2250;5;2;1;1;6;81;58, JEAN JAURES (AV);;;;940
201500043693;15;5;12;1840;1;2;3;1;6;81;Angle, AUBER (R);;;;940
201500043694;15;5;13;1935;1;2;1;1;6;81;26, BOIELDIEU (R);;;;940
201500043695;15;5;13;2250;5;2;1;1;6;81;20, ABBE ROGER DERRY (AV;;;;940
201500043696;15;5;21;1810;1;2;1;1;6;81;niveau 27, LUCIEN FRANCA;;;;940
201500043697;15;5;19;1245;1;2;1;1;6;81;face 99, ROUGET DE L ISL;;;;940
201500043698;15;5;21;845;1;2;1;1;6;81;., PROFESSEUR CALMETTE (;;;;940
201500043699;15;5;21;1810;1;1;1;1;6;81;BRETELLE A86;M;4877410;240232;940
201500043700;15;5;21;2330;5;2;1;1;6;81;1, JULES GUESDE (QU);;;;940
201500043701;15;5;23;1645;1;2;1;1;6;81;36, LOUISE AGLAE CRETTE;;;;940
201500043702;15;5;24;2350;5;1;6;1;6;81;Angle, JULES GUESDE (QU);;;;940
201500043703;15;5;25;1210;1;2;1;1;6;81;., CAMILLE RISCH (R);;;;940
201500043704;15;5;27;1550;1;2;1;1;6;81;131, ROUGET DE L ISLE (A;;;;940
201500043705;15;5;31;1920;1;2;1;1;6;81;26, ARDOINES (R DES);;;;940
201500043706;15;6;4;25;5;2;3;1;3;81;., MOULIN DE SAQUET (AV;;;;940
201500043707;15;6;4;730;1;2;1;1;6;81;1, LEMERLE VETTER (AV);;;;940
201500043708;15;6;6;1830;1;2;2;1;6;81;79, STALINGRAD (BD DE);;;;940
201500043709;15;6;7;1720;1;2;1;1;6;81;17, ABBE ROGER DERRY (AV;;;;940
201500043710;15;6;8;1720;1;2;1;1;6;81;Angle, ABBE ROGER DERRY;;;;940
201500043711;15;6;8;1919;1;2;1;1;6;81;17, EUGENE HENAFF (R);;;;940
201500043712;15;6;9;1525;1;2;1;1;2;81;2, PAUL VAILLANT COUTURI;;;;940
201500043713;15;6;10;1710;1;2;1;1;6;81;14, MAXIMILIEN ROBESPIER;;;;940
201500043714;15;6;13;130;3;1;1;1;6;81;A86;M;4877430;240291;940
201500043715;15;6;15;1805;1;2;1;1;1;81;., KLADNO (R DE);;;;940
201500043716;15;6;17;1830;1;2;1;1;6;81;., ABBE ROGER DERRY (AV;;;;940
201500043717;15;6;19;1145;1;2;3;1;6;81;110 AV A FRANCE/BAIGNADE;;;;940
201500043718;15;6;19;1855;1;2;2;1;6;81;Angle, HUIT MAI 1945 (AV;;;;940
201500043719;15;6;22;1;5;2;1;1;3;81;33, COLONEL FABIEN (AV D;;;;940
201500043720;15;7;3;2240;5;2;6;1;7;81;JULES GUESDE (QU);;;;940
201500043721;15;7;6;720;1;2;1;1;3;81;24, PRESIDENT SALVADOR A;;;;940
201500043722;15;7;7;815;1;2;2;1;6;81;53, JEAN JAURES (AV);;;;940
201500043723;15;7;9;700;1;2;9;1;7;81;40, CHARLES HELLER (R);;;;940
201500043724;15;7;9;1845;1;2;1;1;6;81;1, PAUL VAILLANT COUTURI;;;;940
201500043725;15;7;11;1435;1;2;1;1;6;81;2, PRESIDENT SALVADOR AL;;;;940
201500043726;15;7;11;2155;3;1;1;1;2;81;BRETELLE A86;M;4877340;240285;940
201500043727;15;7;12;2110;2;2;1;1;6;81;68, MOULIN DE SAQUET (AV;;;;940
201500043728;15;7;14;1235;1;2;3;1;6;81;Angle, PRESIDENT SALVADO;;;;940
201500043729;15;7;14;2045;2;2;1;1;6;81;71, JULES GUESDE (QU);;;;940
201500043730;15;7;15;1235;1;2;1;1;2;81;141, ROUGET DE L ISLE (A;;;;940
201500043731;15;7;15;1900;1;1;1;1;6;81;1, MOULIN DE SAQUET (AV;;;;940
201500043732;15;7;20;125;5;2;2;1;3;81;1, STALINGRAD (BD DE);;;;940
201500043733;15;7;31;2015;2;2;1;1;6;81;5, ANDRE MAGINOT (AV);;;;940
201500043734;15;8;1;455;3;1;1;1;2;81;BRETELLE A86;M;4877360;240410;940
201500043735;15;8;1;1150;1;2;1;1;6;81;2, DIX HUIT JUIN 1940 (R;;;;940
201500043736;15;8;4;1045;1;1;1;1;2;81;A86, BRETELLE A86;M;4877340;240312;940
201500043737;15;8;7;2240;5;2;1;1;2;81;98, COLONEL FABIEN (PAS;;;;940
201500043738;15;8;11;1340;1;2;2;1;3;81;Angle, EDITH CAVELL (R);;;;940
201500043739;15;8;21;1310;1;2;3;1;1;81;Angle, JULES GUESDE (QU);;;;940
201500043740;15;8;27;1245;1;1;1;3;2;81;A86, BRETELLE A86;M;4877360;240417;940
201500043741;15;8;29;930;1;2;3;1;3;81;Angle, JULES GUESDE (QU);;;;940
201500043742;15;9;1;1530;1;2;4;1;6;81;Angle, ABBE ROGER DERRY;;;;940
201500043743;15;9;9;1115;1;2;2;1;7;81;Angle, JEAN JAURES (AV);;;;940
201500043744;15;9;12;355;5;2;1;1;6;81;105, JULES GUESDE (QU);;;;940
201500043745;15;9;15;1035;1;2;1;1;6;81;35, AMPERE (R);;;;940
201500043746;15;9;18;810;1;2;2;1;3;81;Angle, COLONEL FABIEN (A;;;;940
201500043747;15;9;30;1025;1;2;1;1;6;81;120, STALINGRAD (BD DE);;;;940
201500043748;15;10;2;830;1;2;2;1;6;81;1, EDOUARD TREMBLAY (R);;;;940
201500043749;15;10;3;1030;1;2;1;1;6;81;12, GROUPE MANOUCHIAN (A;;;;940
201500043750;15;10;6;1530;1;1;1;1;2;81;A86, BRETELLE A86;M;4877360;240428;940
201500043751;15;10;8;1455;1;2;1;1;2;81;82-84, GENERAL MALLERET;;;;940
201500043752;15;10;15;1955;5;2;1;2;3;81;Angle, CHANZY (AV);;;;940
201500043753;15;10;18;620;5;2;1;1;3;81;27, MAXIMILIEN ROBESPIER;;;;940
201500043754;15;10;23;1900;3;2;1;1;3;81;131, PAUL VAILLANT COUTU;;;;940
201500043755;15;10;26;1415;1;2;2;1;1;81;2, YOURI GAGARINE (AV);;;;940
201500043756;15;10;28;920;1;2;3;2;2;81;40, JULES GUESDE (QU);;;;940
201500043757;15;10;30;840;1;1;1;1;3;81;A86, BRETELLE A86;M;4877350;240371;940
201500043758;15;10;30;1710;1;2;1;1;6;81;28, PAUL VAILLANT COUTUR;;;;940
201500043759;15;10;31;1610;1;2;3;1;3;81;Angle, NORIETS (R DES);;;;940
201500043760;15;11;2;755;1;2;1;1;6;81;PAUL ARMANGOT (R);;;;940
201500043761;15;11;2;1625;1;2;1;1;6;81;13, VOLTAIRE (R);;;;940
201500043762;15;11;3;750;2;2;1;2;6;81;25-27, MAXIMILIEN ROBESP;;;;940
201500043763;15;11;10;950;1;2;5;1;6;81;Angle, GABRIEL PERI (R);;;;940
201500043764;15;11;16;1345;1;2;4;1;6;81;261, GABRIEL PERI (R);;;;940
201500043765;15;11;16;1645;1;2;1;1;7;81;FRATERNITE (R DE LA);;;;940
201500043766;15;11;17;525;5;2;1;2;7;81;139, PAUL VAILLANT COUTU;;;;940
201500043767;15;11;23;1745;5;2;1;1;3;81;128, MOULIN DE SAQUET (A;;;;940
201500043768;15;11;25;1715;5;2;1;2;7;81;24, PRESIDENT SALVADOR A;;;;940
201500043769;15;11;30;910;1;2;1;1;6;81;27, MAXIMILIEN ROBESPIER;;;;940
201500043770;15;12;1;1830;5;2;1;1;6;81;ANATOLE FRANCE (AV);;;;940
201500043771;15;12;2;1755;5;2;1;1;3;81;32, PIERRE SEMARD (R);;;;940
201500043772;15;12;6;1805;5;2;1;1;3;81;Angle, ANDRE MALRAUX (R);;;;940
201500043773;15;12;7;1820;5;2;3;1;3;81;GUESDE/PORT A L'ANGLAIS;;;;940
201500043774;15;12;17;1300;1;2;1;1;6;81;135, STALINGRAD (BD DE);;;;940
201500043775;15;12;19;1010;1;2;1;1;6;81;02, EUGENE HENAFF (R);;;;940
201500043776;15;12;22;1610;1;2;1;1;2;81;77-79, MOULIN DE SAQUET;;;;940
201500043777;15;12;22;1725;5;2;2;1;3;81;Angle, PETITE SAUSSAIE (;;;;940
201500043778;15;12;23;1725;5;2;5;1;3;81;Angle, TALMA (R);;;;940
201500043779;15;12;23;1755;5;2;1;1;6;81;., EDOUARD TIL (R);;;;940
201500043780;15;12;26;1445;1;2;2;1;6;81;27, MARIO CAPRA (R);;;;940
201500043781;15;12;29;1945;5;1;1;8;2;81;BRETELLE A86;M;4877440;240522;940
201500043782;15;1;2;1240;1;2;2;1;3;18;BD DU GENERAL LECLERC;M;4894680;223810;950
201500043783;15;3;1;1200;1;2;1;1;6;18;AV MAURICE UTRILLO;M;4894070;223450;950
201500043784;15;1;14;1446;1;2;1;1;6;18;R DES ALLOBROGES;M;4895530;222110;950
201500043785;15;3;5;1830;2;2;2;1;6;18;AV GABRIEL PERI;M;4894420;225090;950
201500043786;15;1;15;1555;1;2;5;1;6;18;R VOLTAIRE;M;4894740;223280;950
201500043787;15;3;13;800;1;2;3;1;6;18;BD  HELOISE;M;4893790;224610;950
201500043788;15;1;15;910;1;1;1;1;4;18;QUAI DE BEZONS;M;4893010;223350;950
201500043789;15;3;16;1130;1;2;3;1;3;18;R HENRI BARBUSSE;M;4893250;223160;950
201500043790;15;1;20;1855;5;1;3;1;3;18;BD MARCEAU GUILLOT;M;4895590;225060;950
201500043791;15;3;10;800;2;2;2;1;3;18;BD HELOISE;M;4893980;224870;950
201500043792;15;12;23;744;3;2;3;1;6;18;R LOUIS LHERAULT;M;4894930;222870;950
201500043793;15;1;22;1500;1;2;1;1;6;176;R SAINT-GERMAIN;M;4896160;219030;950
201500043794;15;3;16;2025;5;2;2;1;3;18;AV DU MARECHAL JOFFRE;M;4895790;223960;950
201500043795;15;1;24;120;5;2;3;1;6;18;AV DE STALINGRAD;M;4895050;226320;950
201500043796;15;3;19;800;1;2;2;1;2;18;R MICHEL CARRE;M;4893540;223870;950
201500043797;15;1;27;935;1;2;1;1;6;176;BD JOFFRE;M;4896290;220130;950
201500043798;15;3;26;1;5;2;3;1;3;18;BD MARCEAU GUILLOT;M;4895620;224870;950
201500043799;15;1;28;1515;1;2;1;1;2;18;R DU DOCTEUR LERAY;M;4894860;225570;950
201500043800;15;3;12;1545;1;2;3;1;6;18;R DE RETHONDES;M;4894640;222990;950
201500043801;15;1;29;2040;3;1;1;3;2;18;QU DE BEZONS;M;4893180;223740;950
201500043802;15;4;4;10;4;2;1;2;4;18;PONT DE COLOMBES;M;4893370;224040;950
201500043803;15;1;31;825;1;2;1;9;6;18;R JEAN LURCAT;M;4895130;222940;950
201500043804;15;4;8;2138;5;2;2;1;3;18;R ALFRED LABRIERE;M;4894630;225420;950
201500043805;15;2;2;1600;1;2;3;1;6;18;R PIERRE JOLY;M;4894630;225020;950
201500043806;15;4;9;1350;1;2;3;1;2;18;R HENRI DUNANT;M;4894630;225010;950
201500043807;15;2;13;1920;5;2;1;2;6;18;R DES AULNETTES;M;4893670;222310;950
201500043808;15;6;10;1810;1;2;2;1;6;18;BD LEON FEIX;M;4894820;225190;950
201500043809;15;2;10;1120;1;2;2;1;6;18;AV MAURICE UTRILLO;M;4894490;223380;950
201500043810;15;4;27;1650;1;2;1;1;6;176;R SAINT MARTIN;M;4897850;220450;950
201500043811;15;2;7;1450;1;2;4;1;3;18;BD GENERAL LECLERC;M;4893590;222640;950
201500043812;15;4;26;1840;1;2;3;1;3;18;R BARATIER;M;4893710;223220;950
201500043813;15;2;13;1845;5;2;1;2;3;18;RTE DE PONTOISE;M;4895350;220560;950
201500043814;15;4;13;1320;1;2;2;1;3;176;R JEAN BART;M;4895870;219720;950
201500043815;15;2;18;1630;1;2;5;1;6;18;AV JEAN JAURES;M;4894140;220740;950
201500043816;15;4;18;1850;1;2;3;1;6;18;R GASTON DAGUENET;M;4895190;226690;950
201500043817;15;2;19;1102;1;2;1;1;6;18;RTE D'ENGHIEN;M;4895690;228530;950
201500043818;15;5;6;1400;1;2;2;1;6;176;R DE SAINT-GERMAIN;M;4896690;219370;950
201500043819;15;2;25;1350;1;2;2;1;3;18;R DU LCL PRUDHON;M;4894310;224250;950
201500043820;15;5;14;2230;5;2;6;1;6;18;BD GENERAL DELAMBRE;M;4893390;222560;950
201500043821;15;5;8;1340;1;2;1;1;6;18;AV MAURICE UTRILLO;M;4894620;223320;950
201500043822;15;5;14;2000;1;2;1;1;1;18;R HENRI BARBUSSE;M;4893260;223180;950
201500043823;15;5;9;1730;1;2;1;1;3;582;BD GABRIEL PERI;M;4896240;226090;950
201500043824;15;5;5;2010;2;2;3;1;6;18;BD JEANNE D'ARC;M;4894520;224660;950
201500043825;15;5;12;645;1;2;2;1;3;18;AV DE VERDUN;M;4895250;224350;950
201500043826;15;5;13;835;1;2;2;1;3;18;AV GENERAL DE GAULLE;M;4894270;224310;950
201500043827;15;5;18;1400;1;2;6;1;3;18;R DIX NEUF MARS 1962;M;4894680;223820;950
201500043828;15;5;21;1730;1;2;1;1;3;18;AV JEAN JAURES;M;4894130;221190;950
201500043829;15;7;1;1755;1;2;1;1;6;176;R DU MONT DE VILLIERS;M;4896550;220680;950
201500043830;15;5;27;1651;1;2;1;1;3;18;R DES  DESERTS;M;4895160;227940;950
201500043831;15;5;29;1309;1;1;1;1;6;18;QU DE BEZONS;M;4894220;225630;950
201500043832;15;5;28;1845;1;2;2;1;5;18;R HENRI BARBUSSE;M;4893240;223160;950
201500043833;15;6;3;1500;1;2;3;1;3;18;BD MARCEAU GUILLOT;M;4895590;225060;950
201500043834;15;6;4;2135;1;2;1;1;6;18;AV JEAN JAURES;M;4894130;221310;950
201500043835;15;5;17;1938;1;2;3;1;3;18;AV MARECHAL JOFFRE;M;4895790;223960;950
201500043836;15;6;1;800;1;2;1;1;3;18;QUAI DE BEZONS;M;4894290;225730;950
201500043837;15;6;2;838;1;2;1;1;3;18;R HENRI BARBUSSE;M;4893790;224170;950
201500043838;15;5;29;1112;1;2;2;1;3;18;R DE GODE;M;4896240;226990;950
201500043839;15;6;8;815;1;2;3;1;3;176;BD CLEMENCEAU;M;4897390;218860;950
201500043840;15;6;5;910;1;2;1;1;6;18;R DE LA NONNAISE;M;4895380;223920;950
201500043841;15;6;20;2324;4;2;1;1;3;18;RTE DE CORMEILLES;M;4895830;222840;950
201500043842;15;6;13;1445;1;2;3;1;6;18;R DEFRESNE BAST;M;4894660;225370;950
201500043843;15;6;17;1220;1;2;1;1;5;18;BD MARTYRS CHATEAUBRIANT;M;4895160;221150;950
201500043844;15;6;18;910;1;2;1;1;3;18;R HENRI BARBUSSE;M;4893330;223310;950
201500043845;15;6;29;2104;1;2;1;1;7;18;ALL PAUL ELUARD;M;4895410;222660;950
201500043846;15;7;1;1520;1;2;1;1;6;18;AV DU MARECHAL JOFFRE;M;4895880;223910;950
201500043847;15;7;2;8;5;2;2;1;1;18;BD DU GENERAL DELAMBRE;M;4893040;222780;950
201500043848;15;7;2;2000;1;1;3;1;2;18;RTE D'ENGHIEN;M;4895590;227870;950
201500043849;15;6;26;1620;1;2;3;1;3;176;BD JOFFRE;M;4896050;220290;950
201500043850;15;6;29;825;1;2;3;1;2;18;R JEAN POULMARCH;M;4895510;221180;950
201500043851;15;7;5;2130;1;2;2;1;3;18;R JEAN LURCAT;M;4895190;222870;950
201500043852;15;7;7;347;5;2;3;1;6;18;BD PIERRE CURIE;M;4895280;224510;950
201500043853;15;7;9;2120;1;2;1;1;7;18;BD HELOISE;M;4894050;224980;950
201500043854;15;7;10;1355;1;2;2;1;3;18;R DES BLEUETS;M;4894370;221830;950
201500043855;15;7;18;1400;1;2;1;1;3;18;R MICHEL CARRE;M;4893360;223550;950
201500043856;15;7;11;1900;1;2;1;1;6;18;R POIRIER FOURRIER;M;4894790;222830;950
201500043857;15;7;30;245;5;2;1;1;7;18;AV JEAN  JAURES;M;4894140;221080;950
201500043858;15;7;22;1800;1;2;1;1;3;18;RTE D'ENGHIEN;M;4895580;227820;950
201500043859;15;7;10;1855;1;2;3;1;3;18;R DE JOLIVAL;M;4896190;227150;950
201500043860;15;7;29;1809;1;2;3;1;3;18;R ARY SCHEFFER;M;4893540;224180;950
201500043861;15;7;29;155;5;2;3;1;2;18;AV DE STALINGRAD;M;4895290;226930;950
201500043862;15;7;31;1400;1;2;2;1;2;176;RTE D'ARGENTEUIL;M;4896970;220110;950
201500043863;15;8;7;2310;5;2;2;1;3;18;R MICHEL CARRE;M;4893650;224010;950
201500043864;15;8;16;145;5;2;1;1;3;18;RTE D' ENGHIEN;M;4895690;228520;950
201500043865;15;8;9;1412;1;2;4;1;3;18;R ANTONIN GEORGES BELIN;M;4894720;224660;950
201500043866;15;8;23;1415;1;2;1;1;6;18;BD JEAN  ALLEMANE;M;4896190;225940;950
201500043867;15;8;21;1120;1;2;1;1;6;18;AV STALINGRAD;M;4895430;227250;950
201500043868;15;9;2;815;1;2;3;1;2;18;R DE LA NONAISE;M;4895380;223910;950
201500043869;15;8;27;425;4;2;2;2;3;18;R DE LA NONAISE;M;4895330;223710;950
201500043870;15;9;14;1245;1;2;1;1;3;18;R DANIELE CASANOVA;M;4893030;222760;950
201500043871;15;9;9;1845;1;2;1;1;2;18;AV MAURICE UTRILLO;M;4894660;223290;950
201500043872;15;10;10;1620;1;2;1;1;3;18;R DU MOULIN SARRAZIN;M;4894060;223260;950
201500043873;15;9;4;1835;1;2;1;1;3;63;R EDOUARD VAILLANT;M;4892520;221050;950
201500043874;15;9;20;1840;1;2;1;1;6;63;AV GABRIEL PERI;M;4892970;221340;950
201500043875;15;9;18;2130;4;2;1;1;6;582;R DE LA REPUBLIQUE;M;4897290;226230;950
201500043876;15;9;21;1850;1;2;1;1;1;63;R EDOUARD VAILLANT;M;4892460;220920;950
201500043877;15;9;11;1715;1;1;1;1;5;18;RD 311;M;4895510;227650;950
201500043878;15;9;21;810;1;2;3;1;3;18;AV DE VERDUN;M;4895390;224280;950
201500043879;15;9;22;1640;1;2;1;1;6;18;BD JEAN ALLEMANE;M;4895390;225440;950
201500043880;15;9;28;840;1;2;1;1;6;63;RUE EMILE ZOLA;M;4892280;221490;950
201500043881;15;9;22;1920;2;2;1;3;7;63;R SALVADOR ALLENDE;M;4891460;220410;950
201500043882;15;9;30;1810;1;2;2;1;6;18;R JEAN BORDEREL;M;4894310;225270;950
201500043883;15;10;1;1050;1;2;1;1;4;18;AV DE VERDUN;M;4895310;224330;950
201500043884;15;10;1;1340;1;2;4;1;6;18;AV DU MARECHAL JOFFRE;M;4895940;223870;950
201500043885;15;10;1;1931;2;2;2;1;3;18;BD GENERAL DELAMBRE;M;4893050;222780;950
201500043886;15;10;5;1425;1;2;4;1;6;18;BD JEAN ALLEMANE;M;4895670;225620;950
201500043887;15;9;11;910;1;2;1;1;3;18;AV DU CHATEAU;M;4893380;223210;950
201500043888;15;10;4;1130;1;2;7;1;3;63;PL LENINE;M;4892260;221780;950
201500043889;15;9;27;1735;1;2;1;1;6;18;AV JEAN JAURES;M;4894080;221730;950
201500043890;15;10;12;1235;1;2;2;1;3;582;R LTNT GEORGES KEISER;M;4897710;225610;950
201500043891;15;9;29;1350;1;2;1;1;6;18;R CHARLES LECOQ;M;4893960;222660;950
201500043892;15;9;28;1100;1;2;1;1;5;18;QU DE BEZONS;M;4894250;225660;950
201500043893;15;10;13;2235;5;2;1;1;2;18;RTE DE PONTOISE;M;4894280;220670;950
201500043894;15;10;21;43;5;2;4;2;6;18;AV DU MARECHAL JOFFRE;M;4896660;223210;950
201500043895;15;10;16;935;1;2;1;2;7;176;BD CLEMENCEAU;M;4897120;219240;950
201500043896;15;10;16;700;2;2;1;2;2;18;RTE DE PONTOISE;M;4894470;220640;950
201500043897;15;10;22;45;5;2;1;2;6;18;R HENRI  BARBUSSE;M;4893210;223090;950
201500043898;15;10;20;1530;1;2;4;1;3;18;RD 15E;M;4893420;223990;950
201500043899;15;10;25;940;1;2;1;1;6;18;PLACE PIERRE SEMARD;M;4894780;225610;950
201500043900;15;10;25;1550;1;2;2;1;6;18;R DU NORD;M;4896090;225540;950
201500043901;15;10;27;1405;1;2;1;1;6;18;BD GALLIENI;M;4894250;224270;950
201500043902;15;10;30;1700;1;2;1;1;7;18;R DU LT COL PRUDHON;M;4894510;223960;950
201500043903;15;11;2;820;2;2;1;1;3;18;AV GABRIEL  PERI;M;4894270;225250;950