num_acc;an;mois;jour;hrmn;lum;agg;int;atm;col;com;adr;gps;lat;long;dep
201500043904;15;11;3;1020;1;2;1;2;7;582;R PIERRE EMILE LESACQ;M;4897080;226860;950
201500043905;15;10;21;550;5;2;1;1;3;18;RD 311;M;4893020;223390;950
201500043906;15;11;9;800;1;2;2;1;3;18;R HENRI BARBUSSE;M;4894010;224510;950
201500043907;15;11;17;315;5;1;3;2;7;18;RD 311;M;4893080;223540;950
201500043908;15;11;13;1940;2;1;1;1;6;18;RTE DE CORMEILLES;M;4895870;222790;950
201500043909;15;11;20;1715;5;2;1;1;6;18;RTE DE CORMEILLES;M;4895080;223650;950
201500043910;15;11;24;1910;4;2;2;2;2;63;PL LENINE;M;4892250;221780;950
201500043911;15;11;27;900;1;2;2;1;6;18;R  RECHSTEINER;M;4894980;224250;950
201500043912;15;12;3;730;5;2;3;1;3;63;R DANIEL BARON;M;4892280;220690;950
201500043913;15;11;3;1851;5;2;1;1;6;18;R D'EPINAY;M;4895470;228480;950
201500043914;15;12;13;2127;3;1;1;1;2;18;RTE DE CORMEILLES;M;4896350;221420;950
201500043915;15;12;17;915;1;2;3;1;3;176;BD CLEMENCEAU;M;4897460;218750;950
201500043916;15;12;24;15;3;2;2;1;1;18;AV MAURICE  UTRILLO;M;4894170;223450;950
201500043917;15;12;10;1815;5;2;1;1;6;176;R DE SAINT-GERMAIN;M;4896736;219466;950
201500043918;15;12;11;2009;5;2;3;1;3;18;RTE DE PONTOISE;M;4894810;220610;950
201500043919;15;12;13;1;5;2;1;1;6;18;R PAULVAILLANT COUTURIER;M;4894510;225240;950
201500043920;15;12;27;1545;1;2;1;1;2;18;AV MAURICE UTRILLO;M;4894770;223210;950
201500043921;15;12;19;1630;1;2;2;1;3;176;R DE LA REPUBLIQUE;M;4897160;220340;950
201500043922;15;4;7;1225;1;2;1;1;6;63;R DE SARTROUVILLE;M;4893440;220360;950
201500043923;15;5;12;2125;2;2;2;1;3;63;R DE SARTROUVILLE;M;4893360;220440;950
201500043924;15;5;20;515;5;2;1;1;6;63;R EMILE ZOLA;M;4892380;220630;950
201500043925;15;3;17;1700;1;2;3;1;3;63;R EDOUARD VAILLANT;M;4892510;221010;950
201500043926;15;5;21;835;1;2;2;1;3;63;AV GABRIEL PERI;M;4893150;221170;950
201500043927;15;6;10;2150;2;2;1;1;6;63;R ADRIEN DECOBECQ;M;4893750;220390;950
201500043928;15;8;3;1855;1;2;1;1;6;63;R FRANCIS DE PRESSENSE;M;4892940;222060;950
201500043929;15;7;1;1545;1;2;2;1;3;63;R LUCIEN SAMPAIX;M;4893740;220710;950
201500043930;15;2;4;1925;5;2;1;1;6;63;R SALVADOR ALLENDE;M;4891510;220520;950
201500043931;15;2;6;1535;1;2;1;1;6;63;R EMILE ZOLA;M;4892260;221710;950
201500043932;15;2;4;740;2;2;1;1;3;63;R SALVADOR ALLENDE;M;4891840;221310;950
201500043933;15;1;16;2015;5;2;1;1;3;500;QUAI EUGENE TURPIN;M;4905380;211120;950
201500043934;15;3;5;830;1;2;3;8;6;127;BD DE L'HAUTIL;M;4903040;207060;950
201500043935;15;1;17;2327;3;1;1;1;2;500;BD DE LA VIOSNE;M;4904770;208090;950
201500043936;15;3;5;1730;1;2;1;1;2;637;BD DE L'OISE;M;4903360;201980;950
201500043937;15;1;8;715;3;2;1;1;6;500;AV GAL GABRIEL DELARUE;M;4904490;208840;950
201500043938;15;3;20;950;1;2;1;8;6;572;R DU GENERAL LECLERC;M;4904560;210670;950
201500043939;15;1;23;1606;1;2;1;1;6;500;R DE GISORS;M;4905180;209660;950
201500043940;15;3;27;540;3;2;1;1;2;572;AV DU FOND DE VAUX;M;4904940;214710;950
201500043941;15;1;28;2035;5;2;2;2;6;127;AV DU NORD;M;4903630;206870;950
201500043942;15;4;4;1021;1;1;1;1;2;127;RN 14;M;4904990;206849;950
201500043943;15;2;5;1650;1;1;1;1;6;572;R DU COMPAS;M;4904160;213640;950
201500043944;15;4;7;930;1;1;1;1;1;218;BD JACQUES DUCLOS;M;4901970;209840;950
201500043945;15;2;19;1930;5;2;3;9;3;127;AV DU BONTEMPS;M;4905290;201779;950
201500043946;15;4;10;1838;1;2;1;1;6;127;BD DE L'EVASION;M;4904950;201319;950
201500043947;15;1;30;945;1;2;2;4;3;127;BD MOULIN A VENT;M;4904950;202340;950
201500043948;15;4;15;1130;1;2;1;1;3;500;QU DU POTHUIS;M;4904910;210240;950
201500043949;15;4;24;1550;1;2;1;1;6;218;AV ROGER GUICHARD;M;4902370;209640;950
201500043950;15;2;26;1625;1;2;6;3;3;183;RD POINT DU MIROIR;M;4904440;200610;950
201500043951;15;4;25;1426;1;2;3;1;3;500;CH JULES CESAR;M;4904670;208250;950
201500043952;15;2;27;1600;1;1;1;1;1;74;RD 922;M;4902100;199230;950
201500043953;15;4;29;2230;5;2;6;2;3;572;AV DE PARIS;M;4903520;212280;950
201500043954;15;5;2;1734;1;2;3;2;3;572;R D'EPLUCHES;M;4905360;211850;950
201500043955;15;5;13;1750;1;2;1;1;3;218;BD JACQUES DUCLOS;M;4902030;209940;950
201500043956;15;6;6;715;1;2;1;1;7;476;R HENRI DUNANT;M;4906070;205810;950
201500043957;15;6;5;2100;1;2;1;1;2;500;BD DE L'OISE;M;4903090;208990;950
201500043958;15;6;12;1930;1;2;2;1;2;637;MAIL GEORGES BRASSENS;M;4902310;202740;950
201500043959;15;6;16;835;1;2;1;1;6;323;BD D'ECANCOURT;M;4901070;204429;950
201500043960;15;6;17;20;5;2;1;1;6;488;AV DE LA LIBERATION;M;4900330;218770;950
201500043961;15;6;13;1225;1;1;1;1;3;450;R DE CONFLANS;M;4901210;207460;950
201500043962;15;6;27;2300;3;2;3;1;3;488;AV GENERAL LECLERC;M;4901960;214830;950
201500043963;15;7;20;2100;1;2;1;1;2;127;BD DU MOULIN A VENT;M;4905190;202409;950
201500043964;15;7;25;1410;1;1;1;1;3;388;R DES EPINETTES;M;4902450;197450;950
201500043965;15;8;1;1630;1;2;1;1;2;500;RUE EMILE ZOLA;M;4905610;208330;950
201500043966;15;8;7;2140;5;1;1;1;7;218;BD JACQUES DUCLOS;M;4903080;210470;950
201500043967;15;8;17;1015;1;1;1;1;2;476;RTE D'ENNERY;M;4907290;208579;950
201500043968;15;8;31;515;5;2;1;1;6;572;AV DES BETHUNES;M;4904150;214070;950
201500043969;15;8;31;2135;3;1;1;1;6;488;BD DU HAVRE;M;4900750;216940;950
201500043970;15;9;2;1235;1;2;1;1;3;637;AV BORIS VIAN;M;4903240;201569;950
201500043971;15;9;11;20;5;2;1;1;6;127;BD DU PORT;M;4903170;206260;950
201500043972;15;9;19;1630;1;1;1;1;5;127;RN 14;M;4905540;205070;950
201500043973;15;9;19;1810;1;2;4;1;6;572;AV GENERAL DE GAULLE;M;4904330;210790;950
201500043974;15;10;3;1335;1;2;1;1;3;127;AV DES GENOTTES;M;4904970;203710;950
201500043975;15;10;17;1520;1;2;6;1;3;127;RD POINT DU CHENE;M;4904710;202220;950
201500043976;15;10;13;1830;1;2;1;1;2;127;BD DE L'OISE;M;4903910;207680;950
201500043977;15;10;27;1827;5;2;1;2;1;323;AV DES SAULES BRULES;M;4901170;205660;950
201500043978;15;11;9;1900;5;2;6;1;3;127;BD DE L'HAUTIL;M;4903470;208280;950
201500043979;15;11;25;745;1;2;1;2;3;127;BD DE LA PAIX;M;4905370;202840;950
201500043980;15;11;26;825;1;2;1;8;6;127;AV DU BONTEMPS;M;4905280;201929;950
201500043981;15;11;27;1800;5;2;1;2;6;127;BD DE L' EVASION;M;4904830;201460;950
201500043982;15;11;30;2050;4;2;1;1;2;218;BD JACQUES DUCLOS;M;4902410;210370;950
201500043983;15;12;18;130;3;1;1;1;6;500;BD DE LA VIOSNE;M;4904480;207649;950
201500043984;15;12;14;1745;5;2;2;1;3;127;BD DE L'HAUTIL;M;4903290;207890;950
201500043985;15;12;20;110;5;2;2;1;2;127;BD DU PORT;M;4903220;206389;950
201500043986;15;12;25;1400;1;1;1;2;6;488;RTE D'ERAGNY BESSANCOURT;M;4902270;213530;950
201500043987;15;12;27;510;5;1;1;1;3;271;R DE LA CROIX;M;4909110;207209;950
201500043988;15;3;7;725;3;2;2;1;3;288;RTE DE CALAIS;M;4898490;236170;950
201500043989;15;3;20;1300;1;2;1;1;6;427;R DU 11 NOVEMBRE 1918;M;4897480;234490;950
201500043990;15;3;19;940;1;2;1;1;3;427;R GUYNEMER;M;4897490;233690;950
201500043991;15;3;23;1755;1;2;3;1;6;197;AV DIVISION LECLERC;M;4896940;231390;950
201500043992;15;3;29;2105;5;2;2;3;3;197;R NAPOLEON FAUVEAU;M;4897330;232470;950
201500043993;15;4;3;850;1;2;1;1;1;427;AV DE LA  GARE;M;4897510;233730;950
201500043994;15;4;4;1700;1;2;1;1;3;288;RTE DE CALAIS;M;4898270;236250;950
201500043995;15;4;8;1620;1;2;3;1;3;427;AV MAURICE BERTEAUX;M;4897820;234980;950
201500043996;15;4;1;640;3;2;1;1;6;427;RTE DE SAINT LEU;M;4895940;232850;950
201500043997;15;4;14;1105;1;2;3;1;3;197;AV DIVISION LECLERC;M;4897140;231110;950
201500043998;15;4;14;1908;1;2;1;1;6;197;R DU CHATEAU;M;4896860;231980;950
201500043999;15;3;12;859;1;2;1;1;6;197;R DE LA CONCORDE;M;4896610;231720;950
201500044000;15;3;13;1830;2;2;3;1;3;288;R DE LA CHASSE EPEE;M;4898490;233840;950
201500044001;15;4;28;1820;1;2;1;1;6;427;R DES LEVRIERS;M;4897420;233850;950
201500044002;15;5;11;1340;1;2;1;1;6;427;ALL DES ERABLES;M;4897790;235130;950
201500044003;15;4;3;1830;2;2;1;1;6;197;R DU CHATEAU;M;4896760;231850;950
201500044004;15;6;2;1250;1;2;2;1;3;197;RUE HAUTE;M;4897720;232740;950
201500044005;15;6;15;815;1;2;3;1;6;427;R D' EPINAY;M;4896180;233260;950
201500044006;15;6;21;2335;5;2;1;1;6;427;R JEAN MISSOUT;M;4896850;234340;950
201500044007;15;6;24;715;1;2;1;1;5;288;RTE DE CALAIS;M;4898520;236140;950
201500044008;15;6;21;1840;1;2;3;1;3;427;R JULES FERRY;M;4896140;233780;950
201500044009;15;7;1;1019;1;2;1;1;3;288;RTE DE CALAIS;M;4897780;236460;950
201500044010;15;7;15;815;1;2;1;1;6;197;R CHARLES DE GAULLE;M;4897530;232510;950
201500044011;15;8;7;5;3;2;1;1;6;427;RTE DE CALAIS;M;4897670;236480;950
201500044012;15;8;19;1945;1;2;1;1;3;427;AV DE LA GARE;M;4897490;234290;950
201500044013;15;8;27;730;1;2;2;2;6;197;R D'EPINAY;M;4895960;232840;950
201500044014;15;9;7;2215;5;2;3;1;3;427;AV MAURICE UTRILLO;M;4897590;235180;950
201500044015;15;9;24;1730;1;2;3;1;3;197;R DE BALZAC;M;4896220;232220;950
201500044016;15;10;5;2035;5;2;1;1;2;427;R DE VILLETANEUSE;M;4897080;234720;950
201500044017;15;10;23;2030;5;2;3;1;6;288;R CHARLES BONNETTE;M;4898610;235360;950
201500044018;15;10;27;1750;1;2;1;1;2;288;BD  MAURICE UTRILLO;M;4897810;236150;950
201500044019;15;12;4;1005;1;2;4;1;3;288;R DU DOCTEUR GOLDSTEIN;M;4898940;235690;950
201500044020;15;1;7;1845;1;2;1;1;6;427;R D'EPINAY;M;4896870;234010;950
201500044021;15;1;22;1520;1;2;1;1;3;427;R CARNOT;M;4896950;234080;950
201500044022;15;1;23;824;1;2;1;1;6;197;R JEAN BOUIN;M;4896920;232030;950
201500044023;15;2;18;1737;1;2;1;1;6;427;RTE DE SAINT LEU;M;4895740;233070;950
201500044024;15;2;10;900;2;2;1;1;3;427;R D'EPINAY;M;4896670;233830;950
201500044025;15;5;19;1045;1;2;1;1;6;427;R DU 11 NOVEMBRE 1918;M;4897480;234530;950
201500044026;15;11;14;1410;1;2;1;1;6;197;RTE DE  SAINT DENIS;M;4896560;231920;950
201500044027;15;3;4;1740;1;2;1;1;6;210;AV  LA DIVISIONLECLERC;M;4897330;230970;950
201500044028;15;3;13;2030;5;2;1;1;4;598;AV  KELLERMANN;M;4898470;229510;950
201500044029;15;4;1;945;1;2;1;1;2;598;AV KELLERMANN;M;4898410;229460;950
201500044030;15;4;7;1602;1;1;2;1;3;14;RTE DE LA CROIX BLANCHE;M;4901170;230490;950
201500044031;15;4;26;1750;1;2;1;2;1;598;R DE MONTMORENCY;M;4898830;230380;950
201500044032;15;5;1;1745;1;2;1;1;6;555;R D'ORGEMONT;M;4896470;228150;950
201500044033;15;5;9;1245;1;2;1;1;3;598;AV DE  PARIS;M;4898980;229150;950
201500044034;15;5;21;1735;1;2;1;1;2;428;AV CHARLES DE GAULLE;M;4898380;232730;950
201500044035;15;5;22;830;1;2;1;1;6;369;R D'EAUBONNE;M;4899890;228610;950
201500044036;15;5;24;1520;1;2;1;1;6;598;AV KELLERMANN;M;4898490;229530;950
201500044037;15;6;2;1350;1;2;1;1;2;598;AV DE PARIS;M;4898960;229180;950
201500044038;15;6;3;720;1;2;2;1;3;598;AV DE PARIS;M;4898910;229240;950
201500044039;15;6;10;940;1;2;3;1;6;428;AV REPOS DE DIANE;M;4899640;232890;950
201500044040;15;6;11;1709;1;2;1;1;2;598;R DE MONTMORENCY;M;4898920;230550;950
201500044041;15;6;12;730;1;2;1;1;3;555;RTE DE SAINT GRATIEN;M;4896010;227990;950
201500044042;15;6;12;830;1;2;1;1;2;555;R BERTHIE ALBRECHT;M;4896850;228520;950
201500044043;15;6;15;835;1;2;1;1;6;555;R BERTHIE ALBRECHT;M;4896740;228450;950
201500044044;15;6;16;1857;1;2;1;1;1;428;R DE VERDUN;M;4899540;232610;950
201500044045;15;6;17;2330;5;2;1;1;3;598;AV DE PARIS;M;4898980;229130;950
201500044046;15;6;19;810;1;2;1;1;3;598;AV DU GENERAL LECLERC;M;4897960;220390;950
201500044047;15;6;30;815;1;2;1;1;3;428;R DES CARRIERES;M;4898640;230970;950
201500044048;15;7;10;1242;1;2;3;1;3;428;AV GEORGES CLEMENCEAU;M;4899340;232170;950
201500044049;15;7;15;1818;1;2;1;1;2;428;R DE MARGENCY;M;4899280;231620;950
201500044050;15;7;24;1110;1;2;1;1;3;210;R DU GENERAL DE GAULLE;M;4897210;230890;950
201500044051;15;8;5;805;1;2;1;7;6;598;R DU DOCTEUR SCHWEITZER;M;4899550;230190;950
201500044052;15;8;7;705;1;2;1;1;3;14;R ARISTIDE  BRIAND;M;4900590;230210;950
201500044053;15;9;8;1400;1;2;1;1;3;428;R DU CLOS NOTRE DAME;M;4898630;232460;950
201500044054;15;9;23;1620;1;1;1;1;6;210;R DU GENERAL DE GAULLE;M;4896990;230610;950
201500044055;15;9;24;830;1;2;3;1;3;598;R DES FANAUDES;M;4898370;230310;950
201500044056;15;9;29;840;1;2;3;1;3;598;AV GENERAL LECLERC;M;4897940;230410;950
201500044057;15;10;2;1840;1;2;1;1;2;598;BLD D'ANDILLY;M;4900190;231240;950
201500044058;15;10;13;820;1;2;1;1;2;598;R DU DOCTEUR SCHWEITZER;M;4899520;230270;950
201500044059;15;10;16;2040;5;2;2;2;3;555;BD MARECHAL FOCH;M;4896410;228860;950
201500044060;15;10;17;1530;1;2;2;8;3;210;R DU GENERAL DE GAULLE;M;4897190;230870;950
201500044061;15;10;21;930;1;2;1;1;2;14;AV DE DOMONT;M;4900930;231270;950
201500044062;15;10;25;1805;5;2;1;1;6;555;R DU GENERAL LECLERC;M;4896660;229140;950
201500044063;15;11;5;1620;1;2;1;1;6;598;AV KELLERMANN;M;4898160;229270;950
201500044064;15;11;5;1620;1;2;1;1;3;428;AV  CHARLES DE GAULLE;M;4898160;232130;950
201500044065;15;11;8;1618;1;2;1;1;3;598;AV  KELLERMANN;M;4898230;229320;950
201500044066;15;11;9;1800;1;2;2;1;1;598;AV GENERAL LECLERC;M;4897860;230520;950
201500044067;15;11;12;805;5;2;1;1;3;428;R PERQUEL;M;4897560;231420;950
201500044068;15;12;3;925;1;2;2;1;3;428;RUELLE DES MARTINETS;M;4898290;232830;950
201500044069;15;12;3;1345;1;2;1;1;2;598;AV DE PARIS;M;4898940;229210;950
201500044070;15;9;6;615;5;2;1;1;6;555;R JEAN JACQUES ROUSSEAU;M;4896240;228110;950
201500044071;15;12;11;2140;5;2;1;1;1;210;R DU DEPART;M;4897390;230580;950
201500044072;15;12;27;1517;1;2;3;1;3;555;AV DANIELLE CASANOVA;M;4897050;228750;950
201500044073;15;1;2;2045;5;2;3;1;6;219;R DU GENERAL DE GAULLE;M;4898160;227090;950
201500044074;15;3;3;1615;1;2;1;2;4;574;RTE DE MONTMORENCY;M;4900970;226430;950
201500044075;15;1;14;1740;3;2;1;1;6;426;BD ARMAND HAYEM;M;4900640;228160;950
201500044076;15;3;8;2025;5;2;3;1;3;252;R MAURICE DALESME;M;4899230;223740;950
201500044077;15;1;15;1140;1;2;1;1;3;203;AV EDOUARD VAILLANT;M;4898580;227850;950
201500044078;15;3;14;1950;5;2;1;1;3;491;R GABRIEL PERI;M;4899840;224590;950
201500044079;15;1;19;2120;5;2;2;1;2;252;BD RHIN ET DANUBE;M;4898850;223030;950
201500044080;15;3;18;1010;1;2;1;1;2;252;BD DU BEL-AIR;M;4898710;223390;950
201500044081;15;1;18;730;5;2;3;1;6;219;R DE LA DEMI-LUNE;M;4898310;225860;950
201500044082;15;3;24;1220;1;2;2;1;3;252;CHE DE LA MARE EPINEUSE;M;4899130;220640;950
201500044083;15;1;31;1615;1;2;1;3;6;219;AV GEORGES POMPIDOU;M;4898220;224630;950
201500044084;15;3;24;1320;1;2;1;1;6;219;R D'AQUILON;M;4898030;226140;950
201500044085;15;3;25;715;1;2;6;2;3;203;CARR CHARLES DE GAULLE;M;4899490;227570;950
201500044086;15;2;2;1840;5;2;6;1;3;219;R JEAN JAURES;M;4898020;226210;950
201500044087;15;3;27;1415;1;2;2;1;3;252;AV DES MARAIS;M;4899910;221910;950
201500044088;15;2;3;915;1;2;3;1;3;219;R NOEL SEYSEN;M;4898010;225740;950
201500044089;15;4;12;205;5;2;1;1;7;219;R DU GENERAL LECLERC;M;4898120;227050;950
201500044090;15;2;5;1900;5;2;1;1;3;252;AV DES MARAIS;M;4899530;222080;950
201500044091;15;4;21;1000;1;2;1;1;6;252;R GENERAL LECLERC;M;4898410;222690;950
201500044092;15;5;6;820;1;2;1;1;3;219;R DE LA REPUBLIQUE;M;4898860;226050;950
201500044093;15;5;14;1445;1;2;1;3;6;582;AV DE  SABERNAUDE;M;4899830;220450;950
201500044094;15;2;24;1545;1;2;4;2;4;203;R DU GENERAL LECLERC;M;4898880;227420;950
201500044095;15;5;19;820;1;2;1;1;3;426;R DE LA  TOUR;M;4900690;227960;950
201500044096;15;5;19;758;1;2;1;1;6;203;RTE DE MONTLIGNON;M;4900330;228110;950
201500044097;15;2;26;2000;5;2;1;3;6;219;R JEAN RICHEPIN;M;4898930;224920;950
201500044098;15;5;22;620;1;2;1;1;7;252;CHAUSSEE JULES CESAR;M;4900160;222060;950
201500044099;15;5;26;2255;5;2;1;1;6;491;R CHARLES DE GAULLE;M;4900360;223930;950
201500044100;15;5;27;1120;1;2;1;1;2;219;R DU 18 JUIN;M;4898930;225820;950
201500044101;15;6;6;1600;1;2;1;1;2;252;BD DU BEL-AIR;M;4898830;223090;950
201500044102;15;6;7;1830;1;2;1;1;6;203;RTE DE SAINT LEU;M;4899590;227310;950
201500044103;15;6;9;1230;1;2;6;1;3;219;PL ROBERT BICHET;M;4898910;225860;950
201500044104;15;6;12;2040;1;2;1;1;6;219;R DU STAND;M;4899480;225590;950
201500044105;15;6;20;1445;1;2;1;1;3;219;R DU STAND;M;4899710;225090;950
201500044106;15;6;22;1605;1;2;1;2;6;203;R JEAN THOMAS;M;4899220;228590;950
201500044107;15;6;22;1900;1;2;1;3;6;252;BD DU BEL-AIR;M;4898750;223290;950
201500044108;15;6;26;1750;1;2;1;1;6;582;R LOUIS GILLET;M;4898060;224510;950
201500044109;15;6;29;1620;1;2;1;1;6;426;R DES ECOLES;M;4900920;228340;950
201500044110;15;7;2;900;1;1;1;1;7;252;CHE DES COTILLONS;M;4897970;222350;950
201500044111;15;7;2;1350;1;2;2;1;3;491;AV  VIVIANI;M;4900090;224210;950
201500044112;15;6;5;1400;1;2;1;1;6;574;AV GENERAL LECLERC;M;4900179;226321;950
201500044113;15;7;13;2100;1;2;1;1;6;203;AV PREMIERE ARMEE;M;4899340;226560;950
201500044114;15;7;18;2015;1;2;1;1;2;203;CH JULES CESAR;M;4898220;227940;950
201500044115;15;7;19;150;5;2;1;2;6;219;RTE DE SAINT LEU;M;4899860;225310;950
201500044116;15;7;31;1500;1;2;1;1;6;252;R DU GENERAL LECLERC;M;4898540;222430;950
201500044117;15;8;1;940;1;2;1;1;3;491;R GABRIEL PERI;M;4900030;224170;950
201500044118;15;8;5;915;1;2;1;1;6;219;R DE LA REPUBLIQUE;M;4898870;226010;950
201500044119;15;8;5;1740;1;2;1;1;6;252;R DE PARIS;M;4898150;223270;950
201500044120;15;8;24;1830;1;2;1;2;3;252;R DU GENERAL LECLERC;M;4898720;221450;950
201500044121;15;8;24;1950;1;2;4;3;1;252;BD DU BEL-AIR;M;4898740;223330;950
201500044122;15;8;30;1705;1;2;1;1;4;426;RTE DE PARIS;M;4900490;228230;950
201500044123;15;9;3;930;1;2;1;7;6;203;BD DE LA  REPUBLIQUE;M;4899120;227520;950
201500044124;15;9;3;2235;5;2;1;1;7;252;R DU GENERAL LECLERC;M;4898670;221870;950
201500044125;15;9;6;2015;1;2;1;1;1;219;RTE DE SAINT LEU;M;4899660;225470;950
201500044126;15;9;7;1155;1;2;1;1;3;203;RTE DE SAINT LEU;M;4899570;227350;950
201500044127;15;9;15;1225;1;2;1;1;2;252;BD DU BEL-AIR;M;4898570;223750;950
201500044128;15;9;15;1750;1;2;1;1;6;491;CHE MAISON NEUVE;M;4900490;223360;950
201500044129;15;9;16;1355;1;2;1;2;3;252;BD DU BEL-AIR;M;4898570;223770;950
201500044130;15;9;22;1720;1;2;1;2;3;252;BD MAURICE BERTEAUX;M;4898490;222750;950
201500044131;15;10;1;1550;1;2;1;1;3;203;AV KELLERMANN;M;4897690;229160;950
201500044132;15;10;4;1225;1;2;1;1;6;219;R DU STAND;M;4899610;225310;950
201500044133;15;10;11;1330;1;2;2;1;4;219;AV 1ERE ARMEE FRANCAISE;M;4899330;226510;950
201500044134;15;10;15;1410;1;2;1;8;3;252;R DE LA STATION;M;4899410;223690;950
201500044135;15;10;16;1415;1;2;3;2;3;203;RTE DE MONTMORENCY;M;4900420;227940;950
201500044136;15;10;16;1610;1;2;1;8;3;491;R GABRIEL PERI;M;4899870;224510;950
201500044137;15;10;18;1800;1;2;6;1;3;203;RTE DE SAINT LEU;M;4899490;227540;950
201500044138;15;9;21;1615;1;2;1;1;2;426;R DE PARIS;M;4901310;228620;950
201500044139;15;10;29;1140;1;2;1;1;2;219;R JEAN JAURES;M;4898240;226110;950
201500044140;15;11;5;1010;1;2;1;1;3;203;RTE DE  MONTLIGNON;M;4899560;227610;950
201500044141;15;11;6;1030;1;2;1;1;6;219;R SAINT-FLAIVE PROLONGE;M;4898930;226010;950
201500044142;15;11;6;1640;1;2;3;2;3;203;R TARBE DES SABLONS;M;4899390;227360;950
201500044143;15;11;8;1815;5;2;1;1;2;203;AV DE PARIS;M;4899270;228370;950
201500044144;15;11;9;1555;1;2;1;1;6;582;AV DE SABERNAUDE;M;4898010;224510;950
201500044145;15;11;12;2030;5;2;1;1;2;219;R DU STAND;M;4899590;225350;950
201500044146;15;11;14;1;5;2;3;1;1;491;CH JULES CESAR;M;4899810;223110;950
201500044147;15;11;14;1910;5;2;2;2;3;491;CH JULES CESAR;M;4899590;223840;950
201500044148;15;11;17;710;5;2;6;2;3;203;RTE DE SAINT LEU;M;4899490;227540;950
201500044149;15;11;20;1230;1;2;1;1;2;252;BD RHIN ET DANUBE;M;4899150;222470;950
201500044150;15;11;23;850;1;2;1;1;6;252;AV DES MARAIS;M;4899880;221880;950
201500044151;15;11;26;750;2;2;1;1;6;219;AV DE LA MAIRIE;M;4899019;225648;950
201500044152;15;11;28;1035;1;2;3;1;3;219;R JEAN RICHEPIN;M;4898950;224860;950
201500044153;15;11;28;2155;5;2;1;1;3;252;BD DU BEL-AIR;M;4898440;224080;950
201500044154;15;12;1;745;2;2;1;1;6;219;RTE DE  SAINT LEU;M;4899610;225520;950
201500044155;15;12;1;1425;1;2;1;1;6;219;R DES POINTES BRIDAULT;M;4897830;225910;950
201500044156;15;12;9;1005;1;2;1;1;6;219;R LOUIS SAVOIE;M;4898980;225940;950
201500044157;15;12;10;938;1;2;2;1;6;574;AV GENERAL LECLERC;M;4900610;225860;950
201500044158;15;12;10;1730;5;2;1;1;1;582;BD GAMBETTA;M;4897770;224170;950
201500044159;15;12;11;1110;1;2;1;2;2;203;AV VOLTAIRE;M;4899470;227730;950
201500044160;15;12;15;1820;5;2;1;3;6;219;AV PRESIDENT G.POMPIDOU;M;4898320;224660;950
201500044161;15;12;15;1845;5;2;1;3;6;582;BD CHARLES DE GAULLE;M;4897360;225320;950
201500044162;15;12;16;1550;1;2;1;1;6;426;RTE DE PARIS;M;4900740;228450;950
201500044163;15;12;19;2010;5;2;6;1;5;582;BD MAURICE BERTEAUX;M;4896720;227310;950
201500044164;15;12;28;1025;1;2;6;7;6;219;R DU GRAND GRIL;M;4897980;227030;950
201500044165;15;12;30;2015;5;2;6;1;6;203;RTE DE SAINT LEU;M;4899490;227560;950
201500044166;15;1;13;1540;1;2;3;2;3;252;CHSEE JULES CESAR;M;4900320;221590;950
201500044167;15;2;13;725;2;2;1;1;6;252;R CHARLES BURGER;M;4899480;223170;950
201500044168;15;2;12;1820;5;2;1;1;3;252;R DU GENERAL LECLERC;M;4898520;222460;950
201500044169;15;2;25;1715;1;2;1;2;3;252;BD DU BEL AIR;M;4898440;224060;950
201500044170;15;3;7;245;3;2;1;1;6;252;SENTIER DES MONTFRAIS;M;4897440;223560;950
201500044171;15;10;25;2157;5;2;2;1;1;491;CH JULES CESAR;M;4899990;222610;950
201500044172;15;9;16;2015;5;1;1;1;6;252;Sente bois des montfrais;M;4897540;223510;950
201500044173;15;1;3;1212;1;2;1;1;6;268;AV DU GENERAL DE GAULLE;M;4897160;240160;950
201500044174;15;2;2;1645;1;2;1;1;6;268;R H . TOULOUSE LAUTREC;M;4897850;239420;950
201500044175;15;2;17;1710;1;2;1;1;6;268;R H.TOULOUSE LAUTREC;M;4897910;239480;950
201500044176;15;3;4;1545;1;2;1;1;1;268;R CHARLES GARNIER;M;4897080;239640;950
201500044177;15;3;5;1500;1;2;1;1;6;268;R J-FRANCOIS CHALGRIN;M;4897090;240150;950