num_acc;an;mois;jour;hrmn;lum;agg;int;atm;col;com;adr;gps;lat;long;dep
201500044178;15;5;6;1300;1;2;1;2;6;277;R DU THILLAY;M;4898960;245190;950
201500044179;15;5;9;1752;1;2;3;1;3;280;AV DES DEMOISELLES;M;4902610;245510;950
201500044180;15;5;19;810;1;2;1;7;6;280;AV ALBERT SARRAUT;M;4903230;245880;950
201500044181;15;5;19;1500;1;2;1;1;6;19;R JEAN LAUGERE;M;4899460;241620;950
201500044182;15;5;30;1910;1;2;3;1;6;280;AV DES MARRONIERS;M;4903510;244980;950
201500044183;15;6;1;1630;1;2;1;1;3;280;BD ROGER SALENGRO;M;4903220;247390;950
201500044184;15;6;1;900;1;2;4;1;3;280;BD GENERAL DE GAULLE;M;4901980;247010;950
201500044185;15;6;3;1715;1;2;1;1;7;277;AV LEON BLUM;M;4900390;242460;950
201500044186;15;6;7;825;1;1;1;1;2;277;RTE DE L'EUROPE;M;4898870;248340;950
201500044187;15;1;2;1615;1;2;1;1;6;19;AV DE LA CONCORDE;M;4899760;241810;950
201500044188;15;6;10;910;1;2;1;7;2;280;RTE DE ROISSY;M;4901140;247880;950
201500044189;15;6;15;1244;1;2;2;1;3;280;AV DES TILLEULS;M;4903390;246480;950
201500044190;15;6;23;1830;1;2;1;1;3;280;R COGNAC JAY;M;4903590;246630;950
201500044191;15;6;28;2030;1;2;1;1;2;280;AV DE LA GARE;M;4901840;246680;950
201500044192;15;7;21;2010;1;2;1;1;6;280;AV LECLERC;M;4903860;245380;950
201500044193;15;8;6;2250;5;2;1;1;6;277;AV ROBERT SCHUMAN;M;4898770;243650;950
201500044194;15;8;17;2215;5;2;3;1;3;280;R DE  BIR HAKEIM;M;4903240;247190;950
201500044195;15;9;12;2125;3;2;6;2;3;19;AV PIERRE CURIE;M;4898560;242390;950
201500044196;15;9;16;1250;1;2;1;2;6;280;R JOSEPH CUGNOT;M;4901980;246620;950
201500044197;15;10;22;820;2;2;1;2;6;277;R BERTHELOT;M;4898060;245410;950
201500044198;15;11;26;745;2;2;1;1;6;280;AV ALBERT SARRAUT;M;4902590;246280;950
201500044199;15;12;10;143;3;1;1;1;6;277;RTE DE L'EUROPE;M;4896810;245560;950
201500044200;15;12;10;1715;5;2;1;1;6;277;AV ROBERT SCHUMAN;M;4898560;243850;950
201500044201;15;2;3;2129;3;2;1;1;2;277;RTE PARIS A SENLIS;M;4899120;247640;950
201500044202;15;1;2;2025;5;2;1;1;6;280;BD FRERES MONTGOLFIER;M;4903880;245760;950
201500044203;15;1;6;1035;1;2;1;1;6;280;BD ROGER SALENGRO;M;4903220;247390;950
201500044204;15;1;20;1935;3;2;1;1;6;277;AV GEORGES POMPIDOU;M;4899050;243030;950
201500044205;15;3;5;1050;1;2;1;1;6;277;AV GABRIEL PERI;M;4899180;242980;950
201500044206;15;3;17;1920;2;2;1;1;3;280;R JEAN GOUJON;M;4904020;247490;950
201500044207;15;3;24;2042;3;1;1;2;1;277;RTE DE L'EUROPE;M;4896720;245490;950
201500044208;15;2;2;1530;1;2;1;1;3;280;AV DES TILLEULS;M;4903480;246750;950
201500044209;15;3;31;1720;1;2;2;1;6;19;AV CHARLES VAILLANT;M;4898610;241530;950
201500044210;15;4;8;1600;1;2;2;1;3;280;R JACQUES POTEL;M;4903130;247460;950
201500044211;15;2;13;1614;1;1;1;8;2;277;RD 370;M;4897750;245320;950
201500044212;15;2;26;2030;5;2;1;2;1;280;BD ROGER SALENGRO;M;4903390;247220;950
201500044213;15;3;17;900;1;1;6;1;3;277;R NUNGESSER ET COLI;M;4897910;245210;950
201500044214;15;3;21;2334;5;1;1;2;2;277;CARR DES TULIPES;M;4896880;246450;950
201500044215;15;3;23;1600;1;2;1;1;4;19;R HOCHE;M;4898290;242250;950
201500044216;15;4;8;2045;3;1;2;1;3;277;CARR DES TULIPES;M;4896850;246510;950
201500044217;15;4;9;1620;1;2;1;1;2;19;AV CHARLES VAILLANT;M;4898550;240830;950
201500044218;15;4;13;1740;1;2;1;1;4;280;R AMBROISE CROIZAT;M;4902050;245440;950
201500044219;15;4;19;615;5;1;1;1;6;277;R NUNGESSER ET COLI;M;4897610;245850;950
201500044220;15;1;16;852;1;2;1;1;6;306;PL DE LA LIBERATION;M;4899090;216710;950
201500044221;15;3;4;840;1;2;1;1;4;257;QU DE SEINE;M;4896910;218120;950
201500044222;15;1;29;739;1;2;2;2;6;424;BD DE PONTOISE;M;4898070;218240;950
201500044223;15;3;28;1725;1;2;1;1;2;424;AV DE LA LIBERATION;M;4900550;219330;950
201500044224;15;2;1;1200;1;2;1;1;6;424;BD VICTOR BORDIER;M;4899330;219670;950
201500044225;15;4;17;1505;1;2;1;1;6;424;AV DES FRANCES;M;4899460;220050;950
201500044226;15;2;8;1755;2;2;1;1;3;424;BD VICTOR BORDIER;M;4899510;219260;950
201500044227;15;4;18;840;1;2;1;1;3;306;CHE DE  MONTIGNY;M;4899130;217790;950
201500044228;15;2;12;1830;2;2;1;1;3;257;AV DES LILAS;M;4896180;218160;950
201500044229;15;4;22;1745;1;2;1;1;6;306;R DE LA LOGE;M;4899560;216940;950
201500044230;15;2;13;1602;1;2;3;1;3;424;AV DES FRANCES;M;4899840;220440;950
201500044231;15;4;27;1715;1;2;1;1;6;306;MAIL DES COPISTES;M;4899890;218850;950
201500044232;15;2;14;950;1;2;1;1;3;424;BD DE PONTOISE;M;4899110;218190;950
201500044233;15;5;16;1730;1;2;3;1;3;424;AV DES FRANCES;M;4899830;220450;950
201500044234;15;2;22;1015;1;2;1;1;3;257;BD DE PONTOISE;M;4898410;218170;950
201500044235;15;5;23;200;5;2;1;1;6;306;BD DU HAVRE;M;4900640;217140;950
201500044236;15;2;25;1615;1;2;1;1;4;306;BD DU HAVRE;M;4900690;217060;950
201500044237;15;5;25;140;5;2;4;1;3;424;AV DE LA LIBERATION;M;4900670;219540;950
201500044238;15;5;29;845;1;2;1;1;3;424;AV DES FRANCES;M;4899410;219990;950
201500044239;15;6;2;1730;1;2;1;1;4;306;RTE DE CONFLANS;M;4900420;212960;950
201500044240;15;6;16;1755;1;2;1;1;3;257;BD DE  PONTOISE;M;4897740;218460;950
201500044241;15;6;28;1150;1;2;1;1;6;424;RUE ARISTIDE BRIAND;M;4900440;220170;950
201500044242;15;6;29;1925;1;2;1;1;3;306;AV DE LA LIBERATION;M;4900210;218510;950
201500044243;15;7;30;1205;1;2;1;1;6;306;R DE PONTOISE;M;4899270;216760;950
201500044244;15;8;22;1235;1;2;1;1;6;424;MAGASIN CARREFOUR;M;4899420;219950;950
201500044245;15;9;14;925;1;2;1;1;3;424;BD DE PONTOISE;M;4898920;218190;950
201500044246;15;9;29;1825;1;2;1;1;6;424;CHE DE LA MARE EPINEUSE;M;4899130;220630;950
201500044247;15;10;6;832;1;2;1;1;2;306;RTE DE CONFLANS;M;4900050;214440;950
201500044248;15;10;13;1625;1;2;1;1;6;424;AV ARISTIDE MAILLOL;M;4899450;220190;950
201500044249;15;11;25;740;5;2;2;1;2;306;CHE DES BOEUFS;M;4901220;213190;950
201500044250;15;11;27;850;1;2;2;1;3;257;R DU ONZE NOVEMBRE;M;4897810;217820;950
201500044251;15;12;1;745;2;1;1;1;5;306;RTE DE PIERRELAYE;M;4900370;215670;950
201500044252;15;12;17;500;5;2;1;1;6;306;R DES SABLONS;M;4899030;215890;950
201500044253;15;12;18;1700;1;2;1;1;6;424;R  PIERRE CURIE;M;4898760;218240;950
201500044254;15;3;4;1820;1;1;4;1;6;527;LINEAIRE 2B;M;4900610;254650;950
201500044255;15;1;17;1135;1;1;1;1;6;73;Sortie Viaduc entre T2A;;;;930
201500044256;15;4;14;1920;1;1;1;1;2;527;RTE DE L'ARPENTEUR;M;4901170;252530;950
201500044257;15;5;4;1445;1;1;1;1;4;527;Circuit 2.0;M;4900950;253910;950
201500044258;15;2;7;650;5;1;1;1;6;527;RTE DES BADAUDS;M;4900870;253820;950
201500044259;15;7;27;1410;1;1;1;1;1;294;PERIPHERIQUE SUD/RD 84;;;;770
201500044260;15;4;13;600;5;2;1;1;4;527;Circuit 1.0;M;4900560;253590;950
201500044261;15;3;16;1813;1;1;1;1;2;527;Voie  face T2;M;4901040;254920;950
201500044262;15;7;3;1715;1;1;1;1;2;527;PERIPHERIQUE;M;4902870;255990;950
201500044263;15;2;6;1550;1;1;1;1;2;527;R DES ANNIVERSAIRES;M;4901590;253330;950
201500044264;15;7;9;2040;2;1;1;1;6;527;Circuit 2.0;M;4900950;253910;950
201500044265;15;1;1;1300;1;1;9;1;1;282;NATIONALE 1104 (ANCIENNE;M;4902817;258079;770
201500044266;15;5;25;1126;1;1;1;9;6;73;CROIX AU PLATRE (ROUTE D;;;;930
201500044267;15;8;28;510;5;1;1;2;6;527;Circuit 2.0;M;4900950;253910;950
201500044268;15;12;31;1620;1;1;1;1;6;527;R DE NEW-YORK;M;4901020;255320;950
201500044269;15;6;10;1420;1;1;1;1;3;212;Peripherique;M;4902910;256310;950
201500044270;15;10;6;820;2;1;3;3;3;527;R DES BADAUDS;M;4900810;253130;950
201500044271;15;8;24;2255;5;1;1;1;6;527;Circuit 2.0;M;4900940;253910;950
201500044272;15;7;12;1845;2;1;1;1;7;527;R DU BERCEAU;M;4900680;253410;950
201500044273;15;12;17;1700;5;1;1;1;2;527;R DES DEUX CEDRES;M;4899910;252580;950
201500044274;15;12;9;730;2;1;1;1;2;527;Circuit 1.0;M;4900560;253590;950
201500044275;15;12;10;449;5;1;1;1;6;527;RTE DU NOYER DU CHAT;M;4900460;254790;950
201500044276;15;10;21;740;5;2;1;1;2;527;Circuit 2.0;M;4900940;253910;950
201500044277;15;10;23;2000;5;1;1;1;1;294;PERIPHERIQUE SUD/RD 84 A;;;;770
201500044278;15;12;15;2020;5;1;1;3;6;527;Circuit 2.0;M;4900950;253910;950
201500044279;15;4;16;755;1;1;1;1;4;527;Circuit 1.0;M;4900560;253590;950
201500044280;15;5;28;750;1;1;1;1;7;527;RD 317;M;4901720;249420;950
201500044281;15;2;11;540;5;1;1;1;6;527;RUE DES POSTES;M;4900770;254310;950
201500044282;15;3;13;1010;1;1;1;1;6;294;PERIPHERIQUE SUD/RD 84 A;;;;770
201500044283;15;4;3;700;2;1;1;5;1;212;RTE DES ARPENTEURS;M;4902770;254970;950
201500044284;15;4;4;5;5;1;1;2;6;527;VOIE RAPIDE T2-T3;M;4900610;254650;950
201500044285;15;4;4;1315;1;1;1;8;6;527;Circuit 1.0;M;4900560;253590;950
201500044286;15;4;21;1340;1;2;1;1;2;527;RTE DES PEUPLIERS;M;4900940;255090;950
201500044287;15;5;3;635;2;1;1;2;6;527;VOIE RAPIDE T2-T3;M;4900610;254650;950
201500044288;15;5;6;925;1;1;1;1;1;294;PERIPHERIQUE SUD/RD 84 A;;;;770
201500044289;15;5;13;1300;1;2;1;1;2;13;6, ESPLANADE DE L'AIR ET;;;;930
201500044290;15;5;15;1924;2;1;1;7;2;73;CROIX AU PLATRE (ROUTE D;;;;930
201500044291;15;6;9;1520;1;2;1;1;2;527;VOIE RAPIDE T2-T3;M;4900610;254650;950
201500044292;15;9;9;1;3;2;1;1;1;527;RN 104;M;4902690;251170;950
201500044293;15;10;1;2108;5;2;1;1;4;527;Circuit 2.0;M;4900940;253910;950
201500044294;15;10;4;2230;5;1;1;1;6;527;Circuit 2.0;M;4900940;253910;950
201500044295;15;10;27;2125;5;1;1;2;2;527;VOIE  T2-T3;M;4900620;254790;950
201500044296;15;11;10;136;3;1;1;1;6;294;PERIPHERIQUE SUD/RD 84;;;;770
201500044297;15;12;8;1135;1;1;1;8;2;527;Circuit 1.0;M;4900560;253590;950
201500044298;15;1;29;1310;1;2;1;3;4;585;RTE DE GARGES;M;4898810;237850;950
201500044299;15;3;1;250;3;2;1;2;2;539;RD 301;M;4899310;236060;950
201500044300;15;3;31;1240;1;2;1;1;6;585;AV PAUL VALERY;M;4898020;237360;950
201500044301;15;3;31;1225;1;2;1;1;6;585;AV AUGUSTE PERRET;M;4897620;238030;950
201500044302;15;3;9;2345;5;2;1;1;6;585;BD ALBERT CAMUS;M;4897820;237130;950
201500044303;15;12;16;800;1;2;1;1;1;585;R DES BAUVES;M;4899350;238260;950
201500044304;15;4;9;1250;1;1;1;1;2;680;RD 316;M;4900960;238390;950
201500044305;15;3;18;1945;2;2;1;1;6;585;AV PAUL VALERY;M;4897920;237990;950
201500044306;15;3;26;900;1;2;1;1;6;585;BD ALBERT CAMUS;M;4897630;237060;950
201500044307;15;4;18;1830;1;2;1;1;6;585;AV DIVISION LECLERC;M;4898750;237240;950
201500044308;15;4;12;1900;1;2;1;1;2;585;AV PAUL VALERY;M;4897920;238120;950
201500044309;15;3;12;1845;1;2;1;1;3;680;AV HENRI SELLIER;M;4900880;239860;950
201500044310;15;5;18;740;1;2;1;1;6;539;AV DIVISION LECLERC;M;4899360;233620;950
201500044311;15;2;27;1920;5;2;3;1;6;539;R DE PARIS;M;4899730;235660;950
201500044312;15;5;22;1755;1;2;1;1;7;539;AV DIVISION LECLERC;M;4899560;234410;950
201500044313;15;3;14;220;5;2;1;1;6;585;R DU FER A CHEVAL;M;4899360;239150;950
201500044314;15;5;26;1640;1;2;1;1;3;585;BD MAURICE RAVEL;M;4897450;238240;950
201500044315;15;6;9;1910;1;1;1;1;4;585;AV DIVISION LECLERC;M;4898030;236910;950
201500044316;15;6;6;1920;1;2;1;1;7;585;R TAILLEPIED;M;4899380;237580;950
201500044317;15;6;19;2020;1;2;1;1;6;585;ALL CHARLES BAUDELAIRE;M;4897590;238650;950
201500044318;15;5;27;1420;1;2;1;1;6;680;AV PIERRE SEMARD;M;4900140;240690;950
201500044319;15;6;18;930;1;2;3;2;5;585;RTE DES REFUZNICKS;M;4898420;238720;950
201500044320;15;6;23;1945;1;2;1;1;1;585;BD MAURICE RAVEL;M;4897450;238240;950
201500044321;15;7;1;1600;1;1;2;1;3;539;RD 301;M;4899160;236030;950
201500044322;15;7;2;1820;1;2;1;1;6;585;AV PAUL VALERY;M;4897910;238160;950
201500044323;15;7;10;2000;1;2;1;1;6;585;AV PAUL VALERY;M;4897870;238310;950
201500044324;15;7;31;1600;1;2;6;1;1;585;PL DU SOUVENIR FRANCAIS;M;4899890;238010;950
201500044325;15;8;16;2305;5;2;1;1;6;585;BD JACQUES COPEAU;M;4897580;236960;950
201500044326;15;8;25;2210;5;2;1;2;6;680;AV PIERRE SEMARD;M;4899950;241250;950
201500044327;15;9;10;750;1;2;1;1;6;680;AV DE LA CONCORDE;M;4899850;241570;950
201500044328;15;9;4;1830;1;2;3;1;3;585;AV ANNA DE NOAILLES;M;4897580;237290;950
201500044329;15;9;14;1915;1;2;1;2;2;539;R DE MARAINVAL;M;4900610;235720;950
201500044330;15;9;1;2005;1;2;7;1;6;585;R JEAN LURCAT;M;4898260;238970;950
201500044331;15;7;17;1210;1;2;1;1;6;585;ALL PAUL DUKAS;M;4897440;237290;950
201500044332;15;9;20;1400;1;2;2;1;6;268;AV DU GENERAL DE GAULLE;M;4897660;239190;950
201500044333;15;9;22;1140;1;2;1;2;6;268;AV DE STALINGRAD;M;4896910;241220;950
201500044334;15;9;21;1535;1;2;3;1;5;585;AV PAUL VALERY;M;4898010;237470;950
201500044335;15;9;22;1200;1;2;1;2;6;268;AV DE STALINGRAD;M;4897090;241430;950
201500044336;15;9;27;1530;1;1;1;1;6;680;CHE DU COUDRAY;M;4901320;240030;950
201500044337;15;9;24;1200;1;2;3;1;3;268;AV FREDERIC J CURIE;M;4897480;241190;950
201500044338;15;10;8;1300;1;2;1;1;2;680;AV PIERRE SEMARD;M;4900080;240860;950
201500044339;15;9;26;2040;5;2;1;1;6;585;BD SALVADOR ALLENDE;M;4897870;239290;950
201500044340;15;10;9;1030;1;2;2;1;6;268;AV ANATOLE FRANCE;M;4897330;238960;950
201500044341;15;10;12;2015;5;2;1;1;6;268;R LE NOTRE;M;4897160;239870;950
201500044342;15;10;11;2250;3;1;1;1;2;539;RD 301;M;4900020;235970;950
201500044343;15;10;16;510;5;2;2;2;3;268;AV AMBROISE CROIZAT;M;4896640;240930;950
201500044344;15;10;13;630;5;2;1;1;6;585;AV CHARLES PEGUY;M;4898110;237570;950
201500044345;15;10;27;2030;2;2;1;1;6;680;R DE LA REPUBLIQUE;M;4900680;238790;950
201500044346;15;7;20;2025;1;2;1;1;6;268;R EDGAR DEGAS;M;4897750;239410;950
201500044347;15;6;28;1400;1;2;1;1;2;268;AV DU GENERAL DE GAULLE;M;4897210;240110;950
201500044348;15;11;2;1610;1;2;1;2;7;539;AV DIVISION LECLERC;M;4899570;234430;950
201500044349;15;11;4;1240;1;1;1;1;2;539;RD 301;M;4900020;235970;950
201500044350;15;11;12;1800;5;2;1;1;2;680;AV PIERRE SEMARD;M;4900190;240450;950
201500044351;15;11;19;1755;5;2;3;1;6;585;AV AUGUSTE PERRET;M;4897530;238570;950
201500044352;15;11;20;2145;5;2;2;1;3;680;AV PIERRE SEMARD;M;4900250;240260;950
201500044353;15;11;4;1325;1;2;1;1;6;585;R DES BAUVES;M;4899270;238380;950
201500044354;15;10;16;1930;1;2;1;1;6;585;BD FRANCOIS MITTERAND;M;4898950;237550;950
201500044355;15;9;29;900;1;2;1;1;6;268;R DU TIERS POT;M;4896810;239910;950
201500044356;15;12;5;930;1;2;1;1;1;268;R DE LA PAIX;M;4897270;238530;950
201500044357;15;11;20;830;2;2;1;3;6;268;AV DU GENERAL DE GAULLE;M;4897670;239150;950
201500044358;15;12;7;1930;5;2;1;1;4;585;BD ALBERT CAMUS;M;4897680;237080;950
201500044359;15;12;19;1830;5;2;1;1;4;268;AV DU GENERAL DE GAULLE;M;4897310;240020;950
201500044360;15;12;17;822;1;2;1;1;6;539;R DE COPIN;M;4899930;236080;950
201500044361;15;12;23;1730;5;2;1;1;6;268;R PAUL LANGEVIN;M;4897710;240910;950
201500044362;15;12;23;900;1;2;1;1;6;680;R DE PARIS;M;4900990;238380;950
201500044363;15;10;16;1545;1;2;1;2;3;585;R JEAN JACQUES ROUSSEAU;M;4899520;238420;950
201500044364;15;1;17;1600;1;2;3;1;6;585;AV ANNA DE NOAILLES;M;4897570;237290;950
201500044365;15;1;21;2025;5;2;1;2;2;585;AV DU HUIT MAI 1945;M;4897740;237290;950
201500044366;15;2;21;415;3;1;1;2;2;539;RD 301;M;4899190;236030;950
201500044367;15;3;23;1005;1;2;1;1;2;607;AV DE DIVISION-LECLERC;M;4900850;221220;950
201500044368;15;4;14;2005;1;2;1;1;6;607;BD TEMPS DES CERISES;M;4901710;222760;950
201500044369;15;6;5;1315;1;2;2;1;3;563;R DE PARIS;M;4901620;224840;950
201500044370;15;5;7;1030;1;2;1;1;6;51;CHAUSSEE JULES CESAR;M;4900850;219980;950
201500044371;15;6;30;1020;1;2;4;1;3;60;AV DE LA REPUBLIQUE;M;4904240;220740;950
201500044372;15;8;29;1920;1;2;6;1;3;51;AV PIERRE LOTI;M;4901820;220340;950
201500044373;15;9;17;745;1;2;2;2;3;60;AV DE LA REPUBLIQUE;M;4904240;220740;950
201500044374;15;9;23;910;1;2;3;1;6;607;PLACE DE LA GARE;M;4902540;222190;950
201500044375;15;10;25;2155;5;2;3;1;3;51;CHAUSSEE JULES CESAR;M;4901230;218790;950
201500044376;15;12;4;2100;5;2;1;1;3;607;R D'HERBLAY;M;4901570;220880;950
201500044377;15;12;3;1810;5;2;1;1;6;607;R PASTEUR;M;4902590;222110;950
201500044378;15;12;7;800;2;2;1;8;6;607;BD TEMPS DES CERISES;M;4902130;221990;950
201500044379;15;1;29;2240;5;2;2;4;3;607;BD TEMPS DES CERISES;M;4902280;221750;950
201500044380;15;1;31;2035;5;2;2;2;3;51;AV PIERRE CURIE;M;4901090;219650;950
201500044381;15;2;8;1620;1;2;1;1;2;51;CHAUSSEE JULES CESAR;M;4901190;218940;950
201500044382;15;2;11;1240;1;2;1;1;6;607;AV SALVADOR ALLENDE;M;4902010;222310;950
201500044383;15;3;16;1020;1;2;1;1;3;563;BD ANDRE BREMONT;M;4900150;225160;950
201500044384;15;5;24;1200;1;2;2;1;3;607;R DE BEAUCHAMP;M;4902540;221370;950
201500044385;15;4;17;1855;1;2;1;1;3;607;BD TEMPS DES CERISES;M;4901910;222360;950
201500044386;15;1;2;1415;1;2;1;1;2;4;MEZZAVIA ROUTE DE;M;0;0;201
201500044387;15;3;31;920;1;2;1;1;3;4;SEBASTIANU COSTA BD;M;4193958;874309;201
201500044388;15;12;28;1209;1;2;1;1;2;4;MARECHAL JUIN AVENUE;M;4193676;875077;201
201500044389;15;1;4;345;5;2;3;1;3;4;NAPOLEON COURS APRES BEV;M;0;0;201
201500044390;15;4;1;2110;5;1;3;1;3;4;GRANDVAL COURS IMPAIR;M;4191754;873013;201
201500044391;15;1;8;2240;5;2;3;1;3;4;NAPOLEON III AVENUE PAIR;M;4192596;873447;201
201500044392;15;4;6;2330;5;1;1;1;7;4;Rte CAMPO DELL ORO;M;4192036;879240;201
201500044393;15;1;10;2100;5;2;3;1;3;4;Av de  PARIS;M;4191819;873447;201
201500044394;15;4;11;2035;5;2;1;1;6;4;FRANCHINI NOEL AV DOCTEU;M;4194329;875718;201
201500044395;15;1;11;1610;1;1;1;1;6;4;ILES SANGUINAIRES ROUTE;M;4190086;861654;201
201500044396;15;4;11;15;5;2;1;1;7;4;40, BONAPARTE LUCIEN  CO;M;4190992;872081;201
201500044397;15;4;3;1805;1;1;1;1;3;4;CAMPI LOUIS BD;M;4194241;875099;201
201500044398;15;2;6;758;1;2;1;1;3;4;27, NAPOLEON COURS AVANT;M;4192193;873733;201
201500044399;15;4;14;1305;1;2;1;1;2;4;19, NAPOLEON COURS AVANT;M;0;0;201
201500044400;15;2;10;1240;1;2;3;1;3;4;cours lucien BONAPARTE;M;4191071;872180;201
201500044401;15;2;14;2150;5;2;3;1;3;4;NAPOLEON COURS APRES BEV;M;4192638;873826;201
201500044402;15;5;23;500;5;2;1;1;6;4;14, ROSSINI PASCAL BD;M;0;0;201
201500044403;15;4;8;1150;1;2;1;1;6;4;05, DAVIN IMPASSE;M;4191277;872800;201
201500044404;15;2;22;2130;3;1;1;1;6;4;NATIONALE 196;M;4192610;880905;201
201500044405;15;3;12;2115;5;2;1;1;2;4;CAMPI LOUIS BD;M;4194401;875511;201
201500044406;15;5;30;345;5;1;1;1;6;4;ILES SANGUINAIRES ROUTE;M;0;0;201
201500044407;15;6;11;1800;1;1;1;1;3;4;SARTENE ANCIENNE ROUTE;M;4192801;879562;201
201500044408;15;6;16;2005;1;1;1;1;5;4;MARECHAL JUIN AVENUE;M;4194072;875034;201
201500044409;15;6;25;2215;5;2;7;1;6;4;09, NAPOLEON COURS AVANT;M;4192029;873709;201
201500044410;15;6;28;400;5;2;1;1;7;4;EUGENIE IMPERATRICE AVEN;M;4191987;873396;201
201500044411;15;6;30;2335;3;1;1;1;2;4;NATIONALE 193;M;4193434;880270;201
201500044412;15;6;28;2350;5;2;1;1;7;4;REPUBLIQUE QUAI DE LA;M;4191953;873948;201
201500044413;15;7;7;1823;1;2;2;1;3;4;GEORGES POMPIDOU AVENUE;M;0;0;201
201500044414;15;7;12;113;5;2;1;1;3;4;Bld LANTIVY;M;4191710;873591;201
201500044415;15;7;12;955;1;1;1;1;5;4;NATIONALE 193;M;4193925;880452;201
201500044416;15;7;16;1530;1;2;6;1;3;4;NATIONALE 193;M;4192986;875739;201
201500044417;15;7;18;1315;1;1;1;1;2;4;RD11;M;4193212;869178;201
201500044418;15;7;25;1140;1;2;1;1;6;4;1ER CONSUL RCE RUE CANDI;M;4193505;874554;201
201500044419;15;8;4;1612;1;2;3;1;6;4;PRINCE IMPERIAL COURS;M;4193418;874755;201
201500044420;15;8;10;1417;1;2;3;1;6;4;NAPOLEON COURS APRES BEV;M;4192816;873859;201
201500044421;15;8;1;1550;1;2;1;1;3;4;SANS, AEROPORT NAPOLEON;M;4192059;879386;201
201500044422;15;8;21;2240;5;2;3;1;1;4;CAMPI RUE GENERAL;M;4191896;873569;201
201500044423;15;8;21;1358;1;2;1;1;6;4;NAPOLEON COURS APRES BEV;M;4193203;893203;201
201500044424;15;8;26;2210;5;1;1;1;6;4;ILES SANGUINAIRES ROUTE;M;0;0;201
201500044425;15;9;8;2245;5;2;9;1;3;4;NATIONALE 193;M;4193407;875073;201
201500044426;15;9;10;1005;1;2;1;1;6;4;ROSSINI PASCAL BD;M;0;0;201
201500044427;15;9;18;925;1;2;1;1;6;4;SEBASTIANU COSTA BD;M;4194120;874637;201
201500044428;15;9;26;1710;1;1;1;2;1;4;ALATA ROUTE;M;4193896;873824;201
201500044429;15;9;29;1040;1;2;1;1;6;4;ASPRETTO ROUTE;M;4193208;875644;201
201500044430;15;10;6;1620;1;2;1;1;5;4;Av NAPOLEON III;M;4192585;873451;201
201500044431;15;10;21;1339;1;2;1;1;6;4;., REPUBLIQUE QUAI DE LA;M;4192258;873946;201
201500044432;15;11;7;934;1;2;1;1;3;4;RECCO ABBE BOULEVARD;M;4193741;873803;201
201500044433;15;11;9;1745;2;2;1;1;6;4;., SEBASTIANU COSTA BD;M;4193968;874336;201
201500044434;15;11;11;950;1;2;1;1;6;4;., BIANCAMARIA COLONEL E;M;4193299;873740;201
201500044435;15;11;12;1500;1;2;1;1;6;4;NAPOLEON COURS AVANT BEV;M;4192474;873795;201
201500044436;15;11;18;2245;5;2;3;1;3;4;Rte de MEZZAVIA;M;4194949;876864;201
201500044437;15;12;15;920;1;2;1;1;6;4;PERALDI NICOLAS AVENUE;M;4193542;873662;201
201500044438;15;12;18;1613;1;1;1;1;3;4;NATIONALE 193;M;4194045;880596;201
201500044439;15;12;19;2330;5;1;1;1;6;4;SARTENE ANCIENNE ROUTE;M;4193024;878758;201
201500044440;15;1;13;1340;1;2;1;1;6;381;1, COMEDIE (DE LA);M;4577360;483023;690
201500044441;15;1;17;1720;5;2;1;1;6;381;8, JOSEPH SERLIN;M;4577500;483717;690
201500044442;15;2;3;830;1;2;1;8;6;381;9, RUE PIERRE BLANC;;;;690
201500044443;15;2;6;849;1;2;1;1;6;381;FERNAND REY;;;;690
201500044444;15;2;17;2120;5;2;1;1;6;381;12, JEAN MOULIN;;;;690
201500044445;15;1;3;1220;1;1;1;1;6;44;RN406.W;M;4875880;247013;940
201500044446;15;1;4;215;4;1;1;3;6;73;A86 EXT;M;4876730;237872;940
201500044447;15;1;4;345;5;1;1;8;2;112;A4;;;;750
201500044448;15;1;4;1650;1;1;1;1;6;74;RN406.W;M;4876270;246659;940
201500044449;15;1;5;900;1;1;1;1;2;18;A4;M;4882560;239234;940
201500044450;15;1;8;835;1;1;1;1;2;28;A86 EXT;M;4879570;244294;940
201500044451;15;1;8;1124;1;1;1;3;7;294;A104;M;4897042;257048;770
201500044452;15;1;8;1610;1;1;1;1;7;18;A4;M;4881750;241528;940
201500044453;15;1;9;2100;3;1;1;9;6;121;D471;M;4882929;266688;770
201500044454;15;1;10;1745;1;1;1;1;4;42;A4;M;4882760;247042;940
201500044455;15;1;10;1910;3;1;1;2;4;81;A86 EXT;M;4877340;240267;940