num_acc;an;mois;jour;hrmn;lum;agg;int;atm;col;com;adr;gps;lat;long;dep
201500044456;15;1;11;835;1;1;1;1;2;373;RN104;M;4877540;261251;770
201500044457;15;1;11;1236;1;1;1;1;2;52;A86 INT;M;4884520;249202;940
201500044458;15;1;11;2125;4;1;1;1;6;169;RN104;;;;770
201500044459;15;1;13;115;5;1;1;1;6;46;A86 INT;M;4881080;244889;940
201500044460;15;1;13;945;1;1;1;1;3;73;A86 EXT;M;4877120;239090;940
201500044461;15;1;14;940;1;1;1;1;2;514;A104;;;;770
201500044462;15;1;14;1400;1;1;1;6;2;122;RN104;;;;770
201500044463;15;1;14;1725;1;1;1;1;5;22;A86 EXT;M;4877320;240055;940
201500044464;15;1;15;610;3;1;1;8;5;15;A4;M;4883180;253201;940
201500044465;15;1;15;650;3;1;1;1;2;79;A4;M;4883490;253757;940
201500044466;15;1;16;616;3;1;1;8;6;69;A86 INT;M;4881640;244560;940
201500044467;15;1;16;900;1;1;1;2;5;83;A4.W  (Province-Paris);;;;770
201500044468;15;1;17;1250;1;1;1;1;5;28;A86 EXT;M;4877600;242860;940
201500044469;15;1;17;1350;1;1;1;1;6;44;RN406.Y;M;4875720;247281;940
201500044470;15;1;19;945;1;1;1;2;4;438;A104;;;;770
201500044471;15;1;19;845;1;1;1;4;1;438;A104;;;;770
201500044472;15;1;19;1945;4;1;1;1;4;18;A4;M;4881750;241808;940
201500044473;15;1;20;745;3;1;1;1;7;294;A104;;;;770
201500044474;15;1;20;840;4;1;1;1;6;79;A4;M;4883580;253939;940
201500044475;15;1;21;820;2;1;1;2;6;28;A86 EXT;M;4878440;244056;940
201500044476;15;1;23;920;1;1;1;1;5;112;A4;;;;750
201500044477;15;1;23;2210;3;1;1;1;3;175;A5b (A105);;;;770
201500044478;15;1;24;1210;1;1;1;1;2;438;A104;;;;770
201500044479;15;1;24;1300;1;1;1;1;4;52;A86 INT;M;4884430;249236;940
201500044480;15;1;24;2045;3;1;1;1;1;175;RN104;;;;770
201500044481;15;1;24;2130;4;1;1;1;5;28;A86 EXT;M;4878440;244056;940
201500044482;15;1;24;2300;4;1;1;1;4;17;A4;M;4883030;249236;940
201500044483;15;1;26;550;5;1;1;1;6;52;A86 INT;M;4884270;249262;940
201500044484;15;1;26;1425;1;1;1;2;3;46;A86 INT;M;4880540;244854;940
201500044485;15;1;26;1520;1;1;1;1;3;42;A4;M;4882780;247177;940
201500044486;15;1;27;950;1;1;1;8;4;294;A104;;;;770
201500044487;15;1;28;850;1;1;1;2;2;42;A4;M;4882860;247641;940
201500044488;15;1;29;1745;2;1;1;2;6;18;A4;M;4881750;241873;940
201500044489;15;1;30;1645;1;1;1;1;5;373;RN104;;;;770
201500044490;15;1;31;1130;1;1;1;1;6;258;A4 (Paris-Province);;;;770
201500044491;15;2;1;1140;1;1;1;1;6;2;A86 EXT;M;4877630;242293;940
201500044492;15;2;1;1246;1;1;1;1;4;52;A86 INT;M;4884450;249229;940
201500044493;15;2;1;1720;2;1;1;8;7;44;RN406.Y;M;4875790;247046;940
201500044494;15;2;1;2340;3;1;1;1;2;53;N104;;;;770
201500044495;15;2;3;930;1;1;1;1;3;294;A104;M;4897416;257813;770
201500044496;15;2;4;400;5;1;1;1;5;112;A4;;;;750
201500044497;15;2;4;1800;1;1;1;1;5;18;A4;M;4882490;239322;940
201500044498;15;2;4;2110;3;1;1;1;5;372;A104;;;;770
201500044499;15;2;5;816;1;1;1;1;3;46;A86 EXT;M;4879940;244587;940
201500044500;15;2;5;2205;3;1;1;8;1;450;RN104;;;;770
201500044501;15;2;6;500;3;1;1;1;2;51;A4;;;;930
201500044502;15;2;6;845;1;1;1;1;7;258;A4.(Paris-Province);;;;770
201500044503;15;2;6;1440;1;1;1;1;4;112;A4;;;;750
201500044504;15;2;7;1140;1;1;1;1;3;450;RN104;;;;770
201500044505;15;2;7;1600;1;1;1;1;2;373;RN104;;;;770
201500044506;15;2;7;1915;3;1;1;1;2;258;A4 (Province-Paris);;;;770
201500044507;15;2;8;1445;1;1;1;1;6;372;A104;;;;770
201500044508;15;2;8;1900;3;1;1;1;7;373;RN104;;;;770
201500044509;15;2;8;2055;4;1;1;1;6;44;RN406.W;M;4875800;247080;940
201500044510;15;2;9;900;1;1;1;1;2;17;A4;M;4882710;250967;940
201500044511;15;2;9;945;1;1;1;1;2;17;A4;M;4882940;248138;940
201500044512;15;2;9;1755;2;1;1;1;3;373;RN104;;;;770
201500044513;15;2;10;718;1;1;1;1;2;69;A4;M;4881750;242225;940
201500044514;15;2;11;1040;1;1;1;1;2;294;A104;;;;770
201500044515;15;2;11;1050;1;1;1;1;2;17;A4;M;4882940;249922;940
201500044516;15;2;11;2000;3;1;1;1;4;237;A4;;;;770
201500044517;15;2;12;30;4;1;1;1;4;112;A4;;;;750
201500044518;15;2;12;800;1;1;1;1;7;28;RN406.W;M;4878150;244124;940
201500044519;15;2;12;850;1;1;1;1;6;175;RN104;;;;770
201500044520;15;2;12;1930;5;1;1;1;4;51;A4;;;;930
201500044521;15;2;12;2000;5;1;1;1;5;46;A86 INT;M;4880720;244874;940
201500044522;15;2;13;540;3;1;1;1;2;22;A86 EXT;M;4877640;242159;940
201500044523;15;2;14;930;1;1;1;2;5;373;RN104;;;;770
201500044524;15;2;14;1730;1;1;1;1;6;44;RN406.W;M;4875720;247187;940
201500044525;15;2;14;1735;1;1;1;2;6;51;A4;;;;930
201500044526;15;2;15;810;1;1;1;8;7;337;RN104;;;;770
201500044527;15;2;19;650;3;1;1;1;5;46;A86 INT;M;4881250;244880;940
201500044528;15;2;18;1615;1;1;1;1;3;51;A4;M;4883540;256843;930
201500044529;15;2;20;1350;1;1;1;2;7;112;A4;;;;750
201500044530;15;2;20;1750;2;1;1;2;7;17;A4;M;4882650;251831;940
201500044531;15;2;20;2105;3;1;1;1;6;438;A104;;;;770
201500044532;15;2;21;1505;1;1;1;8;6;112;A4;;;;750
201500044533;15;2;21;1730;1;1;1;2;7;258;A4. (Paris-Province);;;;770
201500044534;15;2;21;1930;3;1;1;1;2;51;A4;;;;930
201500044535;15;2;22;1700;1;1;1;1;4;373;RN104;;;;770
201500044536;15;2;23;1135;1;1;1;1;6;258;A4(Province-Paris);;;;770
201500044537;15;2;25;1030;1;1;1;1;6;44;RN406.W;M;4875800;247079;940
201500044538;15;2;25;1600;1;1;1;2;4;52;A86 INT;M;4884360;249257;940
201500044539;15;2;25;2000;3;1;1;1;6;438;A104;;;;770
201500044540;15;2;27;830;1;1;1;1;5;514;A104;;;;770
201500044541;15;3;1;511;5;1;1;1;6;73;A86 EXT;M;4876750;237870;940
201500044542;15;3;2;930;1;1;1;1;2;258;A4(Province-Paris);;;;770
201500044543;15;3;3;730;2;1;1;1;2;28;RN406.W;M;4876990;244912;940
201500044544;15;3;3;1415;1;1;1;1;6;363;A104;;;;770
201500044545;15;3;3;1800;1;1;1;2;6;44;RN406.W;M;4875880;247013;940
201500044546;15;3;6;2000;3;1;1;1;5;17;A4;M;4882790;250451;940
201500044547;15;3;7;1750;1;1;1;1;3;65;A86 EXT;M;4875450;234840;940
201500044548;15;3;8;1200;1;1;1;1;6;52;A86.INT;M;4884490;249216;940
201500044549;15;3;9;1650;1;1;1;1;3;65;A86 INT;M;4875370;235766;940
201500044550;15;3;10;1735;1;1;1;2;6;169;RN104;;;;770
201500044551;15;3;11;630;1;1;1;1;3;17;A4;M;4883050;249250;940
201500044552;15;3;11;915;1;1;1;1;5;18;A4;M;4882510;239295;940
201500044553;15;3;12;845;1;1;1;1;4;294;A104;;;;770
201500044554;15;3;12;910;1;1;1;1;4;294;A104;;;;770
201500044555;15;3;12;1740;1;1;1;1;4;17;A4;M;4883040;248962;940
201500044556;15;3;13;740;1;1;1;1;3;17;A4;M;4882680;251414;940
201500044557;15;3;13;910;1;1;1;1;7;181;A4;;;;770
201500044558;15;3;13;918;1;1;1;1;4;294;A104;;;;770
201500044559;15;3;13;1210;1;1;1;1;5;294;A104;;;;770
201500044560;15;3;14;617;3;1;1;1;4;517;A104.EXT (A 104 G);;;;770
201500044561;15;3;14;1545;1;1;1;1;6;337;RN104;;;;770
201500044562;15;3;14;1920;3;1;1;1;5;258;A4 (Province-Paris);;;;770
201500044563;15;3;17;940;1;1;1;1;1;514;A104;;;;770
201500044564;15;3;17;1435;1;1;1;1;3;17;A4;M;4882640;251810;940
201500044565;15;3;18;830;1;1;1;1;3;73;A86 EXT;M;4877040;238433;940
201500044566;15;3;18;830;1;1;1;1;6;51;A4;M;4883500;257773;930
201500044567;15;3;18;1740;1;1;1;1;2;28;A86 EXT;M;4879790;244457;940
201500044568;15;3;19;1415;1;1;1;1;4;52;A86 INT;M;4883560;249370;940
201500044569;15;3;19;1735;1;1;1;1;2;73;A86 INT;M;4877020;238227;940
201500044570;15;3;21;2035;3;1;1;1;2;18;A4;M;4881750;241528;940
201500044571;15;3;24;610;3;1;1;1;3;28;A86 EXT;M;4877620;242958;940
201500044572;15;3;25;120;3;1;1;2;6;79;A4;M;4883580;253972;940
201500044573;15;3;25;645;1;1;1;2;5;112;A4;;;;750
201500044574;15;3;25;900;1;1;1;1;3;65;A86 EXT;M;4875370;236575;940
201500044575;15;3;26;1730;1;1;1;2;6;44;RN406.W;M;4875800;247079;940
201500044576;15;3;26;1950;3;1;1;2;5;28;A86 EXT;M;4878350;244074;940
201500044577;15;3;26;2015;3;1;1;2;7;69;A86 INT;M;4881670;245234;940
201500044578;15;3;27;600;3;1;1;1;3;69;A86 INT;M;4881700;245317;940
201500044579;15;3;28;1615;1;1;1;1;6;65;A86 INT;M;4875390;235366;940
201500044580;15;3;28;2034;5;1;1;1;4;112;A4;;;;750
201500044581;15;3;29;1330;1;1;1;1;7;258;A4.(Paris-Province);;;;770
201500044582;15;3;29;1543;1;1;1;1;3;44;RN406.Y;M;4875720;247186;940
201500044583;15;3;30;830;1;1;1;1;5;28;A86 EXT;M;4879720;244411;940
201500044584;15;3;31;1305;1;1;1;1;2;73;A86 EXT;M;4875400;238041;940
201500044585;15;3;31;1603;1;1;1;1;3;18;A4;M;4882490;239322;940
201500044586;15;4;2;1300;1;1;1;2;2;17;A4;M;4882980;249785;940
201500044587;15;4;3;2035;2;1;1;3;1;294;A104;;;;770
201500044588;15;4;3;2115;4;1;1;3;2;69;A4;M;4881760;241944;940
201500044589;15;4;4;625;3;1;1;8;6;181;A4;;;;770
201500044590;15;4;4;838;1;1;1;2;1;373;RN104;;;;770
201500044591;15;4;4;1300;1;1;1;2;6;258;A4.Y (Paris-Province);;;;770
201500044592;15;4;6;210;3;1;1;1;2;449;A4;;;;770
201500044593;15;4;6;1530;1;1;1;1;6;51;A4;M;4883470;258310;930
201500044594;15;4;7;945;1;1;1;1;5;258;A4.W (Province-Paris);;;;770
201500044595;15;4;7;2150;5;1;1;1;2;449;A4;;;;770
201500044596;15;4;8;1600;1;1;1;1;3;46;A86 EXT;M;4880810;244896;940
201500044597;15;4;8;1700;1;1;1;1;4;69;A4;M;4881740;243487;940
201500044598;15;4;9;440;5;1;1;1;6;17;A4;M;4882980;248410;940
201500044599;15;4;9;520;3;1;1;1;4;122;RN104;;;;770
201500044600;15;4;9;1700;1;1;1;1;3;169;A4.Y (Paris-Province);;;;770
201500044601;15;4;9;1930;1;1;1;1;3;169;RN104;;;;770
201500044602;15;4;10;600;3;1;1;1;3;28;A86 EXT;M;4878440;244056;940
201500044603;15;4;10;900;1;1;1;1;4;438;A104;;;;770
201500044604;15;4;10;845;1;1;1;1;4;73;A86 EXT;M;4875380;236912;940
201500044605;15;4;11;1900;1;1;1;1;4;514;A104;;;;770
201500044606;15;4;11;1945;1;1;1;1;3;17;A4;M;4882790;250423;940
201500044607;15;4;12;2015;1;1;1;1;2;51;A4;M;4883610;255784;930
201500044608;15;4;12;2320;5;1;1;1;2;28;RN406.W;M;4877620;244339;940
201500044609;15;4;13;1605;1;1;1;1;3;65;A86 EXT;M;4875510;234583;940
201500044610;15;4;14;950;1;1;1;1;5;495;A5b;;;;770
201500044611;15;4;14;1335;1;1;1;1;4;28;A86 INT;M;4879990;244595;940
201500044612;15;4;15;1455;1;1;1;1;5;81;A86 INT;M;4877380;240205;940
201500044613;15;4;17;915;1;1;1;1;5;18;A4;M;4882490;239322;940
201500044614;15;4;18;302;5;1;1;1;6;28;A86 EXT;M;4877790;244048;940
201500044615;15;4;18;1315;1;1;1;1;3;65;A86 INT;M;4875440;234971;940
201500044616;15;4;18;2200;3;1;1;1;5;51;A4;M;4883620;255652;930
201500044617;15;4;19;1810;1;1;1;1;3;337;A4;;;;770
201500044618;15;4;19;1830;1;1;1;1;4;175;RN104;;;;770
201500044619;15;4;22;900;1;1;1;1;3;28;A86 EXT;M;4879570;244294;940
201500044620;15;4;22;1030;1;1;1;1;2;517;A104.EXT;;;;770
201500044621;15;4;24;830;1;1;1;1;3;17;A4;M;4882980;248410;940
201500044622;15;4;24;1940;1;1;1;1;2;79;A4;M;4883400;253557;940
201500044623;15;4;26;1920;1;1;1;1;6;337;RN104;M;4882580;261622;770
201500044624;15;4;26;2000;1;1;1;2;5;17;A4;M;4882680;251413;940
201500044625;15;4;29;630;1;1;1;1;6;112;A4;;;;750
201500044626;15;4;30;730;1;1;1;2;6;11;RN406.W;M;4875870;248241;940
201500044627;15;4;30;745;1;1;1;2;6;169;A4.Y (PARIS-PROVINCE);;;;770
201500044628;15;5;1;420;3;1;1;2;6;11;RN406.W;M;4876340;249560;940
201500044629;15;5;1;440;5;1;1;2;6;52;A4;M;4882640;246625;940
201500044630;15;5;1;830;1;1;1;2;6;44;RN406.W;M;4875760;247198;940
201500044631;15;5;1;1820;1;1;1;2;6;44;RN406.W;M;4875820;247054;940
201500044632;15;5;1;2010;1;1;1;1;6;337;A4;M;4883000;261529;770
201500044633;15;5;1;2350;5;1;1;2;3;73;A86 INT;M;4876770;237857;940
201500044634;15;5;2;40;4;1;1;2;6;112;A4;;;;750
201500044635;15;5;2;930;1;1;1;2;5;373;RN104;;;;770
201500044636;15;5;2;1130;1;1;1;1;2;169;RN104;M;4882080;261557;770
201500044637;15;5;2;1312;1;1;1;1;3;28;A86 EXT;M;4880000;244641;940
201500044638;15;5;2;1548;1;1;1;1;4;17;A4;M;4882680;251413;940
201500044639;15;5;2;1750;1;1;1;1;2;112;A4;;;;750
201500044640;15;5;2;2030;2;1;1;2;5;28;A86 INT;M;4878700;244006;940
201500044641;15;5;3;640;1;1;1;1;6;73;A86 INT;M;4876810;237869;940
201500044642;15;5;3;730;1;1;1;2;6;69;A4;M;4881710;245502;940
201500044643;15;5;3;915;1;1;1;2;3;73;A86 EXT;M;4876770;237874;940
201500044644;15;5;3;2040;1;1;1;1;6;53;RN104;;;;770
201500044645;15;5;4;1000;1;1;1;1;7;121;A4;;;;770
201500044646;15;5;4;2130;3;1;1;8;6;294;A104 INT (A104D);M;4897534;258355;770
201500044647;15;5;5;535;2;1;1;8;3;46;A86 EXT;M;4879820;244483;940
201500044648;15;5;5;800;1;1;1;1;3;51;A4;M;4883580;256315;930
201500044649;15;5;6;1128;1;1;1;1;4;52;A86 INT;M;4883820;249369;940
201500044650;15;5;9;30;3;1;1;1;2;384;A5b;;;;770
201500044651;15;5;11;735;1;1;1;1;3;73;A86 INT;M;4875740;238379;940
201500044652;15;5;11;935;1;1;1;1;2;33;A86.EXT;M;4886000;248564;940
201500044653;15;5;12;920;1;1;1;1;2;495;A5b;;;;770
201500044654;15;5;13;535;2;1;1;1;4;181;A4;;;;770
201500044655;15;5;13;702;2;1;1;1;3;373;RN104;;;;770
201500044656;15;5;15;650;1;1;1;1;7;33;A86.EXT;M;4885170;249044;940
201500044657;15;5;15;1845;1;1;1;1;2;52;A86 INT;M;4884090;249283;940
201500044658;15;5;16;415;3;1;1;1;6;373;RN104;;;;770
201500044659;15;5;16;2245;3;1;1;1;2;22;A86 INT;M;4877660;241621;940
201500044660;15;5;17;1715;1;1;1;1;6;65;A86 INT;M;4875420;235111;940
201500044661;15;5;19;930;1;1;1;1;1;51;A4;M;4883520;257376;930
201500044662;15;5;20;30;4;1;1;1;3;28;A86 INT;M;4880110;244698;940
201500044663;15;5;20;840;1;1;1;1;2;28;A86 EXT;M;4879140;244102;940
201500044664;15;5;21;800;1;1;1;1;2;2;A86 EXT;M;4877620;242427;940
201500044665;15;5;22;1115;1;1;1;1;3;17;A4;M;4882650;251832;940
201500044666;15;5;23;320;3;1;1;1;2;58;A4;M;4882980;274823;770
201500044667;15;5;23;330;3;1;1;1;6;237;A4;;;;770
201500044668;15;5;23;830;1;1;1;2;2;121;A4;;;;770
201500044669;15;5;23;1610;1;1;1;1;4;17;A4;M;4882790;250451;940
201500044670;15;5;23;1655;1;1;1;1;5;15;A4;M;4883060;252981;940
201500044671;15;5;24;735;1;1;1;1;2;69;A4;M;4881740;243208;940
201500044672;15;5;24;1211;1;1;1;1;3;17;A4;M;4882760;250725;940
201500044673;15;5;25;1120;1;1;1;1;6;122;RN104;;;;770
201500044674;15;5;26;845;1;1;1;1;2;69;A4;M;4881740;242226;940
201500044675;15;5;26;1730;1;1;1;1;2;74;RN406.W;M;4876920;245007;940
201500044676;15;5;26;1835;1;1;1;1;5;514;A104;;;;770
201500044677;15;5;26;1920;1;1;1;1;4;69;A4;M;4881730;244044;940
201500044678;15;5;28;2345;5;1;1;1;2;69;A4;M;4881710;244323;940
201500044679;15;5;29;950;1;1;1;1;3;73;A86 INT;M;4876410;238031;940
201500044680;15;5;29;1130;1;1;1;1;5;28;A86 INT;M;4879980;244594;940
201500044681;15;5;30;620;2;1;1;1;3;69;A86 INT;M;4881640;245173;940
201500044682;15;5;30;1330;1;1;1;1;1;438;A104;;;;770
201500044683;15;5;31;1455;1;1;1;2;1;373;RN104;;;;770
201500044684;15;5;31;1745;1;1;1;2;2;251;RN104;;;;770
201500044685;15;6;1;1530;1;1;1;1;6;69;A4;M;4881740;242227;940
201500044686;15;6;1;1820;1;1;1;1;3;17;A4;M;4882730;252470;940
201500044687;15;6;2;830;2;1;1;1;3;337;A4;;;;770
201500044688;15;6;3;820;1;1;1;1;4;363;A104;;;;770
201500044689;15;6;3;1900;1;1;1;1;6;112;A4;;;;750
201500044690;15;6;4;900;1;1;1;1;5;42;A4;M;4882660;246633;940
201500044691;15;6;4;1740;1;1;1;1;1;51;A4;M;4883470;258042;930
201500044692;15;6;4;1840;1;1;1;1;1;83;A4.W (PROVINCE-PARIS);;;;770
201500044693;15;6;5;45;3;1;1;1;2;495;A5b;;;;770
201500044694;15;6;5;725;1;1;1;1;3;46;A86 EXT;M;4880400;244863;940
201500044695;15;6;5;1710;1;1;1;1;2;363;A104;;;;770
201500044696;15;6;6;1910;1;1;1;1;2;69;A86 EXT;M;4881690;245441;940
201500044697;15;6;8;130;3;1;1;1;6;28;RN406.W;M;4877830;244106;940
201500044698;15;6;5;1139;1;1;1;1;3;73;A86 EXT;M;4877000;238169;940
201500044699;15;6;9;1630;1;1;1;1;7;337;RN104;M;4882931;261873;770
201500044700;15;6;9;1920;1;1;1;1;5;28;A86 EXT;M;4877600;242829;940
201500044701;15;6;10;720;1;1;1;1;3;373;RN104;;;;770
201500044702;15;6;10;745;1;1;1;1;1;83;A4.W (PROVINCE-PARIS);;;;770
201500044703;15;6;10;2040;2;1;1;1;2;22;A86 EXT;M;4877650;241617;940
201500044704;15;6;11;840;1;1;1;1;1;51;A4;M;4883550;256846;930
201500044705;15;6;11;1645;1;1;1;1;4;69;A4;M;4881740;243625;940
201500044706;15;6;11;1729;1;1;1;1;2;121;A4;;;;770
201500044707;15;6;11;2130;1;1;1;1;7;258;RN104;;;;770
201500044708;15;6;12;850;1;1;1;1;6;51;A4;M;4883470;258182;930
201500044709;15;6;12;1730;1;1;1;1;2;69;A4;M;4881730;242929;940
201500044710;15;6;13;30;5;1;1;1;6;73;A86 EXT;M;4876750;237870;940
201500044711;15;6;14;1612;1;1;1;1;6;373;RN104;;;;770
201500044712;15;6;14;1910;1;1;1;1;2;181;A4;;;;770
201500044713;15;6;16;1730;1;1;1;1;4;18;A4;M;4881750;241528;940
201500044714;15;6;18;2145;2;1;1;1;6;52;A86 INT;M;4883140;249087;940
201500044715;15;6;19;829;1;1;1;1;2;51;A4;M;4883580;256042;930
201500044716;15;6;19;1215;1;1;1;1;2;53;RN104;;;;770
201500044717;15;6;21;715;1;1;1;1;6;11;RN406.W;M;4875880;248210;940
201500044718;15;6;21;800;1;1;1;1;6;52;A86.EXT;M;4883150;249164;940
201500044719;15;6;10;830;1;1;1;1;3;51;A4;;;;930
201500044720;15;6;23;1838;1;1;1;1;2;52;A86 INT;M;4883700;249398;940
201500044721;15;6;24;845;1;1;1;1;5;17;A4;M;4882790;250451;940
201500044722;15;6;25;800;1;1;1;1;1;384;A5B;;;;770
201500044723;15;6;27;1145;1;1;1;1;3;79;A4;M;4882830;252705;940
201500044724;15;6;28;840;1;1;1;1;6;51;A4;M;4883540;256709;930
201500044725;15;6;28;2024;1;1;1;1;4;514;A104;;;;770
201500044726;15;6;29;815;1;1;1;1;2;53;RN104;;;;770
201500044727;15;6;29;900;1;1;1;1;4;514;A104;;;;770
201500044728;15;6;29;1144;1;1;1;1;3;17;A4;M;4882790;250451;940
201500044729;15;6;29;1259;1;1;1;1;6;169;A4.Y PARIS-PROVINCE;;;;770
201500044730;15;6;29;1950;1;1;1;1;5;42;A4;M;4882830;247448;940
201500044731;15;6;30;650;1;1;1;1;4;337;A4;;;;770
201500044732;15;6;30;940;1;1;1;1;2;73;A86 EXT;M;4877000;238179;940
201500044733;15;6;30;1430;1;1;1;1;3;28;A86 INT;M;4877610;243095;940
201500044734;15;6;30;1739;1;1;1;1;5;28;A86 EXT;M;4877600;242846;940
201500044735;15;6;30;1730;1;1;1;1;6;181;A4;;;;770
201500044736;15;7;1;745;1;1;1;1;3;373;RN104;;;;770
201500044737;15;7;1;910;1;1;1;1;2;46;A86 EXT;M;4880460;244874;940
201500044738;15;7;1;1657;1;1;1;1;5;17;A4;M;4882790;250451;940
201500044739;15;7;2;715;1;1;1;1;6;58;A86.EXT;M;4884450;249301;940
201500044740;15;7;2;900;1;1;1;1;2;81;A86 EXT;M;4877400;240745;940
201500044741;15;7;2;1645;1;1;1;1;5;28;A86 EXT;M;4877600;242828;940
201500044742;15;7;3;750;1;1;1;1;4;373;RN104;;;;770
201500044743;15;7;3;1335;1;1;1;1;4;438;A104;;;;770
201500044744;15;7;3;1955;1;1;1;1;3;294;A104;;;;770
201500044745;15;7;6;840;1;1;1;1;6;249;RN104;;;;770
201500044746;15;7;7;840;1;1;1;1;7;495;A5b;;;;770
201500044747;15;7;9;340;3;1;1;1;7;28;A86 EXT;M;4878710;244033;940
201500044748;15;7;9;630;1;1;1;1;6;337;A4;;;;770
201500044749;15;7;9;1635;1;1;1;1;3;33;A86.EXT;M;4884980;249039;940
201500044750;15;7;10;845;1;1;1;1;3;146;RN104.EXT (N104G);;;;770
201500044751;15;7;10;1850;1;1;1;1;5;169;RN104;;;;770
201500044752;15;7;11;1245;1;1;1;1;1;51;A4;M;4883450;258446;930
201500044753;15;7;13;1945;1;1;1;1;2;52;A86 INT;M;4884090;249283;940
201500044754;15;7;15;1100;1;1;1;1;5;17;A4;M;4882790;250451;940
201500044755;15;7;15;1520;1;1;1;1;2;73;A86 EXT;M;4875830;238397;940
201500044756;15;7;16;900;1;1;1;1;7;52;A86 INT;M;4884170;249270;940
201500044757;15;7;17;500;2;1;1;1;6;372;A104;;;;770
201500044758;15;7;17;750;1;1;1;1;7;17;A86.EXT;M;4883090;249097;940
201500044759;15;7;17;1230;1;1;1;1;4;17;A4;M;4882650;252131;940
201500044760;15;7;18;2056;2;1;1;1;7;17;A86.EXT;M;4883130;249150;940
201500044761;15;7;19;400;5;1;1;2;7;17;A86.EXT;M;4883140;249163;940
201500044762;15;7;19;855;1;1;1;1;7;450;RN104;;;;770
201500044763;15;7;19;2050;1;1;1;1;2;17;A4;M;4882680;251242;940
201500044764;15;7;20;1435;1;1;1;1;3;112;A4;;;;750
201500044765;15;7;20;1805;1;1;1;1;4;22;A86 EXT;M;4877550;241300;940
201500044766;15;7;22;917;1;1;1;1;3;69;A4;M;4881730;242642;940
201500044767;15;7;23;1255;1;1;1;1;3;33;A86.INT;M;4885320;248919;940
201500044768;15;7;24;1700;1;1;1;1;5;28;A86 EXT;M;4878880;244048;940
201500044769;15;7;25;20;4;1;1;1;6;169;A4.Y;;;;770
201500044770;15;7;25;100;3;1;1;1;2;169;A4.Y;;;;770
201500044771;15;7;25;2305;5;1;1;1;2;46;A86 INT;M;4881340;244873;940
201500044772;15;7;27;630;1;1;1;1;6;44;RN406.W;M;4875810;247066;940
201500044773;15;7;29;915;1;1;1;1;5;53;RN104;;;;770
201500044774;15;7;30;830;1;1;1;1;2;69;A86 INT;M;4881680;245250;940
201500044775;15;7;31;1525;1;1;1;1;2;17;A4;M;4882780;250589;940
201500044776;15;7;31;1535;1;1;1;1;6;337;RN104;;;;770
201500044777;15;8;1;215;5;1;1;1;6;42;A4;M;4882760;247042;940
201500044778;15;8;1;1330;1;1;1;1;3;73;A86 INT;M;4877230;239636;940
201500044779;15;8;2;622;1;1;1;1;2;17;A86.EXT;M;4883070;249073;940
201500044780;15;8;3;1825;1;1;1;1;2;18;A4;M;4882280;239595;940
201500044781;15;8;4;420;4;1;1;1;2;46;A86 INT;M;4879810;244451;940
201500044782;15;8;5;820;1;1;1;1;3;514;A104;;;;770
201500044783;15;8;5;2310;3;1;1;1;2;438;A104;;;;770
201500044784;15;8;7;515;3;1;1;1;5;438;A104;;;;770
201500044785;15;8;7;950;1;1;1;1;7;17;A4;M;4882980;248412;940
201500044786;15;8;9;1020;1;1;1;8;6;18;A4;;;;770
201500044787;15;8;10;550;2;1;1;1;2;73;A86 EXT;M;4876700;237874;940
201500044788;15;8;11;1310;1;1;1;1;6;18;A4;M;4881750;241528;940
201500044789;15;8;11;1715;1;1;1;1;2;18;A4;;;;770
201500044790;15;8;11;1845;1;1;1;1;2;169;A4.Y;;;;770
201500044791;15;8;11;2330;4;1;1;1;6;169;A4.Y;;;;770
201500044792;15;8;12;1710;1;1;1;1;2;46;A86 INT;M;4881320;244848;940
201500044793;15;8;15;445;5;1;1;3;2;17;A86.EXT;M;4883020;248980;940
201500044794;15;8;15;754;2;1;1;5;6;514;A104;;;;770
201500044795;15;8;16;2200;3;1;1;1;2;122;RN104;;;;770
201500044796;15;8;17;1740;1;1;1;1;5;69;A4;M;4881760;243489;940
201500044797;15;8;21;755;1;1;1;1;7;52;A86.EXT;M;4883220;249217;940
201500044798;15;8;22;300;5;1;1;1;6;17;A4;M;4882700;251136;940
201500044799;15;8;22;2315;3;1;1;1;7;438;A104;;;;770
201500044800;15;8;24;955;1;1;1;1;3;73;A86 INT;M;4875380;236969;940
201500044801;15;8;24;1210;1;1;1;2;3;17;A4;M;4882790;250451;940
201500044802;15;8;27;745;1;1;1;3;5;373;RN104;;;;770
201500044803;15;8;27;1635;1;1;1;3;2;52;A86 INT;M;4883470;249327;940
201500044804;15;8;28;630;1;1;1;1;2;73;A86 INT;M;4875360;237368;940
201500044805;15;8;28;1445;1;1;1;1;2;33;A86.EXT;M;4885380;248973;940
201500044806;15;8;28;1645;1;1;1;1;4;294;A104;;;;770