num_acc;an;mois;jour;hrmn;lum;agg;int;atm;col;com;adr;gps;lat;long;dep
201500044807;15;8;28;1805;1;1;1;1;2;69;A4;M;4881710;244323;940
201500044808;15;8;29;1145;1;1;1;1;2;33;A86.INT;M;4885530;248840;940
201500044809;15;8;29;1340;1;1;1;1;2;69;A86 EXT;M;4881600;245176;940
201500044810;15;8;30;1415;1;1;1;1;4;52;A4;M;4882640;246628;940
201500044811;15;8;31;850;1;1;1;1;2;18;A4;M;4881750;241890;940
201500044812;15;8;31;1740;1;1;1;1;3;514;A104;;;;770
201500044813;15;9;2;910;1;1;1;1;1;294;A104;;;;770
201500044814;15;9;2;1115;1;1;1;1;2;81;A86 EXT;M;4877400;240505;940
201500044815;15;9;2;1610;1;1;1;1;2;69;A4;M;4881730;242929;940
201500044816;15;9;3;750;1;1;1;1;1;363;A104;;;;770
201500044817;15;9;3;1650;1;1;1;1;4;258;A4.W;;;;770
201500044818;15;9;3;1750;1;1;1;1;4;121;A4;;;;770
201500044819;15;9;3;1745;1;1;1;1;2;42;A4;M;4882780;247176;940
201500044820;15;9;4;825;1;1;1;1;6;175;A5b;;;;770
201500044821;15;9;6;235;5;1;1;1;2;69;A86 EXT;M;4881610;245203;940
201500044822;15;9;7;1200;1;1;1;1;3;17;A4;M;4883030;248822;940
201500044823;15;9;7;1330;1;1;1;1;2;46;A86 EXT;M;4880990;244903;940
201500044824;15;9;7;1325;1;1;1;1;2;22;A86 EXT;M;4877580;241380;940
201500044825;15;9;7;1555;1;1;1;1;1;373;RN104;;;;770
201500044826;15;9;8;905;1;1;1;1;4;46;A86 EXT;M;4880630;244887;940
201500044827;15;9;8;1800;1;1;1;1;7;18;A4;M;4882410;239394;940
201500044828;15;9;9;730;1;1;1;1;6;337;RN104;;;;770
201500044829;15;9;10;1000;1;1;1;1;2;79;A4;M;4883580;253972;940
201500044830;15;9;10;1730;1;1;1;1;3;169;RN104;;;;770
201500044831;15;9;10;1800;1;1;1;1;4;69;A4;M;4881740;243487;940
201500044832;15;9;11;905;1;1;1;1;2;69;A4;M;4881750;243210;940
201500044833;15;9;12;425;3;1;1;1;2;15;A4;M;4883060;252982;940
201500044834;15;9;12;1535;1;1;1;3;2;373;RN104;;;;770
201500044835;15;9;12;1845;1;1;1;3;2;22;A86 EXT;M;4877660;241750;940
201500044836;15;9;12;1925;1;1;1;1;6;468;A104;;;;770
201500044837;15;9;12;2012;2;1;1;2;6;28;A86 EXT;M;4877690;244055;940
201500044838;15;9;13;330;3;1;1;2;6;83;A4.W;;;;770
201500044839;15;9;13;820;2;1;1;2;2;169;RN104;M;4882230;261489;770
201500044840;15;9;13;930;1;1;9;2;6;337;RN104;;;;770
201500044841;15;9;13;935;1;1;1;2;2;258;A4.Y;;;;770
201500044842;15;9;13;1230;1;1;3;2;3;337;VPO.INT;;;;770
201500044843;15;9;13;1430;1;1;1;3;3;258;A4.Y;;;;770
201500044844;15;9;13;1510;1;1;9;1;6;121;A4;;;;770
201500044845;15;9;14;1900;1;1;1;1;4;51;A4;;;;930
201500044846;15;9;14;2120;5;1;1;1;2;69;A4;M;4881760;242466;940
201500044847;15;9;15;700;1;1;1;1;3;22;A86 INT;M;4877650;242023;940
201500044848;15;9;15;945;1;1;1;1;1;181;A4;;;;770
201500044849;15;9;15;950;1;1;1;3;4;181;A4;;;;770
201500044850;15;9;15;1920;1;1;1;1;2;58;A86.EXT;M;4884320;249300;940
201500044851;15;9;16;835;1;1;1;3;7;18;A4;M;4882290;239617;940
201500044852;15;9;16;930;1;1;1;3;3;18;A4;M;4882130;239954;940
201500044853;15;9;16;1350;1;1;1;1;5;514;A104;;;;770
201500044854;15;9;16;1800;1;1;1;2;2;73;A86 EXT;M;4877140;239220;940
201500044855;15;9;17;710;1;1;1;1;3;28;A86 INT;M;4878440;244056;940
201500044856;15;9;17;1200;1;1;1;1;3;237;A4;;;;770
201500044857;15;9;18;1515;1;1;1;1;7;33;A86.EXT;M;4884890;249072;940
201500044858;15;9;18;2155;5;1;1;1;6;112;A4;;;;750
201500044859;15;9;19;1930;2;1;1;1;2;514;A104;;;;770
201500044860;15;9;20;531;5;1;1;1;5;17;A86.EXT;M;4883080;249091;940
201500044861;15;9;20;945;1;1;1;1;4;237;A4;;;;770
201500044862;15;9;20;2220;4;1;1;1;2;69;A4;M;4881750;242469;940
201500044863;15;10;6;1120;1;1;1;1;2;363;A104;;;;770
201500044864;15;9;21;1500;1;1;1;1;2;517;A104;;;;770
201500044865;15;9;24;815;1;1;1;1;3;52;A86.EXT;M;4884230;249300;940
201500044866;15;9;24;2016;3;1;9;3;4;294;A104;;;;770
201500044867;15;9;25;732;1;1;1;5;4;468;A104;;;;770
201500044868;15;9;25;2040;5;1;1;1;3;17;A4;M;4882730;250823;940
201500044869;15;9;26;1545;1;1;1;1;6;237;A4;;;;770
201500044870;15;9;26;1540;1;1;1;1;6;372;A104;;;;770
201500044871;15;9;27;1835;1;1;1;1;2;33;A86.INT;M;4884990;249111;940
201500044872;15;9;28;820;1;1;1;1;6;169;A4.Y;;;;770
201500044873;15;9;28;845;1;1;1;1;5;181;A4;;;;770
201500044874;15;9;28;1330;1;1;1;1;3;17;A4;M;4882700;251036;940
201500044875;15;9;28;1400;1;1;1;1;4;112;A4;;;;750
201500044876;15;9;29;845;1;1;1;1;5;258;A4.W;;;;770
201500044877;15;9;29;1658;1;1;1;1;7;52;A86.EXT;M;4883220;249216;940
201500044878;15;9;30;650;5;1;1;1;3;17;A4;M;4882790;250451;940
201500044879;15;9;30;720;1;1;1;1;2;51;A4;M;4883620;255652;930
201500044880;15;9;30;825;1;1;1;1;2;51;A4;;;;930
201500044881;15;9;30;1205;1;1;1;1;7;249;RN104;;;;770
201500044882;15;10;1;840;1;1;1;1;3;28;RN406.W;M;4877970;244157;940
201500044883;15;10;1;2030;5;1;1;1;5;69;A4;M;4881740;242929;940
201500044884;15;10;2;1615;1;1;1;1;3;169;RN104;;;;770
201500044885;15;10;3;1300;1;1;1;1;4;52;A86 INT;M;4884170;249305;940
201500044886;15;10;5;2000;3;1;1;2;5;373;RN104;;;;770
201500044887;15;10;6;930;1;1;1;2;2;79;A4;M;4883580;253971;940
201500044888;15;10;6;1745;1;1;1;1;3;28;A86 INT;M;4877750;243961;940
201500044889;15;10;6;1955;1;1;1;1;3;17;A4;M;4882980;248411;940
201500044890;15;10;7;810;2;1;1;2;1;51;A4;;;;930
201500044891;15;10;7;2020;3;1;1;1;1;83;A4.W;;;;770
201500044892;15;10;8;1150;1;1;1;1;2;294;A104;;;;770
201500044893;15;10;9;717;2;1;1;1;2;22;A86 INT;M;4877620;242689;940
201500044894;15;10;9;1500;1;1;1;1;4;514;A104;;;;770
201500044895;15;10;10;1800;1;1;1;1;6;18;A4;M;4881730;241694;940
201500044896;15;10;10;2045;3;1;1;1;2;81;A86 EXT;M;4877400;240738;940
201500044897;15;10;10;2100;4;1;1;1;5;28;A86 EXT;M;4880120;244739;940
201500044898;15;10;11;1715;1;1;1;1;5;112;A4;;;;750
201500044899;15;10;12;800;1;1;1;1;2;18;A4;M;4881890;240856;940
201500044900;15;10;12;2200;5;1;1;1;4;69;A4;M;4881730;242643;940
201500044901;15;10;12;2350;5;1;1;1;4;17;A4;M;4883060;249363;940
201500044902;15;10;14;725;5;1;1;1;3;51;A4;;;;930
201500044903;15;10;15;725;2;1;1;1;2;53;RN104;;;;770
201500044904;15;10;15;1030;1;1;1;1;6;373;RN104;;;;770
201500044905;15;10;15;1130;1;1;1;2;6;337;A4;;;;770
201500044906;15;10;16;900;1;1;1;1;3;33;A86.INT;M;4884880;249150;940
201500044907;15;10;16;1800;1;1;1;1;3;51;A4;;;;930
201500044908;15;10;17;140;4;1;1;1;6;18;A4;;;;770
201500044909;15;10;17;2020;3;1;1;1;6;181;A4;;;;770
201500044910;15;10;17;2140;3;1;1;1;6;146;A4.Y;;;;770
201500044911;15;10;19;920;1;1;1;1;3;18;A4;M;4882490;239322;940
201500044912;15;10;20;847;1;1;1;1;3;28;A86 EXT;M;4878170;244103;940
201500044913;15;10;22;840;1;1;1;1;4;175;RN104;;;;770
201500044914;15;10;22;845;1;1;1;2;2;65;A86 EXT;M;4875360;235505;940
201500044915;15;10;22;940;1;1;1;1;6;169;RN104;M;4882150;261510;770
201500044916;15;10;22;940;1;1;1;1;2;69;A4;M;4881750;243210;940
201500044917;15;10;22;1740;1;1;1;1;2;373;RN104;;;;770
201500044918;15;10;23;1520;1;1;1;1;4;514;A104;;;;770
201500044919;15;10;23;1640;1;1;1;1;2;18;A4;M;4882350;239513;940
201500044920;15;10;24;930;1;1;1;1;3;46;A86 EXT;M;4879820;244483;940
201500044921;15;10;25;1550;1;1;1;1;5;28;A86 EXT;M;4879780;244450;940
201500044922;15;10;25;1900;2;1;1;1;5;69;A4;M;4881730;244043;940
201500044923;15;10;26;915;1;1;1;1;3;65;A86 INT;M;4875370;235632;940
201500044924;15;10;26;1005;1;1;1;1;7;258;A4.Y;;;;770
201500044925;15;10;26;1900;3;1;1;1;2;373;RN104;;;;770
201500044926;15;10;26;1922;5;1;1;1;7;52;A86.EXT;M;4883160;249174;940
201500044927;15;10;27;930;1;1;1;1;2;65;A86 INT;M;4875470;234842;940
201500044928;15;10;28;745;2;1;1;2;7;69;A4;M;4881760;243769;940
201500044929;15;10;28;1105;1;1;1;2;2;17;A4;M;4882970;249791;940
201500044930;15;10;29;639;3;1;1;1;2;15;A4;M;4883190;253180;940
201500044931;15;10;30;1145;1;1;1;1;2;28;A86 EXT;M;4879570;244293;940
201500044932;15;10;30;2000;1;1;1;1;1;122;RN104;;;;770
201500044933;15;10;31;420;3;1;1;1;6;122;RN104;;;;770
201500044934;15;10;31;920;1;1;1;1;2;81;A86 EXT;M;4877340;240303;940
201500044935;15;10;31;1530;1;1;1;1;4;15;A4;M;4883250;253273;940
201500044936;15;11;1;640;2;1;1;5;6;363;A104;;;;770
201500044937;15;11;1;1439;1;1;1;1;2;28;A86 EXT;M;4877640;243696;940
201500044938;15;11;1;1950;3;1;1;1;3;517;A104.INT;;;;770
201500044939;15;11;1;2105;3;1;1;1;4;17;A4;M;4882860;250177;940
201500044940;15;11;2;15;5;1;1;1;7;17;A86.EXT;M;4883090;249096;940
201500044941;15;11;2;1815;2;1;1;1;5;51;A4;;;;930
201500044942;15;11;2;1840;3;1;1;1;2;438;A104;;;;770
201500044943;15;11;3;830;2;1;1;2;2;438;A104;;;;770
201500044944;15;11;3;845;1;1;1;2;3;69;A4;M;4881710;244473;940
201500044945;15;11;3;1810;3;1;1;1;3;79;A4;M;4883580;253994;940
201500044946;15;11;4;1215;1;1;1;1;3;22;A86 INT;M;4877640;242287;940
201500044947;15;11;5;115;3;1;1;8;2;514;A104;;;;770
201500044948;15;11;5;830;1;1;1;1;6;112;A86 EXT;;;;750
201500044949;15;11;5;830;1;1;1;1;6;438;A104;;;;770
201500044950;15;11;5;1315;1;1;1;1;3;17;A4;M;4882690;251275;940
201500044951;15;11;5;1545;1;1;1;1;1;112;A4;;;;750
201500044952;15;11;6;1740;1;1;1;2;7;69;A4;M;4881730;242784;940
201500044953;15;11;7;1830;3;1;1;1;3;33;A86.INT;M;4884940;249053;940
201500044954;15;11;7;1830;3;1;1;1;3;337;A4;;;;770
201500044955;15;11;8;1940;1;1;1;1;4;28;A86 EXT;M;4878350;244074;940
201500044956;15;11;10;850;1;1;1;1;7;17;A86.EXT;M;4883090;249101;940
201500044957;15;11;10;1925;3;1;1;1;2;46;A86 EXT;M;4880510;244881;940
201500044958;15;11;10;2015;3;1;1;1;4;146;A4.Y;;;;770
201500044959;15;11;11;1600;1;1;1;1;7;73;A86 INT;M;4876810;237870;940
201500044960;15;11;13;645;3;1;1;1;2;83;A4.W;;;;770
201500044961;15;11;13;650;5;1;1;1;2;17;A86.EXT;M;4883140;249160;940
201500044962;15;11;13;1750;3;1;1;1;3;438;A104;;;;770
201500044963;15;11;13;1900;5;1;1;1;3;169;A4.Y;;;;770
201500044964;15;11;14;615;1;1;1;1;6;169;A4.Y;;;;770
201500044965;15;11;15;240;5;1;1;1;6;42;A4;M;4882840;247585;940
201500044966;15;11;16;1750;3;1;1;1;3;294;A104;;;;770
201500044967;15;11;17;1130;1;1;1;1;6;11;RN406.W;M;4876320;249563;940
201500044968;15;11;18;810;1;1;1;1;5;46;A86 EXT;M;4879870;244528;940
201500044969;15;11;18;1745;2;1;1;1;3;33;A86.INT;M;4885710;248770;940
201500044970;15;11;19;745;1;1;1;1;3;438;A104;;;;770
201500044971;15;11;19;1300;1;1;1;2;1;258;A4.Y;;;;770
201500044972;15;11;19;1600;1;1;1;2;4;69;A4;M;4881730;242929;940
201500044973;15;11;19;1900;3;1;1;2;2;373;RN104;;;;770
201500044974;15;11;20;845;1;1;1;2;5;28;RN406.W;M;4877290;244579;940
201500044975;15;11;20;1000;1;1;1;1;3;73;A86 INT;M;4877230;239612;940
201500044976;15;11;20;1700;1;1;1;1;6;373;RN104;;;;770
201500044977;15;11;20;1820;2;1;1;2;5;73;A86 EXT;M;4877170;239356;940
201500044978;15;11;21;2020;3;1;1;1;4;495;A5b;;;;770
201500044979;15;11;22;1300;1;1;1;1;7;69;A4;M;4881760;243908;940
201500044980;15;11;22;1800;3;1;1;1;3;258;A4.W;;;;770
201500044981;15;11;23;1505;1;1;1;1;4;28;A86 EXT;M;4878880;244048;940
201500044982;15;11;23;2130;5;1;1;1;3;33;A86.INT;M;4885960;248583;940
201500044983;15;11;24;1500;1;1;1;2;6;22;A86 EXT;M;4877410;240801;940
201500044984;15;11;24;1650;1;1;1;3;7;73;A86 EXT;M;4875380;236993;940
201500044985;15;11;25;900;1;1;1;1;6;337;A4;;;;770
201500044986;15;11;25;945;1;1;1;1;5;18;A4;M;4881920;240725;940
201500044987;15;11;25;1720;3;1;1;2;5;51;A4;;;;930
201500044988;15;11;25;1800;3;1;1;2;2;15;A4;M;4883060;252982;940
201500044989;15;11;27;610;3;1;1;5;3;337;A4;;;;770
201500044990;15;11;27;645;5;1;1;1;3;17;A4;M;4882650;251832;940
201500044991;15;11;27;1630;1;1;1;1;3;28;A86 EXT;M;4879230;244128;940
201500044992;15;11;27;1950;5;1;1;2;3;69;A4;M;4881720;244183;940
201500044993;15;11;28;1450;1;1;1;1;2;28;A86 EXT;M;4878490;244049;940
201500044994;15;11;29;2340;4;1;1;1;1;51;A4;;;;930
201500044995;15;12;1;843;1;1;1;1;2;372;A104;;;;770
201500044996;15;12;1;1110;1;1;1;1;2;52;A86 INT;M;4883470;249312;940
201500044997;15;12;1;1620;1;1;1;1;4;69;A4;M;4881730;242929;940
201500044998;15;12;1;1653;2;1;1;1;5;17;A4;M;4882830;250306;940
201500044999;15;12;1;1820;3;1;1;1;4;69;A4;M;4881740;242226;940
201500045000;15;12;2;830;1;1;1;1;5;449;A4;;;;770
201500045001;15;12;3;930;1;1;1;1;3;18;A4;M;4882230;239722;940
201500045002;15;12;4;305;3;1;1;2;6;46;A86 EXT;M;4881070;244907;940
201500045003;15;12;4;1100;1;1;1;1;5;363;A104;;;;770
201500045004;15;12;4;2045;4;1;1;1;2;58;A4;;;;770
201500045005;15;12;5;150;3;1;1;1;6;373;RN104;;;;770
201500045006;15;12;6;2250;5;1;1;1;5;73;A86 EXT;M;4875330;237658;940
201500045007;15;12;7;1720;1;1;1;1;6;59;A104;;;;770
201500045008;15;12;8;1030;1;1;1;1;1;363;A104;;;;770
201500045009;15;12;8;1800;4;1;1;2;3;42;A4;M;4882810;247313;940
201500045010;15;12;9;930;1;1;1;1;2;112;A4;;;;750
201500045011;15;12;9;1840;4;1;1;5;6;169;A4.Y;;;;770
201500045012;15;12;10;220;3;1;1;5;7;372;A104;;;;770
201500045013;15;12;10;1810;5;1;1;1;2;73;A86 INT;M;4875570;238301;940
201500045014;15;12;11;233;5;1;1;1;2;73;A86 EXT;M;4877040;238432;940
201500045015;15;12;11;1405;1;1;1;1;1;337;A4;;;;770
201500045016;15;12;11;1645;2;1;1;1;6;28;RN406.Y;M;4877980;244064;940
201500045017;15;12;11;1815;3;1;1;1;4;69;A4;M;4881720;244183;940
201500045018;15;12;13;635;3;1;1;1;2;121;A4;;;;770
201500045019;15;12;13;645;3;1;1;1;2;22;A86 EXT;M;4877580;241375;940
201500045020;15;12;14;1545;1;1;1;1;5;22;A86 EXT;M;4877650;241892;940
201500045021;15;12;15;845;2;1;1;2;5;22;A86 EXT;M;4877540;241257;940
201500045022;15;12;15;1830;3;1;1;3;2;449;A4;;;;770
201500045023;15;12;15;1830;2;1;1;3;2;17;A4;M;4882850;250164;940
201500045024;15;12;16;615;1;1;1;1;1;337;RN104;;;;770
201500045025;15;12;16;845;1;1;1;1;3;28;A86 EXT;M;4877610;243095;940
201500045026;15;12;17;510;3;1;1;1;2;514;A104;;;;770
201500045027;15;12;17;1600;1;1;1;1;3;28;A86 EXT;M;4879320;244162;940
201500045028;15;12;17;1805;1;1;1;1;4;28;A86 EXT;M;4878440;244024;940
201500045029;15;12;17;1810;3;1;9;1;5;450;RN104;;;;770
201500045030;15;12;17;2112;5;1;1;1;7;28;A86 EXT;M;4877670;243837;940
201500045031;15;12;18;835;1;1;1;1;3;69;A4;M;4881750;244048;940
201500045032;15;12;18;1040;1;1;1;1;3;81;A86 INT;M;4877390;240282;940
201500045033;15;12;18;1120;1;1;1;1;3;294;A104;;;;770
201500045034;15;12;19;1645;2;1;1;1;4;73;A86 EXT;M;4877140;239221;940
201500045035;15;12;20;953;1;1;1;1;2;18;A4;;;;770
201500045036;15;12;21;740;5;1;1;1;6;121;A104;;;;770
201500045037;15;12;21;1900;2;1;1;2;4;69;A4;M;4881730;242929;940
201500045038;15;12;22;1315;1;1;1;1;3;294;A104;;;;770
201500045039;15;12;22;1840;3;1;1;1;3;18;A4;M;4882040;240181;940
201500045040;15;12;23;950;1;1;1;1;7;51;A4;;;;930
201500045041;15;12;23;1830;1;1;1;1;1;59;A104;;;;770
201500045042;15;12;27;1600;1;1;1;1;5;51;A4;;;;930
201500045043;15;12;28;1100;1;1;1;1;3;33;A86.EXT;M;4885940;248641;940
201500045044;15;12;28;1100;1;1;1;1;2;33;A86.EXT;M;4885930;248656;940
201500045045;15;12;28;1955;5;1;1;1;4;17;A86.INT;M;4883090;248997;940
201500045046;15;12;29;1045;1;1;1;1;6;337;RN104;;;;770
201500045047;15;12;29;1212;1;1;1;1;2;52;A86 INT;M;4883860;249352;940
201500045048;15;12;30;1500;1;1;1;1;4;17;A4;M;4882650;251832;940
201500045049;15;1;2;2315;3;1;1;1;2;36;AUTOROUTE A86;;;;920
201500045050;15;1;3;430;3;1;1;1;5;306;AUTOROUTE A15;;;;950
201500045051;15;1;3;700;3;1;1;2;4;53;AUTOROUTE A3;M;4888350;245873;930
201500045052;15;1;3;940;1;1;1;2;7;582;AUTOROUTE A15;;;;950
201500045053;15;1;3;1540;1;1;1;2;7;64;AUTOROUTE A3;M;4888390;246681;930
201500045054;15;1;3;1745;1;1;1;2;3;63;AUTOROUTE A3;M;4887790;244592;930
201500045055;15;1;3;1930;1;1;1;2;7;8;AUTOROUTE A86;M;4889860;246958;930
201500045056;15;1;3;2005;3;1;1;2;2;582;AUTOROUTE A15;;;;950
201500045057;15;12;23;1210;1;1;1;1;2;154;AUTOROUTE A1;;;;950
201500045058;15;1;3;2140;3;1;1;2;7;36;AUTOROUTE A15;;;;920
201500045059;15;1;4;215;3;1;1;2;7;64;AUTOROUTE A86;M;4888360;247155;930
201500045060;15;1;4;500;3;1;1;2;6;78;AUTOROUTE A104;M;4896130;254373;930
201500045061;15;1;5;820;1;1;1;2;2;582;AUTOROUTE A15;;;;950
201500045062;15;1;5;840;1;1;1;1;2;582;AUTOROUTE A15;;;;950
201500045063;15;1;5;920;1;1;1;1;2;582;AUTOROUTE A15;;;;950
201500045064;15;1;6;40;3;1;1;2;6;277;AUTOROUTE A1;;;;950
201500045065;15;1;6;1620;1;1;1;1;7;277;AUTOROUTE A1;;;;950
201500045066;15;1;7;30;3;1;1;2;2;527;AUTOROUTE A1;;;;950
201500045067;15;1;7;1600;1;1;1;1;7;78;AUTOROUTE A104;M;4896110;254339;930
201500045068;15;1;7;2130;3;1;1;2;5;682;RN 104;;;;950
201500045069;15;1;8;445;3;1;1;2;2;494;AUTOROUTE A1;M;4913196;256071;600
201500045070;15;1;8;645;3;1;1;2;6;78;AUTOROUTE A86;;;;920
201500045071;15;1;8;1315;1;1;1;2;7;27;AUTOROUTE A86;M;4892360;238346;930
201500045072;15;1;8;1730;1;1;1;2;3;678;ROUTE NATIONALE 184;;;;950
201500045073;15;1;9;810;1;1;1;2;6;572;ROUTE NATIONALE 184;;;;950
201500045074;15;1;9;1130;1;1;1;2;2;631;AUTOROUTE A1;M;4915252;258593;600
201500045075;15;1;9;1430;1;1;1;2;6;527;AUTOROUTE A1;;;;950
201500045076;15;1;9;2200;3;1;1;2;2;241;RN 104;;;;950
201500045077;15;1;10;1940;3;1;1;2;2;6;AUTOROUTE A3;M;4886450;241293;930
201500045078;15;1;10;1930;2;1;1;2;6;277;AUTOROUTE A104;M;4897330;249010;950
201500045079;15;1;10;2040;3;1;1;2;4;78;AUTOROUTE A104;M;4896660;251337;930
201500045080;15;1;10;2145;3;1;1;2;6;365;RN 104;;;;950
201500045081;15;1;10;2342;3;1;1;2;7;5;AUTOROUTE A3;M;4895160;247401;930
201500045082;15;1;11;1400;1;1;1;1;7;582;AUTOROUTE A15;;;;950
201500045083;15;1;12;650;3;1;1;1;5;78;AUTOROUTE A104;M;4896700;251215;930
201500045084;15;1;12;1820;1;1;1;1;7;5;AUTOROUTE A3;M;4892390;248068;930
201500045085;15;1;12;1920;2;1;1;1;5;8;AUTOROUTE A86;M;4889890;246927;930
201500045086;15;1;14;800;1;1;1;2;2;582;AUTOROUTE A15;;;;950
201500045087;15;1;14;1300;1;1;1;2;6;277;AUTOROUTE A104;M;4897280;248720;950
201500045088;15;1;14;1430;1;1;1;2;3;66;AUTOROUTE A86;M;4892170;236558;930
201500045089;15;1;14;1900;2;1;1;1;2;6;AUTOROUTE A3;M;4887010;243030;930
201500045090;15;1;15;755;1;1;1;1;2;42;RN 104;;;;950
201500045091;15;1;15;1630;1;1;1;2;4;36;AUTOROUTE A86;;;;920
201500045092;15;1;15;1700;3;1;1;2;3;78;AUTOROUTE A104;M;4897120;249814;930
201500045093;15;1;15;2020;3;1;1;2;2;18;AUTOROUTE A15;;;;950
201500045094;15;1;16;1235;1;1;1;1;6;28;RN 104;;;;950
201500045095;15;1;16;1320;1;1;1;1;2;48;AUTOROUTE A3;M;4887000;243048;930
201500045096;15;12;25;1120;1;1;1;2;6;277;AUTOROUTE A1;;;;950
201500045097;15;1;16;1745;5;1;1;1;1;66;AUTOROUTE A1;M;4891480;235775;930
201500045098;15;1;17;1700;1;1;1;1;6;572;ROUTE NATIONALE 184;;;;950
201500045099;15;1;18;350;3;1;1;1;2;580;AUTOROUTE A1;;;;950
201500045100;15;1;18;810;1;1;1;1;6;395;RN 104;;;;950
201500045101;15;1;17;2000;3;1;1;1;6;678;RN 104;;;;950
201500045102;15;1;17;2130;3;1;1;1;6;8;AUTOROUTE A86;M;4889890;246927;930
201500045103;15;1;19;2100;3;1;1;1;2;27;AUTOROUTE A1;M;4893780;241322;930
201500045104;15;1;21;755;1;1;1;1;2;42;RN 104;;;;950
201500045105;15;1;19;1950;2;1;9;1;2;66;AUTOROUTE A1;M;4890650;235851;930
201500045106;15;1;22;915;1;1;1;1;6;527;AUTOROUTE A1;;;;950
201500045107;15;1;20;1815;2;1;1;1;4;18;AUTOROUTE A15;;;;950
201500045108;15;1;19;900;1;1;1;1;6;678;RN 104;;;;950
201500045109;15;1;23;1510;1;1;1;1;7;8;AUTOROUTE A86;M;4889470;247114;930
201500045110;15;1;24;100;3;1;1;1;3;8;AUTOROUTE A86;;;;930
201500045111;15;1;24;230;3;1;1;1;6;582;AUTOROUTE A115;;;;950
201500045112;15;1;24;425;3;1;1;1;3;500;AUTOROUTE A15;;;;950
201500045113;15;1;24;920;1;1;1;2;6;572;AUTOROUTE A15;;;;950
201500045114;15;1;24;1310;1;1;1;1;6;5;AUTOROUTE A3;M;4895160;247401;930
201500045115;15;1;24;1900;1;1;1;1;1;53;AUTOROUTE A86;M;4888930;247362;930
201500045116;15;1;23;2040;3;1;1;1;2;582;AUTOROUTE A15;;;;950
201500045117;15;1;25;1445;1;1;1;1;3;28;RN 104;;;;950
201500045118;15;1;26;10;3;1;1;1;6;572;ROUTE NATIONALE 184;;;;950
201500045119;15;1;25;2230;3;1;1;1;6;60;AUTOROUTE A115;;;;950
201500045120;15;1;25;1020;1;1;1;1;6;488;AUTOROUTE A15;;;;950
201500045121;15;1;26;950;1;1;1;2;6;5;AUTOROUTE A3;M;4895910;247329;930
201500045122;15;1;26;1700;1;1;1;2;6;394;AUTOROUTE A115;;;;950
201500045123;15;1;27;1945;3;1;1;1;5;10;AUTOROUTE A3;M;4889390;247216;930
201500045124;15;1;27;1930;3;1;1;1;2;64;AUTOROUTE A86;M;4887090;248220;930
201500045125;15;1;25;300;3;1;1;1;7;36;ROUTE NATIONALE 315;;;;920
201500045126;15;1;27;2200;3;1;1;1;6;203;RD 170;;;;950
201500045127;15;1;28;655;3;1;1;1;6;494;AUTOROUTE A1;M;4912127;255646;600
201500045128;15;1;26;2000;3;1;1;1;7;64;AUTOROUTE A103;M;4888700;247664;930
201500045129;15;1;28;1615;1;1;1;2;3;8;AUTOROUTE A86;M;4889470;247114;930
201500045130;15;1;28;1700;1;1;1;2;7;64;AUTOROUTE A86;M;4887240;248069;930
201500045131;15;1;28;1920;4;1;1;1;2;604;AUTOROUTE A1;;;;950
201500045132;15;1;28;2050;3;1;1;2;2;18;AUTOROUTE A15;;;;950
201500045133;15;1;29;1400;1;1;1;2;2;252;AUTOROUTE A15;;;;950
201500045134;15;1;29;1700;1;1;1;1;7;36;AUTOROUTE A86;;;;920
201500045135;15;1;30;830;2;1;1;1;3;66;AUTOROUTE A1;M;4891740;235752;930
201500045136;15;1;30;815;1;1;1;1;6;78;AUTOROUTE A104;M;4896410;252043;930
201500045137;15;1;30;1045;1;1;1;2;6;18;AUTOROUTE A15;;;;950
201500045138;15;1;30;1640;1;1;1;1;6;394;AUTOROUTE A115;;;;950
201500045139;15;1;30;1500;1;1;1;2;2;7;AUTOROUTE A3;M;4893220;248099;930
201500045140;15;1;30;1500;1;1;1;2;6;7;AUTOROUTE A3;;;;930
201500045141;15;1;30;1407;1;1;1;1;7;78;AUTOROUTE A104;M;4896110;252518;930
201500045142;15;1;30;1524;1;1;1;1;2;5;AUTOROUTE A3;M;4894750;247586;930
201500045143;15;1;30;1546;1;1;1;1;4;5;AUTOROUTE A3;M;4895600;247308;930
201500045144;15;1;30;1420;1;1;1;2;7;527;AUTOROUTE A1;;;;950
201500045145;15;1;31;915;1;1;1;1;7;78;AUTOROUTE A86;;;;920
201500045146;15;2;1;330;5;1;1;1;6;66;AUTOROUTE A1;M;4891190;235792;930
201500045147;15;2;1;500;3;1;1;2;5;78;AUTOROUTE A104;M;4896710;251243;930
201500045148;15;2;1;1030;1;1;1;1;7;66;AUTOROUTE A1;M;4893000;236410;930
201500045149;15;2;1;945;1;1;1;1;6;572;AUTOROUTE A15;;;;950
201500045150;15;2;1;1745;3;1;1;2;7;36;AUTOROUTE A86;;;;920
201500045151;15;2;1;1500;1;1;1;2;6;36;AUTOROUTE A15;;;;920
201500045152;15;2;1;1605;1;1;1;2;6;527;AUTOROUTE A1;;;;950