num_acc;an;mois;jour;hrmn;lum;agg;int;atm;col;com;adr;gps;lat;long;dep
201500045153;15;2;1;2200;4;1;1;2;6;394;AUTOROUTE A115;;;;950
201500045154;15;2;2;650;3;1;1;2;4;78;AUTOROUTE A104;M;4895820;253141;930
201500045155;15;2;2;830;1;1;1;2;3;18;AUTOROUTE A15;;;;950
201500045156;15;2;2;1230;1;1;1;1;4;36;AUTOROUTE A15;;;;920
201500045157;15;2;2;1355;1;1;1;1;2;42;RN 104;;;;950
201500045158;15;2;3;905;1;1;1;1;1;7;AUTOROUTE A1;M;4894840;244515;930
201500045159;15;2;3;1845;3;1;1;1;3;27;AUTOROUTE A1;M;4893390;238666;930
201500045160;15;2;5;1500;1;1;1;1;2;5;AUTOROUTE A1;M;4896060;246797;930
201500045161;15;2;6;515;3;1;1;1;6;7;AUTOROUTE A3;M;4892930;248119;930
201500045162;15;2;6;915;1;1;1;1;3;5;AUTOROUTE A3;M;4892320;248060;930
201500045163;15;2;7;245;3;1;1;1;1;27;AUTOROUTE A1;M;4893840;241496;930
201500045164;15;2;7;600;3;1;1;1;2;64;AUTOROUTE A86;M;4888660;247381;930
201500045165;15;2;7;845;1;1;1;1;7;66;AUTOROUTE A86;M;4892200;236417;930
201500045166;15;2;7;1700;1;1;1;1;5;252;AUTOROUTE A15;;;;950
201500045167;15;2;8;240;3;1;1;1;7;6;AUTOROUTE A3;M;4886460;241233;930
201500045168;15;2;8;1355;1;1;1;1;2;5;AUTOROUTE A1;M;4896820;247951;930
201500045169;15;2;9;45;3;1;1;1;6;203;RD 170;M;4897810;229050;950
201500045170;15;2;9;130;4;1;1;1;6;277;AUTOROUTE A104;M;4897420;248910;950
201500045171;15;2;9;2030;4;1;1;1;6;491;AUTOROUTE A115;;;;950
201500045172;15;2;9;2100;3;1;1;1;2;154;AUTOROUTE A1;;;;950
201500045173;15;2;9;2100;3;1;1;1;3;154;AUTOROUTE A1;;;;950
201500045174;15;2;10;1000;1;1;1;1;7;252;AUTOROUTE A115;;;;950
201500045175;15;2;11;515;3;1;1;1;5;36;AUTOROUTE A15;;;;920
201500045176;15;2;10;1830;5;1;1;1;6;8;AUTOROUTE A86;M;4889890;246927;930
201500045177;15;2;11;1820;3;1;1;1;7;10;AUTOROUTE A3;M;4886640;242400;930
201500045178;15;1;25;500;3;1;1;1;6;28;RN 104;;;;950
201500045179;15;2;12;2305;3;1;1;1;5;78;AUTOROUTE A104;M;4895820;253220;930
201500045180;15;2;12;1030;1;1;1;1;7;256;AUTOROUTE A115;;;;950
201500045181;15;2;12;1145;1;1;1;5;2;394;ROUTE NATIONALE 184;;;;950
201500045182;15;2;12;610;3;1;1;9;6;27;AUTOROUTE A86;M;4892560;239692;930
201500045183;15;2;14;210;5;1;1;2;7;8;AUTOROUTE A86;;;;930
201500045184;15;2;14;1430;1;1;1;8;7;488;AUTOROUTE A15;;;;950
201500045185;15;2;14;1410;1;1;1;2;2;5;AUTOROUTE A3;M;4895460;247344;930
201500045186;15;2;14;1330;1;1;1;2;6;18;A 9015 2;;;;950
201500045187;15;2;14;1420;1;1;1;1;4;78;AUTOROUTE A86;;;;920
201500045188;15;2;14;1520;1;1;1;2;5;53;AUTOROUTE A86;M;4888750;247427;930
201500045189;15;2;14;2050;3;1;1;1;2;66;AUTOROUTE A1;M;4893320;237646;930
201500045190;15;2;15;115;3;1;1;2;5;27;AUTOROUTE A86;;;;930
201500045191;15;2;15;1730;2;1;1;1;4;252;AUTOROUTE A15;;;;950
201500045192;15;2;16;1602;1;1;1;1;7;27;AUTOROUTE A86;M;4892660;240337;930
201500045193;15;2;17;1400;1;1;1;1;1;66;AUTOROUTE A86;M;4892170;236558;930
201500045194;15;2;17;1450;1;1;1;1;3;582;BD INTERCOMMUNAL PARISIS;;;;950
201500045195;15;2;15;320;3;1;1;1;6;27;AUTOROUTE A86;M;4892230;237911;930
201500045196;15;12;27;1130;1;1;1;2;7;28;RN 104;;;;950
201500045197;15;2;18;1430;1;1;1;1;2;527;AUTOROUTE A1;;;;950
201500045198;15;2;15;345;4;1;1;1;6;27;AUTOROUTE A86;M;4892780;241018;930
201500045199;15;2;19;2130;3;1;1;1;3;527;AUTOROUTE A1;;;;950
201500045200;15;2;20;625;3;1;1;2;7;27;AUTOROUTE A86;M;4892790;240993;930
201500045201;15;2;20;1145;1;1;1;2;4;48;AUTOROUTE A3;M;4887200;243323;930
201500045202;15;2;20;1250;1;1;1;2;6;64;AUTOROUTE A86;M;4887090;248220;930
201500045203;15;2;20;1630;1;1;1;1;4;365;RN 104;;;;950
201500045204;15;2;20;1730;1;1;1;3;6;527;AUTOROUTE A1;;;;950
201500045205;15;2;20;1640;1;1;1;2;6;64;AUTOROUTE A86;M;4887560;247833;930
201500045206;15;2;20;2030;3;1;1;1;2;63;AUTOROUTE A3;M;4888040;245136;930
201500045207;15;2;20;1945;3;1;1;2;4;154;AUTOROUTE A1;;;;950
201500045208;15;2;21;645;3;1;1;1;6;48;AUTOROUTE A86;;;;930
201500045209;15;2;21;630;4;1;1;1;7;631;AUTOROUTE A1;M;4915252;258593;600
201500045210;15;2;21;1345;1;1;1;1;2;78;AUTOROUTE A104;M;4896460;251938;930
201500045211;15;2;21;1720;1;1;1;2;6;607;AUTOROUTE A115;;;;950
201500045212;15;2;21;1855;2;1;1;1;6;394;AUTOROUTE A115;;;;950
201500045213;15;2;21;426;3;1;1;9;2;64;AUTOROUTE A86;;;;930
201500045214;15;2;21;355;3;1;1;1;7;66;AUTOROUTE A1;M;4890190;235890;930
201500045215;15;2;20;2145;1;1;1;1;6;5;AUTOROUTE A3;M;4894720;247579;930
201500045216;15;2;20;2345;3;1;1;1;6;365;RN 104;;;;950
201500045217;15;2;21;1600;1;1;1;2;1;27;AUTOROUTE A86;;;;930
201500045218;15;2;22;705;3;1;1;1;6;256;ROUTE NATIONALE 184;;;;950
201500045219;15;2;21;1730;1;1;1;1;6;678;ROUTE NATIONALE 184;;;;950
201500045220;15;2;22;700;3;1;1;1;5;78;AUTOROUTE A104;M;4897170;249737;930
201500045221;15;2;23;615;1;1;1;1;3;8;AUTOROUTE A86;M;4890580;246302;930
201500045222;15;2;23;730;2;1;1;2;3;29;AUTOROUTE A86;M;4892650;242120;930
201500045223;15;2;23;700;5;1;1;1;6;8;AUTOROUTE A86;M;4891580;242996;930
201500045224;15;2;23;1000;1;1;1;1;2;18;AUTOROUTE A15;;;;950
201500045225;15;2;23;1115;1;1;1;1;4;675;AUTOROUTE A1;;;;950
201500045226;15;2;23;2010;3;1;1;1;2;18;AUTOROUTE A15;;;;950
201500045227;15;2;24;1730;1;1;1;2;2;36;AUTOROUTE A15;;;;920
201500045228;15;2;24;2050;3;1;1;1;2;78;AUTOROUTE A104;M;4895900;253602;930
201500045229;15;2;24;1130;1;1;1;1;4;527;AUTOROUTE A1;;;;950
201500045230;15;2;25;405;3;1;1;1;5;5;AUTOROUTE A3;M;4896390;247479;930
201500045231;15;2;24;920;1;1;1;1;6;5;AUTOROUTE A3;M;4895600;247308;930
201500045232;15;2;18;735;2;1;1;1;6;66;AUTOROUTE A1;M;4893360;237965;930
201500045233;15;2;24;1230;1;1;1;8;6;277;AUTOROUTE A1;;;;950
201500045234;15;2;18;900;1;1;1;1;5;78;AUTOROUTE A104;M;4896830;250791;930
201500045235;15;2;25;2055;3;1;1;2;5;13;AUTOROUTE A1;M;4893880;241706;930
201500045236;15;2;26;1100;1;1;1;2;6;154;AUTOROUTE A1;;;;950
201500045237;15;2;26;2200;3;1;1;2;6;527;AUTOROUTE A1;;;;950
201500045238;15;2;27;30;3;1;1;2;7;36;AUTOROUTE A86;;;;920
201500045239;15;2;27;510;3;1;1;1;2;6;AUTOROUTE A3;M;4886780;242772;930
201500045240;15;2;27;850;1;1;1;1;2;78;AUTOROUTE A104;M;4897170;249737;930
201500045241;15;2;27;1825;2;1;1;1;7;306;AUTOROUTE A15;;;;950
201500045242;15;2;27;1700;1;1;1;1;4;78;AUTOROUTE A104;M;4896130;254373;930
201500045243;15;2;27;1915;1;1;1;1;2;277;AUTOROUTE A104;M;4897320;248970;950
201500045244;15;2;27;2205;3;1;1;1;5;66;AUTOROUTE A1;M;4893260;237440;930
201500045245;15;2;28;15;4;1;1;1;6;218;AUTOROUTE A15;;;;950
201500045246;15;2;28;25;5;1;1;1;2;8;AUTOROUTE A86;M;4890750;245389;930
201500045247;15;2;25;940;1;1;1;2;2;582;AUTOROUTE A15;;;;950
201500045248;15;2;28;1432;1;1;1;1;2;66;AUTOROUTE A1;M;4890250;235886;930
201500045249;15;3;1;15;3;1;1;2;6;394;AUTOROUTE A115;;;;950
201500045250;15;2;28;1933;3;1;1;1;4;10;AUTOROUTE A3;M;4888950;247391;930
201500045251;15;1;31;520;3;1;1;2;2;64;AUTOROUTE A86;M;4888920;247413;930
201500045252;15;3;2;1845;5;1;1;1;5;66;AUTOROUTE A1;M;4891570;235765;930
201500045253;15;3;2;650;3;1;1;1;3;582;AUTOROUTE A115;;;;950
201500045254;15;3;3;605;3;1;1;1;4;277;AUTOROUTE A1;;;;950
201500045255;15;3;3;1745;1;1;1;2;2;36;AUTOROUTE A15;;;;920
201500045256;15;3;5;1945;3;1;1;1;7;5;AUTOROUTE A3;M;4894630;247621;930
201500045257;15;3;6;820;1;1;1;1;4;66;AUTOROUTE A86;M;4888850;247433;930
201500045258;15;3;6;900;1;1;1;1;4;572;AUTOROUTE A15;;;;950
201500045259;15;3;6;1150;1;1;1;1;2;527;AUTOROUTE A1;;;;950
201500045260;15;3;6;1730;1;1;1;1;3;18;AUTOROUTE A15;;;;950
201500045261;15;3;6;1500;1;1;1;1;4;27;AUTOROUTE A86;M;4892560;239692;930
201500045262;15;3;6;1630;1;1;1;1;6;53;AUTOROUTE A3;M;4889300;247265;930
201500045263;15;3;5;930;1;1;1;1;3;252;AUTOROUTE A115;;;;950
201500045264;15;2;13;1950;2;1;1;2;2;42;RN 104;;;;950
201500045265;15;3;5;930;1;1;1;1;4;29;AUTOROUTE A86;;;;930
201500045266;15;3;4;1228;1;1;1;4;2;53;AUTOROUTE A3;M;4888350;245873;930
201500045267;15;3;8;1640;1;1;1;1;2;582;AUTOROUTE A15;;;;950
201500045268;15;3;5;1100;1;1;1;1;2;36;AUTOROUTE A15;;;;920
201500045269;15;3;8;500;3;1;1;1;2;13;AUTOROUTE A1;M;4893880;241706;930
201500045270;15;3;9;1750;1;1;1;1;4;678;ROUTE NATIONALE 184;;;;950
201500045271;15;3;9;1500;1;1;1;1;5;6;AUTOROUTE A3;M;4886690;242545;930
201500045272;15;3;10;825;1;1;1;2;6;42;RN 104;;;;950
201500045273;15;3;10;1800;2;1;1;1;1;36;AUTOROUTE A86;;;;920
201500045274;15;3;10;1730;1;1;1;1;2;66;AUTOROUTE A1;M;4893340;237778;930
201500045275;15;3;10;1945;4;1;1;1;3;63;AUTOROUTE A3;M;4887850;244717;930
201500045276;15;3;11;915;1;1;1;1;5;66;AUTOROUTE A1;M;4892560;235703;930
201500045277;15;3;11;1630;1;1;1;1;7;8;AUTOROUTE A86;M;4889390;247179;930
201500045278;15;3;12;1630;1;1;1;1;7;36;AUTOROUTE A86;;;;920
201500045279;15;3;12;2215;3;1;1;1;3;63;AUTOROUTE A3;M;4887420;243816;930
201500045280;15;3;13;750;1;1;1;1;1;5;AUTOROUTE A3;M;4892570;248122;930
201500045281;15;3;13;845;1;1;1;1;5;582;AUTOROUTE A15;;;;950
201500045282;15;3;13;1615;1;1;1;1;3;64;AUTOROUTE A86;;;;930
201500045283;15;3;13;1815;1;1;1;1;2;10;AUTOROUTE A3;M;4890690;247255;930
201500045284;15;3;15;600;2;1;1;1;2;8;AUTOROUTE A86;;;;930
201500045285;15;3;15;530;3;1;1;1;4;5;AUTOROUTE A3;M;4892390;248068;930
201500045286;15;3;16;825;1;1;1;1;3;582;AUTOROUTE A15;;;;950
201500045287;15;3;16;900;1;1;1;1;4;53;AUTOROUTE A103;M;4890790;235844;930
201500045288;15;3;16;1410;1;1;1;1;7;36;AUTOROUTE A86;;;;920
201500045289;15;3;16;2305;3;1;1;1;7;27;AUTOROUTE A86;;;;930
201500045290;15;3;17;645;4;1;1;1;3;78;AUTOROUTE A104;M;4897100;249979;930
201500045291;15;3;18;910;1;1;1;1;2;6;AUTOROUTE A3;M;4886580;241719;930
201500045292;15;3;18;1310;1;1;1;1;6;27;AUTOROUTE A1;M;4893450;239758;930
201500045293;15;3;18;1518;1;1;1;1;3;39;AUTOROUTE A86;M;4892690;233609;930
201500045294;15;3;19;2230;3;1;1;1;2;64;AUTOROUTE A86;;;;930
201500045295;15;3;3;1237;1;1;1;1;6;218;AUTOROUTE A15;;;;950
201500045296;15;3;18;1500;1;1;1;1;2;48;AUTOROUTE A86;;;;930
201500045297;15;3;18;1430;1;1;1;1;3;7;AUTOROUTE A3;M;4892920;248120;930
201500045298;15;3;20;1420;1;1;1;1;4;5;AUTOROUTE A3;M;4895370;247364;930
201500045299;15;3;20;1150;1;1;1;1;3;66;AUTOROUTE A1;M;4893320;237699;930
201500045300;15;3;21;1045;1;1;1;1;5;13;AUTOROUTE A1;M;4893870;241625;930
201500045301;15;3;20;1745;1;1;1;1;4;18;AUTOROUTE A15;;;;950
201500045302;15;3;20;1445;1;1;1;1;3;256;ROUTE NATIONALE 184;;;;950
201500045303;15;3;21;2000;4;1;1;1;6;48;AUTOROUTE A3;M;4887310;243592;930
201500045304;15;3;22;650;1;1;1;1;2;28;RN 104;;;;950
201500045305;15;3;23;1915;1;1;1;1;2;6;AUTOROUTE A3;M;4886680;242545;930
201500045306;15;3;24;2250;3;1;1;2;6;66;AUTOROUTE A86;M;4889720;246951;930
201500045307;15;3;25;905;1;1;1;1;6;394;AUTOROUTE A115;;;;950
201500045308;15;3;24;1457;1;1;1;1;6;5;AUTOROUTE A3;M;4891790;247850;930
201500045309;15;3;24;1820;1;1;1;1;4;8;AUTOROUTE A86;;;;930
201500045310;15;3;26;1640;1;1;1;2;2;18;AUTOROUTE A15;;;;950
201500045311;15;3;27;1345;1;1;1;1;1;29;AUTOROUTE A86;;;;930
201500045312;15;3;26;2045;3;1;1;1;7;60;AUTOROUTE A115;;;;950
201500045313;15;3;27;2030;5;1;1;1;2;607;AUTOROUTE A115;;;;950
201500045314;15;3;27;1345;1;1;1;1;4;66;AUTOROUTE A1;M;4891830;235745;930
201500045315;15;3;27;1530;1;1;1;1;2;66;AUTOROUTE A1;M;4890960;235810;930
201500045316;15;3;28;1000;1;1;1;2;6;277;AUTOROUTE A104;M;4897350;248590;950
201500045317;15;3;28;1100;1;1;1;2;6;78;AUTOROUTE A86;;;;920
201500045318;15;3;28;1130;1;1;1;2;6;27;AUTOROUTE A86;;;;930
201500045319;15;3;28;2340;5;1;1;1;3;66;AUTOROUTE A1;M;4891390;235799;930
201500045320;15;3;29;1340;1;1;1;1;3;78;AUTOROUTE A86;;;;920
201500045321;15;3;29;1400;1;1;1;1;6;682;RN 104;;;;950
201500045322;15;3;29;1715;1;1;1;2;6;394;AUTOROUTE A115;;;;950
201500045323;15;3;29;1310;1;1;1;2;3;582;AUTOROUTE A15;;;;950
201500045324;15;3;29;2148;3;1;1;3;6;572;ROUTE NATIONALE 184;;;;950
201500045325;15;3;29;2025;5;1;1;2;6;78;AUTOROUTE A86;;;;920
201500045326;15;3;29;2320;3;1;1;2;7;27;AUTOROUTE A86;;;;930
201500045327;15;3;30;500;3;1;1;2;6;36;AUTOROUTE A86;;;;920
201500045328;15;3;30;1000;1;1;1;1;3;176;AUTOROUTE A15;;;;950
201500045329;15;3;30;1545;1;1;1;1;6;53;AUTOROUTE A103;M;4890250;235886;930
201500045330;15;3;30;2040;3;1;1;1;6;18;AUTOROUTE A15;;;;950
201500045331;15;3;31;1840;1;1;1;1;2;8;AUTOROUTE A86;M;4892680;233663;930
201500045332;15;2;25;1315;1;1;1;1;6;28;RN 104;;;;950
201500045333;15;4;1;1920;2;1;1;1;5;66;AUTOROUTE A1;M;4891480;235775;930
201500045334;15;4;1;1715;1;1;1;1;3;10;AUTOROUTE A3;M;4890570;247211;930
201500045335;15;4;2;1340;1;1;1;1;6;27;AUTOROUTE A1;M;4893810;241367;930
201500045336;15;4;2;1410;1;1;1;2;3;582;AUTOROUTE A15;;;;950
201500045337;15;4;2;1630;1;1;1;2;6;27;AUTOROUTE A86;M;4892570;239669;930
201500045338;15;4;3;720;2;1;1;2;6;151;RN 104;;;;950
201500045339;15;4;3;1215;1;1;1;1;6;151;RN 104;;;;950
201500045340;15;4;3;1520;1;1;1;2;3;64;AUTOROUTE A86;;;;930
201500045341;15;4;3;1810;1;1;1;3;2;28;RN 104;;;;950
201500045342;15;4;3;1830;1;1;1;2;4;53;AUTOROUTE A3;;;;930
201500045343;15;4;3;1750;1;1;1;2;4;8;AUTOROUTE A86;M;4890050;246998;930
201500045344;15;4;3;1830;1;1;1;3;2;53;AUTOROUTE A3;M;4889220;247299;930
201500045345;15;4;3;1700;1;1;1;2;6;66;AUTOROUTE A1;M;4893380;238236;930
201500045346;15;4;3;2300;3;1;1;2;6;277;AUTOROUTE A104;;;;950
201500045347;15;4;4;530;3;1;1;2;7;212;RN 104;;;;950
201500045348;15;4;5;1445;1;1;1;1;4;66;AUTOROUTE A1;M;4891930;235757;930
201500045349;15;4;6;45;3;1;1;1;2;53;AUTOROUTE A3;M;4888150;245406;930
201500045350;15;4;6;50;5;1;1;1;5;66;AUTOROUTE A1;M;4891030;235806;930
201500045351;15;4;7;945;1;1;1;1;2;78;AUTOROUTE A104;M;4895820;253141;930
201500045352;15;4;7;900;1;1;1;1;3;63;AUTOROUTE A3;M;4887850;244671;930
201500045353;15;4;7;1720;1;1;1;1;2;64;AUTOROUTE A86;;;;930
201500045354;15;4;7;1815;1;1;1;1;3;5;AUTOROUTE A3;M;4896130;247372;930
201500045355;15;4;8;1550;1;1;1;1;6;582;BD INTERCOMMUNAL PARISIS;M;4896230;226360;950
201500045356;15;4;8;1300;1;1;1;1;3;256;ROUTE NATIONALE 184;;;;950
201500045357;15;4;8;1520;1;1;1;1;4;678;ROUTE NATIONALE 184;;;;950
201500045358;15;4;9;630;2;1;1;1;2;641;AUTOROUTE A1;;;;950
201500045359;15;4;9;630;3;1;1;1;2;36;AUTOROUTE A86;;;;920
201500045360;15;4;9;1510;1;1;1;1;4;36;AUTOROUTE A15;;;;920
201500045361;15;4;10;1540;1;1;1;1;2;1;AUTOROUTE A86;M;4892170;237721;930
201500045362;15;4;10;1630;1;1;1;1;6;5;AUTOROUTE A3;M;4896130;247372;930
201500045363;15;4;10;1720;1;1;1;1;3;64;AUTOROUTE A3;M;4888450;247090;930
201500045364;15;4;11;600;3;1;1;2;6;277;AUTOROUTE A1;;;;950
201500045365;15;4;13;110;3;1;1;1;6;365;RN 104;;;;950
201500045366;15;4;12;1700;1;1;1;1;6;18;AUTOROUTE A15;;;;950
201500045367;15;4;12;1900;1;1;1;1;5;10;AUTOROUTE A3;M;4890690;247255;930
201500045368;15;4;14;1830;1;1;1;1;2;66;AUTOROUTE A1;M;4891480;235792;930
201500045369;15;4;15;1815;1;1;1;1;4;27;AUTOROUTE A86;M;4887880;247652;930
201500045370;15;4;15;1830;1;1;1;1;4;78;AUTOROUTE A104;M;4896260;254821;930
201500045371;15;4;14;1830;1;1;1;1;2;572;AUTOROUTE A15;;;;950
201500045372;15;4;16;1730;1;1;1;1;3;8;AUTOROUTE A86;M;4891260;243728;930
201500045373;15;4;16;830;1;1;1;1;4;10;AUTOROUTE A3;M;4889780;246962;930
201500045374;15;4;14;1155;1;1;1;1;5;1;AUTOROUTE A86;M;4892100;237188;930
201500045375;15;4;14;1220;1;1;1;1;2;66;AUTOROUTE A1;M;4891930;235757;930
201500045376;15;4;17;1400;1;1;1;1;6;678;ROUTE NATIONALE 184;;;;950
201500045377;15;4;18;250;3;1;1;1;2;13;AUTOROUTE A1;M;4893880;241706;930
201500045378;15;4;18;1228;1;1;1;1;2;36;AUTOROUTE A15;;;;920
201500045379;15;4;18;1400;1;1;1;1;2;48;AUTOROUTE A3;M;4887130;243223;930
201500045380;15;4;14;1030;1;1;1;1;2;66;AUTOROUTE A1;M;4891030;235824;930
201500045381;15;4;18;2210;3;1;1;1;7;394;AUTOROUTE A115;;;;950
201500045382;15;4;19;340;3;1;1;1;7;252;AUTOROUTE A15;;;;950
201500045383;15;4;18;1545;1;1;1;1;6;563;AUTOROUTE A115;;;;950
201500045384;15;4;19;1245;1;1;1;1;4;66;AUTOROUTE A1;M;4891930;235757;930
201500045385;15;4;19;1930;1;1;1;1;7;241;RN 104;;;;950
201500045386;15;4;19;1630;1;1;1;1;3;491;AUTOROUTE A115;;;;950
201500045387;15;4;18;1200;1;1;1;1;4;5;AUTOROUTE A3;M;4894320;247795;930
201500045388;15;4;18;800;1;1;1;1;4;675;AUTOROUTE A1;;;;950
201500045389;15;4;21;1110;1;1;1;1;3;53;AUTOROUTE A3;M;4889130;247329;930
201500045390;15;4;22;1740;1;1;1;1;6;13;AUTOROUTE A1;M;4893870;241625;930
201500045391;15;4;22;2345;3;1;1;1;2;63;AUTOROUTE A3;M;4887850;244717;930
201500045392;15;4;20;1305;1;1;1;1;6;631;AUTOROUTE A1;M;4915252;258593;600
201500045393;15;4;24;1125;1;1;1;1;6;29;AUTOROUTE A86;;;;930
201500045394;15;4;24;1800;1;1;1;1;3;64;AUTOROUTE A86;M;4887070;248247;930
201500045395;15;4;24;1855;1;1;1;1;2;154;AUTOROUTE A1;;;;950
201500045396;15;4;24;2018;1;1;1;1;2;7;AUTOROUTE A1;;;;930
201500045397;15;4;25;1845;1;1;1;1;6;256;ROUTE NATIONALE 184;;;;950
201500045398;15;4;25;1515;1;1;1;1;6;572;ROUTE NATIONALE 184;;;;950
201500045399;15;4;26;1910;1;1;1;2;6;277;AUTOROUTE A104;M;4897350;248590;950
201500045400;15;4;27;10;3;1;1;1;4;306;AUTOROUTE A15;;;;950
201500045401;15;4;26;1930;1;1;1;2;6;256;ROUTE NATIONALE 184;;;;950
201500045402;15;4;26;2100;5;1;1;2;6;277;RD 170B6;M;4897380;248520;950
201500045403;15;4;26;1915;1;1;1;2;6;527;AUTOROUTE A1;;;;950
201500045404;15;4;27;1520;1;1;1;1;3;138;AUTOROUTE A1;M;4921927;263400;600
201500045405;15;4;27;1515;1;1;1;1;3;5;AUTOROUTE A104;M;4897170;249629;930
201500045406;15;4;28;900;1;1;1;1;2;66;AUTOROUTE A1;M;4893170;237003;930
201500045407;15;4;28;815;1;1;1;1;3;66;AUTOROUTE A1;M;4890610;235836;930
201500045408;15;4;28;1740;1;1;1;1;2;29;AUTOROUTE A86;M;4891800;242893;930
201500045409;15;4;28;1740;1;1;1;1;4;572;AUTOROUTE A15;;;;950
201500045410;15;4;28;1900;1;1;1;1;3;351;RN 104;;;;950
201500045411;15;4;29;840;1;1;1;1;2;8;AUTOROUTE A86;M;4889370;247243;930
201500045412;15;4;29;1020;1;1;1;1;3;66;AUTOROUTE A86;M;4889550;247053;930
201500045413;15;4;30;940;1;1;1;2;7;36;AUTOROUTE A86;;;;920
201500045414;15;4;30;1730;1;1;1;3;6;277;AUTOROUTE A104;;;;950
201500045415;15;3;30;1855;1;1;1;3;7;10;AUTOROUTE A3;M;4889780;246962;930
201500045416;15;5;1;30;3;1;1;2;7;28;RN 104;;;;950
201500045417;15;4;30;2055;1;1;1;3;2;1;AUTOROUTE A86;M;4888390;246943;930
201500045418;15;4;30;2000;1;1;1;3;6;527;AUTOROUTE A1;;;;950
201500045419;15;5;1;640;1;1;1;2;6;527;AUTOROUTE A3;;;;950
201500045420;15;5;1;1055;1;1;1;3;6;277;AUTOROUTE A104;;;;950
201500045421;15;5;1;1605;1;1;1;2;6;53;AUTOROUTE A103;M;4890430;235870;930
201500045422;15;5;1;1240;1;1;1;2;6;27;AUTOROUTE A86;M;4887070;248247;930
201500045423;15;5;1;1300;1;1;1;2;7;64;AUTOROUTE A103;;;;930
201500045424;15;5;1;1215;1;1;1;2;6;27;AUTOROUTE A86;M;4887070;248247;930
201500045425;15;5;1;1051;1;1;1;2;6;365;RN 104;;;;950
201500045426;15;5;1;1300;1;1;1;2;6;5;AUTOROUTE A1;M;4896070;246789;930
201500045427;15;5;1;2030;1;1;1;1;2;36;AUTOROUTE A15;;;;920
201500045428;15;5;2;2330;3;1;1;2;2;252;AUTOROUTE A15;;;;950
201500045429;15;5;3;10;4;1;1;2;7;64;AUTOROUTE A86;;;;930
201500045430;15;5;3;350;3;1;1;2;7;8;AUTOROUTE A86;;;;930
201500045431;15;5;2;2015;1;1;1;3;6;277;AUTOROUTE A1;;;;950
201500045432;15;5;3;630;2;1;1;3;6;527;AUTOROUTE A1;;;;950
201500045433;15;5;2;1945;1;1;1;1;6;256;ROUTE NATIONALE 184;;;;950
201500045434;15;5;3;730;1;1;1;2;6;66;AUTOROUTE A1;M;4892380;235723;930
201500045435;15;5;3;600;3;1;1;2;7;36;AUTOROUTE A15;;;;920
201500045436;15;5;2;2030;1;1;1;2;6;18;AUTOROUTE A15;;;;950
201500045437;15;5;1;1410;1;1;1;2;2;394;AUTOROUTE A115;;;;950
201500045438;15;5;3;1415;1;1;1;2;6;27;AUTOROUTE A86;M;4887880;247652;930
201500045439;15;5;3;1530;1;1;1;2;6;394;AUTOROUTE A115;;;;950
201500045440;15;9;20;700;2;1;1;1;7;5;AUTOROUTE A3;;;;930
201500045441;15;5;3;1430;1;1;1;2;2;78;AUTOROUTE A104;M;4896510;251829;930
201500045442;15;5;3;1530;1;1;1;2;7;53;AUTOROUTE A3;M;4888300;245754;930
201500045443;15;5;3;1700;1;1;1;1;2;64;AUTOROUTE A86;;;;930
201500045444;15;5;3;1825;1;1;1;1;6;1;AUTOROUTE A86;M;4888320;247013;930
201500045445;15;5;4;425;3;1;1;1;2;241;RN 104;;;;950
201500045446;15;5;2;1830;1;1;1;2;5;582;AUTOROUTE A15;;;;950
201500045447;15;5;2;2025;2;1;1;2;6;53;AUTOROUTE A103;M;4890610;235855;930
201500045448;15;5;3;1230;1;1;1;2;6;8;AUTOROUTE A86;M;4889390;247179;930
201500045449;15;5;3;1145;1;1;1;2;6;78;AUTOROUTE A104;M;4896280;252229;930
201500045450;15;5;4;1005;1;1;1;1;2;5;AUTOROUTE A3;M;4893850;247990;930
201500045451;15;5;4;2000;1;1;1;2;7;27;AUTOROUTE A86;;;;930
201500045452;15;5;5;205;3;1;1;1;6;64;AUTOROUTE A86;;;;930
201500045453;15;5;5;700;2;1;1;1;7;53;AUTOROUTE A103;M;4890880;235836;930
201500045454;15;5;5;605;3;1;1;2;7;42;RN 104;;;;950
201500045455;15;5;5;1230;1;1;1;1;4;36;AUTOROUTE A86;;;;920
201500045456;15;5;3;315;3;1;1;1;6;27;AUTOROUTE A86;M;4887890;247622;930
201500045457;15;5;5;1630;1;1;1;1;4;66;AUTOROUTE A1;M;4892810;235794;930
201500045458;15;5;6;2220;3;1;1;1;2;10;AUTOROUTE A3;M;4888950;247391;930
201500045459;15;5;6;1915;1;1;1;1;6;66;AUTOROUTE A86;M;4892230;235873;930
201500045460;15;5;7;1035;1;1;1;1;2;66;AUTOROUTE A86;M;4888600;247273;930
201500045461;15;5;7;1400;1;1;1;1;4;53;AUTOROUTE A86;M;4888930;247362;930
201500045462;15;5;8;120;3;1;1;1;6;18;AUTOROUTE A15;;;;950
201500045463;15;5;10;645;1;1;1;1;6;612;AUTOROUTE A1;M;4919349;260348;600
201500045464;15;5;10;600;5;1;1;1;6;66;AUTOROUTE A1;M;4891570;235783;930
201500045465;15;5;10;1340;1;1;1;1;3;394;ROUTE NATIONALE 184;;;;950
201500045466;15;5;10;1705;1;1;1;1;2;527;AUTOROUTE A1;;;;950
201500045467;15;5;10;2000;1;1;1;1;7;631;AUTOROUTE A1;M;4915252;258593;600
201500045468;15;5;11;645;1;1;1;1;3;78;AUTOROUTE A104;M;4896990;250339;930
201500045469;15;5;9;1830;1;1;1;1;6;8;AUTOROUTE A86;;;;930
201500045470;15;5;11;1105;1;1;1;1;6;277;AUTOROUTE A104;M;4897310;248530;950
201500045471;15;5;5;1550;1;1;1;1;2;306;AUTOROUTE A15;;;;950
201500045472;15;5;12;830;1;1;1;1;3;27;AUTOROUTE A1;M;4893450;239693;930