num_acc;an;mois;jour;hrmn;lum;agg;int;atm;col;com;adr;gps;lat;long;dep
201500045473;15;5;12;1520;1;1;1;1;6;64;AUTOROUTE A86;M;4888390;246943;930
201500045474;15;5;13;1730;1;1;1;1;3;6;AUTOROUTE A3;M;4886600;241584;930
201500045475;15;5;13;1530;1;1;1;1;7;36;AUTOROUTE A86;;;;920
201500045476;15;5;14;2005;1;1;1;1;7;6;AUTOROUTE A3;M;4886430;241359;930
201500045477;15;5;15;1730;1;1;1;1;6;631;AUTOROUTE A1;M;4915252;258593;600
201500045478;15;5;15;2135;3;1;1;1;5;10;AUTOROUTE A3;M;4888950;247391;930
201500045479;15;5;16;1535;1;1;1;1;6;365;RN 104;;;;950
201500045480;15;5;16;1540;1;1;1;1;7;306;AUTOROUTE A15;;;;950
201500045481;15;5;16;1645;1;1;1;1;5;36;AUTOROUTE A15;;;;920
201500045482;15;5;16;1715;1;1;1;1;2;212;AUTOROUTE A1;;;;950
201500045483;15;5;16;1815;1;1;1;1;2;212;AUTOROUTE A1;;;;950
201500045484;15;5;15;1;3;1;1;2;3;78;AUTOROUTE A104;M;4896220;252323;930
201500045485;15;5;17;1705;1;1;1;1;2;66;AUTOROUTE A1;M;4893390;238340;930
201500045486;15;5;18;1035;1;1;1;1;3;10;AUTOROUTE A3;M;4889690;246977;930
201500045487;15;5;18;1300;1;1;1;1;5;10;AUTOROUTE A3;M;4888970;247384;930
201500045488;15;5;19;845;1;1;1;1;4;53;AUTOROUTE A3;M;4889130;247329;930
201500045489;15;5;20;950;1;1;1;1;1;66;AUTOROUTE A86;M;4892190;236552;930
201500045490;15;5;20;1335;1;1;1;2;5;53;AUTOROUTE A3;M;4888350;245873;930
201500045491;15;5;21;1930;1;1;1;1;3;53;AUTOROUTE A3;M;4888390;246640;930
201500045492;15;5;22;1345;1;1;1;1;3;78;AUTOROUTE A86;;;;920
201500045493;15;5;22;1800;1;1;1;1;4;66;AUTOROUTE A86;M;4888670;247349;930
201500045494;15;5;21;2330;3;1;1;1;3;7;AUTOROUTE A1;M;4895380;245521;930
201500045495;15;5;23;1055;1;1;1;1;2;5;AUTOROUTE A3;M;4894750;247586;930
201500045496;15;5;23;2035;1;1;1;1;2;36;AUTOROUTE A15;;;;920
201500045497;15;5;26;800;1;1;1;1;2;7;AUTOROUTE A1;M;4895090;245012;930
201500045498;15;5;26;800;1;1;1;1;3;66;AUTOROUTE A1;M;4891900;235742;930
201500045499;15;5;26;1500;1;1;1;1;4;66;AUTOROUTE A1;M;4891930;235757;930
201500045500;15;5;28;700;1;1;1;1;4;66;AUTOROUTE A1;M;4893380;238044;930
201500045501;15;5;28;1555;1;1;1;1;2;5;AUTOROUTE A3;M;4892860;248147;930
201500045502;15;5;28;1715;1;1;1;1;5;48;AUTOROUTE A1086;;;;930
201500045503;15;5;28;2030;1;1;1;1;6;78;AUTOROUTE A86;;;;920
201500045504;15;5;29;130;3;1;1;1;7;5;AUTOROUTE A3;M;4895190;247409;930
201500045505;15;5;29;2245;5;1;1;1;2;66;AUTOROUTE A1;M;4891030;235824;930
201500045506;15;5;30;730;1;1;1;1;7;5;AUTOROUTE A3;M;4894750;247586;930
201500045507;15;5;29;1645;1;1;1;1;4;252;AUTOROUTE A15;;;;950
201500045508;15;5;29;1940;1;1;1;1;2;631;AUTOROUTE A1;M;4914397;257556;600
201500045509;15;5;30;1825;1;1;1;1;2;8;AUTOROUTE A86;;;;930
201500045510;15;5;30;1940;1;1;1;1;4;78;AUTOROUTE A86;;;;920
201500045511;15;5;31;1425;1;1;1;2;6;394;AUTOROUTE A115;;;;950
201500045512;15;5;31;1900;1;1;1;2;6;394;ROUTE NATIONALE 184;;;;950
201500045513;15;6;1;30;3;1;1;2;6;277;AUTOROUTE A104;M;4897350;248590;950
201500045514;15;4;25;900;1;1;1;2;7;36;AUTOROUTE A15;;;;920
201500045515;15;5;31;1830;1;1;1;8;2;572;AUTOROUTE A15;;;;950
201500045516;15;6;1;800;1;1;1;1;4;27;AUTOROUTe A1;M;4893600;240476;930
201500045517;15;6;1;830;1;1;1;1;4;10;AUTOROUTE A3;M;4888930;247381;930
201500045518;15;6;1;1450;1;1;1;1;2;6;AUTOROUTE A3;M;4886620;242256;930
201500045519;15;6;1;1520;1;1;1;1;2;7;AUTOROUTE A1;M;4894360;243600;930
201500045520;15;6;2;730;1;1;1;1;4;256;ROUTE NATIONALE 184;;;;950
201500045521;15;6;3;25;3;1;1;1;6;641;AUTOROUTE A1;;;;950
201500045522;15;6;3;630;1;1;1;1;2;277;AUTOROUTE A3;;;;950
201500045523;15;6;3;910;1;1;1;1;6;36;AUTOROUTE A15;;;;920
201500045524;15;6;3;1544;1;1;1;1;2;18;AUTOROUTE A15;;;;950
201500045525;15;6;4;900;1;1;1;1;2;252;AUTOROUTE A15;;;;950
201500045526;15;6;4;1000;1;1;1;1;3;18;AUTOROUTE A15;;;;950
201500045527;15;6;4;820;1;1;1;1;2;572;ROUTE NATIONALE 184;;;;950
201500045528;15;6;4;930;1;1;1;1;2;5;AUTOROUTE A3;M;4894290;247791;930
201500045529;15;6;5;545;1;1;1;1;2;10;AUTOROUTE A86;M;4889890;246927;930
201500045530;15;6;5;930;1;1;1;1;6;612;AUTOROUTE A1;M;4920929;261530;600
201500045531;15;6;4;1810;1;1;1;1;3;13;AUTOROUTE A1;M;4893870;241625;930
201500045532;15;6;5;1340;1;1;1;1;5;10;AUTOROUTE A3;M;4888930;247381;930
201500045533;15;6;6;215;3;1;1;1;6;572;AUTOROUTE A15;;;;950
201500045534;15;6;5;1625;1;1;1;1;6;18;AUTOROUTE A15;;;;950
201500045535;15;6;5;1840;1;1;1;1;4;5;AUTOROUTE A3;M;4894720;247579;930
201500045536;15;6;5;1820;1;1;1;1;3;27;AUTOROUTE A86;M;4887880;247652;930
201500045537;15;6;6;1815;1;1;1;1;2;36;AUTOROUTE A86;;;;920
201500045538;15;6;6;1930;1;1;1;1;6;6;AUTOROUTE A3;M;4886570;241854;930
201500045539;15;6;7;730;1;1;1;1;6;277;RD 170;M;4897620;248040;950
201500045540;15;6;7;505;2;1;1;1;7;66;AUTOROUTE A1;M;4891930;235757;930
201500045541;15;6;8;10;5;1;1;1;2;29;AUTOROUTE A86;M;4891880;242869;930
201500045542;15;6;7;125;3;1;1;1;3;48;AUTOROUTE A3;M;4887310;243592;930
201500045543;15;6;8;735;1;1;1;1;2;29;AUTOROUTE A86;;;;930
201500045544;15;6;8;1500;1;1;1;1;2;64;AUTOROUTE A86;;;;930
201500045545;15;6;8;1815;1;1;1;1;5;494;AUTOROUTE A1;M;4912475;255721;600
201500045546;15;6;8;1730;1;1;1;1;6;18;AUTOROUTE A15;;;;950
201500045547;15;6;9;110;5;1;1;1;6;8;AUTOROUTE A86;;;;930
201500045548;15;6;9;5;1;1;1;1;6;63;AUTOROUTE A3;M;4888040;245136;930
201500045549;15;6;9;1010;1;1;1;1;2;66;AUTOROUTE A1;M;4893340;237778;930
201500045550;15;2;23;105;4;1;1;1;6;53;AUTOROUTE A3;;;;930
201500045551;15;6;9;1000;1;1;1;1;4;30;AUTOROUTE A1;M;4893930;241882;930
201500045552;15;6;9;1230;1;1;1;1;2;36;AUTOROUTE A15;;;;920
201500045553;15;6;9;1415;1;1;1;1;7;29;AUTOROUTE A86;;;;930
201500045554;15;6;9;1405;1;1;1;1;2;29;AUTOROUTE A86;M;4892440;242610;930
201500045555;15;6;9;1530;1;1;1;1;5;78;AUTOROUTE A104;M;4895850;253348;930
201500045556;15;6;9;1825;1;1;1;1;2;491;AUTOROUTE A115;;;;950
201500045557;15;6;8;1700;1;1;1;1;6;5;AUTOROUTE A3;M;4892840;248129;930
201500045558;15;6;10;730;1;1;1;1;3;424;AUTOROUTE A15;;;;950
201500045559;15;6;7;650;1;1;1;1;6;678;RN 104;;;;950
201500045560;15;6;11;910;1;1;1;1;2;678;ROUTE NATIONALE 184;;;;950
201500045561;15;6;5;1500;1;1;1;1;4;64;AUTOROUTE A86;;;;930
201500045562;15;6;11;1830;1;1;1;1;3;10;AUTOROUTE A3;M;4891420;247718;930
201500045563;15;6;12;2325;3;1;1;1;3;64;AUTOROUTE A86;;;;930
201500045564;15;6;12;2210;2;1;1;1;7;78;AUTOROUTE A104;M;4895820;253141;930
201500045565;15;6;12;1217;1;1;1;1;3;138;AUTOROUTE A1;M;4922048;263708;600
201500045566;15;6;14;1645;1;1;1;1;4;13;AUTOROUTE A1;M;4893870;241625;930
201500045567;15;6;14;1838;1;1;1;1;2;48;AUTOROUTE A3;M;4887200;243323;930
201500045568;15;6;14;1700;1;1;1;1;6;241;RN 104;;;;950
201500045569;15;6;14;1915;1;1;1;1;3;5;AUTOROUTE A1;M;4895770;246287;930
201500045570;15;6;13;1445;1;1;1;1;4;582;AUTOROUTE A15;;;;950
201500045571;15;6;13;1800;1;1;1;1;2;48;AUTOROUTE A3;M;4887050;243128;930
201500045572;15;6;15;530;1;1;1;1;2;64;AUTOROUTE A86;;;;930
201500045573;15;6;15;615;2;1;1;1;1;66;AUTOROUTE A1;M;4891480;235792;930
201500045574;15;6;15;1400;1;1;1;1;2;66;AUTOROUTE A1;M;4893080;236663;930
201500045575;15;6;15;1700;1;1;1;8;2;53;AUTOROUTE A3;M;4889010;247351;930
201500045576;15;6;15;1730;1;1;1;1;5;277;AUTOROUTE A104;M;4897390;248770;950
201500045577;15;6;16;2350;3;1;1;1;2;78;AUTOROUTE A86;;;;920
201500045578;15;6;17;710;1;1;1;1;3;27;AUTOROUTE A86;M;4892580;239827;930
201500045579;15;6;17;1040;1;1;1;1;7;60;AUTOROUTE A115;;;;950
201500045580;15;6;16;1410;1;1;1;1;2;27;AUTOROUTE A1;M;4893450;239758;930
201500045581;15;6;17;2155;2;1;1;1;5;64;AUTOROUTE A103;M;4888670;247983;930
201500045582;15;6;17;1753;1;1;1;1;6;66;AUTOROUTE A86;M;4888490;247056;930
201500045583;15;6;18;900;1;1;1;1;2;36;AUTOROUTE A86;;;;920
201500045584;15;6;18;730;1;1;1;1;4;27;AUTOROUTE A1;M;4893720;241063;930
201500045585;15;6;18;2000;1;1;1;1;4;582;AUTOROUTE A15;;;;950
201500045586;15;6;19;820;1;1;1;1;2;5;AUTOROUTE A3;M;4894320;247795;930
201500045587;15;6;15;900;1;1;1;1;2;18;AUTOROUTE A15;;;;950
201500045588;15;6;18;2025;1;1;1;1;4;29;AUTOROUTE A86;;;;930
201500045589;15;6;15;1000;1;1;1;1;2;28;RN 104;;;;950
201500045590;15;6;19;1840;1;1;1;1;2;64;AUTOROUTE A86;;;;930
201500045591;15;6;20;1540;1;1;1;1;1;66;AUTOROUTE A1;M;4892470;235712;930
201500045592;15;6;20;2000;1;1;1;1;3;18;AUTOROUTE A15;;;;950
201500045593;15;6;21;315;3;1;1;1;2;527;AUTOROUTE A1;;;;950
201500045594;15;6;21;1600;1;1;1;1;7;612;AUTOROUTE A1;M;4920615;261209;600
201500045595;15;6;21;2040;1;1;1;1;6;66;AUTOROUTE A1;M;4890460;235847;930
201500045596;15;6;21;445;3;1;1;1;2;580;AUTOROUTE A1;;;;950
201500045597;15;6;21;2140;3;1;1;1;2;631;AUTOROUTE A1;M;4915261;258633;600
201500045598;15;6;21;1730;1;1;1;1;1;48;AUTOROUTE A3;M;4887230;243434;930
201500045599;15;6;22;930;1;1;1;1;3;66;AUTOROUTE A1;M;4891990;235735;930
201500045600;15;6;22;950;1;1;1;1;3;60;AUTOROUTE A115;;;;950
201500045601;15;6;19;750;1;1;1;1;2;27;AUTOROUTE A86;M;4887240;248069;930
201500045602;15;6;22;1440;1;1;1;2;5;5;AUTOROUTE A3;;;;930
201500045603;15;6;22;2235;3;1;1;3;6;582;BD INTERCOMMUNAL PARISIS;M;4896330;226560;950
201500045604;15;6;23;705;1;1;1;1;2;27;AUTOROUTE A86;M;4886460;248229;930
201500045605;15;6;23;800;1;1;1;1;2;78;AUTOROUTE A104;M;4896750;251124;930
201500045606;15;6;23;730;1;1;1;1;3;252;AUTOROUTE A15;;;;950
201500045607;15;6;22;2010;1;1;1;1;2;494;AUTOROUTE A1;M;4912475;255721;600
201500045608;15;6;22;1645;1;1;1;3;6;42;RN 104;;;;950
201500045609;15;6;23;2220;1;1;1;1;2;66;AUTOROUTE A1;M;4890520;235845;930
201500045610;15;6;23;1635;1;1;1;1;4;66;AUTOROUTE A1;M;4891930;235757;930
201500045611;15;6;24;1830;1;1;1;1;2;78;AUTOROUTE A104;M;4896340;255060;930
201500045612;15;6;25;815;1;1;1;1;5;36;AUTOROUTE A86;;;;920
201500045613;15;6;25;1730;1;1;1;1;2;277;BD INTERCOMMUNAL PARISIS;M;4897580;248220;950
201500045614;15;6;25;1900;1;1;1;1;2;78;AUTOROUTE A104;M;4896340;252130;930
201500045615;15;6;26;1010;1;1;1;1;2;241;RN 104;;;;950
201500045616;15;6;26;1445;1;1;1;1;3;5;AUTOROUTE A3;M;4894750;247586;930
201500045617;15;6;26;1700;1;1;1;1;6;5;AUTOROUTE A1;M;4895830;246392;930
201500045618;15;6;26;1700;1;1;1;1;2;66;AUTOROUTE A1;M;4890340;235875;930
201500045619;15;6;26;1915;1;1;1;1;2;572;ROUTE NATIONALE 184;;;;950
201500045620;15;6;27;900;1;1;1;1;6;64;AUTOROUTE A86;;;;930
201500045621;15;6;27;1300;1;1;1;1;5;212;AUTOROUTE A1;;;;950
201500045622;15;6;28;720;1;1;1;1;2;306;AUTOROUTE A15;;;;950
201500045623;15;6;29;835;1;1;1;1;3;64;AUTOROUTE A103;M;4888520;248909;930
201500045624;15;6;29;934;1;1;1;1;6;66;AUTOROUTE A86;M;4888950;247356;930
201500045625;15;6;29;1732;1;1;1;1;7;365;RN 104;;;;950
201500045626;15;6;29;2220;1;1;1;1;6;582;AUTOROUTE A15;;;;950
201500045627;15;6;29;1606;1;1;1;1;3;6;AUTOROUTE A3;M;4886800;242761;930
201500045628;15;6;30;1210;1;1;1;1;6;5;AUTOROUTE A3;M;4895550;247335;930
201500045629;15;6;30;1007;1;1;1;1;2;394;ROUTE NATIONALE 184;;;;950
201500045630;15;7;1;1930;1;1;1;1;3;27;AUTOROUTE A86;M;4887890;247622;930
201500045631;15;7;2;1700;1;1;1;1;2;277;AUTOROUTE A104;M;4897280;248720;950
201500045632;15;7;2;1730;1;1;1;1;6;64;AUTOROUTE A3;M;4888390;246681;930
201500045633;15;7;2;1900;1;1;1;1;2;6;AUTOROUTE A3;M;4886840;242864;930
201500045634;15;7;1;2000;1;1;1;1;2;78;AUTOROUTE A86;;;;920
201500045635;15;7;2;1210;1;1;1;1;5;78;AUTOROUTE A86;;;;920
201500045636;15;7;3;730;1;1;1;1;6;500;AUTOROUTE A15;;;;950
201500045637;15;7;3;2055;1;1;1;1;2;527;AUTOROUTE A1;;;;950
201500045638;15;7;1;1010;1;1;1;1;2;18;AUTOROUTE A15;;;;950
201500045639;15;7;5;615;1;1;1;1;6;582;AUTOROUTE A15;;;;950
201500045640;15;7;4;1230;1;1;1;1;2;580;AUTOROUTE A1;;;;950
201500045641;15;7;5;535;1;1;1;1;2;256;ROUTE NATIONALE 184;;;;950
201500045642;15;7;4;1800;1;1;1;1;5;66;AUTOROUTE A1;M;4893390;238390;930
201500045643;15;7;4;2000;1;1;1;1;4;5;AUTOROUTE A3;M;4894580;247665;930
201500045644;15;6;30;907;1;1;1;1;4;500;AUTOROUTE A15;;;;950
201500045645;15;7;6;830;1;1;1;1;2;66;AUTOROUTE A1;M;4890610;235855;930
201500045646;15;7;5;1845;1;1;1;1;3;582;AUTOROUTE A15;;;;950
201500045647;15;7;6;1245;1;1;1;1;7;631;AUTOROUTE A1;M;4915599;259058;600
201500045648;15;7;7;910;1;1;1;1;7;27;AUTOROUTE A1;M;4893450;239758;930
201500045649;15;7;7;1515;1;1;1;1;2;527;AUTOROUTE A1;;;;950
201500045650;15;7;7;2120;1;1;1;1;7;27;AUTOROUTE A86;;;;930
201500045651;15;7;8;1230;1;1;1;1;5;53;AUTOROUTE A3;M;4888250;245596;930
201500045652;15;7;9;500;3;1;1;1;2;500;AUTOROUTE A15;;;;950
201500045653;15;7;10;805;1;1;1;1;6;582;AUTOROUTE A15;;;;950
201500045654;15;7;11;711;1;1;1;1;4;78;AUTOROUTE A86;;;;920
201500045655;15;7;12;20;3;1;1;1;4;572;AUTOROUTE A15;;;;950
201500045656;15;7;12;1915;1;1;1;1;6;27;AUTOROUTE A86;M;4886390;248248;930
201500045657;15;7;13;100;3;1;1;1;2;5;AUTOROUTE A3;M;4895420;247330;930
201500045658;15;7;14;1200;1;1;1;1;6;27;AUTOROUTE A86;M;4888110;247457;930
201500045659;15;7;15;650;1;1;1;1;6;572;ROUTE NATIONALE 184;;;;950
201500045660;15;7;15;1620;1;1;1;1;2;18;A 9015 3;;;;950
201500045661;15;7;15;1840;1;1;1;1;2;256;ROUTE NATIONALE 184;;;;950
201500045662;15;7;16;1745;1;1;1;1;4;10;AUTOROUTE A86;;;;930
201500045663;15;7;17;235;3;1;1;1;2;64;AUTOROUTE A86;;;;930
201500045664;15;7;15;1840;1;1;1;1;2;678;ROUTE NATIONALE 184;;;;950
201500045665;15;7;17;1050;1;1;1;1;4;66;AUTOROUTE A1;M;4891840;235763;930
201500045666;15;7;17;1220;1;1;1;1;3;5;AUTOROUTE A3;M;4892840;248129;930
201500045667;15;7;11;1400;1;1;1;1;7;527;AUTOROUTE A3;;;;950
201500045668;15;7;10;1730;1;1;1;1;6;66;AUTOROUTE A86;M;4889110;247344;930
201500045669;15;7;16;1715;1;1;1;1;3;527;AUTOROUTE A3;;;;950
201500045670;15;7;17;2315;3;1;1;1;5;572;AUTOROUTE A15;;;;950
201500045671;15;7;17;2120;2;1;1;1;2;53;AUTOROUTE A3;M;4889040;247358;930
201500045672;15;7;18;257;3;1;1;1;6;10;AUTOROUTE A3;M;4888950;247391;930
201500045673;15;7;13;437;5;1;1;1;7;29;AUTOROUTE A86;;;;930
201500045674;15;7;13;2115;3;1;1;1;4;78;AUTOROUTE A86;;;;920
201500045675;15;7;19;40;3;1;1;3;6;582;AUTOROUTE A15;;;;950
201500045676;15;7;19;405;5;1;1;2;2;66;AUTOROUTE A1;M;4890610;235855;930
201500045677;15;7;18;1235;1;1;1;1;4;306;AUTOROUTE A15;;;;950
201500045678;15;7;18;1445;1;1;1;1;7;5;AUTOROUTE A3;M;4894490;247708;930
201500045679;15;7;20;650;2;1;1;2;7;27;AUTOROUTE A86;;;;930
201500045680;15;7;22;915;1;1;1;1;7;10;AUTOROUTE A3;M;4888950;247391;930
201500045681;15;7;22;1430;1;1;1;1;3;64;AUTOROUTE A86;;;;930
201500045682;15;7;23;507;2;1;1;1;2;631;AUTOROUTE A1;M;4915700;259170;600
201500045683;15;7;23;807;1;1;1;1;3;612;AUTOROUTE A1;M;4919532;260414;600
201500045684;15;7;23;900;1;1;1;1;4;13;AUTOROUTE A1;M;4893870;241625;930
201500045685;15;7;22;1740;1;1;1;1;6;572;ROUTE NATIONALE 184;;;;950
201500045686;15;7;25;925;1;1;1;2;6;8;AUTOROUTE A86;;;;930
201500045687;15;7;25;245;3;1;1;2;6;241;RN 104;;;;950
201500045688;15;7;24;1920;1;1;1;1;4;64;AUTOROUTE A86;;;;930
201500045689;15;7;25;1715;1;1;1;1;6;8;AUTOROUTE A86;;;;930
201500045690;15;7;25;1835;1;1;1;1;6;10;AUTOROUTE A3;M;4888390;246681;930
201500045691;15;7;26;1540;1;1;1;3;6;572;A 9015 7;;;;950
201500045692;15;7;26;1920;1;1;1;1;6;218;AUTOROUTE A15;;;;950
201500045693;15;7;24;1615;1;1;1;1;5;13;AUTOROUTE A1;M;4894090;242611;930
201500045694;15;7;27;730;1;1;1;2;5;66;AUTOROUTE A1;M;4893320;237699;930
201500045695;15;7;27;730;1;1;1;2;3;394;ROUTE NATIONALE 184;;;;950
201500045696;15;7;28;800;1;1;1;1;4;241;RN 104;;;;950
201500045697;15;7;28;2030;2;1;1;1;3;64;AUTOROUTE A86;;;;930
201500045698;15;7;28;1630;1;1;1;1;5;5;AUTOROUTE A3;M;4894320;247795;930
201500045699;15;7;29;1400;1;1;1;1;6;66;AUTOROUTE A1;M;4893290;237569;930
201500045700;15;7;29;1410;1;1;1;1;7;66;AUTOROUTE A86;M;4889190;247316;930
201500045701;15;7;29;1630;3;1;1;1;2;7;AUTOROUTE A1;M;4895150;245119;930
201500045702;15;7;24;730;1;1;1;1;6;64;AUTOROUTE A103;M;4888670;247932;930
201500045703;15;7;30;900;1;1;1;1;7;527;AUTOROUTE A3;;;;950
201500045704;15;7;30;740;1;1;1;1;5;18;AUTOROUTE A15;;;;950
201500045705;15;7;30;1715;1;1;1;1;7;582;AUTOROUTE A15;;;;950
201500045706;15;7;6;800;1;1;1;1;3;36;AUTOROUTE A86;;;;920
201500045707;15;7;31;900;1;1;1;1;2;18;AUTOROUTE A15;;;;950
201500045708;15;7;31;1350;1;1;1;1;2;572;AUTOROUTE A15;;;;950
201500045709;15;8;1;445;4;1;1;1;6;66;AUTOROUTE A1;M;4892340;235708;930
201500045710;15;8;1;1900;1;1;1;1;6;64;AUTOROUTE A103;M;4888670;247802;930
201500045711;15;8;2;2320;3;1;1;1;7;66;AUTOROUTE A86;M;4889130;247295;930
201500045712;15;8;3;650;1;1;1;1;6;8;AUTOROUTE A86;;;;930
201500045713;15;8;4;615;3;1;1;2;6;394;AUTOROUTE A115;;;;950
201500045714;15;8;4;810;1;1;1;1;6;28;RN 104;;;;950
201500045715;15;8;5;810;1;1;1;1;5;64;AUTOROUTE A86;;;;930
201500045716;15;8;5;1010;1;1;1;1;5;66;AUTOROUTE A1;M;4891030;235824;930
201500045717;15;8;5;1345;1;1;1;1;4;527;AUTOROUTE A3;;;;950
201500045718;15;8;5;1530;1;1;1;1;6;277;AUTOROUTE A104;M;4897280;248720;950
201500045719;15;7;31;800;1;1;1;1;4;572;ROUTE NATIONALE 184;;;;950
201500045720;15;8;5;1340;1;1;1;1;2;5;AUTOROUTE A3;M;4891770;247824;930
201500045721;15;8;6;1830;1;1;1;1;2;604;AUTOROUTE A1;;;;950
201500045722;15;7;26;715;1;1;1;1;6;252;AUTOROUTE A15;;;;950
201500045723;15;8;5;1815;1;1;1;1;3;66;AUTOROUTE A1;;;;930
201500045724;15;8;7;1815;1;1;1;1;7;48;AUTOROUTE A3;M;4887230;243434;930
201500045725;15;8;8;615;2;1;1;1;2;27;AUTOROUTE A1;M;4893520;240090;930
201500045726;15;8;8;1400;1;1;1;1;3;5;AUTOROUTE A3;M;4894750;247586;930
201500045727;15;8;7;2058;1;1;1;1;7;5;AUTOROUTE A3;M;4894720;247579;930
201500045728;15;8;9;950;1;1;1;1;6;78;AUTOROUTE A86;;;;920
201500045729;15;8;6;1300;1;1;1;1;2;5;AUTOROUTE A3;;;;930
201500045730;15;8;12;1735;1;1;1;1;6;36;AUTOROUTE A15;;;;920
201500045731;15;8;13;2000;1;1;1;1;6;27;AUTOROUTE A86;;;;930
201500045732;15;8;13;2010;1;1;1;2;6;6;AUTOROUTE A3;;;;930
201500045733;15;8;13;2050;1;1;1;1;6;277;AUTOROUTE A104;M;4897350;248590;950
201500045734;15;8;14;1845;1;1;1;3;6;36;AUTOROUTE A15;;;;920
201500045735;15;8;14;1700;1;1;1;1;3;6;AUTOROUTE A3;M;4886650;242387;930
201500045736;15;8;14;150;3;1;1;3;7;27;AUTOROUTE A86;;;;930
201500045737;15;8;15;930;1;1;1;2;6;351;RN 104;;;;950
201500045738;15;8;15;950;1;1;1;1;3;27;AUTOROUTE A86;M;4888110;247457;930
201500045739;15;8;15;950;1;1;1;2;1;36;AUTOROUTE A86;;;;920
201500045740;15;8;15;930;1;1;1;3;6;64;AUTOROUTE A86;;;;930
201500045741;15;8;15;850;1;1;1;2;2;277;AUTOROUTE A104;M;4897350;248590;950
201500045742;15;8;15;1030;1;1;1;1;6;27;AUTOROUTE A86;;;;930
201500045743;15;7;31;845;1;1;1;1;4;500;AUTOROUTE A15;;;;950
201500045744;15;8;17;1310;1;1;1;1;1;8;AUTOROUTE A86;;;;930
201500045745;15;8;18;1740;1;1;1;1;3;53;AUTOROUTE A3;M;4889190;247291;930
201500045746;15;8;19;2035;2;1;1;1;6;277;RD 170;M;4897520;248460;950
201500045747;15;8;20;615;1;1;1;3;6;18;AUTOROUTE A15;;;;950
201500045748;15;8;20;900;1;1;1;3;6;27;AUTOROUTE A86;;;;930
201500045749;15;8;20;810;1;1;1;2;6;256;ROUTE NATIONALE 184;;;;950
201500045750;15;8;20;1430;1;1;1;1;2;66;AUTOROUTE A1;;;;930
201500045751;15;8;22;415;3;1;1;1;7;582;RD 170;M;4896210;226320;950
201500045752;15;8;22;2125;3;1;1;1;6;241;RN 104;;;;950
201500045753;15;8;21;1810;1;1;1;1;2;63;AUTOROUTE A3;M;4887470;243926;930
201500045754;15;8;20;1300;1;1;1;2;6;256;ROUTE NATIONALE 184;;;;950
201500045755;15;8;20;1020;1;1;1;3;2;252;AUTOROUTE A15;;;;950
201500045756;15;8;24;1050;1;1;1;2;6;8;AUTOROUTE A86;;;;930
201500045757;15;8;24;1400;1;1;1;2;6;27;AUTOROUTE A86;M;4888010;247568;930
201500045758;15;8;24;1520;1;1;1;2;6;66;AUTOROUTE A86;M;4889450;247181;930
201500045759;15;8;24;2250;3;1;1;2;2;5;AUTOROUTE A1;M;4896060;246797;930
201500045760;15;8;25;1210;1;1;1;1;2;527;AUTOROUTE A1;;;;950
201500045761;15;8;25;1300;1;1;1;1;2;527;AUTOROUTE A1;;;;950
201500045762;15;8;25;1900;1;1;1;1;2;678;RN 104;;;;950
201500045763;15;8;26;730;1;1;1;1;3;48;AUTOROUTE A3;M;4887360;243658;930
201500045764;15;8;26;930;1;1;1;1;6;241;AUTOROUTE A1;M;4916011;259549;600
201500045765;15;8;26;300;5;1;1;1;6;572;ROUTE NATIONALE 184;;;;950
201500045766;15;8;24;900;1;1;1;3;7;582;AUTOROUTE A15;;;;950
201500045767;15;8;24;800;1;1;1;2;2;582;BD INTERCOMUNAL PARISIS;M;4896330;226620;950
201500045768;15;8;24;930;1;1;1;1;6;500;AUTOROUTE A15;;;;950
201500045769;15;8;17;1230;1;1;1;1;7;66;AUTOROUTE A86;;;;930
201500045770;15;8;28;500;3;1;1;2;6;277;AUTOROUTE A104;M;4897350;248590;950
201500045771;15;8;27;1230;1;1;1;2;2;277;AUTOROUTE A1;;;;950
201500045772;15;8;27;1130;1;1;1;2;2;10;AUTOROUTE A3;M;4888930;247381;930
201500045773;15;8;27;2050;1;1;1;2;4;500;AUTOROUTE A15;;;;950
201500045774;15;8;28;1400;1;1;1;1;1;36;AUTOROUTE A86;;;;920
201500045775;15;8;27;1540;1;1;1;3;6;527;AUTOROUTE A3;;;;950
201500045776;15;8;29;1610;1;1;1;1;2;365;RN 104;;;;950
201500045777;15;8;28;1830;1;1;1;1;4;631;AUTOROUTE A1;M;4915252;258593;600
201500045778;15;8;30;1915;1;1;1;1;2;78;AUTOROUTE A86;;;;920
201500045779;15;8;31;1405;1;1;1;1;7;36;AUTOROUTE A86;;;;920
201500045780;15;8;31;2230;4;1;1;1;2;27;AUTOROUTE A86;M;4887000;248252;930
201500045781;15;8;31;2230;4;1;1;1;2;27;AUTOROUTE A86;;;;930
201500045782;15;9;1;820;1;1;1;2;5;5;AUTOROUTE A3;M;4892410;248094;930
201500045783;15;9;1;720;1;1;1;2;2;64;AUTOROUTE A3;M;4888390;246818;930
201500045784;15;9;1;1230;1;1;1;1;2;582;AUTOROUTE A15;;;;950
201500045785;15;9;1;1520;1;1;1;1;6;78;AUTOROUTE A86;;;;920
201500045786;15;9;1;1805;1;1;1;1;5;18;AUTOROUTE A15;;;;950
201500045787;15;9;1;1740;1;1;1;1;6;78;AUTOROUTE A86;;;;920
201500045788;15;9;2;810;1;1;1;1;4;277;RD 170;M;4897520;248460;950
201500045789;15;9;2;840;1;1;1;1;2;64;AUTOROUTE A86;;;;930
201500045790;15;9;2;850;1;1;1;1;2;18;AUTOROUTE A15;;;;950
201500045791;15;9;2;1745;1;1;1;1;2;7;AUTOROUTE A1;M;4894560;243988;930
201500045792;15;9;6;1735;1;1;1;1;2;36;AUTOROUTE A86;;;;920
201500045793;15;9;6;1810;1;1;1;1;5;36;AUTOROUTE A86;;;;920