num_acc;an;mois;jour;hrmn;lum;agg;int;atm;col;com;adr;gps;lat;long;dep
201500045794;15;9;6;2230;5;1;1;1;2;66;AUTOROUTE A1;M;4891210;235791;930
201500045795;15;9;6;1806;1;1;1;1;5;212;AUTOROUTE A1;;;;950
201500045796;15;9;7;1302;1;1;1;1;6;306;AUTOROUTE A15;;;;950
201500045797;15;9;7;2225;3;1;1;1;2;10;AUTOROUTE A86;;;;930
201500045798;15;9;8;2030;4;1;1;1;6;27;AUTOROUTE A86;M;4887880;247652;930
201500045799;15;9;8;130;3;1;1;1;4;18;AUTOROUTE A15;;;;950
201500045800;15;9;8;525;3;1;1;1;2;6;AUTOROUTE A3;M;4887010;243030;930
201500045801;15;9;8;1030;1;1;1;1;3;6;AUTOROUTE A3;M;4886650;242387;930
201500045802;15;9;2;1715;1;1;1;1;5;572;ROUTE NATIONALE 184;;;;950
201500045803;15;7;7;1130;1;1;1;1;3;66;AUTOROUTE A1;M;4890880;235818;930
201500045804;15;9;8;2117;4;1;1;1;4;78;AUTOROUTE A104;M;4896300;254943;930
201500045805;15;9;9;715;2;1;1;1;3;27;AUTOROUTE A86;M;4887310;248031;930
201500045806;15;9;9;845;1;1;1;1;6;7;AUTOROUTE A1;M;4895150;245100;930
201500045807;15;9;9;920;1;1;1;1;6;10;AUTOROUTE A3;M;4889690;246977;930
201500045808;15;9;8;1810;1;1;1;1;6;277;AUTOROUTE A104;M;4897320;248880;950
201500045809;15;9;8;1715;1;1;1;1;7;252;AUTOROUTE A15;;;;950
201500045810;15;9;9;1715;1;1;1;1;4;78;AUTOROUTE A104;M;4896300;254943;930
201500045811;15;9;10;830;1;1;1;1;3;63;AUTOROUTE A3;M;4887580;244149;930
201500045812;15;9;10;1810;1;1;1;1;6;66;AUTOROUTE A1;M;4893000;236410;930
201500045813;15;9;11;1000;1;1;1;1;4;66;AUTOROUTE A86;M;4888860;247384;930
201500045814;15;9;11;1800;1;1;1;1;2;66;AUTOROUTE A1;M;4891030;235824;930
201500045815;15;9;12;1445;1;1;1;2;6;394;AUTOROUTE A115;;;;950
201500045816;15;9;12;1530;1;1;1;2;2;572;ROUTE NATIONALE 184;;;;950
201500045817;15;9;12;2025;3;1;1;1;7;36;AUTOROUTE A15;;;;920
201500045818;15;9;12;2310;3;1;1;1;6;277;AUTOROUTE A104;M;4897390;248740;950
201500045819;15;9;11;1855;1;1;1;1;5;36;ROUTE NATIONALE 315;;;;920
201500045820;15;9;11;2030;3;1;1;1;3;66;AUTOROUTE A86;M;4889520;247116;930
201500045821;15;9;13;1010;1;1;1;2;6;28;RN 104;;;;950
201500045822;15;9;13;1050;1;1;1;3;6;572;AUTOROUTE A15;;;;950
201500045823;15;9;13;1520;1;1;1;2;4;78;AUTOROUTE A86;;;;920
201500045824;15;9;13;1935;1;1;1;1;3;572;ROUTE NATIONALE 184;;;;950
201500045825;15;9;13;1545;1;1;1;2;6;277;AUTOROUTE A104;M;4897390;248770;950
201500045826;15;9;13;1345;1;1;1;2;6;27;AUTOROUTE A86;;;;930
201500045827;15;9;13;1605;1;1;1;2;6;18;AUTOROUTE A15;;;;950
201500045828;15;9;13;1700;1;1;1;1;1;66;AUTOROUTE A1;M;4891900;235742;930
201500045829;15;9;13;245;3;1;1;1;6;365;RN 104;;;;950
201500045830;15;9;13;2340;3;1;1;1;2;675;AUTOROUTE A1;;;;950
201500045831;15;9;13;310;3;1;1;1;4;10;AUTOROUTE A3;M;4890190;247030;930
201500045832;15;9;14;245;5;1;1;1;6;277;RD 170;M;4897590;248210;950
201500045833;15;9;14;935;1;1;1;1;3;66;AUTOROUTE A1;M;4892170;235719;930
201500045834;15;9;11;1240;1;1;1;1;5;6;AUTOROUTE A3;M;4886640;241321;930
201500045835;15;9;14;1645;1;1;1;2;6;53;AUTOROUTE A103;M;4890880;235836;930
201500045836;15;9;15;1101;1;1;1;1;3;678;ROUTE NATIONALE 184;;;;950
201500045837;15;9;15;950;1;1;1;1;3;5;AUTOROUTE A3;M;4895420;247330;930
201500045838;15;9;15;1100;1;1;1;6;6;28;RN 104;;;;950
201500045839;15;9;14;1735;1;1;1;1;7;53;AUTOROUTE A3;M;4889370;247213;930
201500045840;15;9;14;1850;1;1;1;2;6;53;AUTOROUTE A103;M;4890880;235836;930
201500045841;15;9;16;550;2;1;1;2;1;78;AUTOROUTE A104;M;4895950;253770;930
201500045842;15;9;16;600;1;1;1;2;6;64;AUTOROUTE A86;;;;930
201500045843;15;9;16;715;4;1;1;1;6;582;AUTOROUTE A15;;;;950
201500045844;15;9;16;630;3;1;1;2;6;394;AUTOROUTE A115;;;;950
201500045845;15;9;13;1245;1;1;1;3;6;527;AUTOROUTE A3;;;;950
201500045846;15;9;16;1420;1;1;1;3;4;7;AUTOROUTE A1;M;4894670;244198;930
201500045847;15;9;16;1345;1;1;1;2;6;527;AUTOROUTE A3;;;;950
201500045848;15;9;13;410;3;1;1;1;6;394;ROUTE NATIONALE 184;;;;950
201500045849;15;9;16;2100;3;1;1;1;2;10;AUTOROUTE A3;M;4888930;247381;930
201500045850;15;9;17;845;1;1;1;1;3;64;AUTOROUTE A86;;;;930
201500045851;15;9;17;900;1;1;1;8;6;18;AUTOROUTE A15;;;;950
201500045852;15;9;17;730;1;1;1;8;6;78;AUTOROUTE A86;;;;920
201500045853;15;9;17;1430;1;1;1;1;7;66;AUTOROUTE A1;M;4893000;236410;930
201500045854;15;9;17;1925;1;1;1;1;3;572;AUTOROUTE A15;;;;950
201500045855;15;9;18;725;1;1;1;1;2;306;AUTOROUTE A15;;;;950
201500045856;15;9;18;530;2;1;1;1;2;7;AUTOROUTE A1;M;4894740;244358;930
201500045857;15;9;18;1020;1;1;1;1;2;66;AUTOROUTE A1;M;4893170;237055;930
201500045858;15;9;18;1800;1;1;1;2;2;572;AUTOROUTE A15;;;;950
201500045859;15;9;19;1;3;1;1;2;7;572;ROUTE NATIONALE 184;;;;950
201500045860;15;9;19;905;1;1;1;1;6;394;A115;;;;950
201500045861;15;9;18;1715;1;1;1;1;4;64;AUTOROUTE A86;;;;930
201500045862;15;9;20;15;3;1;1;1;5;53;AUTOROUTE A3;M;4889470;247150;930
201500045863;15;9;21;840;1;1;1;1;7;36;AUTOROUTE A15;;;;920
201500045864;15;9;21;1500;1;1;1;1;5;66;AUTOROUTE A1;M;4891930;235757;930
201500045865;15;9;21;1850;1;1;1;1;4;36;AUTOROUTE A86;;;;920
201500045866;15;9;22;545;3;1;1;1;6;78;AUTOROUTE A104;M;4896340;255060;930
201500045867;15;9;19;30;3;1;1;2;7;582;BD INTERCOMMUNAL PARISIS;M;4896640;227260;950
201500045868;15;9;18;2315;3;1;1;1;6;241;RN 104;;;;950
201500045869;15;9;19;145;3;1;1;1;7;64;AUTOROUTE A103;M;4888700;247664;930
201500045870;15;9;22;1020;1;1;1;2;7;5;AUTOROUTE A3;;;;930
201500045871;15;9;23;845;1;1;1;1;3;582;AUTOROUTE A115;;;;950
201500045872;15;9;23;945;1;1;1;1;3;582;AUTOROUTE A115;;;;950
201500045873;15;9;23;430;3;1;1;2;2;424;AUTOROUTE A15;;;;950
201500045874;15;9;24;940;1;1;1;1;2;28;RN 104;;;;950
201500045875;15;9;24;1930;3;1;1;2;3;572;AUTOROUTE A15;;;;950
201500045876;15;9;24;2240;3;1;1;2;7;572;ROUTE NATIONALE 184;;;;950
201500045877;15;9;23;1515;1;1;1;1;1;505;AUTOROUTE A1;M;4916680;259931;600
201500045878;15;9;25;709;2;1;1;9;3;53;AUTOROUTE A3;M;4889630;247029;930
201500045879;15;9;25;945;1;1;1;1;7;5;AUTOROUTE A3;M;4893820;247979;930
201500045880;15;9;25;845;1;1;1;1;6;53;AUTOROUTE A3;M;4888390;246408;930
201500045881;15;9;25;1420;1;1;1;1;2;7;AUTOROUTE A1;M;4894410;243716;930
201500045882;15;9;26;30;3;1;1;1;2;13;AUTOROUTE A1;M;4894170;242923;930
201500045883;15;9;26;1130;1;1;1;1;2;6;AUTOROUTE A3;M;4886800;242761;930
201500045884;15;9;26;2325;3;1;1;1;1;78;AUTOROUTE A86;;;;920
201500045885;15;9;27;1110;1;1;1;1;4;6;AUTOROUTE A3;M;4886610;242272;930
201500045886;15;9;28;50;3;1;1;1;4;66;AUTOROUTE A1;M;4891930;235757;930
201500045887;15;9;22;2200;4;1;1;2;6;582;AUTOROUTE A115;;;;950
201500045888;15;9;27;1745;1;1;1;1;4;36;AUTOROUTE A15;;;;920
201500045889;15;9;27;1445;1;1;1;1;2;277;BD INTERCOMMUNAL PARISIS;M;4897590;248210;950
201500045890;15;9;26;1830;1;1;1;1;7;394;ROUTE NATIONALE 184;;;;950
201500045891;15;9;28;930;1;1;1;1;4;28;RN 104;;;;950
201500045892;15;9;28;930;1;1;1;1;3;66;AUTOROUTE A86;;;;930
201500045893;15;9;29;1745;1;1;1;1;3;53;AUTOROUTE A86;;;;930
201500045894;15;9;30;900;1;1;1;1;4;7;AUTOROUTE A1;M;4894730;244304;930
201500045895;15;9;29;1805;1;1;1;1;5;13;AUTOROUTE A1;M;4894050;242410;930
201500045896;15;9;30;1630;1;1;1;1;5;13;AUTOROUTE A1;M;4893880;241706;930
201500045897;15;9;30;1750;1;1;1;1;5;63;AUTOROUTE A3;M;4887420;243816;930
201500045898;15;10;1;1350;1;1;1;1;5;6;AUTOROUTE A3;;;;930
201500045899;15;10;3;830;1;1;1;1;7;612;AUTOROUTE A1;M;4919349;260348;600
201500045900;15;10;2;600;3;1;1;1;6;10;AUTOROUTE A3;;;;930
201500045901;15;10;2;1050;1;1;1;1;3;13;AUTOROUTE A1;;;;930
201500045902;15;10;3;1130;1;1;1;1;7;138;AUTOROUTE A1;M;4921409;262312;600
201500045903;15;10;3;400;3;1;1;1;2;582;AUTOROUTE A15;;;;950
201500045904;15;10;2;300;3;1;1;1;6;66;AUTOROUTE A1;;;;930
201500045905;15;10;2;2030;5;1;1;1;2;29;AUTOROUTE A86;;;;930
201500045906;15;10;3;1930;5;1;1;1;4;13;AUTOROUTE A1;;;;930
201500045907;15;10;4;750;1;1;1;1;2;6;AUTOROUTE A3;;;;930
201500045908;15;10;4;1410;1;1;1;1;7;48;AUTOROUTE A3;;;;930
201500045909;15;10;1;2205;3;1;1;1;5;18;AUTOROUTE A15;;;;950
201500045910;15;9;30;2215;3;1;1;1;4;53;AUTOROUTE A86;;;;930
201500045911;15;10;4;2350;3;1;1;1;4;63;AUTOROUTE A3;;;;930
201500045912;15;10;5;2230;3;1;1;1;7;582;AUTOROUTE A15;;;;950
201500045913;15;10;5;2310;5;1;1;1;6;582;BD INTERCOMMUNAL PARISIS;M;4896250;226310;950
201500045914;15;10;5;2230;3;1;1;2;6;277;AUTOROUTE A104;M;4897280;248720;950
201500045915;15;10;5;2115;3;1;1;2;7;5;AUTOROUTE A3;;;;930
201500045916;15;10;5;1650;1;1;1;1;3;36;AUTOROUTE A15;;;;920
201500045917;15;10;5;1430;1;1;1;2;3;53;AUTOROUTE A103;;;;930
201500045918;15;10;6;1113;1;1;1;3;4;675;AUTOROUTE A1;;;;950
201500045919;15;10;4;1240;1;1;1;1;2;18;AUTOROUTE A15;;;;950
201500045920;15;10;6;1400;1;1;1;1;2;36;AUTOROUTE A15;;;;920
201500045921;15;10;6;2325;3;1;1;1;2;64;AUTOROUTE A103;;;;930
201500045922;15;10;7;130;4;1;1;1;2;138;AUTOROUTE A1;M;4921927;263400;600
201500045923;15;10;7;2155;3;1;1;1;2;582;AUTOROUTE A15;;;;950
201500045924;15;9;23;1000;1;1;1;1;5;582;AUTOROUTE A15;;;;950
201500045925;15;10;2;1400;1;1;1;1;5;48;AUTOROUTE A3;;;;930
201500045926;15;10;5;600;3;1;1;1;5;36;AUTOROUTE A15;;;;920
201500045927;15;10;5;800;2;1;1;1;2;631;AUTOROUTE A1;M;4914813;258054;600
201500045928;15;9;29;830;1;1;1;1;7;582;AUTOROUTE A15;;;;950
201500045929;15;9;29;830;1;1;1;1;7;582;AUTOROUTE A15;;;;950
201500045930;15;9;22;1;3;1;1;2;6;394;AUTOROUTE A115;;;;950
201500045931;15;10;9;915;1;1;1;1;2;7;AUTOROUTE A1;;;;930
201500045932;15;10;5;700;1;1;1;1;5;582;AUTOROUTE A115;;;;950
201500045933;15;10;5;900;1;1;1;1;5;39;AUTOROUTE A86;;;;930
201500045934;15;10;2;1700;1;1;1;1;6;48;AUTOROUTE A3;;;;930
201500045935;15;10;2;1930;3;1;1;1;3;18;AUTOROUTE A15;;;;950
201500045936;15;10;3;1937;1;1;1;1;3;48;AUTOROUTE A3;;;;930
201500045937;15;10;9;1835;1;1;1;1;2;256;AUTOROUTE A115;;;;950
201500045938;15;10;8;1445;1;1;1;1;6;394;AUTOROUTE A115;;;;950
201500045939;15;10;10;2050;3;1;1;1;6;66;AUTOROUTE A1;;;;930
201500045940;15;10;12;705;2;1;1;1;5;5;AUTOROUTE A3;;;;930
201500045941;15;8;21;1010;1;1;1;1;3;572;ROUTE NATIONALE 184;;;;950
201500045942;15;10;12;1345;1;1;1;1;2;10;AUTOROUTE A3;;;;930
201500045943;15;10;12;1615;1;1;1;1;5;66;AUTOROUTE A1;;;;930
201500045944;15;9;21;1140;1;1;1;1;3;53;AUTOROUTE A3;M;4889300;247265;930
201500045945;15;10;12;1015;1;1;1;1;3;66;AUTOROUTE A86;;;;930
201500045946;15;10;13;1000;1;1;1;1;3;66;AUTOROUTE A1;;;;930
201500045947;15;10;13;1220;1;1;1;1;2;10;AUTOROUTE A3;;;;930
201500045948;15;10;13;1530;1;1;1;1;4;176;AUTOROUTE A15;;;;950
201500045949;15;10;13;2300;4;1;1;1;6;18;AUTOROUTE A15;;;;950
201500045950;15;9;29;1405;1;1;1;1;2;36;AUTOROUTE A15;;;;920
201500045951;15;10;14;840;1;1;1;1;3;18;AUTOROUTE A15;;;;950
201500045952;15;10;14;550;3;1;1;1;2;18;AUTOROUTE A15;;;;950
201500045953;15;10;14;700;3;1;1;1;2;252;AUTOROUTE A15;;;;950
201500045954;15;10;14;950;1;1;1;1;2;78;AUTOROUTE A104;;;;930
201500045955;15;10;14;2120;3;1;1;2;6;154;AUTOROUTE A1;;;;950
201500045956;15;10;14;2300;3;1;1;1;6;18;AUTOROUTE A15;;;;950
201500045957;15;10;15;715;5;1;1;2;5;212;AUTOROUTE A1;;;;950
201500045958;15;10;16;1020;1;1;1;2;3;582;BD INTERCOMMUNAL PARISIS;M;4896530;227140;950
201500045959;15;10;16;1415;1;1;1;2;7;365;RN 104;;;;950
201500045960;15;10;16;1435;1;1;1;2;4;66;AUTOROUTE A86;;;;930
201500045961;15;10;16;1100;1;1;1;2;1;27;AUTOROUTE A86;;;;930
201500045962;15;10;17;1400;1;1;1;1;6;64;AUTOROUTE A86;;;;930
201500045963;15;10;17;1740;1;1;1;2;6;64;AUTOROUTE A103;;;;930
201500045964;15;10;18;2228;3;1;1;1;1;66;AUTOROUTE A1;;;;930
201500045965;15;10;19;2027;3;1;1;1;7;53;AUTOROUTE A3;;;;930
201500045966;15;10;20;700;3;1;1;1;2;277;BD INTERCOMMUNAL PARISIS;M;4897610;248150;950
201500045967;15;10;20;2130;3;1;1;1;5;365;RN 104;;;;950
201500045968;15;10;21;715;3;1;1;1;6;5;AUTOROUTE A3;;;;930
201500045969;15;10;20;1830;1;1;1;1;2;6;AUTOROUTE A3;;;;930
201500045970;15;9;13;220;3;1;1;2;6;5;AUTOROUTE A3;M;4886460;241233;930
201500045971;15;10;20;1830;1;1;1;1;3;66;AUTOROUTE A86;;;;930
201500045972;15;10;22;610;2;1;1;2;3;27;AUTOROUTE A86;;;;930
201500045973;15;10;22;645;3;1;1;2;4;10;AUTOROUTE A3;;;;930
201500045974;15;10;22;740;3;1;1;2;6;682;RN 104;;;;950
201500045975;15;10;22;2150;3;1;1;1;6;18;AUTOROUTE A15;;;;950
201500045976;15;10;23;1530;1;1;1;1;6;582;AUTOROUTE A115;;;;950
201500045977;15;10;25;820;1;1;1;1;3;641;AUTOROUTE A1;;;;950
201500045978;15;10;25;1945;3;1;1;1;4;580;AUTOROUTE A1;;;;950
201500045979;15;10;26;745;3;1;1;1;2;27;AUTOROUTE A1;;;;930
201500045980;15;10;27;730;1;1;1;1;4;10;AUTOROUTE A3;;;;930
201500045981;15;10;27;715;1;1;1;1;3;13;AUTOROUTE A1;;;;930
201500045982;15;10;26;1900;2;1;1;1;6;641;AUTOROUTE A1;;;;950
201500045983;15;10;27;2040;4;1;1;2;2;527;AUTOROUTE A1;;;;950
201500045984;15;10;27;1625;1;1;1;1;2;277;AUTOROUTE A1;;;;950
201500045985;15;9;28;1130;1;1;1;1;4;36;AUTOROUTE A15;;;;920
201500045986;15;10;28;1700;1;1;1;1;6;572;ROUTE NATIONALE 184;;;;950
201500045987;15;10;28;1840;3;1;1;1;2;63;AUTOROUTE A3;;;;930
201500045988;15;10;28;940;1;1;1;1;4;64;AUTOROUTE A86;;;;930
201500045989;15;10;28;730;2;1;1;1;2;212;AUTOROUTE A1;;;;950
201500045990;15;10;28;1035;1;1;1;1;5;212;AUTOROUTE A1;;;;950
201500045991;15;10;28;1100;1;1;1;1;7;53;AUTOROUTE A103;;;;930
201500045992;15;10;29;845;1;1;1;1;1;5;AUTOROUTE A1;;;;930
201500045993;15;10;29;1520;1;1;1;1;6;27;AUTOROUTE A1;;;;930
201500045994;15;10;30;120;3;1;1;1;3;66;AUTOROUTE A1;;;;930
201500045995;15;10;30;1835;5;1;1;1;2;29;AUTOROUTE A86;;;;930
201500045996;15;10;30;730;3;1;1;1;5;5;AUTOROUTE A3;;;;930
201500045997;15;10;31;1040;1;1;1;1;3;277;AUTOROUTE A1;;;;950
201500045998;15;10;31;430;3;1;1;1;6;13;AUTOROUTE A1;;;;930
201500045999;15;11;2;608;2;1;1;5;7;572;ROUTE NATIONALE 184;;;;950
201500046000;15;11;2;1400;1;1;1;1;4;527;AUTOROUTE A3;;;;950
201500046001;15;11;2;1430;1;1;1;1;6;351;RN 104;;;;950
201500046002;15;11;1;1330;1;1;1;1;6;18;AUTOROUTE A15;;;;950
201500046003;15;11;3;1715;1;1;1;1;2;27;AUTOROUTE A1;;;;930
201500046004;15;11;4;1045;1;1;1;2;7;8;AUTOROUTE A86;;;;930
201500046005;15;10;22;1940;1;1;1;1;2;218;AUTOROUTE A15;;;;950
201500046006;15;11;4;1320;1;1;1;1;6;527;AUTOROUTE A1;;;;950
201500046007;15;11;4;2115;3;1;1;2;3;27;AUTOROUTE A86;;;;930
201500046008;15;11;4;2245;3;1;1;1;2;607;AUTOROUTE A115;;;;950
201500046009;15;11;4;1915;5;1;1;1;2;48;AUTOROUTE A1086;;;;930
201500046010;15;11;5;1845;1;1;1;1;5;488;AUTOROUTE A15;;;;950
201500046011;15;11;6;1600;1;1;1;2;2;394;ROUTE NATIONALE 184;;;;950
201500046012;15;11;6;1755;3;1;1;2;2;78;AUTOROUTE A104;;;;930
201500046013;15;11;6;2130;3;1;1;2;6;678;ROUTE NATIONALE 184;;;;950
201500046014;15;11;6;2215;3;1;1;1;6;5;AUTOROUTE A104;;;;930
201500046015;15;11;7;210;3;1;1;1;2;27;AUTOROUTE A1;;;;930
201500046016;15;11;7;405;3;1;1;1;6;219;AUTOROUTE A115;;;;950
201500046017;15;11;3;930;1;1;1;1;3;6;AUTOROUTE A3;;;;930
201500046018;15;11;8;325;3;1;1;1;2;78;AUTOROUTE A104;;;;930
201500046019;15;11;8;945;1;1;1;1;6;527;AUTOROUTE A1;;;;950
201500046020;15;11;7;1825;3;1;1;1;4;500;AUTOROUTE A15;;;;950
201500046021;15;10;28;920;1;1;1;1;6;394;AUTOROUTE A115;;;;950
201500046022;15;11;9;1400;1;1;1;1;4;66;AUTOROUTE A1;;;;930
201500046023;15;11;10;930;1;1;1;1;7;64;AUTOROUTE A86;;;;930
201500046024;15;11;10;1830;3;1;1;1;5;10;AUTOROUTE A3;;;;930
201500046025;15;11;10;1500;1;1;1;1;4;7;AUTOROUTE A1;;;;930
201500046026;15;11;11;1445;1;1;1;1;6;488;AUTOROUTE A15;;;;950
201500046027;15;11;7;150;3;1;1;9;6;256;ROUTE NATIONALE 184;;;;950
201500046028;15;11;11;2345;3;1;1;1;7;36;AUTOROUTE A15;;;;920
201500046029;15;11;12;945;1;1;1;1;4;678;ROUTE NATIONALE 184;;;;950
201500046030;15;11;12;1500;1;1;1;1;4;5;AUTOROUTE A3;;;;930
201500046031;15;11;12;1810;3;1;1;1;2;277;AUTOROUTE A1;;;;950
201500046032;15;10;8;1830;1;1;1;1;4;582;AUTOROUTE A15;;;;950
201500046033;15;11;10;1045;1;1;1;1;4;527;AUTOROUTE A1;;;;950
201500046034;15;11;13;250;4;1;1;1;6;78;AUTOROUTE A104;;;;930
201500046035;15;11;14;1725;3;1;1;2;4;572;ROUTE NATIONALE 184;;;;950
201500046036;15;11;14;2210;4;1;1;1;6;219;AUTOROUTE A115;;;;950
201500046037;15;10;28;1130;1;1;1;2;6;394;AUTOROUTE A115;;;;950
201500046038;15;11;10;1200;1;1;1;1;2;18;AUTOROUTE A15;;;;950
201500046039;15;11;15;420;3;1;1;1;5;63;AUTOROUTE A3;;;;930
201500046040;15;11;13;1850;3;1;1;1;3;572;AUTOROUTE A15;;;;950
201500046041;15;11;15;1845;3;1;1;1;6;491;AUTOROUTE A115;;;;950
201500046042;15;11;15;1320;1;1;1;1;6;277;AUTOROUTE A1;;;;950
201500046043;15;11;15;2215;3;1;1;1;4;13;AUTOROUTE A1;;;;930
201500046044;15;11;14;1630;1;1;1;1;2;5;AUTOROUTE A3;;;;930
201500046045;15;11;15;1254;1;1;1;1;6;66;AUTOROUTE A1;;;;930
201500046046;15;11;16;855;1;1;1;1;2;1;AUTOROUTE A86;;;;930
201500046047;15;11;16;1930;3;1;1;1;2;8;AUTOROUTE A86;;;;930
201500046048;15;11;17;420;3;1;1;1;7;5;AUTOROUTE A3;;;;930
201500046049;15;11;17;830;1;1;1;1;6;64;AUTOROUTE A86;;;;930
201500046050;15;11;17;645;3;1;1;2;3;582;AUTOROUTE A15;;;;950
201500046051;15;11;17;700;2;1;1;2;5;78;AUTOROUTE A104;;;;930
201500046052;15;11;17;800;1;1;1;2;3;7;AUTOROUTE A1;;;;930
201500046053;15;11;17;700;3;1;1;2;5;5;AUTOROUTE A3;;;;930
201500046054;15;11;17;1050;1;1;1;1;2;13;AUTOROUTE A1;;;;930
201500046055;15;11;17;1035;1;1;1;1;6;394;AUTOROUTE A115;;;;950
201500046056;15;11;17;1700;3;1;1;2;6;53;AUTOROUTE A103;;;;930
201500046057;15;11;17;1655;1;1;1;2;3;582;AUTOROUTE A15;;;;950
201500046058;15;11;17;2325;3;1;1;1;7;151;RN 104;;;;950
201500046059;15;11;18;1440;1;1;1;1;3;277;AUTOROUTE A1;;;;950
201500046060;15;11;18;2325;4;1;1;1;6;28;RN 104;;;;950
201500046061;15;11;19;1315;1;1;1;2;6;582;AUTOROUTE A15;;;;950
201500046062;15;11;19;2100;5;1;1;2;7;8;AUTOROUTE A86;;;;930
201500046063;15;11;20;25;4;1;1;1;7;36;AUTOROUTE A15;;;;920
201500046064;15;11;20;910;1;1;1;2;6;555;BD INTERCOMMUNAL DU PARI;M;4896950;227520;950
201500046065;15;11;20;1000;1;1;1;2;2;151;RN 104;;;;950
201500046066;15;11;20;1205;1;1;1;3;6;527;AUTOROUTE A1;;;;950
201500046067;15;11;16;1115;1;1;1;1;3;13;AUTOROUTE A1;;;;930
201500046068;15;11;10;935;1;1;1;1;4;10;AUTOROUTE A86;;;;930
201500046069;15;11;21;130;4;1;1;2;7;572;AUTOROUTE A15;;;;950
201500046070;15;11;21;1820;3;1;1;2;6;27;AUTOROUTE A86;;;;930
201500046071;15;11;21;1930;4;1;1;1;4;256;ROUTE NATIONALE 184;;;;950
201500046072;15;11;21;2230;3;1;1;1;6;582;AUTOROUTE A15;;;;950
201500046073;15;11;21;2100;3;1;1;8;6;53;AUTOROUTE A103;;;;930
201500046074;15;10;21;1930;3;1;1;1;4;256;ROUTE NATIONALE 184;;;;950
201500046075;15;11;21;1320;1;1;1;1;3;572;AUTOROUTE A15;;;;950
201500046076;15;11;24;1505;1;1;1;2;5;176;AUTOROUTE A15;;;;950
201500046077;15;11;25;850;1;1;1;1;2;27;AUTOROUTE A86;;;;930
201500046078;15;11;25;940;1;1;1;1;3;277;AUTOROUTE A1;;;;950
201500046079;15;11;25;830;1;1;1;1;5;27;AUTOROUTE A86;;;;930
201500046080;15;11;25;839;1;1;1;1;6;491;AUTOROUTE A115;;;;950
201500046081;15;11;25;930;1;1;1;2;6;6;AUTOROUTE A3;;;;930
201500046082;15;11;25;1015;1;1;1;1;6;6;AUTOROUTE A3;;;;930
201500046083;15;11;26;50;3;1;1;1;7;555;BD INTERCOMMUNAL PARISIS;M;4897080;227560;950
201500046084;15;11;25;2215;3;1;1;2;2;64;AUTOROUTE A86;;;;930
201500046085;15;11;26;915;1;1;1;1;6;66;AUTOROUTE A1;;;;930
201500046086;15;11;26;820;1;1;1;1;2;678;ROUTE NATIONALE 184;;;;950
201500046087;15;11;13;1930;3;1;1;1;4;66;AUTOROUTE A1;;;;930
201500046088;15;11;28;130;3;1;1;2;7;53;AUTOROUTE A103;;;;930
201500046089;15;11;28;615;3;1;1;1;6;277;AUTOROUTE A104;M;4897390;248770;950
201500046090;15;11;28;910;1;1;1;1;6;5;AUTOROUTE A3;;;;930
201500046091;15;11;27;1810;3;1;1;1;2;10;AUTOROUTE A3;;;;930
201500046092;15;11;29;530;3;1;1;2;6;5;AUTOROUTE A3;;;;930
201500046093;15;11;28;1900;2;1;1;8;2;36;AUTOROUTE A15;;;;920
201500046094;15;11;29;1445;1;1;1;1;6;64;AUTOROUTE A86;;;;930
201500046095;15;11;30;1240;1;1;1;1;5;8;AUTOROUTE A86;;;;930
201500046096;15;11;30;1830;5;1;1;1;3;8;AUTOROUTE A86;;;;930
201500046097;15;12;1;510;3;1;1;1;2;66;AUTOROUTE A86;;;;930
201500046098;15;12;1;855;1;1;1;1;3;29;AUTOROUTE A86;;;;930
201500046099;15;12;1;1847;1;1;1;1;2;5;AUTOROUTE A3;;;;930
201500046100;15;11;16;840;1;1;1;1;2;582;BD INTERCOMMUNAL PARISIS;M;4896820;227430;950
201500046101;15;12;1;1635;1;1;1;1;2;36;AUTOROUTE A15;;;;920
201500046102;15;12;3;935;1;1;1;1;3;582;AUTOROUTE A115;;;;950
201500046103;15;12;3;1455;1;1;1;1;5;10;AUTOROUTE A3;;;;930
201500046104;15;12;3;1830;3;1;1;1;2;277;AUTOROUTE A3;;;;950
201500046105;15;12;2;1830;3;1;1;1;6;5;AUTOROUTE A3;;;;930
201500046106;15;12;2;2000;3;1;1;1;2;39;AUTOROUTE A86;;;;930
201500046107;15;12;4;1345;1;1;1;1;4;53;AUTOROUTE A86;;;;930
201500046108;15;12;4;1420;1;1;1;1;4;5;AUTOROUTE A3;;;;930
201500046109;15;12;4;1700;1;1;1;1;2;5;AUTOROUTE A3;;;;930
201500046110;15;12;4;1935;3;1;1;1;5;641;AUTOROUTE A1;;;;950
201500046111;15;12;5;415;4;1;1;1;2;73;AUTOROUTE A104;;;;930
201500046112;15;12;4;1800;1;1;1;1;3;1;AUTOROUTE A86;;;;930
201500046113;15;12;5;1605;1;1;1;1;3;53;AUTOROUTE A103;;;;930
201500046114;15;12;6;630;3;1;1;1;2;36;AUTOROUTE A15;;;;920
201500046115;15;12;6;645;3;1;1;1;2;36;AUTOROUTE A15;;;;920
201500046116;15;12;6;955;1;1;1;9;7;63;AUTOROUTE A3;;;;930
201500046117;15;12;6;1605;1;1;1;1;6;351;RN 104;;;;950
201500046118;15;12;6;1850;3;1;1;1;2;582;AUTOROUTE A15;;;;950
201500046119;15;12;6;1940;3;1;1;1;2;500;AUTOROUTE A15;;;;950
201500046120;15;12;5;1945;3;1;1;1;4;582;AUTOROUTE A15;;;;950
201500046121;15;12;4;1145;1;1;1;1;2;5;AUTOROUTE A3;;;;930
201500046122;15;12;7;1640;1;1;1;1;3;64;AUTOROUTE A86;;;;930
201500046123;15;12;8;1810;3;1;1;1;3;63;AUTOROUTE A3;;;;930
201500046124;15;12;8;2200;3;1;1;1;6;7;AUTOROUTE A3;;;;930
201500046125;15;12;7;1930;3;1;1;1;4;53;AUTOROUTE A3;;;;930
201500046126;15;12;9;2020;3;1;1;1;6;491;AUTOROUTE A115;;;;950
201500046127;15;12;10;1705;2;1;1;1;5;8;AUTOROUTE A86;;;;930
201500046128;15;10;25;735;1;1;1;1;6;252;AUTOROUTE A15;;;;950
201500046129;15;12;11;1420;1;1;1;1;2;18;AUTOROUTE A15;;;;950