num_acc;an;mois;jour;hrmn;lum;agg;int;atm;col;com;adr;gps;lat;long;dep
201500046535;15;7;9;1105;1;1;1;1;5;72;N118;;;;920
201500046536;15;7;9;2315;3;1;1;1;2;51;RN13;;;;920
201500046537;15;6;26;1850;1;1;1;1;3;140;A13;;;;780
201500046538;15;7;10;1715;1;1;1;1;5;321;RN12 INT;;;;780
201500046539;15;7;10;1855;1;1;1;1;4;640;A86 EXT;;;;780
201500046540;15;7;11;446;3;1;1;1;6;25;A86;;;;920
201500046541;15;7;11;920;1;1;1;1;6;23;RN385;;;;920
201500046542;15;7;12;215;3;1;1;1;6;322;RN12 EXT;;;;780
201500046543;15;7;12;1120;1;1;1;1;7;571;A13;;;;780
201500046544;15;7;12;2308;3;1;1;1;6;47;A13;;;;920
201500046545;15;7;12;2343;4;1;1;1;5;51;RN13;;;;920
201500046546;15;7;13;1155;1;1;1;1;6;297;RN12;;;;780
201500046547;15;7;14;506;3;1;1;1;6;571;A13;;;;780
201500046548;15;7;14;1712;1;1;1;1;1;646;RN12;;;;780
201500046549;15;7;14;1959;1;1;1;1;3;63;A86;;;;920
201500046550;15;7;15;34;3;1;1;1;6;140;A13;;;;780
201500046551;15;7;15;830;1;1;1;1;4;25;A86;;;;920
201500046552;15;7;15;1810;1;1;1;1;4;36;A86;;;;920
201500046553;15;7;16;240;3;1;1;1;6;90;A13;;;;780
201500046554;15;7;16;1156;1;1;1;1;7;133;A14;;;;780
201500046555;15;7;16;2020;1;1;1;1;6;7;A13W;;;;780
201500046556;15;7;17;1128;1;1;1;1;2;551;SE A14;;;;780
201500046557;15;7;17;1610;1;1;1;1;5;242;A12 Y;;;;780
201500046558;15;7;18;1210;1;1;1;1;6;362;A13;;;;780
201500046559;15;7;18;1255;1;1;1;1;6;640;A86 INT;;;;780
201500046560;15;7;18;1528;1;1;1;1;1;4;RN315 Y;;;;920
201500046561;15;7;21;1945;1;1;1;1;4;640;A86 EXT;;;;780
201500046562;15;7;22;840;1;1;1;1;2;158;A13;;;;780
201500046563;15;7;22;1728;1;1;1;1;5;23;RN385;;;;920
201500046564;15;7;23;2130;2;1;1;1;7;238;A13;;;;780
201500046565;15;7;24;103;4;1;1;1;6;36;A86;;;;920
201500046566;15;7;25;211;4;1;1;1;1;47;A13;;;;920
201500046567;15;7;25;1854;1;1;1;1;2;90;A13;;;;780
201500046568;15;7;26;530;3;1;1;1;6;7;A13 Y;;;;780
201500046569;15;7;28;1805;1;1;1;2;6;640;A86 EXT;;;;780
201500046570;15;7;29;510;2;1;1;1;7;72;N118;;;;920
201500046571;15;7;29;1725;1;1;1;1;5;455;A13;;;;780
201500046572;15;7;29;1910;1;1;1;1;3;423;A12 W;;;;780
201500046573;15;7;30;1945;1;1;1;1;5;43;A13Y;;;;780
201500046574;15;7;30;2352;5;1;1;1;4;640;RN12 INT;;;;780
201500046575;15;8;1;1205;1;1;1;1;2;646;RN12;;;;780
201500046576;15;8;1;1935;1;1;1;1;7;50;A14;;;;920
201500046577;15;7;31;940;1;1;1;1;2;73;A12 Y;;;;780
201500046578;15;8;5;1108;1;1;1;1;2;455;A13;;;;780
201500046579;15;8;6;843;1;1;1;1;2;62;RN1013;;;;920
201500046580;15;8;6;1805;1;1;1;1;1;43;A12 Y;;;;780
201500046581;15;8;7;913;1;1;1;1;6;50;A86;;;;920
201500046582;15;8;8;1445;1;1;1;1;7;43;A12 W;;;;780
201500046583;15;8;8;1825;1;1;1;1;6;321;RN12 INT;;;;780
201500046584;15;8;13;2020;2;1;1;2;6;63;A86;;;;920
201500046585;15;8;19;300;3;1;1;1;6;490;RN12 EXT;;;;780
201500046586;15;8;19;827;1;1;1;1;3;25;A86;;;;920
201500046587;15;8;19;1540;1;1;1;1;6;50;A14;;;;920
201500046588;15;8;20;1440;1;1;1;1;5;646;RN12;;;;780
201500046589;15;8;20;2140;3;1;1;1;2;43;A12 W;;;;780
201500046590;15;8;22;610;3;1;1;1;6;291;A13;;;;780
201500046591;15;8;22;1042;1;1;1;1;5;43;A13Y;;;;780
201500046592;15;8;22;1450;1;1;1;1;5;50;A14;;;;920
201500046593;15;8;22;2200;4;1;1;1;3;158;A13;;;;780
201500046594;15;8;24;820;1;1;1;3;7;423;RN12;;;;780
201500046595;15;8;24;1005;1;1;1;2;6;116;A13Y;;;;750
201500046596;15;8;24;1615;1;1;1;3;6;50;A14;;;;920
201500046597;15;8;24;1745;1;1;1;3;7;25;A86;;;;920
201500046598;15;8;26;2005;1;1;1;1;1;640;A86 EXT;;;;780
201500046599;15;8;27;805;1;1;1;2;3;25;A86;;;;920
201500046600;15;8;27;1730;1;1;1;3;6;63;A86;;;;920
201500046601;15;8;28;1348;1;1;1;1;6;640;RN12 INT;;;;780
201500046602;15;8;28;1355;1;1;1;1;6;60;RN385;;;;920
201500046603;15;8;31;1230;1;1;1;1;6;291;A13;;;;780
201500046604;15;8;31;1838;1;1;1;1;4;23;RN385;;;;920
201500046605;15;9;1;1123;1;1;1;1;6;64;A13;;;;920
201500046606;15;9;2;1444;1;1;1;1;5;524;A13;;;;780
201500046607;15;9;3;938;1;1;1;1;4;47;A13;;;;920
201500046608;15;9;3;1205;1;1;1;1;2;423;A12 W;;;;780
201500046609;15;9;3;1700;1;1;1;1;6;238;A13;;;;780
201500046610;15;9;4;507;3;1;1;1;6;43;A12 Y;;;;780
201500046611;15;9;4;1157;1;1;1;1;4;62;RN1014 W;;;;920
201500046612;15;9;5;1455;1;1;1;1;1;36;A86;;;;920
201500046613;15;9;5;2005;1;1;1;2;2;36;RN315 W;;;;920
201500046614;15;9;7;837;1;1;1;1;2;640;A86 EXT;;;;780
201500046615;15;9;7;1915;1;1;1;1;2;50;A86;;;;920
201500046616;15;9;8;925;1;1;1;1;2;62;RN1014 W;;;;920
201500046617;15;9;8;2039;5;1;1;1;5;12;A13;;;;920
201500046618;15;9;9;1725;1;1;1;1;2;43;A12 W;;;;780
201500046619;15;9;10;806;1;1;1;1;3;490;RN12 EXT;;;;780
201500046620;15;9;11;1048;1;1;1;1;3;242;A12 W;;;;780
201500046621;15;9;11;1555;1;1;1;1;5;25;A86;;;;920
201500046622;15;9;11;1952;1;1;1;1;2;51;N13;;;;920
201500046623;15;9;11;2007;3;1;1;2;5;217;A13;;;;780
201500046624;15;9;12;1306;1;1;1;3;6;321;RN12 INT;;;;780
201500046625;15;9;12;1515;1;1;1;1;1;423;RN12;;;;780
201500046626;15;9;12;1900;1;1;1;1;5;64;A13;;;;920
201500046627;15;9;12;1918;1;1;1;1;1;640;N118;;;;780
201500046628;15;9;12;2011;1;1;1;2;6;73;RN12 INT;;;;780
201500046629;15;9;13;550;3;1;1;1;1;402;A13;;;;780
201500046630;15;9;13;1445;1;1;1;2;6;90;A13;;;;780
201500046631;15;9;13;2025;5;1;1;1;6;321;RN12 INT;;;;780
201500046632;15;9;14;653;2;1;1;2;7;640;N118;;;;780
201500046633;15;9;14;1638;1;1;1;1;2;72;N118;;;;920
201500046634;15;9;14;1912;1;1;1;8;7;64;A13;;;;920
201500046635;15;9;15;925;1;1;1;1;4;551;A14;;;;780
201500046636;15;9;15;1644;1;1;1;1;4;133;A13;;;;780
201500046637;15;9;16;1225;1;1;1;3;7;7;A13W;;;;780
201500046638;15;9;16;1834;1;1;1;1;2;116;A13Y;;;;750
201500046639;15;9;17;901;1;1;1;8;2;498;A14;;;;780
201500046640;15;9;19;353;3;1;1;1;6;63;A86;;;;920
201500046641;15;9;20;1820;1;1;1;1;2;640;A86 INT;;;;780
201500046642;15;9;21;10;3;1;1;1;7;498;A13;;;;780
201500046643;15;9;21;815;1;1;1;1;6;76;A13;;;;920
201500046644;15;9;21;750;1;1;1;1;4;640;A86 EXT;;;;780
201500046645;15;9;21;815;1;1;1;1;3;524;A13;;;;780
201500046646;15;9;21;1852;1;1;1;1;3;423;N12W;;;;780
201500046647;15;9;22;552;3;1;1;1;3;73;RN12 INT;;;;780
201500046648;15;9;22;1740;1;1;1;2;5;362;A13;;;;780
201500046649;15;9;23;1449;1;1;1;1;4;43;A12 W;;;;780
201500046650;15;9;23;1709;1;1;1;1;3;25;A86;;;;920
201500046651;15;9;23;1915;1;1;1;1;4;50;A86;;;;920
201500046652;15;9;23;2316;5;1;1;1;2;72;N118;;;;920
201500046653;15;9;24;934;1;1;1;1;4;73;A12 Y;;;;780
201500046654;15;9;25;33;3;1;1;1;6;36;A86;;;;920
201500046655;15;9;25;650;3;1;1;1;5;64;A13;;;;920
201500046656;15;9;25;1025;1;1;1;1;2;25;A86;;;;920
201500046657;15;9;26;1055;1;1;1;1;6;455;A13;;;;780
201500046658;15;9;26;1913;1;1;1;1;5;47;A13;;;;920
201500046659;15;9;27;238;5;1;1;1;1;362;A13;;;;780
201500046660;15;9;28;800;1;1;1;1;5;490;RN12 INT;;;;780
201500046661;15;9;28;915;1;1;1;7;2;418;A14;;;;780
201500046662;15;9;29;620;3;1;1;1;2;7;A13W;;;;780
201500046663;15;9;29;824;1;1;1;1;2;23;RN186;;;;920
201500046664;15;9;29;853;2;1;1;1;1;7;A13W;;;;780
201500046665;15;9;29;936;1;1;1;1;2;640;A86 INT;;;;780
201500046666;15;9;29;916;1;1;1;1;5;50;A14;;;;920
201500046667;15;9;29;1000;1;1;1;1;1;50;A86;;;;920
201500046668;15;9;29;1000;1;1;1;1;1;50;A86;;;;920
201500046669;15;9;29;1930;1;1;1;1;2;36;A86;;;;920
201500046670;15;9;29;2109;4;1;1;1;4;25;A86;;;;920
201500046671;15;9;30;1035;1;1;1;1;4;36;A86;;;;920
201500046672;15;9;30;1600;1;1;1;1;6;133;A13;;;;780
201500046673;15;10;1;855;1;1;1;1;3;640;RN12 INT;;;;780
201500046674;15;10;1;1000;1;1;1;1;3;50;A86;;;;920
201500046675;15;10;1;1840;1;1;1;1;1;116;A13Y;;;;750
201500046676;15;10;2;752;1;1;1;1;5;73;N12Y;;;;780
201500046677;15;10;2;838;1;1;1;1;3;418;A14;;;;780
201500046678;15;10;2;945;1;1;1;1;4;545;A12 Y;;;;780
201500046679;15;10;2;2055;5;1;1;1;2;25;A86;;;;920
201500046680;15;10;3;1552;1;1;1;1;3;25;A86;;;;920
201500046681;15;10;3;1728;1;1;1;1;5;140;A13;;;;780
201500046682;15;10;3;1802;1;1;1;1;7;545;A12 W;;;;780
201500046683;15;10;3;2100;4;1;1;1;2;50;A86;;;;920
201500046684;15;10;5;318;4;1;1;1;7;646;RN12;;;;780
201500046685;15;10;6;839;1;1;1;3;2;64;A13;;;;920
201500046686;15;10;6;1018;1;1;1;1;7;36;A86;;;;920
201500046687;15;10;6;1047;1;1;1;2;2;545;A12 W;;;;780
201500046688;15;10;6;1140;1;1;1;1;6;62;RN1014 W;;;;920
201500046689;15;10;7;735;1;1;1;1;3;90;A13;;;;780
201500046690;15;10;7;756;1;1;1;1;2;423;A12 Y;;;;780
201500046691;15;10;7;1825;1;1;1;1;2;431;A13;;;;780
201500046692;15;10;8;646;3;1;1;1;6;402;A13;;;;780
201500046693;15;10;9;1450;1;1;1;1;5;25;A86;;;;920
201500046694;15;10;9;1557;1;1;1;1;2;206;A13;;;;780
201500046695;15;10;9;1940;2;1;1;1;3;43;A12 W;;;;780
201500046696;15;10;10;1702;1;1;1;1;6;455;A13;;;;780
201500046697;15;10;10;2010;5;1;1;1;7;64;A13;;;;920
201500046698;15;10;12;753;1;1;1;1;2;43;A12 W;;;;780
201500046699;15;10;12;845;1;1;1;1;1;466;A13;;;;780
201500046700;15;10;12;1820;1;1;1;1;6;133;A14;;;;780
201500046701;15;10;13;854;1;1;1;1;2;36;A86;;;;920
201500046702;15;10;13;958;1;1;1;1;5;51;RN13;;;;920
201500046703;15;10;13;1040;1;1;1;1;7;640;A86 EXT;;;;780
201500046704;15;10;13;1820;1;1;1;1;1;640;N118;;;;780
201500046705;15;10;14;830;1;1;1;1;3;431;A13;;;;780
201500046706;15;10;14;930;1;1;1;1;6;498;A13;;;;780
201500046707;15;10;15;640;4;1;1;1;1;50;A86;;;;920
201500046708;15;10;15;825;1;1;1;1;4;26;RN192;;;;920
201500046709;15;10;15;1645;1;1;1;1;3;455;A13;;;;780
201500046710;15;10;16;815;2;1;1;2;2;90;A13;;;;780
201500046711;15;10;16;900;1;1;1;2;2;47;A13;;;;920
201500046712;15;10;16;1805;1;1;1;5;6;640;A86 EXT;;;;780
201500046713;15;10;17;354;3;1;1;8;6;571;A13;;;;780
201500046714;15;10;18;610;3;1;1;1;6;217;A13;;;;780
201500046715;15;10;19;1920;3;1;1;1;5;48;N118;;;;920
201500046716;15;10;19;2210;3;1;1;1;7;50;A86;;;;920
201500046717;15;10;20;825;1;1;1;1;6;43;A12 Y;;;;780
201500046718;15;10;20;1647;1;1;1;1;5;64;A13;;;;920
201500046719;15;10;20;1847;3;1;1;1;6;47;A13;;;;920
201500046720;15;10;21;940;1;1;1;1;7;646;RN12 INT;;;;780
201500046721;15;10;21;1320;1;1;1;1;2;640;A86 EXT;;;;780
201500046722;15;10;22;657;4;1;1;8;2;25;A86;;;;920
201500046723;15;10;22;847;1;1;9;2;7;640;N118;;;;780
201500046724;15;10;22;852;1;1;1;1;5;36;A86;;;;920
201500046725;15;10;22;1150;1;1;1;2;7;490;RN12 INT;;;;780
201500046726;15;10;22;1330;1;1;1;2;3;498;A13;;;;780
201500046727;15;10;23;727;5;1;1;1;1;640;A86 EXT;;;;780
201500046728;15;10;23;1525;1;1;1;1;2;25;A86;;;;920
201500046729;15;10;23;1620;1;1;1;1;6;362;A13;;;;780
201500046730;15;10;24;1;3;1;1;1;7;36;A86;;;;920
201500046731;15;10;24;730;2;1;1;1;6;291;A13;;;;780
201500046732;15;10;25;2150;3;1;1;1;2;321;RN12 INT;;;;780
201500046733;15;10;26;1708;1;1;1;1;2;640;N118;;;;780
201500046734;15;10;27;920;1;1;1;1;1;640;A86 EXT;;;;780
201500046735;15;10;27;2130;5;1;1;2;2;50;A14;;;;920
201500046736;15;10;28;538;3;1;1;2;6;36;A86;;;;920
201500046737;15;10;28;1513;1;1;1;1;5;50;A14;;;;920
201500046738;15;10;28;1740;1;1;1;1;1;43;A12 W;;;;780
201500046739;15;10;30;1625;1;1;1;1;4;291;A13;;;;780
201500046740;15;10;30;1800;4;1;1;1;5;217;A13;;;;780
201500046741;15;10;31;340;3;1;1;1;7;36;A86;;;;920
201500046742;15;11;1;720;1;1;1;5;2;362;A13;;;;780
201500046743;15;11;2;750;1;1;1;5;2;7;A13W;;;;780
201500046744;15;11;2;805;1;1;1;5;3;524;A13;;;;780
201500046745;15;11;2;1944;1;1;1;1;2;646;RN12;;;;780
201500046746;15;11;3;750;2;1;1;2;2;423;RN12;;;;780
201500046747;15;11;3;735;1;1;1;8;5;50;A86;;;;920
201500046748;15;11;3;1805;5;1;1;1;2;362;A13;;;;780
201500046749;15;11;4;222;3;1;1;8;6;322;RN12;;;;780
201500046750;15;11;4;1622;1;1;1;8;5;117;RN12;;;;780
201500046751;15;11;6;1530;1;1;1;2;4;36;A86;;;;920
201500046752;15;11;7;915;1;1;1;1;2;238;A13;;;;780
201500046753;15;11;7;1945;3;1;1;1;6;640;N118;;;;780
201500046754;15;11;8;155;3;1;1;5;2;545;A12 Y;;;;780
201500046755;15;11;8;711;2;1;1;1;6;646;RN12 INT;;;;780
201500046756;15;11;8;1805;3;1;1;1;1;133;A13;;;;780
201500046757;15;11;9;1055;1;1;1;1;2;60;RN385;;;;920
201500046758;15;11;10;1015;1;1;1;1;6;64;N118;;;;920
201500046759;15;11;10;1825;5;1;1;1;6;466;A13;;;;780
201500046760;15;11;10;1914;3;1;1;1;4;50;A86;;;;920
201500046761;15;11;11;114;5;1;1;1;6;50;A86;;;;920
201500046762;15;11;12;809;1;1;1;1;7;63;A86;;;;920
201500046763;15;11;12;940;1;1;1;1;1;26;RN1014 Y;;;;920
201500046764;15;11;13;1210;1;1;1;1;2;62;RN1014 W;;;;920
201500046765;15;11;13;1350;1;1;1;1;1;551;SE A14;;;;780
201500046766;15;11;13;1645;2;1;1;1;4;640;A86 EXT;;;;780
201500046767;15;11;15;1740;2;1;1;1;4;640;A86 EXT;;;;780
201500046768;15;11;16;1725;2;1;1;1;1;362;A13;;;;780
201500046769;15;11;16;1815;2;1;1;1;4;50;A86;;;;920
201500046770;15;11;17;758;1;1;1;1;1;50;A86;;;;920
201500046771;15;11;17;808;1;1;1;1;6;47;A13;;;;920
201500046772;15;11;17;919;1;1;1;1;1;208;RN12 EXT;;;;780
201500046773;15;11;19;720;2;1;1;1;4;50;A86;;;;920
201500046774;15;11;19;1737;3;1;1;2;2;133;A13;;;;780
201500046775;15;11;19;1856;1;1;1;1;1;423;RN12;;;;780
201500046776;15;11;19;1935;5;1;1;3;4;466;A13;;;;780
201500046777;15;11;20;850;1;1;1;3;4;62;RN1014 W;;;;920
201500046778;15;11;20;948;1;1;1;2;1;36;A86;;;;920
201500046779;15;11;20;1637;1;1;1;1;2;47;A13;;;;920
201500046780;15;11;20;1835;2;1;1;1;4;402;A13;;;;780
201500046781;15;11;20;2110;5;1;1;2;7;12;A13;;;;920
201500046782;15;11;23;912;1;1;1;1;5;431;A13;;;;780
201500046783;15;11;23;1248;1;1;1;1;6;524;A13;;;;780
201500046784;15;11;24;739;1;1;1;1;1;43;A12 W;;;;780
201500046785;15;11;24;1537;1;1;1;1;1;50;A86;;;;920
201500046786;15;11;24;2310;3;1;1;2;6;640;RN12 INT;;;;780
201500046787;15;11;25;902;1;1;1;2;1;73;A12 W;;;;780
201500046788;15;11;25;930;1;1;1;2;3;126;A13;;;;780
201500046789;15;11;26;1801;5;1;1;1;3;646;RN12;;;;780
201500046790;15;11;27;1055;1;1;1;1;1;76;A13;;;;920
201500046791;15;11;27;1804;3;1;1;1;4;423;RN12;;;;780
201500046792;15;11;28;956;1;1;1;1;6;466;A13;;;;780
201500046793;15;11;28;1715;5;1;1;1;3;646;RN12;;;;780
201500046794;15;11;30;930;1;1;1;1;6;47;A13;;;;920
201500046795;15;11;30;1415;1;1;1;1;6;423;A12 W;;;;780
201500046796;15;12;1;1820;5;1;1;1;3;640;N118;;;;780
201500046797;15;12;2;2000;5;1;1;1;7;50;A86;;;;920
201500046798;15;12;3;844;2;1;1;1;1;640;A86 EXT;;;;780
201500046799;15;12;4;1820;5;1;1;1;1;466;A13;;;;780
201500046800;15;12;4;1835;5;1;1;1;6;73;A12 W;;;;780
201500046801;15;12;5;323;4;1;1;1;6;551;A14;;;;780
201500046802;15;12;5;1835;5;1;1;1;6;73;A12 W;;;;780
201500046803;15;12;6;1700;2;1;1;1;6;117;RN12;;;;780
201500046804;15;12;6;1840;2;1;1;1;1;50;A86;;;;920
201500046805;15;12;7;640;1;1;1;1;2;524;A13;;;;780
201500046806;15;12;7;1025;1;1;1;1;7;23;RN385;;;;920
201500046807;15;12;7;1225;1;1;1;1;1;646;RN12;;;;780
201500046808;15;12;7;1523;1;1;1;1;4;206;A13;;;;780
201500046809;15;12;7;1810;1;1;1;1;2;29;A13Y;;;;780
201500046810;15;12;8;1000;1;1;1;1;2;51;RN13;;;;920
201500046811;15;12;8;1411;1;1;1;2;2;362;A13;;;;780
201500046812;15;12;8;1605;1;1;1;1;1;48;N118;;;;920
201500046813;15;12;8;1621;2;1;1;3;1;50;A86;;;;920
201500046814;15;12;8;1715;5;1;1;1;4;50;A14;;;;920
201500046815;15;12;8;1913;5;1;1;8;3;48;N118;;;;920
201500046816;15;12;9;35;3;1;1;8;6;571;A13;;;;780
201500046817;15;12;8;1610;1;1;1;2;3;51;N13;;;;920
201500046818;15;12;9;906;1;1;1;1;3;50;A86;;;;920
201500046819;15;12;10;847;1;1;1;1;3;36;A86;;;;920
201500046820;15;12;10;1836;3;1;1;1;2;73;RN12 INT;;;;780
201500046821;15;12;11;1;5;1;1;1;2;72;N118;;;;920
201500046822;15;12;11;1220;1;1;1;1;6;50;A86;;;;920
201500046823;15;12;11;1550;1;1;1;1;4;118;A13;;;;780
201500046824;15;12;11;1724;2;1;1;1;2;90;A13;;;;780
201500046825;15;12;13;717;3;1;1;1;2;140;A13;;;;780
201500046826;15;12;14;650;5;1;1;1;5;206;A13;;;;780
201500046827;15;12;14;825;1;1;1;1;2;362;A13;;;;780
201500046828;15;12;15;203;3;1;1;1;6;72;N118;;;;920
201500046829;15;12;15;1301;1;1;1;8;6;47;A13;;;;920
201500046830;15;12;15;1720;5;1;1;2;5;322;RN12 EXT;;;;780
201500046831;15;12;15;1928;4;1;1;3;6;640;N118;;;;780
201500046832;15;12;16;15;3;1;1;2;6;206;A13;;;;780
201500046833;15;12;16;729;5;1;1;2;4;640;A86 EXT;;;;780
201500046834;15;12;16;820;1;1;1;1;3;48;N118;;;;920
201500046835;15;12;17;800;2;1;1;1;4;36;A86;;;;920
201500046836;15;12;17;850;1;1;1;1;1;50;A86;;;;920
201500046837;15;12;17;1750;3;1;1;1;3;48;N118;;;;920
201500046838;15;12;17;2246;5;1;1;2;6;36;RN315 Y;;;;920
201500046839;15;12;19;435;5;1;1;1;6;48;N118;;;;920
201500046840;15;12;19;1733;2;1;1;1;6;217;A13;;;;780
201500046841;15;12;19;1736;1;1;1;1;6;217;A13;;;;780
201500046842;15;12;20;732;3;1;1;1;6;126;A13;;;;780
201500046843;15;12;21;2143;3;1;1;8;3;36;A86;;;;920
201500046844;15;12;22;1655;1;1;1;1;1;25;A86;;;;920
201500046845;15;12;22;1822;1;1;1;1;5;73;A12 Y;;;;780
201500046846;15;12;23;1158;1;1;1;1;2;64;A13;;;;920
201500046847;15;12;23;1713;2;1;1;1;1;36;A86;;;;920
201500046848;15;12;23;1845;3;1;1;1;3;72;N118;;;;920
201500046849;15;12;24;1550;1;1;1;1;3;50;A14;;;;920
201500046850;15;12;24;1745;3;1;1;1;2;455;A13;;;;780
201500046851;15;12;25;1035;1;1;1;1;6;640;A86 INT;;;;780
201500046852;15;12;26;1631;1;1;1;1;6;242;A12 W;;;;780
201500046853;15;12;27;552;5;1;1;1;6;50;A14;;;;920
201500046854;15;12;28;1332;1;1;1;1;4;25;A86;;;;920
201500046855;15;12;28;1554;1;1;1;1;3;43;A12 W;;;;780
201500046856;15;12;28;1910;3;1;1;1;1;640;N118;;;;780
201500046857;15;11;30;835;1;1;1;1;2;490;RN12 EXT;;;;780
201500046858;15;12;30;1824;3;1;1;1;2;43;A12 Y;;;;780
201500046859;15;1;2;2000;3;1;1;2;2;64;RN 118;;;;910
201500046860;15;1;3;1710;2;1;1;1;2;76;AUTOROUTE A6B;M;4879150;234460;940
201500046861;15;1;3;2215;5;1;1;2;2;174;RN 104;;;;910
201500046862;15;1;5;640;3;1;1;1;3;216;AUTOROUTE A6;;;;910
201500046863;15;1;5;900;1;1;1;5;4;471;RN 118;;;;910
201500046864;15;1;5;1510;1;1;1;1;6;377;RD 188;;;;910
201500046865;15;1;6;1930;3;1;1;1;2;161;AUTOROUTE A6;;;;910
201500046866;15;1;7;1435;1;1;1;1;2;174;RN 104;;;;910
201500046867;15;1;7;1850;3;1;1;1;5;549;RN 104;;;;910
201500046868;15;1;8;638;3;1;1;1;5;589;AUTOROUTE A6;;;;910
201500046869;15;1;8;1455;1;1;1;2;1;477;AUTOROUTE A126;;;;910
201500046870;15;1;8;1642;1;1;1;8;5;377;AUTOROUTE A10;;;;910
201500046871;15;1;9;1220;1;1;1;2;3;521;RN 449;;;;910
201500046872;15;1;9;1300;1;1;1;2;4;434;AUTOROUTE A6;;;;910
201500046873;15;1;9;1405;1;1;1;1;7;521;RN 104;;;;910
201500046874;15;1;9;2050;3;1;1;1;7;589;AUTOROUTE A6;;;;910
201500046875;15;1;9;2350;3;1;1;1;5;38;AUTOROUTE A6B;M;4878880;234413;940
201500046876;15;1;10;20;3;1;1;1;2;19;RN 385;;;;920
201500046877;15;1;11;945;1;1;1;1;6;617;RN 104;;;;910
201500046878;15;1;12;830;1;1;1;1;2;3;AUTOROUTE A6A;M;4880810;234045;940
201500046879;15;1;16;427;3;1;1;8;6;286;AUTOROUTE A6;;;;910
201500046880;15;1;13;2030;3;1;1;1;2;64;RN 118;;;;910
201500046881;15;1;14;820;2;1;1;1;6;617;RN 104;;;;910
201500046882;15;1;15;945;1;1;1;1;6;286;AUTOROUTE A6;;;;910
201500046883;15;1;15;930;1;1;1;1;6;21;AUTOROUTE A106;M;4875960;234666;940
201500046884;15;1;18;1130;1;1;1;1;6;617;RN 104;;;;910
201500046885;15;1;19;1816;5;1;1;8;4;34;AUTOROUTE A86;M;4876060;231928;940
201500046886;15;1;19;1900;5;1;1;1;5;174;RN 104;;;;910
201500046887;15;1;19;2100;4;1;1;8;2;161;AUTOROUTE A6;;;;910
201500046888;15;1;19;910;1;1;1;2;4;471;RN 118;;;;910
201500046889;15;1;19;1305;1;1;1;2;6;86;RN 104;;;;910
201500046890;15;1;21;1900;3;1;1;1;4;86;RN 104;;;;910
201500046891;15;1;22;1940;3;1;1;1;2;432;AUTOROUTE A6;;;;910
201500046892;15;1;23;2210;3;1;1;1;6;179;AUTOROUTE A6;;;;910
201500046893;15;1;24;2315;3;1;1;1;6;377;AUTOROUTE A10;;;;910
201500046894;15;1;25;1705;1;1;1;1;2;76;AUTOROUTE A6B;M;4878620;234630;940
201500046895;15;1;23;1440;1;1;1;1;5;689;AUTOROUTE A6B;;;;910
201500046896;15;1;26;735;5;1;1;2;3;347;RN 104;;;;910
201500046897;15;1;24;1439;1;1;1;1;5;689;AUTOROUTE A6B;;;;910
201500046898;15;1;24;1515;1;1;1;1;4;174;RN 104;;;;910
201500046899;15;1;27;1425;1;1;1;1;6;182;RN 104;;;;910
201500046900;15;1;25;653;3;1;1;1;6;689;AUTOROUTE A6A;;;;910
201500046901;15;1;29;825;1;1;1;2;2;692;RN 118;;;;910
201500046902;15;1;26;1730;2;1;1;2;6;521;RN 104;;;;910
201500046903;15;1;27;825;1;1;1;1;2;692;RN 118;;;;910
201500046904;15;1;27;915;1;1;1;1;7;21;AUTOROUTE A6B;M;4877070;234567;940
201500046905;15;1;28;620;3;1;1;1;2;161;AUTOROUTE A6;;;;910
201500046906;15;1;29;1758;5;1;1;2;3;34;AUTOROUTE A86;M;4875680;233148;940
201500046907;15;1;28;1010;1;1;1;1;2;65;AUTOROUTE A86;M;4875530;234453;940
201500046908;15;1;30;830;2;1;1;1;3;434;AUTOROUTE A6;;;;910
201500046909;15;1;31;1610;1;1;1;2;2;38;AUTOROUTE A6A;M;4877300;234581;940
201500046910;15;1;31;1750;2;1;1;2;6;377;RD 188;;;;910
201500046911;15;1;31;1010;1;1;1;1;7;689;AUTOROUTE A6A;;;;910
201500046912;15;2;1;1735;1;1;1;2;7;43;AUTOROUTE A6B;M;4881550;235611;940
201500046913;15;2;1;2030;5;1;1;2;3;34;AUTOROUTE A86;M;4875620;234072;940
201500046914;15;1;30;1411;1;1;1;2;6;434;AUTOROUTE A6;;;;910
201500046915;15;1;30;1440;1;1;1;1;4;692;RN 118;M;4867182;219381;910
201500046916;15;1;30;1450;1;1;1;8;2;692;RN 118;;;;910
201500046917;15;1;30;1549;1;1;1;2;2;161;AUTOROUTE A126;;;;910
201500046918;15;2;2;1100;1;1;1;2;2;65;AUTOROUTE A86;M;4875500;234448;940
201500046919;15;1;31;1145;1;1;1;2;6;432;AUTOROUTE A6;;;;910
201500046920;15;1;31;2135;3;1;1;2;6;617;RN 104;;;;910
201500046921;15;2;1;648;5;1;1;1;6;345;A6;;;;910
201500046922;15;2;1;930;1;1;1;1;6;34;AUTOROUTE A86;M;4875610;234111;940
201500046923;15;2;1;2331;3;1;1;1;3;477;A10;;;;910
201500046924;15;2;2;500;3;1;1;1;6;182;RN 104;;;;910
201500046925;15;2;3;830;1;1;1;1;2;692;RN 118;;;;910
201500046926;15;2;4;920;1;1;1;1;3;21;AUTOROUTE A6A;M;4876430;234239;940
201500046927;15;2;4;1300;1;1;1;1;7;21;AUTOROUTE A6B;M;4877090;234476;940
201500046928;15;2;4;1842;3;1;1;1;2;377;A10;;;;910
201500046929;15;2;5;1200;1;1;1;1;5;228;A6;;;;910
201500046930;15;2;5;1654;1;1;1;1;6;645;RN 385 Extйrieure;;;;910
201500046931;15;2;7;1105;1;1;1;1;5;174;RN 104;;;;910
201500046932;15;2;9;900;1;1;1;1;2;521;A6;;;;910
201500046933;15;2;9;915;1;1;1;1;2;161;A6;;;;910