num_acc;an;mois;jour;hrmn;lum;agg;int;atm;col;com;adr;gps;lat;long;dep
201500046934;15;2;8;2235;3;1;1;1;7;471;RN 118;;;;910
201500046935;15;2;9;1200;1;1;1;1;2;76;AUTOROUTE A6B;M;4879340;234505;940
201500046936;15;2;9;1530;1;1;1;1;2;34;AUTOROUTE A6B;M;4875830;233870;940
201500046937;15;2;12;400;3;1;1;1;6;340;A6;;;;910
201500046938;15;2;11;1827;3;1;1;1;1;312;RD 444;;;;910
201500046939;15;2;11;1008;1;1;1;1;5;174;RN 104;;;;910
201500046940;15;2;12;1615;1;1;1;1;5;573;RN 104;;;;910
201500046941;15;2;12;1840;3;1;1;1;2;182;A6;;;;910
201500046942;15;2;12;624;2;1;1;1;2;21;AUTOROUTE A6B;M;4876340;234227;940
201500046943;15;2;12;837;1;1;1;1;5;645;RN 385 Extйrieure;;;;910
201500046944;15;2;12;926;1;1;1;1;2;689;A6B;;;;910
201500046945;15;2;13;435;3;1;1;1;2;617;RN 104;;;;910
201500046946;15;2;14;10;5;1;1;2;6;43;AUTOROUTE A6B;M;4881330;235417;940
201500046947;15;2;14;115;3;1;1;2;5;689;A6B;;;;910
201500046948;15;2;14;700;3;1;1;2;3;689;A6B;;;;910
201500046949;15;2;14;1100;1;1;1;2;6;471;RN 118;;;;910
201500046950;15;2;15;108;3;1;1;1;2;377;A10;;;;910
201500046951;15;2;15;146;5;1;1;1;2;34;AUTOROUTE A6A;M;4875680;233475;940
201500046952;15;2;14;1725;1;1;1;2;3;161;A126;;;;910
201500046953;15;2;14;1730;1;1;1;2;6;340;RN 104;;;;910
201500046954;15;2;15;2215;3;1;1;1;4;521;A6;;;;910
201500046955;15;2;15;1305;1;1;1;1;6;617;RN 104;;;;910
201500046956;15;2;16;830;1;1;1;5;4;161;A126;;;;910
201500046957;15;2;16;2130;3;1;1;1;5;76;AUTOROUTE A6B;M;4879290;234429;940
201500046958;15;2;17;2120;4;1;1;1;6;521;RN 104;;;;910
201500046959;15;2;17;1935;3;1;1;1;6;251;AUTOROUTE A5A;;;;770
201500046960;15;2;19;722;2;1;1;1;6;521;RN 104;;;;910
201500046961;15;2;20;1240;1;1;1;2;5;235;RN 104;;;;910
201500046962;15;2;20;1300;1;1;1;2;2;34;AUTOROUTE A6B;M;4875040;232847;940
201500046963;15;2;21;1240;1;1;1;1;6;161;AUTOROUTE A6;;;;910
201500046964;15;2;22;410;3;1;1;1;2;161;A6;;;;910
201500046965;15;2;20;2105;3;1;1;3;7;38;AUTOROUTE A6B;M;4877710;234597;940
201500046966;15;2;21;1639;1;1;1;9;6;434;A6;;;;910
201500046967;15;2;22;2325;3;1;1;1;6;34;AUTOROUTE A6B;M;4875710;233487;940
201500046968;15;2;25;1740;1;1;1;2;6;521;RN 104;;;;910
201500046969;15;2;26;1040;1;1;1;2;6;521;RN 104;;;;910
201500046970;15;2;27;1437;1;1;1;1;6;661;A10;;;;910
201500046971;15;3;2;1145;1;1;1;1;2;38;AUTOROUTE A6B;M;4878790;234454;940
201500046972;15;2;28;1810;3;1;1;2;6;2;AUTOROUTE A10;;;;920
201500046973;15;3;1;900;1;1;1;1;6;521;RN 104;;;;910
201500046974;15;3;2;907;1;1;1;1;1;136;AUTOROUTE A126;;;;910
201500046975;15;3;1;1030;1;1;1;1;6;521;RN 104;;;;910
201500046976;15;3;1;2152;3;1;1;1;7;521;RN 104;;;;910
201500046977;15;3;2;1610;1;1;1;1;4;161;AUTOROUTE A6;;;;910
201500046978;15;3;2;1550;1;1;1;1;2;521;RN 449;;;;910
201500046979;15;3;3;1930;3;1;1;2;6;666;AUTOROUTE A10;;;;910
201500046980;15;3;5;1040;1;1;1;1;4;34;AUTOROUTE A86;M;4876020;232048;940
201500046981;15;3;5;1230;1;1;1;1;7;34;AUTOROUTE A86;M;4875630;233940;940
201500046982;15;3;5;1700;1;1;1;1;4;434;AUTOROUTE A6;;;;910
201500046983;15;3;9;855;1;1;1;1;3;179;AUTOROUTE A6;;;;910
201500046984;15;3;8;2005;4;1;1;1;2;521;AUTOROUTE A6;;;;910
201500046985;15;3;6;1530;1;1;1;1;2;174;RN 104;;;;910
201500046986;15;3;6;1640;1;1;1;1;5;689;AUTOROUTE A6A;;;;910
201500046987;15;3;6;1700;1;1;1;1;3;38;AUTOROUTE A6A;M;4877480;234591;940
201500046988;15;3;7;1050;1;1;1;1;5;161;AUTOROUTE A6;;;;910
201500046989;15;3;9;1830;2;1;1;1;2;251;AUTOROUTE A5A;;;;770
201500046990;15;3;10;945;1;1;1;1;2;43;AUTOROUTE A6B;M;4881030;234982;940
201500046991;15;3;11;800;1;1;1;1;2;43;AUTOROUTE A6B;M;4881510;235583;940
201500046992;15;3;10;1750;1;1;1;1;4;471;RN 118;;;;910
201500046993;15;3;11;2240;3;1;1;1;3;21;AUTOROUTE A6B;M;4876270;234075;940
201500046994;15;3;11;1830;1;1;1;1;2;161;AUTOROUTE A6;;;;910
201500046995;15;3;11;705;2;1;1;1;5;34;AUTOROUTE A6B;M;4875370;233227;940
201500046996;15;3;11;715;2;1;1;1;2;312;RD 444;;;;910
201500046997;15;3;12;340;3;1;1;1;6;286;AUTOROUTE A6;;;;910
201500046998;15;3;12;1440;1;1;1;1;7;477;AUTOROUTE A10;;;;910
201500046999;15;3;14;1500;1;1;1;1;3;345;AUTOROUTE A6;;;;910
201500047000;15;3;14;2250;3;1;1;1;1;312;RD 444;;;;910
201500047001;15;3;17;2240;3;1;1;1;2;312;RD 444;;;;910
201500047002;15;3;17;2232;3;1;1;1;2;174;RN 104;;;;910
201500047003;15;3;17;720;1;1;1;1;2;37;AUTOROUTE A6;;;;910
201500047004;15;3;15;1210;1;1;1;1;2;251;AUTOROUTE A5A;;;;770
201500047005;15;3;18;1555;1;1;1;1;3;76;AUTOROUTE A6B;M;4879520;234520;940
201500047006;15;3;19;1750;1;1;1;1;5;477;RD 444;;;;910
201500047007;15;3;19;2134;5;1;1;1;3;38;AUTOROUTE A6B;M;4878830;234432;940
201500047008;15;3;19;620;2;1;1;1;5;549;RN 104;;;;910
201500047009;15;3;19;915;1;1;1;1;4;103;RN 104;;;;910
201500047010;15;3;19;1501;1;1;1;1;2;43;AUTOROUTE A6B;M;4881230;235244;940
201500047011;15;3;19;1750;1;1;1;1;5;161;AUTOROUTE A6;;;;910
201500047012;15;3;24;215;3;1;1;1;2;521;AUTOROUTE A6;;;;910
201500047013;15;3;23;700;2;1;1;1;6;103;RN 104;;;;910
201500047014;15;3;23;1945;3;1;1;1;2;174;RN 104;;;;910
201500047015;15;3;24;830;1;1;1;1;2;38;AUTOROUTE A6A;M;4877300;234581;940
201500047016;15;3;25;922;1;1;1;1;2;179;AUTOROUTE A6;;;;910
201500047017;15;3;26;1625;1;1;1;1;7;2;AUTOROUTE A86;;;;920
201500047018;15;4;8;840;1;1;1;1;4;286;AUTOROUTE A6;;;;910
201500047019;15;3;27;125;3;1;1;1;5;432;AUTOROUTE A6;;;;910
201500047020;15;3;26;1015;1;1;1;1;4;471;RN 118;;;;910
201500047021;15;3;27;1722;1;1;1;1;3;377;RN20;;;;910
201500047022;15;4;8;1006;1;1;1;1;4;434;AUTOROUTE A6;;;;910
201500047023;15;3;28;2330;3;1;1;8;7;347;RN 104;;;;910
201500047024;15;3;29;1245;1;1;1;2;6;34;AUTOROUTE A6B;M;4875880;233629;940
201500047025;15;3;29;1905;1;1;1;2;6;521;RN 449;;;;910
201500047026;15;3;29;2015;3;1;1;2;2;589;AUTOROUTE A6;;;;910
201500047027;15;3;29;2245;3;1;1;2;6;161;AUTOROUTE A6;;;;910
201500047028;15;3;26;833;1;1;1;1;2;136;AUTOROUTE A10;;;;910
201500047029;15;3;30;1940;1;1;1;1;5;340;AUTOROUTE A6;;;;910
201500047030;15;3;31;1636;1;1;1;1;2;3;AUTOROUTE A6A;M;4880730;234107;940
201500047031;15;4;1;1930;1;1;1;1;5;661;RD 188 CHEVREUSE;;;;910
201500047032;15;4;1;900;1;1;1;2;2;363;RN 104;;;;910
201500047033;15;4;2;915;1;1;1;2;4;661;RD 188 CHEVREUSE;;;;910
201500047034;15;4;4;1150;1;1;1;2;6;617;RN 104;;;;910
201500047035;15;4;5;1548;1;1;1;1;7;521;RD 449;;;;910
201500047036;15;4;3;1800;1;1;1;2;3;161;AUTOROUTE A6;;;;910
201500047037;15;4;3;1815;1;1;1;2;5;521;AUTOROUTE A6;;;;910
201500047038;15;4;3;1850;1;1;1;3;3;179;AUTOROUTE A6;;;;910
201500047039;15;4;3;2115;5;1;1;2;7;21;AUTOROUTE A6B;M;4876310;234108;940
201500047040;15;4;3;2230;3;1;1;3;2;179;AUTOROUTE A6;;;;910
201500047041;15;4;5;1846;1;1;1;1;4;34;AUTOROUTE A86;M;4875850;232527;940
201500047042;15;4;5;2015;3;1;1;1;7;86;RN 104;;;;910
201500047043;15;4;6;1505;1;1;1;1;7;3;AUTOROUTE A6A;M;4881290;233613;940
201500047044;15;4;7;1630;1;1;1;1;2;312;RD 444;;;;910
201500047045;15;4;7;1815;1;1;1;1;4;86;RN 104;;;;910
201500047046;15;4;7;1050;1;1;1;1;4;2;AUTOROUTE A10;;;;920
201500047047;15;4;7;1206;1;1;1;1;3;689;AUTOROUTE A6A;;;;910
201500047048;15;3;31;1717;1;1;1;1;2;216;AUTOROUTE A6;;;;910
201500047049;15;4;9;835;1;1;1;1;2;86;RN 104;;;;910
201500047050;15;4;9;2000;1;1;1;1;6;161;AUTOROUTE A6;;;;910
201500047051;15;4;10;830;1;1;1;1;3;38;AUTOROUTE A6A;M;4877300;234581;940
201500047052;15;4;10;1000;1;1;1;1;2;477;AUTOROUTE A10;;;;910
201500047053;15;4;12;1644;1;1;1;1;2;589;AUTOROUTE A6;;;;910
201500047054;15;4;10;2000;1;1;1;1;3;377;AUTOROUTE A10;;;;910
201500047055;15;4;11;1710;1;1;1;2;2;617;RN 104;;;;910
201500047056;15;4;12;159;3;1;1;1;2;471;RN 118;;;;910
201500047057;15;4;13;1830;1;1;1;1;2;312;RD 444;;;;910
201500047058;15;4;13;630;2;1;1;1;5;286;AUTOROUTE A6;;;;910
201500047059;15;4;13;816;1;1;1;1;4;377;AUTOROUTE A10;;;;910
201500047060;15;4;14;1925;2;1;1;1;2;34;AUTOROUTE A86;M;4875940;232291;940
201500047061;15;4;14;1930;1;1;1;1;2;64;RN 118;;;;910
201500047062;15;4;15;1120;1;1;1;1;5;76;AUTOROUTE A6A;M;4879340;234490;940
201500047063;15;4;19;1955;1;1;1;1;4;34;AUTOROUTE A86;M;4876060;231928;940
201500047064;15;4;17;1644;1;1;1;1;4;34;AUTOROUTE A86;M;4876100;231808;940
201500047065;15;4;18;1220;1;1;1;1;3;363;RN 104;;;;910
201500047066;15;4;19;1130;1;1;1;1;5;2;AUTOROUTE A10;;;;920
201500047067;15;4;20;811;1;1;1;1;5;34;AUTOROUTE A86;M;4875650;233303;940
201500047068;15;4;20;1855;1;1;1;1;4;182;AUTOROUTE A6;;;;910
201500047069;15;4;21;1005;1;1;1;1;6;363;RN 104;;;;910
201500047070;15;4;22;1800;1;1;1;1;3;182;RN 104;;;;910
201500047071;15;4;23;1500;1;1;1;1;3;363;RN 104;;;;910
201500047072;15;4;23;1735;1;1;1;1;2;340;RN 104;;;;910
201500047073;15;4;23;1850;1;1;1;1;3;161;AUTOROUTE A6;;;;910
201500047074;15;4;23;1807;1;1;1;1;3;182;RN 104;;;;910
201500047075;15;4;25;1435;1;1;1;1;6;468;AUTOROUTE A6;;;;910
201500047076;15;4;25;331;3;1;1;1;3;689;AUTOROUTE A6B;;;;910
201500047077;15;4;26;1600;1;1;1;3;3;216;AUTOROUTE A6;;;;910
201500047078;15;4;26;1750;1;1;1;3;6;34;AUTOROUTE A86;M;4875770;233954;940
201500047079;15;4;26;1915;1;1;9;2;6;521;RN 104;;;;910
201500047080;15;4;26;2217;3;1;1;2;6;521;RN 104;;;;910
201500047081;15;4;26;2243;5;1;1;2;5;521;RN 104;;;;910
201500047082;15;4;24;900;1;1;1;1;4;34;AUTOROUTE A86;M;4875630;233940;940
201500047083;15;4;25;1047;1;1;1;1;4;179;AUTOROUTE A6;;;;910
201500047084;15;4;25;903;1;1;1;8;6;617;RN 104;;;;910
201500047085;15;4;27;1710;1;1;1;1;2;645;RN 385 INT;;;;910
201500047086;15;4;29;1230;1;1;1;1;4;689;AUTOROUTE A6A;;;;910
201500047087;15;4;29;1831;1;1;1;1;2;434;AUTOROUTE A6;;;;910
201500047088;15;4;29;1915;1;1;1;1;2;161;AUTOROUTE A6;;;;910
201500047089;15;5;1;1400;1;1;1;2;6;136;AUTOROUTE A10;;;;910
201500047090;15;5;1;1700;1;1;1;1;6;136;AUTOROUTE A10;;;;910
201500047091;15;5;1;1420;1;1;1;2;6;617;RN 104;;;;910
201500047092;15;5;1;1500;1;1;1;2;7;340;RN 104;;;;910
201500047093;15;5;1;1600;1;1;1;3;7;182;RN 104;;;;910
201500047094;15;5;1;1630;1;1;1;2;6;34;AUTOROUTE A86;M;4875580;233918;940
201500047095;15;5;1;1800;1;1;1;2;6;34;AUTOROUTE A86;M;4875630;233940;940
201500047096;15;5;1;1735;1;1;1;3;6;521;RN 449;;;;910
201500047097;15;5;2;1800;1;1;1;3;3;235;RN 104;;;;910
201500047098;15;5;2;1930;1;1;1;2;4;2;AUTOROUTE A10;;;;920
201500047099;15;5;4;950;1;1;1;1;4;161;AUTOROUTE A6;;;;910
201500047100;15;4;30;840;1;1;1;2;7;34;AUTOROUTE A86;M;4875710;233022;940
201500047101;15;4;30;1826;1;1;1;3;2;136;A10 PARIS / RD188 PARIS;;;;910
201500047102;15;4;30;1947;1;1;1;2;7;434;AUTOROUTE A6;;;;910
201500047103;15;5;1;843;1;1;1;3;7;235;RN 104;;;;910
201500047104;15;5;1;725;1;1;1;3;6;645;RN 385 Extиrieure;;;;910
201500047105;15;5;2;1135;1;1;1;3;7;477;AUTOROUTE A10;;;;910
201500047106;15;5;3;250;3;1;1;3;6;43;AUTOROUTE A6B;M;4881310;235421;940
201500047107;15;5;3;1740;1;1;1;2;4;521;RN 104;;;;910
201500047108;15;5;5;50;3;1;1;8;6;179;AUTOROUTE A6;;;;910
201500047109;15;5;5;1;3;1;1;8;4;34;AUTOROUTE A86;M;4875870;232530;940
201500047110;15;5;5;1139;1;1;1;1;4;76;AUTOROUTE A6A;M;4879250;234467;940
201500047111;15;5;6;1854;1;1;1;1;5;161;AUTOROUTE A6;;;;910
201500047112;15;5;7;1820;1;1;1;1;6;521;RN 104;;;;910
201500047113;15;5;7;1840;1;1;1;1;5;76;AUTOROUTE A6B;M;4879610;234496;940
201500047114;15;5;7;845;1;1;1;1;2;86;RN 104;;;;910
201500047115;15;5;7;847;1;1;1;1;3;251;RN 104;;;;770
201500047116;15;5;8;1214;1;1;1;1;2;468;AUTOROUTE A6;;;;910
201500047117;15;5;10;1930;1;1;1;1;3;687;AUTOROUTE A6;;;;910
201500047118;15;5;11;715;1;1;1;1;7;553;RN 104;;;;910
201500047119;15;5;11;1810;1;1;1;1;2;687;AUTOROUTE A6;;;;910
201500047120;15;5;11;1750;1;1;1;1;3;471;RN 118;;;;910
201500047121;15;5;12;945;1;1;1;1;2;549;RN 104;;;;910
201500047122;15;5;12;1440;1;1;1;1;5;179;AUTOROUTE A6;;;;910
201500047123;15;5;12;1948;1;1;1;1;4;161;AUTOROUTE A126;;;;910
201500047124;15;5;12;1800;1;1;1;1;3;363;RN 104;;;;910
201500047125;15;5;13;1600;1;1;1;1;2;38;AUTOROUTE A6A;M;4877330;234571;940
201500047126;15;5;14;1805;1;1;1;8;6;3;AUTOROUTE A6A;M;4880810;234045;940
201500047127;15;5;13;1053;1;1;1;1;2;3;AUTOROUTE A6B;M;4880100;234354;940
201500047128;15;5;15;1900;1;1;1;1;5;174;RN 104;;;;910
201500047129;15;5;16;1730;1;1;1;1;4;216;AUTOROUTE A6;;;;910
201500047130;15;5;17;2240;3;1;1;1;3;182;RN 104;;;;910
201500047131;15;5;19;150;3;1;1;1;2;161;AUTOROUTE A6;;;;910
201500047132;15;5;19;1520;1;1;1;1;2;21;AUTOROUTE A6A;M;4876270;234099;940
201500047133;15;5;19;1815;1;1;1;1;3;3;AUTOROUTE A6A;M;4880380;234200;940
201500047134;15;5;19;2000;1;1;1;3;2;43;AUTOROUTE A6B;M;4881350;235468;940
201500047135;15;5;20;840;1;1;1;1;5;471;RN 118;;;;910
201500047136;15;5;20;1305;1;1;1;1;3;432;AUTOROUTE A6;;;;910
201500047137;15;5;25;1810;1;1;1;1;1;661;AUTOROUTE A10;;;;910
201500047138;15;5;23;817;1;1;1;1;2;340;AUTOROUTE A6;;;;910
201500047139;15;5;23;2340;3;1;1;1;2;434;AUTOROUTE A6;;;;910
201500047140;15;5;24;2035;1;1;1;1;6;179;AUTOROUTE A6;;;;910
201500047141;15;5;26;1145;1;1;1;1;3;16;AUTOROUTE A6A;M;4879250;234467;940
201500047142;15;5;26;1245;1;1;1;1;7;645;RN 385 Extиrieure;;;;910
201500047143;15;5;26;1435;1;1;1;1;2;377;AUTOROUTE A10;;;;910
201500047144;15;5;27;820;1;1;1;1;3;19;RN 385;;;;920
201500047145;15;5;27;1200;1;1;1;1;1;377;RN20;;;;910
201500047146;15;5;27;1830;1;1;1;1;4;34;AUTOROUTE A86;M;4876040;231988;940
201500047147;15;5;28;915;1;1;1;1;4;553;RN 104;;;;910
201500047148;15;5;28;1950;1;1;1;1;7;251;RN 104;M;4863220;252861;770
201500047149;15;5;30;302;3;1;1;2;5;521;AUTOROUTE A6;;;;910
201500047150;15;5;30;1445;1;1;1;2;6;521;RN 104;;;;910
201500047151;15;5;31;1545;1;1;1;2;6;521;RN 104;;;;910
201500047152;15;5;29;850;1;1;1;1;3;216;AUTOROUTE A6;;;;910
201500047153;15;5;30;1627;1;1;1;1;2;340;RN 104;;;;910
201500047154;15;6;1;1500;1;1;1;1;2;377;RN20;;;;910
201500047155;15;6;1;800;1;1;1;1;2;570;RN 104;;;;910
201500047156;15;6;1;802;1;1;1;1;2;570;RN 104;;;;910
201500047157;15;6;2;830;1;1;1;1;5;312;RD 444;;;;910
201500047158;15;6;2;1200;1;1;1;1;3;689;AUTOROUTE A6A;;;;910
201500047159;15;6;2;1010;1;1;1;1;5;64;RN 118;;;;910
201500047160;15;6;2;1710;1;1;1;1;5;174;RN 104;;;;910
201500047161;15;6;2;1825;1;1;1;1;4;182;AUTOROUTE A6;;;;910
201500047162;15;6;2;1745;1;1;1;1;2;21;AUTOROUTE A6B;M;4875980;233844;940
201500047163;15;6;3;905;1;1;1;2;5;687;AUTOROUTE A6;;;;910
201500047164;15;6;3;1700;1;1;1;1;2;363;RN 104;;;;910
201500047165;15;6;5;2100;1;1;1;1;3;21;AUTOROUTE A6B;M;4876290;234093;940
201500047166;15;6;8;730;1;1;1;1;7;345;AUTOROUTE A6;;;;910
201500047167;15;6;5;1620;1;1;1;1;2;434;AUTOROUTE A6;;;;910
201500047168;15;6;5;1730;1;1;1;1;7;340;RN 104;;;;910
201500047169;15;6;7;2204;3;1;1;1;2;179;AUTOROUTE A6;;;;910
201500047170;15;6;8;920;1;1;1;1;5;86;RN 104;;;;910
201500047171;15;6;8;1300;1;1;1;1;3;286;AUTOROUTE A6;;;;910
201500047172;15;6;8;1900;1;1;1;1;4;477;AUTOROUTE A126;;;;910
201500047173;15;6;8;1800;1;1;1;1;4;21;AUTOROUTE A6A;M;4876430;234220;940
201500047174;15;6;9;940;1;1;1;1;3;3;AUTOROUTE A6B;M;4880080;234372;940
201500047175;15;6;10;1340;1;1;1;1;3;161;AUTOROUTE A6;;;;910
201500047176;15;6;10;1726;1;1;1;1;7;286;RD 310;;;;910
201500047177;15;6;12;230;3;1;1;2;7;521;AUTOROUTE A6;;;;910
201500047178;15;6;11;1530;1;1;1;1;3;3;AUTOROUTE A6A;M;4880110;234196;940
201500047179;15;6;12;2015;1;1;1;1;2;136;AUTOROUTE A126;;;;910
201500047180;15;6;12;2015;1;1;1;1;4;64;RN 118;;;;910
201500047181;15;6;13;1845;1;1;1;1;5;689;AUTOROUTE A6B;;;;910
201500047182;15;6;15;950;1;1;1;1;3;534;RN 118;;;;910
201500047183;15;6;15;930;1;1;1;1;2;432;AUTOROUTE A6;;;;910
201500047184;15;6;15;940;1;1;1;1;4;179;AUTOROUTE A6;;;;910
201500047185;15;6;14;1835;1;1;1;1;2;377;RN20;;;;910
201500047186;15;6;14;35;5;1;1;1;2;161;AUTOROUTE A6;;;;910
201500047187;15;6;13;1253;1;1;1;1;4;161;AUTOROUTE A126;;;;910
201500047188;15;6;15;1755;1;1;1;1;3;38;AUTOROUTE A6A;M;4877970;234643;940
201500047189;15;6;13;10;5;1;1;1;6;3;AUTOROUTE A6A;M;4881290;233613;940
201500047190;15;6;16;1450;1;1;1;1;3;235;RN 104;;;;910
201500047191;15;6;17;1200;1;1;1;1;3;235;RN 104;;;;910
201500047192;15;6;17;1405;1;1;1;1;4;38;AUTOROUTE A6A;M;4877750;234637;940
201500047193;15;6;17;1440;1;1;1;1;3;689;AUTOROUTE A6B;;;;910
201500047194;15;6;17;1655;1;1;1;1;3;570;RN 104;;;;910
201500047195;15;6;17;2101;2;1;1;1;7;34;AUTOROUTE A86;M;4875740;234025;940
201500047196;15;6;18;755;2;1;1;1;3;76;AUTOROUTE A6B;M;4879610;234497;940
201500047197;15;6;19;1755;1;1;1;1;7;477;AUTOROUTE A126;;;;910
201500047198;15;6;19;1550;1;1;1;1;2;34;AUTOROUTE A6B;M;4875140;233021;940
201500047199;15;6;20;35;3;1;1;1;3;377;AUTOROUTE A10;;;;910
201500047200;15;6;21;1330;1;1;1;1;7;161;AUTOROUTE A6;;;;910
201500047201;15;6;22;337;3;1;1;1;7;689;AUTOROUTE A10;;;;910
201500047202;15;6;22;1800;1;1;1;2;7;589;AUTOROUTE A6;;;;910
201500047203;15;6;22;2032;1;1;1;2;5;340;RN 104;;;;910
201500047204;15;6;23;115;3;1;1;2;6;64;RN 118;;;;910
201500047205;15;6;23;739;1;1;1;1;5;521;AUTOROUTE A6;;;;910
201500047206;15;6;24;1400;1;1;1;1;5;2;AUTOROUTE A86;;;;920
201500047207;15;6;24;750;1;1;1;1;2;689;AUTOROUTE A6;;;;910
201500047208;15;6;26;207;5;1;1;1;2;21;AUTOROUTE A6A;M;4876040;233878;940
201500047209;15;6;26;930;1;1;1;1;4;549;RN 104;;;;910
201500047210;15;6;26;1015;1;1;1;1;2;345;AUTOROUTE A6;;;;910
201500047211;15;6;26;1000;1;1;1;1;7;339;RN 104;;;;910
201500047212;15;6;27;1635;1;1;1;1;3;570;RN 104;;;;910
201500047213;15;6;26;1750;1;1;1;1;3;161;AUTOROUTE A6;;;;910
201500047214;15;6;28;1706;1;1;1;1;2;64;RN 118;;;;910
201500047215;15;6;28;1940;1;1;1;1;4;521;RN 441;;;;910
201500047216;15;6;29;930;1;1;1;1;2;38;AUTOROUTE A6B;M;4879010;234459;940
201500047217;15;6;29;830;1;1;1;1;2;570;RN 104;;;;910
201500047218;15;6;29;1348;1;1;1;1;2;570;RN 104;;;;910
201500047219;15;6;29;1752;1;1;1;1;2;339;RN 104;;;;910
201500047220;15;5;29;1245;1;1;1;1;7;37;AUTOROUTE A6A;M;4881640;233676;940
201500047221;15;7;1;1700;1;1;1;1;6;432;AUTOROUTE A6;;;;910
201500047222;15;7;2;920;1;1;1;1;5;692;AUTOROUTE A10;;;;910
201500047223;15;7;3;120;5;1;1;1;2;174;RN 104;;;;910
201500047224;15;7;2;2015;1;1;1;1;3;34;AUTOROUTE A86;M;4875550;234120;940
201500047225;15;7;3;1100;1;1;1;1;2;363;RN 104;;;;910
201500047226;15;7;3;2325;3;1;1;1;5;182;RN 104;;;;910
201500047227;15;7;5;2020;1;1;1;1;2;286;AUTOROUTE A6;;;;910
201500047228;15;7;3;1640;1;1;1;1;7;689;AUTOROUTE A6;;;;910
201500047229;15;7;5;1000;1;1;1;1;7;495;AUTOROUTE A5A;;;;770
201500047230;15;7;5;1524;1;1;1;1;4;345;AUTOROUTE A6;;;;910
201500047231;15;7;7;1815;1;1;1;1;2;161;AUTOROUTE A6;;;;910
201500047232;15;7;7;1915;1;1;1;1;7;34;AUTOROUTE A86;M;4876020;232049;940
201500047233;15;7;8;1440;1;1;1;1;3;86;RN 104;;;;910
201500047234;15;7;8;1900;1;1;1;1;2;521;RN 440;;;;910
201500047235;15;7;12;1145;1;1;1;1;6;161;AUTOROUTE A6;;;;910
201500047236;15;7;10;700;1;1;1;1;5;687;AUTOROUTE A6;;;;910
201500047237;15;7;10;715;1;1;1;1;4;377;AUTOROUTE A10;;;;910
201500047238;15;7;11;20;3;1;1;1;2;174;RN 104;;;;910
201500047239;15;7;12;954;1;1;1;1;6;182;RN 104;;;;910
201500047240;15;7;13;1430;1;1;1;1;2;76;AUTOROUTE A6B;M;4879600;234414;940
201500047241;15;7;15;105;5;1;1;1;2;161;AUTOROUTE A6;;;;910
201500047242;15;7;15;800;1;1;1;1;7;2;AUTOROUTE A10;;;;920
201500047243;15;7;14;1515;1;1;1;1;6;161;AUTOROUTE A6;;;;910
201500047244;15;7;14;1725;1;1;1;1;7;377;RD 188;;;;910
201500047245;15;7;15;1940;1;1;1;1;2;286;AUTOROUTE A6;;;;910
201500047246;15;7;16;930;1;1;1;1;3;136;AUTOROUTE A10;;;;910
201500047247;15;7;16;1900;1;1;1;1;5;19;RN 385;;;;920
201500047248;15;7;18;1810;1;1;1;1;5;86;RN 104;;;;910
201500047249;15;7;18;2230;1;1;1;1;6;477;AUTOROUTE A10;;;;910
201500047250;15;7;20;59;5;1;1;1;6;34;AUTOROUTE A86;M;4876030;232009;940
201500047251;15;7;17;715;1;1;1;1;7;692;AUTOROUTE A10;;;;910
201500047252;15;7;17;1935;1;1;1;1;2;136;AUTOROUTE A126;;;;910
201500047253;15;7;17;2110;2;1;1;1;4;136;AUTOROUTE A10;;;;910
201500047254;15;7;18;1930;1;1;1;1;2;251;AUTOROUTE A5A;;;;770
201500047255;15;7;18;2334;3;1;1;1;2;174;RN 104;;;;910
201500047256;15;7;22;1840;1;1;1;1;3;38;AUTOROUTE A6B;M;4878880;234508;940
201500047257;15;7;23;50;3;1;1;1;6;161;AUTOROUTE A6;;;;910
201500047258;15;7;23;900;1;1;1;1;5;534;RN 118;;;;910
201500047259;15;7;23;1000;1;1;1;1;5;2;AUTOROUTE A86;;;;920
201500047260;15;7;23;1305;1;1;1;1;2;689;AUTOROUTE A6B;;;;910
201500047261;15;7;23;1427;1;1;1;1;2;38;AUTOROUTE A6A;M;4878100;234670;940
201500047262;15;7;23;1617;1;1;1;1;3;38;AUTOROUTE A6B;M;4879060;234389;940
201500047263;15;7;24;215;3;1;1;1;5;161;AUTOROUTE A6;;;;910
201500047264;15;7;24;1720;1;1;1;1;7;661;AUTOROUTE A10;;;;910
201500047265;15;7;25;1720;1;1;1;1;3;43;AUTOROUTE A6B;M;4881360;235451;940
201500047266;15;7;25;545;3;1;1;1;2;553;RN 104;;;;910
201500047267;15;7;26;430;3;1;1;1;7;339;RN 104;;;;910
201500047268;15;7;26;1710;1;1;1;2;6;174;RN 104;;;;910
201500047269;15;7;27;1300;1;1;1;1;4;689;AUTOROUTE A10;;;;910
201500047270;15;7;28;845;1;1;1;1;6;553;RN 104;;;;910
201500047271;15;7;31;651;1;1;1;1;2;2;AUTOROUTE A86;;;;920
201500047272;15;7;30;1830;1;1;1;1;4;182;AUTOROUTE A6;;;;910
201500047273;15;7;29;1809;1;1;1;1;4;477;AUTOROUTE A126;;;;910
201500047274;15;7;31;1340;1;1;1;1;2;34;AUTOROUTE A6B;M;4875710;233487;940
201500047275;15;7;31;1600;1;1;1;1;2;521;RN 449;;;;910
201500047276;15;7;31;2240;3;1;1;1;7;34;AUTOROUTE A6A;M;4875320;233169;940
201500047277;15;8;1;52;3;1;1;1;4;136;AUTOROUTE A10;;;;910
201500047278;15;8;1;2035;2;1;1;1;2;251;AUTOROUTE A5A;;;;770
201500047279;15;8;2;1816;1;1;1;1;2;689;AUTOROUTE A6;;;;910
201500047280;15;8;3;1100;1;1;1;1;4;377;AUTOROUTE A10;;;;910
201500047281;15;8;3;1230;1;1;1;1;5;65;AUTOROUTE A106;M;4875210;235412;940
201500047282;15;8;3;1706;1;1;1;1;3;3;AUTOROUTE A6B;M;4880080;234372;940
201500047283;15;8;5;27;3;1;1;1;5;34;AUTOROUTE A86;M;4875870;232530;940
201500047284;15;8;8;2110;3;1;1;1;6;64;RN 118;;;;910