num_acc;an;mois;jour;hrmn;lum;agg;int;atm;col;com;adr;gps;lat;long;dep
201500047285;15;8;7;1718;1;1;1;2;2;2;AUTOROUTE A10;;;;920
201500047286;15;8;7;1900;1;1;1;1;7;377;RD 188;;;;910
201500047287;15;8;7;2350;5;1;1;1;7;161;AUTOROUTE A6;;;;910
201500047288;15;8;9;330;5;1;1;1;6;38;AUTOROUTE A6A;M;4877120;234553;940
201500047289;15;8;10;509;3;1;1;1;7;34;AUTOROUTE A86;M;4875980;232170;940
201500047290;15;8;10;509;5;1;1;1;7;34;AUTOROUTE A86;M;4875980;232169;940
201500047291;15;8;10;1224;1;1;1;1;5;43;AUTOROUTE A6B;M;4881260;235300;940
201500047292;15;8;10;1430;1;1;1;1;4;235;RN 104;;;;910
201500047293;15;8;11;720;1;1;1;1;2;38;AUTOROUTE A6A;M;4878010;234664;940
201500047294;15;8;12;1730;1;1;1;8;6;19;RN 385;;;;920
201500047295;15;8;13;1230;1;1;1;1;5;589;AUTOROUTE A6;;;;910
201500047296;15;8;14;150;3;1;1;8;7;477;AUTOROUTE A10;;;;910
201500047297;15;8;14;1315;1;1;1;8;2;179;AUTOROUTE A6;;;;910
201500047298;15;8;14;2110;5;1;1;2;3;21;AUTOROUTE A6B;M;4876020;233884;940
201500047299;15;8;15;325;3;1;1;3;6;136;AUTOROUTE A126;;;;910
201500047300;15;8;15;836;1;1;1;8;6;521;RN 104;;;;910
201500047301;15;8;15;918;1;1;1;8;6;174;RN 104;;;;910
201500047302;15;8;16;845;1;1;1;1;7;37;AUTOROUTE A6;;;;910
201500047303;15;8;16;1717;1;1;1;1;2;689;AUTOROUTE A6B;;;;910
201500047304;15;8;17;1800;1;1;1;1;2;86;RN 104;;;;910
201500047305;15;8;19;1200;1;1;1;1;5;434;AUTOROUTE A6;;;;910
201500047306;15;8;21;1130;1;1;1;1;4;3;AUTOROUTE A6B;M;4880060;234375;940
201500047307;15;8;20;845;1;1;1;2;6;521;RN 449;;;;910
201500047308;15;8;20;800;1;1;1;2;2;2;AUTOROUTE A6;;;;920
201500047309;15;8;20;840;1;1;1;2;2;286;AUTOROUTE A6;;;;910
201500047310;15;8;23;1600;1;1;1;1;5;38;AUTOROUTE A6B;M;4878880;234508;940
201500047311;15;8;21;1610;1;1;1;1;2;179;AUTOROUTE A6;;;;910
201500047312;15;8;22;1220;1;1;1;1;4;689;AUTOROUTE A6B;;;;910
201500047313;15;8;22;2115;3;1;1;1;6;689;AUTOROUTE A6;;;;910
201500047314;15;8;22;2215;3;1;1;1;5;19;RN 385;;;;920
201500047315;15;8;23;415;3;1;1;1;3;687;AUTOROUTE A6;;;;910
201500047316;15;8;25;740;1;1;1;1;2;216;AUTOROUTE A6;;;;910
201500047317;15;8;25;2120;3;1;1;2;7;340;RN 104;;;;910
201500047318;15;8;26;1045;1;1;1;1;3;76;AUTOROUTE A6B;M;4879340;234505;940
201500047319;15;8;26;1200;1;1;1;1;5;38;AUTOROUTE A6A;M;4877840;234647;940
201500047320;15;8;26;1330;1;1;1;1;2;689;AUTOROUTE A6A;;;;910
201500047321;15;8;27;550;5;1;1;3;2;377;RN20;;;;910
201500047322;15;8;27;820;1;1;1;3;7;689;AUTOROUTE A6A;;;;910
201500047323;15;8;27;1815;1;1;1;3;3;182;RN 104;;;;910
201500047324;15;8;29;1710;1;1;1;1;4;64;RN 118;;;;910
201500047325;15;8;29;1835;1;1;1;1;4;2;AUTOROUTE A10;;;;920
201500047326;15;8;29;2325;3;1;1;1;7;434;AUTOROUTE A6;;;;910
201500047327;15;8;30;710;1;1;1;1;3;434;AUTOROUTE A6;;;;910
201500047328;15;8;31;525;2;1;1;1;6;37;AUTOROUTE A6A;M;4881380;233623;940
201500047329;15;8;28;740;2;1;1;1;6;521;RN 104;;;;910
201500047330;15;8;28;1800;1;1;1;1;2;377;AUTOROUTE A10;;;;910
201500047331;15;8;28;1805;1;1;1;1;4;174;RN 104;;;;910
201500047332;15;8;28;908;1;1;1;1;7;38;AUTOROUTE A6B;M;4878440;234610;940
201500047333;15;8;28;850;1;1;1;1;4;363;RN 104;;;;910
201500047334;15;8;29;1050;1;1;1;1;2;34;AUTOROUTE A86;M;4875970;232167;940
201500047335;15;8;29;1245;1;1;1;1;4;161;AUTOROUTE A6;;;;910
201500047336;15;8;29;532;3;1;1;1;2;689;AUTOROUTE A6;;;;910
201500047337;15;8;31;1625;1;1;1;1;6;161;AUTOROUTE A6;;;;910
201500047338;15;9;1;745;1;1;1;2;6;521;RN 104;;;;910
201500047339;15;9;1;715;3;1;1;2;7;377;AUTOROUTE A10;;;;910
201500047340;15;9;2;1245;1;1;1;1;2;553;RN 104;;;;910
201500047341;15;9;2;1230;1;1;1;1;4;521;RN 104;;;;910
201500047342;15;9;2;2218;1;1;1;1;2;363;RN 104;;;;910
201500047343;15;9;3;1010;1;1;1;1;1;534;RN 118;;;;910
201500047344;15;9;3;1820;1;1;1;1;2;3;AUTOROUTE A6A;M;4881040;233839;940
201500047345;15;9;3;1840;1;1;1;1;2;179;AUTOROUTE A6;;;;910
201500047346;15;9;3;1953;1;1;1;1;3;38;AUTOROUTE A6B;M;4877800;234607;940
201500047347;15;9;6;1830;1;1;1;1;4;179;AUTOROUTE A6;;;;910
201500047348;15;9;4;1200;1;1;1;1;5;21;AUTOROUTE A6A;M;4876170;234001;940
201500047349;15;9;6;1555;1;1;1;1;4;689;AUTOROUTE A6B;;;;910
201500047350;15;9;6;1945;1;1;1;1;2;182;AUTOROUTE A6;;;;910
201500047351;15;9;6;2245;1;1;1;1;6;2;AUTOROUTE A86;;;;920
201500047352;15;9;7;1800;1;1;1;1;2;64;RN 118;;;;910
201500047353;15;9;8;620;3;1;1;1;7;589;AUTOROUTE A6;;;;910
201500047354;15;9;9;530;3;1;1;1;7;570;RN 104;;;;910
201500047355;15;9;9;740;1;1;1;1;6;521;RN 449;;;;910
201500047356;15;9;8;1950;1;1;1;1;2;2;AUTOROUTE A86;;;;920
201500047357;15;9;9;535;3;1;1;1;1;296;AUTOROUTE A5A;;;;770
201500047358;15;9;9;1010;1;1;1;1;6;521;RN 104;;;;910
201500047359;15;9;10;2328;5;1;1;1;6;340;RN 104;;;;910
201500047360;15;9;10;738;1;1;1;1;2;534;RN 118;;;;910
201500047361;15;9;12;1905;1;1;1;2;6;34;AUTOROUTE A6B;M;4875830;233722;940
201500047362;15;9;12;2020;3;1;1;2;6;521;RN 104;;;;910
201500047363;15;9;13;1055;1;1;1;3;1;64;RN 118;;;;910
201500047364;15;9;13;1500;1;1;1;2;6;363;RN 104;;;;910
201500047365;15;9;13;1440;1;1;1;2;3;228;RN 449;;;;910
201500047366;15;9;13;1525;1;1;1;1;6;161;AUTOROUTE A126;;;;910
201500047367;15;9;13;1455;1;1;1;3;6;65;AUTOROUTE A86;M;4875510;234576;940
201500047368;15;9;12;2220;3;1;1;1;6;377;AUTOROUTE A10;;;;910
201500047369;15;9;13;435;5;1;1;1;6;377;RN20;;;;910
201500047370;15;8;28;803;1;1;1;1;7;477;AUTOROUTE A10;;;;910
201500047371;15;9;12;2130;1;1;1;2;6;617;RN 104;;;;910
201500047372;15;9;14;1827;1;1;1;2;3;286;AUTOROUTE A6;;;;910
201500047373;15;9;14;1615;1;1;1;2;6;692;RN 118;;;;910
201500047374;15;9;15;830;1;1;1;2;5;521;AUTOROUTE A6;;;;910
201500047375;15;9;15;745;2;1;1;3;5;34;AUTOROUTE A6A;M;4875220;233068;940
201500047376;15;9;16;557;3;1;1;2;5;161;AUTOROUTE A6;;;;910
201500047377;15;9;16;1735;1;1;1;2;2;521;AUTOROUTE A6;;;;910
201500047378;15;9;16;1248;1;1;1;2;2;34;AUTOROUTE A86;M;4876190;231505;940
201500047379;15;9;17;1700;1;1;1;1;5;689;AUTOROUTE A6;;;;910
201500047380;15;9;11;600;3;1;1;1;5;21;AUTOROUTE A6A;M;4876230;234063;940
201500047381;15;9;18;2000;3;1;1;3;7;689;AUTOROUTE A6B;;;;910
201500047382;15;9;19;1550;1;1;1;1;4;617;A5A/N6;;;;910
201500047383;15;9;20;1739;1;1;1;1;2;340;RN 104;;;;910
201500047384;15;9;20;2358;3;1;1;1;6;589;AUTOROUTE A6;;;;910
201500047385;15;9;21;1352;1;1;1;1;2;3;AUTOROUTE A6A;M;4880730;234107;940
201500047386;15;9;21;1801;1;1;1;1;5;38;AUTOROUTE A6B;M;4877530;234632;940
201500047387;15;9;21;900;1;1;1;1;2;161;AUTOROUTE A6;;;;910
201500047388;15;9;27;1704;1;1;1;1;4;64;RN 118;;;;910
201500047389;15;9;22;1430;1;1;1;1;4;161;AUTOROUTE A6;;;;910
201500047390;15;9;23;1510;1;1;1;1;6;76;AUTOROUTE A6B;M;4879200;234469;940
201500047391;15;9;23;2100;3;1;1;1;5;161;AUTOROUTE A126;;;;910
201500047392;15;9;24;945;1;1;1;1;2;136;AUTOROUTE A126;;;;910
201500047393;15;9;24;1820;1;1;1;1;3;534;RN 118;;;;910
201500047394;15;9;24;2230;5;1;1;2;7;43;AUTOROUTE A6B;M;4881290;235352;940
201500047395;15;9;25;402;3;1;1;8;6;377;AUTOROUTE A10;;;;910
201500047396;15;9;25;800;1;1;1;1;7;161;AUTOROUTE A6;;;;910
201500047397;15;9;25;745;2;1;1;1;4;471;RN 118;;;;910
201500047398;15;9;25;925;1;1;1;1;7;64;RN 118;;;;910
201500047399;15;9;26;1135;1;1;1;1;4;43;AUTOROUTE A6B;M;4881510;235582;940
201500047400;15;9;27;335;3;1;1;1;2;617;AUTOROUTE A5A;;;;910
201500047401;15;9;27;2116;5;1;1;1;6;553;RN 104;;;;910
201500047402;15;9;27;1803;1;1;1;1;3;76;AUTOROUTE A6B;M;4878690;234604;940
201500047403;15;9;27;1920;1;1;1;1;6;589;AUTOROUTE A6;;;;910
201500047404;15;9;28;1810;1;1;1;1;7;64;RN 118;;;;910
201500047405;15;9;29;810;1;1;1;1;3;687;AUTOROUTE A6;;;;910
201500047406;15;9;29;900;1;1;1;1;2;34;AUTOROUTE A86;M;4875610;233364;940
201500047407;15;9;29;1810;1;1;1;1;2;2;AUTOROUTE A10;;;;920
201500047408;15;9;29;1845;2;1;1;1;2;521;RN 104;;;;910
201500047409;15;9;30;730;1;1;1;1;6;347;RN 104;;;;910
201500047410;15;9;30;2245;5;1;1;1;3;21;AUTOROUTE A6A;M;4876440;234249;940
201500047411;15;10;1;859;1;1;1;1;3;689;AUTOROUTE A6B;;;;910
201500047412;15;10;1;900;1;1;1;1;5;589;AUTOROUTE A6;;;;910
201500047413;15;10;1;1000;1;1;1;1;2;179;AUTOROUTE A6;;;;910
201500047414;15;10;2;1700;1;1;1;1;4;235;RN 104;;;;910
201500047415;15;10;2;1746;1;1;1;1;2;161;AUTOROUTE A6;;;;910
201500047416;15;10;2;1738;1;1;1;1;7;377;AUTOROUTE A10;;;;910
201500047417;15;10;2;1926;3;1;1;1;4;34;AUTOROUTE A6B;M;4875690;233512;940
201500047418;15;10;2;1913;2;1;1;1;3;2;AUTOROUTE A86;;;;920
201500047419;15;10;3;248;3;1;1;1;6;161;AUTOROUTE A6;;;;910
201500047420;15;10;3;805;1;1;1;1;3;161;AUTOROUTE A6;;;;910
201500047421;15;10;4;1500;1;1;1;8;4;34;AUTOROUTE A86;M;4875810;232647;940
201500047422;15;10;4;1700;1;1;1;8;2;2;AUTOROUTE A10;;;;920
201500047423;15;10;4;1755;1;1;1;1;2;468;AUTOROUTE A6;;;;910
201500047424;15;10;4;2100;3;1;1;1;2;689;AUTOROUTE A6;;;;910
201500047425;15;10;5;1340;1;1;1;3;6;251;RN 104;;;;770
201500047426;15;10;5;1720;1;1;1;3;6;43;AUTOROUTE A6B;M;4881290;235352;940
201500047427;15;10;5;1810;1;1;1;2;2;19;RN 385 INT;;;;920
201500047428;15;10;6;525;3;1;1;2;6;521;RN 104;;;;910
201500047429;15;10;5;2100;3;1;1;2;6;521;RN 104;;;;910
201500047430;15;10;6;730;2;1;1;3;7;21;AUTOROUTE A6A;M;4876430;234239;940
201500047431;15;10;6;920;1;1;1;2;3;21;AUTOROUTE A6B;M;4876430;234312;940
201500047432;15;10;6;1155;1;1;1;1;2;37;AUTOROUTE A6A;M;4881470;233635;940
201500047433;15;10;6;1420;1;1;1;2;2;432;AUTOROUTE A6;;;;910
201500047434;15;10;6;1511;1;1;1;2;6;377;RN20;;;;910
201500047435;15;10;6;1710;1;1;1;2;4;43;AUTOROUTE A6B;M;4881510;235582;940
201500047436;15;10;7;225;3;1;1;2;3;339;RN 104;;;;910
201500047437;15;10;7;800;2;1;1;1;5;363;RN 104;;;;910
201500047438;15;10;7;2350;3;1;1;1;6;534;RN 118;;;;910
201500047439;15;10;8;815;1;1;1;1;3;363;RN 104;;;;910
201500047440;15;10;9;140;3;1;1;1;2;179;AUTOROUTE A6;;;;910
201500047441;15;10;9;840;1;1;1;1;3;434;AUTOROUTE A6;;;;910
201500047442;15;10;9;935;1;1;1;1;4;687;AUTOROUTE A6;;;;910
201500047443;15;10;9;1045;1;1;1;1;2;521;AUTOROUTE A6;;;;910
201500047444;15;10;9;1907;2;1;1;1;2;136;AUTOROUTE A126;;;;910
201500047445;15;10;10;1054;1;1;1;1;4;161;AUTOROUTE A6;;;;910
201500047446;15;10;11;2000;3;1;1;1;5;286;AUTOROUTE A6;;;;910
201500047447;15;10;12;424;3;1;1;1;2;174;RN 104;;;;910
201500047448;15;10;10;1130;1;1;1;1;2;345;AUTOROUTE A6;;;;910
201500047449;15;10;12;945;1;1;1;1;7;21;AUTOROUTE A6B;M;4876480;234207;940
201500047450;15;10;12;950;1;1;1;1;4;43;AUTOROUTE A6B;M;4881570;235628;940
201500047451;15;10;12;1940;3;1;1;1;3;86;RN 104;;;;910
201500047452;15;10;13;2045;3;1;1;1;2;65;AUTOROUTE A86;M;4875520;234316;940
201500047453;15;10;14;725;2;1;1;1;3;21;AUTOROUTE A6A;M;4876350;234181;940
201500047454;15;10;14;1235;1;1;1;1;6;179;AUTOROUTE A6;;;;910
201500047455;15;10;15;745;2;1;1;2;2;589;AUTOROUTE A6;;;;910
201500047456;15;10;15;1725;1;1;1;1;2;689;AUTOROUTE A6B;;;;910
201500047457;15;10;16;903;1;1;1;2;7;136;AUTOROUTE A10;;;;910
201500047458;15;10;16;950;1;1;1;2;2;3;AUTOROUTE A6A;M;4880090;234198;940
201500047459;15;10;17;2000;3;1;1;2;5;432;AUTOROUTE A6;;;;910
201500047460;15;10;19;1715;1;1;1;1;6;340;RN 104;;;;910
201500047461;15;10;20;810;2;1;1;1;5;689;AUTOROUTE A6;;;;910
201500047462;15;10;20;730;2;1;1;1;2;38;AUTOROUTE A6A;M;4878890;234449;940
201500047463;15;10;20;1609;1;1;1;1;4;136;AUTOROUTE A10;;;;910
201500047464;15;10;20;1830;2;1;1;2;3;377;AUTOROUTE A10;;;;910
201500047465;15;10;21;1648;1;1;1;1;6;21;AUTOROUTE A6B;M;4876910;234379;940
201500047466;15;10;22;905;1;1;1;2;2;21;AUTOROUTE A6A;M;4876990;234515;940
201500047467;15;10;23;1100;1;1;1;1;3;179;AUTOROUTE A6;;;;910
201500047468;15;10;24;1045;1;1;1;1;2;377;RN20;;;;910
201500047469;15;10;24;1140;1;1;1;1;4;347;RN 104;;;;910
201500047470;15;10;26;830;1;1;1;8;3;286;AUTOROUTE A6;;;;910
201500047471;15;10;26;1035;1;1;1;1;2;645;RN 385 INT;;;;910
201500047472;15;10;26;1220;1;1;1;1;2;34;AUTOROUTE A86;M;4875630;233940;940
201500047473;15;10;25;330;3;1;1;1;7;521;RN 449;;;;910
201500047474;15;10;26;1850;2;1;1;1;2;136;RN20;;;;910
201500047475;15;10;26;1510;1;1;1;1;2;521;RN 104;;;;910
201500047476;15;10;27;1100;1;1;1;1;6;521;AUTOROUTE A6;;;;910
201500047477;15;10;28;316;3;1;1;3;6;3;AUTOROUTE A6A;M;4880130;234177;940
201500047478;15;10;28;938;1;1;1;2;6;377;AUTOROUTE A10;;;;910
201500047479;15;10;28;1930;5;1;1;1;2;38;AUTOROUTE A6B;M;4878800;234554;940
201500047480;15;10;29;805;1;1;1;1;3;161;AUTOROUTE A6;;;;910
201500047481;15;10;29;1830;3;1;1;1;4;174;RN 104;;;;910
201500047482;15;10;30;840;2;1;1;1;3;161;AUTOROUTE A126;;;;910
201500047483;15;10;30;1125;1;1;1;1;2;377;AUTOROUTE A10;M;0;0;910
201500047484;15;10;30;1635;1;1;1;1;2;34;AUTOROUTE A86;M;4876190;231474;940
201500047485;15;10;30;2000;3;1;1;1;2;340;RN 104;;;;910
201500047486;15;10;30;2120;3;1;1;1;4;689;AUTOROUTE A6;;;;910
201500047487;15;10;31;1025;1;1;1;1;6;86;RN 104;;;;910
201500047488;15;10;31;1325;1;1;1;1;3;689;AUTOROUTE A6;;;;910
201500047489;15;10;31;1420;1;1;1;1;4;689;AUTOROUTE A6;;;;910
201500047490;15;10;31;1345;1;1;1;1;4;38;AUTOROUTE A6B;M;4877890;234678;940
201500047491;15;10;31;1525;1;1;1;1;6;251;AUTOROUTE A5A;M;4863070;253576;770
201500047492;15;10;31;1600;1;1;1;1;6;161;AUTOROUTE A6;;;;910
201500047493;15;10;31;1635;1;1;1;1;3;21;AUTOROUTE A6A;M;4876180;234028;940
201500047494;15;10;31;1640;1;1;1;1;2;38;AUTOROUTE A6B;M;4877190;234518;940
201500047495;15;10;31;1900;4;1;1;1;1;377;BRETELLE A10 / RN20;;;;910
201500047496;15;11;1;1910;2;1;1;1;2;182;AUTOROUTE A6;;;;910
201500047497;15;11;2;845;1;1;1;5;2;661;RD 188 CHEVREUSE;;;;910
201500047498;15;11;2;835;1;1;1;5;2;182;AUTOROUTE A6;;;;910
201500047499;15;11;2;1015;1;1;1;5;4;64;RN 118;;;;910
201500047500;15;11;3;627;3;1;1;2;2;251;A5A PARIS / RN104 INT;M;4863200;253143;770
201500047501;15;11;2;1755;1;1;1;1;2;216;AUTOROUTE A6;;;;910
201500047502;15;11;3;1630;1;1;1;1;3;689;AUTOROUTE A6;;;;910
201500047503;15;11;4;628;2;1;1;2;2;136;RN20;;;;910
201500047504;15;11;4;1335;1;1;1;2;5;65;AUTOROUTE A86;M;4875530;234454;940
201500047505;15;11;4;1830;2;1;1;1;2;182;AUTOROUTE A6;;;;910
201500047506;15;11;5;540;4;1;1;1;3;689;AUTOROUTE A6B;;;;910
201500047507;15;11;6;930;1;1;1;1;4;216;AUTOROUTE A6;;;;910
201500047508;15;11;5;2015;5;1;1;1;3;43;AUTOROUTE A6B;M;4881510;235595;940
201500047509;15;11;7;1622;1;1;1;1;2;3;AUTOROUTE A6A;M;4880810;234045;940
201500047510;15;11;7;1650;1;1;1;1;2;16;AUTOROUTE A6A;M;4879250;234467;940
201500047511;15;11;7;1819;4;1;1;1;1;692;RD 188 CHEVREUSE;;;;910
201500047512;15;11;10;1313;1;1;1;1;4;16;AUTOROUTE A6B;M;4879240;234422;940
201500047513;15;11;10;1410;1;1;1;1;7;43;AUTOROUTE A6B;M;4881000;234927;940
201500047514;15;11;11;1710;1;1;1;1;7;43;AUTOROUTE A6B;M;4881490;235584;940
201500047515;15;11;12;720;5;1;1;1;4;689;AUTOROUTE A6A;;;;910
201500047516;15;11;12;900;1;1;1;1;3;38;AUTOROUTE A6A;M;4877390;234595;940
201500047517;15;11;12;925;1;1;1;5;2;617;RN 104;;;;910
201500047518;15;11;13;530;3;1;1;1;5;251;AUTOROUTE A5A;;;;770
201500047519;15;11;13;1955;3;1;1;1;7;661;AUTOROUTE A10;;;;910
201500047520;15;11;16;936;1;1;1;1;4;345;AUTOROUTE A6;;;;910
201500047521;15;11;16;1945;3;1;1;1;3;174;RN 104;;;;910
201500047522;15;11;17;310;3;1;1;2;6;34;AUTOROUTE A86;M;4875600;233464;940
201500047523;15;11;17;605;3;1;1;2;7;477;AUTOROUTE A10;;;;910
201500047524;15;11;17;659;3;1;1;2;6;661;AUTOROUTE A10;;;;910
201500047525;15;11;17;1000;1;1;1;2;6;228;RN 449;;;;910
201500047526;15;11;17;1900;3;1;1;2;2;377;AUTOROUTE A10;;;;910
201500047527;15;11;17;1900;5;1;1;2;4;38;AUTOROUTE A6B;M;4878650;234528;940
201500047528;15;11;18;600;3;1;1;1;6;549;RN 104;;;;910
201500047529;15;11;18;730;2;1;1;1;2;687;AUTOROUTE A6;;;;910
201500047530;15;11;19;640;5;1;1;1;5;34;AUTOROUTE A6B;M;4875370;233227;940
201500047531;15;11;19;745;2;1;1;1;2;471;RN 118;;;;910
201500047532;15;11;20;720;2;1;1;3;3;689;AUTOROUTE A6A;;;;910
201500047533;15;11;20;1005;1;1;1;3;2;347;RN 104;;;;910
201500047534;15;11;20;1920;5;1;1;8;7;43;AUTOROUTE A6B;M;4880600;234550;940
201500047535;15;11;21;510;3;1;1;3;2;34;AUTOROUTE A6B;M;4875390;233243;940
201500047536;15;11;22;232;3;1;1;1;6;64;RN 118;;;;910
201500047537;15;11;23;930;1;1;1;7;2;182;AUTOROUTE A6;;;;910
201500047538;15;11;23;1355;1;1;1;1;4;235;RN 104;;;;910
201500047539;15;11;24;610;3;1;1;1;2;434;AUTOROUTE A6;;;;910
201500047540;15;11;24;1310;1;1;1;3;3;377;AUTOROUTE A10;;;;910
201500047541;15;11;24;1830;3;1;1;2;7;3;AUTOROUTE A6A;M;4880800;234026;940
201500047542;15;11;25;900;1;1;1;2;2;521;AUTOROUTE A6;;;;910
201500047543;15;11;26;241;3;1;1;8;6;182;RN 104;;;;910
201500047544;15;11;25;840;1;1;1;8;7;161;AUTOROUTE A6;;;;910
201500047545;15;11;26;2350;3;1;1;5;5;347;RN 104;;;;910
201500047546;15;11;27;834;2;1;1;5;2;34;AUTOROUTE A6A;M;4875760;233572;940
201500047547;15;11;27;928;1;1;1;1;7;38;AUTOROUTE A6A;M;4877390;234595;940
201500047548;15;11;27;1455;1;1;1;1;3;471;RN 118;;;;910
201500047549;15;11;27;1655;1;1;1;1;6;179;RN 337;;;;910
201500047550;15;11;27;1920;3;1;1;2;3;689;AUTOROUTE A6B;;;;910
201500047551;15;11;28;800;2;1;1;1;3;2;AUTOROUTE A6;;;;920
201500047552;15;11;28;920;1;1;1;1;2;340;AUTOROUTE A6;;;;910
201500047553;15;11;28;1020;1;1;1;1;2;161;AUTOROUTE A6;;;;910
201500047554;15;11;28;1239;1;1;1;1;2;38;AUTOROUTE A6B;M;4877430;234620;940
201500047555;15;11;28;1240;1;1;1;1;2;38;AUTOROUTE A6B;M;4877420;234619;940
201500047556;15;11;29;245;5;1;1;2;6;37;AUTOROUTE A6A;M;4881650;233682;940
201500047557;15;11;29;1020;1;1;1;1;6;534;RN 118;;;;910
201500047558;15;11;29;1420;1;1;1;8;6;521;RN 449;;;;910
201500047559;15;11;30;810;2;1;1;1;4;340;AUTOROUTE A6;;;;910
201500047560;15;12;1;1110;1;1;1;1;7;38;AUTOROUTE A6B;M;4877510;234572;940
201500047561;15;12;2;730;3;1;1;1;2;377;AUTOROUTE A10;M;4872145;229514;910
201500047562;15;12;2;910;1;1;1;1;2;432;AUTOROUTE A6;M;4868683;232624;910
201500047563;15;12;2;900;1;1;1;1;7;38;AUTOROUTE A6A;M;4877350;234589;940
201500047564;15;12;2;1050;1;1;1;1;2;182;AUTOROUTE A6;M;4862287;242161;910
201500047565;15;12;2;1540;1;1;1;1;2;521;AUTOROUTE A6;;;;910
201500047566;15;12;3;740;5;1;1;8;5;76;AUTOROUTE A6B;M;4879340;234505;940
201500047567;15;12;3;932;1;1;1;1;2;37;AUTOROUTE A6;;;;910
201500047568;15;12;3;1001;1;1;1;1;3;21;AUTOROUTE A6B;M;4876900;234539;940
201500047569;15;12;4;1100;1;1;1;1;5;589;AUTOROUTE A6;;;;910
201500047570;15;12;4;1410;1;1;1;1;3;3;AUTOROUTE A6A;M;4881130;233733;940
201500047571;15;12;6;1200;1;1;1;1;4;689;AUTOROUTE A6A;;;;910
201500047572;15;12;7;645;3;1;1;1;5;182;RN 104;;;;910
201500047573;15;12;7;1730;3;1;1;1;3;377;AUTOROUTE A10;;;;910
201500047574;15;12;7;2038;5;1;1;1;6;43;AUTOROUTE A6B;M;4881030;234966;940
201500047575;15;12;8;1145;1;1;1;1;2;377;RN20;;;;910
201500047576;15;12;9;1230;1;1;1;1;2;553;RN 104;;;;910
201500047577;15;12;9;1345;1;1;1;1;6;34;AUTOROUTE A6A;M;4875370;233212;940
201500047578;15;12;10;550;3;1;1;5;3;161;AUTOROUTE A126;;;;910
201500047579;15;12;10;730;5;1;1;5;2;65;AUTOROUTE A86;M;4875490;234694;940
201500047580;15;12;10;1405;1;1;1;8;6;340;RN 104;M;0;0;910
201500047581;15;12;10;2255;3;1;1;1;6;161;AUTOROUTE A6;;;;910
201500047582;15;12;11;755;2;1;1;1;3;38;AUTOROUTE A6A;M;4878190;234674;940
201500047583;15;12;13;420;3;1;1;1;3;468;AUTOROUTE A6;;;;910
201500047584;15;12;14;755;5;1;1;1;5;37;AUTOROUTE A6A;M;4881630;233687;940
201500047585;15;12;14;2001;3;1;1;1;3;286;AUTOROUTE A6;;;;910
201500047586;15;12;15;945;1;1;1;2;2;38;AUTOROUTE A6A;M;4877300;234581;940
201500047587;15;12;15;950;1;1;1;2;5;136;RN20;;;;910
201500047588;15;12;16;645;3;1;1;2;3;434;AUTOROUTE A6;;;;910
201500047589;15;12;16;1000;1;1;1;1;4;34;AUTOROUTE A6B;M;4875990;233845;940
201500047590;15;12;16;1549;1;1;1;1;2;589;AUTOROUTE A6;M;4867923;233412;910
201500047591;15;12;17;835;2;1;1;1;4;19;RN 385 Extиrieure;;;;920
201500047592;15;12;17;930;1;1;1;1;2;521;AUTOROUTE A6;M;4863548;240110;910
201500047593;15;12;17;1020;1;1;1;1;3;161;AUTOROUTE A126;M;4871009;230549;910
201500047594;15;12;17;1035;1;1;1;1;4;182;AUTOROUTE A6;M;4862259;242190;910
201500047595;15;12;17;1620;2;1;1;1;7;477;AUTOROUTE A10;M;4871671;225458;910
201500047596;15;12;17;1500;1;1;1;1;2;689;AUTOROUTE A6B;M;4874467;232445;910
201500047597;15;12;17;1930;3;1;1;1;2;434;AUTOROUTE A6;M;4866821;235392;910
201500047598;15;12;17;1845;5;1;1;1;4;3;AUTOROUTE A6A;M;4881210;233670;940
201500047599;15;12;17;2040;3;1;1;1;6;34;AUTOROUTE A6A;M;4875830;233648;940
201500047600;15;12;18;815;2;1;1;1;3;43;AUTOROUTE A6B;M;4880760;234708;940
201500047601;15;12;18;754;2;1;1;1;5;34;AUTOROUTE A6A;M;4875330;233176;940
201500047602;15;12;18;1100;1;1;1;1;2;38;AUTOROUTE A6B;M;4877200;234520;940
201500047603;15;12;18;1815;3;1;1;2;2;661;AUTOROUTE A10;M;4870401;224924;910
201500047604;15;12;18;1735;3;1;1;1;4;174;RN 104;M;4862435;246966;910
201500047605;15;12;19;1242;1;1;1;1;5;689;AUTOROUTE A6;M;4872982;231443;910
201500047606;15;12;21;1650;1;1;1;1;6;534;RN 118;M;4873890;217970;910
201500047607;15;12;21;1700;2;1;1;2;5;182;RN 104;M;4861244;243117;910
201500047608;15;12;21;1810;3;1;1;2;2;235;RN 104;M;4862551;236095;910
201500047609;15;12;22;1400;1;1;1;1;2;43;AUTOROUTE A6B;M;4880940;234870;940
201500047610;15;12;22;1540;1;1;1;1;2;521;RN 104;M;4863468;240388;910
201500047611;15;12;23;112;3;1;1;1;2;345;AUTOROUTE A6;M;4868723;232564;910
201500047612;15;12;23;435;5;1;1;1;7;43;AUTOROUTE A6B;M;4880920;234852;940
201500047613;15;12;24;450;5;1;1;8;6;286;AUTOROUTE A6;M;4865245;238196;910
201500047614;15;12;24;1615;1;1;1;1;4;471;RN 118;M;4870989;218791;910
201500047615;15;12;25;23;3;1;1;2;5;553;RN 104;M;4862917;248231;910
201500047616;15;12;25;2312;3;1;1;1;6;589;AUTOROUTE A6;M;4867436;234225;910
201500047617;15;12;26;1532;1;1;1;1;2;182;AUTOROUTE A6;M;4862426;241943;910
201500047618;15;12;26;1742;2;1;1;1;4;216;AUTOROUTE A6;M;4868271;232959;910