num_acc;an;mois;jour;hrmn;lum;agg;int;atm;col;com;adr;gps;lat;long;dep
201500047619;15;12;27;850;1;1;1;1;6;521;RN 104;M;4863261;240615;910
201500047620;15;12;27;1400;1;1;1;1;7;86;RN 104;M;4862369;238501;910
201500047621;15;12;27;1930;3;1;1;1;2;286;RD 310;M;4864894;237852;910
201500047622;15;12;27;1940;3;1;1;1;2;363;RN 104;M;4865053;218444;910
201500047623;15;12;27;1938;3;1;1;1;6;534;RN 118;M;4873356;216901;910
201500047624;15;12;28;1249;1;1;1;1;5;689;AUTOROUTE A6A;M;4874398;232319;910
201500047625;15;12;29;1100;1;1;1;1;3;521;RN 104;M;4863066;240020;910
201500047626;15;12;29;2335;5;1;1;1;5;76;AUTOROUTE A6B;M;4879240;234422;940
201500047627;15;12;30;350;3;1;1;1;2;43;AUTOROUTE A6B;M;4881170;235137;940
201500047628;15;12;30;1840;3;1;1;1;4;136;AUTOROUTE A10;M;4871391;227595;910
201500047629;15;12;30;2225;3;1;1;1;3;286;AUTOROUTE A6;M;4864521;238917;910
201500047630;15;12;31;940;1;1;1;1;6;286;AUTOROUTE A6;M;4864889;238554;910
201500047631;15;1;9;1138;1;2;1;1;2;120;sans, TOUTES RUES;M;0;0;202
201500047632;15;3;16;1344;1;1;1;3;6;37;SANS, TOUTES RUES;M;4235550;924300;202
201500047633;15;1;10;525;5;2;1;1;1;33;SANS, TUNNEL;M;0;0;202
201500047634;15;3;19;1710;1;2;1;1;6;33;FALCONAJA;M;0;0;202
201500047635;15;1;10;1430;1;2;1;1;6;120;SANS, TOUTES RUES;M;0;0;202
201500047636;15;3;20;1340;1;2;1;1;1;33;sans, COLLE - RUE DU;M;0;0;202
201500047637;15;1;10;2340;5;2;1;1;6;33;SANS, ROUTE ROYALE;M;0;0;202
201500047638;15;3;20;1652;1;2;2;1;3;33;ROUTE ROYALE;M;0;0;202
201500047639;15;1;13;1835;5;2;1;2;6;33;45, PAOLI DU NR 21 AU 45;M;0;0;202
201500047640;15;3;18;1105;1;2;1;1;2;120;SANS, TOUTES RUES;M;4238589;926259;202
201500047641;15;1;14;1550;1;2;1;1;2;37;SANS, TOUTES RUES;M;0;0;202
201500047642;15;3;26;1600;1;2;1;1;6;33;SANS, TOUTES RUES;M;0;0;202
201500047643;15;1;20;1459;1;2;1;1;6;353;SANS, TOUTES RUES;M;0;0;202
201500047644;15;3;29;705;1;2;1;1;6;33;SANS, 193 - RN;M;0;0;202
201500047645;15;1;22;1547;1;2;1;3;3;120;SANS, TOUTES RUES;M;0;0;202
201500047646;15;3;17;1030;1;1;1;3;7;37;SANS, TOUTES RUES;M;4236583;926360;202
201500047647;15;1;28;810;1;2;1;1;6;33;SANS, FAVALELLI - RUE;M;0;0;202
201500047648;15;4;5;2030;3;1;1;1;2;33;SANS, 193 - RN;M;0;0;202
201500047649;15;1;28;1007;1;2;1;1;6;33;sans, CHANOINE LESCHI -;M;0;0;202
201500047650;15;4;7;910;1;2;1;1;5;33;SANS, ROUTE ROYALE;M;0;0;202
201500047651;15;1;30;2050;5;2;1;2;3;33;2, PAOLI DU NR 1 A 20 -;M;0;0;202
201500047652;15;4;7;1835;1;2;1;1;2;37;.sans, TOUTES RUES;M;4261944;943694;202
201500047653;15;2;5;1442;1;2;1;1;3;353;9, TOUTES RUES;M;0;0;202
201500047654;15;4;8;1405;1;2;1;1;2;33;1, GIACCOBBI - AV PAUL;M;0;0;202
201500047655;15;2;6;705;5;2;1;3;6;33;9, SEBASTIANI  - AVENUE;M;0;0;202
201500047656;15;4;9;1501;1;2;9;1;2;33;SANS, TUNNEL;M;0;0;202
201500047657;15;2;15;1210;1;1;4;1;3;37;SANS, TOUTES RUES;M;0;0;202
201500047658;15;4;10;2215;5;2;1;1;3;33;263, AV DE LA LIBERATION;M;0;0;202
201500047659;15;2;16;1330;1;1;1;3;6;37;TOUTES RUES;M;0;0;202
201500047660;15;4;20;56;5;1;1;1;7;33;ST FLORENT-ANCIENNE RT D;M;0;0;202
201500047661;15;2;1;1650;1;1;1;6;6;33;sans, CARDO - RT INFERIE;M;0;0;202
201500047662;15;4;21;1505;1;2;1;1;2;120;SANS, RN 193;M;4239280;926290;202
201500047663;15;2;19;1825;5;2;1;1;2;33;sans, AGLIANI - CHEMIN D;M;0;0;202
201500047664;15;4;26;412;5;2;1;2;6;33;, CHANOINE LESCHI - RUE;M;0;0;202
201500047665;15;2;18;915;1;1;1;1;2;33;sans, 193 - RN;M;0;0;202
201500047666;15;4;26;1700;1;2;2;8;3;33;03, SEBASTIANI  - AVENUE;M;0;0;202
201500047667;15;2;21;2235;5;1;1;1;1;37;sans, TOUTES RUES;M;0;0;202
201500047668;15;4;27;1513;1;2;1;1;6;33;sans, AGLIANI - CHEMIN D;M;0;0;202
201500047669;15;2;22;1700;1;2;1;1;1;120;sans, TOUTES RUES;M;0;0;202
201500047670;15;4;28;1830;1;1;1;1;7;37;SANS, TOUTES RUES;M;4236362;929001;202
201500047671;15;2;22;1740;2;2;1;1;1;353;sans, TOUTES RUES;M;0;0;202
201500047672;15;4;28;2020;2;2;1;1;6;37;TOUTES RUES;M;4237427;925465;202
201500047673;15;2;24;900;1;2;1;2;6;120;sans, TOUTES RUES;M;0;0;202
201500047674;15;5;4;1145;1;2;1;1;6;33;10, GAUDIN - BLD AUGUSTE;M;0;0;202
201500047675;15;2;24;1310;1;1;1;2;1;33;sans, ROUTE ROYALE;M;0;0;202
201500047676;15;5;4;1040;1;2;1;1;5;33;SANS, TUNNEL;M;0;0;202
201500047677;15;2;25;1311;1;2;1;1;6;33;TUNNEL;M;0;0;202
201500047678;15;5;5;1630;1;1;3;1;3;120;sans, RN 193;M;4264610;943981;202
201500047679;15;3;6;1109;1;1;1;1;5;33;SANS, 193 - RN;M;0;0;202
201500047680;15;5;8;1500;1;1;1;1;3;33;SANS, COL DE TEGHIME;M;0;0;202
201500047681;15;3;7;1045;1;2;3;1;3;120;sans, TOUTES RUES;M;0;0;202
201500047682;15;5;11;1830;1;1;3;1;3;37;1, TOUTES RUES;M;4235452;926315;202
201500047683;15;3;8;53;5;1;1;1;6;37;sans, TOUTES RUES;M;0;0;202
201500047684;15;5;12;1940;1;2;6;1;3;33;SANS, AV DE LA LIBERATIO;M;0;0;202
201500047685;15;3;10;1650;1;2;3;1;3;37;sans, TOUTES RUES;M;0;0;202
201500047686;15;5;12;2130;5;2;1;1;2;120;sans, IMPERIALE (Route);M;0;0;202
201500047687;15;3;13;1144;1;2;1;1;1;120;SANS, TOUTES RUES;M;0;0;202
201500047688;15;5;15;1645;1;1;1;1;2;120;SANS, RN 193;M;4240200;926340;202
201500047689;15;3;13;1300;1;2;1;1;2;33;SANS, 193 - RN;M;0;0;202
201500047690;15;5;19;2240;3;2;1;1;3;37;1, TOUTES RUES;M;4237131;926120;202
201500047691;15;3;14;55;5;2;4;1;1;33;sans, GAUDIN - BLD AUGUS;M;0;0;202
201500047692;15;5;20;1510;1;2;1;1;6;33;SANS, ANDREI - ECOLE CHA;M;0;0;202
201500047693;15;3;15;1903;3;1;1;1;6;33;sans, COL DE TEGHIME;M;0;0;202
201500047694;15;5;20;1630;1;2;3;1;3;120;VILLAGE (Route du) D364;M;4265499;943761;202
201500047695;15;5;23;1630;1;2;2;2;3;33;ROUTE ROYALE;M;0;0;202
201500047696;15;5;24;1445;1;2;1;1;1;33;1, AGLIANI - CHEMIN D';M;0;0;202
201500047697;15;5;28;1805;1;1;1;1;2;37;1, TOUTES RUES;M;4237559;926167;202
201500047698;15;5;31;610;2;1;1;1;6;120;1, RN 193;M;4239124;926279;202
201500047699;15;6;3;1730;1;1;1;1;4;120;RN 193;M;4264690;944017;202
201500047700;15;6;4;30;5;2;6;1;3;120;1, RN 193;M;4239150;926290;202
201500047701;15;6;5;1620;1;1;1;1;3;37;TOUTES RUES;M;4237440;928016;202
201500047702;15;6;6;1745;1;2;1;1;2;37;1, TOUTES RUES;M;4237160;926130;202
201500047703;15;6;7;2108;2;2;1;1;7;33;GAUDIN - BLD AUGUSTE;M;0;0;202
201500047704;15;6;8;1720;1;2;6;1;2;33;IMPERIALE - ROUTE;M;0;0;202
201500047705;15;6;10;1935;1;2;1;1;3;37;TOUTES RUES;M;;;202
201500047706;15;6;12;1955;1;2;3;1;3;37;TOUTES RUES;M;4237550;926080;202
201500047707;15;6;15;1845;1;2;9;1;2;33;CHANOINE LESCHI - RUE;M;0;0;202
201500047708;15;6;16;105;5;2;1;1;6;33;SANS, TOGA;M;0;0;202
201500047709;15;6;19;1450;1;2;1;1;2;33;VEZZANI - RUE CESAR;M;0;0;202
201500047710;15;6;20;1450;1;1;1;1;3;120;000, IMPERIALE (Route) D;M;;;202
201500047711;15;6;21;1320;1;1;1;1;3;33;1, FALCONAJA;M;0;0;202
201500047712;15;6;22;2155;5;2;1;1;6;120;RN 193;M;4200000;926000;202
201500047713;15;6;30;1940;1;2;6;1;6;33;FANGO - AVENUE DU;M;0;0;202
201500047714;15;7;2;2128;5;2;1;1;3;33;12, DANESI - BLD BENOITE;M;0;0;202
201500047715;15;7;3;1210;1;2;1;1;1;120;RN 193;M;4237256;926121;202
201500047716;15;7;3;1401;1;2;9;1;6;33;SAINT VICTOR -SQUARE;M;0;0;202
201500047717;15;7;3;1500;1;2;1;1;3;33;1, CHANOINE LESCHI - RUE;M;0;0;202
201500047718;15;7;7;1500;1;2;1;1;6;33;3, LUPINO;M;0;0;202
201500047719;15;7;8;1322;1;2;1;1;1;33;FRANCOIS VITTORI;M;0;0;202
201500047720;15;7;10;1558;1;2;6;1;3;120;1, RN 193;M;4239156;902628;202
201500047721;15;7;12;2328;5;2;1;1;3;33;ROUTE ROYALE;M;0;0;202
201500047722;15;7;13;5;5;2;6;1;6;120;IMPERIALE (Route) D464;M;4238500;925550;202
201500047723;15;7;14;1315;1;2;1;1;6;33;SANS, FRONT DE MER - ROU;M;0;0;202
201500047724;15;7;14;1359;1;2;1;1;6;33;SANS, FRONT DE MER - ROU;M;0;0;202
201500047725;15;7;17;1615;1;2;1;1;5;33;SARI - AV EMILE;M;0;0;202
201500047726;15;7;20;1731;1;2;6;1;6;33;SANS, NOVELTY - CARREFOU;M;0;0;202
201500047727;15;7;24;1137;1;1;1;1;4;33;FRONT DE MER - ROUTE DU;M;0;0;202
201500047728;15;7;25;2055;2;2;1;1;6;33;ROUTE ROYALE;M;0;0;202
201500047729;15;7;29;1330;1;1;1;1;5;120;TOUTES RUES;M;;;202
201500047730;15;8;2;2257;5;2;1;1;6;120;RN 193;M;4239087;926273;202
201500047731;15;8;5;1015;1;1;1;1;6;33;06, SEBASTIANI  - AVENUE;M;0;0;202
201500047732;15;8;7;12;5;1;1;1;7;33;FRONT DE MER - ROUTE DU;M;0;0;202
201500047733;15;8;7;1559;1;2;1;1;7;37;TOUTES RUES;M;4235523;923419;202
201500047734;15;8;9;329;5;1;1;1;2;120;RN 193;M;4239000;926000;202
201500047735;15;8;9;1455;1;2;1;1;2;33;TUNNEL;M;0;0;202
201500047736;15;8;10;2340;5;1;6;1;3;120;RN 193;M;4239148;926286;202
201500047737;15;8;14;1755;1;1;1;1;3;37;1, TOUTES RUES;M;4237462;926151;202
201500047738;15;8;22;2200;5;2;1;1;6;33;17, PAOLI DU NR 1 A 20 -;M;0;0;202
201500047739;15;8;23;1025;1;1;1;1;2;33;AGLIANI - CHEMIN D';M;0;0;202
201500047740;15;8;30;100;5;2;1;1;6;33;FRONT DE MER - ROUTE DU;M;0;0;202
201500047741;15;8;31;1621;1;1;1;1;6;37;SANS, TOUTES RUES;M;4238270;926210;202
201500047742;15;9;6;108;5;2;1;1;6;33;GIACCOBBI - AV PAUL;M;0;0;202
201500047743;15;9;6;2109;5;1;1;1;2;120;LAGUNE (Route de la) D10;M;4238471;927153;202
201500047744;15;9;7;1132;1;2;1;1;4;33;193 - RN;M;0;0;202
201500047745;15;9;7;1230;1;2;1;1;6;33;CHANOINE LESCHI - RUE;M;0;0;202
201500047746;15;9;9;2040;5;2;1;1;1;33;204, AV DE LA LIBERATION;M;0;0;202
201500047747;15;9;15;630;2;1;6;1;3;120;1, RN 193;M;4239149;926286;202
201500047748;15;9;19;800;1;2;1;1;7;33;ROUTE ROYALE;M;0;0;202
201500047749;15;9;24;1440;1;2;1;1;6;33;GIACCOBBI - AV PAUL;M;0;0;202
201500047750;15;9;26;1435;1;1;1;1;3;37;1270, TOUTES RUES;M;4235293;925393;202
201500047751;15;9;26;1827;2;2;2;1;1;33;ROUTE ROYALE;M;0;0;202
201500047752;15;9;28;920;1;2;6;1;3;120;RN 193;M;4239147;926279;202
201500047753;15;9;29;1330;1;2;1;1;6;33;193 - RN;M;0;0;202
201500047754;15;10;1;1647;1;1;1;3;3;33;ROUTE ROYALE;M;0;0;202
201500047755;15;10;5;2200;5;2;1;8;6;33;1, GAUDIN - BLD AUGUSTE;M;4241401;926590;202
201500047756;15;10;5;746;1;2;6;1;6;37;TOUTES RUES;M;4262895;943754;202
201500047757;15;10;7;1700;1;1;6;1;2;37;1, TOUTES RUES;M;4235405;926191;202
201500047758;15;10;8;1405;1;2;1;1;1;33;DANESI - BLD BENOITE;M;0;0;202
201500047759;15;10;9;1350;1;2;1;1;3;33;ROUTE ROYALE;M;4267736;943397;202
201500047760;15;10;9;1423;1;2;6;1;3;120;RN 193;M;;;202
201500047761;15;10;10;2245;3;1;1;9;6;37;TOUTES RUES;M;0;0;202
201500047762;15;10;13;1207;1;2;1;1;6;33;SANS, CAPITAINE THEN;M;0;0;202
201500047763;15;10;14;2115;5;1;9;9;6;120;RN 193;M;;;202
201500047764;15;10;15;1350;1;2;1;1;3;33;14, CAP - ROUTE DU CAP;M;0;0;202
201500047765;15;10;15;1635;1;1;1;1;3;120;RN 193;M;;;202
201500047766;15;10;18;1819;2;2;2;1;3;37;0, TOUTES RUES;M;4235384;926139;202
201500047767;15;10;19;1736;1;2;2;1;6;37;PAOLI DU NR 21 AU 45 -BL;M;0;0;202
201500047768;15;10;22;1045;1;1;1;1;6;37;SAMPIERO CORSO - AV;M;0;0;202
201500047769;15;10;29;1845;3;2;1;1;6;37;PIETRI - AV F. PIETRI;M;0;0;202
201500047770;15;11;3;1920;5;2;1;5;5;33;CAP - ROUTE DU CAP;M;0;0;202
201500047771;15;11;6;1401;1;2;1;3;6;33;,  PAOLI DU NR 1 A 20 -;M;0;0;202
201500047772;15;11;14;1741;3;1;1;1;6;37;TOUTES RUES;M;4260077;943839;202
201500047773;15;11;19;815;1;2;1;1;2;33;FRONT DE MER - ROUTE DU;M;0;0;202
201500047774;15;11;22;40;5;1;1;6;6;120;RN 193;M;4239067;926266;202
201500047775;15;11;25;1705;5;2;1;1;6;33;IN - BLD AUGUSTE;M;0;0;202
201500047776;15;11;26;1310;1;2;1;1;6;33;MONTESORO - L.E.P DE;M;0;0;202
201500047777;15;11;28;1520;1;2;1;1;2;33;SANS, SAMPIERO CORSO - A;M;0;0;202
201500047778;15;11;28;1745;5;2;1;1;3;33;SANS, AV DE LA LIBERATIO;M;0;0;202
201500047779;15;11;30;1401;1;2;1;1;3;120;RN 193;M;4239268;926214;202
201500047780;15;12;6;240;5;2;1;1;1;33;193 - RN;M;0;0;202
201500047781;15;12;8;1536;1;2;6;1;3;33;AV DE LA LIBERATION;M;0;0;202
201500047782;15;12;13;1730;5;2;1;1;2;120;RN 193;M;4239215;926580;202
201500047783;15;12;13;1830;5;2;4;1;3;37;12, TOUTES RUES;M;4237387;925425;202
201500047784;15;12;14;745;2;2;3;1;3;33;1, AV DE LA LIBERATION;M;0;0;202
201500047785;15;12;14;1750;5;2;1;1;2;33;SAMPIERO CORSO - AV;M;0;0;202
201500047786;15;12;14;1145;1;2;1;1;3;33;DANESI - BLD BENOITE;M;0;0;202
201500047787;15;12;15;1515;1;2;3;1;5;37;TOUTES RUES;M;4259580;944210;202
201500047788;15;12;8;1410;1;2;1;1;6;33;35, PAOLI DU NR 21 AU 45;M;0;0;202
201500047789;15;12;17;930;1;1;1;1;2;120;LAGUNE (Route de la) D10;M;4261609;947803;202
201500047790;15;12;20;320;5;1;6;1;7;33;RN 193;M;4239147;926278;202
201500047791;15;12;21;1719;5;2;1;1;1;33;ST FLORENT-ANCIENNE RT D;M;0;0;202
201500047792;15;12;22;1045;1;2;1;1;2;33;TUNNEL;M;0;0;202
201500047793;15;12;27;1610;1;2;3;1;3;120;VILLAGE (Route du) D364;M;4265495;943741;202
201500047794;15;12;31;1520;1;1;1;1;4;120;RN 193;M;4239215;926289;202
201500047795;15;3;16;1350;1;2;1;1;5;81;19, EDOUARD AYNARD;M;4577780;477883;690
201500047796;15;1;29;2029;5;2;2;2;3;382;CHARLEMAGNE;M;4574440;481984;690
201500047797;15;3;17;1330;1;2;1;1;6;34;27, LOUIS DUFOUR;M;4580220;485131;690
201500047798;15;1;31;2000;5;2;2;2;3;382;PONT ALPHONSE JUIN;;;;690
201500047799;15;3;17;1755;1;2;1;1;2;389;63, SIDOINE APPOLINAIRE;M;4577850;479798;690
201500047800;15;3;18;1315;1;2;2;1;6;384;HENON;M;4577870;482406;690
201500047801;15;3;4;600;5;2;1;2;2;382;20, QUAI DOCTEUR GAILLET;M;4575200;483589;690
201500047802;15;2;4;415;5;2;1;1;6;382;PONT LAFAYETTE;;;;690
201500047803;15;3;19;115;5;2;1;1;7;81;18, CHALIN (DE);M;4577750;478975;690
201500047804;15;3;20;220;5;2;2;1;3;34;1, BOUCLE (DE LA);M;4578120;484243;690
201500047805;15;2;7;1735;2;2;1;1;6;382;3, GERBE (DE LA);;;;690
201500047806;15;2;22;705;2;2;1;1;7;382;100, QUAI PERRACHE;;;;690
201500047807;15;3;19;1710;1;1;1;1;6;381;9, CONSTANTINE (DE);M;4577360;483023;690
201500047808;15;2;25;1030;1;1;1;1;3;382;22, PERRACHE;;;;690
201500047809;15;3;20;1550;1;2;1;1;3;382;12, MARECHAL JOFFRE (DU);M;4575430;483051;690
201500047810;15;3;10;1110;1;2;1;1;3;382;50, COURS CHARLEMAGNE;;;;690
201500047811;15;3;20;1804;1;2;1;1;6;384;48, HENON;M;4577700;482763;690
201500047812;15;3;20;2200;5;2;1;1;2;385;162, COMMANDANT CHARCOT;M;4574920;479094;690
201500047813;15;3;21;400;5;2;1;1;6;389;42, PIERRE SCIZE;;;;690
201500047814;15;3;21;1750;1;2;1;3;6;389;13, CHAMPAGNE (DE);M;0;0;690
201500047815;15;3;21;255;5;2;3;1;6;202;41 BIS, COMMANDANT CHARC;M;4574940;479839;690
201500047816;15;3;22;1440;1;2;1;1;3;142;LIBERATION (DE LA);M;4572760;481617;690
201500047817;15;3;23;1220;1;2;1;1;2;385;8, DEBROUSSE;M;0;0;690
201500047818;15;3;24;1345;1;1;1;1;6;385;99, BARTHELEMY BUYER;M;0;0;690
201500047819;15;3;24;1830;2;2;1;1;6;382;20, BREST (DE);M;0;0;690
201500047820;15;3;25;1645;1;2;1;2;6;34;17, GUTENBERG;M;4579410;484997;690
201500047821;15;3;26;320;5;2;1;1;6;385;13, COMMANDANT CHARCOT (;M;4575230;479880;690
201500047822;15;3;26;930;1;2;1;1;7;382;GALLIENI;M;0;0;690
201500047823;15;3;27;735;1;2;1;1;1;34;24, VERNAY (DU);M;0;0;690
201500047824;15;3;28;420;5;2;1;1;6;381;1, PUITS GAILLOT;M;4576795;483605;690
201500047825;15;3;22;1815;1;2;1;1;2;384;43, CANUTS (DES);;;;690
201500047826;15;3;29;1545;1;2;1;1;6;389;16, PIERRE SCIZE;;;;690
201500047827;15;3;30;625;3;2;1;2;6;286;COMBATTANTS EN AFN 1952-;;;;690
201500047828;15;3;30;700;2;1;1;2;3;389;36, SERGENT MICHEL BERTH;;;;690
201500047829;15;3;30;1450;1;1;1;1;6;385;CHOULANS (DE);M;;;690
201500047830;15;3;30;1720;1;2;2;8;3;382;BAYARD;M;0;0;690
201500047831;15;3;31;715;1;2;1;8;6;389;PROFESSEUR GUERIN (DU);;;;690
201500047832;15;3;31;1430;1;2;1;1;1;389;1, JAYR;M;0;0;690
201500047833;15;3;31;1410;1;2;1;1;2;389;MARIETTON;M;0;0;690
201500047834;15;3;31;1110;1;2;1;1;6;389;70, PIERRE TERMIER;;;;690
201500047835;15;4;1;1730;1;2;1;1;3;385;ABBE LARUE (DE L');M;0;0;690
201500047836;15;3;19;1833;2;2;3;1;6;286;LANCHET (DU);M;4581080;488740;690
201500047837;15;4;2;1415;1;1;1;8;2;389;RAOUL CARRIE;M;4579990;483654;690
201500047838;15;4;4;1605;1;2;1;8;6;385;38, ROGER RADISSON;M;0;0;690
201500047839;15;4;5;940;1;2;1;1;6;385;18, DOYENNE (DU);M;0;0;690
201500047840;15;4;4;1800;1;2;5;8;1;381;BELLEVUE;M;0;0;690
201500047841;15;4;6;1805;1;2;1;1;6;81;08, CLEMENT;M;4577300;477947;690
201500047842;15;4;7;1130;1;2;1;1;6;385;44, FAVORITE (DE LA );M;0;0;690
201500047843;15;4;8;515;1;2;2;1;3;382;JULES COURMONT;;;;690
201500047844;15;4;8;2140;5;2;1;1;3;382;GALLIENI;;;;690
201500047845;15;4;8;1200;1;2;3;1;3;382;3, CELESTINS (DES);;;;690
201500047846;15;4;10;1240;1;2;2;1;6;149;20, REPUBLIQUE (DE LA);M;4571690;481108;690
201500047847;15;4;10;2259;5;2;2;1;3;382;CHARLEMAGNE;M;0;0;690
201500047848;15;4;8;1940;2;2;1;1;2;382;LAFAYETTE;M;4576330;484774;690
201500047849;15;4;11;1850;1;2;3;1;6;384;21, MAIL (DU);M;0;0;690
201500047850;15;4;11;1815;1;2;3;1;6;286;MONT BLANC (DU);M;4581220;489208;690
201500047851;15;4;13;850;1;2;1;1;6;34;78, MARGNOLLES (DE);M;4578920;484597;690
201500047852;15;4;16;1735;1;2;1;1;6;389;3, SERGENT MICHEL BERTHE;M;0;0;690
201500047853;15;4;17;2040;2;2;1;2;3;382;85, CHARLEMAGNE;;;;690
201500047854;15;4;19;955;1;2;1;1;2;142;6, JEAN JACQUES ROUSSEAU;M;4574810;481547;690
201500047855;15;4;18;2020;1;2;1;1;3;385;55, CHOULANS (DE);M;0;0;690
201500047856;15;4;17;1115;1;2;1;1;6;384;17, JOSEPH GILLET;M;0;0;690
201500047857;15;4;21;840;1;2;2;1;3;382;RAVAT;;;;690
201500047858;15;4;21;950;1;2;3;1;6;389;RAOUL CARRIE;M;4580120;483805;690
201500047859;15;4;21;1630;1;1;1;1;4;389;AUTOROUTE A6;M;4577070;479137;690
201500047860;15;4;22;1540;1;2;2;1;3;202;105, LIBERATION (DE LA);M;4572440;477919;690
201500047861;15;4;23;800;1;2;2;1;3;34;JEAN PETIT;M;4580140;486292;690
201500047862;15;4;22;1430;1;2;3;1;3;389;SERGENT MICHEL BERTHET (;;;;690
201500047863;15;4;23;1540;1;2;1;1;3;381;JEAN MOULIN;M;4566063;450161;690
201500047864;15;4;23;2115;5;2;1;1;2;385;06, JOLIOT CURIE;M;0;0;690
201500047865;15;4;24;1736;1;2;1;1;6;34;12, GENERAL LECLERC;M;4579920;485281;690
201500047866;15;4;24;1950;1;2;1;1;3;389;44, PIERRE AUDRY;M;0;0;690
201500047867;15;4;24;2010;1;1;1;1;2;34;1-3, BOUCLE (DE LA);;;;690
201500047868;15;4;27;2130;5;2;2;3;3;385;167, CHOULANS (DE);M;4575450;482577;690
201500047869;15;4;28;910;1;2;1;1;6;385;2, POINT DU JOUR (DU);M;0;0;690
201500047870;15;4;28;1235;1;2;1;1;6;389;69, ST CYR (DE);;;;690
201500047871;15;4;29;830;1;2;3;1;3;81;BENOIT TABARD;M;4577460;477539;690
201500047872;15;4;30;1550;1;2;9;1;6;149;41, YZERON (DE L');M;4572030;480092;690
201500047873;15;4;30;1920;1;2;1;1;6;34;22, LOUIS DUFOUR;M;4580150;485133;690
201500047874;15;4;30;1800;1;2;9;6;6;149;RHONE (DU);M;4571600;481603;690
201500047875;15;5;1;1735;1;2;1;2;7;385;28, FULCHIRON;M;0;0;690
201500047876;15;5;1;1930;1;1;1;2;2;385;101 A, CHOULANS (DE);M;4575160;482585;690
201500047877;15;5;2;1415;1;2;2;1;2;149;GRANDE RUE;M;4571680;480961;690
201500047878;15;5;2;2242;3;1;1;2;2;382;AUTOROUTE A7;;;;690
201500047879;15;5;4;1345;1;2;1;1;4;382;18, DOCTEUR GAILLETON (D;;;;690
201500047880;15;4;17;1740;1;2;1;1;4;286;75, ROUTE DE GENEVE;M;0;0;690
201500047881;15;5;6;850;1;1;1;1;6;142;22, CLOS DES CHASSAGNES;M;4572430;480833;690
201500047882;15;5;6;1010;1;2;3;7;6;34;BERTHELOT;M;4579800;484492;690
201500047883;15;5;7;1515;1;2;4;1;6;34;123, PIERRE BRUNIER;M;4579190;483600;690
201500047884;15;5;7;1940;1;1;1;1;6;202;180, MARECHAL FOCH (DU);M;4574090;480358;690
201500047885;15;5;9;1600;1;2;3;1;3;286;2, EUROPE (DE L');M;4581220;488978;690
201500047886;15;5;11;1210;1;2;1;1;1;389;173, ST CYR (DE);M;4579890;481928;690
201500047887;15;5;11;1615;1;1;1;1;6;382;8, BELLECOUR;;;;690
201500047888;15;5;11;1705;1;2;1;1;7;381;8, JOSEPH SERLIN;M;0;0;690
201500047889;15;5;13;550;1;2;1;1;3;382;JULES COURMONT;M;0;0;690
201500047890;15;5;13;1130;1;2;2;1;3;389;COMMERCE (DU);;;;690
201500047891;15;5;13;1740;1;2;2;1;3;384;141, CROIX-ROUSSE (DE LA;M;4577830;482913;690
201500047892;15;5;12;2020;2;2;1;1;3;385;15, JEUNET;M;0;0;690
201500047893;15;5;15;1710;1;2;1;3;6;385;86, CHOULANS (DE);M;0;0;690
201500047894;15;5;15;2250;4;2;1;8;6;385;80, GARENNE (DE LA);M;0;0;690
201500047895;15;5;16;720;1;1;1;1;6;385;60, JOLIOT CURIE;;;;690
201500047896;15;5;16;1530;1;2;1;1;2;389;84, BARTHELEMY BUYER;;;;690
201500047897;15;5;17;55;5;2;1;1;3;382;100, CHARLEMAGNE;M;0;0;690
201500047898;15;5;16;1950;1;2;2;1;6;382;PAUL MONTROCHET;M;0;0;690
201500047899;15;5;17;1320;1;2;1;1;3;149;97, EMILE ZOLA;M;4571960;480142;690
201500047900;15;5;19;1630;1;2;1;1;6;382;GALLIENI;;;;690
201500047901;15;5;19;1823;1;2;2;1;3;382;RAVAT;;;;690
201500047902;15;5;20;1325;1;1;1;1;7;202;FONDS (DES);M;4574120;478842;690
201500047903;15;5;20;1940;1;2;1;2;6;385;FULCHIRON;M;0;0;690
201500047904;15;5;20;1215;1;2;1;1;1;381;1, LUCIEN SPORTISSE;M;4577034;482995;690
201500047905;15;5;21;1000;1;1;1;1;6;202;395, STE BARBE;M;4572850;478533;690
201500047906;15;5;21;1610;1;2;1;1;2;286;CHAMP DE LIERE (DU);;;;690
201500047907;15;5;22;1120;1;2;1;1;3;385;2, DEBROUSSE;M;0;0;690
201500047908;15;5;19;910;1;2;1;1;6;142;2, STEPHANE DECHANT;M;4572870;481517;690
201500047909;15;5;22;1410;1;2;1;1;6;382;7, BELLECOUR;M;0;0;690
201500047910;15;5;22;2345;5;1;3;1;3;382;GENTIL;;;;690
201500047911;15;5;22;1925;1;2;2;1;3;389;124, SIDOINE APPOLINAIRE;M;0;0;690
201500047912;15;5;24;1720;1;2;1;1;1;149;101, EMILE ZOLA;M;4571970;480081;690
201500047913;15;5;24;2310;5;2;1;1;6;382;01, ANTONIN GOURJU;;;;690
201500047914;15;5;25;1930;1;2;1;1;1;385;50, FAVORITE (DE LA );M;0;0;690
201500047915;15;5;26;1325;1;2;1;1;3;149;27, DIDEROT;M;4571320;480908;690
201500047916;15;5;26;1040;1;2;1;1;2;382;10, AUGUSTE COMTE;M;4575540;482978;690
201500047917;15;5;26;950;1;2;1;1;2;152;LONE (DE LA);M;4570520;483161;690
201500047918;15;5;27;1255;1;2;1;1;6;384;68, CROIX-ROUSSE (DE LA);M;0;0;690
201500047919;15;5;28;845;1;2;1;1;6;385;36, GENERAL EISENHOWER (;M;4575540;478448;690
201500047920;15;5;27;1720;1;2;1;1;6;389;37, SIDOINE APPOLINAIRE;M;0;0;690
201500047921;15;5;28;1215;1;2;1;1;6;34;36, PASTEUR;M;4578840;483983;690