num_acc;an;mois;jour;hrmn;lum;agg;int;atm;col;com;adr;gps;lat;long;dep
201500047922;15;5;28;1830;1;2;1;1;5;382;1, JULES COURMONT;;;;690
201500047923;15;5;29;2155;5;2;1;1;6;384;65, JOSEPH GILLET;M;4578370;481629;690
201500047924;15;5;30;1345;1;2;1;1;3;389;117, SIDOINE APPOLINAIRE;;;;690
201500047925;15;5;30;1530;1;2;1;1;6;389;SERGENT MICHEL BERTHET (;M;0;0;690
201500047926;15;6;1;140;5;2;1;1;6;34;78, MARGNOLLES (DE);M;4500000;0;690
201500047927;15;6;2;950;1;2;1;1;2;389;17, TUILERIES (DES);;;;690
201500047928;15;6;2;1420;1;2;1;1;3;389;62, PIERRE AUDRY;M;0;0;690
201500047929;15;6;2;1500;1;2;2;1;6;149;1, LOUIS AULAGNE;M;4571040;481719;690
201500047930;15;6;2;1710;1;2;3;1;2;385;20, JOLIOT CURIE;M;0;0;690
201500047931;15;6;2;1340;1;2;2;1;3;152;EMILE ZOLA;M;4570340;481924;690
201500047932;15;6;3;825;1;2;1;1;6;385;84, POINT DU JOUR (DU);;;;690
201500047933;15;5;26;1530;1;2;1;1;6;382;CHARLEMAGNE;;;;690
201500047934;15;6;4;1230;1;2;1;1;6;34;17, LOUIS DUFOUR;M;4580090;485131;690
201500047935;15;6;4;1930;1;2;1;7;6;389;LAURE DIEBOLD;;;;690
201500047936;15;6;5;1430;1;2;5;1;6;34;SOLDATS (Des);M;4579570;485793;690
201500047937;15;6;5;1820;1;2;1;1;5;382;53, CHARLEMAGNE;M;0;0;690
201500047938;15;6;5;2010;1;2;1;1;6;286;83, EUROPE (DE L');;;;690
201500047939;15;6;6;1705;1;2;1;1;3;34;65, GENERAL LECLERC;M;4580320;485985;690
201500047940;15;6;8;1745;1;2;1;1;7;389;SERGENT MICHEL BERTHET (;M;4577880;480350;690
201500047941;15;6;6;1120;1;2;1;1;6;384;01, VILLENEUVE;M;0;0;690
201500047942;15;5;28;750;1;2;1;1;6;149;02, EMILE ZOLA;M;4571960;480246;690
201500047943;15;6;9;1145;1;2;1;1;4;34;12, GENERAL DE GAULLE;M;4580370;485186;690
201500047944;15;6;10;900;1;2;7;1;3;385;1BIS, FOSSES DE TRION (D;M;0;0;690
201500047945;15;6;10;1845;1;2;1;1;4;384;10, TUNNEL DE LA CROIX R;M;0;0;690
201500047946;15;2;16;1500;1;2;1;1;2;384;67, CANUTS (DES);;;;690
201500047947;15;6;11;735;1;2;3;1;3;389;550, ECULLY (D');;;;690
201500047948;15;6;11;1834;1;2;3;1;3;286;ROUTE DE STRASBOURG D 48;M;4582030;489547;690
201500047949;15;6;12;1545;1;2;1;1;3;385;5, OCTAVIO MEY;M;0;0;690
201500047950;15;6;12;2215;5;2;5;3;3;81;FRANKLIN ROOSEVELT;M;4576670;477374;690
201500047951;15;6;13;40;3;2;1;1;3;385;153 TER, JOLIOT CURIE;M;0;0;690
201500047952;15;6;13;1000;1;2;1;1;3;149;23, GENERAL DE GAULLE;M;4571670;479017;690
201500047953;15;6;10;730;1;2;1;1;3;34;3, ST CLAIR (DE);M;4578620;484894;690
201500047954;15;6;10;800;1;2;1;1;3;381;22, ST VINCENT;M;4577290;483080;690
201500047955;15;6;15;1130;1;2;3;1;3;81;CHARRIERE BLANCHE (DE);M;4577830;477600;690
201500047956;15;6;15;1700;1;2;2;1;3;389;ST PIERRE DE VAISE;;;;690
201500047957;15;6;16;1930;1;2;2;1;3;34;272, CANUTS (DES);M;4578600;482641;690
201500047958;15;6;13;2215;5;2;7;3;6;381;LOUIS PRADEL;;;;690
201500047959;15;6;18;1313;1;2;1;1;3;34;10, JEAN PETIT;M;4580450;485925;690
201500047960;15;6;19;800;1;2;1;1;2;142;66, STEPHANE DECHANT;M;4572470;481321;690
201500047961;15;6;19;1640;1;2;1;1;6;384;9, BELFORT (DE);M;4577740;483651;690
201500047962;15;6;20;900;1;2;2;1;6;381;CROIX ROUSSE (DE LA);M;4577320;483535;690
201500047963;15;6;20;1915;1;2;1;1;1;381;MORAND;M;0;0;690
201500047964;15;6;21;1250;1;2;2;1;3;389;GORGE DE LOUP;M;4576960;479941;690
201500047965;15;6;22;850;1;2;1;1;6;389;BOURGOGNE (DE);M;0;0;690
201500047966;15;6;22;1010;1;2;1;1;6;385;55, PIERRE SCIZE;;;;690
201500047967;15;6;22;1456;1;2;2;1;3;149;52, FLEURY;M;4571480;480864;690
201500047968;15;6;24;1134;1;2;3;1;1;389;RHIN ET DANUBE;;;;690
201500047969;15;6;24;1245;1;2;1;1;4;286;AIN (DE L');M;4582240;488925;690
201500047970;15;6;23;1945;2;2;1;1;1;384;CLOS SAVARON;M;4578340;482016;690
201500047971;15;6;24;1700;1;2;2;1;6;34;2, DOCTEUR ZAMENHOF (DU);M;4579700;485044;690
201500047972;15;6;24;1800;1;2;3;1;6;34;12, FRANCOIS PEISSEL;M;4579290;483889;690
201500047973;15;6;25;1045;1;2;3;1;6;81;VALVERT;M;4545558;460490;690
201500047974;15;6;25;1815;1;2;1;1;3;382;KITCHENER MARCHAND;M;0;0;690
201500047975;15;6;25;2030;1;2;3;1;3;34;37, HENRI CHEVALIER;;;;690
201500047976;15;6;26;1515;1;2;1;1;6;385;108, CHOULANS (DE);M;4575840;481691;690
201500047977;15;6;25;1840;1;2;1;1;6;202;41, MONTRAY (DE);M;4573210;479525;690
201500047978;15;6;28;205;5;2;1;1;6;381;20, TERREAUX (DES);M;4577350;482722;690
201500047979;15;6;27;1915;1;2;1;1;7;389;46, LAURE DIEBOLD;M;0;0;690
201500047980;15;6;29;1845;1;2;1;1;6;385;5, MENIVAL (DE);M;0;0;690
201500047981;15;6;30;2115;5;2;1;1;7;34;Pont Raymond Poincarй;;;;690
201500047982;15;7;1;1700;1;2;1;1;4;286;CAPITAINE JULIEN (DU);;;;690
201500047983;15;7;2;856;1;1;1;1;7;286;SATHONAY A ROSAGE (DE);M;0;0;690
201500047984;15;7;2;1345;1;2;1;1;2;384;BIRMINGHAM (DE);;;;690
201500047985;15;7;2;1745;1;2;1;1;3;384;77, CUIRE (DE);M;0;0;690
201500047986;15;7;3;1920;1;2;3;1;3;384;117, CROIX-ROUSSE (DE LA;M;0;0;690
201500047987;15;7;5;540;2;2;1;1;6;382;TREMIE N°6;M;0;0;690
201500047988;15;7;5;1520;1;2;1;1;6;385;35, FULCHIRON;M;4575460;482477;690
201500047989;15;7;6;1915;1;2;4;7;3;81;PONTET ET CRASES (DE);M;4578260;477542;690
201500047990;15;7;6;1720;1;2;1;1;6;149;32, CHARTON;M;4571480;481142;690
201500047991;15;7;8;110;5;2;1;1;7;34;2, BELVEDERE (DU);M;4578350;484254;690
201500047992;15;7;8;1020;1;2;1;1;6;286;2534, ROUTE DE STRASBOUR;M;4581910;489379;690
201500047993;15;7;8;1930;1;2;1;1;3;152;499, EUROPE (DE L');M;4570080;482265;690
201500047994;15;7;10;100;5;2;2;1;6;34;272, CANUTS (DES);M;4578460;483223;690
201500047995;15;7;10;740;1;2;2;1;3;389;BEN GOURION   (AV);M;4578810;478969;690
201500047996;15;7;10;1610;1;2;2;1;3;149;12, BUISSET (DU);M;4500000;0;690
201500047997;15;7;11;2145;2;2;1;1;6;382;DOCTEUR GAILLETON (DU);;;;690
201500047998;15;7;12;810;1;2;1;1;2;149;84, EMILE ZOLA;M;4571990;479844;690
201500047999;15;7;13;1915;1;2;1;1;4;389;77, MARIETTON;M;0;0;690
201500048000;15;7;15;1800;1;2;1;1;2;149;21, EMILE ZOLA;;;;690
201500048001;15;7;17;35;5;2;5;1;3;34;ARISTIDE BRIAND;M;4578380;484530;690
201500048002;15;7;15;1435;1;2;3;1;3;389;HECTOR BERLIOZ;M;0;0;690
201500048003;15;7;18;105;5;2;1;1;6;34;1, MARECHAL FOCH (DU);M;4579490;485071;690
201500048004;15;7;18;2035;1;2;9;1;6;385;19, BOMBARDE (DE LA);M;0;0;690
201500048005;15;7;18;1815;1;2;1;2;3;385;20, ROGER RADISSON;M;4575970;482638;690
201500048006;15;7;19;2010;1;2;1;1;6;384;2, TERRASSE (DE LA);M;4575540;483671;690
201500048007;15;7;19;2129;2;2;3;1;4;389;ST CYR (DE);M;0;0;690
201500048008;15;7;20;915;1;2;1;1;6;389;16, 24 MARS 1852;M;0;0;690
201500048009;15;7;17;1710;1;2;1;1;6;382;33, SUCHET;;;;690
201500048010;15;7;19;1913;1;2;1;1;3;34;109, GEORGES CLEMENCEAU;M;4581070;484528;690
201500048011;15;7;21;810;1;2;1;1;3;152;12, EUROPE (DE L');M;4570590;482100;690
201500048012;15;7;21;2055;1;2;1;1;6;81;JEAN MARIE VIANNEY;M;4578970;477935;690
201500048013;15;7;22;15;5;2;3;1;3;382;1, MARECHAL JOFFRE (DU);M;4575390;482938;690
201500048014;15;7;22;645;1;2;1;1;2;382;70, SUCHET;;;;690
201500048015;15;7;22;1909;1;2;1;1;3;385;43, DOCTEUR ALBERIC PONT;M;0;0;690
201500048016;15;7;21;1938;1;2;1;1;4;382;30, DOCTEUR GAILLETON (D;M;0;0;690
201500048017;15;7;23;840;1;2;1;1;3;149;72, PIERRE SEMARD;M;4571810;481683;690
201500048018;15;7;24;1920;1;2;1;1;2;286;394, ROUTE DE STRASBOURG;;;;690
201500048019;15;7;27;330;5;2;1;1;6;142;JEAN JACQUES ROUSSEAU;M;4574330;481272;690
201500048020;15;7;27;420;5;2;1;1;6;34;72, MARGNOLLES (DE);M;4578880;484490;690
201500048021;15;7;27;737;1;2;4;7;3;286;ROUTE DE GENEVE;;;;690
201500048022;15;7;27;1155;1;2;1;1;7;385;CHOULANS (DE);M;4575850;481839;690
201500048023;15;7;27;1720;1;2;1;1;6;149;01, EMILE ZOLA;M;4572560;480956;690
201500048024;15;7;28;1215;1;1;1;1;3;286;PIERRE DREVET;M;4581360;486908;690
201500048025;15;7;30;450;5;2;1;1;7;385;101 B, CHOULANS (DE);M;0;0;690
201500048026;15;7;30;1323;1;2;1;1;1;149;107, FRANCISQUE JOMARD;M;4571910;478642;690
201500048027;15;7;30;1957;1;2;1;1;3;384;48 bis, HENON;;;;690
201500048028;15;7;31;800;1;2;6;1;3;81;PONTET ET CRASES (DE);M;4578640;477253;690
201500048029;15;7;28;1205;1;2;2;1;3;385;CHOULANS (DE);M;0;0;690
201500048030;15;7;31;1850;1;2;1;1;7;389;DUCHERE (DE LA);M;0;0;690
201500048031;15;7;30;1940;1;2;3;1;2;286;2, EUROPE (DE L');M;4581210;488972;690
201500048032;15;8;4;750;1;2;1;1;3;389;60, DOCKS (DES);;;;690
201500048033;15;8;3;1910;1;2;1;1;6;286;13, FLEURY SALIGNAT;M;4582220;489592;690
201500048034;15;8;6;224;5;2;1;1;6;385;CHOULANS (DE);M;4577920;479573;690
201500048035;15;8;7;920;1;2;2;1;3;149;EMILE ZOLA;M;4571950;480419;690
201500048036;15;8;8;1515;1;2;2;3;6;382;GRENETTE;M;0;0;690
201500048037;15;8;10;1250;1;2;2;1;3;385;2, SOEUR BOUVIER;M;0;0;690
201500048038;15;8;10;2030;1;2;2;1;6;384;CANUTS (DES);;;;690
201500048039;15;8;10;2014;1;2;1;1;6;389;273, VICTOR SCHOELCHER;;;;690
201500048040;15;8;11;1620;1;2;1;1;6;382;29, ST ANTOINE;;;;690
201500048041;15;8;8;2245;5;2;1;8;6;389;107, ST CYR (DE);M;4579550;481644;690
201500048042;15;8;7;930;1;2;1;1;3;382;PLAT (DU);;;;690
201500048043;15;8;13;440;5;2;1;1;2;389;GEORGES CLEMENCEAU;M;0;0;690
201500048044;15;8;14;805;1;2;1;1;6;389;54, ALBERT FALSAN;M;0;0;690
201500048045;15;8;15;1240;1;2;3;1;6;389;52, PAUL SEDAILLIAN;M;4578739;481438;690
201500048046;15;8;16;1830;1;2;4;1;3;382;JULES COURMONT;M;4575740;486962;690
201500048047;15;8;17;250;5;2;1;1;6;382;6, DOCTEUR GAILLETON (DU;;;;690
201500048048;15;8;17;1330;1;2;3;1;3;382;PAUL MONTROCHET;M;4574020;481711;690
201500048049;15;8;17;1725;1;2;3;8;3;149;216, GRANDE RUE;;;;690
201500048050;15;8;17;2319;5;2;2;8;3;286;91, EUROPE (DE L');M;0;0;690
201500048051;15;8;20;1745;1;2;1;1;6;81;CALABERT;M;4578000;477564;690
201500048052;15;8;23;415;5;2;1;1;6;382;HRANT DINK;;;;690
201500048053;15;8;25;730;1;2;1;1;7;385;61, PIERRE SCIZE;M;4576706;482144;690
201500048054;15;8;25;1420;1;2;1;1;3;149;22, GRANDE RUE;M;4571970;481049;690
201500048055;15;8;24;1210;1;2;1;9;2;384;BONAFOUS;;;;690
201500048056;15;8;26;1605;1;2;1;1;6;34;GEORGES CLEMENCEAU;M;4579145;482303;690
201500048057;15;8;27;1615;1;2;1;1;6;385;4, ETROITS (DES);M;0;0;690
201500048058;15;8;28;305;5;2;2;1;3;385;14, BARTHELEMY BUYER;M;4576520;479155;690
201500048059;15;8;22;1700;1;1;1;1;6;382;14, VERDUN PERRACHE;M;4574937;482757;690
201500048060;15;8;29;1710;1;2;1;1;3;389;125, SIDOINE APPOLINAIRE;M;4578130;480092;690
201500048061;15;8;30;2115;5;2;1;1;3;384;13, JOSEPH GILLET;;;;690
201500048062;15;8;30;1130;1;2;6;1;3;202;PRES (DES);;;;690
201500048063;15;9;1;1330;1;2;3;2;6;381;00, PRESIDENT EDOUARD HE;M;0;0;690
201500048064;15;9;3;1450;1;2;3;1;3;34;38, GEORGES CLEMENCEAU;;;;690
201500048065;15;9;4;250;5;2;3;1;5;382;PERRACHE;;;;690
201500048066;15;9;5;1215;1;2;3;1;3;385;64, POINT DU JOUR (DU);M;4575639;479769;690
201500048067;15;9;6;1050;1;2;2;1;6;389;ST CYR (DE);M;0;0;690
201500048068;15;9;7;1700;1;2;1;1;6;286;34, ROUTE DE GENEVE;M;4580570;488564;690
201500048069;15;9;7;1800;1;2;1;1;6;286;EUROPE (DE L');;;;690
201500048070;15;9;8;1505;1;2;2;1;6;384;HENON;M;0;0;690
201500048071;15;9;10;1311;1;2;9;1;3;286;CHENE (DU);M;4581800;487842;690
201500048072;15;9;10;2210;5;2;1;1;1;142;80, STEPHANE DECHANT;;;;690
201500048073;15;9;8;1040;1;2;1;1;6;384;3, AIME BOUSSANGE;M;4577538;483425;690
201500048074;15;9;8;805;1;2;1;1;6;149;21, AUGUSTE BLANQUI;M;4571170;481117;690
201500048075;15;9;11;2100;5;2;2;1;3;382;CHARITE (DE LA);;;;690
201500048076;15;9;13;230;5;2;1;3;1;202;21, PLAN LOUP (DU);M;4573500;479450;690
201500048077;15;9;14;2255;5;2;6;1;3;286;ROUTE DE STRASBOURG;M;4581330;488779;690
201500048078;15;9;15;1625;1;2;1;1;6;385;31, CHEMIN NEUF (DU);M;0;0;690
201500048079;15;9;18;1050;1;1;1;1;2;389;25EME REGIMENT DE TIRAIL;;;;690
201500048080;15;9;18;1800;2;2;3;1;1;286;12, ROUTE DE STRASBOURG;;;;690
201500048081;15;9;17;1430;1;2;1;2;2;149;14, BOTTIERES (DES);M;4572310;479297;690
201500048082;15;9;19;2140;5;2;3;1;3;34;SOLDATS (DES);;;;690
201500048083;15;9;21;1027;1;2;3;1;6;389;MASARYK;;;;690
201500048084;15;9;20;1845;1;2;1;1;1;149;85, CHARTON;;;;690
201500048085;15;9;22;1715;1;2;1;1;6;149;RHONE (DU);M;4571631;481538;690
201500048086;15;9;23;1238;1;2;1;1;6;384;82, HENON;M;0;0;690
201500048087;15;9;23;1000;1;2;1;1;6;385;8, FAVORITE (DE LA );M;4575803;481229;690
201500048088;15;9;24;1420;1;2;1;1;6;382;SUCHET;;;;690
201500048089;15;9;24;1300;1;2;1;1;3;34;35, ARISTIDE BRIAND;M;4578410;484542;690
201500048090;15;9;24;2000;5;2;1;1;3;149;92, GRANDE RUE;M;4571560;480878;690
201500048091;15;9;26;100;5;2;3;1;3;385;44, BARTHELEMY BUYER;M;4576370;478842;690
201500048092;15;9;26;2121;5;2;7;1;6;382;30, STELLA;;;;690
201500048093;15;9;26;2320;5;2;1;1;6;384;31, PERNON;;;;690
201500048094;15;9;15;1745;1;2;5;1;6;149;PIERRE SEMARD;M;4571730;480978;690
201500048095;15;9;28;820;1;2;3;7;6;286;196, HIPPODROME (DE L');;;;690
201500048096;15;9;28;1645;1;2;1;1;6;385;13, FRANCOIS GENIN;M;4575486;479635;690
201500048097;15;9;28;1745;1;1;1;1;3;389;ST CYR (DE);M;4579680;481748;690
201500048098;15;9;29;1300;1;2;1;1;6;286;EUROPE (DE L');M;4581740;490108;690
201500048099;15;9;30;130;5;1;1;1;7;381;4, GENERAL GIRAUD (DU);;;;690
201500048100;15;9;29;1200;1;2;1;1;6;389;44, SERGENT MICHEL BERTH;M;0;0;690
201500048101;15;9;29;1100;1;2;9;1;5;286;645, MERCIERES (DES);M;4581570;487819;690
201500048102;15;9;30;805;1;2;3;1;3;385;128, COMMANDANT CHARCOT;;;;690
201500048103;15;9;30;1025;1;2;3;1;3;286;916, VICTOR HUGO;M;4582040;488228;690
201500048104;15;9;29;1620;1;1;1;1;6;34;MARC SANGNIER;M;4579860;484914;690
201500048105;15;9;30;2345;5;2;1;1;5;142;PIERRE VICTOR GALTIER;;;;690
201500048106;15;10;1;655;2;2;3;1;3;389;89, MARIETTON;M;4577960;479894;690
201500048107;15;10;1;740;2;2;3;1;3;81;EDOUARD AYNARD;M;4577610;477820;690
201500048108;15;9;29;2020;5;2;1;1;6;382;GALLIENI;;;;690
201500048109;15;10;1;1210;1;2;1;1;6;385;2, CHEMIN NEUF (DU);M;4577570;480412;690
201500048110;15;9;28;1135;1;2;1;1;6;385;GENERAL EISENHOWER (DU);M;4575740;478560;690
201500048111;15;10;1;1820;1;2;1;1;6;389;16, MARIETTON;M;0;0;690
201500048112;15;10;2;1630;1;2;1;1;3;34;06, ARISTIDE BRIAND;M;4578010;484167;690
201500048113;15;10;1;1940;1;2;2;1;3;382;CHARLEMAGNE;M;0;0;690
201500048114;15;10;3;2115;5;2;1;2;6;382;ST ANTOINE;;;;690
201500048115;15;10;4;2345;5;2;1;2;7;384;56, JOSEPH GILLET;;;;690
201500048116;15;10;5;805;1;2;1;1;3;389;41, PAUL SEDAILLIAN;M;0;0;690
201500048117;15;9;30;1335;1;2;1;1;2;384;12, HERBOUVILLE (D');M;0;0;690
201500048118;15;10;3;855;1;2;1;1;6;382;106, CHARLEMAGNE;;;;690
201500048119;15;9;25;1050;1;2;1;1;6;382;40, VICTOR HUGO;;;;690
201500048120;15;10;2;1740;1;2;1;1;3;34;9, GENERAL DE GAULLE;M;4580560;485393;690
201500048121;15;10;9;1240;1;2;1;1;3;389;53, ST CYR (DE);M;0;0;690
201500048122;15;10;10;1245;1;2;3;1;3;149;LOUIS AULAGNE;M;4571300;481520;690
201500048123;15;10;11;500;2;2;2;1;6;389;BALMONT (DE);M;4578860;480227;690
201500048124;15;10;12;1200;1;2;3;1;3;202;1, HAUTS DU BOIS (DES);M;4574010;478944;690
201500048125;15;10;13;1210;1;2;1;1;1;385;14, NOYERS (DES);M;4575242;478647;690
201500048126;15;10;10;910;1;2;3;1;3;384;15, DUMONT D'URVILLE;M;4578100;482753;690
201500048127;15;10;14;1256;1;2;2;8;6;382;CHARLEMAGNE;;;;690
201500048128;15;10;15;2350;5;2;1;1;6;381;29, ROMARIN;;;;690
201500048129;15;10;17;2230;5;2;3;1;6;382;ANTONIN PONCET;;;;690
201500048130;15;10;18;250;5;2;1;1;6;381;6, ROGER VIOLI;;;;690
201500048131;15;10;18;1645;1;1;1;1;3;202;27, GENERAL DE GAULLE (D;M;4574140;479356;690
201500048132;15;10;20;1910;2;2;3;1;6;381;LOUIS CHAZETTE;M;0;0;690
201500048133;15;10;23;625;5;2;6;1;6;34;SOLDATS (DES);M;4579440;485916;690
201500048134;15;10;23;750;1;2;1;1;3;286;157, ROUTE DE STRASBOURG;M;0;0;690
201500048135;15;10;24;1825;2;2;1;1;3;389;470, SAUVEGARDE (DE LA);M;0;0;690
201500048136;15;10;25;325;5;2;3;1;3;142;PIERRE SEMARD;M;4572540;481681;690
201500048137;15;10;27;1900;5;2;3;3;1;81;GUY DE COLLONGUE    AV;M;4578120;476672;690
201500048138;15;10;27;2008;5;2;1;2;6;34;SOLDATS (DES);;;;690
201500048139;15;10;27;1120;1;2;1;1;6;149;16, EMILE ZOLA;M;4571960;480439;690
201500048140;15;10;28;850;1;2;1;3;4;389;25EME REGIMENT DE TIRAIL;;;;690
201500048141;15;10;29;930;1;2;3;1;6;382;BELLECOUR;;;;690
201500048142;15;10;29;1320;1;2;1;1;3;389;45, MARIETTON;M;4578030;479951;690
201500048143;15;10;29;1330;1;2;1;1;3;81;CHAMPAGNE (DE);M;4578360;478098;690
201500048144;15;10;29;1150;1;2;1;1;6;382;24, ST ANTOINE;M;4576274;483213;690
201500048145;15;10;29;1135;1;2;1;1;3;382;GALLIENI;M;0;0;690
201500048146;15;10;30;725;1;2;1;1;2;389;4, MOUILLARD;M;4578515;480738;690
201500048147;15;10;30;1545;1;2;1;1;1;384;CROIX ROUSSE (TUNNEL DE;M;0;0;690
201500048148;15;10;30;1655;2;2;2;1;1;389;BOURGOGNE (DE);M;0;0;690
201500048149;15;10;30;2300;5;2;1;1;6;381;ST POLYCARPE;;;;690
201500048150;15;11;3;910;1;2;2;1;6;384;94, HENON;M;0;0;690
201500048151;15;11;1;1740;5;2;1;8;3;34;64, MARGNOLLES;M;4578810;485240;690
201500048152;15;11;3;850;1;2;1;1;3;142;35, JEAN JACQUES ROUSSEA;;;;690
201500048153;15;11;3;1535;1;2;1;1;4;34;PERIPHERIQUE NORD;M;4578910;485021;690
201500048154;15;11;4;815;2;2;3;1;6;202;145, COMMANDANT CHARCOT;M;4574760;479176;690
201500048155;15;11;4;1205;1;2;1;2;1;34;89, PIED CHARDON (DE);M;4580916;486408;690
201500048156;15;11;5;845;1;2;1;1;3;286;2133, ROUTE DE STRASBOUR;M;4582700;490535;690
201500048157;15;11;5;1010;1;2;1;1;6;202;10, LIMBURG (DE);M;4573400;477966;690
201500048158;15;11;5;1851;5;2;2;1;6;389;PAUL SEDAILLIAN;M;0;0;690
201500048159;15;11;6;1500;1;2;1;1;6;389;15, GARE D'EAU (DE LA);;;;690
201500048160;15;11;5;2125;5;2;2;1;3;385;FOSSES DE TRION (DES);M;4545253;0;690
201500048161;15;11;7;30;5;2;1;1;6;384;56, CROIX-ROUSSE (DE LA);;;;690
201500048162;15;11;6;2000;5;2;3;1;1;389;109, MARIETTON;;;;690
201500048163;15;11;8;1350;1;2;1;1;6;34;MONTESSUY (DE);M;4579122;484080;690
201500048164;15;11;8;1430;1;2;1;1;3;34;2bis, GENERAL LECLERC;M;4579970;485323;690
201500048165;15;11;8;1730;5;1;1;1;3;389;GEORGES CLEMENCEAU;M;4577940;479944;690
201500048166;15;11;8;721;1;2;1;1;6;286;4615, ROUTE DE STRASBOUR;;;;690
201500048167;15;11;9;650;2;2;1;1;6;286;1, MONT BLANC (DU);M;4581308;489314;690
201500048168;15;11;9;1145;1;2;1;1;6;34;DOCTEUR ZAMENHOF (DU);M;4579430;485633;690
201500048169;15;11;10;1305;1;1;1;1;3;381;ALGERIE (D');;;;690
201500048170;15;11;10;1330;1;2;1;1;6;34;6, FORTS (DES);M;4579397;482900;690
201500048171;15;11;10;1810;5;2;1;1;6;149;RHONE (DU);M;4571705;481349;690
201500048172;15;11;10;1820;5;2;1;1;6;389;36, MARIETTON;M;0;0;690
201500048173;15;11;12;1400;1;2;1;1;2;382;2, MARECHAL JOFFRE (DU);M;0;0;690
201500048174;15;11;13;1140;1;2;1;1;6;202;75, AQUEDUC DE BEAUNANT;M;4572800;479647;690
201500048175;15;11;12;1515;1;2;4;1;7;34;BELLEVUE;M;4578583;484916;690
201500048176;15;11;15;1010;1;2;7;7;6;34;14, PAUL PAINLEVE;M;4579102;484324;690
201500048177;15;10;3;2155;5;2;1;1;7;385;199, JOLIOT CURIE;M;4575210;477674;690
201500048178;15;11;10;1200;1;2;3;1;6;381;PAUL CHENAVARD;;;;690
201500048179;15;11;17;1310;1;2;2;1;3;81;PROFESSEUR PAUL SANTY (D;M;4576627;476927;690
201500048180;15;11;16;1240;1;2;1;1;6;384;DENFERT ROCHEREAU;;;;690
201500048181;15;11;18;610;5;2;2;1;3;389;JAYR;M;0;0;690
201500048182;15;11;16;1700;1;2;1;1;3;34;GENERAL LECLERC;M;4580380;486191;690
201500048183;15;11;19;45;5;2;1;8;6;382;60, CHARLEMAGNE;M;0;0;690
201500048184;15;11;19;1200;1;2;1;1;6;385;21, POINT DU JOUR (DU);M;4575740;480095;690
201500048185;15;11;19;1550;1;2;1;1;5;202;28, MONTRAY (DE);;;;690
201500048186;15;11;19;2030;5;2;1;1;3;381;7, JARDIN DES PLANTES (D;;;;690
201500048187;15;11;22;1010;1;2;1;1;7;385;2, CHEMIN NEUF (DU);M;0;0;690
201500048188;15;11;22;1830;5;2;2;2;3;389;5, GORGE DE LOUP;M;0;0;690
201500048189;15;11;22;1625;1;2;3;2;1;202;192, MARECHAL FOCH (DU);M;4573936;480630;690
201500048190;15;11;22;2040;5;2;1;2;7;385;PAUL DUQUAIRE;M;4576177;482865;690
201500048191;15;11;22;1050;1;1;1;2;6;34;PERIPHERIQUE NORD;M;4578333;484999;690
201500048192;15;11;23;645;5;2;3;1;6;389;33, PROFESSEUR PATEL (DU;M;4576500;479350;690
201500048193;15;11;23;1110;1;1;1;1;1;389;192, ST CYR (DE);M;4579830;481900;690
201500048194;15;11;23;1645;2;2;1;1;6;385;22, POINT DU JOUR (DU);M;4575740;480095;690
201500048195;15;11;23;2325;5;2;2;1;3;389;VICTOR SCHOELCHER;;;;690
201500048196;15;11;24;1530;1;2;1;1;2;389;53, SERGENT MICHEL BERTH;;;;690
201500048197;15;11;25;615;5;1;1;2;6;34;PERIPHERIQUE NORD;M;4578863;486533;690
201500048198;15;11;23;1940;5;2;1;1;3;34;250, JEAN MONNET;M;4579022;484002;690
201500048199;15;11;26;840;1;2;3;1;1;286;ROUTE DE GENEVE;M;4580000;488000;690
201500048200;15;11;26;720;1;2;3;1;3;81;FRANKLIN ROOSEVELT;;;;690
201500048201;15;11;26;845;1;2;1;1;3;382;00, PAUL MONTROCHET;M;0;0;690
201500048202;15;11;25;1320;1;2;1;2;7;34;45, FORTS (DES);M;4579288;483433;690
201500048203;15;11;27;1221;1;1;1;1;4;142;MULATIERE (DE LA);M;4573061;481561;690
201500048204;15;11;27;1610;1;2;2;1;3;382;JULES COURMONT;M;0;0;690
201500048205;15;11;27;1600;1;2;1;1;3;382;JULES COURMONT;;;;690
201500048206;15;11;27;1840;5;2;5;1;1;81;2, RAYMOND DE VEYSSIERES;M;4577347;478286;690
201500048207;15;11;29;1853;5;2;3;1;6;34;GEORGES CLEMENCEAU;M;4581383;484927;690
201500048208;15;11;30;830;1;2;1;1;6;149;35, PIERRE SEMARD;M;4571752;481274;690
201500048209;15;11;30;1550;1;2;3;1;3;389;GARE D'EAU (DE LA);;;;690
201500048210;15;12;1;1604;1;2;1;1;6;149;11, VOLTAIRE;M;4571391;480491;690
201500048211;15;12;2;850;1;1;3;1;3;81;VALVERT;M;4577070;478571;690
201500048212;15;12;3;820;1;2;1;1;6;382;VERDUN RECAMIER;M;0;0;690
201500048213;15;12;4;1215;1;2;1;1;6;389;ANDREI SAKHAROV;M;4578751;479975;690
201500048214;15;12;4;1710;2;2;1;1;6;385;14 Ter, MONTAUBAN (DE);M;0;0;690