num_acc;an;mois;jour;hrmn;lum;agg;int;atm;col;com;adr;gps;lat;long;dep
201500048215;15;12;4;1945;5;2;1;1;2;385;25, FARGES (DES);M;0;0;690
201500048216;15;12;4;1945;5;2;1;1;3;149;144, EMILE ZOLA;M;4572138;479461;690
201500048217;15;12;1;1630;1;2;1;1;6;382;CORDELIERS (DES);;;;690
201500048218;15;12;8;1243;1;1;1;1;6;389;109, MARIETTON;M;4578930;481217;690
201500048219;15;12;8;1635;2;2;3;1;6;389;ECULLY (D');M;0;0;690
201500048220;15;12;9;5;5;2;1;2;6;385;25, POINT DU JOUR (DU);M;4575616;480536;690
201500048221;15;12;10;2350;5;2;1;1;6;389;49, MARIETTON;M;0;0;690
201500048222;15;12;11;900;1;2;3;1;3;389;TISSOT;M;4577400;479675;690
201500048223;15;12;11;1545;1;2;1;1;2;389;6, RAOUL CARRIE;M;4580080;483800;690
201500048224;15;12;11;1830;5;2;1;1;3;149;7, CAMILLE (DE LA);M;4571244;480219;690
201500048225;15;12;12;1250;1;2;1;1;3;385;38-44, CASTORS (DES);M;0;0;690
201500048226;15;12;13;1415;1;2;3;1;1;381;2, JEAN MOULIN;;;;690
201500048227;15;12;14;1625;1;2;1;1;6;286;3, ROUTE DE GENEVE;M;4580740;489438;690
201500048228;15;12;14;1100;1;2;1;1;6;149;45, JEAN JAURES;;;;690
201500048229;15;12;15;1125;1;2;1;1;2;81;30 BIS, JEAN MARIE VIANN;M;4579265;477373;690
201500048230;15;12;15;1245;1;2;1;1;2;152;84, EUROPE (DE L');M;4570108;482232;690
201500048231;15;12;15;1635;1;2;1;1;6;149;9, CAMILLE (DE LA);M;4571251;480219;690
201500048232;15;12;16;1340;1;2;1;1;5;389;21, PAUL SEDAILLIAN;M;0;0;690
201500048233;15;12;6;1115;1;2;1;1;6;382;DOCTEUR GAILLETON (DU);;;;690
201500048234;15;12;17;1330;1;2;1;1;2;389;65, ST CYR (DE);M;0;0;690
201500048235;15;12;15;1150;1;1;1;1;2;382;58, JULES COURMONT;M;0;0;690
201500048236;15;12;18;1835;5;2;1;1;6;149;5, COMMUNE DE PARIS (DE;M;4571836;480621;690
201500048237;15;12;18;1835;5;2;1;1;6;286;60, EUROPE (DE L');;;;690
201500048238;15;12;19;1555;1;2;3;1;6;382;69, PRESIDENT EDOUARD HE;M;0;0;690
201500048239;15;12;19;1730;2;2;1;1;6;34;GENERAL LECLERC;M;4580322;485991;690
201500048240;15;12;20;1255;1;2;2;1;3;389;53, ST CYR (DE);M;0;0;690
201500048241;15;12;20;940;1;2;1;1;1;152;76, REPUBLIQUE (DE LA);M;4570318;482892;690
201500048242;15;12;21;1752;5;2;1;1;6;286;3, EUROPE (DE L');M;4581308;489316;690
201500048243;15;12;22;1215;1;2;3;1;1;389;28, ROGER SALENGRO;M;0;0;690
201500048244;15;12;23;1635;1;2;1;1;1;81;18, VERDUN (DE);M;4577280;478475;690
201500048245;15;12;17;1950;5;2;1;1;6;381;JEAN MOULIN;;;;690
201500048246;15;12;26;50;5;2;1;1;6;385;88, PIERRE SCIZE;M;4576530;483035;690
201500048247;15;12;27;1750;5;2;1;1;6;286;MONT BLANC (DU);M;4580000;488333;690
201500048248;15;12;28;1345;1;2;1;1;6;202;08, CUZIEU (DE);M;4573300;478089;690
201500048249;15;12;29;1510;1;2;1;1;2;385;FAVORITE (DE LA );M;0;0;690
201500048250;15;12;31;1010;1;2;1;2;6;34;10, JEAN PETIT;M;4580372;485916;690
201500048251;15;1;2;1430;1;1;1;1;7;378;AUTOROUTE A22;;;;590
201500048252;15;11;2;920;1;1;1;5;5;449;AUTOROUTE A23;M;5046770;323561;590
201500048253;15;1;3;1045;1;1;1;1;1;435;AUTOROUTE A23;;;;590
201500048254;15;11;2;1130;1;1;1;1;2;637;AUTOROUTE A1;M;5047000;297747;620
201500048255;15;1;4;1000;1;1;1;1;7;350;AUTOROUTE A1;;;;590
201500048256;15;11;4;2000;3;1;1;1;2;262;AUTOROUTE A25;M;5078677;262208;590
201500048257;15;1;12;700;3;1;1;1;6;634;AUTOROUTE A16;M;5093196;201499;620
201500048258;15;11;6;2155;3;1;1;1;6;748;AUTOROUTE A16;M;5095150;211978;620
201500048259;15;1;23;145;3;1;1;1;2;548;AUTOROUTE A16;;;;620
201500048260;15;11;12;1800;3;1;1;1;6;646;ROUTE DEPARTEMENTALE 652;M;5067910;312392;590
201500048261;15;1;24;445;5;1;1;3;7;328;ROUTE DEPARTEMENTALE 652;;;;590
201500048262;15;11;13;1835;3;1;1;1;5;234;AUTOROUTE A21;M;5040240;306253;590
201500048263;15;1;24;1950;3;1;1;1;3;9;ROUTE NATIONALE 227;;;;590
201500048264;15;11;15;340;3;1;1;6;6;193;AUTOROUTE A16;M;5056115;151272;620
201500048265;15;1;25;530;3;1;1;1;4;580;AUTOROUTE A25;M;5082822;258235;590
201500048266;15;11;17;715;3;1;1;2;7;9;ROUTE NATIONALE 227;M;5064740;314656;590
201500048267;15;1;25;720;5;1;1;1;7;386;ROUTE DEPARTEMENTALE 652;;;;590
201500048268;15;11;21;1620;1;1;1;2;7;9;ROUTE NATIONALE 227;M;5064740;314656;590
201500048269;15;1;26;1400;1;1;1;2;4;350;AUTOROUTE A25;;;;590
201500048270;15;11;22;1145;1;1;1;8;7;343;AUTOROUTE A27;M;5060130;312700;590
201500048271;15;1;29;1630;1;1;1;1;7;193;AUTOROUTE A16;;;;620
201500048272;15;11;23;100;5;1;1;8;7;646;ROUTE DEPARTEMENTALE 652;M;5068090;311959;590
201500048273;15;2;1;1430;1;1;1;3;5;274;AUTOROUTE A1;;;;620
201500048274;15;11;23;330;3;1;1;1;7;378;AUTOROUTE A22;M;5040284;306508;590
201500048275;15;2;1;1530;1;1;1;6;5;662;AUTOROUTE A25;;;;590
201500048276;15;11;23;1400;1;1;1;1;6;343;AUTOROUTE A1;M;5058980;309739;590
201500048277;15;2;3;2010;3;1;1;1;7;234;AUTOROUTE A21;;;;590
201500048278;15;11;6;630;3;1;1;8;5;581;AUTOROUTE A25;M;5070680;278403;590
201500048279;15;2;4;1005;1;1;1;4;6;634;AUTOROUTE A16;;;;620
201500048280;15;11;26;1220;1;1;1;2;6;771;AUTOROUTE A21;M;5043020;285156;620
201500048281;15;2;4;920;1;1;1;1;6;378;AUTOROUTE A22;;;;590
201500048282;15;11;27;1830;2;1;1;6;4;9;ROUTE NATIONALE 227;M;5060600;313000;590
201500048283;15;2;4;1450;1;1;1;1;4;350;ROUTE NATIONALE 356;;;;590
201500048284;15;11;28;610;3;1;1;1;6;586;AUTOROUTE A23;M;5053960;319711;590
201500048285;15;2;6;2030;5;1;1;1;4;609;AUTOROUTE A1;;;;590
201500048286;15;11;23;720;5;1;1;2;2;624;AUTOROUTE A1;M;5041920;298547;620
201500048287;15;2;8;720;2;1;1;1;7;351;Autoroute A21;;;;620
201500048288;15;11;23;1020;1;1;1;2;5;449;AUTOROUTE A23;M;5047210;322561;590
201500048289;15;2;7;1115;1;1;1;1;2;196;AUTOROUTE A25;M;5064067;293618;590
201500048290;15;12;25;1310;1;1;1;1;3;378;ROUTE DEPARTEMENTALE 652;M;5068430;310958;590
201500048291;15;2;9;1130;1;1;9;1;6;646;ROUTE NATIONALE 356;;;;590
201500048292;15;12;12;300;3;1;1;2;2;378;AUTOROUTE A22;;;;590
201500048293;15;12;26;1325;1;1;1;1;6;262;AUTOROUTE A25;M;5041042;306233;590
201500048294;15;2;10;245;3;1;1;1;6;359;AUTOROUTE A16;;;;590
201500048295;15;2;16;810;2;1;1;5;3;523;AUTOROUTE A27;;;;590
201500048296;15;12;12;2300;5;1;1;2;7;646;ROUTE DEPARTEMENTALE 652;;;;590
201500048297;15;2;21;1215;1;1;1;4;4;189;AUTOROUTE A25;;;;590
201500048298;15;12;21;640;3;1;1;2;7;475;AUTOROUTE A2;M;5018197;322178;590
201500048299;15;2;15;130;3;1;1;1;6;350;ROUTE NATIONALE 356;;;;590
201500048300;15;12;23;2235;3;1;1;1;7;456;AUTOROUTE A 21;M;5038270;321033;590
201500048301;15;2;22;1230;1;1;1;1;6;350;Rocade nord Lille;;;;590
201500048302;15;12;24;1630;1;1;1;1;7;427;AUTOROUTE A1;M;0;0;620
201500048303;15;12;27;2220;3;1;1;1;6;239;AUTOROUTE A16;M;0;0;620
201500048304;15;3;1;5;3;1;1;2;7;178;AUTOROUTE A21;;;;590
201500048305;15;3;14;1515;1;1;1;1;7;274;AUTOROUTE A1;;;;620
201500048306;15;3;2;445;3;1;1;4;6;378;AUTOROUTE A22;M;5069418;311275;590
201500048307;15;3;12;1115;1;1;1;7;6;350;AUTOROUTE A25;;;;590
201500048308;15;3;15;2215;3;1;1;1;5;560;AUTOROUTE A1;;;;590
201500048309;15;12;1;2225;3;1;1;2;4;588;AUTOROUTE A16;;;;590
201500048310;15;12;2;2000;4;1;1;1;2;43;AUTOROUTE A25;M;5072180;274378;590
201500048311;15;3;21;2045;3;1;1;1;6;907;AUTOROUTE A1;;;;620
201500048312;15;12;2;2045;5;1;1;1;7;193;AUTOROUTE A16;M;0;0;620
201500048313;15;3;22;1230;1;1;1;1;3;183;AUTOROUTE A16;;;;590
201500048314;15;3;25;810;1;1;1;3;4;431;AUTOROUTE A25;;;;590
201500048315;15;12;3;1750;3;1;1;1;7;193;AUTOROUTE A16;;;;620
201500048316;15;3;24;1218;1;1;1;1;4;343;AUTOROUTE A1;;;;590
201500048317;15;12;4;2020;3;1;1;1;2;350;ROUTE NATIONALE 356;;;;590
201500048318;15;12;8;815;1;1;1;1;4;624;AUTOROUTE A21;M;0;0;620
201500048319;15;3;26;940;1;1;1;1;3;195;ROUTE DEPARTEMENTALE 652;;;;590
201500048320;15;3;26;1635;1;1;1;1;6;646;AUTOROUTE A22;;;;590
201500048321;15;4;8;1440;1;1;1;1;3;624;AUTOROUTE A21;;;;620
201500048322;15;12;24;1815;3;1;1;3;6;532;AUTOROUTE A16;;;;590
201500048323;15;4;7;1525;1;1;1;1;3;554;AUTOROUTE A23;;;;590
201500048324;15;4;12;1945;1;1;1;1;7;606;AUTOROUTE A23;;;;590
201500048325;15;4;15;720;1;1;1;1;2;560;AUTOROUTE A1;;;;590
201500048326;15;4;17;1700;1;1;1;1;6;350;AUTOROUTE A25;;;;590
201500048327;15;4;10;635;2;1;1;1;1;155;AUTOROUTE A16;;;;590
201500048328;15;4;18;1815;1;1;1;1;2;378;ROUTE DEPARTEMENTALE 652;;;;590
201500048329;15;4;21;800;1;1;1;1;6;90;AUTOROUTE A22;;;;590
201500048330;15;4;22;430;3;1;1;1;7;260;AUTOROUTE A16;;;;590
201500048331;15;4;24;1705;1;1;1;1;2;606;AUTOROUTE A2;;;;590
201500048332;15;4;28;900;1;1;1;1;6;386;ROUTE DEPARTEMENTALE 652;;;;590
201500048333;15;5;1;420;3;1;1;1;7;410;ROUTE NATIONALE 356;M;5064222;309272;590
201500048334;15;5;3;2210;3;1;1;1;6;624;AUTOROUTE A1;M;0;0;620
201500048335;15;5;4;1130;1;1;1;1;6;9;ROUTE NATIONALE 227;M;5036142;307453;590
201500048336;15;5;5;400;3;1;1;2;7;427;AUTOROUTE A1;M;0;0;620
201500048337;15;5;10;945;1;1;1;1;2;131;ROUTE NATIONALE 225;M;5098636;236894;590
201500048338;15;5;11;1440;1;1;1;1;2;429;AUTOROUTE A2;M;5028608;335258;590
201500048339;15;5;13;435;3;1;1;1;7;548;AUTOROUTE A16;M;0;0;620
201500048340;15;5;16;1315;1;1;1;1;7;646;ROUTE DEPARTEMENTALE 652;M;5067988;312483;590
201500048341;15;5;18;940;1;1;1;1;4;143;AUTOROUTE A25;M;5065908;289841;590
201500048342;15;5;18;1230;1;1;1;1;2;566;AUTOROUTE A25;M;5062295;296793;590
201500048343;15;5;22;930;1;1;1;1;2;401;AUTOROUTE A25;M;5074100;268194;590
201500048344;15;5;22;1950;1;1;1;1;2;646;ROUTE DEPARTEMENTALE 656;M;5067775;312269;590
201500048345;15;5;24;1945;1;1;1;1;6;350;AUTOROUTE A25;M;5062208;302608;590
201500048346;15;5;27;2000;1;1;1;1;7;560;AUTOROUTE A1;M;5052427;304138;590
201500048347;15;5;30;1810;1;1;1;1;7;143;AUTOROUTE A25;M;5067497;286344;590
201500048348;15;5;31;1745;1;1;1;1;7;350;AUTOROUTE A25;M;5061838;302997;590
201500048349;15;6;1;320;3;1;1;1;7;193;AUTOROUTE A16;;;;620
201500048350;15;6;1;1300;1;1;1;1;2;234;AUTOROUTE A21;M;5040694;304002;590
201500048351;15;6;2;1400;1;1;1;1;1;262;AUTOROUTE A25;M;5078730;262173;590
201500048352;15;6;2;2255;3;1;1;2;2;202;AUTOROUTE A25;M;5067894;285419;590
201500048353;15;6;4;720;1;1;1;1;6;155;AUTOROUTE A16;M;5100458;221052;590
201500048354;15;6;11;800;1;1;1;1;4;378;ROUTE DEPARTEMENTALE 652;M;5068463;309569;590
201500048355;15;6;12;1500;1;1;1;1;7;131;ROUTE NATIONALE 225;M;5098822;236019;590
201500048356;15;6;14;500;2;1;1;1;2;360;AUTOROUTE A25;M;5037167;0;590
201500048357;15;6;14;1345;1;1;1;8;6;566;AUTOROUTE A25;M;5061872;297698;590
201500048358;15;6;17;2030;2;1;1;1;6;634;AUTOROUTE A16;M;5056064;158491;620
201500048359;15;6;18;455;3;1;1;2;7;286;AUTOROUTE A25;M;5061694;299505;590
201500048360;15;6;18;1730;1;1;1;1;6;498;AUTOROUTE A21;M;0;0;620
201500048361;15;6;21;1630;1;1;1;1;2;286;AUTOROUTE A25;M;5061786;299866;590
201500048362;15;6;6;1325;1;1;1;1;7;426;AUTOROUTE A22;M;5076147;315000;590
201500048363;15;6;22;1230;1;1;1;2;3;348;AUTOROUTE A2;M;5026936;333369;590
201500048364;15;6;24;1420;1;1;1;1;2;449;AUTOROUTE A23;M;5046700;323758;590
201500048365;15;6;25;1700;1;1;1;1;2;346;ROUTE NATIONALE 227;M;5035566;308286;590
201500048366;15;6;30;150;3;1;1;1;7;193;AUTOROUTE A16;M;0;0;620
201500048367;15;6;30;1820;1;1;1;1;7;636;ROUTE DEPARTEMENTALE 652;M;5068088;305744;590
201500048368;15;7;1;1535;1;1;1;1;7;262;AUTOROUTE A25;;;;590
201500048369;15;7;14;1430;1;1;1;1;6;646;ROUTE DEPARTEMENTALE 656;;;;590
201500048370;15;7;16;910;1;1;1;1;6;462;AUTOROUTE A1;;;;590
201500048371;15;7;16;1620;1;1;1;1;7;143;AUTOROUTE A25;;;;590
201500048372;15;7;16;2000;1;1;1;1;7;346;ROUTE NATIONALE 227;;;;590
201500048373;15;7;5;420;3;1;1;1;7;189;AUTOROUTE A25;M;5080246;260460;590
201500048374;15;7;5;2045;1;1;1;1;7;143;AUTOROUTE A25;M;5065779;290051;590
201500048375;15;7;8;1235;1;1;1;2;2;9;AUTOROUTE A22;M;5065499;312901;590
201500048376;15;7;9;150;5;1;1;1;3;646;ROUTE DEPARTEMENTALE 656;;;;590
201500048377;15;7;19;2150;1;1;1;1;7;195;ROUTE DEPARTEMENTALE 652;;;;590
201500048378;15;7;20;1235;1;1;1;2;7;606;AUTOROUTE A23;;;;590
201500048379;15;7;21;2335;5;1;1;1;2;278;ROUTE NATIONALE 41;;;;590
201500048380;15;7;23;1545;1;1;1;1;6;566;AUTOROUTE A25;M;5062191;296988;590
201500048381;15;7;11;820;1;1;1;1;2;343;ROUTE NATIONALE 227;M;5060065;312094;590
201500048382;15;7;24;530;5;1;1;1;7;193;AUTOROUTE A16;M;5094168;182024;620
201500048383;15;7;27;5;3;1;1;1;2;456;AUTOROUTE A 21;;;;590
201500048384;15;7;12;640;1;1;1;1;3;343;AUTOROUTE A1;;;;590
201500048385;15;7;14;830;1;1;1;1;2;459;AUTOROUTE A23;M;5037807;347044;590
201500048386;15;7;8;2120;1;1;1;1;4;179;AUTOROUTE A2;M;5031103;339294;590
201500048387;15;7;11;2015;1;1;1;1;2;515;AUTOROUTE A2;M;5032791;343680;590
201500048388;15;7;26;620;1;1;1;1;6;560;AUTOROUTE A1;;;;590
201500048389;15;8;4;1645;1;1;1;1;7;613;AUTOROUTE A2;;;;590
201500048390;15;8;7;1010;1;1;1;1;4;907;Autoroute A1;;;;620
201500048391;15;8;15;1930;1;1;1;1;7;628;AUTOROUTE A21;;;;620
201500048392;15;8;22;600;3;1;1;1;7;603;AUTOROUTE A2;M;5034040;347022;590
201500048393;15;8;27;1430;1;1;1;3;7;195;ROUTE DEPARTEMENTALE 652;;;;590
201500048394;15;8;30;615;2;1;1;1;6;606;AUTOROUTE A2;M;5033903;349996;590
201500048395;15;8;22;1000;1;1;1;1;4;566;AUTOROUTE A25;M;5061872;297698;590
201500048396;15;8;24;1430;1;1;1;2;4;560;AUTOROUTE A1;;;;590
201500048397;15;8;22;1035;1;1;1;1;2;183;ROUTE NATIONALE 225;;;;590
201500048398;15;8;25;1735;1;1;1;1;6;509;AUTOROUTE A21;;;;590
201500048399;15;5;28;1930;1;1;1;1;6;507;AUTOROUTE A1;M;5061458;308516;590
201500048400;15;8;31;1840;1;1;1;1;3;274;AUTOROUTE A1;;;;620
201500048401;15;9;2;1730;1;1;1;1;4;271;AUTOROUTE A16;M;5099950;229108;590
201500048402;15;9;11;340;3;1;1;1;2;609;AUTOROUTE A1;M;5058005;308766;590
201500048403;15;9;11;1125;1;1;1;1;7;907;AUTOROUTE A1;M;5049255;299439;620
201500048404;15;9;14;1630;1;1;1;8;7;646;ROUTE DEPARTEMENTALE 652;M;5067986;312819;590
201500048405;15;9;21;805;1;1;1;1;2;328;ROUTE DEPARTEMENTALE 652;M;5065669;301525;590
201500048406;15;9;21;845;1;1;1;1;6;350;ROUTE NATIONALE 356;M;5063605;308836;590
201500048407;15;9;25;1810;1;1;1;1;4;447;AUTOROUTE A2;M;5020510;334282;590
201500048408;15;10;3;145;3;1;1;1;6;447;AUTOROUTE A2;M;5038708;361180;590
201500048409;15;10;3;650;3;1;1;1;7;566;AUTOROUTE A25;M;5061991;297372;590
201500048410;15;10;9;1900;2;1;1;1;2;256;AUTOROUTE A23;M;5056813;315886;590
201500048411;15;10;9;2010;3;1;1;1;4;508;AUTOROUTE A22;M;5045355;309174;590
201500048412;15;10;10;1725;1;1;1;1;2;346;ROUTE NATIONALE 227;M;5060427;312958;590
201500048413;15;10;13;2300;3;1;1;2;6;771;AUTOROUTE A21;M;0;0;620
201500048414;15;10;14;2145;3;1;1;8;7;193;AUTOROUTE A16;M;5094159;182166;620
201500048415;15;10;19;805;2;1;1;1;6;431;AUTOROUTE A25;M;5068944;282336;590
201500048416;15;10;7;1130;1;1;1;1;5;585;AUTOROUTE A1;M;5055561;306347;590
201500048417;15;1;6;1305;1;2;1;1;6;383;0, PLACE D ARSONVAL;;;;690
201500048418;15;12;30;1825;5;2;1;1;6;386;MARECHAL LYAUTEY (DU);;;;690
201500048419;15;3;12;1345;1;2;1;1;6;386;76, VITTON;M;4577530;484898;690
201500048420;15;1;6;920;1;2;1;2;6;383;48, RUE PAUL BERT;M;4575440;485275;690
201500048421;15;1;6;1850;5;2;2;5;3;386;0, RUE DUQUESNE;;;;690
201500048422;15;1;7;1730;5;2;2;1;3;386;0, RUE PETREQUIN;;;;690
201500048423;15;12;31;1945;5;1;3;1;3;276;., JEAN JAURES;M;4567200;485140;690
201500048424;15;1;9;715;2;2;2;1;3;383;1, RUE MOLIERE;M;4575610;486669;690
201500048425;15;1;10;1420;1;2;3;1;6;383;AVENUE MARECHAL DE SAXE;;;;690
201500048426;15;12;31;1130;1;2;1;1;3;388;42, FRERES LUMIERE (DES);M;0;0;690
201500048427;15;1;9;1205;1;2;2;1;3;383;0, AVENUE LACASSAGNE;M;4574580;488029;690
201500048428;15;1;12;1400;1;2;2;1;3;386;RUE DE CREQUI;M;4577210;484463;690
201500048429;15;1;12;1730;5;2;1;1;6;386;82, COURS VITTON;M;4577240;485675;690
201500048430;15;1;12;2014;5;2;2;1;3;386;0, COURS VITTON;M;4577240;485675;690
201500048431;15;1;7;1700;5;2;1;1;2;383;PONT DE LA GUILLOTIERE;;;;690
201500048432;15;1;13;1650;1;2;2;1;3;383;1, RUE SAINT ISIDORE;M;4575310;487395;690
201500048433;15;1;15;855;1;2;1;1;6;383;PONT LAFAYETTE;M;4575270;484262;690
201500048434;15;1;18;520;5;2;1;1;5;383;20, QUAI VICTOR AUGAGNEU;M;4575270;484262;690
201500048435;15;1;18;735;4;2;2;1;3;383;AVENUE MARECHAL DE SAXE;M;4575270;484262;690
201500048436;15;1;19;745;2;2;2;2;6;383;0, RUE DE CREQUI;M;4575440;485275;690
201500048437;15;1;16;940;1;2;1;3;6;383;7, COURS GAMBETTA;M;4575440;485275;690
201500048438;15;1;16;1820;5;2;1;2;6;388;AVENUE ROCKEFELLER;;;;690
201500048439;15;1;20;1205;1;2;2;1;3;383;0, RUE DUGUESCLIN;M;4575270;484262;690
201500048440;15;1;20;1715;2;2;2;2;6;386;COURS VITTON;M;4577210;484463;690
201500048441;15;1;22;735;5;2;2;2;3;386;COURS VITTON;M;4577760;484900;690
201500048442;15;1;23;1620;1;2;1;1;6;383;9, RUE DU DAUPHINE;M;4575440;485275;690
201500048443;15;1;21;1200;1;2;1;1;2;383;0, BOULEVARD MARIUS VIVI;M;4575440;485275;690
201500048444;15;1;26;730;1;2;1;2;6;386;COURS LAFAYETTE;M;4577210;484463;690
201500048445;15;1;26;1745;4;2;1;2;6;386;RUE GARIBALDI;M;4577210;484463;690
201500048446;15;1;27;1530;1;2;2;1;6;383;0, BOULEVARD EUGENE DERU;;;;690
201500048447;15;4;1;1255;1;2;1;2;7;386;192, THIERS;M;4576190;481755;690
201500048448;15;1;26;1842;5;2;1;3;6;386;0, BOULEVARD DES BELGES;M;4577240;485675;690
201500048449;15;4;2;1045;1;2;1;8;6;387;17, CLAUDE BERNARD;M;4575230;483626;690
201500048450;15;1;26;2000;5;2;1;1;3;383;QUAI VICTOR AUGAGNEUR;;;;690
201500048451;15;4;2;1355;1;2;3;1;6;199;1, CHARLES PLASSE;;;;690
201500048452;15;1;16;1820;2;2;2;3;3;383;1, RUE DE LA VILLETTE;M;4575440;485275;690
201500048453;15;4;2;1355;1;2;1;1;6;386;30, MARECHAL DE SAXE;M;0;0;690
201500048454;15;1;22;2135;5;2;2;1;3;383;1, RUE FEUILLAT;M;4575220;487465;690
201500048455;15;4;2;2200;5;2;1;8;6;386;158, THIERS;M;4577120;485167;690
201500048456;15;1;27;1415;1;2;1;1;6;383;AVENUE FELIX FAURE;M;4575440;485275;690
201500048457;15;4;3;550;5;2;2;1;3;388;31, ST MAURICE;;;;690
201500048458;15;2;1;2200;5;2;1;2;2;383;198, AVENUE FELIX FAURE;;;;690
201500048459;15;4;3;1945;2;2;1;1;3;276;1, LOUISE MICHEL;;;;690
201500048460;15;2;2;2000;5;2;2;1;6;386;1, RUE VAUBAN;;;;690
201500048461;15;4;4;220;5;2;3;2;6;259;CHARBONNIER (DU);M;4569830;489672;690
201500048462;15;2;3;2030;5;2;1;1;6;386;296, RUE VENDOME;;;;690
201500048463;15;4;3;1840;1;2;2;1;3;387;1, TONY GARNIER;;;;690
201500048464;15;2;4;2025;5;2;1;1;6;386;1, COURS LAFAYETTE;;;;690
201500048465;15;4;4;1445;1;2;1;1;1;276;5, ALSACE (D');;;;690
201500048466;15;2;7;1830;5;2;2;1;3;383;RUE PAUL BERT;;;;690
201500048467;15;4;4;1210;1;2;2;1;6;387;PASTEUR;M;0;0;690
201500048468;15;2;5;815;1;2;1;1;6;383;150, RUE PAUL BERT;;;;690
201500048469;15;4;7;1130;1;2;1;1;3;259;1, REPUBLIQUE (DE LA);;;;690
201500048470;15;4;7;1950;1;2;1;1;6;388;73, VIVIANI;;;;690
201500048471;15;2;11;1910;5;2;2;1;3;386;COURS VITTON;;;;690
201500048472;15;4;7;1950;1;2;6;1;3;388;EDMOND MICHELET;;;;690
201500048473;15;2;12;1115;1;2;2;1;3;383;0, AVENUE GEORGES POMPID;;;;690
201500048474;15;4;8;840;1;2;2;1;6;386;7, KLEBER;;;;690
201500048475;15;2;16;5;5;2;2;2;3;383;AVENUE GEORGES POMPIDOU;;;;690
201500048476;15;4;8;855;1;2;1;1;6;386;13, JULIETTE RECAMIER;;;;690
201500048477;15;2;16;1530;1;2;1;1;1;383;42, AVENUE GEORGES POMPI;;;;690
201500048478;15;4;8;2030;2;2;2;1;3;383;70, TRARIEUX;M;0;0;690
201500048479;15;2;10;2210;5;2;2;1;3;386;0, RUE GARIBALDI;;;;690
201500048480;15;4;7;735;1;1;1;1;2;388;22, ROCKEFELLER;M;0;0;690
201500048481;15;2;19;900;1;2;1;1;6;386;6, BOULEVARD DES BROTTEA;;;;690
201500048482;15;4;10;1200;2;2;2;1;3;383;PAUL BERT;;;;690
201500048483;15;2;21;2010;5;2;3;1;3;386;AVENUE THIERS;;;;690
201500048484;15;4;11;2130;4;2;1;1;3;388;26, ROCHAMBEAU;;;;690
201500048485;15;2;22;643;2;2;2;1;6;386;0, RUE DE LA VIABERT;;;;690
201500048486;15;4;12;1600;1;2;3;1;6;388;MARIUS BERLIET;;;;690
201500048487;15;2;24;815;1;2;1;1;6;383;31, RUE DE LA BALME;;;;690
201500048488;15;4;11;2040;2;2;1;1;6;387;1, MATHIEU VARILLE;M;0;0;690
201500048489;15;2;24;845;1;2;2;1;6;386;50, AVENUE MARECHAL DE S;;;;690
201500048490;15;4;14;720;1;2;1;1;6;259;40, PARMENTIER;M;4569790;488154;690
201500048491;15;2;24;1945;5;2;1;1;2;383;256, RUE GARIBALDI;;;;690
201500048492;15;4;14;1850;1;2;1;1;3;383;149, MARECHAL DE SAXE;M;4575270;484262;690
201500048493;15;2;25;1610;1;2;2;1;6;386;0, COURS LAFAYETTE;;;;690
201500048494;15;4;14;2100;2;2;1;1;2;383;DUGUESCLIN;;;;690
201500048495;15;2;25;1405;1;2;2;1;6;383;0, RUE MAURICE FLANDIN;;;;690
201500048496;15;4;14;1210;1;2;5;1;6;383;46, GAMBETTA;;;;690
201500048497;15;2;26;1815;5;2;2;2;6;386;0, COURS LAFAYETTE;;;;690
201500048498;15;4;15;1610;1;2;1;1;2;383;257, CREQUI (DE);M;0;0;690
201500048499;15;2;27;1050;1;2;2;2;6;386;RUE DE CREQUI;;;;690
201500048500;15;4;16;1030;1;2;1;1;3;383;171, FELIX FAURE;;;;690
201500048501;15;2;28;1020;1;2;1;1;3;386;0, COURS VITTON;;;;690
201500048502;15;4;14;1510;1;2;1;7;2;386;1, JULES FERRY;;;;690
201500048503;15;3;3;1900;5;2;1;1;3;383;RUE SERVIENT;;;;690
201500048504;15;4;16;1710;1;2;1;1;3;259;141, FRANCIS DE PRESSENS;;;;690
201500048505;15;3;5;1050;1;2;2;1;3;386;0, RUE CUVIER;;;;690
201500048506;15;4;16;2245;5;2;1;2;3;387;42, BERTHELOT;M;0;0;690
201500048507;15;3;7;810;1;2;2;1;3;383;RUE SERVIENT;;;;690
201500048508;15;4;16;405;5;2;1;1;6;383;228, FELIX FAURE;;;;690
201500048509;15;3;7;1145;1;2;2;1;6;386;0, RUE VENDOME;;;;690
201500048510;15;4;17;1720;1;2;2;8;5;259;1, REPUBLIQUE (DE LA);;;;690
201500048511;15;3;7;1730;1;2;1;1;3;386;F 107, BOULEVARD STALING;;;;690
201500048512;15;4;16;1840;1;2;1;1;6;387;12, TONY GARNIER;M;0;0;690
201500048513;15;3;7;1810;1;2;1;1;6;386;BOULEVARD JULES FAVRE;;;;690
201500048514;15;4;18;2145;4;2;1;1;6;259;IRENE JOLIOT CURIE;;;;690
201500048515;15;3;8;1540;1;2;1;1;3;386;11, AVENUE DE GRANDE BRE;;;;690
201500048516;15;4;18;1230;1;2;2;1;6;383;41, PENSIONNAT (DU);M;0;0;690
201500048517;15;3;8;2025;5;2;1;1;6;383;BOULEVARD MARIUS VIVIER;;;;690