num_acc;an;mois;jour;hrmn;lum;agg;int;atm;col;com;adr;gps;lat;long;dep
201500048518;15;4;19;2250;5;2;2;8;3;387;1, MARCEL MERIEUX;M;0;0;690
201500048519;15;3;9;1500;1;2;1;1;6;386;59, RUE GARIBALDI;;;;690
201500048520;15;4;20;800;1;2;2;1;5;383;1, CHARLES RICHARD;;;;690
201500048521;15;3;10;545;5;2;3;1;6;386;0, RUE NEY;;;;690
201500048522;15;4;21;1710;1;2;1;1;6;387;face 49, LECLERC;M;0;0;690
201500048523;15;3;12;2040;3;2;1;1;6;383;1, BOULEVARD MARIUS VIVI;;;;690
201500048524;15;4;22;1540;1;2;3;1;1;388;1, ST NESTOR;M;4573780;487195;690
201500048525;15;4;22;2215;5;2;3;1;5;386;1, GERMAIN;M;4575420;487188;690
201500048526;15;3;24;1200;1;2;1;1;6;383;144, COURS GAMBETTA;;;;690
201500048527;15;4;22;1220;1;2;2;1;6;387;1, JEAN JAURES;M;0;0;690
201500048528;15;4;22;1150;1;2;2;1;3;388;1, PAUL SANTY;M;0;0;690
201500048529;15;4;23;745;1;2;1;1;2;383;87, LACASSAGNE;M;0;0;690
201500048530;15;4;23;1515;1;2;3;1;3;383;93, DAUPHINE (DU);M;0;0;690
201500048531;15;4;23;1825;1;2;3;7;3;383;DAUPHINE (DU);;;;690
201500048532;15;3;18;1740;1;2;1;1;3;259;1, PIERRE COT;;;;690
201500048533;15;4;24;1825;1;2;1;1;4;386;1, STALINGRAD (DE);;;;690
201500048534;15;4;23;1810;1;2;1;1;6;383;110, SERVIENT;;;;690
201500048535;15;4;25;2020;5;2;2;2;3;259;EUGENE PELOUX;;;;690
201500048536;15;4;24;1840;1;2;2;1;5;276;1, LYON (DE);M;4568140;486145;690
201500048537;15;4;25;2005;1;2;2;2;3;386;1, VITTON;;;;690
201500048538;15;4;27;1500;1;2;1;8;6;383;1, MARIUS VIVIER MERLE;;;;690
201500048539;15;4;27;2030;2;2;2;1;3;383;1, GARIBALDI;;;;690
201500048540;15;4;28;1025;1;2;1;1;2;387;TCHECOSLOVAQUES (DES);M;0;0;690
201500048541;15;4;28;1540;1;2;2;1;3;387;156, YVES FARGES;M;4572850;482183;690
201500048542;15;3;18;1737;1;1;1;1;6;259;1, JODINO (DE);;;;690
201500048543;15;4;29;1155;1;2;1;1;6;388;180, VIENNE (DE);M;0;0;690
201500048544;15;4;30;935;1;2;2;1;6;387;119, JEAN JAURES;M;4573100;482652;690
201500048545;15;4;30;745;1;2;1;1;4;388;95, ETATS UNIS (DES);;;;690
201500048546;15;12;17;2000;5;2;1;1;5;387;UNIVERSITE (DE L');;;;690
201500048547;15;4;30;1200;1;2;1;1;6;388;, FRERES LUMIERE (DES);;;;690
201500048548;15;4;30;1330;1;2;1;1;6;259;LEO LAGRANGE;M;4569890;487028;690
201500048549;15;4;30;1620;1;1;3;1;3;259;D383, LAURENT BONNEVAY;M;4571670;485528;690
201500048550;15;5;1;120;3;2;1;1;6;388;102, ALBERT THOMAS;M;4574528;487203;690
201500048551;15;5;1;745;1;2;1;2;6;276;., LYON (DE);M;4568420;486131;690
201500048552;15;5;1;1445;1;2;2;2;3;387;., TROIS PIERRES (DES);;;;690
201500048553;15;5;2;2130;5;2;1;2;3;259;53, JULES GUESDE;;;;690
201500048554;15;5;4;930;1;2;1;8;6;387;20, LECLERC;M;0;0;690
201500048555;15;5;4;1400;1;2;1;1;6;259;260, VIENNE (DE);;;;690
201500048556;15;5;4;2305;4;2;1;1;6;259;., PRESIDENT EDOUARD HER;;;;690
201500048557;15;5;5;2020;1;2;2;1;3;386;., LAFAYETTE;;;;690
201500048558;15;5;6;800;1;2;2;1;5;199;., CHARLES PLASSE;;;;690
201500048559;15;5;6;1325;1;2;1;1;6;387;GAMBETTA;;;;690
201500048560;15;5;6;1110;1;2;1;1;6;383;49bis/51, PROFESSEUR ROC;M;0;0;690
201500048561;15;5;7;1645;1;1;1;1;6;388;2, PIERRE DELORE;;;;690
201500048562;15;5;7;2200;5;2;2;1;3;387;23, DOMER;M;0;0;690
201500048563;15;5;6;1235;1;2;1;1;1;387;7, BEGUIN (DU);M;0;0;690
201500048564;15;5;8;1325;1;2;1;2;2;388;57, PAUL SANTY;;;;690
201500048565;15;5;8;1845;1;2;1;3;6;388;103, ETATS UNIS (DES);M;0;0;690
201500048566;15;5;6;2015;2;2;1;1;2;259;8, IRENE JOLIOT CURIE;M;4572260;487234;690
201500048567;15;5;9;1535;1;2;1;1;6;259;1, IRENE JOLIOT CURIE;;;;690
201500048568;15;5;9;1255;1;2;9;1;3;383;GAMBETTA;M;0;0;690
201500048569;15;5;11;940;1;2;2;1;3;387;PASTEUR;M;0;0;690
201500048570;15;5;11;1330;1;2;2;1;6;386;87, CUVIER;;;;690
201500048571;15;5;12;735;1;2;1;1;3;387;120, YVES FARGES;M;0;0;690
201500048572;15;5;12;1730;1;2;1;1;6;383;., RABELAIS;;;;690
201500048573;15;5;12;300;5;2;1;1;6;387;5, TONY GARNIER;M;0;0;690
201500048574;15;5;13;1750;1;2;1;1;6;383;31, GAMBETTA;;;;690
201500048575;15;5;13;1914;1;2;3;1;6;259;1, RAIMU;M;4570780;488706;690
201500048576;15;5;14;1640;1;2;2;1;3;387;., TONY GARNIER;M;0;0;690
201500048577;15;5;15;105;5;2;2;2;3;387;16, UNIVERSITE (DE L');M;4574710;483768;690
201500048578;15;5;15;720;1;2;1;1;3;388;MARYSE BASTIE;M;0;0;690
201500048579;15;5;15;1435;1;2;2;2;3;386;96, GARIBALDI;;;;690
201500048580;15;5;15;1750;1;2;3;3;3;259;., NOVY JICIN;M;4569010;489979;690
201500048581;15;5;16;1430;1;2;2;1;3;259;., MARCEL CACHIN;;;;690
201500048582;15;5;16;1540;1;2;1;1;6;388;22, ROCKEFELLER;M;0;0;690
201500048583;15;5;16;300;5;2;2;1;3;387;., RAOUL SERVANT;;;;690
201500048584;15;5;17;1040;1;2;1;1;6;386;VENDOME;;;;690
201500048585;15;5;17;1330;1;2;1;1;1;388;8, ANTOINE LUMIERE;M;0;0;690
201500048586;15;5;18;1716;1;2;1;1;3;388;58, FRERES LUMIERE (DES);;;;690
201500048587;15;5;19;1130;1;2;2;1;3;387;., UNIVERSITE (DE L');M;4575340;483678;690
201500048588;15;5;19;505;5;2;2;1;3;387;0, LECLERC;M;0;0;690
201500048589;15;5;19;900;1;2;3;1;3;383;FEUILLAT;;;;690
201500048590;15;5;19;1410;1;2;1;1;2;259;., JULES GUESDE;M;4571890;488725;690
201500048591;15;5;20;1310;1;2;2;1;3;386;., CREQUI (DE);;;;690
201500048592;15;5;20;1655;1;2;2;1;3;259;JODINO (DE);M;4571510;487880;690
201500048593;15;5;20;1725;1;2;3;1;3;387;., ST JEAN DE DIEU;M;0;0;690
201500048594;15;5;21;943;1;2;1;1;2;383;08, GAMBETTA;M;0;0;690
201500048595;15;5;21;1725;1;2;2;1;3;387;., CREQUI (DE);M;0;0;690
201500048596;15;5;21;2000;1;2;1;1;3;386;., GRANDE BRETAGNE (DE);M;4577320;485010;690
201500048597;15;5;22;935;1;2;2;1;3;383;., GEORGES POMPIDOU;M;0;0;690
201500048598;15;5;22;1230;1;2;1;1;6;386;12, MARECHAL DE SAXE;M;4575710;484018;690
201500048599;15;5;22;1410;1;2;1;1;1;386;42BIS, SEZE (DE);M;0;0;690
201500048600;15;5;22;1615;1;2;9;1;2;386;71, BARABAN;;;;690
201500048601;15;5;22;1710;1;2;1;1;5;259;402, CHARLES DE GAULLE;;;;690
201500048602;15;5;23;1735;1;2;1;1;6;383;VILLEROY;;;;690
201500048603;15;5;25;1945;1;2;1;1;2;386;109, GARIBALDI;M;0;0;690
201500048604;15;5;26;1522;1;1;1;1;6;383;33, LAFAYETTE;;;;690
201500048605;15;5;26;1750;1;1;1;1;6;259;43, INDUSTRIE (DE L');;;;690
201500048606;15;5;28;1630;1;2;1;1;2;259;102, IRENE JOLIOT CURIE;;;;690
201500048607;15;5;29;1755;1;2;1;1;2;383;31, MARECHAL DE SAXE;;;;690
201500048608;15;5;30;345;5;2;1;1;6;388;., PROFESSEUR TAVERNIER;;;;690
201500048609;15;5;30;1650;1;2;1;1;3;383;110, GENAS (DE);;;;690
201500048610;15;5;31;115;5;2;2;1;3;388;136, FRERES LUMIERE (DES;M;0;0;690
201500048611;15;5;31;305;5;2;1;1;1;276;., 312;;;;690
201500048612;15;5;30;1;5;2;1;1;2;383;19, VICTOR AUGAGNEUR;M;0;0;690
201500048613;15;6;1;845;1;2;1;1;6;383;11, DAUPHINE (DU);;;;690
201500048614;15;6;1;1515;1;2;7;1;3;388;., JEAN MERMOZ;M;4573390;487703;690
201500048615;15;6;3;1435;1;2;2;1;6;386;VENDOME;M;0;0;690
201500048616;15;6;3;1700;1;2;2;1;6;388;80, FRERES LUMIERE (DES);M;0;0;690
201500048617;15;6;3;1908;1;2;2;1;1;383;LAC (DU);;;;690
201500048618;15;6;4;1005;1;2;1;1;6;387;45, JEAN JAURES;M;0;0;690
201500048619;15;6;4;1125;1;2;3;1;3;386;22, BROTTEAUX (DES);M;4577330;485237;690
201500048620;15;6;4;1710;1;2;2;1;6;383;14, MAURICE FLANDIN;M;0;0;690
201500048621;15;6;5;1630;1;2;2;1;3;387;., ANVERS (D');M;0;0;690
201500048622;15;6;7;1515;1;2;1;1;3;388;143, JEAN MERMOZ;M;0;0;690
201500048623;15;6;7;1650;1;1;1;1;1;276;., 312;;;;690
201500048624;15;6;7;2100;2;2;2;1;1;387;87, GERLAND (DE);M;0;0;690
201500048625;15;6;8;950;1;2;2;1;3;386;., WALDECK ROUSSEAU;;;;690
201500048626;15;6;8;1540;1;2;2;1;3;388;., ETATS UNIS (DES);;;;690
201500048627;15;6;8;1910;1;2;1;1;3;388;40, HENRI BARBUSSE;M;0;0;690
201500048628;15;6;9;1640;1;2;1;1;6;388;., VILLON (DE);M;4572650;487779;690
201500048629;15;6;9;1725;1;2;1;1;3;383;45, MARIUS VIVIER MERLE;;;;690
201500048630;15;6;9;1830;1;2;1;1;3;383;160, LAFAYETTE;M;4575320;484210;690
201500048631;15;6;10;825;1;2;2;1;6;386;., KLEBER;M;0;0;690
201500048632;15;6;10;1550;1;2;2;1;3;387;32, RAULIN;M;0;0;690
201500048633;15;6;11;845;1;2;1;1;4;387;., TONY GARNIER;;;;690
201500048634;15;6;11;1420;1;2;3;1;3;383;., MARECHAL DE SAXE;;;;690
201500048635;15;6;11;1645;1;2;1;1;3;383;188, LAFAYETTE;;;;690
201500048636;15;6;12;1825;1;2;2;2;3;386;., DUGUESCLIN;;;;690
201500048637;15;6;12;2210;5;2;2;2;3;386;., LAFAYETTE;M;0;0;690
201500048638;15;6;10;1145;1;2;1;1;2;383;299, LAFAYETTE;;;;690
201500048639;15;6;15;1545;1;2;2;1;3;386;84, BELGES (DES);M;0;0;690
201500048640;15;6;16;930;1;2;2;1;3;387;24, ANDRE BOLLIER;M;4573550;482963;690
201500048641;15;6;12;835;1;2;2;1;3;388;., PAUL CAZENEUVE;M;0;0;690
201500048642;15;6;15;1650;1;2;2;1;6;387;., GERLAND (DE);M;0;0;690
201500048643;15;6;17;1645;1;2;1;1;6;199;87, JEAN JAURES;M;4570920;485525;690
201500048644;15;6;18;2130;5;2;1;1;2;388;101, VIENNE (DE);;;;690
201500048645;15;6;19;120;5;2;1;2;3;387;22, MARSEILLE (DE);M;0;0;690
201500048646;15;6;19;1215;1;2;1;1;3;386;157, STALINGRAD (DE);M;4577930;485717;690
201500048647;15;6;20;920;1;2;1;1;3;383;., GEORGES POMPIDOU;;;;690
201500048648;15;6;21;1830;1;2;1;1;6;199;37, CHARLES PLASSE;;;;690
201500048649;15;6;22;1430;1;2;3;1;3;383;17, ST ANTOINE;;;;690
201500048650;15;6;23;1125;1;2;1;1;3;383;79, MARIUS VIVIER MERLE;M;4575940;485119;690
201500048651;15;6;23;1700;1;1;4;1;3;387;., JEAN JAURES;M;4573810;483021;690
201500048652;15;6;23;1820;1;2;1;1;1;387;10, GAMBETTA;;;;690
201500048653;15;6;24;1040;1;2;1;1;3;387;GAMBETTA;M;4574820;484711;690
201500048654;15;6;24;1555;1;2;1;1;3;387;14, GAMBETTA;;;;690
201500048655;15;6;24;1643;1;2;1;1;6;199;2, JEAN JAURES;M;4571390;485491;690
201500048656;15;6;24;2050;2;2;1;1;1;388;24, HENRI BARBUSSE;M;0;0;690
201500048657;15;6;26;715;1;2;1;1;3;387;15, YVES FARGES;;;;690
201500048658;15;6;26;1430;1;2;2;1;1;388;JEAN MERMOZ;M;0;0;690
201500048659;15;6;26;1906;1;2;2;1;6;386;CREQUI (DE);;;;690
201500048660;15;6;26;2140;5;1;2;1;3;199;8, PASTEUR;M;4570760;485631;690
201500048661;15;6;27;2158;5;2;3;1;3;199;CARNOT;;;;690
201500048662;15;6;27;643;5;2;3;1;1;386;., LAFAYETTE;;;;690
201500048663;15;6;28;1030;1;2;1;1;3;386;TETE D'OR (DE LA);;;;690
201500048664;15;6;28;2055;2;2;1;1;2;388;136, FRERES LUMIERE (DES;;;;690
201500048665;15;6;28;1955;1;2;2;1;6;383;156, GAMBETTA;M;0;0;690
201500048666;15;6;29;1225;1;2;3;1;3;388;SANTOS DUMONT;M;4573950;486221;690
201500048667;15;6;30;946;1;2;2;1;3;387;23, RAOUL SERVANT;M;0;0;690
201500048668;15;6;30;1455;1;2;1;1;3;388;61, PIERRE DELORE;;;;690
201500048669;15;7;1;1020;1;2;1;1;6;259;MARCEL PAUL;M;4569970;488186;690
201500048670;15;7;1;2145;2;2;2;1;3;387;76, RACHAIS;M;0;0;690
201500048671;15;7;2;855;1;2;1;1;3;383;GEORGES POMPIDOU;;;;690
201500048672;15;7;2;1050;1;2;1;1;3;259;300, VIENNE (DE);;;;690
201500048673;15;7;1;1530;1;2;1;1;6;388;93, VILLON (DE);;;;690
201500048674;15;7;2;1130;1;2;1;1;2;383;25, ALBERT THOMAS;;;;690
201500048675;15;7;2;1600;1;2;2;1;6;383;., DOCTEUR BOUCHUT (DU);;;;690
201500048676;15;6;30;1110;1;2;3;1;3;386;LAFAYETTE;;;;690
201500048677;15;7;3;1210;1;2;1;1;6;386;60, VAUBAN;;;;690
201500048678;15;7;3;1830;1;2;3;7;3;387;1, CLAUDE BERNARD;M;0;0;690
201500048679;15;7;4;2040;1;2;3;1;3;276;JEAN JAURES;M;4567310;483809;690
201500048680;15;7;4;2135;1;2;1;1;4;383;FELIX FAURE;;;;690
201500048681;15;7;4;1900;1;2;2;1;6;259;DOCTEUR GEORGES LEVY (DU;;;;690
201500048682;15;7;5;1045;1;2;2;1;3;387;., TONY GARNIER;M;0;0;690
201500048683;15;7;6;1000;1;2;1;1;3;383;66, BONNEL (DE);M;0;0;690
201500048684;15;7;6;1625;1;2;1;1;2;383;95, PINEL;;;;690
201500048685;15;7;6;1940;1;2;2;1;3;388;, JEAN SARRAZIN;M;0;0;690
201500048686;15;6;26;1420;1;2;2;1;3;383;., MARIUS VIVIER MERLE;M;0;0;690
201500048687;15;7;7;2050;2;2;1;1;7;388;82, ETATS UNIS (DES);;;;690
201500048688;15;7;8;950;1;2;1;1;1;386;16, GENERAL SARRAIL (DU);;;;690
201500048689;15;7;8;1145;1;2;1;1;6;259;IRENE JOLIOT CURIE;M;4570900;488581;690
201500048690;15;7;8;1240;1;2;1;1;2;383;137, MARECHAL DE SAXE;;;;690
201500048691;15;7;8;1815;1;1;1;1;1;383;301, LAFAYETTE;;;;690
201500048692;15;7;8;1840;1;2;1;1;3;388;., VIVIANI;M;0;0;690
201500048693;15;7;9;850;1;2;2;1;6;388;2, PAUL SANTY;M;4572660;487890;690
201500048694;15;7;9;1115;1;2;2;1;3;259;IRENE JOLIOT CURIE;;;;690
201500048695;15;7;9;1720;1;2;1;1;6;259;116, PROFESSEUR ROUX (DU;;;;690
201500048696;15;7;9;1750;1;2;1;1;6;259;LENINE;;;;690
201500048697;15;7;9;2007;1;1;1;1;6;199;47, ARSENAL (DE L');;;;690
201500048698;15;7;9;2115;2;2;1;1;1;388;., EPARGNE (DE L');;;;690
201500048699;15;7;9;1645;1;2;1;1;6;388;ALBERT THOMAS;M;4574160;484916;690
201500048700;15;7;10;1705;1;2;2;1;3;383;80, EUGENIE;M;0;0;690
201500048701;15;7;11;750;1;2;2;1;3;383;VENDOME;M;0;0;690
201500048702;15;7;12;1530;1;2;1;1;6;199;JEAN JAURES;M;4571200;485482;690
201500048703;15;7;15;905;1;2;2;1;3;383;230, ANDRE PHILIP;M;0;0;690
201500048704;15;7;15;2300;5;2;2;1;3;388;15, JACQUELINE AURIOL;M;0;0;690
201500048705;15;7;16;1630;1;2;2;1;3;383;GAMBETTA;M;0;0;690
201500048706;15;7;17;150;5;2;2;1;2;259;., JEAN CAGNE;M;4569930;486108;690
201500048707;15;7;17;1220;1;2;1;1;6;259;., BALMES (DES);;;;690
201500048708;15;7;18;1145;1;2;1;1;1;386;13, BROTTEAUX (DES);M;0;0;690
201500048709;15;7;19;310;5;2;2;1;1;387;87, GUILLOTIERE (DE LA);M;0;0;690
201500048710;15;7;18;1935;1;2;1;1;6;387;., CHAMBAUD DE LA BRUYER;;;;690
201500048711;15;7;20;745;1;2;3;1;3;383;VICTOR AUGAGNEUR;;;;690
201500048712;15;7;4;2245;5;2;2;1;3;386;1, BROTTEAUX (DES);M;0;0;690
201500048713;15;7;20;1855;1;2;1;1;6;199;30, CARNOT;;;;690
201500048714;15;7;21;818;1;2;2;1;3;383;., BELLECOMBE (DE);;;;690
201500048715;15;7;21;2228;5;2;1;1;3;387;4, GAMBETTA;M;0;0;690
201500048716;15;7;21;1640;1;2;1;1;3;388;., EDMOND MICHELET;M;4573420;487251;690
201500048717;15;7;23;2300;5;2;2;1;1;387;38, GAMBETTA;M;0;0;690
201500048718;15;7;23;1140;1;2;2;1;3;387;., CHALLEMEL LACOUR;M;0;0;690
201500048719;15;7;24;1050;1;2;2;1;3;383;., LAFAYETTE;M;0;0;690
201500048720;15;7;23;1800;1;2;1;1;6;383;25, ROCKEFELLER;;;;690
201500048721;15;7;25;1800;1;2;2;1;3;387;7, CLAUDE BERNARD;;;;690
201500048722;15;7;25;2215;3;2;1;1;3;259;AMBROISE CROIZAT;;;;690
201500048723;15;7;25;1115;1;2;2;1;5;388;CROIX BARRET (DE LA);M;0;0;690
201500048724;15;7;20;2215;5;2;1;1;2;386;69, VITTON;;;;690
201500048725;15;7;28;1100;1;2;1;1;6;387;60, JEAN JAURES;M;0;0;690
201500048726;15;7;29;550;1;2;1;1;6;383;265, CREQUI (DE);;;;690
201500048727;15;7;31;1710;1;2;2;1;3;383;., PAUL BERT;;;;690
201500048728;15;8;2;1220;1;2;2;1;3;383;BELLECOMBE (DE);;;;690
201500048729;15;8;3;1820;1;2;2;1;3;387;TOURVILLE (DE);;;;690
201500048730;15;8;4;1630;1;2;1;1;6;276;CLAUDIUS BERRY;M;4566590;484914;690
201500048731;15;8;5;950;1;2;1;1;1;259;., LYONNAIS (DU);;;;690
201500048732;15;8;5;1240;1;2;1;1;6;383;VICTOR AUGAGNEUR;;;;690
201500048733;15;8;5;2220;5;2;1;1;6;387;16 BIS, JEAN FRANCOIS RA;;;;690
201500048734;15;8;5;1800;1;2;1;1;3;387;361, GARIBALDI;;;;690
201500048735;15;8;6;1625;1;2;1;1;6;259;., ANDRE SENTUC;;;;690
201500048736;15;8;7;1325;1;2;2;1;3;387;RAOUL SERVANT;M;0;0;690
201500048737;15;8;9;1015;1;2;2;1;6;388;ALOUETTES;M;0;0;690
201500048738;15;8;11;1600;1;2;2;1;3;383;LOUIS;;;;690
201500048739;15;8;2;2000;2;2;1;1;7;383;236, LAFAYETTE;M;4575390;484623;690
201500048740;15;8;12;1315;1;2;1;1;1;259;AMBROISE CROIZAT;;;;690
201500048741;15;8;13;1650;1;2;1;2;3;259;FRERES LOUIS ET EMILE BE;;;;690
201500048742;15;8;13;1746;1;1;1;1;3;386;CHARLES DE GAULLE;;;;690
201500048743;15;8;13;1845;1;2;2;1;3;388;JEAN MERMOZ;M;0;0;690
201500048744;15;8;14;745;1;2;2;1;3;388;PAUL SANTY;M;4572400;488297;690
201500048745;15;8;14;1800;1;2;1;1;3;387;6, GAMBETTA;;;;690
201500048746;15;8;15;2205;5;2;1;1;5;386;BROTTEAUX (DES);M;4575580;486770;690
201500048747;15;8;16;430;5;2;2;1;3;388;HENRI BARBUSSE;;;;690
201500048748;15;8;16;1045;1;2;3;1;3;276;14, VENISSIEUX (DE);;;;690
201500048749;15;8;17;850;1;2;1;1;7;388;24, ROCKEFELLER;M;4573650;488324;690
201500048750;15;8;17;1700;1;2;2;1;3;388;., EPARGNE (DE L');;;;690
201500048751;15;8;18;1140;1;2;1;1;6;199;PAUL BERT;M;4570980;485732;690
201500048752;15;8;20;1250;1;2;3;1;6;386;289, LAFAYETTE;;;;690
201500048753;15;8;20;1855;1;2;1;1;6;386;VAUBAN;;;;690
201500048754;15;8;21;1610;1;2;1;1;1;383;89, PENSIONNAT (DU);;;;690
201500048755;15;8;22;1615;1;2;3;1;3;388;HENRI BARBUSSE;M;4573260;485649;690
201500048756;15;8;23;1535;1;2;2;1;3;388;JEAN XXIII;;;;690
201500048757;15;8;24;910;1;2;1;1;6;386;93, VITTON;;;;690
201500048758;15;8;25;1040;1;2;2;1;1;388;VIENNE (DE);;;;690
201500048759;15;8;25;1050;1;2;2;1;7;387;JEAN JAURES;M;4574889;484409;690
201500048760;15;8;25;1745;1;2;1;1;2;383;94, SERVIENT;;;;690
201500048761;15;8;25;1740;1;2;2;1;3;387;REPOS (DU);M;4573790;486352;690
201500048762;15;8;26;1535;1;2;2;1;3;383;ST ANTOINE;;;;690
201500048763;15;8;27;1715;1;2;2;1;6;387;., TONY GARNIER;;;;690
201500048764;15;8;28;800;1;1;1;1;3;388;PROFESSEUR CALMETTE (DU);;;;690
201500048765;15;8;29;1130;1;2;1;1;4;387;78, TCHECOSLOVAQUES (DES;M;4574660;487090;690
201500048766;15;8;31;825;1;2;1;1;6;388;138, CHALLEMEL LACOUR;;;;690
201500048767;15;8;31;1055;1;2;1;1;6;383;28, VICTOR AUGAGNEUR;;;;690
201500048768;15;8;31;1220;1;2;2;1;3;386;., DUGUESCLIN  (R);M;0;0;690
201500048769;15;8;31;1700;1;2;1;1;4;388;117, ALBERT THOMAS;;;;690
201500048770;15;9;1;1025;1;2;1;1;6;386;47, MARECHAL DE SAXE;;;;690
201500048771;15;9;1;1340;1;2;3;2;3;387;ST MICHEL;M;4575090;483759;690
201500048772;15;9;2;750;1;2;1;1;3;388;1, EDMOND MICHELET;M;0;0;690
201500048773;15;9;3;1715;1;2;1;1;6;199;10, GABRIEL PERI;;;;690
201500048774;15;9;4;1850;1;2;2;1;6;387;., UNIVERSITE (DE L');M;0;0;690
201500048775;15;9;6;1910;1;2;1;1;3;388;75, PIERRE DELORE;M;0;0;690
201500048776;15;9;7;135;5;2;1;1;2;383;67, MARIUS VIVIER MERLE;M;4575590;484285;690
201500048777;15;9;7;1220;1;2;1;1;6;259;., AMBROISE CROIZAT;M;4570650;488722;690
201500048778;15;9;8;1414;1;2;2;1;3;259;., MARCEL HOUEL;;;;690
201500048779;15;9;8;1705;1;2;1;1;2;383;SERVIENT;;;;690
201500048780;15;9;9;20;5;2;2;1;5;387;., TONY GARNIER;M;4573100;482224;690
201500048781;15;9;9;745;2;2;1;1;6;388;ETATS UNIS (DES);M;4573080;486961;690
201500048782;15;9;9;1355;1;2;3;1;6;383;., PAUL BERT;M;4574580;484768;690
201500048783;15;9;9;1635;1;2;2;1;6;387;ANDRE BOLLIER;M;0;0;690
201500048784;15;9;11;1950;5;2;1;1;1;388;178, VIENNE (DE);M;0;0;690
201500048785;15;9;12;1600;1;2;1;2;4;259;75, AMBROISE CROIZAT;;;;690
201500048786;15;9;14;1530;1;2;2;1;2;388;., MARIUS BERLIET;M;4573440;486629;690
201500048787;15;9;15;1433;1;2;3;8;3;388;ANTOINE LUMIERE;;;;690
201500048788;15;9;15;1540;1;2;3;1;6;383;., ANDRE PHILIP;;;;690
201500048789;15;9;17;820;1;2;1;3;3;388;10, ETATS UNIS (DES);;;;690
201500048790;15;9;16;1210;1;2;2;6;3;386;99, BELGES (DES);;;;690
201500048791;15;9;3;2105;5;2;1;1;6;387;., GAMBETTA;;;;690
201500048792;15;9;18;1800;1;2;2;1;2;388;EDMOND MICHELET;M;0;0;690
201500048793;15;9;19;2230;5;2;1;1;6;259;16, JEAN CAGNE;M;4569100;487775;690
201500048794;15;9;20;315;5;2;2;1;7;386;., SERBIE (DE);M;0;0;690
201500048795;15;9;20;1050;1;2;1;1;3;383;179, RICHARD VITTON;;;;690
201500048796;15;9;20;2020;5;2;1;1;3;259;108, JULES GUESDE;;;;690
201500048797;15;9;21;1723;1;2;1;1;6;388;139, PINEL;;;;690
201500048798;15;9;21;1950;2;2;3;1;1;259;., ALBERT EINSTEIN;M;4569678;487684;690
201500048799;15;9;23;1530;1;2;1;1;3;199;JEAN JAURES;;;;690
201500048800;15;9;23;1815;1;2;2;1;6;259;., MAURICE RAVEL;;;;690
201500048801;15;9;23;2335;5;2;2;1;3;259;., AMBROISE CROIZAT;;;;690
201500048802;15;9;24;945;1;2;3;1;1;383;FELIX FAURE;;;;690
201500048803;15;9;23;1900;1;2;1;8;6;388;BERTY ALBRECHT;M;0;0;690
201500048804;15;9;24;1810;1;2;1;1;6;199;94, JEAN JAURES;;;;690
201500048805;15;9;26;2107;5;2;1;1;6;383;43, MARIUS VIVIER MERLE;M;0;0;690
201500048806;15;9;27;2240;5;2;1;1;3;383;1, LAC (DU);;;;690
201500048807;15;9;28;1420;1;2;2;1;3;383;., CHATEAU (DU);;;;690
201500048808;15;9;28;1855;1;2;1;7;6;199;NOEL DESCORMES;M;4570560;485818;690
201500048809;15;9;28;1940;3;2;1;1;3;383;116, DAUPHINE (DU);;;;690
201500048810;15;9;29;1650;1;2;1;1;6;383;155, LACASSAGNE;;;;690
201500048811;15;9;29;2010;4;2;1;1;3;259;103, IRENE JOLIOT CURIE;;;;690
201500048812;15;9;30;1330;1;2;1;1;6;259;., LEON SUBLET;;;;690
201500048813;15;9;30;1950;5;2;1;1;3;386;., GARIBALDI;;;;690
201500048814;15;10;1;1154;1;2;1;1;3;383;DOCTEUR BOUCHUT (DU);M;0;0;690
201500048815;15;10;1;1300;1;2;1;1;6;387;6, DEPERET;M;4575230;483968;690
201500048816;15;10;2;1300;1;2;2;1;3;259;., JACQUES DUCLOS;;;;690
201500048817;15;10;2;2225;5;2;2;1;3;387;JEAN JAURES;M;0;0;690
201500048818;15;10;3;10;5;2;2;1;3;387;PERE CHEVRIER (DU);M;0;0;690
201500048819;15;10;3;1245;1;2;1;2;6;386;28, JULES FAVRE;;;;690
201500048820;15;10;3;1830;1;2;3;3;6;387;PRE GAUDRY;M;0;0;690
201500048821;15;10;5;1400;1;2;2;1;4;387;MARSEILLE (DE);M;0;0;690
201500048822;15;10;6;915;1;2;3;2;3;199;43, CARNOT;;;;690
201500048823;15;10;6;2005;5;2;1;2;2;259;20, LENINE;;;;690
201500048824;15;10;7;805;1;2;2;1;6;383;77, PROFESSEUR ROCHAIX (;;;;690
201500048825;15;10;7;745;2;2;2;1;6;383;., CLAUDIUS PIONCHON;;;;690
201500048826;15;10;7;825;1;2;2;1;3;388;., VIVIANI;;;;690
201500048827;15;10;7;1840;1;2;2;1;3;387;., SEBASTIEN GRYPHE;;;;690
201500048828;15;10;7;1615;1;2;3;1;3;387;., TONY GARNIER;M;4572784;482399;690
201500048829;15;10;8;900;1;2;4;1;3;388;., GENERAL FRERE (DU);;;;690
201500048830;15;10;7;2020;5;2;1;1;3;388;109, VIENNE (DE);M;4573040;485066;690
201500048831;15;10;8;1630;1;2;2;1;6;388;ST MAURICE;M;4573230;487120;690
201500048832;15;10;6;1225;1;2;6;8;1;386;VAUBAN;;;;690
201500048833;15;10;9;1255;1;2;1;1;2;387;24, YVES FARGES;M;0;0;690
201500048834;15;10;9;1415;1;2;2;1;6;386;., VERGUIN;;;;690
201500048835;15;10;6;1145;1;2;2;3;6;387;JEAN JAURES;M;0;0;690
201500048836;15;10;9;1455;1;2;2;1;3;388;., AMBROISE PARE;;;;690