num_acc;an;mois;jour;hrmn;lum;agg;int;atm;col;com;adr;gps;lat;long;dep
201500048837;15;10;10;905;1;2;1;1;1;199;85, YVES FARGE;;;;690
201500048838;15;10;11;10;5;2;2;1;6;199;PARMENTIER;M;4570590;486156;690
201500048839;15;10;11;112;5;2;2;1;2;383;308, LAFAYETTE;;;;690
201500048840;15;10;11;1325;1;2;1;1;3;388;1, CATHERINE FAVRE;M;0;0;690
201500048841;15;10;11;1358;1;2;2;1;3;387;., MARC BLOCH;M;4573550;484193;690
201500048842;15;10;11;30;5;2;1;1;2;386;5, GRANDE BRETAGNE (DE);M;4577560;484910;690
201500048843;15;10;11;2230;5;2;3;1;3;388;., SEIGNEMARTIN;;;;690
201500048844;15;10;12;910;1;2;2;1;3;383;256, PAUL BERT;;;;690
201500048845;15;10;12;1645;1;2;1;1;3;386;., JULES FERRY;;;;690
201500048846;15;10;12;1630;1;2;2;1;3;388;112, ALBERT THOMAS;M;0;0;690
201500048847;15;10;13;1655;1;2;1;8;5;259;., ALBERT EINSTEIN;;;;690
201500048848;15;10;13;1830;1;2;2;8;6;383;60, GAMBETTA;;;;690
201500048849;15;10;13;1915;5;2;2;1;3;387;., LOUIS DANSARD;M;4575381;484409;690
201500048850;15;10;14;1835;2;2;2;1;3;383;., CREQUI (DE);;;;690
201500048851;15;10;15;1200;1;2;1;1;6;383;., PAUL BERT;M;4574790;484893;690
201500048852;15;10;16;1520;1;2;2;1;3;259;., AMBROISE CROIZAT;;;;690
201500048853;15;10;16;1635;1;2;1;1;6;383;45, LIBERTE (DE LA);;;;690
201500048854;15;10;16;1630;1;2;1;1;1;388;3, BATAILLE;;;;690
201500048855;15;10;17;1510;1;2;1;1;1;388;358, VIENNE (DE);M;0;0;690
201500048856;15;10;18;630;5;2;2;1;6;387;., GALLIENI;M;4574790;483835;690
201500048857;15;10;18;1530;1;2;1;1;6;386;., GARIBALDI;;;;690
201500048858;15;10;18;1655;1;2;2;1;3;386;., VIABERT (DE LA);;;;690
201500048859;15;10;19;1240;1;2;2;1;3;259;., MARCEL CACHIN;;;;690
201500048860;15;10;19;1400;1;2;2;1;3;386;., VENDOME;;;;690
201500048861;15;10;20;1948;2;2;1;1;6;259;89, FRANCIS DE PRESSENSE;;;;690
201500048862;15;10;19;1940;2;2;1;1;2;388;9, FRERES LUMIERE (DES);M;4573970;486819;690
201500048863;15;10;21;845;1;2;3;1;3;199;., CARNOT;;;;690
201500048864;15;10;22;1640;1;2;2;1;2;387;371, GARIBALDI;M;0;0;690
201500048865;15;10;23;815;1;2;2;1;3;259;., VAILLANT COUTURIER;;;;690
201500048866;15;10;24;1030;1;2;2;1;3;388;., ROCHAMBEAU;;;;690
201500048867;15;10;23;1930;5;2;1;1;4;387;56, CHEVREUL;M;0;0;690
201500048868;15;10;24;1844;2;2;1;1;3;199;., CARNOT;;;;690
201500048869;15;10;25;410;5;2;1;1;2;387;., TONY GARNIER;M;0;0;690
201500048870;15;10;28;1458;1;2;1;3;3;387;198, JEAN JAURES;M;0;0;690
201500048871;15;10;28;1950;2;2;1;2;3;383;., VICTOR AUGAGNEUR;;;;690
201500048872;15;10;29;1815;2;2;1;1;3;383;., MARIUS VIVIER MERLE;;;;690
201500048873;15;10;30;1340;1;2;1;1;4;259;44, PARMENTIER;M;4570120;488996;690
201500048874;15;10;31;1350;1;2;2;1;3;383;300, PAUL BERT;M;0;0;690
201500048875;15;11;1;705;1;2;1;5;6;259;6, 19 MARS 1962 (DU);;;;690
201500048876;15;11;2;803;1;2;1;5;4;259;20, IRENE JOLIOT CURIE;;;;690
201500048877;15;11;2;1200;1;1;1;1;6;259;2, ANDRE SENTUC;;;;690
201500048878;15;11;2;1345;1;2;1;1;1;383;., MARTYRS DE LA RESISTA;;;;690
201500048879;15;11;2;1425;1;2;2;1;3;387;33, YVES FARGES;M;0;0;690
201500048880;15;11;2;1615;1;2;2;1;3;383;., LACASSAGNE;;;;690
201500048881;15;11;3;730;2;2;1;1;1;383;GEORGES POMPIDOU;M;0;0;690
201500048882;15;11;3;1000;1;2;3;1;1;388;., AMBROISE COURTOIS;;;;690
201500048883;15;11;3;1310;1;2;3;1;3;259;., JULES GUESDE;M;4571945;488645;690
201500048884;15;11;3;1555;1;2;2;1;6;387;52, CHEVREUL;M;0;0;690
201500048885;15;11;3;2215;5;2;1;1;6;387;., LECLERC;;;;690
201500048886;15;11;4;920;1;2;1;1;3;383;GAMBETTA;;;;690
201500048887;15;11;4;1645;1;2;1;8;4;259;37, PAUL BERT;M;4570097;488869;690
201500048888;15;11;5;1035;1;2;1;1;6;383;49, LACASSAGNE;;;;690
201500048889;15;11;5;1040;1;2;1;1;6;387;65, YVES FARGES;M;0;0;690
201500048890;15;11;5;1415;1;2;3;1;6;259;18, GABRIEL FAURE;;;;690
201500048891;15;11;5;1820;5;2;9;1;6;383;CREQUI (DE);;;;690
201500048892;15;11;6;1730;2;2;1;1;6;388;44, TUILIERS (DES);;;;690
201500048893;15;11;7;521;5;2;2;1;3;388;JEAN XXIII;M;0;0;690
201500048894;15;11;6;1650;1;2;1;1;4;388;108, PROFESSEUR BEAUVISA;M;4573370;487852;690
201500048895;15;11;7;640;5;2;1;1;6;387;34, VIVIER (DU);M;0;0;690
201500048896;15;11;7;1715;2;2;2;1;6;388;BATAILLE;M;4574760;488152;690
201500048897;15;11;8;225;5;2;1;1;2;387;LECLERC;M;4573520;482876;690
201500048898;15;11;9;1650;1;2;1;1;6;388;22, PROFESSEUR TAVERNIER;;;;690
201500048899;15;11;4;1140;1;2;1;2;6;259;44, AMBROISE CROIZAT;M;4570000;488333;690
201500048900;15;11;10;1345;1;2;2;1;3;386;SEZE (DE);;;;690
201500048901;15;11;11;115;5;2;2;1;3;386;JULES FAVRE;;;;690
201500048902;15;11;11;2110;5;2;1;1;6;386;23, ANATOLE FRANCE;;;;690
201500048903;15;11;12;1330;1;2;1;1;6;388;13, VIVIANI;M;0;0;690
201500048904;15;11;13;805;1;2;1;1;6;383;294, LAFAYETTE;;;;690
201500048905;15;11;13;955;1;1;1;1;6;388;12, ROCKEFELLER;M;0;0;690
201500048906;15;11;13;2045;5;2;1;1;3;388;ALOUETTES;;;;690
201500048907;15;11;14;1110;1;2;1;1;6;388;89, FRERES LUMIERE (DES);M;4573900;486687;690
201500048908;15;11;15;710;2;2;2;1;5;383;ABONDANCE (DE L');M;0;0;690
201500048909;15;11;15;2200;5;2;2;1;3;386;11, NEY;;;;690
201500048910;15;11;16;930;1;2;1;1;3;383;30, VICTOR AUGAGNEUR;M;4575740;484070;690
201500048911;15;11;16;1400;1;2;2;1;2;388;112, ETATS UNIS (DES);M;0;0;690
201500048912;15;11;16;1530;1;2;1;1;3;259;SAVOIES (DES);;;;690
201500048913;15;11;16;2245;5;2;1;1;2;387;DEBOURG;;;;690
201500048914;15;10;6;1100;1;2;2;3;6;386;5, SEZE (DE);M;4577150;485450;690
201500048915;15;11;17;850;1;2;2;1;3;388;FRANCIS DE PRESSENSE;;;;690
201500048916;15;11;17;845;1;2;1;1;6;383;VILLETTE (DE LA);;;;690
201500048917;15;11;18;635;5;2;1;1;6;383;161, ALBERT THOMAS;;;;690
201500048918;15;11;18;810;1;2;1;1;6;259;2, IRENE JOLIOT CURIE;M;4572220;487253;690
201500048919;15;11;18;930;1;2;1;1;4;259;57, REPUBLIQUE (DE LA);;;;690
201500048920;15;11;20;1830;5;2;1;1;1;383;68, GAMBETTA;;;;690
201500048921;15;11;21;1725;5;2;1;1;6;388;24, PROFESSEUR TAVERNIER;;;;690
201500048922;15;11;21;2047;5;1;1;9;6;259;, IRENE JOLIOT CURIE;M;4572200;487420;690
201500048923;15;11;23;1930;5;2;1;1;6;383;58, SERVIENT;;;;690
201500048924;15;11;24;1910;5;2;1;1;6;259;JULES GRANDCLEMENT;;;;690
201500048925;15;11;25;845;1;2;1;2;3;383;GAMBETTA;;;;690
201500048926;15;11;25;915;1;2;2;2;6;383;, DOCTEUR LONG (DU);;;;690
201500048927;15;11;26;1145;1;2;1;1;3;259;70, ROGER SALENGRO;;;;690
201500048928;15;11;26;1430;1;2;2;8;3;383;SERVIENT;;;;690
201500048929;15;11;26;1750;5;2;1;2;5;383;MARIUS VIVIER MERLE;;;;690
201500048930;15;11;27;853;1;2;2;1;6;199;CHARLES PLASSE;;;;690
201500048931;15;11;28;20;5;2;1;1;7;387;55, TONY GARNIER;;;;690
201500048932;15;11;27;1810;5;2;1;1;6;386;90, BELGES (DES);;;;690
201500048933;15;11;28;945;1;2;2;2;3;386;70, BELLECOMBE (DE);;;;690
201500048934;15;11;29;1318;1;1;1;8;6;383;GABRIEL PERI;;;;690
201500048935;15;11;30;700;5;2;1;1;6;383;2, LACASSAGNE;;;;690
201500048936;15;11;27;1540;1;2;3;1;3;388;ANDRE LATARJET;;;;690
201500048937;15;11;30;1310;1;2;1;1;6;386;BROTTEAUX (DES);;;;690
201500048938;15;12;1;2300;5;2;2;1;3;387;PARMENTIER;M;4573730;484434;690
201500048939;15;12;2;715;5;2;1;1;6;386;LAFAYETTE;;;;690
201500048940;15;12;2;1200;1;2;3;1;3;387;6, CROIX BARRET (DE LA);;;;690
201500048941;15;11;20;1010;1;2;2;1;3;259;0, EUGENE PELOUX;;;;690
201500048942;15;12;3;815;1;2;1;1;4;259;12, IRENE JOLIOT CURIE;;;;690
201500048943;15;12;6;205;3;2;1;1;6;276;VIENNE (DE);;;;690
201500048944;15;12;6;1820;5;2;1;1;6;387;94, DEBOURG;M;4572850;483225;690
201500048945;15;12;7;1300;1;2;1;1;4;388;123, CHALLEMEL LACOUR;;;;690
201500048946;15;12;8;705;5;2;2;1;6;383;161, LACASSAGNE;;;;690
201500048947;15;12;8;1130;1;2;9;1;6;259;IRENE JOLIOT CURIE;;;;690
201500048948;15;12;8;1830;5;2;1;1;3;383;DOCTEUR BOUCHUT (DU);;;;690
201500048949;15;12;9;1525;1;2;2;1;6;388;63, FRERES LUMIERE (DES);;;;690
201500048950;15;12;11;2110;5;2;1;1;3;387;GERLAND (DE);;;;690
201500048951;15;12;12;750;1;2;1;1;6;259;MARCEL CACHIN;;;;690
201500048952;15;12;12;930;1;2;2;1;1;259;FRANCIS DE PRESSENSE;;;;690
201500048953;15;12;12;1905;5;2;1;1;3;388;ETATS UNIS (DES);;;;690
201500048954;15;12;12;1115;1;2;1;1;2;259;233, PINEL;M;4572410;488859;690
201500048955;15;12;13;1500;1;2;3;1;6;259;FRANCIS DE PRESSENSE;;;;690
201500048956;15;12;13;2345;5;2;1;1;3;383;VILLETTE (DE LA);M;4576364;486217;690
201500048957;15;12;9;1120;1;2;2;1;3;387;102, JEAN JAURES;M;4574370;484094;690
201500048958;15;12;14;950;1;2;2;1;3;276;MAIRIE (DE LA);;;;690
201500048959;15;12;14;1350;1;2;1;1;6;383;125, LACASSAGNE;M;0;0;690
201500048960;15;12;16;1030;1;2;1;1;3;383;05, CHATEAU (DU);;;;690
201500048961;15;12;11;930;1;2;1;1;6;259;96, FRANCIS DE PRESSENSE;;;;690
201500048962;15;12;16;1530;1;2;3;1;3;386;66, MONTGOLFIER;;;;690
201500048963;15;12;17;1650;2;2;2;1;2;383;47, GAMBETTA;;;;690
201500048964;15;12;17;2030;5;2;1;1;3;383;LACASSAGNE;M;4574837;487954;690
201500048965;15;12;18;150;5;2;2;1;1;387;174, GERLAND (DE);M;0;0;690
201500048966;15;12;11;1800;2;2;1;1;2;383;162, GENAS (DE);;;;690
201500048967;15;12;20;1500;1;1;2;1;6;388;82, JEAN SARRAZIN;;;;690
201500048968;15;12;13;305;5;2;5;1;3;386;., LOUIS BLANC;;;;690
201500048969;15;12;22;1215;1;2;2;1;3;387;., UNIVERSITE (DE L');;;;690
201500048970;15;12;22;1350;1;2;1;1;6;383;31, VICTOR AUGAGNEUR;;;;690
201500048971;15;12;22;1500;1;2;2;1;4;388;PIERRE DELORE;;;;690
201500048972;15;12;22;1500;1;2;1;1;4;388;48, ROCKEFELLER;;;;690
201500048973;15;12;22;1735;5;2;1;1;1;387;28, GIRONDINS (DES);;;;690
201500048974;15;12;23;1115;1;2;1;1;6;383;DAUPHINE (DU);;;;690
201500048975;15;12;22;1900;5;2;1;1;6;259;136, IRENE JOLIOT CURIE;M;4571569;487811;690
201500048976;15;12;23;1610;1;2;1;1;6;388;26, HENRI BARBUSSE;;;;690
201500048977;15;12;25;1815;5;2;1;1;3;388;52, EPARGNE (DE L');;;;690
201500048978;15;12;22;1100;1;2;2;1;3;388;47, JEAN SARRAZIN;M;0;0;690
201500048979;15;12;27;110;5;2;1;1;6;387;18, GAMBETTA;M;4573870;484113;690
201500048980;15;12;26;1215;1;2;1;1;3;259;IRENE JOLIOT CURIE;;;;690
201500048981;15;12;30;1545;1;2;2;1;3;387;, MARIE MADELEINE FOURCA;;;;690
201500048982;15;12;31;1400;1;2;1;1;3;383;, PAUL BERT;;;;690
201500048983;15;12;31;1430;1;2;1;1;6;259;IRENE JOLIOT CURIE;M;4570960;488502;690
201500048984;15;2;9;1920;5;2;2;1;3;383;139, AVENUE MARECHAL DE;;;;690
201500048985;15;2;9;1030;1;2;1;1;6;384;RUE CHAZIERE;;;;690
201500048986;15;2;10;1540;1;2;1;1;6;384;14, RUE HERMANN SABRAN;;;;690
201500048987;15;2;19;1530;1;2;1;1;3;384;PONT GEORGES CLEMENCEAU;;;;690
201500048988;15;2;24;2250;5;2;1;9;6;384;18, COURS D HERBOUVILLE;;;;690
201500048989;15;1;4;1745;1;1;1;1;6;249;ROCADE A 630;M;4488481;-51529;330
201500048990;15;1;5;405;3;1;1;1;6;90;AUTOROUTE A 63;M;4477159;-65897;330
201500048991;15;1;6;810;2;1;1;1;4;318;ROCADE A 630;M;4478831;-62960;330
201500048992;15;1;6;815;3;1;1;1;4;318;ROCADE A 630;M;4478885;-62299;330
201500048993;15;1;6;1205;1;1;1;2;6;167;ROUTE NATIONALE 230;M;4482423;-51092;330
201500048994;15;12;22;1835;5;1;1;1;1;550;ROCADE A 630;M;4477999;-57595;330
201500048995;15;1;10;610;3;1;1;2;6;65;ROUTE NATIONALE 230;M;4481679;-52074;330
201500048996;15;12;22;1520;1;1;1;1;6;122;AUTOROUTE A 63;M;4474179;-70900;330
201500048997;15;1;11;1320;1;1;1;1;6;318;ROCADE A 630;M;4478967;-64578;330
201500048998;15;12;26;1858;3;1;1;1;2;397;AUTOROUTE A 10;M;4491669;-47751;330
201500048999;15;12;30;1500;1;1;1;1;2;249;AUTOROUTE A 10;M;4488706;-50616;330
201500049000;15;12;30;1810;5;1;1;1;7;249;ROUTE NATIONALE 230;M;4487127;-50605;330
201500049001;15;1;15;1920;3;1;1;2;6;192;ROCADE A 630;M;4478935;-61687;330
201500049002;15;1;17;1545;1;1;1;2;5;63;ROCADE A 630;M;4488244;-55014;330
201500049003;15;1;19;750;4;1;1;2;6;39;ROCADE A 631;M;4481429;-53534;330
201500049004;15;1;19;1610;1;1;1;2;6;249;ROCADE A 630;M;4488481;-51525;330
201500049005;15;1;19;1645;1;1;1;2;6;249;ROCADE A 630;M;4488481;-51525;330
201500049006;15;1;19;2000;3;1;1;2;5;249;ROCADE A 630;M;4488481;-51525;330
201500049007;15;1;20;2015;5;1;1;1;6;39;ROCADE A 630;M;4479590;-53896;330
201500049008;15;1;21;835;1;1;1;2;6;162;ROCADE A 630;M;4487448;-63678;330
201500049009;15;1;22;1635;1;1;1;1;6;550;AUTOROUTE A 62;M;4475930;-54647;330
201500049010;15;1;24;1635;1;1;1;2;5;39;ROCADE A 630;M;4479416;-53969;330
201500049011;15;1;25;25;1;1;1;1;6;448;AUTOROUTE A 62;M;4469944;-50078;330
201500049012;15;1;26;805;2;1;1;1;6;281;ROCADE A 630;M;4485672;-66298;330
201500049013;15;1;26;1025;1;1;1;8;6;366;AUTOROUTE A 10;M;4500068;-42680;330
201500049014;15;1;28;820;2;1;1;2;3;162;ROCADE A 630;M;4487189;-64132;330
201500049015;15;1;29;920;1;1;1;3;4;90;AUTOROUTE A 63;M;4475986;-68027;330
201500049016;15;1;30;1810;2;1;1;1;6;550;AUTOROUTE A 62;M;4476189;-54748;330
201500049017;15;1;31;1125;1;1;1;1;5;63;ROCADE A 630;M;4488169;-54615;330
201500049018;15;2;6;1810;2;1;1;1;6;550;AUTOROUTE A 62;M;4476189;-54748;330
201500049019;15;2;7;500;5;1;1;1;6;119;ROUTE NATIONALE 230;M;4485165;-50470;330
201500049020;15;2;10;640;1;1;1;1;7;143;AUTOROUTE A 10;M;4495773;-44842;330
201500049021;15;2;11;800;2;1;1;1;5;550;AUTOROUTE A 62;M;4476189;-54748;330
201500049022;15;2;12;740;2;1;1;1;1;63;ROCADE A630;M;4488267;-55132;330
201500049023;15;2;12;800;1;1;1;1;6;63;ROCADE A 630;M;4488130;-54380;330
201500049024;15;2;17;830;1;1;1;1;1;366;AUTOROUTE A 10;M;4498586;-42746;330
201500049025;15;2;19;727;1;1;1;1;6;192;ROCADE A 630;M;4478936;-61675;330
201500049026;15;2;18;1525;1;1;1;1;1;192;AUTOROUTE A 63;M;4477923;-64083;330
201500049027;15;2;23;1735;1;1;1;1;2;39;ROCADE A 630;M;4479005;-54081;330
201500049028;15;2;25;1600;1;1;1;1;5;249;ROCADE A 630;M;4488319;-52090;330
201500049029;15;2;26;735;3;1;1;1;2;39;ROCADE A 631;M;4481159;-53328;330
201500049030;15;2;26;945;1;1;1;1;6;23;AUTOROUTE A 62;M;4469393;-49637;330
201500049031;15;2;27;800;1;1;1;1;6;39;ROCADE A 630;M;4479590;-53896;330
201500049032;15;2;27;1535;1;1;1;1;6;249;ROCADE A 630;M;4488011;-53788;330
201500049033;15;2;28;1530;1;1;1;1;6;192;ROCADE A 630;M;4478970;-61258;330
201500049034;15;3;1;1040;1;1;1;2;6;63;ROCADE A 630;M;4488601;-56544;330
201500049035;15;3;6;850;1;1;1;1;6;192;ROCADE A 630;M;4478946;-61561;330
201500049036;15;3;6;1035;1;1;1;1;6;80;AUTOROUTE A 62;M;4472378;-52496;330
201500049037;15;3;6;1705;1;1;1;1;6;281;ROCADE A 630;M;4481586;-67297;330
201500049038;15;3;6;1745;1;1;1;1;6;249;ROUTE NATIONALE 230;M;4487918;-50970;330
201500049039;15;3;7;1350;1;1;1;1;6;75;ROCADE A 630;M;4489010;-61481;330
201500049040;15;3;11;1640;1;1;1;1;6;63;ROCADE A 630;M;4488156;-54540;330
201500049041;15;3;12;1910;5;1;1;1;6;65;ROUTE NATIONALE 230;M;4480686;-52799;330
201500049042;15;3;13;1550;1;1;1;1;5;192;ROCADE A 630;M;4478865;-60147;330
201500049043;15;3;15;1210;1;1;1;1;6;281;ROCADE A 630;M;4483037;-67606;330
201500049044;15;3;16;845;1;1;1;8;6;75;ROCADE A 630;M;4487322;-62849;330
201500049045;15;3;17;1715;1;1;1;1;1;65;ROUTE NATIONALE 230;M;4481641;-52075;330
201500049046;15;3;17;1450;1;1;1;1;6;281;ROCADE A 630;M;4485591;-66355;330
201500049047;15;3;24;1930;4;1;1;2;3;75;ROCADE A 630;M;4488980;-61643;330
201500049048;15;3;25;810;1;1;1;1;6;162;ROCADE A 630;M;4486839;-64730;330
201500049049;15;3;25;825;1;1;1;1;6;65;ROUTE NATIONALE 230;M;4480865;-52525;330
201500049050;15;3;28;1050;1;1;1;2;6;63;ROCADE A 630;M;4488207;-54813;330
201500049051;15;3;28;1000;1;1;1;2;6;63;ROCADE A 630;M;4488656;-56776;330
201500049052;15;3;30;2015;1;1;1;2;6;192;ROCADE A 630;M;4478963;-60516;330
201500049053;15;4;7;840;1;1;1;1;6;281;ROCADE A 630;M;4481738;-67308;330
201500049054;15;4;11;750;1;1;1;2;6;63;ROCADE A 630;M;4488500;-56108;330
201500049055;15;4;11;2138;4;1;1;1;6;162;ROCADE A 630;M;4486303;-65614;330
201500049056;15;4;13;1405;1;1;1;1;6;65;ROUTE NATIONALE 230;M;4481417;-52061;330
201500049057;15;4;13;1845;1;1;1;1;3;13;ROUTE NATIONALE 230;M;4486871;-50483;330
201500049058;15;4;14;1820;1;1;1;1;6;75;ROCADE A630;M;4488960;-60338;330
201500049059;15;4;15;1425;1;1;1;1;6;3;AUTOROUTE A 10;M;4492848;-47038;330
201500049060;15;4;17;1425;1;1;1;1;6;90;AUTOROUTE A 63;M;4475987;-68056;330
201500049061;15;4;18;1447;1;1;1;1;6;143;AUTOROUTE A 10;;;;330
201500049062;15;4;21;1820;1;1;1;1;6;122;AUTOROUTE A 63;M;4474672;-70063;330
201500049063;15;4;23;1030;1;1;1;8;6;23;AUTOROUTE A 62;M;4469707;-49869;330
201500049064;15;4;24;1800;1;1;1;1;2;143;AUTOROUTE A 10;M;4497670;-43224;330
201500049065;15;4;28;1225;1;1;1;1;2;192;ROCADE A 630;;;;330
201500049066;15;5;2;625;2;1;1;8;6;550;ROCADE A 630;M;4447768;-55883;330
201500049067;15;5;3;1030;1;1;1;1;1;281;ROCADE A 630;M;4485430;-66467;330
201500049068;15;5;5;1410;1;1;1;1;6;550;ROCADE A 630;M;4478236;-58542;330
201500049069;15;5;6;1635;1;1;1;1;6;281;ROCADE A 630;M;4483035;-67605;330
201500049070;15;5;11;715;1;1;1;8;3;122;AUTOROUTE A 63;;;;330
201500049071;15;5;11;1150;1;1;1;1;2;122;AUTOROUTE A 63;;;;330
201500049072;15;5;12;1205;1;1;1;1;3;550;ROCADE A 630;;;;330
201500049073;15;5;12;1745;1;1;1;1;5;192;AUTOROUTE A 63;M;4478890;-62032;330
201500049074;15;5;13;845;1;1;1;1;4;13;ROUTE NATIONALE 230;M;4485558;-50509;330
201500049075;15;5;15;110;5;1;1;3;6;13;RN 230;M;4486843;-50273;330
201500049076;15;5;17;630;1;1;1;1;6;192;ROCADE A 630;M;4478729;-59839;330
201500049077;15;5;17;1930;1;1;1;1;6;249;ROCADE A 630;M;4488183;-52285;330
201500049078;15;5;19;720;1;1;1;1;6;39;ROCADE A 630;M;4480119;-53469;330
201500049079;15;5;26;1905;1;1;1;1;6;75;ROCADE A 630;M;4488949;-61758;330
201500049080;15;5;28;720;1;1;1;1;4;550;ROCADE A 630;M;4477822;-55527;330
201500049081;15;5;28;900;1;1;1;1;6;75;ROCADE A 630;M;4488944;-60250;330
201500049082;15;5;28;1215;1;1;1;1;6;281;ROCADE A 630;M;4483480;-67667;330
201500049083;15;5;29;1650;1;1;1;1;6;162;ROCADE A 630;M;4487600;-63413;330
201500049084;15;6;2;1530;1;1;1;1;6;80;AUTOROUTE A 62;M;4475537;-54440;330
201500049085;15;6;4;610;1;1;1;1;6;65;ROUTE NATIONALE 230;M;4481152;-52176;330
201500049086;15;6;8;1645;1;1;1;1;2;281;ROCADE A 630;M;4483336;-67657;330
201500049087;15;6;10;1330;1;1;1;2;5;75;ROCADE A 630;M;4489018;-61403;330
201500049088;15;6;11;1335;1;1;1;1;6;65;ROUTE NATIONALE 230;M;4480790;-52640;330
201500049089;15;6;12;1800;1;1;1;1;3;249;ROCADE A 630;M;4488062;-52461;330
201500049090;15;6;16;845;1;1;1;1;3;550;ROCADE A 630;M;4478080;-57960;330
201500049091;15;6;13;1030;1;1;1;1;6;122;AUTOROUTE A 63;M;4474425;-70463;330
201500049092;15;6;16;2000;1;1;1;1;1;249;ROUTE NATIONALE 230;M;4487087;-50585;330
201500049093;15;6;17;1600;1;1;1;1;4;192;ROCADE A 630;M;4478468;-59211;330
201500049094;15;6;18;1900;1;1;1;1;6;281;ROCADE A 630;M;4483480;-67667;330
201500049095;15;6;18;2300;5;1;1;1;5;397;AUTOROUTE A 10;M;4491669;-47751;330
201500049096;15;6;20;945;1;1;1;1;2;65;ROUTE NATIONALE 230;M;4480974;-52447;330
201500049097;15;6;23;840;1;1;1;1;6;39;RN 230;M;4480382;-53255;330
201500049098;15;6;23;1310;1;1;1;1;6;23;AUTOROUTE A 62;M;4469411;-49624;330
201500049099;15;6;24;1535;1;1;1;1;6;162;ROCADE A 630;M;4487791;-63050;330
201500049100;15;6;24;1740;1;1;1;1;5;550;ROCADE A 630;M;4477808;-55614;330
201500049101;15;6;25;810;1;1;1;1;2;96;AUTOROUTE A 10;M;4489892;-49478;330
201500049102;15;6;25;840;1;1;1;1;6;63;ROCADE A 630;M;4488043;-53938;330
201500049103;15;6;27;835;1;1;1;1;6;39;ROCADE A 630;M;4479409;-53968;330
201500049104;15;6;30;1850;1;1;1;1;6;318;ROCADE A 630;M;4478880;-62631;330
201500049105;15;7;2;2020;1;1;1;1;6;122;AUTOROUTE A 63;M;4473332;-72206;330
201500049106;15;7;4;630;1;1;1;1;6;281;ROCADE A 630;M;4483213;-67650;330
201500049107;15;7;4;1100;1;1;1;1;6;75;ROCADE A 630;M;4488924;-60013;330
201500049108;15;7;4;1440;1;1;1;1;6;192;ROCADE A 630;M;4478906;-60276;330
201500049109;15;7;6;845;1;1;1;1;5;550;ROCADE A 630;M;4477816;-55673;330
201500049110;15;7;6;1825;1;1;1;1;6;39;ROCADE A 630;M;4480319;-53297;330
201500049111;15;7;7;1015;1;1;1;1;6;550;ROCADE A 630;M;4478672;-54150;330
201500049112;15;7;10;1755;1;1;1;1;6;281;ROCADE A 630;M;4485332;-66514;330
201500049113;15;7;11;950;1;1;1;1;7;397;AUTOROUTE A 10;M;4491121;-48605;330
201500049114;15;7;15;950;1;1;1;1;6;397;AUTOROUTE A 10;M;4490998;-48921;330
201500049115;15;7;15;1510;1;1;1;1;6;39;ROCADE A 630;M;4480319;-53297;330
201500049116;15;7;18;1105;1;1;1;1;6;122;AUTOROUTE A 63;M;4475431;-68875;330
201500049117;15;7;23;1455;1;1;1;1;4;80;AUTOROUTE A 62;M;4474819;-54011;330
201500049118;15;7;23;1530;1;1;1;1;5;39;ROCADE A 630;M;4479150;-54046;330
201500049119;15;7;25;1015;1;1;1;1;4;122;AUTOROUTE A 63;M;4475020;-69498;330
201500049120;15;7;27;1245;1;1;1;1;5;249;ROCADE A 630;M;4488240;-52207;330
201500049121;15;7;30;1920;1;1;1;1;6;63;ROCADE A 630;M;4488156;-54540;330
201500049122;15;7;31;1325;1;1;1;2;6;13;ROUTE NATIONALE 230;M;4486789;-50449;330
201500049123;15;7;31;1305;1;1;1;1;3;13;ROUTE NATIONALE 230;M;4484308;-50156;330
201500049124;15;8;1;1146;1;1;1;1;4;318;ROCADE A 630;M;4478781;-63586;330
201500049125;15;8;4;940;1;1;1;2;6;318;AUTOROUTE A 63;M;4478718;-62494;330
201500049126;15;8;4;1740;1;1;1;1;4;96;AUTOROUTE A 10;M;4488706;-50616;330
201500049127;15;8;5;1725;1;1;1;1;5;63;ROCADE A 630;M;4488034;-54154;330
201500049128;15;8;6;1515;1;1;1;1;4;397;AUTOROUTE A 10;M;4491132;-48584;330
201500049129;15;8;7;1315;1;1;1;1;5;65;ROUTE NATIONALE 230;M;4480883;-52497;330
201500049130;15;8;7;1452;1;1;1;1;3;162;ROCADE A 630;M;4486279;-65655;330
201500049131;15;8;9;1405;1;1;1;2;5;366;AUTOROUTE A 10;M;4498542;-42758;330
201500049132;15;8;10;135;3;1;1;1;6;75;ROCADE A 630;M;4488963;60515;330
201500049133;15;8;11;1600;1;1;1;7;1;397;AUTOROUTE A 10;M;4491917;-47609;330
201500049134;15;8;14;915;1;1;1;2;5;167;ROUTE NATIONALE 230;M;4482946;-50212;330
201500049135;15;8;20;1237;1;1;1;1;7;122;AUTOROUTE A 63;M;4472779;-72971;330
201500049136;15;8;23;20;5;1;1;1;6;550;ROCADE A 630;M;4478262;-58616;330