num_acc;an;mois;jour;hrmn;lum;agg;int;atm;col;com;adr;gps;lat;long;dep
201500049137;15;8;23;1000;1;1;1;1;3;550;ROCADE A 630;M;4477921;-55037;330
201500049138;15;8;25;1455;1;1;1;1;2;63;ROCADE A 630;M;4488607;-56568;330
201500049139;15;8;26;1715;1;1;1;1;3;397;AUTOROUTE A 10;M;4492002;-47567;330
201500049140;15;8;27;1320;1;1;1;1;3;39;ROCADE A 631;M;4480153;-53445;330
201500049141;15;8;27;1815;1;1;1;1;7;63;ROCADE A 630;M;4488192;-54733;330
201500049142;15;9;9;1120;1;1;1;1;2;550;ROCADE A 630;M;4478365;-58928;330
201500049143;15;9;11;1030;1;1;1;1;7;13;ROUTE NATIONALE 230;M;4484418;-50165;330
201500049144;15;9;11;1200;1;1;1;1;6;119;ROUTE NATIONALE 230;M;4485174;-50473;330
201500049145;15;9;12;420;5;1;1;3;6;119;ROUTE NATIONALE 230;M;4486580;-50404;330
201500049146;15;9;12;2310;3;1;1;1;7;63;ROCADE A 630;M;4488293;-55267;330
201500049147;15;9;14;750;1;1;1;2;3;550;AUTOROUTE A 62;M;4477127;-55527;330
201500049148;15;9;14;930;1;1;1;2;6;318;AUTOROUTE A 63;M;4478718;-62494;330
201500049149;15;9;14;900;1;1;1;8;6;192;AUTOROUTE A 63;M;4477966;-63982;330
201500049150;15;9;14;1650;1;1;1;2;6;249;ROCADE A 630;M;4488481;-51526;330
201500049151;15;9;15;1140;1;1;1;3;2;90;AUTOROUTE A 63;M;4476830;-66643;330
201500049152;15;9;16;1420;1;1;1;8;1;281;ROCADE A 630;M;4481511;-67283;330
201500049153;15;9;17;255;5;1;1;1;2;487;AUTOROUTE A 10;M;4493858;-46668;330
201500049154;15;9;17;825;1;1;1;2;4;63;ROCADE A 630;M;4488601;-56544;330
201500049155;15;9;17;855;1;1;1;2;1;162;ROCADE A 630;M;4487121;-64249;330
201500049156;15;9;17;2220;3;1;1;1;4;318;ROCADE A 630;M;4480204;-65869;330
201500049157;15;9;19;525;3;1;1;2;6;550;ROCADE A 630;M;4477805;-55634;330
201500049158;15;9;19;643;5;1;1;2;6;192;ROCADE A 630;M;4478969;-60560;330
201500049159;15;9;22;700;2;1;1;2;3;192;AUTOROUTE A 63;M;4478155;-63529;330
201500049160;15;9;23;2055;5;1;1;1;5;65;ROUTE NATIONALE 230;M;4481450;-52076;330
201500049161;15;9;25;1645;1;1;1;1;3;13;ROUTE NATIONALE 230;M;4484785;-50300;330
201500049162;15;9;27;1625;1;1;1;1;6;192;ROCADE A 630;M;4478963;-60516;330
201500049163;15;9;29;915;1;1;1;1;2;162;ROCADE A 630;M;4487791;-63050;330
201500049164;15;9;29;1100;1;1;1;1;5;318;ROCADE A 630;M;4478810;-63260;330
201500049165;15;9;29;1750;1;1;1;1;2;119;ROUTE NATIONALE 230;M;4486547;-50383;330
201500049166;15;9;30;735;2;1;1;1;4;39;ROUTE NATIONALE 230;M;4480323;-53320;330
201500049167;15;9;30;935;1;1;1;1;2;65;ROUTE NATIONALE 230;M;4481464;-52075;330
201500049168;15;10;1;850;1;1;1;1;6;550;ROCADE A 630;M;4478098;-58028;330
201500049169;15;10;1;1000;1;1;1;1;2;90;AUTOROUTE A 63;M;4477213;-65770;330
201500049170;15;10;2;940;1;1;1;1;2;318;ROCADE A 630;M;4480655;-66599;330
201500049171;15;10;3;600;5;1;1;3;6;487;AUTOROUTE A 10;M;4495270;-45870;330
201500049172;15;10;5;730;5;1;1;2;6;90;AUTOROUTE A 63;M;4477247;-65671;330
201500049173;15;10;6;425;5;1;1;1;6;366;AUTOROUTE A 10;M;4498612;-42741;330
201500049174;15;10;6;1650;1;1;1;1;5;192;ROCADE A 630;M;4478945;-61681;330
201500049175;15;10;7;904;1;1;1;2;4;63;ROCADE A 630;M;4488225;-54895;330
201500049176;15;10;9;1310;1;1;1;1;7;249;ROUTE NATIONALE 230;M;4488043;-51027;330
201500049177;15;10;8;1935;2;1;1;1;3;192;ROCADE A 630;M;4478935;-61687;330
201500049178;15;10;9;2140;3;1;1;1;6;119;ROUTE NATIONALE 230;M;4485056;-50422;330
201500049179;15;10;12;935;1;1;1;1;4;318;ROCADE A 630;M;4480562;-66447;330
201500049180;15;10;13;955;1;1;1;1;7;65;ROUTE NATIONALE 230;M;4480974;-52447;330
201500049181;15;10;14;750;2;1;1;1;5;65;ROUTE NATIONALE 230;M;4480775;-52662;330
201500049182;15;10;15;847;1;1;1;1;6;75;ROCADE A 630;M;4488999;-61549;330
201500049183;15;10;16;1740;1;1;1;1;4;167;ROUTE NATIONALE 230;M;4483396;-50019;330
201500049184;15;10;16;1915;1;1;1;1;3;281;ROCADE A 630;M;4482750;-67520;330
201500049185;15;10;19;305;3;1;1;1;2;366;AUTOROUTE A 10;M;4499060;-42721;330
201500049186;15;10;20;820;1;1;1;1;3;75;ROCADE A 630;M;4488905;-61862;330
201500049187;15;10;20;1720;1;1;1;1;1;63;ROCADE A 630;M;4488192;-54733;330
201500049188;15;10;22;920;1;1;1;2;6;65;ROUTE NATIONALE 230;M;4480752;-52698;330
201500049189;15;10;22;1737;1;1;1;1;2;80;AUTOROUTE A 62;M;4474624;-53915;330
201500049190;15;10;23;1545;1;1;1;1;4;281;ROCADE A 630;M;4484083;-67417;330
201500049191;15;10;26;1440;1;1;1;1;3;39;ROCADE A 630;M;4479632;-53869;330
201500049192;15;10;26;1600;1;1;1;1;4;318;ROCADE A 630;M;4478822;-63073;330
201500049193;15;10;26;1750;2;1;1;1;4;75;ROCADE A 630;M;4488881;-59335;330
201500049194;15;10;27;810;1;1;1;1;6;318;ROCADE A 630;M;4480167;-65809;330
201500049195;15;10;27;815;1;1;1;1;2;90;AUTOROUTE A 63;M;4476311;-67519;330
201500049196;15;10;27;1125;1;1;1;2;4;550;ROCADE A 630;M;4477749;-56199;330
201500049197;15;10;28;1803;5;1;1;1;7;318;AUTOROUTE A 63;M;4478718;-62494;330
201500049198;15;10;28;2315;5;1;1;1;6;63;ROCADE A 630;M;4488203;-54792;330
201500049199;15;10;31;2315;3;1;1;1;2;75;ROCADE A 630;M;4488823;-58515;330
201500049200;15;10;31;2330;5;1;1;1;6;318;ROCADE A 630;M;4479557;-65138;330
201500049201;15;11;1;1935;5;1;1;1;6;63;ROCADE A 630;M;4488170;-54615;330
201500049202;15;11;2;455;3;1;1;1;6;122;AUTOROUTE A 63;M;4474588;-70181;330
201500049203;15;11;2;700;1;1;1;1;4;487;AUTOROUTE A 10;M;4495117;-46124;330
201500049204;15;11;2;750;1;1;1;1;5;162;ROCADE A 630;M;4486784;-64825;330
201500049205;15;11;4;2030;3;1;1;1;6;90;AUTOROUTE A 63;M;4476159;-67761;330
201500049206;15;11;6;2000;3;1;1;1;2;249;ROUTE NATIONALE 230;M;4489100;-51014;330
201500049207;15;11;8;1816;2;1;1;1;4;39;ROCADE A 631;M;4480733;-53201;330
201500049208;15;11;9;245;5;1;1;1;6;119;ROUTE NATIONALE 230;M;4486692;-50421;330
201500049209;15;11;8;2025;5;1;1;1;3;487;AUTOROUTE A 10;M;4494828;-46422;330
201500049210;15;11;11;1830;3;1;1;1;2;162;ROCADE A 630;M;4487115;-64258;330
201500049211;15;11;12;1400;1;1;1;1;5;550;ROCADE A 630;M;4477974;-57471;330
201500049212;15;11;13;1645;1;1;1;2;6;162;ROCADE A 630;M;4487458;-63662;330
201500049213;15;11;13;1630;1;1;1;2;6;281;ROCADE A 630;M;4485213;-66619;330
201500049214;15;11;13;1840;5;1;1;2;3;550;ROCADE A 630;M;4478191;-58381;330
201500049215;15;11;13;2125;5;1;1;2;2;122;AUTOROUTE A 63;M;4474676;-70034;330
201500049216;15;11;14;1645;1;1;1;1;7;39;ROCADE A 631;M;4480613;-53192;330
201500049217;15;11;16;530;3;1;1;1;6;90;AUTOROUTE A 63;M;4476395;-67400;330
201500049218;15;11;16;715;3;1;1;1;7;448;AUTOROUTE A 62;M;4471327;-51649;330
201500049219;15;11;18;1745;2;1;1;2;3;75;ROCADE A 630;M;4488094;-62554;330
201500049220;15;11;19;800;2;1;1;2;3;535;ROUTE NATIONALE 230;M;4483177;-50076;330
201500049221;15;11;19;825;1;1;1;2;7;550;ROCADE A 630;M;4477853;-55374;330
201500049222;15;11;20;1530;1;1;1;8;3;167;ROUTE NATIONALE 230;M;4483537;-49985;330
201500049223;15;11;21;1025;1;1;1;2;6;63;ROCADE A 630;M;4488340;-55506;330
201500049224;15;11;25;2115;5;1;1;2;6;39;ROCADE A 630;M;4479673;-53841;330
201500049225;15;11;26;500;5;1;1;2;6;249;ROUTE NATIONALE 230;M;4486960;-50520;330
201500049226;15;11;26;1000;1;1;1;8;1;167;ROUTE NATIONALE 230;M;4482152;-51605;330
201500049227;15;11;26;1715;4;1;1;1;5;167;ROUTE NATIONALE 230;M;4484399;-50161;330
201500049228;15;11;29;805;2;1;1;1;6;119;ROUTE NATIONALE 230;M;4486438;-50394;330
201500049229;15;11;29;1940;5;1;1;2;6;3;AUTOROUTE A 10;M;4492741;-47108;330
201500049230;15;11;30;1215;1;1;1;1;3;318;AUTOROUTE A 63;M;4448718;-62494;330
201500049231;15;11;30;1250;1;1;1;1;3;39;ROCADE A 630;M;4447573;-53841;330
201500049232;15;12;1;728;3;1;1;5;2;75;ROCADE A 630;M;4489004;-61124;330
201500049233;15;12;1;910;1;1;1;5;5;487;AUTOROUTE A 10;M;4494744;-46467;330
201500049234;15;12;3;840;1;1;1;5;1;75;ROCADE A 630;M;4488623;-62141;330
201500049235;15;12;5;1505;1;1;1;1;5;397;AUTOROUTE A 10;M;4491669;-47751;330
201500049236;15;12;7;725;5;1;1;1;5;487;AUTOROUTE A 10;M;4495053;-46212;330
201500049237;15;12;7;815;2;1;1;1;3;249;ROCADE A 630;M;4487988;-53672;330
201500049238;15;12;7;1355;1;1;1;1;6;162;ROCADE A 630;M;4487326;-63892;330
201500049239;15;12;8;1810;3;1;1;1;6;162;ROCADE A 630;M;4487231;-64059;330
201500049240;15;12;10;845;1;1;1;1;3;281;ROCADE A 630;M;4485752;-66241;330
201500049241;15;12;10;950;1;1;1;1;4;63;ROCADE A 630;M;4488245;-55014;330
201500049242;15;12;10;1815;3;1;1;1;1;318;ROCADE A 630;M;4479096;-64747;330
201500049243;15;12;10;1820;5;1;1;1;3;397;AUTOROUTE A 10;M;4490412;-49280;330
201500049244;15;12;10;2120;3;1;1;1;7;143;AUTOROUTE A 10;M;4496422;-44406;330
201500049245;15;12;11;2030;5;1;1;1;3;65;ROUTE NATIONALE 230;M;4481106;-52215;330
201500049246;15;12;12;1350;1;1;1;1;4;63;ROCADE A 630;M;4488214;-54848;330
201500049247;15;12;12;1735;2;1;1;1;6;397;AUTOROUTE A 10;M;4490939;-48920;330
201500049248;15;12;13;1140;1;1;1;1;6;63;ROCADE A 630;M;4488318;-55393;330
201500049249;15;12;14;830;1;1;1;1;2;550;ROCADE A 630;M;4477759;-55969;330
201500049250;15;12;16;855;1;1;1;1;2;162;ROCADE A 630;M;4488004;-62704;330
201500049251;15;12;17;650;5;1;1;1;4;3;AUTOROUTE A 10;M;4492332;-47369;330
201500049252;15;12;17;1035;1;1;1;1;2;63;ROCADE A 630;M;4488081;-54142;330
201500049253;15;12;17;1600;1;1;1;1;4;65;ROUTE NATIONALE 230;M;4480917;-52445;330
201500049254;15;12;17;1934;4;1;1;1;2;39;ROCADE A 630;M;4479409;-53968;330
201500049255;15;12;10;1915;3;1;1;1;4;39;ROCADE A 630;M;4480382;-53255;330
201500049256;15;12;18;1600;1;1;1;1;3;192;AUTOROUTE A 63;M;4478553;-62814;330
201500049257;15;12;18;1930;5;1;1;1;2;39;ROCADE A 630;M;4479834;-53726;330
201500049258;15;12;19;1120;1;1;1;1;6;65;ROUTE NATIONALE 230;M;4481003;-52320;330
201500049259;15;12;20;2055;3;1;1;2;6;75;ROCADE A 630;M;4488954;-60395;330
201500049260;15;1;1;730;2;2;1;1;6;123;65, RUE FRANCOIS GENIN;M;4575640;479242;690
201500049261;15;1;11;1830;5;2;1;1;1;385;48, RUE DE TRION;;;;690
201500049262;15;1;13;1325;1;2;1;1;3;385;6, RUE DE L ANTIQUAILLE;M;4576530;483035;690
201500049263;15;1;16;1815;5;2;1;3;6;385;84, RUE COMMANDANT CHARC;M;4575300;479692;690
201500049264;15;1;19;2220;5;2;1;2;3;385;40, RUE COMMANDANT CHARC;M;4577130;480198;690
201500049265;15;1;22;1643;1;2;1;1;6;385;59, RUE DES AQUEDUCS;M;4576350;478872;690
201500049266;15;1;27;640;5;2;1;2;2;385;CHEMIN DE CHOULANS;M;4575260;481136;690
201500049267;15;1;28;1800;5;1;1;2;7;385;31, RUE FRANCOIS GENIN;M;4575300;479692;690
201500049268;15;2;2;1920;5;2;9;1;7;385;14, AVENUE DU POINT DU J;;;;690
201500049269;15;2;4;825;1;2;1;1;3;385;RUE COMMANDANT CHARCOT;;;;690
201500049270;15;2;5;1331;1;2;1;4;3;385;12 Bis, QUAI DES ETROITS;;;;690
201500049271;15;2;13;1635;1;2;1;1;1;385;CHEMIN DE CHOULANS;;;;690
201500049272;15;3;2;725;1;2;1;2;6;385;185, CHEMIN DE CHOULANS;;;;690
201500049273;15;3;6;1500;1;2;1;1;6;385;55, MONTEE DU CHEMIN NEU;;;;690
201500049274;15;3;8;840;1;2;2;1;3;385;AVENUE GENERAL EISENHOWE;;;;690
201500049275;15;3;12;1345;1;2;2;1;3;385;RUE DOCTEUR EDMOND LOCAR;;;;690
201500049276;15;1;1;415;3;1;1;1;3;124;Autoroute A.35;;;;670
201500049277;15;12;31;1200;1;1;1;8;3;152;Route Nationale 83;;;;670
201500049278;15;1;7;1305;1;1;1;1;2;482;Autoroute A.35;;;;670
201500049279;15;12;31;1840;3;1;1;1;4;482;Autoroute A.35;;;;670
201500049280;15;1;12;1340;1;1;1;1;5;389;Autoroute A.4;;;;670
201500049281;15;12;16;1805;3;1;1;2;4;309;Autoroute A.4;M;4864396;773199;670
201500049282;15;1;15;900;1;1;1;1;3;482;Autoroute A.35;;;;670
201500049283;15;3;10;1930;3;1;1;2;4;482;N.4 Contournement Sud;;;;670
201500049284;15;3;15;1045;1;1;1;1;4;43;Autoroute A.4;;;;670
201500049285;15;3;26;2050;4;1;1;8;2;482;Autoroute A.35;;;;670
201500049286;15;4;8;148;3;1;1;1;6;218;Autoroute A.35;;;;670
201500049287;15;5;21;920;1;1;1;1;4;152;Autoroute A.35;;;;670
201500049288;15;5;28;820;1;1;1;1;4;152;Autoroute A.35;;;;670
201500049289;15;6;4;1705;1;1;1;1;2;482;Autoroute A.351;;;;670
201500049290;15;5;12;1710;1;1;1;1;3;482;Autoroute A.35;M;4857580;772794;670
201500049291;15;6;1;746;1;1;1;1;5;389;Autoroute A.4;M;4864880;773408;670
201500049292;15;6;11;1540;1;1;1;1;2;482;Autoroute A.35;M;4859260;773833;670
201500049293;15;6;18;1310;1;1;1;2;6;482;N.4 Contournement Sud;M;4857060;773000;670
201500049294;15;6;22;1420;1;1;1;1;3;482;Autoroute A.35;M;4857970;772453;670
201500049295;15;7;1;830;1;1;1;1;4;218;Autoroute A.35;M;4854840;772992;670
201500049296;15;7;8;1655;1;1;1;1;4;218;R.N. 353;;;;670
201500049297;15;7;8;1925;1;1;1;1;3;447;Autoroute A.4;;;;670
201500049298;15;7;19;830;1;1;1;1;6;365;Autoroute A.35;;;;670
201500049299;15;8;13;1130;1;1;1;1;2;482;Autoroute A.35;M;4856540;773292;670
201500049300;15;8;16;1615;1;1;1;1;4;482;Autoroute A.35;;;;670
201500049301;15;8;18;1500;1;1;1;1;4;482;Autoroute A.35;M;4858050;772427;670
201500049302;15;9;1;1535;1;1;1;2;3;482;Autoroute A.35;;;;670
201500049303;15;9;3;1800;1;1;1;1;2;482;Autoroute A.35;;;;670
201500049304;15;9;8;1325;1;1;1;1;5;482;Autoroute A.35;;;;670
201500049305;15;8;27;1800;1;1;1;1;2;152;Autoroute A.35;;;;670
201500049306;15;9;17;1235;1;1;1;3;7;482;Route Nationale 2350;;;;670
201500049307;15;10;1;1425;1;1;1;1;3;482;Autoroute A.35;;;;670
201500049308;15;10;2;1010;1;1;1;1;2;482;Autoroute A.35;;;;670
201500049309;15;10;7;1750;1;1;1;1;4;482;Autoroute A.35;;;;670
201500049310;15;10;6;1800;2;1;1;1;2;482;N.4 Contournement Sud;;;;670
201500049311;15;10;9;1655;1;1;1;1;6;137;R.N. 353;;;;670
201500049312;15;9;24;2115;3;1;1;1;3;482;Autoroute A.35;;;;670
201500049313;15;10;13;1740;1;1;1;1;2;152;Autoroute A.35;;;;670
201500049314;15;10;19;1830;2;1;1;1;4;482;Autoroute A.35;;;;670
201500049315;15;10;22;655;3;1;1;1;3;482;Autoroute A.35;;;;670
201500049316;15;10;26;1235;1;1;1;1;4;152;Autoroute A.35;;;;670
201500049317;15;10;29;910;1;1;1;8;6;482;N.4 CONTOURNEMENT-SUD;M;4857060;772972;670
201500049318;15;11;4;1530;1;1;1;1;2;482;Autoroute A.35;M;;;670
201500049319;15;11;3;1240;1;1;1;1;3;365;Autoroute A.35;;;;670
201500049320;15;11;19;820;1;1;1;1;2;118;Autoroute A.351;;;;670
201500049321;15;11;24;1800;3;1;1;8;4;482;Autoroute A.351;;;;670
201500049322;15;12;3;1428;1;1;1;1;3;447;Autoroute A.4;;;;670
201500049323;15;12;8;1055;1;1;1;1;3;482;Autoroute A.35;;;;670
201500049324;15;12;14;1750;2;1;1;1;2;482;Route Nationale 2350;;;;670
201500049325;15;12;12;835;1;1;1;1;6;482;Autoroute A.351;M;4858530;772364;670
201500049326;15;12;5;1745;3;1;1;1;4;482;Autoroute A.35;;;;670
201500049327;15;12;16;1923;4;1;1;1;4;152;Route Nationale 83;M;;;670
201500049328;15;11;7;1605;1;1;1;1;2;389;Autoroute A.4;;;;670
201500049329;15;1;8;1815;5;1;1;1;6;547;Autoroute A 330;M;4865902;618636;540
201500049330;15;1;16;1725;2;1;1;1;4;578;Autoroute A 33;M;4865945;612571;540
201500049331;15;2;24;828;1;1;1;1;4;304;Autoroute A 33;M;4867503;612087;540
201500049332;15;3;7;1620;1;1;1;1;2;123;Autoroute A 33;M;4864677;614225;540
201500049333;15;4;16;655;2;1;1;1;6;123;Autoroute A 33;M;4864633;614246;540
201500049334;15;4;10;2110;3;1;1;1;2;232;Autoroute A 31;M;4868779;596426;540
201500049335;15;4;20;1800;1;1;1;1;3;232;Autoroute A 31;M;4868922;598157;540
201500049336;15;4;14;2250;3;1;1;1;6;320;Autoroute A 31;M;4885754;609012;540
201500049337;15;5;7;1820;1;1;1;1;2;547;Autoroute A 330;M;4865672;618483;540
201500049338;15;5;14;1256;1;1;1;2;2;304;Autoroute A 31;M;4869434;611718;540
201500049339;15;5;10;2250;3;1;1;1;5;115;Autoroute A 31;M;4872988;616149;540
201500049340;15;6;4;2353;3;1;1;1;7;547;Autoroute A33;M;4864671;613978;540
201500049341;15;5;15;1820;1;1;1;1;5;157;Autoroute A 31;M;4885529;608529;540
201500049342;15;6;26;2235;3;1;1;1;7;483;Autoroute A 33;M;4861697;628524;540
201500049343;15;7;1;1203;1;1;1;1;3;528;Autoroute A 31;M;4865564;589043;540
201500049344;15;7;5;545;2;1;1;1;2;232;Autoroute A 31;M;4868861;601125;540
201500049345;15;7;15;1215;1;1;1;1;2;232;Autoroute A 31;M;4868089;594075;540
201500049346;15;7;30;1510;1;1;1;1;7;345;Autoroute A33;M;4861735;627895;540
201500049347;15;7;31;145;3;1;1;1;7;60;Autoroute A 31;M;4882233;610366;540
201500049348;15;8;30;607;2;1;1;1;2;27;Autoroute A 31;M;4892101;610972;540
201500049349;15;8;26;1430;1;1;9;1;6;167;Autoroute A 31;M;4866175;591114;540
201500049350;15;9;16;2220;3;1;1;3;6;459;Autoroute A 330;;;;540
201500049351;15;9;7;930;1;1;1;1;3;122;Autoroute A 31;M;4865920;590814;540
201500049352;15;9;24;905;1;1;1;1;2;547;Autoroute A 33;M;4864830;613528;540
201500049353;15;9;21;815;1;1;1;1;6;328;Autoroute A 330;M;4861722;617978;540
201500049354;15;9;14;825;1;1;1;7;2;115;Autoroute A 31;M;4869415;609809;540
201500049355;15;9;29;850;1;1;1;1;4;265;Autoroute A 33;M;4863560;617256;540
201500049356;15;10;20;555;4;1;1;1;6;357;Autoroute A 31;;;;540
201500049357;15;10;22;1730;1;1;1;2;2;357;Autoroute A 31;M;;;540
201500049358;15;11;23;900;1;1;1;3;4;150;Autoroute A 31;M;4878220;614419;540
201500049359;15;11;23;1751;5;1;1;1;2;90;Autoroute A 31;M;4874824;615592;540
201500049360;15;12;4;1800;1;1;1;1;4;115;Autoroute  A33;;;;540
201500049361;15;11;13;1830;3;1;1;1;4;304;Autoroute A 33;M;4864863;613536;540
201500049362;15;12;4;1900;3;1;1;1;4;462;Autoroute A 33;;;;540
201500049363;15;1;2;2050;4;1;1;2;7;463;Autoroute A31;M;0;0;570
201500049364;15;12;22;1035;1;1;1;1;2;672;Autoroute A31;M;0;0;570
201500049365;15;1;13;715;3;1;1;1;3;356;Autoroute A31;M;0;0;570
201500049366;15;1;20;1730;2;1;1;1;4;343;Autoroute A31;M;0;0;570
201500049367;15;2;5;335;3;1;1;1;7;146;Autoroute A31;;;;570
201500049368;15;2;15;520;3;1;1;1;1;137;Autoroute A31;M;0;0;570
201500049369;15;2;21;1145;1;1;1;1;1;356;Autoroute A31;;;;570
201500049370;15;3;12;750;2;1;1;1;4;463;Autoroute A31 10 6.2;M;0;0;570
201500049371;15;3;27;2100;3;1;1;1;2;751;Autoroute A31;;;;570
201500049372;15;4;1;805;1;1;1;1;4;303;Autoroute A31;M;0;0;570
201500049373;15;3;19;1030;1;1;1;1;3;463;Autoroute A31;M;0;0;570
201500049374;15;4;25;210;3;1;1;1;2;452;Autoroute A31;;;;570
201500049375;15;5;3;705;1;1;1;2;2;672;Autoroute A31;M;0;0;570
201500049376;15;5;5;1540;1;1;1;1;5;663;Autoroute A31;M;4923797;618080;570
201500049377;15;5;8;1422;1;1;1;1;7;206;Autoroute A30;M;0;0;570
201500049378;15;5;7;1740;1;1;1;1;2;663;Autoroute A31;M;4923355;617933;570
201500049379;15;5;13;1544;1;1;1;1;3;452;Autoroute A31;M;0;0;570
201500049380;15;5;19;1732;1;1;1;1;4;672;Autoroute A31;M;4935008;614863;570
201500049381;15;6;17;1700;1;1;1;1;2;96;Autoroute A30;M;4940039;593991;570
201500049382;15;6;19;1850;1;1;1;1;3;303;Autoroute A31;M;4920444;617480;570
201500049383;15;6;24;745;1;1;1;1;4;757;Autoroute A31;;;;570
201500049384;15;6;28;2345;3;1;1;1;2;452;Autoroute A31;M;4929080;630150;570
201500049385;15;7;2;423;3;1;1;1;2;663;Autoroute A31;M;4922765;717870;570
201500049386;15;7;5;105;3;1;1;1;2;487;Autoroute A31;M;4908284;610607;570
201500049387;15;7;13;1335;1;1;1;1;2;487;Autoroute A31;M;4909930;612669;570
201500049388;15;7;11;1615;1;1;1;1;7;672;Autoroute A31;M;4939214;610986;570
201500049389;15;7;28;1102;1;1;1;1;6;764;Autoroute A31;M;4947198;612140;570
201500049390;15;7;31;1625;1;1;1;1;2;487;Autoroute A31;M;4909561;611741;570
201500049391;15;9;15;320;3;1;1;1;7;416;Autoroute A31;M;4898540;610541;570
201500049392;15;9;22;1130;1;1;1;2;7;445;Autoroute A31;M;4899663;610492;570
201500049393;15;10;4;400;3;1;1;1;5;663;A31 CRS 49.15 6.1;M;0;0;570
201500049394;15;10;5;30;3;1;1;1;7;582;Autoroute A31;M;4928764;617208;570
201500049395;15;10;26;1705;1;1;1;1;3;672;Autoroute A31;M;4936575;610669;570
201500049396;15;10;28;1900;2;1;1;3;2;303;Autoroute A31;M;4920013;617025;570
201500049397;15;11;2;2150;3;1;1;1;1;480;A31 CRS 49.102,6.1343;M;0;0;570
201500049398;15;11;4;330;3;1;1;5;3;303;Autoroute A31;M;0;0;570
201500049399;15;11;12;905;1;1;1;1;2;764;Autoroute A31;M;4947208;612163;570
201500049400;15;11;17;750;3;1;1;3;2;67;Autoroute A31;M;4931435;618265;570
201500049401;15;11;28;1520;1;1;1;1;4;480;Autoroute A31;M;4910942;615340;570
201500049402;15;12;8;1245;1;1;1;1;4;672;Autoroute A31;M;4938563;610785;570
201500049403;15;12;8;945;1;1;1;5;5;672;Autoroute A31;M;4939131;610963;570
201500049404;15;12;12;600;3;1;1;2;3;343;Autoroute A31;M;0;0;570
201500049405;15;12;13;1505;1;1;1;1;6;206;Autoroute A30;M;0;0;570
201500049406;15;12;29;2200;3;1;1;1;6;447;RN 431;M;4905171;615126;570
201500049407;15;1;9;1015;1;2;1;1;6;387;0, BOULEVARD JULES CARTE;M;4572590;484868;690
201500049408;15;1;14;1825;5;2;2;1;3;387;RUE PASTEUR;M;4573870;484113;690
201500049409;15;1;21;1428;1;2;1;2;7;387;20, RUE DE LA MADELEINE;M;4573870;484113;690
201500049410;15;1;24;2010;5;2;1;8;3;387;36, RUE FELIX BRUN;M;4573440;482732;690
201500049411;15;1;24;1255;1;2;1;4;2;387;0, BOULEVARD CHAMBAUD DE;M;4572590;484868;690
201500049412;15;1;27;2100;5;2;2;1;3;387;0, RUE PROFESSEUR GRIGNA;M;4573870;484113;690
201500049413;15;1;27;1925;5;2;2;1;3;387;RUE SAINT MICHEL;M;4573870;484113;690
201500049414;15;1;31;30;5;2;2;1;3;387;0, AVENUE DEBOURG;;;;690
201500049415;15;2;5;736;1;2;1;1;3;387;35, AVENUE DEBOURG;;;;690
201500049416;15;2;2;1415;1;2;1;1;6;387;PLACE JEAN MACE;;;;690
201500049417;15;2;4;1050;1;2;2;8;3;387;0, RUE BANCEL;;;;690
201500049418;15;2;6;1235;1;2;1;1;3;387;20, RUE PRE GAUDRY;;;;690
201500049419;15;2;11;1705;1;2;1;1;6;387;131 BIS, RUE SEBASTIEN G;;;;690
201500049420;15;2;18;415;5;2;1;1;6;387;0, AVENUE TONY GARNIER;;;;690
201500049421;15;2;17;1545;1;2;1;1;2;387;66, BOULEVARD DES TCHECO;;;;690
201500049422;15;2;17;1940;5;2;2;1;6;387;9, RUE DU BRIGADIER VOIT;;;;690
201500049423;15;2;17;1125;1;2;2;1;3;387;0, RUE PASTEUR;;;;690
201500049424;15;2;21;2100;5;2;2;1;3;387;1, RUE JABOULAY;;;;690
201500049425;15;2;20;1435;1;2;1;1;3;387;BOULEVARD CHAMBAUD DE LA;;;;690
201500049426;15;2;25;1120;1;2;4;1;3;387;0, AVENUE JEAN FRANCOIS;;;;690
201500049427;15;3;1;1845;5;2;1;2;4;387;0, BOULEVARD CHAMBAUD DE;;;;690
201500049428;15;3;2;1310;1;2;1;1;3;387;16, QUAI CLAUDE BERNARD;;;;690