num_acc;an;mois;jour;hrmn;lum;agg;int;atm;col;com;adr;gps;lat;long;dep
201500049429;15;3;4;1820;2;2;1;1;7;387;0, RUE DE SURVILLE;;;;690
201500049430;15;3;6;1140;1;2;2;1;3;387;1, AVENUE BERTHELOT;;;;690
201500049431;15;3;12;845;1;2;1;1;6;387;RUE DE MARSEILLE;;;;690
201500049432;15;3;2;945;1;2;1;1;2;387;4, RUE CROIX BARRET;;;;690
201500049433;15;3;6;1830;5;2;2;1;6;387;0, QUAI CLAUDE BERNARD;;;;690
201500049434;15;3;13;1200;1;2;3;1;3;387;RUE ELIE ROCHETTE;;;;690
201500049435;15;3;14;1205;1;2;3;1;3;387;0, AVENUE BERTHELOT;;;;690
201500049436;15;1;6;1024;1;2;1;1;2;388;103, BOULEVARD DES ETATS;M;4572860;486769;690
201500049437;15;1;7;1905;5;2;1;1;6;387;170, RUE CHALLEMEL LACOU;M;4572840;485090;690
201500049438;15;1;10;1435;1;2;1;1;6;388;0, AVENUE JEAN MERMOZ;;;;690
201500049439;15;1;16;2155;5;2;2;2;3;388;0, RUE HENRI BARBUSSE;M;4572840;485090;690
201500049440;15;1;18;20;5;2;1;2;2;388;RUE PIERRE DELORE;M;4572840;485090;690
201500049441;15;1;16;2020;5;2;1;3;6;388;87, RUE JEAN SARRAZIN;M;4572860;486769;690
201500049442;15;1;19;750;1;2;3;2;6;388;0, IMPASSE DE LA BAUDETT;M;4573450;486005;690
201500049443;15;1;22;2135;5;2;2;2;3;388;COURS ALBERT THOMAS;M;4574020;487747;690
201500049444;15;1;21;2210;5;2;1;2;3;388;23, AVENUE DE PRESSENSE;M;4572860;486769;690
201500049445;15;1;23;1425;1;2;1;1;6;388;14, RUE DU BOCAGE;M;4573150;486992;690
201500049446;15;1;30;1825;5;2;1;1;3;388;128, AVENUE PAUL SANTY;M;4572860;486769;690
201500049447;15;2;1;150;5;2;1;2;4;388;109, RUE MARIUS BERLIET;;;;690
201500049448;15;2;5;750;1;2;1;1;6;388;0, RUE MARIUS BERLIET;;;;690
201500049449;15;1;28;1745;5;2;2;2;3;388;0, RUE DE L EPARGNE;;;;690
201500049450;15;2;3;1725;1;2;1;1;6;388;AVENUE DE L EUROPE;;;;690
201500049451;15;2;5;1320;1;2;1;1;2;388;18, AVENUE ROCKEFELLER;;;;690
201500049452;15;2;10;740;2;2;1;1;2;388;BOULEVARD DES ETATS UNIS;;;;690
201500049453;15;2;11;620;5;2;1;1;6;388;87, BOULEVARD DES ETATS;;;;690
201500049454;15;2;15;440;5;2;1;1;6;388;105, COURS ALBERT THOMAS;;;;690
201500049455;15;2;20;1500;1;2;2;1;3;388;RUE SANTOS DUMONT;;;;690
201500049456;15;2;20;1650;1;2;1;1;6;388;95, AVENUE DE L EUROPE;;;;690
201500049457;15;2;23;1500;1;2;2;1;3;388;0, RUE PIERRE DELORE;;;;690
201500049458;15;2;21;715;2;2;1;2;4;388;0, RUE MARIUS BERLIET;;;;690
201500049459;15;2;24;1200;1;2;1;1;2;388;116, RUE PROFESSEUR BEAU;;;;690
201500049460;15;2;26;1110;1;2;1;1;3;388;19, RUE SAINT MAURICE;;;;690
201500049461;15;2;28;1936;5;2;1;1;2;388;10, AVENUE PAUL SANTY;;;;690
201500049462;15;3;4;1915;5;2;2;1;3;388;120, RUE HENRI BARBUSSE;;;;690
201500049463;15;3;5;1145;1;2;1;1;6;388;5, RUE GENERAL ANDRE;;;;690
201500049464;15;3;13;945;1;2;1;1;6;388;0, RUE PROFESSEUR JOSEPH;;;;690
201500049465;15;3;13;1335;1;2;2;1;6;388;BOULEVARD DES ETATS UNIS;;;;690
201500049466;15;12;26;1735;2;1;1;1;4;218;A72;M;4545098;441896;420
201500049467;15;1;19;1145;1;1;1;3;4;186;A47;M;4553070;461526;420
201500049468;15;1;19;1535;1;1;1;2;1;218;A72;M;4545803;440770;420
201500049469;15;1;31;1500;1;1;1;8;2;218;RN88;M;4542220;441274;420
201500049470;15;2;12;1545;1;1;1;1;6;110;A47;M;4549401;455332;420
201500049471;15;2;15;1715;1;1;9;4;6;44;RN88;M;4539289;432296;420
201500049472;15;2;20;2037;3;1;1;1;2;218;A72;M;4545341;441507;420
201500049473;15;3;5;2015;3;1;1;1;2;207;RN88 CROISSANT;M;4546464;449520;420
201500049474;15;3;6;2120;3;1;1;1;3;330;A72;M;4547499;435998;420
201500049475;15;4;6;1840;1;1;1;1;2;218;A72;M;4545114;441871;420
201500049476;15;4;10;1730;1;1;1;1;4;218;RN88;M;4541616;440544;420
201500049477;15;4;18;315;3;1;1;1;2;218;RN88;M;4541101;439815;420
201500049478;15;4;27;1700;1;1;1;2;2;95;RN88;M;4539112;428582;420
201500049479;15;5;2;1620;1;1;1;1;4;307;A47;M;4554916;467623;420
201500049480;15;5;9;745;1;1;1;1;3;91;A47;;;;690
201500049481;15;5;12;840;1;1;1;1;2;218;RN88;;;;420
201500049482;15;5;14;835;1;1;1;1;6;44;RN88;M;4539517;433619;420
201500049483;15;5;14;2049;2;1;1;3;4;44;RN88;M;4539363;432588;420
201500049484;15;5;28;930;1;1;1;1;2;44;RN88;M;4539339;432476;420
201500049485;15;6;8;435;3;1;1;1;6;95;RN88;M;4539224;429537;420
201500049486;15;6;5;1739;1;1;1;1;4;183;RN88;M;4540229;437128;420
201500049487;15;6;10;2110;2;1;1;1;5;252;A47;M;4554365;466331;690
201500049488;15;6;13;615;2;1;1;1;6;218;A72;M;4546392;438238;420
201500049489;15;7;18;620;2;1;1;2;6;207;RN88 DECROISSANT;M;4546358;449405;420
201500049490;15;7;25;740;1;1;1;1;2;183;RN88;M;4539787;435713;420
201500049491;15;8;4;950;1;1;1;1;6;97;A72;M;4550706;430292;420
201500049492;15;8;22;900;1;1;1;1;6;44;RN88;M;4539664;434994;420
201500049493;15;9;2;1530;1;1;1;1;2;97;A72;M;4548318;433712;420
201500049494;15;9;1;1645;1;1;1;1;2;218;RN88;M;4543687;443786;420
201500049495;15;9;6;230;3;1;1;1;6;5;A72;M;4552742;428582;420
201500049496;15;9;9;2150;3;1;1;1;3;91;A47;M;4558937;476353;690
201500049497;15;10;21;1800;1;1;1;1;2;218;A72;M;4546522;437963;420
201500049498;15;10;30;2130;3;1;1;1;2;91;A47;M;4558385;474792;690
201500049499;15;11;3;2245;5;1;1;1;2;218;RN88;M;4543341;442344;420
201500049500;15;11;4;840;1;1;1;1;2;218;RN88;M;4542007;441002;420
201500049501;15;11;7;1445;1;1;1;1;4;218;RN88;M;4541552;440461;420
201500049502;15;11;19;1305;1;1;1;1;2;330;A72;M;4547578;435862;420
201500049503;15;11;25;40;3;1;1;2;6;237;RN88;M;4544200;446204;420
201500049504;15;12;14;1505;1;1;1;1;3;207;RN88 CROISSANT;M;4546352;449386;420
201500049505;15;11;25;2200;3;1;1;2;5;237;RN88;M;4544713;446853;420
201500049506;15;12;18;1645;1;1;1;1;6;218;RN88;M;4543659;444083;420
201500049507;15;12;27;150;3;1;1;1;1;91;A47;M;4558982;477556;690
201500049508;15;12;16;1320;1;1;1;1;2;207;RN88 DECROISSANT;M;4545972;448662;420
201500049509;15;12;27;1945;3;1;1;1;3;207;A47;M;4547956;450075;420
201500049510;15;12;29;1330;1;1;1;1;6;110;A47;M;4549432;454566;420
201500049511;15;12;21;1455;1;1;1;2;6;29;RD383   7.640 A 11.044;;;;690
201500049512;15;11;22;1800;5;1;1;3;5;266;RD383 2.321 A 3.750;;;;690
201500049513;15;1;4;230;3;1;1;2;7;544;A7   25.770 A 27.460;M;4554083;485522;380
201500049514;15;1;4;1800;5;1;1;1;6;248;A46N   14.305 A 17.210;;;;10
201500049515;15;1;5;510;3;1;1;1;2;297;A7   15.770 A 20.110;M;4562590;481579;690
201500049516;15;1;7;2240;3;1;1;1;6;275;RN346   29.300 A 34.350;M;4576380;498503;690
201500049517;15;1;7;1630;1;1;1;1;2;72;A6   445.323 A 447.390;M;4580760;476917;690
201500049518;15;1;8;930;1;1;1;1;2;290;A43   3.865 A 9.894;M;4569760;497734;690
201500049519;15;1;11;845;1;1;1;8;3;235;A7   27.460 A 28.860;M;4553980;485575;690
201500049520;15;1;13;1215;1;1;1;1;5;29;A43   0.550 A 3.353;M;4572780;490718;690
201500049521;15;1;14;1500;1;1;1;1;6;290;A43   3.865 A 9.894;M;4572270;493055;690
201500049522;15;1;16;1400;1;1;1;3;3;297;A7   15.770 A 20.110;M;4560550;480014;690
201500049523;15;1;14;1319;1;1;1;1;6;152;A7   4.270 A 7.000;M;4571160;482451;690
201500049524;15;1;14;1527;1;1;1;1;6;296;A7   10.992 A 13.970;M;4565390;483847;690
201500049525;15;1;19;1400;1;1;1;2;7;29;RD383   7.640 A 11.044;M;4573460;490151;690
201500049526;15;1;19;2050;3;1;1;3;7;266;RD383   3.750 A 7.640;M;4575870;490901;690
201500049527;15;1;19;1850;5;1;1;2;4;276;BUS (RD301)   0.000 A 2.;M;4568390;485463;690
201500049528;15;1;16;1730;1;1;1;2;2;81;BPNL   34.000 A 34.614;M;4564680;440285;690
201500049529;15;1;22;700;5;1;1;2;7;276;A7   8.630 A 10.992;M;4568230;484722;690
201500049530;15;1;22;1310;1;1;1;1;3;259;RD383   11.0044 A 11.460;M;4572290;488913;690
201500049531;15;1;22;1430;1;1;1;1;6;275;A42  4.020 A 4.353   GEN;;;;10
201500049532;15;1;21;1110;1;1;1;2;7;40;A6   447.520 A 448.490;M;4580190;477240;690
201500049533;15;1;24;1700;2;1;1;1;4;29;A43   0.550 A 3.353;M;4572780;490718;690
201500049534;15;1;25;820;1;1;1;1;6;282;RD302   0.400 A 4.620;M;4575280;501507;690
201500049535;15;1;20;1845;4;1;1;1;5;290;A43   3.865 A 9.894;M;4570560;496013;690
201500049536;15;1;27;900;1;1;1;2;7;282;RD302   0.400 A 4.620;M;4576090;503151;690
201500049537;15;1;27;1025;1;1;1;1;7;256;A42     0.560 A 4.020;M;4580570;492490;690
201500049538;15;1;29;1445;1;1;1;2;7;256;A42     0.560 A 4.020;M;4580570;492490;690
201500049539;15;1;29;1340;1;1;1;3;7;244;A6   451.640 A 451.790;M;4577150;479016;690
201500049540;15;1;31;1630;1;1;1;2;7;256;A42     0.560 A 4.020;M;4580570;492490;690
201500049541;15;2;2;525;3;1;1;2;6;184;A43   15.971 A 18.875;M;4565748;508178;380
201500049542;15;1;30;800;1;1;1;1;4;276;BUS (RD301)   0.000 A 2.;M;4568430;485554;690
201500049543;15;2;3;910;1;1;1;1;2;382;A7   0.000 A 2.278;;;;690
201500049544;15;2;6;1820;3;1;1;1;4;272;A46S   57.400 A 61.010;;;;690
201500049545;15;2;8;1815;5;1;1;1;6;142;A7   2.278 A 3.690;;;;690
201500049546;15;2;9;1725;1;1;1;1;7;152;A7   4.270 A 7.000;;;;690
201500049547;15;2;7;650;3;1;1;1;2;204;A450   1.740 A 5.100;;;;690
201500049548;15;2;10;2100;3;1;1;1;7;296;A7   10.992 A 13.970;;;;690
201500049549;15;2;11;45;4;1;1;1;2;152;A7   4.270 A 7.000;;;;690
201500049550;15;2;7;1510;1;1;1;1;2;29;RD383   7.640 A 11.044;;;;690
201500049551;15;2;8;530;5;1;1;1;2;286;A46N   19.955 A 25.180;;;;690
201500049552;15;2;5;750;1;1;1;1;4;100;A450   1.090 A 1.740;;;;690
201500049553;15;2;17;735;1;1;1;1;4;199;RD383   14.250 A 18.000;;;;690
201500049554;15;2;18;2140;3;1;1;1;2;294;A7   13.970 A 15.270;;;;690
201500049555;15;2;22;2015;3;1;1;1;5;184;A43   15.971 A 18.875;M;4565617;508633;380
201500049556;15;2;20;2240;3;1;1;1;2;275;A42 4.329 A 5.760   LYON;;;;10
201500049557;15;2;23;1400;1;1;1;1;2;385;A6   453.400 A 455.000;;;;690
201500049558;15;2;21;950;1;1;1;3;6;235;A7   27.460 A 28.860;;;;690
201500049559;15;2;24;1810;2;1;1;1;2;297;A46S   61.220 A 62.000;;;;690
201500049560;15;2;23;1350;1;1;1;1;6;256;A42     0.560 A 4.020;;;;690
201500049561;15;2;27;1050;1;1;1;2;7;29;RD383   7.640 A 11.044;;;;690
201500049562;15;2;20;1830;2;1;1;1;4;449;A43   18.875 A 21.100;M;4565244;510494;380
201500049563;15;3;1;1430;1;1;1;1;7;256;A42     0.560 A 4.020;;;;690
201500049564;15;3;1;1045;1;1;1;2;6;256;A42     0.560 A 4.020;;;;690
201500049565;15;2;27;1245;1;1;1;2;3;29;RD383   7.640 A 11.044;;;;690
201500049566;15;3;2;1530;1;1;1;1;3;297;A47   0.000  A 1.657;;;;690
201500049567;15;3;2;2000;3;1;1;1;2;273;BUS (RD301)   4.470 A 7.;;;;690
201500049568;15;3;2;1735;1;1;1;1;2;34;BPNL   37.781 A 41.124;;;;690
201500049569;15;3;3;1705;1;1;1;1;4;388;RD383   11.460 A 11.750;;;;690
201500049570;15;3;6;800;1;1;1;1;5;385;Tunnel sous fourviиre;;;;690
201500049571;15;3;6;1415;1;1;1;1;2;297;A47   0.000  A 1.657;;;;690
201500049572;15;3;7;1415;1;1;1;1;3;259;BUS (RD301)  2.800 A 4.4;;;;690
201500049573;15;3;7;1930;3;1;1;1;5;72;A6   445.323 A 447.390;;;;690
201500049574;15;3;7;2300;3;1;1;1;6;376;A42   8.310 A 9.500;;;;10
201500049575;15;3;8;2040;5;1;1;1;7;271;RN346   38.000 A 38.960;;;;690
201500049576;15;3;11;850;1;1;1;8;2;290;A46S   40.883 A 43.680;;;;690
201500049577;15;3;12;1655;1;1;1;1;7;199;RD383   14.250 A 18.000;;;;690
201500049578;15;3;14;1510;1;1;1;1;5;72;A6   445.323 A 447.390;;;;690
201500049579;15;3;14;1510;1;1;1;1;7;297;A7   15.770 A 20.110;;;;690
201500049580;15;3;13;1950;5;1;1;1;2;382;A7   0.000 A 2.278;;;;690
201500049581;15;3;18;1240;1;1;1;1;6;259;BUS (RD301)  2.800 A 4.4;;;;690
201500049582;15;3;18;830;1;1;1;1;6;204;A450   1.740 A 5.100;;;;690
201500049583;15;3;10;2350;3;1;1;1;2;276;A7   8.630 A 10.992;;;;690
201500049584;15;3;15;545;3;1;1;1;6;297;A7   15.770 A 20.110;;;;690
201500049585;15;3;20;1405;1;1;1;1;3;297;A47   0.000  A 1.657;;;;690
201500049586;15;3;21;1830;5;1;1;2;7;29;RD383   7.640 A 11.044;;;;690
201500049587;15;3;21;2200;3;1;1;1;5;199;A7   7.000 A 8.630;;;;690
201500049588;15;3;22;930;1;1;1;2;7;424;A432N 0.485 A 6.500;;;;10
201500049589;15;3;23;2000;5;1;1;1;4;266;RD383   3.750 A 7.640;;;;690
201500049590;15;3;29;2220;3;1;1;2;4;81;A6   448.490 A 449.450;;;;690
201500049591;15;3;20;1850;2;1;1;1;2;256;A42     0.560 A 4.020;;;;690
201500049592;15;3;27;750;2;1;1;8;7;34;BPNL   37.781 A 41.124;;;;690
201500049593;15;3;30;1630;1;1;1;1;5;29;RD383   7.640 A 11.044;;;;690
201500049594;15;3;30;1233;1;1;1;1;6;29;RD383   7.640 A 11.044;;;;690
201500049595;15;3;30;1120;1;1;1;2;6;5;A46N   0.000 A 2.930;;;;690
201500049596;15;3;29;1900;1;1;4;2;5;288;A43   13.029 A 15.971;;;;690
201500049597;15;3;18;715;1;1;1;1;6;199;RD383   14.250 A 18.000;;;;690
201500049598;15;4;3;1620;1;1;1;1;2;296;A7   10.992 A 13.970;;;;690
201500049599;15;4;4;530;3;1;1;2;7;5;A46N   0.000 A 2.930;;;;690
201500049600;15;4;6;1210;1;1;1;1;4;385;A6   453.400 A 455.000;;;;690
201500049601;15;4;7;1620;1;1;1;1;2;256;A42     0.560 A 4.020;;;;690
201500049602;15;4;7;1630;1;1;1;1;2;72;A6   445.323 A 447.390;;;;690
201500049603;15;4;7;1820;1;1;1;1;4;199;A7   7.000 A 8.630;;;;690
201500049604;15;4;8;1600;1;1;1;1;2;72;A6   445.323 A 447.390;;;;690
201500049605;15;4;10;830;1;1;1;1;2;266;RD383 2.321 A 3.750;;;;690
201500049606;15;4;10;1845;1;1;1;1;2;81;BPNL   34.000 A 34.614;;;;690
201500049607;15;4;15;730;1;1;1;1;2;199;RD383   14.250 A 18.000;;;;690
201500049608;15;4;17;2030;5;1;1;2;6;449;A43   18.875 A 21.100;M;4565445;509567;380
201500049609;15;4;18;645;2;1;1;8;4;9;A6   428.880 A 431.800;;;;690
201500049610;15;4;19;1039;1;1;1;1;5;199;RD383   14.250 A 18.000;;;;690
201500049611;15;4;19;15;3;1;1;1;6;125;A6   437.840 A 439.400;;;;690
201500049612;15;4;20;640;2;1;1;1;6;275;A42   4.353 A 5.760   GE;;;;10
201500049613;15;4;20;2250;3;1;1;1;3;287;A43   9.894 A 13.029;;;;690
201500049614;15;4;21;705;1;1;1;1;4;152;A7   4.270 A 7.000;;;;690
201500049615;15;4;21;1045;1;1;1;1;4;382;A7   0.000 A 2.278;;;;690
201500049616;15;4;21;1050;1;1;1;1;3;297;A47   0.000  A 1.657;;;;690
201500049617;15;4;23;1630;1;1;1;1;5;266;RD383   3.750 A 7.640;;;;690
201500049618;15;4;20;1735;1;1;1;1;6;296;A7   10.992 A 13.970;;;;690
201500049619;15;4;20;1920;1;1;1;1;2;29;A43   0.550 A 3.353;;;;690
201500049620;15;4;25;835;1;1;1;1;6;275;A42   4.353 A 5.760   GE;;;;10
201500049621;15;4;22;1830;1;1;1;1;1;7;A7   31.960 A 32.870;;;;690
201500049622;15;4;25;2330;3;1;1;2;6;256;A42     0.560 A 4.020;;;;690
201500049623;15;4;25;1800;1;1;1;2;2;29;A43   0.550 A 3.353;;;;690
201500049624;15;4;25;1830;1;1;1;2;7;266;A42   0.000 A 0.560;;;;690
201500049625;15;4;16;2040;3;1;1;1;3;297;A47   0.000  A 1.657;;;;690
201500049626;15;4;27;2000;2;1;1;8;3;29;RD383   7.640 A 11.044;;;;690
201500049627;15;4;17;1311;1;1;1;1;4;449;A43   18.875 A 21.100;;;;380
201500049628;15;4;27;945;1;1;1;1;2;116;A6   442.500 A 445.030;;;;690
201500049629;15;4;27;1715;1;1;1;1;6;49;A432N 9.125 A 9.900;;;;10
201500049630;15;4;9;1815;1;1;1;1;6;142;A7   2.278 A 3.690;;;;690
201500049631;15;5;2;1035;1;1;1;1;3;256;RN346  S/N   25.686 A 29;;;;690
201500049632;15;5;1;1749;1;1;1;3;6;424;A432N 0.485 A 6.500;;;;10
201500049633;15;5;2;1910;1;1;1;2;7;266;A42   0.000 A 0.560;;;;690
201500049634;15;5;3;550;4;1;1;2;2;81;A6   449.510 A 451.640;;;;690
201500049635;15;4;29;1740;1;1;1;1;3;238;A46N   7.065 A 9.020;;;;10
201500049636;15;4;30;940;1;1;1;1;3;259;RD383   11.750 A 14.250;;;;690
201500049637;15;5;4;1130;1;1;1;1;2;382;A6   455.000 A 455.875;;;;690
201500049638;15;5;8;320;1;1;1;1;1;87;A7   20.110 A 22.950;;;;380
201500049639;15;5;8;1940;1;1;1;2;6;256;A42     0.560 A 4.020;;;;690
201500049640;15;5;12;840;1;1;1;1;7;276;BUS (RD301)   0.000 A 2.;;;;690
201500049641;15;5;12;2120;5;1;1;1;2;382;A7   0.000 A 2.278;;;;690
201500049642;15;5;4;1830;1;1;1;1;3;81;A6   449.510 A 451.640;;;;690
201500049643;15;5;13;1940;1;1;1;1;4;256;A42     0.560 A 4.020;;;;690
201500049644;15;5;14;2005;2;1;1;3;6;249;A42   6.290 A 8.310;;;;10
201500049645;15;5;14;1150;1;1;1;1;4;72;A6   445.323 A 447.390;;;;690
201500049646;15;5;12;1750;1;1;1;1;3;286;A46N   19.955 A 25.180;;;;690
201500049647;15;5;15;1920;1;1;1;2;6;256;A42     0.560 A 4.020;;;;690
201500049648;15;4;30;1430;1;1;1;1;7;204;A450   1.740 A 5.100;;;;690
201500049649;15;5;18;10;3;1;1;1;7;275;A42  4.020 A 4.353   GEN;;;;10
201500049650;15;5;18;1600;1;1;1;1;4;87;A7   20.110 A 22.950;;;;380
201500049651;15;5;20;1525;1;1;1;1;3;297;A47   0.000  A 1.657;;;;690
201500049652;15;5;21;2310;5;1;1;1;6;256;RD383   1.893 A 2.321;;;;690
201500049653;15;5;16;1840;1;1;1;1;7;29;A43   0.550 A 3.353;;;;690
201500049654;15;5;23;2220;5;1;1;1;7;142;A7   2.278 A 3.690;;;;690
201500049655;15;5;20;1920;1;1;1;2;2;389;A6   451.790 A 453.400;;;;690
201500049656;15;5;27;900;1;1;1;1;2;382;A7   0.000 A 2.278;;;;690
201500049657;15;5;29;1820;1;1;1;1;7;259;BUS (RD301)  2.800 A 4.4;;;;690
201500049658;15;5;29;1700;1;1;1;1;2;297;A47   0.000  A 1.657;;;;690
201500049659;15;5;31;2005;1;1;1;1;5;249;A42   6.290 A 8.310;;;;10
201500049660;15;6;2;830;1;1;1;1;2;275;RN346   29.300 A 34.350;;;;690
201500049661;15;5;31;1215;1;1;1;1;3;272;A46S   57.400 A 61.010;;;;690
201500049662;15;6;1;1440;1;1;1;1;6;115;A6   427.300 A 428.640;;;;690
201500049663;15;6;5;1;5;1;1;1;6;5;A46N   0.000 A 2.930;;;;690
201500049664;15;6;4;1040;1;1;1;1;2;81;A6   449.510 A 451.640;;;;690
201500049665;15;6;4;1730;1;1;1;1;3;152;A7   4.270 A 7.000;;;;690
201500049666;15;6;4;1750;1;1;9;1;3;152;A7   4.270 A 7.000;;;;690
201500049667;15;6;3;900;1;1;1;1;4;276;BUS (RD301)   0.000 A 2.;;;;690
201500049668;15;6;6;1920;1;1;1;1;6;5;A46N   0.000 A 2.930;;;;690
201500049669;15;6;7;2100;1;1;1;1;2;256;A42     0.560 A 4.020;;;;690
201500049670;15;6;7;210;3;1;1;2;6;287;A43   9.894 A 13.029;;;;690
201500049671;15;6;26;1245;1;1;1;1;7;81;A6   449.510 A 451.640;;;;690
201500049672;15;6;7;615;1;1;1;1;7;266;RD383   1.165 A 1.893;;;;690
201500049673;15;6;5;1630;1;1;1;1;4;272;A46S   57.400 A 61.010;;;;690
201500049674;15;6;4;1800;1;1;1;1;3;256;A42     0.560 A 4.020;;;;690
201500049675;15;6;8;850;1;1;1;1;3;142;A7   2.278 A 3.690;;;;690
201500049676;15;6;11;900;1;1;1;1;2;194;BPNL   36.285 A 36.318;;;;690
201500049677;15;4;25;910;1;1;9;1;6;290;RN346   38.960 A 40.883;;;;690
201500049678;15;6;13;100;5;1;1;2;2;266;RD383   3.750 A 7.640;;;;690
201500049679;15;4;7;1930;1;1;1;1;2;266;RD383   3.750 A 7.640;;;;690
201500049680;15;6;13;1520;1;1;1;1;5;271;RN346   34.850 A 36.215;;;;690
201500049681;15;6;14;510;2;1;1;2;7;286;A46N   S/N   25.680 A 25;;;;690
201500049682;15;6;3;1935;1;1;1;1;3;256;A42     0.560 A 4.020;;;;690
201500049683;15;6;15;730;1;1;1;8;3;297;A47   0.000  A 1.657;;;;690
201500049684;15;6;11;1715;1;1;1;1;4;199;A7   7.000 A 8.630;;;;690
201500049685;15;6;13;1230;1;1;1;1;7;281;A46S   49.160 A 53.980;;;;690
201500049686;15;6;16;2000;1;1;1;2;6;256;A42     0.560 A 4.020;;;;690
201500049687;15;6;15;1750;1;1;1;1;4;199;A7   7.000 A 8.630;;;;690
201500049688;15;6;19;1715;1;1;1;1;7;29;A43   0.550 A 3.353;;;;690
201500049689;15;6;20;1430;1;1;1;1;4;72;A6   445.323 A 447.390;;;;690
201500049690;15;6;21;2230;5;1;1;1;3;29;RD383   7.640 A 11.044;;;;690
201500049691;15;6;22;1637;1;1;1;1;6;34;BPNL   37.781 A 41.124;;;;690
201500049692;15;6;19;1310;1;1;1;1;2;382;A7   0.000 A 2.278;;;;690
201500049693;15;7;22;2105;1;1;1;2;3;34;RD383   0.000 A 1.165;;;;690
201500049694;15;6;25;1850;1;1;1;1;6;290;A43   3.865 A 9.894;;;;690
201500049695;15;6;24;915;1;1;1;1;2;275;RN346   29.300 A 34.350;;;;690
201500049696;15;6;25;1005;1;1;1;1;2;275;RN346   29.300 A 34.350;;;;690
201500049697;15;6;26;810;1;1;1;1;5;271;RD302   0.000 A 0.400;;;;690
201500049698;15;6;26;845;1;1;1;1;4;275;A42   4.353 A 5.760   GE;;;;10
201500049699;15;6;30;300;3;1;1;1;7;7;A7   31.960 A 32.870;;;;690
201500049700;15;6;26;1845;1;1;1;1;6;249;A42   6.290 A 8.310;;;;10
201500049701;15;7;3;2140;3;1;1;1;7;199;RD383   14.250 A 18.000;;;;690
201500049702;15;7;1;1310;1;1;1;1;3;29;A43   0.550 A 3.353;;;;690
201500049703;15;7;6;1720;1;1;1;1;4;29;RD383   7.640 A 11.044;;;;690
201500049704;15;7;6;1715;1;1;1;1;2;297;A7   15.770 A 20.110;;;;690
201500049705;15;7;3;1905;1;1;1;1;4;297;A47   0.000  A 1.657;;;;690
201500049706;15;7;6;1700;1;1;1;1;6;87;A7   20.110 A 22.950;;;;380
201500049707;15;7;4;920;1;1;1;1;6;290;A46S   40.883 A 43.680;;;;690
201500049708;15;6;30;1950;1;1;4;1;5;282;RN346   34.350 A 34.850;;;;690
201500049709;15;7;7;1800;1;1;1;1;4;290;A46S   40.883 A 43.680;;;;690
201500049710;15;6;19;1550;1;1;1;1;2;275;RN346   29.300 A 34.350;;;;690
201500049711;15;7;15;1215;1;1;1;1;2;72;A6   445.323 A 447.390;;;;690
201500049712;15;7;12;1800;1;1;1;1;7;5;A46N   0.000 A 2.930;;;;690
201500049713;15;7;18;1805;1;1;1;3;6;297;A47   0.000  A 1.657;;;;690
201500049714;15;7;19;1715;1;1;1;1;6;272;A46S   57.400 A 61.010;;;;690
201500049715;15;7;22;830;1;1;9;1;2;199;RD383   14.250 A 18.000;;;;690
201500049716;15;7;23;1227;1;1;1;1;3;385;A6   453.400 A 455.000;;;;690
201500049717;15;7;21;1815;1;1;1;1;5;376;A42   8.310 A 9.500;;;;10
201500049718;15;7;21;700;1;1;1;1;2;277;RN346   36.215 A 38.000;;;;690
201500049719;15;7;23;1530;1;1;1;1;3;29;RD383   7.640 A 11.044;;;;690
201500049720;15;7;30;1500;1;1;1;1;4;290;A43   3.865 A 9.894;;;;690
201500049721;15;7;24;1900;1;1;1;3;2;249;A42     5.760 A 6.180;;;;10
201500049722;15;7;31;1305;1;1;1;1;6;199;A7   7.000 A 8.630;;;;690
201500049723;15;7;22;2230;4;1;1;1;3;256;RN346  S/N   25.686 A 29;;;;690
201500049724;15;8;8;1030;1;1;1;1;3;297;A7   15.770 A 20.110;;;;690
201500049725;15;8;12;2030;1;1;1;1;3;244;A6   451.640 A 451.790;;;;690
201500049726;15;8;13;1115;1;1;1;1;6;487;A7   22.950 A 25.770;;;;380
201500049727;15;8;13;1645;1;1;1;2;4;382;A7   0.000 A 2.278;;;;690
201500049728;15;8;9;100;3;1;1;2;6;275;A42   4.353 A 5.760   GE;;;;10
201500049729;15;7;18;1900;1;1;1;2;7;290;A43   3.865 A 9.894;;;;690
201500049730;15;8;17;1150;1;1;1;1;5;9;A6   428.880 A 431.800;;;;690
201500049731;15;7;10;2230;5;1;1;1;2;544;N407   0.000 A 2.331;;;;380
201500049732;15;8;6;1400;1;1;1;1;2;29;RD383   7.640 A 11.044;;;;690