num_acc;an;mois;jour;hrmn;lum;agg;int;atm;col;com;adr;gps;lat;long;dep
201500049733;15;8;19;930;1;1;1;1;7;29;RD383   7.640 A 11.044;;;;690
201500049734;15;8;20;305;3;1;1;1;4;278;A46N   9.020 A 11.650;;;;690
201500049735;15;8;22;1400;1;1;1;1;3;266;RD383   3.750 A 7.640;;;;690
201500049736;15;8;23;1605;1;1;1;2;7;266;RD383   3.750 A 7.640;;;;690
201500049737;15;8;24;1300;1;1;1;1;7;266;RD383   3.750 A 7.640;;;;690
201500049738;15;8;23;1600;1;1;1;1;6;142;A7   2.278 A 3.690;;;;690
201500049739;15;8;24;2330;3;1;1;1;7;294;A7   13.970 A 15.270;;;;690
201500049740;15;8;25;1125;1;1;1;1;3;27;A450   5.100 A 7.285;;;;690
201500049741;15;7;22;1800;1;1;1;1;1;29;RD383   7.640 A 11.044;;;;690
201500049742;15;8;28;630;1;1;1;1;5;271;RD302   0.000 A 0.400;;;;690
201500049743;15;8;29;140;5;1;1;1;1;29;RD383   7.640 A 11.044;;;;690
201500049744;15;8;27;2300;5;1;1;1;2;29;RD383   7.640 A 11.044;;;;690
201500049745;15;8;30;400;5;1;1;1;7;256;A42     0.560 A 4.020;;;;690
201500049746;15;8;28;1055;1;1;1;1;3;199;RD383   14.250 A 18.000;;;;690
201500049747;15;8;14;650;1;1;1;2;2;266;RD383   3.750 A 7.640;;;;690
201500049748;15;8;27;1700;1;1;1;1;2;272;A46S   57.400 A 61.010;;;;690
201500049749;15;8;28;1628;1;1;1;1;2;281;A46S   49.160 A 53.980;;;;690
201500049750;15;8;31;500;3;1;1;1;6;34;BPNL   37.781 A 41.124;;;;690
201500049751;15;9;1;430;4;1;1;1;6;275;A42 4.329 A 5.760   LYON;;;;10
201500049752;15;9;5;315;4;1;1;1;2;275;RN346   29.300 A 34.350;;;;690
201500049753;15;9;6;2025;4;1;1;1;2;199;A7   7.000 A 8.630;;;;690
201500049754;15;7;23;1910;1;1;1;1;2;290;A46S   40.883 A 43.680;;;;690
201500049755;15;9;4;1550;1;1;1;1;1;72;A6   445.323 A 447.390;;;;690
201500049756;15;9;11;1635;1;1;1;1;7;259;RD383   11.750 A 14.250;;;;690
201500049757;15;9;12;2100;3;1;9;3;3;277;RN346   36.215 A 38.000;;;;690
201500049758;15;9;12;2110;4;1;1;3;7;266;RD383   3.750 A 7.640;;;;690
201500049759;15;9;14;5;3;1;1;3;3;297;A7   15.770 A 20.110;;;;690
201500049760;15;9;14;30;3;1;1;3;2;389;A6   451.790 A 453.400;;;;690
201500049761;15;9;14;600;5;1;1;2;6;199;RD383   14.250 A 18.000;;;;690
201500049762;15;10;5;1300;1;1;1;2;7;29;RD383   7.640 A 11.044;;;;690
201500049763;15;9;16;2045;3;1;1;6;5;163;A46N   2.930 A 7.065;;;;690
201500049764;15;9;18;415;3;1;1;2;2;238;A46N   7.065 A 9.020;;;;10
201500049765;15;9;18;930;1;1;1;9;2;34;RD383   0.000 A 1.165;;;;690
201500049766;15;9;15;1815;1;1;1;1;3;266;RD383   3.750 A 7.640;;;;690
201500049767;15;9;19;225;5;1;1;1;1;34;RD383   0.000 A 1.165;;;;690
201500049768;15;9;17;1420;1;1;1;2;6;199;RD383   14.250 A 18.000;;;;690
201500049769;15;9;20;1700;1;1;1;1;3;487;A7   22.950 A 25.770;;;;380
201500049770;15;9;4;1625;1;1;1;1;5;259;RD383   11.750 A 14.250;;;;690
201500049771;15;9;18;1529;1;1;1;1;2;297;A7   15.770 A 20.110;;;;690
201500049772;15;7;7;1325;1;1;1;1;2;266;RD383 2.321 A 3.750;;;;690
201500049773;15;9;17;1615;1;1;1;1;2;266;RD383   3.750 A 7.640;;;;690
201500049774;15;10;4;140;4;1;1;8;6;297;A7   15.770 A 20.110;;;;690
201500049775;15;9;25;800;1;1;1;1;7;184;A43   15.971 A 18.875;M;4565656;508485;380
201500049776;15;9;26;1220;1;1;1;1;3;388;RD383   0.000 A 1.165;;;;690
201500049777;15;9;27;615;5;1;1;1;7;259;RD383   11.0044 A 11.460;;;;690
201500049778;15;9;18;1710;1;1;1;1;2;259;RD383   11.750 A 14.250;;;;690
201500049779;15;9;28;2000;2;1;1;1;7;152;A7   4.270 A 7.000;;;;690
201500049780;15;10;1;800;1;1;1;1;4;266;RD383   3.750 A 7.640;;;;690
201500049781;15;9;29;1729;1;1;1;1;5;149;A7   3.690 A 4.270;;;;690
201500049782;15;9;23;1800;1;1;1;1;4;34;RD383   0.000 A 1.165;;;;690
201500049783;15;10;3;1940;5;1;1;3;4;276;A7   8.630 A 10.992;;;;690
201500049784;15;10;8;845;1;1;1;1;4;275;RN346   29.300 A 34.350;;;;690
201500049785;15;10;9;2000;4;1;1;1;4;297;A47   0.000  A 1.657;;;;690
201500049786;15;10;11;530;5;1;1;1;6;266;RD383   3.750 A 7.640;;;;690
201500049787;15;10;12;1635;1;1;1;1;5;266;RD383   1.165 A 1.893;;;;690
201500049788;15;9;29;850;1;1;1;1;4;283;A46S   43.680 A 47.880;;;;690
201500049789;15;10;10;1000;1;1;1;1;7;276;BUS (RD301)   0.000 A 2.;;;;690
201500049790;15;10;16;1945;2;1;1;1;4;266;RD383   3.750 A 7.640;;;;690
201500049791;15;10;24;1445;1;1;1;1;1;27;A450   5.100 A 7.285;;;;690
201500049792;15;10;8;540;3;1;1;1;4;275;RN346   29.300 A 34.350;;;;690
201500049793;15;10;23;1240;1;1;1;1;5;266;RD383   3.750 A 7.640;;;;690
201500049794;15;10;26;1820;5;1;1;1;4;290;A46S   40.883 A 43.680;;;;690
201500049795;15;10;26;1915;3;1;1;1;3;249;A42   6.290 A 8.310;;;;10
201500049796;15;10;23;1620;1;1;1;1;5;266;RD383   3.750 A 7.640;;;;690
201500049797;15;10;23;1415;1;1;1;1;5;275;RN346   29.300 A 34.350;;;;690
201500049798;15;10;29;135;5;1;1;1;6;266;RD383   3.750 A 7.640;;;;690
201500049799;15;10;28;1740;1;1;1;1;7;256;A42     0.560 A 4.020;;;;690
201500049800;15;10;12;1815;1;1;1;1;3;273;BUS (RD301)   4.470 A 7.;;;;690
201500049801;15;10;31;1550;1;1;1;1;2;29;RD383   7.640 A 11.044;;;;690
201500049802;15;11;2;1750;5;1;1;1;4;259;RD383   11.750 A 14.250;;;;690
201500049803;15;11;4;2045;3;1;1;1;2;204;A450   1.740 A 5.100;;;;690
201500049804;15;11;6;1900;3;1;1;1;4;296;A7   10.992 A 13.970;;;;690
201500049805;15;11;13;1600;1;1;1;1;3;152;A7   4.270 A 7.000;;;;690
201500049806;15;11;5;710;5;1;1;5;4;286;A46N   19.955 A 25.180;;;;690
201500049807;15;11;13;1830;3;1;1;1;4;29;A43   0.550 A 3.353;;;;690
201500049808;15;11;15;520;5;1;1;1;2;382;A6   455.000 A 455.875;;;;690
201500049809;15;10;7;1540;1;1;1;1;6;256;A42     0.560 A 4.020;;;;690
201500049810;15;11;21;220;3;1;1;3;2;256;RN346  S/N   25.686 A 29;;;;690
201500049811;15;11;21;1250;1;1;1;2;7;29;RD383   7.640 A 11.044;;;;690
201500049812;15;11;22;935;1;1;9;8;1;376;A42   8.310 A 9.500;;;;10
201500049813;15;11;23;745;2;1;1;1;6;336;A7   32.870 A 35.680;M;4548562;483458;380
201500049814;15;11;16;705;3;1;1;1;7;204;A450   1.740 A 5.100;;;;690
201500049815;15;11;22;1830;3;1;1;2;4;266;RD383 2.321 A 3.750;;;;690
201500049816;15;11;25;920;1;1;1;1;7;275;A46N 25.180 A 25.680;;;;10
201500049817;15;11;25;1430;1;1;1;2;6;275;A42  4.020 A 4.353   GEN;;;;10
201500049818;15;11;26;120;3;1;1;1;3;152;A7   4.270 A 7.000;;;;690
201500049819;15;12;5;1510;1;1;1;1;4;290;A43   3.865 A 9.894;;;;690
201500049820;15;12;6;603;5;1;1;1;2;382;;;;;690
201500049821;15;12;8;920;1;1;1;1;3;294;A7   13.970 A 15.270;;;;690
201500049822;15;12;11;240;4;1;9;1;7;276;;;;;690
201500049823;15;12;13;1800;3;1;1;1;4;72;A6   445.323 A 447.390;;;;690
201500049824;15;12;13;1930;4;1;1;1;3;286;A46N   19.955 A 25.180;;;;690
201500049825;15;12;7;1655;1;1;1;1;7;152;A7   4.270 A 7.000;;;;690
201500049826;15;12;15;1345;1;1;1;1;7;385;A6   453.400 A 455.000;;;;690
201500049827;15;12;16;520;3;1;1;1;6;275;A42   4.353 A 5.760   GE;;;;10
201500049828;15;12;12;1930;3;1;1;1;7;9;A6   428.880 A 431.800;;;;690
201500049829;15;12;17;1759;5;1;1;1;4;29;RD383   7.640 A 11.044;;;;690
201500049830;15;12;18;1440;1;1;1;1;2;297;A47   0.000  A 1.657;;;;690
201500049831;15;12;16;810;1;1;1;1;1;270;A46S   47.880 A 49.160;;;;690
201500049832;15;12;23;2300;5;1;1;1;2;152;A7   4.270 A 7.000;;;;690
201500049833;15;12;27;1045;1;1;1;1;4;286;A46N   19.955 A 25.180;;;;690
201500049834;15;1;5;1830;5;2;1;1;6;389;AVENUE SIDOINE APOLLINAI;M;4578070;479380;690
201500049835;15;1;6;1210;1;2;1;1;3;81;CHEMIN DES MOUILLES;;;;690
201500049836;15;1;9;1250;1;2;2;1;3;389;RUE GORGE DE LOUP;;;;690
201500049837;15;1;13;1650;1;2;1;1;6;389;54, BOULEVARD DE LA DUCH;M;4578610;479436;690
201500049838;15;1;28;1700;1;2;1;1;3;81;RUE MARIETTON;;;;690
201500049839;15;1;29;800;1;2;1;3;6;389;39, AVENUE SIDOINE APOLL;;;;690
201500049840;15;2;4;1010;1;2;1;1;6;389;131, RUE DE SAINT CYR;;;;690
201500049841;15;2;10;1845;5;2;1;1;6;389;112, RUE DE SAINT CYR;;;;690
201500049842;15;2;19;1030;1;2;1;1;3;389;QUAI ARLOING;;;;690
201500049843;15;2;26;1555;1;2;1;1;6;389;36, QUAI JAYR;;;;690
201500049844;15;2;28;1155;1;2;1;1;2;389;519, AVENUE DE LA SAUVEG;;;;690
201500049845;15;3;10;900;1;2;1;1;3;389;77, RUE MARIETTON;;;;690
201500049846;15;3;11;1205;1;2;2;1;3;81;CHEMIN DU RANDIN;;;;690
201500049847;15;3;11;1545;1;2;1;1;3;389;BOULEVARD DE BALMONT;;;;690
201500049848;15;3;14;1500;1;2;1;8;6;389;68, MONTEE DE L OBSERVAN;;;;690
201500049849;15;1;2;1355;1;1;1;1;5;137;A57;M;4312447;596683;830
201500049850;15;1;7;1540;1;1;1;1;4;137;A57;M;4313250;598194;830
201500049851;15;1;13;345;3;1;1;1;7;47;A570;M;4313319;605458;830
201500049852;15;1;17;2300;3;1;1;1;2;137;A57;M;4312419;596228;830
201500049853;15;1;20;800;1;1;1;2;7;137;A50;M;4312527;590789;830
201500049854;15;1;20;1730;1;1;1;2;4;144;A57;M;4313366;598525;830
201500049855;15;1;22;900;1;1;1;1;4;129;A50;M;4312019;584617;830
201500049856;15;1;24;1242;1;1;1;1;3;144;A57;M;4313416;598739;830
201500049857;15;1;31;2020;3;1;1;1;6;35;A50;M;4318472;576911;830
201500049858;15;2;8;545;5;1;1;1;3;144;A57;M;4313525;599086;830
201500049859;15;2;9;1420;1;1;1;1;6;112;A50;M;4319611;570253;830
201500049860;15;2;13;1630;1;1;1;1;2;123;A50;M;4314508;578497;830
201500049861;15;2;15;145;3;1;1;1;2;47;A570;M;4313169;606428;830
201500049862;15;2;16;745;1;1;1;2;7;144;A57;M;4314316;601081;830
201500049863;15;2;17;1845;2;1;1;1;2;27;A50;M;0;0;830
201500049864;15;2;19;915;1;1;1;1;4;144;A57;M;4314263;600847;830
201500049865;15;2;26;845;1;1;1;1;2;137;A57;M;4312219;595572;830
201500049866;15;2;27;1000;1;1;1;2;6;47;A570;M;4313169;606428;830
201500049867;15;3;1;2010;5;1;2;1;3;137;A57;M;4313230;598125;830
201500049868;15;3;7;545;3;1;1;1;2;62;A57;M;4314586;603131;830
201500049869;15;4;2;1659;1;1;1;1;2;137;A50 Voies de sortie du t;M;0;0;830
201500049870;15;4;4;1720;1;1;1;1;7;69;A570;M;4311563;611183;830
201500049871;15;4;8;1515;1;1;1;1;6;28;A50**;;;;130
201500049872;15;4;10;845;1;1;1;1;3;90;A50;M;4312235;583002;830
201500049873;15;4;15;1250;1;1;1;1;6;35;A50;M;4319632;576196;830
201500049874;15;4;18;1656;1;1;1;1;2;137;A57;M;4312261;595772;830
201500049875;15;4;25;1150;1;1;1;2;2;144;A57;M;4313355;598531;830
201500049876;15;4;25;1250;1;1;1;1;2;27;A50;M;4319300;568278;830
201500049877;15;4;25;2205;3;1;1;1;6;69;A570;M;0;0;830
201500049878;15;5;7;1354;1;1;1;1;2;137;A50;;;;830
201500049879;15;5;9;257;3;1;1;1;6;144;A57;M;4314050;600033;830
201500049880;15;5;10;550;3;1;1;1;7;28;A50 ***;;;;130
201500049881;15;5;10;555;3;1;1;1;2;28;A50**;;;;130
201500049882;15;5;15;725;1;1;1;1;6;137;A50;M;4307360;553392;830
201500049883;15;5;21;920;1;1;1;1;5;129;A50;M;4312039;584336;830
201500049884;15;6;4;730;1;1;1;1;2;144;A57;M;4314113;600261;830
201500049885;15;6;5;1910;1;1;1;1;4;144;A57;M;4314032;599935;830
201500049886;15;6;9;1810;1;1;1;1;3;144;A57;M;0;0;830
201500049887;15;6;15;1351;1;1;1;1;2;137;avenue Mirasoulйou;M;4313383;598059;830
201500049888;15;6;17;1210;1;1;9;1;2;137;ROUTE DE NICE/A57;;;;830
201500049889;15;6;18;810;1;1;1;1;7;137;A57;M;4312477;596727;830
201500049890;15;6;25;810;1;1;1;1;7;144;A57;M;4314194;600576;830
201500049891;15;6;27;1332;1;1;1;1;2;123;A50;M;4314645;577196;830
201500049892;15;7;6;1632;1;1;1;1;2;137;A50 Trйmie Lйon BOURGEOI;;;;830
201500049893;15;7;18;406;5;1;1;1;2;137;A57;M;4313027;597900;830
201500049894;15;7;20;1140;1;1;1;1;2;69;A570;;;;830
201500049895;15;8;1;1957;1;1;1;1;2;69;RN98;M;4311427;611683;830
201500049896;15;8;4;1742;1;1;1;1;2;27;A50;;;;830
201500049897;15;8;16;602;5;1;1;1;2;137;A50 Voies d'accиs au tun;;;;830
201500049898;15;8;26;1355;1;1;1;1;4;137;A57;;;;830
201500049899;15;8;28;1605;1;1;1;1;7;137;A50;M;4312582;589790;830
201500049900;15;9;4;1640;1;1;1;1;5;137;A57;M;4312725;597474;830
201500049901;15;9;17;845;1;1;1;1;4;137;A57;M;4312219;595573;830
201500049902;15;9;29;1700;1;1;1;1;6;90;A50;M;4312354;582815;830
201500049903;15;9;30;830;1;1;1;1;7;62;A57;M;4314426;602727;830
201500049904;15;10;3;1150;1;1;1;2;7;137;RN1050;M;4312007;594906;830
201500049905;15;10;7;1840;2;1;1;1;4;62;A57;M;4314376;602058;830
201500049906;15;10;7;1942;5;1;1;1;3;137;A50 VILLEVIEILLE/MARSEIL;;;;830
201500049907;15;10;10;305;3;1;1;1;6;28;A50**;;;;130
201500049908;15;10;10;720;2;1;1;1;3;90;A50;;;;830
201500049909;15;10;19;1540;1;1;1;1;4;137;A57;M;4313294;598381;830
201500049910;15;10;19;2150;3;1;1;1;2;144;A57;M;4313739;599447;830
201500049911;15;10;23;1615;1;1;1;1;6;28;A50**;;;;130
201500049912;15;10;24;1930;4;1;1;1;5;144;A57;M;4314264;600846;830
201500049913;15;10;26;1400;1;1;1;1;3;137;A57;M;4312217;595574;830
201500049914;15;11;1;210;3;1;1;1;6;137;A50;M;4312667;589210;830
201500049915;15;11;6;2230;3;1;1;1;5;144;A57;M;4314252;600855;830
201500049916;15;11;9;1825;1;1;1;1;2;144;A57;M;4314261;600850;830
201500049917;15;11;17;740;2;1;1;1;3;144;A57;M;4313853;599657;830
201500049918;15;11;24;747;2;1;1;1;7;123;A50;M;4312222;595571;830
201500049919;15;11;27;825;1;1;1;1;4;123;A50;;;;830
201500049920;15;12;1;830;1;1;1;1;2;123;A50;;;;830
201500049921;15;12;2;830;1;1;1;1;5;123;A50;;;;830
201500049922;15;12;2;834;1;1;1;1;2;123;A50;;;;830
201500049923;15;12;2;1515;1;1;1;1;2;144;A57;M;4313690;598073;830
201500049924;15;12;7;750;2;1;1;1;3;137;RN1050;;;;830
201500049925;15;12;7;1820;3;1;1;2;2;62;A57;;;;830
201500049926;15;12;8;1745;2;1;1;1;4;144;A57;;;;830
201500049927;15;12;10;1530;1;1;1;1;2;137;A50 Trйmie Lйon BOURGEOI;;;;830
201500049928;15;12;11;1206;1;1;1;1;5;55;A50 VILLEVIEILLE/MARSEIL;;;;130
201500049929;15;12;16;755;1;1;1;1;3;62;A57;;;;830
201500049930;15;3;7;1300;1;1;1;1;6;137;Tunnel Tube Sud;M;0;0;830
201500049931;15;12;19;220;5;1;1;1;3;55;A7-Sens Lyon vers*Marsei;;;;130
201500049932;15;1;2;1415;1;1;1;1;3;71;A7-Sens Lyon vers*Marsei;;;;130
201500049933;15;1;3;520;3;1;1;1;6;55;A7-Sens Marseille vers*L;;;;130
201500049934;15;1;3;2200;3;1;1;1;6;56;A55-Sens Martigues*vers;;;;130
201500049935;15;1;4;105;3;1;1;1;6;106;A7-Sens Marseille*vers L;;;;130
201500049936;15;1;7;1215;1;1;1;1;6;71;A55-Sens Martigues*vers;;;;130
201500049937;15;1;6;930;1;1;1;1;6;55;A50-Sens Aubagne vers*Ma;;;;130
201500049938;15;1;7;1345;1;1;1;1;2;70;A50-Sens Aubagne vers*Ma;;;;130
201500049939;15;1;12;740;2;1;1;1;2;55;A7-Sens Lyon vers Marsei;;;;130
201500049940;15;1;13;745;5;1;1;1;3;55;A50-Sens Aubagne vers*Ma;;;;130
201500049941;15;1;13;850;1;1;1;1;3;55;Sens Aubagne vers*Marsei;;;;130
201500049942;15;1;12;1645;1;1;1;1;2;55;A7-Sens Marseille vers L;;;;130
201500049943;15;1;15;1933;3;1;1;1;4;55;A7-Sens Lyon vers*Marsei;;;;130
201500049944;15;1;16;2050;3;1;1;2;1;55;A7-Sens Marseille vers*L;;;;130
201500049945;15;1;11;910;1;1;1;1;6;28;A50-Sens Aubagne vers*To;;;;130
201500049946;15;1;17;1455;1;1;1;1;2;15;A51-Sens Aix en*Provence;;;;130
201500049947;15;1;17;700;2;1;1;1;6;26;A55-Sens Marseilleщvers;;;;130
201500049948;15;1;18;50;5;1;1;1;2;55;A7-Sens Lyon vers*Marsei;;;;130
201500049949;15;1;17;35;3;1;1;8;3;22;A50-Sens Aubagne vers*To;;;;130
201500049950;15;1;15;1600;1;1;1;1;2;55;A7-Sens Marseille vers*L;;;;130
201500049951;15;1;19;1740;3;1;1;1;6;55;A55-Sens Martigues*vers;;;;130
201500049952;15;1;18;1930;3;1;1;1;2;55;A7-Sens Lyon vers*Marsei;;;;130
201500049953;15;1;19;2045;3;1;1;2;3;55;A55-Sens Marseille*vers;;;;130
201500049954;15;1;15;1933;1;1;1;1;3;106;A51-Sens Marseille*vers;;;;130
201500049955;15;1;20;1100;1;1;1;2;2;33;A55-Sens Martigues*vers;;;;130
201500049956;15;1;20;735;2;1;1;2;4;55;A55-Sens Marseille*vers;;;;130
201500049957;15;1;21;5;3;1;1;1;6;85;A50-Sens Toulon vers*Aub;;;;130
201500049958;15;1;21;1245;1;1;1;3;6;55;A557-Liaison A7*Marseill;;;;130
201500049959;15;1;19;1355;1;1;1;2;7;19;A51-Sens Marseille*vers;;;;130
201500049960;15;1;25;1645;1;1;1;1;6;19;A51-Sens Aix en*Provence;;;;130
201500049961;15;1;7;1800;2;1;1;1;3;55;A55-Sens Martigues *vers;;;;130
201500049962;15;1;24;2005;3;1;1;1;4;55;A7-Sens Lyon vers*Marsei;;;;130
201500049963;15;1;25;1240;1;1;1;1;7;56;A55-Sens Marseille*vers;;;;130
201500049964;15;1;26;825;1;1;1;1;4;117;A7-Sens Lyon vers*Marsei;;;;130
201500049965;15;1;28;250;3;1;1;1;7;1;A51-Sens Marseille*vers;;;;130
201500049966;15;1;28;700;3;1;1;1;3;1;A51-Sens Marseille*vers;;;;130
201500049967;15;1;10;1745;4;1;1;1;4;55;A7-Sens Lyon vers*Marsei;;;;130
201500049968;15;1;25;1850;3;1;1;1;4;71;A51-Sens Aix en*Provence;;;;130
201500049969;15;1;28;655;3;1;1;1;5;1;A51-Sens Marseille*vers;;;;130
201500049970;15;1;30;1430;1;1;1;1;4;71;A51-Sens Marseille*vers;;;;130
201500049971;15;1;16;2210;3;1;1;2;3;106;A51-Sens Marseille*vers;;;;130
201500049972;15;12;18;450;3;1;1;1;6;55;A7-Sens Lyon vers*Marsei;;;;130
201500049973;15;1;30;1207;1;1;1;1;5;71;A7-Sens Marseille vers*L;;;;130
201500049974;15;12;23;900;1;1;1;2;6;33;A55-Sens Martigues *ers;;;;130
201500049975;15;1;18;15;3;1;1;1;5;19;A51-Sens Aix en*Provence;;;;130
201500049976;15;2;2;735;1;1;1;1;4;55;A7-Sens Marseille vers*L;;;;130
201500049977;15;1;30;1300;1;1;1;1;2;55;A50-Sens Marseille*vers;;;;130
201500049978;15;12;26;1615;1;1;1;1;2;106;A7-Sens Marseille vers*L;;;;130
201500049979;15;2;4;2140;3;1;1;2;6;55;A55-Sens Marseille*vers;;;;130
201500049980;15;2;6;1152;1;1;1;1;6;71;A7-Sens Lyon vers*Marsei;;;;130
201500049981;15;2;6;619;3;1;1;1;6;56;A55-Sens Martigues*vers;;;;130
201500049982;15;2;8;500;3;1;1;1;6;55;A50-Sens Marseille*vers;;;;130
201500049983;15;2;8;450;3;1;1;1;6;19;A51-Sens Aix en*Provence;;;;130
201500049984;15;2;8;2200;3;1;1;1;6;55;A55-Sens Marseille*vers;;;;130
201500049985;15;2;10;615;3;1;1;1;3;106;A7-Sens Marseille vers*L;;;;130
201500049986;15;2;5;920;1;1;1;2;7;55;A50-Sens Aubagne vers*Ma;;;;130
201500049987;15;2;11;1145;1;1;1;1;2;15;A51-Sens Aix en*Provence;;;;130
201500049988;15;2;11;1230;1;1;1;1;2;5;A50-Sens Marseille.vers;;;;130
201500049989;15;12;19;500;4;1;1;1;2;15;A51-Sens Aix en*Provence;;;;130
201500049990;15;2;12;2015;3;1;1;1;3;55;A7-Sens Lyon vers*Marsei;;;;130
201500049991;15;2;13;2030;3;1;1;2;6;55;A55-Sens Marseille*vers;;;;130
201500049992;15;2;9;950;1;1;1;1;2;71;A55 - Sens Marseille*ver;;;;130
201500049993;15;2;14;1035;1;1;1;4;4;26;A55-Sens Martigues*vers;;;;130
201500049994;15;2;14;1530;1;1;1;2;7;55;A557-Liaison A7*Marseill;;;;130
201500049995;15;2;13;1355;1;1;1;1;2;5;A50-Sens Aubagne vers*Ma;;;;130
201500049996;15;2;15;1545;1;1;1;2;3;55;A557-Liaison A7*Marseill;;;;130
201500049997;15;2;16;1940;5;1;1;1;4;28;A50-Sens Aubagne versщTo;;;;130
201500049998;15;2;17;930;1;1;1;2;2;55;A50-Sens Aubagne vers*Ma;;;;130
201500049999;15;2;17;915;1;1;1;1;4;55;A50-Sens Aubagne vers Ma;;;;130
201500050000;15;2;17;715;2;1;1;2;4;55;A50-Sens Marseille*vers;;;;130
201500050001;15;2;18;1405;1;1;1;1;4;55;A7-Sens Lyon vers*Marsei;;;;130
201500050002;15;2;18;1430;1;1;1;1;7;15;A51-Sens Aix en*Provence;;;;130
201500050003;15;2;19;700;2;1;1;1;6;1;A51-Sens Aix en*Provence;;;;130
201500050004;15;2;20;800;1;1;1;1;2;55;Sens Aubagne vers*Marsei;;;;130
201500050005;15;2;20;920;1;1;1;1;7;15;A515CD-Gardanne*vers A51;;;;130
201500050006;15;2;20;1720;1;1;1;1;1;55;A7-Sens Lyon vers*Marsei;;;;130
201500050007;15;2;20;2230;3;1;1;1;6;71;A55-Sens Martigues vers;;;;130
201500050008;15;2;21;1725;1;1;1;1;5;55;A55-Sens Marseille vers;;;;130
201500050009;15;2;21;1040;1;1;1;8;7;85;A50-Sens Aubagne vers To;;;;130
201500050010;15;2;21;1610;1;1;1;2;4;55;A7-Sens Lyon vers Marsei;;;;130
201500050011;15;2;20;1930;3;1;1;1;2;56;A55-Sens Marseille*vers;;;;130
201500050012;15;2;17;1645;1;1;1;1;4;55;A7-Sens Lyon vers*Marsei;;;;130
201500050013;15;2;23;1355;1;1;1;1;2;106;A51-Sens Aix en Provence;;;;130
201500050014;15;2;25;630;5;1;1;1;2;22;A50-Sens Aubagne vers To;;;;130
201500050015;15;2;25;625;3;1;1;1;5;1;A51-Sens Marseille vers;;;;130
201500050016;15;2;27;800;1;1;1;3;4;71;A7-Sens Marseille vers*L;;;;130
201500050017;15;3;1;145;3;1;1;1;5;5;A50-Sens Aubagne vers Ma;;;;130
201500050018;15;3;1;1705;1;1;1;1;2;71;A7-Sens Lyon vers Marsei;;;;130
201500050019;15;2;14;1035;1;1;1;4;2;33;A55-Sens Marseille*vers;;;;130
201500050020;15;3;2;940;1;1;1;1;6;55;A55-Sens Marseille vers;;;;130
201500050021;15;3;6;1130;1;1;1;1;2;117;A7-Sens Lyon vers*Marsei;;;;130
201500050022;15;3;5;1523;1;1;1;1;3;71;A7-Sens Marseille vers L;;;;130
201500050023;15;3;4;1950;3;1;1;1;4;71;A5502G-sens Martigues ve;;;;130
201500050024;15;3;7;540;3;1;1;1;7;15;A515CD-Gardanne vers A51;;;;130
201500050025;15;3;6;2030;3;1;1;1;2;55;A7-Sens Lyon vers Marsei;;;;130
201500050026;15;3;8;205;3;1;1;1;6;1;A51-Sens Marseille vers;M;0;0;130
201500050027;15;3;7;1720;1;1;1;1;5;70;A50-Sens Aubagne vers Ma;;;;130
201500050028;15;3;7;1825;1;1;1;1;2;55;A50-Sens Aubagne vers Ma;;;;130
201500050029;15;3;9;830;1;1;1;1;3;5;A50-Sens Aubagne vers*Ma;;;;130
201500050030;15;3;9;1010;1;1;1;1;7;55;TVPCD-Sens Les Ports ver;;;;130
201500050031;15;3;5;50;3;1;1;2;6;117;A7-Sens Lyon vers Marsei;;;;130
201500050032;15;3;10;709;2;1;1;1;2;55;A7-Sens Lyon vers*Marsei;;;;130
201500050033;15;3;10;1645;1;1;1;1;6;55;A55-Sens Martigues*vers;;;;130
201500050034;15;3;2;1850;3;1;1;1;5;5;A50-Sens Marseille vers;;;;130
201500050035;15;3;12;1015;1;1;1;1;4;71;A5502G-sens Martigues ve;;;;130
201500050036;15;3;12;815;1;1;1;1;2;43;A55-Sens Martigues*vers;;;;130
201500050037;15;3;12;735;1;1;1;1;4;55;A7-Sens Lyon vers*Marsei;;;;130
201500050038;15;3;12;900;1;1;1;1;2;55;A7-Sens Lyon vers*Marsei;;;;130
201500050039;15;3;13;735;1;1;1;8;2;85;A50-Sens Aubagne vers To;;;;130
201500050040;15;3;13;1505;1;1;1;1;4;55;A55-Sens Marseille*vers;;;;130
201500050041;15;3;13;1540;1;1;1;1;3;106;A51-Sens Marseille *vers;;;;130
201500050042;15;2;26;1905;1;1;1;1;6;55;Tunnel Joliette vers A.5;;;;130
201500050043;15;3;15;1945;3;1;1;1;4;55;A7-Sens Lyon vers*Marsei;;;;130
201500050044;15;3;16;1520;1;1;1;2;4;55;A50-Sens Marseille*vers;;;;130
201500050045;15;3;15;2110;3;1;1;2;2;71;A7-Sens Lyon vers*Marsei;;;;130
201500050046;15;3;16;930;1;1;1;2;7;85;A50-Sens Toulon vers*Aub;;;;130