num_acc;an;mois;jour;hrmn;lum;agg;int;atm;col;com;adr;gps;lat;long;dep
201500050047;15;3;17;900;1;1;9;2;2;55;A7-Sens Marseille vers*L;;;;130
201500050048;15;3;17;1330;1;1;1;1;2;55;A7-Sens Lyon vers*Marsei;;;;130
201500050049;15;3;17;2210;3;1;1;1;6;56;A55-Sens Marseille*vers;;;;130
201500050050;15;3;15;1915;3;1;1;1;6;26;A55-Sens Marseille*vers;;;;130
201500050051;15;3;19;910;1;1;1;1;6;55;Tunnel Prado Car?nage;;;;130
201500050052;15;3;19;1720;1;1;1;1;5;55;Sens Aubagne vers*Marsei;;;;130
201500050053;15;3;22;1855;1;1;1;2;7;117;A7-Sens Marseille vers*L;;;;130
201500050054;15;3;22;1200;1;1;1;1;6;19;A51-Sens Aix en*Provence;;;;130
201500050055;15;3;22;1030;1;1;1;2;7;26;A55-Sens Martigues*vers;;;;130
201500050056;15;3;21;2315;3;1;1;2;6;19;A51-Sens Aix en*Provence;;;;130
201500050057;15;3;23;1805;1;1;1;1;6;81;A7-Sens Marseille vers*L;;;;130
201500050058;15;3;23;1840;2;1;1;1;3;22;A50-Sens Aubagne vers*To;;;;130
201500050059;15;3;24;1700;1;1;1;8;3;5;A50-Sens Marseille*vers;;;;130
201500050060;15;3;25;900;1;1;1;2;2;55;A7-Sens Lyon vers*Marsei;;;;130
201500050061;15;3;26;825;1;1;1;1;4;55;A50-Sens Aubagne vers*Ma;;;;130
201500050062;15;3;21;1020;1;1;1;1;6;55;TVPCD-Sens Les Ports*ver;;;;130
201500050063;15;3;22;1730;1;1;1;2;6;55;A557-Liaison A7*Marseill;;;;130
201500050064;15;3;22;1500;1;1;1;2;6;71;A55-Sens Martigues*vers;;;;130
201500050065;15;3;27;2045;3;1;1;1;2;15;A51-Sens Aix en*Provence;;;;130
201500050066;15;3;29;1720;1;1;1;1;2;55;A7-Sens Lyon vers*Marsei;;;;130
201500050067;15;3;30;830;1;1;1;1;2;81;A7-Sens Lyon vers*Marsei;;;;130
201500050068;15;3;30;910;1;1;1;1;6;71;A55 - Sens Marseille*ver;;;;130
201500050069;15;3;31;920;1;1;1;1;4;55;A55-Sens Martigues*vers;;;;130
201500050070;15;3;31;1850;1;1;1;1;4;5;A50-Sens Aubagne vers*Ma;;;;130
201500050071;15;4;1;1650;1;1;1;1;2;55;Sens Aubagne vers*Marsei;;;;130
201500050072;15;4;5;405;3;1;1;1;6;55;A50-Sens Marseille*vers;;;;130
201500050073;15;4;5;1955;1;1;1;1;2;55;A50-Sens Aubagne vers*Ma;;;;130
201500050074;15;4;1;745;1;1;1;1;4;71;A7-Sens Marseille vers*L;;;;130
201500050075;15;4;6;1245;1;1;1;1;2;106;A51-Sens Marseille*vers;;;;130
201500050076;15;3;31;815;1;1;1;1;2;33;A55-Sens Martigues*vers;;;;130
201500050077;15;4;6;1730;1;1;1;1;1;5;A50-Sens Aubagne vers Ma;;;;130
201500050078;15;4;9;108;5;1;1;1;6;55;A50-Sens Marseille*vers;;;;130
201500050079;15;4;8;1345;1;1;1;1;3;5;A50 - Sens Aubagne*vers;;;;130
201500050080;15;4;9;1000;1;1;1;1;2;55;A7-Sens Lyon vers*Marsei;;;;130
201500050081;15;4;10;920;1;1;1;1;2;55;A50-Sens Aubagne*vers Ma;;;;130
201500050082;15;4;11;2015;1;1;1;1;4;55;A7-Sens Lyon*vers Marsei;;;;130
201500050083;15;4;12;205;3;1;1;1;5;106;A7-Sens Lyon vers*Marsei;;;;130
201500050084;15;3;16;1450;1;1;1;1;2;5;A50-Sens Marseille*vers;;;;130
201500050085;15;4;12;1835;1;1;1;1;7;56;A55-Sens*Marseille vers;;;;130
201500050086;15;4;10;1230;1;1;1;1;6;55;A55-Sens Martigues*vers;;;;130
201500050087;15;4;17;15;3;1;1;2;2;55;A50-Sens Aubagne vers*Ma;;;;130
201500050088;15;4;16;1130;1;1;1;1;3;55;A7-Sens Lyon vers^Marsei;;;;130
201500050089;15;4;17;1020;1;1;1;1;5;56;A55-Sens Marseille*vers;;;;130
201500050090;15;4;17;1450;1;1;1;1;6;5;A52-Sens Toulon vers*Pon;;;;130
201500050091;15;4;18;1820;1;1;1;1;2;5;A50-Sens Aubagne vers Ma;;;;130
201500050092;15;4;19;1815;1;1;1;1;7;55;A55-Sens Marseille*vers;;;;130
201500050093;15;4;20;755;1;1;1;2;4;56;A55-Sens Marseille vers;;;;130
201500050094;15;4;17;1900;1;1;1;1;4;55;A7-Sens Lyon vers*Marsei;;;;130
201500050095;15;4;20;830;1;1;1;1;4;81;A7-Sens Lyon vers*Marsei;;;;130
201500050096;15;4;16;1210;1;1;1;2;4;55;A7-Sens Marseille versщL;;;;130
201500050097;15;4;21;835;1;1;1;1;7;55;A50-Sens Marseille*vers;;;;130
201500050098;15;2;21;2020;1;1;1;1;6;88;A55-Sens Martigues*vers;;;;130
201500050099;15;4;17;550;3;1;1;1;6;55;A50-Sens Aubagne vers*Ma;;;;130
201500050100;15;4;22;940;1;1;1;1;2;55;TVPCD-Sens Les Ports ver;;;;130
201500050101;15;4;22;1815;1;1;1;1;7;117;A7-Sens Marseille vers L;;;;130
201500050102;15;4;23;1350;1;1;1;1;3;71;A7-Sens Lyon vers*Marsei;;;;130
201500050103;15;4;23;1320;1;1;1;1;2;55;A7-Sens Lyon vers Marsei;;;;130
201500050104;15;4;24;1555;1;1;1;1;6;55;A7-Sens Lyon vers*Marsei;;;;130
201500050105;15;4;25;1220;1;1;1;1;3;106;A7-Sens Marseille vers*L;;;;130
201500050106;15;4;25;2125;3;1;1;1;3;117;A7-Sens Lyon vers*Marsei;;;;130
201500050107;15;4;23;1830;1;1;1;1;2;55;A7-Sens Lyon vers*Marsei;;;;130
201500050108;15;4;25;840;1;1;1;1;2;55;A55-Sens Marseille*vers;;;;130
201500050109;15;4;27;1125;1;1;1;2;7;55;TVPCM-Sens Saint Victor;;;;130
201500050110;15;4;28;1140;1;1;1;1;2;55;Sens Aubagne vers*Marsei;;;;130
201500050111;15;4;30;1515;1;1;1;1;6;56;A55-Sens Marseille*vers;;;;130
201500050112;15;4;30;1930;1;1;1;1;4;55;Sens Aubagne vers*Marsei;;;;130
201500050113;15;4;27;1750;1;1;1;2;2;55;A55-Sens Marseille*vers;;;;130
201500050114;15;4;25;750;1;1;1;2;2;55;A50-Sens Marseille*vers;;;;130
201500050115;15;5;1;1550;1;1;1;1;6;33;A55-SENS MARTIGUES/MARSE;;;;130
201500050116;15;5;1;1730;1;1;1;1;4;55;A55-Sens Martigues*vers;;;;130
201500050117;15;4;21;920;1;1;1;1;2;5;A501-Sens Pont de l*Etoi;;;;130
201500050118;15;5;4;1245;1;1;1;1;6;55;A7-Sens Marseille vers*L;;;;130
201500050119;15;5;5;1400;1;1;1;1;2;55;A55-Sens Marseille*vers;;;;130
201500050120;15;5;5;1330;1;1;1;1;6;117;A7-Sens Lyon vers*Marsei;;;;130
201500050121;15;5;6;1800;1;1;1;1;7;1;A51-Sens Aix en*Provence;;;;130
201500050122;15;5;7;1830;1;1;1;1;4;71;A5502 -sens Martigues*ve;M;0;0;130
201500050123;15;5;7;1950;1;1;1;1;4;71;A55 - Sens Marseille*ver;;;;130
201500050124;15;5;8;1230;1;1;1;1;2;55;A7-Sens Lyon vers Marsei;;;;130
201500050125;15;5;8;1415;1;1;1;1;6;71;A5502G-sens Martigues ve;;;;130
201500050126;15;5;8;1210;1;1;1;1;7;85;A50-Sens Aubagne vers*To;;;;130
201500050127;15;5;10;520;3;1;1;1;2;85;A50-Sens Toulon vers*Aub;;;;130
201500050128;15;5;10;1730;1;1;1;1;3;1;A51-Sens Marseille*vers;;;;130
201500050129;15;5;11;740;1;1;1;1;4;55;A50-Sens Aubagne vers*Ma;;;;130
201500050130;15;5;11;1126;1;1;1;1;2;106;A7-Sens Marseille vers L;;;;130
201500050131;15;5;11;1146;1;1;1;1;7;55;A7-Sens Marseille vers*L;;;;130
201500050132;15;5;13;1825;1;1;1;1;2;1;A51-Sens Marseille*vers;;;;130
201500050133;15;5;13;1955;1;1;1;1;7;1;A51-Sens Marseille*vers;;;;130
201500050134;15;5;14;615;1;1;1;1;7;26;A55-Sens Marseille*vers;;;;130
201500050135;15;5;16;1715;1;1;1;1;7;106;A7-Sens Lyon vers*Marsei;;;;130
201500050136;15;5;17;515;3;1;1;1;6;71;A5501G-Sens Mlle Vieux P;M;0;0;130
201500050137;15;5;18;1840;1;1;1;1;4;71;A7-Sens Lyon vers*Marsei;;;;130
201500050138;15;5;20;750;1;1;1;6;2;71;A7-Sens Marseille vers*L;;;;130
201500050139;15;5;20;1440;1;1;1;1;7;70;A50-Sens Marseille*vers;;;;130
201500050140;15;5;21;1130;1;1;1;1;7;71;A7-Sens Lyon vers*Marsei;;;;130
201500050141;15;5;26;808;1;1;1;1;4;117;A7-Sens Lyon vers*Marsei;;;;130
201500050142;15;5;28;840;1;1;1;1;4;15;A51-Sens Aix en*Provence;;;;130
201500050143;15;5;30;630;2;1;1;1;6;71;A55 - Sens Marseille*ver;;;;130
201500050144;15;6;2;1130;1;1;1;1;2;106;A51-Sens Marseille*vers;;;;130
201500050145;15;6;2;915;1;1;1;1;2;5;A501-Sens Pont de*l'Etoi;;;;130
201500050146;15;6;3;1648;1;1;1;1;2;71;A7-Sens Marseille vers*L;M;0;0;130
201500050147;15;6;4;1710;1;1;1;1;2;33;A55-Sens Marseille vers;M;0;0;130
201500050148;15;6;4;1210;1;1;1;1;2;81;A7-Sens Lyon vers*Marsei;;;;130
201500050149;15;6;5;750;1;1;1;1;6;55;A50-Sens Aubagne vers*Ma;;;;130
201500050150;15;6;6;1102;1;1;1;1;7;71;A55-sens Martigues*ve;;;;130
201500050151;15;6;5;1845;1;1;1;1;4;55;A7-Sens Lyon vers*Marsei;;;;130
201500050152;15;6;4;1845;1;1;1;1;4;5;A50-Sens Aubagne vers*Ma;M;0;0;130
201500050153;15;6;7;1940;1;1;1;1;5;106;A7-Sens Lyon vers*Marsei;M;0;0;130
201500050154;15;6;8;1100;1;1;1;1;7;26;A55-Sens Marseille vers;M;4337975;516231;130
201500050155;15;6;8;910;1;1;1;1;2;106;A7-Sens Lyon vers Marsei;M;4338492;535065;130
201500050156;15;6;8;1120;1;1;1;1;6;5;A50 - Sens Aubagne*vers;;;;130
201500050157;15;6;11;750;1;1;1;1;4;71;A7-Sens Marseille vers*L;;;;130
201500050158;15;6;12;740;1;1;1;2;7;55;A55-Sens Martigues*vers;;;;130
201500050159;15;6;12;1210;1;1;1;1;2;106;A7-Sens Marseille vers*L;;;;130
201500050160;15;6;11;1600;1;1;1;1;6;15;A51-Sens Aix en*Provence;M;0;0;130
201500050161;15;6;12;1455;1;1;1;1;6;5;A501-Sens Aubagne vers*P;;;;130
201500050162;15;6;13;1900;1;1;1;1;7;55;Axe Littoral Sens*Nord -;;;;130
201500050163;15;6;15;1610;1;1;1;1;3;55;A55-Sens Marseille*vers;M;0;0;130
201500050164;15;6;16;1810;1;1;1;2;2;117;A7-Sens Marseille vers*L;M;0;0;130
201500050165;15;5;7;1730;1;1;1;1;3;1;A51-Sens Marseille*vers;;;;130
201500050166;15;6;17;1905;1;1;1;1;2;55;A50-Sens Aubagne vers*Ma;;;;130
201500050167;15;6;18;1125;1;1;1;1;2;55;A55-Sens Martigues*vers;;;;130
201500050168;15;6;18;2105;1;1;1;1;3;1;A51 vers AIX;;;;130
201500050169;15;6;19;1500;1;1;1;1;7;1;A51-Sens Marseille*vers;;;;130
201500050170;15;6;19;1735;1;1;1;1;2;55;A50-Sens Aubagne vers*Ma;;;;130
201500050171;15;6;21;1725;1;1;1;1;3;19;A51-Sens Aix en*Provence;;;;130
201500050172;15;6;18;1835;1;1;1;1;4;71;A7-Sens Lyon vers*Marsei;M;0;0;130
201500050173;15;6;21;2035;1;1;1;1;2;55;A7-Sens Lyon vers*Marsei;;;;130
201500050174;15;6;22;1415;1;1;1;1;2;71;A7-Sens Marseille vers*L;M;0;0;130
201500050175;15;6;22;1235;1;1;1;1;2;55;Tunnel Joliette*vers A.5;;;;130
201500050176;15;6;5;1300;1;1;1;1;4;55;TVPCM-Sens Saint*Victor;;;;130
201500050177;15;6;10;930;1;1;1;1;4;106;A51-Sens Aix en*Provence;;;;130
201500050178;15;6;25;750;1;1;1;1;6;1;A51-Sens Aix en*Provence;M;4351177;542220;130
201500050179;15;6;26;2000;1;1;1;1;3;15;A51-Sens Marseille*vers;M;0;0;130
201500050180;15;6;27;1430;1;1;1;1;2;55;Sens Aubagne vers*Marsei;;;;130
201500050181;15;6;27;1705;1;1;1;1;7;5;Sens Aubagne vers*Marsei;;;;130
201500050182;15;6;28;400;3;1;1;1;3;1;A51-Sens Aix en*Provence;;;;130
201500050183;15;6;28;1430;1;1;1;1;1;55;A7-Sens Lyon vers*Marsei;M;0;0;130
201500050184;15;6;30;810;1;1;1;1;6;71;A7-Sens Marseille vers*L;M;0;0;130
201500050185;15;6;30;915;1;1;1;1;4;15;A51-Sens Aix en*Provence;M;0;0;130
201500050186;15;6;24;1730;1;1;1;1;2;55;A55-Sens Martigues*vers;;;;130
201500050187;15;6;29;1810;1;1;1;1;2;1;A51-Sens Marseille*vers;;;;130
201500050188;15;6;30;1255;1;1;1;1;2;55;A7-Sens Lyon vers Marsei;M;0;0;130
201500050189;15;7;1;1830;1;1;1;1;4;117;A7-Sens Marseille vers L;M;0;0;130
201500050190;15;6;27;1100;1;1;1;1;7;1;A51-Sens Marseille*vers;M;0;0;130
201500050191;15;7;1;730;1;1;1;1;6;5;A50-Sens Marseille*vers;M;0;0;130
201500050192;15;7;4;210;3;1;1;1;7;26;A55-Sens Martigues ****;;;;130
201500050193;15;7;4;945;1;1;1;1;2;19;A51-Sens Marseille*vers;M;0;0;130
201500050194;15;7;3;1800;1;1;1;1;4;55;A7-Sens Lyon vers*Marsei;;;;130
201500050195;15;7;4;1406;1;1;1;1;2;55;A7-Sens Lyon vers*Marsei;M;0;0;130
201500050196;15;7;5;900;1;1;1;1;7;85;A50-Sens Toulon vers*Aub;;;;130
201500050197;15;6;30;1730;1;1;1;1;3;81;A7-Sens Marseille vers*L;M;0;0;130
201500050198;15;7;2;1645;1;1;1;1;5;55;A7-Sens Marseille vers L;M;0;0;130
201500050199;15;7;6;2015;1;1;1;1;2;55;A50-Sens Marseille*vers;;;;130
201500050200;15;7;7;1720;1;1;1;1;4;33;A55-Sens Marseille*vers;M;0;0;130
201500050201;15;7;3;918;1;1;1;1;2;55;TVPCM-Sens Saint*Victor;M;0;0;130
201500050202;15;7;3;1220;1;1;1;1;6;1;A51-Sens Marseille vers*;M;0;0;130
201500050203;15;7;8;1135;1;1;1;1;7;85;A50-Sens Toulon vers*Aub;;;;130
201500050204;15;7;8;940;1;1;1;1;3;55;S10CD-Sens Aubagne%vers;;;;130
201500050205;15;7;10;1524;1;1;1;1;2;55;A7-Sens Marseille vers*L;M;0;0;130
201500050206;15;7;10;1615;1;1;1;1;4;55;A55-Sens Marseille*vers;M;0;0;130
201500050207;15;7;6;1730;1;1;1;1;4;55;A50-Sens Marseille*vers;;;;130
201500050208;15;7;6;1635;1;1;1;1;2;70;A50-Sens Marseille*vers;;;;130
201500050209;15;7;10;2020;1;1;1;1;6;26;A55-Sens Marseille*vers;M;0;0;130
201500050210;15;7;12;1938;1;1;1;1;4;55;A7-Sens Lyon vers*Marsei;M;0;0;130
201500050211;15;7;12;1245;1;1;1;1;7;71;A7-Sens Lyon vers*Marsei;;;;130
201500050212;15;7;13;1610;1;1;1;1;7;5;A52-Sens Pont de*l'Etoil;;;;130
201500050213;15;7;7;1813;1;1;1;1;2;33;A55-Sens Martigues*vers;M;0;0;130
201500050214;15;7;16;1845;1;1;1;1;3;55;A7-Sens Lyon vers*Marsei;M;0;0;130
201500050215;15;7;7;945;1;1;1;1;6;117;A7-Sens Lyon vers*Marsei;M;0;0;130
201500050216;15;7;7;825;1;1;1;1;6;15;A51-Sens Marseille*vers;M;0;0;130
201500050217;15;7;16;1300;1;1;1;1;7;15;A515CM-sortie Gardanne/B;M;0;0;130
201500050218;15;5;30;1010;1;1;1;1;5;71;A55 - Sens Marseille*ver;;;;130
201500050219;15;7;12;715;1;1;1;1;6;5;A501-Aubagne Pont de%l'E;;;;130
201500050220;15;7;18;1625;1;1;1;1;5;55;A50-Sens Marseille*vers;;;;130
201500050221;15;7;19;600;1;1;1;1;6;71;A55 - Sens Marseille*ver;M;0;0;130
201500050222;15;7;19;500;3;1;1;1;3;26;A55-Sens Marseille*vers;;;;130
201500050223;15;6;16;850;1;1;1;1;2;70;A50-Sens Aubagne vers*Ma;;;;130
201500050224;15;7;22;1750;1;1;1;1;2;1;A51-Sens Marseille *vers;M;0;0;130
201500050225;15;7;23;800;1;1;1;1;4;55;A7-Sens Lyon vers*Marsei;M;0;0;130
201500050226;15;7;23;1715;1;1;1;1;2;15;A515-sortie Gardanne/B;M;0;0;130
201500050227;15;7;23;2320;3;1;1;1;5;71;A55 - Sens Marseille ver;M;0;0;130
201500050228;15;7;26;100;3;1;1;1;6;5;A502-Sens Toulon par*R.N;;;;130
201500050229;15;7;25;1900;1;1;1;1;2;5;A50-Sens Marseille*vers;;;;130
201500050230;15;7;29;901;1;1;1;1;5;71;A7-Sens Marseille vers*L;M;0;0;130
201500050231;15;7;28;2020;1;1;1;1;7;55;A55-Sens Marseille*vers;;;;130
201500050232;15;7;29;1515;1;1;1;1;2;22;A50-Sens Toulon vers*Aub;M;0;0;130
201500050233;15;7;20;1705;1;1;1;1;4;71;A7-Sens Marseille vers*L;;;;130
201500050234;15;7;20;1815;1;1;1;1;4;55;A7-Sens Lyon vers*Marsei;;;;130
201500050235;15;7;31;2145;2;1;1;1;2;15;A51-Sens Aix en*Provence;M;0;0;130
201500050236;15;8;1;125;3;1;1;2;6;26;A55-Sens Marseille*vers;;;;130
201500050237;15;7;31;1935;1;1;1;1;2;71;A51-Sens Marseille*vers;;;;130
201500050238;15;8;2;1945;1;1;1;1;2;55;A7-Sens Lyon vers*Marsei;;;;130
201500050239;15;8;2;2045;1;1;1;1;6;88;A55-Sens Marseille*vers;;;;130
201500050240;15;8;3;845;1;1;1;1;2;71;A7-Sens Marseille vers*L;;;;130
201500050241;15;8;5;953;1;1;1;1;2;55;A55-Sens Marseille vers;M;0;0;130
201500050242;15;8;7;250;3;1;1;1;7;55;A55-Sens Martigues*vers;M;0;0;130
201500050243;15;8;12;2310;5;1;1;1;7;55;A55-Sens Martigues*vers;M;0;0;130
201500050244;15;8;12;1845;1;1;1;1;4;88;A55-Sens Marseille*vers;;;;130
201500050245;15;8;14;250;3;1;1;3;6;55;A55-Sens Martigues *;;;;130
201500050246;15;8;14;1000;1;1;1;1;7;55;A7-Sens Lyon vers*Marsei;M;0;0;130
201500050247;15;8;10;540;5;1;1;1;6;55;A50-Sens Marseille*vers;;;;130
201500050248;15;8;11;1740;1;1;1;1;2;56;A55-Sens Marseille*vers;;;;130
201500050249;15;8;4;1800;1;1;1;1;2;33;A55-Sens Marseille*vers;;;;130
201500050250;15;8;20;1230;1;1;1;1;2;55;A7-Sens Lyon vers*Marsei;M;0;0;130
201500050251;15;8;19;2235;3;1;1;1;7;71;A7-Sens Lyon vers*Marsei;;;;130
201500050252;15;8;23;2305;3;1;1;1;2;55;A7-Sens Marseille vers*L;;;;130
201500050253;15;8;24;1045;1;1;1;1;4;71;A55 - Sens Marseille*ver;M;0;0;130
201500050254;15;8;25;1130;1;1;1;1;3;55;A55-Sens Marseille vers;M;4333317;535432;130
201500050255;15;8;24;1200;1;1;1;2;3;56;A55-Sens Marseille*vers;M;0;0;130
201500050256;15;8;27;825;1;1;1;1;2;55;A7-Sens Lyon vers*Marsei;;;;130
201500050257;15;8;23;1815;1;1;1;2;7;55;A55-Sens Martigues*vers;M;0;0;130
201500050258;15;8;20;2340;3;1;1;1;7;1;A51-Sens Marseille*vers;;;;130
201500050259;15;8;25;1850;1;1;1;1;5;55;A7-Sens Lyon vers*Marsei;;;;130
201500050260;15;8;27;1005;1;1;1;1;6;106;A7-Sens Marseille vers*L;;;;130
201500050261;15;9;1;130;3;1;1;1;3;15;A51-Sens Aix en*Provence;M;4342793;538585;130
201500050262;15;8;31;840;1;1;1;1;4;70;Sens Aubagne vers*Marsei;;;;130
201500050263;15;9;1;1715;1;1;1;1;4;55;A7-Sens Marseille vers*L;M;0;0;130
201500050264;15;9;4;845;1;1;1;1;4;55;A7-Sens Lyon vers*Marsei;;;;130
201500050265;15;9;3;1810;1;1;1;1;2;15;A51-Sens Marseille vers*;;;;130
201500050266;15;9;5;1345;1;1;1;1;7;55;Tunnel Joliette Marseill;M;4330239;536462;130
201500050267;15;9;5;1125;1;1;1;1;3;117;A7-Sens Marseille vers*L;M;0;0;130
201500050268;15;9;6;625;2;1;1;1;6;55;A7-Sens Lyon vers*Marsei;M;0;0;130
201500050269;15;9;2;1750;1;1;1;1;4;117;A7-Sens Marseille vers*L;M;0;0;130
201500050270;15;9;7;615;2;1;1;1;2;15;A51-Sens Marseille*vers;M;0;0;130
201500050271;15;9;7;840;1;1;1;1;3;55;Tunnel Prado Carйnage;M;4328682;537328;130
201500050272;15;9;7;2120;3;1;1;1;6;55;A50-Sens Marseille*vers;;;;130
201500050273;15;9;8;900;1;1;1;1;2;106;A7-Sens Lyon vers*Marsei;M;0;0;130
201500050274;15;9;7;1700;1;1;1;1;2;5;A50-Sens Marseille*vers;;;;130
201500050275;15;9;7;1825;1;1;1;1;2;55;A50-Sens Marseille*vers;;;;130
201500050276;15;9;9;815;1;1;1;1;3;55;A50-Sens Aubagne vers*Ma;;;;130
201500050277;15;9;10;540;3;1;1;1;6;71;A7-Sens Lyon vers*Marsei;M;0;0;130
201500050278;15;9;9;1825;1;1;1;1;4;55;A7-Sens Lyon vers*Marsei;;;;130
201500050279;15;9;10;800;1;1;1;1;2;55;A50-Sens Aubagne vers*Ma;;;;130
201500050280;15;9;11;630;1;1;1;1;3;71;A7-Sens Lyon vers*Marsei;M;0;0;130
201500050281;15;9;12;750;2;1;1;1;6;85;A50-Sens Toulon vers*Aub;;;;130
201500050282;15;9;12;320;3;1;1;8;7;55;A55-Sens Marseille v*ers;M;0;0;130
201500050283;15;9;13;300;3;1;1;3;6;85;A50-Sens Toulon vers*Aub;;;;130
201500050284;15;9;7;715;2;1;9;1;3;28;A50-Sens Aubagne vers*To;;;;130
201500050285;15;9;14;900;1;1;1;1;2;5;A50-Sens Marseille*vers;;;;130
201500050286;15;9;13;1115;1;1;1;1;2;55;A7-Sens Lyon vers*Marsei;M;0;0;130
201500050287;15;9;14;2120;3;1;1;1;2;55;A7-Sens Lyon vers*Marsei;;;;130
201500050288;15;9;2;2240;3;1;1;1;2;117;A7-Sens Marseille vers*L;;;;130
201500050289;15;9;11;1730;1;1;1;1;4;55;A7-Sens Lyon vers*Marsei;;;;130
201500050290;15;9;8;1945;3;1;1;1;6;19;A51-Sens Aix en *Provenc;;;;130
201500050291;15;9;16;2024;3;1;1;1;2;55;A7-Sens Lyon vers*Marsei;M;0;0;130
201500050292;15;9;17;1130;1;1;1;2;2;55;A7-Sens Marseille*vers*L;M;4333751;537703;130
201500050293;15;9;17;1635;1;1;1;1;2;55;Tunnel Joliette Marseill;;;;130
201500050294;15;9;14;1349;1;1;1;1;3;43;A55-Sens Martigues vers;M;0;0;130
201500050295;15;9;16;802;1;1;1;1;2;106;A51-Sens Aix en*Provence;M;0;0;130
201500050296;15;9;19;2215;3;1;1;1;2;55;A7-Sens Marseille vers L;M;0;0;130
201500050297;15;9;22;845;1;1;1;1;3;55;A50-Sens Aubagne vers*Ma;;;;130
201500050298;15;9;22;740;1;1;1;1;2;55;A50-Sens Aubagne vers*Ma;;;;130
201500050299;15;9;23;735;2;1;1;1;4;81;A7-Sens Lyon vers*Marsei;M;0;0;130
201500050300;15;9;23;848;1;1;1;1;4;15;A51-Sens Aix en*Provence;;;;130
201500050301;15;9;23;715;1;1;1;1;4;55;A7-Sens Lyon vers*Marsei;;;;130
201500050302;15;9;23;1215;1;1;1;1;2;1;A51-Sens Marseille*vers;;;;130
201500050303;15;9;24;1940;2;1;1;1;1;55;A55-Sens Marseille vers;M;0;0;130
201500050304;15;9;25;1520;1;1;1;1;2;55;A7-Sens Lyon vers Marsei;M;0;0;130
201500050305;15;9;8;2140;5;1;1;1;3;56;A55-Sens Marseille*vers;;;;130
201500050306;15;9;22;1725;1;1;1;1;4;55;Tunnel Joliette Marseill;M;0;0;130
201500050307;15;9;25;1745;1;1;1;1;4;71;A7-Sens Marseille vers*L;M;0;0;130
201500050308;15;9;25;1755;1;1;1;1;5;55;S10CM-Sens Marseille ver;;;;130
201500050309;15;9;24;1755;1;1;1;1;5;55;S10CM-Sens Marseille*ver;;;;130
201500050310;15;9;25;2230;3;1;1;1;2;55;A55-Sens Martigues vers;;;;130
201500050311;15;9;28;1455;1;1;1;1;6;55;A50-Sens Aubagne vers*Ma;;;;130
201500050312;15;9;30;1720;1;1;1;1;2;55;A55-Sens Martigues*vers;;;;130
201500050313;15;9;30;2300;3;1;1;1;5;71;A55 - Sens Marseille*ver;M;0;0;130
201500050314;15;10;1;850;1;1;1;1;2;71;A7-Sens Lyon vers*Marsei;;;;130
201500050315;15;10;2;640;3;1;1;1;2;55;A7-Sens Marseille vers*L;;;;130
201500050316;15;10;3;430;3;1;1;1;5;55;A50-Sens Marseille vers;M;4329466;546460;130
201500050317;15;10;3;1500;1;1;1;2;3;55;A55-Sens Marseille*vers;M;0;0;130
201500050318;15;9;28;1935;3;1;1;8;6;85;A50-Sens Toulon vers*Aub;;;;130
201500050319;15;10;3;2100;3;1;1;2;2;55;A55-Sens Martigues*vers;M;0;0;130
201500050320;15;10;3;2320;3;1;1;2;7;55;A55-Sens Marseille*vers;;;;130
201500050321;15;10;4;930;1;1;1;1;2;71;A51-Sens Aix en*Provence;;;;130
201500050322;15;10;4;1135;1;1;1;1;6;55;Tunnel Joliette*Marseill;;;;130
201500050323;15;10;5;751;1;1;1;1;4;55;Tunnel Prado Carйnage;;;;130
201500050324;15;10;3;2020;3;1;1;2;6;55;A55-Sens Martigues vers;;;;130
201500050325;15;10;5;925;1;1;1;1;2;71;A7-Sens Lyon vers*Marsei;M;0;0;130
201500050326;15;10;6;1100;1;1;1;1;5;85;A50-Sens Toulon vers*Aub;;;;130
201500050327;15;10;5;1810;1;1;1;1;6;106;A51-Sens Aix en*Provence;;;;130
201500050328;15;10;7;830;1;1;1;1;3;55;A50-Sens Aubagne vers Ma;;;;130
201500050329;15;10;7;1510;1;1;1;1;6;55;A55-Sens Martigues*vers;M;0;0;130
201500050330;15;10;8;1330;1;1;1;1;7;33;A55-Accйs Carry vers Mar;M;0;0;130
201500050331;15;10;7;1830;1;1;1;1;2;19;A51-Sens Marseille vers;M;0;0;130
201500050332;15;10;8;1745;1;1;1;1;2;55;A7-Sens Lyon vers*Marsei;M;0;0;130
201500050333;15;7;29;45;3;1;1;1;7;117;A7-Sens Lyon vers Marsei;;;;130
201500050334;15;10;10;1620;1;1;1;1;7;71;A55-Sens Martigues*vers;;;;130
201500050335;15;10;11;720;2;1;1;1;7;88;A55-Sens Marseille vers;M;0;0;130
201500050336;15;9;28;1015;1;1;1;1;4;55;A7-Sens Lyon vers*Marsei;M;0;0;130
201500050337;15;10;11;1430;1;1;1;1;7;55;A557-Liaison A7*Marseill;;;;130
201500050338;15;5;26;1540;1;1;1;1;6;55;A55-Sens Marseille*vers;;;;130
201500050339;15;10;13;830;1;1;1;8;4;55;A50-Sens Aubagne vers*Ma;;;;130
201500050340;15;10;12;2000;3;1;1;2;7;5;A50 - Sens Aubagne*vers;;;;130
201500050341;15;10;13;930;1;1;1;2;4;55;A55-Sens Martigues*vers;;;;130
201500050342;15;10;14;715;2;1;1;1;1;19;A51-Sens*Aix*en *;M;4342385;537417;130
201500050343;15;10;14;1440;1;1;1;1;3;117;A7-Sens Lyon vers*Marsei;M;0;0;130