num_acc;an;mois;jour;hrmn;lum;agg;int;atm;col;com;adr;gps;lat;long;dep
201500050344;15;9;9;1530;1;1;1;1;7;71;A7-Sens Marseille vers*L;;;;130
201500050345;15;10;9;900;1;1;1;1;2;71;A7-Sens Marseille*vers L;;;;130
201500050346;15;10;16;2158;3;1;1;1;2;15;A515CD-Gardanne vers*A51;M;0;0;130
201500050347;15;10;17;33;3;1;1;1;2;55;A7-Sens Lyon vers*Marsei;;;;130
201500050348;15;10;17;1110;1;1;1;1;2;22;A50-Sens Toulon*vers*Aub;;;;130
201500050349;15;10;16;350;3;1;1;1;6;19;A51-Sens Marseille*vers;;;;130
201500050350;15;10;18;300;3;1;1;1;3;106;A51-Sens Aix en Provence;M;0;0;130
201500050351;15;10;17;1104;1;1;1;1;2;22;A50-Sens Aubagne*vers To;;;;130
201500050352;15;10;17;15;5;1;1;1;4;55;A7-Sens Lyon vers Marsei;M;0;0;130
201500050353;15;10;19;920;1;1;1;8;7;117;A7-Sens Marseille vers L;M;0;0;130
201500050354;15;10;19;800;1;1;1;2;2;55;A55-Sens Martigues*vers;M;0;0;130
201500050355;15;10;14;1130;1;1;1;1;4;56;A55-Sens Martigues*vers;M;0;0;130
201500050356;15;5;17;2010;1;1;1;1;2;55;A7-Sens Lyon vers*Marsei;;;;130
201500050357;15;8;6;910;1;1;1;1;6;55;Tunnel Prado Carйnage;;;;130
201500050358;15;10;23;1945;3;1;1;1;4;55;A7-Sens Lyon vers*Marsei;M;0;0;130
201500050359;15;10;23;2003;5;1;1;1;4;55;A7-Sens Lyon vers Marsei;M;0;0;130
201500050360;15;10;23;900;1;1;1;1;2;71;A7-Sens Marseille vers L;M;0;0;130
201500050361;15;10;24;645;3;1;1;1;2;85;A50-Sens Aubagne*vers To;;;;130
201500050362;15;10;24;430;3;1;1;1;1;55;A7-Sens Lyon vers Marsei;M;0;0;130
201500050363;15;10;24;1935;2;1;1;1;2;55;A55-Sens Martigues*vers;M;0;0;130
201500050364;15;8;21;700;1;1;1;1;6;71;A7-Sens Lyon vers*Marsei;;;;130
201500050365;15;10;24;1220;1;1;2;1;3;85;A50-Sens Toulon vers*Aub;;;;130
201500050366;15;10;22;1900;2;1;1;1;4;1;A51-Sens Marseille*vers;;;;130
201500050367;15;10;13;1010;1;1;1;2;7;55;A55-Sens Marseille$*vers;;;;130
201500050368;15;10;28;1245;1;1;1;3;3;56;A55-Sens Martigues vers;M;0;0;130
201500050369;15;10;30;2155;3;1;1;1;6;55;Sens Aubagne vers*Marsei;;;;130
201500050370;15;10;31;117;3;1;1;1;6;71;A7-Sens Lyon vers*Marsei;M;0;0;130
201500050371;15;10;31;1600;1;1;1;1;3;28;A50-Sens Toulon vers Aub;M;0;0;130
201500050372;15;10;31;1715;1;1;1;1;6;55;S***Aubagne vers Marsei;M;4329427;546813;130
201500050373;15;10;30;730;1;1;1;1;2;117;A7-Sens Marseille vers L;M;0;0;130
201500050374;15;11;1;845;1;1;1;1;7;71;A7-Sens Lyon vers*Marsei;M;0;0;130
201500050375;15;11;2;1025;1;1;1;1;2;55;A7-Sens Lyon vers*Marsei;;;;130
201500050376;15;10;30;1810;3;1;1;1;2;5;A502-Sens Toulon par*R.N;;;;130
201500050377;15;6;26;1845;1;1;1;1;2;19;A51-Sens Aix en*Provence;;;;130
201500050378;15;8;23;2045;3;1;1;3;2;1;A51-Sens Marseille*vers;;;;130
201500050379;15;11;4;720;1;1;1;2;2;55;A7-Sens Marseille vers*L;M;0;0;130
201500050380;15;11;4;915;1;1;1;2;4;106;A51-Sens Aix en*Provence;M;0;0;130
201500050381;15;11;4;350;3;1;1;1;2;5;A50-Sens Aubagne vers*Ma;;;;130
201500050382;15;11;4;1205;1;1;1;3;7;56;A55-Sens Marseille*щvers;M;0;0;130
201500050383;15;11;4;1320;1;1;1;1;1;71;A55-Sens Martigues vers;M;0;0;130
201500050384;15;8;16;1150;1;1;1;1;6;55;A55-Sens Marseille*vers;;;;130
201500050385;15;11;5;1720;2;1;1;1;4;55;A7-Sens Lyon vers Marsei;M;0;0;130
201500050386;15;11;6;1750;3;1;1;1;4;15;A515CD-Gardanne vers A51;M;0;0;130
201500050387;15;11;6;2230;4;1;1;1;2;55;A7-Sens Lyon vers Marsei;M;0;0;130
201500050388;15;11;7;1400;1;1;1;1;2;71;A7-Sens Lyon*vers Marsei;M;0;0;130
201500050389;15;11;7;1535;1;1;1;1;6;55;A7-Sens Marseille vers L;M;0;0;130
201500050390;15;11;7;1745;3;1;1;1;4;55;A7-Sens Lyon vers Marsei;M;0;0;130
201500050391;15;11;9;530;3;1;1;1;2;5;A50-Sens Marseille*vers;;;;130
201500050392;15;11;10;1730;1;1;1;1;6;5;A52-Sens Toulon vers*Pon;;;;130
201500050393;15;11;11;1015;1;1;1;1;2;55;A50-Sens Marseille*vers;;;;130
201500050394;15;9;13;930;1;1;1;1;7;1;A51-Sens Marseille vers;;;;130
201500050395;15;11;12;1900;3;1;1;1;4;81;A7-Sens Marseille vers*L;M;0;0;130
201500050396;15;11;3;1700;2;1;1;1;5;56;A55-Sens Martigues*vers;M;0;0;130
201500050397;15;11;7;50;3;1;1;1;7;55;A7-Sens Lyon vers*Marsei;M;0;0;130
201500050398;15;11;14;130;3;1;1;1;2;71;A5501DSens Lyon vers A55;M;0;0;130
201500050399;15;11;13;1245;1;1;1;1;2;43;A55-Sens Martigues*vers;;;;130
201500050400;15;11;14;2010;3;1;1;1;2;55;A7-Sens Lyon vers*Marsei;;;;130
201500050401;15;11;15;430;3;1;1;1;2;55;A50-Sens Aubagne vers*Ma;;;;130
201500050402;15;11;14;1830;2;1;1;1;6;55;A7-Sens Marseille vers*L;M;0;0;130
201500050403;15;11;16;1105;1;1;1;1;2;5;A50-Sens Marseille*vers;;;;130
201500050404;15;11;17;1020;1;1;1;1;2;55;A7-Sens Marseille vers L;M;0;0;130
201500050405;15;11;17;900;1;1;1;1;2;71;A7-Sens Lyon vers Marsei;M;0;0;130
201500050406;15;11;18;1530;1;1;1;1;7;1;A51-Sens Marseille*vers;M;0;0;130
201500050407;15;11;18;1615;1;1;1;1;6;55;S10CM-Sens Marseille ver;M;4328262;539571;130
201500050408;15;11;19;800;1;1;1;1;2;56;A55-Sens Martigues vers;M;0;0;130
201500050409;15;11;21;1920;3;1;1;1;4;55;A7-Sens Lyon vers*Marsei;;;;130
201500050410;15;11;18;1340;1;1;1;1;3;1;A51-Sens Aix en*Provence;;;;130
201500050411;15;11;23;700;1;1;1;1;7;55;A55-Sens Marseille*vers;;;;130
201500050412;15;11;23;1425;1;1;1;1;4;71;A7-Sens Marseille vers*L;;;;130
201500050413;15;11;23;2035;3;1;1;1;6;88;A55-Sens Martigues vers;M;0;0;130
201500050414;15;11;23;822;1;1;1;1;3;55;Sens Aubagne vers*Marsei;;;;130
201500050415;15;11;25;1735;3;1;1;1;4;55;A7-Sens Lyon vers*Marsei;M;0;0;130
201500050416;15;11;24;2130;5;1;1;1;7;55;A557-Liaison A7 Marseill;M;0;0;130
201500050417;15;11;26;730;1;1;1;1;6;15;A51-Sens Marseille*vers;;;;130
201500050418;15;10;26;2125;3;1;1;1;2;55;A7-Sens Lyon vers*Marsei;;;;130
201500050419;15;11;27;1420;1;1;1;1;4;55;A50-Sens Marseille*vers;M;0;0;130
201500050420;15;11;26;1945;5;1;1;1;6;5;A50-Sens Aubagne vers*Ma;;;;130
201500050421;15;11;27;1930;5;1;1;1;4;55;A50-Sens Marseille*vers;;;;130
201500050422;15;11;23;1515;1;1;1;1;7;55;Tunnel Prado Carйnage;;;;130
201500050423;15;11;28;1650;1;1;1;1;4;106;A51-Sens Marseille vers;;;;130
201500050424;15;12;1;1335;1;1;1;1;2;55;A55-Sens Marseille vers;M;0;0;130
201500050425;15;11;30;2015;3;1;1;1;2;55;A55-Sens Marseille*vers;M;0;0;130
201500050426;15;11;20;540;3;1;1;1;6;22;A50-Sens Aubagne*vers To;;;;130
201500050427;15;9;4;1215;1;1;1;1;7;1;A51-Sens Aix en Provence;;;;130
201500050428;15;11;15;1815;2;1;1;1;2;55;A7-Sens Lyon vers*Marsei;;;;130
201500050429;15;10;3;1915;2;1;1;2;6;55;A55-Sens Marseille*vers;;;;130
201500050430;15;12;3;1615;1;1;1;1;2;55;Tunnel Joliette Marseill;;;;130
201500050431;15;12;1;1810;2;1;1;1;4;5;Sens Aubagne vers*Marsei;;;;130
201500050432;15;12;4;1940;3;1;1;1;4;71;A7-Sens Marseille vers L;M;0;0;130
201500050433;15;12;4;1830;3;1;1;1;2;71;A7-Sens Marseille vers L;M;0;0;130
201500050434;15;12;6;530;3;1;1;2;5;55;A55-Sens Martigues vers;M;0;0;130
201500050435;15;12;6;1557;1;1;1;2;4;55;A7-Sens Marseille vers L;M;0;0;130
201500050436;15;12;6;1650;2;1;1;2;7;55;A557-Liaison A7 Marseill;M;0;0;130
201500050437;15;12;6;1640;2;1;1;2;6;71;A51-Sens Marseille vers;M;0;0;130
201500050438;15;12;6;1825;2;1;1;2;4;55;A55-Sens Marseille vers;M;0;0;130
201500050439;15;12;7;1130;1;1;1;1;6;55;A7-Sens Marseille vers L;;;;130
201500050440;15;9;22;1735;1;1;1;1;6;106;A7-Sens Lyon vers Marsei;;;;130
201500050441;15;10;30;1815;3;1;1;1;4;106;A51-Sens Aix en *rovence;;;;130
201500050442;15;12;9;615;4;1;1;1;6;55;Sens Marseille vers Auba;;;;130
201500050443;15;12;8;1450;1;1;1;2;3;71;A7-Sens Lyon vers Marsei;;;;130
201500050444;15;12;10;911;1;1;1;1;2;55;Tunnel Prado Carйnage;;;;130
201500050445;15;12;10;905;1;1;9;1;4;55;A7-Sens Lyon vers Marsei;M;0;0;130
201500050446;15;12;9;1936;3;1;1;1;5;1;A51-Sens Marseille vers;;;;130
201500050447;15;12;8;1300;1;1;1;1;3;1;A51-Sens Aix en Provence;M;0;0;130
201500050448;15;12;13;2250;3;1;1;1;2;71;A7-Sens Lyon vers*Marsei;;;;130
201500050449;15;12;14;2135;3;1;1;1;2;106;A7-Sens Marseille vers L;M;0;0;130
201500050450;15;12;14;1400;1;1;1;1;4;71;A7-Sens Marseille vers*L;;;;130
201500050451;15;12;16;800;1;1;1;1;4;55;TVPCD-Sens Les Ports ver;M;0;0;130
201500050452;15;12;17;750;1;1;1;1;2;56;A55-Sens Martigues vers;M;0;0;130
201500050453;15;12;16;2100;3;1;1;1;1;55;A50-Sens Marseille vers;M;0;0;130
201500050454;15;12;19;445;3;1;1;1;6;15;A51-Sens Marseille vers;M;0;0;130
201500050455;15;12;18;1726;3;1;1;1;2;71;A7-Sens Marseille vers L;M;0;0;130
201500050456;15;12;18;1828;3;1;1;1;4;55;A7-Sens Marseille vers L;M;0;0;130
201500050457;15;12;19;435;3;1;1;1;7;22;A50-Sens Aubagne vers*To;;;;130
201500050458;15;12;11;1800;5;1;1;1;4;28;A50-Sens Aubagne vers To;;;;130
201500050459;15;12;17;1530;1;1;1;1;2;71;A51-Sens Aix en Provence;M;0;0;130
201500050460;15;12;18;1150;1;1;1;1;2;70;A50-Sens Aubagne vers*Ma;;;;130
201500050461;15;12;22;510;3;1;1;1;6;15;A51-Sens Aix en Provence;M;0;0;130
201500050462;15;12;22;1532;1;1;1;1;2;55;A50-Sens Marseille*vers;;;;130
201500050463;15;12;23;825;1;1;1;8;6;55;A55-Sens Martigues vers;M;0;0;130
201500050464;15;12;23;745;2;1;1;2;7;71;A5502D-Sens Marseille ve;M;0;0;130
201500050465;15;12;23;1305;1;1;1;1;6;55;A55-Sens Marseille vers;M;0;0;130
201500050466;15;12;23;1740;2;1;1;2;7;22;A50-Sens Aubagne vers*To;;;;130
201500050467;15;12;23;250;3;1;1;1;6;1;A51-Sens Aix en Provence;M;0;0;130
201500050468;15;12;23;1235;1;1;1;2;6;85;A50-Sens Toulon vers*Aub;;;;130
201500050469;15;12;23;1240;1;1;1;2;2;55;A557-Liaison A7 Marseill;M;0;0;130
201500050470;15;12;25;1220;1;1;1;1;4;55;A7-Sens Lyon vers Marsei;M;0;0;130
201500050471;15;12;27;2110;3;1;1;1;2;71;A7-Sens Lyon vers*Marsei;;;;130
201500050472;15;12;27;2135;3;1;1;1;6;71;A55 - Sens Marseille*ver;;;;130
201500050473;15;12;27;340;3;1;1;5;7;85;A50-Sens Aubagne*vers To;;;;130
201500050474;15;12;29;330;5;1;1;1;7;55;A55-Sens Marseille vers;M;0;0;130
201500050475;15;12;29;1938;3;1;1;1;2;55;A557-Liaison A7 Marseill;M;0;0;130
201500050476;15;12;30;840;1;1;1;1;2;70;A50-Sens Marseille*vers;;;;130
201500050477;15;12;30;1120;1;1;1;1;4;55;S10CM-Sens Marseille ver;;;;130
201500050478;15;1;3;1420;1;2;7;2;7;101;13, PLACE DU PONT NEUF;;;;750
201500050479;15;1;5;1830;5;2;3;8;3;101;182, RUE DE RIVOLI;;;;750
201500050480;15;1;26;930;1;2;3;2;3;101;BOULEVARD DE SEBASTOPOL;;;;750
201500050481;15;1;26;928;1;2;1;8;2;101;214, RUE DE RIVOLI;;;;750
201500050482;15;1;27;1915;5;2;1;1;3;101;3, RUE DE CASTIGLIONE;;;;750
201500050483;15;1;23;1700;1;2;1;1;2;101;7, BOULEVARD DE SEBASTOP;;;;750
201500050484;15;1;24;2140;5;2;3;1;3;101;128, RUE DE RIVOLI;;;;750
201500050485;15;2;2;945;1;2;5;2;6;101;7, BOULEVARD DE SEBASTOP;;;;750
201500050486;15;2;2;1845;3;2;1;1;3;101;RUE DE RIVOLI;;;;750
201500050487;15;2;5;900;1;2;2;1;3;101;41, RUE CAMBON;;;;750
201500050488;15;2;6;1458;1;2;2;1;3;101;44, RUE DU LOUVRE;;;;750
201500050489;15;2;13;1545;1;2;1;1;7;101;48 QUAI DES TUILERIES;;;;750
201500050490;15;2;14;45;5;2;3;3;2;101;172, RUE DE RIVOLI;;;;750
201500050491;15;2;15;515;5;2;5;1;2;101;19, AVENUE GENERAL LEMON;;;;750
201500050492;15;2;20;2235;5;2;1;2;4;101;I-5406, VOIE GEORGES POM;;;;750
201500050493;15;2;23;1355;1;2;3;1;3;101;55bis, BOULEVARD DE SEBA;;;;750
201500050494;15;2;23;2050;5;2;3;8;6;101;244, RUE DE RIVOLI;;;;750
201500050495;15;2;26;2320;5;2;7;2;6;101;3, PLACE DES PYRAMIDES;;;;750
201500050496;15;2;24;1330;1;2;1;1;6;101;4, RUE JEAN JACQUES ROUS;;;;750
201500050497;15;3;5;1110;1;2;2;1;3;101;130, RUE DE RIVOLI;;;;750
201500050498;15;3;5;1515;1;2;5;1;3;101;21, AVENUE DE L OPERA;;;;750
201500050499;15;3;6;920;1;2;1;1;2;101;33, QUAI DE L HORLOGE;;;;750
201500050500;15;3;7;740;1;2;2;1;2;102;RUE REAUMUR;;;;750
201500050501;15;3;12;103;5;2;3;1;6;101;162, RUE DE RIVOLI;;;;750
201500050502;15;3;24;1018;1;2;3;1;7;101;2, RUE CROIX DES PETITS;;;;750
201500050503;15;3;26;930;1;2;1;1;7;101;1, QUAI DES TUILERIES;;;;750
201500050504;15;3;28;330;5;2;1;2;6;101;15, RUE DU LOUVRE;;;;750
201500050505;15;3;30;1010;1;2;4;1;3;101;8, AVENUE DE L OPERA;;;;750
201500050506;15;3;30;1040;1;2;7;1;6;101;13, PLACE DU MARCHE SAIN;;;;750
201500050507;15;4;3;1225;1;2;3;8;6;101;118, RUE DE RIVOLI;;;;750
201500050508;15;4;3;1930;2;2;1;3;7;101;12, QUAI FRANCOIS MITTER;;;;750
201500050509;15;4;5;1525;1;2;1;1;3;101;370, RUE SAINT HONORE;;;;750
201500050510;15;4;9;1409;1;2;5;1;3;101;43, RUE DE RIVOLI;;;;750
201500050511;15;4;11;1520;1;2;7;1;3;101;6, RUE DE L AMIRAL DE CO;;;;750
201500050512;15;4;12;1020;1;2;2;1;1;101;RUE DU LOUVRE;;;;750
201500050513;15;4;14;640;2;2;3;1;2;101;QUAI DES TUILERIES;;;;750
201500050514;15;4;14;940;1;2;1;1;4;101;198, RUE DE RIVOLI;;;;750
201500050515;15;4;16;1300;1;2;2;1;3;108;PONT ALEXANDRE III;;;;750
201500050516;15;4;20;1750;1;2;1;7;6;109;15, RUE SAINT LAZARE;;;;750
201500050517;15;4;21;2145;5;2;4;1;7;101;QUAI DES TUILERIES;;;;750
201500050518;15;4;25;1455;1;2;1;1;3;101;29, RUE ETIENNE MARCEL;;;;750
201500050519;15;4;25;1655;1;2;2;2;3;101;156, RUE DE RIVOLI;;;;750
201500050520;15;4;27;1210;1;2;2;1;6;101;53, RUE DE RIVOLI;;;;750
201500050521;15;4;27;2130;5;2;2;1;6;101;102, RUE DE RIVOLI;;;;750
201500050522;15;4;30;1755;1;2;1;2;6;101;RUE DE L AMIRAL DE COLIG;;;;750
201500050523;15;4;30;1745;1;2;7;2;7;101;35, RUE DANIELLE CASANOV;;;;750
201500050524;15;5;1;600;5;2;2;2;2;101;44, RUE DU LOUVRE;;;;750
201500050525;15;5;2;1705;1;2;2;2;2;101;5, AVENUE DE L OPERA;;;;750
201500050526;15;5;4;1825;1;2;1;2;2;101;7, BOULEVARD DE SEBASTOP;;;;750
201500050527;15;5;5;900;1;2;1;2;7;101;QUAI DES TUILERIES;;;;750
201500050528;15;5;6;1745;1;2;2;3;6;101;10, RUE DU LOUVRE;;;;750
201500050529;15;5;8;535;2;2;2;1;3;101;1, QUAI FRANCOIS MITTERR;;;;750
201500050530;15;5;18;1120;1;2;3;1;6;101;4, AVENUE GENERAL LEMONN;;;;750
201500050531;15;5;18;1435;1;2;1;1;6;101;4, BOULEVARD DU PALAIS;;;;750
201500050532;15;5;19;1225;1;2;2;1;7;101;98, RUE DE RIVOLI;;;;750
201500050533;15;5;19;2153;5;2;1;1;7;101;QUAI DES TUILERIES;;;;750
201500050534;15;5;23;2025;1;2;2;1;2;101;QUAI FRANCOIS MITTERRAND;;;;750
201500050535;15;5;31;1230;1;2;2;2;7;101;1, AVENUE GENERAL LEMONN;;;;750
201500050536;15;1;30;1300;1;2;3;1;7;101;0, QUAI FRANCOIS MITTERR;;;;750
201500050537;15;2;11;900;1;2;3;1;7;101;QUAI DES TUILERIES;;;;750
201500050538;15;6;4;1840;1;2;7;1;3;101;02, AVENUE DE L OPERA;;;;750
201500050539;15;6;5;1230;1;2;2;1;6;101;2, PONT DU CARROUSEL;;;;750
201500050540;15;6;12;1450;1;2;3;1;3;101;74, QUAI DES ORFEVRES;;;;750
201500050541;15;6;16;900;1;2;5;1;1;101;157, RUE SAINT HONORE;;;;750
201500050542;15;6;18;1005;1;2;2;1;6;101;122, RUE DE RIVOLI;;;;750
201500050543;15;6;22;1215;1;2;3;1;7;101;29, BOULEVARD DE SEBASTO;;;;750
201500050544;15;6;27;1810;1;2;1;1;6;101;104, RUE DE RIVOLI;;;;750
201500050545;15;6;29;1715;1;2;2;1;6;101;31, RUE ETIENNE MARCEL;;;;750
201500050546;15;6;29;1815;1;2;1;1;2;101;RUE SAINT HONORE;;;;750
201500050547;15;6;30;1900;1;2;2;1;3;101;RUE THERESE;;;;750
201500050548;15;7;1;1010;1;2;5;1;6;102;162, RUE MONTMARTRE;;;;750
201500050549;15;7;1;2040;1;2;3;1;3;101;RUE DE RIVOLI;;;;750
201500050550;15;7;3;835;1;2;1;1;7;101;VOIE GEORGES POMPIDOU;;;;750
201500050551;15;7;3;835;1;2;1;1;7;101;VOIE GEORGES POMPIDOU;;;;750
201500050552;15;7;13;1510;1;2;1;1;6;101;PLACE DU CARROUSEL;;;;750
201500050553;15;7;14;50;5;2;5;1;3;101;41, RUE DE RIVOLI;;;;750
201500050554;15;7;15;1000;1;2;3;1;3;101;232, RUE DE RIVOLI;;;;750
201500050555;15;7;15;1030;1;2;7;1;2;101;2 ter, QUAI DE LA MEGISS;;;;750
201500050556;15;7;15;2235;2;2;3;1;3;101;2, RUE SAINT ROCH;;;;750
201500050557;15;7;21;825;1;2;3;1;2;101;196, RUE DE RIVOLI;;;;750
201500050558;15;7;21;1240;1;2;2;1;3;101;RUE DU PONT NEUF;;;;750
201500050559;15;7;28;2110;2;2;2;8;2;101;04, BOULEVARD DE SEBASTO;;;;750
201500050560;15;7;30;1250;1;2;1;1;6;101;44, RUE DU LOUVRE;;;;750
201500050561;15;8;2;1555;1;2;1;1;6;101;QUAI FRANCOIS MITTERRAND;;;;750
201500050562;15;8;3;1425;1;2;2;1;3;101;12, QUAI FRANCOIS MITTER;;;;750
201500050563;15;8;7;1700;1;2;7;2;7;101;2, QUAI DE LA MEGISSERIE;;;;750
201500050564;15;8;10;110;5;2;2;1;6;101;49, BOULEVARD DE SEBASTO;;;;750
201500050565;15;8;17;1607;1;2;7;1;6;101;, RUE DE RIVOLI;;;;750
201500050566;15;8;22;250;5;2;2;1;2;101;5, QUAI FRANCOIS MITTERR;;;;750
201500050567;15;8;28;930;1;2;2;1;4;101;25, BOULEVARD DE SEBASTO;;;;750
201500050568;15;8;29;1120;1;2;7;1;3;104;2, PLACE DU CHATELET;;;;750
201500050569;15;9;3;1420;1;2;7;1;6;101;PLACE DU CARROUSEL;;;;750
201500050570;15;9;4;2010;5;2;3;1;7;101;VOIE GEORGES POMPIDOU;;;;750
201500050571;15;9;8;2000;2;2;1;1;6;104;42, RUE VIEILLE DU TEMPL;;;;750
201500050572;15;9;9;640;1;2;4;1;6;101;6, QUAI DES TUILERIES;;;;750
201500050573;15;9;9;1735;1;2;1;1;3;101;15, AVENUE DE L OPERA;;;;750
201500050574;15;9;10;1345;1;2;2;1;3;101;63, BOULEVARD DE SEBASTO;;;;750
201500050575;15;9;14;1130;1;2;3;1;7;103;88, RUE DES ARCHIVES;;;;750
201500050576;15;9;17;1530;1;2;4;1;3;101;QUAI DES TUILERIES;;;;750
201500050577;15;9;22;2240;5;2;3;2;6;101;29, BOULEVARD DE SEBASTO;;;;750
201500050578;15;9;24;2310;5;2;1;2;2;104;PONT DE SULLY;;;;750
201500050579;15;9;27;30;5;2;2;1;6;101;49, BOULEVARD DE SEBASTO;;;;750
201500050580;15;10;9;1320;1;2;7;1;3;101;01, QUAI DES TUILERIES;;;;750
201500050581;15;10;24;20;5;2;1;1;4;101;134, RUE DE RIVOLI;;;;750
201500050582;15;10;28;1015;1;2;3;8;7;101;244, RUE DE RIVOLI;;;;750
201500050583;15;10;29;1950;5;2;1;1;6;101;PONT AU CHANGE;;;;750
201500050584;15;10;29;2350;5;2;1;1;6;104;14, RUE DE RIVOLI;;;;750
201500050585;15;11;1;1120;1;2;2;1;3;101;25, RUE DU LOUVRE;;;;750
201500050586;15;11;3;1810;5;2;1;1;6;101;19, RUE DU LOUVRE;;;;750
201500050587;15;11;5;1915;5;2;3;2;6;101;202, RUE SAINT HONORE;;;;750
201500050588;15;11;11;1347;1;2;2;1;3;101;RUE CAMBON;;;;750
201500050589;15;11;15;1540;1;2;2;1;2;101;99, RUE DE RIVOLI;;;;750
201500050590;15;11;16;1645;1;2;4;1;6;101;QUAI DES TUILERIES;;;;750
201500050591;15;11;18;1710;2;2;3;1;3;101;1, PLACE DU LOUVRE;;;;750
201500050592;15;11;19;1730;5;2;2;1;3;101;40, RUE DU LOUVRE;;;;750
201500050593;15;11;20;1720;5;2;1;2;3;101;252, RUE DE RIVOLI;;;;750
201500050594;15;11;21;2300;5;2;2;1;3;104;/, BOULEVARD HENRI IV;;;;750
201500050595;15;11;25;950;1;2;1;2;7;101;08, PLACE VENDOME;;;;750
201500050596;15;11;25;1050;1;2;3;2;7;101;59, RUE DE RIVOLI;;;;750
201500050597;15;11;29;913;1;2;3;2;7;102;09, BOULEVARD POISSONNIE;;;;750
201500050598;15;12;5;1735;5;2;1;1;3;101;09, BOULEVARD DE LA MADE;;;;750
201500050599;15;12;7;25;5;2;1;1;6;101;32, VOIE GEORGES POMPIDO;;;;750
201500050600;15;12;15;1700;2;2;1;2;6;101;354, RUE SAINT HONORE;;;;750
201500050601;15;12;15;1800;5;2;2;3;3;101;RUE DE CASTIGLIONE;;;;750
201500050602;15;12;17;930;1;2;3;1;3;101;248, RUE DE RIVOLI;;;;750
201500050603;15;12;17;1700;2;2;3;1;6;101;9, RUE DU LOUVRE;;;;750
201500050604;15;12;19;1655;5;2;2;1;6;101;9, BOULEVARD DE SEBASTOP;;;;750
201500050605;15;12;19;1740;1;2;2;1;6;101;194, RUE DE RIVOLI;;;;750
201500050606;15;12;21;1615;1;2;2;1;3;101;40, RUE DU LOUVRE;;;;750
201500050607;15;12;28;1845;5;2;1;1;2;101;0, SOUTERRAIN LEMONNIER;;;;750
201500050608;15;1;1;640;5;2;3;1;6;102;07, BOULEVARD POISSONNIE;;;;750
201500050609;15;1;2;930;1;2;5;8;3;102;1, BOULEVARD DE BONNE NO;;;;750
201500050610;15;1;6;510;5;2;2;1;6;102;AVENUE DE L OPERA;;;;750
201500050611;15;1;9;1510;1;2;3;1;4;102;84, RUE DE RICHELIEU;;;;750
201500050612;15;1;17;2100;5;2;1;1;2;102;102, RUE REAUMUR;;;;750
201500050613;15;1;19;1130;1;2;2;1;3;102;BOULEVARD DE BONNE NOUVE;;;;750
201500050614;15;2;3;1845;2;2;2;1;2;109;14, BOULEVARD HAUSSMANN;;;;750
201500050615;15;2;4;1002;1;2;2;1;3;102;18, RUE DE LA PAIX;;;;750
201500050616;15;2;5;1125;1;2;1;1;6;102;04, PLACE DE L OPERA;;;;750
201500050617;15;2;6;930;1;2;2;1;6;109;24, BOULEVARD DES ITALIE;;;;750
201500050618;15;2;9;950;1;2;1;1;6;102;34, RUE ETIENNE MARCEL;;;;750
201500050619;15;2;17;620;5;2;5;1;3;102;23, RUE D ABOUKIR;;;;750
201500050620;15;2;20;920;1;2;1;2;2;102;25, BOULEVARD DE BONNE N;;;;750
201500050621;15;2;20;2245;4;2;1;2;7;102;101, BOULEVARD DE SEBAST;;;;750
201500050622;15;2;22;240;4;2;5;1;6;101;1, QUAI DU LOUVRE;;;;750
201500050623;15;2;23;1900;5;2;1;1;6;109;2, RUE SCRIBE;;;;750
201500050624;15;2;26;1850;5;2;1;3;7;102;01, BOULEVARD DES CAPUCI;;;;750
201500050625;15;2;28;2340;5;2;2;2;6;102;141, BOULEVARD DE SEBAST;;;;750
201500050626;15;3;2;2323;5;2;2;1;7;102;111, RUE REAUMUR;;;;750
201500050627;15;3;4;1820;1;2;1;1;3;102;14, RUE DU MAIL;;;;750
201500050628;15;3;12;220;5;2;2;1;3;102;RUE DE RICHELIEU;;;;750
201500050629;15;3;18;1445;1;2;2;1;3;102;RUE DU LOUVRE;;;;750
201500050630;15;3;18;1230;1;2;2;1;6;102;RUE REAUMUR;;;;750
201500050631;15;3;20;1310;1;2;2;1;6;102;14, RUE DU QUATRE SEPTEM;;;;750
201500050632;15;3;25;1950;5;2;2;2;3;102;BOULEVARD DES CAPUCINES;;;;750
201500050633;15;3;27;810;1;2;2;1;3;102;94, RUE DE RICHELIEU;;;;750
201500050634;15;4;10;1955;5;2;1;1;6;102;13, BOULEVARD SAINT DENI;;;;750
201500050635;15;4;10;2230;5;2;5;1;6;110;BOULEVARD DE BONNE NOUVE;;;;750
201500050636;15;4;17;2325;5;2;2;1;3;102;RUE DE LA MICHODIERE;;;;750
201500050637;15;4;23;1550;1;2;2;7;6;102;54, RUE DU LOUVRE;;;;750
201500050638;15;4;24;1900;1;2;1;1;6;104;12, RUE FRANCOIS MIRON;;;;750
201500050639;15;5;1;1815;1;2;3;2;2;102;RUE D AMBOISE;;;;750
201500050640;15;5;8;105;5;2;2;1;6;102;56, RUE DU LOUVRE;;;;750
201500050641;15;5;8;1455;1;2;5;1;6;102;3, RUE DANIELLE CASANOVA;;;;750
201500050642;15;5;9;1550;1;2;2;1;3;102;62, RUE DU LOUVRE;;;;750
201500050643;15;5;10;2110;2;2;5;1;3;102;21, RUE DU QUATRE SEPTEM;;;;750
201500050644;15;5;15;1935;1;2;2;1;6;102;35, BOULEVARD DES CAPUCI;;;;750
201500050645;15;5;18;2125;5;2;7;2;3;102;AVENUE DE L OPERA;;;;750
201500050646;15;5;27;1230;1;2;1;1;6;102;5, RUE SAINT FIACRE;;;;750
201500050647;15;5;28;1220;1;2;7;1;4;102;2, PLACE DE L OPERA;;;;750