num_acc;an;mois;jour;hrmn;lum;agg;int;atm;col;com;adr;gps;lat;long;dep
201500050648;15;5;31;1015;1;2;1;8;6;102;11, RUE DANIELLE CASANOV;;;;750
201500050649;15;6;4;1323;1;2;5;1;3;102;62, RUE DU LOUVRE;;;;750
201500050650;15;6;7;1210;1;2;2;1;6;102;103, RUE DE RICHELIEU;;;;750
201500050651;15;6;8;820;1;2;2;1;3;102;RUE DU QUATRE SEPTEMBRE;;;;750
201500050652;15;6;8;1825;1;2;2;1;1;110;0, BOULEVARD SAINT DENIS;;;;750
201500050653;15;6;9;1955;1;2;1;1;6;101;01, QUAI FRANCOIS MITTER;;;;750
201500050654;15;7;9;910;1;2;1;1;3;102;15, BOULEVARD POISSONNIE;;;;750
201500050655;15;9;18;1630;1;2;2;3;3;102;17, RUE DU QUATRE SEPTEM;;;;750
201500050656;15;6;5;1730;1;2;1;1;3;102;RUE DE LA PAIX;;;;750
201500050657;15;6;15;1750;1;2;3;1;6;102;248, RUE SAINT DENIS;;;;750
201500050658;15;6;16;1225;1;2;1;1;6;103;34, RUE DE TURBIGO;;;;750
201500050659;15;6;22;900;1;2;2;1;7;103;BOULEVARD DE SEBASTOPOL;;;;750
201500050660;15;6;25;1730;1;2;1;1;6;102;31, RUE VIVIENNE;;;;750
201500050661;15;6;26;1955;1;2;2;1;3;102;11, BOULEVARD SAINT DENI;;;;750
201500050662;15;6;29;905;1;2;2;1;7;102;27, RUE SAINT AUGUSTIN;;;;750
201500050663;15;6;29;2110;2;2;2;1;7;102;54, RUE DU LOUVRE;;;;750
201500050664;15;7;1;925;1;2;3;1;6;102;23, BOULEVARD DE BONNE N;;;;750
201500050665;15;7;4;2030;1;2;1;1;6;102;94, RUE MONTMARTRE;;;;750
201500050666;15;7;8;910;1;2;7;1;3;102;AVENUE DE L OPERA;;;;750
201500050667;15;7;8;1605;1;2;2;1;6;109;10, BOULEVARD MONTMARTRE;;;;750
201500050668;15;7;10;900;1;2;2;1;3;102;28, RUE SAINT AUGUSTIN;;;;750
201500050669;15;7;29;950;1;2;5;1;6;102;29, BOULEVARD DES ITALIE;;;;750
201500050670;15;7;29;1600;1;2;2;1;3;102;27, RUE DU QUATRE SEPTEM;;;;750
201500050671;15;8;4;1945;1;2;7;1;2;102;23, RUE DE LA PAIX;;;;750
201500050672;15;8;6;1205;1;2;1;1;3;102;75, BOULEVARD DE SEBASTO;;;;750
201500050673;15;8;10;1235;1;2;2;1;7;102;58, RUE DE RICHELIEU;;;;750
201500050674;15;8;12;1533;1;2;5;1;6;102;23, RUE LOUIS LE GRAND;;;;750
201500050675;15;8;14;1740;1;2;1;7;7;102;7, BOULEVARD DES CAPUCIN;;;;750
201500050676;15;8;11;1335;1;2;2;1;3;103;21, RUE REAUMUR;;;;750
201500050677;15;8;19;55;5;2;3;1;7;102;RUE MONTMARTRE;;;;750
201500050678;15;9;3;200;5;2;2;1;6;103;87, RUE BEAUBOURG;;;;750
201500050679;15;9;8;905;1;2;5;1;3;102;62, RUE DU LOUVRE;;;;750
201500050680;15;9;12;1140;1;2;3;8;2;102;41, AVENUE DE L OPERA;;;;750
201500050681;15;9;13;2330;5;2;1;1;3;104;39, RUE DE RIVOLI;;;;750
201500050682;15;9;14;1655;1;2;1;1;6;102;15, BOULEVARD SAINT DENI;;;;750
201500050683;15;9;15;1120;1;2;2;1;3;102;RUE DU LOUVRE;;;;750
201500050684;15;9;15;1715;1;2;1;1;6;109;02, RUE DE LONDRES;;;;750
201500050685;15;9;16;1750;1;2;1;2;2;102;33, PLACE DE LA BOURSE;;;;750
201500050686;15;9;17;835;1;2;2;8;7;102;29, BOULEVARD POISSONNIE;;;;750
201500050687;15;9;22;2005;5;2;2;2;7;102;76, RUE REAUMUR;;;;750
201500050688;15;9;23;1245;1;2;1;1;6;102;25, RUE LOUIS LE GRAND;;;;750
201500050689;15;9;23;2015;5;2;1;1;2;102;40, RUE ETIENNE MARCEL;;;;750
201500050690;15;9;24;1515;1;2;2;1;2;102;18, RUE DU QUATRE SEPTEM;;;;750
201500050691;15;9;25;1630;1;2;2;1;3;102;1, BOULEVARD POISSONNIER;;;;750
201500050692;15;9;28;1940;5;2;1;1;7;102;AVENUE DE L OPERA;;;;750
201500050693;15;9;29;930;1;2;2;1;3;102;1, BOULEVARD POISSONNIER;;;;750
201500050694;15;9;29;1155;1;2;4;1;3;102;250, RUE SAINT DENIS;;;;750
201500050695;15;9;30;2050;5;2;1;1;6;104;29, RUE DE RIVOLI;;;;750
201500050696;15;10;2;50;5;2;5;1;6;102;28, RUE DU QUATRE SEPTEM;;;;750
201500050697;15;10;5;1050;1;2;7;1;6;102;RUE DE LA PAIX;;;;750
201500050698;15;10;7;1920;5;2;1;1;6;102;30, RUE BLONDEL;;;;750
201500050699;15;10;8;945;1;2;1;1;3;102;163, RUE MONTMARTRE;;;;750
201500050700;15;10;8;1230;1;2;1;1;6;102;13, BOULEVARD SAINT DENI;;;;750
201500050701;15;10;15;2350;5;2;2;1;6;102;RUE DE LA MICHODIERE;;;;750
201500050702;15;10;16;720;5;2;3;2;6;109;26, RUE LAFFITTE;;;;750
201500050703;15;10;16;1330;1;2;7;2;6;102;49, AVENUE DE L OPERA;;;;750
201500050704;15;10;17;1930;5;2;2;1;2;109;1, RUE BERGERE;;;;750
201500050705;15;10;18;754;2;2;2;1;3;102;15, RUE DU QUATRE SEPTEM;;;;750
201500050706;15;10;21;2110;5;2;1;2;7;102;5, BOULEVARD MONTMARTRE;;;;750
201500050707;15;10;21;2255;4;2;2;2;6;102;27, RUE DU QUATRE SEPTEM;;;;750
201500050708;15;10;23;540;5;2;2;1;3;110;19, BOULEVARD SAINT DENI;;;;750
201500050709;15;10;26;1830;2;2;2;1;7;102;87, RUE REAUMUR;;;;750
201500050710;15;10;31;20;5;2;2;1;5;102;RUE DU QUATRE SEPTEMBRE;;;;750
201500050711;15;11;1;540;5;2;2;1;6;102;46, RUE ETIENNE MARCEL;;;;750
201500050712;15;10;31;2015;5;2;4;1;3;102;07, BOULEVARD DE BONNE N;;;;750
201500050713;15;11;1;1745;5;2;1;1;6;101;L107536QUAI DES TUILERIE;;;;750
201500050714;15;11;3;910;1;2;3;2;7;102;152, RUE MONTMARTRE;;;;750
201500050715;15;11;4;1805;5;2;1;1;3;102;27, BOULEVARD POISSONNIE;;;;750
201500050716;15;11;5;1730;2;2;1;1;3;109;22, BOULEVARD POISSONNIE;;;;750
201500050717;15;11;5;2050;5;2;7;1;2;101;PLACE DU CARROUSEL;;;;750
201500050718;15;11;6;945;1;2;2;1;6;102;44, RUE ETIENNE MARCEL;;;;750
201500050719;15;11;6;1610;1;2;7;2;6;102;9, PLACE DE LA BOURSE;;;;750
201500050720;15;11;10;1435;1;2;1;1;4;101;QUAI DES TUILERIES;;;;750
201500050721;15;11;12;1030;1;2;2;1;3;109;33, RUE DE CHATEAUDUN;;;;750
201500050722;15;11;16;1448;1;2;2;2;3;102;BOULEVARD SAINT DENIS;;;;750
201500050723;15;11;19;955;1;2;7;1;3;102;4, PLACE DE L OPERA;;;;750
201500050724;15;11;24;1705;2;2;2;2;3;102;81, BOULEVARD DE SEBASTO;;;;750
201500050725;15;11;24;2335;5;2;2;2;3;102;RUE VIVIENNE;;;;750
201500050726;15;11;28;2140;5;2;2;1;6;102;29, BOULEVARD DES ITALIE;;;;750
201500050727;15;12;3;1300;1;2;1;1;2;102;125, BOULEVARD DE SEBAST;;;;750
201500050728;15;12;4;845;1;2;1;1;6;101;RUE SAINT HONORE;;;;750
201500050729;15;12;7;745;5;2;1;1;3;109;RUE DU HAVRE;;;;750
201500050730;15;12;9;2100;5;2;7;1;3;102;4, PLACE DE L OPERA;;;;750
201500050731;15;12;13;20;5;2;2;1;3;102;RUE DE GRAMONT;;;;750
201500050732;15;12;13;1900;2;2;2;1;7;101;1, BOULEVARD DE SEBASTOP;;;;750
201500050733;15;1;1;1530;1;2;2;1;6;103;77, BOULEVARD BEAUMARCHA;;;;750
201500050734;15;1;13;22;5;2;5;1;6;109;33, RUE DE MAUBEUGE;;;;750
201500050735;15;1;15;115;5;2;3;2;6;103;33, RUE DES GRAVILLIERS;;;;750
201500050736;15;1;18;615;5;2;2;1;6;103;82, BOULEVARD DE SEBASTO;;;;750
201500050737;15;1;20;1155;1;2;1;1;2;103;78, RUE DE TURBIGO;;;;750
201500050738;15;1;21;1340;1;2;2;1;7;103;2, RUE AUX OURS;;;;750
201500050739;15;1;21;1406;1;2;1;1;6;103;21, PLACE DE LA REPUBLIQ;;;;750
201500050740;15;1;23;1510;1;2;1;1;7;103;37, RUE REAUMUR;;;;750
201500050741;15;1;24;240;5;2;3;1;6;103;33, BOULEVARD DU TEMPLE;;;;750
201500050742;15;1;24;1350;1;2;2;1;6;103;103, RUE BEAUBOURG;;;;750
201500050743;15;1;24;1850;5;2;3;1;6;103;74, RUE DE TURENNE;;;;750
201500050744;15;1;29;1;5;2;3;1;3;102;BOULEVARD DES CAPUCINES;;;;750
201500050745;15;1;29;1050;1;2;4;1;3;103;201, RUE DU TEMPLE;;;;750
201500050746;15;1;29;1810;5;2;5;1;6;104;01, RUE DU FIGUIER;;;;750
201500050747;15;2;3;30;5;2;7;1;6;103;13, PLACE DE LA REPUBLIQ;;;;750
201500050748;15;2;7;2145;5;2;4;1;3;103;113, BOULEVARD BEAUMARCH;;;;750
201500050749;15;2;15;45;5;2;2;1;6;103;207, RUE DU TEMPLE;;;;750
201500050750;15;2;17;1915;5;2;1;1;6;103;11, BOULEVARD SAINT MART;;;;750
201500050751;15;2;18;1355;1;2;5;1;3;103;36, RUE DE TURBIGO;;;;750
201500050752;15;2;19;730;1;2;2;1;6;103;77, RUE DE TURBIGO;;;;750
201500050753;15;2;22;1410;1;2;2;1;6;103;205, RUE DU TEMPLE;;;;750
201500050754;15;2;23;930;1;2;3;1;3;103;91, BOULEVARD BEAUMARCHA;;;;750
201500050755;15;2;25;1815;5;2;2;2;6;103;43, RUE REAUMUR;;;;750
201500050756;15;2;28;1345;1;2;2;1;6;103;43, RUE REAUMUR;;;;750
201500050757;15;3;2;1455;1;2;3;1;6;103;4, RUE CAFFARELLI;;;;750
201500050758;15;3;3;1525;1;2;1;1;6;103;33, RUE DEBELLEYME;;;;750
201500050759;15;3;4;1055;1;2;2;1;6;103;12, RUE AUX OURS;;;;750
201500050760;15;3;6;1400;1;2;3;1;6;104;20, RUE RAMBUTEAU;;;;750
201500050761;15;3;9;1000;1;2;2;1;3;103;21, RUE BEAUBOURG;;;;750
201500050762;15;3;12;1245;1;2;2;1;3;103;27, RUE BEAUBOURG;;;;750
201500050763;15;3;23;1040;1;2;1;1;6;103;55, RUE CHARLO;;;;750
201500050764;15;3;26;2335;5;2;3;1;2;103;251, RUE SAINT MARTIN;;;;750
201500050765;15;3;28;1915;5;2;5;1;7;103;53, RUE DE TURBIGO;;;;750
201500050766;15;3;30;800;1;2;2;1;3;103;69, RUE DU TEMPLE;;;;750
201500050767;15;3;30;1420;1;2;2;1;6;103;13, RUE DES QUATRE FILS;;;;750
201500050768;15;4;7;1235;1;2;2;1;6;103;62, RUE REAUMUR;;;;750
201500050769;15;4;8;850;1;2;2;1;2;103;15, RUE DE BRETAGNE;;;;750
201500050770;15;4;8;1745;1;2;1;1;6;102;44, RUE MONTMARTRE;;;;750
201500050771;15;4;13;1215;1;2;1;1;2;103;13, PLACE DE LA REPUBLIQ;;;;750
201500050772;15;4;16;140;5;2;1;1;7;103;31, BOULEVARD SAINT MART;;;;750
201500050773;15;4;17;910;1;2;1;1;6;103;59, RUE DE TURBIGO;;;;750
201500050774;15;4;21;1220;1;2;2;1;4;103;252, RUE SAINT MARTIN;;;;750
201500050775;15;4;22;945;1;2;1;1;6;103;23, RUE BEAUBOURG;;;;750
201500050776;15;4;30;620;2;2;2;2;6;103;339, RUE SAINT MARTIN;;;;750
201500050777;15;5;1;40;5;2;2;2;2;103;359, RUE SAINT MARTIN;;;;750
201500050778;15;5;6;1120;1;2;7;1;1;103;207, RUE DU TEMPLE;;;;750
201500050779;15;5;7;955;1;2;7;1;3;103;13, PLACE DE LA REPUBLIQ;;;;750
201500050780;15;5;14;1505;1;2;1;3;7;102;93, BOULEVARD DE SEBASTO;;;;750
201500050781;15;5;24;2215;5;2;2;1;3;103;245, RUE SAINT MARTIN;;;;750
201500050782;15;5;21;2145;4;2;1;1;6;103;61, BOULEVARD BEAUMARCHA;;;;750
201500050783;15;5;25;1650;1;2;1;1;3;103;28, RUE REAUMUR;;;;750
201500050784;15;5;26;1150;1;2;1;1;3;103;95, RUE BEAUBOURG;;;;750
201500050785;15;5;27;1020;1;2;1;1;2;103;23, RUE BEAUBOURG;;;;750
201500050786;15;5;28;1600;1;2;4;1;6;103;70, RUE DE TURBIGO;;;;750
201500050787;15;5;31;1240;1;2;3;2;7;103;22, RUE BEAUBOURG;M;4851407;221130;750
201500050788;15;6;3;1900;1;2;2;1;6;101;104, RUE DE RIVOLI;;;;750
201500050789;15;6;5;1920;1;2;5;1;3;103;50, RUE DE TURBIGO;M;4851561;221246;750
201500050790;15;6;8;1545;1;2;1;1;7;103;33, RUE REAUMUR;;;;750
201500050791;15;6;10;1750;1;2;1;1;2;103;31, RUE REAUMUR;M;4851556;221201;750
201500050792;15;6;11;1505;1;2;3;1;6;103;31, RUE BEAUBOURG;;;;750
201500050793;15;6;13;1725;1;2;1;1;6;103;15, RUE DU GRENIER SAINT;;;;750
201500050794;15;6;16;1650;1;2;5;1;6;109;147, RUE DU FAUBOURG POI;M;;;750
201500050795;15;6;18;2140;2;2;2;1;6;103;72, RUE REAUMUR;;;;750
201500050796;15;6;22;1445;1;2;2;8;6;103;4, RUE SAINT GILLES;M;4851277;222037;750
201500050797;15;6;23;1830;1;2;1;1;6;103;13, PLACE DE LA REPUBLIQ;M;4852011;221485;750
201500050798;15;6;28;430;5;2;2;1;3;103;1, BOULEVARD SAINT DENIS;;;;750
201500050799;15;6;30;1800;1;2;2;1;3;103;34, RUE MICHEL LE COMTE;M;4851460;221155;750
201500050800;15;7;10;1120;1;2;4;1;3;109;67, RUE LA FAYETTE;M;;;750
201500050801;15;7;16;845;1;2;2;1;3;103;58, BOULEVARD DE SEBASTO;M;;;750
201500050802;15;7;18;110;5;2;3;1;3;103;28, RUE BEAUBOURG;M;;;750
201500050803;15;7;19;1150;1;2;1;1;6;103;11, PLACE DE LA REPUBLIQ;M;;;750
201500050804;15;7;21;1745;1;2;1;1;7;103;75, RUE DE TURENNE;M;;;750
201500050805;15;7;23;1000;1;2;2;1;2;103;78, RUE DES ARCHIVES;M;;;750
201500050806;15;7;24;1405;1;2;4;1;7;103;172, RUE DU TEMPLE;M;;;750
201500050807;15;7;29;1000;1;2;1;1;2;103;237, RUE SAINT MARTIN;M;;;750
201500050808;15;7;31;1150;1;2;5;1;6;103;2, RUE DES FILLES DU CAL;;;;750
201500050809;15;7;31;1435;1;2;1;1;6;109;46, RUE PIERRE FONTAINE;;;;750
201500050810;15;8;3;1450;1;2;2;1;6;103;33, BOULEVARD BEAUMARCHA;;;;750
201500050811;15;8;12;925;1;2;2;1;6;103;86, RUE VIEILLE DU TEMPL;;;;750
201500050812;15;8;15;1130;1;2;2;8;6;103;60, RUE DES FRANCS BOURG;;;;750
201500050813;15;8;24;1350;1;2;5;2;7;103;160, RUE DU TEMPLE;;;;750
201500050814;15;8;29;1530;1;2;3;1;2;103;93, BOULEVARD BEAUMARCHA;;;;750
201500050815;15;8;31;1210;1;2;2;1;3;103;99, BOULEVARD BEAUMARCHA;;;;750
201500050816;15;8;31;1745;1;2;2;1;6;103;45, BOULEVARD BEAUMARCHA;;;;750
201500050817;15;9;3;125;5;2;1;1;6;103;84, RUE DES ARCHIVES;;;;750
201500050818;15;9;4;1715;1;2;1;1;3;103;259, RUE SAINT MARTIN;;;;750
201500050819;15;9;8;1530;1;2;3;1;3;103;5, BOULEVARD DES FILLES;;;;750
201500050820;15;9;10;1635;1;2;2;1;6;103;86 BIS, RUE VIEILLE DU T;;;;750
201500050821;15;9;10;1800;1;2;5;1;2;103;53, RUE DE TURBIGO;;;;750
201500050822;15;9;17;1745;1;2;3;1;6;103;115, RUE DU TEMPLE;;;;750
201500050823;15;9;18;2220;5;2;3;2;6;103;91, BOULEVARD BEAUMARCHA;;;;750
201500050824;15;9;22;1610;1;2;3;2;7;103;180, RUE DU TEMPLE;;;;750
201500050825;15;9;23;1730;1;2;3;1;2;110;2, BOULEVARD SAINT MARTI;;;;750
201500050826;15;9;29;930;1;2;2;1;2;103;14, RUE FROISSART;;;;750
201500050827;15;10;1;2312;5;2;4;1;3;103;113, BOULEVARD BEAUMARCH;;;;750
201500050828;15;10;2;930;1;2;7;1;3;103;21, PLACE DE LA REPUBLIQ;;;;750
201500050829;15;10;3;220;5;2;3;1;2;103;64, BOULEVARD DE SEBASTO;;;;750
201500050830;15;10;1;1935;2;2;2;1;3;103;15, RUE DE BRETAGNE;;;;750
201500050831;15;10;5;1555;1;2;7;3;6;103;09, PLACE DE LA REPUBLIQ;;;;750
201500050832;15;10;5;1820;2;2;1;3;3;103;5BIS, RUE FROISSART;;;;750
201500050833;15;10;6;800;1;2;2;3;6;103;7, RUE DE BEARN;;;;750
201500050834;15;10;9;925;1;2;5;7;2;103;94, RUE DE TURENNE;;;;750
201500050835;15;10;9;1100;1;2;1;1;3;103;89, RUE DE TURENNE;;;;750
201500050836;15;10;10;1330;1;2;3;1;6;103;16, RUE DE BEARN;;;;750
201500050837;15;10;14;1440;1;2;2;1;3;103;43, RUE DES ARCHIVES;;;;750
201500050838;15;10;23;1140;1;2;2;1;2;103;110, BOULEVARD DE SEBAST;;;;750
201500050839;15;10;26;828;1;2;1;1;6;103;16, RUE DE LA PERLE;;;;750
201500050840;15;10;28;913;1;2;1;1;7;103;53, BOULEVARD SAINT MART;;;;750
201500050841;15;10;31;1825;3;2;3;1;6;103;54, RUE DE TURBIGO;;;;750
201500050842;15;11;8;2340;5;2;1;1;6;103;49, RUE MESLAY;;;;750
201500050843;15;11;12;1020;1;2;1;1;6;103;5, RUE CHARLOT;;;;750
201500050844;15;11;13;1250;1;2;4;1;3;103;99, BOULEVARD BEAUMARCHA;;;;750
201500050845;15;11;16;1425;1;2;2;8;6;103;47, RUE DES FRANCS BOURG;;;;750
201500050846;15;11;17;2310;5;2;5;1;2;103;53, BOULEVARD SAINT MART;;;;750
201500050847;15;11;19;950;1;2;4;2;3;103;201, RUE DU TEMPLE;;;;750
201500050848;15;11;23;2040;5;2;7;1;6;103;24, PLACE DES VOSGES;;;;750
201500050849;15;11;27;2015;5;2;5;2;6;101;36, RUE ETIENNE MARCEL;;;;750
201500050850;15;12;7;815;1;2;1;1;6;103;292, RUE SAINT MARTIN;;;;750
201500050851;15;12;8;1555;1;2;1;2;3;103;83, RUE DE TURBIGO;;;;750
201500050852;15;12;10;910;1;2;2;1;6;103;114, BOULEVARD DE SEBAST;;;;750
201500050853;15;12;10;1245;1;2;2;1;3;103;11, BOULEVARD DES FILLES;;;;750
201500050854;15;12;15;1500;1;2;2;8;2;103;12, RUE DES HAUDRIETTES;;;;750
201500050855;15;12;15;1415;1;2;2;1;6;103;28, RUE SAINT GILLES;;;;750
201500050856;15;12;18;1625;1;2;2;1;6;103;43, RUE REAUMUR;;;;750
201500050857;15;12;19;1215;1;2;7;1;4;103;15, PLACE DE LA REPUBLIQ;;;;750
201500050858;15;12;27;1005;1;2;7;1;6;102;35, RUE DU QUATRE SEPTEM;;;;750
201500050859;15;12;28;1728;5;2;3;1;3;103;323, RUE SAINT MARTIN;;;;750
201500050860;15;12;30;1130;1;2;2;1;6;104;48, RUE VIEILLE DU TEMPL;;;;750
201500050861;15;1;4;1900;5;2;7;1;2;104;PLACE DE LA BASTILLE;;;;750
201500050862;15;1;13;1125;1;2;2;2;6;104;1, RUE DE BIRAGUE;;;;750
201500050863;15;1;14;1145;1;2;2;2;2;104;12, QUAI DE GESVRES;;;;750
201500050864;15;1;16;340;5;2;2;1;3;109;43, RUE DE TREVISE;;;;750
201500050865;15;1;16;1740;2;2;2;1;3;104;96, RUE DE RIVOLI;;;;750
201500050866;15;1;16;2245;5;2;2;1;6;104;12, QUAI DE GESVRES;;;;750
201500050867;15;1;30;1130;1;2;1;2;6;109;09, RUE NOTRE DAME DE LO;;;;750
201500050868;15;1;30;1200;1;2;3;4;7;104;19, RUE BEAUBOURG;;;;750
201500050869;15;1;31;1530;1;2;3;1;3;104;RUE SAINT ANTOINE;;;;750
201500050870;15;2;2;930;1;2;2;2;6;102;113, BOULEVARD DE SEBAST;;;;750
201500050871;15;2;9;1850;5;2;1;1;6;104;23, RUE DE RIVOLI;;;;750
201500050872;15;2;21;1200;1;2;7;2;3;111;14, PLACE DE LA BASTILLE;;;;750
201500050873;15;2;27;841;1;2;2;1;3;104;7, RUE SAINT MARTIN;;;;750
201500050874;15;2;27;2100;5;2;1;1;4;104;0, PONT MARIE;;;;750
201500050875;15;3;2;1500;1;2;2;1;6;104;52, RUE DE RIVOLI;;;;750
201500050876;15;3;3;1630;1;2;2;2;6;104;15, RUE DE RIVOLI;;;;750
201500050877;15;3;4;1650;1;2;2;1;6;104;12, BOULEVARD HENRI IV;;;;750
201500050878;15;3;4;1945;5;2;4;1;6;104;33, RUE DE RIVOLI;;;;750
201500050879;15;3;5;850;1;2;1;1;3;103;11, PLACE DE LA REPUBLIQ;;;;750
201500050880;15;3;6;930;1;2;2;1;3;103;57, RUE DE TURBIGO;;;;750
201500050881;15;3;6;1630;1;2;3;1;2;104;11, RUE SAINT ANTOINE;;;;750
201500050882;15;3;6;2355;4;2;1;1;3;104;13, BOULEVARD HENRI IV;;;;750
201500050883;15;3;16;1640;1;2;1;1;6;104;51, RUE DES FRANCS BOURG;;;;750
201500050884;15;3;17;2030;3;2;3;1;6;104;5, BOULEVARD HENRI IV;;;;750
201500050885;15;3;24;1510;1;2;3;2;6;104;46, RUE VIEILLE DU TEMPL;;;;750
201500050886;15;3;26;1050;1;2;1;1;6;102;69, RUE REAUMUR;;;;750
201500050887;15;3;26;1135;1;2;1;2;7;104;11 bis, BOULEVARD MORLAN;;;;750
201500050888;15;3;27;920;1;2;3;1;3;104;1, RUE DE BROSSE;;;;750
201500050889;15;3;27;1825;1;2;7;1;3;104;02, PLACE DU CHATELET;;;;750
201500050890;15;3;31;1545;1;2;2;1;6;104;2, QUAI DE GESVRES;;;;750
201500050891;15;4;1;1845;1;2;3;1;6;104;18, BOULEVARD HENRI IV;;;;750
201500050892;15;4;2;1210;1;2;4;1;3;104;60, QUAI DE L HOTEL DE V;;;;750
201500050893;15;4;3;1315;1;2;1;2;6;102;9, RUE SAINT AUGUSTIN;;;;750
201500050894;15;4;8;1200;1;2;1;1;2;104;84, QUAI DE L HOTEL DE V;;;;750
201500050895;15;4;8;1923;1;2;1;1;3;104;QUAI DE L HOTEL DE VILLE;;;;750
201500050896;15;4;9;1;5;2;1;1;6;104;19, RUE DE TURENNE;;;;750
201500050897;15;4;11;300;5;2;1;1;6;104;107, RUE DE L HOTEL DE V;;;;750
201500050898;15;4;12;2020;5;2;7;1;3;111;BOULEVARD BEAUMARCHAIS;;;;750
201500050899;15;4;12;440;5;2;1;1;6;104;28, RUE DE RIVOLI;;;;750
201500050900;15;4;13;1540;1;2;4;1;3;104;2, RUE CRILLON;;;;750
201500050901;15;4;20;1420;1;2;1;1;6;104;1, RUE SAINT ANTOINE;;;;750
201500050902;15;4;22;1845;1;2;7;1;3;104;03, PLACE DE LA BASTILLE;;;;750
201500050903;15;4;25;255;5;2;2;2;3;104;QUAI DE LA CORSE;;;;750
201500050904;15;4;29;1128;1;2;2;1;2;104;8, QUAI DE GESVRES;;;;750
201500050905;15;4;30;1020;1;2;2;2;3;104;50, RUE DE RIVOLI;;;;750
201500050906;15;5;1;545;5;2;3;2;6;104;RUE BEAUBOURG;;;;750
201500050907;15;5;5;730;1;2;2;1;6;104;01, PONT D ARCOLE;;;;750
201500050908;15;5;5;935;1;2;3;2;3;104;QUAI DE L HOTEL DE VILLE;;;;750
201500050909;15;5;8;1200;1;2;2;2;6;104;6, RUE DU RENARD;;;;750
201500050910;15;5;10;1250;1;2;2;1;6;103;88, RUE DES TOURNELLES;;;;750
201500050911;15;5;12;725;1;2;1;1;6;104;14, RUE DE L ARSENAL;;;;750
201500050912;15;5;12;1900;1;2;3;1;6;104;QUAI DE L HOTEL DE VILLE;;;;750
201500050913;15;5;14;345;5;2;1;1;6;104;3, RUE DU RENARD;;;;750
201500050914;15;5;16;100;5;2;1;1;6;104;21 bis, BOULEVARD BOURDO;;;;750
201500050915;15;5;16;1230;1;2;1;1;6;102;33, RUE D ABOUKIR;;;;750
201500050916;15;5;20;1740;1;2;1;1;3;109;83 bis, RUE LA FAYETTE;;;;750
201500050917;15;5;20;1930;1;2;2;1;3;104;1, PONT NOTRE DAME;;;;750
201500050918;15;5;24;2150;5;2;2;1;3;104;01, PONT AU CHANGE;;;;750
201500050919;15;5;26;1100;1;2;2;1;3;104;23, RUE SAINT ANTOINE;;;;750
201500050920;15;5;26;2140;5;2;2;1;6;104;42, RUE SAINT ANTOINE;;;;750
201500050921;15;5;30;2015;1;2;2;1;6;104;QUAI DES CELESTINS;;;;750
201500050922;15;6;2;1015;1;2;2;1;3;104;46, QUAI HENRI IV;;;;750
201500050923;15;6;2;1600;1;2;1;1;7;104;36, BOULEVARD DE SEBASTO;;;;750
201500050924;15;6;3;1405;1;2;1;1;7;104;4, RUE DES ARCHIVES;;;;750
201500050925;15;6;5;1150;1;2;3;1;6;104;32, RUE DU TEMPLE;;;;750
201500050926;15;10;31;1151;1;2;2;1;6;104;QUAI D ORLEANS;;;;750
201500050927;15;6;1;1700;1;2;2;1;3;104;24, BOULEVARD DE SEBASTO;;;;750
201500050928;15;6;3;1530;1;2;1;1;6;104;6, BOULEVARD MORLAND;;;;750
201500050929;15;6;5;845;1;2;7;7;3;104;01, PLACE DE LA BASTILLE;;;;750
201500050930;15;6;13;55;5;2;2;1;3;104;RUE DU ROI DE SICILE;;;;750
201500050931;15;6;16;1120;1;2;2;1;3;102;27, RUE DU QUATRE SEPTEM;;;;750
201500050932;15;6;19;2015;1;2;1;1;6;104;18, RUE DE L HOTEL DE VI;;;;750
201500050933;15;6;19;1215;1;2;1;1;2;104;QUAI DE L HOTEL DE VILLE;;;;750
201500050934;15;6;21;30;5;2;2;1;6;104;RUE DE RIVOLI;;;;750
201500050935;15;6;22;1940;1;2;1;2;7;101;VOIE GEORGES POMPIDOU;;;;750
201500050936;15;6;24;115;5;2;2;1;3;102;70, METRO REAUMUR SEBAST;;;;750
201500050937;15;6;26;2230;5;2;7;1;2;104;BOULEVARD BEAUMARCHAIS;;;;750
201500050938;15;6;30;1045;1;2;2;1;7;104;76, RUE DE RIVOLI;;;;750
201500050939;15;7;2;1825;1;2;3;1;3;104;17, RUE SAINT ANTOINE;;;;750
201500050940;15;7;6;1705;1;2;2;1;6;104;8, QUAI DU MARCHE NEUF;;;;750
201500050941;15;7;7;845;1;2;3;1;6;109;104, RUE SAINT LAZARE;;;;750
201500050942;15;7;10;915;1;2;2;1;6;104;29, BOULEVARD BEAUMARCHA;;;;750
201500050943;15;7;13;1320;1;2;5;1;3;104;QUAI DE L HOTEL DE VILLE;;;;750
201500050944;15;7;15;1725;1;2;1;1;3;101;PONT AU CHANGE;;;;750
201500050945;15;7;16;2230;5;2;2;1;2;104;46, QUAI DES CELESTINS;;;;750
201500050946;15;7;17;1221;1;2;2;1;6;104;36, RUE SAINT ANTOINE;;;;750
201500050947;15;7;18;1815;1;2;3;1;6;109;RUE DE CHATEAUDUN;;;;750
201500050948;15;7;21;845;1;2;1;1;6;104;08, RUE SAINTE CROIX DE;;;;750
201500050949;15;7;22;1055;1;2;1;1;6;104;RUE DE LA CITE;;;;750
201500050950;15;8;3;1950;1;2;2;1;3;104;/, PONT MORLAND;;;;750
201500050951;15;8;6;1130;1;2;3;1;6;104;6, RUE DU MARCHE DES BLA;;;;750
201500050952;15;8;7;157;5;2;2;1;6;104;12, QUAI DE GESVRES;;;;750
201500050953;15;8;13;620;2;2;1;8;6;104;24, RUE DU RENARD;;;;750
201500050954;15;8;14;1610;1;2;2;1;6;101;132, RUE DE RIVOLI;;;;750
201500050955;15;8;20;210;5;2;1;1;6;104;20, RUE DU TEMPLE;;;;750
201500050956;15;8;24;1315;1;2;5;2;6;104;RUE DE RIVOLI;;;;750
201500050957;15;8;26;920;1;2;2;1;3;104;1, QUAI DE LA CORSE;;;;750
201500050958;15;8;27;1334;1;2;2;2;3;104;RUE DU RENARD;;;;750