num_acc;an;mois;jour;hrmn;lum;agg;int;atm;col;com;adr;gps;lat;long;dep
201500050959;15;8;28;1930;1;2;2;1;3;104;BOULEVARD MORLAND;;;;750
201500050960;15;8;31;225;5;2;3;1;7;104;1, QUAI DE L HOTEL DE VI;;;;750
201500050961;15;9;3;1900;1;2;1;1;6;104;8, RUE DE RIVOLI;;;;750
201500050962;15;9;4;1145;1;2;5;1;6;104;1, RUE DE LA COUTELLERIE;;;;750
201500050963;15;9;4;435;5;2;5;1;6;104;RUE DE RIVOLI;;;;750
201500050964;15;9;10;1825;1;2;1;1;3;104;PONT DE SULLY;;;;750
201500050965;15;9;10;1845;1;2;2;1;6;104;PONT AU CHANGE;;;;750
201500050966;15;9;17;1653;1;2;1;1;6;104;3, RUE DES FRANCS BOURGE;;;;750
201500050967;15;9;18;1450;1;2;1;1;2;104;22, RUE SAINT ANTOINE;;;;750
201500050968;15;9;17;2000;2;2;7;1;6;104;43, BOULEVARD BOURDON;;;;750
201500050969;15;9;19;1135;1;2;2;8;6;104;8, RUE DU RENARD;;;;750
201500050970;15;9;20;20;5;2;3;1;2;104;10, RUE DE RIVOLI;;;;750
201500050971;15;9;21;905;1;2;3;1;6;104;20, QUAI DES CELESTINS;;;;750
201500050972;15;9;21;1740;1;2;5;1;3;104;QUAI DE L HOTEL DE VILLE;;;;750
201500050973;15;9;22;920;1;2;1;2;2;104;14bis, RUE DE RIVOLI;;;;750
201500050974;15;9;22;930;1;2;2;8;3;104;10, QUAI DE GESVRES;;;;750
201500050975;15;9;22;1820;1;2;1;1;3;104;QUAI DE L HOTEL DE VILLE;;;;750
201500050976;15;9;30;1000;1;2;1;1;3;104;VOIE GEORGES POMPIDOU;;;;750
201500050977;15;10;2;1700;1;2;5;1;6;104;86, RUE DE RIVOLI;;;;750
201500050978;15;10;4;20;5;2;5;1;4;104;86, RUE DE RIVOLI;;;;750
201500050979;15;10;1;930;1;2;3;1;3;104;PONT D ARCOLE;;;;750
201500050980;15;10;9;830;1;2;3;1;6;104;20, BOULEVARD MORLAND;;;;750
201500050981;15;10;10;1045;1;2;1;1;6;104;2, QUAI HENRI IV;;;;750
201500050982;15;10;14;1600;1;2;1;1;6;104;41, BOULEVARD BOURDON;;;;750
201500050983;15;10;17;2020;5;2;7;8;3;109;57, RUE DE CHATEAUDUN;;;;750
201500050984;15;10;19;1730;1;2;3;1;2;104;5, BOULEVARD HENRI IV;;;;750
201500050985;15;10;22;1130;1;2;3;1;6;104;88, RUE SAINT ANTOINE;;;;750
201500050986;15;10;25;1650;1;2;7;1;6;104;PLACE SAINT GERVAIS;;;;750
201500050987;15;10;26;1630;1;2;2;1;3;104;PONT DE SULLY;;;;750
201500050988;15;10;28;1050;1;2;1;1;3;104;28, BOULEVARD DE SEBASTO;;;;750
201500050989;15;10;30;1100;1;2;2;1;2;104;RUE SAINT MARTIN;;;;750
201500050990;15;11;4;1200;1;2;1;2;3;104;33, BOULEVARD BOURDON;;;;750
201500050991;15;11;5;1825;5;2;1;2;6;104;20, RUE BEAUBOURG;;;;750
201500050992;15;11;6;1930;5;2;2;8;6;104;RUE CRILLON;;;;750
201500050993;15;11;8;210;5;2;1;1;6;104;3, QUAI DE BOURBON;;;;750
201500050994;15;11;8;2110;5;2;5;1;3;101;41, RUE DE RIVOLI;;;;750
201500050995;15;11;14;1505;1;2;2;1;2;104;96, RUE DE RIVOLI;;;;750
201500050996;15;11;17;1830;5;2;2;2;6;102;126, RUE REAUMUR;;;;750
201500050997;15;11;18;930;1;2;4;1;6;109;03, RUE MEYERBEER;;;;750
201500050998;15;11;18;2100;5;2;1;1;4;104;01, BOULEVARD BOURDON;;;;750
201500050999;15;11;19;2355;5;2;5;2;3;104;/, RUE DES NONNAINS D HY;;;;750
201500051000;15;11;27;1200;1;2;1;1;3;104;1, BOULEVARD DU PALAIS;;;;750
201500051001;15;11;26;2020;5;2;1;1;6;101;229, RUE SAINT HONORE;;;;750
201500051002;15;12;4;1510;1;2;2;1;3;104;QUAI DES CELESTINS;;;;750
201500051003;15;12;5;1310;1;2;5;1;3;104;AVENUE VICTORIA;;;;750
201500051004;15;12;5;1320;1;2;3;1;6;104;52, RUE DE RIVOLI;;;;750
201500051005;15;12;6;2115;5;2;2;1;2;104;--, RUE DES ARCHIVES;;;;750
201500051006;15;12;8;2055;5;2;5;8;6;104;49, BOULEVARD HENRI IV;;;;750
201500051007;15;12;12;140;5;2;4;1;6;104;10, RUE DU RENARD;;;;750
201500051008;15;12;12;1730;5;2;2;1;3;104;46, QUAI DES CELESTINS;;;;750
201500051009;15;12;17;2040;5;2;5;1;6;104;1, RUE DE LA COUTELLERIE;;;;750
201500051010;15;12;22;120;5;2;7;2;6;104;3, PLACE DE LA BASTILLE;;;;750
201500051011;15;12;21;2140;5;2;2;1;6;109;RUE DE CHATEAUDUN;;;;750
201500051012;15;12;23;1630;2;2;1;1;2;104;45, RUE DES FRANCS BOURG;;;;750
201500051013;15;12;29;1140;1;2;1;8;7;104;18, QUAI DES CELESTINS;;;;750
201500051014;15;12;30;1300;1;2;1;1;6;103;87, RUE VIEILLE DU TEMPL;;;;750
201500051015;15;12;31;1445;1;2;2;1;3;104;23, RUE SAINT ANTOINE;;;;750
201500051016;15;1;3;1939;5;2;2;2;3;105;72, RUE CLAUDE BERNARD;;;;750
201500051017;15;1;4;1730;5;2;3;1;3;105;110, RUE MONGE;;;;750
201500051018;15;1;5;1120;1;2;3;8;3;105;16 bis, RUE CENSIER;;;;750
201500051019;15;1;15;1855;5;2;1;8;7;105;3, QUAI SAINT BERNARD;;;;750
201500051020;15;1;16;1320;1;2;2;1;3;105;27, QUAI SAINT BERNARD;;;;750
201500051021;15;1;16;2000;5;2;5;2;3;105;AVENUE DES GOBELINS;;;;750
201500051022;15;1;20;1129;1;2;4;1;6;105;11, RUE MONGE;;;;750
201500051023;15;1;22;1250;1;2;2;1;1;105;60, BOULEVARD SAINT MARC;;;;750
201500051024;15;1;22;2250;5;2;2;1;6;105;12, BOULEVARD SAINT GERM;;;;750
201500051025;15;1;23;2045;5;2;1;1;6;105;137, BOULEVARD SAINT MIC;;;;750
201500051026;15;1;22;2045;5;2;2;1;3;105;61, QUAI DE LA TOURNELLE;;;;750
201500051027;15;1;26;1130;1;2;3;8;2;105;18, AVENUE DE L OBSERVAT;;;;750
201500051028;15;1;26;1916;5;2;1;2;6;105;74, BOULEVARD DE PORT RO;;;;750
201500051029;15;1;28;1645;1;2;3;2;6;105;1-3, RUE POLIVEAU;;;;750
201500051030;15;1;29;1015;1;2;5;2;3;105;29 bis, RUE MONGE;;;;750
201500051031;15;1;30;1400;1;2;2;2;6;105;2, RUE ERASME;;;;750
201500051032;15;2;5;1155;1;2;7;1;6;105;58, BOULEVARD SAINT MICH;;;;750
201500051033;15;2;7;1320;1;2;3;1;3;105;51, RUE DES ECOLES;;;;750
201500051034;15;2;11;2310;5;2;3;1;6;105;6, AVENUE DES GOBELINS;;;;750
201500051035;15;2;17;1310;1;2;3;8;6;105;70, BOULEVARD SAINT MARC;;;;750
201500051036;15;2;21;1114;1;2;1;2;6;105;02, RUE DES ECOLES;;;;750
201500051037;15;2;24;1300;1;2;7;2;2;105;24, RUE LINNE;;;;750
201500051038;15;2;27;1845;5;2;4;1;3;105;116, RUE MONGE;;;;750
201500051039;15;2;28;130;5;2;2;1;3;105;57, QUAI DE LA TOURNELLE;;;;750
201500051040;15;2;28;2340;5;2;3;3;6;105;8, AVENUE DES GOBELINS;;;;750
201500051041;15;3;2;1845;2;2;1;1;3;105;38, RUE DES FOSSES SAINT;;;;750
201500051042;15;3;4;2015;5;2;2;1;6;105;14, RUE MONGE;;;;750
201500051043;15;3;15;2320;5;2;5;1;2;105;04, BOULEVARD DE PORT RO;;;;750
201500051044;15;3;18;615;2;2;1;1;6;105;BOULEVARD SAINT GERMAIN;;;;750
201500051045;15;3;18;820;1;2;1;1;6;105;82, BOULEVARD SAINT MARC;;;;750
201500051046;15;3;18;1520;1;2;2;1;2;105;162, RUE SAINT JACQUES;;;;750
201500051047;15;3;22;1142;1;2;3;1;3;105;78, BOULEVARD SAINT GERM;;;;750
201500051048;15;3;25;1817;1;2;2;1;6;105;7, QUAI SAINT BERNARD;;;;750
201500051049;15;3;31;1620;1;2;2;1;7;105;24 bis, BOULEVARD SAINT;;;;750
201500051050;15;4;1;1712;1;2;3;1;7;105;55, BOULEVARD SAINT GERM;;;;750
201500051051;15;4;3;1605;1;2;2;2;3;105;72, RUE CLAUDE BERNARD;;;;750
201500051052;15;4;3;1810;1;2;1;2;3;105;29, RUE BUFFON;;;;750
201500051053;15;4;4;2325;5;2;2;1;3;105;RUE SAINT JACQUES;;;;750
201500051054;15;4;4;1950;4;2;5;8;6;105;27, BOULEVARD SAINT MICH;;;;750
201500051055;15;4;10;1105;1;2;1;1;6;105;83, BOULEVARD SAINT MICH;;;;750
201500051056;15;4;10;1728;1;2;2;1;3;105;36, RUE GAY LUSSAC;;;;750
201500051057;15;4;11;1445;1;2;5;1;6;105;99, RUE MONGE;;;;750
201500051058;15;4;14;2220;5;2;2;1;3;105;12, RUE DES ECOLES;;;;750
201500051059;15;4;14;1655;1;2;3;1;6;105;70, BOULEVARD SAINT MARC;;;;750
201500051060;15;4;14;2245;5;2;5;1;2;105;32, RUE MONGE;;;;750
201500051061;15;4;15;1115;1;2;3;7;6;105;19, RUE MONGE;;;;750
201500051062;15;4;17;830;1;2;1;1;3;105;9, QUAI SAINT BERNARD;;;;750
201500051063;15;4;17;1025;1;2;1;1;6;105;9, RUE SOUFFLOT;;;;750
201500051064;15;4;17;1720;1;2;2;1;6;105;07, RUE SOUFFLOT;;;;750
201500051065;15;4;18;209;5;2;1;1;6;105;117, RUE MONGE;;;;750
201500051066;15;4;20;2040;5;2;5;1;7;105;23, RUE DES BERNARDINS;;;;750
201500051067;15;4;21;1236;1;2;3;1;2;105;40, BOULEVARD DE L HOPIT;;;;750
201500051068;15;4;23;1830;1;2;3;1;6;105;13, QUAI SAINT MICHEL;;;;750
201500051069;15;4;23;2030;2;2;3;1;6;105;98, BOULEVARD SAINT GERM;;;;750
201500051070;15;4;23;2215;5;2;1;1;6;105;PLACE VALHUBERT;;;;750
201500051071;15;4;30;1450;1;2;2;2;6;105;12, RUE DES ECOLES;;;;750
201500051072;15;4;30;1615;1;2;1;2;3;105;49, RUE MONGE;;;;750
201500051073;15;5;6;1500;1;2;7;1;4;105;01, QUAI SAINT BERNARD;;;;750
201500051074;15;5;6;1935;1;2;2;1;7;105;137, BOULEVARD SAINT MIC;;;;750
201500051075;15;5;18;1510;1;2;7;1;2;105;75, RUE CLAUDE BERNARD;;;;750
201500051076;15;5;26;1930;1;2;1;1;3;105;10bis, RUE DU SOMMERARD;;;;750
201500051077;15;5;27;1250;2;2;1;1;6;105;16, RUE CLAUDE BERNARD;;;;750
201500051078;15;5;27;1255;1;2;1;1;2;105;25, RUE CLAUDE BERNARD;;;;750
201500051079;15;5;27;2112;2;2;3;1;3;105;16, RUE DE L ARBALETE;;;;750
201500051080;15;5;28;310;5;2;2;2;6;105;172, RUE SAINT JACQUES;;;;750
201500051081;15;5;31;1645;1;2;4;2;1;105;78, RUE GAY LUSSAC;;;;750
201500051082;15;6;1;1555;1;2;1;1;6;105;49, RUE DU CARDINAL LEMO;;;;750
201500051083;15;6;4;1130;1;2;1;1;6;105;26, BOULEVARD SAINT MARC;;;;750
201500051084;15;6;6;215;5;2;1;1;6;105;69, BOULEVARD SAINT MICH;;;;750
201500051085;15;6;8;900;1;2;7;1;7;105;1, PLACE VALHUBERT;;;;750
201500051086;15;6;8;1925;1;2;2;1;6;105;11, RUE MONGE;;;;750
201500051087;15;6;9;1720;1;2;1;1;7;105;12, RUE DU CARDINAL LEMO;;;;750
201500051088;15;6;17;1000;1;2;2;1;6;105;17, RUE MONGE;;;;750
201500051089;15;6;17;1115;1;2;1;1;3;105;212, RUE SAINT JACQUES;;;;750
201500051090;15;6;18;950;1;2;1;1;6;105;37, BOULEVARD SAINT MICH;;;;750
201500051091;15;6;19;1425;1;2;2;1;3;105;41, BOULEVARD SAINT GERM;;;;750
201500051092;15;6;30;1115;1;2;2;1;3;105;2, QUAI DE LA TOURNELLE;;;;750
201500051093;15;6;29;2130;1;2;5;1;6;105;2, BOULEVARD DE L HOPITA;;;;750
201500051094;15;6;30;1950;1;2;1;1;3;105;17, BOULEVARD SAINT GERM;;;;750
201500051095;15;7;1;55;5;2;4;1;7;105;23, RUE JUSSIEU;;;;750
201500051096;15;7;1;1905;1;2;1;1;6;105;34, RUE SAINT JACQUES;;;;750
201500051097;15;7;4;1820;1;2;4;1;6;105;16, RUE LINNE;;;;750
201500051098;15;7;9;1805;1;2;2;1;6;105;31, QUAI SAINT BERNARD;;;;750
201500051099;15;7;10;1245;1;2;2;1;6;105;62, RUE MOUFFETARD;;;;750
201500051100;15;7;11;1850;1;2;2;1;6;105;16, RUE CUJAS;;;;750
201500051101;15;7;15;22;5;2;2;1;6;105;67, BOULEVARD SAINT GERM;;;;750
201500051102;15;7;17;640;1;2;2;1;2;105;41, BOULEVARD SAINT GERM;;;;750
201500051103;15;7;20;1045;1;2;3;1;4;105;BOULEVARD SAINT GERMAIN;;;;750
201500051104;15;7;22;1000;1;2;4;1;2;105;39, RUE LINNE;;;;750
201500051105;15;7;24;1255;1;2;1;8;6;105;17, BOULEVARD SAINT GERM;;;;750
201500051106;15;7;25;2020;1;2;2;1;6;105;23, QUAI DE MONTEBELLO;;;;750
201500051107;15;7;27;945;1;2;5;1;3;105;20, AVENUE DE L OBSERVAT;;;;750
201500051108;15;7;27;1250;1;2;1;1;3;105;14, BOULEVARD SAINT MARC;;;;750
201500051109;15;7;28;1909;1;2;2;1;3;105;46, RUE SAINT JACQUES;;;;750
201500051110;15;7;29;1815;1;2;3;1;2;105;68, BOULEVARD SAINT GERM;;;;750
201500051111;15;7;29;2330;5;2;2;1;3;105;39, BOULEVARD SAINT GERM;M;;;750
201500051112;15;8;4;1845;1;2;1;1;6;105;36, BOULEVARD SAINT MICH;;;;750
201500051113;15;8;6;904;1;2;5;1;3;105;27, BOULEVARD SAINT MICH;;;;750
201500051114;15;8;13;1730;1;2;2;1;3;105;04, BOULEVARD DE L HOPIT;;;;750
201500051115;15;8;15;325;5;2;7;2;3;105;1, PLACE SAINT MICHEL;;;;750
201500051116;15;8;16;1550;1;2;2;1;3;105;15, RUE MONGE;;;;750
201500051117;15;8;19;2040;5;2;2;1;3;105;100, BOULEVARD SAINT GER;;;;750
201500051118;15;8;21;2118;5;2;2;1;6;105;PONT DE SULLY;;;;750
201500051119;15;8;22;2300;5;2;3;1;6;105;9, RUE DANTE;;;;750
201500051120;15;8;28;730;1;2;1;1;2;105;03, QUAI SAINT BERNARD;;;;750
201500051121;15;8;31;1240;1;2;5;2;6;105;34, RUE MONGE;;;;750
201500051122;15;9;6;115;5;2;1;1;3;105;40, BOULEVARD SAINT MICH;;;;750
201500051123;15;9;8;1130;1;2;5;1;2;105;31, RUE MONGE;;;;750
201500051124;15;9;10;1443;1;2;2;1;3;105;222, RUE SAINT JACQUES;;;;750
201500051125;15;9;10;1730;1;2;3;1;6;105;14, RUE CENSIER;;;;750
201500051126;15;9;11;920;1;2;2;1;3;105;PONT DE SULLY;;;;750
201500051127;15;9;12;235;5;2;3;1;6;105;49, BOULEVARD SAINT GERM;;;;750
201500051128;15;9;13;2005;3;2;1;1;6;105;9, RUE MONGE;;;;750
201500051129;15;9;15;30;5;2;7;1;3;105;1, PLACE SAINT MICHEL;;;;750
201500051130;15;9;15;1115;1;2;2;1;6;105;94, BOULEVARD DE PORT RO;;;;750
201500051131;15;9;18;1305;1;2;4;1;6;105;26, RUE BERTHOLLET;;;;750
201500051132;15;9;18;1940;2;2;1;3;3;105;23, RUE CLAUDE BERNARD;;;;750
201500051133;15;9;25;1100;1;2;1;1;3;105;27, RUE LHOMOND;;;;750
201500051134;15;9;25;1400;1;2;1;1;2;105;11, RUE DES FOSSES SAINT;;;;750
201500051135;15;9;26;50;5;2;3;1;2;105;2, BOULEVARD SAINT GERMA;;;;750
201500051136;15;9;27;30;5;2;1;1;6;105;27, QUAI DE LA TOURNELLE;;;;750
201500051137;15;10;1;1850;2;2;5;1;3;105;47, AVENUE DE L OBSERVAT;;;;750
201500051138;15;10;2;1420;1;2;5;1;3;105;01, AVENUE DES GOBELINS;;;;750
201500051139;15;10;2;2100;5;2;2;6;6;105;RUE DES ECOLES;;;;750
201500051140;15;10;3;225;5;2;4;1;2;105;4, BOULEVARD DE L HOPITA;;;;750
201500051141;15;10;3;534;5;2;3;1;7;105;258, RUE SAINT JACQUES;;;;750
201500051142;15;10;5;1550;1;2;2;3;7;105;PONT SAINT MICHEL;;;;750
201500051143;15;10;5;1805;1;2;2;3;6;105;18, RUE MONGE;;;;750
201500051144;15;10;7;630;5;2;2;9;2;105;14 bis, BOULEVARD DE L H;;;;750
201500051145;15;10;7;850;1;2;2;1;3;105;21, BOULEVARD SAINT MICH;;;;750
201500051146;15;10;8;1235;1;2;1;1;6;105;38, BOULEVARD SAINT MICH;;;;750
201500051147;15;10;10;1754;1;2;3;1;6;105;60, RUE DES ECOLES;;;;750
201500051148;15;10;12;1905;2;2;5;1;3;105;42, BOULEVARD SAINT MARC;;;;750
201500051149;15;10;13;830;1;2;2;8;3;105;80, RUE MONGE;;;;750
201500051150;15;10;13;1200;1;2;7;1;7;105;03, PLACE SAINT MICHEL;;;;750
201500051151;15;10;13;1600;1;2;2;1;6;105;18, RUE DES FOSSES SAINT;;;;750
201500051152;15;10;13;2035;5;2;7;1;6;105;1, RUE DU PETIT PONT;;;;750
201500051153;15;10;16;1515;1;2;2;2;6;105;11, RUE CLOVIS;;;;750
201500051154;15;10;18;2315;5;2;1;1;6;105;18, RUE DE L ABBE DE L E;;;;750
201500051155;15;10;19;1000;1;2;1;1;6;105;17, RUE MONGE;;;;750
201500051156;15;10;19;1315;1;2;3;1;3;105;114, RUE MONGE;;;;750
201500051157;15;10;21;1045;1;2;3;1;3;105;93, RUE MONGE;;;;750
201500051158;15;10;22;855;1;2;2;1;6;105;103, BOULEVARD SAINT MIC;;;;750
201500051159;15;10;23;2245;5;2;5;1;3;105;32, RUE SAINT JACQUES;;;;750
201500051160;15;10;24;950;1;2;3;1;3;105;5, BOULEVARD SAINT MICHE;;;;750
201500051161;15;10;24;1810;2;2;3;1;2;105;1, BOULEVARD SAINT GERMA;;;;750
201500051162;15;10;28;1717;1;2;3;1;2;105;62, RUE DES ECOLES;;;;750
201500051163;15;10;31;315;5;2;1;1;3;105;135, BOULEVARD SAINT MIC;;;;750
201500051164;15;11;3;915;1;2;2;2;3;105;19, QUAI DE LA TOURNELLE;;;;750
201500051165;15;11;4;1940;5;2;1;1;6;105;23, QUAI SAINT BERNARD;;;;750
201500051166;15;11;6;1555;1;2;5;2;6;105;11, RUE MONGE;;;;750
201500051167;15;11;6;1800;5;2;3;2;6;105;36, BOULEVARD SAINT MARC;;;;750
201500051168;15;11;6;1803;2;2;7;2;3;105;PLACE SAINT MICHEL;;;;750
201500051169;15;11;8;10;5;2;2;1;3;105;252, RUE SAINT JACQUES;;;;750
201500051170;15;11;9;1250;1;2;7;1;3;105;75, RUE MONGE;;;;750
201500051171;15;11;10;1500;1;2;2;1;3;105;13, RUE CLOVIS;;;;750
201500051172;15;11;11;1315;1;2;4;1;6;105;19, RUE GEOFFROY SAINT H;;;;750
201500051173;15;11;12;1330;1;2;5;1;3;105;15, RUE MONGE;;;;750
201500051174;15;11;15;1930;5;2;1;1;3;105;55, RUE GEOFFROY SAINT H;;;;750
201500051175;15;11;17;900;1;2;4;8;7;105;48, BOULEVARD SAINT MICH;;;;750
201500051176;15;11;19;805;1;2;2;1;3;105;/, RUE MONGE;;;;750
201500051177;15;11;19;1745;5;2;5;2;6;105;9, QUAI SAINT BERNARD;;;;750
201500051178;15;11;20;1900;2;2;4;2;7;105;AVENUE DE L OBSERVATOIRE;;;;750
201500051179;15;11;22;1340;1;2;5;1;6;105;123, RUE MONGE;;;;750
201500051180;15;11;24;1130;1;2;2;2;3;105;65, BOULEVARD SAINT MICH;;;;750
201500051181;15;11;26;1355;1;2;1;1;6;105;29, RUE MONGE;;;;750
201500051182;15;11;29;255;5;2;5;2;2;105;AVENUE DES GOBELINS;;;;750
201500051183;15;12;1;120;5;2;2;1;6;105;8, BOULEVARD DE L HOPITA;;;;750
201500051184;15;12;1;1218;1;2;1;1;6;105;20, AVENUE DES GOBELINS;;;;750
201500051185;15;12;4;25;5;2;5;1;3;105;13, RUE MONGE;;;;750
201500051186;15;12;8;1020;1;2;2;1;6;105;41, BOULEVARD SAINT MARC;;;;750
201500051187;15;12;9;1720;5;2;2;1;3;105;16, RUE GEOFFROY SAINT H;;;;750
201500051188;15;12;10;1417;1;2;2;1;3;105;BOULEVARD DE PORT ROYAL;;;;750
201500051189;15;12;14;1245;1;2;1;1;2;105;15, PLACE DU PANTHEON;;;;750
201500051190;15;12;18;1020;1;2;2;1;6;105;RUE MONGE;;;;750
201500051191;15;12;18;1900;5;2;2;1;6;105;RUE DES FOSSES SAINT MAR;;;;750
201500051192;15;1;2;1350;1;2;2;8;6;106;19, BOULEVARD DU MONTPAR;;;;750
201500051193;15;1;9;1330;1;2;7;1;6;106;74, RUE SAINT SULPICE;;;;750
201500051194;15;1;13;1515;1;2;3;2;6;106;20, BOULEVARD SAINT MICH;;;;750
201500051195;15;1;21;1140;1;2;7;1;2;106;23, QUAI DE CONTI;;;;750
201500051196;15;1;23;1040;1;2;2;8;6;106;76, RUE DE VAUGIRARD;;;;750
201500051197;15;1;25;220;5;2;2;1;5;106;BOULEVARD RASPAIL;;;;750
201500051198;15;1;28;900;1;2;2;1;6;106;22, BOULEVARD SAINT MICH;;;;750
201500051199;15;1;29;1256;1;2;1;2;6;106;34, RUE SAINT SULPICE;;;;750
201500051200;15;1;31;1230;1;2;7;8;6;106;105, BOULEVARD DU MONTPA;;;;750
201500051201;15;2;4;930;1;2;2;1;2;106;175, BOULEVARD SAINT GER;;;;750
201500051202;15;2;6;950;1;2;5;1;3;106;, RUE NOTRE DAME DES CHA;;;;750
201500051203;15;2;8;2245;5;2;2;1;6;106;58, RUE DE VAUGIRARD;;;;750
201500051204;15;2;9;2235;5;2;2;1;6;106;23, RUE DE L ANCIENNE CO;;;;750
201500051205;15;2;10;1240;1;2;1;1;6;106;81, RUE DE SEVRES;;;;750
201500051206;15;2;10;1525;1;2;2;1;2;106;123, BOULEVARD SAINT GER;;;;750
201500051207;15;2;12;1320;1;2;1;1;6;106;17, QUAI DE CONTI;;;;750
201500051208;15;2;16;1445;1;2;2;1;6;106;75, RUE DE SEINE;;;;750
201500051209;15;2;23;1455;1;2;2;1;6;106;45, RUE DE VAUGIRARD;;;;750
201500051210;15;2;24;1340;1;2;2;8;2;106;0, BOULEVARD SAINT GERMA;;;;750
201500051211;15;2;27;644;2;2;7;1;1;106;1, RUE DU CHERCHE MIDI;;;;750
201500051212;15;2;28;46;5;2;2;1;3;106;95, RUE DE SEINE;;;;750
201500051213;15;3;4;1255;1;2;2;1;3;106;55, RUE DE RENNES;;;;750
201500051214;15;3;7;505;5;2;7;1;6;106;PLACE DU DIX HUIT JUIN 1;;;;750
201500051215;15;3;14;1205;1;2;1;1;6;106;53, RUE DE SEVRES;;;;750
201500051216;15;3;16;1510;1;2;7;1;6;106;4, PLACE EDMOND ROSTAND;;;;750
201500051217;15;3;19;950;1;2;1;8;6;106;02, PLACE SAINT MICHEL;;;;750
201500051218;15;3;23;2230;5;2;5;1;6;106;127, RUE DE RENNES;;;;750
201500051219;15;3;24;1850;5;2;2;2;6;106;RUE DE MEZIERES;;;;750
201500051220;15;3;27;2015;5;2;7;1;6;106;56, RUE DU FOUR;;;;750
201500051221;15;3;28;1545;1;2;2;1;3;106;11, RUE CASSETTE;;;;750
201500051222;15;3;29;2140;5;2;7;2;2;106;85, BOULEVARD SAINT GERM;;;;750
201500051223;15;3;31;1100;1;2;1;2;3;106;41, QUAI DES GRANDS AUGU;;;;750
201500051224;15;4;2;1940;1;2;1;2;3;106;13, RUE DE TOURNON;;;;750
201500051225;15;4;4;1710;1;2;1;1;3;106;37, RUE DE SEVRES;;;;750
201500051226;15;4;7;1610;1;2;2;1;6;106;45, RUE DE VAUGIRARD;;;;750
201500051227;15;4;8;1415;1;2;7;1;2;106;06, PLACE EDMOND ROSTAND;;;;750
201500051228;15;4;13;1300;1;2;2;1;2;106;25, BOULEVARD SAINT MICH;;;;750
201500051229;15;4;14;1505;1;2;1;1;6;106;30, BOULEVARD SAINT MICH;;;;750
201500051230;15;4;15;1737;1;2;1;1;2;106;59, BOULEVARD RASPAIL;;;;750
201500051231;15;4;17;1735;1;2;2;1;6;106;76, RUE D ASSAS;;;;750
201500051232;15;4;22;948;1;2;3;1;2;106;7, RUE DU VIEUX COLOMBIE;;;;750
201500051233;15;4;22;1125;1;2;2;1;1;106;78, RUE DE SEINE;;;;750
201500051234;15;4;23;2020;1;2;7;1;3;106;PLACE PAUL CLAUDEL;;;;750
201500051235;15;4;24;1134;1;2;2;1;3;106;95, RUE DE SEINE;;;;750
201500051236;15;5;1;255;5;2;2;2;6;106;175, BOULEVARD SAINT GER;;;;750
201500051237;15;5;5;1115;1;2;1;2;6;106;72, RUE DU CHERCHE MIDI;;;;750
201500051238;15;5;6;1605;1;2;2;1;3;106;17, RUE RACINE;;;;750
201500051239;15;5;7;950;1;2;2;1;3;106;95, BOULEVARD RASPAIL;;;;750
201500051240;15;5;11;1600;1;2;1;1;6;106;12, BOULEVARD SAINT MICH;;;;750
201500051241;15;5;13;940;1;2;3;1;7;106;53 bis, QUAI DES GRANDS;;;;750
201500051242;15;5;16;200;5;2;1;1;6;106;23, QUAI DE CONTI;;;;750
201500051243;15;5;16;1940;1;2;2;1;3;106;RUE MICHELET;;;;750
201500051244;15;5;20;1044;1;2;1;1;6;106;89, RUE DU CHERCHE MIDI;;;;750
201500051245;15;5;21;940;1;2;1;1;7;106;23, QUAI DE CONTI;;;;750
201500051246;15;5;21;1510;1;2;1;1;2;106;79, RUE DE SEVRES;;;;750
201500051247;15;5;22;1709;1;2;7;1;3;106;49, BOULEVARD RASPAIL;;;;750
201500051248;15;6;2;40;5;2;2;1;3;106;91, RUE DE SEINE;;;;750
201500051249;15;6;2;1625;1;2;1;1;6;106;09bis, BOULEVARD DU MONT;;;;750
201500051250;15;6;3;1945;1;2;3;1;3;106;15, RUE DE VAUGIRARD;;;;750
201500051251;15;6;7;1755;1;2;2;1;6;106;65, RUE DE RENNES;;;;750
201500051252;15;6;8;2115;2;2;2;1;3;106;18, AVENUE DE L OBSERVAT;;;;750
201500051253;15;6;10;1210;1;2;3;1;3;106;5, QUAI DE CONTI;;;;750
201500051254;15;6;10;1355;1;2;2;1;6;106;20, BOULEVARD SAINT MICH;;;;750
201500051255;15;6;12;1720;1;2;1;1;6;106;RUE D ASSAS;;;;750
201500051256;15;6;15;1728;1;2;3;1;2;106;30, RUE SAINT SULPICE;;;;750
201500051257;15;6;18;1940;1;2;3;1;6;106;23, RUE DE L ABBE GREGOI;;;;750
201500051258;15;6;19;920;1;2;1;1;2;106;11, QUAI DE CONTI;;;;750
201500051259;15;6;22;1150;1;2;2;1;3;106;89, BOULEVARD DU MONTPAR;;;;750
201500051260;15;6;23;730;1;2;3;1;3;106;22, BOULEVARD SAINT MICH;;;;750
201500051261;15;6;24;1430;1;2;1;1;6;106;114, RUE DU CHERCHE MIDI;;;;750
201500051262;15;6;26;1845;1;2;1;1;2;106;156, BOULEVARD SAINT GER;;;;750
201500051263;15;6;27;1030;1;2;2;1;3;106;112, RUE DE RENNES;;;;750
201500051264;15;6;28;1510;1;2;1;1;6;106;32, RUE MONSIEUR LE PRIN;;;;750
201500051265;15;7;1;330;5;2;2;1;3;106;RUE DE SEINE;;;;750
201500051266;15;7;1;1652;1;2;7;1;6;106;71, BOULEVARD DU MONTPAR;;;;750
201500051267;15;7;4;617;1;2;3;1;2;106;5, QUAI DE CONTI;;;;750
201500051268;15;7;5;230;5;2;2;1;6;106;132, BOULEVARD SAINT GER;;;;750
201500051269;15;7;10;120;5;2;3;1;7;106;17 BIS, RUE DE VAUGIRARD;;;;750
201500051270;15;7;11;2030;1;2;2;1;6;106;8, BOULEVARD SAINT MICHE;;;;750