num_acc;an;mois;jour;hrmn;lum;agg;int;atm;col;com;adr;gps;lat;long;dep
201500051271;15;7;13;1440;1;2;3;1;6;106;72, BOULEVARD SAINT MICH;;;;750
201500051272;15;7;15;1030;1;2;1;1;6;106;09, PLACE SAINT SULPICE;;;;750
201500051273;15;7;19;1830;1;2;3;1;6;106;93, RUE DE SEINE;;;;750
201500051274;15;7;20;1147;1;2;5;1;6;106;122, RUE DE RENNES;;;;750
201500051275;15;7;21;1400;1;2;1;1;6;106;153, RUE DE RENNES;;;;750
201500051276;15;7;24;755;1;2;2;1;7;106;28, RUE SAINT PLACIDE;;;;750
201500051277;15;7;24;1850;1;2;7;8;7;106;02, PLACE EDMOND ROSTAND;;;;750
201500051278;15;7;29;845;1;2;5;1;3;106;29, BOULEVARD DU MONTPAR;;;;750
201500051279;15;7;30;25;5;2;1;1;6;106;1, PLACE DE L INSTITUT;;;;750
201500051280;15;8;1;1540;1;2;2;1;3;106;82, BOULEVARD RASPAIL;;;;750
201500051281;15;8;2;145;5;2;7;1;6;106;105, BOULEVARD DU MONTPA;;;;750
201500051282;15;8;3;450;5;2;7;1;6;106;122, BOULEVARD SAINT GER;;;;750
201500051283;15;8;7;101;5;2;5;1;6;106;55, RUE DE VAUGIRARD;;;;750
201500051284;15;8;17;920;1;2;5;1;3;106;57, QUAI DES GRANDS AUGU;;;;750
201500051285;15;8;20;1154;1;2;2;2;6;106;RUE DE TOURNON;;;;750
201500051286;15;8;24;900;1;2;2;2;2;106;115, RUE DE RENNES;;;;750
201500051287;15;8;24;1645;1;2;3;2;6;106;25, QUAI DES GRANDS AUGU;;;;750
201500051288;15;8;27;1445;1;2;7;3;7;106;PLACE EDMOND ROSTAND;;;;750
201500051289;15;8;30;1725;1;2;3;1;4;106;69 bis, RUE DE VAUGIRARD;;;;750
201500051290;15;8;31;1905;1;2;4;1;6;106;85, RUE DE RENNES;;;;750
201500051291;15;9;1;1645;1;2;2;1;6;106;53 bis, RUE DE SEVRES;;;;750
201500051292;15;9;4;1530;1;2;3;1;6;106;20, BOULEVARD SAINT MICH;;;;750
201500051293;15;9;9;1;5;2;7;1;3;106;7, PLACE LE CORBUSIER;;;;750
201500051294;15;9;9;1630;1;2;1;1;6;106;12, RUE DE L ECOLE DE ME;;;;750
201500051295;15;9;10;1330;1;2;3;1;6;106;20, BOULEVARD SAINT MICH;;;;750
201500051296;15;9;10;2040;5;2;2;1;3;106;24, BOULEVARD SAINT MICH;;;;750
201500051297;15;9;12;1045;1;2;1;8;6;106;125, RUE DE SEVRES;;;;750
201500051298;15;9;15;1100;1;2;3;1;3;106;108, BOULEVARD SAINT GER;;;;750
201500051299;15;9;18;920;1;2;2;1;2;106;104, RUE DE RENNES;;;;750
201500051300;15;9;23;1330;1;2;1;1;2;106;21, RUE VISCONTI;;;;750
201500051301;15;9;23;1645;1;2;1;1;6;106;9 bis, BOULEVARD DU MONT;;;;750
201500051302;15;9;24;745;1;2;2;1;3;106;35, RUE BONAPARTE;;;;750
201500051303;15;9;25;1705;1;2;2;1;3;106;PLACE PAUL CLAUDEL;;;;750
201500051304;15;9;30;1110;1;2;1;1;6;106;155, BOULEVARD DU MONTPA;;;;750
201500051305;15;10;1;740;1;2;1;1;7;105;14, BOULEVARD SAINT MICH;;;;750
201500051306;15;10;2;1725;1;2;5;1;6;106;27, BOULEVARD DU MONTPAR;;;;750
201500051307;15;10;8;1745;1;2;1;1;6;106;134, RUE DE RENNES;;;;750
201500051308;15;10;9;2050;5;2;1;1;6;106;14, BOULEVARD SAINT MICH;;;;750
201500051309;15;10;9;1320;1;2;7;1;2;106;168, BOULEVARD SAINT GER;;;;750
201500051310;15;10;13;1620;1;2;2;1;3;106;BOULEVARD RASPAIL;;;;750
201500051311;15;10;14;1036;1;2;2;1;6;106;RUE DE RENNES;;;;750
201500051312;15;10;16;1300;1;2;1;2;4;106;113, RUE DE RENNES;;;;750
201500051313;15;10;16;1340;1;2;1;2;6;105;97, BOULEVARD SAINT GERM;;;;750
201500051314;15;10;16;1650;1;2;2;2;4;106;87, BOULEVARD RASPAIL;;;;750
201500051315;15;10;18;1135;1;2;2;1;6;106;43, RUE DE VAUGIRARD;;;;750
201500051316;15;10;19;1610;1;2;2;1;6;106;2, RUE DE TOURNON;;;;750
201500051317;15;10;21;1950;5;2;3;1;2;106;5, RUE JACQUES CALLOT;;;;750
201500051318;15;10;24;1735;1;2;2;1;3;106;112, RUE DE RENNES;;;;750
201500051319;15;10;26;847;1;2;3;1;6;106;5, QUAI DE CONTI;;;;750
201500051320;15;10;28;925;1;2;5;8;7;106;84, RUE MAZARINE;;;;750
201500051321;15;10;30;1015;1;2;3;1;3;105;53, BOULEVARD SAINT MICH;;;;750
201500051322;15;10;31;1730;5;2;2;1;6;106;106 bis, RUE DE RENNES;;;;750
201500051323;15;11;1;1630;1;2;7;1;6;106;25, PLACE DE L INSTITUT;;;;750
201500051324;15;11;4;1505;1;2;7;1;6;106;171, BOULEVARD DU MONTPA;;;;750
201500051325;15;11;6;1700;1;2;1;8;6;106;9BIS, BOULEVARD DU MONTP;;;;750
201500051326;15;11;10;2045;5;2;2;1;6;106;44, BOULEVARD SAINT MICH;;;;750
201500051327;15;11;11;1950;5;2;3;1;6;106;65, RUE DU CHERCHE MIDI;;;;750
201500051328;15;11;12;1110;1;2;5;1;3;106;BOULEVARD DU MONTPARNASS;;;;750
201500051329;15;11;13;1015;1;2;4;1;6;106;20, RUE DE CONDE;;;;750
201500051330;15;11;15;1510;1;2;7;1;6;106;6, PLACE EDMOND ROSTAND;;;;750
201500051331;15;11;17;2345;5;2;5;1;2;106;80, BOULEVARD RASPAIL;;;;750
201500051332;15;11;19;1825;5;2;2;2;3;105;100, BOULEVARD SAINT GER;;;;750
201500051333;15;11;23;830;2;2;1;1;2;106;73, RUE DE RENNES;;;;750
201500051334;15;11;25;1751;5;2;5;2;6;106;1, RUE DU CHERCHE MIDI;;;;750
201500051335;15;11;29;410;5;2;2;2;3;106;120, BOULEVARD SAINT GER;;;;750
201500051336;15;12;2;1325;1;2;1;1;6;106;02, AVENUE DE L OBSERVAT;;;;750
201500051337;15;12;3;1300;1;2;2;1;7;106;65, RUE DE RENNES;;;;750
201500051338;15;12;4;1130;1;2;2;7;6;106;90, BOULEVARD RASPAIL;;;;750
201500051339;15;12;5;210;5;2;5;1;1;106;RUE DE RENNES;;;;750
201500051340;15;12;7;1000;1;2;1;1;3;106;37, BOULEVARD DU MONTPAR;;;;750
201500051341;15;12;8;920;1;2;2;1;6;106;171, BOULEVARD DU MONTPA;;;;750
201500051342;15;12;11;2000;5;2;1;8;6;106;9, RUE DE MEZIERES;;;;750
201500051343;15;12;12;1010;1;2;1;1;3;106;37, BOULEVARD DU MONTPAR;;;;750
201500051344;15;12;11;2100;5;2;5;1;3;106;108, BOULEVARD RASPAIL;;;;750
201500051345;15;12;14;1740;5;2;5;1;3;106;RUE DE VAUGIRARD;;;;750
201500051346;15;12;14;2015;5;2;1;1;6;106;47, QUAI DES GRANDS AUGU;;;;750
201500051347;15;12;16;2010;5;2;2;8;3;106;BOULEVARD SAINT GERMAIN;;;;750
201500051348;15;12;19;201;5;2;2;1;6;106;1, RUE DE MEDICIS;;;;750
201500051349;15;12;19;1530;1;2;5;1;4;106;53, RUE DE RENNES;;;;750
201500051350;15;12;21;1730;5;2;2;2;6;106;22, BOULEVARD SAINT MICH;;;;750
201500051351;15;12;23;1900;5;2;2;1;6;106;34, BOULEVARD SAINT MICH;;;;750
201500051352;15;12;31;1350;1;2;3;1;6;106;18, BOULEVARD SAINT MICH;;;;750
201500051353;15;1;4;1740;5;2;7;1;6;107;109, RUE DE GRENELLE;;;;750
201500051354;15;1;14;915;1;2;3;1;3;107;21, AVENUE BOSQUET;;;;750
201500051355;15;1;15;2325;5;2;1;1;6;107;61, AVENUE DE BRETEUIL;;;;750
201500051356;15;1;18;718;2;2;2;1;3;107;RUE DE BOURGOGNE;;;;750
201500051357;15;1;19;1710;2;2;7;1;6;107;01, PLACE JOFFRE;;;;750
201500051358;15;1;22;1037;1;2;1;1;1;107;73, QUAI D ORSAY;;;;750
201500051359;15;1;23;1230;1;2;2;1;6;107;68, AVENUE BOSQUET;;;;750
201500051360;15;1;25;630;2;2;3;1;1;107;BOULEVARD DES INVALIDES;;;;750
201500051361;15;1;25;1955;5;2;1;1;1;107;35, AVENUE DE LA MOTTE P;;;;750
201500051362;15;1;29;2115;5;2;4;2;3;107;91, AVENUE DE LA BOURDON;;;;750
201500051363;15;1;30;1430;1;2;1;1;4;107;37, AVENUE BOSQUET;;;;750
201500051364;15;1;31;535;5;2;3;2;6;107;91, AVENUE DE LA BOURDON;;;;750
201500051365;15;2;6;1555;1;2;5;1;6;107;QUAI BRANLY;;;;750
201500051366;15;2;7;1110;1;2;1;1;6;115;174, RUE LECOURBE;;;;750
201500051367;15;2;9;845;2;2;1;1;6;107;14, AVENUE BOSQUET;;;;750
201500051368;15;2;9;925;1;2;7;1;7;107;1, PLACE DES INVALIDES;;;;750
201500051369;15;2;13;1930;5;2;2;2;7;107;1, PLACE DE L ECOLE MILI;;;;750
201500051370;15;2;15;415;5;2;3;1;6;107;1, AVENUE DE TOURVILLE;;;;750
201500051371;15;2;19;610;5;2;1;1;3;115;49, RUE LECOURBE;;;;750
201500051372;15;2;20;1715;1;2;3;2;6;107;4, BOULEVARD DES INVALID;;;;750
201500051373;15;2;22;1615;1;2;5;1;3;107;4, AVENUE DE TOURVILLE;;;;750
201500051374;15;2;24;930;1;2;7;1;3;107;1, PLACE DE L ECOLE MILI;;;;750
201500051375;15;2;25;1215;1;2;1;8;6;107;19, RUE AUGEREAU;;;;750
201500051376;15;2;25;1900;5;2;7;2;3;107;PLACE DE LA RESISTANCE;;;;750
201500051377;15;3;4;330;5;2;1;1;6;107;PONT DE LA CONCORDE;;;;750
201500051378;15;3;4;1335;1;2;3;1;2;107;QUAI BRANLY;;;;750
201500051379;15;3;6;220;5;2;7;1;6;107;PLACE DES INVALIDES;;;;750
201500051380;15;3;7;1745;1;2;1;1;6;107;VOIE EXPRESS RIVE GAUCHE;;;;750
201500051381;15;3;8;2345;5;2;2;1;6;107;237, BOULEVARD SAINT GER;;;;750
201500051382;15;3;9;1650;1;2;1;2;3;107;QUAI D ORSAY;;;;750
201500051383;15;3;11;1210;1;2;1;1;6;107;39, AVENUE DE LA MOTTE P;;;;750
201500051384;15;3;17;1310;1;2;2;1;6;107;BOULEVARD DES INVALIDES;;;;750
201500051385;15;3;18;2150;3;2;1;1;7;107;QUAI VOLTAIRE;;;;750
201500051386;15;3;20;1315;1;2;2;1;3;107;231, BOULEVARD SAINT GER;;;;750
201500051387;15;3;24;1847;5;2;3;2;7;107;185, RUE DE GRENELLE;;;;750
201500051388;15;3;25;1945;5;2;1;1;6;107;12 BIS, AVENUE BOSQUET;;;;750
201500051389;15;3;29;1255;1;2;2;1;3;107;158, RUE DE GRENELLE;;;;750
201500051390;15;4;3;2110;5;2;5;2;6;107;QUAI D ORSAY;;;;750
201500051391;15;4;4;2225;5;2;2;2;3;107;RUE DE LILLE;;;;750
201500051392;15;4;7;1230;1;2;5;1;7;107;QUAI BRANLY;;;;750
201500051393;15;4;8;810;1;2;1;1;6;107;109, AVENUE DE LA BOURDO;;;;750
201500051394;15;4;10;900;1;2;2;1;3;114;RUE JULIA BARTET;;;;750
201500051395;15;4;13;1505;1;2;1;1;3;107;39, AVENUE DE SUFFREN;;;;750
201500051396;15;4;15;1345;1;2;2;1;2;107;QUAI D ORSAY;;;;750
201500051397;15;4;16;2139;5;2;1;1;2;107;QUAI D ORSAY;;;;750
201500051398;15;4;18;605;5;2;1;1;6;107;SOUTERRAIN BRANLY;;;;750
201500051399;15;4;19;1510;1;2;6;3;4;107;259, QUAI BRANLY;;;;750
201500051400;15;4;20;915;1;2;2;1;6;113;76, RUE DE TOLBIAC;;;;750
201500051401;15;4;23;2100;1;2;1;1;3;107;33, QUAI D ORSAY;;;;750
201500051402;15;4;25;320;5;2;1;2;6;107;59, QUAI BRANLY;;;;750
201500051403;15;4;25;1005;1;2;2;1;6;107;25, BOULEVARD DE LA TOUR;;;;750
201500051404;15;4;28;1750;1;2;7;1;3;107;3, PLACE VAUBAN;;;;750
201500051405;15;4;28;1840;1;2;3;1;3;107;91, AVENUE DE LA BOURDON;;;;750
201500051406;15;5;1;1915;1;2;1;1;7;107;77, AVENUE BOSQUET;;;;750
201500051407;15;5;4;1035;1;2;3;1;6;107;QUAI BRANLY;;;;750
201500051408;15;5;6;805;1;2;2;1;5;107;AVENUE DU MARECHAL GALLI;;;;750
201500051409;15;5;7;2010;5;2;7;1;3;107;AVENUE BOSQUET;;;;750
201500051410;15;5;8;540;2;2;7;1;6;107;ROND POINT DU BLEUET DE;;;;750
201500051411;15;5;10;130;5;2;1;1;6;107;67, QUAI BRANLY;;;;750
201500051412;15;5;13;1155;1;2;3;1;3;107;10, BOULEVARD DES INVALI;;;;750
201500051413;15;5;16;1935;1;2;2;1;6;107;36, BOULEVARD DE LA TOUR;;;;750
201500051414;15;5;20;1412;1;2;2;1;6;107;61, AVENUE BOSQUET;;;;750
201500051415;15;5;20;1745;1;2;3;1;6;107;153, RUE DE GRENELLE;;;;750
201500051416;15;5;22;1240;1;2;2;1;6;107;RUE VANEAU;;;;750
201500051417;15;5;25;1040;1;2;3;2;6;107;QUAI BRANLY;;;;750
201500051418;15;5;26;1000;1;2;1;1;3;107;15, QUAI ANATOLE FRANCE;;;;750
201500051419;15;5;26;1055;1;2;3;1;2;107;3, QUAI VOLTAIRE;;;;750
201500051420;15;5;31;245;5;2;1;1;6;115;329, RUE LECOURBE;;;;750
201500051421;15;6;2;1420;1;2;2;1;6;107;44, AVENUE BOSQUET;;;;750
201500051422;15;6;2;1550;1;2;2;1;3;107;QUAI D ORSAY;;;;750
201500051423;15;6;2;1220;1;2;1;1;3;107;8, AVENUE DE LA BOURDONN;;;;750
201500051424;15;6;5;830;1;2;2;1;6;107;57, RUE VANEAU;;;;750
201500051425;15;6;4;2127;2;2;5;1;7;107;RUE FABERT;;;;750
201500051426;15;6;6;1720;1;2;2;1;3;107;AVENUE RAPP;;;;750
201500051427;15;6;8;1415;1;2;1;2;6;107;33, AVENUE DE SUFFREN;;;;750
201500051428;15;6;8;1510;1;2;4;1;7;107;35, BOULEVARD DES INVALI;;;;750
201500051429;15;6;8;2040;1;2;2;1;3;107;AVENUE DU MARECHAL GALLI;;;;750
201500051430;15;6;9;1130;1;2;7;1;2;107;45, AVENUE RAPP;;;;750
201500051431;15;6;9;1730;1;2;3;1;2;107;149, RUE DE SEVRES;;;;750
201500051432;15;6;11;852;1;2;3;1;1;107;57, BOULEVARD DES INVALI;;;;750
201500051433;15;6;12;755;1;2;1;1;2;107;61, AVENUE DE BRETEUIL;;;;750
201500051434;15;6;12;1540;1;2;3;1;1;107;QUAI D ORSAY;;;;750
201500051435;15;6;12;1805;1;2;2;1;6;107;50, BOULEVARD DE LA TOUR;;;;750
201500051436;15;6;17;1145;1;2;2;1;3;107;272, BOULEVARD SAINT GER;;;;750
201500051437;15;6;17;1746;1;2;1;1;6;107;PORT DE LA BOURDONNAIS;;;;750
201500051438;15;6;18;1020;1;2;2;1;6;107;158, RUE DE GRENELLE;;;;750
201500051439;15;6;21;2055;2;2;1;1;3;107;87, QUAI D ORSAY;;;;750
201500051440;15;6;25;1100;1;2;3;1;3;107;23, RUE DE BELLECHASSE;;;;750
201500051441;15;6;25;1429;1;2;7;1;2;115;AVENUE EMILE ZOLA;;;;750
201500051442;15;6;27;1445;1;2;2;1;6;107;RUE DE L UNIVERSITE;;;;750
201500051443;15;6;30;1700;1;2;1;1;3;107;19, AVENUE DUQUESNE;;;;750
201500051444;15;7;2;205;5;2;1;1;6;107;31, AVENUE DE SUFFREN;;;;750
201500051445;15;7;2;1155;1;2;3;1;6;107;2, RUE DU PRE AUX CLERCS;;;;750
201500051446;15;7;6;745;1;2;5;1;6;107;QUAI BRANLY;;;;750
201500051447;15;7;6;1520;1;2;1;1;2;107;6, BOULEVARD DES INVALID;;;;750
201500051448;15;7;7;1725;1;2;5;1;3;107;36, BOULEVARD DES INVALI;;;;750
201500051449;15;7;8;1255;1;2;2;1;3;107;RUE DE SEVRES;;;;750
201500051450;15;7;8;2205;5;2;7;1;3;107;2, BOULEVARD DE LA TOUR;;;;750
201500051451;15;7;13;855;1;2;1;1;3;107;84, RUE DE GRENELLE;;;;750
201500051452;15;7;15;830;1;2;2;1;6;107;18, AVENUE DE LA MOTTE P;;;;750
201500051453;15;7;16;1425;1;2;1;1;6;107;34, RUE DU BAC;;;;750
201500051454;15;7;17;750;1;2;7;1;7;107;PLACE DU GENERAL GOURAUD;;;;750
201500051455;15;7;25;1350;1;2;1;1;6;107;276, BOULEVARD SAINT GER;;;;750
201500051456;15;7;26;1835;1;2;3;2;7;107;27, QUAI VOLTAIRE;;;;750
201500051457;15;7;28;140;5;2;3;1;7;107;/, RUE DE GRENELLE;;;;750
201500051458;15;8;2;1850;1;2;1;1;6;107;SOUTERRAIN BRANLY;;;;750
201500051459;15;8;3;1545;1;2;7;1;3;107;15, QUAI D ORSAY;;;;750
201500051460;15;8;4;2255;5;2;2;1;6;107;36, BOULEVARD DES INVALI;;;;750
201500051461;15;8;7;1227;1;2;5;1;6;107;RUE DE SEVRES;;;;750
201500051462;15;8;9;2225;5;2;3;1;3;107;23, RUE VANEAU;;;;750
201500051463;15;8;11;2255;5;2;7;1;6;107;23, AVENUE DE LA MOTTE P;;;;750
201500051464;15;8;13;2040;2;2;3;2;3;115;QUAI BRANLY;;;;750
201500051465;15;8;16;227;5;2;7;1;6;107;PLACE VAUBAN;;;;750
201500051466;15;8;21;950;1;2;3;1;6;107;101, AVENUE DE LA BOURDO;;;;750
201500051467;15;8;26;845;1;2;2;1;2;107;110, AVENUE DE SUFFREN;;;;750
201500051468;15;8;29;1232;1;2;2;1;3;107;RUE SAINT DOMINIQUE;;;;750
201500051469;15;8;31;2315;5;2;1;1;2;107;QUAI BRANLY;;;;750
201500051470;15;9;2;1430;1;2;2;1;2;107;36, BOULEVARD DE LA TOUR;;;;750
201500051471;15;9;4;1945;1;2;2;8;3;107;39, RUE DE BOURGOGNE;;;;750
201500051472;15;9;5;1035;1;2;5;1;6;107;2, BOULEVARD RASPAIL;;;;750
201500051473;15;9;5;1135;1;2;1;1;6;115;173, RUE DE LA CROIX NIV;;;;750
201500051474;15;9;7;1340;1;2;2;1;6;107;04, AVENUE RAPP;;;;750
201500051475;15;9;9;901;1;2;7;1;3;107;, BOULEVARD SAINT GERMAI;;;;750
201500051476;15;9;9;2230;5;2;1;1;7;107;QUAI D ORSAY;;;;750
201500051477;15;9;10;2210;5;2;3;1;6;107;10, BOULEVARD DES INVALI;;;;750
201500051478;15;9;11;1130;1;2;3;1;2;107;BOULEVARD SAINT GERMAIN;;;;750
201500051479;15;9;15;1542;1;2;1;1;6;107;RUE DE BELLECHASSE;;;;750
201500051480;15;9;16;1022;1;2;7;3;7;107;PLACE VAUBAN;;;;750
201500051481;15;9;19;1707;1;2;1;1;6;107;PLACE HENRY DE MONTHERLA;;;;750
201500051482;15;9;20;925;1;2;5;1;6;107;260, BOULEVARD SAINT GER;;;;750
201500051483;15;9;20;1840;1;2;2;1;6;107;AVENUE GUSTAVE EIFFEL;;;;750
201500051484;15;9;21;1800;1;2;5;1;7;107;03, PLACE HENRY DE MONTH;;;;750
201500051485;15;9;29;1620;1;2;1;1;3;107;QUAI D ORSAY;;;;750
201500051486;15;10;1;1115;1;2;1;1;6;107;3-5, RUE DU PRE AUX CLER;;;;750
201500051487;15;10;6;1035;1;2;1;2;2;115;29, QUAI DE GRENELLE;;;;750
201500051488;15;10;10;1700;1;2;1;1;3;107;AVENUE JOSEPH BOUVARD;;;;750
201500051489;15;10;13;1830;2;2;5;1;3;107;QUAI D ORSAY;;;;750
201500051490;15;10;14;915;1;2;1;1;7;107;QUAI D ORSAY;;;;750
201500051491;15;10;15;1855;2;2;7;1;3;107;AVENUE DUQUESNE;;;;750
201500051492;15;10;16;2300;5;2;1;2;2;107;AVENUE DUQUESNE;;;;750
201500051493;15;10;17;1713;1;2;1;2;4;107;288, BOULEVARD SAINT GER;;;;750
201500051494;15;10;20;1515;1;2;3;1;4;107;37, QUAI D ORSAY;;;;750
201500051495;15;10;22;830;1;2;1;8;3;107;40, RUE DE SEVRES;;;;750
201500051496;15;10;23;1025;1;2;3;1;3;107;RUE DE SEVRES;;;;750
201500051497;15;10;23;1910;5;2;1;1;2;107;27, AVENUE DE LA MOTTE P;;;;750
201500051498;15;10;24;1540;1;2;5;1;3;107;AVENUE BOSQUET;;;;750
201500051499;15;11;1;1635;1;2;2;1;6;107;1, QUAI BRANLY;;;;750
201500051500;15;11;2;1645;1;2;3;1;6;107;7, RUE MALAR;;;;750
201500051501;15;11;3;2335;5;2;2;2;3;107;RUE DE BELLECHASSE;;;;750
201500051502;15;11;4;1245;1;2;5;1;3;107;QUAI D ORSAY;;;;750
201500051503;15;11;4;1420;1;2;7;1;3;107;AVENUE DE LOWENDAL;;;;750
201500051504;15;11;6;1808;5;2;7;8;6;107;PLACE DE L ECOLE MILITAI;;;;750
201500051505;15;11;8;2300;5;2;2;1;3;107;49, BOULEVARD DES INVALI;;;;750
201500051506;15;11;10;2235;5;2;3;1;7;107;AVENUE DE BRETEUIL;;;;750
201500051507;15;11;12;1355;1;2;1;8;7;107;26, AVENUE DUQUESNE;;;;750
201500051508;15;11;12;1520;1;2;5;8;7;107;QUAI BRANLY;;;;750
201500051509;15;11;17;2320;5;2;2;2;3;107;/, AVENUE DE LA MOTTE PI;;;;750
201500051510;15;11;17;52;5;2;7;2;3;107;1, PLACE JOFFRE;;;;750
201500051511;15;11;17;630;5;2;2;2;3;107;, BOULEVARD SAINT GERMAI;;;;750
201500051512;15;11;19;1200;1;2;2;2;2;107;18, AVENUE DE VILLARS;;;;750
201500051513;15;11;21;1905;5;2;2;2;6;107;34, BOULEVARD DES INVALI;;;;750
201500051514;15;11;24;1125;1;2;3;3;2;107;1, QUAI BRANLY;;;;750
201500051515;15;11;24;1043;1;2;1;1;7;107;67, RUE DE LILLE;;;;750
201500051516;15;11;24;1800;5;2;7;2;6;107;01, PLACE JOFFRE;;;;750
201500051517;15;11;30;1150;1;2;4;1;6;107;1 TER, AVENUE DE LOWENDA;;;;750
201500051518;15;12;2;1555;1;2;7;1;3;107;PLACE LEON PAUL FARGUE;;;;750
201500051519;15;12;5;1250;1;2;2;1;3;107;PONT D IENA;;;;750
201500051520;15;12;5;1450;1;2;4;1;6;107;QUAI BRANLY;;;;750
201500051521;15;12;12;1635;1;2;7;1;7;107;AVENUE DE SUFFREN;;;;750
201500051522;15;12;21;1855;5;2;5;2;3;107;5, BOULEVARD RASPAIL;;;;750
201500051523;15;12;23;1535;1;2;2;1;2;107;177, BOULEVARD SAINT GER;;;;750
201500051524;15;12;29;945;1;2;5;2;7;107;1, AVENUE DE SUFFREN;;;;750
201500051525;15;1;5;2015;5;2;7;1;3;108;135, AVENUE DES CHAMPS E;;;;750
201500051526;15;1;6;710;2;2;1;8;6;108;2, PLACE DE LA CONCORDE;;;;750
201500051527;15;1;7;2010;5;2;3;1;3;108;45, RUE PIERRE CHARRON;;;;750
201500051528;15;1;8;1035;1;2;3;1;2;108;101, AVENUE DES CHAMPS E;;;;750
201500051529;15;1;9;745;1;2;1;2;6;116;8, QUAI SAINT EXUPERY;;;;750
201500051530;15;1;11;915;1;2;2;1;6;108;41, RUE DU COLISEE;;;;750
201500051531;15;1;14;1950;5;2;7;1;6;108;27, AVENUE DE MESSINE;;;;750
201500051532;15;1;15;1315;1;2;3;2;6;108;9, PLACE SAINT AUGUSTIN;;;;750
201500051533;15;1;15;1750;5;2;2;2;7;108;AVENUE GEORGE V;;;;750
201500051534;15;1;15;1940;5;2;2;1;3;108;AVENUE DES CHAMPS ELYSEE;;;;750
201500051535;15;1;16;1915;5;2;3;2;4;108;SOUTERRAIN CONCORDE;;;;750
201500051536;15;1;17;215;5;2;1;1;2;108;PONT DES INVALIDES;;;;750
201500051537;15;1;17;1210;1;2;2;1;3;108;COURS ALBERT 1ER;;;;750
201500051538;15;1;17;545;5;2;1;1;2;108;COURS LA REINE;;;;750
201500051539;15;1;18;500;5;2;3;1;3;108;79, RUE LA BOETIE;;;;750
201500051540;15;1;19;1845;5;2;1;1;6;108;4, RUE D AGUESSEAU;;;;750
201500051541;15;1;19;2110;5;2;7;1;3;108;PLACE DE LA CONCORDE;;;;750
201500051542;15;1;20;820;1;2;5;1;7;108;17, BOULEVARD MALESHERBE;;;;750
201500051543;15;1;20;1800;5;2;7;1;6;108;AVENUE DES CHAMPS ELYSEE;;;;750
201500051544;15;1;20;1905;5;2;2;1;3;108;43, AVENUE DE FRIEDLAND;;;;750
201500051545;15;1;21;1230;1;2;3;1;6;108;88, BOULEVARD MALESHERBE;;;;750
201500051546;15;1;22;2340;5;2;3;1;6;108;84, AVENUE DES CHAMPS EL;;;;750
201500051547;15;1;23;300;5;2;1;1;7;108;128, BOULEVARD HAUSSMANN;;;;750
201500051548;15;1;23;1250;1;2;1;1;6;108;67, RUE D AMSTERDAM;;;;750
201500051549;15;1;26;2338;5;2;7;1;3;108;PLACE CHARLES DE GAULLE;;;;750
201500051550;15;1;27;920;1;2;7;1;3;108;PLACE DE LA CONCORDE;;;;750
201500051551;15;1;27;1035;1;2;7;1;2;108;PLACE DE LA CONCORDE;;;;750
201500051552;15;1;29;2100;5;2;7;1;6;108;PLACE CHARLES DE GAULLE;;;;750
201500051553;15;1;30;1430;1;2;2;2;6;108;44, AVENUE DES CHAMPS EL;;;;750
201500051554;15;1;31;55;5;2;1;2;6;108;PLACE DE LA CONCORDE;;;;750
201500051555;15;2;3;1925;5;2;4;1;6;109;2bis, BOULEVARD DE LA MA;;;;750
201500051556;15;2;4;1530;1;2;3;1;2;108;AVENUE DES CHAMPS ELYSEE;;;;750
201500051557;15;2;5;900;1;2;2;1;3;108;RUE D ARTOIS;;;;750
201500051558;15;2;5;1240;1;2;1;1;6;108;27, RUE D AMSTERDAM;;;;750
201500051559;15;2;5;2000;5;2;5;1;3;108;33, RUE TRONCHET;;;;750
201500051560;15;2;6;1;5;2;3;1;7;108;26, AVENUE GABRIEL;;;;750
201500051561;15;2;6;1030;1;2;1;1;6;108;2, AVENUE MONTAIGNE;;;;750
201500051562;15;2;6;1055;1;2;2;1;7;108;85, BOULEVARD MALESHERBE;;;;750
201500051563;15;2;7;1655;1;2;2;1;7;108;18, AVENUE FRANKLIN D RO;;;;750
201500051564;15;2;8;241;5;2;1;2;6;108;COURS LA REINE;;;;750
201500051565;15;2;9;820;1;2;3;1;7;108;04, RUE DE SAINT PETERSB;;;;750
201500051566;15;2;9;1720;1;2;3;1;6;108;67, RUE DE ROME;;;;750
201500051567;15;2;10;2130;5;2;7;1;6;108;7, PLACE DE L ALMA;;;;750
201500051568;15;2;12;2045;3;2;1;1;6;108;44, BOULEVARD MALESHERBE;;;;750
201500051569;15;2;13;1956;5;2;7;2;6;108;PLACE DE LA CONCORDE;;;;750
201500051570;15;2;14;320;5;2;7;2;6;108;PLACE DE LA CONCORDE;;;;750
201500051571;15;2;14;2010;5;2;1;2;3;108;AVENUE WINSTON CHURCHILL;;;;750
201500051572;15;2;19;1100;1;2;3;1;6;108;AVENUE DES CHAMPS ELYSEE;;;;750
201500051573;15;2;19;1300;1;2;3;1;6;117;8, RUE DE MONBEL;;;;750
201500051574;15;2;20;750;1;2;1;2;3;108;30, RUE FRANCOIS 1ER;;;;750
201500051575;15;2;20;2324;5;2;3;2;3;117;156, RUE DE COURCELLES;;;;750
201500051576;15;2;22;940;1;2;2;1;3;108;101, AVENUE DES CHAMPS E;;;;750
201500051577;15;2;24;950;1;2;1;8;2;108;66, BOULEVARD MALESHERBE;;;;750
201500051578;15;2;26;1625;1;2;2;2;7;108;AVENUE DE MARIGNY;;;;750
201500051579;15;2;27;1230;1;2;4;1;6;108;26, AVENUE DE WAGRAM;;;;750
201500051580;15;3;2;1430;1;2;1;2;7;108;41, BOULEVARD DE COURCEL;;;;750
201500051581;15;3;3;2030;5;2;2;1;6;108;40, AVENUE DE FRIEDLAND;;;;750
201500051582;15;3;5;930;1;2;1;1;7;116;SOUTERRAIN ALMA;;;;750
201500051583;15;3;7;2130;5;2;1;1;6;108;25, RUE DE PONTHIEU;;;;750
201500051584;15;3;9;225;5;2;2;1;6;108;79, AVENUE DES CHAMPS EL;;;;750