num_acc;an;mois;jour;hrmn;lum;agg;int;atm;col;com;adr;gps;lat;long;dep
201500051585;15;3;9;2117;5;2;4;1;6;117;AVENUE CARNOT;;;;750
201500051586;15;3;10;145;5;2;2;1;3;108;91, AVENUE DES CHAMPS EL;;;;750
201500051587;15;3;10;750;2;2;1;1;6;108;24, RUE DU ROCHER;;;;750
201500051588;15;3;11;1005;1;2;2;1;6;108;28, AVENUE GEORGE V;;;;750
201500051589;15;3;12;45;5;2;1;1;6;108;AVENUE DES CHAMPS ELYSEE;;;;750
201500051590;15;3;12;2245;5;2;3;1;2;108;116, AVENUE DES CHAMPS E;;;;750
201500051591;15;3;16;1005;1;2;1;1;3;108;12, AVENUE FRANKLIN D RO;;;;750
201500051592;15;3;16;1400;1;2;7;1;2;108;121, BOULEVARD HAUSSMANN;;;;750
201500051593;15;3;19;1950;5;2;1;1;7;108;30, RUE DE COURCELLES;;;;750
201500051594;15;3;21;330;5;2;7;1;2;108;7, ROND POINT CHAMPS ELY;;;;750
201500051595;15;3;22;50;5;2;1;1;6;108;59, RUE PIERRE CHARRON;;;;750
201500051596;15;3;23;955;1;2;3;1;2;108;95, RUE DU FAUBOURG SAIN;;;;750
201500051597;15;3;24;1850;1;2;7;3;2;108;ROND POINT CHAMPS ELYSEE;;;;750
201500051598;15;3;25;18;5;2;1;3;6;108;80, BOULEVARD HAUSSMANN;;;;750
201500051599;15;3;25;1720;1;2;1;1;3;108;30, AVENUE DES CHAMPS EL;;;;750
201500051600;15;3;26;1600;1;2;2;8;7;108;74, RUE DU ROCHER;;;;750
201500051601;15;3;26;1140;1;2;5;8;7;108;COURS LA REINE;;;;750
201500051602;15;3;27;2100;5;2;1;1;4;108;PLACE DE LA CONCORDE;;;;750
201500051603;15;3;27;2330;5;2;4;1;6;108;140, AVENUE DES CHAMPS E;;;;750
201500051604;15;3;27;2335;5;2;1;1;6;108;24, AVENUE DES CHAMPS EL;;;;750
201500051605;15;3;29;643;5;2;7;2;6;108;05, PLACE DE LA CONCORDE;;;;750
201500051606;15;3;29;505;5;2;2;2;6;108;55, BOULEVARD MALESHERBE;;;;750
201500051607;15;3;31;1105;1;2;3;1;6;108;22, RUE BEAUJON;;;;750
201500051608;15;4;1;1710;1;2;2;1;3;108;48, BOULEVARD MALESHERBE;;;;750
201500051609;15;4;2;1400;1;2;2;2;6;108;9, AVENUE MATIGNON;;;;750
201500051610;15;4;3;2107;3;2;1;2;7;108;123, RUE SAINT LAZARE;;;;750
201500051611;15;4;4;1745;1;2;1;1;6;108;7, RUE DU COLISEE;;;;750
201500051612;15;4;8;1845;1;2;7;1;3;108;24, AVENUE MARCEAU;;;;750
201500051613;15;4;12;30;5;2;3;1;6;108;75, AVENUE DES CHAMPS EL;;;;750
201500051614;15;4;12;230;5;2;2;1;2;108;AVENUE DES CHAMPS ELYSEE;;;;750
201500051615;15;4;14;950;1;2;4;1;6;108;35, AVENUE DE FRIEDLAND;;;;750
201500051616;15;4;14;855;1;2;1;1;3;108;7, RUE DE SAINT PETERSBO;;;;750
201500051617;15;4;14;1415;1;2;5;7;3;116;1, AVENUE DU PRESIDENT W;;;;750
201500051618;15;4;17;1400;1;2;3;1;6;108;07, RUE ANDRIEUX;;;;750
201500051619;15;4;18;1405;1;2;7;1;2;108;PLACE DE L ALMA;;;;750
201500051620;15;4;18;1600;1;2;7;1;3;108;PLACE DU CANADA;;;;750
201500051621;15;4;18;1530;1;2;3;1;6;108;84, AVENUE DES CHAMPS EL;;;;750
201500051622;15;4;20;1230;1;2;3;7;6;108;5, RUE LA BOETIE;;;;750
201500051623;15;4;22;1715;1;2;2;1;6;108;118, RUE LA BOETIE;;;;750
201500051624;15;4;23;850;1;2;2;1;3;108;35, AVENUE DES CHAMPS EL;;;;750
201500051625;15;4;23;1125;1;2;2;1;6;108;66, AVENUE DES CHAMPS EL;;;;750
201500051626;15;4;23;1234;1;2;7;1;3;108;133, AVENUE DES CHAMPS E;;;;750
201500051627;15;4;23;1715;1;2;7;1;3;108;ROND POINT CHAMPS ELYSEE;;;;750
201500051628;15;4;25;40;5;2;2;1;6;108;1, RUE DE LA PEPINIERE;;;;750
201500051629;15;4;25;1522;1;2;2;1;3;108;113, BOULEVARD HAUSSMANN;;;;750
201500051630;15;4;27;1730;1;2;1;1;6;116;ROUTE DES MOULINS;;;;750
201500051631;15;4;28;1930;1;2;1;1;3;108;94, BOULEVARD HAUSSMANN;;;;750
201500051632;15;4;29;940;1;2;7;1;3;108;PLACE DE LA CONCORDE;;;;750
201500051633;15;4;29;2000;1;2;3;1;2;117;RUE DE COURCELLES;;;;750
201500051634;15;4;30;810;1;2;7;3;3;108;PLACE CHARLES DE GAULLE;;;;750
201500051635;15;4;30;2200;5;2;1;2;2;108;55, BOULEVARD MALESHERBE;;;;750
201500051636;15;5;3;620;2;2;7;8;6;108;AVENUE DES CHAMPS ELYSEE;;;;750
201500051637;15;5;3;650;1;2;7;2;1;108;43, AVENUE GEORGE V;;;;750
201500051638;15;5;4;1640;1;2;2;2;2;108;34, BOULEVARD MALESHERBE;;;;750
201500051639;15;5;5;1410;1;2;4;1;3;108;19, AVENUE DE FRIEDLAND;;;;750
201500051640;15;5;5;1630;1;2;2;1;2;108;103, AVENUE DES CHAMPS E;;;;750
201500051641;15;5;7;1830;1;2;2;1;6;108;54, RUE FRANCOIS 1ER;;;;750
201500051642;15;5;9;430;5;2;1;1;3;108;PONT ALEXANDRE III;;;;750
201500051643;15;5;7;1215;1;2;1;1;5;108;45, RUE D AMSTERDAM;;;;750
201500051644;15;5;11;950;1;2;4;1;3;108;14, RUE QUENTIN BAUCHART;;;;750
201500051645;15;5;12;1830;1;2;3;1;2;117;104, BOULEVARD DE COURCE;;;;750
201500051646;15;5;19;830;1;2;3;1;7;108;22, RUE DE LA BIENFAISAN;;;;750
201500051647;15;5;19;1515;1;2;4;2;4;108;161, BOULEVARD HAUSSMANN;;;;750
201500051648;15;5;20;1325;1;2;7;1;3;108;PLACE DE LA CONCORDE;;;;750
201500051649;15;5;21;950;1;2;2;1;6;108;AVENUE HOCHE;;;;750
201500051650;15;5;23;2345;5;2;3;1;6;108;12, AVENUE PERCIER;;;;750
201500051651;15;5;24;220;5;2;7;1;6;108;PLACE CHARLES DE GAULLE;;;;750
201500051652;15;5;24;354;5;2;1;1;6;108;6, AVENUE DELCASSE;;;;750
201500051653;15;5;24;1930;1;2;1;1;7;108;AVENUE DES CHAMPS ELYSEE;;;;750
201500051654;15;5;26;1220;1;2;7;1;3;108;AVENUE CESAR CAIRE;;;;750
201500051655;15;5;27;820;1;2;1;1;2;108;AVENUE DES CHAMPS ELYSEE;;;;750
201500051656;15;5;27;1440;1;2;7;1;6;108;PLACE DE LA MADELEINE;;;;750
201500051657;15;5;28;930;1;2;7;1;2;108;RUE DE ROME;;;;750
201500051658;15;5;28;1935;1;2;4;1;7;108;COURS LA REINE;;;;750
201500051659;15;5;29;340;5;2;7;1;2;108;PLACE DU CANADA;;;;750
201500051660;15;5;29;1200;1;2;2;1;3;108;32, BOULEVARD MALESHERBE;;;;750
201500051661;15;5;30;35;5;2;2;2;6;108;COURS LA REINE;;;;750
201500051662;15;5;31;5;5;2;2;1;2;108;RUE LA BOETIE;;;;750
201500051663;15;5;31;1330;1;2;2;2;1;108;39, AVENUE GEORGE V;;;;750
201500051664;15;5;31;2340;5;2;7;2;3;108;PLACE DE LA CONCORDE;;;;750
201500051665;15;6;2;710;1;2;7;1;6;117;1, PLACE GENERAL CATROUX;;;;750
201500051666;15;6;5;1720;1;2;2;1;6;108;7, AVENUE MATIGNON;;;;750
201500051667;15;6;26;1300;1;2;3;1;3;108;19, RUE TRONCHET;;;;750
201500051668;15;5;31;1540;1;2;7;1;6;108;21, PLACE DE LA MADELEIN;;;;750
201500051669;15;6;1;1910;1;2;1;1;2;108;26, AVENUE DES CHAMPS EL;;;;750
201500051670;15;6;2;1535;1;2;2;1;3;108;RUE DU FAUBOURG SAINT HO;;;;750
201500051671;15;6;2;1900;1;2;7;1;3;108;PLACE DE L EUROPE;;;;750
201500051672;15;6;3;235;5;2;2;1;5;108;116, AVENUE DES CHAMPS E;;;;750
201500051673;15;6;5;800;1;2;1;1;6;108;31, AVENUE FRANKLIN D RO;;;;750
201500051674;15;6;5;915;1;2;2;1;3;108;BOULEVARD DE COURCELLES;;;;750
201500051675;15;6;5;1300;1;2;7;1;6;116;/, AVENUE KLEBER;;;;750
201500051676;15;7;9;1710;1;2;7;1;6;108;10, AVENUE DE FRIEDLAND;;;;750
201500051677;15;6;5;1650;1;2;4;1;6;108;109, BOULEVARD HAUSSMANN;;;;750
201500051678;15;6;8;1930;1;2;2;1;3;108;100, AVENUE DES CHAMPS E;;;;750
201500051679;15;6;8;1940;1;2;3;1;4;108;1, BOULEVARD DES BATIGNO;;;;750
201500051680;15;6;9;900;1;2;3;1;7;108;103, AVENUE DES CHAMPS E;;;;750
201500051681;15;6;10;1945;1;2;2;1;6;108;53, BOULEVARD DE COURCEL;;;;750
201500051682;15;6;11;45;5;2;1;1;3;108;11, RUE ROYALE;;;;750
201500051683;15;6;12;910;1;2;3;1;6;108;57, RUE D AMSTERDAM;;;;750
201500051684;15;6;12;930;1;2;1;1;3;108;65, BOULEVARD MALESHERBE;;;;750
201500051685;15;6;13;2000;1;2;4;1;6;108;109, BOULEVARD HAUSSMANN;;;;750
201500051686;15;6;15;1745;1;2;3;1;2;108;11, AVENUE GEORGE V;;;;750
201500051687;15;6;16;2100;1;2;2;1;7;108;COURS ALBERT 1ER;M;0;0;750
201500051688;15;6;17;1440;1;2;2;7;6;108;PONT DES INVALIDES;;;;750
201500051689;15;6;17;2110;1;2;7;1;3;108;1, AVENUE MATIGNON;;;;750
201500051690;15;6;19;1100;1;2;7;1;2;108;6, PLACE DE LA CONCORDE;;;;750
201500051691;15;6;23;810;1;2;2;1;3;108;156, AVENUE DES CHAMPS E;;;;750
201500051692;15;6;24;1755;1;2;1;1;3;108;VOIE GEORGES POMPIDOU;;;;750
201500051693;15;6;25;40;5;2;1;1;2;108;PONT ALEXANDRE III;;;;750
201500051694;15;6;25;950;1;2;1;1;6;108;99, RUE D AMSTERDAM;M;4852594;219375;750
201500051695;15;6;26;605;1;2;1;1;2;108;VOIE GEORGES POMPIDOU;;;;750
201500051696;15;6;26;1855;1;2;1;1;6;108;55, AVENUE MONTAIGNE;;;;750
201500051697;15;5;26;2000;1;2;7;1;2;108;4, PLACE DE LA CONCORDE;;;;750
201500051698;15;6;27;1615;1;2;7;1;3;108;04, PLACE DE LA CONCORDE;;;;750
201500051699;15;6;27;1721;1;2;7;1;7;108;PLACE CHARLES DE GAULLE;;;;750
201500051700;15;6;29;1345;1;2;7;1;2;116;PLACE CHARLES DE GAULLE;;;;750
201500051701;15;6;29;1735;1;2;1;1;6;108;41, RUE DE SAINT PETERSB;;;;750
201500051702;15;6;30;900;1;2;2;1;3;108;RUE DE BASSANO;;;;750
201500051703;15;6;30;1000;1;2;1;1;6;108;60, RUE DE ROME;;;;750
201500051704;15;6;30;1605;1;2;1;1;3;108;01, AVENUE WINSTON CHURC;;;;750
201500051705;15;7;2;1205;1;2;1;1;3;108;AVENUE DES CHAMPS ELYSEE;;;;750
201500051706;15;7;2;1550;1;2;3;1;6;108;3, RUE LA BOETIE;;;;750
201500051707;15;7;2;1930;1;2;1;1;3;108;26, AVENUE DES CHAMPS EL;;;;750
201500051708;15;7;3;920;1;2;2;1;3;108;45, RUE LA BOETIE;;;;750
201500051709;15;7;4;1220;1;2;3;1;6;108;139, BOULEVARD HAUSSMANN;;;;750
201500051710;15;7;6;1230;1;2;3;1;3;108;68, RUE DE ROME;;;;750
201500051711;15;7;7;900;1;2;7;1;6;108;ROND POINT CHAMPS ELYSEE;;;;750
201500051712;15;7;10;930;1;2;3;1;3;108;23, AVENUE DE MESSINE;;;;750
201500051713;15;7;10;910;1;2;7;1;2;108;156, AVENUE DES CHAMPS E;;;;750
201500051714;15;7;11;130;5;2;3;1;3;101;BOULEVARD DE LA MADELEIN;;;;750
201500051715;15;7;12;225;5;2;7;1;6;108;3, AVENUE MATIGNON;;;;750
201500051716;15;7;13;940;1;2;2;1;6;108;30, AVENUE MONTAIGNE;;;;750
201500051717;15;7;13;1555;1;2;5;1;3;108;23, AVENUE FRANKLIN D RO;;;;750
201500051718;15;7;13;1930;1;2;7;1;3;108;PLACE CHARLES DE GAULLE;;;;750
201500051719;15;7;15;340;5;2;5;1;3;116;ALLEE DE LONGCHAMP;;;;750
201500051720;15;7;15;1310;1;2;7;1;6;108;1, AVENUE MATIGNON;;;;750
201500051721;15;7;15;1545;1;2;2;1;3;108;3, AVENUE PERCIER;M;;;750
201500051722;15;7;16;1100;1;2;7;1;3;108;02, PLACE DE L ALMA;;;;750
201500051723;15;7;17;838;1;2;2;1;7;108;1, AVENUE DE MARIGNY;;;;750
201500051724;15;7;17;1630;1;2;1;1;6;108;127, RUE DU FAUBOURG SAI;;;;750
201500051725;15;7;17;1820;1;2;2;1;3;116;77, RUE D AUTEUIL;;;;750
201500051726;15;7;19;1520;1;2;1;1;2;108;AVENUE DES CHAMPS ELYSEE;;;;750
201500051727;15;7;20;1100;1;2;7;1;3;108;PLACE DE LA CONCORDE;;;;750
201500051728;15;7;20;1540;1;2;1;1;2;108;144, AVENUE DES CHAMPS E;;;;750
201500051729;15;7;21;1555;1;2;1;1;3;108;23, BOULEVARD DE COURCEL;;;;750
201500051730;15;7;21;1825;1;2;1;1;2;108;235, RUE DU FAUBOURG SAI;;;;750
201500051731;15;7;22;1443;1;2;7;1;3;108;4, PLACE DE LA CONCORDE;;;;750
201500051732;15;7;24;1000;1;2;1;1;2;108;/, AVENUE DES CHAMPS ELY;;;;750
201500051733;15;7;25;1120;1;2;3;1;2;108;AVENUE DES CHAMPS ELYSEE;;;;750
201500051734;15;7;27;1930;1;2;7;1;6;108;AVENUE DES CHAMPS ELYSEE;;;;750
201500051735;15;7;28;845;1;2;7;8;3;108;1, PLACE DE L ALMA;;;;750
201500051736;15;7;28;950;1;2;1;1;3;108;AVENUE WINSTON CHURCHILL;;;;750
201500051737;15;7;29;935;1;2;2;1;3;108;PONT ALEXANDRE III;;;;750
201500051738;15;7;29;1850;1;2;2;1;3;108;/, AVENUE DE FRIEDLAND;;;;750
201500051739;15;8;1;1330;1;2;5;1;3;108;RUE DE CONSTANTINOPLE;;;;750
201500051740;15;8;2;1445;1;2;2;7;2;108;21, RUE ROYALE;;;;750
201500051741;15;8;3;1200;1;2;1;1;3;108;BOULEVARD HAUSSMANN;;;;750
201500051742;15;8;4;1635;1;2;2;1;6;108;42, AVENUE DE FRIEDLAND;;;;750
201500051743;15;8;5;740;1;2;7;1;3;108;4, PLACE DE LA CONCORDE;;;;750
201500051744;15;8;5;930;1;2;7;1;7;108;PLACE DE LA CONCORDE;;;;750
201500051745;15;8;11;2332;5;2;2;1;3;108;51, AVENUE GEORGE V;;;;750
201500051746;15;8;13;1952;1;2;2;1;3;108;88, BOULEVARD HAUSSMANN;;;;750
201500051747;15;8;16;253;5;2;7;1;3;108;PLACE DE L ALMA;;;;750
201500051748;15;8;17;1000;1;2;5;1;3;108;COURS LA REINE;;;;750
201500051749;15;8;17;930;1;2;1;1;6;108;15, AVENUE DE FRIEDLAND;;;;750
201500051750;15;8;20;955;1;2;1;3;2;108;77, AVENUE DES CHAMPS EL;;;;750
201500051751;15;8;23;1600;1;2;7;1;3;116;AVENUE DE LA GRANDE ARME;;;;750
201500051752;15;8;24;2200;5;2;2;2;6;108;1, AVENUE MYRON HERRICK;;;;750
201500051753;15;8;27;1920;2;2;3;2;6;116;14Bis, AVENUE DU PRESIDE;;;;750
201500051754;15;8;28;945;1;2;1;1;3;108;23, AVENUE DES CHAMPS EL;;;;750
201500051755;15;8;29;820;1;2;7;1;3;109;RUE D AMSTERDAM;;;;750
201500051756;15;8;29;1100;1;2;1;1;7;108;156, AVENUE DES CHAMPS E;;;;750
201500051757;15;8;30;1215;1;2;5;1;6;108;8, AVENUE DE MESSINE;;;;750
201500051758;15;9;1;1147;1;2;7;1;3;108;73, AVENUE FRANKLIN D RO;;;;750
201500051759;15;9;1;1520;1;2;2;1;6;108;1, AVENUE CESAR CAIRE;;;;750
201500051760;15;9;4;320;5;2;1;1;6;108;COURS LA REINE;;;;750
201500051761;15;9;5;1910;1;2;7;1;3;108;PLACE DE L ALMA;;;;750
201500051762;15;9;6;1350;1;2;2;1;3;108;RUE PASQUIER;;;;750
201500051763;15;9;7;945;1;2;7;1;6;108;14, RUE DE SAINT PETERSB;;;;750
201500051764;15;9;8;2015;5;2;2;1;3;108;117, AVENUE DES CHAMPS E;;;;750
201500051765;15;9;9;1500;1;2;2;1;3;108;35, RUE DE BERRI;;;;750
201500051766;15;9;9;1615;1;2;3;1;3;108;88, BOULEVARD MALESHERBE;;;;750
201500051767;15;9;10;2250;5;2;7;1;3;108;1, AVENUE MATIGNON;;;;750
201500051768;15;9;11;1445;1;2;2;1;3;108;AVENUE DES CHAMPS ELYSEE;;;;750
201500051769;15;9;13;235;5;2;2;1;5;108;37, AVENUE DES CHAMPS EL;;;;750
201500051770;15;9;13;1115;1;2;1;3;7;108;AVENUE DES CHAMPS ELYSEE;;;;750
201500051771;15;9;14;900;1;2;3;2;7;116;34, RUE DE PASSY;;;;750
201500051772;15;9;14;1230;1;2;1;1;3;108;30, AVENUE DE FRIEDLAND;;;;750
201500051773;15;9;15;1450;1;2;2;1;2;108;AVENUE DE MESSINE;;;;750
201500051774;15;9;14;1300;1;2;1;1;3;108;74, BOULEVARD MALESHERBE;;;;750
201500051775;15;9;16;1655;1;2;1;2;2;108;AVENUE DES CHAMPS ELYSEE;;;;750
201500051776;15;9;17;1800;1;2;1;1;3;108;29, RUE TRONCHET;;;;750
201500051777;15;9;19;200;5;2;5;1;3;108;33, RUE TRONCHET;;;;750
201500051778;15;9;19;1700;1;2;7;1;3;108;ROND POINT CHAMPS ELYSEE;;;;750
201500051779;15;9;22;1620;1;2;3;1;6;108;17, BOULEVARD DES BATIGN;;;;750
201500051780;15;9;24;1000;1;2;1;1;3;108;60, AVENUE HOCHE;;;;750
201500051781;15;9;24;1610;1;2;3;1;2;117;115, RUE DE ROME;;;;750
201500051782;15;9;26;55;5;2;3;1;6;108;AVENUE WINSTON CHURCHILL;;;;750
201500051783;15;9;26;1040;1;2;3;1;2;108;33, RUE DU FAUBOURG SAIN;;;;750
201500051784;15;9;28;1800;1;2;1;1;2;108;11, RUE ROYALE;;;;750
201500051785;15;9;29;1000;1;2;5;1;1;108;39, AVENUE GEORGE V;;;;750
201500051786;15;9;29;1300;1;2;2;1;6;108;37, RUE DE MIROMESNIL;;;;750
201500051787;15;9;30;1305;1;2;1;1;3;108;29, BOULEVARD MALESHERBE;;;;750
201500051788;15;10;1;835;1;2;2;1;3;108;62, AVENUE DES CHAMPS EL;;;;750
201500051789;15;10;1;1010;1;2;1;1;6;108;BOULEVARD MALESHERBES;;;;750
201500051790;15;10;1;1450;1;2;7;1;2;108;2, AVENUE DE WAGRAM;;;;750
201500051791;15;10;1;1710;1;2;5;1;3;108;66, AVENUE MARCEAU;;;;750
201500051792;15;10;1;1725;1;2;1;1;6;108;7, RUE ROYALE;;;;750
201500051793;15;10;1;1055;1;2;7;1;4;108;AVENUE HOCHE;;;;750
201500051794;15;10;2;930;1;2;7;1;6;108;45, AVENUE FRANKLIN D RO;;;;750
201500051795;15;10;2;1431;1;2;5;1;6;108;72, BOULEVARD HAUSSMANN;;;;750
201500051796;15;10;2;1900;1;2;5;1;6;108;47 bis, RUE DU ROCHER;;;;750
201500051797;15;10;3;110;5;2;2;1;2;108;, AVENUE DES CHAMPS ELYS;;;;750
201500051798;15;10;5;900;1;2;2;1;3;117;AVENUE DE LA PORTE DE CL;;;;750
201500051799;15;10;6;830;1;2;1;1;7;116;ALLEE DU BORD DE L EAU;;;;750
201500051800;15;10;7;1026;1;2;1;1;6;108;165, RUE DU FAUBOURG SAI;;;;750
201500051801;15;10;5;1950;2;2;7;1;6;108;AVENUE WINSTON CHURCHILL;;;;750
201500051802;15;10;7;1240;1;2;1;1;2;108;VOIE GEORGES POMPIDOU;;;;750
201500051803;15;10;8;1310;1;2;7;1;3;108;PLACE DE L ALMA;;;;750
201500051804;15;10;9;1645;1;2;4;1;3;108;10, BOULEVARD MALESHERBE;;;;750
201500051805;15;10;10;1008;1;2;2;1;3;108;AVENUE FRANKLIN D ROOSEV;;;;750
201500051806;15;10;10;1049;1;2;3;1;2;116;10, AVENUE DE NEW YORK;;;;750
201500051807;15;10;11;1230;1;2;7;1;3;108;PLACE DE BEYROUTH;;;;750
201500051808;15;10;11;1446;1;2;4;1;6;108;42, COURS ALBERT 1ER;;;;750
201500051809;15;10;11;1730;1;2;1;1;6;108;AVENUE DES CHAMPS ELYSEE;;;;750
201500051810;15;10;12;1040;1;2;4;1;3;108;11, AVENUE GEORGE V;;;;750
201500051811;15;10;12;1100;1;2;4;1;3;108;22, COURS ALBERT 1ER;;;;750
201500051812;15;10;13;1100;1;2;3;1;6;108;AVENUE WINSTON CHURCHILL;;;;750
201500051813;15;10;15;1120;1;2;2;1;6;116;39, AVENUE MARCEAU;;;;750
201500051814;15;10;16;25;5;2;1;1;6;108;48, AVENUE GEORGE V;;;;750
201500051815;15;10;16;830;1;2;2;2;3;108;RUE DE BASSANO;;;;750
201500051816;15;10;16;930;1;2;2;3;3;108;9, AVENUE GEORGE V;;;;750
201500051817;15;10;16;1430;1;2;2;2;2;108;35, RUE DE COURCELLES;;;;750
201500051818;15;10;16;1740;1;2;7;2;6;108;ROND POINT CHAMPS ELYSEE;;;;750
201500051819;15;10;17;100;4;2;7;1;7;108;PLACE DE LA CONCORDE;;;;750
201500051820;15;10;20;2100;5;2;7;1;2;108;AVENUE DES CHAMPS ELYSEE;;;;750
201500051821;15;10;21;930;1;2;1;1;3;108;15, AVENUE HOCHE;;;;750
201500051822;15;10;21;1420;1;2;2;1;3;108;COURS LA REINE;;;;750
201500051823;15;10;21;2115;5;2;2;2;2;117;77, AVENUE DE WAGRAM;;;;750
201500051824;15;10;23;910;1;2;3;1;6;108;45, RUE PIERRE CHARRON;;;;750
201500051825;15;10;23;950;1;2;3;1;7;116;3, AVENUE DU PRESIDENT W;;;;750
201500051826;15;10;24;1800;1;2;2;1;3;108;AVENUE DE FRIEDLAND;;;;750
201500051827;15;10;25;1420;1;2;7;1;2;108;135, AVENUE DES CHAMPS E;;;;750
201500051828;15;10;25;2130;5;2;7;1;3;108;PLACE DE LA CONCORDE;;;;750
201500051829;15;10;26;2115;5;2;2;1;2;108;122, AVENUE DES CHAMPS E;;;;750
201500051830;15;10;27;1730;2;2;7;1;6;108;03, BOULEVARD DE COURCEL;;;;750
201500051831;15;10;28;915;1;2;3;1;7;108;73, AVENUE DES CHAMPS EL;;;;750
201500051832;15;10;28;1020;1;2;1;8;7;108;20, RUE ROYALE;;;;750
201500051833;15;10;28;1530;1;2;3;1;6;117;177, AVENUE DE CLICHY;;;;750
201500051834;15;10;29;830;1;2;1;1;6;108;BOULEVARD MALESHERBES;;;;750
201500051835;15;10;30;1330;1;2;7;1;3;108;11, PLACE SAINT AUGUSTIN;;;;750
201500051836;15;10;30;1525;1;2;1;1;6;108;31, AVENUE FRANKLIN D RO;;;;750
201500051837;15;10;30;1500;1;2;1;1;7;108;7, BOULEVARD MALESHERBES;;;;750
201500051838;15;10;31;355;5;2;7;1;6;108;AVENUE MARCEAU;;;;750
201500051839;15;11;1;105;5;2;2;1;6;116;44, AVENUE DE VERSAILLES;;;;750
201500051840;15;11;1;30;5;2;7;1;2;108;6, PLACE DE L ALMA;;;;750
201500051841;15;11;1;1140;1;2;2;1;3;108;77, RUE DE MIROMESNIL;;;;750
201500051842;15;11;2;2130;5;2;7;1;7;108;PLACE BEAUVAU;;;;750
201500051843;15;11;5;1250;1;2;7;1;2;108;BOULEVARD HAUSSMANN;;;;750
201500051844;15;11;5;1421;1;2;7;1;3;108;7, PLACE DE L ALMA;;;;750
201500051845;15;11;6;1430;1;2;2;2;7;108;91, AVENUE DES CHAMPS EL;;;;750
201500051846;15;11;6;1945;5;2;1;1;3;108;35-37, AVENUE HOCHE;;;;750
201500051847;15;11;6;1915;5;2;3;2;3;108;20, RUE DE CONSTANTINOPL;;;;750
201500051848;15;11;8;1125;1;2;1;1;3;108;9, PLACE SAINT AUGUSTIN;;;;750
201500051849;15;11;8;1545;1;2;2;1;3;108;RUE D ARTOIS;;;;750
201500051850;15;11;8;1730;2;2;2;1;3;108;COURS LA REINE;;;;750
201500051851;15;11;10;2030;5;2;3;1;6;108;32, RUE DE COURCELLES;;;;750
201500051852;15;11;10;2045;5;2;7;1;4;108;12, RUE DE ROME;;;;750
201500051853;15;11;11;1030;1;2;2;1;6;108;39, RUE FRANCOIS 1ER;;;;750
201500051854;15;11;12;830;1;2;1;1;3;108;02, RUE ROYALE;;;;750
201500051855;15;11;13;1535;1;2;4;1;6;108;15, BOULEVARD MALESHERBE;;;;750
201500051856;15;11;16;850;1;2;2;1;4;108;27, RUE DE MIROMESNIL;;;;750
201500051857;15;11;16;2131;5;2;2;2;3;108;45, BOULEVARD DE COURCEL;;;;750
201500051858;15;11;17;1830;5;2;1;2;6;108;44, AVENUE DES CHAMPS EL;;;;750
201500051859;15;11;18;1300;1;2;2;1;4;108;6, AVENUE FRANKLIN D ROO;;;;750
201500051860;15;11;18;1850;5;2;2;1;5;108;66, AVENUE DES CHAMPS EL;;;;750
201500051861;15;11;19;1330;1;2;4;2;6;108;2, RUE DE BERNE;;;;750
201500051862;15;11;19;1750;5;2;7;1;6;108;11, RUE DE ROME;;;;750
201500051863;15;11;20;1005;1;2;2;2;7;108;11, BOULEVARD MALESHERBE;;;;750
201500051864;15;11;20;1130;1;2;1;3;2;108;33, RUE MARBEUF;;;;750
201500051865;15;11;20;2000;5;2;7;8;3;108;PLACE DE LA CONCORDE;;;;750
201500051866;15;11;21;55;5;2;7;1;7;108;PLACE DE LA CONCORDE;;;;750
201500051867;15;11;20;2130;5;2;1;2;2;108;AVENUE DES CHAMPS ELYSEE;;;;750
201500051868;15;11;22;845;1;2;2;1;6;108;30, AVENUE PIERRE 1ER DE;;;;750
201500051869;15;11;23;1000;1;2;2;1;6;108;27, RUE LA BOETIE;;;;750
201500051870;15;11;25;1630;1;2;5;2;3;108;16, RUE DE LA BIENFAISAN;;;;750
201500051871;15;11;26;830;1;2;3;1;6;108;109, BOULEVARD MALESHERB;;;;750
201500051872;15;11;27;919;1;2;1;1;3;108;20, RUE DE ROME;;;;750
201500051873;15;12;2;2010;5;2;4;1;3;116;12, AVENUE MARCEAU;;;;750
201500051874;15;12;3;1845;5;2;5;1;3;108;16, RUE DE LA BIENFAISAN;;;;750
201500051875;15;12;3;1900;5;2;1;1;3;108;08, RUE ROYALE;;;;750
201500051876;15;12;3;2215;5;2;1;1;6;108;PLACE DE LA CONCORDE;;;;750
201500051877;15;12;5;1545;1;2;5;1;6;108;94, RUE DE COURCELLES;;;;750
201500051878;15;12;5;1750;5;2;5;1;3;108;54, RUE DE ROME;;;;750
201500051879;15;12;7;650;5;2;1;1;6;108;114, RUE LA BOETIE;;;;750
201500051880;15;12;7;1010;1;2;2;1;6;108;30, AVENUE FRANKLIN D RO;;;;750
201500051881;15;12;10;1025;1;2;7;1;3;108;ROND POINT CHAMPS ELYSEE;;;;750
201500051882;15;12;11;630;5;2;5;1;3;108;PLACE GABRIEL PERI;;;;750
201500051883;15;12;12;135;5;2;1;1;6;117;14, RUE DENIS POISSON;;;;750
201500051884;15;12;12;1020;1;2;2;2;7;108;34, BOULEVARD MALESHERBE;;;;750
201500051885;15;12;12;1430;1;2;1;1;3;108;18, RUE DE BERRI;;;;750
201500051886;15;12;14;1800;5;2;7;1;3;108;PLACE DE L ALMA;;;;750
201500051887;15;12;15;2000;5;2;1;2;7;108;2, PLACE DE LA CONCORDE;;;;750
201500051888;15;12;17;1245;1;2;1;1;6;108;PLACE DE LA CONCORDE;;;;750
201500051889;15;12;18;2035;5;2;7;1;3;117;149, BOULEVARD MALESHERB;;;;750
201500051890;15;12;19;620;5;2;7;1;6;108;7, AVENUE MONTAIGNE;;;;750
201500051891;15;12;20;210;5;2;1;1;6;108;36, AVENUE DE WAGRAM;;;;750
201500051892;15;12;21;740;3;2;2;1;2;108;124, AVENUE DES CHAMPS E;;;;750
201500051893;15;12;21;930;1;2;2;1;2;108;30, AVENUE GEORGE V;;;;750