num_acc;an;mois;jour;hrmn;lum;agg;int;atm;col;com;adr;gps;lat;long;dep
201500052203;15;7;16;1000;1;2;5;1;6;109;54, BOULEVARD DE MAGENTA;;;;750
201500052204;15;7;22;1245;1;2;2;1;4;110;35, RUE DE SAINT QUENTIN;;;;750
201500052205;15;7;22;2340;5;2;1;1;6;110;217, RUE DU FAUBOURG SAI;;;;750
201500052206;15;7;23;1730;1;2;1;1;7;110;188, RUE LA FAYETTE;;;;750
201500052207;15;7;24;745;1;2;7;1;6;109;01, BOULEVARD DE MAGENTA;;;;750
201500052208;15;7;25;600;2;2;2;8;3;110;204, RUE LA FAYETTE;M;4852534;221559;750
201500052209;15;7;27;1220;1;2;5;2;6;110;60, RUE DE PARADIS;;;;750
201500052210;15;7;28;1530;1;2;2;8;3;110;1, BOULEVARD DE STRASBOU;;;;750
201500052211;15;8;2;640;5;2;1;1;5;110;16, BOULEVARD DE MAGENTA;;;;750
201500052212;15;8;2;2230;5;2;3;1;6;110;33, BOULEVARD DE MAGENTA;;;;750
201500052213;15;8;3;2000;1;2;1;1;6;110;36, QUAI DE JEMMAPES;;;;750
201500052214;15;8;7;2245;5;2;1;1;6;110;203, RUE LA FAYETTE;;;;750
201500052215;15;8;13;2030;1;2;5;1;3;110;/, RUE LA FAYETTE;M;4852501;221432;750
201500052216;15;8;14;2310;5;2;3;2;6;110;91, BOULEVARD DE STRASBO;;;;750
201500052217;15;8;15;130;5;2;3;2;3;110;272, RUE DU FAUBOURG SAI;;;;750
201500052218;15;8;17;2230;3;2;2;1;3;110;164, AVENUE PARMENTIER;;;;750
201500052219;15;8;20;50;5;2;5;2;6;110;103, BOULEVARD DE MAGENT;;;;750
201500052220;15;8;22;2310;5;2;2;1;3;110;92, BOULEVARD DE MAGENTA;;;;750
201500052221;15;8;24;1715;1;2;2;2;2;110;5, PLACE DU COLONEL FABI;;;;750
201500052222;15;8;27;2350;5;2;2;2;3;110;35, RUE DE PARADIS;;;;750
201500052223;15;8;31;1515;1;2;1;1;3;110;4, RUE DU FAUBOURG SAINT;;;;750
201500052224;15;9;2;1700;1;2;2;1;4;110;8, BOULEVARD SAINT DENIS;;;;750
201500052225;15;9;4;1935;1;2;2;1;6;110;36, BOULEVARD DE STRASBO;;;;750
201500052226;15;9;6;1012;1;2;2;1;3;110;BOULEVARD DE STRASBOURG;;;;750
201500052227;15;9;10;1930;2;2;4;1;6;110;166, RUE LA FAYETTE;;;;750
201500052228;15;9;15;1445;1;2;4;1;3;110;168, RUE LA FAYETTE;M;4852469;221313;750
201500052229;15;9;18;2240;5;2;2;2;6;110;149, AVENUE PARMENTIER;;;;750
201500052230;15;9;21;1545;1;2;1;1;3;110;25, RUE DE LA GRANGE AUX;;;;750
201500052231;15;9;24;140;5;2;5;1;3;110;31, BOULEVARD DE MAGENTA;;;;750
201500052232;15;9;24;2230;5;2;2;2;6;110;94, BOULEVARD DE MAGENTA;;;;750
201500052233;15;9;25;2110;5;2;1;1;3;110;55, BOULEVARD DE STRASBO;;;;750
201500052234;15;9;26;2045;5;2;1;1;2;110;147, RUE DU FAUBOURG SAI;;;;750
201500052235;15;9;28;150;5;2;1;1;6;110;BOULEVARD DE MAGENTA;;;;750
201500052236;15;9;28;910;1;2;1;1;6;110;57, RUE DE LANCRY;;;;750
201500052237;15;9;29;1750;1;2;2;1;3;119;44, BOULEVARD DE LA VILL;M;4852257;222302;750
201500052238;15;9;29;2210;5;2;5;1;3;110;72, BOULEVARD DE STRASBO;;;;750
201500052239;15;10;3;545;5;2;4;1;6;110;96, BOULEVARD DE MAGENTA;;;;750
201500052240;15;10;3;1630;1;2;4;1;6;110;15, RUE EUGENE VARLIN;;;;750
201500052241;15;10;6;1120;1;2;1;2;2;110;85, BOULEVARD DE MAGENTA;;;;750
201500052242;15;10;6;1655;1;2;1;2;6;110;BOULEVARD DE MAGENTA;;;;750
201500052243;15;10;9;1530;1;2;7;1;3;110;19, BOULEVARD DE MAGENTA;;;;750
201500052244;15;10;9;1845;2;2;4;1;3;110;187, RUE DU FAUBOURG SAI;;;;750
201500052245;15;10;11;1920;1;2;2;1;3;110;2, RUE DES RECOLLETS;;;;750
201500052246;15;10;20;2130;5;2;5;1;3;110;02, BOULEVARD DE DENAIN;;;;750
201500052247;15;10;21;1545;1;2;1;1;6;110;48, RUE DU CHATEAU LANDO;;;;750
201500052248;15;10;21;1400;1;2;2;1;3;110;BOULEVARD SAINT DENIS;;;;750
201500052249;15;10;23;1830;2;2;1;1;6;110;75, BOULEVARD DE MAGENTA;;;;750
201500052250;15;10;25;1545;1;2;5;1;2;110;34, RUE PHILIPPE DE GIRA;;;;750
201500052251;15;10;27;2000;5;2;2;1;6;110;153, QUAI DE VALMY;;;;750
201500052252;15;10;28;220;5;2;1;3;6;110;78, BOULEVARD DE STRASBO;;;;750
201500052253;15;10;31;605;5;2;2;1;6;110;230 BIS, RUE DU FAUBOURG;;;;750
201500052254;15;10;31;1310;1;2;1;1;3;110;16, BOULEVARD DE MAGENTA;;;;750
201500052255;15;10;31;1900;5;2;1;1;6;110;7, RUE DES ECLUSES SAINT;;;;750
201500052256;15;11;2;1900;5;2;3;1;6;110;RUE DU TERRAGE;;;;750
201500052257;15;11;3;710;2;2;1;2;7;110;8, BOULEVARD DE MAGENTA;;;;750
201500052258;15;11;6;1100;1;2;1;1;3;110;175, RUE LA FAYETTE;;;;750
201500052259;15;11;7;1755;5;2;2;1;6;110;151, AVENUE PARMENTIER;;;;750
201500052260;15;11;12;140;5;2;1;1;6;110;173, QUAI DE VALMY;;;;750
201500052261;15;11;13;1515;1;2;2;1;7;110;49, BOULEVARD DE STRASBO;;;;750
201500052262;15;11;16;2200;5;2;1;2;6;110;29, RUE DES RECOLLETS;;;;750
201500052263;15;11;19;500;5;2;4;1;6;110;35, BOULEVARD DE MAGENTA;;;;750
201500052264;15;11;21;600;5;2;3;2;6;110;22, BOULEVARD DE BONNE N;;;;750
201500052265;15;11;23;730;1;2;1;1;6;110;158, RUE LA FAYETTE;;;;750
201500052266;15;11;24;1730;1;2;1;2;1;110;205, RUE LA FAYETTE;;;;750
201500052267;15;11;24;1800;2;2;1;1;2;110;QUAI DE VALMY;;;;750
201500052268;15;11;27;540;1;2;2;1;6;110;150, RUE LA FAYETTE;;;;750
201500052269;15;11;27;815;1;2;2;1;3;110;01, BOULEVARD DE STRASBO;;;;750
201500052270;15;11;27;2100;5;2;5;1;3;110;BOULEVARD DE MAGENTA;;;;750
201500052271;15;11;29;410;5;2;2;2;3;110;156, RUE LA FAYETTE;;;;750
201500052272;15;12;1;900;1;2;1;1;3;110;131, QUAI DE VALMY;;;;750
201500052273;15;12;1;2015;5;2;1;1;3;110;123, BOULEVARD DE MAGENT;;;;750
201500052274;15;12;3;1315;1;2;4;1;3;110;117, BOULEVARD DE LA VIL;;;;750
201500052275;15;12;4;218;5;2;2;2;6;110;94, BOULEVARD DE MAGENTA;;;;750
201500052276;15;12;4;1350;1;2;1;1;3;110;133, BOULEVARD DE MAGENT;;;;750
201500052277;15;12;10;209;5;2;2;1;3;110;193, RUE LA FAYETTE;;;;750
201500052278;15;12;12;830;1;2;1;8;6;110;85, RUE DE MAUBEUGE;;;;750
201500052279;15;12;12;1640;5;2;2;1;3;110;150, RUE LA FAYETTE;;;;750
201500052280;15;12;13;2030;5;2;1;1;2;110;147, RUE DU FAUBOURG SAI;;;;750
201500052281;15;12;16;1700;4;2;1;1;6;110;127, RUE DU FAUBOURG DU;;;;750
201500052282;15;12;17;1815;5;2;2;1;6;110;4, RUE LEON JOUHAUX;;;;750
201500052283;15;12;17;1800;5;2;2;1;3;110;154, RUE DU FAUBOURG SAI;;;;750
201500052284;15;12;18;2050;5;2;1;1;2;110;121, BOULEVARD DE LA VIL;;;;750
201500052285;15;12;19;1715;5;2;1;1;6;110;1, RUE DU FAUBOURG DU TE;;;;750
201500052286;15;12;21;1615;1;2;1;1;2;110;RUE DE L AQUEDUC;;;;750
201500052287;15;12;28;2045;5;2;5;1;1;110;24, AVENUE CLAUDE VELLEF;;;;750
201500052288;15;1;1;138;5;2;2;1;3;111;/, BOULEVARD DE BELLEVIL;;;;750
201500052289;15;1;3;1735;5;2;2;2;6;111;131, AVENUE LEDRU ROLLIN;;;;750
201500052290;15;1;5;1850;3;2;2;1;3;111;95, AVENUE PHILIPPE AUGU;;;;750
201500052291;15;1;5;530;5;2;2;1;6;111;17, AVENUE PARMENTIER;;;;750
201500052292;15;1;9;955;1;2;1;1;6;111;39, RUE JEAN PIERRE TIMB;;;;750
201500052293;15;1;14;830;1;2;2;1;7;111;95, AVENUE PHILIPPE AUGU;;;;750
201500052294;15;1;15;1125;1;2;3;2;3;111;29, RUE RICHARD LENOIR;;;;750
201500052295;15;1;15;1820;5;2;7;2;6;111;296, BOULEVARD VOLTAIRE;;;;750
201500052296;15;1;16;230;5;2;5;1;6;111;/, RUE DU FAUBOURG SAINT;;;;750
201500052297;15;1;20;1250;1;2;1;1;3;111;190, BOULEVARD VOLTAIRE;;;;750
201500052298;15;1;21;920;1;2;2;1;3;111;101, BOULEVARD RICHARD L;;;;750
201500052299;15;1;23;2320;5;2;3;1;3;111;80, BOULEVARD VOLTAIRE;;;;750
201500052300;15;1;26;450;5;2;1;2;6;111;BOULEVARD RICHARD LENOIR;;;;750
201500052301;15;1;31;210;5;2;2;3;6;111;113, AVENUE LEDRU ROLLIN;;;;750
201500052302;15;2;2;2100;5;2;7;1;6;111;130, BOULEVARD VOLTAIRE;;;;750
201500052303;15;2;4;2145;5;2;1;1;6;111;2, RUE DU COMMANDANT LAM;;;;750
201500052304;15;2;6;338;5;2;2;1;6;111;108, AVENUE LEDRU ROLLIN;;;;750
201500052305;15;2;6;2025;5;2;2;1;6;111;26, BOULEVARD VOLTAIRE;;;;750
201500052306;15;2;7;1125;1;2;2;1;6;111;170, BOULEVARD VOLTAIRE;;;;750
201500052307;15;2;9;1615;1;2;3;1;6;111;76, AVENUE PARMENTIER;;;;750
201500052308;15;2;10;2010;5;2;7;1;7;111;3, PLACE DE LA NATION;;;;750
201500052309;15;2;13;1930;5;2;2;2;3;111;23, BOULEVARD VOLTAIRE;;;;750
201500052310;15;2;15;1520;1;2;3;1;3;111;45, BOULEVARD DE MENILMO;;;;750
201500052311;15;2;15;2055;5;2;2;1;3;111;22, AVENUE DE LA REPUBLI;;;;750
201500052312;15;2;18;2315;5;2;2;1;6;111;36, RUE DE L ORILLON;;;;750
201500052313;15;2;19;930;1;2;2;1;3;111;0, RUE DE LA ROQUETTE;;;;750
201500052314;15;2;19;1645;1;2;2;1;3;111;28, BOULEVARD VOLTAIRE;;;;750
201500052315;15;2;20;700;1;2;7;2;2;111;4, AVENUE DE LA REPUBLIQ;;;;750
201500052316;15;2;20;1740;1;2;2;2;6;111;163, BOULEVARD VOLTAIRE;;;;750
201500052317;15;2;21;5;5;2;1;3;6;111;8, BOULEVARD DES FILLES;;;;750
201500052318;15;2;22;1840;5;2;3;1;6;111;16, BOULEVARD DES FILLES;;;;750
201500052319;15;2;23;1600;1;2;7;8;3;111;5, PLACE DE LA NATION;;;;750
201500052320;15;2;25;2220;5;2;5;2;7;111;49, BOULEVARD VOLTAIRE;;;;750
201500052321;15;2;26;1030;1;2;2;2;7;111;1, BOULEVARD DE BELLEVIL;;;;750
201500052322;15;2;27;107;5;2;1;2;6;111;2, BOULEVARD BEAUMARCHAI;;;;750
201500052323;15;2;27;2025;5;2;1;1;6;111;34, BOULEVARD VOLTAIRE;;;;750
201500052324;15;2;28;226;5;2;2;1;6;111;81, AVENUE PARMENTIER;;;;750
201500052325;15;2;28;305;5;2;2;1;3;111;/, BOULEVARD DE MENILMON;;;;750
201500052326;15;3;2;1615;1;2;3;1;3;111;60, AVENUE PARMENTIER;;;;750
201500052327;15;3;4;1300;1;2;2;8;6;111;14, RUE LOUIS BONNET;;;;750
201500052328;15;3;5;2045;5;2;1;1;3;111;4, BOULEVARD VOLTAIRE;;;;750
201500052329;15;3;11;820;1;2;1;1;6;111;41, RUE DE LA FONTAINE A;;;;750
201500052330;15;3;12;5;5;2;2;1;3;111;111, AVENUE PARMENTIER;;;;750
201500052331;15;3;12;1505;1;2;1;1;1;111;33, RUE DU FAUBOURG SAIN;;;;750
201500052332;15;3;13;755;1;2;3;1;6;111;95, RUE DU FAUBOURG SAIN;;;;750
201500052333;15;3;13;2230;5;2;5;1;3;111;/, BOULEVARD RICHARD LEN;;;;750
201500052334;15;3;17;1625;1;2;2;1;6;111;19, AVENUE PHILIPPE AUGU;;;;750
201500052335;15;3;28;330;5;2;1;2;6;111;56, AVENUE PARMENTIER;;;;750
201500052336;15;3;29;420;5;2;2;1;6;111;38, AVENUE DE LA REPUBLI;;;;750
201500052337;15;3;29;2230;5;2;2;2;2;111;154, BOULEVARD VOLTAIRE;;;;750
201500052338;15;3;30;1145;1;2;3;1;7;111;35, METRO CHEMIN VERT;;;;750
201500052339;15;4;1;830;1;2;3;1;7;111;134, AVENUE PARMENTIER;;;;750
201500052340;15;4;1;1215;1;2;1;1;2;112;11, AVENUE DU TREMBLAY;;;;750
201500052341;15;4;3;1940;2;2;1;2;3;111;25, AVENUE PHILIPPE AUGU;;;;750
201500052342;15;4;4;750;1;2;2;9;6;111;31, BOULEVARD RICHARD LE;;;;750
201500052343;15;4;6;1810;1;2;2;1;3;111;37, RUE OBERKAMPF;;;;750
201500052344;15;4;7;1845;1;2;2;1;6;111;60, BOULEVARD BEAUMARCHA;;;;750
201500052345;15;4;9;930;1;2;3;1;2;111;215, BOULEVARD VOLTAIRE;;;;750
201500052346;15;4;9;1830;1;2;1;1;3;111;27, AVENUE PHILIPPE AUGU;;;;750
201500052347;15;4;9;2015;2;2;1;1;3;111;88, RUE SAINT MAUR;;;;750
201500052348;15;4;10;1920;1;2;3;1;3;111;43, BOULEVARD DE MENILMO;;;;750
201500052349;15;4;11;722;1;2;3;2;6;111;103, RUE DE CHARONNE;;;;750
201500052350;15;4;11;1910;1;2;2;1;3;111;104, AVENUE PARMENTIER;;;;750
201500052351;15;4;13;1840;1;2;3;1;6;111;133, RUE DE LA ROQUETTE;;;;750
201500052352;15;4;14;1635;1;2;7;1;3;111;01, AVENUE DE LA REPUBLI;;;;750
201500052353;15;4;14;1730;1;2;7;1;3;111;152, RUE DU CHEMIN VERT;;;;750
201500052354;15;4;16;1655;1;2;1;1;6;111;79, BOULEVARD DE BELLEVI;;;;750
201500052355;15;4;17;1310;1;2;1;1;6;111;44, RUE DE MONTREUIL;;;;750
201500052356;15;4;18;415;5;2;3;1;3;111;45, AVENUE PARMENTIER;;;;750
201500052357;15;4;18;1340;1;2;2;1;3;111;101, BOULEVARD RICHARD L;;;;750
201500052358;15;4;20;920;1;2;2;1;6;111;135, BOULEVARD VOLTAIRE;;;;750
201500052359;15;4;21;915;1;2;2;1;1;111;31, RUE SAINT MAUR;;;;750
201500052360;15;4;21;1520;1;2;2;1;1;111;52, AVENUE DE LA REPUBLI;;;;750
201500052361;15;4;21;1525;1;2;1;1;7;111;19, BOULEVARD RICHARD LE;;;;750
201500052362;15;4;22;1555;1;2;2;1;3;111;40, RUE DE L ORILLON;;;;750
201500052363;15;4;23;1050;1;2;2;1;2;111;60, BOULEVARD BEAUMARCHA;;;;750
201500052364;15;4;23;2345;5;2;2;1;3;110;122, BOULEVARD DE MAGENT;;;;750
201500052365;15;4;24;1105;1;2;3;1;6;111;11, BOULEVARD VOLTAIRE;;;;750
201500052366;15;4;24;1840;1;2;1;2;6;111;200, BOULEVARD VOLTAIRE;;;;750
201500052367;15;4;24;2325;5;2;2;1;7;120;85, RUE DE MENILMONTANT;;;;750
201500052368;15;4;25;1300;1;2;2;1;2;111;85, AVENUE PARMENTIER;;;;750
201500052369;15;4;27;1834;1;2;1;1;3;111;138, BOULEVARD VOLTAIRE;;;;750
201500052370;15;4;30;1755;1;2;1;2;3;111;72, RUE SAINT MAUR;;;;750
201500052371;15;5;3;1550;1;2;7;8;3;111;2, BOULEVARD RICHARD LEN;;;;750
201500052372;15;5;7;1820;1;2;7;1;3;111;12, PLACE LEON BLUM;;;;750
201500052373;15;5;7;1850;1;2;1;1;6;111;100, AVENUE PHILIPPE AUG;;;;750
201500052374;15;5;8;2145;5;2;3;1;6;111;114, RUE OBERKAMPF;;;;750
201500052375;15;5;11;1300;1;2;2;1;6;111;58, RUE DU CHEMIN VERT;;;;750
201500052376;15;5;13;920;1;2;1;1;6;111;124, AVENUE PHILIPPE AUG;;;;750
201500052377;15;5;14;1810;1;2;7;1;3;111;12, PLACE DE LA BASTILLE;;;;750
201500052378;15;5;15;1850;1;2;1;1;6;111;135, RUE DU CHEMIN VERT;;;;750
201500052379;15;5;16;1105;1;2;7;1;3;111;12, PLACE LEON BLUM;;;;750
201500052380;15;5;17;1110;1;2;7;1;2;111;4, PLACE LEON BLUM;;;;750
201500052381;15;5;16;2045;2;2;3;1;2;111;87, RUE DE CHARONNE;;;;750
201500052382;15;5;18;1600;1;2;2;1;6;111;39, RUE LEON FROT;;;;750
201500052383;15;5;18;1745;1;2;1;1;6;111;131, BOULEVARD DE CHARON;;;;750
201500052384;15;5;20;1310;1;2;5;1;6;111;21, CITE BEAUHARNAIS;;;;750
201500052385;15;5;20;1335;1;2;2;1;6;111;111, AVENUE PARMENTIER;;;;750
201500052386;15;5;20;1940;1;2;7;1;3;111;03, PLACE DE LA NATION;;;;750
201500052387;15;5;21;1020;1;2;1;1;2;111;41, RUE DE CHARONNE;;;;750
201500052388;15;5;23;145;5;2;2;1;2;111;BOULEVARD RICHARD LENOIR;;;;750
201500052389;15;5;23;320;5;2;2;1;1;111;190, AVENUE PHILIPPE AUG;;;;750
201500052390;15;5;23;540;2;2;2;1;6;111;138, BOULEVARD RICHARD L;;;;750
201500052391;15;5;24;1400;1;2;7;1;2;111;PLACE DE LA NATION;;;;750
201500052392;15;5;25;1735;1;2;2;1;6;111;69, RUE DE CHARONNE;;;;750
201500052393;15;5;25;1945;1;2;1;1;2;111;32, RUE BASFROI;;;;750
201500052394;15;5;26;1545;1;2;7;1;3;111;12, PLACE DE LA BASTILLE;;;;750
201500052395;15;5;29;1445;1;2;4;1;6;111;AVENUE DE LA REPUBLIQUE;;;;750
201500052396;15;5;29;2010;2;2;2;1;3;111;13, RUE DU GRAND PRIEURE;;;;750
201500052397;15;5;31;35;5;2;3;1;7;111;119, AVENUE PARMENTIER;;;;750
201500052398;15;5;31;1620;1;2;2;1;1;111;38, BOULEVARD VOLTAIRE;;;;750
201500052399;15;6;2;825;1;2;1;1;6;111;138, BOULEVARD VOLTAIRE;;;;750
201500052400;15;6;3;915;1;2;5;1;7;111;154, RUE DU CHEMIN VERT;;;;750
201500052401;15;6;5;54;5;2;2;1;6;111;24, AVENUE DE LA REPUBLI;;;;750
201500052402;15;6;5;955;1;2;3;1;6;111;77, RUE DE CHARONNE;;;;750
201500052403;15;6;12;1120;1;2;2;1;3;111;16, RUE BREGUET;;;;750
201500052404;15;6;12;1740;1;2;3;1;6;111;73, BOULEVARD VOLTAIRE;;;;750
201500052405;15;6;13;125;5;2;2;1;6;111;BOULEVARD DES FILLES DU;;;;750
201500052406;15;6;13;1505;1;2;3;1;3;111;77, AVENUE DE LA REPUBLI;;;;750
201500052407;15;6;14;140;5;2;1;1;6;111;6, BOULEVARD BEAUMARCHAI;;;;750
201500052408;15;6;15;1720;1;2;2;1;1;111;131 bis, RUE DE LA ROQUE;;;;750
201500052409;15;6;19;1110;1;2;4;1;3;111;95 bis, BOULEVARD VOLTAI;;;;750
201500052410;15;6;20;20;5;2;3;1;6;111;24, RUE DE CHARONNE;;;;750
201500052411;15;6;20;140;5;2;2;1;3;111;RUE DE CHARONNE;;;;750
201500052412;15;6;21;120;5;2;3;1;2;111;150, BOULEVARD VOLTAIRE;;;;750
201500052413;15;6;24;1700;1;2;3;1;2;103;56, BOULEVARD BEAUMARCHA;;;;750
201500052414;15;6;24;2155;2;2;1;1;6;111;12, RUE OBERKAMPF;;;;750
201500052415;15;6;26;1620;1;2;1;1;6;111;64, RUE JEAN PIERRE TIMB;;;;750
201500052416;15;6;27;235;5;2;2;1;2;111;24, AVENUE DE LA REPUBLI;;;;750
201500052417;15;7;2;2300;5;2;2;1;4;111;28, BOULEVARD JULES FERR;;;;750
201500052418;15;7;6;1925;1;2;2;1;3;111;31, AVENUE PARMENTIER;;;;750
201500052419;15;7;7;1610;1;2;7;1;3;111;10, AVENUE DE LA REPUBLI;;;;750
201500052420;15;7;7;1850;1;2;5;1;6;111;35, BOULEVARD DE CHARONN;;;;750
201500052421;15;7;14;1300;1;2;5;1;3;111;113, RUE DU FAUBOURG SAI;;;;750
201500052422;15;7;24;1330;1;2;1;8;6;111;14, RUE PAUL BERT;;;;750
201500052423;15;7;31;1446;1;2;2;1;6;111;5, RUE DURANTI;;;;750
201500052424;15;6;3;1540;1;2;1;1;3;111;60, BOULEVARD BEAUMARCHA;;;;750
201500052425;15;6;8;1625;1;2;2;7;6;111;99, AVENUE PARMENTIER;;;;750
201500052426;15;6;8;2025;2;2;1;7;7;119;BOULEVARD PERIPHERIQUE;;;;750
201500052427;15;6;9;915;1;2;3;1;3;111;167, RUE DU FAUBOURG SAI;;;;750
201500052428;15;6;9;2025;2;2;2;1;3;111;7, RUE GERBIER;;;;750
201500052429;15;6;12;1055;1;2;1;1;6;111;116, BOULEVARD RICHARD L;;;;750
201500052430;15;6;14;700;2;2;1;1;6;111;88 bis, AVENUE PARMENTIE;;;;750
201500052431;15;6;18;2040;1;2;1;1;6;111;18, AVENUE JEAN AICARD;;;;750
201500052432;15;6;19;1740;1;2;1;1;4;111;96, BOULEVARD VOLTAIRE;;;;750
201500052433;15;6;29;40;5;2;2;1;3;111;33, BOULEVARD DE CHARONN;;;;750
201500052434;15;7;1;45;5;2;2;1;6;111;94, RUE DU CHEMIN VERT;;;;750
201500052435;15;7;2;1940;1;2;5;1;3;111;26, AVENUE DE LA REPUBLI;;;;750
201500052436;15;7;3;900;1;2;3;1;3;111;4, BOULEVARD DU TEMPLE;;;;750
201500052437;15;7;3;2050;1;2;1;1;3;111;71, BOULEVARD VOLTAIRE;;;;750
201500052438;15;7;7;935;1;2;1;1;4;111;97, BOULEVARD VOLTAIRE;;;;750
201500052439;15;7;7;2325;5;2;2;1;3;111;48, AVENUE PARMENTIER;;;;750
201500052440;15;7;9;1525;1;2;1;1;3;111;119, BOULEVARD VOLTAIRE;;;;750
201500052441;15;7;9;1900;1;2;3;1;7;111;89, RUE DU FAUBOURG SAIN;;;;750
201500052442;15;7;11;1140;1;2;2;1;6;111;71, RUE DE CHARONNE;;;;750
201500052443;15;7;12;550;2;2;2;1;3;111;33, RUE SAINT MAUR;;;;750
201500052444;15;7;13;100;5;2;2;1;6;111;1, RUE OBERKAMPF;;;;750
201500052445;15;7;13;1635;1;2;1;8;3;111;21, RUE SEDAINE;;;;750
201500052446;15;7;13;1835;1;2;7;1;2;111;12, PLACE DE LA BASTILLE;;;;750
201500052447;15;7;14;355;5;2;2;1;3;111;115, AVENUE LEDRU ROLLIN;;;;750
201500052448;15;7;15;1715;1;2;4;1;6;111;79, BOULEVARD DE BELLEVI;;;;750
201500052449;15;7;17;1225;1;2;1;1;2;111;1, AVENUE PHILIPPE AUGUS;;;;750
201500052450;15;7;20;145;5;2;2;9;3;111;126, AVENUE PARMENTIER;;;;750
201500052451;15;7;20;1115;1;2;1;1;2;111;107, BOULEVARD VOLTAIRE;;;;750
201500052452;15;7;22;1629;1;2;7;1;3;111;4, BOULEVARD RICHARD LEN;;;;750
201500052453;15;7;24;1525;1;2;3;1;3;111;RUE DE MONTREUIL;;;;750
201500052454;15;7;27;1000;1;2;2;1;2;111;9, BOULEVARD DE MENILMON;;;;750
201500052455;15;7;29;1645;1;2;7;1;6;110;1, AVENUE PARMENTIER;;;;750
201500052456;15;7;30;835;1;2;1;1;3;111;52, AVENUE DE LA REPUBLI;;;;750
201500052457;15;8;4;750;1;2;2;1;3;111;22, RUE LACHARRIERE;;;;750
201500052458;15;8;9;1010;1;2;2;2;3;112;40, BOULEVARD DIDEROT;;;;750
201500052459;15;8;10;1320;1;2;2;1;7;111;24, BOULEVARD BEAUMARCHA;;;;750
201500052460;15;8;12;1045;1;2;1;1;3;111;187, RUE DU FAUBOURG SAI;;;;750
201500052461;15;8;13;1510;1;2;3;1;3;111;128, AVENUE PARMENTIER;;;;750
201500052462;15;8;13;1625;1;2;7;1;3;111;15, PLACE DE LA NATION;;;;750
201500052463;15;8;13;1845;1;2;2;7;7;111;31, RUE DU FAUBOURG SAI;;;;750
201500052464;15;8;16;450;5;2;3;1;6;110;RUE DU FAUBOURG DU TEMPL;;;;750
201500052465;15;8;19;820;1;2;1;1;3;111;84, AVENUE PHILIPPE AUGU;;;;750
201500052466;15;8;21;1440;1;2;5;1;6;111;24, BOULEVARD RICHARD LE;;;;750
201500052467;15;8;24;1135;1;2;7;2;6;111;3, PLACE LEON BLUM;;;;750
201500052468;15;8;24;1935;2;2;3;2;3;111;93, AVENUE DE LA REPUBLI;;;;750
201500052469;15;8;25;1050;1;2;3;1;3;111;70, AVENUE PARMENTIER;;;;750
201500052470;15;8;25;2155;5;2;1;9;3;111;70, BOULEVARD RICHARD LE;;;;750
201500052471;15;8;26;1040;1;2;2;1;6;111;122, BOULEVARD VOLTAIRE;;;;750
201500052472;15;8;26;1835;1;2;1;1;3;111;62, RUE DU CHEMIN VERT;;;;750
201500052473;15;8;27;503;5;2;1;2;6;111;117, BOULEVARD VOLTAIRE;;;;750
201500052474;15;8;28;1633;1;2;3;1;3;111;01, RUE SAINT AMBROISE;;;;750
201500052475;15;8;28;1826;1;2;7;1;6;111;6, PLACE LEON BLUM;;;;750
201500052476;15;9;1;940;1;2;7;1;3;111;166, AVENUE LEDRU ROLLIN;;;;750
201500052477;15;9;3;127;5;2;2;1;6;111;207, BOULEVARD VOLTAIRE;;;;750
201500052478;15;9;3;1915;1;2;3;1;3;111;159, RUE DE CHARONNE;;;;750
201500052479;15;9;4;1130;1;2;7;1;2;111;6-8, PLACE LEON BLUM;;;;750
201500052480;15;9;5;630;2;2;2;1;6;111;20, BOULEVARD RICHARD LE;;;;750
201500052481;15;9;5;1940;2;2;3;2;3;111;76, AVENUE PARMENTIER;;;;750
201500052482;15;9;5;1945;5;2;5;2;2;111;24, BOULEVARD RICHARD LE;;;;750
201500052483;15;9;6;2115;5;2;2;1;6;111;69, RUE LEON FROT;;;;750
201500052484;15;9;8;230;5;2;7;1;3;111;4, AVENUE PHILIPPE AUGUS;;;;750
201500052485;15;9;9;920;1;2;1;1;6;111;132, RUE SAINT MAUR;;;;750
201500052486;15;9;9;1700;1;2;2;1;3;111;AVENUE DE LA REPUBLIQUE;;;;750
201500052487;15;9;10;1050;1;2;2;1;6;111;47, RUE DE LA ROQUETTE;;;;750
201500052488;15;9;11;1712;1;2;3;1;3;111;82, BOULEVARD VOLTAIRE;;;;750
201500052489;15;9;11;1820;1;2;3;1;6;120;21, BOULEVARD DE MENILMO;;;;750
201500052490;15;9;12;1845;1;2;1;8;3;111;116, BOULEVARD RICHARD L;;;;750
201500052491;15;9;15;1810;1;2;7;1;3;111;113, RUE DE LA ROQUETTE;;;;750
201500052492;15;9;17;1550;1;2;1;8;3;111;63, BOULEVARD VOLTAIRE;;;;750
201500052493;15;9;18;1220;1;2;5;1;6;111;19, RUE DU CHEMIN VERT;;;;750
201500052494;15;9;18;1545;1;2;3;3;2;111;160, BOULEVARD VOLTAIRE;;;;750
201500052495;15;9;19;1250;1;2;7;1;3;111;8, PLACE DE LA REPUBLIQU;;;;750
201500052496;15;9;19;1740;1;2;1;1;3;111;95, AVENUE LEDRU ROLLIN;;;;750
201500052497;15;9;19;1545;1;2;3;1;7;111;57, RUE SAINT MAUR;;;;750
201500052498;15;9;20;1545;1;2;2;1;6;111;64-66-68, RUE LEON FROT;;;;750
201500052499;15;9;19;445;5;2;7;1;6;111;PLACE DE LA NATION;;;;750
201500052500;15;9;21;940;1;2;3;1;6;111;103, AVENUE DE LA REPUBL;;;;750
201500052501;15;9;22;20;5;2;1;2;2;111;56, AVENUE DE LA REPUBLI;;;;750
201500052502;15;9;23;1920;5;2;1;1;3;111;154, AVENUE LEDRU ROLLIN;;;;750
201500052503;15;9;23;2240;5;2;2;1;3;111;55, AVENUE PARMENTIER;;;;750
201500052504;15;9;25;1540;1;2;2;1;6;111;10, PLACE LEON BLUM;;;;750
201500052505;15;9;25;2225;5;2;2;1;3;111;26, BOULEVARD DES FILLES;;;;750