num_acc;an;mois;jour;hrmn;lum;agg;int;atm;col;com;adr;gps;lat;long;dep
201500053437;15;4;16;1250;1;2;2;1;3;114;194, RUE D ALESIA;;;;750
201500053438;15;4;16;1915;1;2;3;1;7;114;v-a-v N2, BOULEVARD EDGA;;;;750
201500053439;15;4;19;1705;1;2;1;1;6;114;4, AVENUE JEAN MOULIN;;;;750
201500053440;15;4;23;2357;5;2;2;1;3;113;QUAI FRANCOIS MAURIAC;;;;750
201500053441;15;4;24;950;1;2;5;1;6;114;169, RUE D ALESIA;;;;750
201500053442;15;4;24;1425;1;2;3;1;6;114;10, BOULEVARD JOURDAN;;;;750
201500053443;15;4;27;755;1;2;3;1;2;114;53, AVENUE DU GENERAL LE;;;;750
201500053444;15;4;28;2120;3;2;2;1;1;114;2, PLACE DE LA PORTE DE;;;;750
201500053445;15;4;30;1348;1;2;1;3;6;114;185, AVENUE DU MAINE;;;;750
201500053446;15;4;30;1650;1;2;3;2;3;114;164, RUE D ALESIA;;;;750
201500053447;15;4;30;2000;1;2;1;3;7;114;7, AVENUE DU GENERAL LEC;;;;750
201500053448;15;5;2;2350;5;2;1;3;6;114;PORTE DE CHATILLON;;;;750
201500053449;15;5;4;1920;1;2;1;2;3;114;BOULEVARD PERIPHERIQUE;;;;750
201500053450;15;5;6;1200;1;2;1;1;2;114;BOULEVARD PERIPHERIQUE;;;;750
201500053451;15;5;6;2235;5;2;2;1;6;114;4, RUE HENRY DE BOURNAZE;;;;750
201500053452;15;5;9;1045;1;2;5;1;4;114;175, RUE D ALESIA;;;;750
201500053453;15;5;9;1725;1;2;2;1;6;114;157, RUE RAYMOND LOSSERA;;;;750
201500053454;15;5;11;810;1;2;4;1;3;114;AVENUE RENE COTY;;;;750
201500053455;15;5;11;1900;1;2;3;1;2;114;1, RUE DE LA LEGION ETRA;;;;750
201500053456;15;5;16;1850;1;2;3;1;7;114;136, AVENUE DU MAINE;;;;750
201500053457;15;5;17;1925;1;2;2;1;3;114;108, RUE D ALESIA;;;;750
201500053458;15;5;17;2355;5;2;5;1;3;114;142, AVENUE DU GENERAL L;;;;750
201500053459;15;5;19;2025;1;2;3;2;4;114;89, AVENUE DU GENERAL LE;;;;750
201500053460;15;5;20;1045;1;2;3;1;2;114;AVENUE DAVID WEILL;;;;750
201500053461;15;5;20;1640;1;2;1;3;3;114;47, BOULEVARD ROMAIN ROL;;;;750
201500053462;15;5;21;1740;1;2;7;1;7;114;PLACE DENFERT ROCHEREAU;;;;750
201500053463;15;5;22;140;5;2;7;1;6;114;71, AVENUE DU GENERAL LE;;;;750
201500053464;15;5;22;40;5;2;1;1;6;114;194, AVENUE DU MAINE;;;;750
201500053465;15;5;23;150;5;2;7;1;7;114;1, RUE DE LA LEGION ETRA;;;;750
201500053466;15;5;27;1025;1;2;2;1;3;114;RUE D ALESIA;;;;750
201500053467;15;5;29;1700;1;2;5;1;6;114;233, RUE D ALESIA;;;;750
201500053468;15;5;29;1900;1;2;2;1;7;114;72, BOULEVARD DU MONTPAR;;;;750
201500053469;15;5;30;340;5;2;1;2;4;114;87, AVENUE DU MAINE;;;;750
201500053470;15;6;1;955;1;2;3;1;6;114;RUE WILFRID LAURIER;;;;750
201500053471;15;6;1;1640;1;2;7;1;3;114;1, PLACE VICTOR ET HELEN;;;;750
201500053472;15;6;2;1939;1;2;3;1;7;114;5, AVENUE DU GENERAL LEC;;;;750
201500053473;15;6;3;2030;1;2;2;1;3;114;RUE D ALESIA;;;;750
201500053474;15;6;5;830;1;2;7;1;3;114;1, PLACE DENFERT ROCHERE;;;;750
201500053475;15;6;5;1320;1;2;5;1;6;114;32, RUE D ALESIA;;;;750
201500053476;15;6;6;1810;1;2;3;1;3;114;110, BOULEVARD JOURDAN;;;;750
201500053477;15;6;6;1810;1;2;5;1;1;114;143, BOULEVARD ROMAIN RO;;;;750
201500053478;15;6;7;2358;3;2;1;1;6;114;154, RUE D ALESIA;;;;750
201500053479;15;6;8;2335;5;2;3;1;6;114;51, RUE FROIDEVAUX;;;;750
201500053480;15;6;11;950;1;2;1;1;3;114;226, BOULEVARD RASPAIL;;;;750
201500053481;15;6;11;1415;1;2;1;1;2;114;52, AVENUE DU GENERAL LE;;;;750
201500053482;15;6;11;1900;1;2;2;1;6;114;79, RUE DU FAUBOURG SAIN;;;;750
201500053483;15;6;13;1010;1;2;5;1;6;114;72, RUE DE L AMIRAL MOUC;;;;750
201500053484;15;6;13;1135;1;2;1;1;6;114;3, RUE WILFRID LAURIER;;;;750
201500053485;15;6;15;2230;5;2;2;1;3;114;74, RUE DIDOT;;;;750
201500053486;15;6;20;428;2;2;1;1;6;105;28, BOULEVARD DE L HOPIT;;;;750
201500053487;15;8;28;1342;1;2;2;1;3;106;BOULEVARD DU MONTPARNASS;;;;750
201500053488;15;9;2;1255;1;2;3;1;6;114;13, RUE DES PLANTES;;;;750
201500053489;15;12;3;30;5;2;3;1;4;114;129, AVENUE PAUL VAILLAN;;;;750
201500053490;15;6;7;710;1;2;2;1;7;114;24, RUE VERCINGETORIX;;;;750
201500053491;15;6;16;820;1;2;7;1;6;114;134, BOULEVARD BRUNE;;;;750
201500053492;15;6;16;1010;1;2;3;1;4;114;147, AVENUE DU MAINE;;;;750
201500053493;15;6;17;1010;1;2;1;1;6;114;57, RUE RAYMOND LOSSERAN;;;;750
201500053494;15;6;17;2020;1;2;3;1;1;114;151, RUE D ALESIA;;;;750
201500053495;15;6;17;1955;1;2;2;1;6;105;3, QUAI SAINT MICHEL;;;;750
201500053496;15;6;18;1345;1;2;2;2;6;113;64, RUE DU MOULIN DES PR;;;;750
201500053497;15;6;18;1645;1;2;2;1;6;114;128, AVENUE DU GENERAL L;;;;750
201500053498;15;6;19;1600;1;2;1;1;4;114;BOULEVARD PERIPHERIQUE I;;;;750
201500053499;15;6;19;1950;1;2;3;1;2;114;164, RUE D ALESIA;;;;750
201500053500;15;6;20;1534;1;2;1;1;7;114;7, BOULEVARD JOURDAN;;;;750
201500053501;15;6;21;2050;2;2;1;1;6;114;12, RUE DELAMBRE;;;;750
201500053502;15;6;24;1450;1;2;1;1;3;114;185, AVENUE DU MAINE;;;;750
201500053503;15;6;25;1450;1;2;1;1;3;114;24, BOULEVARD JOURDAN;;;;750
201500053504;15;6;26;1600;1;2;7;1;6;114;20, PLACE DENFERT ROCHER;;;;750
201500053505;15;6;27;1815;1;2;1;1;1;114;90, BOULEVARD ARAGO;;;;750
201500053506;15;6;27;2010;1;2;2;1;6;114;40, AVENUE RENE COTY;;;;750
201500053507;15;7;1;1030;1;2;2;1;6;114;108, RUE D ALESIA;;;;750
201500053508;15;7;1;1755;1;2;5;1;3;114;108, BOULEVARD DU MONTPA;;;;750
201500053509;15;7;2;1100;1;2;5;1;2;114;RUE DE LA LEGION ETRANGE;;;;750
201500053510;15;7;3;1640;1;2;1;1;6;114;26, AVENUE DE L OBSERVAT;;;;750
201500053511;15;7;4;1050;1;2;5;1;3;114;44, RUE D ALESIA;;;;750
201500053512;15;7;4;1950;2;2;3;1;3;107;196, RUE DE GRENELLE;;;;750
201500053513;15;7;7;830;1;2;4;1;6;114;261, BOULEVARD RASPAIL;;;;750
201500053514;15;7;9;920;1;2;2;1;1;107;PONT ALEXANDRE III;;;;750
201500053515;15;7;9;850;1;2;2;1;6;107;113, RUE DE GRENELLE;;;;750
201500053516;15;7;9;1915;1;2;4;1;3;114;261, BOULEVARD RASPAIL;;;;750
201500053517;15;7;9;1925;1;2;5;1;3;114;1, RUE DELAMBRE;;;;750
201500053518;15;7;13;330;5;2;3;1;2;114;18, AVENUE DU GENERAL LE;;;;750
201500053519;15;7;14;1835;1;2;1;1;6;114;2, RUE EMILE FAGUET;;;;750
201500053520;15;7;16;1100;1;2;1;1;2;114;BOULEVARD PERIPHERIQUE I;;;;750
201500053521;15;7;16;1740;1;2;3;1;6;114;AVENUE JEAN MOULIN;;;;750
201500053522;15;7;27;2305;5;2;3;1;6;114;13, RUE ALAIN;;;;750
201500053523;15;7;28;1210;1;2;7;1;3;114;AVENUE DU MAINE;;;;750
201500053524;15;7;28;1650;1;2;7;2;3;114;IGNORE, PLACE VICTOR ET;;;;750
201500053525;15;7;28;1520;1;2;1;1;7;114;59, AVENUE DU MAINE;;;;750
201500053526;15;7;31;1815;1;2;2;1;2;114;07, RUE PAUL FORT;;;;750
201500053527;15;8;3;1830;1;2;7;1;3;114;6, PLACE DENFERT ROCHERE;;;;750
201500053528;15;8;7;600;1;2;2;1;6;114;17, RUE GASSENDI;;;;750
201500053529;15;8;10;1425;1;2;2;1;3;114;180, AVENUE DU MAINE;;;;750
201500053530;15;8;13;1555;1;2;2;1;7;114;2, RUE RAYMOND LOSSERAND;;;;750
201500053531;15;8;13;1950;1;2;7;8;3;114;2, AVENUE DU COLONEL HEN;;;;750
201500053532;15;8;14;1730;1;2;5;3;3;114;AVENUE DE LA PORTE D ORL;;;;750
201500053533;15;8;15;350;5;2;2;3;6;114;108, AVENUE DU MAINE;;;;750
201500053534;15;8;21;700;1;2;7;1;6;114;75, AVENUE DU GENERAL LE;;;;750
201500053535;15;8;23;645;1;2;5;1;3;114;BOULEVARD BRUNE;;;;750
201500053536;15;8;23;1345;1;2;5;1;3;114;AVENUE DE LA PORTE D ORL;;;;750
201500053537;15;8;23;1710;1;2;1;1;3;114;68, AVENUE DENFERT ROCHE;;;;750
201500053538;15;8;24;2130;5;2;2;2;6;114;AVENUE DE LA PORTE DE MO;;;;750
201500053539;15;8;25;645;2;2;2;1;3;114;84, BOULEVARD ARAGO;;;;750
201500053540;15;8;27;1810;1;2;4;2;7;114;149, AVENUE DU MAINE;;;;750
201500053541;15;8;29;1955;1;2;7;1;3;114;6, BOULEVARD BRUNE;;;;750
201500053542;15;9;1;1255;1;2;3;1;7;114;44, AVENUE DU GENERAL LE;;;;750
201500053543;15;9;2;1440;1;2;7;1;3;114;03, AVENUE DU COLONEL HE;;;;750
201500053544;15;9;3;1640;1;2;4;1;3;114;130, AVENUE DU MAINE;;;;750
201500053545;15;9;5;1445;1;2;1;1;6;114;24, BOULEVARD JOURDAN;;;;750
201500053546;15;9;5;1725;1;2;1;1;6;114;44, RUE D ALESIA;;;;750
201500053547;15;9;7;820;1;2;1;1;6;114;2, VILLA MODERNE;;;;750
201500053548;15;9;7;1745;1;2;4;1;3;114;206, BOULEVARD RASPAIL;;;;750
201500053549;15;9;7;1835;2;2;1;1;4;114;BOULEVARD PERIPHERIQUE E;;;;750
201500053550;15;9;8;1400;1;2;2;1;3;114;168, RUE D ALESIA;;;;750
201500053551;15;9;9;745;1;2;4;1;2;114;132, AVENUE DU MAINE;;;;750
201500053552;15;9;9;1245;1;2;5;1;6;114;79, RUE DU FAUBOURG SAIN;;;;750
201500053553;15;9;9;1915;1;2;1;1;3;114;10, VILLA D ALESIA;;;;750
201500053554;15;9;12;550;5;2;2;1;3;114;99, AVENUE DU MAINE;;;;750
201500053555;15;9;13;1200;1;2;2;3;2;114;132, AVENUE DU GENERAL L;;;;750
201500053556;15;9;16;900;1;2;3;2;6;114;141, RUE D ALESIA;;;;750
201500053557;15;9;16;1805;1;2;1;2;3;114;23, AVENUE DU DOCTEUR LA;;;;750
201500053558;15;9;18;514;5;2;7;1;6;114;135, BOULEVARD BRUNE;;;;750
201500053559;15;9;19;214;5;2;2;1;3;114;43, RUE RAYMOND LOSSERAN;;;;750
201500053560;15;9;21;2255;5;2;1;1;2;115;104, RUE DE LA CONVENTIO;;;;750
201500053561;15;9;22;1610;1;2;1;1;3;114;92, BOULEVARD BRUNE;;;;750
201500053562;15;9;23;840;1;2;1;1;3;114;138, AVENUE DU GENERAL L;;;;750
201500053563;15;9;24;1445;1;2;2;1;3;114;11 BIS, RUE D ALESIA;;;;750
201500053564;15;9;26;2219;5;2;1;1;2;114;BOULEVARD ROMAIN ROLLAND;;;;750
201500053565;15;9;27;1025;1;2;7;1;3;114;PLACE DENFERT ROCHEREAU;;;;750
201500053566;15;9;28;1200;1;2;2;1;6;114;AVENUE DE LA PORTE DE CH;;;;750
201500053567;15;9;28;1520;1;2;2;1;3;114;BOULEVARD ROMAIN ROLLAND;;;;750
201500053568;15;9;28;1600;1;2;1;1;7;114;42, AVENUE REILLE;;;;750
201500053569;15;10;1;1840;1;2;2;2;3;114;310, RUE DIDOT;;;;750
201500053570;15;10;5;1725;1;2;4;2;6;114;254, BOULEVARD RASPAIL;;;;750
201500053571;15;10;6;910;1;2;1;2;6;114;05, RUE MAURICE BOUCHOR;;;;750
201500053572;15;10;5;1845;5;2;1;2;6;114;35, RUE DU FAUBOURG SAIN;;;;750
201500053573;15;10;6;1430;1;2;2;1;6;114;35, BOULEVARD ROMAIN ROL;;;;750
201500053574;15;10;5;2015;5;2;2;2;6;114;AVENUE DE LA PORTE DE MO;;;;750
201500053575;15;10;6;1500;1;2;2;2;6;106;71, BOULEVARD DU MONTPAR;;;;750
201500053576;15;10;7;1345;1;2;1;1;3;114;21, AVENUE DU GENERAL LE;;;;750
201500053577;15;10;8;1005;1;2;4;1;7;114;73, AVENUE DU MAINE;;;;750
201500053578;15;10;8;1515;1;2;1;1;6;114;62, RUE D ALESIA;;;;750
201500053579;15;10;11;1300;1;2;2;1;3;114;59, BOULEVARD SAINT JACQ;;;;750
201500053580;15;10;11;1320;1;2;2;1;2;114;10, RUE JULIA BARTET;;;;750
201500053581;15;10;12;1120;1;2;3;1;6;107;57, BOULEVARD DES INVALI;;;;750
201500053582;15;10;15;820;1;2;7;1;6;114;97, AVENUE DENFERT ROCHE;;;;750
201500053583;15;10;16;1320;1;2;1;2;6;115;175, RUE DE LA CONVENTIO;;;;750
201500053584;15;10;16;1200;1;2;2;2;6;114;128, BOULEVARD BRUNE;;;;750
201500053585;15;10;16;1650;1;2;3;8;6;114;01, RUE CABANIS;;;;750
201500053586;15;10;19;1805;1;2;7;1;2;114;01, RUE FROIDEVAUX;;;;750
201500053587;15;10;20;1227;1;2;2;1;6;114;117, BOULEVARD JOURDAN;;;;750
201500053588;15;10;21;850;1;2;2;1;6;114;207, RUE D ALESIA;;;;750
201500053589;15;10;22;100;5;2;1;2;6;114;235, RUE VERCINGETORIX;;;;750
201500053590;15;10;28;1315;1;2;1;1;6;114;100, BOULEVARD DU MONTPA;;;;750
201500053591;15;11;3;1520;1;2;4;8;6;114;136, AVENUE DU MAINE;;;;750
201500053592;15;11;3;1830;5;2;4;1;3;114;147, AVENUE DU MAINE;;;;750
201500053593;15;11;4;1055;1;2;5;2;7;114;2, RUE NANSOUTY;;;;750
201500053594;15;11;5;1900;5;2;3;2;3;114;40, AVENUE REILLE;;;;750
201500053595;15;11;5;1950;5;2;1;2;6;114;57, RUE RAYMOND LOSSERAN;;;;750
201500053596;15;11;6;900;1;2;2;1;3;114;117, BOULEVARD DE PORT R;;;;750
201500053597;15;11;10;1115;1;2;3;1;6;114;56, RUE DES PLANTES;;;;750
201500053598;15;11;10;1207;1;2;2;1;3;114;23, AVENUE DU GENERAL LE;;;;750
201500053599;15;11;14;1045;1;2;2;1;7;114;1, AVENUE PIERRE MASSE;;;;750
201500053600;15;11;15;930;1;2;1;1;6;114;95, BOULEVARD ARAGO;;;;750
201500053601;15;11;16;1850;5;2;4;1;3;114;172, AVENUE DU MAINE;;;;750
201500053602;15;11;17;1840;2;2;1;2;2;114;141, RUE RAYMOND LOSSERA;;;;750
201500053603;15;11;18;1930;5;2;3;1;2;114;71TER, RUE FROIDEVAUX;;;;750
201500053604;15;11;20;1635;2;2;7;3;7;114;116, PLACE DENFERT ROCHE;;;;750
201500053605;15;11;20;1910;5;2;2;8;3;114;BOULEVARD BRUNE;;;;750
201500053606;15;11;21;1300;1;2;3;2;3;114;153, RUE D ALESIA;;;;750
201500053607;15;11;22;1315;1;2;6;7;3;114;PLACE DE CATALOGNE;;;;750
201500053608;15;11;23;1745;5;2;1;1;6;114;47, AVENUE RENE COTY;;;;750
201500053609;15;11;25;1823;5;2;7;2;7;114;PLACE DENFERT ROCHEREAU;;;;750
201500053610;15;11;26;800;1;2;1;1;6;114;BOULEVARD ADOLPHE PINARD;;;;750
201500053611;15;11;26;1555;1;2;2;1;3;114;BOULEVARD BRUNE;;;;750
201500053612;15;11;26;1836;5;2;2;1;2;114;44, AVENUE RENE COTY;;;;750
201500053613;15;11;29;1830;5;2;2;1;6;114;64, BOULEVARD BRUNE;;;;750
201500053614;15;12;1;1915;5;2;2;1;6;114;RUE HIPPOLYTE MAINDRON;;;;750
201500053615;15;12;2;1440;1;2;7;1;7;114;01, PLACE DU VINGT CINQ;;;;750
201500053616;15;12;2;1700;5;2;1;1;2;114;BOULEVARD PERIPHERIQUE;;;;750
201500053617;15;12;4;800;1;2;2;8;3;114;1, AVENUE DE LA PORTE DE;;;;750
201500053618;15;12;6;605;5;2;2;1;6;114;AVENUE DU GENERAL LECLER;;;;750
201500053619;15;12;8;655;5;2;1;1;6;114;71, RUE DES PLANTES;;;;750
201500053620;15;12;8;1730;5;2;3;6;6;114;20, RUE DE LA TOMBE ISSO;;;;750
201500053621;15;12;8;1800;2;2;1;2;2;114;33, RUE DE LA TOMBE ISSO;;;;750
201500053622;15;12;8;1930;5;2;7;2;3;114;1, AVENUE DU GENERAL LEC;;;;750
201500053623;15;12;8;1250;1;2;2;1;3;114;RUE D ALESIA;;;;750
201500053624;15;12;9;2040;5;2;1;1;7;114;30, AVENUE DU GENERAL LE;;;;750
201500053625;15;12;10;1955;2;2;4;1;3;114;21, BOULEVARD ROMAIN ROL;;;;750
201500053626;15;12;11;1330;1;2;2;1;6;114;93, RUE RAYMOND LOSSERAN;;;;750
201500053627;15;12;11;1625;1;2;4;1;6;114;6, RUE MONTICELLI;;;;750
201500053628;15;12;15;1145;1;2;1;1;7;114;1, AVENUE DU DOCTEUR LAN;;;;750
201500053629;15;12;16;1700;5;2;5;1;3;115;, RUE DE LA CONVENTION;;;;750
201500053630;15;12;16;2100;5;2;2;1;6;114;PASSAGE TENAILLE;;;;750
201500053631;15;12;17;1830;5;2;7;1;3;114;PLACE DE CATALOGNE;;;;750
201500053632;15;12;18;1500;1;2;3;1;3;115;32, RUE CHAUVELOT;;;;750
201500053633;15;12;20;1230;1;2;4;1;6;114;36, BOULEVARD BRUNE;;;;750
201500053634;15;12;21;1830;5;2;7;2;7;114;AVENUE DE LA PORTE D ORL;;;;750
201500053635;15;12;22;740;2;2;2;1;6;114;AVENUE DENFERT ROCHEREAU;;;;750
201500053636;15;12;31;2357;5;2;5;1;6;107;, QUAI D ORSAY;;;;750
201500053637;15;1;8;730;2;2;7;1;7;115;2, PLACE CAMBRONNE;;;;750
201500053638;15;1;8;1200;1;2;3;2;6;115;52, AVENUE FELIX FAURE;;;;750
201500053639;15;1;9;815;5;2;3;2;7;107;3, AVENUE DE SUFFREN;;;;750
201500053640;15;1;9;1235;1;2;3;2;7;115;RUE DE L ARRIVEE;;;;750
201500053641;15;1;10;1845;5;2;3;2;6;115;66, RUE LECOURBE;;;;750
201500053642;15;1;14;1530;1;2;1;1;6;115;RUE AUGUSTE BARTHOLDI;;;;750
201500053643;15;1;16;1850;5;2;1;2;6;115;47, RUE DE DANTZIG;;;;750
201500053644;15;1;16;1940;5;2;4;3;6;115;46 bis, BOULEVARD DU MON;;;;750
201500053645;15;1;17;1130;1;2;1;1;6;115;86, RUE LECOURBE;;;;750
201500053646;15;1;17;1230;1;2;1;1;3;115;43, RUE DU COLONEL PIERR;;;;750
201500053647;15;1;20;1020;1;2;3;1;3;115;43, RUE DES ENTREPRENEUR;;;;750
201500053648;15;1;21;755;2;2;5;1;3;115;PLACE CHARLES VALLIN;;;;750
201500053649;15;1;24;1320;1;2;2;1;6;115;83, BOULEVARD DE GRENELL;;;;750
201500053650;15;1;26;2305;5;2;2;1;2;115;27, RUE DE LA CONVENTION;;;;750
201500053651;15;1;27;735;2;2;3;1;6;115;PLACE BALARD;;;;750
201500053652;15;1;27;1715;1;2;2;1;6;115;54, RUE DE VOUILLE;;;;750
201500053653;15;1;29;1115;1;2;4;2;2;115;56, AVENUE DE SUFFREN;;;;750
201500053654;15;1;29;1500;1;2;2;2;3;115;55, RUE DU COMMERCE;;;;750
201500053655;15;1;30;1915;5;2;2;1;6;115;214, RUE DE LA CONVENTIO;;;;750
201500053656;15;1;31;900;1;2;1;1;6;115;117, AVENUE FELIX FAURE;;;;750
201500053657;15;2;1;1840;5;2;5;1;2;115;2, AVENUE DU MAINE;;;;750
201500053658;15;2;2;1650;1;2;2;1;3;115;RUE LEON LHERMITTE;;;;750
201500053659;15;2;3;600;5;2;3;1;3;115;64, AVENUE DE LA MOTTE P;;;;750
201500053660;15;2;4;45;5;2;1;1;7;115;64, RUE DE LA PROCESSION;;;;750
201500053661;15;2;4;1515;1;2;7;1;6;115;PLACE BALARD;;;;750
201500053662;15;2;6;1700;1;2;7;1;2;115;1, AVENUE DE LA PORTE DE;;;;750
201500053663;15;2;6;2220;5;2;2;1;3;115;75, RUE DES MORILLONS;;;;750
201500053664;15;2;7;2315;5;2;1;1;6;115;17, RUE PAUL BARRUEL;;;;750
201500053665;15;2;10;1840;5;2;2;1;3;115;1, RUE D OUESSANT;;;;750
201500053666;15;2;12;1120;1;2;2;1;3;115;1, BOULEVARD GENERAL MAR;;;;750
201500053667;15;2;12;1830;5;2;7;1;6;115;PLACE D ALLERAY;;;;750
201500053668;15;2;13;735;5;2;1;1;6;115;AVENUE FELIX FAURE;;;;750
201500053669;15;2;13;1950;5;2;2;2;6;115;175, RUE DE LA CONVENTIO;;;;750
201500053670;15;2;16;815;1;2;3;1;6;115;13, RUE CAMBRONNE;;;;750
201500053671;15;2;16;1620;1;2;2;1;6;115;196, RUE DE LA CONVENTIO;;;;750
201500053672;15;2;19;1230;1;2;5;1;3;115;58, BOULEVARD LEFEBVRE;;;;750
201500053673;15;2;23;1055;1;2;2;1;6;115;45 bis, RUE DE VOUILLE;;;;750
201500053674;15;2;23;1700;1;2;1;1;2;115;1, QUAI DE GRENELLE;;;;750
201500053675;15;2;25;1000;1;2;2;2;6;115;RUE LABROUSTE;;;;750
201500053676;15;2;26;1125;1;2;1;2;6;115;103, QUAI BRANLY;;;;750
201500053677;15;2;27;1715;1;2;2;1;2;115;44, BOULEVARD GENERAL MA;;;;750
201500053678;15;3;1;255;5;2;2;2;3;115;RUE DES VOLONTAIRES;;;;750
201500053679;15;3;2;1135;1;2;1;8;7;115;45, RUE CAMBRONNE;;;;750
201500053680;15;3;4;1120;1;2;1;1;6;115;12, RUE PECLET;;;;750
201500053681;15;3;4;1230;1;2;3;1;3;115;68, AVENUE FELIX FAURE;;;;750
201500053682;15;3;5;125;5;2;7;1;6;115;379, RUE DE VAUGIRARD;;;;750
201500053683;15;3;6;1445;1;2;1;1;6;115;170, RUE DE LOURMEL;;;;750
201500053684;15;3;6;1535;1;2;1;1;6;115;3, RUE CORBON;;;;750
201500053685;15;3;7;1905;5;2;2;1;6;115;21, RUE DE VOUILLE;;;;750
201500053686;15;3;8;1805;1;2;2;1;6;115;200, RUE DE LA CONVENTIO;;;;750
201500053687;15;3;11;930;1;2;4;1;3;115;10, RUE DE L ARMORIQUE;;;;750
201500053688;15;3;11;1315;1;2;1;1;2;115;99, RUE OLIVIER DE SERRE;;;;750
201500053689;15;3;11;1500;1;2;1;1;3;115;13, AVENUE DU MAINE;;;;750
201500053690;15;3;12;1625;1;2;3;1;2;115;28, RUE DU LAOS;;;;750
201500053691;15;3;13;1345;1;2;2;1;6;115;47, RUE DE LA CONVENTION;;;;750
201500053692;15;3;13;2350;5;2;1;1;6;115;BOULEVARD GENERAL MARTIA;;;;750
201500053693;15;3;14;1350;1;2;1;1;3;115;194, RUE SAINT CHARLES;;;;750
201500053694;15;3;15;125;5;2;1;2;3;115;22, RUE DU DEPART;;;;750
201500053695;15;3;16;1435;1;2;2;1;3;115;88, RUE CAMBRONNE;;;;750
201500053696;15;3;17;2125;5;2;5;1;7;115;84, RUE CAMBRONNE;;;;750
201500053697;15;3;17;2320;5;2;2;1;7;115;347, RUE DE VAUGIRARD;;;;750
201500053698;15;3;18;2057;5;2;1;1;6;115;134, BOULEVARD DE GRENEL;;;;750
201500053699;15;3;21;1958;5;2;1;1;6;115;16, AVENUE DU MAINE;;;;750
201500053700;15;3;22;1330;1;2;2;1;2;115;6, AVENUE ALBERT BARTHOL;;;;750
201500053701;15;3;22;1400;1;2;3;1;2;115;167, RUE DE LA CONVENTIO;;;;750
201500053702;15;3;25;1245;1;2;1;1;3;115;268, RUE LECOURBE;;;;750
201500053703;15;3;25;2105;5;2;2;1;6;115;22, RUE DE VOUILLE;;;;750
201500053704;15;3;25;1655;1;2;2;1;3;115;RUE DU GENERAL GUILLAUMA;;;;750
201500053705;15;3;26;1550;1;2;3;2;2;115;14, AVENUE EMILE ZOLA;;;;750
201500053706;15;3;29;2115;5;2;7;2;6;115;PLACE CHARLES VALLIN;;;;750
201500053707;15;3;29;2310;5;2;1;2;7;115;24, RUE ALAIN CHARTIER;;;;750
201500053708;15;3;30;1020;1;2;3;1;6;115;121, RUE DE VAUGIRARD;;;;750
201500053709;15;4;2;410;5;2;1;2;7;115;BOULEVARD PASTEUR;;;;750
201500053710;15;4;2;1510;1;2;2;2;6;115;96, RUE DE LA PROCESSION;;;;750
201500053711;15;4;3;1000;1;2;2;1;1;115;11, RUE DU PROFESSEUR FL;;;;750
201500053712;15;4;3;2035;5;2;7;2;6;115;51, RUE DES MORILLONS;;;;750
201500053713;15;4;3;2220;5;2;1;1;6;115;17, RUE DE VOUILLE;;;;750
201500053714;15;4;6;2115;5;2;1;1;6;115;45, RUE DU THEATRE;;;;750
201500053715;15;4;7;1130;1;2;1;1;3;115;49, BOULEVARD DE VAUGIRA;;;;750
201500053716;15;4;9;2050;5;2;3;1;3;115;151, RUE SAINT CHARLES;;;;750
201500053717;15;4;10;1600;1;2;2;1;6;115;AVENUE FELIX FAURE;;;;750
201500053718;15;4;13;1250;1;2;1;1;6;115;196, RUE DE LA CONVENTIO;;;;750
201500053719;15;4;15;1745;1;2;2;1;6;115;23, RUE LECOURBE;;;;750
201500053720;15;4;15;2150;5;2;1;1;6;115;196, RUE DE LA CONVENTIO;;;;750
201500053721;15;4;16;1635;1;2;1;1;7;115;2, BOULEVARD GARIBALDI;;;;750
201500053722;15;4;18;1120;1;2;1;1;6;115;4, PLACE DE LA PORTE DE;;;;750
201500053723;15;4;19;1145;1;2;2;1;1;115;132, RUE BLOMET;;;;750
201500053724;15;4;20;820;1;2;3;1;3;115;BOULEVARD LEFEBVRE;;;;750
201500053725;15;4;20;1710;1;2;3;7;6;115;13, QUAI ANDRE CITROEN;;;;750
201500053726;15;4;22;1410;1;2;1;7;6;115;65, QUAI DE GRENELLE;;;;750
201500053727;15;4;27;800;1;2;1;1;2;115;34, BOULEVARD DE GRENELL;;;;750
201500053728;15;4;30;1025;1;2;2;3;6;115;167, BOULEVARD LEFEBVRE;;;;750
201500053729;15;4;30;1030;1;2;2;2;6;115;167, BOULEVARD LEFEBVRE;;;;750
201500053730;15;5;1;200;3;2;7;3;6;115;PLACE CHARLES VALLIN;;;;750
201500053731;15;5;1;1157;1;2;3;1;6;115;12, RUE DU HAMEAU;;;;750
201500053732;15;5;5;1215;1;2;2;1;6;115;112, RUE SAINT CHARLES;;;;750
201500053733;15;5;7;1730;1;2;3;1;6;115;29, RUE DESAIX;;;;750
201500053734;15;5;7;1920;2;2;4;1;6;115;103, RUE DES ENTREPRENEU;;;;750
201500053735;15;5;8;1100;1;2;2;1;6;115;17, RUE DUPLEIX;;;;750
201500053736;15;5;10;1640;1;2;3;1;4;115;52, RUE CASTAGNARY;;;;750
201500053737;15;5;10;2020;2;2;1;1;3;115;49, BOULEVARD VICTOR;;;;750
201500053738;15;5;11;1500;1;2;7;1;6;115;10, PLACE DE BRETEUIL;;;;750
201500053739;15;5;11;1635;1;2;7;1;6;115;BOULEVARD PASTEUR;;;;750
201500053740;15;5;11;1750;1;2;3;1;6;115;139, RUE DU THEATRE;;;;750
201500053741;15;5;13;33;5;2;1;1;2;115;1, BOULEVARD GENERAL MAR;;;;750
201500053742;15;5;14;1650;1;2;2;1;4;115;1, QUAI ANDRE CITROEN;;;;750
201500053743;15;5;16;1730;1;2;1;1;6;115;3, RUE DU COMMERCE;;;;750
201500053744;15;5;18;920;1;2;1;1;6;115;08, RUE CLODION;;;;750
201500053745;15;5;19;1500;1;2;4;2;7;115;114, RUE CASTAGNARY;;;;750
201500053746;15;5;19;2100;2;2;3;8;3;115;30, BOULEVARD DE VAUGIRA;;;;750