num_acc;an;mois;jour;hrmn;lum;agg;int;atm;col;com;adr;gps;lat;long;dep
201500054371;15;12;7;810;1;2;5;1;3;116;ALLEE DE LONGCHAMP;;;;750
201500054372;15;12;7;1155;1;2;1;1;3;116;21, RUE BOISSIERE;;;;750
201500054373;15;12;7;1630;1;2;5;1;3;116;170, AVENUE DE VERSAILLE;;;;750
201500054374;15;12;7;1830;5;2;2;1;3;108;55, BOULEVARD MALESHERBE;;;;750
201500054375;15;12;7;2135;3;2;3;1;7;116;59, RUE SPONTINI;;;;750
201500054376;15;12;8;1140;1;2;1;1;2;116;23, AVENUE DE LA GRANDE;;;;750
201500054377;15;12;8;1330;1;2;1;2;7;116;AVENUE INGRES;;;;750
201500054378;15;12;8;1420;1;2;1;2;4;116;AVENUE DE NEW YORK;;;;750
201500054379;15;12;9;850;1;2;2;1;3;116;26, AVENUE DE NEW YORK;;;;750
201500054380;15;12;10;805;2;2;5;1;6;116;AVENUE KLEBER;;;;750
201500054381;15;12;9;2100;5;2;7;1;6;116;AVENUE GEORGES LAFONT;;;;750
201500054382;15;12;10;1430;1;2;4;1;3;116;AVENUE DE LA PORTE DE SA;;;;750
201500054383;15;12;10;1945;4;2;2;1;3;116;ROUTE DE SEVRES A NEUILL;;;;750
201500054384;15;12;11;1900;5;2;1;1;4;116;ALLEE DE LONGCHAMP;;;;750
201500054385;15;12;15;2040;5;2;1;2;2;116;47, RUE COPERNIC;;;;750
201500054386;15;12;16;2030;5;2;1;2;2;116;118, BOULEVARD SUCHET;;;;750
201500054387;15;12;17;45;5;2;1;1;2;116;ALLEE DES FORTIFICATIONS;;;;750
201500054388;15;12;17;1305;1;2;5;1;3;116;10, RUE DE LA POMPE;;;;750
201500054389;15;12;18;1040;1;2;3;8;4;116;AVENUE DE VERSAILLES;;;;750
201500054390;15;12;18;1520;1;2;1;2;3;116;35, AVENUE DE VERSAILLES;;;;750
201500054391;15;12;19;1315;1;2;6;1;3;116;PLACE DE MEXICO;;;;750
201500054392;15;12;20;230;5;2;1;1;3;116;ALLEE DE LA REINE MARGUE;;;;750
201500054393;15;12;22;800;2;2;7;1;7;116;PLACE VICTOR HUGO;;;;750
201500054394;15;12;22;1220;1;2;1;1;3;116;02, AVENUE DE LA PORTE D;;;;750
201500054395;15;12;22;1515;1;2;7;1;3;116;PLACE CHARLES DE GAULLE;;;;750
201500054396;15;12;22;1945;5;2;1;1;2;116;ALLEE DU BORD DE L EAU;;;;750
201500054397;15;12;22;515;5;2;5;1;6;116;52, AVENUE KLEBER;;;;750
201500054398;15;12;23;825;1;2;2;1;6;116;34, RUE MOLITOR;;;;750
201500054399;15;12;23;950;1;2;3;1;2;116;ALLEE DU BORD DE L EAU;;;;750
201500054400;15;12;23;1130;1;2;5;1;3;116;09, RUE POUSSIN;;;;750
201500054401;15;12;24;10;5;2;4;1;2;117;AVENUE DE LA PORTE DE CL;;;;750
201500054402;15;12;24;600;5;2;7;1;7;116;12, PLACE DES ETATS UNIS;;;;750
201500054403;15;12;24;1450;1;2;3;1;3;116;155, AVENUE DE VERSAILLE;;;;750
201500054404;15;12;25;110;5;2;4;2;6;117;BOULEVARD PERIPHERIQUE E;;;;750
201500054405;15;12;28;1050;1;2;2;1;6;116;ROUTE DE LA MUETTE A NEU;;;;750
201500054406;15;12;28;1345;1;2;1;1;3;116;BOULEVARD EMILE AUGIER;;;;750
201500054407;15;12;28;1715;5;2;1;1;2;116;ALLEE DU BORD DE L EAU;;;;750
201500054408;15;12;28;2230;5;2;7;1;7;116;PLACE DE LA PORTE MAILLO;;;;750
201500054409;15;12;29;1215;1;2;1;1;3;116;AVENUE DES NATIONS UNIES;;;;750
201500054410;15;12;29;1520;1;2;2;1;3;116;57, AVENUE KLEBER;;;;750
201500054411;15;1;5;1135;1;2;5;1;3;117;135, BOULEVARD MALESHERB;;;;750
201500054412;15;1;6;945;1;2;5;1;3;117;82, AVENUE DES TERNES;;;;750
201500054413;15;1;6;2250;5;2;1;1;6;117;11, BOULEVARD BERTHIER;;;;750
201500054414;15;1;8;1630;1;2;2;1;6;117;18, RUE TORRICELLI;;;;750
201500054415;15;1;8;2200;5;2;3;1;4;117;172, AVENUE DE CLICHY;;;;750
201500054416;15;1;9;1320;1;2;7;1;2;117;03, AVENUE DE VILLIERS;;;;750
201500054417;15;1;10;1815;5;2;1;2;4;117;36, BOULEVARD DE COURCEL;;;;750
201500054418;15;1;11;1115;1;2;3;7;3;117;14, BOULEVARD DES BATIGN;;;;750
201500054419;15;1;12;1330;1;2;2;1;3;117;AVENUE DE LA PORTE D ASN;;;;750
201500054420;15;1;13;1400;1;2;3;8;3;117;BOULEVARD DES BATIGNOLLE;;;;750
201500054421;15;1;14;1320;1;2;2;8;6;117;45, RUE DULONG;;;;750
201500054422;15;1;14;1440;1;2;2;1;2;117;57, AVENUE DE VILLIERS;;;;750
201500054423;15;1;14;1520;1;2;1;1;3;117;112, AVENUE DE WAGRAM;;;;750
201500054424;15;1;19;800;1;2;3;2;2;117;13, BOULEVARD DU FORT DE;;;;750
201500054425;15;1;19;905;1;2;1;2;6;117;87 bis, AVENUE DE WAGRAM;;;;750
201500054426;15;1;19;1745;5;2;3;1;3;117;118, BOULEVARD BERTHIER;;;;750
201500054427;15;1;20;2305;5;2;5;1;3;117;BOULEVARD DU FORT DE VAU;;;;750
201500054428;15;1;21;1935;5;2;3;1;6;117;8, AVENUE DE LA PORTE DE;;;;750
201500054429;15;1;22;2030;5;2;1;1;3;117;171, AVENUE DE WAGRAM;;;;750
201500054430;15;1;23;1700;1;2;2;1;6;117;64, AVENUE DE WAGRAM;;;;750
201500054431;15;1;26;815;1;2;7;2;3;117;PLACE CHARLES DE GAULLE;;;;750
201500054432;15;1;27;1845;5;2;2;1;6;117;4, AVENUE DE WAGRAM;;;;750
201500054433;15;1;27;1905;5;2;1;1;3;117;102, AVENUE DE VILLIERS;;;;750
201500054434;15;1;30;230;5;2;4;4;3;117;AVENUE DE WAGRAM;;;;750
201500054435;15;1;30;1121;1;2;4;3;6;117;214, BOULEVARD PEREIRE;;;;750
201500054436;15;1;30;1945;5;2;1;8;2;117;131, AVENUE DE VILLIERS;;;;750
201500054437;15;1;30;2130;5;2;2;1;2;117;195, RUE DE COURCELLES;;;;750
201500054438;15;1;30;2240;5;2;1;1;6;117;RUE TOULOUSE LAUTREC;;;;750
201500054439;15;2;1;455;5;2;5;1;5;117;AVENUE DE LA PORTE D ASN;;;;750
201500054440;15;2;2;1640;1;2;1;8;3;117;05, AVENUE DES TERNES;;;;750
201500054441;15;2;4;1400;1;2;4;1;2;117;12, AVENUE DE LA PORTE D;;;;750
201500054442;15;2;5;845;1;2;1;1;3;108;69, RUE DE COURCELLES;;;;750
201500054443;15;2;5;1730;1;2;2;1;3;117;18, AVENUE DE VILLIERS;;;;750
201500054444;15;2;11;1420;1;2;3;1;3;117;133, AVENUE DE CLICHY;;;;750
201500054445;15;2;11;1955;5;2;2;1;6;117;83, RUE DE SAUSSURE;;;;750
201500054446;15;2;11;2040;5;2;2;1;3;117;62, AVENUE DE WAGRAM;;;;750
201500054447;15;2;12;2140;5;2;2;1;6;117;86, BOULEVARD PEREIRE;;;;750
201500054448;15;2;13;1100;1;2;1;1;2;117;66, BOULEVARD DE COURCEL;;;;750
201500054449;15;2;14;1315;1;2;7;8;6;108;2, PLACE DES TERNES;;;;750
201500054450;15;2;14;2100;5;2;1;2;6;117;AVENUE DE LA PORTE DES T;;;;750
201500054451;15;2;14;2300;5;2;1;2;2;117;127, AVENUE DE CLICHY;;;;750
201500054452;15;2;15;1530;1;2;1;1;3;117;28, RUE ANDRE BRECHET;;;;750
201500054453;15;2;16;1745;2;2;4;1;6;117;22, AVENUE DE LA GRANDE;;;;750
201500054454;15;2;17;1445;1;2;3;1;6;117;3, AVENUE EMILE ET ARMAN;;;;750
201500054455;15;2;18;1140;1;2;2;1;2;117;84, AVENUE DE VILLIERS;;;;750
201500054456;15;2;18;1730;1;2;1;1;3;117;13, BOULEVARD BERTHIER;;;;750
201500054457;15;2;19;1120;1;2;1;1;3;108;19, AVENUE GEORGE V;;;;750
201500054458;15;2;20;1240;1;2;5;2;6;117;125, BOULEVARD BESSIERES;;;;750
201500054459;15;2;23;905;1;2;1;1;3;117;6, RUE LACROIX;;;;750
201500054460;15;2;27;935;1;2;5;1;3;117;1, BOULEVARD DE DOUAUMON;;;;750
201500054461;15;2;27;930;1;2;4;1;3;117;22, AVENUE DE LA GRANDE;;;;750
201500054462;15;2;27;1620;1;2;7;1;3;117;50bis, AVENUE DE LA GRAN;;;;750
201500054463;15;2;28;1100;1;2;5;1;6;117;139, AVENUE DE WAGRAM;;;;750
201500054464;15;3;2;905;1;2;3;1;2;117;28, BOULEVARD PEREIRE;;;;750
201500054465;15;3;4;1750;1;2;1;1;6;117;06, AVENUE DE LA PORTE D;;;;750
201500054466;15;3;5;1000;1;2;5;1;6;117;165, RUE DE ROME;;;;750
201500054467;15;3;6;2230;5;2;2;1;2;117;228, RUE DE COURCELLES;;;;750
201500054468;15;3;7;1600;1;2;7;1;3;117;18, AVENUE GOURGAUD;;;;750
201500054469;15;3;7;1845;5;2;2;1;3;117;52, AVENUE DE LA GRANDE;;;;750
201500054470;15;3;8;1030;1;2;4;1;6;117;99, RUE DE PRONY;;;;750
201500054471;15;3;11;1800;5;2;1;1;3;117;119, AVENUE DE VILLIERS;;;;750
201500054472;15;3;13;40;5;2;2;1;3;117;BOULEVARD DE LA SOMME;;;;750
201500054473;15;3;13;1915;5;2;2;1;3;117;27, AVENUE DE CLICHY;;;;750
201500054474;15;3;14;220;5;2;1;1;2;117;20, BOULEVARD DU FORT DE;;;;750
201500054475;15;3;14;600;2;2;2;1;2;117;38, BOULEVARD DES BATIGN;;;;750
201500054476;15;3;15;1200;1;2;1;1;6;117;8, PLACE DE LA PORTE DE;;;;750
201500054477;15;3;16;1150;1;2;1;1;2;117;139, AVENUE DE VILLIERS;;;;750
201500054478;15;3;17;1020;1;2;1;1;3;117;24, AVENUE DE LA GRANDE;;;;750
201500054479;15;3;17;1340;1;2;3;1;3;117;163, AVENUE DE CLICHY;;;;750
201500054480;15;3;18;905;1;2;1;1;3;117;0, RUE FRUCTIDOR;;;;750
201500054481;15;3;20;1418;1;2;2;1;3;117;AVENUE DE LA PORTE D ASN;;;;750
201500054482;15;3;22;1800;1;2;1;1;6;117;148, BOULEVARD MALESHERB;;;;750
201500054483;15;3;23;750;1;2;1;1;2;108;AVENUE DES CHAMPS ELYSEE;;;;750
201500054484;15;3;23;1140;1;2;2;1;6;117;/, RUE CARDINET;;;;750
201500054485;15;3;24;820;1;2;2;1;6;117;17, AVENUE DE LA PORTE D;;;;750
201500054486;15;3;25;1920;5;2;1;1;1;117;95, AVENUE DE CLICHY;;;;750
201500054487;15;3;26;1005;1;2;7;2;3;117;AVENUE DE LA GRANDE ARME;;;;750
201500054488;15;3;28;350;5;2;1;2;6;117;174, AVENUE DE CLICHY;;;;750
201500054489;15;3;28;1740;1;2;1;1;6;117;5, RUE NAVIER;;;;750
201500054490;15;3;28;1715;1;2;1;1;3;117;07, AVENUE DES TERNES;;;;750
201500054491;15;3;29;520;5;2;7;2;2;108;1, PLACE DE LA CONCORDE;;;;750
201500054492;15;3;30;2345;5;2;1;1;3;117;7, AVENUE DE CLICHY;;;;750
201500054493;15;3;31;1330;1;2;2;1;2;117;18, BOULEVARD DES BATIGN;;;;750
201500054494;15;4;2;115;5;2;7;1;6;117;2, PLACE DE LA REPUBLIQU;;;;750
201500054495;15;4;2;800;1;2;3;1;3;117;115, RUE DE ROME;;;;750
201500054496;15;4;2;1105;1;2;3;2;7;117;66, AVENUE DE LA GRANDE;;;;750
201500054497;15;4;4;2325;5;2;5;2;6;117;145, RUE CARDINET;;;;750
201500054498;15;4;4;520;5;2;7;1;6;117;AVENUE DE LA GRANDE ARME;;;;750
201500054499;15;4;4;1100;1;2;2;2;3;117;5, PLACE GENERAL CATROUX;;;;750
201500054500;15;4;4;2335;5;2;2;1;3;117;34, RUE JOUFFROY D ABBAN;;;;750
201500054501;15;4;5;1120;1;2;1;1;3;117;11, BOULEVARD BERTHIER;;;;750
201500054502;15;4;6;1900;1;2;1;1;6;117;186, RUE CARDINET;;;;750
201500054503;15;4;7;640;1;2;3;1;2;117;201, BOULEVARD MALESHERB;;;;750
201500054504;15;4;8;945;1;2;1;1;6;117;37, AVENUE DE CLICHY;;;;750
201500054505;15;4;8;2235;5;2;1;1;7;117;18, AVENUE GOURGAUD;;;;750
201500054506;15;4;9;1930;1;2;2;1;6;117;13, RUE GALVANI;;;;750
201500054507;15;4;10;1455;1;2;3;1;3;116;17, AVENUE DE LA GRANDE;;;;750
201500054508;15;4;13;1830;1;2;7;1;6;117;01, AVENUE DE WAGRAM;;;;750
201500054509;15;4;14;1250;1;2;2;1;2;117;94, BOULEVARD MALESHERBE;;;;750
201500054510;15;4;15;930;1;2;3;1;3;117;AVENUE DE CLICHY;;;;750
201500054511;15;4;15;1350;1;2;7;1;3;117;2, PLACE DE LA PORTE MAI;;;;750
201500054512;15;4;16;1000;1;2;2;1;3;117;51, AVENUE DE VILLIERS;;;;750
201500054513;15;4;17;1450;1;2;3;1;3;117;25, BOULEVARD GOUVION SA;;;;750
201500054514;15;4;18;930;1;2;4;1;6;117;21, BOULEVARD DE L YSER;;;;750
201500054515;15;4;19;640;1;2;2;1;2;117;22, BOULEVARD DU FORT DE;;;;750
201500054516;15;4;19;1705;1;2;5;1;6;117;19, BOULEVARD PEREIRE;;;;750
201500054517;15;4;20;1355;1;2;3;1;2;108;27, RUE ROYALE;;;;750
201500054518;15;4;21;1730;1;2;1;1;6;117;23, AVENUE DE CLICHY;;;;750
201500054519;15;4;22;1330;1;2;2;1;2;117;124, AVENUE DE CLICHY;;;;750
201500054520;15;4;22;1335;1;2;1;1;6;117;1, RUE LEMERCIER;;;;750
201500054521;15;4;22;1910;1;2;1;1;6;116;109, BOULEVARD MURAT;;;;750
201500054522;15;4;23;220;5;2;5;1;6;117;2 - 4, PLACE DE LA PORTE;;;;750
201500054523;15;4;23;1800;1;2;4;1;3;117;3, AVENUE DE VILLIERS;;;;750
201500054524;15;4;24;900;1;2;1;1;2;117;2, PLACE DE LA PORTE MAI;;;;750
201500054525;15;4;26;1755;1;2;3;2;6;117;51, AVENUE DES TERNES;;;;750
201500054526;15;4;26;2130;5;2;1;2;6;117;141, RUE DE ROME;;;;750
201500054527;15;4;28;159;5;2;5;1;3;117;143, AVENUE DE VILLIERS;;;;750
201500054528;15;4;29;1545;1;2;3;1;3;117;91, BOULEVARD BESSIERES;;;;750
201500054529;15;4;29;1805;1;2;7;1;7;117;1, PLACE DE LA PORTE MAI;;;;750
201500054530;15;5;4;1300;1;2;1;1;6;117;11, RUE TARBE;;;;750
201500054531;15;5;4;1650;1;2;1;2;3;117;14, PLACE GENERAL CATROU;;;;750
201500054532;15;5;5;1640;1;2;2;1;6;117;83, RUE DE SAUSSURE;;;;750
201500054533;15;5;6;1220;1;2;3;1;3;117;0, AVENUE DE LA PORTE DE;;;;750
201500054534;15;5;6;1830;1;2;7;1;3;117;06, AVENUE DE LA GRANDE;;;;750
201500054535;15;5;7;750;1;2;1;1;3;117;232, RUE DE COURCELLES;;;;750
201500054536;15;5;7;1415;1;2;7;1;6;117;2, PLACE DU GENERAL KOEN;;;;750
201500054537;15;5;8;1230;1;2;3;1;3;117;44, RUE BRUNEL;;;;750
201500054538;15;5;8;1415;1;2;2;1;6;117;131, AVENUE DE WAGRAM;;;;750
201500054539;15;5;8;1440;1;2;1;1;2;117;26, RUE DES EPINETTES;;;;750
201500054540;15;5;8;2020;1;2;1;1;6;117;08, RUE NOLLET;;;;750
201500054541;15;5;9;1300;1;2;4;1;3;117;34, AVENUE DE LA PORTE D;;;;750
201500054542;15;5;12;955;1;2;1;1;3;117;20, BOULEVARD GOUVION SA;;;;750
201500054543;15;5;12;1300;1;2;5;1;3;117;AVENUE DE LA PORTE DE CH;;;;750
201500054544;15;5;12;1315;1;2;1;1;6;117;24, RUE BROCHANT;;;;750
201500054545;15;5;13;1530;1;2;2;1;6;117;RUE TORRICELLI;;;;750
201500054546;15;5;13;1745;1;2;2;1;3;117;25, RUE GUERSANT;;;;750
201500054547;15;5;13;1845;1;2;1;1;2;117;7, BOULEVARD DU BOIS LE;;;;750
201500054548;15;5;15;1450;1;2;5;1;2;117;01, BOULEVARD PEREIRE;;;;750
201500054549;15;5;16;1030;1;2;2;1;3;101;1, BOULEVARD DE LA MADEL;;;;750
201500054550;15;5;17;1405;1;2;5;1;6;117;29, AVENUE NIEL;;;;750
201500054551;15;5;18;1055;1;2;7;1;6;117;72, AVENUE DE VILLIERS;;;;750
201500054552;15;5;18;1020;1;2;5;1;5;117;10, AVENUE DE LA GRANDE;;;;750
201500054553;15;5;18;1905;1;2;5;1;6;117;87, RUE DULONG;;;;750
201500054554;15;5;21;1930;1;2;7;1;2;117;2, PLACE DE LA PORTE MAI;;;;750
201500054555;15;5;23;1720;1;2;4;1;3;117;11, BOULEVARD BERTHIER;;;;750
201500054556;15;5;23;2230;5;2;2;1;6;117;101, RUE DE COURCELLES;;;;750
201500054557;15;5;26;1635;1;2;1;1;6;117;56, RUE GAUTHEY;;;;750
201500054558;15;5;27;925;1;2;3;1;1;117;91, AVENUE DE VILLIERS;;;;750
201500054559;15;5;27;1150;1;2;1;1;2;117;BOULEVARD PERIPHERIQUE;;;;750
201500054560;15;5;28;835;1;2;1;1;6;117;13 ter, BOULEVARD BERTHI;;;;750
201500054561;15;5;28;2245;5;2;2;1;3;117;AVENUE DE LA PORTE DES T;;;;750
201500054562;15;5;29;840;1;2;7;1;6;117;24, PLACE CHARLES FILLIO;;;;750
201500054563;15;5;30;1800;1;2;7;1;3;117;PLACE PAUL LEAUTAUD;;;;750
201500054564;15;5;30;1845;1;2;1;1;2;117;BOULEVARD PERIPHERIQUE;;;;750
201500054565;15;5;31;1230;1;2;2;3;6;117;30, BOULEVARD DE COURCEL;;;;750
201500054566;15;5;31;1415;1;2;2;2;3;117;132, AVENUE DE CLICHY;;;;750
201500054567;15;6;1;815;1;2;4;1;3;117;81, AVENUE DES TERNES;;;;750
201500054568;15;6;4;1530;1;2;1;1;4;117;100, AVENUE DE VILLIERS;;;;750
201500054569;15;6;5;840;1;2;3;1;2;117;RUE LAUGIER;;;;750
201500054570;15;6;5;1350;1;2;3;1;3;117;108, RUE DE COURCELLES;;;;750
201500054571;15;6;6;1850;1;2;1;1;6;117;21, RUE GUY MOQUET;;;;750
201500054572;15;6;9;2015;1;2;2;1;1;117;81, AVENUE DE SAINT OUEN;;;;750
201500054573;15;6;11;1140;1;2;4;1;3;117;11, BOULEVARD BERTHIER;;;;750
201500054574;15;6;11;1810;1;2;3;1;6;117;01, AVENUE EMILE ET ARMA;;;;750
201500054575;15;6;11;1738;1;2;2;1;2;117;35, AVENUE DES TERNES;;;;750
201500054576;15;6;12;35;5;2;1;1;7;117;56, BOULEVARD BERTHIER;;;;750
201500054577;15;6;12;915;1;2;1;1;6;117;79, RUE JOUFFROY D ABBAN;;;;750
201500054578;15;6;13;755;1;2;1;1;2;117;05, RUE CATULLE MENDES;;;;750
201500054579;15;6;12;2150;1;2;7;1;6;117;80, AVENUE DE LA GRANDE;;;;750
201500054580;15;6;13;1345;1;2;2;1;3;117;103, RUE CARDINET;;;;750
201500054581;15;6;14;1325;1;2;2;1;3;117;/, RUE DU CAPITAINE LAGA;;;;750
201500054582;15;6;15;1745;1;2;1;1;6;117;1, AVENUE DE LA PORTE D;;;;750
201500054583;15;6;15;1745;1;2;3;1;6;117;176, AVENUE DE CLICHY;;;;750
201500054584;15;6;16;930;1;2;1;1;2;116;19, AVENUE D IENA;;;;750
201500054585;15;6;16;1835;1;2;1;1;6;117;157, AVENUE DE CLICHY;;;;750
201500054586;15;6;16;2350;5;2;2;1;2;117;66, AVENUE DE VILLIERS;;;;750
201500054587;15;6;17;810;1;2;4;1;3;117;16, PLACE DE VERDUN;;;;750
201500054588;15;5;17;1320;1;2;1;1;3;117;190, AVENUE DE CLICHY;;;;750
201500054589;15;6;17;1320;1;2;1;1;3;117;190, AVENUE DE CLICHY;;;;750
201500054590;15;6;17;1900;1;2;1;1;3;117;BOULEVARD PERIPHERIQUE I;;;;750
201500054591;15;6;18;2250;5;2;1;1;6;117;30, BOULEVARD DE DOUAUMO;;;;750
201500054592;15;6;19;1230;1;2;7;1;3;117;PLACE CHARLES DE GAULLE;;;;750
201500054593;15;6;21;1830;1;2;5;1;3;117;1, AVENUE STEPHANE MALLA;;;;750
201500054594;15;6;24;120;5;2;2;1;6;117;RUE DE ROME;;;;750
201500054595;15;6;24;850;1;2;2;1;3;117;1, BOULEVARD DE LA SOMME;;;;750
201500054596;15;6;24;1315;1;2;2;1;2;116;01, AVENUE FOCH;;;;750
201500054597;15;6;24;2020;1;2;2;1;3;117;18, AVENUE DE VILLIERS;;;;750
201500054598;15;6;25;1045;1;2;1;1;6;116;117, RUE DE LONGCHAMP;;;;750
201500054599;15;6;25;1510;1;2;5;1;3;116;AVENUE PAUL DOUMER;;;;750
201500054600;15;6;27;1520;1;2;1;1;3;117;43, AVENUE DE WAGRAM;;;;750
201500054601;15;6;29;1615;1;2;2;1;2;117;PLACE DE LA PORTE DE CHA;;;;750
201500054602;15;6;29;1630;1;2;1;1;5;117;38, BOULEVARD BERTHIER;;;;750
201500054603;15;6;30;645;1;2;2;1;3;117;RUE CARDINET;;;;750
201500054604;15;6;30;1510;1;2;7;1;3;117;01, PLACE GENERAL CATROU;;;;750
201500054605;15;7;1;2030;1;2;3;1;6;117;23, AVENUE BRUNETIERE;;;;750
201500054606;15;7;2;1430;1;2;1;1;3;117;127, AVENUE DE VILLIERS;;;;750
201500054607;15;7;3;40;5;2;2;1;3;117;RUE LEGENDRE;;;;750
201500054608;15;7;5;1750;1;2;1;1;6;117;18, BOULEVARD BESSIERES;;;;750
201500054609;15;7;6;20;5;2;7;1;3;117;AVENUE DE WAGRAM;;;;750
201500054610;15;7;6;1530;1;2;5;1;3;117;114, RUE DE TOCQUEVILLE;;;;750
201500054611;15;7;7;1630;1;2;1;1;6;117;164, RUE DE SAUSSURE;M;;;750
201500054612;15;7;9;1210;1;2;1;1;6;117;2, RUE CURNONSKY;;;;750
201500054613;15;7;10;910;1;2;7;1;3;117;1, PLACE DE LA PORTE MAI;;;;750
201500054614;15;7;11;1710;1;2;1;1;2;117;67, AVENUE NIEL;;;;750
201500054615;15;7;11;1925;1;2;1;1;2;117;12, BOULEVARD DES BATIGN;;;;750
201500054616;15;7;12;1510;1;2;5;1;3;117;04, BOULEVARD BERTHIER;;;;750
201500054617;15;7;12;1640;1;2;7;2;6;108;1, PLACE DE LA REPUBLIQU;;;;750
201500054618;15;7;13;2015;1;2;2;1;3;117;85, AVENUE DE WAGRAM;;;;750
201500054619;15;7;15;1845;1;2;2;1;6;117;24, AVENUE DE LA PORTE D;;;;750
201500054620;15;7;15;2110;1;2;7;7;2;117;02, AVENUE DE LA GRANDE;;;;750
201500054621;15;7;18;620;2;2;1;1;1;117;93, AVENUE NIEL;;;;750
201500054622;15;7;19;145;5;2;5;3;7;116;19, CHAUSSEE LA MUETTE;;;;750
201500054623;15;7;19;2050;1;2;1;1;6;117;7, RUE DE L ETOILE;M;;;750
201500054624;15;7;20;1945;1;2;5;1;3;117;80, AVENUE DE WAGRAM;;;;750
201500054625;15;7;21;1900;1;2;1;1;6;117;28, RUE LEGENDRE;;;;750
201500054626;15;7;23;1600;1;2;2;1;6;117;61, RUE DE LEVIS;;;;750
201500054627;15;7;25;720;1;2;2;1;3;117;16, BOULEVARD DES BATIGN;M;4852597;219315;750
201500054628;15;7;27;1030;1;2;7;2;3;117;50, PLACE DE LA REPUBLIQ;;;;750
201500054629;15;7;28;940;1;2;7;1;3;117;14, RUE GEORGES BERGER;;;;750
201500054630;15;7;28;1505;1;2;7;1;3;117;2, PLACE DE LA PORTE MAI;;;;750
201500054631;15;7;29;1920;1;2;7;1;6;117;4, AVENUE DE VILLIERS;;;;750
201500054632;15;8;1;1507;1;2;1;1;3;117;5, PLACE DE LA PORTE DE;;;;750
201500054633;15;7;30;1240;1;2;5;1;6;117;21, RUE GUY MOQUET;;;;750
201500054634;15;8;2;2100;2;2;1;1;6;117;26, BOULEVARD BESSIERES;;;;750
201500054635;15;8;4;1310;1;2;2;1;6;117;39, RUE JOUFFROY D ABBAN;;;;750
201500054636;15;8;3;1900;1;2;3;1;6;117;13, AVENUE STEPHANE MALL;;;;750
201500054637;15;8;5;2000;1;2;7;1;6;116;39, RUE BENJAMIN FRANKLI;;;;750
201500054638;15;8;6;1930;1;2;5;1;6;117;22, BOULEVARD BESSIERES;;;;750
201500054639;15;8;6;515;5;2;3;1;3;117;106, AVENUE DE CLICHY;;;;750
201500054640;15;8;6;2315;5;2;7;1;2;117;146, RUE CARDINET;;;;750
201500054641;15;8;10;825;1;2;1;1;6;108;VOIE GEORGES POMPIDOU;;;;750
201500054642;15;8;13;1935;1;2;7;2;3;117;4, PLACE DE LA PORTE DE;;;;750
201500054643;15;8;14;20;5;2;7;2;7;117;2, PLACE DE LA PORTE MAI;;;;750
201500054644;15;8;15;240;5;2;2;2;6;117;14, RUE DES BATIGNOLLES;;;;750
201500054645;15;8;17;1530;1;2;7;1;6;116;1, PLACE DE LA PORTE MAI;;;;750
201500054646;15;8;19;730;1;2;2;1;2;117;3, AVENUE DE LA PORTE DE;;;;750
201500054647;15;8;23;1130;1;2;3;1;6;117;82, AVENUE DE CLICHY;;;;750
201500054648;15;8;29;145;5;2;2;1;6;117;136, AVENUE DE CLICHY;;;;750
201500054649;15;8;29;445;5;2;1;1;6;117;AVENUE PAUL ADAM;;;;750
201500054650;15;8;31;1440;1;2;5;1;3;117;AVENUE DE LA PORTE DE CH;;;;750
201500054651;15;9;2;1255;1;2;3;1;3;117;1, RUE CAROLINE;;;;750
201500054652;15;9;3;1630;1;2;2;1;3;117;31, RUE DES BATIGNOLLES;M;4853060;219149;750
201500054653;15;9;3;1800;1;2;2;1;6;117;17, RUE PIERRE DEMOURS;;;;750
201500054654;15;9;4;55;5;2;1;1;6;117;26, BOULEVARD BERTHIER;;;;750
201500054655;15;9;4;1345;1;2;1;1;3;117;52, BOULEVARD DU FORT DE;;;;750
201500054656;15;9;6;1800;1;2;7;1;2;116;AVENUE PAUL DOUMER;;;;750
201500054657;15;9;6;2040;5;2;5;1;4;117;RUE DU CAPORAL PEUGEOT;;;;750
201500054658;15;9;7;950;1;2;4;1;3;117;BOULEVARD PERSHING;;;;750
201500054659;15;9;7;1215;1;2;7;1;3;117;6, PLACE GENERAL CATROUX;;;;750
201500054660;15;9;9;1815;1;2;7;1;3;117;16, PLACE GENERAL CATROU;;;;750
201500054661;15;9;9;1815;1;2;1;1;3;117;BOULEVARD PERIPHERIQUE E;;;;750
201500054662;15;9;10;50;5;2;1;1;3;117;13, BOULEVARD BERTHIER;;;;750
201500054663;15;9;10;1015;1;2;3;1;3;117;76, AVENUE DES TERNES;;;;750
201500054664;15;9;11;1015;1;2;1;1;3;117;32, BOULEVARD BERTHIER;;;;750
201500054665;15;9;11;1450;1;2;1;1;2;117;168, BOULEVARD MALESHERB;;;;750
201500054666;15;9;11;1340;1;2;2;1;3;117;RUE DU CAPORAL PEUGEOT;;;;750
201500054667;15;9;10;2030;5;2;7;1;3;116;03, AVENUE VICTOR HUGO;;;;750
201500054668;15;9;13;1520;1;2;2;2;2;117;2, BOULEVARD DE COURCELL;;;;750
201500054669;15;9;14;940;1;2;1;2;6;117;51, AVENUE DES TERNES;;;;750
201500054670;15;9;14;1645;1;2;7;1;3;117;02, PLACE DE LA PORTE MA;;;;750
201500054671;15;9;15;1600;1;2;1;1;3;117;BOULEVARD PERIPHERIQUE I;;;;750
201500054672;15;9;16;1345;1;2;7;3;3;117;01, AVENUE MAC MAHON;;;;750
201500054673;15;9;17;845;1;2;5;8;3;117;26, BOULEVARD BERTHIER;;;;750
201500054674;15;9;17;1245;1;2;4;2;6;117;57, AVENUE DE SAINT OUEN;;;;750
201500054675;15;9;17;1420;1;2;3;1;5;117;153, RUE CARDINET;;;;750
201500054676;15;9;18;841;1;2;7;1;3;117;5, PLACE DE CLICHY;;;;750
201500054677;15;9;20;513;5;2;7;1;6;117;PLACE DU GENERAL KOENIG;;;;750