num_acc;an;mois;jour;hrmn;lum;agg;int;atm;col;com;adr;gps;lat;long;dep
201500055302;15;7;6;49;5;2;2;1;3;119;AVENUE DE LA PORTE DE LA;;;;750
201500055303;15;7;9;940;1;2;1;1;6;119;20, BOULEVARD DE LA VILL;;;;750
201500055304;15;7;10;210;5;2;5;1;3;119;BOULEVARD SERURIER;;;;750
201500055305;15;7;10;1855;1;2;1;7;6;119;42, BOULEVARD SERURIER;;;;750
201500055306;15;7;10;1925;1;2;4;1;4;119;224, BOULEVARD DE LA VIL;;;;750
201500055307;15;7;11;45;5;2;2;1;6;119;64, RUE DE BELLEVILLE;;;;750
201500055308;15;7;10;2300;5;2;3;1;3;119;214, AVENUE JEAN JAURES;;;;750
201500055309;15;7;11;1440;1;2;2;1;6;119;161, RUE MANIN;;;;750
201500055310;15;7;13;1140;1;2;1;1;1;119;1, RUE BENJAMIN CONSTANT;;;;750
201500055311;15;7;14;1020;1;2;1;1;3;119;150, BOULEVARD DE LA VIL;;;;750
201500055312;15;7;16;1700;1;2;7;7;3;119;13, AVENUE DE LA PORTE D;;;;750
201500055313;15;7;16;1350;1;2;2;1;3;119;56, RUE D AUBERVILLIERS;;;;750
201500055314;15;7;18;1155;1;2;3;1;2;119;AVENUE CORENTIN CARIOU;;;;750
201500055315;15;7;19;405;5;2;1;8;6;119;147, AVENUE JEAN JAURES;;;;750
201500055316;15;7;22;1430;1;2;4;1;2;119;13, RUE DAVID D ANGERS;;;;750
201500055317;15;7;23;1600;1;2;1;1;6;111;13, BOULEVARD VOLTAIRE;;;;750
201500055318;15;7;25;810;1;2;1;2;4;119;2, AVENUE DE LA PORTE DE;;;;750
201500055319;15;7;25;1255;1;2;5;1;3;119;1, RUE DE BELLEVILLE;;;;750
201500055320;15;7;28;1245;1;2;1;1;6;119;146, BOULEVARD DE LA VIL;;;;750
201500055321;15;7;29;910;1;2;1;1;3;119;BOULEVARD PERIPHERIQUE E;;;;750
201500055322;15;7;29;2030;2;2;1;1;6;119;31, RUE RIQUET;;;;750
201500055323;15;8;2;1805;1;2;1;1;6;119;., BOULEVARD PERIPHERIQU;;;;750
201500055324;15;8;3;1730;1;2;1;1;4;119;176, BOULEVARD DE LA VIL;;;;750
201500055325;15;8;8;345;5;2;7;1;3;119;PLACE AUGUSTE BARON;;;;750
201500055326;15;8;8;1630;1;2;2;1;3;119;220, BOULEVARD MACDONALD;;;;750
201500055327;15;8;8;1740;1;2;1;1;3;119;248, RUE DE CRIMEE;;;;750
201500055328;15;8;11;1020;1;2;7;1;2;119;AVENUE DE LA PORTE DE LA;;;;750
201500055329;15;8;11;1550;1;2;1;1;6;119;72, AVENUE DE FLANDRE;;;;750
201500055330;15;8;28;2000;1;2;3;1;6;119;RUE DES MARCHAIS;;;;750
201500055331;15;8;31;48;5;2;7;1;3;119;00, PLACE DE LA PORTE DE;;;;750
201500055332;15;8;31;2150;5;2;2;1;4;119;AVENUE DE FLANDRE;;;;750
201500055333;15;9;4;955;1;2;3;1;3;119;., BOULEVARD D INDOCHINE;;;;750
201500055334;15;9;4;1235;1;2;3;1;2;119;63, RUE MANIN;;;;750
201500055335;15;9;5;150;5;2;7;1;6;110;BOULEVARD DE LA VILLETTE;;;;750
201500055336;15;9;10;1255;1;2;2;1;3;119;42, RUE PETIT;;;;750
201500055337;15;9;10;1924;2;2;3;1;3;119;177, AVENUE JEAN JAURES;;;;750
201500055338;15;9;11;930;1;2;3;1;3;119;221, RUE DE BELLEVILLE;;;;750
201500055339;15;9;13;1101;1;2;1;2;6;119;17/19, RUE ALPHONSE KARR;;;;750
201500055340;15;9;16;50;5;2;4;3;6;119;36, AVENUE SIMON BOLIVAR;;;;750
201500055341;15;9;19;450;5;2;1;1;6;110;149, BOULEVARD DE MAGENT;;;;750
201500055342;15;9;19;1000;1;2;2;1;6;119;34, AVENUE DE LAUMIERE;;;;750
201500055343;15;9;19;1525;1;2;1;1;6;119;29, AVENUE JEAN JAURES;;;;750
201500055344;15;9;20;631;5;2;5;1;3;119;AVENUE DE FLANDRE;;;;750
201500055345;15;9;20;2050;5;2;1;1;3;119;98, AVENUE JEAN JAURES;;;;750
201500055346;15;9;23;1153;1;2;3;1;6;119;, RUE D AUBERVILLIERS;;;;750
201500055347;15;9;25;1245;1;2;3;1;6;119;210, AVENUE JEAN JAURES;;;;750
201500055348;15;9;25;2125;5;2;1;1;6;119;74, RUE BOTZARIS;;;;750
201500055349;15;9;27;1535;1;2;2;1;6;119;89bis, RUE DE L OURCQ;;;;750
201500055350;15;9;30;1640;1;2;1;1;6;119;QUAI DE LA MARNE;;;;750
201500055351;15;10;1;1415;1;2;1;1;6;119;AVENUE SIMON BOLIVAR;;;;750
201500055352;15;10;2;1957;5;2;1;1;7;119;BOULEVARD PERIPHERIQUE I;;;;750
201500055353;15;10;9;300;5;2;5;1;4;119;1, RUE DE BELLEVILLE;;;;750
201500055354;15;10;10;430;5;2;5;1;6;119;RUE MANIN;;;;750
201500055355;15;10;14;2120;5;2;1;2;6;119;136, AVENUE DE FLANDRE;;;;750
201500055356;15;10;18;415;5;2;1;1;6;119;148, AVENUE JEAN JAURES;;;;750
201500055357;15;10;19;905;1;2;1;8;7;119;242, RUE DE CRIMEE;;;;750
201500055358;15;10;19;1540;1;2;1;1;2;119;79, AVENUE DE FLANDRE;;;;750
201500055359;15;10;21;2300;5;2;1;2;2;119;AVENUE DE LA PORTE D AUB;;;;750
201500055360;15;10;22;615;5;2;3;2;6;119;AVENUE CORENTIN CARIOU;;;;750
201500055361;15;10;22;1540;1;2;1;8;3;119;159, RUE MANIN;;;;750
201500055362;15;10;22;1900;5;2;3;2;7;119;136, BOULEVARD MACDONALD;;;;750
201500055363;15;10;26;1845;5;2;2;1;6;119;59, AVENUE DE FLANDRE;;;;750
201500055364;15;10;27;340;5;2;1;1;6;119;23, RUE DU HAINAUT;;;;750
201500055365;15;10;27;1425;1;2;1;1;3;119;AVENUE JEAN JAURES;;;;750
201500055366;15;10;28;1850;5;2;3;8;7;119;QUAI DE LA SEINE;;;;750
201500055367;15;10;29;5;5;2;4;1;3;119;337, RUE DE BELLEVILLE;;;;750
201500055368;15;11;2;1200;1;2;7;8;5;119;PLACE AUGUSTE BARON;;;;750
201500055369;15;11;3;750;1;2;3;1;5;119;214, AVENUE JEAN JAURES;;;;750
201500055370;15;11;3;850;1;2;2;2;6;119;36, RUE ALPHONSE KARR;;;;750
201500055371;15;11;5;1245;1;2;1;1;6;119;118, BOULEVARD DE LA VIL;;;;750
201500055372;15;11;5;2230;5;2;2;2;3;119;125, BOULEVARD SERURIER;;;;750
201500055373;15;11;6;1630;1;2;5;2;3;120;92, RUE DE BELLEVILLE;;;;750
201500055374;15;11;6;1719;5;2;3;2;7;119;RUE DE CRIMEE;;;;750
201500055375;15;11;6;2130;5;2;7;1;2;119;PLACE SKANDERBEG;;;;750
201500055376;15;11;7;325;5;2;3;1;5;119;70, AVENUE JEAN JAURES;;;;750
201500055377;15;11;7;1800;5;2;3;1;6;119;BOULEVARD DE LA VILLETTE;;;;750
201500055378;15;11;7;2344;5;2;3;1;6;119;10, AVENUE CORENTIN CARI;;;;750
201500055379;15;11;8;1430;1;2;3;1;3;119;10, BOULEVARD DE LA VILL;;;;750
201500055380;15;11;12;920;1;2;2;1;6;119;RUE DE COLMAR;;;;750
201500055381;15;11;12;1140;1;2;2;8;6;119;120, AVENUE DE FLANDRE;;;;750
201500055382;15;11;17;1020;1;2;2;2;7;119;29, BOULEVARD D ALGERIE;;;;750
201500055383;15;11;17;1640;2;2;2;2;2;119;102, AVENUE SIMON BOLIVA;;;;750
201500055384;15;11;23;850;1;2;1;1;2;119;111-113, BOULEVARD MACDO;;;;750
201500055385;15;11;23;1130;1;2;2;1;3;119;BOULEVARD MACDONALD;;;;750
201500055386;15;11;27;1620;1;2;1;1;6;119;173, RUE DE CRIMEE;;;;750
201500055387;15;11;30;630;5;2;1;1;3;119;191, BOULEVARD SERURIER;;;;750
201500055388;15;11;30;1345;1;2;5;1;6;119;1, RUE D AUBERVILLIERS;;;;750
201500055389;15;12;1;1426;1;2;1;8;3;119;BOULEVARD SERURIER;;;;750
201500055390;15;12;4;625;5;2;2;2;7;119;, AVENUE CORENTIN CARIOU;;;;750
201500055391;15;12;7;1750;5;2;1;1;6;119;134 A 140, RUE D AUBERVI;;;;750
201500055392;15;12;7;1750;2;2;4;1;6;119;61, RUE MANIN;;;;750
201500055393;15;12;9;1400;1;2;1;1;6;119;163, AVENUE JEAN JAURES;;;;750
201500055394;15;12;11;1825;5;2;1;1;6;119;91, RUE DE BELLEVILLE;;;;750
201500055395;15;12;14;1215;1;2;4;1;3;119;PLACE DE LA PORTE DE PAN;;;;750
201500055396;15;12;14;1500;1;2;1;1;3;119;BOULEVARD PERIPHERIQUE E;;;;750
201500055397;15;12;15;730;5;2;1;1;6;119;06, QUAI DE LA GARONNE;;;;750
201500055398;15;12;16;650;5;2;4;6;6;118;AVENUE DE LA PORTE D AUB;;;;750
201500055399;15;12;17;2345;5;2;1;3;6;119;135, RUE DE BELLEVILLE;;;;750
201500055400;15;12;18;245;5;2;2;1;3;119;RUE DAVID D ANGERS;;;;750
201500055401;15;12;19;1905;5;2;1;1;7;119;108, AVENUE SIMON BOLIVA;;;;750
201500055402;15;12;24;935;1;2;1;1;6;119;2, BOULEVARD DE LA VILLE;;;;750
201500055403;15;12;24;1400;1;2;1;1;6;119;12, RUE DES CARRIERES D;;;;750
201500055404;15;12;24;1345;1;2;1;1;3;119;134, AVENUE JEAN JAURES;;;;750
201500055405;15;12;28;2110;5;2;1;1;2;110;53, BOULEVARD DE LA VILL;;;;750
201500055406;15;12;30;627;2;2;3;1;3;119;66, BOULEVARD DE LA VILL;;;;750
201500055407;15;1;1;1910;5;2;7;1;3;120;0, PLACE DE LA PORTE DE;;;;750
201500055408;15;1;8;1820;5;2;2;2;3;111;0, BOULEVARD VOLTAIRE;;;;750
201500055409;15;1;11;1600;1;2;1;1;3;120;, AVENUE BENOIT FRACHON;;;;750
201500055410;15;1;10;2110;2;2;1;1;2;120;37, AVENUE GAMBETTA;;;;750
201500055411;15;1;12;1855;5;2;1;1;2;111;37, BOULEVARD DE MENILMO;;;;750
201500055412;15;1;12;1930;5;2;2;1;3;120;AVENUE IBSEN;;;;750
201500055413;15;1;13;930;1;2;3;1;4;120;0, PORTE DE BAGNOLET;;;;750
201500055414;15;1;15;1100;1;2;2;2;2;120;23, AVENUE DE LA PORTE D;;;;750
201500055415;15;1;15;1835;5;2;2;2;6;120;RUE DES PYRENEES;;;;750
201500055416;15;1;15;2000;5;2;3;9;7;120;6, AVENUE DE LA PORTE DE;;;;750
201500055417;15;1;16;1845;5;2;1;2;6;120;59, RUE D AVRON;;;;750
201500055418;15;1;19;1045;1;2;3;2;3;120;0, RUE DE LAGNY;;;;750
201500055419;15;1;19;1710;1;2;3;1;3;120;17, RUE D AVRON;;;;750
201500055420;15;1;19;1715;5;2;1;8;6;120;152, BOULEVARD DE CHARON;;;;750
201500055421;15;1;20;2220;4;2;1;1;5;120;126, RUE D AVRON;;;;750
201500055422;15;1;20;725;5;2;1;1;6;120;360, RUE DES PYRENEES;;;;750
201500055423;15;1;20;850;1;2;1;1;6;120;37, RUE BELGRAND;;;;750
201500055424;15;1;20;920;1;2;1;1;6;120;3, RUE DES PANOYAUX;;;;750
201500055425;15;1;20;1015;1;2;5;1;3;120;1, COURS DE VINCENNES;;;;750
201500055426;15;1;22;850;1;2;5;1;6;120;0, RUE DES PYRENEES;;;;750
201500055427;15;1;23;1040;1;2;5;1;3;120;23, COURS DE VINCENNES;;;;750
201500055428;15;1;23;1720;5;2;2;1;6;120;138, RUE DE BELLEVILLE;;;;750
201500055429;15;1;24;2345;5;2;2;1;6;120;4, AVENUE GAMBETTA;;;;750
201500055430;15;1;26;1140;1;2;1;2;6;120;93, AVENUE GAMBETTA;;;;750
201500055431;15;1;27;845;1;2;1;8;6;120;44, RUE DES PYRENEES;;;;750
201500055432;15;1;28;2045;5;2;7;1;6;120;PLACE DE LA PORTE DE MON;;;;750
201500055433;15;1;29;1645;1;2;1;3;6;120;108, RUE DE BAGNOLET;;;;750
201500055434;15;1;24;550;5;2;2;2;2;120;341, RUE DES PYRENEES;;;;750
201500055435;15;1;30;853;1;2;2;2;6;120;132, RUE PELLEPORT;;;;750
201500055436;15;1;30;1905;3;2;1;1;6;120;15, RUE LEON FRAPIE;;;;750
201500055437;15;1;31;1700;2;2;4;2;6;120;117, AVENUE GAMBETTA;;;;750
201500055438;15;1;31;2215;5;2;1;2;6;120;63, RUE DE MENILMONTANT;;;;750
201500055439;15;2;1;2150;5;2;7;1;3;120;6, PLACE GAMBETTA;;;;750
201500055440;15;2;2;2000;5;2;1;1;6;120;241, RUE DES PYRENEES;;;;750
201500055441;15;2;3;1230;1;2;2;1;3;120;0, RUE BELGRAND;;;;750
201500055442;15;2;5;1940;5;2;3;1;6;120;290, RUE DES PYRENEES;;;;750
201500055443;15;2;5;1935;5;2;2;1;6;120;24, RUE DES VIGNOLES;;;;750
201500055444;15;2;6;2355;5;2;3;1;6;120;151/153, BOULEVARD DAVOU;;;;750
201500055445;15;2;8;115;5;2;1;9;7;111;0, RUE GODEFROY CAVAIGNA;;;;750
201500055446;15;2;9;940;1;2;3;1;2;120;0, RUE DE BELLEVILLE;;;;750
201500055447;15;2;10;720;1;2;1;1;6;120;10, AVENUE DU PROFESSEUR;;;;750
201500055448;15;2;10;1310;1;2;7;1;3;120;0, PLACE DE LA PORTE DE;;;;750
201500055449;15;2;12;845;1;2;2;1;6;120;0, RUE BELGRAND;;;;750
201500055450;15;2;13;1050;1;2;1;1;6;120;143, RUE DES PYRENEES;;;;750
201500055451;15;2;13;1730;2;2;1;2;6;120;10, AVENUE DU PROFESSEUR;;;;750
201500055452;15;2;14;1245;1;2;2;8;6;120;, AVENUE DE LA PORTE DE;;;;750
201500055453;15;2;14;2015;5;2;1;2;3;120;98, RUE DE BAGNOLET;;;;750
201500055454;15;2;18;144;5;2;1;1;6;120;18, BOULEVARD DE MENILMO;;;;750
201500055455;15;2;20;205;5;2;2;1;2;120;8, BOULEVARD DE MENILMON;;;;750
201500055456;15;2;21;615;5;2;1;8;2;120;184, METRO PYRENEES;;;;750
201500055457;15;2;21;2230;5;2;2;1;3;120;12, BOULEVARD DE CHARONN;;;;750
201500055458;15;2;22;1445;1;2;2;1;6;120;65, RUE DE BAGNOLET;;;;750
201500055459;15;2;24;645;3;2;1;1;6;120;0, BOULEVARD PERIPHERIQU;;;;750
201500055460;15;2;26;1845;5;2;2;3;3;120;25, BOULEVARD DAVOUT;;;;750
201500055461;15;2;26;2245;5;2;5;2;7;120;AVENUE GAMBETTA;;;;750
201500055462;15;2;27;2325;5;2;2;8;6;120;RUE DES AMANDIERS;;;;750
201500055463;15;3;3;1158;1;2;2;2;3;120;0, RUE BELGRAND;;;;750
201500055464;15;3;3;1405;1;2;1;1;7;120;64, RUE BELGRAND;;;;750
201500055465;15;3;4;830;1;2;1;1;6;120;2, RUE SCHUBERT;;;;750
201500055466;15;3;4;2105;5;2;3;1;3;120;137, RUE DE BAGNOLET;;;;750
201500055467;15;3;5;820;1;2;1;1;3;120;5, AVENUE DE LA PORTE DE;;;;750
201500055468;15;3;6;1200;1;2;3;1;6;120;118, RUE D AVRON;;;;750
201500055469;15;3;6;1800;1;2;1;1;6;120;S-8517, COURS DE VINCENN;;;;750
201500055470;15;3;8;1520;1;2;7;1;3;120;7, PLACE GAMBETTA;;;;750
201500055471;15;3;8;1835;2;2;3;1;6;120;343, RUE DES PYRENEES;;;;750
201500055472;15;3;10;140;4;2;2;2;6;120;109, COURS DE VINCENNES;;;;750
201500055473;15;3;10;1405;1;2;1;1;6;120;161, RUE DE MENILMONTANT;;;;750
201500055474;15;3;12;50;5;2;5;1;7;120;BOULEVARD DAVOUT;;;;750
201500055475;15;3;13;255;5;2;2;1;3;120;94, RUE D AVRON;;;;750
201500055476;15;3;14;1844;1;2;1;1;5;120;179, RUE DE BAGNOLET;;;;750
201500055477;15;3;16;2040;5;2;3;1;2;120;28, RUE DE BAGNOLET;;;;750
201500055478;15;3;17;1810;1;2;2;1;3;120;0, RUE DES PYRENEES;;;;750
201500055479;15;3;17;1845;2;2;1;1;7;120;29, AVENUE GAMBETTA;;;;750
201500055480;15;3;17;2000;5;2;2;1;6;120;155, RUE DES PYRENEES;;;;750
201500055481;15;3;20;1635;1;2;2;1;7;120;67, RUE DES PYRENEES;;;;750
201500055482;15;3;23;830;1;2;5;1;6;120;19, RUE ETIENNE MAREY;;;;750
201500055483;15;3;23;1330;1;2;2;1;6;120;105, RUE DE MENILMONTANT;;;;750
201500055484;15;3;24;930;1;2;1;1;6;120;0, AVENUE GAMBETTA;;;;750
201500055485;15;3;30;1630;1;2;2;1;3;120;48, BOULEVARD DE BELLEVI;;;;750
201500055486;15;3;31;1200;1;2;1;1;6;120;RUE DU TELEGRAPHE;;;;750
201500055487;15;3;31;2030;5;2;1;1;6;120;67, BOULEVARD MORTIER;;;;750
201500055488;15;4;1;2120;5;2;3;1;3;120;24, RUE DE BAGNOLET;;;;750
201500055489;15;4;3;1225;1;2;1;1;6;120;64, BOULEVARD DE CHARONN;;;;750
201500055490;15;4;4;1500;1;2;3;1;3;120;173, RUE DE BAGNOLET;;;;750
201500055491;15;4;4;2110;5;2;1;1;3;120;391, RUE DES PYRENEES;;;;750
201500055492;15;4;10;750;1;2;1;1;6;120;75, COURS DE VINCENNES;;;;750
201500055493;15;4;11;40;5;2;1;1;6;120;43, COURS DE VINCENNES;;;;750
201500055494;15;4;12;1030;1;2;2;1;3;120;63, RUE DES PYRENEES;;;;750
201500055495;15;4;15;1507;1;2;1;1;6;120;84, RUE DES ORTEAUX;;;;750
201500055496;15;4;15;1625;1;2;1;1;6;120;14, RUE ETIENNE DOLET;;;;750
201500055497;15;4;18;2315;5;2;7;1;3;120;82, PLACE DE LA PORTE DE;;;;750
201500055498;15;4;18;24;5;2;1;1;6;120;51, RUE SAINT FARGEAU;;;;750
201500055499;15;4;18;1115;1;2;1;1;6;120;42, RUE LOUIS LUMIERE;;;;750
201500055500;15;4;19;1335;1;2;1;1;6;120;47, RUE DE LA CROIX SAIN;;;;750
201500055501;15;4;20;850;1;2;1;1;6;120;16, RUE DE LA COUR DES N;;;;750
201500055502;15;4;20;1002;1;2;1;1;6;120;109, RUE DE BAGNOLET;;;;750
201500055503;15;4;20;1340;1;2;5;1;6;120;113, RUE DES PYRENEES;;;;750
201500055504;15;4;22;1540;1;2;2;1;3;120;0, RUE DU COMMANDANT L H;;;;750
201500055505;15;4;22;1315;1;2;1;3;6;120;0, BOULEVARD PERIPHERIQU;;;;750
201500055506;15;4;23;1010;1;2;1;1;6;120;109-121, BOULEVARD MORTI;;;;750
201500055507;15;4;23;1955;1;2;1;1;6;120;49, RUE PIXERECOURT;;;;750
201500055508;15;4;24;920;1;2;1;1;6;120;115, RUE DES AMANDIERS;;;;750
201500055509;15;4;24;1900;1;2;1;1;4;120;178, RUE DE BAGNOLET;;;;750
201500055510;15;4;27;650;2;2;1;1;6;120;78, BOULEVARD MORTIER;;;;750
201500055511;15;4;30;1240;1;2;4;3;7;120;AVENUE CARTELLIER;;;;750
201500055512;15;5;4;1105;1;2;1;1;3;120;08, AVENUE LEON GAUMONT;;;;750
201500055513;15;5;4;1215;1;2;1;1;3;120;10, AVENUE GAMBETTA;;;;750
201500055514;15;5;6;2030;1;2;1;1;6;120;62, BOULEVARD DAVOUT;;;;750
201500055515;15;5;7;2040;2;2;1;1;6;120;343, RUE DES PYRENEES;;;;750
201500055516;15;5;9;215;5;2;1;1;2;120;62, MARCHE BELGRAND;;;;750
201500055517;15;5;9;1745;1;2;5;1;6;120;S-21086, RUE SORBIER;;;;750
201500055518;15;5;11;1630;1;2;2;1;3;120;25, BOULEVARD DAVOUT;;;;750
201500055519;15;5;12;1615;1;2;3;3;3;120;0, COURS DE VINCENNES;;;;750
201500055520;15;5;14;2045;2;2;1;1;1;120;0, RUE DE BAGNOLET;;;;750
201500055521;15;5;15;1015;1;2;3;1;3;120;XX-2619, RUE DES PYRENEE;;;;750
201500055522;15;5;17;1400;1;2;1;1;6;120;66, BOULEVARD DE CHARONN;;;;750
201500055523;15;5;18;1125;1;2;5;1;2;120;AVENUE CARTELLIER;;;;750
201500055524;15;5;19;1325;1;2;1;1;6;120;33, RUE DE MENILMONTANT;;;;750
201500055525;15;5;23;1200;1;2;2;1;2;120;S51493, AVENUE IBSEN;;;;750
201500055526;15;5;26;1010;1;2;3;1;3;120;AVENUE DE LA PORTE DE MO;;;;750
201500055527;15;5;28;1955;1;2;2;1;6;120;0, RUE DES DOCTEURS DEJE;;;;750
201500055528;15;5;29;215;5;2;2;1;3;120;0, AVENUE GAMBETTA;;;;750
201500055529;15;5;29;810;1;2;4;2;3;120;0, AVENUE IBSEN;;;;750
201500055530;15;5;31;200;5;2;2;1;1;120;134, RUE DE BELLEVILLE;;;;750
201500055531;15;6;1;50;3;2;2;2;7;120;angle, RUE DES PYRENEES;;;;750
201500055532;15;5;31;235;5;2;1;1;6;120;6, RUE DES PARTANTS;;;;750
201500055533;15;6;2;1540;1;2;3;1;6;120;23, RUE HOUDART;;;;750
201500055534;15;6;3;2020;1;2;2;1;6;120;02, RUE DES PYRENEES;;;;750
201500055535;15;7;8;1930;1;2;4;1;2;120;S-51484, AVENUE IBSEN;;;;750
201500055536;15;6;4;1650;1;2;1;1;6;120;16, RUE DE FONTARABIE;;;;750
201500055537;15;6;5;840;1;2;1;1;6;120;31bis, AVENUE GAMBETTA;;;;750
201500055538;15;6;5;1555;1;2;1;1;6;120;74, RUE BELGRAND;;;;750
201500055539;15;6;9;1705;1;2;1;1;6;120;75, RUE DE MENILMONTANT;;;;750
201500055540;15;6;9;1835;1;2;1;1;6;120;57, RUE SAINT BLAISE;;;;750
201500055541;15;6;10;2130;1;2;1;1;5;120;BOULEVARD PERIPHERIQUE E;;;;750
201500055542;15;6;11;730;1;2;1;1;2;120;36, BOULEVARD DAVOUT;;;;750
201500055543;15;6;11;2325;5;2;2;1;6;120;208, RUE DE BELLEVILLE;;;;750
201500055544;15;6;11;1250;1;2;1;1;2;120;06, AVENUE DU PROFESSEUR;;;;750
201500055545;15;6;12;1055;1;2;3;1;3;120;8, RUE BELGRAND;;;;750
201500055546;15;6;15;2105;1;2;1;1;3;120;154, BOULEVARD DAVOUT;;;;750
201500055547;15;6;16;1045;1;2;1;1;3;120;102, RUE DES ORTEAUX;;;;750
201500055548;15;6;17;1500;1;2;1;1;6;120;145, AVENUE GAMBETTA;;;;750
201500055549;15;6;17;1520;1;2;1;1;4;120;132, BOULEVARD DE CHARON;;;;750
201500055550;15;6;18;1750;1;2;3;1;3;120;80, BOULEVARD DE CHARONN;;;;750
201500055551;15;6;19;100;5;2;2;1;3;120;137, RUE DE BAGNOLET;;;;750
201500055552;15;6;20;1625;1;2;1;1;6;120;0, RUE BELGRAND;;;;750
201500055553;15;6;23;900;1;2;1;1;3;120;BOULEVARD DE BELLEVILLE;;;;750
201500055554;15;6;25;820;1;2;2;1;1;120;RUE DES PYRENEES;;;;750
201500055555;15;6;25;2210;5;2;1;1;6;119;73, RUE DE BELLEVILLE;;;;750
201500055556;15;6;29;1500;1;2;1;1;2;120;55, RUE DES PYRENEES;;;;750
201500055557;15;6;29;1700;1;2;1;1;3;120;ECHANGEUR MONTREUIL;;;;750
201500055558;15;6;29;1930;1;2;1;1;6;119;71, RUE DE BELLEVILLE;;;;750
201500055559;15;6;30;2045;2;2;1;1;2;120;25, RUE HENRI CHEVREAU;;;;750
201500055560;15;7;1;850;1;2;2;1;3;120;17, RUE BELGRAND;;;;750
201500055561;15;7;4;1;5;2;2;1;6;119;23, AVENUE DE FLANDRE;;;;750
201500055562;15;7;4;1410;1;2;2;1;3;120;AVENUE IBSEN;;;;750
201500055563;15;7;4;2115;2;2;1;1;2;120;41, BOULEVARD DAVOUT;;;;750
201500055564;15;7;5;2100;2;2;7;3;3;120;AVENUE GAMBETTA;;;;750
201500055565;15;7;7;2130;2;2;2;8;3;120;135, RUE DE MENILMONTANT;;;;750
201500055566;15;7;8;825;1;2;3;1;3;120;17, RUE MENDELSSOHN;;;;750
201500055567;15;7;8;1350;1;2;5;1;4;120;1, RUE D AVRON;;;;750
201500055568;15;7;9;1;5;2;2;1;6;120;67, BOULEVARD DAVOUT;;;;750
201500055569;15;7;9;1615;1;2;2;1;3;120;58, BOULEVARD MORTIER;;;;750
201500055570;15;7;11;1600;1;2;2;1;5;120;BOULEVARD DAVOUT;;;;750
201500055571;15;7;14;110;5;2;2;1;3;120;155, RUE DES PYRENEES;;;;750
201500055572;15;7;15;1125;1;2;5;1;3;120;BOULEVARD MORTIER;;;;750
201500055573;15;7;17;1530;1;2;2;1;6;120;4, RUE PIXERECOURT;;;;750
201500055574;15;7;22;1955;1;2;2;1;6;120;12, BOULEVARD DE CHARONN;;;;750
201500055575;15;7;27;1004;1;2;3;2;3;120;24, RUE PELLEPORT;;;;750
201500055576;15;7;27;2130;2;2;1;1;1;120;2, RUE DES PARTANTS;;;;750
201500055577;15;7;29;1835;1;2;1;1;6;120;4, RUE PAUL JEAN TOULET;;;;750
201500055578;15;7;31;1300;1;2;1;1;3;120;58, RUE D AVRON;;;;750
201500055579;15;8;1;1630;1;2;1;1;6;120;145, BOULEVARD DAVOUT;;;;750
201500055580;15;8;2;1930;1;2;2;1;3;120;/, AVENUE DE LA PORTE DE;;;;750
201500055581;15;8;6;1520;1;2;2;1;3;120;RUE DU CAPITAINE FERBER;;;;750
201500055582;15;8;6;1915;1;2;1;1;6;120;178, BOULEVARD DE CHARON;;;;750
201500055583;15;8;7;1635;1;2;1;3;2;120;75, RUE PIXERECOURT;;;;750
201500055584;15;8;8;1140;1;2;2;1;6;120;67, BOULEVARD DAVOUT;;;;750
201500055585;15;8;12;915;1;2;7;1;6;120;2, RUE BELGRAND;;;;750
201500055586;15;8;20;1750;1;2;1;1;6;120;BOULEVARD DE MENILMONTAN;;;;750
201500055587;15;8;21;153;5;2;2;1;2;120;383, RUE DES PYRENEES;;;;750
201500055588;15;8;23;630;1;2;3;1;2;112;152, BOULEVARD DIDEROT;;;;750
201500055589;15;8;23;1250;1;2;2;2;6;120;7, RUE DU JOURDAIN;;;;750
201500055590;15;8;24;1220;1;2;2;2;6;120;RUE D AVRON;;;;750
201500055591;15;8;25;2045;5;2;1;2;6;120;126, RUE D AVRON;;;;750
201500055592;15;8;27;1020;1;2;2;3;6;120;RUE DE BUZENVAL;;;;750
201500055593;15;8;27;1350;1;2;5;2;6;120;92, RUE DE BELLEVILLE;;;;750
201500055594;15;8;29;2200;5;2;3;1;2;120;25, RUE DES PYRENEES;;;;750
201500055595;15;9;1;530;5;2;1;2;2;120;BOULEVARD PERIPHERIQUE;;;;750
201500055596;15;9;4;1500;1;2;1;1;2;120;2, RUE ORFILA;;;;750
201500055597;15;9;5;1910;1;2;1;1;6;120;95, RUE DE MENILMONTANT;;;;750
201500055598;15;9;7;1045;1;2;1;1;7;120;27, RUE DE LA CHINE;;;;750
201500055599;15;9;4;1215;1;2;1;1;6;120;6, RUE ETIENNE DOLET;;;;750
201500055600;15;9;9;710;1;2;4;1;6;120;8 BIS, RUE BELGRAND;;;;750
201500055601;15;9;9;915;1;2;2;1;2;120;AVENUE CARTELLIER;;;;750
201500055602;15;9;9;2145;5;2;1;1;2;120;227, BOULEVARD DAVOUT;;;;750
201500055603;15;9;10;1240;1;2;3;1;6;120;02, VILLA DES PYRENEES;;;;750
201500055604;15;9;12;123;5;2;2;1;6;120;145, RUE D AVRON;;;;750
201500055605;15;9;14;1600;1;2;1;1;2;120;1, AVENUE DU DOCTEUR GLE;;;;750
201500055606;15;9;16;1730;1;2;1;2;3;120;7, PLACE GAMBETTA;;;;750
201500055607;15;9;17;310;5;2;1;1;1;119;64, AVENUE JEAN JAURES;;;;750
201500055608;15;9;17;820;1;2;1;1;6;120;69, RUE DES PYRENEES;;;;750
201500055609;15;9;12;2350;5;2;1;1;6;120;144, RUE D AVRON;;;;750
201500055610;15;9;18;1108;1;2;2;1;6;120;38, AVENUE GAMBETTA;;;;750
201500055611;15;9;18;1435;1;2;2;1;3;120;224, RUE DES PYRENEES;;;;750
201500055612;15;9;18;2020;5;2;1;2;6;120;46, BOULEVARD DE MENILMO;;;;750