num_acc;an;mois;jour;hrmn;lum;agg;int;atm;col;com;adr;gps;lat;long;dep
201500055922;15;8;1;1015;1;2;5;1;3;112;AVENUE DE LA PORTE DE CH;;;;750
201500055923;15;8;1;1515;1;2;1;1;1;112;/, PONT D AUSTERLITZ;;;;750
201500055924;15;8;1;2152;5;2;2;1;3;107;QUAI ANATOLE FRANCE;;;;750
201500055925;15;8;4;1414;1;2;1;1;6;111;131, BOULEVARD DE MENILM;M;4886639;238275;750
201500055926;15;8;9;1549;1;2;1;1;1;111;BOULEVARD RICHARD LENOIR;;;;750
201500055927;15;8;9;2222;5;2;3;1;6;114;06, AVENUE PAUL APPELL;;;;750
201500055928;15;8;10;1500;1;2;1;1;6;120;PORTE DE BAGNOLET;;;;750
201500055929;15;8;11;1815;1;2;4;1;6;120;AVENUE CARTELLIER;;;;750
201500055930;15;8;11;1917;1;2;2;1;6;103;03, RUE BLONDEL;;;;750
201500055931;15;8;12;825;1;2;1;1;6;101;PONT ROYAL;;;;750
201500055932;15;8;12;2233;5;2;5;1;3;101;23, AVENUE DE L OPERA;;;;750
201500055933;15;8;13;1345;1;2;2;1;6;102;105, BOULEVARD DE SEBAST;;;;750
201500055934;15;8;14;523;5;2;1;2;6;119;196, BOULEVARD DE LA VIL;;;;750
201500055935;15;8;14;608;5;2;7;1;3;106;PLACE SAINT MICHEL;;;;750
201500055936;15;8;17;839;1;2;2;1;3;109;RUE DE BRUXELLES;;;;750
201500055937;15;8;17;1015;1;2;1;1;6;113;PONT DE BERCY;;;;750
201500055938;15;8;17;1609;1;2;1;1;6;110;29, RUE DU TERRAGE;M;4887757;236186;750
201500055939;15;8;19;1328;1;2;2;1;3;107;BOULEVARD DES INVALIDES;;;;750
201500055940;15;8;21;416;5;2;2;1;3;115;55/57, BOULEVARD PASTEUR;;;;750
201500055941;15;8;21;1010;1;2;1;1;6;116;13, BOULEVARD MURAT;M;4884667;225806;750
201500055942;15;8;22;1800;1;2;3;1;6;117;133, AVENUE DE SAINT OUE;;;;750
201500055943;15;8;23;538;2;2;2;1;6;112;RUE DE CHARENTON;M;4884233;238632;750
201500055944;15;8;23;1838;1;2;1;1;3;112;QUAI DE LA RAPEE;;;;750
201500055945;15;8;24;955;1;2;1;2;3;106;17, QUAI MALAQUAIS;;;;750
201500055946;15;8;29;329;5;2;3;1;6;104;1, BOULEVARD MORLAND;;;;750
201500055947;15;8;29;1930;2;2;1;1;6;118;11, RUE DE LA GOUTTE D O;;;;750
201500055948;15;8;30;2120;5;2;1;1;6;110;153, RUE LA FAYETTE;;;;750
201500055949;15;8;31;600;5;2;4;1;2;118;62, AVENUE DE CLICHY;;;;750
201500055950;15;8;31;1900;1;2;7;1;7;105;PLACE VALHUBERT;;;;750
201500055951;15;9;2;1525;1;2;1;1;6;115;196, RUE DE LA CONVENTIO;;;;750
201500055952;15;9;3;34;5;2;2;1;3;105;46, RUE SAINT JACQUES;;;;750
201500055953;15;9;3;2312;5;2;7;1;3;116;AVENUE DE LA PORTE DE SA;;;;750
201500055954;15;9;4;1537;1;2;2;1;3;109;BOULEVARD HAUSSMANN;;;;750
201500055955;15;9;7;1830;1;2;4;1;7;107;22, RUE DE SEVRES;;;;750
201500055956;15;9;8;945;1;2;1;1;6;120;BOULEVARD PERIPHERIQUE E;;;;750
201500055957;15;9;9;528;5;2;5;1;6;116;98, AVENUE HENRI MARTIN;;;;750
201500055958;15;9;9;1445;1;2;1;1;3;114;115, BOULEVARD BRUNE;;;;750
201500055959;15;9;10;1600;1;2;1;1;4;116;BOULEVARD PERIPHERIQUE I;;;;750
201500055960;15;9;10;1645;1;2;3;1;3;106;5, QUAI DE CONTI;;;;750
201500055961;15;9;11;6;5;2;4;1;7;115;PLACE DU MOULIN DE JAVEL;;;;750
201500055962;15;9;11;1320;1;2;1;1;3;107;35, QUAI D ORSAY;;;;750
201500055963;15;9;11;1453;1;2;1;1;4;114;5 BIS, RUE D ALESIA;;;;750
201500055964;15;9;11;2212;5;2;4;1;6;104;VOIE GEORGES POMPIDOU;;;;750
201500055965;15;9;12;1035;1;2;1;3;6;117;145, BOULEVARD MALESHERB;;;;750
201500055966;15;9;15;547;5;2;2;1;3;116;86, BOULEVARD EXELMANS;;;;750
201500055967;15;9;15;1723;1;2;1;1;6;116;BOULEVARD PERIPHERIQUE I;;;;750
201500055968;15;9;16;615;5;2;5;2;6;108;PONT ALEXANDRE III;;;;750
201500055969;15;9;17;210;5;2;5;1;3;119;RUE CURIAL;;;;750
201500055970;15;9;18;343;5;2;1;1;7;112;VOIE GEORGES POMPIDOU;;;;750
201500055971;15;9;19;318;5;2;7;1;3;114;PLACE DENFERT ROCHEREAU;;;;750
201500055972;15;9;21;625;5;2;1;1;3;107;29, BOULEVARD DES INVALI;;;;750
201500055973;15;9;22;1236;1;2;1;3;6;117;06, AVENUE DE LA PORTE D;;;;750
201500055974;15;9;22;1655;1;2;2;1;3;114;BOULEVARD BRUNE;M;;;750
201500055975;15;9;23;10;5;2;1;2;2;108;34, AVENUE DES CHAMPS EL;;;;750
201500055976;15;9;23;133;5;2;2;1;2;106;01, BOULEVARD DU MONTPAR;;;;750
201500055977;15;9;24;5;5;2;3;1;2;107;RUE DES SAINTS PERES;;;;750
201500055978;15;9;24;903;1;2;5;1;3;106;QUAI DES GRANDS AUGUSTIN;;;;750
201500055979;15;9;24;1655;1;2;1;1;6;113;05, RUE DAMESME;;;;750
201500055980;15;9;24;1654;1;2;2;1;3;112;QUAI DE LA RAPEE;;;;750
201500055981;15;9;26;323;5;2;4;1;6;117;67, AVENUE DE CLICHY;;;;750
201500055982;15;9;27;650;2;2;1;1;2;112;BOULEVARD PERIPHERIQUE I;;;;750
201500055983;15;9;27;1815;1;2;1;1;6;119;55, RUE DE L OURCQ;;;;750
201500055984;15;9;28;42;5;2;2;1;3;108;116, AVENUE DES CHAMPS E;;;;750
201500055985;15;9;29;908;1;2;7;1;3;116;PLACE DE VARSOVIE;;;;750
201500055986;15;9;30;1020;1;2;7;1;3;116;111, BOULEVARD SUCHET;;;;750
201500055987;15;9;30;1610;1;2;1;1;1;117;RUE CARDINET;;;;750
201500055988;15;9;30;1920;5;2;1;1;3;117;113, AVENUE DE SAINT OUE;;;;750
201500055989;15;10;1;115;5;2;1;1;6;113;BOULEVARD PERIPHERIQUE I;;;;750
201500055990;15;10;1;1351;1;2;5;1;3;117;AVENUE STEPHANE MALLARME;M;4888744;-229470;750
201500055991;15;10;6;1145;1;2;5;2;6;103;89, RUE DE TURBIGO;;;;750
201500055992;15;10;7;932;1;2;1;1;6;113;80, RUE DE TOLBIAC;M;4882700;236639;750
201500055993;15;10;7;1827;1;2;2;1;6;117;51, RUE DES EPINETTES;;;;750
201500055994;15;10;8;840;1;2;7;1;1;117;02, RUE DE THANN;M;4888077;230911;750
201500055995;15;10;8;2039;5;2;1;1;6;109;36, RUE DE PROVENCE;;;;750
201500055996;15;10;10;2247;5;2;1;1;6;119;111, RUE DE MEAUX;;;;750
201500055997;15;10;12;2309;5;2;3;1;6;116;AVENUE DU PRESIDENT KENN;;;;750
201500055998;15;10;15;1637;1;2;5;1;3;115;, AVENUE EMILE ZOLA;;;;750
201500055999;15;10;15;2028;5;2;5;1;3;116;56, AVENUE MARCEAU;;;;750
201500056000;15;10;16;2330;5;2;2;1;6;112;35, RUE DE LYON;;;;750
201500056001;15;10;17;2124;5;2;1;2;6;116;AVENUE DU GENERAL SARRAI;;;;750
201500056002;15;10;18;2046;5;2;7;1;3;118;BOULEVARD DE LA CHAPELLE;;;;750
201500056003;15;10;19;1539;1;2;1;1;6;103;RUE DE BRETAGNE;;;;750
201500056004;15;10;21;2030;5;2;1;2;6;117;24, BOULEVARD BESSIERES;;;;750
201500056005;15;10;22;1043;1;2;7;1;3;119;/, PLACE SKANDERBEG;;;;750
201500056006;15;10;24;442;5;2;3;1;3;111;BOULEVARD VOLTAIRE;;;;750
201500056007;15;10;25;2007;5;2;3;1;3;112;327, RUE DE CHARENTON;;;;750
201500056008;15;10;26;1747;1;2;1;1;3;101;VOIE GEORGES POMPIDOU;;;;750
201500056009;15;10;26;1929;5;2;3;1;2;116;28, AVENUE VICTOR HUGO;M;4887191;229050;750
201500056010;15;10;27;1501;1;2;1;1;6;112;BOULEVARD PERIPHERIQUE I;;;;750
201500056011;15;10;28;253;5;2;1;2;6;110;53, BOULEVARD DE MAGENTA;;;;750
201500056012;15;10;28;512;5;2;2;2;1;116;ALLEE DE LONGCHAMP;;;;750
201500056013;15;10;29;1933;2;2;1;1;2;115;72, RUE HENRY FARMAN;;;;750
201500056014;15;10;29;2217;5;2;7;1;3;116;PLACE DE COLOMBIE;;;;750
201500056015;15;10;30;2150;5;2;2;1;3;108;43, RUE DE ROME;;;;750
201500056016;15;10;31;139;4;2;4;1;6;112;48, BOULEVARD DE BERCY;;;;750
201500056017;15;10;31;2143;5;2;5;1;6;116;84, AVENUE PAUL DOUMER;;;;750
201500056018;15;11;1;540;5;2;1;1;6;111;07, RUE DE CHARONNE;;;;750
201500056019;15;11;3;835;1;2;5;1;3;107;AVENUE DE BRETEUIL;M;4885144;231242;750
201500056020;15;11;5;2300;5;2;2;1;3;101;RUE DE RIVOLI;;;;750
201500056021;15;11;7;2;5;2;5;1;3;116;AVENUE FOCH;;;;750
201500056022;15;11;7;1145;1;2;1;1;6;113;87, RUE DE LA SANTE;;;;750
201500056023;15;11;7;1733;2;2;1;1;6;120;18, RUE DE MENILMONTANT;;;;750
201500056024;15;11;8;1810;5;2;3;1;6;115;86, AVENUE FELIX FAURE;;;;750
201500056025;15;11;9;2009;5;2;1;1;3;115;BOULEVARD PERIPHERIQUE E;;;;750
201500056026;15;11;10;155;5;2;5;1;6;101;/, AVENUE DE L OPERA;;;;750
201500056027;15;11;10;1250;1;2;5;1;3;120;106, RUE DES PYRENEES;;;;750
201500056028;15;11;10;2028;5;2;1;1;4;116;BOULEVARD PERIPHERIQUE I;;;;750
201500056029;15;11;10;2305;5;2;3;1;6;111;39, AVENUE PHILIPPE AUGU;;;;750
201500056030;15;11;11;1631;1;2;2;2;3;116;RUE MOLITOR;;;;750
201500056031;15;11;11;2039;5;2;1;4;5;112;BOULEVARD PERIPHERIQUE I;;;;750
201500056032;15;11;13;1145;1;2;2;1;6;109;73, RUE SAINT LAZARE;M;4887624;233170;750
201500056033;15;11;13;1959;5;2;2;1;3;103;BOULEVARD DU TEMPLE;;;;750
201500056034;15;11;14;115;5;2;1;1;6;118;45, RUE DU DOCTEUR BABIN;;;;750
201500056035;15;11;14;2055;5;2;2;1;5;115;103, RUE CAMBRONNE;;;;750
201500056036;15;11;16;2010;5;2;3;2;3;116;AVENUE HENRI MARTIN;;;;750
201500056037;15;11;18;1430;1;2;3;1;6;115;216, RUE DE VAUGIRARD;;;;750
201500056038;15;11;18;1830;5;2;3;1;6;118;130, BOULEVARD NEY;;;;750
201500056039;15;11;20;225;5;2;4;3;6;117;BOULEVARD PERIPHERIQUE E;;;;750
201500056040;15;11;20;500;5;2;2;3;3;114;143, BOULEVARD BRUNE;;;;750
201500056041;15;11;20;1752;5;2;2;2;6;106;58, BOULEVARD RASPAIL;;;;750
201500056042;15;11;22;1453;1;2;2;7;6;110;113, RUE DU FAUBOURG SAI;;;;750
201500056043;15;11;23;145;5;2;2;1;6;105;59, RUE GEOFFROY SAINT H;;;;750
201500056044;15;11;23;1943;5;2;7;1;3;119;PLACE DE LA PORTE DE PAN;;;;750
201500056045;15;11;24;1139;1;2;4;1;6;116;53, AVENUE KLEBER;;;;750
201500056046;15;11;24;1235;1;2;1;1;6;116;60, AVENUE PAUL DOUMER;;;;750
201500056047;15;11;24;1648;2;2;1;3;2;108;116-118, AVENUE DES CHAM;;;;750
201500056048;15;11;25;2;5;2;5;8;3;106;84, BOULEVARD RASPAIL;;;;750
201500056049;15;11;26;1215;1;2;2;1;6;112;AVENUE DE NOGENT;;;;750
201500056050;15;11;28;27;5;2;3;2;4;116;30, AVENUE DU PRESIDENT;;;;750
201500056051;15;11;30;305;5;2;4;1;6;112;VOIE GEORGES POMPIDOU;;;;750
201500056052;15;11;30;958;1;2;1;2;2;105;PONT D AUSTERLITZ;;;;750
201500056053;15;11;30;1502;1;2;1;1;3;116;143, AVENUE DE VERSAILLE;;;;750
201500056054;15;12;1;650;1;2;7;1;2;104;RUE DE LA CITE;;;;750
201500056055;15;12;2;2118;1;2;2;1;1;120;168, RUE DE BELLEVILLE;;;;750
201500056056;15;12;3;908;1;2;2;1;3;114;15, BOULEVARD ROMAIN ROL;;;;750
201500056057;15;12;3;900;1;2;1;1;6;109;PLACE DE L OPERA;;;;750
201500056058;15;12;4;11;5;2;2;2;3;111;17/19, RUE DU PASTEUR WA;;;;750
201500056059;15;12;5;1753;5;2;3;1;6;120;106, RUE DE BAGNOLET;;;;750
201500056060;15;12;6;2225;5;2;2;1;3;119;111, RUE DE BELLEVILLE;;;;750
201500056061;15;12;7;1230;1;2;2;1;3;116;RUE GEORGE SAND;;;;750
201500056062;15;12;7;1809;5;2;7;1;3;108;PLACE DU HAVRE;;;;750
201500056063;15;12;8;1319;1;2;2;2;6;119;103, AVENUE SIMON BOLIVA;;;;750
201500056064;15;12;9;2217;5;2;2;1;3;108;AVENUE DES CHAMPS ELYSEE;;;;750
201500056065;15;12;10;2035;5;2;2;1;6;107;QUAI D ORSAY;;;;750
201500056066;15;12;11;1314;1;2;3;1;3;105;14, RUE DES FOSSES SAINT;;;;750
201500056067;15;12;13;5;5;2;4;1;3;118;43, RUE DU DEPARTEMENT;;;;750
201500056068;15;12;13;852;2;2;2;1;3;110;41, RUE DU FAUBOURG SAIN;;;;750
201500056069;15;12;13;1820;2;2;5;1;2;109;03, RUE DROUOT;;;;750
201500056070;15;12;15;801;2;2;1;8;6;118;41, RUE VAUVENARGUES;;;;750
201500056071;15;12;15;1815;5;2;1;3;6;117;196, BOULEVARD MALESHERB;M;4888909;230425;750
201500056072;15;12;17;1650;2;2;1;1;6;115;90, BOULEVARD DE GRENELL;;;;750
201500056073;15;12;17;1745;5;2;2;1;3;113;RUE DE LA POTERNE DES PE;;;;750
201500056074;15;12;17;2007;5;2;4;1;6;108;COURS ALBERT 1ER;;;;750
201500056075;15;12;18;207;5;2;2;1;3;116;ALLEE DE LONGCHAMP;;;;750
201500056076;15;12;18;1600;1;2;3;1;3;115;33 bis, RUE MADEMOISELLE;;;;750
201500056077;15;12;18;1649;1;2;3;1;6;104;20, RUE DE RIVOLI;;;;750
201500056078;15;12;18;2159;5;2;2;1;3;105;26, BOULEVARD SAINT MICH;;;;750
201500056079;15;12;20;1930;5;2;7;1;3;109;PLACE PIGALLE;;;;750
201500056080;15;12;21;1030;1;2;1;1;3;119;BOULEVARD PERIPHERIQUE E;;;;750
201500056081;15;12;21;1405;1;2;1;1;4;120;BOULEVARD PERIPHERIQUE I;;;;750
201500056082;15;12;21;2058;5;2;3;1;6;116;BOULEVARD D AUTEUIL   BO;;;;750
201500056083;15;12;22;1456;1;2;2;1;6;106;58, RUE DE VAUGIRARD;;;;750
201500056084;15;12;23;1500;1;2;1;1;6;115;243, RUE DE VAUGIRARD;;;;750
201500056085;15;12;24;1515;1;2;2;1;6;113;53, RUE DU MOULIN DES PR;;;;750
201500056086;15;12;28;1310;1;2;2;1;2;115;RUE DU THEATRE;;;;750
201500056087;15;12;29;2330;5;2;1;1;6;118;73, BOULEVARD BARBES;;;;750
201500056088;15;12;30;430;5;2;5;1;6;118;RUE DAMREMONT;;;;750
201500056089;15;1;1;1745;5;2;1;1;3;114;ECHANGEUR BRANCION;;;;750
201500056090;15;1;3;1125;1;2;1;2;4;114;PORTE DE CHATILLON;;;;750
201500056091;15;1;3;1855;5;2;4;2;6;120;ECHANGEUR BAGNOLET;;;;750
201500056092;15;1;6;715;5;2;1;1;3;117;PORTE DE SAINT OUEN;;;;750
201500056093;15;1;6;804;2;2;1;1;6;115;PORTE DE LA PLAINE;;;;750
201500056094;15;1;6;1815;5;2;1;1;2;117;PORTE DE SAINT OUEN;;;;750
201500056095;15;1;8;1715;1;2;1;1;4;117;PORTE DE CLICHY;;;;750
201500056096;15;1;9;5;5;2;1;1;2;119;BOULEVARD PERIPHERIQUE E;;;;750
201500056097;15;1;9;435;5;2;1;1;6;114;BOULEVARD PERIPHERIQUE E;;;;750
201500056098;15;1;9;1830;5;2;1;1;3;114;PORTE DE CHATILLON;;;;750
201500056099;15;1;10;1450;1;2;1;1;7;112;PORTE DE CHARENTON;;;;750
201500056100;15;1;12;810;2;2;1;1;2;120;PORTE DE BAGNOLET;;;;750
201500056101;15;1;12;1840;5;2;1;1;6;115;ECHANGEUR PLAINE;;;;750
201500056102;15;1;13;740;1;2;1;1;4;120;PORTE DE MONTREUIL;;;;750
201500056103;15;1;13;1330;1;2;1;2;4;115;QUAI D ISSY LES MOULINEA;;;;750
201500056104;15;1;13;1620;2;2;4;2;2;112;ECHANGEUR BERCY;;;;750
201500056105;15;1;14;830;1;2;4;1;3;112;ECHANGEUR BERCY;;;;750
201500056106;15;1;14;1000;1;2;1;2;3;112;ECHANGEUR BERCY;;;;750
201500056107;15;1;16;1250;1;2;1;1;3;113;PORTE D ITALIE;;;;750
201500056108;15;1;16;1600;1;2;4;1;4;120;ECHANGEUR BAGNOLET;;;;750
201500056109;15;1;18;1235;1;2;1;1;4;120;PORTE DE BAGNOLET;;;;750
201500056110;15;1;20;1810;5;2;1;1;3;113;PORTE D ITALIE;;;;750
201500056111;15;1;21;955;1;2;1;1;7;112;PORTE DE CHARENTON;;;;750
201500056112;15;1;22;945;1;2;1;1;3;116;PORTE DE PASSY;;;;750
201500056113;15;1;23;720;5;2;1;1;4;120;PORTE DE BAGNOLET;;;;750
201500056114;15;1;23;1800;2;2;4;1;6;116;PORTE DE SAINT CLOUD;;;;750
201500056115;15;1;23;1930;5;2;1;1;2;120;ECHANGEUR BAGNOLET;;;;750
201500056116;15;1;26;820;1;2;1;1;7;119;PORTE DE PANTIN;;;;750
201500056117;15;1;26;1155;1;2;1;1;2;117;PORTE DE CLICHY;;;;750
201500056118;15;1;27;900;1;2;1;1;2;116;PORTE D AUTEUIL;;;;750
201500056119;15;1;28;910;1;2;1;1;2;116;PORTE DE SAINT CLOUD;;;;750
201500056120;15;1;28;945;1;2;1;1;2;116;PORTE DAUPHINE;;;;750
201500056121;15;1;29;825;2;2;1;1;4;119;PORTE D AUBERVILLIERS;;;;750
201500056122;15;1;29;845;1;2;4;1;3;116;PORTE DAUPHINE;;;;750
201500056123;15;1;30;915;1;2;1;2;2;113;PORTE D ITALIE;;;;750
201500056124;15;1;30;1750;2;2;1;1;4;120;PORTE DE BAGNOLET;;;;750
201500056125;15;2;1;130;5;2;1;1;7;117;BOULEVARD PERIPHERIQUE E;;;;750
201500056126;15;2;1;700;5;2;1;1;6;113;QUAI D IVRY;;;;750
201500056127;15;2;5;1755;2;2;1;1;6;115;QUAI D ISSY LES MOULINEA;;;;750
201500056128;15;2;6;250;5;2;1;1;6;117;PORTE MAILLOT;;;;750
201500056129;15;2;6;920;1;2;1;1;2;115;PORTE DE SEVRES;;;;750
201500056130;15;2;6;1555;1;2;1;1;2;117;PORTE DE SAINT OUEN;;;;750
201500056131;15;2;6;1530;1;2;1;1;3;119;PORTE D AUBERVILLIERS;;;;750
201500056132;15;2;7;1530;1;2;1;1;6;116;PORTE DE PASSY;;;;750
201500056133;15;2;7;2100;3;2;1;1;4;119;PORTE D AUBERVILLIERS;;;;750
201500056134;15;2;8;1530;1;2;1;1;2;118;PORTE DE CLIGNANCOURT;;;;750
201500056135;15;2;10;830;1;2;1;1;3;116;PORT D AUTEUIL;;;;750
201500056136;15;2;10;1600;1;2;1;1;4;117;PORTE DE SAINT OUEN;;;;750
201500056137;15;2;11;650;5;2;1;1;3;114;PORTE DE GENTILLY;;;;750
201500056138;15;2;11;820;1;2;1;1;3;120;PORTE DE MONTREUIL;;;;750
201500056139;15;2;12;815;1;2;1;1;2;114;PORTE DE CHATILLON;;;;750
201500056140;15;2;12;1415;1;2;1;1;2;120;PORTE DE VINCENNES;;;;750
201500056141;15;2;14;645;5;2;4;2;6;116;ECHANGEUR AUTEUIL;;;;750
201500056142;15;2;14;2050;5;2;1;2;4;113;PORTE D ITALIE;;;;750
201500056143;15;2;17;130;5;2;1;1;3;112;ECHANGEUR BERCY;;;;750
201500056144;15;2;17;1440;1;2;1;1;2;118;PORTE DE CLIGNANCOURT;;;;750
201500056145;15;2;18;1020;1;2;4;1;6;120;PORTE DE BAGNOLET;;;;750
201500056146;15;2;18;1830;5;2;1;1;4;114;PORTE D ORLEANS;;;;750
201500056147;15;2;20;1730;1;2;1;3;4;116;ECHANGEUR MUETTE;;;;750
201500056148;15;2;21;1615;1;2;1;1;2;113;QUAI D IVRY;;;;750
201500056149;15;2;21;2045;5;2;4;2;3;112;ECHANGEUR BERCY;;;;750
201500056150;15;2;22;508;5;2;1;9;3;118;PORTE DE CLIGNANCOURT;;;;750
201500056151;15;2;22;1155;1;2;1;1;4;114;PORTE DE CHATILLON;;;;750
201500056152;15;2;25;510;5;2;1;1;2;112;ECHANGEUR BERCY;;;;750
201500056153;15;2;27;1830;2;2;1;1;3;113;QUAI D IVRY;;;;750
201500056154;15;3;1;240;5;2;1;2;6;114;PORTE D ORLEANS;;;;750
201500056155;15;3;1;1815;2;2;1;1;3;113;ECHANGEUR BERCY;;;;750
201500056156;15;3;1;1950;5;2;1;2;3;114;ECHANGEUR ORLEANS;;;;750
201500056157;15;3;2;845;1;2;1;1;2;120;PORTE DES LILAS;;;;750
201500056158;15;3;2;905;1;2;1;1;4;115;PORTE D ISSY;;;;750
201500056159;15;3;2;1720;1;2;1;1;6;118;ECHANGEUR CHAPELLE;;;;750
201500056160;15;3;4;1030;1;2;1;1;6;112;PORTE DOREE;;;;750
201500056161;15;3;6;845;1;2;1;1;6;116;PORTE D AUTEUIL;;;;750
201500056162;15;3;6;1220;1;2;1;2;2;118;PORTE DE LA CHAPELLE;;;;750
201500056163;15;3;6;1500;1;2;1;1;4;120;PORTE DE MONTREUIL;;;;750
201500056164;15;3;7;140;5;2;1;1;2;119;PORTE DE PANTIN;;;;750
201500056165;15;3;7;1530;1;2;1;1;4;114;PORTE DE GENTILLY;;;;750
201500056166;15;3;8;555;2;2;1;1;3;116;BOULEVARD PERIPHERIQUE I;;;;750
201500056167;15;3;8;1435;1;2;1;1;4;120;PORTE DES LILAS;;;;750
201500056168;15;3;8;1620;1;2;1;1;4;116;PORTE DE PASSY;;;;750
201500056169;15;3;9;1225;1;2;1;1;6;116;PORTE DE PASSY;;;;750
201500056170;15;3;10;620;5;2;4;1;4;113;PORTE D ITALIE;;;;750
201500056171;15;3;10;1430;1;2;4;1;4;115;ECHANGEUR BRANCION;;;;750
201500056172;15;3;11;900;1;2;4;1;2;117;PORTE DE CLICHY;;;;750
201500056173;15;3;11;1900;5;2;1;1;3;113;PORTE DE GENTILLY;;;;750
201500056174;15;3;12;1000;1;2;1;1;2;115;PORTE BRANCION;;;;750
201500056175;15;3;12;1305;1;2;1;1;6;115;PORTE DE LA PLAINE;;;;750
201500056176;15;3;13;1145;1;2;1;1;2;115;PORTE BRANCION;;;;750
201500056177;15;3;16;800;1;2;1;1;3;118;PORTE DE CLIGNANCOURT;;;;750
201500056178;15;3;16;930;1;2;1;1;2;116;PORTE DAUPHINE;;;;750
201500056179;15;3;17;1725;1;2;1;1;2;116;PORTE DAUPHINE;;;;750
201500056180;15;3;17;1930;5;2;1;1;2;114;PORTE DE GENTILLY;;;;750
201500056181;15;3;18;800;1;2;4;1;3;116;ECHANGEUR MUETTE;;;;750
201500056182;15;3;18;1425;1;2;4;1;2;118;PORTE DE LA CHAPELLE;;;;750
201500056183;15;3;19;1840;5;2;1;1;6;113;PORTE D ITALIE;;;;750
201500056184;15;3;20;110;5;2;4;1;3;117;BOULEVARD PERIPHERIQUE E;;;;750
201500056185;15;3;20;2000;5;2;1;1;3;112;PORTE DE CHARENTON;;;;750
201500056186;15;3;22;130;5;2;1;1;6;119;PORTE DES LILAS;;;;750
201500056187;15;3;23;855;1;2;1;1;3;119;PORTE DE LA VILLETTE;;;;750
201500056188;15;3;24;1050;1;2;1;1;7;117;PORTE DE CLICHY;;;;750
201500056189;15;3;24;1620;1;2;4;2;6;116;PORTE DAUPHINE;;;;750
201500056190;15;3;25;1530;1;2;4;1;3;118;1, AVENUE DE LA PORTE DE;;;;750
201500056191;15;3;26;1325;1;2;1;1;7;116;PORTE D AUTEUIL;;;;750
201500056192;15;3;27;1130;1;2;1;1;2;113;PORTE D IVRY;;;;750
201500056193;15;3;28;1235;1;2;4;1;6;118;BOULEVARD PERIPHERIQUE E;;;;750
201500056194;15;3;28;1530;1;2;1;1;5;118;PORTE D AUBERVILLIERS;;;;750
201500056195;15;3;29;1640;1;2;4;2;6;116;PORTE DE SAINT CLOUD;;;;750
201500056196;15;3;31;905;1;2;1;2;7;119;PORTE DE LA VILLETTE;;;;750
201500056197;15;3;31;1148;1;2;1;1;2;114;PORTE DE CHATILLON;;;;750
201500056198;15;4;1;730;1;2;4;1;3;114;PORTE D ORLEANS;;;;750
201500056199;15;4;1;1900;1;2;1;1;4;119;PORTE DE LA VILLETTE;;;;750
201500056200;15;4;1;1950;2;2;1;1;4;120;PORTE DES LILAS;;;;750
201500056201;15;4;2;1;5;2;1;1;7;116;PORTE D AUTEUIL;;;;750
201500056202;15;4;2;1220;1;2;1;2;2;115;ECHANGEUR ISSY;;;;750
201500056203;15;4;3;1350;1;2;4;2;4;113;PORTE D ITALIE;;;;750
201500056204;15;4;3;1845;1;2;1;3;2;116;PORTE DE SAINT CLOUD;;;;750
201500056205;15;4;7;1110;1;2;1;1;4;114;PORTE DE GENTILLY;;;;750
201500056206;15;4;7;1015;1;2;1;1;2;120;PORTE DE MONTREUIL;;;;750
201500056207;15;4;7;1200;1;2;1;1;4;114;PORTE D ORLEANS;;;;750
201500056208;15;4;7;1445;1;2;4;1;4;119;PORTE DE PANTIN;;;;750
201500056209;15;4;8;945;1;2;1;1;3;112;ECHANGEUR BERCY;;;;750
201500056210;15;4;8;1200;1;2;4;1;6;116;PORTE DE PASSY;;;;750
201500056211;15;4;9;1000;1;2;1;1;6;116;ECHANGEUR MAILLOT;;;;750
201500056212;15;4;9;910;1;2;1;1;3;118;PORTE D AUBERVILLIERS;;;;750
201500056213;15;4;10;850;1;2;1;1;3;115;PORTE DE SEVRES;;;;750
201500056214;15;4;11;2023;5;2;1;1;3;117;PORTE DE SAINT OUEN;;;;750
201500056215;15;4;12;1510;1;2;1;1;2;113;QUAI D IVRY;;;;750
201500056216;15;4;12;1630;1;2;1;1;3;114;PORTE DE CHATILLON;;;;750
201500056217;15;4;12;2010;2;2;4;1;2;113;ECHANGEUR IVRY;;;;750
201500056218;15;4;13;2240;5;2;1;1;6;118;PORTE DE CLIGNANCOURT;;;;750
201500056219;15;4;15;830;1;2;1;1;4;113;PORTE DE GENTILLY;;;;750
201500056220;15;4;15;1345;1;2;1;1;3;117;PORTE D ASNIERES;;;;750
201500056221;15;4;16;920;1;2;1;1;3;115;PORTE DE LA PLAINE;;;;750
201500056222;15;4;16;1640;1;2;1;1;3;116;ECHANGEUR MUETTE;;;;750
201500056223;15;4;17;1320;1;2;1;1;3;114;PORTE DE GENTILLY;;;;750
201500056224;15;4;17;1445;1;2;4;1;3;112;ECHANGEUR BERCY;;;;750
201500056225;15;4;19;1845;1;2;1;1;4;118;PORTE DE LA CHAPELLE;;;;750
201500056226;15;4;20;145;5;2;1;1;6;113;QUAI D IVRY;;;;750
201500056227;15;4;20;1425;1;2;4;1;4;119;PORTE DE LA VILLETTE;;;;750
201500056228;15;4;20;1450;1;2;1;1;6;119;PORTE DE PANTIN;;;;750
201500056229;15;4;22;850;1;2;1;1;6;116;PORTE DE PASSY;;;;750
201500056230;15;4;23;830;1;2;1;1;4;120;PORTE DE MONTREUIL;;;;750
201500056231;15;4;23;1510;1;2;1;1;4;114;PORTE DE CHATILLON;;;;750
201500056232;15;4;23;1625;1;2;1;1;4;117;PORTE D ASNIERES;;;;750
201500056233;15;4;24;1155;1;2;1;1;6;117;PORTE DE CLICHY;;;;750
201500056234;15;4;24;900;1;2;1;1;4;117;PORTE D ASNIERES;;;;750
201500056235;15;4;24;1815;1;2;4;1;3;113;PORTE D ITALIE;;;;750
201500056236;15;4;26;415;5;2;1;1;6;113;BOULEVARD PERIPHERIQUE I;;;;750
201500056237;15;4;26;1100;1;2;1;1;4;113;PORTE D IVRY;;;;750
201500056238;15;4;26;2115;5;2;1;2;4;114;PORTE D ORLEANS;;;;750