num_acc;an;mois;jour;hrmn;lum;agg;int;atm;col;com;adr;gps;lat;long;dep
201500056239;15;4;28;910;1;2;1;1;4;117;PORTE DE SAINT OUEN;;;;750
201500056240;15;4;28;1120;1;2;4;1;4;116;PORTE D AUTEUIL;;;;750
201500056241;15;4;29;1410;1;2;1;1;3;120;PORTE DE VINCENNES;;;;750
201500056242;15;4;29;1900;1;2;1;1;4;112;ECHANGEUR BERCY;;;;750
201500056243;15;4;30;1345;1;2;1;2;3;113;PORTE D IVRY;;;;750
201500056244;15;4;30;1545;1;2;1;2;3;120;PORTE DE BAGNOLET;;;;750
201500056245;15;4;30;1800;1;2;1;2;3;112;PORTE DE CHARENTON;;;;750
201500056246;15;5;1;930;1;2;1;2;3;118;PORTE DE LA CHAPELLE;;;;750
201500056247;15;5;1;1735;1;2;1;2;6;112;ECHANGEUR BERCY;;;;750
201500056248;15;5;2;1015;1;2;1;1;2;120;PORTE DE MONTREUIL;;;;750
201500056249;15;5;2;1945;2;2;1;2;6;118;ECHANGEUR CHAPELLE;;;;750
201500056250;15;5;3;1350;1;2;1;2;6;120;PORTE DE BAGNOLET;;;;750
201500056251;15;5;4;1515;1;2;4;1;2;114;ECHANGEUR CHATILLON;;;;750
201500056252;15;5;4;1;5;1;4;2;6;120;ECHANGEUR BAGNOLET;;;;750
201500056253;15;5;5;825;1;2;1;1;3;113;PORTE DE GENTILLY;;;;750
201500056254;15;5;6;825;1;2;1;1;3;118;PORTE DE SAINT OUEN;;;;750
201500056255;15;5;9;1200;1;1;1;1;4;114;PORTE DE CHATILLON;;;;750
201500056256;15;5;7;1345;1;2;1;1;3;116;ECHANGEUR AUTEUIL;;;;750
201500056257;15;5;7;1450;1;2;1;1;4;116;ECHANGEUR AUTEUIL;;;;750
201500056258;15;5;7;1935;1;2;1;1;3;117;PORTE DE CLICHY;;;;750
201500056259;15;5;9;1325;1;2;1;1;4;119;PORTE DE PANTIN;;;;750
201500056260;15;5;11;1145;1;2;4;1;3;116;ECHANGEUR MAILLOT;;;;750
201500056261;15;5;12;755;1;2;1;1;6;114;PORTE D ORLEANS;;;;750
201500056262;15;5;12;2040;2;2;4;1;3;119;PORTE DE LA VILLETTE;;;;750
201500056263;15;5;13;1520;1;2;1;1;4;118;PORTE DE LA CHAPELLE;;;;750
201500056264;15;5;18;900;1;2;1;1;2;119;PORTE D AUBERVILLIERS;;;;750
201500056265;15;5;21;755;1;2;4;1;3;120;PORTE DE BAGNOLET;;;;750
201500056266;15;5;21;1155;1;2;1;1;2;116;PORTE DE SAINT CLOUD;;;;750
201500056267;15;5;21;1750;1;2;1;1;4;120;PORTE DE VINCENNES;;;;750
201500056268;15;5;21;2045;1;2;1;1;3;114;PORTE DE GENTILLY;;;;750
201500056269;15;5;23;1925;1;2;1;1;2;119;PORTE DE PANTIN;;;;750
201500056270;15;5;24;1540;1;2;1;1;2;112;PORTE DOREE;;;;750
201500056271;15;5;26;1105;1;2;1;1;2;119;PORTE DE PANTIN;;;;750
201500056272;15;5;26;1710;1;2;1;1;6;114;PORTE DE VANVES;;;;750
201500056273;15;5;26;2243;5;2;1;1;4;114;PORTE DE GENTILLY;;;;750
201500056274;15;5;27;1125;1;2;1;1;3;116;PORTE DE SAINT CLOUD;;;;750
201500056275;15;5;28;1025;1;2;1;1;6;112;ECHANGEUR PORTE DOREE;;;;750
201500056276;15;5;28;1925;2;2;1;1;3;117;PORTE DE CHAMPERRET;;;;750
201500056277;15;5;29;820;1;2;1;2;7;119;PORTE DE LA VILLETTE;;;;750
201500056278;15;5;29;1340;1;2;1;1;2;113;PORTE D ITALIE;;;;750
201500056279;15;5;30;740;1;2;4;1;6;117;PORTE D ASNIERES;;;;750
201500056280;15;5;30;825;1;2;1;1;2;117;PORTE DE CHAMPERRET;;;;750
201500056281;15;5;30;1605;1;2;1;1;2;114;ECHANGEUR BRANCION;;;;750
201500056282;15;5;30;2030;1;2;1;1;4;114;PORTE DE CHATILLON;;;;750
201500056283;15;6;1;1800;1;2;1;1;7;119;PORTE DE LA VILLETTE;;;;750
201500056284;15;6;2;1150;1;2;1;1;2;116;PORTE D AUTEUIL;;;;750
201500056285;15;6;2;1630;1;2;1;1;4;119;PORTE DE LA VILLETTE;;;;750
201500056286;15;6;3;940;1;2;4;1;2;118;ECHANGEUR SAINT OUEN;;;;750
201500056287;15;6;3;1210;1;2;4;1;2;119;PORTE D AUBERVILLIERS;;;;750
201500056288;15;6;3;1315;1;2;1;1;6;117;PORTE DE CHAMPERRET;;;;750
201500056289;15;6;4;845;1;2;1;1;3;116;PORTE DE SAINT CLOUD;;;;750
201500056290;15;6;5;1545;1;2;4;1;3;120;PORTE DE BAGNOLET;;;;750
201500056291;15;6;6;2348;5;2;1;1;2;116;BOULEVARD PERIPHERIQUE E;;;;750
201500056292;15;6;7;1940;1;2;1;1;3;118;ECHANGEUR AUBERVILLIERS;;;;750
201500056293;15;6;8;915;1;2;1;1;3;120;PORTE DE MONTREUIL;;;;750
201500056294;15;6;9;1530;1;2;1;1;5;119;PORTE DES LILAS;;;;750
201500056295;15;6;10;1315;1;2;1;1;4;120;PORTE DE BAGNOLET;;;;750
201500056296;15;6;10;1730;1;2;1;1;4;116;PORTE MAILLOT;;;;750
201500056297;15;6;10;2235;5;2;1;1;7;113;PORTE DE GENTILLY;;;;750
201500056298;15;6;11;930;1;2;4;1;3;117;ECHANGEUR MAILLOT;;;;750
201500056299;15;6;11;1900;1;2;1;1;3;120;PORTE DE VINCENNES;;;;750
201500056300;15;6;12;845;1;2;1;1;2;113;ECHANGEUR IVRY;;;;750
201500056301;15;6;12;1750;1;2;1;1;4;113;PORTE D ITALIE;;;;750
201500056302;15;6;12;1950;1;2;1;1;2;113;PORTE D ITALIE;;;;750
201500056303;15;6;13;1440;1;2;1;1;6;115;PORTE DE LA PLAINE;;;;750
201500056304;15;6;15;615;1;2;1;1;6;119;PORTE DE PANTIN;;;;750
201500056305;15;6;15;2320;5;2;1;1;3;120;ECHANGEUR BAGNOLET;;;;750
201500056306;15;6;16;840;1;2;4;1;3;113;ECHANGEUR IVRY;;;;750
201500056307;15;6;16;1445;1;2;1;1;3;116;PORTE DAUPHINE;;;;750
201500056308;15;6;17;815;1;2;1;1;3;120;PORTE DE BAGNOLET;;;;750
201500056309;15;6;17;900;1;2;1;1;2;117;PORTE MAILLOT;;;;750
201500056310;15;6;17;1405;1;2;1;1;2;112;PORTE DE VINCENNES;;;;750
201500056311;15;6;17;1416;1;2;1;1;2;116;PORTE DE PASSY;;;;750
201500056312;15;6;17;1630;1;2;4;1;4;120;PORTE DE BAGNOLET;;;;750
201500056313;15;6;18;820;1;2;1;1;2;117;PORTE DE CHAMPERRET;;;;750
201500056314;15;6;18;850;1;2;1;1;2;112;PORTE DOREE;;;;750
201500056315;15;6;18;1050;1;2;1;1;4;118;PORTE DE CLIGNANCOURT;;;;750
201500056316;15;6;18;1600;1;2;1;1;3;116;PORTE MAILLOT;;;;750
201500056317;15;6;18;1720;1;2;1;1;2;116;PORTE DAUPHINE;;;;750
201500056318;15;6;18;1400;1;2;1;2;3;116;PORTE D AUTEUIL;;;;750
201500056319;15;6;19;1630;1;2;1;1;4;119;PORTE DE LA VILLETTE;;;;750
201500056320;15;6;19;1830;1;2;1;1;4;113;PORTE D ITALIE;;;;750
201500056321;15;6;20;1520;1;2;1;1;3;113;ECHANGEUR BERCY;;;;750
201500056322;15;6;22;1000;1;2;1;1;3;116;PORTE D AUTEUIL;;;;750
201500056323;15;6;23;1015;1;2;1;1;2;116;ECHANGEUR MUETTE;;;;750
201500056324;15;6;23;925;1;2;1;1;3;116;PORTE DAUPHINE;;;;750
201500056325;15;6;23;2320;5;2;1;1;2;114;PORTE D ORLEANS;;;;750
201500056326;15;6;24;850;1;2;1;1;6;114;PORTE D ORLEANS;;;;750
201500056327;15;6;24;1215;1;2;1;1;2;113;ECHANGEUR ITALIE;;;;750
201500056328;15;6;25;1400;1;2;4;1;6;115;PORTE DE LA PLAINE;;;;750
201500056329;15;6;26;1035;1;2;1;1;3;113;PORTE D IVRY;;;;750
201500056330;15;6;26;1425;1;2;1;1;3;116;PORTE DE SAINT CLOUD;;;;750
201500056331;15;6;27;1700;1;2;1;1;4;112;PORTE DE CHARENTON;;;;750
201500056332;15;6;28;1105;1;2;1;1;7;119;PORTE DE PANTIN;;;;750
201500056333;15;6;28;1720;1;2;1;1;5;117;ECHANGEUR MAILLOT;;;;750
201500056334;15;6;29;1620;1;2;1;1;2;119;PORTE DE LA VILLETTE;;;;750
201500056335;15;6;29;1750;1;2;1;1;4;116;ECHANGEUR MUETTE;;;;750
201500056336;15;6;29;2340;5;2;1;1;5;119;PORTE DE PANTIN;;;;750
201500056337;15;6;30;915;1;2;1;1;2;118;PORTE DE LA CHAPELLE;;;;750
201500056338;15;7;17;935;1;2;1;1;3;120;ECHANGEUR LILAS;;;;750
201500056339;15;8;26;1640;1;2;1;1;4;114;PORTE DE GENTILLY;;;;750
201500056340;15;7;1;1420;1;2;1;1;6;118;ECHANGEUR CHAPELLE;;;;750
201500056341;15;7;2;1200;1;2;1;1;2;120;PORTE DE BAGNOLET;;;;750
201500056342;15;7;3;910;1;2;1;1;2;112;PORTE DOREE;;;;750
201500056343;15;7;3;1330;1;2;1;1;2;112;ECHANGEUR BERCY;;;;750
201500056344;15;7;3;1925;1;2;1;1;3;113;PORTE D ITALIE;;;;750
201500056345;15;7;4;1700;1;2;1;1;4;116;PORTE DE PASSY;;;;750
201500056346;15;7;5;640;1;2;1;1;6;113;QUAI D IVRY;;;;750
201500056347;15;7;5;1915;1;2;1;1;7;119;PORTE DES LILAS;;;;750
201500056348;15;7;6;850;1;2;1;1;3;120;PORTE DE MONTREUIL;;;;750
201500056349;15;7;6;1700;1;2;1;1;3;114;PORTE DE CHATILLON;;;;750
201500056350;15;7;6;2255;5;2;1;1;6;113;PORTE D IVRY;;;;750
201500056351;15;7;7;1340;1;2;1;1;3;116;PORTE DE SAINT CLOUD;;;;750
201500056352;15;7;7;1340;1;2;1;1;4;113;PORTE D IVRY;;;;750
201500056353;15;7;7;1520;1;2;1;1;6;115;PORTE DE LA PLAINE;;;;750
201500056354;15;7;8;850;1;2;1;1;3;120;PORTE DE BAGNOLET;;;;750
201500056355;15;7;8;1710;1;2;1;1;3;116;ECHANGEUR MUETTE;;;;750
201500056356;15;7;8;1840;1;2;4;1;3;117;PORTE DE CHAMPERRET;;;;750
201500056357;15;7;9;1650;1;2;1;1;2;114;PORTE D ORLEANS;;;;750
201500056358;15;7;9;1610;1;2;1;1;3;117;PORTE DE CHAMPERRET;;;;750
201500056359;15;7;9;1245;1;2;1;1;4;120;PORTE DE VINCENNES;;;;750
201500056360;15;7;10;930;1;2;1;1;3;113;PORTE DE GENTILLY;;;;750
201500056361;15;7;10;1800;1;2;1;1;2;119;PORTE DE PANTIN;;;;750
201500056362;15;7;10;920;1;2;4;1;3;113;PORTE D IVRY;;;;750
201500056363;15;7;11;1510;1;2;1;1;2;113;PORTE D IVRY;;;;750
201500056364;15;7;13;1250;1;2;4;1;2;119;PORTE DE LA VILLETTE;;;;750
201500056365;15;7;13;1820;1;2;1;1;4;118;PORTE DE LA CHAPELLE;;;;750
201500056366;15;7;14;1245;1;2;1;1;2;114;PORTE DE VANVES;;;;750
201500056367;15;7;15;1030;1;2;1;1;2;113;PORTE D ITALIE;;;;750
201500056368;15;7;15;1550;1;2;1;1;2;117;PORTE DE CLICHY;;;;750
201500056369;15;7;17;157;5;2;1;1;2;119;BOULEVARD PERIPHERIQUE E;;;;750
201500056370;15;7;17;50;5;2;1;1;2;118;PORTE D AUBERVILLIERS;;;;750
201500056371;15;7;17;1810;1;2;1;1;7;114;PORTE DE CHATILLON;;;;750
201500056372;15;7;18;700;1;2;1;1;6;112;PORTE DE CHARENTON;;;;750
201500056373;15;7;19;920;1;2;1;1;3;116;PORTE DE PASSY;;;;750
201500056374;15;7;20;700;1;2;1;8;6;113;PORTE D IVRY;;;;750
201500056375;15;7;20;1630;1;2;1;1;6;116;PORTE D AUTEUIL;;;;750
201500056376;15;7;21;1000;1;2;1;1;3;120;PORTE DES LILAS;;;;750
201500056377;15;7;21;1155;1;2;1;1;4;116;PORTE DE PASSY;;;;750
201500056378;15;7;24;615;1;2;4;1;3;119;BOULEVARD PERIPHERIQUE I;;;;750
201500056379;15;7;24;1225;1;2;1;1;6;112;SOUTERRAIN BERCY;;;;750
201500056380;15;7;25;1500;1;2;1;1;4;115;PORTE BRANCION;;;;750
201500056381;15;7;27;830;1;2;1;2;3;116;PORTE DE SAINT CLOUD;;;;750
201500056382;15;7;28;845;1;2;1;1;4;112;PORTE DE CHARENTON;;;;750
201500056383;15;7;29;900;1;2;1;1;2;118;PORTE DE CLIGNANCOURT;;;;750
201500056384;15;7;30;815;1;2;1;1;3;117;PORTE D ASNIERES;;;;750
201500056385;15;7;30;1145;1;2;1;1;6;120;PORTE DE BAGNOLET;;;;750
201500056386;15;7;31;1350;1;2;1;1;3;116;ECHANGEUR MAILLOT;;;;750
201500056387;15;7;31;1515;1;2;1;1;4;118;PORTE DE SAINT OUEN;;;;750
201500056388;15;7;31;2000;2;2;1;1;2;116;PORTE MAILLOT;;;;750
201500056389;15;8;1;655;1;2;1;1;6;116;PORTE D AUTEUIL;;;;750
201500056390;15;8;2;745;1;2;1;1;7;115;PORTE DE LA PLAINE;;;;750
201500056391;15;8;2;1815;1;2;1;1;4;117;SOUTERRAIN CHAMPERRET;;;;750
201500056392;15;8;3;1645;1;2;1;1;2;112;PORTE DE CHARENTON;;;;750
201500056393;15;8;4;1110;1;2;1;1;6;112;PORTE DE CHARENTON;;;;750
201500056394;15;8;4;1305;1;2;1;1;7;118;PORTE DE CLIGNANCOURT;;;;750
201500056395;15;8;4;1800;1;2;1;1;7;112;ECHANGEUR BERCY;;;;750
201500056396;15;8;5;1620;1;2;1;1;3;116;PORTE DAUPHINE;;;;750
201500056397;15;8;5;1720;1;2;4;1;6;118;ECHANGEUR CHAPELLE;;;;750
201500056398;15;8;8;730;1;2;1;1;6;112;ECHANGEUR BERCY;;;;750
201500056399;15;8;8;1645;1;2;1;1;2;118;PORTE D AUBERVILLIERS;;;;750
201500056400;15;8;10;1800;1;2;1;1;3;112;PORTE DE CHARENTON;;;;750
201500056401;15;8;12;1700;1;2;4;1;6;114;ECHANGEUR ORLEANS;;;;750
201500056402;15;8;14;1620;1;2;1;1;2;120;PORTE DE BAGNOLET;;;;750
201500056403;15;8;14;1850;2;2;1;2;6;118;PORTE D AUBERVILLIERS;;;;750
201500056404;15;8;15;10;5;2;4;2;6;112;ECHANGEUR BERCY;;;;750
201500056405;15;8;17;1715;1;2;1;1;4;116;ECHANGEUR MUETTE;;;;750
201500056406;15;8;18;1000;1;2;1;1;4;112;PORTE DE VINCENNES;;;;750
201500056407;15;8;20;750;1;2;1;2;4;112;PORTE DOREE;;;;750
201500056408;15;8;20;1135;1;2;4;2;3;118;ECHANGEUR CHAPELLE;;;;750
201500056409;15;8;21;835;1;2;1;1;4;118;AVENUE DE LA PORTE DE SA;;;;750
201500056410;15;8;21;830;1;2;1;1;2;114;PORTE D ORLEANS;;;;750
201500056411;15;8;22;125;5;2;1;1;7;112;PORTE DE VINCENNES;;;;750
201500056412;15;8;22;1335;1;2;1;1;4;112;PORTE DE CHARENTON;;;;750
201500056413;15;8;26;755;1;2;1;1;4;114;PORTE DE CHATILLON;;;;750
201500056414;15;8;26;645;5;2;4;1;4;112;PORTE DE VINCENNES;;;;750
201500056415;15;8;26;1115;1;2;1;1;4;112;ECHANGEUR BERCY;;;;750
201500056416;15;8;26;930;1;2;1;1;2;117;PORTE D ASNIERES;;;;750
201500056417;15;8;26;1515;1;2;4;1;6;112;ECHANGEUR BERCY;;;;750
201500056418;15;8;26;1825;1;2;1;1;3;113;PORTE D IVRY;;;;750
201500056419;15;8;26;1640;1;2;1;1;4;114;PORTE DE GENTILLY;;;;750
201500056420;15;8;27;1745;1;2;1;2;7;113;PORTE D IVRY;;;;750
201500056421;15;8;28;925;1;2;1;1;3;113;PORTE D ITALIE;;;;750
201500056422;15;8;28;1515;1;2;1;1;6;112;PORTE DOREE;;;;750
201500056423;15;8;28;1630;1;2;1;1;2;112;PORTE DE SAINT MANDE;;;;750
201500056424;15;8;28;2215;5;2;1;1;7;119;PORTE DE PANTIN;;;;750
201500056425;15;8;30;2115;5;2;1;1;4;114;PORTE D ORLEANS;;;;750
201500056426;15;9;1;1820;1;2;1;1;4;114;PORTE BRANCION;;;;750
201500056427;15;9;3;1250;1;2;1;1;7;115;QUAI D ISSY LES MOULINEA;;;;750
201500056428;15;9;3;1900;1;2;1;1;7;116;ECHANGEUR MAILLOT;;;;750
201500056429;15;9;4;620;1;2;1;1;6;120;PORTE DE MONTREUIL;;;;750
201500056430;15;9;4;840;1;2;1;1;6;115;PORTE DE SEVRES;;;;750
201500056431;15;9;5;135;5;2;1;1;2;120;PORTE DE BAGNOLET;;;;750
201500056432;15;9;5;2320;5;2;1;1;6;118;PORTE DE LA CHAPELLE;;;;750
201500056433;15;9;6;900;1;2;1;1;6;115;PORTE DE LA PLAINE;;;;750
201500056434;15;9;6;2050;5;2;4;1;6;118;PORTE DE SAINT OUEN;;;;750
201500056435;15;9;7;905;1;2;1;1;3;120;PORTE DE BAGNOLET;;;;750
201500056436;15;9;7;1140;1;2;1;1;4;112;PORTE DE VINCENNES;;;;750
201500056437;15;9;8;1700;1;2;1;1;4;120;PORTE DE MONTREUIL;;;;750
201500056438;15;9;9;408;5;2;1;1;3;114;PORTE BRANCION;;;;750
201500056439;15;9;9;805;1;2;1;1;3;116;ECHANGEUR MUETTE;;;;750
201500056440;15;9;9;1730;1;2;1;1;3;112;PORTE DE CHARENTON;;;;750
201500056441;15;9;10;855;1;2;1;1;6;116;PORTE DE PASSY;;;;750
201500056442;15;9;10;850;1;2;1;1;4;116;ECHANGEUR MUETTE;;;;750
201500056443;15;9;10;1840;1;2;1;1;4;112;PORTE DE SAINT MANDE;;;;750
201500056444;15;9;11;50;5;2;4;1;7;119;PORTE DES LILAS;;;;750
201500056445;15;9;11;930;1;2;1;1;3;117;PORTE DE SAINT OUEN;;;;750
201500056446;15;9;11;1940;5;2;1;1;3;117;PORTE DE CLICHY;;;;750
201500056447;15;9;12;2025;5;2;1;1;3;115;ECHANGEUR ISSY;;;;750
201500056448;15;9;13;1245;1;2;1;3;7;117;PORTE DE CLICHY;;;;750
201500056449;15;9;14;150;5;2;1;1;1;116;PORTE DE PASSY;;;;750
201500056450;15;9;14;850;1;2;1;2;2;120;ECHANGEUR BAGNOLET;;;;750
201500056451;15;9;14;840;1;2;1;2;3;116;PORTE DE PASSY;;;;750
201500056452;15;9;14;1755;1;2;1;1;4;114;PORTE DE GENTILLY;;;;750
201500056453;15;9;15;1610;1;2;1;1;4;116;PORTE DAUPHINE;;;;750
201500056454;15;9;15;1436;1;2;1;1;3;120;PORTE DE VINCENNES;;;;750
201500056455;15;9;16;930;1;2;1;2;7;113;PONT DE BERCY;;;;750
201500056456;15;9;16;810;1;2;1;2;7;117;PORTE D ASNIERES;;;;750
201500056457;15;9;16;845;1;2;1;2;3;117;PORTE DE SAINT OUEN;;;;750
201500056458;15;9;17;835;1;2;1;1;3;120;PORTE DE BAGNOLET;;;;750
201500056459;15;9;17;900;1;2;4;8;3;118;PORTE DE LA CHAPELLE;;;;750
201500056460;15;9;17;1830;1;2;1;1;6;116;PORTE MAILLOT;;;;750
201500056461;15;9;18;1430;1;2;1;1;2;117;PORTE DE CHAMPERRET;;;;750
201500056462;15;9;18;1745;1;2;1;8;2;116;PORTE DE PASSY;;;;750
201500056463;15;9;18;2130;5;2;1;1;6;119;PORTE DE LA VILLETTE;;;;750
201500056464;15;9;19;1710;1;2;1;1;2;113;PORTE DE GENTILLY;;;;750
201500056465;15;9;19;2020;5;2;1;1;6;112;PORTE DE CHARENTON;;;;750
201500056466;15;9;19;2020;5;2;4;1;6;112;ECHANGEUR VINCENNES;;;;750
201500056467;15;9;20;620;2;2;4;1;3;114;PORTE DE CHATILLON;;;;750
201500056468;15;9;20;1943;1;2;1;1;7;120;PORTE DE BAGNOLET;;;;750
201500056469;15;9;21;1010;1;2;4;1;3;113;PORTE D IVRY;;;;750
201500056470;15;9;22;900;1;2;1;8;2;116;ECHANGEUR AUTEUIL;;;;750
201500056471;15;9;22;1240;1;2;1;2;7;116;PORTE DE SAINT CLOUD;;;;750
201500056472;15;9;22;1750;1;2;1;1;3;113;PORTE D ITALIE;;;;750
201500056473;15;9;24;1550;1;2;1;1;6;120;PORTE DE BAGNOLET;;;;750
201500056474;15;9;25;1600;1;2;1;1;4;116;PORTE DE PASSY;;;;750
201500056475;15;9;26;1525;1;2;1;1;2;112;PORTE DE CHARENTON;;;;750
201500056476;15;9;27;1345;1;2;1;1;5;112;PORTE DOREE;;;;750
201500056477;15;9;25;1200;1;2;1;1;3;112;PORTE DE CHARENTON;;;;750
201500056478;15;9;29;1350;1;2;1;1;6;117;PORTE MAILLOT;;;;750
201500056479;15;9;29;1530;1;2;1;1;7;114;PORTE D ORLEANS;;;;750
201500056480;15;9;29;1515;1;2;1;1;2;115;PORTE DE LA PLAINE;;;;750
201500056481;15;9;29;2115;5;2;1;1;4;120;PORTE DE BAGNOLET;;;;750
201500056482;15;10;1;720;2;2;1;1;7;113;QUAI D IVRY;;;;750
201500056483;15;10;1;1335;1;2;1;1;7;117;PORTE DES TERNES;;;;750
201500056484;15;10;1;1535;1;2;1;1;2;114;PORTE DE GENTILLY;;;;750
201500056485;15;10;1;1650;1;2;1;1;3;120;PORTE DE BAGNOLET;;;;750
201500056486;15;10;1;1810;1;2;1;1;7;115;PORTE D ISSY;;;;750
201500056487;15;10;2;830;1;2;1;1;4;118;PORTE DE SAINT OUEN;;;;750
201500056488;15;10;2;1700;1;2;4;1;6;113;PORTE DE GENTILLY;;;;750
201500056489;15;10;2;2030;5;2;1;1;4;119;PORTE DES LILAS;;;;750
201500056490;15;10;2;2230;5;2;1;1;3;119;PORTE DE PANTIN;;;;750
201500056491;15;10;3;1610;1;2;1;1;2;113;ECHANGEUR BERCY;;;;750
201500056492;15;10;3;2345;5;2;1;1;5;117;PORTE DE SAINT OUEN;;;;750
201500056493;15;10;5;720;2;2;4;1;4;118;PORTE DE CLIGNANCOURT;;;;750
201500056494;15;10;5;1900;2;2;1;2;4;120;PORTE DE VINCENNES;;;;750
201500056495;15;10;6;950;1;2;1;2;7;117;PORTE MAILLOT;;;;750
201500056496;15;10;6;1400;1;2;1;2;7;117;ECHANGEUR MAILLOT;;;;750
201500056497;15;10;6;1845;1;2;1;1;4;119;PORTE DE PANTIN;;;;750
201500056498;15;10;8;825;1;2;1;1;2;114;PORTE DE CHATILLON;;;;750
201500056499;15;10;8;820;1;2;1;1;2;114;PORTE DE CHATILLON;;;;750
201500056500;15;10;8;2010;5;2;1;1;4;119;PORTE DE PANTIN;;;;750
201500056501;15;10;9;1715;1;2;1;1;3;116;ECHANGEUR MUETTE;;;;750
201500056502;15;10;10;730;2;2;1;1;7;112;PORTE DE VINCENNES;;;;750
201500056503;15;10;11;1455;1;2;1;1;2;116;PORTE D AUTEUIL;;;;750
201500056504;15;10;12;1020;1;2;1;1;4;113;QUAI D IVRY;;;;750
201500056505;15;10;12;915;1;2;1;1;3;116;ECHANGEUR AUTEUIL;;;;750
201500056506;15;10;12;1235;1;2;1;1;3;116;PORTE DAUPHINE;;;;750
201500056507;15;10;12;1740;1;2;1;1;2;115;QUAI D ISSY LES MOULINEA;;;;750
201500056508;15;10;13;645;5;2;1;1;4;117;PORTE D ASNIERES;;;;750
201500056509;15;10;13;1640;1;2;1;1;3;120;PORTE DE MONTREUIL;;;;750
201500056510;15;10;14;1710;1;2;1;8;2;120;PORTE DE VINCENNES;;;;750
201500056511;15;10;14;2200;5;2;1;2;6;120;ECHANGEUR BAGNOLET;;;;750
201500056512;15;10;15;1615;1;2;1;1;7;120;PORTE DE BAGNOLET;;;;750
201500056513;15;10;16;910;1;2;1;2;4;120;PORTE DES LILAS;;;;750
201500056514;15;10;19;2250;5;2;4;1;4;113;PORTE DE GENTILLY;;;;750
201500056515;15;10;20;645;5;2;4;1;6;116;ECHANGEUR MAILLOT;;;;750
201500056516;15;10;21;1610;1;2;1;1;3;120;PORTE DE MONTREUIL;;;;750
201500056517;15;10;21;2200;5;2;1;1;4;116;PORTE DE PASSY;;;;750
201500056518;15;10;22;610;5;2;1;2;6;119;PORTE DE PANTIN;;;;750
201500056519;15;10;22;820;1;2;1;2;4;119;PORTE DE LA VILLETTE;;;;750
201500056520;15;10;22;1120;1;2;1;1;3;119;PORTE DE PANTIN;;;;750
201500056521;15;10;22;1840;2;2;1;2;2;116;PORTE MAILLOT;;;;750
201500056522;15;10;25;2000;5;2;1;1;3;118;PORTE DE LA CHAPELLE;;;;750
201500056523;15;10;27;1500;1;2;1;1;3;116;BOULEVARD PERIPHERIQUE I;;;;750
201500056524;15;10;27;1500;1;2;1;1;2;117;PORTE MAILLOT;;;;750
201500056525;15;10;27;1750;5;2;1;1;4;112;PORTE DE VINCENNES;;;;750
201500056526;15;10;30;1240;1;2;1;1;2;116;PORTE DAUPHINE;;;;750
201500056527;15;10;30;1000;1;2;4;1;3;117;PORTE DE CHAMPERRET;;;;750
201500056528;15;10;30;1550;1;2;1;1;2;116;ECHANGEUR MUETTE;;;;750
201500056529;15;10;31;1150;1;2;1;1;4;116;ECHANGEUR MUETTE;;;;750
201500056530;15;10;31;1910;1;2;1;1;6;117;PORTE DE CHAMPERRET;;;;750
201500056531;15;11;1;455;5;2;1;6;2;112;PORTE DOREE;;;;750
201500056532;15;11;2;820;1;2;1;1;6;119;PORTE DE PANTIN;;;;750
201500056533;15;11;3;1220;1;2;4;1;7;112;PORTE DE VINCENNES;;;;750
201500056534;15;11;4;830;1;2;1;2;3;117;PORTE DE CHAMPERRET;;;;750
201500056535;15;11;5;1020;1;2;1;1;5;112;PORTE DE CHARENTON;;;;750
201500056536;15;11;5;1450;1;2;1;1;7;117;PORTE DE CHAMPERRET;;;;750
201500056537;15;11;6;805;1;2;1;1;3;114;PORTE D ORLEANS;;;;750
201500056538;15;11;6;1320;1;2;1;1;3;114;PORTE D ORLEANS;;;;750
201500056539;15;11;7;120;5;2;4;1;4;120;BOULEVARD PERIPHERIQUE I;;;;750
201500056540;15;11;9;815;1;2;1;1;6;112;PORTE DE CHARENTON;;;;750
201500056541;15;11;10;635;2;2;1;1;6;117;PORTE D ASNIERES;;;;750
201500056542;15;11;13;1130;1;2;1;2;2;117;ECHANGEUR MAILLOT;;;;750
201500056543;15;11;14;1300;1;2;1;1;4;120;PORTE DE VINCENNES;;;;750
201500056544;15;11;15;1605;1;2;1;1;4;116;ECHANGEUR MUETTE;;;;750
201500056545;15;11;18;2325;5;2;1;1;6;115;PORTE BRANCION;;;;750
201500056546;15;11;19;650;5;2;1;1;4;112;ECHANGEUR BERCY;;;;750
201500056547;15;11;19;1100;1;2;4;2;4;116;BOULEVARD PERIPHERIQUE I;;;;750
201500056548;15;11;20;920;1;2;1;3;3;112;PORTE DOREE;;;;750
201500056549;15;11;20;1245;1;2;1;1;2;120;PORTE DES LILAS;;;;750
201500056550;15;11;21;1400;1;2;1;2;3;114;PORTE DE CHATILLON;;;;750
201500056551;15;11;21;1715;1;2;1;2;7;120;PORTE DE BAGNOLET;;;;750
201500056552;15;11;23;1630;1;2;1;1;2;118;PORTE DE LA CHAPELLE;;;;750
201500056553;15;11;23;1745;2;2;1;1;2;112;PORTE DE CHARENTON;;;;750
201500056554;15;11;23;2015;5;2;7;1;6;120;PORTE DE VINCENNES;;;;750
201500056555;15;11;24;1215;1;2;1;2;2;117;PORTE DE CHAMPERRET;;;;750
201500056556;15;11;24;1815;1;2;1;1;3;113;PORTE D ITALIE;;;;750
201500056557;15;11;24;1825;5;2;1;2;3;119;PORTE DE PANTIN;;;;750
201500056558;15;11;25;1015;1;2;1;4;5;113;QUAI D IVRY;;;;750
201500056559;15;11;25;1115;1;2;1;4;4;112;PORTE DE CHARENTON;;;;750
201500056560;15;11;26;1300;1;2;1;1;5;112;PORTE DE VINCENNES;;;;750
201500056561;15;11;26;1740;2;2;1;1;2;118;PORTE DE SAINT OUEN;;;;750
201500056562;15;11;26;1930;5;2;1;1;4;114;PORTE DE CHATILLON;;;;750
201500056563;15;11;26;2050;5;2;1;1;2;117;PORTE DE SAINT OUEN;;;;750
201500056564;15;11;27;1300;1;2;4;1;4;117;ECHANGEUR CLICHY;;;;750
201500056565;15;11;30;215;5;2;1;1;6;120;PORTE DES LILAS;;;;750
201500056566;15;12;1;1525;1;2;1;1;2;117;PORTE DE CLICHY;;;;750
201500056567;15;12;2;1550;1;2;1;1;3;118;PORTE DE CLIGNANCOURT;;;;750