num_acc;an;mois;jour;hrmn;lum;agg;int;atm;col;com;adr;gps;lat;long;dep
201500056568;15;12;3;730;2;2;1;1;3;117;PORTE DE CLICHY;;;;750
201500056569;15;12;3;1800;2;2;1;1;2;118;PORTE DE LA CHAPELLE;;;;750
201500056570;15;12;4;945;1;2;1;1;3;118;PORTE D AUBERVILLIERS;;;;750
201500056571;15;12;4;1415;1;2;1;1;4;117;PORTE DE CHAMPERRET;;;;750
201500056572;15;12;4;1810;2;2;1;1;2;114;PORTE D ORLEANS;;;;750
201500056573;15;12;4;2030;5;2;1;1;4;117;PORTE DE CLICHY;;;;750
201500056574;15;12;5;1940;5;2;1;1;4;120;ECHANGEUR LILAS;;;;750
201500056575;15;12;6;850;1;2;1;1;2;120;PORTE DES LILAS;;;;750
201500056576;15;12;6;1110;1;2;1;1;2;116;PORTE DE SAINT CLOUD;;;;750
201500056577;15;12;6;1745;5;2;1;1;2;116;PORTE DAUPHINE;;;;750
201500056578;15;12;10;1720;5;2;1;1;6;115;PORTE DE LA PLAINE;;;;750
201500056579;15;12;11;615;5;2;1;1;3;114;PORTE D ORLEANS;;;;750
201500056580;15;12;11;1200;1;2;1;1;2;112;PORT DE BERCY;;;;750
201500056581;15;12;11;1345;1;2;1;1;2;112;PORTE DE SAINT MANDE;;;;750
201500056582;15;12;11;1630;2;2;1;1;4;116;PORT DE PASSY;;;;750
201500056583;15;12;13;415;5;2;1;1;2;115;PORTE D ISSY;;;;750
201500056584;15;12;14;550;5;2;1;1;6;119;PORTE DES LILAS;;;;750
201500056585;15;12;14;705;5;2;1;1;3;120;PORTE DE BAGNOLET;;;;750
201500056586;15;12;14;1730;5;2;1;1;3;112;PORTE DE VINCENNES;;;;750
201500056587;15;12;14;1620;1;2;1;1;3;117;PORTE DE SAINT OUEN;;;;750
201500056588;15;12;14;1510;1;2;1;1;3;116;PORTE DE SAINT CLOUD;;;;750
201500056589;15;12;17;1750;1;2;1;1;6;116;ECHANGEUR AUTEUIL;;;;750
201500056590;15;12;18;1240;1;2;1;1;4;116;PORTE MAILLOT;;;;750
201500056591;15;12;18;1755;1;2;1;1;3;117;PORTE DE SAINT OUEN;;;;750
201500056592;15;12;19;320;5;2;1;1;6;119;PORTE DE PANTIN;;;;750
201500056593;15;12;19;1050;1;2;1;1;2;113;PORTE D ITALIE;;;;750
201500056594;15;12;19;2010;5;2;1;1;6;118;PORTE DE LA CHAPELLE;;;;750
201500056595;15;12;20;1920;1;2;1;1;4;119;PORTE DE LA VILLETTE;;;;750
201500056596;15;12;21;1240;1;2;1;1;4;119;PORTE DE PANTIN;;;;750
201500056597;15;12;25;951;1;2;1;1;6;116;PORTE D AUTEUIL;;;;750
201500056598;15;12;26;2030;5;2;1;1;6;117;PORTE DE SAINT OUEN;;;;750
201500056599;15;12;28;1645;2;2;4;1;2;119;PORTE D AUBERVILLIERS;;;;750
201500056600;15;12;28;2100;3;2;1;2;7;120;ECHANGEUR BAGNOLET;;;;750
201500056601;15;12;30;1740;1;2;1;1;3;115;PORTE DE SEVRES;;;;750
201500056602;15;12;30;1910;5;2;1;1;4;112;PORTE DE CHARENTON;;;;750
201500056603;15;12;31;2130;5;2;1;1;6;113;QUAI D IVRY;;;;750
201500056604;15;7;30;500;2;1;1;2;6;229;;A;0;0;972
201500056605;15;8;11;1745;1;2;1;1;6;229;08 allйe du diamant;A;0;0;972
201500056606;15;10;11;1330;1;2;1;1;1;229;RN2 fond lahayй;A;0;0;972
201500056607;15;10;30;30;3;1;1;2;6;229;;A;0;0;972
201500056608;15;11;9;100;3;1;1;2;7;205;;A;0;0;972
201500056609;15;3;14;1115;1;1;1;1;6;224;;A;0;0;972
201500056610;15;3;27;2300;5;1;1;1;6;224;;A;0;0;972
201500056611;15;4;7;1745;1;1;1;1;1;224;;A;0;0;972
201500056612;15;8;31;1845;4;1;2;9;3;224;;A;0;0;972
201500056613;15;2;16;1700;1;2;1;1;6;219;Bourg;A;0;0;972
201500056614;15;3;23;900;1;1;1;1;6;225;;A;0;0;972
201500056615;15;4;12;1445;1;2;3;1;1;219;;A;0;0;972
201500056616;15;6;19;2200;3;2;1;1;3;225;Rue Gabriel PERI;A;0;0;972
201500056617;15;8;5;2045;3;1;1;1;3;204;;A;0;0;972
201500056618;15;8;14;1730;1;1;1;1;3;225;;A;0;0;972
201500056619;15;10;31;1945;3;2;1;1;6;225;Savane du Fort;A;0;0;972
201500056620;15;2;1;1030;1;1;1;1;2;210;;A;0;0;972
201500056621;15;5;25;2030;3;1;1;1;1;210;;A;0;0;972
201500056622;15;5;25;1800;1;1;1;1;7;232;;A;0;0;972
201500056623;15;6;3;2330;3;1;1;1;1;232;;A;0;0;972
201500056624;15;7;25;530;2;1;1;2;1;232;;A;0;0;972
201500056625;15;8;2;945;1;2;1;1;6;232;ravine plate;A;0;0;972
201500056626;15;8;19;2100;3;1;1;1;1;232;;A;0;0;972
201500056627;15;11;11;1600;1;1;1;1;5;210;;A;0;0;972
201500056628;15;11;29;230;5;1;1;1;1;210;;A;0;0;972
201500056629;15;3;5;1230;1;1;1;1;1;207;;A;0;0;972
201500056630;15;6;18;1430;1;1;1;1;3;207;;A;0;0;972
201500056631;15;11;14;415;3;1;1;2;6;207;;A;0;0;972
201500056632;15;12;12;1700;1;2;1;2;6;207;Quartier Bac;A;0;0;972
201500056633;15;1;11;130;3;1;1;1;1;217;;A;0;0;972
201500056634;15;3;8;1830;3;1;1;1;1;227;;A;0;0;972
201500056635;15;5;11;15;3;1;1;1;1;217;;A;0;0;972
201500056636;15;6;1;1145;1;1;1;1;7;226;;A;0;0;972
201500056637;15;7;30;800;1;1;1;3;5;227;;A;0;0;972
201500056638;15;9;30;2330;3;1;1;1;7;217;;A;0;0;972
201500056639;15;10;18;2315;3;2;1;1;6;227;Morne des Pиres;A;0;0;972
201500056640;15;12;27;2130;3;1;1;1;6;227;;A;0;0;972
201500056641;15;8;7;930;1;2;1;1;1;230;Tartane;A;0;0;972
201500056642;15;9;26;1345;1;2;1;1;1;230;rue lagrosilliиre;A;0;0;972
201500056643;15;10;9;1830;4;1;1;1;3;230;;A;0;0;972
201500056644;15;10;27;1145;1;1;1;2;3;230;;A;0;0;972
201500056645;15;12;18;1245;1;1;1;1;1;230;;A;0;0;972
201500056646;15;12;29;1915;5;1;1;1;1;230;;A;0;0;972
201500056647;15;1;20;1700;1;2;1;1;1;228;;A;0;0;972
201500056648;15;1;29;1815;1;1;1;1;1;228;;A;0;0;972
201500056649;15;2;16;545;2;2;1;1;6;228;plaine de l'union;A;0;0;972
201500056650;15;4;22;1430;1;1;1;1;7;228;;A;0;0;972
201500056651;15;4;24;1815;1;1;1;1;1;228;;A;0;0;972
201500056652;15;6;1;2330;5;2;1;1;6;228;Boulevard antonin mercan;A;0;0;972
201500056653;15;6;4;1030;1;1;1;1;1;228;;A;0;0;972
201500056654;15;7;13;1900;5;1;1;1;3;228;;A;0;0;972
201500056655;15;9;4;1600;1;2;1;1;1;228;avenue des jeunes;A;0;0;972
201500056656;15;10;9;1900;3;1;1;1;1;228;;A;0;0;972
201500056657;15;9;14;1615;1;1;1;3;1;203;;A;0;0;972
201500056658;15;11;15;315;5;2;1;8;6;216;RN1 angle rue Marie;A;0;0;972
201500056659;15;3;24;1500;1;2;1;1;3;124;Rue du camp jacob;A;0;0;971
201500056660;15;4;2;1845;4;1;9;8;1;124;;A;0;0;971
201500056661;15;4;29;1030;1;2;1;1;6;104;164 rue de l'йglise;A;0;0;971
201500056662;15;8;15;200;5;2;1;1;6;104;RN2 / RD30;A;;;971
201500056663;15;1;27;1645;1;1;1;1;6;134;;A;0;0;971
201500056664;15;3;28;2145;3;1;1;1;6;134;;A;0;0;971
201500056665;15;5;19;1345;1;1;1;1;7;134;;A;0;0;971
201500056666;15;6;22;800;1;1;1;3;1;134;;A;0;0;971
201500056667;15;7;14;1315;1;1;1;1;7;134;;A;0;0;971
201500056668;15;7;31;1730;1;2;1;1;6;134;296 vallйe de beaugendre;A;0;0;971
201500056669;15;5;22;2015;5;2;1;1;1;106;PIGEON;A;0;0;971
201500056670;15;8;8;1445;1;2;1;1;1;106;Loquet;A;0;0;971
201500056671;15;9;25;2115;4;2;1;1;7;106;Gallet;A;0;0;971
201500056672;15;5;20;1900;3;1;1;1;5;121;;A;0;0;971
201500056673;15;11;16;1730;1;1;2;1;1;121;;A;0;0;971
201500056674;15;12;4;1600;2;2;1;3;3;121;mahault tacafred;A;0;0;971
201500056675;15;12;22;1700;1;2;1;1;1;121;carrefour RN2/CD23;A;0;0;971
201500056676;15;3;6;1330;1;1;1;1;1;111;;A;0;0;971
201500056677;15;8;31;1745;1;1;1;8;7;111;;A;0;0;971
201500056678;15;11;11;1215;1;1;1;1;3;111;;A;0;0;971
201500056679;15;2;2;845;1;1;1;3;1;132;;A;0;0;971
201500056680;15;3;14;1845;3;2;1;1;6;132;La Plaine;A;0;0;971
201500056681;15;4;27;1215;1;1;1;1;6;109;;A;0;0;971
201500056682;15;6;24;2315;3;2;1;1;7;132;route de l'embarcadйre;A;0;0;971
201500056683;15;10;1;1215;1;1;1;1;4;109;;A;0;0;971
201500056684;15;12;26;1230;1;1;1;1;3;132;;A;0;0;971
201500056685;15;1;10;1630;1;1;1;1;3;114;;A;0;0;971
201500056686;15;1;23;1600;5;2;1;1;3;107;Route nationale 1;A;0;0;971
201500056687;15;2;17;1430;1;1;1;1;6;107;;A;0;0;971
201500056688;15;3;16;1615;1;1;9;1;2;107;;A;0;0;971
201500056689;15;3;28;1330;1;1;1;1;4;107;;A;0;0;971
201500056690;15;4;9;1245;1;1;9;2;2;107;;A;0;0;971
201500056691;15;4;15;500;2;1;9;1;6;107;;A;0;0;971
201500056692;15;5;1;415;3;2;1;1;6;107;ROUTE DE L HABITUEE;A;0;0;971
201500056693;15;5;10;2200;4;1;1;1;1;114;;A;0;0;971
201500056694;15;6;4;1430;1;1;1;1;1;114;;A;0;0;971
201500056695;15;7;13;1900;3;1;1;1;3;107;;A;0;0;971
201500056696;15;7;13;2215;3;1;1;1;1;107;;A;0;0;971
201500056697;15;7;26;930;1;1;1;1;6;107;;A;0;0;971
201500056698;15;9;12;115;5;1;1;1;3;114;;A;0;0;971
201500056699;15;9;12;1600;1;1;1;1;5;107;;A;0;0;971
201500056700;15;9;22;2100;3;1;1;1;7;114;;A;0;0;971
201500056701;15;10;12;1015;1;1;1;1;3;107;;A;0;0;971
201500056702;15;10;16;2015;3;1;1;3;3;107;;A;0;0;971
201500056703;15;12;12;745;3;1;1;2;5;114;;A;0;0;971
201500056704;15;12;10;1415;1;1;1;1;5;114;;A;0;0;971
201500056705;15;12;20;515;3;1;1;1;1;107;;A;0;0;971
201500056706;15;2;18;430;3;1;1;1;7;131;;A;0;0;971
201500056707;15;7;12;1815;1;2;1;1;7;131;Route du Fort Napolйon;A;0;0;971
201500056708;15;7;18;1745;1;1;1;1;1;130;;A;0;0;971
201500056709;15;12;28;1100;1;1;1;2;7;131;;A;0;0;971
201500056710;15;1;10;2000;5;1;1;1;7;115;;A;0;0;971
201500056711;15;3;5;1015;1;2;3;1;3;115;Lacroix;A;0;0;971
201500056712;15;4;27;2000;5;2;1;1;3;115;section la rosiиre;A;0;0;971
201500056713;15;5;13;1200;1;1;1;1;4;115;;A;0;0;971
201500056714;15;5;14;200;3;1;2;1;3;115;;A;0;0;971
201500056715;15;7;26;2330;3;2;1;1;7;115;rd1 bagatelle;A;0;0;971
201500056716;15;8;21;1545;1;1;1;1;1;115;;A;0;0;971
201500056717;15;9;15;645;1;1;9;1;3;115;;A;0;0;971
201500056718;15;1;3;1600;1;1;1;1;1;118;;A;0;0;971
201500056719;15;5;18;945;1;1;1;2;3;118;;A;0;0;971
201500056720;15;9;26;2145;5;1;1;1;3;118;;A;0;0;971
201500056721;15;1;12;1900;3;1;1;1;2;129;;A;0;0;971
201500056722;15;1;22;1745;1;2;1;1;6;129;;A;0;0;971
201500056723;15;2;27;1730;1;2;1;1;1;129;la ram?e;A;0;0;971
201500056724;15;4;15;1545;1;1;1;2;3;129;;A;1630001;6166701;971
201500056725;15;4;30;715;1;1;1;1;3;129;;A;0;0;971
201500056726;15;5;10;445;2;2;1;1;3;129;D19- RN2;A;0;0;971
201500056727;15;5;8;515;2;1;1;1;5;129;;A;0;0;971
201500056728;15;5;13;1200;1;1;1;1;3;129;;A;1629200;6166901;971
201500056729;15;7;29;1845;2;2;1;1;6;129;le boyer;A;0;0;971
201500056730;15;8;22;1000;1;2;1;1;6;129;le boyer;A;0;0;971
201500056731;15;9;29;1615;1;1;2;1;3;129;;A;0;0;971
201500056732;15;10;12;945;1;2;1;1;1;129;;A;0;0;971
201500056733;15;10;15;745;1;1;1;1;6;129;;A;0;0;971
201500056734;15;10;16;2045;5;2;1;1;6;129;;A;0;0;971
201500056735;15;11;6;1145;1;1;1;2;7;129;;A;0;0;971
201500056736;15;11;16;545;1;1;1;1;3;129;;A;0;0;971
201500056737;15;12;12;1730;1;1;1;1;6;129;;A;0;0;971
201500056738;15;12;19;15;3;1;1;1;6;129;;A;0;0;971
201500056739;15;12;25;1130;1;1;1;1;3;129;;A;0;0;971
201500056740;15;1;20;1715;1;1;2;1;3;108;;A;0;0;971
201500056741;15;3;13;1430;1;1;1;1;1;112;;A;0;0;971
201500056742;15;5;25;1515;1;1;1;1;2;112;;A;0;0;971
201500056743;15;6;20;830;1;1;1;1;6;112;;A;0;0;971
201500056744;15;7;4;1145;1;1;1;1;3;126;;A;0;0;971
201500056745;15;8;15;800;1;1;1;1;6;108;;A;0;0;971
201500056746;15;11;17;1830;3;1;1;2;6;112;;A;0;0;971
201500056747;15;11;21;1830;5;1;1;1;3;112;;A;0;0;971
201500056748;15;12;23;1830;2;2;1;1;1;112;Allйe Poirier;A;0;0;971
201500056749;15;3;25;1515;1;1;1;1;3;117;;A;0;0;971
201500056750;15;4;11;1930;4;1;1;1;6;117;;A;0;0;971
201500056751;15;4;30;1715;1;1;1;1;1;117;;A;0;0;971
201500056752;15;7;12;415;5;1;1;1;1;117;;A;0;0;971
201500056753;15;8;11;1130;1;1;1;1;1;117;;A;0;0;971
201500056754;15;9;10;1700;1;2;1;1;3;117;route Saint franзois;A;0;0;971
201500056755;15;9;21;1215;1;2;1;1;6;117;rocade sergent;A;0;0;971
201500056756;15;10;7;1000;1;1;1;1;6;117;;A;0;0;971
201500056757;15;10;23;1730;1;1;1;1;6;117;;A;0;0;971
201500056758;15;11;3;1400;1;1;1;1;6;117;;A;0;0;971
201500056759;15;12;5;1830;3;1;1;1;7;117;;A;0;0;971
201500056760;15;1;4;1715;1;2;1;1;3;122;rue Gambetta;A;0;0;971
201500056761;15;4;29;1930;5;2;3;1;3;102;rue vital borifax;A;0;0;971
201500056762;15;8;3;1230;1;2;1;1;1;122;rue rodrigue;A;0;0;971
201500056763;15;8;8;115;3;1;1;1;6;102;;A;0;0;971
201500056764;15;9;6;1200;1;1;1;1;6;119;;A;0;0;971
201500056765;15;9;20;1145;1;1;1;1;3;119;;A;0;0;971
201500056766;15;9;30;1930;5;1;1;1;1;119;;A;0;0;971
201500056767;15;11;29;530;2;1;1;1;2;122;;A;0;0;971
201500056768;15;12;4;2130;5;2;1;1;6;119;rue evremont gкne;A;0;0;971
201500056769;15;12;27;1715;1;2;1;1;7;102;6 rue Joseph Toni;A;0;0;971
201500056770;15;1;19;1700;1;2;1;1;1;125;D 118;A;0;0;971
201500056771;15;2;5;2345;4;1;1;1;6;125;;A;0;0;971
201500056772;15;2;20;1715;1;1;1;1;2;125;;A;0;0;971
201500056773;15;3;14;1900;3;1;1;1;5;125;;A;0;0;971
201500056774;15;7;29;1745;1;2;3;1;3;125;RN5;A;0;0;971
201500056775;15;9;18;530;2;1;1;1;6;125;;A;0;0;971
201500056776;15;12;3;1615;1;2;1;1;6;125;rue de l'йgalitй;A;0;0;971
201500056777;15;1;5;1530;1;1;1;1;1;126;;A;0;0;971
201500056778;15;3;31;1;5;2;1;1;3;128;RN4, DURIVAGE;A;0;0;971
201500056779;15;4;27;1230;1;2;1;1;3;126;Castaing;A;0;0;971
201500056780;15;5;4;530;2;1;1;1;6;126;;A;0;0;971
201500056781;15;5;3;1615;1;1;1;1;3;128;;A;0;0;971
201500056782;15;5;17;845;1;1;1;1;6;126;;A;0;0;971
201500056783;15;6;17;1015;1;1;1;1;7;128;;A;0;0;971
201500056784;15;6;20;2045;5;2;1;1;6;126;RN4 SECTION POIRIER;A;0;0;971
201500056785;15;7;1;1930;5;1;1;1;1;126;;A;0;0;971
201500056786;15;7;24;2230;3;1;3;1;3;126;;A;0;0;971
201500056787;15;8;16;1945;3;1;1;1;3;126;;A;0;0;971
201500056788;15;9;19;1100;1;2;1;1;6;126;Section Galbas;A;0;0;971
201500056789;15;11;11;1645;1;2;1;1;3;128;RN4, GALBAS;A;0;0;971
201500056790;15;11;11;1645;1;2;1;1;6;128;RN4, section GALBAS;A;0;0;971
201500056791;15;12;5;315;3;1;1;1;1;128;;A;0;0;971
201500056792;15;12;6;2330;3;1;1;1;1;128;;A;0;0;971
201500056793;15;12;28;1815;3;1;1;1;6;128;;A;0;0;971
201500056794;15;2;9;1845;5;2;1;1;6;116;bosredon;A;0;0;971
201500056795;15;2;27;1700;1;2;1;1;6;116;dubelloy;A;0;0;971
201500056796;15;2;27;1530;1;2;1;1;6;116;RN5  GENSOLIN/MARIEULLE;A;0;0;971
201500056797;15;3;16;1930;5;2;1;1;3;116;route nationale 5;A;0;0;971
201500056798;15;4;30;1415;1;1;1;1;3;116;;A;0;0;971
201500056799;15;5;25;2200;3;1;1;1;6;116;;A;0;0;971
201500056800;15;6;10;1600;1;1;1;1;1;116;;A;0;0;971
201500056801;15;8;30;2230;5;1;1;1;1;116;;A;0;0;971
201500056802;15;9;19;1530;1;2;1;1;3;116;rue du moule;A;0;0;971
201500056803;15;10;10;1830;3;1;1;1;1;116;;A;0;0;971
201500056804;15;10;29;930;1;2;1;1;6;116;rue du dйbarcйdиre;A;0;0;971
201500056805;15;12;8;1745;4;2;1;1;3;116;richeval;A;0;0;971
201500056806;15;12;30;1615;1;1;1;8;3;116;;A;0;0;971
201500056807;15;1;18;500;5;1;1;2;6;305;;G;0;0;973
201500056808;15;2;7;945;1;1;1;1;5;305;;G;0;0;973
201500056809;15;2;26;1545;1;1;1;1;6;305;;G;0;0;973
201500056810;15;3;31;2330;3;1;1;1;2;305;;G;0;0;973
201500056811;15;4;16;2230;3;1;1;1;2;305;;G;0;0;973
201500056812;15;5;23;1800;2;1;1;2;2;305;;G;0;0;973
201500056813;15;7;31;1300;1;1;1;1;1;305;;G;0;0;973
201500056814;15;9;27;2300;3;1;1;1;7;305;;G;0;0;973
201500056815;15;10;3;1500;1;1;1;1;6;305;;G;0;0;973
201500056816;15;10;5;45;3;1;1;1;3;305;;G;0;0;973
201500056817;15;10;26;815;1;1;1;1;6;305;;G;0;0;973
201500056818;15;11;12;1915;5;2;2;1;3;305;ave Pripris de Soula;G;0;0;973
201500056819;15;12;15;1500;1;1;1;1;1;305;;G;0;0;973
201500056820;15;1;3;1030;1;1;1;1;3;304;;G;0;0;973
201500056821;15;2;8;1530;1;2;1;1;3;304;15 AVENUE BOIS CHAUDAT;G;0;0;973
201500056822;15;2;28;2345;3;1;9;2;7;304;;G;0;0;973
201500056823;15;5;3;1415;1;1;1;1;6;304;;G;0;0;973
201500056824;15;5;20;1100;1;1;1;2;1;304;;G;0;0;973
201500056825;15;5;25;1600;2;1;1;2;6;304;;G;0;0;973
201500056826;15;6;2;2230;5;2;1;1;1;304;;G;0;0;973
201500056827;15;7;2;700;1;1;1;3;7;304;;G;0;0;973
201500056828;15;7;27;1400;1;1;1;1;3;304;;G;0;0;973
201500056829;15;8;12;645;1;1;1;1;3;304;;G;0;0;973
201500056830;15;9;5;1400;1;2;3;1;3;304;rue du maroni;G;0;0;973
201500056831;15;3;22;145;5;2;3;1;3;312;Cit? du stade;G;0;0;973
201500056832;15;5;19;1645;2;2;1;3;6;312;RN1;G;0;0;973
201500056833;15;9;13;1815;2;2;1;1;2;312;Albert anthony;G;0;0;973
201500056834;15;5;14;1300;1;1;1;1;7;303;;G;0;0;973
201500056835;15;6;8;700;1;1;1;1;7;303;;G;0;0;973
201500056836;15;7;15;1700;1;1;1;1;7;303;;G;0;0;973
201500056837;15;12;4;645;1;1;1;1;7;303;;G;0;0;973
201500056838;15;10;2;1615;5;1;1;1;1;308;;G;0;0;973
201500056839;15;8;9;1530;1;1;1;3;7;310;;G;0;0;973
201500056840;15;11;19;2015;3;2;1;1;6;310;Avenue Fйlix Ebouй - RD6;G;0;0;973
201500056841;15;1;1;2145;3;1;1;1;6;311;;G;0;0;973
201500056842;15;1;11;2100;5;2;1;2;6;311;ROUTE DE ST MAURICE;G;0;0;973
201500056843;15;1;21;945;1;1;1;1;7;311;;G;0;0;973
201500056844;15;2;6;845;1;2;1;1;3;311;RN 1 PK 1 trou cochon;G;0;0;973
201500056845;15;3;8;945;1;1;1;1;3;311;;G;0;0;973
201500056846;15;3;21;1730;1;1;1;1;7;311;;G;504000;5403801;973
201500056847;15;4;11;1930;5;2;1;1;6;311;rue Lt Colonel Tourtet;G;0;0;973
201500056848;15;4;12;2145;3;1;1;1;7;311;;G;0;0;973
201500056849;15;4;18;1645;1;2;1;1;1;311;Avenue G. Monnerville;G;0;0;973
201500056850;15;4;26;630;1;1;1;1;6;311;;G;0;0;973
201500056851;15;5;24;1815;1;2;1;1;2;311;avenue Joseph Symphorien;G;0;0;973
201500056852;15;6;10;1215;1;1;1;1;3;311;;G;0;0;973
201500056853;15;6;16;1900;5;2;1;9;1;311;avenue christophe colomb;G;0;0;973
201500056854;15;8;11;1015;1;1;1;1;1;311;;G;0;0;973
201500056855;15;8;28;130;5;2;1;1;3;311;avenue Christophe Colomb;G;0;0;973
201500056856;15;10;13;2230;3;1;1;1;1;311;;G;0;0;973
201500056857;15;10;17;530;2;2;1;1;7;311;rue Jean de la Fontaine;G;0;0;973
201500056858;15;11;14;1145;1;2;1;1;3;311;bld du gl de gaulle;G;0;0;973
201500056859;15;11;20;2130;5;2;1;1;3;311;rue Lt-Colonel Tourtet;G;0;0;973
201500056860;15;11;26;900;1;2;1;1;7;311;Rue Jean de la fontaine;G;0;0;973
201500056861;15;12;5;2000;3;1;1;1;2;311;;G;0;0;973
201500056862;15;12;21;1400;1;2;1;1;6;311;avenue de la marne;G;0;0;973
201500056863;15;12;25;2000;5;1;1;1;6;311;;G;0;0;973
201500056864;15;2;22;1630;1;1;1;1;2;306;;G;0;0;973
201500056865;15;5;18;1600;1;1;1;1;6;306;;G;0;0;973
201500056866;15;6;25;2030;3;1;1;1;7;306;;G;0;0;973
201500056867;15;7;5;1200;1;1;1;1;7;361;;G;0;0;973
201500056868;15;1;25;215;5;2;1;1;6;408;rue LECONTE DELISLE;R;0;0;974
201500056869;15;1;29;700;1;2;1;7;6;408;Rue de La Palestine;R;2096279;5532711;974
201500056870;15;2;7;2000;5;2;1;1;3;408;Rue Leconte de Lisle;R;0;0;974
201500056871;15;2;20;1945;3;1;1;1;2;408;;R;0;0;974
201500056872;15;3;12;630;1;2;9;1;3;408;RD 41;R;;;974
201500056873;15;3;20;600;1;2;1;1;6;408;Rue Karl Marx;R;2095434;5533959;974
201500056874;15;4;17;1300;1;2;1;1;1;408;rue renй maillot;R;2096343;5532742;974
201500056875;15;6;7;1300;1;2;1;1;1;408;Rue Jean Albany;R;2096209;5533442;974
201500056876;15;6;14;400;3;1;1;2;1;408;;R;0;0;974
201500056877;15;7;8;1900;3;1;9;1;6;408;;R;2092746;5533266;974
201500056878;15;7;26;1845;3;1;1;1;6;408;;R;0;0;974
201500056879;15;8;24;715;1;2;1;1;5;408;avenue de la palestine;R;2096142;5532538;974
201500056880;15;10;16;1615;1;1;1;1;3;408;;R;0;0;974
201500056881;15;10;31;1630;1;2;1;1;6;408;3 RUE MARC CHAGALL;R;2095650;5533293;974
201500056882;15;12;8;2215;5;2;1;1;1;408;15 rue Pablo Nйruda;R;2094545;5533397;974
201500056883;15;1;17;1630;1;1;1;2;3;418;;R;0;0;974
201500056884;15;1;26;1730;1;2;3;1;1;418;Rue Mozart;R;2089714;5556664;974
201500056885;15;1;27;700;1;1;6;1;3;418;;R;2091110;5551791;974
201500056886;15;2;26;2000;5;2;1;1;2;418;9 rue de la r?publique;R;2089742;5554883;974
201500056887;15;4;24;2115;5;1;1;1;6;420;;R;2091309;5561349;974
201500056888;15;5;16;800;1;1;1;1;7;418;;R;2094461;5552128;974
201500056889;15;5;20;1115;1;2;1;1;6;418;117 RUE LUC DONAT;R;2092638;5551972;974
201500056890;15;5;27;2200;5;1;1;1;1;418;;R;2089915;5552231;974
201500056891;15;5;29;715;1;2;1;1;6;418;rue vidot;R;2092200;5551901;974
201500056892;15;5;22;1400;1;1;1;1;1;418;;R;0;0;974
201500056893;15;5;29;730;1;2;1;1;6;418;rue vidot;R;2092200;5551901;974
201500056894;15;6;7;2315;3;1;1;1;1;418;;R;2093794;5553380;974
201500056895;15;6;12;1730;2;2;1;1;1;418;Rue Hйlйne Boucher;R;0;0;974
201500056896;15;6;15;1845;1;1;1;1;6;418;;R;0;0;974
201500056897;15;6;22;900;1;1;1;1;3;418;;R;0;0;974
201500056898;15;10;30;845;1;1;1;1;1;418;;R;2092157;5551975;974
201500056899;15;2;23;830;1;1;1;2;5;410;;R;2103984;5571008;974
201500056900;15;4;25;2030;5;1;1;1;3;410;;R;0;0;974
201500056901;15;6;2;1830;5;1;1;1;6;410;;R;2104763;5571713;974
201500056902;15;6;27;1000;1;2;1;1;3;410;quartuier Bras-Fusil;R;0;0;974
201500056903;15;6;27;1930;5;2;1;1;3;410;quartier ste anne;R;0;0;974
201500056904;15;7;8;1445;1;1;1;1;6;410;;R;0;0;974
201500056905;15;8;2;800;1;1;1;1;3;410;;R;2106543;5570121;974
201500056906;15;8;21;1600;1;1;1;1;6;410;;R;2103858;5571786;974
201500056907;15;11;12;1100;1;2;1;1;3;410;RN2 sainte anne;R;0;0;974
201500056908;15;12;25;1615;1;1;1;1;6;410;;R;0;0;974
201500056909;15;1;19;115;3;1;1;2;6;402;;R;0;0;974
201500056910;15;2;21;1100;1;2;1;1;6;402;;R;0;0;974
201500056911;15;3;23;1415;1;2;1;1;6;402;Rue Corbeille d'Or;R;0;0;974
201500056912;15;5;8;1430;1;1;1;2;6;402;;R;0;0;974
201500056913;15;5;15;745;1;2;1;1;1;402;RN 2002 et rue de la Gie;R;2099446;5567566;974
201500056914;15;6;16;1730;1;2;1;7;6;402;;R;0;0;974
201500056915;15;8;8;1830;5;2;1;2;6;402;RN2002 Centre Ville;R;2099591;5567861;974
201500056916;15;9;16;730;1;1;1;1;6;402;;R;2100413;5569369;974
201500056917;15;5;15;1715;2;1;1;2;3;419;;R;2120000;5579999;974
201500056918;15;7;11;1830;3;1;1;1;6;419;;R;0;0;974
201500056919;15;9;19;2000;3;1;1;2;6;421;;R;0;0;974
201500056920;15;11;25;1430;1;1;1;1;6;421;;R;2102500;5551799;974
201500056921;15;1;2;1200;1;1;1;1;6;406;;R;0;0;974
201500056922;15;11;16;1615;1;1;1;1;1;406;;R;0;0;974
201500056923;15;2;14;1745;3;1;1;1;2;415;;R;0;0;974
201500056924;15;4;1;1215;1;2;1;1;6;415;304 rue St LOUIS;R;2100171;5528071;974
201500056925;15;4;8;1700;1;2;1;1;3;415;RD 4 route de la Plaine;R;2098803;5529226;974
201500056926;15;4;25;1830;5;2;1;1;3;415;de gaulle et ch. royale;R;2100930;5527615;974
201500056927;15;6;17;1145;1;2;1;1;6;415;rue chaussйe royale;R;0;0;974
201500056928;15;7;4;830;3;1;9;1;1;415;;R;0;0;974
201500056929;15;7;9;2030;3;1;1;1;6;415;;R;0;0;974
201500056930;15;8;24;1815;2;1;1;1;3;415;;R;0;0;974
201500056931;15;9;1;630;1;1;1;1;3;415;;R;2097410;5530317;974
201500056932;15;9;13;615;2;2;1;3;4;415;RN 1;R;0;0;974
201500056933;15;10;7;1445;1;2;1;1;5;415;chaussйe royale;R;0;0;974