num_acc;an;mois;jour;hrmn;lum;agg;int;atm;col;com;adr;gps;lat;long;dep
201500056934;15;10;27;1645;1;2;1;1;6;415;rue rhin et danube;R;2100951;5527112;974
201500056935;15;12;16;2345;3;1;1;1;6;415;;R;2101675;5525474;974
201500056936;15;1;3;145;3;1;1;1;3;415;;R;0;0;974
201500056937;15;3;22;30;4;1;1;1;1;415;;R;0;0;974
201500056938;15;3;23;245;3;2;6;2;7;415;chemin BRUNIQUEL;R;2108355;5523494;974
201500056939;15;4;8;1145;1;2;1;1;1;415;;R;2105492;5522692;974
201500056940;15;4;10;1800;2;2;1;1;1;423;Rue du Gйnйral De Gaulle;R;2106071;5522327;974
201500056941;15;5;6;1000;1;1;9;1;3;415;;R;0;0;974
201500056942;15;5;23;130;3;1;1;1;3;415;;R;0;0;974
201500056943;15;5;31;415;3;2;1;1;6;415;RN1A;R;2105800;5522101;974
201500056944;15;7;4;1645;3;1;1;1;1;415;;R;0;0;974
201500056945;15;7;28;1600;1;1;1;1;1;415;;R;0;0;974
201500056946;15;10;26;1815;2;1;1;1;1;415;;R;2102000;5522599;974
201500056947;15;11;20;930;1;1;1;1;3;415;;R;0;0;974
201500056948;15;11;26;2215;3;1;1;1;6;415;;R;2110500;5537199;974
201500056949;15;12;20;2000;4;2;1;1;6;415;26 rue des espadons;R;2108300;5521699;974
201500056950;15;1;27;815;1;1;1;1;1;415;;R;2133995;5562830;974
201500056951;15;2;27;745;1;2;1;1;7;415;rue du relai;R;0;0;974
201500056952;15;4;17;1945;3;1;1;1;1;415;;R;0;0;974
201500056953;15;6;8;800;1;2;1;1;6;415;25 chemin l'eveque;R;0;0;974
201500056954;15;6;30;1915;5;2;1;2;6;415;Rue Nйhoua;R;2114000;5527899;974
201500056955;15;7;8;2000;3;1;1;1;7;415;;R;0;0;974
201500056956;15;7;14;2015;5;1;1;1;1;415;;R;0;0;974
201500056957;15;8;13;2345;3;1;1;1;1;415;;R;2109000;5544701;974
201500056958;15;1;7;2130;3;1;1;1;6;415;;R;0;0;974
201500056959;15;4;15;1745;2;1;1;8;1;423;;R;2111897;5529756;974
201500056960;15;9;2;830;1;1;1;1;7;423;;R;2112307;5526402;974
201500056961;15;10;1;1715;1;2;1;1;1;401;D 18 36 chemin de ligne;R;2124119;5534331;974
201500056962;15;3;5;830;1;2;1;1;1;414;36 rue leconte de lisle;R;2127796;5541396;974
201500056963;15;7;28;1100;1;2;1;1;6;414;rue ravenal;R;0;0;974
201500056964;15;1;17;545;1;2;1;1;6;424;19 route du cap;R;2116519;5548150;974
201500056965;15;1;21;1915;3;2;1;1;6;424;chemin terre fine;R;2115583;5543597;974
201500056966;15;6;14;1615;1;2;1;1;1;424;mare sиche;R;0;0;974
201500056967;15;6;14;1700;1;1;1;1;6;424;;R;0;0;974
201500056968;15;12;27;700;1;1;1;1;1;424;;R;0;0;974
201500056969;15;4;14;600;2;1;1;1;7;403;;R;2126994;5546370;974
201500056970;15;5;24;1815;2;2;1;1;3;403;rue bras long;R;0;0;974
201500056971;15;1;18;1800;1;1;1;2;7;416;;R;0;0;974
201500056972;15;3;29;1345;1;2;1;1;1;416;Champs de foire;R;2119100;5557401;974
201500056973;15;5;6;1530;1;2;1;1;3;416;;R;0;0;974
201500056974;15;5;27;1200;1;2;1;1;6;422;47 rue Alfred Picard;R;2120486;5557939;974
201500056975;15;7;4;2315;3;2;1;1;6;422;CD 36;R;;;974
201500056976;15;7;9;1630;1;2;1;1;6;422;2 chemin mussard;R;2122801;5555151;974
201500056977;15;7;19;1615;1;2;1;1;1;422;rue Alfred PICARD;R;2120484;5558308;974
201500056978;15;8;2;815;1;1;1;8;1;422;;R;2119759;5564502;974
201500056979;15;8;1;1900;3;2;1;1;6;422;92a rue des acacias;R;2122552;5553091;974
201500056980;15;8;2;800;1;1;1;3;6;422;;R;0;0;974
201500056981;15;8;16;1545;1;2;1;1;1;422;rue des amйthystes;R;2121954;5555581;974
201500056982;15;9;1;1430;1;1;1;1;3;422;;R;2123229;5554328;974
201500056983;15;12;14;1600;1;1;1;1;1;405;;R;2133756;5554834;974
201500056984;15;1;23;1015;1;1;1;1;6;412;;R;2138020;5560748;974
201500056985;15;1;31;1445;1;1;1;1;1;412;;R;2133995;5562830;974
201500056986;15;3;6;1830;5;2;1;1;1;412;96 RUE LECONTE DELISLE;R;2137100;5561901;974
201500056987;15;3;26;2030;3;1;1;1;3;405;;R;2135900;5556101;974
201500056988;15;4;1;800;5;2;1;1;6;412;rue Marcel Pagnol;R;0;0;974
201500056989;15;6;4;615;2;2;1;1;6;412;rue Charles Baudelaire;R;0;0;974
201500056990;15;6;21;2230;3;1;1;1;6;405;;R;0;0;974
201500056991;15;9;16;1330;1;2;1;1;6;405;40 chemin dйsirй;R;2133624;5556324;974
201500056992;15;9;22;630;1;2;1;1;6;412;Rue Charles Beaudelaire;R;2138180;5564712;974
201500056993;15;10;25;1315;1;1;1;1;6;405;;R;0;0;974
201500056994;15;11;23;1545;5;2;1;1;6;412;rue raphael babet;R;2137927;5562495;974
201500056995;15;12;11;1045;1;2;1;1;7;412;chemin fleur de cannes;R;2136935;5557528;974
201500056996;15;12;13;1945;3;1;1;1;7;412;;R;2133600;5565799;974
201500056997;15;12;27;1545;1;1;1;1;1;405;;R;;;974
201500056998;15;8;8;1800;2;2;1;1;6;417;RN2 Le Souffleur;R;2136824;5573725;974
201500056999;15;1;14;1230;1;1;1;2;1;422;;R;0;0;974
201500057000;15;1;18;645;1;1;1;2;3;422;;R;0;0;974
201500057001;15;4;12;530;3;1;1;1;6;422;;R;0;0;974
201500057002;15;8;9;1530;1;1;1;1;1;422;;R;2127411;5549853;974
201500057003;15;8;10;1715;1;2;1;1;3;422;RUE MONTAIGNE;R;2126165;5549877;974
201500057004;15;9;3;1715;1;2;1;1;6;422;RN3;R;2127229;5552471;974
201500057005;15;9;27;1700;1;2;1;1;2;422;309 rue Leblond 97430;R;0;0;974
201500057006;15;12;6;1215;1;2;1;1;1;422;rue d'Allemagne;R;2127834;5550444;974
201500057007;15;12;29;2145;5;2;1;1;3;422;;R;0;0;974
201500057008;15;2;5;1915;3;1;1;1;7;611;;Y;0;0;976
201500057009;15;2;12;600;2;2;1;1;3;611;Pont RN 3 - Entr?e nord;Y;0;0;976
201500057010;15;2;25;1800;3;1;1;8;6;611;;Y;0;0;976
201500057011;15;3;10;1145;1;2;1;1;6;611;Rue de l'?cole primaire;Y;0;0;976
201500057012;15;4;9;1000;1;1;1;1;2;611;;Y;0;0;976
201500057013;15;4;28;1545;1;2;1;1;3;611;Rue Rйsidence Canellia;Y;0;0;976
201500057014;15;5;23;1030;1;1;1;1;1;611;;Y;0;0;976
201500057015;15;6;20;1715;1;2;1;1;1;607;Carrefour RN 2 / RN 3;Y;0;0;976
201500057016;15;7;5;1445;1;1;1;1;2;611;;Y;0;0;976
201500057017;15;7;8;1345;1;2;1;1;6;611;hauteur du pont;Y;0;0;976
201500057018;15;8;10;1100;1;1;1;1;1;611;;Y;0;0;976
201500057019;15;12;11;1830;2;1;1;1;1;611;;Y;0;0;976
201500057020;15;12;11;1830;3;1;9;2;7;611;;Y;0;0;976
201500057021;15;1;5;2000;3;2;1;1;3;615;Boulevard des amoureux;Y;0;0;976
201500057022;15;4;9;1515;1;2;1;1;6;615;ROUTE DE MOYA;Y;0;0;976
201500057023;15;4;16;615;1;1;1;1;1;615;;Y;0;0;976
201500057024;15;9;19;1715;1;2;1;1;6;615;boulevard des amoureux;Y;0;0;976
201500057025;15;10;8;815;1;1;1;1;1;615;;Y;0;0;976
201500057026;15;11;2;1215;1;2;1;1;6;615;boulevard des amoureux;Y;0;0;976
201500057027;15;12;26;645;2;2;1;2;6;615;boulevard des crabes;Y;0;0;976
201500057028;15;1;19;1645;1;1;1;8;6;616;;Y;0;0;976
201500057029;15;2;5;1800;1;1;1;1;6;616;;Y;0;0;976
201500057030;15;6;20;1100;1;2;1;1;6;616;route moussimou;Y;0;0;976
201500057031;15;6;16;2030;3;1;9;1;1;616;;Y;0;0;976
201500057032;15;6;16;1830;2;2;1;1;7;616;CCD1 MROALE;Y;0;0;976
201500057033;15;12;1;1815;1;2;1;1;6;616;QUARTIER MKAFENI;Y;0;0;976
201500057034;15;12;11;1600;1;2;1;1;6;616;QUARTIER DOMOELI;Y;0;0;976
201500057035;15;1;13;1745;1;1;1;1;3;103;;A;0;0;971
201500057036;15;5;10;1345;1;1;1;1;3;103;;A;0;0;971
201500057037;15;5;10;2215;5;2;1;1;3;103;bd de la Rйconciliation;A;0;0;971
201500057038;15;6;11;1530;1;2;9;1;1;103;boulevard de houelbourg;A;0;0;971
201500057039;15;6;13;15;5;2;1;1;1;103;rue Pierre et marie Curi;A;0;0;971
201500057040;15;6;26;1345;1;2;9;1;1;103;RN 2;A;0;0;971
201500057041;15;7;9;1400;1;1;1;1;3;103;;A;0;0;971
201500057042;15;7;26;1200;1;1;1;1;2;103;;A;0;0;971
201500057043;15;8;15;1545;5;2;1;1;3;103;Trioncelle;A;0;0;971
201500057044;15;8;5;515;2;1;1;1;6;103;;A;0;0;971
201500057045;15;8;20;730;1;2;1;1;3;103;Bd Nelson Mandela;A;0;0;971
201500057046;15;8;30;2330;5;1;1;1;2;103;;A;0;0;971
201500057047;15;10;14;1815;5;2;1;1;6;103;rue Nelson Mandela;A;0;0;971
201500057048;15;11;13;1645;1;2;1;1;6;103;boulevard du lamentin;A;0;0;971
201500057049;15;12;10;915;1;2;6;1;3;103;;A;0;0;971
201500057050;15;2;18;1545;1;2;1;1;6;612;RN 1 - M'tsangadoua;Y;0;0;976
201500057051;15;5;23;830;1;1;1;1;4;612;;Y;0;0;976
201500057052;15;7;9;830;1;2;1;1;6;612;7 rue Madi Combo - Chemb;Y;0;0;976
201500057053;15;10;24;430;5;2;9;1;6;612;RN 1;Y;0;0;976
201500057054;15;12;7;1630;1;1;1;1;7;612;;Y;0;0;976
201500057055;15;2;14;1800;3;1;1;1;1;604;;Y;0;0;976
201500057056;15;3;29;1430;1;1;1;1;1;604;;Y;0;0;976
201500057057;15;4;28;1900;3;1;1;1;1;604;;Y;0;0;976
201500057058;15;5;1;600;1;1;1;1;3;604;;Y;0;0;976
201500057059;15;5;17;1700;1;2;1;1;6;604;ccd4;Y;0;0;976
201500057060;15;6;6;1600;1;2;1;1;7;603;rn3 carrefour auto-йcole;Y;0;0;976
201500057061;15;6;29;1015;1;2;1;1;6;604;malamani;Y;0;0;976
201500057062;15;8;28;600;1;2;1;1;6;606;Hamouro;Y;0;0;976
201500057063;15;9;19;1900;3;1;1;1;1;606;;Y;0;0;976
201500057064;15;9;21;715;1;2;1;1;1;606;Ngyambadao;Y;0;0;976
201500057065;15;10;17;1815;3;1;1;1;6;606;;Y;0;0;976
201500057066;15;10;28;1515;1;2;1;1;6;606;CCD 5 POROANI;Y;0;0;976
201500057067;15;11;12;1615;1;2;1;1;6;606;CCD 5 MALAMANI;Y;0;0;976
201500057068;15;11;21;1315;1;1;1;1;6;606;;Y;0;0;976
201500057069;15;12;12;1145;1;1;1;1;1;606;;Y;0;0;976
201500057070;15;12;26;315;3;2;1;1;1;606;Nyambadao RN3;Y;0;0;976
201500057071;15;3;13;1215;1;1;1;1;1;309;;G;0;0;973
201500057072;15;3;21;2000;3;2;1;1;5;309;RN3;G;0;0;973
201500057073;15;4;1;1600;3;1;1;1;3;309;;G;0;0;973
201500057074;15;4;19;145;5;2;1;1;3;309;ROUTE DE MONTJOLY;G;0;0;973
201500057075;15;4;26;1315;1;2;1;1;6;309;parking carrefour market;G;0;0;973
201500057076;15;5;7;1915;1;2;1;1;3;309;route de Montjoly;G;0;0;973
201500057077;15;9;9;1700;1;2;1;1;3;309;route de remire;G;0;0;973
201500057078;15;10;4;2200;3;1;1;1;1;309;;G;0;0;973
201500057079;15;10;3;1730;1;2;1;1;1;309;Rue du vieux chemin;G;0;0;973
201500057080;15;11;10;2045;5;2;1;1;1;309;;G;0;0;973
201500057081;15;1;20;1515;1;1;1;1;1;415;;R;0;0;974
201500057082;15;3;15;1900;3;2;1;1;6;417;chm lallemand;R;0;0;974
201500057083;15;10;4;1615;1;1;1;2;7;413;;R;2113900;5531699;974
201500057084;15;10;9;2245;3;1;1;1;6;413;;R;2119522;5528504;974
201500057085;15;10;26;1445;1;2;1;1;6;413;rue du gйnйral lambert;R;2118239;5528764;974
201500057086;15;10;28;1245;1;1;1;1;2;413;;R;0;0;974
201500057087;15;11;26;1415;1;1;1;1;6;413;;R;0;0;974
201500057088;15;1;17;1530;1;2;2;1;3;307;Rue R?s?da acajou;G;0;0;973
201500057089;15;2;7;1730;1;2;1;1;1;307;;G;0;0;973
201500057090;15;2;10;2000;5;1;1;2;1;307;;G;0;0;973
201500057091;15;4;3;1730;1;2;9;3;3;307;Le bourg - RN 2;G;0;0;973
201500057092;15;4;29;100;4;2;1;1;6;307;rue de la Distillerie;G;0;0;973
201500057093;15;5;2;2130;3;1;1;1;1;307;;G;0;0;973
201500057094;15;5;8;345;4;1;1;1;1;307;;G;0;0;973
201500057095;15;5;8;2130;5;2;1;1;3;307;rue des guaranis;G;0;0;973
201500057096;15;6;15;715;1;2;3;2;3;307;rue Lйrol;G;0;0;973
201500057097;15;6;26;1700;1;2;1;1;3;307;RN2/Rue Parcouri;G;0;0;973
201500057098;15;10;9;1415;1;2;1;1;1;307;RN2 - carrefour Balata;G;0;0;973
201500057099;15;10;23;530;3;1;1;1;1;307;;G;0;0;973
201500057100;15;11;16;1600;1;2;1;1;1;307;rue de la canneraie;G;0;0;973
201500057101;15;12;3;1345;1;2;1;1;3;307;rue Patawa;G;0;0;973
201500057102;15;12;17;1015;1;2;1;1;1;307;RD 19;G;0;0;973
201500057103;15;12;18;2130;5;2;1;1;6;307;rue de la distillerie;G;0;0;973
201500057104;15;12;30;2000;5;1;1;1;3;307;;G;0;0;973
201500057105;15;2;2;1015;3;2;1;1;3;307;rue du fromager;G;0;0;973
201500057106;15;2;27;2145;3;2;1;1;1;415;CD8 Route Hubert Delisle;R;2103728;5530754;974
201500057107;15;3;8;1215;1;2;1;1;6;415;AV PAUL JULIUS BENARD;R;2102381;5526597;974
201500057108;15;3;30;1015;1;2;1;1;6;415;C.D 10 Route de l'Eperon;R;2104472;5526303;974
201500057109;15;8;8;2000;3;2;1;2;3;415;Route du thйatre;R;2104205;5525361;974
201500057110;15;9;7;1900;1;2;1;1;1;415;AVE JULIUS BENARD;R;2102379;5526604;974
201500057111;15;9;10;1230;1;2;1;1;2;415;BARQUISSAU;R;2102500;5526805;974
201500057112;15;12;22;730;1;2;1;1;6;420;;R;0;0;974
201500057113;15;3;3;1815;1;2;1;1;1;413;rue alexandre begue;R;0;0;974
201500057114;15;4;19;1345;1;1;1;1;2;404;;R;2126472;5533791;974
201500057115;15;6;6;1945;5;2;1;1;6;404;avenue Raymond Barre;R;2126355;5536327;974
201500057116;15;9;6;2045;5;2;1;1;2;404;126 avenue Raymond barre;R;2126353;5536324;974
201500057117;15;10;30;800;1;2;1;1;1;404;Av Raymond Barre;R;2126896;5537470;974
201500057118;15;1;2;415;3;1;1;1;7;413;;R;0;0;974
201500057119;15;1;31;2000;3;2;1;1;1;413;rue alexandre b?gue CD3;R;2096279;5532711;974
201500057120;15;3;8;15;3;1;1;2;6;413;;R;2115600;5529101;974
201500057121;15;7;10;1830;4;2;1;1;6;413;Rue du Musйe CD 11;R;0;0;974
201500057122;15;8;5;1900;3;1;1;2;1;413;;R;0;0;974
201500057123;15;8;6;1930;3;1;1;1;6;413;;R;2116411;5532314;974
201500057124;15;2;21;1200;1;1;1;7;1;418;;R;0;0;974
201500057125;15;3;4;2230;3;1;1;1;5;418;;R;2091495;5551826;974
201500057126;15;3;28;645;2;1;6;1;6;418;;R;2089678;5551115;974
201500057127;15;4;8;1500;1;2;1;1;6;418;Zone commerciale Duparc;R;2089905;5551803;974
201500057128;15;4;21;1230;1;1;1;1;3;420;;R;2095535;5561483;974
201500057129;15;6;28;1130;1;1;1;1;6;418;;R;2092259;5556972;974
201500057130;15;9;14;1315;1;2;1;7;6;418;;R;0;0;974
201500057131;15;10;18;345;5;2;1;1;1;420;Av Pierre Mendes France;R;2090372;5560233;974
201500057132;15;1;15;2015;5;2;1;1;1;132;FOUR A CHAUX;A;0;0;971
201500057133;15;1;31;1100;1;2;1;1;3;132;chemin de l'?tang;A;0;0;971
201500057134;15;5;21;2145;5;2;1;1;1;109;ST Charles;A;0;0;971
201500057135;15;8;15;1115;1;1;1;1;1;132;;A;0;0;971
201500057136;15;9;11;1415;1;1;1;1;5;109;;A;0;0;971
201500057137;15;10;25;1330;1;1;1;1;6;132;;A;0;0;971
201500057138;15;2;9;530;2;2;1;1;6;414;;R;0;0;974
201500057139;15;3;3;1100;1;2;6;1;2;414;rue Leconte delisle;R;2127622;5541493;974
201500057140;15;3;7;2000;1;1;1;1;6;414;;R;0;0;974
201500057141;15;3;20;1615;1;1;1;1;6;414;;R;2126583;5543916;974
201500057142;15;6;29;1700;1;1;1;1;1;414;;R;2123484;5534154;974
201500057143;15;7;10;1515;1;2;1;1;6;414;rue Lйonus benard;R;2128721;5541499;974
201500057144;15;10;4;945;1;1;1;1;1;414;;R;0;0;974
201500057145;15;9;29;1515;1;1;1;1;7;414;;R;0;0;974
201500057146;15;10;14;2100;5;2;1;1;1;414;118 avenue principale;R;2128862;5541072;974
201500057147;15;11;21;2330;3;1;1;1;6;414;;R;2129367;5541464;974
201500057148;15;12;16;600;1;1;1;1;1;414;;R;2125457;5542689;974
201500057149;15;12;22;2345;3;1;1;1;1;414;;R;0;0;974
201500057150;15;11;14;2200;3;2;1;1;3;410;140 rn2 ST BENOIT;R;2107959;5574398;974
201500057151;15;1;19;1530;1;2;1;1;1;229;PK 2+600 RN2 sens S/N;A;0;0;972
201500057152;15;2;18;900;5;2;1;1;6;229;60lotissement casenavire;A;0;0;972
201500057153;15;11;1;1445;1;2;1;1;3;229;avenue anse madame;A;0;0;972
201500057154;15;11;27;2230;5;2;1;8;3;229;RN2 - quartier Fd Lahayй;A;0;0;972
201500057155;15;12;3;1115;1;2;1;1;6;229;rue vincent placoly;A;0;0;972
201500057156;15;2;3;1845;2;1;1;1;5;204;;A;0;0;972
201500057157;15;3;13;2130;3;1;1;1;7;225;;A;0;0;972
201500057158;15;5;21;1700;1;1;1;1;5;204;;A;0;0;972
201500057159;15;2;15;2215;4;2;1;1;7;226;;A;0;0;972
201500057160;15;2;18;1915;3;1;1;1;7;226;;A;0;0;972
201500057161;15;2;25;2100;4;2;1;1;6;227;D7 rue de gros raisin;A;0;0;972
201500057162;15;3;30;1430;1;2;2;1;1;220;Bas Mangos;A;0;0;972
201500057163;15;4;3;2130;3;1;1;1;1;217;;A;0;0;972
201500057164;15;11;16;1615;1;1;1;1;4;217;;A;0;0;972
201500057165;15;3;15;415;3;1;1;1;1;210;;A;0;0;972
201500057166;15;9;5;245;3;1;1;1;6;210;;A;0;0;972
201500057167;15;11;15;1200;1;1;1;1;2;232;;A;0;0;972
201500057168;15;12;18;1630;1;1;1;2;1;210;;A;0;0;972
201500057169;15;1;24;2345;5;1;1;1;5;221;;A;0;0;972
201500057170;15;1;28;1645;1;1;1;1;3;206;;A;0;0;972
201500057171;15;3;14;2130;3;1;1;1;5;221;;A;0;0;972
201500057172;15;3;20;1;3;1;1;1;6;221;;A;0;0;972
201500057173;15;3;27;1745;1;2;6;1;6;206;CD7 - RP negre marron;A;0;0;972
201500057174;15;4;12;1930;3;2;1;1;1;231;RD 7;A;0;0;972
201500057175;15;4;16;1700;1;2;1;1;1;221;Rue joinville saint prix;A;0;0;972
201500057176;15;4;18;2000;3;1;1;1;6;202;;A;0;0;972
201500057177;15;7;26;1645;1;1;1;1;3;221;;A;0;0;972
201500057178;15;11;2;1015;1;1;1;2;2;231;;A;0;0;972
201500057179;15;12;5;300;3;1;1;8;6;231;;A;0;0;972
201500057180;15;12;9;1600;1;1;1;1;1;221;;A;0;0;972
201500057181;15;12;20;2330;3;1;1;1;7;202;;A;0;0;972
201500057182;15;12;31;1530;1;1;1;1;1;231;;A;0;0;972
201500057183;15;2;21;900;1;1;1;1;5;207;;A;0;0;972
201500057184;15;3;15;2045;5;1;1;1;6;207;;A;0;0;972
201500057185;15;5;30;1900;2;2;1;1;1;207;79 rue des gommiers;A;0;0;972
201500057186;15;10;15;1800;1;2;1;1;6;207;Citй la MARIE;A;0;0;972
201500057187;15;2;13;1615;1;1;1;1;1;201;;A;0;0;972
201500057188;15;2;14;230;3;1;1;1;6;216;;A;0;0;972
201500057189;15;5;11;1430;1;1;1;1;7;214;;A;0;0;972
201500057190;15;6;13;2215;5;1;1;1;1;201;;A;0;0;972
201500057191;15;6;20;215;5;2;6;1;7;214;RN 1, Quartier Sйguineau;A;0;0;972
201500057192;15;8;21;1545;1;1;1;1;1;214;;A;0;0;972
201500057193;15;1;15;1945;4;1;1;1;1;222;;A;0;0;972
201500057194;15;1;6;615;1;2;1;1;6;212;Quartier CROIX BLANCHE;A;0;0;972
201500057195;15;2;7;1715;1;2;1;1;6;212;rue paul  nazaire;A;0;0;972
201500057196;15;7;26;1445;1;2;1;1;1;212;Quartier BOIS LEZARD;A;0;0;972
201500057197;15;7;27;830;1;1;1;1;1;222;rue four a chaux;A;0;0;972
201500057198;15;11;1;1815;3;1;1;1;1;222;;A;0;0;972
201500057199;15;11;15;1245;1;2;1;1;6;222;Citй Pointe LYNCH;A;0;0;972
201500057200;15;11;20;2200;5;2;1;1;6;222;Front de mer;A;0;0;972
201500057201;15;6;28;1545;1;2;1;1;6;401;6 route des poivriers;R;2123500;5534899;974
201500057202;15;4;15;930;1;2;1;1;1;422;rue d'allemagne;R;2127860;5550489;974
201500057203;15;5;10;1830;3;2;1;1;1;422;186 CHEMIN ISAUTIER;R;2126023;5552189;974
201500057204;15;10;20;815;3;2;9;1;6;422;boulevard michel debre;R;2126710;5551752;974
201500057205;15;1;9;1220;1;2;1;1;6;105;, PAUL LACAVE (AVENUE );A;0;0;971
201500057206;15;12;18;1500;1;2;1;1;6;105;PAUL LACAVE (AVENUE );A;0;0;971
201500057207;15;7;3;1035;1;2;1;1;6;105;CHARLES DE GAULLE (BOULE;A;0;0;971
201500057208;15;1;14;1000;1;2;1;1;6;105;BEBIAN (RUE);A;0;0;971
201500057209;15;7;3;1425;1;2;1;1;6;105;BOLOGNE (ROUTE DE);A;0;0;971
201500057210;15;1;22;1730;5;2;4;2;2;105;NR, BD GERTY ARCHIMEDE;A;0;0;971
201500057211;15;9;29;705;1;2;6;1;6;105;LARDENOY (RUE DE );A;0;0;971
201500057212;15;2;10;935;1;2;9;1;6;105;SAINT-CLAUDE (AVENUE DE);A;0;0;971
201500057213;15;10;11;605;1;1;6;1;6;105;UVERNEUR DU LYON (AVE);A;0;0;971
201500057214;15;2;25;1700;5;2;1;1;6;105;729, PAUL LACAVE (AVENUE;A;0;0;971
201500057215;15;10;16;2225;5;2;1;1;6;105;GOUVERNEUR DU LYON (AVE);A;0;0;971
201500057216;15;10;17;2230;3;1;1;1;6;105;344, GOUVERNEUR DU LYON;A;0;0;971
201500057217;15;1;8;1420;1;2;1;1;7;107;DELGRES ( BOULEVARD );A;0;0;971
201500057218;15;4;10;1805;1;1;1;1;1;107;FRONT DE MER ( BOULEVARD;A;0;0;971
201500057219;15;1;22;615;1;2;4;1;3;107;DUMANOIR ( ALLEE );A;0;0;971
201500057220;15;4;17;1630;1;2;3;1;6;107;FLAMBOYANTS ( ALLEE DES;A;0;0;971
201500057221;15;2;11;815;1;2;3;1;3;107;FLAMBOYANTS ( ALLEE DES;A;0;0;971
201500057222;15;5;5;1800;1;2;1;1;2;107;MARQUISAT ( ROUTE DE );A;0;0;971
201500057223;15;4;29;115;5;2;1;1;6;107;GRANDE RIVIERE ( RUE DE;A;0;0;971
201500057224;15;2;16;1655;1;2;4;1;6;107;DELGRES ( BOULEVARD );A;0;0;971
201500057225;15;2;19;2220;5;2;1;2;7;107;PROGRES ( RUE DU );A;0;0;971
201500057226;15;6;7;2030;5;2;3;1;3;107;MARQUISAT ( ROUTE DE );A;0;0;971
201500057227;15;6;20;2115;5;1;3;1;3;107;GERMAIN ST RUF (AVENUE );A;0;0;971
201500057228;15;3;22;1530;1;2;3;1;3;107;LEOPOLD DORVAL ( RUE );A;0;0;971
201500057229;15;7;4;730;1;2;9;1;6;107;SAINT RUFF (AVENUE);A;0;0;971
201500057230;15;7;11;1240;1;2;1;1;3;107;DUMANOIR ( ALLEE );A;0;0;971
201500057231;15;7;16;1357;1;2;1;1;6;107;FLAMBOYANTS ( ALLEE DES;A;0;0;971
201500057232;15;7;23;1415;1;2;2;1;3;107;FOCH;A;0;0;971
201500057233;15;8;14;230;5;2;1;1;6;107;face au 60, DELGRES ( BO;A;0;0;971
201500057234;15;9;7;1220;1;2;1;1;6;107;GERMAIN ST RUF (AVENUE );A;0;0;971
201500057235;15;9;11;1220;1;2;1;2;3;105;PAUL LACAVE ( AVENUE );A;0;0;971
201500057236;15;9;17;649;1;2;9;1;1;107;DELGRES ( BOULEVARD );A;0;0;971
201500057237;15;10;13;650;1;2;3;1;6;107;DELGRES ( BOULEVARD );A;0;0;971
201500057238;15;10;28;1300;1;2;1;1;1;107;ABBE GREGOIRE ( RUE DE L;A;1604447;6156501;971
201500057239;15;10;31;525;5;2;2;2;3;107;FLAMBOYANTS ( ALLEE DES;A;0;0;971
201500057240;15;12;10;1345;1;2;1;1;3;107;FLAMBOYANTS ( ALLEE DES;A;;;971
201500057241;15;1;1;1500;1;2;1;1;3;113;4, RN4 - SECTION RIVIERA;A;;;971
201500057242;15;4;12;2045;5;2;1;1;6;101;23, MAIRIE;A;;;971
201500057243;15;1;9;2130;5;1;1;1;6;113;RD  119, ROUTE DE PERINE;A;;;971
201500057244;15;4;6;45;5;1;1;2;7;101;1, RN1 ROCADE DE CHAUVEL;A;;;971
201500057245;15;4;12;1315;1;2;1;1;3;101;101, CHAZEAU;A;;;971
201500057246;15;1;20;1535;1;2;1;1;6;120;00, ECOLE FERNAND BONCHA;A;;;971
201500057247;15;4;5;1450;1;2;1;1;3;101;0, SECTION BESSON;A;;;971
201500057248;15;1;21;1850;4;2;1;1;6;101;RD 129, PETIT PEROU;A;;;971
201500057249;15;4;11;1720;1;1;1;1;2;101;RN1, RN1 ROCADE DE CHAUV;A;;;971
201500057250;15;4;12;1900;2;1;1;1;3;101;101, ROUTE DE CHAZEAU;A;;;971
201500057251;15;1;18;2312;5;1;1;1;5;120;RN 1, Secteur Pont de la;A;;;971
201500057252;15;4;17;2020;5;2;1;1;6;101;00, Frйdйric JALTON;A;;;971
201500057253;15;1;26;1230;1;2;1;1;2;101;RN 5, HIBISCUS;A;;;971
201500057254;15;4;20;1345;1;1;1;1;7;101;00, Bd Renй Serge NABAJO;A;;;971
201500057255;15;1;23;2217;5;2;1;1;1;101;00, BOISRIPEAUX;A;;;971
201500057256;15;4;20;2010;5;2;1;1;3;101;103, CHAUVEL;A;;;971
201500057257;15;1;28;1740;1;2;1;1;6;101;00, VIEUX BOURG (RESIDEN;A;;;971
201500057258;15;4;21;915;1;2;1;1;7;120;DUPLESSIS;A;;;971
201500057259;15;2;1;2310;5;2;1;1;6;101;05, RN05;A;;;971
201500057260;15;2;2;1700;1;2;1;1;1;101;00, DOTHEMARE;A;;;971
201500057261;15;4;23;1120;1;2;1;1;3;101;00, PETIT PEROU;A;;;971
201500057262;15;2;11;1750;1;2;9;7;6;101;103, RICOU (CENTRE HOSPI;A;;;971
201500057263;15;2;16;1045;1;2;1;1;6;120;00, BD LEGITIMUS;A;;;971
201500057264;15;4;27;1720;1;2;1;1;6;101;101, BOULEVARD DES HEROS;A;;;971
201500057265;15;2;17;120;3;1;1;1;2;113;4, Morne Salines;A;;;971