num_acc;an;mois;jour;hrmn;lum;agg;int;atm;col;com;adr;gps;lat;long;dep
201500057560;15;8;29;615;1;1;1;1;6;213;AUTOROUTE A1;A;0;0;972
201500057561;15;8;30;2352;5;1;1;1;6;213;AUTOROUTE A1;A;0;0;972
201500057562;15;9;6;419;3;1;1;1;6;213;PLACE D'ARMES;A;0;0;972
201500057563;15;9;6;1823;2;1;1;1;3;213;AUTOROUTE A1;A;0;0;972
201500057564;15;9;18;1315;1;1;1;1;4;213;AUTOROUTE A1;A;0;0;972
201500057565;15;9;30;1315;1;1;1;1;2;213;ROUTE DEPARTEMENTALE 14;A;0;0;972
201500057566;15;9;30;2120;3;1;1;1;2;213;ROUTE NATIONALE 1;A;0;0;972
201500057567;15;10;2;2120;1;1;1;1;1;213;ROUTE NATIONALE 6;A;0;0;972
201500057568;15;10;3;645;1;1;1;1;6;213;ZONE DE FRET;A;0;0;972
201500057569;15;10;3;945;1;1;3;1;3;213;LA MAUGEE (CHEMIN);A;0;0;972
201500057570;15;10;3;2118;4;1;1;1;4;213;AUTOROUTE A1;A;0;0;972
201500057571;15;10;6;1850;4;1;1;1;4;213;AUTOROUTE A1;A;0;0;972
201500057572;15;10;8;1110;1;1;1;1;3;213;7, Z I LA JAMBETTE;A;0;0;972
201500057573;15;10;9;1345;1;1;1;1;6;213;MORNE PITAULT (ROUTE DE);A;0;0;972
201500057574;15;10;15;1131;1;1;1;1;1;213;70, BASSE GONDEAU (CHEMI;A;0;0;972
201500057575;15;10;19;107;3;1;1;1;6;213;AUTOROUTE A1;A;0;0;972
201500057576;15;10;20;1810;2;1;1;1;3;213;ROUTE NATIONALE 1;A;0;0;972
201500057577;15;10;22;1032;1;1;1;1;6;213;ROUTE DEPARTEMENTALE 3;A;0;0;972
201500057578;15;10;28;1350;1;1;1;1;2;213;AUTOROUTE A1;A;0;0;972
201500057579;15;10;29;1730;1;2;1;1;1;213;4, NELSON MANDELA;A;0;0;972
201500057580;15;4;1;1600;1;2;1;1;3;302;1850, MADELEINE (ROUTE D;G;0;0;973
201500057581;15;4;1;1853;5;2;1;1;6;302;0.5, MADELEINE (ROUTE DE;G;0;0;973
201500057582;15;4;2;1430;1;1;1;1;3;302;BADUEL (ROUTE DE);G;455435;5217553;973
201500057583;15;4;3;904;1;2;3;1;6;302;212, MADELEINE (ROUTE DE;G;0;0;973
201500057584;15;4;2;1908;5;2;1;1;3;302;51, POLYCARPE (VERMONT);G;463020;5219089;973
201500057585;15;4;4;1909;5;1;1;1;6;302;FELIX EBOUE(ROCADE);G;0;0;973
201500057586;15;4;5;1920;5;2;1;1;6;302;47, FELIX EBOUE(ROCADE);G;0;0;973
201500057587;15;4;6;2120;5;2;1;1;1;302;240, MADELEINE (ROUTE DE;G;0;0;973
201500057588;15;4;8;810;1;1;1;2;3;302;3940, MONTABO (ROUTE DE);G;0;0;973
201500057589;15;4;8;1550;1;1;1;1;2;302;MADELEINE (ROUTE DE LA);G;400000;5199999;973
201500057590;15;4;7;623;1;1;1;1;6;302;1214, MADELEINE (ROUTE D;G;455193;5219139;973
201500057591;15;4;10;1712;1;1;1;1;2;302;859, ZEPHIR (ROCADE);G;0;0;973
201500057592;15;4;10;1859;5;1;1;1;1;302;1, CATAYEE (JUSTIN);G;0;0;973
201500057593;15;4;11;1830;2;2;1;1;6;302;26, BRASSE (LIEUTENANT);G;0;0;973
201500057594;15;4;15;1102;1;1;1;1;3;302;1, MADELEINE (ROUTE DE L;G;0;0;973
201500057595;15;4;16;911;1;2;1;2;3;302;1436, BADUEL (ROUTE DE);G;0;0;973
201500057596;15;4;19;1005;1;1;1;1;3;302;2570, BADUEL (ROUTE DE);G;0;0;973
201500057597;15;4;21;1057;1;2;1;2;6;302;ROUTE NATIONALE 1;G;0;0;973
201500057598;15;4;22;820;1;2;1;1;2;302;26, GALMOT (AVENUE);G;0;0;973
201500057599;15;4;22;1640;1;1;1;2;2;302;2911, MONTABO (ROUTE DE);G;0;0;973
201500057600;15;4;22;1240;1;2;1;1;3;302;80, MONTABO (ROUTE DE) 1;G;0;0;973
201500057601;15;4;24;1355;1;2;1;1;6;302;MANDELA  (BOULEVARD);G;0;0;973
201500057602;15;4;26;1455;1;2;2;1;3;302;COLOMB (CHRISTOPHE);G;0;0;973
201500057603;15;4;27;753;1;1;1;1;1;302;CRIQUE FOUILLEE (ROND PO;G;0;0;973
201500057604;15;4;27;1750;1;1;1;1;3;302;2480, MADELEINE (ROUTE D;G;0;0;973
201500057605;15;4;29;2000;1;2;1;1;2;302;42, MANDELA  (BOULEVARD);G;0;0;973
201500057606;15;4;30;1535;1;2;1;1;3;302;BADUEL (ROUTE DE);G;0;0;973
201500057607;15;12;30;1215;1;2;1;1;2;302;801, BADUEL (ROUTE DE);G;0;0;973
201500057608;15;4;30;1730;1;1;1;1;3;302;1453, BADUEL (ROUTE DE);G;0;0;973
201500057609;15;4;30;900;1;2;1;1;6;302;25, FELIX EBOUE (Rue);G;0;0;973
201500057610;15;4;30;1255;1;2;1;1;3;302;1203, RABAN (ROUTE DE);G;0;0;973
201500057611;15;5;3;820;1;1;1;1;3;302;3176, BADUEL (ROUTE DE);G;492835;5229338;973
201500057612;15;5;3;1930;5;1;1;1;6;302;CRIQUE FOUILLEE (ROND PO;G;489687;5232872;973
201500057613;15;5;4;940;1;2;2;1;3;302;13, PREVOT (ERNEST);G;493381;5233311;973
201500057614;15;5;6;1155;1;1;1;1;1;302;MARINGOUINS (ROND-POINT);G;490659;5231524;973
201500057615;15;5;6;1635;1;1;6;1;6;302;MARINGOUINS (ROND-POINT);G;490739;5232242;973
201500057616;15;5;6;1850;5;1;1;1;2;302;CABASSOU (ROUTE DE);G;491718;5231241;973
201500057617;15;5;7;1054;1;1;1;1;2;302;1332, MONTABO (ROUTE DE);G;494260;5230569;973
201500057618;15;5;6;2100;5;2;1;1;5;302;2059, MADELEINE (ROUTE D;G;491504;5232112;973
201500057619;15;5;8;2025;2;2;1;1;3;302;182, MADELEINE (ROUTE DE;G;491503;5232113;973
201500057620;15;5;4;1748;1;1;2;1;3;302;MANGO (ROUTE);G;492997;5231568;973
201500057621;15;5;3;25;5;1;3;1;3;302;PREVOT (ERNEST);G;493449;5233326;973
201500057622;15;5;12;1050;1;2;1;2;6;302;ROUTE NATIONALE 1;G;493490;5233219;973
201500057623;15;5;13;1800;1;2;1;1;3;302;0.5, MORTIN (CITE);G;491513;5232658;973
201500057624;15;5;16;1125;1;2;1;2;3;302;5, AMUSANT (PAUL);G;;;973
201500057625;15;5;16;345;5;2;3;1;3;302;MOLE;G;493872;5233218;973
201500057626;15;5;17;2015;2;1;1;1;3;302;50, FLAMBOYANTS (RUE DES;G;492320;5232089;973
201500057627;15;5;18;1915;5;2;1;1;2;302;MARINGOUINS (ROND-POINT);G;490659;5231524;973
201500057628;15;5;19;827;1;1;1;1;2;302;978, TROUBIRAN (CHEMIN D;G;492208;5230401;973
201500057629;15;5;20;1010;1;2;6;2;2;302;SUZINI (CARREFOUR);G;492709;5229001;973
201500057630;15;5;21;810;1;2;1;2;6;302;34, DE GAULLE (AVENUE);G;493938;5232949;973
201500057631;15;5;21;1806;2;2;1;1;3;302;06, GIPPET (DOCTEUR);G;494118;5229663;973
201500057632;15;5;22;1449;1;2;9;1;3;302;SUZINI (CARREFOUR);G;492707;5228995;973
201500057633;15;5;22;2245;5;2;3;1;3;302;2925, MONTABO (ROUTE DE);G;493430;5229126;973
201500057634;15;5;22;2330;5;2;1;1;3;302;969, MONTABO (ROUTE DE);G;494507;5231296;973
201500057635;15;5;23;610;2;2;1;1;1;302;2066, TIGRE (ROUTE DU);G;492041;5232078;973
201500057636;15;5;24;2243;5;2;1;2;6;302;MENTEL;G;0;0;973
201500057637;15;5;25;915;1;1;1;1;6;302;TROUBIRAN (CHEMIN DE);G;492208;5230382;973
201500057638;15;5;25;2103;5;2;1;2;3;302;CONSTANT CHLORE(RUE);G;493481;5232149;973
201500057639;15;5;25;1240;1;1;1;1;6;302;2660, BADUEL (ROUTE DE);G;492680;5229599;973
201500057640;15;1;24;1100;1;2;1;1;3;302;21, MONNERVILLE (AVENUE;G;0;0;973
201500057641;15;4;1;807;1;2;1;1;6;302;212, MADELEINE (ROUTE DE;G;0;0;973
201500057642;15;5;28;845;1;1;1;1;6;302;2, COLLERY (ZONE INDUSTR;G;490783;5232385;973
201500057643;15;5;28;2051;5;1;3;2;3;302;1, MONTABO (ROUTE DE) 4;G;494508;5231303;973
201500057644;15;5;30;2035;5;2;1;2;3;302;2710, MONTABO (ROUTE DE);G;494260;5230574;973
201500057645;15;5;27;2050;5;1;1;1;3;302;13, PREVOT (ERNEST);G;493377;5233308;973
201500057646;15;5;31;855;1;1;1;2;1;302;BADUEL (ROND POINT DE);G;492724;5229019;973
201500057647;15;5;31;1030;5;1;1;2;2;302;2548, CABASSOU (ROUTE DE;G;491721;5231253;973
201500057648;15;5;31;1405;1;2;1;1;3;302;0.5, BOUDINOT (AUGUSTE);G;493415;5231931;973
201500057649;15;6;2;855;1;1;1;1;3;302;CESAIRE (CITE);G;493217;5232276;973
201500057650;15;6;4;755;1;2;1;1;3;302;34, 14 ET 22 JUIN 1962;G;493391;5232721;973
201500057651;15;6;5;1145;1;2;2;1;1;302;VOLTAIRE(AVENUE);G;494209;5232392;973
201500057652;15;6;5;2040;5;1;1;2;3;302;2548, BADUEL (ROUTE DE);G;492876;5229864;973
201500057653;15;6;6;1330;1;2;1;1;1;302;FLAMBOYANTS (RUE DES);G;492384;5231948;973
201500057654;15;6;6;1618;1;1;1;1;4;302;BADUEL (ROUTE DE);G;492894;5230004;973
201500057655;15;6;10;1105;1;2;3;1;6;302;1198, MONTABO (ROUTE DE);G;494506;5231293;973
201500057656;15;6;12;1415;1;1;1;1;3;302;2059, MADELEINE (ROUTE D;G;491502;5232118;973
201500057657;15;6;12;1912;5;1;1;1;3;302;FELIX EBOUE(ROCADE);G;494246;5232924;973
201500057658;15;6;13;1740;1;1;1;1;3;302;SOURCE DE BADUEL (CHEMIN;G;492971;5230891;973
201500057659;15;6;14;1210;1;1;1;1;4;302;1492, NOVAPARC (RESIDENC;G;493649;5231504;973
201500057660;15;6;15;841;1;2;1;1;6;302;3176, BADUEL (ROUTE DE);G;492841;5229343;973
201500057661;15;6;15;1345;1;1;1;1;3;302;1, TIGRE (ROUTE DU);G;492041;5232082;973
201500057662;15;6;16;750;1;2;1;3;3;302;1214, MADELEINE (ROUTE D;G;492227;5232314;973
201500057663;15;6;16;1920;5;2;1;1;5;302;141, MONTABO (ROUTE DE);G;494425;5231814;973
201500057664;15;6;18;1332;1;2;1;1;3;302;0.5, RABAN (ROUTE DE);G;493065;5231349;973
201500057665;15;6;23;1512;1;1;1;1;3;302;10, NEGRES MARONS (RUE D;G;492297;5231954;973
201500057666;15;6;23;1835;2;1;1;1;2;302;BAT 12, NOVAPARC (RESIDE;G;492384;5231362;973
201500057667;15;1;5;1326;1;1;1;1;6;302;2407, FELIX EBOUE(ROCADE;G;0;0;973
201500057668;15;6;25;1410;1;2;9;1;7;302;BADUEL (ROND POINT DE);G;492906;5230067;973
201500057669;15;6;26;1000;1;1;1;1;3;302;2545, MONTABO (ROUTE DE);G;493763;5229837;973
201500057670;15;6;26;1927;2;2;2;1;6;302;25, BRASSE (LIEUTENANT);G;493778;5229869;973
201500057671;15;6;27;1035;1;2;1;1;7;302;MADELEINE (ROUTE DE LA);G;492289;5232374;973
201500057672;15;6;28;55;4;2;1;2;3;302;TIGRE (ROUTE DU);G;492047;5232086;973
201500057673;15;6;29;835;1;2;1;1;3;302;41, CESAIRE (CITE);G;493205;5232293;973
201500057674;15;6;29;1050;1;2;1;1;3;302;01, BADUEL (ROUTE DE);G;492900;5230061;973
201500057675;15;6;29;1159;1;2;1;1;3;302;16, CESAIRE (CITE);G;493092;5232375;973
201500057676;15;6;29;1705;1;2;1;1;3;302;1198, MONTABO (ROUTE DE);G;456385;5218289;973
201500057677;15;6;30;1610;1;1;1;1;3;302;TIGRE (ROUTE DU);G;491550;5231121;973
201500057678;15;6;30;1645;1;1;1;1;3;302;127, CABASSOU (ROUTE DE);G;491749;5231283;973
201500057679;15;7;1;1015;1;1;1;1;3;302;3889, MONTABO (ROUTE DE);G;493065;5229065;973
201500057680;15;7;1;2100;5;1;1;1;6;302;117, MANGO (ROUTE);G;;;973
201500057681;15;7;4;100;5;2;2;1;3;302;DE GAULLE (AVENUE);G;493849;5233300;973
201500057682;15;7;5;2345;4;2;1;1;3;302;2066, TIGRE (ROUTE DU);G;490224;5230544;973
201500057683;15;7;6;1125;1;2;1;1;3;302;1453, BADUEL (ROUTE DE);G;493221;5230782;973
201500057684;15;7;7;750;1;1;1;1;3;302;EBOUE (ROCADE FELIX);G;492957;5231507;973
201500057685;15;7;7;2015;5;1;1;1;3;302;CABASSOU (ROUTE DE);G;492031;5231612;973
201500057686;15;7;8;1250;1;2;1;1;3;302;1696, BADUEL (ROUTE DE);G;455595;5218047;973
201500057687;15;7;10;550;5;2;1;1;6;302;MONTABO (ROUTE DE) 1;G;493421;5229144;973
201500057688;15;7;13;940;1;2;1;1;6;302;10, MONNERVILLE (AVENUE;G;0;0;973
201500057689;15;7;17;1130;1;2;1;1;3;302;544, BADUEL (ROUTE DE);G;493663;5231437;973
201500057690;15;7;17;2145;5;2;1;1;3;302;ZEPHIR (ROCADE);G;493685;5230709;973
201500057691;15;1;6;1240;1;1;1;2;3;302;338, MADELEINE (ROUTE DE;G;0;0;973
201500057692;15;7;22;945;1;1;3;1;3;302;12, COLLERY (ZONE INDUST;G;490258;5232681;973
201500057693;15;7;22;1105;1;1;2;2;3;302;07, MOLE;G;0;0;973
201500057694;15;7;23;1115;1;2;1;1;1;302;54, FLAMBOYANTS (RUE DES;G;0;0;973
201500057695;15;7;26;555;2;2;1;1;6;302;46, LALLOUETTE(RUE);G;494042;5232991;973
201500057696;15;7;29;1215;1;2;1;1;3;302;34, DIGUE RONJON;G;493398;5232957;973
201500057697;15;7;29;1238;1;2;1;1;2;302;MADELEINE (ROUTE DE LA);G;492410;5232441;973
201500057698;15;7;30;1459;1;1;1;1;6;302;ZEPHIR (ROCADE);G;493353;5230931;973
201500057699;15;7;31;1213;1;1;1;1;6;302;01, ESTREES (AVENUE D');G;494014;5232609;973
201500057700;15;8;1;1417;1;2;1;1;2;302;82, MADELEINE (ROUTE DE;G;492425;5292425;973
201500057701;15;8;1;520;5;1;2;1;3;302;HORTH (CITE);G;494263;5231148;973
201500057702;15;8;2;135;5;2;3;1;3;302;1, LIBERTE (AVENUE DE LA;G;493410;5232709;973
201500057703;15;7;30;1315;1;2;1;1;3;302;1, FELIX EBOUE(ROCADE);G;0;0;973
201500057704;15;8;2;330;5;2;2;1;3;302;1, MANDELA  (BOULEVARD);G;0;0;973
201500057705;15;1;7;800;1;1;1;2;2;302;ROUTE NATIONALE 1;G;0;0;973
201500057706;15;8;3;1538;1;1;1;1;1;302;60, SUZINI (CARREFOUR);G;492529;5229019;973
201500057707;15;8;3;2010;5;2;1;1;6;302;REPUBLIQUE (BD DE LA);G;494017;5232643;973
201500057708;15;8;4;1028;1;2;1;1;3;302;BADUEL (ROUTE DE);G;493607;5231367;973
201500057709;15;8;9;2200;5;2;2;1;3;302;MANDELA  (BOULEVARD);G;494001;5232657;973
201500057710;15;8;3;2105;2;2;1;1;1;302;26, 14 ET 22 JUIN 1962;G;493449;5232733;973
201500057711;15;8;11;1440;1;2;1;1;3;302;3379, MONTABO (ROUTE DE);G;493488;5229209;973
201500057712;15;8;11;1355;1;2;1;1;3;302;MADELEINE (ROUTE DE LA);G;492210;5232229;973
201500057713;15;8;12;815;1;2;1;3;2;302;64, FLAMBOYANTS (RUE DES;G;492823;5232229;973
201500057714;15;2;17;920;1;2;1;2;2;302;KET TAI (CARREFOUR);G;0;0;973
201500057715;15;8;13;2306;5;1;1;1;1;302;2493, BADUEL (ROUTE DE);G;0;0;973
201500057716;15;8;14;2240;4;2;3;1;1;302;4, BOUDINOT (AUGUSTE) CI;G;493214;5231984;973
201500057717;15;8;15;107;5;1;3;1;6;302;1816, BADUEL (ROUTE DE);G;493175;5230729;973
201500057718;15;8;13;2135;5;1;3;1;2;302;64, FLAMBOYANTS (RUE DES;G;492687;5232402;973
201500057719;15;8;16;750;1;2;1;1;6;302;3261, BADUEL (ROUTE DE);G;493221;5230729;973
201500057720;15;8;18;1620;1;2;2;1;3;302;13, CATAYEE (JUSTIN);G;493942;5233129;973
201500057721;15;8;21;1035;1;1;1;1;6;302;978, TROUBIRAN (CHEMIN D;G;0;0;973
201500057722;15;8;22;1450;1;1;1;1;6;302;01, ZONE COLLERY I OU II;G;490375;5233118;973
201500057723;15;8;23;1050;1;2;1;1;1;302;126, JASMIN(LOTISSEMENT);G;491641;5233075;973
201500057724;15;2;20;1335;1;2;1;2;4;302;1, BRUTUS (CITE);G;0;0;973
201500057725;15;8;25;1050;1;2;1;1;6;302;ROUTE NATIONALE 1;G;0;0;973
201500057726;15;8;27;830;1;1;1;1;6;302;2568, MADELEINE (ROUTE D;G;492563;5233249;973
201500057727;15;8;29;240;5;2;2;1;3;302;FELIX EBOUE(ROCADE);G;492958;5231512;973
201500057728;15;8;29;1733;1;2;1;1;7;302;74, DE GAULLE (AVENUE);G;;;973
201500057729;15;8;30;1648;1;2;1;1;2;302;11, ESTREES (AVENUE D');G;;;973
201500057730;15;8;31;958;1;1;1;1;6;302;1605, MADELEINE (ROUTE D;G;;;973
201500057731;15;8;31;1145;1;2;1;1;3;302;PK 7.5, ROUTE NATIONALE;G;490379;5231664;973
201500057732;15;9;1;910;1;1;1;1;3;302;MARINGOUINS (ROND-POINT);G;490711;5232525;973
201500057733;15;9;1;1740;1;2;1;1;7;302;2066, TIGRE (ROUTE DU);G;492366;5233184;973
201500057734;15;9;2;1247;1;2;1;2;3;302;431, MADELEINE (ROUTE DE;G;492659;5233044;973
201500057735;15;9;4;1450;1;2;1;1;3;302;2510, MONTABO (ROUTE DE);G;493601;5229989;973
201500057736;15;9;6;1512;1;2;3;1;3;302;13, LUBIN (SAMUEL);G;494170;5232396;973
201500057737;15;9;8;1800;1;2;1;1;3;302;05, CABASSOU (ROUTE DE);G;491551;5231118;973
201500057738;15;9;11;1525;1;1;1;1;6;302;59, FELIX EBOUE (Rue);G;0;0;973
201500057739;15;9;15;2223;5;2;3;1;7;302;29, HEDER (AVENUE LEOPOL;G;494086;5233414;973
201500057740;15;9;16;2330;5;2;1;1;6;302;FELIX EBOUE(ROCADE);G;492906;5231592;973
201500057741;15;9;17;733;1;1;1;1;3;302;471, BADUEL (ROUTE DE);G;456127;5218532;973
201500057742;15;9;17;1205;1;2;1;1;6;302;2, BASSIERE (LEON) CITE;G;493758;5232928;973
201500057743;15;9;18;1000;1;2;1;1;3;302;1555, BADUEL (ROUTE DE);G;493150;5230659;973
201500057744;15;9;20;950;1;2;1;1;6;302;140, COULEE D'OR (CITE);G;494491;5231274;973
201500057745;15;9;20;1115;1;1;1;1;6;302;55, RABAN (ROUTE DE);G;493572;5281931;973
201500057746;15;9;20;2215;5;2;2;1;3;302;BADUEL (ROUTE DE);G;493928;5231839;973
201500057747;15;9;21;1900;5;2;1;1;2;302;1, BRADIN (GONTRAN) CITE;G;493522;5231898;973
201500057748;15;9;21;1930;5;2;1;1;2;302;CABASSOU (ROUTE DE);G;491922;5231759;973
201500057749;15;9;23;1245;1;2;1;1;3;302;544, BADUEL (ROUTE DE);G;0;0;973
201500057750;15;9;24;645;1;2;1;1;6;302;CRIQUE FOUILLEE (ROND PO;G;0;0;973
201500057751;15;9;25;2345;5;2;1;1;5;302;3707, MONTABO (ROUTE DE);G;493616;5229587;973
201500057752;15;9;26;1215;1;1;1;1;3;302;1, BADUEL (ROUTE DE);G;493222;5231153;973
201500057753;15;9;26;1604;1;2;1;1;3;302;32, MANDELA  (BOULEVARD);G;0;0;973
201500057754;15;9;28;920;1;2;1;1;4;302;2697, BADUEL (ROUTE DE);G;492908;5230129;973
201500057755;15;9;28;1038;1;2;1;1;3;302;130, BRADIN (GONTRAN) CI;G;493861;5231748;973
201500057756;15;9;28;1405;1;1;1;1;3;302;2426, MONTABO (ROUTE DE);G;493916;5230717;973
201500057757;15;9;29;1250;1;2;9;1;6;302;AMUSANT (PAUL);G;493400;5232935;973
201500057758;15;9;30;1825;2;2;1;1;3;302;959, BADUEL (ROUTE DE);G;493248;5231229;973
201500057759;15;10;2;636;1;1;1;1;6;302;1155, BADUEL (ROUTE DE);G;0;0;973
201500057760;15;10;1;1245;1;1;3;1;6;302;2989, MONTABO (ROUTE DE);G;0;0;973
201500057761;15;9;25;1900;2;2;3;1;3;302;2989, MONTABO (ROUTE DE);G;493548;5229509;973
201500057762;15;10;3;1400;1;2;1;1;2;302;1696, BADUEL (ROUTE DE);G;0;0;973
201500057763;15;9;30;1220;1;2;1;1;3;302;432, CATAYEE (JUSTIN);G;492846;5232531;973
201500057764;15;10;5;1823;1;1;1;1;2;302;MONTABO (ROUTE DE) 1;G;493445;5230343;973
201500057765;15;10;5;1940;5;2;6;1;3;302;MARINGOUINS (ROND-POINT);G;490805;5232129;973
201500057766;15;10;5;1130;1;2;1;1;3;302;240, CATAYEE (JUSTIN);G;;;973
201500057767;15;10;7;1315;1;2;1;1;6;302;36, MADELEINE (ROUTE DE;G;;;973
201500057768;15;10;8;1600;1;2;1;1;2;302;1605, MADELEINE (ROUTE D;G;491902;5232162;973
201500057769;15;10;7;2030;5;2;1;1;3;302;292, MONTABO (ROUTE DE);G;494478;5231433;973
201500057770;15;10;12;815;1;2;1;1;3;302;MONTABO (ROUTE DE) 2;G;;;973
201500057771;15;10;12;915;1;2;1;1;2;302;32, 14 ET 22 JUIN 1962;G;;;973
201500057772;15;10;13;725;1;2;1;1;6;302;54, TROUBIRAN (CHEMIN DE;G;491831;5231688;973
201500057773;15;10;13;1307;1;1;1;1;1;302;2738, MONTABO (ROUTE DE);G;0;0;973
201500057774;15;10;14;900;1;1;1;1;6;302;64, FLAMBOYANTS (RUE DES;G;0;0;973
201500057775;15;10;15;1625;1;2;1;1;6;302;18/20, DE GAULLE (AVENUE;G;493833;5233386;973
201500057776;15;10;16;750;1;2;1;1;3;302;06, TROUBIRAN (CHEMIN DE;G;492600;5230299;973
201500057777;15;10;16;1055;1;2;1;1;6;302;3013, MONTABO (ROUTE DE);G;493537;5229472;973
201500057778;15;10;16;1935;5;2;1;1;3;302;32, DIGUE RONJON;G;493414;5232929;973
201500057779;15;10;18;8;5;2;1;1;3;302;MANDELA  (BOULEVARD);G;494406;5233229;973
201500057780;15;9;22;745;2;1;1;1;2;302;1478, BADUEL (ROUTE DE);G;493247;5231235;973
201500057781;15;9;9;1000;1;1;3;1;6;302;MARINGOUINS (ROND-POINT);G;490652;5231635;973
201500057782;15;10;19;1010;1;1;1;1;2;302;MADELEINE (ROUTE DE LA);G;492488;5233242;973
201500057783;15;10;19;1810;1;2;1;1;2;302;36, EUDOXIE VERIN(RUE);G;;;973
201500057784;15;8;23;2200;5;2;1;1;2;302;TIGRE (ROUTE DU);G;492581;5232952;973
201500057785;15;10;21;740;1;2;3;1;3;302;MONTABO (ROUTE DE) 1;G;456000;5216999;973
201500057786;15;8;25;945;1;1;1;1;3;302;MARINGOUINS (ROND-POINT);G;490505;5232344;973
201500057787;15;10;22;813;1;2;1;1;6;302;1802, MONTABO (ROUTE DE);G;494153;5230359;973
201500057788;15;10;22;1215;1;2;1;1;3;302;02, PASCALINE (CITE);G;492000;5230999;973
201500057789;15;10;22;1410;1;2;1;1;1;302;41, CESAIRE (CITE);G;;;973
201500057790;15;10;22;1840;1;2;1;1;2;302;TIGRE (ROUTE DU);G;454560;5218403;973
201500057791;15;10;23;1520;1;2;1;1;6;302;MADELEINE (ROUTE DE LA);G;0;0;973
201500057792;15;10;24;855;1;2;1;1;6;302;50, MANDELA  (BOULEVARD);G;494008;5232681;973
201500057793;15;10;24;1825;2;2;3;1;3;302;MADELEINE (ROUTE DE LA);G;494455;5235353;973
201500057794;15;10;25;1235;1;2;1;1;2;302;482, CABASSOU (ROUTE DE);G;492067;5231921;973
201500057795;15;10;26;745;1;2;1;1;3;302;MARINGOUINS (ROND-POINT);G;490728;5232009;973
201500057796;15;10;25;2130;5;2;3;1;3;302;87, COLOMB (CHRISTOPHE);G;493869;5232917;973
201500057797;15;10;26;1532;1;2;1;1;3;302;38, BARTHELEMY (RENE);G;493091;5233214;973
201500057798;15;10;27;1430;1;2;1;1;1;302;2098, CALIMBE(LOTISSEMEN;G;492370;5231649;973
201500057799;15;10;27;1520;1;2;1;1;7;302;2313, MADELEINE (ROUTE D;G;491249;5231990;973
201500057800;15;10;28;900;1;2;1;1;2;302;0.5, MADELEINE (ROUTE DE;G;491989;5232176;973
201500057801;15;10;28;1040;1;2;1;1;3;302;0.5, REPUBLIQUE (BD DE L;G;493884;5232129;973
201500057802;15;10;29;915;1;2;1;1;6;302;MONTABO (ROUTE DE) 1;G;494354;5231870;973
201500057803;15;10;29;1112;1;2;1;1;3;302;27, LALLOUETTE(RUE);G;494027;5233117;973
201500057804;15;10;26;1252;1;1;1;1;3;302;46, TIGRE (ROUTE DU);G;492342;5232781;973
201500057805;15;10;30;1855;5;2;1;1;1;302;COULEE D'OR (CITE);G;493632;5230643;973
201500057806;15;1;10;640;1;2;1;1;3;302;BADUEL (ROUTE DE);G;0;0;973
201500057807;15;9;30;2200;3;1;1;1;7;302;MADELEINE (ROUTE DE LA);G;491886;5232167;973
201500057808;15;10;30;1320;1;2;1;1;3;302;778, MONTABO (ROUTE DE);G;;;973
201500057809;15;11;2;1848;5;2;3;1;3;302;1203, RABAN (ROUTE DE);G;492802;5231395;973
201500057810;15;11;5;640;1;2;1;1;3;302;2059, MADELEINE (ROUTE D;G;;;973
201500057811;15;11;5;1135;1;2;1;1;3;302;2788, MADELEINE (ROUTE D;G;;;973
201500057812;15;11;5;1800;1;1;1;1;3;302;BADUEL (ROND POINT DE);G;0;0;973
201500057813;15;1;10;1420;1;1;1;1;6;302;1, MONTABO (ROUTE DE) 1;G;0;0;973
201500057814;15;11;8;2336;5;2;2;1;3;302;FELIX EBOUE(ROCADE);G;492958;5231509;973
201500057815;15;11;9;1540;1;2;1;1;2;302;74, MANDELA  (BOULEVARD);G;493683;5232594;973
201500057816;15;11;9;1745;1;2;1;1;3;302;700, BADUEL (ROUTE DE);G;493564;5231325;973
201500057817;15;11;9;1725;1;2;1;1;3;302;328, CABASSOU (ROUTE DE);G;491891;5231672;973
201500057818;15;11;10;1900;2;1;3;1;3;302;1, SAINT MARTIN (RESIDEN;G;0;0;973
201500057819;15;11;12;1736;1;2;1;1;3;302;150, MONTABO (ROUTE DE);G;492428;5230618;973
201500057820;15;11;12;810;1;2;1;1;6;302;MARINGOUINS (ROND-POINT);G;0;0;973
201500057821;15;11;14;1345;1;2;1;1;3;302;BADUEL (ROUTE DE);G;493928;5231835;973
201500057822;15;11;16;1420;1;2;1;1;6;302;85, TROUBIRAN (CHEMIN DE;G;0;0;973
201500057823;15;11;16;1650;1;1;1;1;3;302;1, COLLERY (ZONE INDUSTR;G;0;0;973
201500057824;15;11;17;1830;1;1;1;1;3;302;959, BADUEL (ROUTE DE);G;0;0;973
201500057825;15;11;18;1130;1;1;1;1;3;302;13, TIGRE (ROUTE DU);G;0;0;973
201500057826;15;11;22;1725;1;2;1;1;6;302;ZEPHIR (ROCADE);G;494263;5231296;973
201500057827;15;11;23;1210;1;2;1;1;2;302;3119, MONTABO (ROUTE DE);G;;;973
201500057828;15;11;26;15;5;2;1;1;6;302;1296, MADELEINE (ROUTE D;G;492524;5232538;973