num_acc;an;mois;jour;hrmn;lum;agg;int;atm;col;com;adr;gps;lat;long;dep
201500057829;15;11;26;1437;1;2;1;1;3;302;16, CABASSOU (ROUTE DE);G;491852;5231554;973
201500057830;15;11;26;2016;5;1;1;1;2;302;11, TROUBIRAN (CHEMIN DE;G;455475;5218147;973
201500057831;15;11;28;1840;2;1;1;1;3;302;317, RABAN (ROUTE DE);G;493376;5232352;973
201500057832;15;12;2;1530;1;2;1;1;2;302;MADELEINE (ROUTE DE LA);G;492395;5232377;973
201500057833;15;12;2;1824;2;2;1;1;5;302;CABASSOU (ROUTE DE);G;491924;5231924;973
201500057834;15;12;4;730;1;2;1;1;2;302;MARINGOUINS (ROND-POINT);G;0;0;973
201500057835;15;12;5;800;1;2;1;1;6;302;31 bis, ESTREES (AVENUE;G;494077;5232361;973
201500057836;15;12;5;1325;1;2;1;1;1;302;2371, BADUEL (ROUTE DE);G;492892;5229989;973
201500057837;15;12;5;1702;1;2;1;1;1;302;TIGRE (ROUTE DU);G;491766;5233199;973
201500057838;15;12;7;955;1;2;1;1;6;302;45, ARAGO (FRANCOIS);G;494136;5234296;973
201500057839;15;12;7;1500;1;2;1;1;6;302;, N'ZILA (CITE);G;493617;5232476;973
201500057840;15;12;7;1615;1;2;1;1;3;302;BADUEL (ROUTE DE);G;493681;5232416;973
201500057841;15;12;5;1055;1;2;1;1;7;302;GALMOT (ZONE ARTISANALE);G;493100;5232869;973
201500057842;15;12;5;1135;1;2;1;1;3;302;MADELEINE (ROUTE DE LA);G;492842;5232524;973
201500057843;15;12;9;907;1;2;1;1;6;302;32, MANDELA  (BOULEVARD);G;494034;5232680;973
201500057844;15;12;9;1430;1;2;1;1;1;302;922, ZEPHIR (ROCADE);G;;;973
201500057845;15;12;10;940;1;1;1;1;4;302;ROUTE NATIONALE 1;G;;;973
201500057846;15;12;10;1210;1;2;3;1;3;302;FELIX EBOUE(ROCADE);G;;;973
201500057847;15;12;11;855;1;1;1;1;2;302;240, MADELEINE (ROUTE DE;G;455222;5219249;973
201500057848;15;12;11;900;1;2;1;1;1;302;829, BADUEL (ROUTE DE);G;492745;5232222;973
201500057849;15;12;12;1617;1;2;3;1;3;302;LALLOUETTE(RUE);G;493973;5233324;973
201500057850;15;12;14;735;1;2;1;1;6;302;KET TAI (CARREFOUR);G;493741;5232584;973
201500057851;15;12;13;2050;5;2;1;1;6;302;MANGO (ROUTE);G;493501;5232338;973
201500057852;15;12;11;1248;1;2;1;1;5;302;ROUTE NATIONALE 3;G;490377;5231658;973
201500057853;15;12;14;1151;1;2;1;1;6;302;1611, RABAN (ROUTE DE);G;492485;5231246;973
201500057854;15;12;14;1320;1;2;1;1;6;302;BADUEL (ROUTE DE);G;0;0;973
201500057855;15;12;15;1415;1;2;1;1;2;302;2435, MONTABO (ROUTE DE);G;493836;5229899;973
201500057856;15;12;16;800;1;2;1;1;3;302;525, RABAN (ROUTE DE);G;493357;5231331;973
201500057857;15;12;16;1200;1;2;1;1;6;302;2, CHARLERY (GUSTAVE);G;494269;5231771;973
201500057858;15;12;16;1805;2;1;2;1;3;302;1, ARON (ANDRE);G;0;0;973
201500057859;15;12;18;935;1;1;1;1;1;302;1, CATAYEE (JUSTIN);G;0;0;973
201500057860;15;12;18;1420;1;2;1;1;2;302;1620, MONTABO (ROUTE DE);G;494349;5230696;973
201500057861;15;12;18;1120;1;1;1;1;6;302;19, GALMOT (AVENUE);G;0;0;973
201500057862;15;12;20;1830;1;1;1;1;3;302;24, 14 ET 22 JUIN 1962;G;493463;5232724;973
201500057863;15;12;20;2055;5;2;1;1;3;302;69, DE GAULLE (AVENUE);G;493957;5232848;973
201500057864;15;1;12;1750;1;1;1;1;4;302;556, MONTABO (ROUTE DE);G;0;0;973
201500057865;15;12;21;1500;1;2;1;1;4;302;TIGRE (ROUTE DU);G;490472;5230466;973
201500057866;15;12;23;1130;1;2;1;1;3;302;351, MADELEINE (ROUTE DE;G;492285;5232361;973
201500057867;15;12;23;2228;5;2;3;1;3;302;1, CATAYEE (JUSTIN);G;0;0;973
201500057868;15;12;24;1812;1;2;1;1;3;302;MANGO (ROUTE);G;493408;5231661;973
201500057869;15;12;24;2000;5;2;1;1;1;302;17, JADFARD (RENE);G;493448;5233124;973
201500057870;15;12;26;1710;1;2;1;1;1;302;83, RABAN (ROUTE DE);G;492059;5231127;973
201500057871;15;12;29;1050;1;2;1;1;7;302;LEBLOND (ROND POINT);G;;;973
201500057872;15;12;30;1445;1;1;1;1;3;302;ROUTE NATIONALE 3;G;0;0;973
201500057873;15;12;30;1650;1;2;1;1;3;302;212, MADELEINE (ROUTE DE;G;455000;5218999;973
201500057874;15;12;30;1848;5;2;1;1;3;302;CATAYEE (JUSTIN);G;493691;5233377;973
201500057875;15;1;13;755;1;1;1;1;2;302;MONTABO (ROUTE DE) 1;G;0;0;973
201500057876;15;1;13;1415;1;2;1;2;7;302;0.5, LEBLOND (ROND POINT;G;0;0;973
201500057877;15;1;13;1820;1;2;1;1;3;302;0.5, CABASSOU (ROUTE DE);G;0;0;973
201500057878;15;1;14;1505;1;1;1;1;3;302;2914, BADUEL (ROUTE DE);G;0;0;973
201500057879;15;1;12;1754;1;1;3;1;3;302;TIGRE (ROUTE DU);G;0;0;973
201500057880;15;1;16;815;1;2;1;1;3;302;ROUTE NATIONALE 1;G;0;0;973
201500057881;15;1;16;1924;5;2;1;2;6;302;1, CABASSOU (ROUTE DE);G;0;0;973
201500057882;15;1;17;1034;1;1;1;8;3;302;1296, MADELEINE (ROUTE D;G;0;0;973
201500057883;15;1;17;1309;1;1;1;1;3;302;505, COLLERY (ZONE INDUS;G;0;0;973
201500057884;15;1;17;1906;5;1;1;1;1;302;1443, FELIX EBOUE(ROCADE;G;0;0;973
201500057885;15;1;18;445;5;1;1;2;7;302;ROUTE NATIONALE 1;G;0;0;973
201500057886;15;1;23;748;1;2;1;2;3;302;3395, MONTABO (ROUTE DE);G;0;0;973
201500057887;15;1;26;900;1;1;9;1;6;302;1605, MADELEINE (ROUTE D;G;0;0;973
201500057888;15;1;28;1734;1;2;1;1;3;302;6401, MADELEINE (ROUTE D;G;0;0;973
201500057889;15;1;29;830;1;2;1;2;3;302;MIRZA (CITE);G;0;0;973
201500057890;15;1;29;1755;1;1;1;1;6;302;FELIX EBOUE(ROCADE);G;0;0;973
201500057891;15;1;30;1748;1;2;1;1;5;302;86, ZEPHIR (CITE);G;0;0;973
201500057892;15;2;2;1420;1;1;1;1;3;302;1199B, HAMEAU DES ENCENS;G;0;0;973
201500057893;15;2;3;1715;1;2;1;1;4;302;6401, FELIX EBOUE(ROCADE;G;0;0;973
201500057894;15;2;5;645;1;1;1;1;3;302;391, BADUEL (ROUTE DE);G;0;0;973
201500057895;15;2;5;1040;1;2;1;1;3;302;02, REPUBLIQUE (BD DE LA;G;0;0;973
201500057896;15;2;5;1655;1;2;1;1;3;302;0.5, MADELEINE (ROUTE DE;G;0;0;973
201500057897;15;2;6;2109;5;2;1;1;2;302;1895, EBOUE (ROCADE FELI;G;0;0;973
201500057898;15;2;7;1916;5;2;1;1;6;302;603, MADELEINE (ROUTE DE;G;0;0;973
201500057899;15;2;7;2350;5;2;1;1;6;302;MONTABO (ROUTE DE) 1;G;0;0;973
201500057900;15;2;8;1130;1;2;2;1;3;302;1, EBOUE (ROCADE FELIX);G;0;0;973
201500057901;15;2;10;1645;1;2;1;1;3;302;35, ESTREES (AVENUE D');G;0;0;973
201500057902;15;2;10;1730;1;1;6;1;6;302;ROUTE NATIONALE 1;G;0;0;973
201500057903;15;2;11;1445;1;2;1;1;3;302;0.5, BADUEL (ROND POINT;G;0;0;973
201500057904;15;2;12;1123;1;1;1;1;3;302;BADUEL (ROUTE DE);G;0;0;973
201500057905;15;2;12;2110;5;2;2;1;3;302;1, CATAYEE (JUSTIN);G;0;0;973
201500057906;15;2;12;2340;5;2;3;1;2;302;HEDER (AVENUE LEOPOLD);G;0;0;973
201500057907;15;2;12;2215;5;2;1;1;7;302;ROUTE NATIONALE 1;G;0;0;973
201500057908;15;2;13;1755;2;1;1;1;3;302;5, ROUTE NATIONALE 3;G;0;0;973
201500057909;15;2;13;1310;1;2;1;1;3;302;59, MADELEINE (ROUTE DE;G;0;0;973
201500057910;15;2;13;1325;1;1;1;1;4;302;471, BADUEL (ROUTE DE);G;0;0;973
201500057911;15;2;15;435;5;1;9;1;7;302;MARINGOUINS (ROND-POINT);G;0;0;973
201500057912;15;2;15;2100;5;2;1;1;2;302;946, MONTABO (ROUTE DE);G;0;0;973
201500057913;15;2;16;1748;1;2;2;2;3;302;BARTHELEMY (RENE);G;0;0;973
201500057914;15;2;18;150;5;2;1;1;7;302;BADUEL (ROUTE DE);G;0;0;973
201500057915;15;2;19;2205;5;2;1;1;7;302;6, JEAN-JAURES;G;0;0;973
201500057916;15;2;19;1835;2;1;1;1;3;302;2066, TIGRE (ROUTE DU);G;0;0;973
201500057917;15;2;20;1130;1;1;1;1;3;302;351, MADELEINE (ROUTE DE;G;0;0;973
201500057918;15;2;20;1807;1;1;1;1;6;302;12, NOVAPARC (RESIDENCE);G;0;0;973
201500057919;15;2;22;2048;5;1;1;1;3;302;1296, MADELEINE (ROUTE D;G;0;0;973
201500057920;15;2;21;1950;5;1;1;1;6;302;1, COLLERY (ZONE INDUSTR;G;0;0;973
201500057921;15;2;21;2240;5;2;1;1;6;302;BOULEVARD DES CITES;G;0;0;973
201500057922;15;2;22;1305;5;2;1;1;6;302;JACARANDAS (CITE);G;0;0;973
201500057923;15;2;23;341;5;1;1;1;6;302;ROUTE NATIONALE 1;G;0;0;973
201500057924;15;2;23;1435;1;2;1;1;2;302;0.5, EUGENE GOBERT(RUE);G;0;0;973
201500057925;15;2;23;1340;1;1;1;1;3;302;21, MANDARINES(RUE DES);G;0;0;973
201500057926;15;2;24;1245;1;2;1;1;2;302;34, 14 ET 22 JUIN 1962;G;0;0;973
201500057927;15;2;24;1645;1;2;1;1;1;302;0.5, GALMOT (ROND-POINT);G;0;0;973
201500057928;15;2;24;1825;1;2;1;1;6;302;0.5, SACCHARIN(RUE);G;0;0;973
201500057929;15;2;27;405;5;2;1;1;6;302;EAU-LISETTE (CITE);G;0;0;973
201500057930;15;2;27;850;1;1;1;1;4;302;ROUTE NATIONALE 1;G;0;0;973
201500057931;15;2;27;1810;1;2;1;1;2;302;15, HEDER (AVENUE LEOPOL;G;0;0;973
201500057932;15;3;2;730;1;1;1;2;6;302;12, BOUDINOT (AUGUSTE) C;G;0;0;973
201500057933;15;3;2;1300;1;1;1;2;2;302;2671, MADELEINE (ROUTE D;G;0;0;973
201500057934;15;3;3;1235;1;2;1;1;3;302;2, CABASSOU (CITE);G;0;0;973
201500057935;15;3;4;1415;1;1;1;1;3;302;2493, BADUEL (ROUTE DE);G;0;0;973
201500057936;15;3;5;1100;1;1;3;1;2;302;2346, BADUEL (ROUTE DE);G;0;0;973
201500057937;15;3;5;1553;1;2;1;1;3;302;2260, MADELEINE (ROUTE D;G;0;0;973
201500057938;15;3;5;1709;1;2;1;1;3;302;2496, MONTABO (ROUTE DE);G;0;0;973
201500057939;15;3;7;1240;1;1;1;1;3;302;GALMOT (ROND-POINT);G;0;0;973
201500057940;15;3;10;1320;1;2;2;1;3;302;90, HEDER (AVENUE LEOPOL;G;0;0;973
201500057941;15;3;12;1205;1;1;3;1;3;302;00, MADELEINE (ROUTE DE;G;0;0;973
201500057942;15;3;13;745;1;2;1;1;6;302;CONSTANT CHLORE(RUE);G;0;0;973
201500057943;15;3;13;725;1;2;1;1;3;302;1106, MONTABO (ROUTE DE);G;0;0;973
201500057944;15;3;13;650;1;1;1;1;3;302;ZEPHIR (ROCADE);G;0;0;973
201500057945;15;3;13;1445;1;2;1;1;1;302;0.5, TROUBIRAN (CHEMIN D;G;0;0;973
201500057946;15;3;13;1715;1;2;1;1;3;302;0.5, MONTABO (ROUTE DE);G;0;0;973
201500057947;15;3;13;1750;1;2;1;1;3;302;1765, MONTABO (ROUTE DE);G;0;0;973
201500057948;15;3;10;1720;1;1;1;1;3;302;873, BADUEL (ROUTE DE);G;0;0;973
201500057949;15;3;10;1645;1;1;1;1;6;302;4, BOUDINOT (AUGUSTE) CI;G;0;0;973
201500057950;15;3;16;808;1;1;1;1;3;302;1380, MONTABO (ROUTE DE);G;0;0;973
201500057951;15;3;16;1806;1;1;1;2;1;302;6, SAINT MARTIN (RESIDEN;G;0;0;973
201500057952;15;3;16;2150;5;2;5;2;3;302;MANGO (ROUTE);G;0;0;973
201500057953;15;3;17;1420;1;2;1;1;6;302;46, JADFARD (RENE);G;0;0;973
201500057954;15;3;17;805;1;2;1;1;2;302;844, MONTABO (ROUTE DE);G;0;0;973
201500057955;15;3;17;835;1;2;1;1;2;302;444, SAINT ANTOINE (CHEM;G;0;0;973
201500057956;15;3;19;1418;1;2;1;1;3;302;0.5, PASTEUR (AVENUE LOU;G;0;0;973
201500057957;15;3;20;125;5;2;2;1;3;302;JADFARD (RENE);G;0;0;973
201500057958;15;3;19;1324;1;1;1;1;6;302;1, PETIT LUCAS (CITE);G;0;0;973
201500057959;15;3;20;630;2;1;1;1;6;302;0.0, TIGRE (ROUTE DU);G;0;0;973
201500057960;15;3;21;1017;1;1;1;1;6;302;57, MANGUES (RUE DES - C;G;0;0;973
201500057961;15;3;20;1330;1;2;2;1;2;302;38, POLYCARPE (VERMONT);G;0;0;973
201500057962;15;3;22;15;5;2;6;1;2;302;1, BADUEL (ROUTE DE);G;0;0;973
201500057963;15;3;23;1515;1;1;1;1;6;302;4160, MONTABO (ROUTE DE);G;0;0;973
201500057964;15;3;24;600;2;2;1;1;3;302;487, ZONE COLLERY I OU I;G;0;0;973
201500057965;15;3;24;1635;1;2;1;2;6;302;31, HEDER (AVENUE LEOPOL;G;0;0;973
201500057966;15;3;24;1950;5;1;1;2;2;302;ZEPHIR (ROCADE);G;0;0;973
201500057967;15;3;25;1820;1;2;1;1;3;302;0.5, REPUBLIQUE (BD DE L;G;0;0;973
201500057968;15;3;26;2205;5;2;2;1;3;302;LIBERTE (AVENUE DE LA);G;0;0;973
201500057969;15;3;27;710;1;1;1;1;3;302;1436, BADUEL (ROUTE DE);G;0;0;973
201500057970;15;3;27;805;1;2;1;1;6;302;21, BOULEVARD DES CITES;G;0;0;973
201500057971;15;3;27;1135;1;2;2;2;3;302;12, BRUTUS (CITE);G;0;0;973
201500057972;15;3;27;2240;3;1;6;1;2;302;MARINGOUINS (ROND-POINT);G;0;0;973
201500057973;15;3;27;2340;5;2;1;1;1;302;JUBELIN (BOULEVARD);G;0;0;973
201500057974;15;3;27;2135;5;2;1;1;2;302;ROUTE NATIONALE 1;G;0;0;973
201500057975;15;3;30;723;1;2;1;2;6;302;05, MADELEINE (ROUTE DE;G;0;0;973
201500057976;15;3;30;1345;1;2;2;1;3;302;5, JADFARD (RENE);G;0;0;973
201500057977;15;3;30;1740;1;1;3;1;5;302;SAINT ANTOINE (CHEMIN);G;0;0;973
201500057978;15;1;14;1020;1;2;1;1;2;407;COMMUNE DE PARIS (AVENUE;R;2094249;5529209;974
201500057979;15;4;8;950;1;2;3;1;3;407;MALRAUX ANDRE(RUE);R;2093597;5530755;974
201500057980;15;1;24;1715;1;2;1;1;6;407;14 JUILLET 1789(AVENUE D;R;0;0;974
201500057981;15;4;10;40;3;1;1;1;7;407;BD DE LA COMPAGNIE DES I;R;0;0;974
201500057982;15;1;28;1855;2;2;1;1;3;407;RUE GENERAL DE GAULLE;R;2094322;5529717;974
201500057983;15;4;10;950;1;1;1;1;7;407;MASCAREIGNES(BOULEVARD);R;0;0;974
201500057984;15;2;9;1340;1;2;2;2;3;407;BREST (BOULEVARD);R;0;0;974
201500057985;15;4;14;800;1;1;1;1;4;407;ROUTE NATIONALE N? 1;R;2095351;5531495;974
201500057986;15;2;10;2110;5;2;1;1;6;407;RUE MODIBO KEITA;R;2096011;5531681;974
201500057987;15;4;14;1715;1;2;1;1;1;407;RUE JACQUES DUCLOS;R;2096059;5531596;974
201500057988;15;2;11;930;1;2;1;1;6;407;MARINE(BOULEVARD);R;0;0;974
201500057989;15;4;15;755;1;2;2;1;3;407;CHEMIN DES ANGLAIS;R;2095669;5531325;974
201500057990;15;2;11;1430;1;2;3;1;3;407;ROUTE DU SACRE COEUR;R;0;0;974
201500057991;15;4;15;1815;2;1;1;1;2;407;ROUTE NATIONALE N? 1;R;0;0;974
201500057992;15;2;11;1540;1;2;1;1;6;407;DUSSAC(RUE);R;2094076;5530294;974
201500057993;15;4;18;1515;1;1;1;1;4;407;ROUTE NATIONALE N° 1;R;0;0;974
201500057994;15;2;11;2015;3;2;1;1;6;407;ROBINSON JOAN(ALLEE);R;2094828;5529879;974
201500057995;15;4;18;1640;1;2;3;1;3;407;COMMUNE DE PARIS (AVENUE;R;2094939;5529272;974
201500057996;15;2;15;1910;2;2;1;1;7;407;14 JUILLET 1789(AVENUE D;R;2093177;5529636;974
201500057997;15;4;18;1715;1;1;1;1;3;407;ROUTE NATIONALE N° 1;R;2094524;5532506;974
201500057998;15;4;22;845;1;1;1;1;3;407;ROUTE DU SACRE COEUR;R;0;0;974
201500057999;15;2;26;1620;1;2;1;1;3;407;OWENS JAMES;R;0;0;974
201500058000;15;4;26;1715;1;2;1;1;3;407;LAUDE E(RUE);R;2093776;5529976;974
201500058001;15;3;6;1140;1;2;1;1;3;407;SAINT PAUL(RUE);R;2093670;5529007;974
201500058002;15;4;27;1740;1;1;1;2;6;407;OWENS JAMES;R;0;0;974
201500058003;15;3;8;405;3;1;1;1;2;407;ROUTE NATIONALE N? 1;R;0;0;974
201500058004;15;4;29;1430;1;2;3;1;6;407;VERDUN (BOULEVARD);R;2093911;5529611;974
201500058005;15;3;13;1230;1;2;1;1;6;407;7, ROUTE NATIONALE N? 4;R;0;0;974
201500058006;15;4;29;1900;5;1;2;1;3;407;ROUTE DU SACRE COEUR;R;2095803;5531735;974
201500058007;15;3;14;1745;1;1;1;1;7;407;MARINE(BOULEVARD);R;2094565;5528468;974
201500058008;15;4;30;1930;3;2;1;2;7;407;ROUTE DU SACRE COEUR;R;2095159;5530444;974
201500058009;15;3;22;338;2;2;1;1;6;407;DUFESTIN(RUE);R;2094967;5529844;974
201500058010;15;3;25;605;2;2;1;1;3;407;MARINE(BOULEVARD);R;2095089;5529071;974
201500058011;15;5;7;850;1;1;1;1;6;407;0, VERGES(AVENUE);R;0;0;974
201500058012;15;5;9;1900;5;2;1;1;4;407;CARPAYE(AVENUE);R;2094858;5529977;974
201500058013;15;5;14;1645;1;2;1;1;6;407;MONPELLIER (RUE);R;2093793;5529575;974
201500058014;15;5;17;730;1;1;6;1;3;407;OWENS JAMES;R;2093034;5530957;974
201500058015;15;5;21;1000;1;1;1;1;3;407;ROUTE NATIONALE N° 1;R;2095439;5531367;974
201500058016;15;5;24;1128;1;1;1;1;2;407;ROUTE NATIONALE N° 1;R;0;0;974
201500058017;15;6;2;830;1;2;1;1;1;407;JACKSON(RUE);R;2092953;5529719;974
201500058018;15;6;4;1015;1;2;1;1;6;407;CARPAYE(AVENUE);R;0;0;974
201500058019;15;6;3;1830;3;1;1;1;3;407;ROUTE DU SACRE COEUR;R;0;0;974
201500058020;15;6;4;1800;2;1;1;1;3;407;ROUTE NATIONALE N° 1;R;0;0;974
201500058021;15;6;6;1030;1;1;1;1;2;407;ROUTE NATIONALE N° 1;R;0;0;974
201500058022;15;6;8;800;1;2;6;1;6;407;ROND POINT SACRE COEUR;R;2095599;5531200;974
201500058023;15;6;12;1530;1;2;1;1;2;407;ROUTE DU SACRE COEUR;R;0;0;974
201500058024;15;6;15;1710;1;1;1;1;2;407;ROUTE NATIONALE N° 1;R;0;0;974
201500058025;15;6;21;1710;1;1;1;1;7;407;ROUTE DU SACRE COEUR;R;2095599;5531200;974
201500058026;15;6;23;815;1;2;2;1;7;407;CANNES(RUE);R;2094386;5529387;974
201500058027;15;6;29;1900;5;2;3;1;3;407;RUE JACQUES DUCLOS;R;2095867;5531458;974
201500058028;15;6;30;2100;5;2;1;1;3;407;VERGES(AVENUE);R;0;0;974
201500058029;15;7;5;1525;1;2;6;1;3;407;VERGES(AVENUE);R;2093923;5530072;974
201500058030;15;7;7;745;1;2;5;1;6;407;LAPIERRE HENRI(IMPASSE);R;2094171;5529629;974
201500058031;15;7;8;1112;1;1;1;1;3;407;RUE PIERRE BROSSOLETTE;R;0;0;974
201500058032;15;7;9;840;1;2;1;1;3;407;VERGES(AVENUE);R;2093947;5530315;974
201500058033;15;7;10;800;1;2;1;1;6;407;14 JUILLET 1789(AVENUE D;R;2093261;5529445;974
201500058034;15;7;11;1930;2;2;2;1;6;407;APPOLINAIRE GUILLAUME(AL;R;2094095;5530194;974
201500058035;15;7;14;1315;1;1;1;1;6;407;ROUTE NATIONALE N° 1;R;2095613;5531186;974
201500058036;15;7;15;805;1;2;6;1;6;407;ROUTE DU SACRE COEUR;R;2095682;5531324;974
201500058037;15;7;21;1730;2;2;3;1;1;407;DISNEY(RUE);R;2093030;5529038;974
201500058038;15;7;22;1845;3;2;1;1;1;407;VOIE DE LIAISON PORTUAIR;R;0;0;974
201500058039;15;7;23;1620;1;2;1;1;3;407;RUE JACQUES DUCLOS;R;2095694;5531403;974
201500058040;15;8;8;1554;1;1;1;1;6;407;OWENS JAMES;R;2093456;5531981;974
201500058041;15;8;9;1515;1;1;1;1;6;407;VOIE DE LIAISON PORTUAIR;R;2093457;5531748;974
201500058042;15;8;20;745;1;1;1;1;2;407;ROND POINT SACRE COEUR;R;2095606;5531182;974
201500058043;15;8;21;745;1;2;3;1;3;407;MASCAREIGNES(BOULEVARD);R;2093350;5530884;974
201500058044;15;8;23;1945;5;2;4;1;3;407;DE GAULLE(RUE);R;2094171;5529626;974
201500058045;15;8;29;1330;1;2;1;1;6;407;MARINE(BOULEVARD);R;2095083;5529064;974
201500058046;15;9;4;145;5;1;1;1;6;407;OWENS JAMES;R;0;0;974
201500058047;15;9;7;1550;1;2;1;1;6;407;11, VERGES(AVENUE);R;2093946;5530356;974
201500058048;15;9;7;1945;3;1;1;1;6;407;BD DE LA COMPAGNIE DES I;R;2093011;5530418;974
201500058049;15;9;9;1310;1;2;1;1;6;407;VOIE DE LIAISON PORTUAIR;R;0;0;974
201500058050;15;9;10;1020;1;1;1;1;3;407;CARPAYE(AVENUE);R;0;0;974
201500058051;15;9;14;1740;1;1;1;1;2;407;ROUTE NATIONALE N° 1;R;2095748;5529402;974
201500058052;15;9;21;540;2;1;1;1;1;407;MARINE(BOULEVARD);R;2094661;5528217;974
201500058053;15;9;25;1220;1;2;7;1;6;407;14 JUILLET 1789(AVENUE D;R;0;0;974
201500058054;15;10;4;300;5;2;1;1;2;407;BD DE LA COMPAGNIE DES I;R;0;0;974
201500058055;15;10;18;1755;2;1;1;1;6;407;TAMATAVE (BOULEVARD);R;0;0;974
201500058056;15;10;21;2040;3;1;1;1;6;407;ROUTE NATIONALE N° 1;R;0;0;974
201500058057;15;10;23;1945;5;2;2;1;3;407;FERRY (RUE);R;2093510;5529883;974
201500058058;15;10;25;2000;3;1;1;1;6;407;OWENS JAMES;R;2092937;5532909;974
201500058059;15;11;4;745;1;2;1;2;1;407;19 MARS 1946(AVENUE DU);R;0;0;974
201500058060;15;11;5;1735;1;2;1;3;6;407;BOUVET (AVENUE);R;2095118;5529835;974
201500058061;15;11;11;1530;1;2;1;1;7;407;ROND POINT ROSE DES VENT;R;2094030;5530810;974
201500058062;15;11;21;600;1;2;8;1;1;407;CHERBOURG(RUE);R;2093858;5529672;974
201500058063;15;11;22;1805;1;1;1;1;7;407;ROND POINT TAMATAVE;R;2093018;5530958;974
201500058064;15;11;20;1730;2;2;1;1;7;407;OWENS JAMES;R;2093457;5531986;974
201500058065;15;11;23;1615;1;2;1;1;6;407;COMMUNE DE PARIS (AVENUE;R;0;0;974
201500058066;15;11;28;1630;1;1;1;1;7;407;ROUTE NATIONALE N° 1;R;2095678;5531000;974
201500058067;15;11;30;1125;1;2;1;1;6;407;RENAUDIERE DE VAUX(RUE);R;2093583;5529095;974
201500058068;15;11;30;1730;1;2;1;1;3;407;JACQUES DUCLOS (RUE) - R;R;0;5518599;974
201500058069;15;12;1;1615;1;2;1;1;6;407;ROND POINT DE LA GLACIER;R;2093354;5529295;974
201500058070;15;12;2;1245;1;1;1;1;7;407;ROUTE NATIONALE Nш 1;R;0;5518335;974
201500058071;15;12;4;730;1;1;1;1;6;407;VERGES(AVENUE);R;2094013;5530629;974
201500058072;15;12;7;1200;1;2;1;1;2;407;COMPAGNIE DES INDES (BD;R;0;5519003;974
201500058073;15;12;8;1310;1;2;1;1;3;407;08 MARS(RUE DU);R;0;0;974
201500058074;15;12;13;1240;1;2;1;1;3;407;JACQUES PREVERT (RUE) RI;R;0;0;974
201500058075;15;12;14;900;1;1;1;1;2;407;ROUTE NATIONALE Nш 1;R;2095841;5530928;974
201500058076;15;12;25;740;1;1;1;1;6;407;SOURCE DENISE (RUE DE LA;R;2096088;5531493;974
201500058077;15;12;24;1600;1;2;1;1;1;407;BELLA KUN (RUE) - RIV. D;R;2096238;5531760;974
201500058078;15;12;29;1430;1;1;1;1;6;407;ROUTE NATIONALE Nш 1;R;0;5518512;974
201500058079;15;1;10;520;2;1;1;1;7;409;RN2 SENS STE SUZANNE ST;R;0;0;974
201500058080;15;4;4;1115;1;1;1;1;3;409;204, Grand Canal ( chemi;R;2095565;5568766;974
201500058081;15;1;11;420;2;1;1;1;7;409;700, BEL OMBRE (chemin);R;2094238;5567995;974
201500058082;15;4;8;1000;1;1;1;1;3;409;00, CHAMP BORNE (ROUTE D;R;2094385;5568148;974
201500058083;15;11;22;2030;5;2;4;4;6;409;11600, Grand Canal ( che;R;2095567;5568764;974
201500058084;15;1;11;1340;1;1;1;2;7;409;Salazie (route de);R;0;0;974
201500058085;15;4;9;1315;1;2;1;1;6;409;279/281, DE LA GARE(RUE);R;2095805;5564981;974
201500058086;15;1;12;1750;1;1;1;2;2;409;1163, FANTAISIE (CHEMIN);R;2094238;5529717;974
201500058087;15;4;10;715;1;2;1;1;7;409;159, CAMBUSTON (rue de);R;0;0;974
201500058088;15;1;13;2030;5;1;1;1;7;409;195, FOURCHON (chemin);R;2095153;5568453;974
201500058089;15;4;11;345;5;2;1;1;6;409;00, DU LYCEE(RUE);R;0;0;974
201500058090;15;1;16;1220;1;1;1;1;7;409;2356, PATELIN (chemin);R;2097301;5568603;974
201500058091;15;4;17;1915;5;2;2;1;3;409;DE LA REPUBLIQUE(AVENUE);R;2096192;5565669;974
201500058092;15;1;17;1955;3;1;1;2;7;409;00, Salazie (route de);R;0;0;974
201500058093;15;4;19;1740;1;1;1;1;3;409;00, PATELIN (chemin);R;2097330;5568141;974
201500058094;15;1;22;1540;1;1;1;1;3;409;210, COLOSSE (route du);R;2093631;5567178;974
201500058095;15;4;19;2150;5;1;1;2;7;409;780, Rio (chemin);R;2095270;5566881;974
201500058096;15;1;24;1725;1;2;3;1;3;409;Ravine creuse (chemin);R;2096470;5566504;974
201500058097;15;5;4;1440;1;1;1;1;3;409;00, DE LA COMMUNAUTE(RUE;R;0;0;974
201500058098;15;1;24;1920;2;1;1;1;1;409;402, BRAS DES CHEVRETTES;R;2096259;5562553;974
201500058099;15;5;15;2230;5;1;1;1;1;409;1002/1016, LAGOURGUE(CHE;R;2095220;5565714;974
201500058100;15;2;2;2025;3;1;1;1;7;409;292, PATELIN (chemin);R;2097151;5566701;974
201500058101;15;5;19;1145;1;1;1;1;7;409;7, DES COCOS(ALLEE);R;2095536;5565049;974
201500058102;15;2;5;835;1;1;1;2;2;409;RN2 SENS ST BENOIT ST DE;R;0;0;974
201500058103;15;5;26;630;2;1;1;1;3;409;00, Salazie (route de);R;0;0;974
201500058104;15;2;6;1125;1;1;1;1;7;409;00, Ravine creuse (chemi;R;0;0;974
201500058105;15;5;26;730;1;2;1;1;6;409;306, CRESSONNIERE (rue d;R;2096884;5565702;974
201500058106;15;2;6;2045;3;1;1;2;7;409;553, ROCADE SUD(RUE);R;2097126;5565295;974