num_acc;an;mois;jour;hrmn;lum;agg;int;atm;col;com;adr;gps;lat;long;dep
201500058107;15;6;5;1600;1;1;1;1;6;409;00, RN2 SENS STE SUZANNE;R;2094306;5564834;974
201500058108;15;2;7;1255;1;1;1;2;7;409;RN2 SENS STE SUZANNE ST;R;2094294;5564835;974
201500058109;15;6;23;640;2;2;1;1;6;409;100, PENTE SASSY (chemin;R;2096521;5565923;974
201500058110;15;2;7;1340;1;1;1;2;7;409;RN2 SENS STE SUZANNE ST;R;0;0;974
201500058111;15;6;25;850;1;1;9;1;3;409;LAGOURGUE(CHEMIN);R;2095014;5565976;974
201500058112;15;2;7;1430;1;1;1;2;7;409;00, RN2 SENS STE SUZANNE;R;0;0;974
201500058113;15;7;15;900;1;1;1;1;1;409;DE LA GARE(RUE);R;2096011;5565439;974
201500058114;15;2;10;2030;3;1;3;1;3;409;00, DU CENTRE(CHEMIN);R;2094817;5565743;974
201500058115;15;8;15;1350;1;2;3;1;3;409;MASCAREIGNES (Avenue des;R;2094024;5564719;974
201500058116;15;10;1;830;1;2;1;1;6;409;66, DU STADE(RUE);R;2095622;5564875;974
201500058117;15;2;16;1720;1;1;1;1;7;409;00, DE LA COMMUNAUTE(RUE;R;0;0;974
201500058118;15;10;7;720;1;2;1;1;3;409;837, ROCADE SUD(RUE);R;0;0;974
201500058119;15;2;20;1600;1;1;3;1;2;409;00, ILE DE FRANCE(AVENUE;R;2095475;5564918;974
201500058120;15;10;10;2020;3;2;1;1;1;409;130, LEBON(RUE);R;2096584;5565020;974
201500058121;15;2;21;1900;5;2;1;1;6;409;Salazie (route de);R;2100101;5559234;974
201500058122;15;10;18;1050;1;2;2;1;3;409;ROCADE SUD(RUE);R;2097267;5565182;974
201500058123;15;2;28;920;1;2;1;1;7;409;DE LA REPUBLIQUE(AVENUE);R;2096181;5565269;974
201500058124;15;3;18;2110;3;1;1;3;7;409;RN2 SENS STE SUZANNE ST;R;2095142;5565543;974
201500058125;15;3;26;805;1;1;1;1;2;409;750, DE LA GARE(RUE);R;2096122;5565611;974
201500058126;15;10;30;2010;5;2;4;4;1;409;0131 BEL OMBRE (chemin);R;2093400;5565971;974
201500058127;15;3;28;1335;1;1;1;1;7;409;234, PENTE SASSY (chemin;R;2096546;5565881;974
201500058128;15;11;6;1030;1;1;2;8;3;409;00, RES DES LONGANIS;R;2097290;5565689;974
201500058129;15;11;13;1030;1;2;1;1;6;409;49, MELODIUM(RUE);R;2095916;5565240;974
201500058130;15;8;30;1340;1;2;1;1;2;409;RN2 SENS ST BENOIT ST DE;R;2096188;5565753;974
201500058131;15;11;28;1920;1;1;1;1;6;409;125, DU CENTRE(CHEMIN);R;2094048;5564815;974
201500058132;15;12;16;1245;1;2;4;4;6;409;016AGENOR (chemin);R;2094812;5568463;974
201500058133;15;9;29;2005;5;2;1;1;7;409;00, DE BOURBON(AVENUE);R;0;0;974
201500058134;15;1;16;1330;1;2;1;1;7;409;690 rue des longanis;R;2093858;5529672;974
201500058135;15;1;2;1545;1;2;1;1;3;411;CAMELIAS (RUE DES);R;2089452;5546283;974
201500058136;15;12;25;605;2;2;1;1;6;411;62, CHAUDRON  (BLD 1 DU);R;2089712;5549632;974
201500058137;15;1;5;825;1;1;1;1;5;411;LITTORAL (ROUTE 1 DU);R;2087604;5544408;974
201500058138;15;4;8;1357;1;1;4;1;3;411;TOPAZES(ALLEE DES);R;2090299;5544288;974
201500058139;15;4;10;40;5;2;2;1;3;411;00, MAC AULIFFE (RUE VIC;R;2087710;5545372;974
201500058140;15;1;10;1700;1;2;6;2;7;411;RIVIERE DES PLUIES (ROUT;R;0;0;974
201500058141;15;4;11;1015;1;2;2;1;3;411;73, GAULLE (DU GENERAL D;R;2088561;5545421;974
201500058142;15;4;12;2010;5;2;1;1;6;411;LORY LES HAUTS (RUE);R;2089496;5548172;974
201500058143;15;1;19;310;5;1;1;2;7;411;VINH-SAN (BLD 4 DU PRINC;R;0;0;974
201500058144;15;4;18;1030;1;2;1;2;6;411;131 TERS, ANANAS (ROUTE;R;2091736;5547797;974
201500058145;15;4;18;1130;1;2;1;8;6;411;16, BRASSENS (AVENUE GEO;R;2090284;5548111;974
201500058146;15;1;26;1230;1;2;3;1;3;411;COUVENT (RUE DU);R;2088937;5545068;974
201500058147;15;1;30;620;1;2;1;1;3;411;01, RAMBAUD (LEOPOLD);R;2088564;5547159;974
201500058148;15;5;6;1845;5;2;4;1;4;411;CHAUDRON  (BLD 1 DU);R;2089870;5549648;974
201500058149;15;1;30;855;1;2;2;1;3;411;PARIS (RUE DE);R;2088214;5544979;974
201500058150;15;5;8;1130;1;1;1;1;2;411;JAURES (BLD 1 JEAN);R;2088977;5546137;974
201500058151;15;2;1;2125;5;2;1;1;7;411;LANCASTEL (BOULEVARD);R;0;0;974
201500058152;15;2;5;1220;1;2;1;1;3;411;JAURES (BOULEVARD JEAN);R;0;0;974
201500058153;15;5;11;1846;4;2;1;1;6;411;JAURES (BLD 1 JEAN);R;2088995;5546183;974
201500058154;15;2;12;300;5;2;1;2;6;411;LANCASTEL (BOULEVARD);R;2088301;5546478;974
201500058155;15;5;14;1820;5;2;9;9;6;411;31, HOARAU (RUE MARCEL);R;2090193;5549214;974
201500058156;15;2;12;2315;5;2;1;1;1;411;TOPAZES(ALLEE DES);R;2089504;5544211;974
201500058157;15;4;3;830;1;2;1;1;3;411;MACE (ROUTE GABRIEL);R;2092303;5549483;974
201500058158;15;2;15;1630;1;2;2;1;6;411;JACOB;R;0;0;974
201500058159;15;5;26;1120;1;2;2;1;3;411;175, CHATEL (JEAN);R;2088357;5545168;974
201500058160;15;5;20;1922;3;2;1;1;3;411;2, DIGUE (ROUTE);R;2088788;5547212;974
201500058161;15;5;30;2200;5;2;2;1;3;411;5, VICTOIRE (AVENUE DE L;R;2087484;5544714;974
201500058162;15;2;21;120;3;2;1;1;3;411;LECLERC (DU MARECHAL);R;2088041;5545738;974
201500058163;15;5;31;2340;5;1;1;6;6;411;VINH-SAN (BLD 1 DU PRINC;R;0;0;974
201500058164;15;2;24;1715;1;2;1;1;6;411;CHATELAN (FRANCOIS);R;2089452;5548759;974
201500058165;15;5;31;2015;5;2;1;1;6;411;JAURES (BLD 1 JEAN);R;2088935;5545102;974
201500058166;15;6;7;35;5;2;1;1;6;411;RN2/111;R;0;0;974
201500058167;15;3;7;1030;1;2;1;1;6;411;1, LYCEE (RUE DU);R;2090829;5548492;974
201500058168;15;6;6;1330;1;1;1;1;6;411;BOIS DE CAMPHRE (CHEMIN;R;2092747;5547799;974
201500058169;15;3;13;2205;5;2;1;1;1;411;LECONTE DE LISLE (AVENUE;R;2089370;5548563;974
201500058170;15;6;10;2020;3;2;1;1;6;411;CHAUDRON (BLD 2 DU);R;2089456;5549374;974
201500058171;15;3;14;1635;1;2;1;1;6;411;SOURCE (RUE DE LA);R;0;0;974
201500058172;15;3;20;2215;5;2;2;1;1;411;LECLERC (DU MARECHAL);R;;;974
201500058173;15;6;16;1650;1;2;1;1;3;411;BOIS DE NEFLES (ROUTE DE;R;2089841;5547524;974
201500058174;15;6;4;2155;5;2;1;1;3;411;216, JAURES (BLD 1 JEAN);R;;;974
201500058175;15;6;28;1820;1;2;3;1;3;411;BERTHO (RUE JEAN);R;2089224;5548837;974
201500058176;15;7;1;1223;1;2;1;1;2;411;RN2/043;R;0;0;974
201500058177;15;7;10;550;5;2;1;1;3;411;38 TER, GIBERT DES MOLIE;R;2088888;5544532;974
201500058178;15;4;4;52;5;2;1;1;2;411;1, LANCASTEL (BOULEVARD);R;2088227;5546374;974
201500058179;15;7;28;1500;1;2;1;1;1;411;SCHOELCHER (RUE VICTOR);R;2089853;5549824;974
201500058180;15;7;21;2000;5;2;1;1;4;411;39, HOARAU (RUE MARCEL);R;2089928;5549184;974
201500058181;15;8;4;905;1;2;1;1;6;411;MONTHYON (RUE);R;0;0;974
201500058182;15;8;1;1120;1;2;3;1;3;411;BANCOUL (CHEMIN);R;2090930;5548027;974
201500058183;15;8;4;1015;1;2;1;1;2;411;RIVIERE DES PLUIES (ROUT;R;0;0;974
201500058184;15;8;9;905;1;2;1;1;6;411;35, TOPAZES(ALLEE DES);R;2089134;5544542;974
201500058185;15;8;10;1350;1;2;1;1;6;411;JAURES (BOULEVARD JEAN);R;2090085;5548778;974
201500058186;15;7;30;1645;1;2;1;1;7;411;MONDON (RUE MONSEIGNEUR);R;2089265;5546072;974
201500058187;15;8;16;1340;1;2;1;1;6;411;JAURES (BOULEVARD JEAN);R;2088863;5544908;974
201500058188;15;8;18;955;1;2;1;1;6;411;35, PROVIDENCE (BOULEVAR;R;2089401;5545726;974
201500058189;15;8;24;815;1;2;2;1;3;411;MAGNAN (RUELLE);R;2088673;5546783;974
201500058190;15;9;1;1027;1;2;2;1;6;411;MONTREUIL (RUE);R;2088254;5545751;974
201500058191;15;9;4;1330;1;2;2;1;7;411;JAURES (BLD 1 JEAN);R;2088989;5545297;974
201500058192;15;9;23;1100;1;1;3;1;6;411;AUBERT (RUE PIERRE);R;2089182;5549549;974
201500058193;15;9;22;1030;1;2;1;1;3;411;BRASSENS (AVENUE GEORGES;R;2090295;5548806;974
201500058194;15;9;28;1015;1;2;1;1;6;411;BOSQUET (RUE DU);R;2090574;5548391;974
201500058195;15;10;4;715;1;1;1;1;6;411;LITTORAL (ROUTE 2 DU);R;0;0;974
201500058196;15;10;5;630;1;2;1;1;6;411;1, BOIS DE NEFLES (RUE D;R;0;0;974
201500058197;15;10;4;730;1;1;1;1;4;411;LITTORAL (ROUTE 2 DU);R;0;0;974
201500058198;15;10;9;620;1;2;2;1;3;411;WETZELL (RUE JOSEPH);R;2090324;5549997;974
201500058199;15;10;11;2025;5;2;2;1;3;411;OLIVIER (RUE JULES);R;2087980;5545450;974
201500058200;15;10;14;1930;5;2;2;1;3;411;JAURES (BOULEVARD JEAN);R;2088866;5544886;974
201500058201;15;10;15;1915;5;2;1;1;1;411;17 bis, VIGIE (CHEMIN DE;R;2088269;5543248;974
201500058202;15;10;23;1910;5;2;1;1;6;411;OCEAN (BOULEVARD DE L');R;2088110;5545717;974
201500058203;15;11;19;1525;1;2;3;1;3;411;REPUBLIQUE (RUE DE LA);R;2087812;5544576;974
201500058204;15;11;28;1140;1;2;1;1;6;411;JAURES (BOULEVARD JEAN);R;0;5547083;974
201500058205;15;11;26;2345;3;2;1;1;6;411;36, FURCREAS (CHEMIN DES;R;2090360;5540720;974
201500058206;15;12;2;945;1;2;2;1;6;411;RUISSEAU DES NOIRS (RUE);R;2089147;5545277;974
201500058207;15;12;11;2020;3;1;1;1;1;411;ANANAS (ROUTE DES);R;2091687;5547804;974
201500058208;15;12;5;210;5;2;2;1;3;411;CHATEL (JEAN);R;0;0;974
201500058209;15;12;12;1400;1;2;3;1;2;411;WAGNER (AVENUE RICHARD);R;2089764;5548346;974
201500058210;15;12;14;1455;1;2;3;2;3;411;RIVIERE DES PLUIES (ROUT;R;2090235;5550283;974
201500058211;15;1;1;200;3;1;1;1;7;416;SANS, ENTRE DEUX (CHEMIN;R;0;0;974
201500058212;15;11;30;740;1;2;2;1;3;416;EGLISE  (RUE DE L');R;2128772;5547117;974
201500058213;15;4;1;1730;1;2;1;1;6;416;VIGOUREUX(RUE VICTOR LE);R;0;5528235;974
201500058214;15;1;2;1810;2;1;1;1;7;416;RN1 (ROUTE NATIONALE);R;0;0;974
201500058215;15;4;2;810;1;2;1;1;6;416;5, LEBLOND 1 (RUE MARIUS;R;2133904;5547936;974
201500058216;15;1;5;830;1;2;1;1;4;416;SANS, ARTISANS (ALLEE DE;R;2132029;5547606;974
201500058217;15;4;3;1525;1;2;1;1;1;416;LIGNE DES BAMBOUS(ROUTE);R;2130190;5549336;974
201500058218;15;1;7;1455;1;2;2;1;7;416;SANS, LE VIGOUREUX (RUE;R;2133780;5547496;974
201500058219;15;4;8;830;1;1;1;1;2;416;RN1;R;0;0;974
201500058220;15;1;13;2141;3;1;1;1;7;416;RN3 (1);R;0;0;974
201500058221;15;4;9;2015;5;2;3;1;3;416;37, PERE MAITRE(RUE DU);R;2128536;5546845;974
201500058222;15;1;16;1130;5;2;1;1;7;416;SANS, MITTERAND (AVENUE;R;2134707;5549091;974
201500058223;15;11;10;1715;1;1;1;1;6;416;260, ANTOINE PICARD(CHEM;R;2119000;5531999;974
201500058224;15;4;9;2020;4;2;1;1;1;416;73, PIOR (RUE HYPOLITTE);R;2129730;5545118;974
201500058225;15;1;16;1230;1;1;1;1;1;416;274, KM3 (CHEMIN);R;0;0;974
201500058226;15;4;10;1624;1;2;1;1;6;416;25, RECHERCHANT (RUE ADR;R;2128326;5547711;974
201500058227;15;1;17;950;1;2;3;1;3;416;SANS, CHEMINEE (ALLEE  D;R;2132576;5547692;974
201500058228;15;11;29;1820;2;2;2;1;3;416;100, FOUR A CHAUX 2 (RUE;R;2134071;5546908;974
201500058229;15;4;10;1740;1;1;1;1;3;416;ANCIENNE RN2;R;2133554;5548781;974
201500058230;15;1;19;1418;1;2;3;1;3;416;SANS, LEBLOND 1 (RUE MAR;R;2133683;5547161;974
201500058231;15;4;12;1535;1;2;1;1;3;416;, D28 LIGNE DES BAMBOUS;R;0;0;974
201500058232;15;1;20;745;1;2;1;1;3;416;SANS, DE LA ZONE(ALLEE);R;2131826;5547331;974
201500058233;15;4;12;1855;2;2;1;1;6;416;6, CHEMINEE (ALLEE  DE L;R;2132511;5547605;974
201500058234;15;1;23;2330;3;1;1;1;1;416;SANS, KM3 (CHEMIN);R;0;0;974
201500058235;15;4;14;1710;1;2;1;1;6;416;54, LIGNE PARADIS(ROUTE;R;2131324;5547544;974
201500058236;15;1;25;1940;5;2;2;1;3;416;SANS, FOUR A CHAUX 1 (RU;R;2134173;5547244;974
201500058237;15;4;16;100;3;1;1;1;2;416;ANCIENNE RN2 (2);R;2135466;5551403;974
201500058238;15;1;30;2155;5;2;1;1;7;416;204, GENERAL DE GAULLE(A;R;2129251;5546988;974
201500058239;15;11;26;50;5;2;2;1;3;416;LEBLOND 1 (RUE MARIUS ET;R;2133810;5547609;974
201500058240;15;4;16;800;2;2;3;1;3;416;10, MAURICE THOREZ(CH);R;2127690;5547026;974
201500058241;15;11;28;455;2;1;1;1;2;416;RN3 (1);R;;;974
201500058242;15;1;31;1410;1;1;1;1;3;416;RN1 (ROUTE NATIONALE);R;0;0;974
201500058243;15;4;16;1125;1;1;1;1;7;416;RN1 (ROUTE NATIONALE);R;2135466;5551403;974
201500058244;15;11;20;1305;1;1;1;1;3;416;RN2 (1);R;2120591;5530139;974
201500058245;15;2;1;410;3;1;1;1;7;416;ANCIENNE RN 1;R;0;0;974
201500058246;15;4;18;1726;1;2;1;1;6;416;30, FOUR A CHAUX 2 (RUE;R;2134249;5547532;974
201500058247;15;11;8;2255;3;1;1;1;7;416;141, BASSIN PLAT(CHEMIN);R;2134109;5551273;974
201500058248;15;2;2;35;5;2;1;1;7;416;33, DELISLES (ROUTE HUBE;R;2134355;5547089;974
201500058249;15;4;19;2140;3;2;1;1;1;416;ANCIENNE RN2;R;2133309;5548228;974
201500058250;15;2;2;635;2;2;1;1;2;416;SANS, GENERAL DE GAULLE;R;0;0;974
201500058251;15;4;21;805;1;2;1;1;3;416;ANCIENNE RN2;R;0;5529038;974
201500058252;15;2;6;2150;3;1;2;1;1;416;SANS, BOEUF (CHEMIN) (1);R;2129430;5546026;974
201500058253;15;4;21;800;1;2;1;1;1;416;ARCHAMBAUD (RUE);R;0;5528572;974
201500058254;15;11;7;1900;2;2;1;1;6;416;27, DIAGONAL (CHEMIN) (1;R;0;5528162;974
201500058255;15;2;7;630;2;1;1;1;7;416;RN3 (3);R;2133117;5545609;974
201500058256;15;4;22;1210;1;1;1;1;3;416;BASSIN PLAT(CHEMIN);R;2132465;5544716;974
201500058257;15;9;4;1755;2;2;1;1;6;416;30, GENERAL DE GAULLE(AV;R;0;5530415;974
201500058258;15;2;8;340;3;1;1;1;7;416;RN1;R;0;0;974
201500058259;15;4;22;1410;1;2;3;1;3;416;CROIX DE JUBILE (CHEMIN;R;2134323;5548673;974
201500058260;15;9;24;1110;1;2;1;1;6;416;10, BANK (BOULEVARD);R;0;5528296;974
201500058261;15;2;8;2347;3;1;1;1;7;416;RN3 (1);R;0;0;974
201500058262;15;4;22;1900;3;1;1;1;2;416;RN1;R;0;0;974
201500058263;15;9;26;315;3;1;1;1;1;416;RN1 (ROUTE NATIONALE);R;0;0;974
201500058264;15;2;9;1150;1;2;3;1;6;416;SANS, SAINT EXPEDIT(RUE);R;2134557;5548367;974
201500058265;15;4;23;805;1;2;1;1;2;416;AUGUSTIN ARCHAMBAUD(RUE);R;2132419;5548673;974
201500058266;15;11;11;1810;2;2;1;1;6;416;50, HUBERT DE LISLE(BOUL;R;2134354;5547051;974
201500058267;15;2;9;1945;5;2;1;1;7;416;76, HIPPOLYTE  PIOT (RUE;R;2129739;5545206;974
201500058268;15;5;7;1900;2;1;1;1;4;416;RN1(BRETELLE ACCES);R;2132803;5545193;974
201500058269;15;11;9;1722;1;1;1;1;3;416;81, ENTRE DEUX (CHEMIN);R;2129697;5544049;974
201500058270;15;2;12;825;2;1;1;1;2;416;9, BENARD (CHEMIN ANACLE;R;2128944;5547834;974
201500058271;15;5;7;1810;2;1;1;1;4;416;RN3 (3);R;0;5529242;974
201500058272;15;2;12;855;1;1;1;1;2;416;SANS, TROIS MARRE (CHEMI;R;2129618;5544764;974
201500058273;15;5;16;2155;3;1;1;1;2;405;RN2 (1);R;0;0;974
201500058274;15;2;12;1215;1;1;3;1;3;416;SANS, DIAGONAL (CHEMIN);R;2129593;5547191;974
201500058275;15;5;8;155;5;2;3;1;3;416;10, MAHY (RUE FRANCOIS D;R;2133811;5547609;974
201500058276;15;11;10;1800;2;2;1;1;7;416;1, ALBANY (RUE JEAN);R;2133865;5546510;974
201500058277;15;2;12;1340;1;2;1;1;7;416;SANS, GENERAL DE GAULLE;R;0;0;974
201500058278;15;5;9;1817;2;1;1;2;2;416;RN3 (1);R;2133055;5546861;974
201500058279;15;12;20;1640;1;2;1;1;6;416;40, GENERAL DE GAULLE(AV;R;2135381;5551227;974
201500058280;15;2;13;1640;1;2;1;1;2;416;SANS, PRESIDENT MITTERAN;R;0;0;974
201500058281;15;5;9;2035;3;1;1;2;6;416;RN1;R;2133126;5545601;974
201500058282;15;12;10;215;5;2;2;1;3;416;49, ISAUTIER (RUE FRANCO;R;2133745;5547383;974
201500058283;15;2;17;1345;1;2;1;1;7;416;SANS, DAMBREVILLE (RUE);R;0;0;974
201500058284;15;5;11;1100;1;2;1;1;6;416;50, LORION(RUE LUC);R;2133608;5547049;974
201500058285;15;2;17;2349;3;1;1;1;7;416;RN3 (1);R;0;0;974
201500058286;15;5;13;1620;1;2;1;1;2;416;30, L'ENTRE DEUX(ROUTE D;R;2129601;5544407;974
201500058287;15;2;18;1925;3;2;2;1;1;416;SANS, COLARDEAU (CHEMIN;R;0;0;974
201500058288;15;5;15;1840;1;1;1;1;3;416;40, OCEANITES (AVENUE DE;R;2132753;5547061;974
201500058289;15;11;9;50;3;1;1;1;6;416;RN3 (3);R;0;5529509;974
201500058290;15;2;20;1210;1;1;1;1;2;416;RN2 (1);R;0;0;974
201500058291;15;5;16;1445;1;2;1;1;1;416;26, ROLLAND GARROS (CHEM;R;2133700;5551833;974
201500058292;15;12;11;1940;5;2;1;1;6;416;12, JEAN XXIII (RUE);R;2134181;5548201;974
201500058293;15;2;20;1616;1;2;3;1;7;416;SANS, BABET (RUE AUGUSTE;R;0;0;974
201500058294;15;5;18;620;2;1;1;1;1;416;65, STEPHANE (CHEMIN);R;2126340;5548394;974
201500058295;15;2;23;1810;2;2;1;1;2;416;RN3 (2);R;0;0;974
201500058296;15;5;20;1725;1;2;1;1;6;416;70, LEBLOND 1 (RUE MARIU;R;2133510;5546491;974
201500058297;15;2;23;2020;5;2;1;1;1;416;SANS, CHATEAU D'EAU (CHE;R;0;0;974
201500058298;15;5;21;1300;1;2;3;1;3;416;30, JOSEPH HUBERT(RUE);R;2133236;5547362;974
201500058299;15;2;24;1615;1;1;1;1;3;416;SANS, DE LA ZONE(ALLEE);R;0;0;974
201500058300;15;5;22;1530;1;2;3;1;3;416;46, ARCHAMBAUD (RUE);R;2133030;5547947;974
201500058301;15;2;25;30;5;2;2;1;3;416;SANS, FOUR A CHAUX 1 (RU;R;0;0;974
201500058302;15;5;22;1643;1;2;3;1;6;416;22, FOUR A CHAUX(RUE DU);R;2134099;5547025;974
201500058303;15;2;27;810;1;1;1;1;4;416;RN3 (1);R;0;0;974
201500058304;15;5;22;2200;3;1;3;1;1;416;ANCIENNE RN 1;R;0;5526295;974
201500058305;15;2;28;135;3;1;1;1;1;416;37, BADAMIER (CHEMIN);R;0;0;974
201500058306;15;5;30;245;3;1;1;1;4;416;RN1 (ROUTE NATIONALE);R;0;0;974
201500058307;15;3;3;830;1;2;1;1;7;416;SANS, LIGNE PARADIS(ROUT;R;0;0;974
201500058308;15;5;30;1425;1;2;3;1;3;416;30, SAUVEUR (CHEMIN SAIN;R;2128919;5550744;974
201500058309;15;3;6;1415;1;2;1;1;3;416;SANS, BANK (BOULEVARD);R;2133146;5547742;974
201500058310;15;6;1;915;1;1;1;1;3;416;RN3 (2);R;2132244;5548711;974
201500058311;15;6;1;1945;2;2;3;1;1;416;45, SALETTE (CHEMIN DE L;R;2132950;5547399;974
201500058312;15;3;11;2255;5;2;1;1;7;416;RN1;R;0;0;974
201500058313;15;6;2;1330;1;2;1;1;6;416;50, HIPPOLYTE  PIOT (RUE;R;2129910;5545455;974
201500058314;15;3;13;840;1;1;1;1;7;416;404, STEPHANE (CHEMIN);R;2128170;5548063;974
201500058315;15;6;3;808;1;2;1;1;2;416;70, PRESIDENT MITTERAND(;R;2134439;5548330;974
201500058316;15;3;13;2017;3;1;1;1;5;416;536, STEPHANE (CHEMIN);R;0;0;974
201500058317;15;6;5;1850;2;1;1;1;2;416;RN3 (2);R;2131256;5549522;974
201500058318;15;3;15;610;2;2;1;1;7;416;SANS, LORION (RUE LUC);R;2133413;5547118;974
201500058319;15;6;7;1830;2;1;1;1;6;416;RN1;R;0;5527302;974
201500058320;15;3;17;1215;1;2;3;1;1;416;SANS, ISAUTIER (AVENUE C;R;2131486;5545469;974
201500058321;15;6;11;1500;1;2;1;1;6;416;45, CONCESSION CONDE(CHE;R;2129916;5549664;974
201500058322;15;6;14;130;3;1;1;1;6;416;50, ENTRE DEUX (CHEMIN);R;2129634;5544138;974
201500058323;15;3;18;1735;1;2;2;1;7;416;SANS, PRESBYTERE (RUE DU;R;2133504;5547345;974
201500058324;15;3;19;1015;1;1;1;1;1;416;480, BOISSY(CHEMIN);R;2131127;5553928;974
201500058325;15;6;16;1625;1;1;1;1;4;416;RN1 (ROUTE NATIONALE);R;2129405;5541501;974
201500058326;15;6;18;1040;1;2;1;1;6;416;14, SCHOELCHER (RUE VICT;R;2133230;5547559;974
201500058327;15;3;21;1245;1;1;1;1;7;416;RN3 (1);R;0;0;974
201500058328;15;3;22;51;3;2;1;1;6;416;151, BADAMIER (CHEMIN);R;2130340;5546019;974
201500058329;15;6;20;2240;3;1;1;1;6;416;ANCIENNE RN 1;R;2130580;5542754;974
201500058330;15;6;23;1720;1;2;1;1;6;416;10, BABET (RUE AUGUSTE);R;2134111;5547872;974
201500058331;15;3;22;1800;2;2;1;1;3;416;SANS, DE LA SALETTE(CHEM;R;0;0;974
201500058332;15;3;27;540;5;2;1;1;7;416;5, HOARAU (RUE PIERRE RA;R;0;0;974
201500058333;15;6;24;815;1;2;1;1;6;416;20, VILRIS(CHEMIN);R;2129811;5545128;974
201500058334;15;6;26;420;3;1;1;1;6;416;RN1(BRETELLE ACCES);R;2130501;5542897;974
201500058335;15;3;27;815;2;2;1;1;4;416;SANS, BABET (RUE A);R;0;0;974
201500058336;15;3;28;1655;1;2;1;1;2;416;SANS, LEGROS (CHEMIN PAU;R;0;0;974
201500058337;15;6;26;1335;1;1;1;1;6;416;RN3 (2);R;0;5529551;974
201500058338;15;3;29;600;2;1;1;1;7;416;SANS, ENTRE DEUX (CHEMIN;R;0;0;974
201500058339;15;7;1;1855;2;2;3;1;3;416;20, PAUL LEGROS(CHEMIN);R;2128921;5537510;974
201500058340;15;3;29;1450;1;2;1;1;3;416;SANS, DELISLES (ROUTE HU;R;0;0;974
201500058341;15;7;5;1625;1;2;3;1;6;416;30, ARAGOT (CHEMIN ANTOI;R;2132812;5547373;974
201500058342;15;6;3;1750;2;2;1;1;1;416;11, THEODORE THOMAS(RUE);R;2132466;5548227;974
201500058343;15;3;29;1740;1;2;1;1;7;416;44 BIS, CONCESSION CONDE;R;0;0;974
201500058344;15;7;7;2320;3;1;1;1;1;416;RN1 (ROUTE NATIONALE);R;2129882;5542086;974
201500058345;15;3;30;750;1;2;2;1;7;416;SANS, RECHERCHANT (RUE A;R;2128328;5547710;974
201500058346;15;7;30;311;3;1;1;1;2;416;RN1 (ROUTE NATIONALE);R;0;0;974
201500058347;15;3;30;905;1;1;1;1;2;416;RN2 (1);R;0;0;974
201500058348;15;7;5;2040;2;2;1;1;1;416;30, VERGES (AVENUE LAURE;R;2129836;5545733;974
201500058349;15;7;6;720;1;2;3;1;3;416;40, BASSIN PLAT(CHEMIN);R;2132719;5549361;974
201500058350;15;7;7;1715;1;1;1;1;6;416;RN1 (ROUTE NATIONALE);R;2129946;5542216;974
201500058351;15;7;8;940;1;1;1;1;6;416;RN3 (3);R;0;5529528;974
201500058352;15;7;9;1450;1;2;3;1;6;416;60, MITTERAND (AVENUE DU;R;2134700;5548967;974
201500058353;15;7;12;1525;1;2;1;1;6;416;361, GENERAL DE GAULLE(A;R;2136145;5553535;974
201500058354;15;7;13;1100;1;2;3;1;3;416;2, PRESBYTERE (RUE DU);R;2133700;5548013;974
201500058355;15;7;13;2355;3;1;1;1;1;416;RN1 (ROUTE NATIONALE);R;2132146;5544629;974
201500058356;15;7;14;930;1;2;1;1;6;416;107, ARCHAMBAUD (RUE);R;2133019;5547960;974
201500058357;15;7;16;1530;1;2;1;1;6;416;50, HIPPOLYTE  PIOT (RUE;R;2129920;5545469;974
201500058358;15;7;19;135;3;1;1;1;6;416;RN3 (1);R;;;974
201500058359;15;7;20;1410;1;2;1;1;6;416;131, AMIRAL LACAZE(RUE);R;2134831;5548216;974
201500058360;15;7;21;1610;1;2;1;1;2;416;80, LIGNE PARADIS(ROUTE;R;2131170;5547293;974
201500058361;15;7;22;1410;1;2;1;1;3;416;235, GENERAL DE GAULLE(A;R;0;5531255;974
201500058362;15;7;23;1040;1;2;1;1;2;416;23, HERMANN (RUE JULES);R;2132417;5548071;974
201500058363;15;7;24;930;1;2;1;1;6;416;25, HIPPOLYTE  PIOT (RUE;R;2129761;5545231;974
201500058364;15;7;26;915;1;2;1;1;1;416;185, RECHERCHANT(RUE ADR;R;0;5529028;974
201500058365;15;7;30;1830;1;2;1;1;7;416;, PRESBYTERE(RUE);R;2133446;5547159;974
201500058366;15;7;31;1850;2;2;1;1;2;416;45, BANK (BOULEVARD);R;2133065;5547478;974
201500058367;15;8;1;720;1;1;1;1;6;416;RN1(BRETELLE ACCES);R;2133041;5545557;974
201500058368;15;8;4;530;3;2;1;1;6;416;50, PERE MAITRE(RUE DU);R;2128564;5546875;974
201500058369;15;8;6;945;1;1;1;1;6;416;RN2 (1);R;0;0;974
201500058370;15;8;9;1930;2;2;1;1;1;416;100, L'ENTRE DEUX(ROUTE;R;0;0;974
201500058371;15;8;10;1055;1;1;1;1;6;416;RN1(BRETELLE ACCES);R;0;5527146;974
201500058372;15;8;10;1720;1;2;1;1;1;416;20, VERGES (AVENUE LAURE;R;2129869;5545617;974
201500058373;15;8;12;910;1;1;6;1;2;416;5, CD 26;R;2130398;5542909;974
201500058374;15;8;12;1640;1;1;1;1;4;416;RN1 (ROUTE NATIONALE);R;2132538;5544778;974